/workspace/codes/build/src/model-net-synthetic --sync=1 --traffic=2 --num_messages=4 --payload_size=262144 -- config.yaml 

Thu Aug  6 12:53:14 2026

ROSS Version: v8.1.0

tw_net_start: Found world size to be 1 
credit_size not specified, using default: 8
no credit_delay specified - all credit delays set to 1.42
Within-node eager limit (node_eager_limit) not specified, setting to 16000
NIC num injection port not specified, setting to 1
NIC seq delay not specified, setting to 10.000000
NIC num copy queues not specified, setting to 1

 Total nodes 1056 routers 264 groups 33 radix 16 
within node transfer per byte delay is 0.190476

ROSS Core Configuration: 
	Total PEs                                                    1
	Total KPs                                          [Nodes (1) x KPs (16)] 16
	Total LPs                                                 2376
	Simulation End Time                                432000000000000.00
	LP-to-PE Mapping                                   model defined


ROSS Event Memory Allocation:
	Model events                                            608257
	Network events                                              16
	Total events                                            608272

*** START SEQUENTIAL SIMULATION ***

Set num_servers per router 4, servers per injection queue per router 4, servers per node copy queue per node 1, num nics 4
*** END SIMULATION ***

server 0 recvd 1048576 bytes in 0.007180 seconds, 139.277640 MiB/s sent_count 4 recvd_count 4 local_count 4 
server 1 recvd 1048576 bytes in 0.007177 seconds, 139.329480 MiB/s sent_count 4 recvd_count 4 local_count 4 
server 2 recvd 1048576 bytes in 0.007175 seconds, 139.367244 MiB/s sent_count 4 recvd_count 4 local_count 4 
server 3 recvd 1048576 bytes in 0.007179 seconds, 139.302873 MiB/s sent_count 4 recvd_count 4 local_count 4 
server 9 recvd 1048576 bytes in 0.007179 seconds, 139.299528 MiB/s sent_count 4 recvd_count 4 local_count 4 
server 10 recvd 1048576 bytes in 0.007175 seconds, 139.373273 MiB/s sent_count 4 recvd_count 4 local_count 4 
server 11 recvd 1048576 bytes in 0.007180 seconds, 139.277629 MiB/s sent_count 4 recvd_count 4 local_count 4 
server 12 recvd 1048576 bytes in 0.007179 seconds, 139.287060 MiB/s sent_count 4 recvd_count 4 local_count 4 
server 18 recvd 1048576 bytes in 0.007176 seconds, 139.350478 MiB/s sent_count 4 recvd_count 4 local_count 4 
server 19 recvd 1048576 bytes in 0.007177 seconds, 139.334382 MiB/s sent_count 4 recvd_count 4 local_count 4 
server 20 recvd 1048576 bytes in 0.007179 seconds, 139.286694 MiB/s sent_count 4 recvd_count 4 local_count 4 
server 21 recvd 1048576 bytes in 0.007177 seconds, 139.327550 MiB/s sent_count 4 recvd_count 4 local_count 4 
server 27 recvd 1048576 bytes in 0.007177 seconds, 139.326151 MiB/s sent_count 4 recvd_count 4 local_count 4 
server 28 recvd 1048576 bytes in 0.007178 seconds, 139.312029 MiB/s sent_count 4 recvd_count 4 local_count 4 
server 29 recvd 1048576 bytes in 0.007179 seconds, 139.288271 MiB/s sent_count 4 recvd_count 4 local_count 4 
server 30 recvd 1048576 bytes in 0.007180 seconds, 139.276568 MiB/s sent_count 4 recvd_count 4 local_count 4 
server 36 recvd 1048576 bytes in 0.007176 seconds, 139.346044 MiB/s sent_count 4 recvd_count 4 local_count 4 
server 37 recvd 1048576 bytes in 0.007177 seconds, 139.329583 MiB/s sent_count 4 recvd_count 4 local_count 4 
server 38 recvd 1048576 bytes in 0.007176 seconds, 139.348688 MiB/s sent_count 4 recvd_count 4 local_count 4 
server 39 recvd 1048576 bytes in 0.007178 seconds, 139.318382 MiB/s sent_count 4 recvd_count 4 local_count 4 
server 45 recvd 1048576 bytes in 0.007178 seconds, 139.319844 MiB/s sent_count 4 recvd_count 4 local_count 4 
server 46 recvd 1048576 bytes in 0.007179 seconds, 139.299231 MiB/s sent_count 4 recvd_count 4 local_count 4 
server 47 recvd 1048576 bytes in 0.007174 seconds, 139.401705 MiB/s sent_count 4 recvd_count 4 local_count 4 
server 48 recvd 1048576 bytes in 0.007174 seconds, 139.389512 MiB/s sent_count 4 recvd_count 4 local_count 4 
server 54 recvd 1048576 bytes in 0.007179 seconds, 139.299413 MiB/s sent_count 4 recvd_count 4 local_count 4 
server 55 recvd 1048576 bytes in 0.007180 seconds, 139.277958 MiB/s sent_count 4 recvd_count 4 local_count 4 
server 56 recvd 1048576 bytes in 0.007178 seconds, 139.308694 MiB/s sent_count 4 recvd_count 4 local_count 4 
server 57 recvd 1048576 bytes in 0.007177 seconds, 139.331115 MiB/s sent_count 4 recvd_count 4 local_count 4 
server 63 recvd 1048576 bytes in 0.007177 seconds, 139.336307 MiB/s sent_count 4 recvd_count 4 local_count 4 
server 64 recvd 1048576 bytes in 0.007177 seconds, 139.342675 MiB/s sent_count 4 recvd_count 4 local_count 4 
server 65 recvd 1048576 bytes in 0.007178 seconds, 139.313197 MiB/s sent_count 4 recvd_count 4 local_count 4 
server 66 recvd 1048576 bytes in 0.007175 seconds, 139.366376 MiB/s sent_count 4 recvd_count 4 local_count 4 
server 72 recvd 1048576 bytes in 0.007178 seconds, 139.307692 MiB/s sent_count 4 recvd_count 4 local_count 4 
server 73 recvd 1048576 bytes in 0.007180 seconds, 139.278880 MiB/s sent_count 4 recvd_count 4 local_count 4 
server 74 recvd 1048576 bytes in 0.007174 seconds, 139.394170 MiB/s sent_count 4 recvd_count 4 local_count 4 
server 75 recvd 1048576 bytes in 0.007179 seconds, 139.300147 MiB/s sent_count 4 recvd_count 4 local_count 4 
server 81 recvd 1048576 bytes in 0.007178 seconds, 139.316348 MiB/s sent_count 4 recvd_count 4 local_count 4 
server 82 recvd 1048576 bytes in 0.007178 seconds, 139.306016 MiB/s sent_count 4 recvd_count 4 local_count 4 
server 83 recvd 1048576 bytes in 0.007179 seconds, 139.298047 MiB/s sent_count 4 recvd_count 4 local_count 4 
server 84 recvd 1048576 bytes in 0.007173 seconds, 139.410434 MiB/s sent_count 4 recvd_count 4 local_count 4 
server 90 recvd 1048576 bytes in 0.007180 seconds, 139.267375 MiB/s sent_count 4 recvd_count 4 local_count 4 
server 91 recvd 1048576 bytes in 0.007176 seconds, 139.353140 MiB/s sent_count 4 recvd_count 4 local_count 4 
server 92 recvd 1048576 bytes in 0.007175 seconds, 139.374587 MiB/s sent_count 4 recvd_count 4 local_count 4 
server 93 recvd 1048576 bytes in 0.007174 seconds, 139.384154 MiB/s sent_count 4 recvd_count 4 local_count 4 
server 99 recvd 1048576 bytes in 0.007178 seconds, 139.314984 MiB/s sent_count 4 recvd_count 4 local_count 4 
server 100 recvd 1048576 bytes in 0.007179 seconds, 139.285799 MiB/s sent_count 4 recvd_count 4 local_count 4 
server 101 recvd 1048576 bytes in 0.007179 seconds, 139.286100 MiB/s sent_count 4 recvd_count 4 local_count 4 
server 102 recvd 1048576 bytes in 0.007175 seconds, 139.371182 MiB/s sent_count 4 recvd_count 4 local_count 4 
server 108 recvd 1048576 bytes in 0.007176 seconds, 139.347599 MiB/s sent_count 4 recvd_count 4 local_count 4 
server 109 recvd 1048576 bytes in 0.007178 seconds, 139.306468 MiB/s sent_count 4 recvd_count 4 local_count 4 
server 110 recvd 1048576 bytes in 0.007177 seconds, 139.326973 MiB/s sent_count 4 recvd_count 4 local_count 4 
server 111 recvd 1048576 bytes in 0.007172 seconds, 139.425713 MiB/s sent_count 4 recvd_count 4 local_count 4 
server 117 recvd 1048576 bytes in 0.007178 seconds, 139.314303 MiB/s sent_count 4 recvd_count 4 local_count 4 
server 118 recvd 1048576 bytes in 0.007175 seconds, 139.365215 MiB/s sent_count 4 recvd_count 4 local_count 4 
server 119 recvd 1048576 bytes in 0.007178 seconds, 139.322819 MiB/s sent_count 4 recvd_count 4 local_count 4 
server 120 recvd 1048576 bytes in 0.007180 seconds, 139.277489 MiB/s sent_count 4 recvd_count 4 local_count 4 
server 126 recvd 1048576 bytes in 0.007178 seconds, 139.306843 MiB/s sent_count 4 recvd_count 4 local_count 4 
server 127 recvd 1048576 bytes in 0.007176 seconds, 139.356563 MiB/s sent_count 4 recvd_count 4 local_count 4 
server 128 recvd 1048576 bytes in 0.007178 seconds, 139.312372 MiB/s sent_count 4 recvd_count 4 local_count 4 
server 129 recvd 1048576 bytes in 0.007180 seconds, 139.277323 MiB/s sent_count 4 recvd_count 4 local_count 4 
server 135 recvd 1048576 bytes in 0.007177 seconds, 139.325984 MiB/s sent_count 4 recvd_count 4 local_count 4 
server 136 recvd 1048576 bytes in 0.007180 seconds, 139.277498 MiB/s sent_count 4 recvd_count 4 local_count 4 
server 137 recvd 1048576 bytes in 0.007179 seconds, 139.301304 MiB/s sent_count 4 recvd_count 4 local_count 4 
server 138 recvd 1048576 bytes in 0.007177 seconds, 139.331201 MiB/s sent_count 4 recvd_count 4 local_count 4 
server 144 recvd 1048576 bytes in 0.007178 seconds, 139.319775 MiB/s sent_count 4 recvd_count 4 local_count 4 
server 145 recvd 1048576 bytes in 0.007175 seconds, 139.380756 MiB/s sent_count 4 recvd_count 4 local_count 4 
server 146 recvd 1048576 bytes in 0.007178 seconds, 139.312363 MiB/s sent_count 4 recvd_count 4 local_count 4 
server 147 recvd 1048576 bytes in 0.007176 seconds, 139.352643 MiB/s sent_count 4 recvd_count 4 local_count 4 
server 153 recvd 1048576 bytes in 0.007175 seconds, 139.377603 MiB/s sent_count 4 recvd_count 4 local_count 4 
server 154 recvd 1048576 bytes in 0.007178 seconds, 139.307834 MiB/s sent_count 4 recvd_count 4 local_count 4 
server 155 recvd 1048576 bytes in 0.007180 seconds, 139.279203 MiB/s sent_count 4 recvd_count 4 local_count 4 
server 156 recvd 1048576 bytes in 0.007177 seconds, 139.325821 MiB/s sent_count 4 recvd_count 4 local_count 4 
server 162 recvd 1048576 bytes in 0.007178 seconds, 139.305324 MiB/s sent_count 4 recvd_count 4 local_count 4 
server 163 recvd 1048576 bytes in 0.007180 seconds, 139.269757 MiB/s sent_count 4 recvd_count 4 local_count 4 
server 164 recvd 1048576 bytes in 0.007177 seconds, 139.334873 MiB/s sent_count 4 recvd_count 4 local_count 4 
server 165 recvd 1048576 bytes in 0.007169 seconds, 139.494600 MiB/s sent_count 4 recvd_count 4 local_count 4 
server 171 recvd 1048576 bytes in 0.007179 seconds, 139.293831 MiB/s sent_count 4 recvd_count 4 local_count 4 
server 172 recvd 1048576 bytes in 0.007173 seconds, 139.413863 MiB/s sent_count 4 recvd_count 4 local_count 4 
server 173 recvd 1048576 bytes in 0.007176 seconds, 139.357714 MiB/s sent_count 4 recvd_count 4 local_count 4 
server 174 recvd 1048576 bytes in 0.007173 seconds, 139.404099 MiB/s sent_count 4 recvd_count 4 local_count 4 
server 180 recvd 1048576 bytes in 0.007180 seconds, 139.283297 MiB/s sent_count 4 recvd_count 4 local_count 4 
server 181 recvd 1048576 bytes in 0.007178 seconds, 139.316322 MiB/s sent_count 4 recvd_count 4 local_count 4 
server 182 recvd 1048576 bytes in 0.007176 seconds, 139.345268 MiB/s sent_count 4 recvd_count 4 local_count 4 
server 183 recvd 1048576 bytes in 0.007177 seconds, 139.336061 MiB/s sent_count 4 recvd_count 4 local_count 4 
server 189 recvd 1048576 bytes in 0.007178 seconds, 139.315292 MiB/s sent_count 4 recvd_count 4 local_count 4 
server 190 recvd 1048576 bytes in 0.007179 seconds, 139.285830 MiB/s sent_count 4 recvd_count 4 local_count 4 
server 191 recvd 1048576 bytes in 0.007176 seconds, 139.345281 MiB/s sent_count 4 recvd_count 4 local_count 4 
server 192 recvd 1048576 bytes in 0.007177 seconds, 139.327265 MiB/s sent_count 4 recvd_count 4 local_count 4 
server 198 recvd 1048576 bytes in 0.007180 seconds, 139.267839 MiB/s sent_count 4 recvd_count 4 local_count 4 
server 199 recvd 1048576 bytes in 0.007177 seconds, 139.342285 MiB/s sent_count 4 recvd_count 4 local_count 4 
server 200 recvd 1048576 bytes in 0.007177 seconds, 139.342927 MiB/s sent_count 4 recvd_count 4 local_count 4 
server 201 recvd 1048576 bytes in 0.007180 seconds, 139.272928 MiB/s sent_count 4 recvd_count 4 local_count 4 
server 207 recvd 1048576 bytes in 0.007176 seconds, 139.348268 MiB/s sent_count 4 recvd_count 4 local_count 4 
server 208 recvd 1048576 bytes in 0.007177 seconds, 139.325488 MiB/s sent_count 4 recvd_count 4 local_count 4 
server 209 recvd 1048576 bytes in 0.007175 seconds, 139.376900 MiB/s sent_count 4 recvd_count 4 local_count 4 
server 210 recvd 1048576 bytes in 0.007178 seconds, 139.318011 MiB/s sent_count 4 recvd_count 4 local_count 4 
server 216 recvd 1048576 bytes in 0.007178 seconds, 139.313269 MiB/s sent_count 4 recvd_count 4 local_count 4 
server 217 recvd 1048576 bytes in 0.007172 seconds, 139.428771 MiB/s sent_count 4 recvd_count 4 local_count 4 
server 218 recvd 1048576 bytes in 0.007177 seconds, 139.340276 MiB/s sent_count 4 recvd_count 4 local_count 4 
server 219 recvd 1048576 bytes in 0.007176 seconds, 139.345808 MiB/s sent_count 4 recvd_count 4 local_count 4 
server 225 recvd 1048576 bytes in 0.007175 seconds, 139.378957 MiB/s sent_count 4 recvd_count 4 local_count 4 
server 226 recvd 1048576 bytes in 0.007177 seconds, 139.337206 MiB/s sent_count 4 recvd_count 4 local_count 4 
server 227 recvd 1048576 bytes in 0.007173 seconds, 139.416419 MiB/s sent_count 4 recvd_count 4 local_count 4 
server 228 recvd 1048576 bytes in 0.007180 seconds, 139.272531 MiB/s sent_count 4 recvd_count 4 local_count 4 
server 234 recvd 1048576 bytes in 0.007181 seconds, 139.263996 MiB/s sent_count 4 recvd_count 4 local_count 4 
server 235 recvd 1048576 bytes in 0.007180 seconds, 139.284157 MiB/s sent_count 4 recvd_count 4 local_count 4 
server 236 recvd 1048576 bytes in 0.007181 seconds, 139.250846 MiB/s sent_count 4 recvd_count 4 local_count 4 
server 237 recvd 1048576 bytes in 0.007180 seconds, 139.282882 MiB/s sent_count 4 recvd_count 4 local_count 4 
server 243 recvd 1048576 bytes in 0.007178 seconds, 139.305368 MiB/s sent_count 4 recvd_count 4 local_count 4 
server 244 recvd 1048576 bytes in 0.007177 seconds, 139.328380 MiB/s sent_count 4 recvd_count 4 local_count 4 
server 245 recvd 1048576 bytes in 0.007179 seconds, 139.298818 MiB/s sent_count 4 recvd_count 4 local_count 4 
server 246 recvd 1048576 bytes in 0.007175 seconds, 139.370840 MiB/s sent_count 4 recvd_count 4 local_count 4 
server 252 recvd 1048576 bytes in 0.007178 seconds, 139.315104 MiB/s sent_count 4 recvd_count 4 local_count 4 
server 253 recvd 1048576 bytes in 0.007181 seconds, 139.253702 MiB/s sent_count 4 recvd_count 4 local_count 4 
server 254 recvd 1048576 bytes in 0.007177 seconds, 139.326458 MiB/s sent_count 4 recvd_count 4 local_count 4 
server 255 recvd 1048576 bytes in 0.007180 seconds, 139.276478 MiB/s sent_count 4 recvd_count 4 local_count 4 
server 261 recvd 1048576 bytes in 0.007173 seconds, 139.415258 MiB/s sent_count 4 recvd_count 4 local_count 4 
server 262 recvd 1048576 bytes in 0.007175 seconds, 139.373640 MiB/s sent_count 4 recvd_count 4 local_count 4 
server 263 recvd 1048576 bytes in 0.007177 seconds, 139.327423 MiB/s sent_count 4 recvd_count 4 local_count 4 
server 264 recvd 1048576 bytes in 0.007179 seconds, 139.289667 MiB/s sent_count 4 recvd_count 4 local_count 4 
server 270 recvd 1048576 bytes in 0.007179 seconds, 139.290052 MiB/s sent_count 4 recvd_count 4 local_count 4 
server 271 recvd 1048576 bytes in 0.007178 seconds, 139.314375 MiB/s sent_count 4 recvd_count 4 local_count 4 
server 272 recvd 1048576 bytes in 0.007179 seconds, 139.291830 MiB/s sent_count 4 recvd_count 4 local_count 4 
server 273 recvd 1048576 bytes in 0.007181 seconds, 139.262966 MiB/s sent_count 4 recvd_count 4 local_count 4 
server 279 recvd 1048576 bytes in 0.007175 seconds, 139.372675 MiB/s sent_count 4 recvd_count 4 local_count 4 
server 280 recvd 1048576 bytes in 0.007179 seconds, 139.303291 MiB/s sent_count 4 recvd_count 4 local_count 4 
server 281 recvd 1048576 bytes in 0.007178 seconds, 139.311607 MiB/s sent_count 4 recvd_count 4 local_count 4 
server 282 recvd 1048576 bytes in 0.007179 seconds, 139.293537 MiB/s sent_count 4 recvd_count 4 local_count 4 
server 288 recvd 1048576 bytes in 0.007179 seconds, 139.297437 MiB/s sent_count 4 recvd_count 4 local_count 4 
server 289 recvd 1048576 bytes in 0.007176 seconds, 139.346755 MiB/s sent_count 4 recvd_count 4 local_count 4 
server 290 recvd 1048576 bytes in 0.007177 seconds, 139.331012 MiB/s sent_count 4 recvd_count 4 local_count 4 
server 291 recvd 1048576 bytes in 0.007178 seconds, 139.322503 MiB/s sent_count 4 recvd_count 4 local_count 4 
server 297 recvd 1048576 bytes in 0.007180 seconds, 139.268383 MiB/s sent_count 4 recvd_count 4 local_count 4 
server 298 recvd 1048576 bytes in 0.007179 seconds, 139.296481 MiB/s sent_count 4 recvd_count 4 local_count 4 
server 299 recvd 1048576 bytes in 0.007177 seconds, 139.343102 MiB/s sent_count 4 recvd_count 4 local_count 4 
server 300 recvd 1048576 bytes in 0.007174 seconds, 139.391784 MiB/s sent_count 4 recvd_count 4 local_count 4 
server 306 recvd 1048576 bytes in 0.007177 seconds, 139.336029 MiB/s sent_count 4 recvd_count 4 local_count 4 
server 307 recvd 1048576 bytes in 0.007178 seconds, 139.317682 MiB/s sent_count 4 recvd_count 4 local_count 4 
server 308 recvd 1048576 bytes in 0.007180 seconds, 139.283966 MiB/s sent_count 4 recvd_count 4 local_count 4 
server 309 recvd 1048576 bytes in 0.007180 seconds, 139.270525 MiB/s sent_count 4 recvd_count 4 local_count 4 
server 315 recvd 1048576 bytes in 0.007178 seconds, 139.314125 MiB/s sent_count 4 recvd_count 4 local_count 4 
server 316 recvd 1048576 bytes in 0.007178 seconds, 139.308549 MiB/s sent_count 4 recvd_count 4 local_count 4 
server 317 recvd 1048576 bytes in 0.007176 seconds, 139.356399 MiB/s sent_count 4 recvd_count 4 local_count 4 
server 318 recvd 1048576 bytes in 0.007179 seconds, 139.299692 MiB/s sent_count 4 recvd_count 4 local_count 4 
server 324 recvd 1048576 bytes in 0.007180 seconds, 139.283329 MiB/s sent_count 4 recvd_count 4 local_count 4 
server 325 recvd 1048576 bytes in 0.007177 seconds, 139.330597 MiB/s sent_count 4 recvd_count 4 local_count 4 
server 326 recvd 1048576 bytes in 0.007180 seconds, 139.271865 MiB/s sent_count 4 recvd_count 4 local_count 4 
server 327 recvd 1048576 bytes in 0.007181 seconds, 139.263683 MiB/s sent_count 4 recvd_count 4 local_count 4 
server 333 recvd 1048576 bytes in 0.007176 seconds, 139.352924 MiB/s sent_count 4 recvd_count 4 local_count 4 
server 334 recvd 1048576 bytes in 0.007179 seconds, 139.299992 MiB/s sent_count 4 recvd_count 4 local_count 4 
server 335 recvd 1048576 bytes in 0.007178 seconds, 139.316768 MiB/s sent_count 4 recvd_count 4 local_count 4 
server 336 recvd 1048576 bytes in 0.007179 seconds, 139.294046 MiB/s sent_count 4 recvd_count 4 local_count 4 
server 342 recvd 1048576 bytes in 0.007179 seconds, 139.292281 MiB/s sent_count 4 recvd_count 4 local_count 4 
server 343 recvd 1048576 bytes in 0.007178 seconds, 139.308652 MiB/s sent_count 4 recvd_count 4 local_count 4 
server 344 recvd 1048576 bytes in 0.007175 seconds, 139.374959 MiB/s sent_count 4 recvd_count 4 local_count 4 
server 345 recvd 1048576 bytes in 0.007181 seconds, 139.258029 MiB/s sent_count 4 recvd_count 4 local_count 4 
server 351 recvd 1048576 bytes in 0.007179 seconds, 139.304416 MiB/s sent_count 4 recvd_count 4 local_count 4 
server 352 recvd 1048576 bytes in 0.007177 seconds, 139.333113 MiB/s sent_count 4 recvd_count 4 local_count 4 
server 353 recvd 1048576 bytes in 0.007175 seconds, 139.369161 MiB/s sent_count 4 recvd_count 4 local_count 4 
server 354 recvd 1048576 bytes in 0.007176 seconds, 139.343896 MiB/s sent_count 4 recvd_count 4 local_count 4 
server 360 recvd 1048576 bytes in 0.007177 seconds, 139.336092 MiB/s sent_count 4 recvd_count 4 local_count 4 
server 361 recvd 1048576 bytes in 0.007179 seconds, 139.294774 MiB/s sent_count 4 recvd_count 4 local_count 4 
server 362 recvd 1048576 bytes in 0.007179 seconds, 139.297166 MiB/s sent_count 4 recvd_count 4 local_count 4 
server 363 recvd 1048576 bytes in 0.007179 seconds, 139.300001 MiB/s sent_count 4 recvd_count 4 local_count 4 
server 369 recvd 1048576 bytes in 0.007178 seconds, 139.312292 MiB/s sent_count 4 recvd_count 4 local_count 4 
server 370 recvd 1048576 bytes in 0.007180 seconds, 139.272319 MiB/s sent_count 4 recvd_count 4 local_count 4 
server 371 recvd 1048576 bytes in 0.007180 seconds, 139.266266 MiB/s sent_count 4 recvd_count 4 local_count 4 
server 372 recvd 1048576 bytes in 0.007179 seconds, 139.298904 MiB/s sent_count 4 recvd_count 4 local_count 4 
server 378 recvd 1048576 bytes in 0.007181 seconds, 139.260340 MiB/s sent_count 4 recvd_count 4 local_count 4 
server 379 recvd 1048576 bytes in 0.007178 seconds, 139.321603 MiB/s sent_count 4 recvd_count 4 local_count 4 
server 380 recvd 1048576 bytes in 0.007177 seconds, 139.343272 MiB/s sent_count 4 recvd_count 4 local_count 4 
server 381 recvd 1048576 bytes in 0.007175 seconds, 139.376808 MiB/s sent_count 4 recvd_count 4 local_count 4 
server 387 recvd 1048576 bytes in 0.007178 seconds, 139.312246 MiB/s sent_count 4 recvd_count 4 local_count 4 
server 388 recvd 1048576 bytes in 0.007180 seconds, 139.269658 MiB/s sent_count 4 recvd_count 4 local_count 4 
server 389 recvd 1048576 bytes in 0.007174 seconds, 139.384019 MiB/s sent_count 4 recvd_count 4 local_count 4 
server 390 recvd 1048576 bytes in 0.007180 seconds, 139.276306 MiB/s sent_count 4 recvd_count 4 local_count 4 
server 396 recvd 1048576 bytes in 0.007179 seconds, 139.302369 MiB/s sent_count 4 recvd_count 4 local_count 4 
server 397 recvd 1048576 bytes in 0.007177 seconds, 139.331547 MiB/s sent_count 4 recvd_count 4 local_count 4 
server 398 recvd 1048576 bytes in 0.007180 seconds, 139.283624 MiB/s sent_count 4 recvd_count 4 local_count 4 
server 399 recvd 1048576 bytes in 0.007179 seconds, 139.294844 MiB/s sent_count 4 recvd_count 4 local_count 4 
server 405 recvd 1048576 bytes in 0.007179 seconds, 139.297018 MiB/s sent_count 4 recvd_count 4 local_count 4 
server 406 recvd 1048576 bytes in 0.007179 seconds, 139.286926 MiB/s sent_count 4 recvd_count 4 local_count 4 
server 407 recvd 1048576 bytes in 0.007178 seconds, 139.310788 MiB/s sent_count 4 recvd_count 4 local_count 4 
server 408 recvd 1048576 bytes in 0.007172 seconds, 139.430240 MiB/s sent_count 4 recvd_count 4 local_count 4 
server 414 recvd 1048576 bytes in 0.007179 seconds, 139.286553 MiB/s sent_count 4 recvd_count 4 local_count 4 
server 415 recvd 1048576 bytes in 0.007179 seconds, 139.296922 MiB/s sent_count 4 recvd_count 4 local_count 4 
server 416 recvd 1048576 bytes in 0.007181 seconds, 139.259757 MiB/s sent_count 4 recvd_count 4 local_count 4 
server 417 recvd 1048576 bytes in 0.007179 seconds, 139.287884 MiB/s sent_count 4 recvd_count 4 local_count 4 
server 423 recvd 1048576 bytes in 0.007174 seconds, 139.390138 MiB/s sent_count 4 recvd_count 4 local_count 4 
server 424 recvd 1048576 bytes in 0.007179 seconds, 139.292666 MiB/s sent_count 4 recvd_count 4 local_count 4 
server 425 recvd 1048576 bytes in 0.007180 seconds, 139.273996 MiB/s sent_count 4 recvd_count 4 local_count 4 
server 426 recvd 1048576 bytes in 0.007176 seconds, 139.358303 MiB/s sent_count 4 recvd_count 4 local_count 4 
server 432 recvd 1048576 bytes in 0.007177 seconds, 139.339130 MiB/s sent_count 4 recvd_count 4 local_count 4 
server 433 recvd 1048576 bytes in 0.007178 seconds, 139.321197 MiB/s sent_count 4 recvd_count 4 local_count 4 
server 434 recvd 1048576 bytes in 0.007179 seconds, 139.294332 MiB/s sent_count 4 recvd_count 4 local_count 4 
server 435 recvd 1048576 bytes in 0.007175 seconds, 139.374655 MiB/s sent_count 4 recvd_count 4 local_count 4 
server 441 recvd 1048576 bytes in 0.007178 seconds, 139.322260 MiB/s sent_count 4 recvd_count 4 local_count 4 
server 442 recvd 1048576 bytes in 0.007177 seconds, 139.328788 MiB/s sent_count 4 recvd_count 4 local_count 4 
server 443 recvd 1048576 bytes in 0.007179 seconds, 139.291590 MiB/s sent_count 4 recvd_count 4 local_count 4 
server 444 recvd 1048576 bytes in 0.007178 seconds, 139.315775 MiB/s sent_count 4 recvd_count 4 local_count 4 
server 450 recvd 1048576 bytes in 0.007171 seconds, 139.451020 MiB/s sent_count 4 recvd_count 4 local_count 4 
server 451 recvd 1048576 bytes in 0.007179 seconds, 139.291960 MiB/s sent_count 4 recvd_count 4 local_count 4 
server 452 recvd 1048576 bytes in 0.007176 seconds, 139.349348 MiB/s sent_count 4 recvd_count 4 local_count 4 
server 453 recvd 1048576 bytes in 0.007181 seconds, 139.264148 MiB/s sent_count 4 recvd_count 4 local_count 4 
server 459 recvd 1048576 bytes in 0.007175 seconds, 139.369315 MiB/s sent_count 4 recvd_count 4 local_count 4 
server 460 recvd 1048576 bytes in 0.007180 seconds, 139.266315 MiB/s sent_count 4 recvd_count 4 local_count 4 
server 461 recvd 1048576 bytes in 0.007179 seconds, 139.288572 MiB/s sent_count 4 recvd_count 4 local_count 4 
server 462 recvd 1048576 bytes in 0.007179 seconds, 139.303069 MiB/s sent_count 4 recvd_count 4 local_count 4 
server 468 recvd 1048576 bytes in 0.007180 seconds, 139.274131 MiB/s sent_count 4 recvd_count 4 local_count 4 
server 469 recvd 1048576 bytes in 0.007176 seconds, 139.343697 MiB/s sent_count 4 recvd_count 4 local_count 4 
server 470 recvd 1048576 bytes in 0.007177 seconds, 139.331495 MiB/s sent_count 4 recvd_count 4 local_count 4 
server 471 recvd 1048576 bytes in 0.007179 seconds, 139.304403 MiB/s sent_count 4 recvd_count 4 local_count 4 
server 477 recvd 1048576 bytes in 0.007181 seconds, 139.264679 MiB/s sent_count 4 recvd_count 4 local_count 4 
server 478 recvd 1048576 bytes in 0.007177 seconds, 139.331245 MiB/s sent_count 4 recvd_count 4 local_count 4 
server 479 recvd 1048576 bytes in 0.007179 seconds, 139.301004 MiB/s sent_count 4 recvd_count 4 local_count 4 
server 480 recvd 1048576 bytes in 0.007179 seconds, 139.298568 MiB/s sent_count 4 recvd_count 4 local_count 4 
server 486 recvd 1048576 bytes in 0.007180 seconds, 139.281572 MiB/s sent_count 4 recvd_count 4 local_count 4 
server 487 recvd 1048576 bytes in 0.007180 seconds, 139.272825 MiB/s sent_count 4 recvd_count 4 local_count 4 
server 488 recvd 1048576 bytes in 0.007179 seconds, 139.286348 MiB/s sent_count 4 recvd_count 4 local_count 4 
server 489 recvd 1048576 bytes in 0.007177 seconds, 139.330486 MiB/s sent_count 4 recvd_count 4 local_count 4 
server 495 recvd 1048576 bytes in 0.007178 seconds, 139.313904 MiB/s sent_count 4 recvd_count 4 local_count 4 
server 496 recvd 1048576 bytes in 0.007179 seconds, 139.300664 MiB/s sent_count 4 recvd_count 4 local_count 4 
server 497 recvd 1048576 bytes in 0.007176 seconds, 139.360869 MiB/s sent_count 4 recvd_count 4 local_count 4 
server 498 recvd 1048576 bytes in 0.007178 seconds, 139.306304 MiB/s sent_count 4 recvd_count 4 local_count 4 
server 504 recvd 1048576 bytes in 0.007177 seconds, 139.343349 MiB/s sent_count 4 recvd_count 4 local_count 4 
server 505 recvd 1048576 bytes in 0.007179 seconds, 139.286599 MiB/s sent_count 4 recvd_count 4 local_count 4 
server 506 recvd 1048576 bytes in 0.007177 seconds, 139.337729 MiB/s sent_count 4 recvd_count 4 local_count 4 
server 507 recvd 1048576 bytes in 0.007177 seconds, 139.328864 MiB/s sent_count 4 recvd_count 4 local_count 4 
server 513 recvd 1048576 bytes in 0.007180 seconds, 139.272193 MiB/s sent_count 4 recvd_count 4 local_count 4 
server 514 recvd 1048576 bytes in 0.007180 seconds, 139.285023 MiB/s sent_count 4 recvd_count 4 local_count 4 
server 515 recvd 1048576 bytes in 0.007180 seconds, 139.271663 MiB/s sent_count 4 recvd_count 4 local_count 4 
server 516 recvd 1048576 bytes in 0.007181 seconds, 139.261793 MiB/s sent_count 4 recvd_count 4 local_count 4 
server 522 recvd 1048576 bytes in 0.007180 seconds, 139.283800 MiB/s sent_count 4 recvd_count 4 local_count 4 
server 523 recvd 1048576 bytes in 0.007177 seconds, 139.336826 MiB/s sent_count 4 recvd_count 4 local_count 4 
server 524 recvd 1048576 bytes in 0.007180 seconds, 139.283804 MiB/s sent_count 4 recvd_count 4 local_count 4 
server 525 recvd 1048576 bytes in 0.007179 seconds, 139.288557 MiB/s sent_count 4 recvd_count 4 local_count 4 
server 531 recvd 1048576 bytes in 0.007177 seconds, 139.340219 MiB/s sent_count 4 recvd_count 4 local_count 4 
server 532 recvd 1048576 bytes in 0.007180 seconds, 139.279509 MiB/s sent_count 4 recvd_count 4 local_count 4 
server 533 recvd 1048576 bytes in 0.007175 seconds, 139.367988 MiB/s sent_count 4 recvd_count 4 local_count 4 
server 534 recvd 1048576 bytes in 0.007178 seconds, 139.314236 MiB/s sent_count 4 recvd_count 4 local_count 4 
server 540 recvd 1048576 bytes in 0.007181 seconds, 139.263601 MiB/s sent_count 4 recvd_count 4 local_count 4 
server 541 recvd 1048576 bytes in 0.007180 seconds, 139.274520 MiB/s sent_count 4 recvd_count 4 local_count 4 
server 542 recvd 1048576 bytes in 0.007179 seconds, 139.300167 MiB/s sent_count 4 recvd_count 4 local_count 4 
server 543 recvd 1048576 bytes in 0.007179 seconds, 139.287671 MiB/s sent_count 4 recvd_count 4 local_count 4 
server 549 recvd 1048576 bytes in 0.007179 seconds, 139.298449 MiB/s sent_count 4 recvd_count 4 local_count 4 
server 550 recvd 1048576 bytes in 0.007182 seconds, 139.246638 MiB/s sent_count 4 recvd_count 4 local_count 4 
server 551 recvd 1048576 bytes in 0.007177 seconds, 139.329962 MiB/s sent_count 4 recvd_count 4 local_count 4 
server 552 recvd 1048576 bytes in 0.007177 seconds, 139.343095 MiB/s sent_count 4 recvd_count 4 local_count 4 
server 558 recvd 1048576 bytes in 0.007177 seconds, 139.339589 MiB/s sent_count 4 recvd_count 4 local_count 4 
server 559 recvd 1048576 bytes in 0.007180 seconds, 139.283230 MiB/s sent_count 4 recvd_count 4 local_count 4 
server 560 recvd 1048576 bytes in 0.007175 seconds, 139.370726 MiB/s sent_count 4 recvd_count 4 local_count 4 
server 561 recvd 1048576 bytes in 0.007178 seconds, 139.321757 MiB/s sent_count 4 recvd_count 4 local_count 4 
server 567 recvd 1048576 bytes in 0.007178 seconds, 139.312015 MiB/s sent_count 4 recvd_count 4 local_count 4 
server 568 recvd 1048576 bytes in 0.007174 seconds, 139.382566 MiB/s sent_count 4 recvd_count 4 local_count 4 
server 569 recvd 1048576 bytes in 0.007180 seconds, 139.272831 MiB/s sent_count 4 recvd_count 4 local_count 4 
server 570 recvd 1048576 bytes in 0.007180 seconds, 139.267458 MiB/s sent_count 4 recvd_count 4 local_count 4 
server 576 recvd 1048576 bytes in 0.007179 seconds, 139.290407 MiB/s sent_count 4 recvd_count 4 local_count 4 
server 577 recvd 1048576 bytes in 0.007178 seconds, 139.317559 MiB/s sent_count 4 recvd_count 4 local_count 4 
server 578 recvd 1048576 bytes in 0.007181 seconds, 139.266002 MiB/s sent_count 4 recvd_count 4 local_count 4 
server 579 recvd 1048576 bytes in 0.007179 seconds, 139.289141 MiB/s sent_count 4 recvd_count 4 local_count 4 
server 585 recvd 1048576 bytes in 0.007176 seconds, 139.355152 MiB/s sent_count 4 recvd_count 4 local_count 4 
server 586 recvd 1048576 bytes in 0.007178 seconds, 139.311348 MiB/s sent_count 4 recvd_count 4 local_count 4 
server 587 recvd 1048576 bytes in 0.007180 seconds, 139.272576 MiB/s sent_count 4 recvd_count 4 local_count 4 
server 588 recvd 1048576 bytes in 0.007178 seconds, 139.314621 MiB/s sent_count 4 recvd_count 4 local_count 4 
server 594 recvd 1048576 bytes in 0.007180 seconds, 139.281215 MiB/s sent_count 4 recvd_count 4 local_count 4 
server 595 recvd 1048576 bytes in 0.007178 seconds, 139.322815 MiB/s sent_count 4 recvd_count 4 local_count 4 
server 596 recvd 1048576 bytes in 0.007178 seconds, 139.308028 MiB/s sent_count 4 recvd_count 4 local_count 4 
server 597 recvd 1048576 bytes in 0.007178 seconds, 139.310534 MiB/s sent_count 4 recvd_count 4 local_count 4 
server 603 recvd 1048576 bytes in 0.007177 seconds, 139.335981 MiB/s sent_count 4 recvd_count 4 local_count 4 
server 604 recvd 1048576 bytes in 0.007180 seconds, 139.277014 MiB/s sent_count 4 recvd_count 4 local_count 4 
server 605 recvd 1048576 bytes in 0.007181 seconds, 139.264844 MiB/s sent_count 4 recvd_count 4 local_count 4 
server 606 recvd 1048576 bytes in 0.007180 seconds, 139.280711 MiB/s sent_count 4 recvd_count 4 local_count 4 
server 612 recvd 1048576 bytes in 0.007179 seconds, 139.298667 MiB/s sent_count 4 recvd_count 4 local_count 4 
server 613 recvd 1048576 bytes in 0.007180 seconds, 139.272208 MiB/s sent_count 4 recvd_count 4 local_count 4 
server 614 recvd 1048576 bytes in 0.007173 seconds, 139.416738 MiB/s sent_count 4 recvd_count 4 local_count 4 
server 615 recvd 1048576 bytes in 0.007178 seconds, 139.320132 MiB/s sent_count 4 recvd_count 4 local_count 4 
server 621 recvd 1048576 bytes in 0.007178 seconds, 139.323662 MiB/s sent_count 4 recvd_count 4 local_count 4 
server 622 recvd 1048576 bytes in 0.007175 seconds, 139.380704 MiB/s sent_count 4 recvd_count 4 local_count 4 
server 623 recvd 1048576 bytes in 0.007178 seconds, 139.321008 MiB/s sent_count 4 recvd_count 4 local_count 4 
server 624 recvd 1048576 bytes in 0.007178 seconds, 139.308359 MiB/s sent_count 4 recvd_count 4 local_count 4 
server 630 recvd 1048576 bytes in 0.007179 seconds, 139.300396 MiB/s sent_count 4 recvd_count 4 local_count 4 
server 631 recvd 1048576 bytes in 0.007180 seconds, 139.267538 MiB/s sent_count 4 recvd_count 4 local_count 4 
server 632 recvd 1048576 bytes in 0.007178 seconds, 139.313488 MiB/s sent_count 4 recvd_count 4 local_count 4 
server 633 recvd 1048576 bytes in 0.007179 seconds, 139.291188 MiB/s sent_count 4 recvd_count 4 local_count 4 
server 639 recvd 1048576 bytes in 0.007178 seconds, 139.314725 MiB/s sent_count 4 recvd_count 4 local_count 4 
server 640 recvd 1048576 bytes in 0.007180 seconds, 139.278183 MiB/s sent_count 4 recvd_count 4 local_count 4 
server 641 recvd 1048576 bytes in 0.007180 seconds, 139.285183 MiB/s sent_count 4 recvd_count 4 local_count 4 
server 642 recvd 1048576 bytes in 0.007177 seconds, 139.335531 MiB/s sent_count 4 recvd_count 4 local_count 4 
server 648 recvd 1048576 bytes in 0.007178 seconds, 139.312677 MiB/s sent_count 4 recvd_count 4 local_count 4 
server 649 recvd 1048576 bytes in 0.007175 seconds, 139.372755 MiB/s sent_count 4 recvd_count 4 local_count 4 
server 650 recvd 1048576 bytes in 0.007179 seconds, 139.301830 MiB/s sent_count 4 recvd_count 4 local_count 4 
server 651 recvd 1048576 bytes in 0.007181 seconds, 139.260307 MiB/s sent_count 4 recvd_count 4 local_count 4 
server 657 recvd 1048576 bytes in 0.007179 seconds, 139.298618 MiB/s sent_count 4 recvd_count 4 local_count 4 
server 658 recvd 1048576 bytes in 0.007180 seconds, 139.271839 MiB/s sent_count 4 recvd_count 4 local_count 4 
server 659 recvd 1048576 bytes in 0.007181 seconds, 139.258306 MiB/s sent_count 4 recvd_count 4 local_count 4 
server 660 recvd 1048576 bytes in 0.007177 seconds, 139.343222 MiB/s sent_count 4 recvd_count 4 local_count 4 
server 666 recvd 1048576 bytes in 0.007179 seconds, 139.303114 MiB/s sent_count 4 recvd_count 4 local_count 4 
server 667 recvd 1048576 bytes in 0.007175 seconds, 139.367023 MiB/s sent_count 4 recvd_count 4 local_count 4 
server 668 recvd 1048576 bytes in 0.007179 seconds, 139.298197 MiB/s sent_count 4 recvd_count 4 local_count 4 
server 669 recvd 1048576 bytes in 0.007180 seconds, 139.284336 MiB/s sent_count 4 recvd_count 4 local_count 4 
server 675 recvd 1048576 bytes in 0.007176 seconds, 139.355482 MiB/s sent_count 4 recvd_count 4 local_count 4 
server 676 recvd 1048576 bytes in 0.007179 seconds, 139.293407 MiB/s sent_count 4 recvd_count 4 local_count 4 
server 677 recvd 1048576 bytes in 0.007180 seconds, 139.284898 MiB/s sent_count 4 recvd_count 4 local_count 4 
server 678 recvd 1048576 bytes in 0.007181 seconds, 139.255586 MiB/s sent_count 4 recvd_count 4 local_count 4 
server 684 recvd 1048576 bytes in 0.007179 seconds, 139.289325 MiB/s sent_count 4 recvd_count 4 local_count 4 
server 685 recvd 1048576 bytes in 0.007177 seconds, 139.340114 MiB/s sent_count 4 recvd_count 4 local_count 4 
server 686 recvd 1048576 bytes in 0.007179 seconds, 139.303286 MiB/s sent_count 4 recvd_count 4 local_count 4 
server 687 recvd 1048576 bytes in 0.007177 seconds, 139.328759 MiB/s sent_count 4 recvd_count 4 local_count 4 
server 693 recvd 1048576 bytes in 0.007180 seconds, 139.270311 MiB/s sent_count 4 recvd_count 4 local_count 4 
server 694 recvd 1048576 bytes in 0.007180 seconds, 139.280072 MiB/s sent_count 4 recvd_count 4 local_count 4 
server 695 recvd 1048576 bytes in 0.007180 seconds, 139.272146 MiB/s sent_count 4 recvd_count 4 local_count 4 
server 696 recvd 1048576 bytes in 0.007180 seconds, 139.280722 MiB/s sent_count 4 recvd_count 4 local_count 4 
server 702 recvd 1048576 bytes in 0.007179 seconds, 139.294237 MiB/s sent_count 4 recvd_count 4 local_count 4 
server 703 recvd 1048576 bytes in 0.007179 seconds, 139.301785 MiB/s sent_count 4 recvd_count 4 local_count 4 
server 704 recvd 1048576 bytes in 0.007179 seconds, 139.293572 MiB/s sent_count 4 recvd_count 4 local_count 4 
server 705 recvd 1048576 bytes in 0.007179 seconds, 139.296236 MiB/s sent_count 4 recvd_count 4 local_count 4 
server 711 recvd 1048576 bytes in 0.007177 seconds, 139.330874 MiB/s sent_count 4 recvd_count 4 local_count 4 
server 712 recvd 1048576 bytes in 0.007177 seconds, 139.324529 MiB/s sent_count 4 recvd_count 4 local_count 4 
server 713 recvd 1048576 bytes in 0.007178 seconds, 139.318068 MiB/s sent_count 4 recvd_count 4 local_count 4 
server 714 recvd 1048576 bytes in 0.007175 seconds, 139.381043 MiB/s sent_count 4 recvd_count 4 local_count 4 
server 720 recvd 1048576 bytes in 0.007178 seconds, 139.312238 MiB/s sent_count 4 recvd_count 4 local_count 4 
server 721 recvd 1048576 bytes in 0.007177 seconds, 139.331003 MiB/s sent_count 4 recvd_count 4 local_count 4 
server 722 recvd 1048576 bytes in 0.007179 seconds, 139.287255 MiB/s sent_count 4 recvd_count 4 local_count 4 
server 723 recvd 1048576 bytes in 0.007177 seconds, 139.324648 MiB/s sent_count 4 recvd_count 4 local_count 4 
server 729 recvd 1048576 bytes in 0.007179 seconds, 139.302953 MiB/s sent_count 4 recvd_count 4 local_count 4 
server 730 recvd 1048576 bytes in 0.007177 seconds, 139.335066 MiB/s sent_count 4 recvd_count 4 local_count 4 
server 731 recvd 1048576 bytes in 0.007176 seconds, 139.347809 MiB/s sent_count 4 recvd_count 4 local_count 4 
server 732 recvd 1048576 bytes in 0.007177 seconds, 139.331984 MiB/s sent_count 4 recvd_count 4 local_count 4 
server 738 recvd 1048576 bytes in 0.007174 seconds, 139.387848 MiB/s sent_count 4 recvd_count 4 local_count 4 
server 739 recvd 1048576 bytes in 0.007180 seconds, 139.272271 MiB/s sent_count 4 recvd_count 4 local_count 4 
server 740 recvd 1048576 bytes in 0.007178 seconds, 139.309320 MiB/s sent_count 4 recvd_count 4 local_count 4 
server 741 recvd 1048576 bytes in 0.007179 seconds, 139.287572 MiB/s sent_count 4 recvd_count 4 local_count 4 
server 747 recvd 1048576 bytes in 0.007179 seconds, 139.289767 MiB/s sent_count 4 recvd_count 4 local_count 4 
server 748 recvd 1048576 bytes in 0.007178 seconds, 139.306502 MiB/s sent_count 4 recvd_count 4 local_count 4 
server 749 recvd 1048576 bytes in 0.007176 seconds, 139.345770 MiB/s sent_count 4 recvd_count 4 local_count 4 
server 750 recvd 1048576 bytes in 0.007181 seconds, 139.260976 MiB/s sent_count 4 recvd_count 4 local_count 4 
server 756 recvd 1048576 bytes in 0.007180 seconds, 139.281421 MiB/s sent_count 4 recvd_count 4 local_count 4 
server 757 recvd 1048576 bytes in 0.007173 seconds, 139.421056 MiB/s sent_count 4 recvd_count 4 local_count 4 
server 758 recvd 1048576 bytes in 0.007174 seconds, 139.393939 MiB/s sent_count 4 recvd_count 4 local_count 4 
server 759 recvd 1048576 bytes in 0.007176 seconds, 139.356326 MiB/s sent_count 4 recvd_count 4 local_count 4 
server 765 recvd 1048576 bytes in 0.007178 seconds, 139.316223 MiB/s sent_count 4 recvd_count 4 local_count 4 
server 766 recvd 1048576 bytes in 0.007181 seconds, 139.265870 MiB/s sent_count 4 recvd_count 4 local_count 4 
server 767 recvd 1048576 bytes in 0.007176 seconds, 139.354855 MiB/s sent_count 4 recvd_count 4 local_count 4 
server 768 recvd 1048576 bytes in 0.007174 seconds, 139.389675 MiB/s sent_count 4 recvd_count 4 local_count 4 
server 774 recvd 1048576 bytes in 0.007177 seconds, 139.333659 MiB/s sent_count 4 recvd_count 4 local_count 4 
server 775 recvd 1048576 bytes in 0.007174 seconds, 139.400767 MiB/s sent_count 4 recvd_count 4 local_count 4 
server 776 recvd 1048576 bytes in 0.007178 seconds, 139.321416 MiB/s sent_count 4 recvd_count 4 local_count 4 
server 777 recvd 1048576 bytes in 0.007177 seconds, 139.331043 MiB/s sent_count 4 recvd_count 4 local_count 4 
server 783 recvd 1048576 bytes in 0.007178 seconds, 139.317491 MiB/s sent_count 4 recvd_count 4 local_count 4 
server 784 recvd 1048576 bytes in 0.007179 seconds, 139.295798 MiB/s sent_count 4 recvd_count 4 local_count 4 
server 785 recvd 1048576 bytes in 0.007171 seconds, 139.450914 MiB/s sent_count 4 recvd_count 4 local_count 4 
server 786 recvd 1048576 bytes in 0.007177 seconds, 139.327561 MiB/s sent_count 4 recvd_count 4 local_count 4 
server 792 recvd 1048576 bytes in 0.007180 seconds, 139.272282 MiB/s sent_count 4 recvd_count 4 local_count 4 
server 793 recvd 1048576 bytes in 0.007175 seconds, 139.365058 MiB/s sent_count 4 recvd_count 4 local_count 4 
server 794 recvd 1048576 bytes in 0.007175 seconds, 139.366700 MiB/s sent_count 4 recvd_count 4 local_count 4 
server 795 recvd 1048576 bytes in 0.007180 seconds, 139.270515 MiB/s sent_count 4 recvd_count 4 local_count 4 
server 801 recvd 1048576 bytes in 0.007178 seconds, 139.309296 MiB/s sent_count 4 recvd_count 4 local_count 4 
server 802 recvd 1048576 bytes in 0.007179 seconds, 139.292220 MiB/s sent_count 4 recvd_count 4 local_count 4 
server 803 recvd 1048576 bytes in 0.007177 seconds, 139.330256 MiB/s sent_count 4 recvd_count 4 local_count 4 
server 804 recvd 1048576 bytes in 0.007177 seconds, 139.329621 MiB/s sent_count 4 recvd_count 4 local_count 4 
server 810 recvd 1048576 bytes in 0.007178 seconds, 139.316249 MiB/s sent_count 4 recvd_count 4 local_count 4 
server 811 recvd 1048576 bytes in 0.007178 seconds, 139.315991 MiB/s sent_count 4 recvd_count 4 local_count 4 
server 812 recvd 1048576 bytes in 0.007180 seconds, 139.280427 MiB/s sent_count 4 recvd_count 4 local_count 4 
server 813 recvd 1048576 bytes in 0.007175 seconds, 139.366188 MiB/s sent_count 4 recvd_count 4 local_count 4 
server 819 recvd 1048576 bytes in 0.007175 seconds, 139.364227 MiB/s sent_count 4 recvd_count 4 local_count 4 
server 820 recvd 1048576 bytes in 0.007180 seconds, 139.282209 MiB/s sent_count 4 recvd_count 4 local_count 4 
server 821 recvd 1048576 bytes in 0.007177 seconds, 139.341116 MiB/s sent_count 4 recvd_count 4 local_count 4 
server 822 recvd 1048576 bytes in 0.007179 seconds, 139.285730 MiB/s sent_count 4 recvd_count 4 local_count 4 
server 828 recvd 1048576 bytes in 0.007180 seconds, 139.275374 MiB/s sent_count 4 recvd_count 4 local_count 4 
server 829 recvd 1048576 bytes in 0.007180 seconds, 139.277852 MiB/s sent_count 4 recvd_count 4 local_count 4 
server 830 recvd 1048576 bytes in 0.007176 seconds, 139.355339 MiB/s sent_count 4 recvd_count 4 local_count 4 
server 831 recvd 1048576 bytes in 0.007178 seconds, 139.312028 MiB/s sent_count 4 recvd_count 4 local_count 4 
server 837 recvd 1048576 bytes in 0.007180 seconds, 139.272528 MiB/s sent_count 4 recvd_count 4 local_count 4 
server 838 recvd 1048576 bytes in 0.007172 seconds, 139.430342 MiB/s sent_count 4 recvd_count 4 local_count 4 
server 839 recvd 1048576 bytes in 0.007179 seconds, 139.294944 MiB/s sent_count 4 recvd_count 4 local_count 4 
server 840 recvd 1048576 bytes in 0.007179 seconds, 139.302848 MiB/s sent_count 4 recvd_count 4 local_count 4 
server 846 recvd 1048576 bytes in 0.007178 seconds, 139.318311 MiB/s sent_count 4 recvd_count 4 local_count 4 
server 847 recvd 1048576 bytes in 0.007178 seconds, 139.316648 MiB/s sent_count 4 recvd_count 4 local_count 4 
server 848 recvd 1048576 bytes in 0.007179 seconds, 139.288268 MiB/s sent_count 4 recvd_count 4 local_count 4 
server 849 recvd 1048576 bytes in 0.007177 seconds, 139.326632 MiB/s sent_count 4 recvd_count 4 local_count 4 
server 855 recvd 1048576 bytes in 0.007176 seconds, 139.350073 MiB/s sent_count 4 recvd_count 4 local_count 4 
server 856 recvd 1048576 bytes in 0.007177 seconds, 139.332357 MiB/s sent_count 4 recvd_count 4 local_count 4 
server 857 recvd 1048576 bytes in 0.007173 seconds, 139.419293 MiB/s sent_count 4 recvd_count 4 local_count 4 
server 858 recvd 1048576 bytes in 0.007179 seconds, 139.302331 MiB/s sent_count 4 recvd_count 4 local_count 4 
server 864 recvd 1048576 bytes in 0.007178 seconds, 139.310225 MiB/s sent_count 4 recvd_count 4 local_count 4 
server 865 recvd 1048576 bytes in 0.007177 seconds, 139.325304 MiB/s sent_count 4 recvd_count 4 local_count 4 
server 866 recvd 1048576 bytes in 0.007171 seconds, 139.445184 MiB/s sent_count 4 recvd_count 4 local_count 4 
server 867 recvd 1048576 bytes in 0.007180 seconds, 139.277625 MiB/s sent_count 4 recvd_count 4 local_count 4 
server 873 recvd 1048576 bytes in 0.007176 seconds, 139.350687 MiB/s sent_count 4 recvd_count 4 local_count 4 
server 874 recvd 1048576 bytes in 0.007176 seconds, 139.346940 MiB/s sent_count 4 recvd_count 4 local_count 4 
server 875 recvd 1048576 bytes in 0.007176 seconds, 139.344849 MiB/s sent_count 4 recvd_count 4 local_count 4 
server 876 recvd 1048576 bytes in 0.007179 seconds, 139.291253 MiB/s sent_count 4 recvd_count 4 local_count 4 
server 882 recvd 1048576 bytes in 0.007178 seconds, 139.305229 MiB/s sent_count 4 recvd_count 4 local_count 4 
server 883 recvd 1048576 bytes in 0.007178 seconds, 139.317753 MiB/s sent_count 4 recvd_count 4 local_count 4 
server 884 recvd 1048576 bytes in 0.007179 seconds, 139.292808 MiB/s sent_count 4 recvd_count 4 local_count 4 
server 885 recvd 1048576 bytes in 0.007179 seconds, 139.290095 MiB/s sent_count 4 recvd_count 4 local_count 4 
server 891 recvd 1048576 bytes in 0.007177 seconds, 139.341375 MiB/s sent_count 4 recvd_count 4 local_count 4 
server 892 recvd 1048576 bytes in 0.007178 seconds, 139.315589 MiB/s sent_count 4 recvd_count 4 local_count 4 
server 893 recvd 1048576 bytes in 0.007180 seconds, 139.271858 MiB/s sent_count 4 recvd_count 4 local_count 4 
server 894 recvd 1048576 bytes in 0.007178 seconds, 139.309378 MiB/s sent_count 4 recvd_count 4 local_count 4 
server 900 recvd 1048576 bytes in 0.007171 seconds, 139.451720 MiB/s sent_count 4 recvd_count 4 local_count 4 
server 901 recvd 1048576 bytes in 0.007176 seconds, 139.362643 MiB/s sent_count 4 recvd_count 4 local_count 4 
server 902 recvd 1048576 bytes in 0.007176 seconds, 139.356952 MiB/s sent_count 4 recvd_count 4 local_count 4 
server 903 recvd 1048576 bytes in 0.007177 seconds, 139.333158 MiB/s sent_count 4 recvd_count 4 local_count 4 
server 909 recvd 1048576 bytes in 0.007181 seconds, 139.263530 MiB/s sent_count 4 recvd_count 4 local_count 4 
server 910 recvd 1048576 bytes in 0.007177 seconds, 139.336313 MiB/s sent_count 4 recvd_count 4 local_count 4 
server 911 recvd 1048576 bytes in 0.007178 seconds, 139.321546 MiB/s sent_count 4 recvd_count 4 local_count 4 
server 912 recvd 1048576 bytes in 0.007176 seconds, 139.347103 MiB/s sent_count 4 recvd_count 4 local_count 4 
server 918 recvd 1048576 bytes in 0.007175 seconds, 139.376683 MiB/s sent_count 4 recvd_count 4 local_count 4 
server 919 recvd 1048576 bytes in 0.007180 seconds, 139.284296 MiB/s sent_count 4 recvd_count 4 local_count 4 
server 920 recvd 1048576 bytes in 0.007178 seconds, 139.305352 MiB/s sent_count 4 recvd_count 4 local_count 4 
server 921 recvd 1048576 bytes in 0.007178 seconds, 139.308448 MiB/s sent_count 4 recvd_count 4 local_count 4 
server 927 recvd 1048576 bytes in 0.007178 seconds, 139.322391 MiB/s sent_count 4 recvd_count 4 local_count 4 
server 928 recvd 1048576 bytes in 0.007180 seconds, 139.276053 MiB/s sent_count 4 recvd_count 4 local_count 4 
server 929 recvd 1048576 bytes in 0.007177 seconds, 139.335216 MiB/s sent_count 4 recvd_count 4 local_count 4 
server 930 recvd 1048576 bytes in 0.007180 seconds, 139.269037 MiB/s sent_count 4 recvd_count 4 local_count 4 
server 936 recvd 1048576 bytes in 0.007181 seconds, 139.266026 MiB/s sent_count 4 recvd_count 4 local_count 4 
server 937 recvd 1048576 bytes in 0.007178 seconds, 139.319559 MiB/s sent_count 4 recvd_count 4 local_count 4 
server 938 recvd 1048576 bytes in 0.007178 seconds, 139.308539 MiB/s sent_count 4 recvd_count 4 local_count 4 
server 939 recvd 1048576 bytes in 0.007175 seconds, 139.378846 MiB/s sent_count 4 recvd_count 4 local_count 4 
server 945 recvd 1048576 bytes in 0.007177 seconds, 139.335657 MiB/s sent_count 4 recvd_count 4 local_count 4 
server 946 recvd 1048576 bytes in 0.007178 seconds, 139.318831 MiB/s sent_count 4 recvd_count 4 local_count 4 
server 947 recvd 1048576 bytes in 0.007177 seconds, 139.338435 MiB/s sent_count 4 recvd_count 4 local_count 4 
server 948 recvd 1048576 bytes in 0.007176 seconds, 139.344132 MiB/s sent_count 4 recvd_count 4 local_count 4 
server 954 recvd 1048576 bytes in 0.007179 seconds, 139.299588 MiB/s sent_count 4 recvd_count 4 local_count 4 
server 955 recvd 1048576 bytes in 0.007179 seconds, 139.302182 MiB/s sent_count 4 recvd_count 4 local_count 4 
server 956 recvd 1048576 bytes in 0.007177 seconds, 139.326316 MiB/s sent_count 4 recvd_count 4 local_count 4 
server 957 recvd 1048576 bytes in 0.007178 seconds, 139.315228 MiB/s sent_count 4 recvd_count 4 local_count 4 
server 963 recvd 1048576 bytes in 0.007178 seconds, 139.321486 MiB/s sent_count 4 recvd_count 4 local_count 4 
server 964 recvd 1048576 bytes in 0.007178 seconds, 139.311299 MiB/s sent_count 4 recvd_count 4 local_count 4 
server 965 recvd 1048576 bytes in 0.007176 seconds, 139.346908 MiB/s sent_count 4 recvd_count 4 local_count 4 
server 966 recvd 1048576 bytes in 0.007179 seconds, 139.289681 MiB/s sent_count 4 recvd_count 4 local_count 4 
server 972 recvd 1048576 bytes in 0.007179 seconds, 139.287124 MiB/s sent_count 4 recvd_count 4 local_count 4 
server 973 recvd 1048576 bytes in 0.007178 seconds, 139.312360 MiB/s sent_count 4 recvd_count 4 local_count 4 
server 974 recvd 1048576 bytes in 0.007176 seconds, 139.356448 MiB/s sent_count 4 recvd_count 4 local_count 4 
server 975 recvd 1048576 bytes in 0.007179 seconds, 139.289791 MiB/s sent_count 4 recvd_count 4 local_count 4 
server 981 recvd 1048576 bytes in 0.007179 seconds, 139.290270 MiB/s sent_count 4 recvd_count 4 local_count 4 
server 982 recvd 1048576 bytes in 0.007176 seconds, 139.357317 MiB/s sent_count 4 recvd_count 4 local_count 4 
server 983 recvd 1048576 bytes in 0.007178 seconds, 139.317980 MiB/s sent_count 4 recvd_count 4 local_count 4 
server 984 recvd 1048576 bytes in 0.007176 seconds, 139.353126 MiB/s sent_count 4 recvd_count 4 local_count 4 
server 990 recvd 1048576 bytes in 0.007180 seconds, 139.272822 MiB/s sent_count 4 recvd_count 4 local_count 4 
server 991 recvd 1048576 bytes in 0.007174 seconds, 139.400912 MiB/s sent_count 4 recvd_count 4 local_count 4 
server 992 recvd 1048576 bytes in 0.007177 seconds, 139.326132 MiB/s sent_count 4 recvd_count 4 local_count 4 
server 993 recvd 1048576 bytes in 0.007179 seconds, 139.296793 MiB/s sent_count 4 recvd_count 4 local_count 4 
server 999 recvd 1048576 bytes in 0.007178 seconds, 139.305183 MiB/s sent_count 4 recvd_count 4 local_count 4 
server 1000 recvd 1048576 bytes in 0.007177 seconds, 139.337741 MiB/s sent_count 4 recvd_count 4 local_count 4 
server 1001 recvd 1048576 bytes in 0.007181 seconds, 139.263548 MiB/s sent_count 4 recvd_count 4 local_count 4 
server 1002 recvd 1048576 bytes in 0.007179 seconds, 139.300716 MiB/s sent_count 4 recvd_count 4 local_count 4 
server 1008 recvd 1048576 bytes in 0.007177 seconds, 139.329791 MiB/s sent_count 4 recvd_count 4 local_count 4 
server 1009 recvd 1048576 bytes in 0.007179 seconds, 139.304469 MiB/s sent_count 4 recvd_count 4 local_count 4 
server 1010 recvd 1048576 bytes in 0.007178 seconds, 139.317828 MiB/s sent_count 4 recvd_count 4 local_count 4 
server 1011 recvd 1048576 bytes in 0.007179 seconds, 139.292284 MiB/s sent_count 4 recvd_count 4 local_count 4 
server 1017 recvd 1048576 bytes in 0.007180 seconds, 139.266875 MiB/s sent_count 4 recvd_count 4 local_count 4 
server 1018 recvd 1048576 bytes in 0.007177 seconds, 139.329551 MiB/s sent_count 4 recvd_count 4 local_count 4 
server 1019 recvd 1048576 bytes in 0.007179 seconds, 139.296110 MiB/s sent_count 4 recvd_count 4 local_count 4 
server 1020 recvd 1048576 bytes in 0.007179 seconds, 139.303021 MiB/s sent_count 4 recvd_count 4 local_count 4 
server 1026 recvd 1048576 bytes in 0.007178 seconds, 139.317599 MiB/s sent_count 4 recvd_count 4 local_count 4 
server 1027 recvd 1048576 bytes in 0.007171 seconds, 139.454120 MiB/s sent_count 4 recvd_count 4 local_count 4 
server 1028 recvd 1048576 bytes in 0.007179 seconds, 139.286266 MiB/s sent_count 4 recvd_count 4 local_count 4 
server 1029 recvd 1048576 bytes in 0.007180 seconds, 139.269727 MiB/s sent_count 4 recvd_count 4 local_count 4 
server 1035 recvd 1048576 bytes in 0.007180 seconds, 139.279469 MiB/s sent_count 4 recvd_count 4 local_count 4 
server 1036 recvd 1048576 bytes in 0.007173 seconds, 139.408605 MiB/s sent_count 4 recvd_count 4 local_count 4 
server 1037 recvd 1048576 bytes in 0.007179 seconds, 139.286120 MiB/s sent_count 4 recvd_count 4 local_count 4 
server 1038 recvd 1048576 bytes in 0.007179 seconds, 139.299408 MiB/s sent_count 4 recvd_count 4 local_count 4 
server 1044 recvd 1048576 bytes in 0.007179 seconds, 139.290401 MiB/s sent_count 4 recvd_count 4 local_count 4 
server 1045 recvd 1048576 bytes in 0.007175 seconds, 139.373099 MiB/s sent_count 4 recvd_count 4 local_count 4 
server 1046 recvd 1048576 bytes in 0.007178 seconds, 139.309648 MiB/s sent_count 4 recvd_count 4 local_count 4 
server 1047 recvd 1048576 bytes in 0.007176 seconds, 139.358694 MiB/s sent_count 4 recvd_count 4 local_count 4 
server 1053 recvd 1048576 bytes in 0.007174 seconds, 139.389826 MiB/s sent_count 4 recvd_count 4 local_count 4 
server 1054 recvd 1048576 bytes in 0.007179 seconds, 139.290120 MiB/s sent_count 4 recvd_count 4 local_count 4 
server 1055 recvd 1048576 bytes in 0.007179 seconds, 139.302150 MiB/s sent_count 4 recvd_count 4 local_count 4 
server 1056 recvd 1048576 bytes in 0.007180 seconds, 139.269908 MiB/s sent_count 4 recvd_count 4 local_count 4 
server 1062 recvd 1048576 bytes in 0.007180 seconds, 139.282282 MiB/s sent_count 4 recvd_count 4 local_count 4 
server 1063 recvd 1048576 bytes in 0.007175 seconds, 139.370060 MiB/s sent_count 4 recvd_count 4 local_count 4 
server 1064 recvd 1048576 bytes in 0.007179 seconds, 139.291061 MiB/s sent_count 4 recvd_count 4 local_count 4 
server 1065 recvd 1048576 bytes in 0.007178 seconds, 139.320616 MiB/s sent_count 4 recvd_count 4 local_count 4 
server 1071 recvd 1048576 bytes in 0.007178 seconds, 139.310353 MiB/s sent_count 4 recvd_count 4 local_count 4 
server 1072 recvd 1048576 bytes in 0.007177 seconds, 139.326719 MiB/s sent_count 4 recvd_count 4 local_count 4 
server 1073 recvd 1048576 bytes in 0.007180 seconds, 139.278710 MiB/s sent_count 4 recvd_count 4 local_count 4 
server 1074 recvd 1048576 bytes in 0.007179 seconds, 139.295579 MiB/s sent_count 4 recvd_count 4 local_count 4 
server 1080 recvd 1048576 bytes in 0.007179 seconds, 139.301171 MiB/s sent_count 4 recvd_count 4 local_count 4 
server 1081 recvd 1048576 bytes in 0.007178 seconds, 139.320610 MiB/s sent_count 4 recvd_count 4 local_count 4 
server 1082 recvd 1048576 bytes in 0.007177 seconds, 139.337551 MiB/s sent_count 4 recvd_count 4 local_count 4 
server 1083 recvd 1048576 bytes in 0.007173 seconds, 139.413155 MiB/s sent_count 4 recvd_count 4 local_count 4 
server 1089 recvd 1048576 bytes in 0.007176 seconds, 139.350916 MiB/s sent_count 4 recvd_count 4 local_count 4 
server 1090 recvd 1048576 bytes in 0.007177 seconds, 139.334923 MiB/s sent_count 4 recvd_count 4 local_count 4 
server 1091 recvd 1048576 bytes in 0.007180 seconds, 139.274749 MiB/s sent_count 4 recvd_count 4 local_count 4 
server 1092 recvd 1048576 bytes in 0.007179 seconds, 139.294702 MiB/s sent_count 4 recvd_count 4 local_count 4 
server 1098 recvd 1048576 bytes in 0.007179 seconds, 139.291867 MiB/s sent_count 4 recvd_count 4 local_count 4 
server 1099 recvd 1048576 bytes in 0.007177 seconds, 139.335415 MiB/s sent_count 4 recvd_count 4 local_count 4 
server 1100 recvd 1048576 bytes in 0.007180 seconds, 139.273806 MiB/s sent_count 4 recvd_count 4 local_count 4 
server 1101 recvd 1048576 bytes in 0.007176 seconds, 139.349413 MiB/s sent_count 4 recvd_count 4 local_count 4 
server 1107 recvd 1048576 bytes in 0.007178 seconds, 139.313599 MiB/s sent_count 4 recvd_count 4 local_count 4 
server 1108 recvd 1048576 bytes in 0.007182 seconds, 139.244108 MiB/s sent_count 4 recvd_count 4 local_count 4 
server 1109 recvd 1048576 bytes in 0.007179 seconds, 139.296175 MiB/s sent_count 4 recvd_count 4 local_count 4 
server 1110 recvd 1048576 bytes in 0.007180 seconds, 139.275120 MiB/s sent_count 4 recvd_count 4 local_count 4 
server 1116 recvd 1048576 bytes in 0.007179 seconds, 139.294365 MiB/s sent_count 4 recvd_count 4 local_count 4 
server 1117 recvd 1048576 bytes in 0.007177 seconds, 139.340772 MiB/s sent_count 4 recvd_count 4 local_count 4 
server 1118 recvd 1048576 bytes in 0.007181 seconds, 139.257585 MiB/s sent_count 4 recvd_count 4 local_count 4 
server 1119 recvd 1048576 bytes in 0.007177 seconds, 139.339752 MiB/s sent_count 4 recvd_count 4 local_count 4 
server 1125 recvd 1048576 bytes in 0.007176 seconds, 139.358512 MiB/s sent_count 4 recvd_count 4 local_count 4 
server 1126 recvd 1048576 bytes in 0.007179 seconds, 139.288934 MiB/s sent_count 4 recvd_count 4 local_count 4 
server 1127 recvd 1048576 bytes in 0.007176 seconds, 139.359434 MiB/s sent_count 4 recvd_count 4 local_count 4 
server 1128 recvd 1048576 bytes in 0.007180 seconds, 139.267402 MiB/s sent_count 4 recvd_count 4 local_count 4 
server 1134 recvd 1048576 bytes in 0.007174 seconds, 139.382930 MiB/s sent_count 4 recvd_count 4 local_count 4 
server 1135 recvd 1048576 bytes in 0.007176 seconds, 139.362226 MiB/s sent_count 4 recvd_count 4 local_count 4 
server 1136 recvd 1048576 bytes in 0.007180 seconds, 139.271884 MiB/s sent_count 4 recvd_count 4 local_count 4 
server 1137 recvd 1048576 bytes in 0.007179 seconds, 139.289172 MiB/s sent_count 4 recvd_count 4 local_count 4 
server 1143 recvd 1048576 bytes in 0.007177 seconds, 139.338778 MiB/s sent_count 4 recvd_count 4 local_count 4 
server 1144 recvd 1048576 bytes in 0.007178 seconds, 139.318372 MiB/s sent_count 4 recvd_count 4 local_count 4 
server 1145 recvd 1048576 bytes in 0.007178 seconds, 139.320609 MiB/s sent_count 4 recvd_count 4 local_count 4 
server 1146 recvd 1048576 bytes in 0.007179 seconds, 139.298964 MiB/s sent_count 4 recvd_count 4 local_count 4 
server 1152 recvd 1048576 bytes in 0.007175 seconds, 139.366495 MiB/s sent_count 4 recvd_count 4 local_count 4 
server 1153 recvd 1048576 bytes in 0.007178 seconds, 139.308241 MiB/s sent_count 4 recvd_count 4 local_count 4 
server 1154 recvd 1048576 bytes in 0.007177 seconds, 139.328756 MiB/s sent_count 4 recvd_count 4 local_count 4 
server 1155 recvd 1048576 bytes in 0.007181 seconds, 139.263435 MiB/s sent_count 4 recvd_count 4 local_count 4 
server 1161 recvd 1048576 bytes in 0.007178 seconds, 139.309350 MiB/s sent_count 4 recvd_count 4 local_count 4 
server 1162 recvd 1048576 bytes in 0.007177 seconds, 139.326344 MiB/s sent_count 4 recvd_count 4 local_count 4 
server 1163 recvd 1048576 bytes in 0.007178 seconds, 139.313820 MiB/s sent_count 4 recvd_count 4 local_count 4 
server 1164 recvd 1048576 bytes in 0.007176 seconds, 139.354442 MiB/s sent_count 4 recvd_count 4 local_count 4 
server 1170 recvd 1048576 bytes in 0.007174 seconds, 139.392083 MiB/s sent_count 4 recvd_count 4 local_count 4 
server 1171 recvd 1048576 bytes in 0.007174 seconds, 139.383094 MiB/s sent_count 4 recvd_count 4 local_count 4 
server 1172 recvd 1048576 bytes in 0.007180 seconds, 139.279526 MiB/s sent_count 4 recvd_count 4 local_count 4 
server 1173 recvd 1048576 bytes in 0.007176 seconds, 139.355766 MiB/s sent_count 4 recvd_count 4 local_count 4 
server 1179 recvd 1048576 bytes in 0.007175 seconds, 139.380224 MiB/s sent_count 4 recvd_count 4 local_count 4 
server 1180 recvd 1048576 bytes in 0.007180 seconds, 139.283564 MiB/s sent_count 4 recvd_count 4 local_count 4 
server 1181 recvd 1048576 bytes in 0.007179 seconds, 139.303926 MiB/s sent_count 4 recvd_count 4 local_count 4 
server 1182 recvd 1048576 bytes in 0.007180 seconds, 139.270788 MiB/s sent_count 4 recvd_count 4 local_count 4 
server 1188 recvd 1048576 bytes in 0.007178 seconds, 139.312550 MiB/s sent_count 4 recvd_count 4 local_count 4 
server 1189 recvd 1048576 bytes in 0.007180 seconds, 139.280398 MiB/s sent_count 4 recvd_count 4 local_count 4 
server 1190 recvd 1048576 bytes in 0.007180 seconds, 139.280457 MiB/s sent_count 4 recvd_count 4 local_count 4 
server 1191 recvd 1048576 bytes in 0.007179 seconds, 139.301116 MiB/s sent_count 4 recvd_count 4 local_count 4 
server 1197 recvd 1048576 bytes in 0.007178 seconds, 139.309200 MiB/s sent_count 4 recvd_count 4 local_count 4 
server 1198 recvd 1048576 bytes in 0.007178 seconds, 139.320661 MiB/s sent_count 4 recvd_count 4 local_count 4 
server 1199 recvd 1048576 bytes in 0.007178 seconds, 139.322754 MiB/s sent_count 4 recvd_count 4 local_count 4 
server 1200 recvd 1048576 bytes in 0.007179 seconds, 139.298688 MiB/s sent_count 4 recvd_count 4 local_count 4 
server 1206 recvd 1048576 bytes in 0.007180 seconds, 139.275336 MiB/s sent_count 4 recvd_count 4 local_count 4 
server 1207 recvd 1048576 bytes in 0.007181 seconds, 139.265592 MiB/s sent_count 4 recvd_count 4 local_count 4 
server 1208 recvd 1048576 bytes in 0.007177 seconds, 139.325801 MiB/s sent_count 4 recvd_count 4 local_count 4 
server 1209 recvd 1048576 bytes in 0.007176 seconds, 139.346274 MiB/s sent_count 4 recvd_count 4 local_count 4 
server 1215 recvd 1048576 bytes in 0.007177 seconds, 139.328046 MiB/s sent_count 4 recvd_count 4 local_count 4 
server 1216 recvd 1048576 bytes in 0.007178 seconds, 139.312804 MiB/s sent_count 4 recvd_count 4 local_count 4 
server 1217 recvd 1048576 bytes in 0.007178 seconds, 139.314235 MiB/s sent_count 4 recvd_count 4 local_count 4 
server 1218 recvd 1048576 bytes in 0.007177 seconds, 139.330496 MiB/s sent_count 4 recvd_count 4 local_count 4 
server 1224 recvd 1048576 bytes in 0.007178 seconds, 139.306690 MiB/s sent_count 4 recvd_count 4 local_count 4 
server 1225 recvd 1048576 bytes in 0.007181 seconds, 139.263191 MiB/s sent_count 4 recvd_count 4 local_count 4 
server 1226 recvd 1048576 bytes in 0.007178 seconds, 139.307516 MiB/s sent_count 4 recvd_count 4 local_count 4 
server 1227 recvd 1048576 bytes in 0.007178 seconds, 139.314387 MiB/s sent_count 4 recvd_count 4 local_count 4 
server 1233 recvd 1048576 bytes in 0.007178 seconds, 139.304894 MiB/s sent_count 4 recvd_count 4 local_count 4 
server 1234 recvd 1048576 bytes in 0.007180 seconds, 139.276279 MiB/s sent_count 4 recvd_count 4 local_count 4 
server 1235 recvd 1048576 bytes in 0.007175 seconds, 139.382182 MiB/s sent_count 4 recvd_count 4 local_count 4 
server 1236 recvd 1048576 bytes in 0.007176 seconds, 139.355195 MiB/s sent_count 4 recvd_count 4 local_count 4 
server 1242 recvd 1048576 bytes in 0.007175 seconds, 139.365677 MiB/s sent_count 4 recvd_count 4 local_count 4 
server 1243 recvd 1048576 bytes in 0.007180 seconds, 139.281820 MiB/s sent_count 4 recvd_count 4 local_count 4 
server 1244 recvd 1048576 bytes in 0.007177 seconds, 139.330839 MiB/s sent_count 4 recvd_count 4 local_count 4 
server 1245 recvd 1048576 bytes in 0.007177 seconds, 139.329387 MiB/s sent_count 4 recvd_count 4 local_count 4 
server 1251 recvd 1048576 bytes in 0.007180 seconds, 139.269714 MiB/s sent_count 4 recvd_count 4 local_count 4 
server 1252 recvd 1048576 bytes in 0.007180 seconds, 139.277837 MiB/s sent_count 4 recvd_count 4 local_count 4 
server 1253 recvd 1048576 bytes in 0.007177 seconds, 139.328446 MiB/s sent_count 4 recvd_count 4 local_count 4 
server 1254 recvd 1048576 bytes in 0.007176 seconds, 139.359771 MiB/s sent_count 4 recvd_count 4 local_count 4 
server 1260 recvd 1048576 bytes in 0.007177 seconds, 139.339529 MiB/s sent_count 4 recvd_count 4 local_count 4 
server 1261 recvd 1048576 bytes in 0.007179 seconds, 139.303335 MiB/s sent_count 4 recvd_count 4 local_count 4 
server 1262 recvd 1048576 bytes in 0.007181 seconds, 139.258312 MiB/s sent_count 4 recvd_count 4 local_count 4 
server 1263 recvd 1048576 bytes in 0.007176 seconds, 139.351742 MiB/s sent_count 4 recvd_count 4 local_count 4 
server 1269 recvd 1048576 bytes in 0.007179 seconds, 139.304675 MiB/s sent_count 4 recvd_count 4 local_count 4 
server 1270 recvd 1048576 bytes in 0.007180 seconds, 139.285301 MiB/s sent_count 4 recvd_count 4 local_count 4 
server 1271 recvd 1048576 bytes in 0.007175 seconds, 139.377545 MiB/s sent_count 4 recvd_count 4 local_count 4 
server 1272 recvd 1048576 bytes in 0.007177 seconds, 139.335668 MiB/s sent_count 4 recvd_count 4 local_count 4 
server 1278 recvd 1048576 bytes in 0.007175 seconds, 139.375166 MiB/s sent_count 4 recvd_count 4 local_count 4 
server 1279 recvd 1048576 bytes in 0.007178 seconds, 139.313076 MiB/s sent_count 4 recvd_count 4 local_count 4 
server 1280 recvd 1048576 bytes in 0.007175 seconds, 139.366687 MiB/s sent_count 4 recvd_count 4 local_count 4 
server 1281 recvd 1048576 bytes in 0.007176 seconds, 139.348213 MiB/s sent_count 4 recvd_count 4 local_count 4 
server 1287 recvd 1048576 bytes in 0.007175 seconds, 139.374973 MiB/s sent_count 4 recvd_count 4 local_count 4 
server 1288 recvd 1048576 bytes in 0.007177 seconds, 139.328626 MiB/s sent_count 4 recvd_count 4 local_count 4 
server 1289 recvd 1048576 bytes in 0.007179 seconds, 139.291089 MiB/s sent_count 4 recvd_count 4 local_count 4 
server 1290 recvd 1048576 bytes in 0.007173 seconds, 139.410732 MiB/s sent_count 4 recvd_count 4 local_count 4 
server 1296 recvd 1048576 bytes in 0.007177 seconds, 139.342129 MiB/s sent_count 4 recvd_count 4 local_count 4 
server 1297 recvd 1048576 bytes in 0.007177 seconds, 139.329562 MiB/s sent_count 4 recvd_count 4 local_count 4 
server 1298 recvd 1048576 bytes in 0.007174 seconds, 139.397848 MiB/s sent_count 4 recvd_count 4 local_count 4 
server 1299 recvd 1048576 bytes in 0.007181 seconds, 139.259723 MiB/s sent_count 4 recvd_count 4 local_count 4 
server 1305 recvd 1048576 bytes in 0.007180 seconds, 139.268626 MiB/s sent_count 4 recvd_count 4 local_count 4 
server 1306 recvd 1048576 bytes in 0.007178 seconds, 139.311014 MiB/s sent_count 4 recvd_count 4 local_count 4 
server 1307 recvd 1048576 bytes in 0.007178 seconds, 139.318439 MiB/s sent_count 4 recvd_count 4 local_count 4 
server 1308 recvd 1048576 bytes in 0.007179 seconds, 139.292268 MiB/s sent_count 4 recvd_count 4 local_count 4 
server 1314 recvd 1048576 bytes in 0.007179 seconds, 139.302916 MiB/s sent_count 4 recvd_count 4 local_count 4 
server 1315 recvd 1048576 bytes in 0.007175 seconds, 139.380606 MiB/s sent_count 4 recvd_count 4 local_count 4 
server 1316 recvd 1048576 bytes in 0.007178 seconds, 139.305709 MiB/s sent_count 4 recvd_count 4 local_count 4 
server 1317 recvd 1048576 bytes in 0.007176 seconds, 139.349856 MiB/s sent_count 4 recvd_count 4 local_count 4 
server 1323 recvd 1048576 bytes in 0.007177 seconds, 139.341955 MiB/s sent_count 4 recvd_count 4 local_count 4 
server 1324 recvd 1048576 bytes in 0.007177 seconds, 139.326332 MiB/s sent_count 4 recvd_count 4 local_count 4 
server 1325 recvd 1048576 bytes in 0.007176 seconds, 139.362272 MiB/s sent_count 4 recvd_count 4 local_count 4 
server 1326 recvd 1048576 bytes in 0.007178 seconds, 139.324032 MiB/s sent_count 4 recvd_count 4 local_count 4 
server 1332 recvd 1048576 bytes in 0.007176 seconds, 139.360006 MiB/s sent_count 4 recvd_count 4 local_count 4 
server 1333 recvd 1048576 bytes in 0.007179 seconds, 139.292647 MiB/s sent_count 4 recvd_count 4 local_count 4 
server 1334 recvd 1048576 bytes in 0.007176 seconds, 139.350996 MiB/s sent_count 4 recvd_count 4 local_count 4 
server 1335 recvd 1048576 bytes in 0.007180 seconds, 139.279694 MiB/s sent_count 4 recvd_count 4 local_count 4 
server 1341 recvd 1048576 bytes in 0.007178 seconds, 139.311953 MiB/s sent_count 4 recvd_count 4 local_count 4 
server 1342 recvd 1048576 bytes in 0.007179 seconds, 139.291858 MiB/s sent_count 4 recvd_count 4 local_count 4 
server 1343 recvd 1048576 bytes in 0.007178 seconds, 139.319372 MiB/s sent_count 4 recvd_count 4 local_count 4 
server 1344 recvd 1048576 bytes in 0.007179 seconds, 139.294313 MiB/s sent_count 4 recvd_count 4 local_count 4 
server 1350 recvd 1048576 bytes in 0.007180 seconds, 139.283723 MiB/s sent_count 4 recvd_count 4 local_count 4 
server 1351 recvd 1048576 bytes in 0.007176 seconds, 139.353140 MiB/s sent_count 4 recvd_count 4 local_count 4 
server 1352 recvd 1048576 bytes in 0.007179 seconds, 139.288621 MiB/s sent_count 4 recvd_count 4 local_count 4 
server 1353 recvd 1048576 bytes in 0.007180 seconds, 139.273806 MiB/s sent_count 4 recvd_count 4 local_count 4 
server 1359 recvd 1048576 bytes in 0.007178 seconds, 139.319264 MiB/s sent_count 4 recvd_count 4 local_count 4 
server 1360 recvd 1048576 bytes in 0.007177 seconds, 139.332611 MiB/s sent_count 4 recvd_count 4 local_count 4 
server 1361 recvd 1048576 bytes in 0.007177 seconds, 139.325451 MiB/s sent_count 4 recvd_count 4 local_count 4 
server 1362 recvd 1048576 bytes in 0.007180 seconds, 139.277119 MiB/s sent_count 4 recvd_count 4 local_count 4 
server 1368 recvd 1048576 bytes in 0.007179 seconds, 139.298225 MiB/s sent_count 4 recvd_count 4 local_count 4 
server 1369 recvd 1048576 bytes in 0.007176 seconds, 139.344133 MiB/s sent_count 4 recvd_count 4 local_count 4 
server 1370 recvd 1048576 bytes in 0.007180 seconds, 139.272579 MiB/s sent_count 4 recvd_count 4 local_count 4 
server 1371 recvd 1048576 bytes in 0.007180 seconds, 139.269628 MiB/s sent_count 4 recvd_count 4 local_count 4 
server 1377 recvd 1048576 bytes in 0.007173 seconds, 139.409143 MiB/s sent_count 4 recvd_count 4 local_count 4 
server 1378 recvd 1048576 bytes in 0.007180 seconds, 139.270297 MiB/s sent_count 4 recvd_count 4 local_count 4 
server 1379 recvd 1048576 bytes in 0.007176 seconds, 139.362588 MiB/s sent_count 4 recvd_count 4 local_count 4 
server 1380 recvd 1048576 bytes in 0.007179 seconds, 139.302171 MiB/s sent_count 4 recvd_count 4 local_count 4 
server 1386 recvd 1048576 bytes in 0.007179 seconds, 139.293745 MiB/s sent_count 4 recvd_count 4 local_count 4 
server 1387 recvd 1048576 bytes in 0.007176 seconds, 139.350386 MiB/s sent_count 4 recvd_count 4 local_count 4 
server 1388 recvd 1048576 bytes in 0.007178 seconds, 139.320602 MiB/s sent_count 4 recvd_count 4 local_count 4 
server 1389 recvd 1048576 bytes in 0.007172 seconds, 139.432711 MiB/s sent_count 4 recvd_count 4 local_count 4 
server 1395 recvd 1048576 bytes in 0.007180 seconds, 139.272075 MiB/s sent_count 4 recvd_count 4 local_count 4 
server 1396 recvd 1048576 bytes in 0.007179 seconds, 139.290924 MiB/s sent_count 4 recvd_count 4 local_count 4 
server 1397 recvd 1048576 bytes in 0.007177 seconds, 139.325642 MiB/s sent_count 4 recvd_count 4 local_count 4 
server 1398 recvd 1048576 bytes in 0.007176 seconds, 139.357671 MiB/s sent_count 4 recvd_count 4 local_count 4 
server 1404 recvd 1048576 bytes in 0.007177 seconds, 139.334134 MiB/s sent_count 4 recvd_count 4 local_count 4 
server 1405 recvd 1048576 bytes in 0.007180 seconds, 139.267153 MiB/s sent_count 4 recvd_count 4 local_count 4 
server 1406 recvd 1048576 bytes in 0.007179 seconds, 139.297125 MiB/s sent_count 4 recvd_count 4 local_count 4 
server 1407 recvd 1048576 bytes in 0.007178 seconds, 139.310772 MiB/s sent_count 4 recvd_count 4 local_count 4 
server 1413 recvd 1048576 bytes in 0.007177 seconds, 139.340146 MiB/s sent_count 4 recvd_count 4 local_count 4 
server 1414 recvd 1048576 bytes in 0.007177 seconds, 139.338738 MiB/s sent_count 4 recvd_count 4 local_count 4 
server 1415 recvd 1048576 bytes in 0.007180 seconds, 139.278890 MiB/s sent_count 4 recvd_count 4 local_count 4 
server 1416 recvd 1048576 bytes in 0.007177 seconds, 139.342278 MiB/s sent_count 4 recvd_count 4 local_count 4 
server 1422 recvd 1048576 bytes in 0.007178 seconds, 139.310871 MiB/s sent_count 4 recvd_count 4 local_count 4 
server 1423 recvd 1048576 bytes in 0.007175 seconds, 139.368011 MiB/s sent_count 4 recvd_count 4 local_count 4 
server 1424 recvd 1048576 bytes in 0.007178 seconds, 139.320472 MiB/s sent_count 4 recvd_count 4 local_count 4 
server 1425 recvd 1048576 bytes in 0.007177 seconds, 139.326871 MiB/s sent_count 4 recvd_count 4 local_count 4 
server 1431 recvd 1048576 bytes in 0.007177 seconds, 139.325113 MiB/s sent_count 4 recvd_count 4 local_count 4 
server 1432 recvd 1048576 bytes in 0.007180 seconds, 139.273883 MiB/s sent_count 4 recvd_count 4 local_count 4 
server 1433 recvd 1048576 bytes in 0.007177 seconds, 139.341985 MiB/s sent_count 4 recvd_count 4 local_count 4 
server 1434 recvd 1048576 bytes in 0.007177 seconds, 139.324634 MiB/s sent_count 4 recvd_count 4 local_count 4 
server 1440 recvd 1048576 bytes in 0.007175 seconds, 139.368987 MiB/s sent_count 4 recvd_count 4 local_count 4 
server 1441 recvd 1048576 bytes in 0.007181 seconds, 139.262986 MiB/s sent_count 4 recvd_count 4 local_count 4 
server 1442 recvd 1048576 bytes in 0.007173 seconds, 139.409427 MiB/s sent_count 4 recvd_count 4 local_count 4 
server 1443 recvd 1048576 bytes in 0.007180 seconds, 139.272664 MiB/s sent_count 4 recvd_count 4 local_count 4 
server 1449 recvd 1048576 bytes in 0.007176 seconds, 139.347636 MiB/s sent_count 4 recvd_count 4 local_count 4 
server 1450 recvd 1048576 bytes in 0.007179 seconds, 139.296766 MiB/s sent_count 4 recvd_count 4 local_count 4 
server 1451 recvd 1048576 bytes in 0.007179 seconds, 139.293449 MiB/s sent_count 4 recvd_count 4 local_count 4 
server 1452 recvd 1048576 bytes in 0.007180 seconds, 139.283907 MiB/s sent_count 4 recvd_count 4 local_count 4 
server 1458 recvd 1048576 bytes in 0.007179 seconds, 139.293492 MiB/s sent_count 4 recvd_count 4 local_count 4 
server 1459 recvd 1048576 bytes in 0.007180 seconds, 139.282482 MiB/s sent_count 4 recvd_count 4 local_count 4 
server 1460 recvd 1048576 bytes in 0.007178 seconds, 139.306762 MiB/s sent_count 4 recvd_count 4 local_count 4 
server 1461 recvd 1048576 bytes in 0.007177 seconds, 139.328878 MiB/s sent_count 4 recvd_count 4 local_count 4 
server 1467 recvd 1048576 bytes in 0.007177 seconds, 139.338213 MiB/s sent_count 4 recvd_count 4 local_count 4 
server 1468 recvd 1048576 bytes in 0.007175 seconds, 139.368045 MiB/s sent_count 4 recvd_count 4 local_count 4 
server 1469 recvd 1048576 bytes in 0.007175 seconds, 139.380990 MiB/s sent_count 4 recvd_count 4 local_count 4 
server 1470 recvd 1048576 bytes in 0.007177 seconds, 139.331418 MiB/s sent_count 4 recvd_count 4 local_count 4 
server 1476 recvd 1048576 bytes in 0.007178 seconds, 139.313334 MiB/s sent_count 4 recvd_count 4 local_count 4 
server 1477 recvd 1048576 bytes in 0.007177 seconds, 139.341446 MiB/s sent_count 4 recvd_count 4 local_count 4 
server 1478 recvd 1048576 bytes in 0.007180 seconds, 139.277445 MiB/s sent_count 4 recvd_count 4 local_count 4 
server 1479 recvd 1048576 bytes in 0.007178 seconds, 139.312870 MiB/s sent_count 4 recvd_count 4 local_count 4 
server 1485 recvd 1048576 bytes in 0.007177 seconds, 139.332828 MiB/s sent_count 4 recvd_count 4 local_count 4 
server 1486 recvd 1048576 bytes in 0.007179 seconds, 139.293778 MiB/s sent_count 4 recvd_count 4 local_count 4 
server 1487 recvd 1048576 bytes in 0.007178 seconds, 139.321861 MiB/s sent_count 4 recvd_count 4 local_count 4 
server 1488 recvd 1048576 bytes in 0.007176 seconds, 139.351774 MiB/s sent_count 4 recvd_count 4 local_count 4 
server 1494 recvd 1048576 bytes in 0.007177 seconds, 139.336700 MiB/s sent_count 4 recvd_count 4 local_count 4 
server 1495 recvd 1048576 bytes in 0.007179 seconds, 139.302021 MiB/s sent_count 4 recvd_count 4 local_count 4 
server 1496 recvd 1048576 bytes in 0.007180 seconds, 139.283831 MiB/s sent_count 4 recvd_count 4 local_count 4 
server 1497 recvd 1048576 bytes in 0.007180 seconds, 139.276913 MiB/s sent_count 4 recvd_count 4 local_count 4 
server 1503 recvd 1048576 bytes in 0.007180 seconds, 139.282804 MiB/s sent_count 4 recvd_count 4 local_count 4 
server 1504 recvd 1048576 bytes in 0.007178 seconds, 139.318264 MiB/s sent_count 4 recvd_count 4 local_count 4 
server 1505 recvd 1048576 bytes in 0.007177 seconds, 139.326528 MiB/s sent_count 4 recvd_count 4 local_count 4 
server 1506 recvd 1048576 bytes in 0.007180 seconds, 139.277055 MiB/s sent_count 4 recvd_count 4 local_count 4 
server 1512 recvd 1048576 bytes in 0.007180 seconds, 139.266427 MiB/s sent_count 4 recvd_count 4 local_count 4 
server 1513 recvd 1048576 bytes in 0.007181 seconds, 139.259086 MiB/s sent_count 4 recvd_count 4 local_count 4 
server 1514 recvd 1048576 bytes in 0.007175 seconds, 139.374393 MiB/s sent_count 4 recvd_count 4 local_count 4 
server 1515 recvd 1048576 bytes in 0.007179 seconds, 139.301343 MiB/s sent_count 4 recvd_count 4 local_count 4 
server 1521 recvd 1048576 bytes in 0.007180 seconds, 139.282948 MiB/s sent_count 4 recvd_count 4 local_count 4 
server 1522 recvd 1048576 bytes in 0.007172 seconds, 139.429148 MiB/s sent_count 4 recvd_count 4 local_count 4 
server 1523 recvd 1048576 bytes in 0.007181 seconds, 139.262309 MiB/s sent_count 4 recvd_count 4 local_count 4 
server 1524 recvd 1048576 bytes in 0.007181 seconds, 139.262391 MiB/s sent_count 4 recvd_count 4 local_count 4 
server 1530 recvd 1048576 bytes in 0.007178 seconds, 139.317872 MiB/s sent_count 4 recvd_count 4 local_count 4 
server 1531 recvd 1048576 bytes in 0.007176 seconds, 139.354232 MiB/s sent_count 4 recvd_count 4 local_count 4 
server 1532 recvd 1048576 bytes in 0.007175 seconds, 139.378727 MiB/s sent_count 4 recvd_count 4 local_count 4 
server 1533 recvd 1048576 bytes in 0.007178 seconds, 139.323209 MiB/s sent_count 4 recvd_count 4 local_count 4 
server 1539 recvd 1048576 bytes in 0.007178 seconds, 139.312335 MiB/s sent_count 4 recvd_count 4 local_count 4 
server 1540 recvd 1048576 bytes in 0.007173 seconds, 139.417287 MiB/s sent_count 4 recvd_count 4 local_count 4 
server 1541 recvd 1048576 bytes in 0.007178 seconds, 139.321062 MiB/s sent_count 4 recvd_count 4 local_count 4 
server 1542 recvd 1048576 bytes in 0.007178 seconds, 139.311522 MiB/s sent_count 4 recvd_count 4 local_count 4 
server 1548 recvd 1048576 bytes in 0.007178 seconds, 139.315768 MiB/s sent_count 4 recvd_count 4 local_count 4 
server 1549 recvd 1048576 bytes in 0.007181 seconds, 139.254022 MiB/s sent_count 4 recvd_count 4 local_count 4 
server 1550 recvd 1048576 bytes in 0.007180 seconds, 139.274197 MiB/s sent_count 4 recvd_count 4 local_count 4 
server 1551 recvd 1048576 bytes in 0.007179 seconds, 139.290996 MiB/s sent_count 4 recvd_count 4 local_count 4 
server 1557 recvd 1048576 bytes in 0.007174 seconds, 139.385375 MiB/s sent_count 4 recvd_count 4 local_count 4 
server 1558 recvd 1048576 bytes in 0.007180 seconds, 139.281307 MiB/s sent_count 4 recvd_count 4 local_count 4 
server 1559 recvd 1048576 bytes in 0.007177 seconds, 139.330876 MiB/s sent_count 4 recvd_count 4 local_count 4 
server 1560 recvd 1048576 bytes in 0.007180 seconds, 139.279608 MiB/s sent_count 4 recvd_count 4 local_count 4 
server 1566 recvd 1048576 bytes in 0.007179 seconds, 139.294721 MiB/s sent_count 4 recvd_count 4 local_count 4 
server 1567 recvd 1048576 bytes in 0.007175 seconds, 139.370823 MiB/s sent_count 4 recvd_count 4 local_count 4 
server 1568 recvd 1048576 bytes in 0.007180 seconds, 139.281343 MiB/s sent_count 4 recvd_count 4 local_count 4 
server 1569 recvd 1048576 bytes in 0.007180 seconds, 139.282520 MiB/s sent_count 4 recvd_count 4 local_count 4 
server 1575 recvd 1048576 bytes in 0.007180 seconds, 139.280185 MiB/s sent_count 4 recvd_count 4 local_count 4 
server 1576 recvd 1048576 bytes in 0.007176 seconds, 139.347069 MiB/s sent_count 4 recvd_count 4 local_count 4 
server 1577 recvd 1048576 bytes in 0.007179 seconds, 139.304041 MiB/s sent_count 4 recvd_count 4 local_count 4 
server 1578 recvd 1048576 bytes in 0.007178 seconds, 139.318111 MiB/s sent_count 4 recvd_count 4 local_count 4 
server 1584 recvd 1048576 bytes in 0.007178 seconds, 139.305894 MiB/s sent_count 4 recvd_count 4 local_count 4 
server 1585 recvd 1048576 bytes in 0.007181 seconds, 139.265414 MiB/s sent_count 4 recvd_count 4 local_count 4 
server 1586 recvd 1048576 bytes in 0.007178 seconds, 139.322649 MiB/s sent_count 4 recvd_count 4 local_count 4 
server 1587 recvd 1048576 bytes in 0.007180 seconds, 139.284019 MiB/s sent_count 4 recvd_count 4 local_count 4 
server 1593 recvd 1048576 bytes in 0.007171 seconds, 139.443375 MiB/s sent_count 4 recvd_count 4 local_count 4 
server 1594 recvd 1048576 bytes in 0.007179 seconds, 139.304761 MiB/s sent_count 4 recvd_count 4 local_count 4 
server 1595 recvd 1048576 bytes in 0.007178 seconds, 139.318840 MiB/s sent_count 4 recvd_count 4 local_count 4 
server 1596 recvd 1048576 bytes in 0.007178 seconds, 139.307278 MiB/s sent_count 4 recvd_count 4 local_count 4 
server 1602 recvd 1048576 bytes in 0.007180 seconds, 139.271197 MiB/s sent_count 4 recvd_count 4 local_count 4 
server 1603 recvd 1048576 bytes in 0.007177 seconds, 139.329548 MiB/s sent_count 4 recvd_count 4 local_count 4 
server 1604 recvd 1048576 bytes in 0.007172 seconds, 139.434130 MiB/s sent_count 4 recvd_count 4 local_count 4 
server 1605 recvd 1048576 bytes in 0.007179 seconds, 139.298786 MiB/s sent_count 4 recvd_count 4 local_count 4 
server 1611 recvd 1048576 bytes in 0.007177 seconds, 139.341466 MiB/s sent_count 4 recvd_count 4 local_count 4 
server 1612 recvd 1048576 bytes in 0.007180 seconds, 139.270916 MiB/s sent_count 4 recvd_count 4 local_count 4 
server 1613 recvd 1048576 bytes in 0.007178 seconds, 139.321707 MiB/s sent_count 4 recvd_count 4 local_count 4 
server 1614 recvd 1048576 bytes in 0.007179 seconds, 139.294832 MiB/s sent_count 4 recvd_count 4 local_count 4 
server 1620 recvd 1048576 bytes in 0.007180 seconds, 139.268163 MiB/s sent_count 4 recvd_count 4 local_count 4 
server 1621 recvd 1048576 bytes in 0.007179 seconds, 139.300640 MiB/s sent_count 4 recvd_count 4 local_count 4 
server 1622 recvd 1048576 bytes in 0.007178 seconds, 139.306407 MiB/s sent_count 4 recvd_count 4 local_count 4 
server 1623 recvd 1048576 bytes in 0.007178 seconds, 139.317144 MiB/s sent_count 4 recvd_count 4 local_count 4 
server 1629 recvd 1048576 bytes in 0.007178 seconds, 139.312642 MiB/s sent_count 4 recvd_count 4 local_count 4 
server 1630 recvd 1048576 bytes in 0.007175 seconds, 139.382274 MiB/s sent_count 4 recvd_count 4 local_count 4 
server 1631 recvd 1048576 bytes in 0.007179 seconds, 139.302178 MiB/s sent_count 4 recvd_count 4 local_count 4 
server 1632 recvd 1048576 bytes in 0.007179 seconds, 139.291792 MiB/s sent_count 4 recvd_count 4 local_count 4 
server 1638 recvd 1048576 bytes in 0.007179 seconds, 139.293083 MiB/s sent_count 4 recvd_count 4 local_count 4 
server 1639 recvd 1048576 bytes in 0.007179 seconds, 139.304509 MiB/s sent_count 4 recvd_count 4 local_count 4 
server 1640 recvd 1048576 bytes in 0.007181 seconds, 139.261143 MiB/s sent_count 4 recvd_count 4 local_count 4 
server 1641 recvd 1048576 bytes in 0.007180 seconds, 139.278676 MiB/s sent_count 4 recvd_count 4 local_count 4 
server 1647 recvd 1048576 bytes in 0.007180 seconds, 139.273333 MiB/s sent_count 4 recvd_count 4 local_count 4 
server 1648 recvd 1048576 bytes in 0.007180 seconds, 139.275121 MiB/s sent_count 4 recvd_count 4 local_count 4 
server 1649 recvd 1048576 bytes in 0.007179 seconds, 139.298413 MiB/s sent_count 4 recvd_count 4 local_count 4 
server 1650 recvd 1048576 bytes in 0.007176 seconds, 139.345314 MiB/s sent_count 4 recvd_count 4 local_count 4 
server 1656 recvd 1048576 bytes in 0.007176 seconds, 139.346812 MiB/s sent_count 4 recvd_count 4 local_count 4 
server 1657 recvd 1048576 bytes in 0.007179 seconds, 139.299033 MiB/s sent_count 4 recvd_count 4 local_count 4 
server 1658 recvd 1048576 bytes in 0.007180 seconds, 139.283140 MiB/s sent_count 4 recvd_count 4 local_count 4 
server 1659 recvd 1048576 bytes in 0.007177 seconds, 139.333024 MiB/s sent_count 4 recvd_count 4 local_count 4 
server 1665 recvd 1048576 bytes in 0.007179 seconds, 139.296677 MiB/s sent_count 4 recvd_count 4 local_count 4 
server 1666 recvd 1048576 bytes in 0.007179 seconds, 139.286868 MiB/s sent_count 4 recvd_count 4 local_count 4 
server 1667 recvd 1048576 bytes in 0.007179 seconds, 139.297351 MiB/s sent_count 4 recvd_count 4 local_count 4 
server 1668 recvd 1048576 bytes in 0.007174 seconds, 139.388429 MiB/s sent_count 4 recvd_count 4 local_count 4 
server 1674 recvd 1048576 bytes in 0.007173 seconds, 139.419875 MiB/s sent_count 4 recvd_count 4 local_count 4 
server 1675 recvd 1048576 bytes in 0.007179 seconds, 139.300038 MiB/s sent_count 4 recvd_count 4 local_count 4 
server 1676 recvd 1048576 bytes in 0.007181 seconds, 139.262508 MiB/s sent_count 4 recvd_count 4 local_count 4 
server 1677 recvd 1048576 bytes in 0.007178 seconds, 139.323713 MiB/s sent_count 4 recvd_count 4 local_count 4 
server 1683 recvd 1048576 bytes in 0.007178 seconds, 139.315378 MiB/s sent_count 4 recvd_count 4 local_count 4 
server 1684 recvd 1048576 bytes in 0.007177 seconds, 139.341710 MiB/s sent_count 4 recvd_count 4 local_count 4 
server 1685 recvd 1048576 bytes in 0.007180 seconds, 139.278477 MiB/s sent_count 4 recvd_count 4 local_count 4 
server 1686 recvd 1048576 bytes in 0.007178 seconds, 139.321617 MiB/s sent_count 4 recvd_count 4 local_count 4 
server 1692 recvd 1048576 bytes in 0.007179 seconds, 139.302306 MiB/s sent_count 4 recvd_count 4 local_count 4 
server 1693 recvd 1048576 bytes in 0.007179 seconds, 139.300726 MiB/s sent_count 4 recvd_count 4 local_count 4 
server 1694 recvd 1048576 bytes in 0.007180 seconds, 139.278767 MiB/s sent_count 4 recvd_count 4 local_count 4 
server 1695 recvd 1048576 bytes in 0.007179 seconds, 139.300829 MiB/s sent_count 4 recvd_count 4 local_count 4 
server 1701 recvd 1048576 bytes in 0.007176 seconds, 139.343759 MiB/s sent_count 4 recvd_count 4 local_count 4 
server 1702 recvd 1048576 bytes in 0.007180 seconds, 139.278111 MiB/s sent_count 4 recvd_count 4 local_count 4 
server 1703 recvd 1048576 bytes in 0.007178 seconds, 139.309922 MiB/s sent_count 4 recvd_count 4 local_count 4 
server 1704 recvd 1048576 bytes in 0.007178 seconds, 139.307107 MiB/s sent_count 4 recvd_count 4 local_count 4 
server 1710 recvd 1048576 bytes in 0.007180 seconds, 139.266815 MiB/s sent_count 4 recvd_count 4 local_count 4 
server 1711 recvd 1048576 bytes in 0.007178 seconds, 139.309095 MiB/s sent_count 4 recvd_count 4 local_count 4 
server 1712 recvd 1048576 bytes in 0.007180 seconds, 139.276868 MiB/s sent_count 4 recvd_count 4 local_count 4 
server 1713 recvd 1048576 bytes in 0.007179 seconds, 139.292312 MiB/s sent_count 4 recvd_count 4 local_count 4 
server 1719 recvd 1048576 bytes in 0.007180 seconds, 139.277302 MiB/s sent_count 4 recvd_count 4 local_count 4 
server 1720 recvd 1048576 bytes in 0.007179 seconds, 139.304038 MiB/s sent_count 4 recvd_count 4 local_count 4 
server 1721 recvd 1048576 bytes in 0.007180 seconds, 139.276829 MiB/s sent_count 4 recvd_count 4 local_count 4 
server 1722 recvd 1048576 bytes in 0.007175 seconds, 139.365581 MiB/s sent_count 4 recvd_count 4 local_count 4 
server 1728 recvd 1048576 bytes in 0.007180 seconds, 139.267206 MiB/s sent_count 4 recvd_count 4 local_count 4 
server 1729 recvd 1048576 bytes in 0.007177 seconds, 139.331714 MiB/s sent_count 4 recvd_count 4 local_count 4 
server 1730 recvd 1048576 bytes in 0.007178 seconds, 139.314674 MiB/s sent_count 4 recvd_count 4 local_count 4 
server 1731 recvd 1048576 bytes in 0.007180 seconds, 139.270866 MiB/s sent_count 4 recvd_count 4 local_count 4 
server 1737 recvd 1048576 bytes in 0.007177 seconds, 139.326877 MiB/s sent_count 4 recvd_count 4 local_count 4 
server 1738 recvd 1048576 bytes in 0.007178 seconds, 139.310357 MiB/s sent_count 4 recvd_count 4 local_count 4 
server 1739 recvd 1048576 bytes in 0.007177 seconds, 139.339857 MiB/s sent_count 4 recvd_count 4 local_count 4 
server 1740 recvd 1048576 bytes in 0.007180 seconds, 139.277056 MiB/s sent_count 4 recvd_count 4 local_count 4 
server 1746 recvd 1048576 bytes in 0.007180 seconds, 139.284372 MiB/s sent_count 4 recvd_count 4 local_count 4 
server 1747 recvd 1048576 bytes in 0.007180 seconds, 139.284611 MiB/s sent_count 4 recvd_count 4 local_count 4 
server 1748 recvd 1048576 bytes in 0.007179 seconds, 139.285518 MiB/s sent_count 4 recvd_count 4 local_count 4 
server 1749 recvd 1048576 bytes in 0.007180 seconds, 139.271003 MiB/s sent_count 4 recvd_count 4 local_count 4 
server 1755 recvd 1048576 bytes in 0.007180 seconds, 139.283726 MiB/s sent_count 4 recvd_count 4 local_count 4 
server 1756 recvd 1048576 bytes in 0.007176 seconds, 139.354097 MiB/s sent_count 4 recvd_count 4 local_count 4 
server 1757 recvd 1048576 bytes in 0.007177 seconds, 139.331107 MiB/s sent_count 4 recvd_count 4 local_count 4 
server 1758 recvd 1048576 bytes in 0.007177 seconds, 139.332041 MiB/s sent_count 4 recvd_count 4 local_count 4 
server 1764 recvd 1048576 bytes in 0.007178 seconds, 139.308815 MiB/s sent_count 4 recvd_count 4 local_count 4 
server 1765 recvd 1048576 bytes in 0.007179 seconds, 139.286912 MiB/s sent_count 4 recvd_count 4 local_count 4 
server 1766 recvd 1048576 bytes in 0.007179 seconds, 139.300000 MiB/s sent_count 4 recvd_count 4 local_count 4 
server 1767 recvd 1048576 bytes in 0.007178 seconds, 139.319952 MiB/s sent_count 4 recvd_count 4 local_count 4 
server 1773 recvd 1048576 bytes in 0.007180 seconds, 139.278402 MiB/s sent_count 4 recvd_count 4 local_count 4 
server 1774 recvd 1048576 bytes in 0.007178 seconds, 139.308841 MiB/s sent_count 4 recvd_count 4 local_count 4 
server 1775 recvd 1048576 bytes in 0.007178 seconds, 139.309143 MiB/s sent_count 4 recvd_count 4 local_count 4 
server 1776 recvd 1048576 bytes in 0.007177 seconds, 139.334673 MiB/s sent_count 4 recvd_count 4 local_count 4 
server 1782 recvd 1048576 bytes in 0.007179 seconds, 139.294363 MiB/s sent_count 4 recvd_count 4 local_count 4 
server 1783 recvd 1048576 bytes in 0.007174 seconds, 139.395173 MiB/s sent_count 4 recvd_count 4 local_count 4 
server 1784 recvd 1048576 bytes in 0.007181 seconds, 139.265766 MiB/s sent_count 4 recvd_count 4 local_count 4 
server 1785 recvd 1048576 bytes in 0.007179 seconds, 139.298895 MiB/s sent_count 4 recvd_count 4 local_count 4 
server 1791 recvd 1048576 bytes in 0.007176 seconds, 139.348093 MiB/s sent_count 4 recvd_count 4 local_count 4 
server 1792 recvd 1048576 bytes in 0.007177 seconds, 139.329376 MiB/s sent_count 4 recvd_count 4 local_count 4 
server 1793 recvd 1048576 bytes in 0.007177 seconds, 139.343039 MiB/s sent_count 4 recvd_count 4 local_count 4 
server 1794 recvd 1048576 bytes in 0.007179 seconds, 139.301259 MiB/s sent_count 4 recvd_count 4 local_count 4 
server 1800 recvd 1048576 bytes in 0.007181 seconds, 139.261521 MiB/s sent_count 4 recvd_count 4 local_count 4 
server 1801 recvd 1048576 bytes in 0.007179 seconds, 139.294243 MiB/s sent_count 4 recvd_count 4 local_count 4 
server 1802 recvd 1048576 bytes in 0.007178 seconds, 139.305700 MiB/s sent_count 4 recvd_count 4 local_count 4 
server 1803 recvd 1048576 bytes in 0.007180 seconds, 139.282373 MiB/s sent_count 4 recvd_count 4 local_count 4 
server 1809 recvd 1048576 bytes in 0.007176 seconds, 139.343847 MiB/s sent_count 4 recvd_count 4 local_count 4 
server 1810 recvd 1048576 bytes in 0.007176 seconds, 139.362850 MiB/s sent_count 4 recvd_count 4 local_count 4 
server 1811 recvd 1048576 bytes in 0.007179 seconds, 139.302490 MiB/s sent_count 4 recvd_count 4 local_count 4 
server 1812 recvd 1048576 bytes in 0.007179 seconds, 139.289086 MiB/s sent_count 4 recvd_count 4 local_count 4 
server 1818 recvd 1048576 bytes in 0.007179 seconds, 139.292385 MiB/s sent_count 4 recvd_count 4 local_count 4 
server 1819 recvd 1048576 bytes in 0.007176 seconds, 139.346831 MiB/s sent_count 4 recvd_count 4 local_count 4 
server 1820 recvd 1048576 bytes in 0.007179 seconds, 139.302208 MiB/s sent_count 4 recvd_count 4 local_count 4 
server 1821 recvd 1048576 bytes in 0.007180 seconds, 139.283072 MiB/s sent_count 4 recvd_count 4 local_count 4 
server 1827 recvd 1048576 bytes in 0.007179 seconds, 139.287309 MiB/s sent_count 4 recvd_count 4 local_count 4 
server 1828 recvd 1048576 bytes in 0.007178 seconds, 139.321367 MiB/s sent_count 4 recvd_count 4 local_count 4 
server 1829 recvd 1048576 bytes in 0.007178 seconds, 139.312457 MiB/s sent_count 4 recvd_count 4 local_count 4 
server 1830 recvd 1048576 bytes in 0.007176 seconds, 139.345542 MiB/s sent_count 4 recvd_count 4 local_count 4 
server 1836 recvd 1048576 bytes in 0.007179 seconds, 139.296762 MiB/s sent_count 4 recvd_count 4 local_count 4 
server 1837 recvd 1048576 bytes in 0.007178 seconds, 139.307669 MiB/s sent_count 4 recvd_count 4 local_count 4 
server 1838 recvd 1048576 bytes in 0.007175 seconds, 139.371892 MiB/s sent_count 4 recvd_count 4 local_count 4 
server 1839 recvd 1048576 bytes in 0.007180 seconds, 139.275845 MiB/s sent_count 4 recvd_count 4 local_count 4 
server 1845 recvd 1048576 bytes in 0.007178 seconds, 139.319953 MiB/s sent_count 4 recvd_count 4 local_count 4 
server 1846 recvd 1048576 bytes in 0.007180 seconds, 139.277533 MiB/s sent_count 4 recvd_count 4 local_count 4 
server 1847 recvd 1048576 bytes in 0.007174 seconds, 139.388456 MiB/s sent_count 4 recvd_count 4 local_count 4 
server 1848 recvd 1048576 bytes in 0.007174 seconds, 139.399440 MiB/s sent_count 4 recvd_count 4 local_count 4 
server 1854 recvd 1048576 bytes in 0.007180 seconds, 139.268556 MiB/s sent_count 4 recvd_count 4 local_count 4 
server 1855 recvd 1048576 bytes in 0.007179 seconds, 139.302500 MiB/s sent_count 4 recvd_count 4 local_count 4 
server 1856 recvd 1048576 bytes in 0.007179 seconds, 139.290849 MiB/s sent_count 4 recvd_count 4 local_count 4 
server 1857 recvd 1048576 bytes in 0.007178 seconds, 139.316402 MiB/s sent_count 4 recvd_count 4 local_count 4 
server 1863 recvd 1048576 bytes in 0.007175 seconds, 139.374393 MiB/s sent_count 4 recvd_count 4 local_count 4 
server 1864 recvd 1048576 bytes in 0.007179 seconds, 139.296491 MiB/s sent_count 4 recvd_count 4 local_count 4 
server 1865 recvd 1048576 bytes in 0.007172 seconds, 139.440767 MiB/s sent_count 4 recvd_count 4 local_count 4 
server 1866 recvd 1048576 bytes in 0.007175 seconds, 139.373653 MiB/s sent_count 4 recvd_count 4 local_count 4 
server 1872 recvd 1048576 bytes in 0.007179 seconds, 139.295786 MiB/s sent_count 4 recvd_count 4 local_count 4 
server 1873 recvd 1048576 bytes in 0.007180 seconds, 139.283682 MiB/s sent_count 4 recvd_count 4 local_count 4 
server 1874 recvd 1048576 bytes in 0.007176 seconds, 139.351760 MiB/s sent_count 4 recvd_count 4 local_count 4 
server 1875 recvd 1048576 bytes in 0.007177 seconds, 139.327094 MiB/s sent_count 4 recvd_count 4 local_count 4 
server 1881 recvd 1048576 bytes in 0.007178 seconds, 139.309052 MiB/s sent_count 4 recvd_count 4 local_count 4 
server 1882 recvd 1048576 bytes in 0.007177 seconds, 139.343596 MiB/s sent_count 4 recvd_count 4 local_count 4 
server 1883 recvd 1048576 bytes in 0.007177 seconds, 139.328465 MiB/s sent_count 4 recvd_count 4 local_count 4 
server 1884 recvd 1048576 bytes in 0.007177 seconds, 139.333863 MiB/s sent_count 4 recvd_count 4 local_count 4 
server 1890 recvd 1048576 bytes in 0.007181 seconds, 139.265168 MiB/s sent_count 4 recvd_count 4 local_count 4 
server 1891 recvd 1048576 bytes in 0.007175 seconds, 139.372160 MiB/s sent_count 4 recvd_count 4 local_count 4 
server 1892 recvd 1048576 bytes in 0.007180 seconds, 139.269353 MiB/s sent_count 4 recvd_count 4 local_count 4 
server 1893 recvd 1048576 bytes in 0.007178 seconds, 139.309142 MiB/s sent_count 4 recvd_count 4 local_count 4 
server 1899 recvd 1048576 bytes in 0.007180 seconds, 139.282977 MiB/s sent_count 4 recvd_count 4 local_count 4 
server 1900 recvd 1048576 bytes in 0.007178 seconds, 139.320844 MiB/s sent_count 4 recvd_count 4 local_count 4 
server 1901 recvd 1048576 bytes in 0.007178 seconds, 139.317720 MiB/s sent_count 4 recvd_count 4 local_count 4 
server 1902 recvd 1048576 bytes in 0.007179 seconds, 139.286000 MiB/s sent_count 4 recvd_count 4 local_count 4 
server 1908 recvd 1048576 bytes in 0.007174 seconds, 139.400305 MiB/s sent_count 4 recvd_count 4 local_count 4 
server 1909 recvd 1048576 bytes in 0.007179 seconds, 139.300675 MiB/s sent_count 4 recvd_count 4 local_count 4 
server 1910 recvd 1048576 bytes in 0.007179 seconds, 139.295066 MiB/s sent_count 4 recvd_count 4 local_count 4 
server 1911 recvd 1048576 bytes in 0.007179 seconds, 139.299330 MiB/s sent_count 4 recvd_count 4 local_count 4 
server 1917 recvd 1048576 bytes in 0.007179 seconds, 139.301786 MiB/s sent_count 4 recvd_count 4 local_count 4 
server 1918 recvd 1048576 bytes in 0.007178 seconds, 139.306091 MiB/s sent_count 4 recvd_count 4 local_count 4 
server 1919 recvd 1048576 bytes in 0.007178 seconds, 139.306104 MiB/s sent_count 4 recvd_count 4 local_count 4 
server 1920 recvd 1048576 bytes in 0.007180 seconds, 139.282831 MiB/s sent_count 4 recvd_count 4 local_count 4 
server 1926 recvd 1048576 bytes in 0.007179 seconds, 139.295744 MiB/s sent_count 4 recvd_count 4 local_count 4 
server 1927 recvd 1048576 bytes in 0.007177 seconds, 139.341726 MiB/s sent_count 4 recvd_count 4 local_count 4 
server 1928 recvd 1048576 bytes in 0.007179 seconds, 139.288924 MiB/s sent_count 4 recvd_count 4 local_count 4 
server 1929 recvd 1048576 bytes in 0.007179 seconds, 139.285579 MiB/s sent_count 4 recvd_count 4 local_count 4 
server 1935 recvd 1048576 bytes in 0.007180 seconds, 139.280310 MiB/s sent_count 4 recvd_count 4 local_count 4 
server 1936 recvd 1048576 bytes in 0.007177 seconds, 139.324308 MiB/s sent_count 4 recvd_count 4 local_count 4 
server 1937 recvd 1048576 bytes in 0.007177 seconds, 139.335624 MiB/s sent_count 4 recvd_count 4 local_count 4 
server 1938 recvd 1048576 bytes in 0.007180 seconds, 139.274053 MiB/s sent_count 4 recvd_count 4 local_count 4 
server 1944 recvd 1048576 bytes in 0.007180 seconds, 139.279156 MiB/s sent_count 4 recvd_count 4 local_count 4 
server 1945 recvd 1048576 bytes in 0.007177 seconds, 139.339522 MiB/s sent_count 4 recvd_count 4 local_count 4 
server 1946 recvd 1048576 bytes in 0.007178 seconds, 139.320811 MiB/s sent_count 4 recvd_count 4 local_count 4 
server 1947 recvd 1048576 bytes in 0.007178 seconds, 139.310748 MiB/s sent_count 4 recvd_count 4 local_count 4 
server 1953 recvd 1048576 bytes in 0.007179 seconds, 139.285701 MiB/s sent_count 4 recvd_count 4 local_count 4 
server 1954 recvd 1048576 bytes in 0.007177 seconds, 139.336901 MiB/s sent_count 4 recvd_count 4 local_count 4 
server 1955 recvd 1048576 bytes in 0.007177 seconds, 139.341490 MiB/s sent_count 4 recvd_count 4 local_count 4 
server 1956 recvd 1048576 bytes in 0.007178 seconds, 139.310654 MiB/s sent_count 4 recvd_count 4 local_count 4 
server 1962 recvd 1048576 bytes in 0.007177 seconds, 139.326536 MiB/s sent_count 4 recvd_count 4 local_count 4 
server 1963 recvd 1048576 bytes in 0.007178 seconds, 139.314285 MiB/s sent_count 4 recvd_count 4 local_count 4 
server 1964 recvd 1048576 bytes in 0.007180 seconds, 139.274214 MiB/s sent_count 4 recvd_count 4 local_count 4 
server 1965 recvd 1048576 bytes in 0.007176 seconds, 139.354884 MiB/s sent_count 4 recvd_count 4 local_count 4 
server 1971 recvd 1048576 bytes in 0.007176 seconds, 139.346020 MiB/s sent_count 4 recvd_count 4 local_count 4 
server 1972 recvd 1048576 bytes in 0.007180 seconds, 139.269311 MiB/s sent_count 4 recvd_count 4 local_count 4 
server 1973 recvd 1048576 bytes in 0.007176 seconds, 139.356740 MiB/s sent_count 4 recvd_count 4 local_count 4 
server 1974 recvd 1048576 bytes in 0.007178 seconds, 139.322047 MiB/s sent_count 4 recvd_count 4 local_count 4 
server 1980 recvd 1048576 bytes in 0.007178 seconds, 139.305099 MiB/s sent_count 4 recvd_count 4 local_count 4 
server 1981 recvd 1048576 bytes in 0.007178 seconds, 139.316013 MiB/s sent_count 4 recvd_count 4 local_count 4 
server 1982 recvd 1048576 bytes in 0.007175 seconds, 139.382466 MiB/s sent_count 4 recvd_count 4 local_count 4 
server 1983 recvd 1048576 bytes in 0.007176 seconds, 139.362990 MiB/s sent_count 4 recvd_count 4 local_count 4 
server 1989 recvd 1048576 bytes in 0.007178 seconds, 139.307533 MiB/s sent_count 4 recvd_count 4 local_count 4 
server 1990 recvd 1048576 bytes in 0.007180 seconds, 139.268952 MiB/s sent_count 4 recvd_count 4 local_count 4 
server 1991 recvd 1048576 bytes in 0.007178 seconds, 139.322810 MiB/s sent_count 4 recvd_count 4 local_count 4 
server 1992 recvd 1048576 bytes in 0.007179 seconds, 139.301113 MiB/s sent_count 4 recvd_count 4 local_count 4 
server 1998 recvd 1048576 bytes in 0.007179 seconds, 139.300675 MiB/s sent_count 4 recvd_count 4 local_count 4 
server 1999 recvd 1048576 bytes in 0.007179 seconds, 139.296088 MiB/s sent_count 4 recvd_count 4 local_count 4 
server 2000 recvd 1048576 bytes in 0.007179 seconds, 139.304213 MiB/s sent_count 4 recvd_count 4 local_count 4 
server 2001 recvd 1048576 bytes in 0.007179 seconds, 139.291644 MiB/s sent_count 4 recvd_count 4 local_count 4 
server 2007 recvd 1048576 bytes in 0.007180 seconds, 139.277446 MiB/s sent_count 4 recvd_count 4 local_count 4 
server 2008 recvd 1048576 bytes in 0.007178 seconds, 139.321899 MiB/s sent_count 4 recvd_count 4 local_count 4 
server 2009 recvd 1048576 bytes in 0.007175 seconds, 139.365502 MiB/s sent_count 4 recvd_count 4 local_count 4 
server 2010 recvd 1048576 bytes in 0.007174 seconds, 139.384869 MiB/s sent_count 4 recvd_count 4 local_count 4 
server 2016 recvd 1048576 bytes in 0.007181 seconds, 139.265733 MiB/s sent_count 4 recvd_count 4 local_count 4 
server 2017 recvd 1048576 bytes in 0.007178 seconds, 139.306680 MiB/s sent_count 4 recvd_count 4 local_count 4 
server 2018 recvd 1048576 bytes in 0.007174 seconds, 139.390294 MiB/s sent_count 4 recvd_count 4 local_count 4 
server 2019 recvd 1048576 bytes in 0.007178 seconds, 139.314948 MiB/s sent_count 4 recvd_count 4 local_count 4 
server 2025 recvd 1048576 bytes in 0.007176 seconds, 139.357404 MiB/s sent_count 4 recvd_count 4 local_count 4 
server 2026 recvd 1048576 bytes in 0.007179 seconds, 139.297057 MiB/s sent_count 4 recvd_count 4 local_count 4 
server 2027 recvd 1048576 bytes in 0.007180 seconds, 139.272538 MiB/s sent_count 4 recvd_count 4 local_count 4 
server 2028 recvd 1048576 bytes in 0.007179 seconds, 139.293838 MiB/s sent_count 4 recvd_count 4 local_count 4 
server 2034 recvd 1048576 bytes in 0.007179 seconds, 139.286276 MiB/s sent_count 4 recvd_count 4 local_count 4 
server 2035 recvd 1048576 bytes in 0.007178 seconds, 139.318095 MiB/s sent_count 4 recvd_count 4 local_count 4 
server 2036 recvd 1048576 bytes in 0.007180 seconds, 139.275905 MiB/s sent_count 4 recvd_count 4 local_count 4 
server 2037 recvd 1048576 bytes in 0.007180 seconds, 139.269765 MiB/s sent_count 4 recvd_count 4 local_count 4 
server 2043 recvd 1048576 bytes in 0.007177 seconds, 139.333006 MiB/s sent_count 4 recvd_count 4 local_count 4 
server 2044 recvd 1048576 bytes in 0.007179 seconds, 139.304600 MiB/s sent_count 4 recvd_count 4 local_count 4 
server 2045 recvd 1048576 bytes in 0.007176 seconds, 139.351951 MiB/s sent_count 4 recvd_count 4 local_count 4 
server 2046 recvd 1048576 bytes in 0.007179 seconds, 139.291155 MiB/s sent_count 4 recvd_count 4 local_count 4 
server 2052 recvd 1048576 bytes in 0.007182 seconds, 139.246335 MiB/s sent_count 4 recvd_count 4 local_count 4 
server 2053 recvd 1048576 bytes in 0.007178 seconds, 139.312394 MiB/s sent_count 4 recvd_count 4 local_count 4 
server 2054 recvd 1048576 bytes in 0.007177 seconds, 139.330611 MiB/s sent_count 4 recvd_count 4 local_count 4 
server 2055 recvd 1048576 bytes in 0.007171 seconds, 139.451269 MiB/s sent_count 4 recvd_count 4 local_count 4 
server 2061 recvd 1048576 bytes in 0.007180 seconds, 139.278375 MiB/s sent_count 4 recvd_count 4 local_count 4 
server 2062 recvd 1048576 bytes in 0.007179 seconds, 139.294453 MiB/s sent_count 4 recvd_count 4 local_count 4 
server 2063 recvd 1048576 bytes in 0.007179 seconds, 139.298100 MiB/s sent_count 4 recvd_count 4 local_count 4 
server 2064 recvd 1048576 bytes in 0.007180 seconds, 139.267540 MiB/s sent_count 4 recvd_count 4 local_count 4 
server 2070 recvd 1048576 bytes in 0.007179 seconds, 139.302423 MiB/s sent_count 4 recvd_count 4 local_count 4 
server 2071 recvd 1048576 bytes in 0.007178 seconds, 139.314427 MiB/s sent_count 4 recvd_count 4 local_count 4 
server 2072 recvd 1048576 bytes in 0.007180 seconds, 139.282410 MiB/s sent_count 4 recvd_count 4 local_count 4 
server 2073 recvd 1048576 bytes in 0.007177 seconds, 139.335197 MiB/s sent_count 4 recvd_count 4 local_count 4 
server 2079 recvd 1048576 bytes in 0.007178 seconds, 139.306952 MiB/s sent_count 4 recvd_count 4 local_count 4 
server 2080 recvd 1048576 bytes in 0.007179 seconds, 139.293355 MiB/s sent_count 4 recvd_count 4 local_count 4 
server 2081 recvd 1048576 bytes in 0.007178 seconds, 139.309484 MiB/s sent_count 4 recvd_count 4 local_count 4 
server 2082 recvd 1048576 bytes in 0.007176 seconds, 139.350069 MiB/s sent_count 4 recvd_count 4 local_count 4 
server 2088 recvd 1048576 bytes in 0.007178 seconds, 139.323258 MiB/s sent_count 4 recvd_count 4 local_count 4 
server 2089 recvd 1048576 bytes in 0.007179 seconds, 139.294046 MiB/s sent_count 4 recvd_count 4 local_count 4 
server 2090 recvd 1048576 bytes in 0.007180 seconds, 139.282254 MiB/s sent_count 4 recvd_count 4 local_count 4 
server 2091 recvd 1048576 bytes in 0.007174 seconds, 139.394805 MiB/s sent_count 4 recvd_count 4 local_count 4 
server 2097 recvd 1048576 bytes in 0.007173 seconds, 139.413619 MiB/s sent_count 4 recvd_count 4 local_count 4 
server 2098 recvd 1048576 bytes in 0.007180 seconds, 139.266396 MiB/s sent_count 4 recvd_count 4 local_count 4 
server 2099 recvd 1048576 bytes in 0.007179 seconds, 139.298598 MiB/s sent_count 4 recvd_count 4 local_count 4 
server 2100 recvd 1048576 bytes in 0.007176 seconds, 139.358092 MiB/s sent_count 4 recvd_count 4 local_count 4 
server 2106 recvd 1048576 bytes in 0.007179 seconds, 139.301914 MiB/s sent_count 4 recvd_count 4 local_count 4 
server 2107 recvd 1048576 bytes in 0.007179 seconds, 139.291157 MiB/s sent_count 4 recvd_count 4 local_count 4 
server 2108 recvd 1048576 bytes in 0.007179 seconds, 139.297639 MiB/s sent_count 4 recvd_count 4 local_count 4 
server 2109 recvd 1048576 bytes in 0.007179 seconds, 139.293560 MiB/s sent_count 4 recvd_count 4 local_count 4 
server 2115 recvd 1048576 bytes in 0.007179 seconds, 139.291820 MiB/s sent_count 4 recvd_count 4 local_count 4 
server 2116 recvd 1048576 bytes in 0.007178 seconds, 139.308715 MiB/s sent_count 4 recvd_count 4 local_count 4 
server 2117 recvd 1048576 bytes in 0.007177 seconds, 139.339656 MiB/s sent_count 4 recvd_count 4 local_count 4 
server 2118 recvd 1048576 bytes in 0.007179 seconds, 139.293692 MiB/s sent_count 4 recvd_count 4 local_count 4 
server 2124 recvd 1048576 bytes in 0.007175 seconds, 139.372767 MiB/s sent_count 4 recvd_count 4 local_count 4 
server 2125 recvd 1048576 bytes in 0.007180 seconds, 139.281634 MiB/s sent_count 4 recvd_count 4 local_count 4 
server 2126 recvd 1048576 bytes in 0.007176 seconds, 139.353478 MiB/s sent_count 4 recvd_count 4 local_count 4 
server 2127 recvd 1048576 bytes in 0.007177 seconds, 139.334747 MiB/s sent_count 4 recvd_count 4 local_count 4 
server 2133 recvd 1048576 bytes in 0.007179 seconds, 139.299908 MiB/s sent_count 4 recvd_count 4 local_count 4 
server 2134 recvd 1048576 bytes in 0.007175 seconds, 139.381163 MiB/s sent_count 4 recvd_count 4 local_count 4 
server 2135 recvd 1048576 bytes in 0.007179 seconds, 139.291862 MiB/s sent_count 4 recvd_count 4 local_count 4 
server 2136 recvd 1048576 bytes in 0.007177 seconds, 139.330259 MiB/s sent_count 4 recvd_count 4 local_count 4 
server 2142 recvd 1048576 bytes in 0.007177 seconds, 139.328609 MiB/s sent_count 4 recvd_count 4 local_count 4 
server 2143 recvd 1048576 bytes in 0.007176 seconds, 139.349679 MiB/s sent_count 4 recvd_count 4 local_count 4 
server 2144 recvd 1048576 bytes in 0.007181 seconds, 139.263357 MiB/s sent_count 4 recvd_count 4 local_count 4 
server 2145 recvd 1048576 bytes in 0.007181 seconds, 139.263001 MiB/s sent_count 4 recvd_count 4 local_count 4 
server 2151 recvd 1048576 bytes in 0.007180 seconds, 139.267735 MiB/s sent_count 4 recvd_count 4 local_count 4 
server 2152 recvd 1048576 bytes in 0.007180 seconds, 139.280590 MiB/s sent_count 4 recvd_count 4 local_count 4 
server 2153 recvd 1048576 bytes in 0.007180 seconds, 139.276107 MiB/s sent_count 4 recvd_count 4 local_count 4 
server 2154 recvd 1048576 bytes in 0.007178 seconds, 139.305403 MiB/s sent_count 4 recvd_count 4 local_count 4 
server 2160 recvd 1048576 bytes in 0.007178 seconds, 139.306252 MiB/s sent_count 4 recvd_count 4 local_count 4 
server 2161 recvd 1048576 bytes in 0.007178 seconds, 139.307984 MiB/s sent_count 4 recvd_count 4 local_count 4 
server 2162 recvd 1048576 bytes in 0.007180 seconds, 139.268813 MiB/s sent_count 4 recvd_count 4 local_count 4 
server 2163 recvd 1048576 bytes in 0.007178 seconds, 139.309254 MiB/s sent_count 4 recvd_count 4 local_count 4 
server 2169 recvd 1048576 bytes in 0.007179 seconds, 139.293393 MiB/s sent_count 4 recvd_count 4 local_count 4 
server 2170 recvd 1048576 bytes in 0.007176 seconds, 139.349442 MiB/s sent_count 4 recvd_count 4 local_count 4 
server 2171 recvd 1048576 bytes in 0.007177 seconds, 139.334194 MiB/s sent_count 4 recvd_count 4 local_count 4 
server 2172 recvd 1048576 bytes in 0.007179 seconds, 139.289556 MiB/s sent_count 4 recvd_count 4 local_count 4 
server 2178 recvd 1048576 bytes in 0.007180 seconds, 139.267773 MiB/s sent_count 4 recvd_count 4 local_count 4 
server 2179 recvd 1048576 bytes in 0.007180 seconds, 139.266398 MiB/s sent_count 4 recvd_count 4 local_count 4 
server 2180 recvd 1048576 bytes in 0.007180 seconds, 139.279304 MiB/s sent_count 4 recvd_count 4 local_count 4 
server 2181 recvd 1048576 bytes in 0.007180 seconds, 139.281350 MiB/s sent_count 4 recvd_count 4 local_count 4 
server 2187 recvd 1048576 bytes in 0.007179 seconds, 139.286623 MiB/s sent_count 4 recvd_count 4 local_count 4 
server 2188 recvd 1048576 bytes in 0.007176 seconds, 139.351207 MiB/s sent_count 4 recvd_count 4 local_count 4 
server 2189 recvd 1048576 bytes in 0.007171 seconds, 139.446300 MiB/s sent_count 4 recvd_count 4 local_count 4 
server 2190 recvd 1048576 bytes in 0.007178 seconds, 139.321346 MiB/s sent_count 4 recvd_count 4 local_count 4 
server 2196 recvd 1048576 bytes in 0.007177 seconds, 139.326434 MiB/s sent_count 4 recvd_count 4 local_count 4 
server 2197 recvd 1048576 bytes in 0.007179 seconds, 139.304155 MiB/s sent_count 4 recvd_count 4 local_count 4 
server 2198 recvd 1048576 bytes in 0.007176 seconds, 139.360781 MiB/s sent_count 4 recvd_count 4 local_count 4 
server 2199 recvd 1048576 bytes in 0.007175 seconds, 139.363601 MiB/s sent_count 4 recvd_count 4 local_count 4 
server 2205 recvd 1048576 bytes in 0.007178 seconds, 139.318318 MiB/s sent_count 4 recvd_count 4 local_count 4 
server 2206 recvd 1048576 bytes in 0.007176 seconds, 139.357504 MiB/s sent_count 4 recvd_count 4 local_count 4 
server 2207 recvd 1048576 bytes in 0.007179 seconds, 139.301525 MiB/s sent_count 4 recvd_count 4 local_count 4 
server 2208 recvd 1048576 bytes in 0.007181 seconds, 139.248285 MiB/s sent_count 4 recvd_count 4 local_count 4 
server 2214 recvd 1048576 bytes in 0.007180 seconds, 139.268965 MiB/s sent_count 4 recvd_count 4 local_count 4 
server 2215 recvd 1048576 bytes in 0.007175 seconds, 139.369094 MiB/s sent_count 4 recvd_count 4 local_count 4 
server 2216 recvd 1048576 bytes in 0.007179 seconds, 139.287872 MiB/s sent_count 4 recvd_count 4 local_count 4 
server 2217 recvd 1048576 bytes in 0.007176 seconds, 139.352214 MiB/s sent_count 4 recvd_count 4 local_count 4 
server 2223 recvd 1048576 bytes in 0.007178 seconds, 139.311664 MiB/s sent_count 4 recvd_count 4 local_count 4 
server 2224 recvd 1048576 bytes in 0.007180 seconds, 139.285175 MiB/s sent_count 4 recvd_count 4 local_count 4 
server 2225 recvd 1048576 bytes in 0.007174 seconds, 139.400552 MiB/s sent_count 4 recvd_count 4 local_count 4 
server 2226 recvd 1048576 bytes in 0.007178 seconds, 139.307674 MiB/s sent_count 4 recvd_count 4 local_count 4 
server 2232 recvd 1048576 bytes in 0.007177 seconds, 139.335425 MiB/s sent_count 4 recvd_count 4 local_count 4 
server 2233 recvd 1048576 bytes in 0.007180 seconds, 139.282553 MiB/s sent_count 4 recvd_count 4 local_count 4 
server 2234 recvd 1048576 bytes in 0.007179 seconds, 139.300309 MiB/s sent_count 4 recvd_count 4 local_count 4 
server 2235 recvd 1048576 bytes in 0.007174 seconds, 139.383842 MiB/s sent_count 4 recvd_count 4 local_count 4 
server 2241 recvd 1048576 bytes in 0.007179 seconds, 139.295946 MiB/s sent_count 4 recvd_count 4 local_count 4 
server 2242 recvd 1048576 bytes in 0.007176 seconds, 139.343886 MiB/s sent_count 4 recvd_count 4 local_count 4 
server 2243 recvd 1048576 bytes in 0.007175 seconds, 139.364223 MiB/s sent_count 4 recvd_count 4 local_count 4 
server 2244 recvd 1048576 bytes in 0.007175 seconds, 139.379497 MiB/s sent_count 4 recvd_count 4 local_count 4 
server 2250 recvd 1048576 bytes in 0.007179 seconds, 139.294967 MiB/s sent_count 4 recvd_count 4 local_count 4 
server 2251 recvd 1048576 bytes in 0.007176 seconds, 139.350083 MiB/s sent_count 4 recvd_count 4 local_count 4 
server 2252 recvd 1048576 bytes in 0.007176 seconds, 139.358325 MiB/s sent_count 4 recvd_count 4 local_count 4 
server 2253 recvd 1048576 bytes in 0.007178 seconds, 139.309014 MiB/s sent_count 4 recvd_count 4 local_count 4 
server 2259 recvd 1048576 bytes in 0.007179 seconds, 139.296160 MiB/s sent_count 4 recvd_count 4 local_count 4 
server 2260 recvd 1048576 bytes in 0.007177 seconds, 139.342252 MiB/s sent_count 4 recvd_count 4 local_count 4 
server 2261 recvd 1048576 bytes in 0.007176 seconds, 139.357201 MiB/s sent_count 4 recvd_count 4 local_count 4 
server 2262 recvd 1048576 bytes in 0.007177 seconds, 139.331666 MiB/s sent_count 4 recvd_count 4 local_count 4 
server 2268 recvd 1048576 bytes in 0.007175 seconds, 139.370555 MiB/s sent_count 4 recvd_count 4 local_count 4 
server 2269 recvd 1048576 bytes in 0.007180 seconds, 139.269541 MiB/s sent_count 4 recvd_count 4 local_count 4 
server 2270 recvd 1048576 bytes in 0.007175 seconds, 139.377894 MiB/s sent_count 4 recvd_count 4 local_count 4 
server 2271 recvd 1048576 bytes in 0.007179 seconds, 139.301280 MiB/s sent_count 4 recvd_count 4 local_count 4 
server 2277 recvd 1048576 bytes in 0.007177 seconds, 139.339252 MiB/s sent_count 4 recvd_count 4 local_count 4 
server 2278 recvd 1048576 bytes in 0.007180 seconds, 139.266406 MiB/s sent_count 4 recvd_count 4 local_count 4 
server 2279 recvd 1048576 bytes in 0.007175 seconds, 139.377537 MiB/s sent_count 4 recvd_count 4 local_count 4 
server 2280 recvd 1048576 bytes in 0.007178 seconds, 139.317589 MiB/s sent_count 4 recvd_count 4 local_count 4 
server 2286 recvd 1048576 bytes in 0.007180 seconds, 139.282747 MiB/s sent_count 4 recvd_count 4 local_count 4 
server 2287 recvd 1048576 bytes in 0.007177 seconds, 139.327862 MiB/s sent_count 4 recvd_count 4 local_count 4 
server 2288 recvd 1048576 bytes in 0.007180 seconds, 139.269452 MiB/s sent_count 4 recvd_count 4 local_count 4 
server 2289 recvd 1048576 bytes in 0.007174 seconds, 139.383418 MiB/s sent_count 4 recvd_count 4 local_count 4 
server 2295 recvd 1048576 bytes in 0.007179 seconds, 139.295600 MiB/s sent_count 4 recvd_count 4 local_count 4 
server 2296 recvd 1048576 bytes in 0.007174 seconds, 139.392100 MiB/s sent_count 4 recvd_count 4 local_count 4 
server 2297 recvd 1048576 bytes in 0.007179 seconds, 139.286741 MiB/s sent_count 4 recvd_count 4 local_count 4 
server 2298 recvd 1048576 bytes in 0.007176 seconds, 139.351672 MiB/s sent_count 4 recvd_count 4 local_count 4 
server 2304 recvd 1048576 bytes in 0.007180 seconds, 139.276243 MiB/s sent_count 4 recvd_count 4 local_count 4 
server 2305 recvd 1048576 bytes in 0.007174 seconds, 139.397875 MiB/s sent_count 4 recvd_count 4 local_count 4 
server 2306 recvd 1048576 bytes in 0.007177 seconds, 139.325560 MiB/s sent_count 4 recvd_count 4 local_count 4 
server 2307 recvd 1048576 bytes in 0.007177 seconds, 139.328677 MiB/s sent_count 4 recvd_count 4 local_count 4 
server 2313 recvd 1048576 bytes in 0.007171 seconds, 139.456642 MiB/s sent_count 4 recvd_count 4 local_count 4 
server 2314 recvd 1048576 bytes in 0.007179 seconds, 139.299936 MiB/s sent_count 4 recvd_count 4 local_count 4 
server 2315 recvd 1048576 bytes in 0.007179 seconds, 139.287992 MiB/s sent_count 4 recvd_count 4 local_count 4 
server 2316 recvd 1048576 bytes in 0.007180 seconds, 139.273942 MiB/s sent_count 4 recvd_count 4 local_count 4 
server 2322 recvd 1048576 bytes in 0.007175 seconds, 139.374618 MiB/s sent_count 4 recvd_count 4 local_count 4 
server 2323 recvd 1048576 bytes in 0.007180 seconds, 139.278087 MiB/s sent_count 4 recvd_count 4 local_count 4 
server 2324 recvd 1048576 bytes in 0.007178 seconds, 139.318842 MiB/s sent_count 4 recvd_count 4 local_count 4 
server 2325 recvd 1048576 bytes in 0.007177 seconds, 139.327007 MiB/s sent_count 4 recvd_count 4 local_count 4 
server 2331 recvd 1048576 bytes in 0.007175 seconds, 139.379847 MiB/s sent_count 4 recvd_count 4 local_count 4 
server 2332 recvd 1048576 bytes in 0.007178 seconds, 139.312105 MiB/s sent_count 4 recvd_count 4 local_count 4 
server 2333 recvd 1048576 bytes in 0.007176 seconds, 139.362511 MiB/s sent_count 4 recvd_count 4 local_count 4 
server 2334 recvd 1048576 bytes in 0.007175 seconds, 139.363949 MiB/s sent_count 4 recvd_count 4 local_count 4 
server 2340 recvd 1048576 bytes in 0.007178 seconds, 139.318636 MiB/s sent_count 4 recvd_count 4 local_count 4 
server 2341 recvd 1048576 bytes in 0.007175 seconds, 139.378287 MiB/s sent_count 4 recvd_count 4 local_count 4 
server 2342 recvd 1048576 bytes in 0.007179 seconds, 139.296159 MiB/s sent_count 4 recvd_count 4 local_count 4 
server 2343 recvd 1048576 bytes in 0.007179 seconds, 139.299634 MiB/s sent_count 4 recvd_count 4 local_count 4 
server 2349 recvd 1048576 bytes in 0.007178 seconds, 139.306952 MiB/s sent_count 4 recvd_count 4 local_count 4 
server 2350 recvd 1048576 bytes in 0.007178 seconds, 139.310036 MiB/s sent_count 4 recvd_count 4 local_count 4 
server 2351 recvd 1048576 bytes in 0.007173 seconds, 139.411547 MiB/s sent_count 4 recvd_count 4 local_count 4 
server 2352 recvd 1048576 bytes in 0.007175 seconds, 139.377312 MiB/s sent_count 4 recvd_count 4 local_count 4 
server 2358 recvd 1048576 bytes in 0.007181 seconds, 139.250427 MiB/s sent_count 4 recvd_count 4 local_count 4 
server 2359 recvd 1048576 bytes in 0.007178 seconds, 139.307839 MiB/s sent_count 4 recvd_count 4 local_count 4 
server 2360 recvd 1048576 bytes in 0.007168 seconds, 139.509128 MiB/s sent_count 4 recvd_count 4 local_count 4 
server 2361 recvd 1048576 bytes in 0.007178 seconds, 139.323380 MiB/s sent_count 4 recvd_count 4 local_count 4 
server 2367 recvd 1048576 bytes in 0.007179 seconds, 139.286434 MiB/s sent_count 4 recvd_count 4 local_count 4 
server 2368 recvd 1048576 bytes in 0.007179 seconds, 139.287437 MiB/s sent_count 4 recvd_count 4 local_count 4 
server 2369 recvd 1048576 bytes in 0.007176 seconds, 139.352555 MiB/s sent_count 4 recvd_count 4 local_count 4 
server 2370 recvd 1048576 bytes in 0.007175 seconds, 139.364797 MiB/s sent_count 4 recvd_count 4 local_count 4 

	: Running Time = 505.1865 seconds

TW Library Statistics:
	Total Events Processed                               499587122
	Events Aborted (part of RBs)                                 0
	Events Rolled Back                                           0
	Event Ties Detected in PE Queues                             0
	Efficiency                                              100.00 %
	Total Remote (shared mem) Events Processed                   0
	Percent Remote Events                                     0.00 %
	Total Remote (network) Events Processed                      0
	Percent Remote Events                                     0.00 %

	Total Roll Backs                                             0
	Primary Roll Backs                                           0
	Secondary Roll Backs                                         0
	Fossil Collect Attempts                                      0
	Total GVT Computations                                       0

	Net Events Processed                                 499587122
	Event Rate (events/sec)                               988916.2
	Total Events Scheduled Past End Time                         0

TW Memory Statistics:
	Events Allocated                                        608273
	Memory Allocated                                        510663
	Memory Wasted                                              375

TW Data Structure sizes in bytes (sizeof):
	PE struct                                                 1328
	KP struct                                                  320
	LP struct                                                  320
	LP Model struct                                            112
	LP RNGs                                                     80
	Total LP                                                   512
	Event struct                                               344
	Event struct with Model                                    856

TW Clock Cycle Statistics (MAX values in secs at 1.0000 GHz):
	Initialization                                          8.0498
	Priority Queue (enq/deq)                              337.2097
	AVL Tree (insert/delete)                                0.0000
	LZ4 (de)compression                                     0.0000
	Buddy system                                            0.0000
	Event Processing                                     1203.4855
	Event Cancel                                            0.0000
	Event Abort                                             0.0000

	GVT                                                     0.0000
	Fossil Collect                                          0.0000
	Primary Rollbacks                                       0.0000
	Network Read                                            0.0000
	Other Network                                           0.0000
	Instrumentation (computation)                           0.0000
	Instrumentation (write)                                 0.0000
	Total Time (Note: Using Running Time above for Speedup)   1309.4461

TW GVT Statistics: MPI AllReduce
	GVT Interval                                                16
	GVT Real Time Interval (cycles)                    0
	GVT Real Time Interval (sec)                        0.00000000
	Batch Size                                                  16

	Forced GVT                                                   0
	Total GVT Computations                                       0
	Total All Reduce Calls                                       0
	Average Reduction / GVT                                   -nan
 Average number of hops traversed 3.750000 average chunk latency 3314.701304 us maximum chunk latency 6577.823348 us avg message size 262144.000000 bytes finished messages 4224 finished chunks 34603008 

 Total packets generated 2162688 finished 2162688 
