/workspace/codes/build/src/model-net-synthetic --sync=1 --traffic=2 --num_messages=1 --payload_size=262144 -- config.yaml 

Fri Jul 24 14:40:48 2026

ROSS Version: v8.1.0

tw_net_start: Found world size to be 1 
credit_size not specified, using default: 8
no credit_delay specified - all credit delays set to 1.42
Within-node eager limit (node_eager_limit) not specified, setting to 16000
NIC num injection port not specified, setting to 1
NIC seq delay not specified, setting to 10.000000
NIC num copy queues not specified, setting to 1

 Total nodes 1056 routers 264 groups 33 radix 16 
within node transfer per byte delay is 0.190476

ROSS Core Configuration: 
	Total PEs                                                    1
	Total KPs                                          [Nodes (1) x KPs (16)] 16
	Total LPs                                                 2376
	Simulation End Time                                432000000000000.00
	LP-to-PE Mapping                                   model defined


ROSS Event Memory Allocation:
	Model events                                            608257
	Network events                                              16
	Total events                                            608272

*** START SEQUENTIAL SIMULATION ***

Set num_servers per router 4, servers per injection queue per router 4, servers per node copy queue per node 1, num nics 4
*** END SIMULATION ***

server 0 recvd 262144 bytes in 0.001796 seconds, 139.223332 MiB/s sent_count 1 recvd_count 1 local_count 1 
server 1 recvd 262144 bytes in 0.001794 seconds, 139.332796 MiB/s sent_count 1 recvd_count 1 local_count 1 
server 2 recvd 262144 bytes in 0.001796 seconds, 139.231799 MiB/s sent_count 1 recvd_count 1 local_count 1 
server 3 recvd 262144 bytes in 0.001794 seconds, 139.330336 MiB/s sent_count 1 recvd_count 1 local_count 1 
server 9 recvd 262144 bytes in 0.001796 seconds, 139.219214 MiB/s sent_count 1 recvd_count 1 local_count 1 
server 10 recvd 262144 bytes in 0.001793 seconds, 139.396287 MiB/s sent_count 1 recvd_count 1 local_count 1 
server 11 recvd 262144 bytes in 0.001795 seconds, 139.287732 MiB/s sent_count 1 recvd_count 1 local_count 1 
server 12 recvd 262144 bytes in 0.001795 seconds, 139.276728 MiB/s sent_count 1 recvd_count 1 local_count 1 
server 18 recvd 262144 bytes in 0.001795 seconds, 139.255221 MiB/s sent_count 1 recvd_count 1 local_count 1 
server 19 recvd 262144 bytes in 0.001794 seconds, 139.367406 MiB/s sent_count 1 recvd_count 1 local_count 1 
server 20 recvd 262144 bytes in 0.001794 seconds, 139.370932 MiB/s sent_count 1 recvd_count 1 local_count 1 
server 21 recvd 262144 bytes in 0.001795 seconds, 139.251190 MiB/s sent_count 1 recvd_count 1 local_count 1 
server 27 recvd 262144 bytes in 0.001795 seconds, 139.287588 MiB/s sent_count 1 recvd_count 1 local_count 1 
server 28 recvd 262144 bytes in 0.001795 seconds, 139.279134 MiB/s sent_count 1 recvd_count 1 local_count 1 
server 29 recvd 262144 bytes in 0.001796 seconds, 139.221078 MiB/s sent_count 1 recvd_count 1 local_count 1 
server 30 recvd 262144 bytes in 0.001795 seconds, 139.278245 MiB/s sent_count 1 recvd_count 1 local_count 1 
server 36 recvd 262144 bytes in 0.001794 seconds, 139.358206 MiB/s sent_count 1 recvd_count 1 local_count 1 
server 37 recvd 262144 bytes in 0.001795 seconds, 139.251060 MiB/s sent_count 1 recvd_count 1 local_count 1 
server 38 recvd 262144 bytes in 0.001794 seconds, 139.349351 MiB/s sent_count 1 recvd_count 1 local_count 1 
server 39 recvd 262144 bytes in 0.001796 seconds, 139.227097 MiB/s sent_count 1 recvd_count 1 local_count 1 
server 45 recvd 262144 bytes in 0.001795 seconds, 139.293264 MiB/s sent_count 1 recvd_count 1 local_count 1 
server 46 recvd 262144 bytes in 0.001796 seconds, 139.222845 MiB/s sent_count 1 recvd_count 1 local_count 1 
server 47 recvd 262144 bytes in 0.001791 seconds, 139.616772 MiB/s sent_count 1 recvd_count 1 local_count 1 
server 48 recvd 262144 bytes in 0.001792 seconds, 139.476718 MiB/s sent_count 1 recvd_count 1 local_count 1 
server 54 recvd 262144 bytes in 0.001795 seconds, 139.283036 MiB/s sent_count 1 recvd_count 1 local_count 1 
server 55 recvd 262144 bytes in 0.001794 seconds, 139.332476 MiB/s sent_count 1 recvd_count 1 local_count 1 
server 56 recvd 262144 bytes in 0.001795 seconds, 139.241354 MiB/s sent_count 1 recvd_count 1 local_count 1 
server 57 recvd 262144 bytes in 0.001795 seconds, 139.254147 MiB/s sent_count 1 recvd_count 1 local_count 1 
server 63 recvd 262144 bytes in 0.001795 seconds, 139.282860 MiB/s sent_count 1 recvd_count 1 local_count 1 
server 64 recvd 262144 bytes in 0.001795 seconds, 139.269493 MiB/s sent_count 1 recvd_count 1 local_count 1 
server 65 recvd 262144 bytes in 0.001795 seconds, 139.241566 MiB/s sent_count 1 recvd_count 1 local_count 1 
server 66 recvd 262144 bytes in 0.001792 seconds, 139.473170 MiB/s sent_count 1 recvd_count 1 local_count 1 
server 72 recvd 262144 bytes in 0.001795 seconds, 139.245377 MiB/s sent_count 1 recvd_count 1 local_count 1 
server 73 recvd 262144 bytes in 0.001795 seconds, 139.283470 MiB/s sent_count 1 recvd_count 1 local_count 1 
server 74 recvd 262144 bytes in 0.001793 seconds, 139.397224 MiB/s sent_count 1 recvd_count 1 local_count 1 
server 75 recvd 262144 bytes in 0.001796 seconds, 139.235126 MiB/s sent_count 1 recvd_count 1 local_count 1 
server 81 recvd 262144 bytes in 0.001795 seconds, 139.298340 MiB/s sent_count 1 recvd_count 1 local_count 1 
server 82 recvd 262144 bytes in 0.001795 seconds, 139.299404 MiB/s sent_count 1 recvd_count 1 local_count 1 
server 83 recvd 262144 bytes in 0.001796 seconds, 139.229894 MiB/s sent_count 1 recvd_count 1 local_count 1 
server 84 recvd 262144 bytes in 0.001790 seconds, 139.662766 MiB/s sent_count 1 recvd_count 1 local_count 1 
server 90 recvd 262144 bytes in 0.001796 seconds, 139.229666 MiB/s sent_count 1 recvd_count 1 local_count 1 
server 91 recvd 262144 bytes in 0.001795 seconds, 139.261028 MiB/s sent_count 1 recvd_count 1 local_count 1 
server 92 recvd 262144 bytes in 0.001795 seconds, 139.267573 MiB/s sent_count 1 recvd_count 1 local_count 1 
server 93 recvd 262144 bytes in 0.001791 seconds, 139.574112 MiB/s sent_count 1 recvd_count 1 local_count 1 
server 99 recvd 262144 bytes in 0.001795 seconds, 139.271161 MiB/s sent_count 1 recvd_count 1 local_count 1 
server 100 recvd 262144 bytes in 0.001796 seconds, 139.223655 MiB/s sent_count 1 recvd_count 1 local_count 1 
server 101 recvd 262144 bytes in 0.001796 seconds, 139.221709 MiB/s sent_count 1 recvd_count 1 local_count 1 
server 102 recvd 262144 bytes in 0.001794 seconds, 139.356834 MiB/s sent_count 1 recvd_count 1 local_count 1 
server 108 recvd 262144 bytes in 0.001795 seconds, 139.249938 MiB/s sent_count 1 recvd_count 1 local_count 1 
server 109 recvd 262144 bytes in 0.001794 seconds, 139.322297 MiB/s sent_count 1 recvd_count 1 local_count 1 
server 110 recvd 262144 bytes in 0.001794 seconds, 139.319236 MiB/s sent_count 1 recvd_count 1 local_count 1 
server 111 recvd 262144 bytes in 0.001792 seconds, 139.516248 MiB/s sent_count 1 recvd_count 1 local_count 1 
server 117 recvd 262144 bytes in 0.001796 seconds, 139.210595 MiB/s sent_count 1 recvd_count 1 local_count 1 
server 118 recvd 262144 bytes in 0.001795 seconds, 139.293128 MiB/s sent_count 1 recvd_count 1 local_count 1 
server 119 recvd 262144 bytes in 0.001794 seconds, 139.342414 MiB/s sent_count 1 recvd_count 1 local_count 1 
server 120 recvd 262144 bytes in 0.001795 seconds, 139.275184 MiB/s sent_count 1 recvd_count 1 local_count 1 
server 126 recvd 262144 bytes in 0.001794 seconds, 139.357843 MiB/s sent_count 1 recvd_count 1 local_count 1 
server 127 recvd 262144 bytes in 0.001793 seconds, 139.427101 MiB/s sent_count 1 recvd_count 1 local_count 1 
server 128 recvd 262144 bytes in 0.001795 seconds, 139.312710 MiB/s sent_count 1 recvd_count 1 local_count 1 
server 129 recvd 262144 bytes in 0.001796 seconds, 139.231658 MiB/s sent_count 1 recvd_count 1 local_count 1 
server 135 recvd 262144 bytes in 0.001795 seconds, 139.263421 MiB/s sent_count 1 recvd_count 1 local_count 1 
server 136 recvd 262144 bytes in 0.001796 seconds, 139.231616 MiB/s sent_count 1 recvd_count 1 local_count 1 
server 137 recvd 262144 bytes in 0.001796 seconds, 139.211647 MiB/s sent_count 1 recvd_count 1 local_count 1 
server 138 recvd 262144 bytes in 0.001794 seconds, 139.353178 MiB/s sent_count 1 recvd_count 1 local_count 1 
server 144 recvd 262144 bytes in 0.001794 seconds, 139.319209 MiB/s sent_count 1 recvd_count 1 local_count 1 
server 145 recvd 262144 bytes in 0.001792 seconds, 139.470493 MiB/s sent_count 1 recvd_count 1 local_count 1 
server 146 recvd 262144 bytes in 0.001795 seconds, 139.273262 MiB/s sent_count 1 recvd_count 1 local_count 1 
server 147 recvd 262144 bytes in 0.001795 seconds, 139.292839 MiB/s sent_count 1 recvd_count 1 local_count 1 
server 153 recvd 262144 bytes in 0.001796 seconds, 139.208470 MiB/s sent_count 1 recvd_count 1 local_count 1 
server 154 recvd 262144 bytes in 0.001795 seconds, 139.266485 MiB/s sent_count 1 recvd_count 1 local_count 1 
server 155 recvd 262144 bytes in 0.001795 seconds, 139.251342 MiB/s sent_count 1 recvd_count 1 local_count 1 
server 156 recvd 262144 bytes in 0.001793 seconds, 139.398038 MiB/s sent_count 1 recvd_count 1 local_count 1 
server 162 recvd 262144 bytes in 0.001795 seconds, 139.304091 MiB/s sent_count 1 recvd_count 1 local_count 1 
server 163 recvd 262144 bytes in 0.001796 seconds, 139.235953 MiB/s sent_count 1 recvd_count 1 local_count 1 
server 164 recvd 262144 bytes in 0.001795 seconds, 139.257179 MiB/s sent_count 1 recvd_count 1 local_count 1 
server 165 recvd 262144 bytes in 0.001795 seconds, 139.243836 MiB/s sent_count 1 recvd_count 1 local_count 1 
server 171 recvd 262144 bytes in 0.001796 seconds, 139.228364 MiB/s sent_count 1 recvd_count 1 local_count 1 
server 172 recvd 262144 bytes in 0.001793 seconds, 139.398563 MiB/s sent_count 1 recvd_count 1 local_count 1 
server 173 recvd 262144 bytes in 0.001794 seconds, 139.363522 MiB/s sent_count 1 recvd_count 1 local_count 1 
server 174 recvd 262144 bytes in 0.001795 seconds, 139.301345 MiB/s sent_count 1 recvd_count 1 local_count 1 
server 180 recvd 262144 bytes in 0.001796 seconds, 139.236673 MiB/s sent_count 1 recvd_count 1 local_count 1 
server 181 recvd 262144 bytes in 0.001795 seconds, 139.288831 MiB/s sent_count 1 recvd_count 1 local_count 1 
server 182 recvd 262144 bytes in 0.001794 seconds, 139.370346 MiB/s sent_count 1 recvd_count 1 local_count 1 
server 183 recvd 262144 bytes in 0.001794 seconds, 139.322762 MiB/s sent_count 1 recvd_count 1 local_count 1 
server 189 recvd 262144 bytes in 0.001794 seconds, 139.354455 MiB/s sent_count 1 recvd_count 1 local_count 1 
server 190 recvd 262144 bytes in 0.001795 seconds, 139.245142 MiB/s sent_count 1 recvd_count 1 local_count 1 
server 191 recvd 262144 bytes in 0.001792 seconds, 139.498887 MiB/s sent_count 1 recvd_count 1 local_count 1 
server 192 recvd 262144 bytes in 0.001795 seconds, 139.271860 MiB/s sent_count 1 recvd_count 1 local_count 1 
server 198 recvd 262144 bytes in 0.001795 seconds, 139.247164 MiB/s sent_count 1 recvd_count 1 local_count 1 
server 199 recvd 262144 bytes in 0.001795 seconds, 139.284620 MiB/s sent_count 1 recvd_count 1 local_count 1 
server 200 recvd 262144 bytes in 0.001792 seconds, 139.543494 MiB/s sent_count 1 recvd_count 1 local_count 1 
server 201 recvd 262144 bytes in 0.001795 seconds, 139.281298 MiB/s sent_count 1 recvd_count 1 local_count 1 
server 207 recvd 262144 bytes in 0.001796 seconds, 139.236757 MiB/s sent_count 1 recvd_count 1 local_count 1 
server 208 recvd 262144 bytes in 0.001795 seconds, 139.256330 MiB/s sent_count 1 recvd_count 1 local_count 1 
server 209 recvd 262144 bytes in 0.001794 seconds, 139.355145 MiB/s sent_count 1 recvd_count 1 local_count 1 
server 210 recvd 262144 bytes in 0.001795 seconds, 139.300101 MiB/s sent_count 1 recvd_count 1 local_count 1 
server 216 recvd 262144 bytes in 0.001795 seconds, 139.295529 MiB/s sent_count 1 recvd_count 1 local_count 1 
server 217 recvd 262144 bytes in 0.001791 seconds, 139.549084 MiB/s sent_count 1 recvd_count 1 local_count 1 
server 218 recvd 262144 bytes in 0.001794 seconds, 139.368942 MiB/s sent_count 1 recvd_count 1 local_count 1 
server 219 recvd 262144 bytes in 0.001793 seconds, 139.459891 MiB/s sent_count 1 recvd_count 1 local_count 1 
server 225 recvd 262144 bytes in 0.001792 seconds, 139.480382 MiB/s sent_count 1 recvd_count 1 local_count 1 
server 226 recvd 262144 bytes in 0.001795 seconds, 139.247865 MiB/s sent_count 1 recvd_count 1 local_count 1 
server 227 recvd 262144 bytes in 0.001793 seconds, 139.456240 MiB/s sent_count 1 recvd_count 1 local_count 1 
server 228 recvd 262144 bytes in 0.001795 seconds, 139.271358 MiB/s sent_count 1 recvd_count 1 local_count 1 
server 234 recvd 262144 bytes in 0.001795 seconds, 139.237312 MiB/s sent_count 1 recvd_count 1 local_count 1 
server 235 recvd 262144 bytes in 0.001795 seconds, 139.272370 MiB/s sent_count 1 recvd_count 1 local_count 1 
server 236 recvd 262144 bytes in 0.001795 seconds, 139.238669 MiB/s sent_count 1 recvd_count 1 local_count 1 
server 237 recvd 262144 bytes in 0.001796 seconds, 139.220355 MiB/s sent_count 1 recvd_count 1 local_count 1 
server 243 recvd 262144 bytes in 0.001793 seconds, 139.399456 MiB/s sent_count 1 recvd_count 1 local_count 1 
server 244 recvd 262144 bytes in 0.001795 seconds, 139.253541 MiB/s sent_count 1 recvd_count 1 local_count 1 
server 245 recvd 262144 bytes in 0.001796 seconds, 139.218321 MiB/s sent_count 1 recvd_count 1 local_count 1 
server 246 recvd 262144 bytes in 0.001796 seconds, 139.232236 MiB/s sent_count 1 recvd_count 1 local_count 1 
server 252 recvd 262144 bytes in 0.001794 seconds, 139.381427 MiB/s sent_count 1 recvd_count 1 local_count 1 
server 253 recvd 262144 bytes in 0.001796 seconds, 139.217449 MiB/s sent_count 1 recvd_count 1 local_count 1 
server 254 recvd 262144 bytes in 0.001795 seconds, 139.238630 MiB/s sent_count 1 recvd_count 1 local_count 1 
server 255 recvd 262144 bytes in 0.001795 seconds, 139.251804 MiB/s sent_count 1 recvd_count 1 local_count 1 
server 261 recvd 262144 bytes in 0.001793 seconds, 139.394976 MiB/s sent_count 1 recvd_count 1 local_count 1 
server 262 recvd 262144 bytes in 0.001794 seconds, 139.356940 MiB/s sent_count 1 recvd_count 1 local_count 1 
server 263 recvd 262144 bytes in 0.001794 seconds, 139.390480 MiB/s sent_count 1 recvd_count 1 local_count 1 
server 264 recvd 262144 bytes in 0.001794 seconds, 139.364900 MiB/s sent_count 1 recvd_count 1 local_count 1 
server 270 recvd 262144 bytes in 0.001796 seconds, 139.234645 MiB/s sent_count 1 recvd_count 1 local_count 1 
server 271 recvd 262144 bytes in 0.001796 seconds, 139.216840 MiB/s sent_count 1 recvd_count 1 local_count 1 
server 272 recvd 262144 bytes in 0.001795 seconds, 139.292226 MiB/s sent_count 1 recvd_count 1 local_count 1 
server 273 recvd 262144 bytes in 0.001795 seconds, 139.263149 MiB/s sent_count 1 recvd_count 1 local_count 1 
server 279 recvd 262144 bytes in 0.001796 seconds, 139.227724 MiB/s sent_count 1 recvd_count 1 local_count 1 
server 280 recvd 262144 bytes in 0.001795 seconds, 139.280870 MiB/s sent_count 1 recvd_count 1 local_count 1 
server 281 recvd 262144 bytes in 0.001795 seconds, 139.303417 MiB/s sent_count 1 recvd_count 1 local_count 1 
server 282 recvd 262144 bytes in 0.001795 seconds, 139.285141 MiB/s sent_count 1 recvd_count 1 local_count 1 
server 288 recvd 262144 bytes in 0.001796 seconds, 139.230640 MiB/s sent_count 1 recvd_count 1 local_count 1 
server 289 recvd 262144 bytes in 0.001794 seconds, 139.381255 MiB/s sent_count 1 recvd_count 1 local_count 1 
server 290 recvd 262144 bytes in 0.001796 seconds, 139.234007 MiB/s sent_count 1 recvd_count 1 local_count 1 
server 291 recvd 262144 bytes in 0.001796 seconds, 139.226580 MiB/s sent_count 1 recvd_count 1 local_count 1 
server 297 recvd 262144 bytes in 0.001795 seconds, 139.239494 MiB/s sent_count 1 recvd_count 1 local_count 1 
server 298 recvd 262144 bytes in 0.001796 seconds, 139.215471 MiB/s sent_count 1 recvd_count 1 local_count 1 
server 299 recvd 262144 bytes in 0.001795 seconds, 139.271883 MiB/s sent_count 1 recvd_count 1 local_count 1 
server 300 recvd 262144 bytes in 0.001795 seconds, 139.304800 MiB/s sent_count 1 recvd_count 1 local_count 1 
server 306 recvd 262144 bytes in 0.001794 seconds, 139.378505 MiB/s sent_count 1 recvd_count 1 local_count 1 
server 307 recvd 262144 bytes in 0.001795 seconds, 139.306064 MiB/s sent_count 1 recvd_count 1 local_count 1 
server 308 recvd 262144 bytes in 0.001795 seconds, 139.243736 MiB/s sent_count 1 recvd_count 1 local_count 1 
server 309 recvd 262144 bytes in 0.001796 seconds, 139.225949 MiB/s sent_count 1 recvd_count 1 local_count 1 
server 315 recvd 262144 bytes in 0.001796 seconds, 139.226594 MiB/s sent_count 1 recvd_count 1 local_count 1 
server 316 recvd 262144 bytes in 0.001794 seconds, 139.364332 MiB/s sent_count 1 recvd_count 1 local_count 1 
server 317 recvd 262144 bytes in 0.001793 seconds, 139.425027 MiB/s sent_count 1 recvd_count 1 local_count 1 
server 318 recvd 262144 bytes in 0.001795 seconds, 139.265042 MiB/s sent_count 1 recvd_count 1 local_count 1 
server 324 recvd 262144 bytes in 0.001795 seconds, 139.250621 MiB/s sent_count 1 recvd_count 1 local_count 1 
server 325 recvd 262144 bytes in 0.001795 seconds, 139.301476 MiB/s sent_count 1 recvd_count 1 local_count 1 
server 326 recvd 262144 bytes in 0.001796 seconds, 139.231369 MiB/s sent_count 1 recvd_count 1 local_count 1 
server 327 recvd 262144 bytes in 0.001795 seconds, 139.243845 MiB/s sent_count 1 recvd_count 1 local_count 1 
server 333 recvd 262144 bytes in 0.001794 seconds, 139.358231 MiB/s sent_count 1 recvd_count 1 local_count 1 
server 334 recvd 262144 bytes in 0.001796 seconds, 139.221652 MiB/s sent_count 1 recvd_count 1 local_count 1 
server 335 recvd 262144 bytes in 0.001795 seconds, 139.259380 MiB/s sent_count 1 recvd_count 1 local_count 1 
server 336 recvd 262144 bytes in 0.001795 seconds, 139.254020 MiB/s sent_count 1 recvd_count 1 local_count 1 
server 342 recvd 262144 bytes in 0.001794 seconds, 139.339468 MiB/s sent_count 1 recvd_count 1 local_count 1 
server 343 recvd 262144 bytes in 0.001796 seconds, 139.222632 MiB/s sent_count 1 recvd_count 1 local_count 1 
server 344 recvd 262144 bytes in 0.001794 seconds, 139.319905 MiB/s sent_count 1 recvd_count 1 local_count 1 
server 345 recvd 262144 bytes in 0.001796 seconds, 139.227519 MiB/s sent_count 1 recvd_count 1 local_count 1 
server 351 recvd 262144 bytes in 0.001796 seconds, 139.232906 MiB/s sent_count 1 recvd_count 1 local_count 1 
server 352 recvd 262144 bytes in 0.001794 seconds, 139.386688 MiB/s sent_count 1 recvd_count 1 local_count 1 
server 353 recvd 262144 bytes in 0.001793 seconds, 139.430582 MiB/s sent_count 1 recvd_count 1 local_count 1 
server 354 recvd 262144 bytes in 0.001795 seconds, 139.281046 MiB/s sent_count 1 recvd_count 1 local_count 1 
server 360 recvd 262144 bytes in 0.001795 seconds, 139.243942 MiB/s sent_count 1 recvd_count 1 local_count 1 
server 361 recvd 262144 bytes in 0.001795 seconds, 139.240979 MiB/s sent_count 1 recvd_count 1 local_count 1 
server 362 recvd 262144 bytes in 0.001795 seconds, 139.239948 MiB/s sent_count 1 recvd_count 1 local_count 1 
server 363 recvd 262144 bytes in 0.001796 seconds, 139.228724 MiB/s sent_count 1 recvd_count 1 local_count 1 
server 369 recvd 262144 bytes in 0.001795 seconds, 139.254738 MiB/s sent_count 1 recvd_count 1 local_count 1 
server 370 recvd 262144 bytes in 0.001796 seconds, 139.227506 MiB/s sent_count 1 recvd_count 1 local_count 1 
server 371 recvd 262144 bytes in 0.001795 seconds, 139.274801 MiB/s sent_count 1 recvd_count 1 local_count 1 
server 372 recvd 262144 bytes in 0.001796 seconds, 139.234519 MiB/s sent_count 1 recvd_count 1 local_count 1 
server 378 recvd 262144 bytes in 0.001796 seconds, 139.225720 MiB/s sent_count 1 recvd_count 1 local_count 1 
server 379 recvd 262144 bytes in 0.001794 seconds, 139.347541 MiB/s sent_count 1 recvd_count 1 local_count 1 
server 380 recvd 262144 bytes in 0.001795 seconds, 139.313870 MiB/s sent_count 1 recvd_count 1 local_count 1 
server 381 recvd 262144 bytes in 0.001796 seconds, 139.230226 MiB/s sent_count 1 recvd_count 1 local_count 1 
server 387 recvd 262144 bytes in 0.001795 seconds, 139.254648 MiB/s sent_count 1 recvd_count 1 local_count 1 
server 388 recvd 262144 bytes in 0.001796 seconds, 139.226174 MiB/s sent_count 1 recvd_count 1 local_count 1 
server 389 recvd 262144 bytes in 0.001794 seconds, 139.316483 MiB/s sent_count 1 recvd_count 1 local_count 1 
server 390 recvd 262144 bytes in 0.001795 seconds, 139.272452 MiB/s sent_count 1 recvd_count 1 local_count 1 
server 396 recvd 262144 bytes in 0.001794 seconds, 139.337364 MiB/s sent_count 1 recvd_count 1 local_count 1 
server 397 recvd 262144 bytes in 0.001795 seconds, 139.265665 MiB/s sent_count 1 recvd_count 1 local_count 1 
server 398 recvd 262144 bytes in 0.001795 seconds, 139.249439 MiB/s sent_count 1 recvd_count 1 local_count 1 
server 399 recvd 262144 bytes in 0.001796 seconds, 139.234468 MiB/s sent_count 1 recvd_count 1 local_count 1 
server 405 recvd 262144 bytes in 0.001796 seconds, 139.224920 MiB/s sent_count 1 recvd_count 1 local_count 1 
server 406 recvd 262144 bytes in 0.001795 seconds, 139.298148 MiB/s sent_count 1 recvd_count 1 local_count 1 
server 407 recvd 262144 bytes in 0.001794 seconds, 139.315216 MiB/s sent_count 1 recvd_count 1 local_count 1 
server 408 recvd 262144 bytes in 0.001794 seconds, 139.315967 MiB/s sent_count 1 recvd_count 1 local_count 1 
server 414 recvd 262144 bytes in 0.001796 seconds, 139.228902 MiB/s sent_count 1 recvd_count 1 local_count 1 
server 415 recvd 262144 bytes in 0.001795 seconds, 139.245571 MiB/s sent_count 1 recvd_count 1 local_count 1 
server 416 recvd 262144 bytes in 0.001796 seconds, 139.217876 MiB/s sent_count 1 recvd_count 1 local_count 1 
server 417 recvd 262144 bytes in 0.001795 seconds, 139.291831 MiB/s sent_count 1 recvd_count 1 local_count 1 
server 423 recvd 262144 bytes in 0.001795 seconds, 139.314355 MiB/s sent_count 1 recvd_count 1 local_count 1 
server 424 recvd 262144 bytes in 0.001794 seconds, 139.375887 MiB/s sent_count 1 recvd_count 1 local_count 1 
server 425 recvd 262144 bytes in 0.001796 seconds, 139.216746 MiB/s sent_count 1 recvd_count 1 local_count 1 
server 426 recvd 262144 bytes in 0.001795 seconds, 139.278955 MiB/s sent_count 1 recvd_count 1 local_count 1 
server 432 recvd 262144 bytes in 0.001795 seconds, 139.302493 MiB/s sent_count 1 recvd_count 1 local_count 1 
server 433 recvd 262144 bytes in 0.001796 seconds, 139.229740 MiB/s sent_count 1 recvd_count 1 local_count 1 
server 434 recvd 262144 bytes in 0.001795 seconds, 139.239158 MiB/s sent_count 1 recvd_count 1 local_count 1 
server 435 recvd 262144 bytes in 0.001794 seconds, 139.351625 MiB/s sent_count 1 recvd_count 1 local_count 1 
server 441 recvd 262144 bytes in 0.001795 seconds, 139.300897 MiB/s sent_count 1 recvd_count 1 local_count 1 
server 442 recvd 262144 bytes in 0.001794 seconds, 139.387051 MiB/s sent_count 1 recvd_count 1 local_count 1 
server 443 recvd 262144 bytes in 0.001795 seconds, 139.244312 MiB/s sent_count 1 recvd_count 1 local_count 1 
server 444 recvd 262144 bytes in 0.001795 seconds, 139.292344 MiB/s sent_count 1 recvd_count 1 local_count 1 
server 450 recvd 262144 bytes in 0.001790 seconds, 139.627416 MiB/s sent_count 1 recvd_count 1 local_count 1 
server 451 recvd 262144 bytes in 0.001796 seconds, 139.233472 MiB/s sent_count 1 recvd_count 1 local_count 1 
server 452 recvd 262144 bytes in 0.001795 seconds, 139.263291 MiB/s sent_count 1 recvd_count 1 local_count 1 
server 453 recvd 262144 bytes in 0.001796 seconds, 139.223327 MiB/s sent_count 1 recvd_count 1 local_count 1 
server 459 recvd 262144 bytes in 0.001796 seconds, 139.225563 MiB/s sent_count 1 recvd_count 1 local_count 1 
server 460 recvd 262144 bytes in 0.001796 seconds, 139.231763 MiB/s sent_count 1 recvd_count 1 local_count 1 
server 461 recvd 262144 bytes in 0.001794 seconds, 139.339452 MiB/s sent_count 1 recvd_count 1 local_count 1 
server 462 recvd 262144 bytes in 0.001794 seconds, 139.321590 MiB/s sent_count 1 recvd_count 1 local_count 1 
server 468 recvd 262144 bytes in 0.001796 seconds, 139.234096 MiB/s sent_count 1 recvd_count 1 local_count 1 
server 469 recvd 262144 bytes in 0.001796 seconds, 139.211542 MiB/s sent_count 1 recvd_count 1 local_count 1 
server 470 recvd 262144 bytes in 0.001795 seconds, 139.255333 MiB/s sent_count 1 recvd_count 1 local_count 1 
server 471 recvd 262144 bytes in 0.001795 seconds, 139.299015 MiB/s sent_count 1 recvd_count 1 local_count 1 
server 477 recvd 262144 bytes in 0.001795 seconds, 139.241825 MiB/s sent_count 1 recvd_count 1 local_count 1 
server 478 recvd 262144 bytes in 0.001795 seconds, 139.307456 MiB/s sent_count 1 recvd_count 1 local_count 1 
server 479 recvd 262144 bytes in 0.001795 seconds, 139.238557 MiB/s sent_count 1 recvd_count 1 local_count 1 
server 480 recvd 262144 bytes in 0.001795 seconds, 139.267332 MiB/s sent_count 1 recvd_count 1 local_count 1 
server 486 recvd 262144 bytes in 0.001795 seconds, 139.254741 MiB/s sent_count 1 recvd_count 1 local_count 1 
server 487 recvd 262144 bytes in 0.001796 seconds, 139.229186 MiB/s sent_count 1 recvd_count 1 local_count 1 
server 488 recvd 262144 bytes in 0.001795 seconds, 139.244619 MiB/s sent_count 1 recvd_count 1 local_count 1 
server 489 recvd 262144 bytes in 0.001794 seconds, 139.317031 MiB/s sent_count 1 recvd_count 1 local_count 1 
server 495 recvd 262144 bytes in 0.001795 seconds, 139.246894 MiB/s sent_count 1 recvd_count 1 local_count 1 
server 496 recvd 262144 bytes in 0.001796 seconds, 139.226238 MiB/s sent_count 1 recvd_count 1 local_count 1 
server 497 recvd 262144 bytes in 0.001793 seconds, 139.424835 MiB/s sent_count 1 recvd_count 1 local_count 1 
server 498 recvd 262144 bytes in 0.001794 seconds, 139.384059 MiB/s sent_count 1 recvd_count 1 local_count 1 
server 504 recvd 262144 bytes in 0.001795 seconds, 139.248944 MiB/s sent_count 1 recvd_count 1 local_count 1 
server 505 recvd 262144 bytes in 0.001796 seconds, 139.236265 MiB/s sent_count 1 recvd_count 1 local_count 1 
server 506 recvd 262144 bytes in 0.001795 seconds, 139.301544 MiB/s sent_count 1 recvd_count 1 local_count 1 
server 507 recvd 262144 bytes in 0.001794 seconds, 139.349773 MiB/s sent_count 1 recvd_count 1 local_count 1 
server 513 recvd 262144 bytes in 0.001795 seconds, 139.262748 MiB/s sent_count 1 recvd_count 1 local_count 1 
server 514 recvd 262144 bytes in 0.001795 seconds, 139.264806 MiB/s sent_count 1 recvd_count 1 local_count 1 
server 515 recvd 262144 bytes in 0.001795 seconds, 139.269197 MiB/s sent_count 1 recvd_count 1 local_count 1 
server 516 recvd 262144 bytes in 0.001795 seconds, 139.260683 MiB/s sent_count 1 recvd_count 1 local_count 1 
server 522 recvd 262144 bytes in 0.001796 seconds, 139.207779 MiB/s sent_count 1 recvd_count 1 local_count 1 
server 523 recvd 262144 bytes in 0.001795 seconds, 139.284541 MiB/s sent_count 1 recvd_count 1 local_count 1 
server 524 recvd 262144 bytes in 0.001795 seconds, 139.257788 MiB/s sent_count 1 recvd_count 1 local_count 1 
server 525 recvd 262144 bytes in 0.001796 seconds, 139.225309 MiB/s sent_count 1 recvd_count 1 local_count 1 
server 531 recvd 262144 bytes in 0.001792 seconds, 139.475167 MiB/s sent_count 1 recvd_count 1 local_count 1 
server 532 recvd 262144 bytes in 0.001795 seconds, 139.244087 MiB/s sent_count 1 recvd_count 1 local_count 1 
server 533 recvd 262144 bytes in 0.001796 seconds, 139.217934 MiB/s sent_count 1 recvd_count 1 local_count 1 
server 534 recvd 262144 bytes in 0.001795 seconds, 139.277483 MiB/s sent_count 1 recvd_count 1 local_count 1 
server 540 recvd 262144 bytes in 0.001795 seconds, 139.239909 MiB/s sent_count 1 recvd_count 1 local_count 1 
server 541 recvd 262144 bytes in 0.001796 seconds, 139.236372 MiB/s sent_count 1 recvd_count 1 local_count 1 
server 542 recvd 262144 bytes in 0.001795 seconds, 139.292470 MiB/s sent_count 1 recvd_count 1 local_count 1 
server 543 recvd 262144 bytes in 0.001795 seconds, 139.281836 MiB/s sent_count 1 recvd_count 1 local_count 1 
server 549 recvd 262144 bytes in 0.001795 seconds, 139.258880 MiB/s sent_count 1 recvd_count 1 local_count 1 
server 550 recvd 262144 bytes in 0.001796 seconds, 139.232964 MiB/s sent_count 1 recvd_count 1 local_count 1 
server 551 recvd 262144 bytes in 0.001794 seconds, 139.369555 MiB/s sent_count 1 recvd_count 1 local_count 1 
server 552 recvd 262144 bytes in 0.001795 seconds, 139.260240 MiB/s sent_count 1 recvd_count 1 local_count 1 
server 558 recvd 262144 bytes in 0.001795 seconds, 139.272938 MiB/s sent_count 1 recvd_count 1 local_count 1 
server 559 recvd 262144 bytes in 0.001795 seconds, 139.274861 MiB/s sent_count 1 recvd_count 1 local_count 1 
server 560 recvd 262144 bytes in 0.001796 seconds, 139.232814 MiB/s sent_count 1 recvd_count 1 local_count 1 
server 561 recvd 262144 bytes in 0.001795 seconds, 139.274761 MiB/s sent_count 1 recvd_count 1 local_count 1 
server 567 recvd 262144 bytes in 0.001795 seconds, 139.265106 MiB/s sent_count 1 recvd_count 1 local_count 1 
server 568 recvd 262144 bytes in 0.001794 seconds, 139.353171 MiB/s sent_count 1 recvd_count 1 local_count 1 
server 569 recvd 262144 bytes in 0.001795 seconds, 139.245118 MiB/s sent_count 1 recvd_count 1 local_count 1 
server 570 recvd 262144 bytes in 0.001796 seconds, 139.213056 MiB/s sent_count 1 recvd_count 1 local_count 1 
server 576 recvd 262144 bytes in 0.001794 seconds, 139.317314 MiB/s sent_count 1 recvd_count 1 local_count 1 
server 577 recvd 262144 bytes in 0.001795 seconds, 139.261866 MiB/s sent_count 1 recvd_count 1 local_count 1 
server 578 recvd 262144 bytes in 0.001795 seconds, 139.264431 MiB/s sent_count 1 recvd_count 1 local_count 1 
server 579 recvd 262144 bytes in 0.001795 seconds, 139.301963 MiB/s sent_count 1 recvd_count 1 local_count 1 
server 585 recvd 262144 bytes in 0.001795 seconds, 139.270126 MiB/s sent_count 1 recvd_count 1 local_count 1 
server 586 recvd 262144 bytes in 0.001795 seconds, 139.279786 MiB/s sent_count 1 recvd_count 1 local_count 1 
server 587 recvd 262144 bytes in 0.001795 seconds, 139.250175 MiB/s sent_count 1 recvd_count 1 local_count 1 
server 588 recvd 262144 bytes in 0.001795 seconds, 139.300417 MiB/s sent_count 1 recvd_count 1 local_count 1 
server 594 recvd 262144 bytes in 0.001795 seconds, 139.254558 MiB/s sent_count 1 recvd_count 1 local_count 1 
server 595 recvd 262144 bytes in 0.001795 seconds, 139.293315 MiB/s sent_count 1 recvd_count 1 local_count 1 
server 596 recvd 262144 bytes in 0.001795 seconds, 139.296733 MiB/s sent_count 1 recvd_count 1 local_count 1 
server 597 recvd 262144 bytes in 0.001796 seconds, 139.225815 MiB/s sent_count 1 recvd_count 1 local_count 1 
server 603 recvd 262144 bytes in 0.001793 seconds, 139.456791 MiB/s sent_count 1 recvd_count 1 local_count 1 
server 604 recvd 262144 bytes in 0.001796 seconds, 139.229875 MiB/s sent_count 1 recvd_count 1 local_count 1 
server 605 recvd 262144 bytes in 0.001795 seconds, 139.237371 MiB/s sent_count 1 recvd_count 1 local_count 1 
server 606 recvd 262144 bytes in 0.001795 seconds, 139.270338 MiB/s sent_count 1 recvd_count 1 local_count 1 
server 612 recvd 262144 bytes in 0.001793 seconds, 139.426599 MiB/s sent_count 1 recvd_count 1 local_count 1 
server 613 recvd 262144 bytes in 0.001796 seconds, 139.218503 MiB/s sent_count 1 recvd_count 1 local_count 1 
server 614 recvd 262144 bytes in 0.001792 seconds, 139.527860 MiB/s sent_count 1 recvd_count 1 local_count 1 
server 615 recvd 262144 bytes in 0.001795 seconds, 139.275746 MiB/s sent_count 1 recvd_count 1 local_count 1 
server 621 recvd 262144 bytes in 0.001795 seconds, 139.311845 MiB/s sent_count 1 recvd_count 1 local_count 1 
server 622 recvd 262144 bytes in 0.001796 seconds, 139.221771 MiB/s sent_count 1 recvd_count 1 local_count 1 
server 623 recvd 262144 bytes in 0.001795 seconds, 139.297391 MiB/s sent_count 1 recvd_count 1 local_count 1 
server 624 recvd 262144 bytes in 0.001796 seconds, 139.229751 MiB/s sent_count 1 recvd_count 1 local_count 1 
server 630 recvd 262144 bytes in 0.001794 seconds, 139.344625 MiB/s sent_count 1 recvd_count 1 local_count 1 
server 631 recvd 262144 bytes in 0.001795 seconds, 139.261062 MiB/s sent_count 1 recvd_count 1 local_count 1 
server 632 recvd 262144 bytes in 0.001795 seconds, 139.282858 MiB/s sent_count 1 recvd_count 1 local_count 1 
server 633 recvd 262144 bytes in 0.001795 seconds, 139.305483 MiB/s sent_count 1 recvd_count 1 local_count 1 
server 639 recvd 262144 bytes in 0.001796 seconds, 139.232572 MiB/s sent_count 1 recvd_count 1 local_count 1 
server 640 recvd 262144 bytes in 0.001795 seconds, 139.245442 MiB/s sent_count 1 recvd_count 1 local_count 1 
server 641 recvd 262144 bytes in 0.001795 seconds, 139.269817 MiB/s sent_count 1 recvd_count 1 local_count 1 
server 642 recvd 262144 bytes in 0.001795 seconds, 139.308728 MiB/s sent_count 1 recvd_count 1 local_count 1 
server 648 recvd 262144 bytes in 0.001795 seconds, 139.240976 MiB/s sent_count 1 recvd_count 1 local_count 1 
server 649 recvd 262144 bytes in 0.001793 seconds, 139.462018 MiB/s sent_count 1 recvd_count 1 local_count 1 
server 650 recvd 262144 bytes in 0.001795 seconds, 139.251211 MiB/s sent_count 1 recvd_count 1 local_count 1 
server 651 recvd 262144 bytes in 0.001795 seconds, 139.253775 MiB/s sent_count 1 recvd_count 1 local_count 1 
server 657 recvd 262144 bytes in 0.001794 seconds, 139.325057 MiB/s sent_count 1 recvd_count 1 local_count 1 
server 658 recvd 262144 bytes in 0.001796 seconds, 139.236441 MiB/s sent_count 1 recvd_count 1 local_count 1 
server 659 recvd 262144 bytes in 0.001795 seconds, 139.256836 MiB/s sent_count 1 recvd_count 1 local_count 1 
server 660 recvd 262144 bytes in 0.001795 seconds, 139.251998 MiB/s sent_count 1 recvd_count 1 local_count 1 
server 666 recvd 262144 bytes in 0.001795 seconds, 139.288921 MiB/s sent_count 1 recvd_count 1 local_count 1 
server 667 recvd 262144 bytes in 0.001795 seconds, 139.301166 MiB/s sent_count 1 recvd_count 1 local_count 1 
server 668 recvd 262144 bytes in 0.001794 seconds, 139.340783 MiB/s sent_count 1 recvd_count 1 local_count 1 
server 669 recvd 262144 bytes in 0.001794 seconds, 139.321713 MiB/s sent_count 1 recvd_count 1 local_count 1 
server 675 recvd 262144 bytes in 0.001794 seconds, 139.345009 MiB/s sent_count 1 recvd_count 1 local_count 1 
server 676 recvd 262144 bytes in 0.001795 seconds, 139.297717 MiB/s sent_count 1 recvd_count 1 local_count 1 
server 677 recvd 262144 bytes in 0.001795 seconds, 139.270823 MiB/s sent_count 1 recvd_count 1 local_count 1 
server 678 recvd 262144 bytes in 0.001795 seconds, 139.238882 MiB/s sent_count 1 recvd_count 1 local_count 1 
server 684 recvd 262144 bytes in 0.001794 seconds, 139.315514 MiB/s sent_count 1 recvd_count 1 local_count 1 
server 685 recvd 262144 bytes in 0.001796 seconds, 139.233031 MiB/s sent_count 1 recvd_count 1 local_count 1 
server 686 recvd 262144 bytes in 0.001795 seconds, 139.293673 MiB/s sent_count 1 recvd_count 1 local_count 1 
server 687 recvd 262144 bytes in 0.001796 seconds, 139.221627 MiB/s sent_count 1 recvd_count 1 local_count 1 
server 693 recvd 262144 bytes in 0.001796 seconds, 139.233012 MiB/s sent_count 1 recvd_count 1 local_count 1 
server 694 recvd 262144 bytes in 0.001795 seconds, 139.293025 MiB/s sent_count 1 recvd_count 1 local_count 1 
server 695 recvd 262144 bytes in 0.001795 seconds, 139.278965 MiB/s sent_count 1 recvd_count 1 local_count 1 
server 696 recvd 262144 bytes in 0.001795 seconds, 139.278962 MiB/s sent_count 1 recvd_count 1 local_count 1 
server 702 recvd 262144 bytes in 0.001795 seconds, 139.250996 MiB/s sent_count 1 recvd_count 1 local_count 1 
server 703 recvd 262144 bytes in 0.001795 seconds, 139.289542 MiB/s sent_count 1 recvd_count 1 local_count 1 
server 704 recvd 262144 bytes in 0.001796 seconds, 139.230706 MiB/s sent_count 1 recvd_count 1 local_count 1 
server 705 recvd 262144 bytes in 0.001796 seconds, 139.224503 MiB/s sent_count 1 recvd_count 1 local_count 1 
server 711 recvd 262144 bytes in 0.001796 seconds, 139.212896 MiB/s sent_count 1 recvd_count 1 local_count 1 
server 712 recvd 262144 bytes in 0.001795 seconds, 139.278527 MiB/s sent_count 1 recvd_count 1 local_count 1 
server 713 recvd 262144 bytes in 0.001795 seconds, 139.290919 MiB/s sent_count 1 recvd_count 1 local_count 1 
server 714 recvd 262144 bytes in 0.001796 seconds, 139.230199 MiB/s sent_count 1 recvd_count 1 local_count 1 
server 720 recvd 262144 bytes in 0.001795 seconds, 139.247770 MiB/s sent_count 1 recvd_count 1 local_count 1 
server 721 recvd 262144 bytes in 0.001795 seconds, 139.278750 MiB/s sent_count 1 recvd_count 1 local_count 1 
server 722 recvd 262144 bytes in 0.001796 seconds, 139.224496 MiB/s sent_count 1 recvd_count 1 local_count 1 
server 723 recvd 262144 bytes in 0.001796 seconds, 139.230493 MiB/s sent_count 1 recvd_count 1 local_count 1 
server 729 recvd 262144 bytes in 0.001795 seconds, 139.307065 MiB/s sent_count 1 recvd_count 1 local_count 1 
server 730 recvd 262144 bytes in 0.001795 seconds, 139.277117 MiB/s sent_count 1 recvd_count 1 local_count 1 
server 731 recvd 262144 bytes in 0.001794 seconds, 139.341036 MiB/s sent_count 1 recvd_count 1 local_count 1 
server 732 recvd 262144 bytes in 0.001795 seconds, 139.261764 MiB/s sent_count 1 recvd_count 1 local_count 1 
server 738 recvd 262144 bytes in 0.001796 seconds, 139.219367 MiB/s sent_count 1 recvd_count 1 local_count 1 
server 739 recvd 262144 bytes in 0.001796 seconds, 139.233994 MiB/s sent_count 1 recvd_count 1 local_count 1 
server 740 recvd 262144 bytes in 0.001796 seconds, 139.235259 MiB/s sent_count 1 recvd_count 1 local_count 1 
server 741 recvd 262144 bytes in 0.001795 seconds, 139.243459 MiB/s sent_count 1 recvd_count 1 local_count 1 
server 747 recvd 262144 bytes in 0.001795 seconds, 139.302563 MiB/s sent_count 1 recvd_count 1 local_count 1 
server 748 recvd 262144 bytes in 0.001795 seconds, 139.272035 MiB/s sent_count 1 recvd_count 1 local_count 1 
server 749 recvd 262144 bytes in 0.001795 seconds, 139.241941 MiB/s sent_count 1 recvd_count 1 local_count 1 
server 750 recvd 262144 bytes in 0.001796 seconds, 139.217895 MiB/s sent_count 1 recvd_count 1 local_count 1 
server 756 recvd 262144 bytes in 0.001794 seconds, 139.334495 MiB/s sent_count 1 recvd_count 1 local_count 1 
server 757 recvd 262144 bytes in 0.001796 seconds, 139.208707 MiB/s sent_count 1 recvd_count 1 local_count 1 
server 758 recvd 262144 bytes in 0.001793 seconds, 139.435263 MiB/s sent_count 1 recvd_count 1 local_count 1 
server 759 recvd 262144 bytes in 0.001795 seconds, 139.249531 MiB/s sent_count 1 recvd_count 1 local_count 1 
server 765 recvd 262144 bytes in 0.001794 seconds, 139.317836 MiB/s sent_count 1 recvd_count 1 local_count 1 
server 766 recvd 262144 bytes in 0.001795 seconds, 139.290633 MiB/s sent_count 1 recvd_count 1 local_count 1 
server 767 recvd 262144 bytes in 0.001793 seconds, 139.463666 MiB/s sent_count 1 recvd_count 1 local_count 1 
server 768 recvd 262144 bytes in 0.001794 seconds, 139.333447 MiB/s sent_count 1 recvd_count 1 local_count 1 
server 774 recvd 262144 bytes in 0.001794 seconds, 139.349063 MiB/s sent_count 1 recvd_count 1 local_count 1 
server 775 recvd 262144 bytes in 0.001794 seconds, 139.315965 MiB/s sent_count 1 recvd_count 1 local_count 1 
server 776 recvd 262144 bytes in 0.001793 seconds, 139.436173 MiB/s sent_count 1 recvd_count 1 local_count 1 
server 777 recvd 262144 bytes in 0.001796 seconds, 139.215611 MiB/s sent_count 1 recvd_count 1 local_count 1 
server 783 recvd 262144 bytes in 0.001795 seconds, 139.261558 MiB/s sent_count 1 recvd_count 1 local_count 1 
server 784 recvd 262144 bytes in 0.001795 seconds, 139.269349 MiB/s sent_count 1 recvd_count 1 local_count 1 
server 785 recvd 262144 bytes in 0.001794 seconds, 139.367910 MiB/s sent_count 1 recvd_count 1 local_count 1 
server 786 recvd 262144 bytes in 0.001794 seconds, 139.360674 MiB/s sent_count 1 recvd_count 1 local_count 1 
server 792 recvd 262144 bytes in 0.001795 seconds, 139.254434 MiB/s sent_count 1 recvd_count 1 local_count 1 
server 793 recvd 262144 bytes in 0.001794 seconds, 139.320816 MiB/s sent_count 1 recvd_count 1 local_count 1 
server 794 recvd 262144 bytes in 0.001795 seconds, 139.313281 MiB/s sent_count 1 recvd_count 1 local_count 1 
server 795 recvd 262144 bytes in 0.001795 seconds, 139.269091 MiB/s sent_count 1 recvd_count 1 local_count 1 
server 801 recvd 262144 bytes in 0.001795 seconds, 139.314220 MiB/s sent_count 1 recvd_count 1 local_count 1 
server 802 recvd 262144 bytes in 0.001795 seconds, 139.299988 MiB/s sent_count 1 recvd_count 1 local_count 1 
server 803 recvd 262144 bytes in 0.001795 seconds, 139.262991 MiB/s sent_count 1 recvd_count 1 local_count 1 
server 804 recvd 262144 bytes in 0.001795 seconds, 139.260769 MiB/s sent_count 1 recvd_count 1 local_count 1 
server 810 recvd 262144 bytes in 0.001793 seconds, 139.395136 MiB/s sent_count 1 recvd_count 1 local_count 1 
server 811 recvd 262144 bytes in 0.001794 seconds, 139.357163 MiB/s sent_count 1 recvd_count 1 local_count 1 
server 812 recvd 262144 bytes in 0.001795 seconds, 139.271995 MiB/s sent_count 1 recvd_count 1 local_count 1 
server 813 recvd 262144 bytes in 0.001794 seconds, 139.333562 MiB/s sent_count 1 recvd_count 1 local_count 1 
server 819 recvd 262144 bytes in 0.001794 seconds, 139.376027 MiB/s sent_count 1 recvd_count 1 local_count 1 
server 820 recvd 262144 bytes in 0.001795 seconds, 139.247455 MiB/s sent_count 1 recvd_count 1 local_count 1 
server 821 recvd 262144 bytes in 0.001795 seconds, 139.266580 MiB/s sent_count 1 recvd_count 1 local_count 1 
server 822 recvd 262144 bytes in 0.001795 seconds, 139.293471 MiB/s sent_count 1 recvd_count 1 local_count 1 
server 828 recvd 262144 bytes in 0.001794 seconds, 139.346666 MiB/s sent_count 1 recvd_count 1 local_count 1 
server 829 recvd 262144 bytes in 0.001795 seconds, 139.269925 MiB/s sent_count 1 recvd_count 1 local_count 1 
server 830 recvd 262144 bytes in 0.001793 seconds, 139.410227 MiB/s sent_count 1 recvd_count 1 local_count 1 
server 831 recvd 262144 bytes in 0.001795 seconds, 139.276851 MiB/s sent_count 1 recvd_count 1 local_count 1 
server 837 recvd 262144 bytes in 0.001796 seconds, 139.217062 MiB/s sent_count 1 recvd_count 1 local_count 1 
server 838 recvd 262144 bytes in 0.001790 seconds, 139.655996 MiB/s sent_count 1 recvd_count 1 local_count 1 
server 839 recvd 262144 bytes in 0.001796 seconds, 139.220725 MiB/s sent_count 1 recvd_count 1 local_count 1 
server 840 recvd 262144 bytes in 0.001794 seconds, 139.357844 MiB/s sent_count 1 recvd_count 1 local_count 1 
server 846 recvd 262144 bytes in 0.001795 seconds, 139.276954 MiB/s sent_count 1 recvd_count 1 local_count 1 
server 847 recvd 262144 bytes in 0.001794 seconds, 139.360812 MiB/s sent_count 1 recvd_count 1 local_count 1 
server 848 recvd 262144 bytes in 0.001795 seconds, 139.251870 MiB/s sent_count 1 recvd_count 1 local_count 1 
server 849 recvd 262144 bytes in 0.001795 seconds, 139.251183 MiB/s sent_count 1 recvd_count 1 local_count 1 
server 855 recvd 262144 bytes in 0.001795 seconds, 139.258196 MiB/s sent_count 1 recvd_count 1 local_count 1 
server 856 recvd 262144 bytes in 0.001795 seconds, 139.244450 MiB/s sent_count 1 recvd_count 1 local_count 1 
server 857 recvd 262144 bytes in 0.001796 seconds, 139.209088 MiB/s sent_count 1 recvd_count 1 local_count 1 
server 858 recvd 262144 bytes in 0.001795 seconds, 139.255004 MiB/s sent_count 1 recvd_count 1 local_count 1 
server 864 recvd 262144 bytes in 0.001795 seconds, 139.257357 MiB/s sent_count 1 recvd_count 1 local_count 1 
server 865 recvd 262144 bytes in 0.001794 seconds, 139.323955 MiB/s sent_count 1 recvd_count 1 local_count 1 
server 866 recvd 262144 bytes in 0.001794 seconds, 139.342577 MiB/s sent_count 1 recvd_count 1 local_count 1 
server 867 recvd 262144 bytes in 0.001796 seconds, 139.236559 MiB/s sent_count 1 recvd_count 1 local_count 1 
server 873 recvd 262144 bytes in 0.001795 seconds, 139.277513 MiB/s sent_count 1 recvd_count 1 local_count 1 
server 874 recvd 262144 bytes in 0.001795 seconds, 139.305751 MiB/s sent_count 1 recvd_count 1 local_count 1 
server 875 recvd 262144 bytes in 0.001795 seconds, 139.283005 MiB/s sent_count 1 recvd_count 1 local_count 1 
server 876 recvd 262144 bytes in 0.001794 seconds, 139.319497 MiB/s sent_count 1 recvd_count 1 local_count 1 
server 882 recvd 262144 bytes in 0.001795 seconds, 139.287047 MiB/s sent_count 1 recvd_count 1 local_count 1 
server 883 recvd 262144 bytes in 0.001795 seconds, 139.249209 MiB/s sent_count 1 recvd_count 1 local_count 1 
server 884 recvd 262144 bytes in 0.001795 seconds, 139.240031 MiB/s sent_count 1 recvd_count 1 local_count 1 
server 885 recvd 262144 bytes in 0.001795 seconds, 139.244967 MiB/s sent_count 1 recvd_count 1 local_count 1 
server 891 recvd 262144 bytes in 0.001795 seconds, 139.238605 MiB/s sent_count 1 recvd_count 1 local_count 1 
server 892 recvd 262144 bytes in 0.001794 seconds, 139.376191 MiB/s sent_count 1 recvd_count 1 local_count 1 
server 893 recvd 262144 bytes in 0.001796 seconds, 139.229876 MiB/s sent_count 1 recvd_count 1 local_count 1 
server 894 recvd 262144 bytes in 0.001795 seconds, 139.263696 MiB/s sent_count 1 recvd_count 1 local_count 1 
server 900 recvd 262144 bytes in 0.001794 seconds, 139.334808 MiB/s sent_count 1 recvd_count 1 local_count 1 
server 901 recvd 262144 bytes in 0.001794 seconds, 139.332723 MiB/s sent_count 1 recvd_count 1 local_count 1 
server 902 recvd 262144 bytes in 0.001795 seconds, 139.237400 MiB/s sent_count 1 recvd_count 1 local_count 1 
server 903 recvd 262144 bytes in 0.001793 seconds, 139.437827 MiB/s sent_count 1 recvd_count 1 local_count 1 
server 909 recvd 262144 bytes in 0.001795 seconds, 139.251939 MiB/s sent_count 1 recvd_count 1 local_count 1 
server 910 recvd 262144 bytes in 0.001795 seconds, 139.314228 MiB/s sent_count 1 recvd_count 1 local_count 1 
server 911 recvd 262144 bytes in 0.001795 seconds, 139.298948 MiB/s sent_count 1 recvd_count 1 local_count 1 
server 912 recvd 262144 bytes in 0.001796 seconds, 139.216074 MiB/s sent_count 1 recvd_count 1 local_count 1 
server 918 recvd 262144 bytes in 0.001793 seconds, 139.417031 MiB/s sent_count 1 recvd_count 1 local_count 1 
server 919 recvd 262144 bytes in 0.001795 seconds, 139.301408 MiB/s sent_count 1 recvd_count 1 local_count 1 
server 920 recvd 262144 bytes in 0.001795 seconds, 139.308480 MiB/s sent_count 1 recvd_count 1 local_count 1 
server 921 recvd 262144 bytes in 0.001794 seconds, 139.332604 MiB/s sent_count 1 recvd_count 1 local_count 1 
server 927 recvd 262144 bytes in 0.001796 seconds, 139.226349 MiB/s sent_count 1 recvd_count 1 local_count 1 
server 928 recvd 262144 bytes in 0.001795 seconds, 139.285406 MiB/s sent_count 1 recvd_count 1 local_count 1 
server 929 recvd 262144 bytes in 0.001796 seconds, 139.230850 MiB/s sent_count 1 recvd_count 1 local_count 1 
server 930 recvd 262144 bytes in 0.001796 seconds, 139.228169 MiB/s sent_count 1 recvd_count 1 local_count 1 
server 936 recvd 262144 bytes in 0.001796 seconds, 139.232929 MiB/s sent_count 1 recvd_count 1 local_count 1 
server 937 recvd 262144 bytes in 0.001795 seconds, 139.248935 MiB/s sent_count 1 recvd_count 1 local_count 1 
server 938 recvd 262144 bytes in 0.001796 seconds, 139.209348 MiB/s sent_count 1 recvd_count 1 local_count 1 
server 939 recvd 262144 bytes in 0.001795 seconds, 139.279792 MiB/s sent_count 1 recvd_count 1 local_count 1 
server 945 recvd 262144 bytes in 0.001794 seconds, 139.360006 MiB/s sent_count 1 recvd_count 1 local_count 1 
server 946 recvd 262144 bytes in 0.001795 seconds, 139.305207 MiB/s sent_count 1 recvd_count 1 local_count 1 
server 947 recvd 262144 bytes in 0.001794 seconds, 139.344213 MiB/s sent_count 1 recvd_count 1 local_count 1 
server 948 recvd 262144 bytes in 0.001796 seconds, 139.228580 MiB/s sent_count 1 recvd_count 1 local_count 1 
server 954 recvd 262144 bytes in 0.001795 seconds, 139.294473 MiB/s sent_count 1 recvd_count 1 local_count 1 
server 955 recvd 262144 bytes in 0.001795 seconds, 139.293004 MiB/s sent_count 1 recvd_count 1 local_count 1 
server 956 recvd 262144 bytes in 0.001795 seconds, 139.309041 MiB/s sent_count 1 recvd_count 1 local_count 1 
server 957 recvd 262144 bytes in 0.001794 seconds, 139.336167 MiB/s sent_count 1 recvd_count 1 local_count 1 
server 963 recvd 262144 bytes in 0.001795 seconds, 139.293886 MiB/s sent_count 1 recvd_count 1 local_count 1 
server 964 recvd 262144 bytes in 0.001794 seconds, 139.354417 MiB/s sent_count 1 recvd_count 1 local_count 1 
server 965 recvd 262144 bytes in 0.001794 seconds, 139.371285 MiB/s sent_count 1 recvd_count 1 local_count 1 
server 966 recvd 262144 bytes in 0.001795 seconds, 139.307088 MiB/s sent_count 1 recvd_count 1 local_count 1 
server 972 recvd 262144 bytes in 0.001794 seconds, 139.355600 MiB/s sent_count 1 recvd_count 1 local_count 1 
server 973 recvd 262144 bytes in 0.001795 seconds, 139.256295 MiB/s sent_count 1 recvd_count 1 local_count 1 
server 974 recvd 262144 bytes in 0.001793 seconds, 139.456191 MiB/s sent_count 1 recvd_count 1 local_count 1 
server 975 recvd 262144 bytes in 0.001796 seconds, 139.219994 MiB/s sent_count 1 recvd_count 1 local_count 1 
server 981 recvd 262144 bytes in 0.001795 seconds, 139.243681 MiB/s sent_count 1 recvd_count 1 local_count 1 
server 982 recvd 262144 bytes in 0.001792 seconds, 139.500075 MiB/s sent_count 1 recvd_count 1 local_count 1 
server 983 recvd 262144 bytes in 0.001796 seconds, 139.216118 MiB/s sent_count 1 recvd_count 1 local_count 1 
server 984 recvd 262144 bytes in 0.001792 seconds, 139.478017 MiB/s sent_count 1 recvd_count 1 local_count 1 
server 990 recvd 262144 bytes in 0.001795 seconds, 139.253357 MiB/s sent_count 1 recvd_count 1 local_count 1 
server 991 recvd 262144 bytes in 0.001794 seconds, 139.352802 MiB/s sent_count 1 recvd_count 1 local_count 1 
server 992 recvd 262144 bytes in 0.001795 seconds, 139.282229 MiB/s sent_count 1 recvd_count 1 local_count 1 
server 993 recvd 262144 bytes in 0.001796 seconds, 139.231867 MiB/s sent_count 1 recvd_count 1 local_count 1 
server 999 recvd 262144 bytes in 0.001795 seconds, 139.237599 MiB/s sent_count 1 recvd_count 1 local_count 1 
server 1000 recvd 262144 bytes in 0.001795 seconds, 139.249846 MiB/s sent_count 1 recvd_count 1 local_count 1 
server 1001 recvd 262144 bytes in 0.001796 seconds, 139.217107 MiB/s sent_count 1 recvd_count 1 local_count 1 
server 1002 recvd 262144 bytes in 0.001795 seconds, 139.247490 MiB/s sent_count 1 recvd_count 1 local_count 1 
server 1008 recvd 262144 bytes in 0.001794 seconds, 139.359533 MiB/s sent_count 1 recvd_count 1 local_count 1 
server 1009 recvd 262144 bytes in 0.001795 seconds, 139.237523 MiB/s sent_count 1 recvd_count 1 local_count 1 
server 1010 recvd 262144 bytes in 0.001796 seconds, 139.228070 MiB/s sent_count 1 recvd_count 1 local_count 1 
server 1011 recvd 262144 bytes in 0.001794 seconds, 139.364592 MiB/s sent_count 1 recvd_count 1 local_count 1 
server 1017 recvd 262144 bytes in 0.001795 seconds, 139.238525 MiB/s sent_count 1 recvd_count 1 local_count 1 
server 1018 recvd 262144 bytes in 0.001795 seconds, 139.244283 MiB/s sent_count 1 recvd_count 1 local_count 1 
server 1019 recvd 262144 bytes in 0.001794 seconds, 139.351931 MiB/s sent_count 1 recvd_count 1 local_count 1 
server 1020 recvd 262144 bytes in 0.001796 seconds, 139.235132 MiB/s sent_count 1 recvd_count 1 local_count 1 
server 1026 recvd 262144 bytes in 0.001793 seconds, 139.426595 MiB/s sent_count 1 recvd_count 1 local_count 1 
server 1027 recvd 262144 bytes in 0.001794 seconds, 139.327934 MiB/s sent_count 1 recvd_count 1 local_count 1 
server 1028 recvd 262144 bytes in 0.001795 seconds, 139.271094 MiB/s sent_count 1 recvd_count 1 local_count 1 
server 1029 recvd 262144 bytes in 0.001795 seconds, 139.239369 MiB/s sent_count 1 recvd_count 1 local_count 1 
server 1035 recvd 262144 bytes in 0.001795 seconds, 139.308678 MiB/s sent_count 1 recvd_count 1 local_count 1 
server 1036 recvd 262144 bytes in 0.001793 seconds, 139.434048 MiB/s sent_count 1 recvd_count 1 local_count 1 
server 1037 recvd 262144 bytes in 0.001795 seconds, 139.267023 MiB/s sent_count 1 recvd_count 1 local_count 1 
server 1038 recvd 262144 bytes in 0.001795 seconds, 139.285175 MiB/s sent_count 1 recvd_count 1 local_count 1 
server 1044 recvd 262144 bytes in 0.001795 seconds, 139.308611 MiB/s sent_count 1 recvd_count 1 local_count 1 
server 1045 recvd 262144 bytes in 0.001795 seconds, 139.286773 MiB/s sent_count 1 recvd_count 1 local_count 1 
server 1046 recvd 262144 bytes in 0.001794 seconds, 139.334080 MiB/s sent_count 1 recvd_count 1 local_count 1 
server 1047 recvd 262144 bytes in 0.001795 seconds, 139.246749 MiB/s sent_count 1 recvd_count 1 local_count 1 
server 1053 recvd 262144 bytes in 0.001793 seconds, 139.404903 MiB/s sent_count 1 recvd_count 1 local_count 1 
server 1054 recvd 262144 bytes in 0.001795 seconds, 139.253307 MiB/s sent_count 1 recvd_count 1 local_count 1 
server 1055 recvd 262144 bytes in 0.001794 seconds, 139.381903 MiB/s sent_count 1 recvd_count 1 local_count 1 
server 1056 recvd 262144 bytes in 0.001796 seconds, 139.234117 MiB/s sent_count 1 recvd_count 1 local_count 1 
server 1062 recvd 262144 bytes in 0.001795 seconds, 139.280050 MiB/s sent_count 1 recvd_count 1 local_count 1 
server 1063 recvd 262144 bytes in 0.001795 seconds, 139.260688 MiB/s sent_count 1 recvd_count 1 local_count 1 
server 1064 recvd 262144 bytes in 0.001795 seconds, 139.266175 MiB/s sent_count 1 recvd_count 1 local_count 1 
server 1065 recvd 262144 bytes in 0.001793 seconds, 139.409960 MiB/s sent_count 1 recvd_count 1 local_count 1 
server 1071 recvd 262144 bytes in 0.001795 seconds, 139.310095 MiB/s sent_count 1 recvd_count 1 local_count 1 
server 1072 recvd 262144 bytes in 0.001794 seconds, 139.350958 MiB/s sent_count 1 recvd_count 1 local_count 1 
server 1073 recvd 262144 bytes in 0.001796 seconds, 139.233110 MiB/s sent_count 1 recvd_count 1 local_count 1 
server 1074 recvd 262144 bytes in 0.001795 seconds, 139.296223 MiB/s sent_count 1 recvd_count 1 local_count 1 
server 1080 recvd 262144 bytes in 0.001794 seconds, 139.350942 MiB/s sent_count 1 recvd_count 1 local_count 1 
server 1081 recvd 262144 bytes in 0.001793 seconds, 139.403392 MiB/s sent_count 1 recvd_count 1 local_count 1 
server 1082 recvd 262144 bytes in 0.001795 seconds, 139.260217 MiB/s sent_count 1 recvd_count 1 local_count 1 
server 1083 recvd 262144 bytes in 0.001795 seconds, 139.267394 MiB/s sent_count 1 recvd_count 1 local_count 1 
server 1089 recvd 262144 bytes in 0.001793 seconds, 139.437974 MiB/s sent_count 1 recvd_count 1 local_count 1 
server 1090 recvd 262144 bytes in 0.001794 seconds, 139.364092 MiB/s sent_count 1 recvd_count 1 local_count 1 
server 1091 recvd 262144 bytes in 0.001795 seconds, 139.273655 MiB/s sent_count 1 recvd_count 1 local_count 1 
server 1092 recvd 262144 bytes in 0.001795 seconds, 139.285582 MiB/s sent_count 1 recvd_count 1 local_count 1 
server 1098 recvd 262144 bytes in 0.001795 seconds, 139.302385 MiB/s sent_count 1 recvd_count 1 local_count 1 
server 1099 recvd 262144 bytes in 0.001794 seconds, 139.321025 MiB/s sent_count 1 recvd_count 1 local_count 1 
server 1100 recvd 262144 bytes in 0.001795 seconds, 139.298506 MiB/s sent_count 1 recvd_count 1 local_count 1 
server 1101 recvd 262144 bytes in 0.001794 seconds, 139.340621 MiB/s sent_count 1 recvd_count 1 local_count 1 
server 1107 recvd 262144 bytes in 0.001796 seconds, 139.234217 MiB/s sent_count 1 recvd_count 1 local_count 1 
server 1108 recvd 262144 bytes in 0.001796 seconds, 139.223485 MiB/s sent_count 1 recvd_count 1 local_count 1 
server 1109 recvd 262144 bytes in 0.001795 seconds, 139.261581 MiB/s sent_count 1 recvd_count 1 local_count 1 
server 1110 recvd 262144 bytes in 0.001794 seconds, 139.335415 MiB/s sent_count 1 recvd_count 1 local_count 1 
server 1116 recvd 262144 bytes in 0.001795 seconds, 139.238399 MiB/s sent_count 1 recvd_count 1 local_count 1 
server 1117 recvd 262144 bytes in 0.001796 seconds, 139.225540 MiB/s sent_count 1 recvd_count 1 local_count 1 
server 1118 recvd 262144 bytes in 0.001796 seconds, 139.217395 MiB/s sent_count 1 recvd_count 1 local_count 1 
server 1119 recvd 262144 bytes in 0.001795 seconds, 139.255609 MiB/s sent_count 1 recvd_count 1 local_count 1 
server 1125 recvd 262144 bytes in 0.001792 seconds, 139.512146 MiB/s sent_count 1 recvd_count 1 local_count 1 
server 1126 recvd 262144 bytes in 0.001795 seconds, 139.299519 MiB/s sent_count 1 recvd_count 1 local_count 1 
server 1127 recvd 262144 bytes in 0.001796 seconds, 139.229555 MiB/s sent_count 1 recvd_count 1 local_count 1 
server 1128 recvd 262144 bytes in 0.001795 seconds, 139.247567 MiB/s sent_count 1 recvd_count 1 local_count 1 
server 1134 recvd 262144 bytes in 0.001792 seconds, 139.528425 MiB/s sent_count 1 recvd_count 1 local_count 1 
server 1135 recvd 262144 bytes in 0.001796 seconds, 139.230245 MiB/s sent_count 1 recvd_count 1 local_count 1 
server 1136 recvd 262144 bytes in 0.001795 seconds, 139.254180 MiB/s sent_count 1 recvd_count 1 local_count 1 
server 1137 recvd 262144 bytes in 0.001795 seconds, 139.297346 MiB/s sent_count 1 recvd_count 1 local_count 1 
server 1143 recvd 262144 bytes in 0.001794 seconds, 139.384949 MiB/s sent_count 1 recvd_count 1 local_count 1 
server 1144 recvd 262144 bytes in 0.001795 seconds, 139.280421 MiB/s sent_count 1 recvd_count 1 local_count 1 
server 1145 recvd 262144 bytes in 0.001796 seconds, 139.234823 MiB/s sent_count 1 recvd_count 1 local_count 1 
server 1146 recvd 262144 bytes in 0.001795 seconds, 139.307252 MiB/s sent_count 1 recvd_count 1 local_count 1 
server 1152 recvd 262144 bytes in 0.001795 seconds, 139.245900 MiB/s sent_count 1 recvd_count 1 local_count 1 
server 1153 recvd 262144 bytes in 0.001795 seconds, 139.248849 MiB/s sent_count 1 recvd_count 1 local_count 1 
server 1154 recvd 262144 bytes in 0.001795 seconds, 139.259513 MiB/s sent_count 1 recvd_count 1 local_count 1 
server 1155 recvd 262144 bytes in 0.001796 seconds, 139.216621 MiB/s sent_count 1 recvd_count 1 local_count 1 
server 1161 recvd 262144 bytes in 0.001795 seconds, 139.267836 MiB/s sent_count 1 recvd_count 1 local_count 1 
server 1162 recvd 262144 bytes in 0.001794 seconds, 139.365668 MiB/s sent_count 1 recvd_count 1 local_count 1 
server 1163 recvd 262144 bytes in 0.001794 seconds, 139.316750 MiB/s sent_count 1 recvd_count 1 local_count 1 
server 1164 recvd 262144 bytes in 0.001793 seconds, 139.434068 MiB/s sent_count 1 recvd_count 1 local_count 1 
server 1170 recvd 262144 bytes in 0.001795 seconds, 139.238108 MiB/s sent_count 1 recvd_count 1 local_count 1 
server 1171 recvd 262144 bytes in 0.001794 seconds, 139.357633 MiB/s sent_count 1 recvd_count 1 local_count 1 
server 1172 recvd 262144 bytes in 0.001794 seconds, 139.323197 MiB/s sent_count 1 recvd_count 1 local_count 1 
server 1173 recvd 262144 bytes in 0.001793 seconds, 139.437863 MiB/s sent_count 1 recvd_count 1 local_count 1 
server 1179 recvd 262144 bytes in 0.001793 seconds, 139.448271 MiB/s sent_count 1 recvd_count 1 local_count 1 
server 1180 recvd 262144 bytes in 0.001794 seconds, 139.330320 MiB/s sent_count 1 recvd_count 1 local_count 1 
server 1181 recvd 262144 bytes in 0.001795 seconds, 139.246504 MiB/s sent_count 1 recvd_count 1 local_count 1 
server 1182 recvd 262144 bytes in 0.001796 seconds, 139.231167 MiB/s sent_count 1 recvd_count 1 local_count 1 
server 1188 recvd 262144 bytes in 0.001795 seconds, 139.278445 MiB/s sent_count 1 recvd_count 1 local_count 1 
server 1189 recvd 262144 bytes in 0.001795 seconds, 139.273433 MiB/s sent_count 1 recvd_count 1 local_count 1 
server 1190 recvd 262144 bytes in 0.001795 seconds, 139.291531 MiB/s sent_count 1 recvd_count 1 local_count 1 
server 1191 recvd 262144 bytes in 0.001796 seconds, 139.216995 MiB/s sent_count 1 recvd_count 1 local_count 1 
server 1197 recvd 262144 bytes in 0.001794 seconds, 139.368579 MiB/s sent_count 1 recvd_count 1 local_count 1 
server 1198 recvd 262144 bytes in 0.001795 seconds, 139.277798 MiB/s sent_count 1 recvd_count 1 local_count 1 
server 1199 recvd 262144 bytes in 0.001793 seconds, 139.438249 MiB/s sent_count 1 recvd_count 1 local_count 1 
server 1200 recvd 262144 bytes in 0.001796 seconds, 139.221520 MiB/s sent_count 1 recvd_count 1 local_count 1 
server 1206 recvd 262144 bytes in 0.001794 seconds, 139.330278 MiB/s sent_count 1 recvd_count 1 local_count 1 
server 1207 recvd 262144 bytes in 0.001796 seconds, 139.224606 MiB/s sent_count 1 recvd_count 1 local_count 1 
server 1208 recvd 262144 bytes in 0.001795 seconds, 139.246872 MiB/s sent_count 1 recvd_count 1 local_count 1 
server 1209 recvd 262144 bytes in 0.001796 seconds, 139.207626 MiB/s sent_count 1 recvd_count 1 local_count 1 
server 1215 recvd 262144 bytes in 0.001793 seconds, 139.404794 MiB/s sent_count 1 recvd_count 1 local_count 1 
server 1216 recvd 262144 bytes in 0.001795 seconds, 139.260179 MiB/s sent_count 1 recvd_count 1 local_count 1 
server 1217 recvd 262144 bytes in 0.001796 seconds, 139.236579 MiB/s sent_count 1 recvd_count 1 local_count 1 
server 1218 recvd 262144 bytes in 0.001794 seconds, 139.319204 MiB/s sent_count 1 recvd_count 1 local_count 1 
server 1224 recvd 262144 bytes in 0.001795 seconds, 139.243533 MiB/s sent_count 1 recvd_count 1 local_count 1 
server 1225 recvd 262144 bytes in 0.001795 seconds, 139.271428 MiB/s sent_count 1 recvd_count 1 local_count 1 
server 1226 recvd 262144 bytes in 0.001796 seconds, 139.236691 MiB/s sent_count 1 recvd_count 1 local_count 1 
server 1227 recvd 262144 bytes in 0.001795 seconds, 139.314378 MiB/s sent_count 1 recvd_count 1 local_count 1 
server 1233 recvd 262144 bytes in 0.001795 seconds, 139.245678 MiB/s sent_count 1 recvd_count 1 local_count 1 
server 1234 recvd 262144 bytes in 0.001796 seconds, 139.234156 MiB/s sent_count 1 recvd_count 1 local_count 1 
server 1235 recvd 262144 bytes in 0.001792 seconds, 139.516917 MiB/s sent_count 1 recvd_count 1 local_count 1 
server 1236 recvd 262144 bytes in 0.001796 seconds, 139.228926 MiB/s sent_count 1 recvd_count 1 local_count 1 
server 1242 recvd 262144 bytes in 0.001792 seconds, 139.497025 MiB/s sent_count 1 recvd_count 1 local_count 1 
server 1243 recvd 262144 bytes in 0.001795 seconds, 139.247596 MiB/s sent_count 1 recvd_count 1 local_count 1 
server 1244 recvd 262144 bytes in 0.001794 seconds, 139.356111 MiB/s sent_count 1 recvd_count 1 local_count 1 
server 1245 recvd 262144 bytes in 0.001793 seconds, 139.424774 MiB/s sent_count 1 recvd_count 1 local_count 1 
server 1251 recvd 262144 bytes in 0.001795 seconds, 139.274210 MiB/s sent_count 1 recvd_count 1 local_count 1 
server 1252 recvd 262144 bytes in 0.001796 seconds, 139.229760 MiB/s sent_count 1 recvd_count 1 local_count 1 
server 1253 recvd 262144 bytes in 0.001795 seconds, 139.255058 MiB/s sent_count 1 recvd_count 1 local_count 1 
server 1254 recvd 262144 bytes in 0.001792 seconds, 139.503304 MiB/s sent_count 1 recvd_count 1 local_count 1 
server 1260 recvd 262144 bytes in 0.001794 seconds, 139.357292 MiB/s sent_count 1 recvd_count 1 local_count 1 
server 1261 recvd 262144 bytes in 0.001795 seconds, 139.312985 MiB/s sent_count 1 recvd_count 1 local_count 1 
server 1262 recvd 262144 bytes in 0.001795 seconds, 139.243160 MiB/s sent_count 1 recvd_count 1 local_count 1 
server 1263 recvd 262144 bytes in 0.001793 seconds, 139.444449 MiB/s sent_count 1 recvd_count 1 local_count 1 
server 1269 recvd 262144 bytes in 0.001795 seconds, 139.258216 MiB/s sent_count 1 recvd_count 1 local_count 1 
server 1270 recvd 262144 bytes in 0.001796 seconds, 139.232599 MiB/s sent_count 1 recvd_count 1 local_count 1 
server 1271 recvd 262144 bytes in 0.001793 seconds, 139.421472 MiB/s sent_count 1 recvd_count 1 local_count 1 
server 1272 recvd 262144 bytes in 0.001795 seconds, 139.313705 MiB/s sent_count 1 recvd_count 1 local_count 1 
server 1278 recvd 262144 bytes in 0.001792 seconds, 139.535424 MiB/s sent_count 1 recvd_count 1 local_count 1 
server 1279 recvd 262144 bytes in 0.001795 seconds, 139.243274 MiB/s sent_count 1 recvd_count 1 local_count 1 
server 1280 recvd 262144 bytes in 0.001794 seconds, 139.347612 MiB/s sent_count 1 recvd_count 1 local_count 1 
server 1281 recvd 262144 bytes in 0.001794 seconds, 139.368931 MiB/s sent_count 1 recvd_count 1 local_count 1 
server 1287 recvd 262144 bytes in 0.001794 seconds, 139.341685 MiB/s sent_count 1 recvd_count 1 local_count 1 
server 1288 recvd 262144 bytes in 0.001793 seconds, 139.415198 MiB/s sent_count 1 recvd_count 1 local_count 1 
server 1289 recvd 262144 bytes in 0.001795 seconds, 139.300990 MiB/s sent_count 1 recvd_count 1 local_count 1 
server 1290 recvd 262144 bytes in 0.001792 seconds, 139.518799 MiB/s sent_count 1 recvd_count 1 local_count 1 
server 1296 recvd 262144 bytes in 0.001796 seconds, 139.224172 MiB/s sent_count 1 recvd_count 1 local_count 1 
server 1297 recvd 262144 bytes in 0.001794 seconds, 139.373349 MiB/s sent_count 1 recvd_count 1 local_count 1 
server 1298 recvd 262144 bytes in 0.001796 seconds, 139.217600 MiB/s sent_count 1 recvd_count 1 local_count 1 
server 1299 recvd 262144 bytes in 0.001795 seconds, 139.276896 MiB/s sent_count 1 recvd_count 1 local_count 1 
server 1305 recvd 262144 bytes in 0.001796 seconds, 139.212689 MiB/s sent_count 1 recvd_count 1 local_count 1 
server 1306 recvd 262144 bytes in 0.001796 seconds, 139.229763 MiB/s sent_count 1 recvd_count 1 local_count 1 
server 1307 recvd 262144 bytes in 0.001795 seconds, 139.259159 MiB/s sent_count 1 recvd_count 1 local_count 1 
server 1308 recvd 262144 bytes in 0.001795 seconds, 139.296460 MiB/s sent_count 1 recvd_count 1 local_count 1 
server 1314 recvd 262144 bytes in 0.001795 seconds, 139.291303 MiB/s sent_count 1 recvd_count 1 local_count 1 
server 1315 recvd 262144 bytes in 0.001795 seconds, 139.258343 MiB/s sent_count 1 recvd_count 1 local_count 1 
server 1316 recvd 262144 bytes in 0.001793 seconds, 139.436196 MiB/s sent_count 1 recvd_count 1 local_count 1 
server 1317 recvd 262144 bytes in 0.001795 seconds, 139.266741 MiB/s sent_count 1 recvd_count 1 local_count 1 
server 1323 recvd 262144 bytes in 0.001793 seconds, 139.464638 MiB/s sent_count 1 recvd_count 1 local_count 1 
server 1324 recvd 262144 bytes in 0.001794 seconds, 139.346719 MiB/s sent_count 1 recvd_count 1 local_count 1 
server 1325 recvd 262144 bytes in 0.001792 seconds, 139.517139 MiB/s sent_count 1 recvd_count 1 local_count 1 
server 1326 recvd 262144 bytes in 0.001795 seconds, 139.277375 MiB/s sent_count 1 recvd_count 1 local_count 1 
server 1332 recvd 262144 bytes in 0.001793 seconds, 139.402766 MiB/s sent_count 1 recvd_count 1 local_count 1 
server 1333 recvd 262144 bytes in 0.001795 seconds, 139.295944 MiB/s sent_count 1 recvd_count 1 local_count 1 
server 1334 recvd 262144 bytes in 0.001795 seconds, 139.268903 MiB/s sent_count 1 recvd_count 1 local_count 1 
server 1335 recvd 262144 bytes in 0.001796 seconds, 139.214077 MiB/s sent_count 1 recvd_count 1 local_count 1 
server 1341 recvd 262144 bytes in 0.001795 seconds, 139.293442 MiB/s sent_count 1 recvd_count 1 local_count 1 
server 1342 recvd 262144 bytes in 0.001795 seconds, 139.255793 MiB/s sent_count 1 recvd_count 1 local_count 1 
server 1343 recvd 262144 bytes in 0.001794 seconds, 139.326708 MiB/s sent_count 1 recvd_count 1 local_count 1 
server 1344 recvd 262144 bytes in 0.001795 seconds, 139.299537 MiB/s sent_count 1 recvd_count 1 local_count 1 
server 1350 recvd 262144 bytes in 0.001794 seconds, 139.317177 MiB/s sent_count 1 recvd_count 1 local_count 1 
server 1351 recvd 262144 bytes in 0.001794 seconds, 139.349440 MiB/s sent_count 1 recvd_count 1 local_count 1 
server 1352 recvd 262144 bytes in 0.001795 seconds, 139.245526 MiB/s sent_count 1 recvd_count 1 local_count 1 
server 1353 recvd 262144 bytes in 0.001795 seconds, 139.304769 MiB/s sent_count 1 recvd_count 1 local_count 1 
server 1359 recvd 262144 bytes in 0.001796 seconds, 139.236311 MiB/s sent_count 1 recvd_count 1 local_count 1 
server 1360 recvd 262144 bytes in 0.001795 seconds, 139.309714 MiB/s sent_count 1 recvd_count 1 local_count 1 
server 1361 recvd 262144 bytes in 0.001794 seconds, 139.342106 MiB/s sent_count 1 recvd_count 1 local_count 1 
server 1362 recvd 262144 bytes in 0.001795 seconds, 139.300571 MiB/s sent_count 1 recvd_count 1 local_count 1 
server 1368 recvd 262144 bytes in 0.001795 seconds, 139.283234 MiB/s sent_count 1 recvd_count 1 local_count 1 
server 1369 recvd 262144 bytes in 0.001794 seconds, 139.326134 MiB/s sent_count 1 recvd_count 1 local_count 1 
server 1370 recvd 262144 bytes in 0.001795 seconds, 139.247673 MiB/s sent_count 1 recvd_count 1 local_count 1 
server 1371 recvd 262144 bytes in 0.001795 seconds, 139.237420 MiB/s sent_count 1 recvd_count 1 local_count 1 
server 1377 recvd 262144 bytes in 0.001796 seconds, 139.233294 MiB/s sent_count 1 recvd_count 1 local_count 1 
server 1378 recvd 262144 bytes in 0.001795 seconds, 139.271434 MiB/s sent_count 1 recvd_count 1 local_count 1 
server 1379 recvd 262144 bytes in 0.001795 seconds, 139.248882 MiB/s sent_count 1 recvd_count 1 local_count 1 
server 1380 recvd 262144 bytes in 0.001795 seconds, 139.245242 MiB/s sent_count 1 recvd_count 1 local_count 1 
server 1386 recvd 262144 bytes in 0.001796 seconds, 139.224238 MiB/s sent_count 1 recvd_count 1 local_count 1 
server 1387 recvd 262144 bytes in 0.001795 seconds, 139.270214 MiB/s sent_count 1 recvd_count 1 local_count 1 
server 1388 recvd 262144 bytes in 0.001795 seconds, 139.240998 MiB/s sent_count 1 recvd_count 1 local_count 1 
server 1389 recvd 262144 bytes in 0.001794 seconds, 139.328379 MiB/s sent_count 1 recvd_count 1 local_count 1 
server 1395 recvd 262144 bytes in 0.001795 seconds, 139.257374 MiB/s sent_count 1 recvd_count 1 local_count 1 
server 1396 recvd 262144 bytes in 0.001795 seconds, 139.280198 MiB/s sent_count 1 recvd_count 1 local_count 1 
server 1397 recvd 262144 bytes in 0.001796 seconds, 139.207543 MiB/s sent_count 1 recvd_count 1 local_count 1 
server 1398 recvd 262144 bytes in 0.001796 seconds, 139.229563 MiB/s sent_count 1 recvd_count 1 local_count 1 
server 1404 recvd 262144 bytes in 0.001795 seconds, 139.259164 MiB/s sent_count 1 recvd_count 1 local_count 1 
server 1405 recvd 262144 bytes in 0.001795 seconds, 139.260678 MiB/s sent_count 1 recvd_count 1 local_count 1 
server 1406 recvd 262144 bytes in 0.001796 seconds, 139.223390 MiB/s sent_count 1 recvd_count 1 local_count 1 
server 1407 recvd 262144 bytes in 0.001795 seconds, 139.283513 MiB/s sent_count 1 recvd_count 1 local_count 1 
server 1413 recvd 262144 bytes in 0.001796 seconds, 139.232345 MiB/s sent_count 1 recvd_count 1 local_count 1 
server 1414 recvd 262144 bytes in 0.001795 seconds, 139.248507 MiB/s sent_count 1 recvd_count 1 local_count 1 
server 1415 recvd 262144 bytes in 0.001796 seconds, 139.231753 MiB/s sent_count 1 recvd_count 1 local_count 1 
server 1416 recvd 262144 bytes in 0.001794 seconds, 139.336983 MiB/s sent_count 1 recvd_count 1 local_count 1 
server 1422 recvd 262144 bytes in 0.001795 seconds, 139.286871 MiB/s sent_count 1 recvd_count 1 local_count 1 
server 1423 recvd 262144 bytes in 0.001795 seconds, 139.260898 MiB/s sent_count 1 recvd_count 1 local_count 1 
server 1424 recvd 262144 bytes in 0.001796 seconds, 139.224726 MiB/s sent_count 1 recvd_count 1 local_count 1 
server 1425 recvd 262144 bytes in 0.001795 seconds, 139.283111 MiB/s sent_count 1 recvd_count 1 local_count 1 
server 1431 recvd 262144 bytes in 0.001796 seconds, 139.211845 MiB/s sent_count 1 recvd_count 1 local_count 1 
server 1432 recvd 262144 bytes in 0.001795 seconds, 139.274123 MiB/s sent_count 1 recvd_count 1 local_count 1 
server 1433 recvd 262144 bytes in 0.001794 seconds, 139.368451 MiB/s sent_count 1 recvd_count 1 local_count 1 
server 1434 recvd 262144 bytes in 0.001795 seconds, 139.239602 MiB/s sent_count 1 recvd_count 1 local_count 1 
server 1440 recvd 262144 bytes in 0.001793 seconds, 139.397014 MiB/s sent_count 1 recvd_count 1 local_count 1 
server 1441 recvd 262144 bytes in 0.001795 seconds, 139.264434 MiB/s sent_count 1 recvd_count 1 local_count 1 
server 1442 recvd 262144 bytes in 0.001796 seconds, 139.219915 MiB/s sent_count 1 recvd_count 1 local_count 1 
server 1443 recvd 262144 bytes in 0.001795 seconds, 139.266047 MiB/s sent_count 1 recvd_count 1 local_count 1 
server 1449 recvd 262144 bytes in 0.001794 seconds, 139.371144 MiB/s sent_count 1 recvd_count 1 local_count 1 
server 1450 recvd 262144 bytes in 0.001796 seconds, 139.225935 MiB/s sent_count 1 recvd_count 1 local_count 1 
server 1451 recvd 262144 bytes in 0.001795 seconds, 139.265967 MiB/s sent_count 1 recvd_count 1 local_count 1 
server 1452 recvd 262144 bytes in 0.001795 seconds, 139.246176 MiB/s sent_count 1 recvd_count 1 local_count 1 
server 1458 recvd 262144 bytes in 0.001795 seconds, 139.255460 MiB/s sent_count 1 recvd_count 1 local_count 1 
server 1459 recvd 262144 bytes in 0.001795 seconds, 139.273076 MiB/s sent_count 1 recvd_count 1 local_count 1 
server 1460 recvd 262144 bytes in 0.001795 seconds, 139.296973 MiB/s sent_count 1 recvd_count 1 local_count 1 
server 1461 recvd 262144 bytes in 0.001793 seconds, 139.419147 MiB/s sent_count 1 recvd_count 1 local_count 1 
server 1467 recvd 262144 bytes in 0.001795 seconds, 139.252364 MiB/s sent_count 1 recvd_count 1 local_count 1 
server 1468 recvd 262144 bytes in 0.001791 seconds, 139.553415 MiB/s sent_count 1 recvd_count 1 local_count 1 
server 1469 recvd 262144 bytes in 0.001795 seconds, 139.312034 MiB/s sent_count 1 recvd_count 1 local_count 1 
server 1470 recvd 262144 bytes in 0.001795 seconds, 139.239224 MiB/s sent_count 1 recvd_count 1 local_count 1 
server 1476 recvd 262144 bytes in 0.001796 seconds, 139.230168 MiB/s sent_count 1 recvd_count 1 local_count 1 
server 1477 recvd 262144 bytes in 0.001794 seconds, 139.354331 MiB/s sent_count 1 recvd_count 1 local_count 1 
server 1478 recvd 262144 bytes in 0.001795 seconds, 139.250183 MiB/s sent_count 1 recvd_count 1 local_count 1 
server 1479 recvd 262144 bytes in 0.001796 seconds, 139.230800 MiB/s sent_count 1 recvd_count 1 local_count 1 
server 1485 recvd 262144 bytes in 0.001795 seconds, 139.253975 MiB/s sent_count 1 recvd_count 1 local_count 1 
server 1486 recvd 262144 bytes in 0.001795 seconds, 139.252726 MiB/s sent_count 1 recvd_count 1 local_count 1 
server 1487 recvd 262144 bytes in 0.001796 seconds, 139.225195 MiB/s sent_count 1 recvd_count 1 local_count 1 
server 1488 recvd 262144 bytes in 0.001795 seconds, 139.239138 MiB/s sent_count 1 recvd_count 1 local_count 1 
server 1494 recvd 262144 bytes in 0.001793 seconds, 139.419939 MiB/s sent_count 1 recvd_count 1 local_count 1 
server 1495 recvd 262144 bytes in 0.001795 seconds, 139.299191 MiB/s sent_count 1 recvd_count 1 local_count 1 
server 1496 recvd 262144 bytes in 0.001795 seconds, 139.239889 MiB/s sent_count 1 recvd_count 1 local_count 1 
server 1497 recvd 262144 bytes in 0.001796 seconds, 139.231859 MiB/s sent_count 1 recvd_count 1 local_count 1 
server 1503 recvd 262144 bytes in 0.001796 seconds, 139.218272 MiB/s sent_count 1 recvd_count 1 local_count 1 
server 1504 recvd 262144 bytes in 0.001795 seconds, 139.245220 MiB/s sent_count 1 recvd_count 1 local_count 1 
server 1505 recvd 262144 bytes in 0.001795 seconds, 139.294201 MiB/s sent_count 1 recvd_count 1 local_count 1 
server 1506 recvd 262144 bytes in 0.001795 seconds, 139.270007 MiB/s sent_count 1 recvd_count 1 local_count 1 
server 1512 recvd 262144 bytes in 0.001796 seconds, 139.223551 MiB/s sent_count 1 recvd_count 1 local_count 1 
server 1513 recvd 262144 bytes in 0.001796 seconds, 139.217741 MiB/s sent_count 1 recvd_count 1 local_count 1 
server 1514 recvd 262144 bytes in 0.001796 seconds, 139.211263 MiB/s sent_count 1 recvd_count 1 local_count 1 
server 1515 recvd 262144 bytes in 0.001795 seconds, 139.241552 MiB/s sent_count 1 recvd_count 1 local_count 1 
server 1521 recvd 262144 bytes in 0.001796 seconds, 139.228167 MiB/s sent_count 1 recvd_count 1 local_count 1 
server 1522 recvd 262144 bytes in 0.001789 seconds, 139.776743 MiB/s sent_count 1 recvd_count 1 local_count 1 
server 1523 recvd 262144 bytes in 0.001795 seconds, 139.265733 MiB/s sent_count 1 recvd_count 1 local_count 1 
server 1524 recvd 262144 bytes in 0.001795 seconds, 139.241165 MiB/s sent_count 1 recvd_count 1 local_count 1 
server 1530 recvd 262144 bytes in 0.001796 seconds, 139.221199 MiB/s sent_count 1 recvd_count 1 local_count 1 
server 1531 recvd 262144 bytes in 0.001795 seconds, 139.310146 MiB/s sent_count 1 recvd_count 1 local_count 1 
server 1532 recvd 262144 bytes in 0.001792 seconds, 139.490407 MiB/s sent_count 1 recvd_count 1 local_count 1 
server 1533 recvd 262144 bytes in 0.001795 seconds, 139.266001 MiB/s sent_count 1 recvd_count 1 local_count 1 
server 1539 recvd 262144 bytes in 0.001795 seconds, 139.273029 MiB/s sent_count 1 recvd_count 1 local_count 1 
server 1540 recvd 262144 bytes in 0.001790 seconds, 139.626327 MiB/s sent_count 1 recvd_count 1 local_count 1 
server 1541 recvd 262144 bytes in 0.001796 seconds, 139.214709 MiB/s sent_count 1 recvd_count 1 local_count 1 
server 1542 recvd 262144 bytes in 0.001795 seconds, 139.245189 MiB/s sent_count 1 recvd_count 1 local_count 1 
server 1548 recvd 262144 bytes in 0.001795 seconds, 139.277657 MiB/s sent_count 1 recvd_count 1 local_count 1 
server 1549 recvd 262144 bytes in 0.001795 seconds, 139.248720 MiB/s sent_count 1 recvd_count 1 local_count 1 
server 1550 recvd 262144 bytes in 0.001796 seconds, 139.235363 MiB/s sent_count 1 recvd_count 1 local_count 1 
server 1551 recvd 262144 bytes in 0.001795 seconds, 139.282658 MiB/s sent_count 1 recvd_count 1 local_count 1 
server 1557 recvd 262144 bytes in 0.001793 seconds, 139.467391 MiB/s sent_count 1 recvd_count 1 local_count 1 
server 1558 recvd 262144 bytes in 0.001795 seconds, 139.269492 MiB/s sent_count 1 recvd_count 1 local_count 1 
server 1559 recvd 262144 bytes in 0.001795 seconds, 139.258413 MiB/s sent_count 1 recvd_count 1 local_count 1 
server 1560 recvd 262144 bytes in 0.001796 seconds, 139.223869 MiB/s sent_count 1 recvd_count 1 local_count 1 
server 1566 recvd 262144 bytes in 0.001795 seconds, 139.285445 MiB/s sent_count 1 recvd_count 1 local_count 1 
server 1567 recvd 262144 bytes in 0.001795 seconds, 139.293436 MiB/s sent_count 1 recvd_count 1 local_count 1 
server 1568 recvd 262144 bytes in 0.001796 seconds, 139.233498 MiB/s sent_count 1 recvd_count 1 local_count 1 
server 1569 recvd 262144 bytes in 0.001795 seconds, 139.276112 MiB/s sent_count 1 recvd_count 1 local_count 1 
server 1575 recvd 262144 bytes in 0.001796 seconds, 139.226800 MiB/s sent_count 1 recvd_count 1 local_count 1 
server 1576 recvd 262144 bytes in 0.001795 seconds, 139.275753 MiB/s sent_count 1 recvd_count 1 local_count 1 
server 1577 recvd 262144 bytes in 0.001796 seconds, 139.226116 MiB/s sent_count 1 recvd_count 1 local_count 1 
server 1578 recvd 262144 bytes in 0.001796 seconds, 139.222027 MiB/s sent_count 1 recvd_count 1 local_count 1 
server 1584 recvd 262144 bytes in 0.001794 seconds, 139.335701 MiB/s sent_count 1 recvd_count 1 local_count 1 
server 1585 recvd 262144 bytes in 0.001795 seconds, 139.240363 MiB/s sent_count 1 recvd_count 1 local_count 1 
server 1586 recvd 262144 bytes in 0.001795 seconds, 139.284790 MiB/s sent_count 1 recvd_count 1 local_count 1 
server 1587 recvd 262144 bytes in 0.001796 seconds, 139.219745 MiB/s sent_count 1 recvd_count 1 local_count 1 
server 1593 recvd 262144 bytes in 0.001795 seconds, 139.310798 MiB/s sent_count 1 recvd_count 1 local_count 1 
server 1594 recvd 262144 bytes in 0.001795 seconds, 139.277844 MiB/s sent_count 1 recvd_count 1 local_count 1 
server 1595 recvd 262144 bytes in 0.001795 seconds, 139.289240 MiB/s sent_count 1 recvd_count 1 local_count 1 
server 1596 recvd 262144 bytes in 0.001796 seconds, 139.234771 MiB/s sent_count 1 recvd_count 1 local_count 1 
server 1602 recvd 262144 bytes in 0.001795 seconds, 139.238375 MiB/s sent_count 1 recvd_count 1 local_count 1 
server 1603 recvd 262144 bytes in 0.001795 seconds, 139.252561 MiB/s sent_count 1 recvd_count 1 local_count 1 
server 1604 recvd 262144 bytes in 0.001794 seconds, 139.392247 MiB/s sent_count 1 recvd_count 1 local_count 1 
server 1605 recvd 262144 bytes in 0.001795 seconds, 139.302414 MiB/s sent_count 1 recvd_count 1 local_count 1 
server 1611 recvd 262144 bytes in 0.001792 seconds, 139.471493 MiB/s sent_count 1 recvd_count 1 local_count 1 
server 1612 recvd 262144 bytes in 0.001795 seconds, 139.281079 MiB/s sent_count 1 recvd_count 1 local_count 1 
server 1613 recvd 262144 bytes in 0.001795 seconds, 139.245121 MiB/s sent_count 1 recvd_count 1 local_count 1 
server 1614 recvd 262144 bytes in 0.001795 seconds, 139.274111 MiB/s sent_count 1 recvd_count 1 local_count 1 
server 1620 recvd 262144 bytes in 0.001796 seconds, 139.225504 MiB/s sent_count 1 recvd_count 1 local_count 1 
server 1621 recvd 262144 bytes in 0.001795 seconds, 139.289875 MiB/s sent_count 1 recvd_count 1 local_count 1 
server 1622 recvd 262144 bytes in 0.001794 seconds, 139.323664 MiB/s sent_count 1 recvd_count 1 local_count 1 
server 1623 recvd 262144 bytes in 0.001795 seconds, 139.293141 MiB/s sent_count 1 recvd_count 1 local_count 1 
server 1629 recvd 262144 bytes in 0.001795 seconds, 139.240561 MiB/s sent_count 1 recvd_count 1 local_count 1 
server 1630 recvd 262144 bytes in 0.001792 seconds, 139.493557 MiB/s sent_count 1 recvd_count 1 local_count 1 
server 1631 recvd 262144 bytes in 0.001795 seconds, 139.238684 MiB/s sent_count 1 recvd_count 1 local_count 1 
server 1632 recvd 262144 bytes in 0.001796 seconds, 139.230665 MiB/s sent_count 1 recvd_count 1 local_count 1 
server 1638 recvd 262144 bytes in 0.001795 seconds, 139.301077 MiB/s sent_count 1 recvd_count 1 local_count 1 
server 1639 recvd 262144 bytes in 0.001795 seconds, 139.279415 MiB/s sent_count 1 recvd_count 1 local_count 1 
server 1640 recvd 262144 bytes in 0.001795 seconds, 139.238364 MiB/s sent_count 1 recvd_count 1 local_count 1 
server 1641 recvd 262144 bytes in 0.001796 seconds, 139.212644 MiB/s sent_count 1 recvd_count 1 local_count 1 
server 1647 recvd 262144 bytes in 0.001795 seconds, 139.302707 MiB/s sent_count 1 recvd_count 1 local_count 1 
server 1648 recvd 262144 bytes in 0.001796 seconds, 139.221554 MiB/s sent_count 1 recvd_count 1 local_count 1 
server 1649 recvd 262144 bytes in 0.001794 seconds, 139.318464 MiB/s sent_count 1 recvd_count 1 local_count 1 
server 1650 recvd 262144 bytes in 0.001796 seconds, 139.233631 MiB/s sent_count 1 recvd_count 1 local_count 1 
server 1656 recvd 262144 bytes in 0.001793 seconds, 139.415285 MiB/s sent_count 1 recvd_count 1 local_count 1 
server 1657 recvd 262144 bytes in 0.001796 seconds, 139.222671 MiB/s sent_count 1 recvd_count 1 local_count 1 
server 1658 recvd 262144 bytes in 0.001796 seconds, 139.209170 MiB/s sent_count 1 recvd_count 1 local_count 1 
server 1659 recvd 262144 bytes in 0.001795 seconds, 139.242877 MiB/s sent_count 1 recvd_count 1 local_count 1 
server 1665 recvd 262144 bytes in 0.001795 seconds, 139.278934 MiB/s sent_count 1 recvd_count 1 local_count 1 
server 1666 recvd 262144 bytes in 0.001796 seconds, 139.224425 MiB/s sent_count 1 recvd_count 1 local_count 1 
server 1667 recvd 262144 bytes in 0.001794 seconds, 139.379529 MiB/s sent_count 1 recvd_count 1 local_count 1 
server 1668 recvd 262144 bytes in 0.001794 seconds, 139.371493 MiB/s sent_count 1 recvd_count 1 local_count 1 
server 1674 recvd 262144 bytes in 0.001793 seconds, 139.412903 MiB/s sent_count 1 recvd_count 1 local_count 1 
server 1675 recvd 262144 bytes in 0.001795 seconds, 139.259117 MiB/s sent_count 1 recvd_count 1 local_count 1 
server 1676 recvd 262144 bytes in 0.001795 seconds, 139.289040 MiB/s sent_count 1 recvd_count 1 local_count 1 
server 1677 recvd 262144 bytes in 0.001794 seconds, 139.316666 MiB/s sent_count 1 recvd_count 1 local_count 1 
server 1683 recvd 262144 bytes in 0.001794 seconds, 139.314956 MiB/s sent_count 1 recvd_count 1 local_count 1 
server 1684 recvd 262144 bytes in 0.001793 seconds, 139.458023 MiB/s sent_count 1 recvd_count 1 local_count 1 
server 1685 recvd 262144 bytes in 0.001796 seconds, 139.224267 MiB/s sent_count 1 recvd_count 1 local_count 1 
server 1686 recvd 262144 bytes in 0.001796 seconds, 139.230903 MiB/s sent_count 1 recvd_count 1 local_count 1 
server 1692 recvd 262144 bytes in 0.001795 seconds, 139.285839 MiB/s sent_count 1 recvd_count 1 local_count 1 
server 1693 recvd 262144 bytes in 0.001795 seconds, 139.290480 MiB/s sent_count 1 recvd_count 1 local_count 1 
server 1694 recvd 262144 bytes in 0.001796 seconds, 139.228750 MiB/s sent_count 1 recvd_count 1 local_count 1 
server 1695 recvd 262144 bytes in 0.001794 seconds, 139.329432 MiB/s sent_count 1 recvd_count 1 local_count 1 
server 1701 recvd 262144 bytes in 0.001793 seconds, 139.399923 MiB/s sent_count 1 recvd_count 1 local_count 1 
server 1702 recvd 262144 bytes in 0.001795 seconds, 139.245804 MiB/s sent_count 1 recvd_count 1 local_count 1 
server 1703 recvd 262144 bytes in 0.001795 seconds, 139.276272 MiB/s sent_count 1 recvd_count 1 local_count 1 
server 1704 recvd 262144 bytes in 0.001795 seconds, 139.253798 MiB/s sent_count 1 recvd_count 1 local_count 1 
server 1710 recvd 262144 bytes in 0.001795 seconds, 139.265802 MiB/s sent_count 1 recvd_count 1 local_count 1 
server 1711 recvd 262144 bytes in 0.001796 seconds, 139.221586 MiB/s sent_count 1 recvd_count 1 local_count 1 
server 1712 recvd 262144 bytes in 0.001795 seconds, 139.282782 MiB/s sent_count 1 recvd_count 1 local_count 1 
server 1713 recvd 262144 bytes in 0.001795 seconds, 139.257603 MiB/s sent_count 1 recvd_count 1 local_count 1 
server 1719 recvd 262144 bytes in 0.001796 seconds, 139.211981 MiB/s sent_count 1 recvd_count 1 local_count 1 
server 1720 recvd 262144 bytes in 0.001795 seconds, 139.290414 MiB/s sent_count 1 recvd_count 1 local_count 1 
server 1721 recvd 262144 bytes in 0.001795 seconds, 139.289113 MiB/s sent_count 1 recvd_count 1 local_count 1 
server 1722 recvd 262144 bytes in 0.001794 seconds, 139.320807 MiB/s sent_count 1 recvd_count 1 local_count 1 
server 1728 recvd 262144 bytes in 0.001796 seconds, 139.224228 MiB/s sent_count 1 recvd_count 1 local_count 1 
server 1729 recvd 262144 bytes in 0.001794 seconds, 139.352885 MiB/s sent_count 1 recvd_count 1 local_count 1 
server 1730 recvd 262144 bytes in 0.001795 seconds, 139.253544 MiB/s sent_count 1 recvd_count 1 local_count 1 
server 1731 recvd 262144 bytes in 0.001795 seconds, 139.240051 MiB/s sent_count 1 recvd_count 1 local_count 1 
server 1737 recvd 262144 bytes in 0.001795 seconds, 139.281631 MiB/s sent_count 1 recvd_count 1 local_count 1 
server 1738 recvd 262144 bytes in 0.001795 seconds, 139.286142 MiB/s sent_count 1 recvd_count 1 local_count 1 
server 1739 recvd 262144 bytes in 0.001793 seconds, 139.436881 MiB/s sent_count 1 recvd_count 1 local_count 1 
server 1740 recvd 262144 bytes in 0.001795 seconds, 139.252939 MiB/s sent_count 1 recvd_count 1 local_count 1 
server 1746 recvd 262144 bytes in 0.001795 seconds, 139.250392 MiB/s sent_count 1 recvd_count 1 local_count 1 
server 1747 recvd 262144 bytes in 0.001795 seconds, 139.255204 MiB/s sent_count 1 recvd_count 1 local_count 1 
server 1748 recvd 262144 bytes in 0.001795 seconds, 139.306432 MiB/s sent_count 1 recvd_count 1 local_count 1 
server 1749 recvd 262144 bytes in 0.001795 seconds, 139.257185 MiB/s sent_count 1 recvd_count 1 local_count 1 
server 1755 recvd 262144 bytes in 0.001794 seconds, 139.364566 MiB/s sent_count 1 recvd_count 1 local_count 1 
server 1756 recvd 262144 bytes in 0.001795 seconds, 139.291477 MiB/s sent_count 1 recvd_count 1 local_count 1 
server 1757 recvd 262144 bytes in 0.001795 seconds, 139.250048 MiB/s sent_count 1 recvd_count 1 local_count 1 
server 1758 recvd 262144 bytes in 0.001795 seconds, 139.265783 MiB/s sent_count 1 recvd_count 1 local_count 1 
server 1764 recvd 262144 bytes in 0.001795 seconds, 139.254765 MiB/s sent_count 1 recvd_count 1 local_count 1 
server 1765 recvd 262144 bytes in 0.001796 seconds, 139.209553 MiB/s sent_count 1 recvd_count 1 local_count 1 
server 1766 recvd 262144 bytes in 0.001794 seconds, 139.317713 MiB/s sent_count 1 recvd_count 1 local_count 1 
server 1767 recvd 262144 bytes in 0.001795 seconds, 139.274905 MiB/s sent_count 1 recvd_count 1 local_count 1 
server 1773 recvd 262144 bytes in 0.001795 seconds, 139.291410 MiB/s sent_count 1 recvd_count 1 local_count 1 
server 1774 recvd 262144 bytes in 0.001795 seconds, 139.269533 MiB/s sent_count 1 recvd_count 1 local_count 1 
server 1775 recvd 262144 bytes in 0.001795 seconds, 139.301332 MiB/s sent_count 1 recvd_count 1 local_count 1 
server 1776 recvd 262144 bytes in 0.001796 seconds, 139.230780 MiB/s sent_count 1 recvd_count 1 local_count 1 
server 1782 recvd 262144 bytes in 0.001794 seconds, 139.368513 MiB/s sent_count 1 recvd_count 1 local_count 1 
server 1783 recvd 262144 bytes in 0.001794 seconds, 139.352585 MiB/s sent_count 1 recvd_count 1 local_count 1 
server 1784 recvd 262144 bytes in 0.001795 seconds, 139.247670 MiB/s sent_count 1 recvd_count 1 local_count 1 
server 1785 recvd 262144 bytes in 0.001795 seconds, 139.311399 MiB/s sent_count 1 recvd_count 1 local_count 1 
server 1791 recvd 262144 bytes in 0.001795 seconds, 139.302575 MiB/s sent_count 1 recvd_count 1 local_count 1 
server 1792 recvd 262144 bytes in 0.001794 seconds, 139.361172 MiB/s sent_count 1 recvd_count 1 local_count 1 
server 1793 recvd 262144 bytes in 0.001795 seconds, 139.281016 MiB/s sent_count 1 recvd_count 1 local_count 1 
server 1794 recvd 262144 bytes in 0.001794 seconds, 139.344667 MiB/s sent_count 1 recvd_count 1 local_count 1 
server 1800 recvd 262144 bytes in 0.001795 seconds, 139.242510 MiB/s sent_count 1 recvd_count 1 local_count 1 
server 1801 recvd 262144 bytes in 0.001795 seconds, 139.253355 MiB/s sent_count 1 recvd_count 1 local_count 1 
server 1802 recvd 262144 bytes in 0.001794 seconds, 139.352076 MiB/s sent_count 1 recvd_count 1 local_count 1 
server 1803 recvd 262144 bytes in 0.001795 seconds, 139.240201 MiB/s sent_count 1 recvd_count 1 local_count 1 
server 1809 recvd 262144 bytes in 0.001794 seconds, 139.342348 MiB/s sent_count 1 recvd_count 1 local_count 1 
server 1810 recvd 262144 bytes in 0.001796 seconds, 139.229647 MiB/s sent_count 1 recvd_count 1 local_count 1 
server 1811 recvd 262144 bytes in 0.001795 seconds, 139.287457 MiB/s sent_count 1 recvd_count 1 local_count 1 
server 1812 recvd 262144 bytes in 0.001795 seconds, 139.267283 MiB/s sent_count 1 recvd_count 1 local_count 1 
server 1818 recvd 262144 bytes in 0.001796 seconds, 139.219365 MiB/s sent_count 1 recvd_count 1 local_count 1 
server 1819 recvd 262144 bytes in 0.001794 seconds, 139.317906 MiB/s sent_count 1 recvd_count 1 local_count 1 
server 1820 recvd 262144 bytes in 0.001795 seconds, 139.238633 MiB/s sent_count 1 recvd_count 1 local_count 1 
server 1821 recvd 262144 bytes in 0.001795 seconds, 139.241752 MiB/s sent_count 1 recvd_count 1 local_count 1 
server 1827 recvd 262144 bytes in 0.001796 seconds, 139.232863 MiB/s sent_count 1 recvd_count 1 local_count 1 
server 1828 recvd 262144 bytes in 0.001794 seconds, 139.390861 MiB/s sent_count 1 recvd_count 1 local_count 1 
server 1829 recvd 262144 bytes in 0.001795 seconds, 139.259424 MiB/s sent_count 1 recvd_count 1 local_count 1 
server 1830 recvd 262144 bytes in 0.001795 seconds, 139.302636 MiB/s sent_count 1 recvd_count 1 local_count 1 
server 1836 recvd 262144 bytes in 0.001795 seconds, 139.285122 MiB/s sent_count 1 recvd_count 1 local_count 1 
server 1837 recvd 262144 bytes in 0.001795 seconds, 139.246440 MiB/s sent_count 1 recvd_count 1 local_count 1 
server 1838 recvd 262144 bytes in 0.001795 seconds, 139.240336 MiB/s sent_count 1 recvd_count 1 local_count 1 
server 1839 recvd 262144 bytes in 0.001796 seconds, 139.236710 MiB/s sent_count 1 recvd_count 1 local_count 1 
server 1845 recvd 262144 bytes in 0.001795 seconds, 139.269890 MiB/s sent_count 1 recvd_count 1 local_count 1 
server 1846 recvd 262144 bytes in 0.001796 seconds, 139.229665 MiB/s sent_count 1 recvd_count 1 local_count 1 
server 1847 recvd 262144 bytes in 0.001792 seconds, 139.471352 MiB/s sent_count 1 recvd_count 1 local_count 1 
server 1848 recvd 262144 bytes in 0.001794 seconds, 139.351225 MiB/s sent_count 1 recvd_count 1 local_count 1 
server 1854 recvd 262144 bytes in 0.001795 seconds, 139.269282 MiB/s sent_count 1 recvd_count 1 local_count 1 
server 1855 recvd 262144 bytes in 0.001794 seconds, 139.348540 MiB/s sent_count 1 recvd_count 1 local_count 1 
server 1856 recvd 262144 bytes in 0.001795 seconds, 139.238901 MiB/s sent_count 1 recvd_count 1 local_count 1 
server 1857 recvd 262144 bytes in 0.001794 seconds, 139.361728 MiB/s sent_count 1 recvd_count 1 local_count 1 
server 1863 recvd 262144 bytes in 0.001795 seconds, 139.310217 MiB/s sent_count 1 recvd_count 1 local_count 1 
server 1864 recvd 262144 bytes in 0.001795 seconds, 139.267796 MiB/s sent_count 1 recvd_count 1 local_count 1 
server 1865 recvd 262144 bytes in 0.001795 seconds, 139.272843 MiB/s sent_count 1 recvd_count 1 local_count 1 
server 1866 recvd 262144 bytes in 0.001795 seconds, 139.238065 MiB/s sent_count 1 recvd_count 1 local_count 1 
server 1872 recvd 262144 bytes in 0.001794 seconds, 139.326946 MiB/s sent_count 1 recvd_count 1 local_count 1 
server 1873 recvd 262144 bytes in 0.001796 seconds, 139.221400 MiB/s sent_count 1 recvd_count 1 local_count 1 
server 1874 recvd 262144 bytes in 0.001794 seconds, 139.333660 MiB/s sent_count 1 recvd_count 1 local_count 1 
server 1875 recvd 262144 bytes in 0.001795 seconds, 139.260390 MiB/s sent_count 1 recvd_count 1 local_count 1 
server 1881 recvd 262144 bytes in 0.001795 seconds, 139.291329 MiB/s sent_count 1 recvd_count 1 local_count 1 
server 1882 recvd 262144 bytes in 0.001795 seconds, 139.244663 MiB/s sent_count 1 recvd_count 1 local_count 1 
server 1883 recvd 262144 bytes in 0.001796 seconds, 139.231884 MiB/s sent_count 1 recvd_count 1 local_count 1 
server 1884 recvd 262144 bytes in 0.001793 seconds, 139.398655 MiB/s sent_count 1 recvd_count 1 local_count 1 
server 1890 recvd 262144 bytes in 0.001796 seconds, 139.230441 MiB/s sent_count 1 recvd_count 1 local_count 1 
server 1891 recvd 262144 bytes in 0.001796 seconds, 139.233424 MiB/s sent_count 1 recvd_count 1 local_count 1 
server 1892 recvd 262144 bytes in 0.001795 seconds, 139.277352 MiB/s sent_count 1 recvd_count 1 local_count 1 
server 1893 recvd 262144 bytes in 0.001795 seconds, 139.284774 MiB/s sent_count 1 recvd_count 1 local_count 1 
server 1899 recvd 262144 bytes in 0.001795 seconds, 139.237489 MiB/s sent_count 1 recvd_count 1 local_count 1 
server 1900 recvd 262144 bytes in 0.001795 seconds, 139.265635 MiB/s sent_count 1 recvd_count 1 local_count 1 
server 1901 recvd 262144 bytes in 0.001793 seconds, 139.393763 MiB/s sent_count 1 recvd_count 1 local_count 1 
server 1902 recvd 262144 bytes in 0.001795 seconds, 139.312163 MiB/s sent_count 1 recvd_count 1 local_count 1 
server 1908 recvd 262144 bytes in 0.001792 seconds, 139.510257 MiB/s sent_count 1 recvd_count 1 local_count 1 
server 1909 recvd 262144 bytes in 0.001795 seconds, 139.299714 MiB/s sent_count 1 recvd_count 1 local_count 1 
server 1910 recvd 262144 bytes in 0.001794 seconds, 139.386550 MiB/s sent_count 1 recvd_count 1 local_count 1 
server 1911 recvd 262144 bytes in 0.001796 seconds, 139.227562 MiB/s sent_count 1 recvd_count 1 local_count 1 
server 1917 recvd 262144 bytes in 0.001796 seconds, 139.217301 MiB/s sent_count 1 recvd_count 1 local_count 1 
server 1918 recvd 262144 bytes in 0.001794 seconds, 139.315165 MiB/s sent_count 1 recvd_count 1 local_count 1 
server 1919 recvd 262144 bytes in 0.001795 seconds, 139.291853 MiB/s sent_count 1 recvd_count 1 local_count 1 
server 1920 recvd 262144 bytes in 0.001794 seconds, 139.317195 MiB/s sent_count 1 recvd_count 1 local_count 1 
server 1926 recvd 262144 bytes in 0.001795 seconds, 139.252112 MiB/s sent_count 1 recvd_count 1 local_count 1 
server 1927 recvd 262144 bytes in 0.001795 seconds, 139.246644 MiB/s sent_count 1 recvd_count 1 local_count 1 
server 1928 recvd 262144 bytes in 0.001794 seconds, 139.336661 MiB/s sent_count 1 recvd_count 1 local_count 1 
server 1929 recvd 262144 bytes in 0.001795 seconds, 139.299996 MiB/s sent_count 1 recvd_count 1 local_count 1 
server 1935 recvd 262144 bytes in 0.001796 seconds, 139.217913 MiB/s sent_count 1 recvd_count 1 local_count 1 
server 1936 recvd 262144 bytes in 0.001796 seconds, 139.221509 MiB/s sent_count 1 recvd_count 1 local_count 1 
server 1937 recvd 262144 bytes in 0.001796 seconds, 139.235897 MiB/s sent_count 1 recvd_count 1 local_count 1 
server 1938 recvd 262144 bytes in 0.001795 seconds, 139.273745 MiB/s sent_count 1 recvd_count 1 local_count 1 
server 1944 recvd 262144 bytes in 0.001795 seconds, 139.264852 MiB/s sent_count 1 recvd_count 1 local_count 1 
server 1945 recvd 262144 bytes in 0.001794 seconds, 139.361400 MiB/s sent_count 1 recvd_count 1 local_count 1 
server 1946 recvd 262144 bytes in 0.001796 seconds, 139.207597 MiB/s sent_count 1 recvd_count 1 local_count 1 
server 1947 recvd 262144 bytes in 0.001795 seconds, 139.286866 MiB/s sent_count 1 recvd_count 1 local_count 1 
server 1953 recvd 262144 bytes in 0.001795 seconds, 139.269495 MiB/s sent_count 1 recvd_count 1 local_count 1 
server 1954 recvd 262144 bytes in 0.001794 seconds, 139.323559 MiB/s sent_count 1 recvd_count 1 local_count 1 
server 1955 recvd 262144 bytes in 0.001793 seconds, 139.445957 MiB/s sent_count 1 recvd_count 1 local_count 1 
server 1956 recvd 262144 bytes in 0.001795 seconds, 139.294879 MiB/s sent_count 1 recvd_count 1 local_count 1 
server 1962 recvd 262144 bytes in 0.001794 seconds, 139.383802 MiB/s sent_count 1 recvd_count 1 local_count 1 
server 1963 recvd 262144 bytes in 0.001796 seconds, 139.226182 MiB/s sent_count 1 recvd_count 1 local_count 1 
server 1964 recvd 262144 bytes in 0.001796 seconds, 139.231791 MiB/s sent_count 1 recvd_count 1 local_count 1 
server 1965 recvd 262144 bytes in 0.001795 seconds, 139.276250 MiB/s sent_count 1 recvd_count 1 local_count 1 
server 1971 recvd 262144 bytes in 0.001795 seconds, 139.242498 MiB/s sent_count 1 recvd_count 1 local_count 1 
server 1972 recvd 262144 bytes in 0.001795 seconds, 139.251499 MiB/s sent_count 1 recvd_count 1 local_count 1 
server 1973 recvd 262144 bytes in 0.001795 seconds, 139.312335 MiB/s sent_count 1 recvd_count 1 local_count 1 
server 1974 recvd 262144 bytes in 0.001793 seconds, 139.414564 MiB/s sent_count 1 recvd_count 1 local_count 1 
server 1980 recvd 262144 bytes in 0.001795 seconds, 139.302481 MiB/s sent_count 1 recvd_count 1 local_count 1 
server 1981 recvd 262144 bytes in 0.001795 seconds, 139.295092 MiB/s sent_count 1 recvd_count 1 local_count 1 
server 1982 recvd 262144 bytes in 0.001796 seconds, 139.220950 MiB/s sent_count 1 recvd_count 1 local_count 1 
server 1983 recvd 262144 bytes in 0.001796 seconds, 139.224851 MiB/s sent_count 1 recvd_count 1 local_count 1 
server 1989 recvd 262144 bytes in 0.001794 seconds, 139.314576 MiB/s sent_count 1 recvd_count 1 local_count 1 
server 1990 recvd 262144 bytes in 0.001795 seconds, 139.239884 MiB/s sent_count 1 recvd_count 1 local_count 1 
server 1991 recvd 262144 bytes in 0.001796 seconds, 139.219823 MiB/s sent_count 1 recvd_count 1 local_count 1 
server 1992 recvd 262144 bytes in 0.001795 seconds, 139.264056 MiB/s sent_count 1 recvd_count 1 local_count 1 
server 1998 recvd 262144 bytes in 0.001794 seconds, 139.328601 MiB/s sent_count 1 recvd_count 1 local_count 1 
server 1999 recvd 262144 bytes in 0.001794 seconds, 139.321052 MiB/s sent_count 1 recvd_count 1 local_count 1 
server 2000 recvd 262144 bytes in 0.001796 seconds, 139.220434 MiB/s sent_count 1 recvd_count 1 local_count 1 
server 2001 recvd 262144 bytes in 0.001795 seconds, 139.253442 MiB/s sent_count 1 recvd_count 1 local_count 1 
server 2007 recvd 262144 bytes in 0.001796 seconds, 139.235674 MiB/s sent_count 1 recvd_count 1 local_count 1 
server 2008 recvd 262144 bytes in 0.001794 seconds, 139.366176 MiB/s sent_count 1 recvd_count 1 local_count 1 
server 2009 recvd 262144 bytes in 0.001794 seconds, 139.356516 MiB/s sent_count 1 recvd_count 1 local_count 1 
server 2010 recvd 262144 bytes in 0.001794 seconds, 139.331205 MiB/s sent_count 1 recvd_count 1 local_count 1 
server 2016 recvd 262144 bytes in 0.001795 seconds, 139.279525 MiB/s sent_count 1 recvd_count 1 local_count 1 
server 2017 recvd 262144 bytes in 0.001796 seconds, 139.229861 MiB/s sent_count 1 recvd_count 1 local_count 1 
server 2018 recvd 262144 bytes in 0.001790 seconds, 139.653166 MiB/s sent_count 1 recvd_count 1 local_count 1 
server 2019 recvd 262144 bytes in 0.001795 seconds, 139.269923 MiB/s sent_count 1 recvd_count 1 local_count 1 
server 2025 recvd 262144 bytes in 0.001795 seconds, 139.258725 MiB/s sent_count 1 recvd_count 1 local_count 1 
server 2026 recvd 262144 bytes in 0.001796 seconds, 139.227240 MiB/s sent_count 1 recvd_count 1 local_count 1 
server 2027 recvd 262144 bytes in 0.001795 seconds, 139.238522 MiB/s sent_count 1 recvd_count 1 local_count 1 
server 2028 recvd 262144 bytes in 0.001795 seconds, 139.237858 MiB/s sent_count 1 recvd_count 1 local_count 1 
server 2034 recvd 262144 bytes in 0.001796 seconds, 139.219672 MiB/s sent_count 1 recvd_count 1 local_count 1 
server 2035 recvd 262144 bytes in 0.001795 seconds, 139.242027 MiB/s sent_count 1 recvd_count 1 local_count 1 
server 2036 recvd 262144 bytes in 0.001795 seconds, 139.271222 MiB/s sent_count 1 recvd_count 1 local_count 1 
server 2037 recvd 262144 bytes in 0.001796 seconds, 139.211396 MiB/s sent_count 1 recvd_count 1 local_count 1 
server 2043 recvd 262144 bytes in 0.001795 seconds, 139.279945 MiB/s sent_count 1 recvd_count 1 local_count 1 
server 2044 recvd 262144 bytes in 0.001794 seconds, 139.362837 MiB/s sent_count 1 recvd_count 1 local_count 1 
server 2045 recvd 262144 bytes in 0.001794 seconds, 139.332606 MiB/s sent_count 1 recvd_count 1 local_count 1 
server 2046 recvd 262144 bytes in 0.001794 seconds, 139.354051 MiB/s sent_count 1 recvd_count 1 local_count 1 
server 2052 recvd 262144 bytes in 0.001796 seconds, 139.235704 MiB/s sent_count 1 recvd_count 1 local_count 1 
server 2053 recvd 262144 bytes in 0.001794 seconds, 139.325017 MiB/s sent_count 1 recvd_count 1 local_count 1 
server 2054 recvd 262144 bytes in 0.001795 seconds, 139.278365 MiB/s sent_count 1 recvd_count 1 local_count 1 
server 2055 recvd 262144 bytes in 0.001792 seconds, 139.492959 MiB/s sent_count 1 recvd_count 1 local_count 1 
server 2061 recvd 262144 bytes in 0.001795 seconds, 139.302924 MiB/s sent_count 1 recvd_count 1 local_count 1 
server 2062 recvd 262144 bytes in 0.001794 seconds, 139.347744 MiB/s sent_count 1 recvd_count 1 local_count 1 
server 2063 recvd 262144 bytes in 0.001796 seconds, 139.232299 MiB/s sent_count 1 recvd_count 1 local_count 1 
server 2064 recvd 262144 bytes in 0.001796 seconds, 139.232515 MiB/s sent_count 1 recvd_count 1 local_count 1 
server 2070 recvd 262144 bytes in 0.001795 seconds, 139.256323 MiB/s sent_count 1 recvd_count 1 local_count 1 
server 2071 recvd 262144 bytes in 0.001794 seconds, 139.384787 MiB/s sent_count 1 recvd_count 1 local_count 1 
server 2072 recvd 262144 bytes in 0.001795 seconds, 139.275977 MiB/s sent_count 1 recvd_count 1 local_count 1 
server 2073 recvd 262144 bytes in 0.001794 seconds, 139.319213 MiB/s sent_count 1 recvd_count 1 local_count 1 
server 2079 recvd 262144 bytes in 0.001795 seconds, 139.247868 MiB/s sent_count 1 recvd_count 1 local_count 1 
server 2080 recvd 262144 bytes in 0.001795 seconds, 139.260595 MiB/s sent_count 1 recvd_count 1 local_count 1 
server 2081 recvd 262144 bytes in 0.001794 seconds, 139.356009 MiB/s sent_count 1 recvd_count 1 local_count 1 
server 2082 recvd 262144 bytes in 0.001795 seconds, 139.302886 MiB/s sent_count 1 recvd_count 1 local_count 1 
server 2088 recvd 262144 bytes in 0.001794 seconds, 139.387395 MiB/s sent_count 1 recvd_count 1 local_count 1 
server 2089 recvd 262144 bytes in 0.001795 seconds, 139.239873 MiB/s sent_count 1 recvd_count 1 local_count 1 
server 2090 recvd 262144 bytes in 0.001795 seconds, 139.242354 MiB/s sent_count 1 recvd_count 1 local_count 1 
server 2091 recvd 262144 bytes in 0.001794 seconds, 139.332192 MiB/s sent_count 1 recvd_count 1 local_count 1 
server 2097 recvd 262144 bytes in 0.001793 seconds, 139.458418 MiB/s sent_count 1 recvd_count 1 local_count 1 
server 2098 recvd 262144 bytes in 0.001795 seconds, 139.241462 MiB/s sent_count 1 recvd_count 1 local_count 1 
server 2099 recvd 262144 bytes in 0.001795 seconds, 139.298278 MiB/s sent_count 1 recvd_count 1 local_count 1 
server 2100 recvd 262144 bytes in 0.001796 seconds, 139.228242 MiB/s sent_count 1 recvd_count 1 local_count 1 
server 2106 recvd 262144 bytes in 0.001795 seconds, 139.272930 MiB/s sent_count 1 recvd_count 1 local_count 1 
server 2107 recvd 262144 bytes in 0.001795 seconds, 139.286686 MiB/s sent_count 1 recvd_count 1 local_count 1 
server 2108 recvd 262144 bytes in 0.001794 seconds, 139.348019 MiB/s sent_count 1 recvd_count 1 local_count 1 
server 2109 recvd 262144 bytes in 0.001795 seconds, 139.288989 MiB/s sent_count 1 recvd_count 1 local_count 1 
server 2115 recvd 262144 bytes in 0.001796 seconds, 139.230172 MiB/s sent_count 1 recvd_count 1 local_count 1 
server 2116 recvd 262144 bytes in 0.001795 seconds, 139.288558 MiB/s sent_count 1 recvd_count 1 local_count 1 
server 2117 recvd 262144 bytes in 0.001796 seconds, 139.207595 MiB/s sent_count 1 recvd_count 1 local_count 1 
server 2118 recvd 262144 bytes in 0.001795 seconds, 139.238094 MiB/s sent_count 1 recvd_count 1 local_count 1 
server 2124 recvd 262144 bytes in 0.001795 seconds, 139.269617 MiB/s sent_count 1 recvd_count 1 local_count 1 
server 2125 recvd 262144 bytes in 0.001795 seconds, 139.262215 MiB/s sent_count 1 recvd_count 1 local_count 1 
server 2126 recvd 262144 bytes in 0.001794 seconds, 139.315311 MiB/s sent_count 1 recvd_count 1 local_count 1 
server 2127 recvd 262144 bytes in 0.001795 seconds, 139.258926 MiB/s sent_count 1 recvd_count 1 local_count 1 
server 2133 recvd 262144 bytes in 0.001796 seconds, 139.214286 MiB/s sent_count 1 recvd_count 1 local_count 1 
server 2134 recvd 262144 bytes in 0.001795 seconds, 139.247987 MiB/s sent_count 1 recvd_count 1 local_count 1 
server 2135 recvd 262144 bytes in 0.001796 seconds, 139.224414 MiB/s sent_count 1 recvd_count 1 local_count 1 
server 2136 recvd 262144 bytes in 0.001796 seconds, 139.223337 MiB/s sent_count 1 recvd_count 1 local_count 1 
server 2142 recvd 262144 bytes in 0.001794 seconds, 139.387299 MiB/s sent_count 1 recvd_count 1 local_count 1 
server 2143 recvd 262144 bytes in 0.001795 seconds, 139.260314 MiB/s sent_count 1 recvd_count 1 local_count 1 
server 2144 recvd 262144 bytes in 0.001796 seconds, 139.230853 MiB/s sent_count 1 recvd_count 1 local_count 1 
server 2145 recvd 262144 bytes in 0.001796 seconds, 139.223251 MiB/s sent_count 1 recvd_count 1 local_count 1 
server 2151 recvd 262144 bytes in 0.001796 seconds, 139.215289 MiB/s sent_count 1 recvd_count 1 local_count 1 
server 2152 recvd 262144 bytes in 0.001795 seconds, 139.237590 MiB/s sent_count 1 recvd_count 1 local_count 1 
server 2153 recvd 262144 bytes in 0.001796 seconds, 139.217079 MiB/s sent_count 1 recvd_count 1 local_count 1 
server 2154 recvd 262144 bytes in 0.001796 seconds, 139.220960 MiB/s sent_count 1 recvd_count 1 local_count 1 
server 2160 recvd 262144 bytes in 0.001796 seconds, 139.233168 MiB/s sent_count 1 recvd_count 1 local_count 1 
server 2161 recvd 262144 bytes in 0.001796 seconds, 139.230676 MiB/s sent_count 1 recvd_count 1 local_count 1 
server 2162 recvd 262144 bytes in 0.001796 seconds, 139.216824 MiB/s sent_count 1 recvd_count 1 local_count 1 
server 2163 recvd 262144 bytes in 0.001796 seconds, 139.232223 MiB/s sent_count 1 recvd_count 1 local_count 1 
server 2169 recvd 262144 bytes in 0.001796 seconds, 139.227634 MiB/s sent_count 1 recvd_count 1 local_count 1 
server 2170 recvd 262144 bytes in 0.001795 seconds, 139.291294 MiB/s sent_count 1 recvd_count 1 local_count 1 
server 2171 recvd 262144 bytes in 0.001794 seconds, 139.344354 MiB/s sent_count 1 recvd_count 1 local_count 1 
server 2172 recvd 262144 bytes in 0.001794 seconds, 139.335790 MiB/s sent_count 1 recvd_count 1 local_count 1 
server 2178 recvd 262144 bytes in 0.001796 seconds, 139.221278 MiB/s sent_count 1 recvd_count 1 local_count 1 
server 2179 recvd 262144 bytes in 0.001795 seconds, 139.256496 MiB/s sent_count 1 recvd_count 1 local_count 1 
server 2180 recvd 262144 bytes in 0.001795 seconds, 139.305047 MiB/s sent_count 1 recvd_count 1 local_count 1 
server 2181 recvd 262144 bytes in 0.001795 seconds, 139.283513 MiB/s sent_count 1 recvd_count 1 local_count 1 
server 2187 recvd 262144 bytes in 0.001795 seconds, 139.250106 MiB/s sent_count 1 recvd_count 1 local_count 1 
server 2188 recvd 262144 bytes in 0.001793 seconds, 139.424767 MiB/s sent_count 1 recvd_count 1 local_count 1 
server 2189 recvd 262144 bytes in 0.001795 seconds, 139.242257 MiB/s sent_count 1 recvd_count 1 local_count 1 
server 2190 recvd 262144 bytes in 0.001794 seconds, 139.327949 MiB/s sent_count 1 recvd_count 1 local_count 1 
server 2196 recvd 262144 bytes in 0.001796 seconds, 139.234749 MiB/s sent_count 1 recvd_count 1 local_count 1 
server 2197 recvd 262144 bytes in 0.001795 seconds, 139.291754 MiB/s sent_count 1 recvd_count 1 local_count 1 
server 2198 recvd 262144 bytes in 0.001793 seconds, 139.400214 MiB/s sent_count 1 recvd_count 1 local_count 1 
server 2199 recvd 262144 bytes in 0.001792 seconds, 139.525542 MiB/s sent_count 1 recvd_count 1 local_count 1 
server 2205 recvd 262144 bytes in 0.001795 seconds, 139.256756 MiB/s sent_count 1 recvd_count 1 local_count 1 
server 2206 recvd 262144 bytes in 0.001796 seconds, 139.217811 MiB/s sent_count 1 recvd_count 1 local_count 1 
server 2207 recvd 262144 bytes in 0.001795 seconds, 139.238181 MiB/s sent_count 1 recvd_count 1 local_count 1 
server 2208 recvd 262144 bytes in 0.001796 seconds, 139.225571 MiB/s sent_count 1 recvd_count 1 local_count 1 
server 2214 recvd 262144 bytes in 0.001795 seconds, 139.260247 MiB/s sent_count 1 recvd_count 1 local_count 1 
server 2215 recvd 262144 bytes in 0.001791 seconds, 139.557486 MiB/s sent_count 1 recvd_count 1 local_count 1 
server 2216 recvd 262144 bytes in 0.001795 seconds, 139.290120 MiB/s sent_count 1 recvd_count 1 local_count 1 
server 2217 recvd 262144 bytes in 0.001794 seconds, 139.330186 MiB/s sent_count 1 recvd_count 1 local_count 1 
server 2223 recvd 262144 bytes in 0.001795 seconds, 139.302445 MiB/s sent_count 1 recvd_count 1 local_count 1 
server 2224 recvd 262144 bytes in 0.001794 seconds, 139.349899 MiB/s sent_count 1 recvd_count 1 local_count 1 
server 2225 recvd 262144 bytes in 0.001793 seconds, 139.426346 MiB/s sent_count 1 recvd_count 1 local_count 1 
server 2226 recvd 262144 bytes in 0.001795 seconds, 139.258526 MiB/s sent_count 1 recvd_count 1 local_count 1 
server 2232 recvd 262144 bytes in 0.001793 seconds, 139.421863 MiB/s sent_count 1 recvd_count 1 local_count 1 
server 2233 recvd 262144 bytes in 0.001796 seconds, 139.223975 MiB/s sent_count 1 recvd_count 1 local_count 1 
server 2234 recvd 262144 bytes in 0.001794 seconds, 139.354787 MiB/s sent_count 1 recvd_count 1 local_count 1 
server 2235 recvd 262144 bytes in 0.001795 seconds, 139.298113 MiB/s sent_count 1 recvd_count 1 local_count 1 
server 2241 recvd 262144 bytes in 0.001795 seconds, 139.296181 MiB/s sent_count 1 recvd_count 1 local_count 1 
server 2242 recvd 262144 bytes in 0.001795 seconds, 139.286127 MiB/s sent_count 1 recvd_count 1 local_count 1 
server 2243 recvd 262144 bytes in 0.001793 seconds, 139.394512 MiB/s sent_count 1 recvd_count 1 local_count 1 
server 2244 recvd 262144 bytes in 0.001794 seconds, 139.367042 MiB/s sent_count 1 recvd_count 1 local_count 1 
server 2250 recvd 262144 bytes in 0.001796 seconds, 139.229218 MiB/s sent_count 1 recvd_count 1 local_count 1 
server 2251 recvd 262144 bytes in 0.001793 seconds, 139.433769 MiB/s sent_count 1 recvd_count 1 local_count 1 
server 2252 recvd 262144 bytes in 0.001795 seconds, 139.247388 MiB/s sent_count 1 recvd_count 1 local_count 1 
server 2253 recvd 262144 bytes in 0.001796 seconds, 139.217747 MiB/s sent_count 1 recvd_count 1 local_count 1 
server 2259 recvd 262144 bytes in 0.001794 seconds, 139.333665 MiB/s sent_count 1 recvd_count 1 local_count 1 
server 2260 recvd 262144 bytes in 0.001795 seconds, 139.253492 MiB/s sent_count 1 recvd_count 1 local_count 1 
server 2261 recvd 262144 bytes in 0.001795 seconds, 139.257927 MiB/s sent_count 1 recvd_count 1 local_count 1 
server 2262 recvd 262144 bytes in 0.001795 seconds, 139.290253 MiB/s sent_count 1 recvd_count 1 local_count 1 
server 2268 recvd 262144 bytes in 0.001794 seconds, 139.333745 MiB/s sent_count 1 recvd_count 1 local_count 1 
server 2269 recvd 262144 bytes in 0.001795 seconds, 139.244359 MiB/s sent_count 1 recvd_count 1 local_count 1 
server 2270 recvd 262144 bytes in 0.001795 seconds, 139.240582 MiB/s sent_count 1 recvd_count 1 local_count 1 
server 2271 recvd 262144 bytes in 0.001795 seconds, 139.280476 MiB/s sent_count 1 recvd_count 1 local_count 1 
server 2277 recvd 262144 bytes in 0.001795 seconds, 139.305350 MiB/s sent_count 1 recvd_count 1 local_count 1 
server 2278 recvd 262144 bytes in 0.001796 seconds, 139.232361 MiB/s sent_count 1 recvd_count 1 local_count 1 
server 2279 recvd 262144 bytes in 0.001791 seconds, 139.611796 MiB/s sent_count 1 recvd_count 1 local_count 1 
server 2280 recvd 262144 bytes in 0.001796 seconds, 139.234585 MiB/s sent_count 1 recvd_count 1 local_count 1 
server 2286 recvd 262144 bytes in 0.001796 seconds, 139.218801 MiB/s sent_count 1 recvd_count 1 local_count 1 
server 2287 recvd 262144 bytes in 0.001796 seconds, 139.221606 MiB/s sent_count 1 recvd_count 1 local_count 1 
server 2288 recvd 262144 bytes in 0.001796 seconds, 139.221520 MiB/s sent_count 1 recvd_count 1 local_count 1 
server 2289 recvd 262144 bytes in 0.001792 seconds, 139.490612 MiB/s sent_count 1 recvd_count 1 local_count 1 
server 2295 recvd 262144 bytes in 0.001796 seconds, 139.212943 MiB/s sent_count 1 recvd_count 1 local_count 1 
server 2296 recvd 262144 bytes in 0.001795 seconds, 139.242684 MiB/s sent_count 1 recvd_count 1 local_count 1 
server 2297 recvd 262144 bytes in 0.001796 seconds, 139.230103 MiB/s sent_count 1 recvd_count 1 local_count 1 
server 2298 recvd 262144 bytes in 0.001794 seconds, 139.340308 MiB/s sent_count 1 recvd_count 1 local_count 1 
server 2304 recvd 262144 bytes in 0.001795 seconds, 139.237539 MiB/s sent_count 1 recvd_count 1 local_count 1 
server 2305 recvd 262144 bytes in 0.001792 seconds, 139.505079 MiB/s sent_count 1 recvd_count 1 local_count 1 
server 2306 recvd 262144 bytes in 0.001794 seconds, 139.383241 MiB/s sent_count 1 recvd_count 1 local_count 1 
server 2307 recvd 262144 bytes in 0.001791 seconds, 139.573266 MiB/s sent_count 1 recvd_count 1 local_count 1 
server 2313 recvd 262144 bytes in 0.001793 seconds, 139.431575 MiB/s sent_count 1 recvd_count 1 local_count 1 
server 2314 recvd 262144 bytes in 0.001796 seconds, 139.232910 MiB/s sent_count 1 recvd_count 1 local_count 1 
server 2315 recvd 262144 bytes in 0.001794 seconds, 139.331087 MiB/s sent_count 1 recvd_count 1 local_count 1 
server 2316 recvd 262144 bytes in 0.001795 seconds, 139.270460 MiB/s sent_count 1 recvd_count 1 local_count 1 
server 2322 recvd 262144 bytes in 0.001796 seconds, 139.226067 MiB/s sent_count 1 recvd_count 1 local_count 1 
server 2323 recvd 262144 bytes in 0.001795 seconds, 139.256289 MiB/s sent_count 1 recvd_count 1 local_count 1 
server 2324 recvd 262144 bytes in 0.001796 seconds, 139.230507 MiB/s sent_count 1 recvd_count 1 local_count 1 
server 2325 recvd 262144 bytes in 0.001796 seconds, 139.212566 MiB/s sent_count 1 recvd_count 1 local_count 1 
server 2331 recvd 262144 bytes in 0.001794 seconds, 139.379789 MiB/s sent_count 1 recvd_count 1 local_count 1 
server 2332 recvd 262144 bytes in 0.001794 seconds, 139.323957 MiB/s sent_count 1 recvd_count 1 local_count 1 
server 2333 recvd 262144 bytes in 0.001795 seconds, 139.283929 MiB/s sent_count 1 recvd_count 1 local_count 1 
server 2334 recvd 262144 bytes in 0.001793 seconds, 139.404234 MiB/s sent_count 1 recvd_count 1 local_count 1 
server 2340 recvd 262144 bytes in 0.001795 seconds, 139.290710 MiB/s sent_count 1 recvd_count 1 local_count 1 
server 2341 recvd 262144 bytes in 0.001795 seconds, 139.260376 MiB/s sent_count 1 recvd_count 1 local_count 1 
server 2342 recvd 262144 bytes in 0.001795 seconds, 139.257045 MiB/s sent_count 1 recvd_count 1 local_count 1 
server 2343 recvd 262144 bytes in 0.001795 seconds, 139.238642 MiB/s sent_count 1 recvd_count 1 local_count 1 
server 2349 recvd 262144 bytes in 0.001795 seconds, 139.282627 MiB/s sent_count 1 recvd_count 1 local_count 1 
server 2350 recvd 262144 bytes in 0.001795 seconds, 139.245123 MiB/s sent_count 1 recvd_count 1 local_count 1 
server 2351 recvd 262144 bytes in 0.001794 seconds, 139.323958 MiB/s sent_count 1 recvd_count 1 local_count 1 
server 2352 recvd 262144 bytes in 0.001795 seconds, 139.242737 MiB/s sent_count 1 recvd_count 1 local_count 1 
server 2358 recvd 262144 bytes in 0.001796 seconds, 139.234062 MiB/s sent_count 1 recvd_count 1 local_count 1 
server 2359 recvd 262144 bytes in 0.001795 seconds, 139.245025 MiB/s sent_count 1 recvd_count 1 local_count 1 
server 2360 recvd 262144 bytes in 0.001794 seconds, 139.376886 MiB/s sent_count 1 recvd_count 1 local_count 1 
server 2361 recvd 262144 bytes in 0.001794 seconds, 139.376624 MiB/s sent_count 1 recvd_count 1 local_count 1 
server 2367 recvd 262144 bytes in 0.001794 seconds, 139.318872 MiB/s sent_count 1 recvd_count 1 local_count 1 
server 2368 recvd 262144 bytes in 0.001795 seconds, 139.266015 MiB/s sent_count 1 recvd_count 1 local_count 1 
server 2369 recvd 262144 bytes in 0.001794 seconds, 139.356130 MiB/s sent_count 1 recvd_count 1 local_count 1 
server 2370 recvd 262144 bytes in 0.001794 seconds, 139.353050 MiB/s sent_count 1 recvd_count 1 local_count 1 

	: Running Time = 125.0426 seconds

TW Library Statistics:
	Total Events Processed                               124889416
	Events Aborted (part of RBs)                                 0
	Events Rolled Back                                           0
	Event Ties Detected in PE Queues                             0
	Efficiency                                              100.00 %
	Total Remote (shared mem) Events Processed                   0
	Percent Remote Events                                     0.00 %
	Total Remote (network) Events Processed                      0
	Percent Remote Events                                     0.00 %

	Total Roll Backs                                             0
	Primary Roll Backs                                           0
	Secondary Roll Backs                                         0
	Fossil Collect Attempts                                      0
	Total GVT Computations                                       0

	Net Events Processed                                 124889416
	Event Rate (events/sec)                               998775.1
	Total Events Scheduled Past End Time                         0

TW Memory Statistics:
	Events Allocated                                        608273
	Memory Allocated                                        510663
	Memory Wasted                                              375

TW Data Structure sizes in bytes (sizeof):
	PE struct                                                 1328
	KP struct                                                  320
	LP struct                                                  320
	LP Model struct                                            112
	LP RNGs                                                     80
	Total LP                                                   512
	Event struct                                               344
	Event struct with Model                                    856

TW Clock Cycle Statistics (MAX values in secs at 1.0000 GHz):
	Initialization                                          7.9635
	Priority Queue (enq/deq)                               84.2091
	AVL Tree (insert/delete)                                0.0000
	LZ4 (de)compression                                     0.0000
	Buddy system                                            0.0000
	Event Processing                                      297.5766
	Event Cancel                                            0.0000
	Event Abort                                             0.0000

	GVT                                                     0.0000
	Fossil Collect                                          0.0000
	Primary Rollbacks                                       0.0000
	Network Read                                            0.0000
	Other Network                                           0.0000
	Instrumentation (computation)                           0.0000
	Instrumentation (write)                                 0.0000
	Total Time (Note: Using Running Time above for Speedup)    324.1104

TW GVT Statistics: MPI AllReduce
	GVT Interval                                                16
	GVT Real Time Interval (cycles)                    0
	GVT Real Time Interval (sec)                        0.00000000
	Batch Size                                                  16

	Forced GVT                                                   0
	Total GVT Computations                                       0
	Total All Reduce Calls                                       0
	Average Reduction / GVT                                   -nan
 Average number of hops traversed 3.750000 average chunk latency 832.165064 us maximum chunk latency 1655.540712 us avg message size 262144.000000 bytes finished messages 1056 finished chunks 8650752 

 Total packets generated 540672 finished 540672 
