interval,event,terminal,terminal_name,attached_switch,peer_terminal,mbit
0,trace_offer,0,VLAN4012.0,0,1,3229.82
0,send,0,VLAN4012.0,0,1,3229.82
1,trace_offer,0,VLAN4012.0,0,1,3229.82
1,send,0,VLAN4012.0,0,1,3229.82
2,trace_offer,0,VLAN4012.0,0,1,3229.82
2,send,0,VLAN4012.0,0,1,3229.82
3,trace_offer,0,VLAN4012.0,0,1,3229.82
3,send,0,VLAN4012.0,0,1,3229.82
4,trace_offer,0,VLAN4012.0,0,1,3229.82
4,send,0,VLAN4012.0,0,1,3229.82
5,trace_offer,0,VLAN4012.0,0,1,3229.82
2,receive,1,VLAN4012.1,0,0,3229.82
2,receive,1,VLAN4012.1,0,0,3229.82
2,receive,1,VLAN4012.1,0,0,3229.82
2,receive,1,VLAN4012.1,0,0,3229.82
5,send,0,VLAN4012.0,0,1,3229.82
6,trace_offer,0,VLAN4012.0,0,1,3229.82
3,receive,1,VLAN4012.1,0,0,3229.82
6,send,0,VLAN4012.0,0,1,3229.82
7,trace_offer,0,VLAN4012.0,0,1,3229.82
4,receive,1,VLAN4012.1,0,0,3229.82
7,send,0,VLAN4012.0,0,1,3229.82
8,trace_offer,0,VLAN4012.0,0,1,3229.82
5,receive,1,VLAN4012.1,0,0,3229.82
5,receive,1,VLAN4012.1,0,0,3229.82
8,send,0,VLAN4012.0,0,1,3229.82
9,trace_offer,0,VLAN4012.0,0,1,3229.82
6,receive,1,VLAN4012.1,0,0,3229.82
9,send,0,VLAN4012.0,0,1,3229.82
10,trace_offer,0,VLAN4012.0,0,1,3204.05
7,receive,1,VLAN4012.1,0,0,3229.82
10,send,0,VLAN4012.0,0,1,3204.05
11,trace_offer,0,VLAN4012.0,0,1,3204.05
8,receive,1,VLAN4012.1,0,0,3204.05
11,send,0,VLAN4012.0,0,1,3204.05
12,trace_offer,0,VLAN4012.0,0,1,3204.05
12,send,0,VLAN4012.0,0,1,3204.05
13,trace_offer,0,VLAN4012.0,0,1,3204.05
10,receive,1,VLAN4012.1,0,0,3204.05
13,send,0,VLAN4012.0,0,1,3204.05
14,trace_offer,0,VLAN4012.0,0,1,3204.05
11,receive,1,VLAN4012.1,0,0,3204.05
14,send,0,VLAN4012.0,0,1,3204.05
15,trace_offer,0,VLAN4012.0,0,1,3204.05
12,receive,1,VLAN4012.1,0,0,3204.05
12,receive,1,VLAN4012.1,0,0,3204.05
15,send,0,VLAN4012.0,0,1,3204.05
16,trace_offer,0,VLAN4012.0,0,1,3204.05
13,receive,1,VLAN4012.1,0,0,3204.05
16,send,0,VLAN4012.0,0,1,3204.05
17,trace_offer,0,VLAN4012.0,0,1,3204.05
17,send,0,VLAN4012.0,0,1,3204.05
18,trace_offer,0,VLAN4012.0,0,1,3204.05
15,receive,1,VLAN4012.1,0,0,3204.05
15,receive,1,VLAN4012.1,0,0,3204.05
18,send,0,VLAN4012.0,0,1,3204.05
19,trace_offer,0,VLAN4012.0,0,1,3204.05
16,receive,1,VLAN4012.1,0,0,3204.05
19,send,0,VLAN4012.0,0,1,3204.05
20,trace_offer,0,VLAN4012.0,0,1,3161.1
20,send,0,VLAN4012.0,0,1,3161.1
21,trace_offer,0,VLAN4012.0,0,1,3161.1
18,receive,1,VLAN4012.1,0,0,3204.05
18,receive,1,VLAN4012.1,0,0,3161.1
21,send,0,VLAN4012.0,0,1,3161.1
22,trace_offer,0,VLAN4012.0,0,1,3161.1
22,send,0,VLAN4012.0,0,1,3161.1
23,trace_offer,0,VLAN4012.0,0,1,3161.1
20,receive,1,VLAN4012.1,0,0,3161.1
23,send,0,VLAN4012.0,0,1,3161.1
24,trace_offer,0,VLAN4012.0,0,1,3161.1
21,receive,1,VLAN4012.1,0,0,3161.1
24,send,0,VLAN4012.0,0,1,3161.1
25,trace_offer,0,VLAN4012.0,0,1,3161.1
22,receive,1,VLAN4012.1,0,0,3161.1
25,send,0,VLAN4012.0,0,1,3161.1
26,trace_offer,0,VLAN4012.0,0,1,3161.1
23,receive,1,VLAN4012.1,0,0,3161.1
26,send,0,VLAN4012.0,0,1,3161.1
27,trace_offer,0,VLAN4012.0,0,1,3161.1
24,receive,1,VLAN4012.1,0,0,3161.1
24,receive,1,VLAN4012.1,0,0,3161.1
27,send,0,VLAN4012.0,0,1,3161.1
28,trace_offer,0,VLAN4012.0,0,1,3161.1
28,send,0,VLAN4012.0,0,1,3161.1
29,trace_offer,0,VLAN4012.0,0,1,3161.1
26,receive,1,VLAN4012.1,0,0,3161.1
29,send,0,VLAN4012.0,0,1,3161.1
30,trace_offer,5,LBNL_VLAN3002.1,1,7,28.6052
30,trace_offer,0,VLAN4012.0,0,1,3195.46
27,receive,1,VLAN4012.1,0,0,3161.1
30,send,5,LBNL_VLAN3002.1,1,7,28.6052
30,send,0,VLAN4012.0,0,1,3195.46
31,trace_offer,5,LBNL_VLAN3002.1,1,7,28.6052
31,trace_offer,0,VLAN4012.0,0,1,3195.46
28,receive,1,VLAN4012.1,0,0,3195.46
28,receive,1,VLAN4012.1,0,0,3161.1
31,send,0,VLAN4012.0,0,1,3195.46
31,send,5,LBNL_VLAN3002.1,1,7,28.6052
32,trace_offer,0,VLAN4012.0,0,1,3195.46
32,trace_offer,5,LBNL_VLAN3002.1,1,7,28.6052
32,send,5,LBNL_VLAN3002.1,1,7,28.6052
32,send,0,VLAN4012.0,0,1,3195.46
33,trace_offer,0,VLAN4012.0,0,1,3195.46
33,trace_offer,5,LBNL_VLAN3002.1,1,7,28.6052
30,receive,1,VLAN4012.1,0,0,3195.46
33,send,0,VLAN4012.0,0,1,3195.46
33,send,5,LBNL_VLAN3002.1,1,7,28.6052
34,trace_offer,5,LBNL_VLAN3002.1,1,7,28.6052
34,trace_offer,0,VLAN4012.0,0,1,3195.46
31,receive,1,VLAN4012.1,0,0,3195.46
34,send,0,VLAN4012.0,0,1,3195.46
34,send,5,LBNL_VLAN3002.1,1,7,28.6052
35,trace_offer,5,LBNL_VLAN3002.1,1,7,28.6052
35,trace_offer,0,VLAN4012.0,0,1,3195.46
32,receive,1,VLAN4012.1,0,0,3195.46
35,send,0,VLAN4012.0,0,1,3195.46
35,send,5,LBNL_VLAN3002.1,1,7,28.6052
36,trace_offer,5,LBNL_VLAN3002.1,1,7,28.6052
36,trace_offer,0,VLAN4012.0,0,1,3195.46
33,receive,1,VLAN4012.1,0,0,3195.46
36,send,5,LBNL_VLAN3002.1,1,7,28.6052
36,send,0,VLAN4012.0,0,1,3195.46
37,trace_offer,5,LBNL_VLAN3002.1,1,7,28.6052
37,trace_offer,0,VLAN4012.0,0,1,3195.46
34,receive,1,VLAN4012.1,0,0,3195.46
34,receive,7,LBNL_VLAN3001.1,3,5,143.026
34,receive,1,VLAN4012.1,0,0,3195.46
37,send,0,VLAN4012.0,0,1,3195.46
37,send,5,LBNL_VLAN3002.1,1,7,28.6052
38,trace_offer,0,VLAN4012.0,0,1,3195.46
38,trace_offer,5,LBNL_VLAN3002.1,1,7,28.6052
35,receive,7,LBNL_VLAN3001.1,3,5,28.6052
38,send,5,LBNL_VLAN3002.1,1,7,28.6052
38,send,0,VLAN4012.0,0,1,3195.46
39,trace_offer,0,VLAN4012.0,0,1,3195.46
39,trace_offer,5,LBNL_VLAN3002.1,1,7,28.6052
36,receive,1,VLAN4012.1,0,0,3195.46
39,send,5,LBNL_VLAN3002.1,1,7,28.6052
39,send,0,VLAN4012.0,0,1,3195.46
40,trace_offer,0,VLAN4012.0,0,1,3169.69
40,trace_offer,5,LBNL_VLAN3002.1,1,7,25.0819
37,receive,1,VLAN4012.1,0,0,3195.46
37,receive,7,LBNL_VLAN3001.1,3,5,57.2103
40,send,0,VLAN4012.0,0,1,3169.69
40,send,5,LBNL_VLAN3002.1,1,7,25.0819
41,trace_offer,0,VLAN4012.0,0,1,3169.69
41,trace_offer,5,LBNL_VLAN3002.1,1,7,25.0819
38,receive,1,VLAN4012.1,0,0,3195.46
41,send,5,LBNL_VLAN3002.1,1,7,25.0819
41,send,0,VLAN4012.0,0,1,3169.69
42,trace_offer,0,VLAN4012.0,0,1,3169.69
42,trace_offer,5,LBNL_VLAN3002.1,1,7,25.0819
39,receive,1,VLAN4012.1,0,0,3169.69
39,receive,1,VLAN4012.1,0,0,3169.69
39,receive,7,LBNL_VLAN3001.1,3,5,57.2103
42,send,5,LBNL_VLAN3002.1,1,7,25.0819
42,send,0,VLAN4012.0,0,1,3169.69
43,trace_offer,5,LBNL_VLAN3002.1,1,7,25.0819
43,trace_offer,0,VLAN4012.0,0,1,3169.69
43,send,5,LBNL_VLAN3002.1,1,7,25.0819
43,send,0,VLAN4012.0,0,1,3169.69
44,trace_offer,5,LBNL_VLAN3002.1,1,7,25.0819
44,trace_offer,0,VLAN4012.0,0,1,3169.69
41,receive,7,LBNL_VLAN3001.1,3,5,25.0819
41,receive,1,VLAN4012.1,0,0,3169.69
44,send,0,VLAN4012.0,0,1,3169.69
44,send,5,LBNL_VLAN3002.1,1,7,25.0819
45,trace_offer,0,VLAN4012.0,0,1,3169.69
45,trace_offer,5,LBNL_VLAN3002.1,1,7,25.0819
42,receive,7,LBNL_VLAN3001.1,3,5,50.1639
42,receive,1,VLAN4012.1,0,0,3169.69
45,send,5,LBNL_VLAN3002.1,1,7,25.0819
45,send,0,VLAN4012.0,0,1,3169.69
46,trace_offer,5,LBNL_VLAN3002.1,1,7,25.0819
46,trace_offer,0,VLAN4012.0,0,1,3169.69
43,receive,1,VLAN4012.1,0,0,3169.69
46,send,0,VLAN4012.0,0,1,3169.69
46,send,5,LBNL_VLAN3002.1,1,7,25.0819
47,trace_offer,5,LBNL_VLAN3002.1,1,7,25.0819
47,trace_offer,0,VLAN4012.0,0,1,3169.69
44,receive,7,LBNL_VLAN3001.1,3,5,25.0819
44,receive,1,VLAN4012.1,0,0,3169.69
47,send,5,LBNL_VLAN3002.1,1,7,25.0819
47,send,0,VLAN4012.0,0,1,3169.69
48,trace_offer,5,LBNL_VLAN3002.1,1,7,25.0819
48,trace_offer,0,VLAN4012.0,0,1,3169.69
45,receive,1,VLAN4012.1,0,0,3169.69
45,receive,7,LBNL_VLAN3001.1,3,5,25.0819
48,send,5,LBNL_VLAN3002.1,1,7,25.0819
48,send,0,VLAN4012.0,0,1,3169.69
49,trace_offer,5,LBNL_VLAN3002.1,1,7,25.0819
49,trace_offer,0,VLAN4012.0,0,1,3169.69
46,receive,1,VLAN4012.1,0,0,3169.69
46,receive,7,LBNL_VLAN3001.1,3,5,25.0819
49,send,0,VLAN4012.0,0,1,3169.69
49,send,5,LBNL_VLAN3002.1,1,7,25.0819
50,trace_offer,0,VLAN4012.0,0,1,3195.46
50,trace_offer,5,LBNL_VLAN3002.1,1,7,31.5412
47,receive,1,VLAN4012.1,0,0,3169.69
47,receive,7,LBNL_VLAN3001.1,3,5,25.0819
50,send,5,LBNL_VLAN3002.1,1,7,31.5412
50,send,0,VLAN4012.0,0,1,3195.46
51,trace_offer,0,VLAN4012.0,0,1,3195.46
51,trace_offer,5,LBNL_VLAN3002.1,1,7,31.5412
48,receive,7,LBNL_VLAN3001.1,3,5,25.0819
48,receive,1,VLAN4012.1,0,0,3169.69
51,send,0,VLAN4012.0,0,1,3195.46
51,send,5,LBNL_VLAN3002.1,1,7,31.5412
52,trace_offer,0,VLAN4012.0,0,1,3195.46
52,trace_offer,5,LBNL_VLAN3002.1,1,7,31.5412
49,receive,7,LBNL_VLAN3001.1,3,5,25.0819
49,receive,1,VLAN4012.1,0,0,3195.46
52,send,0,VLAN4012.0,0,1,3195.46
52,send,5,LBNL_VLAN3002.1,1,7,31.5412
53,trace_offer,0,VLAN4012.0,0,1,3195.46
53,trace_offer,5,LBNL_VLAN3002.1,1,7,31.5412
50,receive,1,VLAN4012.1,0,0,3195.46
50,receive,7,LBNL_VLAN3001.1,3,5,25.0819
53,send,0,VLAN4012.0,0,1,3195.46
53,send,5,LBNL_VLAN3002.1,1,7,31.5412
54,trace_offer,0,VLAN4012.0,0,1,3195.46
54,trace_offer,5,LBNL_VLAN3002.1,1,7,31.5412
51,receive,1,VLAN4012.1,0,0,3195.46
51,receive,7,LBNL_VLAN3001.1,3,5,63.0823
54,send,5,LBNL_VLAN3002.1,1,7,31.5412
54,send,0,VLAN4012.0,0,1,3195.46
55,trace_offer,0,VLAN4012.0,0,1,3195.46
55,trace_offer,5,LBNL_VLAN3002.1,1,7,31.5412
52,receive,1,VLAN4012.1,0,0,3195.46
55,send,5,LBNL_VLAN3002.1,1,7,31.5412
55,send,0,VLAN4012.0,0,1,3195.46
56,trace_offer,0,VLAN4012.0,0,1,3195.46
56,trace_offer,5,LBNL_VLAN3002.1,1,7,31.5412
53,receive,1,VLAN4012.1,0,0,3195.46
53,receive,7,LBNL_VLAN3001.1,3,5,31.5412
56,send,5,LBNL_VLAN3002.1,1,7,31.5412
56,send,0,VLAN4012.0,0,1,3195.46
57,trace_offer,0,VLAN4012.0,0,1,3195.46
57,trace_offer,5,LBNL_VLAN3002.1,1,7,31.5412
54,receive,7,LBNL_VLAN3001.1,3,5,63.0823
54,receive,1,VLAN4012.1,0,0,3195.46
54,receive,1,VLAN4012.1,0,0,3195.46
57,send,0,VLAN4012.0,0,1,3195.46
57,send,5,LBNL_VLAN3002.1,1,7,31.5412
58,trace_offer,5,LBNL_VLAN3002.1,1,7,31.5412
58,trace_offer,0,VLAN4012.0,0,1,3195.46
58,send,0,VLAN4012.0,0,1,3195.46
58,send,5,LBNL_VLAN3002.1,1,7,31.5412
59,trace_offer,0,VLAN4012.0,0,1,3195.46
59,trace_offer,5,LBNL_VLAN3002.1,1,7,31.5412
56,receive,1,VLAN4012.1,0,0,3195.46
56,receive,7,LBNL_VLAN3001.1,3,5,31.5412
59,send,0,VLAN4012.0,0,1,3195.46
59,send,5,LBNL_VLAN3002.1,1,7,31.5412
60,trace_offer,5,LBNL_VLAN3002.1,1,7,24.9981
60,trace_offer,0,VLAN4012.0,0,1,3169.69
57,receive,1,VLAN4012.1,0,0,3195.46
57,receive,1,VLAN4012.1,0,0,3195.46
57,receive,7,LBNL_VLAN3001.1,3,5,31.5412
60,send,5,LBNL_VLAN3002.1,1,7,24.9981
60,send,0,VLAN4012.0,0,1,3169.69
61,trace_offer,0,VLAN4012.0,0,1,3169.69
61,trace_offer,5,LBNL_VLAN3002.1,1,7,24.9981
58,receive,7,LBNL_VLAN3001.1,3,5,31.5412
61,send,0,VLAN4012.0,0,1,3169.69
61,send,5,LBNL_VLAN3002.1,1,7,24.9981
62,trace_offer,0,VLAN4012.0,0,1,3169.69
62,trace_offer,5,LBNL_VLAN3002.1,1,7,24.9981
59,receive,7,LBNL_VLAN3001.1,3,5,63.0823
59,receive,1,VLAN4012.1,0,0,3169.69
62,send,5,LBNL_VLAN3002.1,1,7,24.9981
62,send,0,VLAN4012.0,0,1,3169.69
63,trace_offer,0,VLAN4012.0,0,1,3169.69
63,trace_offer,5,LBNL_VLAN3002.1,1,7,24.9981
60,receive,1,VLAN4012.1,0,0,3169.69
63,send,5,LBNL_VLAN3002.1,1,7,24.9981
63,send,0,VLAN4012.0,0,1,3169.69
64,trace_offer,5,LBNL_VLAN3002.1,1,7,24.9981
64,trace_offer,0,VLAN4012.0,0,1,3169.69
61,receive,7,LBNL_VLAN3001.1,3,5,49.9961
61,receive,1,VLAN4012.1,0,0,3169.69
64,send,0,VLAN4012.0,0,1,3169.69
64,send,5,LBNL_VLAN3002.1,1,7,24.9981
65,trace_offer,5,LBNL_VLAN3002.1,1,7,24.9981
65,trace_offer,0,VLAN4012.0,0,1,3169.69
62,receive,1,VLAN4012.1,0,0,3169.69
65,send,5,LBNL_VLAN3002.1,1,7,24.9981
65,send,0,VLAN4012.0,0,1,3169.69
66,trace_offer,5,LBNL_VLAN3002.1,1,7,24.9981
66,trace_offer,0,VLAN4012.0,0,1,3169.69
63,receive,1,VLAN4012.1,0,0,3169.69
63,receive,7,LBNL_VLAN3001.1,3,5,24.9981
66,send,0,VLAN4012.0,0,1,3169.69
66,send,5,LBNL_VLAN3002.1,1,7,24.9981
67,trace_offer,0,VLAN4012.0,0,1,3169.69
67,trace_offer,5,LBNL_VLAN3002.1,1,7,24.9981
64,receive,1,VLAN4012.1,0,0,3169.69
64,receive,1,VLAN4012.1,0,0,3169.69
64,receive,7,LBNL_VLAN3001.1,3,5,24.9981
67,send,0,VLAN4012.0,0,1,3169.69
67,send,5,LBNL_VLAN3002.1,1,7,24.9981
68,trace_offer,5,LBNL_VLAN3002.1,1,7,24.9981
68,trace_offer,0,VLAN4012.0,0,1,3169.69
65,receive,7,LBNL_VLAN3001.1,3,5,24.9981
68,send,0,VLAN4012.0,0,1,3169.69
68,send,5,LBNL_VLAN3002.1,1,7,24.9981
69,trace_offer,5,LBNL_VLAN3002.1,1,7,24.9981
69,trace_offer,0,VLAN4012.0,0,1,3169.69
66,receive,7,LBNL_VLAN3001.1,3,5,24.9981
66,receive,1,VLAN4012.1,0,0,3169.69
69,send,0,VLAN4012.0,0,1,3169.69
69,send,5,LBNL_VLAN3002.1,1,7,24.9981
70,trace_offer,0,VLAN4012.0,0,1,3143.92
70,trace_offer,5,LBNL_VLAN3002.1,1,7,31.2056
67,receive,7,LBNL_VLAN3001.1,3,5,24.9981
67,receive,1,VLAN4012.1,0,0,3169.69
67,receive,1,VLAN4012.1,0,0,3169.69
70,send,0,VLAN4012.0,0,1,3143.92
70,send,5,LBNL_VLAN3002.1,1,7,31.2056
71,trace_offer,0,VLAN4012.0,0,1,3143.92
71,trace_offer,5,LBNL_VLAN3002.1,1,7,31.2056
68,receive,7,LBNL_VLAN3001.1,3,5,24.9981
71,send,5,LBNL_VLAN3002.1,1,7,31.2056
71,send,0,VLAN4012.0,0,1,3143.92
72,trace_offer,5,LBNL_VLAN3002.1,1,7,31.2056
72,trace_offer,0,VLAN4012.0,0,1,3143.92
69,receive,1,VLAN4012.1,0,0,3143.92
69,receive,7,LBNL_VLAN3001.1,3,5,49.9961
69,receive,1,VLAN4012.1,0,0,3143.92
72,send,0,VLAN4012.0,0,1,3143.92
72,send,5,LBNL_VLAN3002.1,1,7,31.2056
73,trace_offer,5,LBNL_VLAN3002.1,1,7,31.2056
73,trace_offer,0,VLAN4012.0,0,1,3143.92
73,send,0,VLAN4012.0,0,1,3143.92
73,send,5,LBNL_VLAN3002.1,1,7,31.2056
74,trace_offer,5,LBNL_VLAN3002.1,1,7,31.2056
74,trace_offer,0,VLAN4012.0,0,1,3143.92
71,receive,7,LBNL_VLAN3001.1,3,5,31.2056
71,receive,1,VLAN4012.1,0,0,3143.92
74,send,5,LBNL_VLAN3002.1,1,7,31.2056
74,send,0,VLAN4012.0,0,1,3143.92
75,trace_offer,5,LBNL_VLAN3002.1,1,7,31.2056
75,trace_offer,0,VLAN4012.0,0,1,3143.92
72,receive,1,VLAN4012.1,0,0,3143.92
72,receive,7,LBNL_VLAN3001.1,3,5,31.2056
75,send,5,LBNL_VLAN3002.1,1,7,31.2056
75,send,0,VLAN4012.0,0,1,3143.92
76,trace_offer,5,LBNL_VLAN3002.1,1,7,31.2056
76,trace_offer,0,VLAN4012.0,0,1,3143.92
73,receive,7,LBNL_VLAN3001.1,3,5,31.2056
73,receive,1,VLAN4012.1,0,0,3143.92
76,send,0,VLAN4012.0,0,1,3143.92
76,send,5,LBNL_VLAN3002.1,1,7,31.2056
77,trace_offer,0,VLAN4012.0,0,1,3143.92
77,trace_offer,5,LBNL_VLAN3002.1,1,7,31.2056
74,receive,1,VLAN4012.1,0,0,3143.92
74,receive,7,LBNL_VLAN3001.1,3,5,62.4112
74,receive,1,VLAN4012.1,0,0,3143.92
77,send,0,VLAN4012.0,0,1,3143.92
77,send,5,LBNL_VLAN3002.1,1,7,31.2056
78,trace_offer,5,LBNL_VLAN3002.1,1,7,31.2056
78,trace_offer,0,VLAN4012.0,0,1,3143.92
78,send,0,VLAN4012.0,0,1,3143.92
78,send,5,LBNL_VLAN3002.1,1,7,31.2056
79,trace_offer,0,VLAN4012.0,0,1,3143.92
79,trace_offer,5,LBNL_VLAN3002.1,1,7,31.2056
76,receive,7,LBNL_VLAN3001.1,3,5,31.2056
76,receive,1,VLAN4012.1,0,0,3143.92
79,send,0,VLAN4012.0,0,1,3143.92
79,send,5,LBNL_VLAN3002.1,1,7,31.2056
80,trace_offer,5,LBNL_VLAN3002.1,1,7,25.0819
80,trace_offer,0,VLAN4012.0,0,1,3161.1
77,receive,7,LBNL_VLAN3001.1,3,5,62.4112
77,receive,1,VLAN4012.1,0,0,3143.92
77,receive,1,VLAN4012.1,0,0,3143.92
80,send,5,LBNL_VLAN3002.1,1,7,25.0819
80,send,0,VLAN4012.0,0,1,3161.1
81,trace_offer,5,LBNL_VLAN3002.1,1,7,25.0819
81,trace_offer,0,VLAN4012.0,0,1,3161.1
78,receive,1,VLAN4012.1,0,0,3161.1
81,send,0,VLAN4012.0,0,1,3161.1
81,send,5,LBNL_VLAN3002.1,1,7,25.0819
82,trace_offer,5,LBNL_VLAN3002.1,1,7,25.0819
82,trace_offer,0,VLAN4012.0,0,1,3161.1
79,receive,7,LBNL_VLAN3001.1,3,5,62.4112
82,send,0,VLAN4012.0,0,1,3161.1
82,send,5,LBNL_VLAN3002.1,1,7,25.0819
83,trace_offer,0,VLAN4012.0,0,1,3161.1
83,trace_offer,5,LBNL_VLAN3002.1,1,7,25.0819
80,receive,1,VLAN4012.1,0,0,3161.1
80,receive,7,LBNL_VLAN3001.1,3,5,25.0819
83,send,5,LBNL_VLAN3002.1,1,7,25.0819
83,send,0,VLAN4012.0,0,1,3161.1
84,trace_offer,0,VLAN4012.0,0,1,3161.1
84,trace_offer,5,LBNL_VLAN3002.1,1,7,25.0819
81,receive,1,VLAN4012.1,0,0,3161.1
81,receive,7,LBNL_VLAN3001.1,3,5,25.0819
81,receive,1,VLAN4012.1,0,0,3161.1
84,send,5,LBNL_VLAN3002.1,1,7,25.0819
84,send,0,VLAN4012.0,0,1,3161.1
85,trace_offer,5,LBNL_VLAN3002.1,1,7,25.0819
85,trace_offer,0,VLAN4012.0,0,1,3161.1
82,receive,7,LBNL_VLAN3001.1,3,5,25.0819
85,send,0,VLAN4012.0,0,1,3161.1
85,send,5,LBNL_VLAN3002.1,1,7,25.0819
86,trace_offer,0,VLAN4012.0,0,1,3161.1
86,trace_offer,5,LBNL_VLAN3002.1,1,7,25.0819
83,receive,1,VLAN4012.1,0,0,3161.1
83,receive,1,VLAN4012.1,0,0,3161.1
86,send,0,VLAN4012.0,0,1,3161.1
86,send,5,LBNL_VLAN3002.1,1,7,25.0819
87,trace_offer,0,VLAN4012.0,0,1,3161.1
87,trace_offer,5,LBNL_VLAN3002.1,1,7,25.0819
84,receive,1,VLAN4012.1,0,0,3161.1
84,receive,7,LBNL_VLAN3001.1,3,5,50.1639
87,send,5,LBNL_VLAN3002.1,1,7,25.0819
87,send,0,VLAN4012.0,0,1,3161.1
88,trace_offer,0,VLAN4012.0,0,1,3161.1
88,trace_offer,5,LBNL_VLAN3002.1,1,7,25.0819
85,receive,1,VLAN4012.1,0,0,3161.1
85,receive,7,LBNL_VLAN3001.1,3,5,25.0819
88,send,0,VLAN4012.0,0,1,3161.1
88,send,5,LBNL_VLAN3002.1,1,7,25.0819
89,trace_offer,5,LBNL_VLAN3002.1,1,7,25.0819
89,trace_offer,0,VLAN4012.0,0,1,3161.1
86,receive,7,LBNL_VLAN3001.1,3,5,25.0819
89,send,5,LBNL_VLAN3002.1,1,7,25.0819
89,send,0,VLAN4012.0,0,1,3161.1
90,trace_offer,5,LBNL_VLAN3002.1,1,7,31.5412
90,trace_offer,0,VLAN4012.0,0,1,3152.51
87,receive,1,VLAN4012.1,0,0,3161.1
87,receive,7,LBNL_VLAN3001.1,3,5,25.0819
87,receive,1,VLAN4012.1,0,0,3161.1
90,send,0,VLAN4012.0,0,1,3152.51
90,send,5,LBNL_VLAN3002.1,1,7,31.5412
91,trace_offer,0,VLAN4012.0,0,1,3152.51
91,trace_offer,5,LBNL_VLAN3002.1,1,7,31.5412
88,receive,1,VLAN4012.1,0,0,3152.51
91,send,0,VLAN4012.0,0,1,3152.51
91,send,5,LBNL_VLAN3002.1,1,7,31.5412
92,trace_offer,5,LBNL_VLAN3002.1,1,7,31.5412
92,trace_offer,0,VLAN4012.0,0,1,3152.51
89,receive,7,LBNL_VLAN3001.1,3,5,25.0819
89,receive,1,VLAN4012.1,0,0,3152.51
92,send,5,LBNL_VLAN3002.1,1,7,31.5412
92,send,0,VLAN4012.0,0,1,3152.51
93,trace_offer,5,LBNL_VLAN3002.1,1,7,31.5412
93,trace_offer,0,VLAN4012.0,0,1,3152.51
90,receive,7,LBNL_VLAN3001.1,3,5,56.6231
90,receive,1,VLAN4012.1,0,0,3152.51
93,send,5,LBNL_VLAN3002.1,1,7,31.5412
93,send,0,VLAN4012.0,0,1,3152.51
94,trace_offer,5,LBNL_VLAN3002.1,1,7,31.5412
94,trace_offer,0,VLAN4012.0,0,1,3152.51
91,receive,7,LBNL_VLAN3001.1,3,5,31.5412
94,send,5,LBNL_VLAN3002.1,1,7,31.5412
94,send,0,VLAN4012.0,0,1,3152.51
95,trace_offer,0,VLAN4012.0,0,1,3152.51
95,trace_offer,5,LBNL_VLAN3002.1,1,7,31.5412
92,receive,1,VLAN4012.1,0,0,3152.51
92,receive,1,VLAN4012.1,0,0,3152.51
95,send,0,VLAN4012.0,0,1,3152.51
95,send,5,LBNL_VLAN3002.1,1,7,31.5412
96,trace_offer,5,LBNL_VLAN3002.1,1,7,31.5412
96,trace_offer,0,VLAN4012.0,0,1,3152.51
93,receive,7,LBNL_VLAN3001.1,3,5,63.0823
96,send,0,VLAN4012.0,0,1,3152.51
96,send,5,LBNL_VLAN3002.1,1,7,31.5412
97,trace_offer,0,VLAN4012.0,0,1,3152.51
97,trace_offer,5,LBNL_VLAN3002.1,1,7,31.5412
94,receive,1,VLAN4012.1,0,0,3152.51
94,receive,1,VLAN4012.1,0,0,3152.51
97,send,0,VLAN4012.0,0,1,3152.51
97,send,5,LBNL_VLAN3002.1,1,7,31.5412
98,trace_offer,5,LBNL_VLAN3002.1,1,7,31.5412
98,trace_offer,0,VLAN4012.0,0,1,3152.51
95,receive,7,LBNL_VLAN3001.1,3,5,31.5412
98,send,5,LBNL_VLAN3002.1,1,7,31.5412
98,send,0,VLAN4012.0,0,1,3152.51
99,trace_offer,0,VLAN4012.0,0,1,3152.51
99,trace_offer,5,LBNL_VLAN3002.1,1,7,31.5412
96,receive,7,LBNL_VLAN3001.1,3,5,63.0823
96,receive,1,VLAN4012.1,0,0,3152.51
99,send,5,LBNL_VLAN3002.1,1,7,31.5412
99,send,0,VLAN4012.0,0,1,3152.51
100,trace_offer,0,VLAN4012.0,0,1,3143.92
100,trace_offer,5,LBNL_VLAN3002.1,1,7,25.1658
97,receive,1,VLAN4012.1,0,0,3152.51
97,receive,1,VLAN4012.1,0,0,3152.51
97,receive,7,LBNL_VLAN3001.1,3,5,31.5412
100,send,5,LBNL_VLAN3002.1,1,7,25.1658
100,send,0,VLAN4012.0,0,1,3143.92
101,trace_offer,0,VLAN4012.0,0,1,3143.92
101,trace_offer,5,LBNL_VLAN3002.1,1,7,25.1658
101,send,5,LBNL_VLAN3002.1,1,7,25.1658
101,send,0,VLAN4012.0,0,1,3143.92
102,trace_offer,0,VLAN4012.0,0,1,3143.92
102,trace_offer,5,LBNL_VLAN3002.1,1,7,25.1658
99,receive,7,LBNL_VLAN3001.1,3,5,63.0823
99,receive,1,VLAN4012.1,0,0,3143.92
99,receive,1,VLAN4012.1,0,0,3143.92
102,send,0,VLAN4012.0,0,1,3143.92
102,send,5,LBNL_VLAN3002.1,1,7,25.1658
103,trace_offer,5,LBNL_VLAN3002.1,1,7,25.1658
103,trace_offer,0,VLAN4012.0,0,1,3143.92
100,receive,1,VLAN4012.1,0,0,3143.92
100,receive,7,LBNL_VLAN3001.1,3,5,25.1658
103,send,0,VLAN4012.0,0,1,3143.92
103,send,5,LBNL_VLAN3002.1,1,7,25.1658
104,trace_offer,0,VLAN4012.0,0,1,3143.92
104,trace_offer,5,LBNL_VLAN3002.1,1,7,25.1658
101,receive,1,VLAN4012.1,0,0,3143.92
101,receive,7,LBNL_VLAN3001.1,3,5,25.1658
104,send,0,VLAN4012.0,0,1,3143.92
104,send,5,LBNL_VLAN3002.1,1,7,25.1658
105,trace_offer,0,VLAN4012.0,0,1,3143.92
105,trace_offer,5,LBNL_VLAN3002.1,1,7,25.1658
102,receive,1,VLAN4012.1,0,0,3143.92
102,receive,7,LBNL_VLAN3001.1,3,5,25.1658
105,send,5,LBNL_VLAN3002.1,1,7,25.1658
105,send,0,VLAN4012.0,0,1,3143.92
106,trace_offer,0,VLAN4012.0,0,1,3143.92
106,trace_offer,5,LBNL_VLAN3002.1,1,7,25.1658
103,receive,7,LBNL_VLAN3001.1,3,5,25.1658
106,send,5,LBNL_VLAN3002.1,1,7,25.1658
106,send,0,VLAN4012.0,0,1,3143.92
107,trace_offer,0,VLAN4012.0,0,1,3143.92
107,trace_offer,5,LBNL_VLAN3002.1,1,7,25.1658
104,receive,7,LBNL_VLAN3001.1,3,5,25.1658
104,receive,1,VLAN4012.1,0,0,3143.92
104,receive,1,VLAN4012.1,0,0,3143.92
107,send,5,LBNL_VLAN3002.1,1,7,25.1658
107,send,0,VLAN4012.0,0,1,3143.92
108,trace_offer,5,LBNL_VLAN3002.1,1,7,25.1658
108,trace_offer,0,VLAN4012.0,0,1,3143.92
105,receive,7,LBNL_VLAN3001.1,3,5,25.1658
105,receive,1,VLAN4012.1,0,0,3143.92
108,send,5,LBNL_VLAN3002.1,1,7,25.1658
108,send,0,VLAN4012.0,0,1,3143.92
109,trace_offer,0,VLAN4012.0,0,1,3143.92
109,trace_offer,5,LBNL_VLAN3002.1,1,7,25.1658
106,receive,7,LBNL_VLAN3001.1,3,5,25.1658
109,send,5,LBNL_VLAN3002.1,1,7,25.1658
109,send,0,VLAN4012.0,0,1,3143.92
110,trace_offer,0,VLAN4012.0,0,1,3135.33
110,trace_offer,5,LBNL_VLAN3002.1,1,7,31.7928
107,receive,7,LBNL_VLAN3001.1,3,5,25.1658
107,receive,1,VLAN4012.1,0,0,3143.92
107,receive,1,VLAN4012.1,0,0,3143.92
110,send,5,LBNL_VLAN3002.1,1,7,31.7928
110,send,0,VLAN4012.0,0,1,3135.33
111,trace_offer,0,VLAN4012.0,0,1,3135.33
111,trace_offer,5,LBNL_VLAN3002.1,1,7,31.7928
108,receive,7,LBNL_VLAN3001.1,3,5,25.1658
111,send,5,LBNL_VLAN3002.1,1,7,31.7928
111,send,0,VLAN4012.0,0,1,3135.33
112,trace_offer,5,LBNL_VLAN3002.1,1,7,31.7928
112,trace_offer,0,VLAN4012.0,0,1,3135.33
109,receive,1,VLAN4012.1,0,0,3135.33
109,receive,7,LBNL_VLAN3001.1,3,5,25.1658
109,receive,1,VLAN4012.1,0,0,3135.33
112,send,5,LBNL_VLAN3002.1,1,7,31.7928
112,send,0,VLAN4012.0,0,1,3135.33
113,trace_offer,5,LBNL_VLAN3002.1,1,7,31.7928
113,trace_offer,0,VLAN4012.0,0,1,3135.33
110,receive,1,VLAN4012.1,0,0,3135.33
113,send,5,LBNL_VLAN3002.1,1,7,31.7928
113,send,0,VLAN4012.0,0,1,3135.33
114,trace_offer,0,VLAN4012.0,0,1,3135.33
114,trace_offer,5,LBNL_VLAN3002.1,1,7,31.7928
111,receive,7,LBNL_VLAN3001.1,3,5,63.5856
114,send,5,LBNL_VLAN3002.1,1,7,31.7928
114,send,0,VLAN4012.0,0,1,3135.33
115,trace_offer,0,VLAN4012.0,0,1,3135.33
115,trace_offer,5,LBNL_VLAN3002.1,1,7,31.7928
112,receive,1,VLAN4012.1,0,0,3135.33
112,receive,1,VLAN4012.1,0,0,3135.33
115,send,5,LBNL_VLAN3002.1,1,7,31.7928
115,send,0,VLAN4012.0,0,1,3135.33
116,trace_offer,5,LBNL_VLAN3002.1,1,7,31.7928
116,trace_offer,0,VLAN4012.0,0,1,3135.33
113,receive,7,LBNL_VLAN3001.1,3,5,63.5856
113,receive,1,VLAN4012.1,0,0,3135.33
116,send,0,VLAN4012.0,0,1,3135.33
116,send,5,LBNL_VLAN3002.1,1,7,31.7928
117,trace_offer,0,VLAN4012.0,0,1,3135.33
117,trace_offer,5,LBNL_VLAN3002.1,1,7,31.7928
114,receive,7,LBNL_VLAN3001.1,3,5,31.7928
114,receive,1,VLAN4012.1,0,0,3135.33
117,send,0,VLAN4012.0,0,1,3135.33
117,send,5,LBNL_VLAN3002.1,1,7,31.7928
118,trace_offer,5,LBNL_VLAN3002.1,1,7,31.7928
118,trace_offer,0,VLAN4012.0,0,1,3135.33
115,receive,1,VLAN4012.1,0,0,3135.33
118,send,5,LBNL_VLAN3002.1,1,7,31.7928
118,send,0,VLAN4012.0,0,1,3135.33
119,trace_offer,0,VLAN4012.0,0,1,3135.33
119,trace_offer,5,LBNL_VLAN3002.1,1,7,31.7928
116,receive,7,LBNL_VLAN3001.1,3,5,31.7928
116,receive,1,VLAN4012.1,0,0,3135.33
119,send,5,LBNL_VLAN3002.1,1,7,31.7928
119,send,0,VLAN4012.0,0,1,3135.33
120,trace_offer,5,LBNL_VLAN3002.1,1,7,25.2497
120,trace_offer,0,VLAN4012.0,0,1,3143.92
117,receive,7,LBNL_VLAN3001.1,3,5,31.7928
117,receive,1,VLAN4012.1,0,0,3135.33
120,send,5,LBNL_VLAN3002.1,1,7,25.2497
120,send,0,VLAN4012.0,0,1,3143.92
121,trace_offer,5,LBNL_VLAN3002.1,1,7,25.2497
121,trace_offer,0,VLAN4012.0,0,1,3143.92
118,receive,7,LBNL_VLAN3001.1,3,5,63.5856
121,send,5,LBNL_VLAN3002.1,1,7,25.2497
121,send,0,VLAN4012.0,0,1,3143.92
122,trace_offer,0,VLAN4012.0,0,1,3143.92
122,trace_offer,5,LBNL_VLAN3002.1,1,7,25.2497
119,receive,1,VLAN4012.1,0,0,3143.92
119,receive,1,VLAN4012.1,0,0,3143.92
119,receive,7,LBNL_VLAN3001.1,3,5,31.7928
122,send,5,LBNL_VLAN3002.1,1,7,25.2497
122,send,0,VLAN4012.0,0,1,3143.92
123,trace_offer,5,LBNL_VLAN3002.1,1,7,25.2497
123,trace_offer,0,VLAN4012.0,0,1,3143.92
120,receive,1,VLAN4012.1,0,0,3143.92
123,send,5,LBNL_VLAN3002.1,1,7,25.2497
123,send,0,VLAN4012.0,0,1,3143.92
124,trace_offer,0,VLAN4012.0,0,1,3143.92
124,trace_offer,5,LBNL_VLAN3002.1,1,7,25.2497
121,receive,1,VLAN4012.1,0,0,3143.92
121,receive,7,LBNL_VLAN3001.1,3,5,50.4994
124,send,0,VLAN4012.0,0,1,3143.92
124,send,5,LBNL_VLAN3002.1,1,7,25.2497
125,trace_offer,0,VLAN4012.0,0,1,3143.92
125,trace_offer,5,LBNL_VLAN3002.1,1,7,25.2497
122,receive,1,VLAN4012.1,0,0,3143.92
125,send,0,VLAN4012.0,0,1,3143.92
125,send,5,LBNL_VLAN3002.1,1,7,25.2497
126,trace_offer,0,VLAN4012.0,0,1,3143.92
126,trace_offer,5,LBNL_VLAN3002.1,1,7,25.2497
123,receive,7,LBNL_VLAN3001.1,3,5,25.2497
123,receive,1,VLAN4012.1,0,0,3143.92
126,send,0,VLAN4012.0,0,1,3143.92
126,send,5,LBNL_VLAN3002.1,1,7,25.2497
127,trace_offer,5,LBNL_VLAN3002.1,1,7,25.2497
127,trace_offer,0,VLAN4012.0,0,1,3143.92
124,receive,7,LBNL_VLAN3001.1,3,5,50.4994
124,receive,1,VLAN4012.1,0,0,3143.92
127,send,0,VLAN4012.0,0,1,3143.92
127,send,5,LBNL_VLAN3002.1,1,7,25.2497
128,trace_offer,5,LBNL_VLAN3002.1,1,7,25.2497
128,trace_offer,0,VLAN4012.0,0,1,3143.92
125,receive,7,LBNL_VLAN3001.1,3,5,25.2497
128,send,0,VLAN4012.0,0,1,3143.92
128,send,5,LBNL_VLAN3002.1,1,7,25.2497
129,trace_offer,5,LBNL_VLAN3002.1,1,7,25.2497
129,trace_offer,0,VLAN4012.0,0,1,3143.92
126,receive,7,LBNL_VLAN3001.1,3,5,25.2497
126,receive,1,VLAN4012.1,0,0,3143.92
129,send,5,LBNL_VLAN3002.1,1,7,25.2497
129,send,0,VLAN4012.0,0,1,3143.92
130,trace_offer,5,LBNL_VLAN3002.1,1,7,25.3336
130,trace_offer,0,VLAN4012.0,0,1,3100.97
127,receive,1,VLAN4012.1,0,0,3143.92
127,receive,1,VLAN4012.1,0,0,3143.92
130,send,0,VLAN4012.0,0,1,3100.97
130,send,5,LBNL_VLAN3002.1,1,7,25.3336
131,trace_offer,5,LBNL_VLAN3002.1,1,7,25.3336
131,trace_offer,0,VLAN4012.0,0,1,3100.97
128,receive,7,LBNL_VLAN3001.1,3,5,50.4994
131,send,0,VLAN4012.0,0,1,3100.97
131,send,5,LBNL_VLAN3002.1,1,7,25.3336
132,trace_offer,5,LBNL_VLAN3002.1,1,7,25.3336
132,trace_offer,0,VLAN4012.0,0,1,3100.97
129,receive,7,LBNL_VLAN3001.1,3,5,25.2497
129,receive,1,VLAN4012.1,0,0,3100.97
129,receive,1,VLAN4012.1,0,0,3100.97
132,send,5,LBNL_VLAN3002.1,1,7,25.3336
132,send,0,VLAN4012.0,0,1,3100.97
133,trace_offer,5,LBNL_VLAN3002.1,1,7,25.3336
133,trace_offer,0,VLAN4012.0,0,1,3100.97
130,receive,7,LBNL_VLAN3001.1,3,5,25.3336
130,receive,1,VLAN4012.1,0,0,3100.97
133,send,0,VLAN4012.0,0,1,3100.97
133,send,5,LBNL_VLAN3002.1,1,7,25.3336
134,trace_offer,0,VLAN4012.0,0,1,3100.97
134,trace_offer,5,LBNL_VLAN3002.1,1,7,25.3336
131,receive,1,VLAN4012.1,0,0,3100.97
131,receive,7,LBNL_VLAN3001.1,3,5,25.3336
134,send,0,VLAN4012.0,0,1,3100.97
134,send,5,LBNL_VLAN3002.1,1,7,25.3336
135,trace_offer,5,LBNL_VLAN3002.1,1,7,25.3336
135,trace_offer,0,VLAN4012.0,0,1,3100.97
132,receive,7,LBNL_VLAN3001.1,3,5,25.3336
132,receive,1,VLAN4012.1,0,0,3100.97
135,send,0,VLAN4012.0,0,1,3100.97
135,send,5,LBNL_VLAN3002.1,1,7,25.3336
136,trace_offer,0,VLAN4012.0,0,1,3100.97
136,trace_offer,5,LBNL_VLAN3002.1,1,7,25.3336
133,receive,1,VLAN4012.1,0,0,3100.97
136,send,5,LBNL_VLAN3002.1,1,7,25.3336
136,send,0,VLAN4012.0,0,1,3100.97
137,trace_offer,0,VLAN4012.0,0,1,3100.97
137,trace_offer,5,LBNL_VLAN3002.1,1,7,25.3336
134,receive,7,LBNL_VLAN3001.1,3,5,50.6672
134,receive,1,VLAN4012.1,0,0,3100.97
137,send,5,LBNL_VLAN3002.1,1,7,25.3336
137,send,0,VLAN4012.0,0,1,3100.97
138,trace_offer,0,VLAN4012.0,0,1,3100.97
138,trace_offer,5,LBNL_VLAN3002.1,1,7,25.3336
138,send,5,LBNL_VLAN3002.1,1,7,25.3336
138,send,0,VLAN4012.0,0,1,3100.97
139,trace_offer,0,VLAN4012.0,0,1,3100.97
139,trace_offer,5,LBNL_VLAN3002.1,1,7,25.3336
136,receive,1,VLAN4012.1,0,0,3100.97
136,receive,7,LBNL_VLAN3001.1,3,5,50.6672
139,send,5,LBNL_VLAN3002.1,1,7,25.3336
139,send,0,VLAN4012.0,0,1,3100.97
140,trace_offer,0,VLAN4012.0,0,1,3083.79
140,trace_offer,5,LBNL_VLAN3002.1,1,7,31.4573
137,receive,1,VLAN4012.1,0,0,3100.97
137,receive,1,VLAN4012.1,0,0,3100.97
137,receive,7,LBNL_VLAN3001.1,3,5,25.3336
140,send,0,VLAN4012.0,0,1,3083.79
140,send,5,LBNL_VLAN3002.1,1,7,31.4573
141,trace_offer,5,LBNL_VLAN3002.1,1,7,31.4573
141,trace_offer,0,VLAN4012.0,0,1,3083.79
138,receive,7,LBNL_VLAN3001.1,3,5,25.3336
141,send,0,VLAN4012.0,0,1,3083.79
141,send,5,LBNL_VLAN3002.1,1,7,31.4573
142,trace_offer,0,VLAN4012.0,0,1,3083.79
142,trace_offer,5,LBNL_VLAN3002.1,1,7,31.4573
139,receive,7,LBNL_VLAN3001.1,3,5,25.3336
139,receive,1,VLAN4012.1,0,0,3083.79
139,receive,1,VLAN4012.1,0,0,3083.79
142,send,0,VLAN4012.0,0,1,3083.79
142,send,5,LBNL_VLAN3002.1,1,7,31.4573
143,trace_offer,5,LBNL_VLAN3002.1,1,7,31.4573
143,trace_offer,0,VLAN4012.0,0,1,3083.79
140,receive,1,VLAN4012.1,0,0,3083.79
143,send,5,LBNL_VLAN3002.1,1,7,31.4573
143,send,0,VLAN4012.0,0,1,3083.79
144,trace_offer,0,VLAN4012.0,0,1,3083.79
144,trace_offer,5,LBNL_VLAN3002.1,1,7,31.4573
141,receive,7,LBNL_VLAN3001.1,3,5,31.4573
144,send,5,LBNL_VLAN3002.1,1,7,31.4573
144,send,0,VLAN4012.0,0,1,3083.79
145,trace_offer,5,LBNL_VLAN3002.1,1,7,31.4573
145,trace_offer,0,VLAN4012.0,0,1,3083.79
142,receive,1,VLAN4012.1,0,0,3083.79
142,receive,1,VLAN4012.1,0,0,3083.79
142,receive,7,LBNL_VLAN3001.1,3,5,31.4573
145,send,5,LBNL_VLAN3002.1,1,7,31.4573
145,send,0,VLAN4012.0,0,1,3083.79
146,trace_offer,0,VLAN4012.0,0,1,3083.79
146,trace_offer,5,LBNL_VLAN3002.1,1,7,31.4573
143,receive,7,LBNL_VLAN3001.1,3,5,62.9146
143,receive,1,VLAN4012.1,0,0,3083.79
146,send,5,LBNL_VLAN3002.1,1,7,31.4573
146,send,0,VLAN4012.0,0,1,3083.79
147,trace_offer,5,LBNL_VLAN3002.1,1,7,31.4573
147,trace_offer,0,VLAN4012.0,0,1,3083.79
144,receive,7,LBNL_VLAN3001.1,3,5,31.4573
147,send,5,LBNL_VLAN3002.1,1,7,31.4573
147,send,0,VLAN4012.0,0,1,3083.79
148,trace_offer,5,LBNL_VLAN3002.1,1,7,31.4573
148,trace_offer,0,VLAN4012.0,0,1,3083.79
145,receive,1,VLAN4012.1,0,0,3083.79
148,send,0,VLAN4012.0,0,1,3083.79
148,send,5,LBNL_VLAN3002.1,1,7,31.4573
149,trace_offer,5,LBNL_VLAN3002.1,1,7,31.4573
149,trace_offer,0,VLAN4012.0,0,1,3083.79
146,receive,1,VLAN4012.1,0,0,3083.79
146,receive,7,LBNL_VLAN3001.1,3,5,31.4573
146,receive,1,VLAN4012.1,0,0,3083.79
149,send,5,LBNL_VLAN3002.1,1,7,31.4573
149,send,0,VLAN4012.0,0,1,3083.79
150,trace_offer,5,LBNL_VLAN3002.1,1,7,25.5014
150,trace_offer,0,VLAN4012.0,0,1,3083.79
147,receive,7,LBNL_VLAN3001.1,3,5,62.9146
147,receive,1,VLAN4012.1,0,0,3083.79
150,send,5,LBNL_VLAN3002.1,1,7,25.5014
150,send,0,VLAN4012.0,0,1,3083.79
151,trace_offer,5,LBNL_VLAN3002.1,1,7,25.5014
151,trace_offer,0,VLAN4012.0,0,1,3083.79
148,receive,1,VLAN4012.1,0,0,3083.79
148,receive,7,LBNL_VLAN3001.1,3,5,31.4573
151,send,0,VLAN4012.0,0,1,3083.79
151,send,5,LBNL_VLAN3002.1,1,7,25.5014
152,trace_offer,5,LBNL_VLAN3002.1,1,7,25.5014
152,trace_offer,0,VLAN4012.0,0,1,3083.79
149,receive,7,LBNL_VLAN3001.1,3,5,31.4573
152,send,0,VLAN4012.0,0,1,3083.79
152,send,5,LBNL_VLAN3002.1,1,7,25.5014
153,trace_offer,5,LBNL_VLAN3002.1,1,7,25.5014
153,trace_offer,0,VLAN4012.0,0,1,3083.79
150,receive,7,LBNL_VLAN3001.1,3,5,25.5014
150,receive,1,VLAN4012.1,0,0,3083.79
150,receive,1,VLAN4012.1,0,0,3083.79
153,send,0,VLAN4012.0,0,1,3083.79
153,send,5,LBNL_VLAN3002.1,1,7,25.5014
154,trace_offer,0,VLAN4012.0,0,1,3083.79
154,trace_offer,5,LBNL_VLAN3002.1,1,7,25.5014
154,send,5,LBNL_VLAN3002.1,1,7,25.5014
154,send,0,VLAN4012.0,0,1,3083.79
155,trace_offer,0,VLAN4012.0,0,1,3083.79
155,trace_offer,5,LBNL_VLAN3002.1,1,7,25.5014
152,receive,1,VLAN4012.1,0,0,3083.79
152,receive,7,LBNL_VLAN3001.1,3,5,25.5014
152,receive,1,VLAN4012.1,0,0,3083.79
155,send,5,LBNL_VLAN3002.1,1,7,25.5014
155,send,0,VLAN4012.0,0,1,3083.79
156,trace_offer,5,LBNL_VLAN3002.1,1,7,25.5014
156,trace_offer,0,VLAN4012.0,0,1,3083.79
153,receive,7,LBNL_VLAN3001.1,3,5,51.0027
156,send,5,LBNL_VLAN3002.1,1,7,25.5014
156,send,0,VLAN4012.0,0,1,3083.79
157,trace_offer,5,LBNL_VLAN3002.1,1,7,25.5014
157,trace_offer,0,VLAN4012.0,0,1,3083.79
154,receive,1,VLAN4012.1,0,0,3083.79
154,receive,7,LBNL_VLAN3001.1,3,5,25.5014
154,receive,1,VLAN4012.1,0,0,3083.79
157,send,5,LBNL_VLAN3002.1,1,7,25.5014
157,send,0,VLAN4012.0,0,1,3083.79
158,trace_offer,0,VLAN4012.0,0,1,3083.79
158,trace_offer,5,LBNL_VLAN3002.1,1,7,25.5014
155,receive,1,VLAN4012.1,0,0,3083.79
158,send,0,VLAN4012.0,0,1,3083.79
158,send,5,LBNL_VLAN3002.1,1,7,25.5014
159,trace_offer,5,LBNL_VLAN3002.1,1,7,25.5014
159,trace_offer,0,VLAN4012.0,0,1,3083.79
156,receive,1,VLAN4012.1,0,0,3083.79
156,receive,7,LBNL_VLAN3001.1,3,5,51.0027
159,send,0,VLAN4012.0,0,1,3083.79
159,send,5,LBNL_VLAN3002.1,1,7,25.5014
160,trace_offer,0,VLAN4012.0,0,1,3075.2
160,trace_offer,5,LBNL_VLAN3002.1,1,7,31.3734
157,receive,7,LBNL_VLAN3001.1,3,5,25.5014
157,receive,1,VLAN4012.1,0,0,3083.79
160,send,5,LBNL_VLAN3002.1,1,7,31.3734
160,send,0,VLAN4012.0,0,1,3075.2
161,trace_offer,0,VLAN4012.0,0,1,3075.2
161,trace_offer,5,LBNL_VLAN3002.1,1,7,31.3734
158,receive,1,VLAN4012.1,0,0,3075.2
161,send,5,LBNL_VLAN3002.1,1,7,31.3734
161,send,0,VLAN4012.0,0,1,3075.2
162,trace_offer,5,LBNL_VLAN3002.1,1,7,31.3734
162,trace_offer,0,VLAN4012.0,0,1,3075.2
159,receive,1,VLAN4012.1,0,0,3075.2
159,receive,7,LBNL_VLAN3001.1,3,5,51.0027
162,send,0,VLAN4012.0,0,1,3075.2
162,send,5,LBNL_VLAN3002.1,1,7,31.3734
163,trace_offer,0,VLAN4012.0,0,1,3075.2
163,trace_offer,5,LBNL_VLAN3002.1,1,7,31.3734
160,receive,7,LBNL_VLAN3001.1,3,5,31.3734
160,receive,1,VLAN4012.1,0,0,3075.2
163,send,5,LBNL_VLAN3002.1,1,7,31.3734
163,send,0,VLAN4012.0,0,1,3075.2
164,trace_offer,0,VLAN4012.0,0,1,3075.2
164,trace_offer,5,LBNL_VLAN3002.1,1,7,31.3734
161,receive,7,LBNL_VLAN3001.1,3,5,31.3734
164,send,0,VLAN4012.0,0,1,3075.2
164,send,5,LBNL_VLAN3002.1,1,7,31.3734
165,trace_offer,0,VLAN4012.0,0,1,3075.2
165,trace_offer,5,LBNL_VLAN3002.1,1,7,31.3734
162,receive,7,LBNL_VLAN3001.1,3,5,31.3734
162,receive,1,VLAN4012.1,0,0,3075.2
162,receive,1,VLAN4012.1,0,0,3075.2
165,send,0,VLAN4012.0,0,1,3075.2
165,send,5,LBNL_VLAN3002.1,1,7,31.3734
166,trace_offer,0,VLAN4012.0,0,1,3075.2
166,trace_offer,5,LBNL_VLAN3002.1,1,7,31.3734
163,receive,1,VLAN4012.1,0,0,3075.2
166,send,0,VLAN4012.0,0,1,3075.2
166,send,5,LBNL_VLAN3002.1,1,7,31.3734
167,trace_offer,5,LBNL_VLAN3002.1,1,7,31.3734
167,trace_offer,0,VLAN4012.0,0,1,3075.2
164,receive,1,VLAN4012.1,0,0,3075.2
164,receive,7,LBNL_VLAN3001.1,3,5,62.7468
167,send,0,VLAN4012.0,0,1,3075.2
167,send,5,LBNL_VLAN3002.1,1,7,31.3734
168,trace_offer,0,VLAN4012.0,0,1,3075.2
168,trace_offer,5,LBNL_VLAN3002.1,1,7,31.3734
165,receive,1,VLAN4012.1,0,0,3075.2
168,send,5,LBNL_VLAN3002.1,1,7,31.3734
168,send,0,VLAN4012.0,0,1,3075.2
169,trace_offer,5,LBNL_VLAN3002.1,1,7,31.3734
169,trace_offer,0,VLAN4012.0,0,1,3075.2
166,receive,7,LBNL_VLAN3001.1,3,5,62.7468
169,send,0,VLAN4012.0,0,1,3075.2
169,send,5,LBNL_VLAN3002.1,1,7,31.3734
170,trace_offer,0,VLAN4012.0,0,1,3092.38
170,trace_offer,5,LBNL_VLAN3002.1,1,7,25.1658
167,receive,1,VLAN4012.1,0,0,3075.2
167,receive,7,LBNL_VLAN3001.1,3,5,31.3734
167,receive,1,VLAN4012.1,0,0,3075.2
170,send,0,VLAN4012.0,0,1,3092.38
170,send,5,LBNL_VLAN3002.1,1,7,25.1658
171,trace_offer,0,VLAN4012.0,0,1,3092.38
171,trace_offer,5,LBNL_VLAN3002.1,1,7,25.1658
168,receive,7,LBNL_VLAN3001.1,3,5,31.3734
171,send,5,LBNL_VLAN3002.1,1,7,25.1658
171,send,0,VLAN4012.0,0,1,3092.38
172,trace_offer,0,VLAN4012.0,0,1,3092.38
172,trace_offer,5,LBNL_VLAN3002.1,1,7,25.1658
169,receive,1,VLAN4012.1,0,0,3092.38
169,receive,7,LBNL_VLAN3001.1,3,5,31.3734
169,receive,1,VLAN4012.1,0,0,3092.38
172,send,5,LBNL_VLAN3002.1,1,7,25.1658
172,send,0,VLAN4012.0,0,1,3092.38
173,trace_offer,5,LBNL_VLAN3002.1,1,7,25.1658
173,trace_offer,0,VLAN4012.0,0,1,3092.38
170,receive,7,LBNL_VLAN3001.1,3,5,25.1658
170,receive,1,VLAN4012.1,0,0,3092.38
173,send,5,LBNL_VLAN3002.1,1,7,25.1658
173,send,0,VLAN4012.0,0,1,3092.38
174,trace_offer,5,LBNL_VLAN3002.1,1,7,25.1658
174,trace_offer,0,VLAN4012.0,0,1,3092.38
171,receive,7,LBNL_VLAN3001.1,3,5,25.1658
174,send,0,VLAN4012.0,0,1,3092.38
174,send,5,LBNL_VLAN3002.1,1,7,25.1658
175,trace_offer,5,LBNL_VLAN3002.1,1,7,25.1658
175,trace_offer,0,VLAN4012.0,0,1,3092.38
172,receive,1,VLAN4012.1,0,0,3092.38
172,receive,1,VLAN4012.1,0,0,3092.38
172,receive,7,LBNL_VLAN3001.1,3,5,25.1658
175,send,5,LBNL_VLAN3002.1,1,7,25.1658
175,send,0,VLAN4012.0,0,1,3092.38
176,trace_offer,5,LBNL_VLAN3002.1,1,7,25.1658
176,trace_offer,0,VLAN4012.0,0,1,3092.38
173,receive,1,VLAN4012.1,0,0,3092.38
176,send,0,VLAN4012.0,0,1,3092.38
176,send,5,LBNL_VLAN3002.1,1,7,25.1658
177,trace_offer,0,VLAN4012.0,0,1,3092.38
177,trace_offer,5,LBNL_VLAN3002.1,1,7,25.1658
174,receive,7,LBNL_VLAN3001.1,3,5,50.3316
174,receive,1,VLAN4012.1,0,0,3092.38
177,send,5,LBNL_VLAN3002.1,1,7,25.1658
177,send,0,VLAN4012.0,0,1,3092.38
178,trace_offer,0,VLAN4012.0,0,1,3092.38
178,trace_offer,5,LBNL_VLAN3002.1,1,7,25.1658
175,receive,1,VLAN4012.1,0,0,3092.38
175,receive,7,LBNL_VLAN3001.1,3,5,25.1658
178,send,0,VLAN4012.0,0,1,3092.38
178,send,5,LBNL_VLAN3002.1,1,7,25.1658
179,trace_offer,0,VLAN4012.0,0,1,3092.38
179,trace_offer,5,LBNL_VLAN3002.1,1,7,25.1658
176,receive,1,VLAN4012.1,0,0,3092.38
176,receive,7,LBNL_VLAN3001.1,3,5,25.1658
179,send,5,LBNL_VLAN3002.1,1,7,25.1658
179,send,0,VLAN4012.0,0,1,3092.38
180,trace_offer,5,LBNL_VLAN3002.1,1,7,31.4573
180,trace_offer,0,VLAN4012.0,0,1,3100.97
177,receive,7,LBNL_VLAN3001.1,3,5,25.1658
177,receive,1,VLAN4012.1,0,0,3092.38
180,send,5,LBNL_VLAN3002.1,1,7,31.4573
180,send,0,VLAN4012.0,0,1,3100.97
181,trace_offer,5,LBNL_VLAN3002.1,1,7,31.4573
181,trace_offer,0,VLAN4012.0,0,1,3100.97
178,receive,1,VLAN4012.1,0,0,3100.97
178,receive,7,LBNL_VLAN3001.1,3,5,25.1658
181,send,5,LBNL_VLAN3002.1,1,7,31.4573
181,send,0,VLAN4012.0,0,1,3100.97
182,trace_offer,0,VLAN4012.0,0,1,3100.97
182,trace_offer,5,LBNL_VLAN3002.1,1,7,31.4573
179,receive,7,LBNL_VLAN3001.1,3,5,25.1658
179,receive,1,VLAN4012.1,0,0,3100.97
182,send,5,LBNL_VLAN3002.1,1,7,31.4573
182,send,0,VLAN4012.0,0,1,3100.97
183,trace_offer,0,VLAN4012.0,0,1,3100.97
183,trace_offer,5,LBNL_VLAN3002.1,1,7,31.4573
180,receive,1,VLAN4012.1,0,0,3100.97
183,send,5,LBNL_VLAN3002.1,1,7,31.4573
183,send,0,VLAN4012.0,0,1,3100.97
184,trace_offer,5,LBNL_VLAN3002.1,1,7,31.4573
184,trace_offer,0,VLAN4012.0,0,1,3100.97
181,receive,7,LBNL_VLAN3001.1,3,5,62.9146
181,receive,1,VLAN4012.1,0,0,3100.97
184,send,0,VLAN4012.0,0,1,3100.97
184,send,5,LBNL_VLAN3002.1,1,7,31.4573
185,trace_offer,5,LBNL_VLAN3002.1,1,7,31.4573
185,trace_offer,0,VLAN4012.0,0,1,3100.97
182,receive,7,LBNL_VLAN3001.1,3,5,31.4573
182,receive,1,VLAN4012.1,0,0,3100.97
185,send,0,VLAN4012.0,0,1,3100.97
185,send,5,LBNL_VLAN3002.1,1,7,31.4573
186,trace_offer,5,LBNL_VLAN3002.1,1,7,31.4573
186,trace_offer,0,VLAN4012.0,0,1,3100.97
183,receive,1,VLAN4012.1,0,0,3100.97
186,send,0,VLAN4012.0,0,1,3100.97
186,send,5,LBNL_VLAN3002.1,1,7,31.4573
187,trace_offer,0,VLAN4012.0,0,1,3100.97
187,trace_offer,5,LBNL_VLAN3002.1,1,7,31.4573
184,receive,1,VLAN4012.1,0,0,3100.97
184,receive,7,LBNL_VLAN3001.1,3,5,62.9146
187,send,5,LBNL_VLAN3002.1,1,7,31.4573
187,send,0,VLAN4012.0,0,1,3100.97
188,trace_offer,5,LBNL_VLAN3002.1,1,7,31.4573
188,trace_offer,0,VLAN4012.0,0,1,3100.97
185,receive,1,VLAN4012.1,0,0,3100.97
185,receive,7,LBNL_VLAN3001.1,3,5,31.4573
188,send,5,LBNL_VLAN3002.1,1,7,31.4573
188,send,0,VLAN4012.0,0,1,3100.97
189,trace_offer,5,LBNL_VLAN3002.1,1,7,31.4573
189,trace_offer,0,VLAN4012.0,0,1,3100.97
186,receive,7,LBNL_VLAN3001.1,3,5,31.4573
189,send,0,VLAN4012.0,0,1,3100.97
189,send,5,LBNL_VLAN3002.1,1,7,31.4573
190,trace_offer,0,VLAN4012.0,0,1,3100.97
190,trace_offer,5,LBNL_VLAN3002.1,1,7,25.2497
187,receive,1,VLAN4012.1,0,0,3100.97
187,receive,1,VLAN4012.1,0,0,3100.97
187,receive,7,LBNL_VLAN3001.1,3,5,31.4573
190,send,5,LBNL_VLAN3002.1,1,7,25.2497
190,send,0,VLAN4012.0,0,1,3100.97
191,trace_offer,0,VLAN4012.0,0,1,3100.97
191,trace_offer,5,LBNL_VLAN3002.1,1,7,25.2497
188,receive,7,LBNL_VLAN3001.1,3,5,31.4573
191,send,0,VLAN4012.0,0,1,3100.97
191,send,5,LBNL_VLAN3002.1,1,7,25.2497
192,trace_offer,5,LBNL_VLAN3002.1,1,7,25.2497
192,trace_offer,0,VLAN4012.0,0,1,3100.97
189,receive,1,VLAN4012.1,0,0,3100.97
189,receive,1,VLAN4012.1,0,0,3100.97
189,receive,7,LBNL_VLAN3001.1,3,5,31.4573
192,send,5,LBNL_VLAN3002.1,1,7,25.2497
192,send,0,VLAN4012.0,0,1,3100.97
193,trace_offer,0,VLAN4012.0,0,1,3100.97
193,trace_offer,5,LBNL_VLAN3002.1,1,7,25.2497
190,receive,7,LBNL_VLAN3001.1,3,5,25.2497
190,receive,1,VLAN4012.1,0,0,3100.97
193,send,0,VLAN4012.0,0,1,3100.97
193,send,5,LBNL_VLAN3002.1,1,7,25.2497
194,trace_offer,5,LBNL_VLAN3002.1,1,7,25.2497
194,trace_offer,0,VLAN4012.0,0,1,3100.97
191,receive,1,VLAN4012.1,0,0,3100.97
194,send,5,LBNL_VLAN3002.1,1,7,25.2497
194,send,0,VLAN4012.0,0,1,3100.97
195,trace_offer,5,LBNL_VLAN3002.1,1,7,25.2497
195,trace_offer,0,VLAN4012.0,0,1,3100.97
192,receive,1,VLAN4012.1,0,0,3100.97
192,receive,7,LBNL_VLAN3001.1,3,5,50.4994
195,send,0,VLAN4012.0,0,1,3100.97
195,send,5,LBNL_VLAN3002.1,1,7,25.2497
196,trace_offer,0,VLAN4012.0,0,1,3100.97
196,trace_offer,5,LBNL_VLAN3002.1,1,7,25.2497
193,receive,1,VLAN4012.1,0,0,3100.97
196,send,0,VLAN4012.0,0,1,3100.97
196,send,5,LBNL_VLAN3002.1,1,7,25.2497
197,trace_offer,0,VLAN4012.0,0,1,3100.97
197,trace_offer,5,LBNL_VLAN3002.1,1,7,25.2497
194,receive,1,VLAN4012.1,0,0,3100.97
194,receive,7,LBNL_VLAN3001.1,3,5,50.4994
197,send,0,VLAN4012.0,0,1,3100.97
197,send,5,LBNL_VLAN3002.1,1,7,25.2497
198,trace_offer,0,VLAN4012.0,0,1,3100.97
198,trace_offer,5,LBNL_VLAN3002.1,1,7,25.2497
195,receive,1,VLAN4012.1,0,0,3100.97
195,receive,7,LBNL_VLAN3001.1,3,5,25.2497
198,send,0,VLAN4012.0,0,1,3100.97
198,send,5,LBNL_VLAN3002.1,1,7,25.2497
199,trace_offer,0,VLAN4012.0,0,1,3100.97
199,trace_offer,5,LBNL_VLAN3002.1,1,7,25.2497
196,receive,1,VLAN4012.1,0,0,3100.97
196,receive,7,LBNL_VLAN3001.1,3,5,25.2497
199,send,0,VLAN4012.0,0,1,3100.97
199,send,5,LBNL_VLAN3002.1,1,7,25.2497
200,trace_offer,5,LBNL_VLAN3002.1,1,7,31.7928
200,trace_offer,0,VLAN4012.0,0,1,3118.15
197,receive,7,LBNL_VLAN3001.1,3,5,25.2497
197,receive,1,VLAN4012.1,0,0,3100.97
200,send,5,LBNL_VLAN3002.1,1,7,31.7928
200,send,0,VLAN4012.0,0,1,3118.15
201,trace_offer,0,VLAN4012.0,0,1,3118.15
201,trace_offer,5,LBNL_VLAN3002.1,1,7,31.7928
198,receive,1,VLAN4012.1,0,0,3118.15
201,send,5,LBNL_VLAN3002.1,1,7,31.7928
201,send,0,VLAN4012.0,0,1,3118.15
202,trace_offer,5,LBNL_VLAN3002.1,1,7,31.7928
202,trace_offer,0,VLAN4012.0,0,1,3118.15
199,receive,7,LBNL_VLAN3001.1,3,5,50.4994
202,send,0,VLAN4012.0,0,1,3118.15
202,send,5,LBNL_VLAN3002.1,1,7,31.7928
203,trace_offer,0,VLAN4012.0,0,1,3118.15
203,trace_offer,5,LBNL_VLAN3002.1,1,7,31.7928
200,receive,1,VLAN4012.1,0,0,3118.15
200,receive,7,LBNL_VLAN3001.1,3,5,31.7928
200,receive,1,VLAN4012.1,0,0,3118.15
203,send,5,LBNL_VLAN3002.1,1,7,31.7928
203,send,0,VLAN4012.0,0,1,3118.15
204,trace_offer,0,VLAN4012.0,0,1,3118.15
204,trace_offer,5,LBNL_VLAN3002.1,1,7,31.7928
201,receive,1,VLAN4012.1,0,0,3118.15
204,send,0,VLAN4012.0,0,1,3118.15
204,send,5,LBNL_VLAN3002.1,1,7,31.7928
205,trace_offer,5,LBNL_VLAN3002.1,1,7,31.7928
205,trace_offer,0,VLAN4012.0,0,1,3118.15
202,receive,1,VLAN4012.1,0,0,3118.15
202,receive,7,LBNL_VLAN3001.1,3,5,63.5856
205,send,5,LBNL_VLAN3002.1,1,7,31.7928
205,send,0,VLAN4012.0,0,1,3118.15
206,trace_offer,5,LBNL_VLAN3002.1,1,7,31.7928
206,trace_offer,0,VLAN4012.0,0,1,3118.15
203,receive,1,VLAN4012.1,0,0,3118.15
206,send,0,VLAN4012.0,0,1,3118.15
206,send,5,LBNL_VLAN3002.1,1,7,31.7928
207,trace_offer,5,LBNL_VLAN3002.1,1,7,31.7928
207,trace_offer,0,VLAN4012.0,0,1,3118.15
204,receive,7,LBNL_VLAN3001.1,3,5,63.5856
207,send,5,LBNL_VLAN3002.1,1,7,31.7928
207,send,0,VLAN4012.0,0,1,3118.15
208,trace_offer,5,LBNL_VLAN3002.1,1,7,31.7928
208,trace_offer,0,VLAN4012.0,0,1,3118.15
205,receive,1,VLAN4012.1,0,0,3118.15
205,receive,7,LBNL_VLAN3001.1,3,5,31.7928
205,receive,1,VLAN4012.1,0,0,3118.15
208,send,0,VLAN4012.0,0,1,3118.15
208,send,5,LBNL_VLAN3002.1,1,7,31.7928
209,trace_offer,5,LBNL_VLAN3002.1,1,7,31.7928
209,trace_offer,0,VLAN4012.0,0,1,3118.15
206,receive,1,VLAN4012.1,0,0,3118.15
209,send,0,VLAN4012.0,0,1,3118.15
209,send,5,LBNL_VLAN3002.1,1,7,31.7928
210,trace_offer,0,VLAN4012.0,0,1,3066.61
210,trace_offer,5,LBNL_VLAN3002.1,1,7,25.5014
207,receive,1,VLAN4012.1,0,0,3118.15
207,receive,7,LBNL_VLAN3001.1,3,5,63.5856
210,send,5,LBNL_VLAN3002.1,1,7,25.5014
210,send,0,VLAN4012.0,0,1,3066.61
211,trace_offer,5,LBNL_VLAN3002.1,1,7,25.5014
211,trace_offer,0,VLAN4012.0,0,1,3066.61
208,receive,7,LBNL_VLAN3001.1,3,5,31.7928
208,receive,1,VLAN4012.1,0,0,3066.61
211,send,0,VLAN4012.0,0,1,3066.61
211,send,5,LBNL_VLAN3002.1,1,7,25.5014
212,trace_offer,5,LBNL_VLAN3002.1,1,7,25.5014
212,trace_offer,0,VLAN4012.0,0,1,3066.61
209,receive,7,LBNL_VLAN3001.1,3,5,31.7928
209,receive,1,VLAN4012.1,0,0,3066.61
212,send,5,LBNL_VLAN3002.1,1,7,25.5014
212,send,0,VLAN4012.0,0,1,3066.61
213,trace_offer,0,VLAN4012.0,0,1,3066.61
213,trace_offer,5,LBNL_VLAN3002.1,1,7,25.5014
210,receive,7,LBNL_VLAN3001.1,3,5,25.5014
210,receive,1,VLAN4012.1,0,0,3066.61
213,send,5,LBNL_VLAN3002.1,1,7,25.5014
213,send,0,VLAN4012.0,0,1,3066.61
214,trace_offer,5,LBNL_VLAN3002.1,1,7,25.5014
214,trace_offer,0,VLAN4012.0,0,1,3066.61
211,receive,7,LBNL_VLAN3001.1,3,5,25.5014
211,receive,1,VLAN4012.1,0,0,3066.61
214,send,5,LBNL_VLAN3002.1,1,7,25.5014
214,send,0,VLAN4012.0,0,1,3066.61
215,trace_offer,5,LBNL_VLAN3002.1,1,7,25.5014
215,trace_offer,0,VLAN4012.0,0,1,3066.61
212,receive,7,LBNL_VLAN3001.1,3,5,25.5014
212,receive,1,VLAN4012.1,0,0,3066.61
215,send,5,LBNL_VLAN3002.1,1,7,25.5014
215,send,0,VLAN4012.0,0,1,3066.61
216,trace_offer,0,VLAN4012.0,0,1,3066.61
216,trace_offer,5,LBNL_VLAN3002.1,1,7,25.5014
213,receive,7,LBNL_VLAN3001.1,3,5,25.5014
213,receive,1,VLAN4012.1,0,0,3066.61
216,send,0,VLAN4012.0,0,1,3066.61
216,send,5,LBNL_VLAN3002.1,1,7,25.5014
217,trace_offer,0,VLAN4012.0,0,1,3066.61
217,trace_offer,5,LBNL_VLAN3002.1,1,7,25.5014
214,receive,1,VLAN4012.1,0,0,3066.61
214,receive,7,LBNL_VLAN3001.1,3,5,25.5014
217,send,5,LBNL_VLAN3002.1,1,7,25.5014
217,send,0,VLAN4012.0,0,1,3066.61
218,trace_offer,5,LBNL_VLAN3002.1,1,7,25.5014
218,trace_offer,0,VLAN4012.0,0,1,3066.61
215,receive,1,VLAN4012.1,0,0,3066.61
215,receive,7,LBNL_VLAN3001.1,3,5,25.5014
218,send,5,LBNL_VLAN3002.1,1,7,25.5014
218,send,0,VLAN4012.0,0,1,3066.61
219,trace_offer,5,LBNL_VLAN3002.1,1,7,25.5014
219,trace_offer,0,VLAN4012.0,0,1,3066.61
216,receive,1,VLAN4012.1,0,0,3066.61
219,send,5,LBNL_VLAN3002.1,1,7,25.5014
219,send,0,VLAN4012.0,0,1,3066.61
220,trace_offer,5,LBNL_VLAN3002.1,1,7,31.3734
220,trace_offer,0,VLAN4012.0,0,1,3066.61
217,receive,1,VLAN4012.1,0,0,3066.61
217,receive,7,LBNL_VLAN3001.1,3,5,51.0027
220,send,0,VLAN4012.0,0,1,3066.61
220,send,5,LBNL_VLAN3002.1,1,7,31.3734
221,trace_offer,5,LBNL_VLAN3002.1,1,7,31.3734
221,trace_offer,0,VLAN4012.0,0,1,3066.61
218,receive,1,VLAN4012.1,0,0,3066.61
221,send,5,LBNL_VLAN3002.1,1,7,31.3734
221,send,0,VLAN4012.0,0,1,3066.61
222,trace_offer,5,LBNL_VLAN3002.1,1,7,31.3734
222,trace_offer,0,VLAN4012.0,0,1,3066.61
219,receive,7,LBNL_VLAN3001.1,3,5,51.0027
222,send,0,VLAN4012.0,0,1,3066.61
222,send,5,LBNL_VLAN3002.1,1,7,31.3734
223,trace_offer,0,VLAN4012.0,0,1,3066.61
223,trace_offer,5,LBNL_VLAN3002.1,1,7,31.3734
220,receive,1,VLAN4012.1,0,0,3066.61
220,receive,7,LBNL_VLAN3001.1,3,5,31.3734
220,receive,1,VLAN4012.1,0,0,3066.61
223,send,0,VLAN4012.0,0,1,3066.61
223,send,5,LBNL_VLAN3002.1,1,7,31.3734
224,trace_offer,5,LBNL_VLAN3002.1,1,7,31.3734
224,trace_offer,0,VLAN4012.0,0,1,3066.61
221,receive,1,VLAN4012.1,0,0,3066.61
221,receive,7,LBNL_VLAN3001.1,3,5,31.3734
224,send,5,LBNL_VLAN3002.1,1,7,31.3734
224,send,0,VLAN4012.0,0,1,3066.61
225,trace_offer,0,VLAN4012.0,0,1,3066.61
225,trace_offer,5,LBNL_VLAN3002.1,1,7,31.3734
222,receive,1,VLAN4012.1,0,0,3066.61
222,receive,7,LBNL_VLAN3001.1,3,5,31.3734
225,send,5,LBNL_VLAN3002.1,1,7,31.3734
225,send,0,VLAN4012.0,0,1,3066.61
226,trace_offer,5,LBNL_VLAN3002.1,1,7,31.3734
226,trace_offer,0,VLAN4012.0,0,1,3066.61
223,receive,1,VLAN4012.1,0,0,3066.61
226,send,5,LBNL_VLAN3002.1,1,7,31.3734
226,send,0,VLAN4012.0,0,1,3066.61
227,trace_offer,0,VLAN4012.0,0,1,3066.61
227,trace_offer,5,LBNL_VLAN3002.1,1,7,31.3734
224,receive,7,LBNL_VLAN3001.1,3,5,62.7468
224,receive,1,VLAN4012.1,0,0,3066.61
227,send,5,LBNL_VLAN3002.1,1,7,31.3734
227,send,0,VLAN4012.0,0,1,3066.61
228,trace_offer,0,VLAN4012.0,0,1,3066.61
228,trace_offer,5,LBNL_VLAN3002.1,1,7,31.3734
225,receive,7,LBNL_VLAN3001.1,3,5,31.3734
225,receive,1,VLAN4012.1,0,0,3066.61
228,send,5,LBNL_VLAN3002.1,1,7,31.3734
228,send,0,VLAN4012.0,0,1,3066.61
229,trace_offer,0,VLAN4012.0,0,1,3066.61
229,trace_offer,5,LBNL_VLAN3002.1,1,7,31.3734
229,send,0,VLAN4012.0,0,1,3066.61
229,send,5,LBNL_VLAN3002.1,1,7,31.3734
230,trace_offer,5,LBNL_VLAN3002.1,1,7,24.9981
230,trace_offer,0,VLAN4012.0,0,1,3075.2
227,receive,7,LBNL_VLAN3001.1,3,5,62.7468
227,receive,1,VLAN4012.1,0,0,3066.61
227,receive,1,VLAN4012.1,0,0,3066.61
230,send,0,VLAN4012.0,0,1,3075.2
230,send,5,LBNL_VLAN3002.1,1,7,24.9981
231,trace_offer,5,LBNL_VLAN3002.1,1,7,24.9981
231,trace_offer,0,VLAN4012.0,0,1,3075.2
228,receive,1,VLAN4012.1,0,0,3075.2
228,receive,7,LBNL_VLAN3001.1,3,5,31.3734
231,send,5,LBNL_VLAN3002.1,1,7,24.9981
231,send,0,VLAN4012.0,0,1,3075.2
232,trace_offer,0,VLAN4012.0,0,1,3075.2
232,trace_offer,5,LBNL_VLAN3002.1,1,7,24.9981
229,receive,7,LBNL_VLAN3001.1,3,5,31.3734
232,send,0,VLAN4012.0,0,1,3075.2
232,send,5,LBNL_VLAN3002.1,1,7,24.9981
233,trace_offer,0,VLAN4012.0,0,1,3075.2
233,trace_offer,5,LBNL_VLAN3002.1,1,7,24.9981
230,receive,7,LBNL_VLAN3001.1,3,5,24.9981
230,receive,1,VLAN4012.1,0,0,3075.2
230,receive,1,VLAN4012.1,0,0,3075.2
233,send,0,VLAN4012.0,0,1,3075.2
233,send,5,LBNL_VLAN3002.1,1,7,24.9981
234,trace_offer,5,LBNL_VLAN3002.1,1,7,24.9981
234,trace_offer,0,VLAN4012.0,0,1,3075.2
231,receive,7,LBNL_VLAN3001.1,3,5,24.9981
234,send,0,VLAN4012.0,0,1,3075.2
234,send,5,LBNL_VLAN3002.1,1,7,24.9981
235,trace_offer,5,LBNL_VLAN3002.1,1,7,24.9981
235,trace_offer,0,VLAN4012.0,0,1,3075.2
232,receive,7,LBNL_VLAN3001.1,3,5,24.9981
232,receive,1,VLAN4012.1,0,0,3075.2
232,receive,1,VLAN4012.1,0,0,3075.2
235,send,0,VLAN4012.0,0,1,3075.2
235,send,5,LBNL_VLAN3002.1,1,7,24.9981
236,trace_offer,0,VLAN4012.0,0,1,3075.2
236,trace_offer,5,LBNL_VLAN3002.1,1,7,24.9981
233,receive,1,VLAN4012.1,0,0,3075.2
236,send,5,LBNL_VLAN3002.1,1,7,24.9981
236,send,0,VLAN4012.0,0,1,3075.2
237,trace_offer,5,LBNL_VLAN3002.1,1,7,24.9981
237,trace_offer,0,VLAN4012.0,0,1,3075.2
234,receive,7,LBNL_VLAN3001.1,3,5,49.9961
237,send,5,LBNL_VLAN3002.1,1,7,24.9981
237,send,0,VLAN4012.0,0,1,3075.2
238,trace_offer,5,LBNL_VLAN3002.1,1,7,24.9981
238,trace_offer,0,VLAN4012.0,0,1,3075.2
235,receive,7,LBNL_VLAN3001.1,3,5,24.9981
235,receive,1,VLAN4012.1,0,0,3075.2
235,receive,1,VLAN4012.1,0,0,3075.2
238,send,0,VLAN4012.0,0,1,3075.2
238,send,5,LBNL_VLAN3002.1,1,7,24.9981
239,trace_offer,5,LBNL_VLAN3002.1,1,7,24.9981
239,trace_offer,0,VLAN4012.0,0,1,3075.2
236,receive,1,VLAN4012.1,0,0,3075.2
239,send,5,LBNL_VLAN3002.1,1,7,24.9981
239,send,0,VLAN4012.0,0,1,3075.2
240,trace_offer,5,LBNL_VLAN3002.1,1,7,31.1217
240,trace_offer,0,VLAN4012.0,0,1,3092.38
237,receive,7,LBNL_VLAN3001.1,3,5,49.9961
237,receive,1,VLAN4012.1,0,0,3075.2
240,send,5,LBNL_VLAN3002.1,1,7,31.1217
240,send,0,VLAN4012.0,0,1,3092.38
241,trace_offer,5,LBNL_VLAN3002.1,1,7,31.1217
241,trace_offer,0,VLAN4012.0,0,1,3092.38
238,receive,7,LBNL_VLAN3001.1,3,5,24.9981
238,receive,1,VLAN4012.1,0,0,3092.38
241,send,5,LBNL_VLAN3002.1,1,7,31.1217
241,send,0,VLAN4012.0,0,1,3092.38
242,trace_offer,5,LBNL_VLAN3002.1,1,7,31.1217
242,trace_offer,0,VLAN4012.0,0,1,3092.38
239,receive,7,LBNL_VLAN3001.1,3,5,24.9981
242,send,5,LBNL_VLAN3002.1,1,7,31.1217
242,send,0,VLAN4012.0,0,1,3092.38
243,trace_offer,5,LBNL_VLAN3002.1,1,7,31.1217
243,trace_offer,0,VLAN4012.0,0,1,3092.38
240,receive,1,VLAN4012.1,0,0,3092.38
240,receive,1,VLAN4012.1,0,0,3092.38
240,receive,7,LBNL_VLAN3001.1,3,5,31.1217
243,send,0,VLAN4012.0,0,1,3092.38
243,send,5,LBNL_VLAN3002.1,1,7,31.1217
244,trace_offer,0,VLAN4012.0,0,1,3092.38
244,trace_offer,5,LBNL_VLAN3002.1,1,7,31.1217
241,receive,7,LBNL_VLAN3001.1,3,5,31.1217
241,receive,1,VLAN4012.1,0,0,3092.38
244,send,5,LBNL_VLAN3002.1,1,7,31.1217
244,send,0,VLAN4012.0,0,1,3092.38
245,trace_offer,0,VLAN4012.0,0,1,3092.38
245,trace_offer,5,LBNL_VLAN3002.1,1,7,31.1217
242,receive,7,LBNL_VLAN3001.1,3,5,31.1217
242,receive,1,VLAN4012.1,0,0,3092.38
245,send,5,LBNL_VLAN3002.1,1,7,31.1217
245,send,0,VLAN4012.0,0,1,3092.38
246,trace_offer,0,VLAN4012.0,0,1,3092.38
246,trace_offer,5,LBNL_VLAN3002.1,1,7,31.1217
243,receive,1,VLAN4012.1,0,0,3092.38
246,send,5,LBNL_VLAN3002.1,1,7,31.1217
246,send,0,VLAN4012.0,0,1,3092.38
247,trace_offer,0,VLAN4012.0,0,1,3092.38
247,trace_offer,5,LBNL_VLAN3002.1,1,7,31.1217
244,receive,1,VLAN4012.1,0,0,3092.38
244,receive,7,LBNL_VLAN3001.1,3,5,62.2435
247,send,5,LBNL_VLAN3002.1,1,7,31.1217
247,send,0,VLAN4012.0,0,1,3092.38
248,trace_offer,0,VLAN4012.0,0,1,3092.38
248,trace_offer,5,LBNL_VLAN3002.1,1,7,31.1217
245,receive,1,VLAN4012.1,0,0,3092.38
245,receive,7,LBNL_VLAN3001.1,3,5,31.1217
248,send,0,VLAN4012.0,0,1,3092.38
248,send,5,LBNL_VLAN3002.1,1,7,31.1217
249,trace_offer,5,LBNL_VLAN3002.1,1,7,31.1217
249,trace_offer,0,VLAN4012.0,0,1,3092.38
246,receive,7,LBNL_VLAN3001.1,3,5,31.1217
249,send,0,VLAN4012.0,0,1,3092.38
249,send,5,LBNL_VLAN3002.1,1,7,31.1217
250,trace_offer,0,VLAN4012.0,0,1,3066.61
250,trace_offer,5,LBNL_VLAN3002.1,1,7,25.2497
247,receive,7,LBNL_VLAN3001.1,3,5,31.1217
247,receive,1,VLAN4012.1,0,0,3092.38
247,receive,1,VLAN4012.1,0,0,3092.38
250,send,0,VLAN4012.0,0,1,3066.61
250,send,5,LBNL_VLAN3002.1,1,7,25.2497
251,trace_offer,0,VLAN4012.0,0,1,3066.61
251,trace_offer,5,LBNL_VLAN3002.1,1,7,25.2497
248,receive,1,VLAN4012.1,0,0,3066.61
251,send,0,VLAN4012.0,0,1,3066.61
251,send,5,LBNL_VLAN3002.1,1,7,25.2497
252,trace_offer,0,VLAN4012.0,0,1,3066.61
252,trace_offer,5,LBNL_VLAN3002.1,1,7,25.2497
249,receive,7,LBNL_VLAN3001.1,3,5,62.2435
249,receive,1,VLAN4012.1,0,0,3066.61
252,send,0,VLAN4012.0,0,1,3066.61
252,send,5,LBNL_VLAN3002.1,1,7,25.2497
253,trace_offer,0,VLAN4012.0,0,1,3066.61
253,trace_offer,5,LBNL_VLAN3002.1,1,7,25.2497
250,receive,1,VLAN4012.1,0,0,3066.61
250,receive,7,LBNL_VLAN3001.1,3,5,25.2497
253,send,0,VLAN4012.0,0,1,3066.61
253,send,5,LBNL_VLAN3002.1,1,7,25.2497
254,trace_offer,0,VLAN4012.0,0,1,3066.61
254,trace_offer,5,LBNL_VLAN3002.1,1,7,25.2497
251,receive,1,VLAN4012.1,0,0,3066.61
251,receive,7,LBNL_VLAN3001.1,3,5,25.2497
254,send,5,LBNL_VLAN3002.1,1,7,25.2497
254,send,0,VLAN4012.0,0,1,3066.61
255,trace_offer,0,VLAN4012.0,0,1,3066.61
255,trace_offer,5,LBNL_VLAN3002.1,1,7,25.2497
252,receive,1,VLAN4012.1,0,0,3066.61
252,receive,7,LBNL_VLAN3001.1,3,5,25.2497
255,send,5,LBNL_VLAN3002.1,1,7,25.2497
255,send,0,VLAN4012.0,0,1,3066.61
256,trace_offer,5,LBNL_VLAN3002.1,1,7,25.2497
256,trace_offer,0,VLAN4012.0,0,1,3066.61
253,receive,1,VLAN4012.1,0,0,3066.61
256,send,0,VLAN4012.0,0,1,3066.61
256,send,5,LBNL_VLAN3002.1,1,7,25.2497
257,trace_offer,5,LBNL_VLAN3002.1,1,7,25.2497
257,trace_offer,0,VLAN4012.0,0,1,3066.61
254,receive,7,LBNL_VLAN3001.1,3,5,50.4994
257,send,5,LBNL_VLAN3002.1,1,7,25.2497
257,send,0,VLAN4012.0,0,1,3066.61
258,trace_offer,5,LBNL_VLAN3002.1,1,7,25.2497
258,trace_offer,0,VLAN4012.0,0,1,3066.61
255,receive,1,VLAN4012.1,0,0,3066.61
255,receive,1,VLAN4012.1,0,0,3066.61
255,receive,7,LBNL_VLAN3001.1,3,5,25.2497
258,send,0,VLAN4012.0,0,1,3066.61
258,send,5,LBNL_VLAN3002.1,1,7,25.2497
259,trace_offer,0,VLAN4012.0,0,1,3066.61
259,trace_offer,5,LBNL_VLAN3002.1,1,7,25.2497
256,receive,1,VLAN4012.1,0,0,3066.61
259,send,0,VLAN4012.0,0,1,3066.61
259,send,5,LBNL_VLAN3002.1,1,7,25.2497
260,trace_offer,5,LBNL_VLAN3002.1,1,7,31.7089
260,trace_offer,0,VLAN4012.0,0,1,3083.79
257,receive,1,VLAN4012.1,0,0,3066.61
257,receive,7,LBNL_VLAN3001.1,3,5,50.4994
260,send,5,LBNL_VLAN3002.1,1,7,31.7089
260,send,0,VLAN4012.0,0,1,3083.79
261,trace_offer,5,LBNL_VLAN3002.1,1,7,31.7089
261,trace_offer,0,VLAN4012.0,0,1,3083.79
258,receive,1,VLAN4012.1,0,0,3083.79
261,send,5,LBNL_VLAN3002.1,1,7,31.7089
261,send,0,VLAN4012.0,0,1,3083.79
262,trace_offer,5,LBNL_VLAN3002.1,1,7,31.7089
262,trace_offer,0,VLAN4012.0,0,1,3083.79
259,receive,7,LBNL_VLAN3001.1,3,5,50.4994
259,receive,1,VLAN4012.1,0,0,3083.79
262,send,0,VLAN4012.0,0,1,3083.79
262,send,5,LBNL_VLAN3002.1,1,7,31.7089
263,trace_offer,5,LBNL_VLAN3002.1,1,7,31.7089
263,trace_offer,0,VLAN4012.0,0,1,3083.79
260,receive,1,VLAN4012.1,0,0,3083.79
260,receive,7,LBNL_VLAN3001.1,3,5,31.7089
263,send,0,VLAN4012.0,0,1,3083.79
263,send,5,LBNL_VLAN3002.1,1,7,31.7089
264,trace_offer,0,VLAN4012.0,0,1,3083.79
264,trace_offer,5,LBNL_VLAN3002.1,1,7,31.7089
264,send,0,VLAN4012.0,0,1,3083.79
264,send,5,LBNL_VLAN3002.1,1,7,31.7089
265,trace_offer,0,VLAN4012.0,0,1,3083.79
265,trace_offer,5,LBNL_VLAN3002.1,1,7,31.7089
262,receive,1,VLAN4012.1,0,0,3083.79
262,receive,1,VLAN4012.1,0,0,3083.79
262,receive,7,LBNL_VLAN3001.1,3,5,63.4179
265,send,5,LBNL_VLAN3002.1,1,7,31.7089
265,send,0,VLAN4012.0,0,1,3083.79
266,trace_offer,5,LBNL_VLAN3002.1,1,7,31.7089
266,trace_offer,0,VLAN4012.0,0,1,3083.79
263,receive,1,VLAN4012.1,0,0,3083.79
263,receive,7,LBNL_VLAN3001.1,3,5,31.7089
266,send,0,VLAN4012.0,0,1,3083.79
266,send,5,LBNL_VLAN3002.1,1,7,31.7089
267,trace_offer,5,LBNL_VLAN3002.1,1,7,31.7089
267,trace_offer,0,VLAN4012.0,0,1,3083.79
264,receive,7,LBNL_VLAN3001.1,3,5,31.7089
267,send,5,LBNL_VLAN3002.1,1,7,31.7089
267,send,0,VLAN4012.0,0,1,3083.79
268,trace_offer,0,VLAN4012.0,0,1,3083.79
268,trace_offer,5,LBNL_VLAN3002.1,1,7,31.7089
265,receive,1,VLAN4012.1,0,0,3083.79
265,receive,7,LBNL_VLAN3001.1,3,5,31.7089
265,receive,1,VLAN4012.1,0,0,3083.79
268,send,5,LBNL_VLAN3002.1,1,7,31.7089
268,send,0,VLAN4012.0,0,1,3083.79
269,trace_offer,5,LBNL_VLAN3002.1,1,7,31.7089
269,trace_offer,0,VLAN4012.0,0,1,3083.79
266,receive,7,LBNL_VLAN3001.1,3,5,31.7089
269,send,0,VLAN4012.0,0,1,3083.79
269,send,5,LBNL_VLAN3002.1,1,7,31.7089
270,trace_offer,0,VLAN4012.0,0,1,3083.79
270,trace_offer,5,LBNL_VLAN3002.1,1,7,25.1658
267,receive,7,LBNL_VLAN3001.1,3,5,31.7089
267,receive,1,VLAN4012.1,0,0,3083.79
267,receive,1,VLAN4012.1,0,0,3083.79
270,send,5,LBNL_VLAN3002.1,1,7,25.1658
270,send,0,VLAN4012.0,0,1,3083.79
271,trace_offer,0,VLAN4012.0,0,1,3083.79
271,trace_offer,5,LBNL_VLAN3002.1,1,7,25.1658
268,receive,1,VLAN4012.1,0,0,3083.79
271,send,5,LBNL_VLAN3002.1,1,7,25.1658
271,send,0,VLAN4012.0,0,1,3083.79
272,trace_offer,5,LBNL_VLAN3002.1,1,7,25.1658
272,trace_offer,0,VLAN4012.0,0,1,3083.79
269,receive,7,LBNL_VLAN3001.1,3,5,63.4179
272,send,0,VLAN4012.0,0,1,3083.79
272,send,5,LBNL_VLAN3002.1,1,7,25.1658
273,trace_offer,0,VLAN4012.0,0,1,3083.79
273,trace_offer,5,LBNL_VLAN3002.1,1,7,25.1658
270,receive,1,VLAN4012.1,0,0,3083.79
270,receive,7,LBNL_VLAN3001.1,3,5,25.1658
270,receive,1,VLAN4012.1,0,0,3083.79
273,send,5,LBNL_VLAN3002.1,1,7,25.1658
273,send,0,VLAN4012.0,0,1,3083.79
274,trace_offer,5,LBNL_VLAN3002.1,1,7,25.1658
274,trace_offer,0,VLAN4012.0,0,1,3083.79
271,receive,1,VLAN4012.1,0,0,3083.79
274,send,5,LBNL_VLAN3002.1,1,7,25.1658
274,send,0,VLAN4012.0,0,1,3083.79
275,trace_offer,0,VLAN4012.0,0,1,3083.79
275,trace_offer,5,LBNL_VLAN3002.1,1,7,25.1658
272,receive,7,LBNL_VLAN3001.1,3,5,50.3316
272,receive,1,VLAN4012.1,0,0,3083.79
275,send,5,LBNL_VLAN3002.1,1,7,25.1658
275,send,0,VLAN4012.0,0,1,3083.79
276,trace_offer,0,VLAN4012.0,0,1,3083.79
276,trace_offer,5,LBNL_VLAN3002.1,1,7,25.1658
273,receive,1,VLAN4012.1,0,0,3083.79
276,send,5,LBNL_VLAN3002.1,1,7,25.1658
276,send,0,VLAN4012.0,0,1,3083.79
277,trace_offer,5,LBNL_VLAN3002.1,1,7,25.1658
277,trace_offer,0,VLAN4012.0,0,1,3083.79
274,receive,7,LBNL_VLAN3001.1,3,5,50.3316
274,receive,1,VLAN4012.1,0,0,3083.79
277,send,0,VLAN4012.0,0,1,3083.79
277,send,5,LBNL_VLAN3002.1,1,7,25.1658
278,trace_offer,5,LBNL_VLAN3002.1,1,7,25.1658
278,trace_offer,0,VLAN4012.0,0,1,3083.79
275,receive,7,LBNL_VLAN3001.1,3,5,25.1658
275,receive,1,VLAN4012.1,0,0,3083.79
278,send,5,LBNL_VLAN3002.1,1,7,25.1658
278,send,0,VLAN4012.0,0,1,3083.79
279,trace_offer,0,VLAN4012.0,0,1,3083.79
279,trace_offer,5,LBNL_VLAN3002.1,1,7,25.1658
276,receive,7,LBNL_VLAN3001.1,3,5,25.1658
279,send,0,VLAN4012.0,0,1,3083.79
279,send,5,LBNL_VLAN3002.1,1,7,25.1658
280,trace_offer,5,LBNL_VLAN3002.1,1,7,31.2056
280,trace_offer,0,VLAN4012.0,0,1,3092.38
277,receive,1,VLAN4012.1,0,0,3083.79
277,receive,1,VLAN4012.1,0,0,3083.79
277,receive,7,LBNL_VLAN3001.1,3,5,25.1658
280,send,5,LBNL_VLAN3002.1,1,7,31.2056
280,send,0,VLAN4012.0,0,1,3092.38
281,trace_offer,0,VLAN4012.0,0,1,3092.38
281,trace_offer,5,LBNL_VLAN3002.1,1,7,31.2056
278,receive,1,VLAN4012.1,0,0,3092.38
281,send,0,VLAN4012.0,0,1,3092.38
281,send,5,LBNL_VLAN3002.1,1,7,31.2056
282,trace_offer,0,VLAN4012.0,0,1,3092.38
282,trace_offer,5,LBNL_VLAN3002.1,1,7,31.2056
279,receive,7,LBNL_VLAN3001.1,3,5,50.3316
279,receive,1,VLAN4012.1,0,0,3092.38
282,send,5,LBNL_VLAN3002.1,1,7,31.2056
282,send,0,VLAN4012.0,0,1,3092.38
283,trace_offer,5,LBNL_VLAN3002.1,1,7,31.2056
283,trace_offer,0,VLAN4012.0,0,1,3092.38
280,receive,1,VLAN4012.1,0,0,3092.38
280,receive,7,LBNL_VLAN3001.1,3,5,31.2056
283,send,0,VLAN4012.0,0,1,3092.38
283,send,5,LBNL_VLAN3002.1,1,7,31.2056
284,trace_offer,0,VLAN4012.0,0,1,3092.38
284,trace_offer,5,LBNL_VLAN3002.1,1,7,31.2056
281,receive,1,VLAN4012.1,0,0,3092.38
281,receive,7,LBNL_VLAN3001.1,3,5,31.2056
284,send,5,LBNL_VLAN3002.1,1,7,31.2056
284,send,0,VLAN4012.0,0,1,3092.38
285,trace_offer,0,VLAN4012.0,0,1,3092.38
285,trace_offer,5,LBNL_VLAN3002.1,1,7,31.2056
282,receive,1,VLAN4012.1,0,0,3092.38
282,receive,7,LBNL_VLAN3001.1,3,5,31.2056
285,send,5,LBNL_VLAN3002.1,1,7,31.2056
285,send,0,VLAN4012.0,0,1,3092.38
286,trace_offer,5,LBNL_VLAN3002.1,1,7,31.2056
286,trace_offer,0,VLAN4012.0,0,1,3092.38
283,receive,1,VLAN4012.1,0,0,3092.38
286,send,0,VLAN4012.0,0,1,3092.38
286,send,5,LBNL_VLAN3002.1,1,7,31.2056
287,trace_offer,0,VLAN4012.0,0,1,3092.38
287,trace_offer,5,LBNL_VLAN3002.1,1,7,31.2056
284,receive,7,LBNL_VLAN3001.1,3,5,62.4112
284,receive,1,VLAN4012.1,0,0,3092.38
287,send,0,VLAN4012.0,0,1,3092.38
287,send,5,LBNL_VLAN3002.1,1,7,31.2056
288,trace_offer,0,VLAN4012.0,0,1,3092.38
288,trace_offer,5,LBNL_VLAN3002.1,1,7,31.2056
285,receive,7,LBNL_VLAN3001.1,3,5,31.2056
285,receive,1,VLAN4012.1,0,0,3092.38
288,send,5,LBNL_VLAN3002.1,1,7,31.2056
288,send,0,VLAN4012.0,0,1,3092.38
289,trace_offer,5,LBNL_VLAN3002.1,1,7,31.2056
289,trace_offer,0,VLAN4012.0,0,1,3092.38
286,receive,7,LBNL_VLAN3001.1,3,5,31.2056
289,send,5,LBNL_VLAN3002.1,1,7,31.2056
289,send,0,VLAN4012.0,0,1,3092.38
290,trace_offer,5,LBNL_VLAN3002.1,1,7,25.2497
290,trace_offer,0,VLAN4012.0,0,1,3040.84
287,receive,1,VLAN4012.1,0,0,3092.38
287,receive,7,LBNL_VLAN3001.1,3,5,31.2056
287,receive,1,VLAN4012.1,0,0,3092.38
290,send,5,LBNL_VLAN3002.1,1,7,25.2497
290,send,0,VLAN4012.0,0,1,3040.84
291,trace_offer,5,LBNL_VLAN3002.1,1,7,25.2497
291,trace_offer,0,VLAN4012.0,0,1,3040.84
288,receive,1,VLAN4012.1,0,0,3040.84
291,send,5,LBNL_VLAN3002.1,1,7,25.2497
291,send,0,VLAN4012.0,0,1,3040.84
292,trace_offer,5,LBNL_VLAN3002.1,1,7,25.2497
292,trace_offer,0,VLAN4012.0,0,1,3040.84
289,receive,1,VLAN4012.1,0,0,3040.84
289,receive,7,LBNL_VLAN3001.1,3,5,62.4112
292,send,0,VLAN4012.0,0,1,3040.84
292,send,5,LBNL_VLAN3002.1,1,7,25.2497
293,trace_offer,0,VLAN4012.0,0,1,3040.84
293,trace_offer,5,LBNL_VLAN3002.1,1,7,25.2497
290,receive,1,VLAN4012.1,0,0,3040.84
290,receive,7,LBNL_VLAN3001.1,3,5,25.2497
293,send,5,LBNL_VLAN3002.1,1,7,25.2497
293,send,0,VLAN4012.0,0,1,3040.84
294,trace_offer,5,LBNL_VLAN3002.1,1,7,25.2497
294,trace_offer,0,VLAN4012.0,0,1,3040.84
291,receive,7,LBNL_VLAN3001.1,3,5,25.2497
291,receive,1,VLAN4012.1,0,0,3040.84
294,send,0,VLAN4012.0,0,1,3040.84
294,send,5,LBNL_VLAN3002.1,1,7,25.2497
295,trace_offer,0,VLAN4012.0,0,1,3040.84
295,trace_offer,5,LBNL_VLAN3002.1,1,7,25.2497
292,receive,7,LBNL_VLAN3001.1,3,5,25.2497
292,receive,1,VLAN4012.1,0,0,3040.84
295,send,5,LBNL_VLAN3002.1,1,7,25.2497
295,send,0,VLAN4012.0,0,1,3040.84
296,trace_offer,5,LBNL_VLAN3002.1,1,7,25.2497
296,trace_offer,0,VLAN4012.0,0,1,3040.84
293,receive,7,LBNL_VLAN3001.1,3,5,25.2497
293,receive,1,VLAN4012.1,0,0,3040.84
296,send,0,VLAN4012.0,0,1,3040.84
296,send,5,LBNL_VLAN3002.1,1,7,25.2497
297,trace_offer,5,LBNL_VLAN3002.1,1,7,25.2497
297,trace_offer,0,VLAN4012.0,0,1,3040.84
294,receive,7,LBNL_VLAN3001.1,3,5,25.2497
294,receive,1,VLAN4012.1,0,0,3040.84
297,send,5,LBNL_VLAN3002.1,1,7,25.2497
297,send,0,VLAN4012.0,0,1,3040.84
298,trace_offer,0,VLAN4012.0,0,1,3040.84
298,trace_offer,5,LBNL_VLAN3002.1,1,7,25.2497
295,receive,1,VLAN4012.1,0,0,3040.84
295,receive,7,LBNL_VLAN3001.1,3,5,25.2497
298,send,0,VLAN4012.0,0,1,3040.84
298,send,5,LBNL_VLAN3002.1,1,7,25.2497
299,trace_offer,0,VLAN4012.0,0,1,3040.84
299,trace_offer,5,LBNL_VLAN3002.1,1,7,25.2497
299,send,0,VLAN4012.0,0,1,3040.84
299,send,5,LBNL_VLAN3002.1,1,7,25.2497
300,trace_offer,0,VLAN4012.0,0,1,3066.61
300,trace_offer,5,LBNL_VLAN3002.1,1,7,31.8767
297,receive,7,LBNL_VLAN3001.1,3,5,50.4994
297,receive,1,VLAN4012.1,0,0,3040.84
297,receive,1,VLAN4012.1,0,0,3040.84
300,send,5,LBNL_VLAN3002.1,1,7,31.8767
300,send,0,VLAN4012.0,0,1,3066.61
301,trace_offer,5,LBNL_VLAN3002.1,1,7,31.8767
301,trace_offer,0,VLAN4012.0,0,1,3066.61
298,receive,1,VLAN4012.1,0,0,3066.61
301,send,0,VLAN4012.0,0,1,3066.61
301,send,5,LBNL_VLAN3002.1,1,7,31.8767
302,trace_offer,5,LBNL_VLAN3002.1,1,7,31.8767
302,trace_offer,0,VLAN4012.0,0,1,3066.61
299,receive,1,VLAN4012.1,0,0,3066.61
299,receive,7,LBNL_VLAN3001.1,3,5,50.4994
302,send,5,LBNL_VLAN3002.1,1,7,31.8767
302,send,0,VLAN4012.0,0,1,3066.61
303,trace_offer,5,LBNL_VLAN3002.1,1,7,31.8767
303,trace_offer,0,VLAN4012.0,0,1,3066.61
300,receive,1,VLAN4012.1,0,0,3066.61
300,receive,7,LBNL_VLAN3001.1,3,5,31.8767
303,send,0,VLAN4012.0,0,1,3066.61
303,send,5,LBNL_VLAN3002.1,1,7,31.8767
304,trace_offer,5,LBNL_VLAN3002.1,1,7,31.8767
304,trace_offer,0,VLAN4012.0,0,1,3066.61
301,receive,1,VLAN4012.1,0,0,3066.61
301,receive,7,LBNL_VLAN3001.1,3,5,31.8767
304,send,5,LBNL_VLAN3002.1,1,7,31.8767
304,send,0,VLAN4012.0,0,1,3066.61
305,trace_offer,5,LBNL_VLAN3002.1,1,7,31.8767
305,trace_offer,0,VLAN4012.0,0,1,3066.61
302,receive,7,LBNL_VLAN3001.1,3,5,31.8767
302,receive,1,VLAN4012.1,0,0,3066.61
305,send,0,VLAN4012.0,0,1,3066.61
305,send,5,LBNL_VLAN3002.1,1,7,31.8767
306,trace_offer,0,VLAN4012.0,0,1,3066.61
306,trace_offer,5,LBNL_VLAN3002.1,1,7,31.8767
303,receive,1,VLAN4012.1,0,0,3066.61
303,receive,7,LBNL_VLAN3001.1,3,5,31.8767
306,send,0,VLAN4012.0,0,1,3066.61
306,send,5,LBNL_VLAN3002.1,1,7,31.8767
307,trace_offer,5,LBNL_VLAN3002.1,1,7,31.8767
307,trace_offer,0,VLAN4012.0,0,1,3066.61
304,receive,1,VLAN4012.1,0,0,3066.61
304,receive,7,LBNL_VLAN3001.1,3,5,31.8767
307,send,0,VLAN4012.0,0,1,3066.61
307,send,5,LBNL_VLAN3002.1,1,7,31.8767
308,trace_offer,0,VLAN4012.0,0,1,3066.61
308,trace_offer,5,LBNL_VLAN3002.1,1,7,31.8767
305,receive,1,VLAN4012.1,0,0,3066.61
305,receive,7,LBNL_VLAN3001.1,3,5,31.8767
308,send,5,LBNL_VLAN3002.1,1,7,31.8767
308,send,0,VLAN4012.0,0,1,3066.61
309,trace_offer,0,VLAN4012.0,0,1,3066.61
309,trace_offer,5,LBNL_VLAN3002.1,1,7,31.8767
306,receive,1,VLAN4012.1,0,0,3066.61
309,send,0,VLAN4012.0,0,1,3066.61
309,send,5,LBNL_VLAN3002.1,1,7,31.8767
310,trace_offer,0,VLAN4012.0,0,1,3066.61
310,trace_offer,5,LBNL_VLAN3002.1,1,7,24.9981
307,receive,1,VLAN4012.1,0,0,3066.61
307,receive,7,LBNL_VLAN3001.1,3,5,63.7534
310,send,5,LBNL_VLAN3002.1,1,7,24.9981
310,send,0,VLAN4012.0,0,1,3066.61
311,trace_offer,5,LBNL_VLAN3002.1,1,7,24.9981
311,trace_offer,0,VLAN4012.0,0,1,3066.61
308,receive,7,LBNL_VLAN3001.1,3,5,31.8767
308,receive,1,VLAN4012.1,0,0,3066.61
311,send,5,LBNL_VLAN3002.1,1,7,24.9981
311,send,0,VLAN4012.0,0,1,3066.61
312,trace_offer,0,VLAN4012.0,0,1,3066.61
312,trace_offer,5,LBNL_VLAN3002.1,1,7,24.9981
309,receive,7,LBNL_VLAN3001.1,3,5,31.8767
309,receive,1,VLAN4012.1,0,0,3066.61
312,send,0,VLAN4012.0,0,1,3066.61
312,send,5,LBNL_VLAN3002.1,1,7,24.9981
313,trace_offer,5,LBNL_VLAN3002.1,1,7,24.9981
313,trace_offer,0,VLAN4012.0,0,1,3066.61
310,receive,1,VLAN4012.1,0,0,3066.61
310,receive,7,LBNL_VLAN3001.1,3,5,24.9981
313,send,0,VLAN4012.0,0,1,3066.61
313,send,5,LBNL_VLAN3002.1,1,7,24.9981
314,trace_offer,5,LBNL_VLAN3002.1,1,7,24.9981
314,trace_offer,0,VLAN4012.0,0,1,3066.61
311,receive,1,VLAN4012.1,0,0,3066.61
311,receive,7,LBNL_VLAN3001.1,3,5,24.9981
314,send,0,VLAN4012.0,0,1,3066.61
314,send,5,LBNL_VLAN3002.1,1,7,24.9981
315,trace_offer,5,LBNL_VLAN3002.1,1,7,24.9981
315,trace_offer,0,VLAN4012.0,0,1,3066.61
312,receive,1,VLAN4012.1,0,0,3066.61
312,receive,7,LBNL_VLAN3001.1,3,5,24.9981
315,send,0,VLAN4012.0,0,1,3066.61
315,send,5,LBNL_VLAN3002.1,1,7,24.9981
316,trace_offer,5,LBNL_VLAN3002.1,1,7,24.9981
316,trace_offer,0,VLAN4012.0,0,1,3066.61
313,receive,7,LBNL_VLAN3001.1,3,5,24.9981
313,receive,1,VLAN4012.1,0,0,3066.61
316,send,0,VLAN4012.0,0,1,3066.61
316,send,5,LBNL_VLAN3002.1,1,7,24.9981
317,trace_offer,0,VLAN4012.0,0,1,3066.61
317,trace_offer,5,LBNL_VLAN3002.1,1,7,24.9981
314,receive,7,LBNL_VLAN3001.1,3,5,24.9981
317,send,0,VLAN4012.0,0,1,3066.61
317,send,5,LBNL_VLAN3002.1,1,7,24.9981
318,trace_offer,5,LBNL_VLAN3002.1,1,7,24.9981
318,trace_offer,0,VLAN4012.0,0,1,3066.61
315,receive,7,LBNL_VLAN3001.1,3,5,24.9981
315,receive,1,VLAN4012.1,0,0,3066.61
315,receive,1,VLAN4012.1,0,0,3066.61
318,send,0,VLAN4012.0,0,1,3066.61
318,send,5,LBNL_VLAN3002.1,1,7,24.9981
319,trace_offer,5,LBNL_VLAN3002.1,1,7,24.9981
319,trace_offer,0,VLAN4012.0,0,1,3066.61
316,receive,1,VLAN4012.1,0,0,3066.61
319,send,5,LBNL_VLAN3002.1,1,7,24.9981
319,send,0,VLAN4012.0,0,1,3066.61
320,trace_offer,0,VLAN4012.0,0,1,3049.43
320,trace_offer,5,LBNL_VLAN3002.1,1,7,25.5014
317,receive,1,VLAN4012.1,0,0,3066.61
317,receive,7,LBNL_VLAN3001.1,3,5,24.9981
320,send,5,LBNL_VLAN3002.1,1,7,25.5014
320,send,0,VLAN4012.0,0,1,3049.43
321,trace_offer,5,LBNL_VLAN3002.1,1,7,25.5014
321,trace_offer,0,VLAN4012.0,0,1,3049.43
318,receive,7,LBNL_VLAN3001.1,3,5,24.9981
318,receive,1,VLAN4012.1,0,0,3049.43
321,send,5,LBNL_VLAN3002.1,1,7,25.5014
321,send,0,VLAN4012.0,0,1,3049.43
322,trace_offer,0,VLAN4012.0,0,1,3049.43
322,trace_offer,5,LBNL_VLAN3002.1,1,7,25.5014
319,receive,7,LBNL_VLAN3001.1,3,5,24.9981
322,send,5,LBNL_VLAN3002.1,1,7,25.5014
322,send,0,VLAN4012.0,0,1,3049.43
323,trace_offer,0,VLAN4012.0,0,1,3049.43
323,trace_offer,5,LBNL_VLAN3002.1,1,7,25.5014
320,receive,7,LBNL_VLAN3001.1,3,5,24.9981
320,receive,1,VLAN4012.1,0,0,3049.43
323,send,0,VLAN4012.0,0,1,3049.43
323,send,5,LBNL_VLAN3002.1,1,7,25.5014
324,trace_offer,5,LBNL_VLAN3002.1,1,7,25.5014
324,trace_offer,0,VLAN4012.0,0,1,3049.43
321,receive,7,LBNL_VLAN3001.1,3,5,25.5014
321,receive,1,VLAN4012.1,0,0,3049.43
321,receive,1,VLAN4012.1,0,0,3049.43
324,send,0,VLAN4012.0,0,1,3049.43
324,send,5,LBNL_VLAN3002.1,1,7,25.5014
325,trace_offer,0,VLAN4012.0,0,1,3049.43
325,trace_offer,5,LBNL_VLAN3002.1,1,7,25.5014
322,receive,7,LBNL_VLAN3001.1,3,5,25.5014
322,receive,1,VLAN4012.1,0,0,3049.43
325,send,5,LBNL_VLAN3002.1,1,7,25.5014
325,send,0,VLAN4012.0,0,1,3049.43
326,trace_offer,5,LBNL_VLAN3002.1,1,7,25.5014
326,trace_offer,0,VLAN4012.0,0,1,3049.43
323,receive,7,LBNL_VLAN3001.1,3,5,25.5014
326,send,0,VLAN4012.0,0,1,3049.43
326,send,5,LBNL_VLAN3002.1,1,7,25.5014
327,trace_offer,0,VLAN4012.0,0,1,3049.43
327,trace_offer,5,LBNL_VLAN3002.1,1,7,25.5014
324,receive,7,LBNL_VLAN3001.1,3,5,25.5014
324,receive,1,VLAN4012.1,0,0,3049.43
327,send,5,LBNL_VLAN3002.1,1,7,25.5014
327,send,0,VLAN4012.0,0,1,3049.43
328,trace_offer,0,VLAN4012.0,0,1,3049.43
328,trace_offer,5,LBNL_VLAN3002.1,1,7,25.5014
325,receive,7,LBNL_VLAN3001.1,3,5,51.0027
325,receive,1,VLAN4012.1,0,0,3049.43
328,send,5,LBNL_VLAN3002.1,1,7,25.5014
328,send,0,VLAN4012.0,0,1,3049.43
329,trace_offer,0,VLAN4012.0,0,1,3049.43
329,trace_offer,5,LBNL_VLAN3002.1,1,7,25.5014
326,receive,1,VLAN4012.1,0,0,3049.43
329,send,0,VLAN4012.0,0,1,3049.43
329,send,5,LBNL_VLAN3002.1,1,7,25.5014
330,trace_offer,5,LBNL_VLAN3002.1,1,7,31.5412
330,trace_offer,0,VLAN4012.0,0,1,3049.43
327,receive,7,LBNL_VLAN3001.1,3,5,25.5014
327,receive,1,VLAN4012.1,0,0,3049.43
327,receive,1,VLAN4012.1,0,0,3049.43
330,send,5,LBNL_VLAN3002.1,1,7,31.5412
330,send,0,VLAN4012.0,0,1,3049.43
331,trace_offer,0,VLAN4012.0,0,1,3049.43
331,trace_offer,5,LBNL_VLAN3002.1,1,7,31.5412
328,receive,1,VLAN4012.1,0,0,3049.43
328,receive,7,LBNL_VLAN3001.1,3,5,25.5014
331,send,0,VLAN4012.0,0,1,3049.43
331,send,5,LBNL_VLAN3002.1,1,7,31.5412
332,trace_offer,0,VLAN4012.0,0,1,3049.43
332,trace_offer,5,LBNL_VLAN3002.1,1,7,31.5412
329,receive,7,LBNL_VLAN3001.1,3,5,25.5014
332,send,5,LBNL_VLAN3002.1,1,7,31.5412
332,send,0,VLAN4012.0,0,1,3049.43
333,trace_offer,5,LBNL_VLAN3002.1,1,7,31.5412
333,trace_offer,0,VLAN4012.0,0,1,3049.43
330,receive,1,VLAN4012.1,0,0,3049.43
330,receive,7,LBNL_VLAN3001.1,3,5,57.0425
333,send,0,VLAN4012.0,0,1,3049.43
333,send,5,LBNL_VLAN3002.1,1,7,31.5412
334,trace_offer,0,VLAN4012.0,0,1,3049.43
334,trace_offer,5,LBNL_VLAN3002.1,1,7,31.5412
331,receive,1,VLAN4012.1,0,0,3049.43
334,send,0,VLAN4012.0,0,1,3049.43
334,send,5,LBNL_VLAN3002.1,1,7,31.5412
335,trace_offer,5,LBNL_VLAN3002.1,1,7,31.5412
335,trace_offer,0,VLAN4012.0,0,1,3049.43
332,receive,1,VLAN4012.1,0,0,3049.43
332,receive,7,LBNL_VLAN3001.1,3,5,31.5412
335,send,5,LBNL_VLAN3002.1,1,7,31.5412
335,send,0,VLAN4012.0,0,1,3049.43
336,trace_offer,5,LBNL_VLAN3002.1,1,7,31.5412
336,trace_offer,0,VLAN4012.0,0,1,3049.43
333,receive,7,LBNL_VLAN3001.1,3,5,31.5412
333,receive,1,VLAN4012.1,0,0,3049.43
333,receive,1,VLAN4012.1,0,0,3049.43
336,send,5,LBNL_VLAN3002.1,1,7,31.5412
336,send,0,VLAN4012.0,0,1,3049.43
337,trace_offer,0,VLAN4012.0,0,1,3049.43
337,trace_offer,5,LBNL_VLAN3002.1,1,7,31.5412
334,receive,7,LBNL_VLAN3001.1,3,5,31.5412
334,receive,1,VLAN4012.1,0,0,3049.43
337,send,5,LBNL_VLAN3002.1,1,7,31.5412
337,send,0,VLAN4012.0,0,1,3049.43
338,trace_offer,5,LBNL_VLAN3002.1,1,7,31.5412
338,trace_offer,0,VLAN4012.0,0,1,3049.43
335,receive,7,LBNL_VLAN3001.1,3,5,63.0823
338,send,0,VLAN4012.0,0,1,3049.43
338,send,5,LBNL_VLAN3002.1,1,7,31.5412
339,trace_offer,0,VLAN4012.0,0,1,3049.43
339,trace_offer,5,LBNL_VLAN3002.1,1,7,31.5412
336,receive,1,VLAN4012.1,0,0,3049.43
336,receive,1,VLAN4012.1,0,0,3049.43
336,receive,7,LBNL_VLAN3001.1,3,5,31.5412
339,send,0,VLAN4012.0,0,1,3049.43
339,send,5,LBNL_VLAN3002.1,1,7,31.5412
340,trace_offer,0,VLAN4012.0,0,1,3032.25
340,trace_offer,5,LBNL_VLAN3002.1,1,7,25.3336
337,receive,1,VLAN4012.1,0,0,3049.43
340,send,5,LBNL_VLAN3002.1,1,7,25.3336
340,send,0,VLAN4012.0,0,1,3032.25
341,trace_offer,0,VLAN4012.0,0,1,3032.25
341,trace_offer,5,LBNL_VLAN3002.1,1,7,25.3336
338,receive,1,VLAN4012.1,0,0,3032.25
338,receive,7,LBNL_VLAN3001.1,3,5,31.5412
341,send,0,VLAN4012.0,0,1,3032.25
341,send,5,LBNL_VLAN3002.1,1,7,25.3336
342,trace_offer,5,LBNL_VLAN3002.1,1,7,25.3336
342,trace_offer,0,VLAN4012.0,0,1,3032.25
339,receive,7,LBNL_VLAN3001.1,3,5,63.0823
342,send,0,VLAN4012.0,0,1,3032.25
342,send,5,LBNL_VLAN3002.1,1,7,25.3336
343,trace_offer,0,VLAN4012.0,0,1,3032.25
343,trace_offer,5,LBNL_VLAN3002.1,1,7,25.3336
340,receive,1,VLAN4012.1,0,0,3032.25
340,receive,7,LBNL_VLAN3001.1,3,5,25.3336
343,send,5,LBNL_VLAN3002.1,1,7,25.3336
343,send,0,VLAN4012.0,0,1,3032.25
344,trace_offer,5,LBNL_VLAN3002.1,1,7,25.3336
344,trace_offer,0,VLAN4012.0,0,1,3032.25
341,receive,1,VLAN4012.1,0,0,3032.25
344,send,5,LBNL_VLAN3002.1,1,7,25.3336
344,send,0,VLAN4012.0,0,1,3032.25
345,trace_offer,5,LBNL_VLAN3002.1,1,7,25.3336
345,trace_offer,0,VLAN4012.0,0,1,3032.25
342,receive,1,VLAN4012.1,0,0,3032.25
342,receive,7,LBNL_VLAN3001.1,3,5,25.3336
345,send,0,VLAN4012.0,0,1,3032.25
345,send,5,LBNL_VLAN3002.1,1,7,25.3336
346,trace_offer,0,VLAN4012.0,0,1,3032.25
346,trace_offer,5,LBNL_VLAN3002.1,1,7,25.3336
343,receive,7,LBNL_VLAN3001.1,3,5,25.3336
343,receive,1,VLAN4012.1,0,0,3032.25
343,receive,1,VLAN4012.1,0,0,3032.25
346,send,0,VLAN4012.0,0,1,3032.25
346,send,5,LBNL_VLAN3002.1,1,7,25.3336
347,trace_offer,0,VLAN4012.0,0,1,3032.25
347,trace_offer,5,LBNL_VLAN3002.1,1,7,25.3336
344,receive,7,LBNL_VLAN3001.1,3,5,50.6672
347,send,5,LBNL_VLAN3002.1,1,7,25.3336
347,send,0,VLAN4012.0,0,1,3032.25
348,trace_offer,0,VLAN4012.0,0,1,3032.25
348,trace_offer,5,LBNL_VLAN3002.1,1,7,25.3336
345,receive,1,VLAN4012.1,0,0,3032.25
345,receive,7,LBNL_VLAN3001.1,3,5,25.3336
348,send,5,LBNL_VLAN3002.1,1,7,25.3336
348,send,0,VLAN4012.0,0,1,3032.25
349,trace_offer,5,LBNL_VLAN3002.1,1,7,25.3336
349,trace_offer,0,VLAN4012.0,0,1,3032.25
346,receive,7,LBNL_VLAN3001.1,3,5,25.3336
346,receive,1,VLAN4012.1,0,0,3032.25
349,send,5,LBNL_VLAN3002.1,1,7,25.3336
349,send,0,VLAN4012.0,0,1,3032.25
350,trace_offer,5,LBNL_VLAN3002.1,1,7,31.5412
350,trace_offer,0,VLAN4012.0,0,1,3049.43
347,receive,1,VLAN4012.1,0,0,3032.25
347,receive,1,VLAN4012.1,0,0,3032.25
350,send,0,VLAN4012.0,0,1,3049.43
350,send,5,LBNL_VLAN3002.1,1,7,31.5412
351,trace_offer,0,VLAN4012.0,0,1,3049.43
351,trace_offer,5,LBNL_VLAN3002.1,1,7,31.5412
348,receive,7,LBNL_VLAN3001.1,3,5,25.3336
351,send,5,LBNL_VLAN3002.1,1,7,31.5412
351,send,0,VLAN4012.0,0,1,3049.43
352,trace_offer,0,VLAN4012.0,0,1,3049.43
352,trace_offer,5,LBNL_VLAN3002.1,1,7,31.5412
349,receive,7,LBNL_VLAN3001.1,3,5,50.6672
349,receive,1,VLAN4012.1,0,0,3049.43
349,receive,1,VLAN4012.1,0,0,3049.43
352,send,5,LBNL_VLAN3002.1,1,7,31.5412
352,send,0,VLAN4012.0,0,1,3049.43
353,trace_offer,5,LBNL_VLAN3002.1,1,7,31.5412
353,trace_offer,0,VLAN4012.0,0,1,3049.43
353,send,0,VLAN4012.0,0,1,3049.43
353,send,5,LBNL_VLAN3002.1,1,7,31.5412
354,trace_offer,0,VLAN4012.0,0,1,3049.43
354,trace_offer,5,LBNL_VLAN3002.1,1,7,31.5412
351,receive,1,VLAN4012.1,0,0,3049.43
351,receive,1,VLAN4012.1,0,0,3049.43
351,receive,7,LBNL_VLAN3001.1,3,5,63.0823
354,send,0,VLAN4012.0,0,1,3049.43
354,send,5,LBNL_VLAN3002.1,1,7,31.5412
355,trace_offer,0,VLAN4012.0,0,1,3049.43
355,trace_offer,5,LBNL_VLAN3002.1,1,7,31.5412
352,receive,1,VLAN4012.1,0,0,3049.43
355,send,5,LBNL_VLAN3002.1,1,7,31.5412
355,send,0,VLAN4012.0,0,1,3049.43
356,trace_offer,0,VLAN4012.0,0,1,3049.43
356,trace_offer,5,LBNL_VLAN3002.1,1,7,31.5412
353,receive,7,LBNL_VLAN3001.1,3,5,31.5412
353,receive,1,VLAN4012.1,0,0,3049.43
356,send,0,VLAN4012.0,0,1,3049.43
356,send,5,LBNL_VLAN3002.1,1,7,31.5412
357,trace_offer,0,VLAN4012.0,0,1,3049.43
357,trace_offer,5,LBNL_VLAN3002.1,1,7,31.5412
354,receive,7,LBNL_VLAN3001.1,3,5,63.0823
354,receive,1,VLAN4012.1,0,0,3049.43
357,send,5,LBNL_VLAN3002.1,1,7,31.5412
357,send,0,VLAN4012.0,0,1,3049.43
358,trace_offer,0,VLAN4012.0,0,1,3049.43
358,trace_offer,5,LBNL_VLAN3002.1,1,7,31.5412
358,send,5,LBNL_VLAN3002.1,1,7,31.5412
358,send,0,VLAN4012.0,0,1,3049.43
359,trace_offer,5,LBNL_VLAN3002.1,1,7,31.5412
359,trace_offer,0,VLAN4012.0,0,1,3049.43
356,receive,1,VLAN4012.1,0,0,3049.43
356,receive,7,LBNL_VLAN3001.1,3,5,63.0823
359,send,5,LBNL_VLAN3002.1,1,7,31.5412
359,send,0,VLAN4012.0,0,1,3049.43
360,trace_offer,5,LBNL_VLAN3002.1,1,7,25.3336
360,trace_offer,0,VLAN4012.0,0,1,3058.02
357,receive,1,VLAN4012.1,0,0,3049.43
357,receive,1,VLAN4012.1,0,0,3049.43
360,send,0,VLAN4012.0,0,1,3058.02
360,send,5,LBNL_VLAN3002.1,1,7,25.3336
361,trace_offer,0,VLAN4012.0,0,1,3058.02
361,trace_offer,5,LBNL_VLAN3002.1,1,7,25.3336
358,receive,7,LBNL_VLAN3001.1,3,5,31.5412
358,receive,1,VLAN4012.1,0,0,3058.02
361,send,5,LBNL_VLAN3002.1,1,7,25.3336
361,send,0,VLAN4012.0,0,1,3058.02
362,trace_offer,0,VLAN4012.0,0,1,3058.02
362,trace_offer,5,LBNL_VLAN3002.1,1,7,25.3336
359,receive,7,LBNL_VLAN3001.1,3,5,63.0823
362,send,0,VLAN4012.0,0,1,3058.02
362,send,5,LBNL_VLAN3002.1,1,7,25.3336
363,trace_offer,5,LBNL_VLAN3002.1,1,7,25.3336
363,trace_offer,0,VLAN4012.0,0,1,3058.02
360,receive,1,VLAN4012.1,0,0,3058.02
360,receive,7,LBNL_VLAN3001.1,3,5,25.3336
363,send,5,LBNL_VLAN3002.1,1,7,25.3336
363,send,0,VLAN4012.0,0,1,3058.02
364,trace_offer,5,LBNL_VLAN3002.1,1,7,25.3336
364,trace_offer,0,VLAN4012.0,0,1,3058.02
361,receive,1,VLAN4012.1,0,0,3058.02
361,receive,7,LBNL_VLAN3001.1,3,5,25.3336
364,send,0,VLAN4012.0,0,1,3058.02
364,send,5,LBNL_VLAN3002.1,1,7,25.3336
365,trace_offer,0,VLAN4012.0,0,1,3058.02
365,trace_offer,5,LBNL_VLAN3002.1,1,7,25.3336
362,receive,1,VLAN4012.1,0,0,3058.02
365,send,5,LBNL_VLAN3002.1,1,7,25.3336
365,send,0,VLAN4012.0,0,1,3058.02
366,trace_offer,5,LBNL_VLAN3002.1,1,7,25.3336
366,trace_offer,0,VLAN4012.0,0,1,3058.02
363,receive,1,VLAN4012.1,0,0,3058.02
363,receive,7,LBNL_VLAN3001.1,3,5,50.6672
366,send,0,VLAN4012.0,0,1,3058.02
366,send,5,LBNL_VLAN3002.1,1,7,25.3336
367,trace_offer,5,LBNL_VLAN3002.1,1,7,25.3336
367,trace_offer,0,VLAN4012.0,0,1,3058.02
364,receive,1,VLAN4012.1,0,0,3058.02
367,send,0,VLAN4012.0,0,1,3058.02
367,send,5,LBNL_VLAN3002.1,1,7,25.3336
368,trace_offer,5,LBNL_VLAN3002.1,1,7,25.3336
368,trace_offer,0,VLAN4012.0,0,1,3058.02
365,receive,1,VLAN4012.1,0,0,3058.02
365,receive,7,LBNL_VLAN3001.1,3,5,50.6672
368,send,5,LBNL_VLAN3002.1,1,7,25.3336
368,send,0,VLAN4012.0,0,1,3058.02
369,trace_offer,5,LBNL_VLAN3002.1,1,7,25.3336
369,trace_offer,0,VLAN4012.0,0,1,3058.02
366,receive,1,VLAN4012.1,0,0,3058.02
369,send,5,LBNL_VLAN3002.1,1,7,25.3336
369,send,0,VLAN4012.0,0,1,3058.02
370,trace_offer,0,VLAN4012.0,0,1,3075.2
370,trace_offer,5,LBNL_VLAN3002.1,1,7,31.3734
367,receive,7,LBNL_VLAN3001.1,3,5,25.3336
367,receive,1,VLAN4012.1,0,0,3058.02
367,receive,1,VLAN4012.1,0,0,3058.02
370,send,0,VLAN4012.0,0,1,3075.2
370,send,5,LBNL_VLAN3002.1,1,7,31.3734
371,trace_offer,0,VLAN4012.0,0,1,3075.2
371,trace_offer,5,LBNL_VLAN3002.1,1,7,31.3734
368,receive,7,LBNL_VLAN3001.1,3,5,25.3336
368,receive,1,VLAN4012.1,0,0,3075.2
371,send,0,VLAN4012.0,0,1,3075.2
371,send,5,LBNL_VLAN3002.1,1,7,31.3734
372,trace_offer,5,LBNL_VLAN3002.1,1,7,31.3734
372,trace_offer,0,VLAN4012.0,0,1,3075.2
369,receive,7,LBNL_VLAN3001.1,3,5,25.3336
372,send,0,VLAN4012.0,0,1,3075.2
372,send,5,LBNL_VLAN3002.1,1,7,31.3734
373,trace_offer,5,LBNL_VLAN3002.1,1,7,31.3734
373,trace_offer,0,VLAN4012.0,0,1,3075.2
370,receive,7,LBNL_VLAN3001.1,3,5,56.707
370,receive,1,VLAN4012.1,0,0,3075.2
373,send,0,VLAN4012.0,0,1,3075.2
373,send,5,LBNL_VLAN3002.1,1,7,31.3734
374,trace_offer,5,LBNL_VLAN3002.1,1,7,31.3734
374,trace_offer,0,VLAN4012.0,0,1,3075.2
371,receive,1,VLAN4012.1,0,0,3075.2
371,receive,1,VLAN4012.1,0,0,3075.2
374,send,0,VLAN4012.0,0,1,3075.2
374,send,5,LBNL_VLAN3002.1,1,7,31.3734
375,trace_offer,5,LBNL_VLAN3002.1,1,7,31.3734
375,trace_offer,0,VLAN4012.0,0,1,3075.2
372,receive,7,LBNL_VLAN3001.1,3,5,31.3734
375,send,0,VLAN4012.0,0,1,3075.2
375,send,5,LBNL_VLAN3002.1,1,7,31.3734
376,trace_offer,0,VLAN4012.0,0,1,3075.2
376,trace_offer,5,LBNL_VLAN3002.1,1,7,31.3734
373,receive,1,VLAN4012.1,0,0,3075.2
373,receive,1,VLAN4012.1,0,0,3075.2
373,receive,7,LBNL_VLAN3001.1,3,5,62.7468
376,send,5,LBNL_VLAN3002.1,1,7,31.3734
376,send,0,VLAN4012.0,0,1,3075.2
377,trace_offer,0,VLAN4012.0,0,1,3075.2
377,trace_offer,5,LBNL_VLAN3002.1,1,7,31.3734
377,send,0,VLAN4012.0,0,1,3075.2
377,send,5,LBNL_VLAN3002.1,1,7,31.3734
378,trace_offer,0,VLAN4012.0,0,1,3075.2
378,trace_offer,5,LBNL_VLAN3002.1,1,7,31.3734
375,receive,7,LBNL_VLAN3001.1,3,5,62.7468
375,receive,1,VLAN4012.1,0,0,3075.2
378,send,0,VLAN4012.0,0,1,3075.2
378,send,5,LBNL_VLAN3002.1,1,7,31.3734
379,trace_offer,5,LBNL_VLAN3002.1,1,7,31.3734
379,trace_offer,0,VLAN4012.0,0,1,3075.2
376,receive,1,VLAN4012.1,0,0,3075.2
379,send,0,VLAN4012.0,0,1,3075.2
379,send,5,LBNL_VLAN3002.1,1,7,31.3734
380,trace_offer,0,VLAN4012.0,0,1,3083.79
380,trace_offer,5,LBNL_VLAN3002.1,1,7,24.8303
377,receive,7,LBNL_VLAN3001.1,3,5,31.3734
377,receive,1,VLAN4012.1,0,0,3075.2
380,send,5,LBNL_VLAN3002.1,1,7,24.8303
380,send,0,VLAN4012.0,0,1,3083.79
381,trace_offer,5,LBNL_VLAN3002.1,1,7,24.8303
381,trace_offer,0,VLAN4012.0,0,1,3083.79
378,receive,1,VLAN4012.1,0,0,3075.2
378,receive,7,LBNL_VLAN3001.1,3,5,62.7468
381,send,5,LBNL_VLAN3002.1,1,7,24.8303
381,send,0,VLAN4012.0,0,1,3083.79
382,trace_offer,5,LBNL_VLAN3002.1,1,7,24.8303
382,trace_offer,0,VLAN4012.0,0,1,3083.79
379,receive,1,VLAN4012.1,0,0,3083.79
379,receive,7,LBNL_VLAN3001.1,3,5,31.3734
382,send,0,VLAN4012.0,0,1,3083.79
382,send,5,LBNL_VLAN3002.1,1,7,24.8303
383,trace_offer,0,VLAN4012.0,0,1,3083.79
383,trace_offer,5,LBNL_VLAN3002.1,1,7,24.8303
380,receive,1,VLAN4012.1,0,0,3083.79
380,receive,7,LBNL_VLAN3001.1,3,5,24.8303
383,send,5,LBNL_VLAN3002.1,1,7,24.8303
383,send,0,VLAN4012.0,0,1,3083.79
384,trace_offer,5,LBNL_VLAN3002.1,1,7,24.8303
384,trace_offer,0,VLAN4012.0,0,1,3083.79
381,receive,1,VLAN4012.1,0,0,3083.79
384,send,0,VLAN4012.0,0,1,3083.79
384,send,5,LBNL_VLAN3002.1,1,7,24.8303
385,trace_offer,0,VLAN4012.0,0,1,3083.79
385,trace_offer,5,LBNL_VLAN3002.1,1,7,24.8303
382,receive,1,VLAN4012.1,0,0,3083.79
382,receive,1,VLAN4012.1,0,0,3083.79
382,receive,7,LBNL_VLAN3001.1,3,5,24.8303
385,send,5,LBNL_VLAN3002.1,1,7,24.8303
385,send,0,VLAN4012.0,0,1,3083.79
386,trace_offer,5,LBNL_VLAN3002.1,1,7,24.8303
386,trace_offer,0,VLAN4012.0,0,1,3083.79
383,receive,7,LBNL_VLAN3001.1,3,5,24.8303
386,send,5,LBNL_VLAN3002.1,1,7,24.8303
386,send,0,VLAN4012.0,0,1,3083.79
387,trace_offer,5,LBNL_VLAN3002.1,1,7,24.8303
387,trace_offer,0,VLAN4012.0,0,1,3083.79
384,receive,7,LBNL_VLAN3001.1,3,5,24.8303
384,receive,1,VLAN4012.1,0,0,3083.79
387,send,5,LBNL_VLAN3002.1,1,7,24.8303
387,send,0,VLAN4012.0,0,1,3083.79
388,trace_offer,0,VLAN4012.0,0,1,3083.79
388,trace_offer,5,LBNL_VLAN3002.1,1,7,24.8303
385,receive,1,VLAN4012.1,0,0,3083.79
385,receive,1,VLAN4012.1,0,0,3083.79
385,receive,7,LBNL_VLAN3001.1,3,5,49.6606
388,send,0,VLAN4012.0,0,1,3083.79
388,send,5,LBNL_VLAN3002.1,1,7,24.8303
389,trace_offer,0,VLAN4012.0,0,1,3083.79
389,trace_offer,5,LBNL_VLAN3002.1,1,7,24.8303
389,send,5,LBNL_VLAN3002.1,1,7,24.8303
389,send,0,VLAN4012.0,0,1,3083.79
390,trace_offer,5,LBNL_VLAN3002.1,1,7,31.2056
390,trace_offer,0,VLAN4012.0,0,1,3049.43
387,receive,1,VLAN4012.1,0,0,3083.79
387,receive,7,LBNL_VLAN3001.1,3,5,24.8303
390,send,0,VLAN4012.0,0,1,3049.43
390,send,5,LBNL_VLAN3002.1,1,7,31.2056
391,trace_offer,5,LBNL_VLAN3002.1,1,7,31.2056
391,trace_offer,0,VLAN4012.0,0,1,3049.43
388,receive,1,VLAN4012.1,0,0,3083.79
388,receive,7,LBNL_VLAN3001.1,3,5,24.8303
388,receive,1,VLAN4012.1,0,0,3049.43
391,send,5,LBNL_VLAN3002.1,1,7,31.2056
391,send,0,VLAN4012.0,0,1,3049.43
392,trace_offer,5,LBNL_VLAN3002.1,1,7,31.2056
392,trace_offer,0,VLAN4012.0,0,1,3049.43
389,receive,7,LBNL_VLAN3001.1,3,5,49.6606
392,send,0,VLAN4012.0,0,1,3049.43
392,send,5,LBNL_VLAN3002.1,1,7,31.2056
393,trace_offer,5,LBNL_VLAN3002.1,1,7,31.2056
393,trace_offer,0,VLAN4012.0,0,1,3049.43
390,receive,1,VLAN4012.1,0,0,3049.43
390,receive,1,VLAN4012.1,0,0,3049.43
393,send,5,LBNL_VLAN3002.1,1,7,31.2056
393,send,0,VLAN4012.0,0,1,3049.43
394,trace_offer,0,VLAN4012.0,0,1,3049.43
394,trace_offer,5,LBNL_VLAN3002.1,1,7,31.2056
391,receive,7,LBNL_VLAN3001.1,3,5,31.2056
394,send,0,VLAN4012.0,0,1,3049.43
394,send,5,LBNL_VLAN3002.1,1,7,31.2056
395,trace_offer,5,LBNL_VLAN3002.1,1,7,31.2056
395,trace_offer,0,VLAN4012.0,0,1,3049.43
392,receive,1,VLAN4012.1,0,0,3049.43
392,receive,7,LBNL_VLAN3001.1,3,5,62.4112
395,send,0,VLAN4012.0,0,1,3049.43
395,send,5,LBNL_VLAN3002.1,1,7,31.2056
396,trace_offer,0,VLAN4012.0,0,1,3049.43
396,trace_offer,5,LBNL_VLAN3002.1,1,7,31.2056
393,receive,1,VLAN4012.1,0,0,3049.43
396,send,5,LBNL_VLAN3002.1,1,7,31.2056
396,send,0,VLAN4012.0,0,1,3049.43
397,trace_offer,0,VLAN4012.0,0,1,3049.43
397,trace_offer,5,LBNL_VLAN3002.1,1,7,31.2056
394,receive,1,VLAN4012.1,0,0,3049.43
394,receive,1,VLAN4012.1,0,0,3049.43
394,receive,7,LBNL_VLAN3001.1,3,5,31.2056
397,send,0,VLAN4012.0,0,1,3049.43
397,send,5,LBNL_VLAN3002.1,1,7,31.2056
398,trace_offer,5,LBNL_VLAN3002.1,1,7,31.2056
398,trace_offer,0,VLAN4012.0,0,1,3049.43
395,receive,7,LBNL_VLAN3001.1,3,5,62.4112
395,receive,1,VLAN4012.1,0,0,3049.43
398,send,5,LBNL_VLAN3002.1,1,7,31.2056
398,send,0,VLAN4012.0,0,1,3049.43
399,trace_offer,0,VLAN4012.0,0,1,3049.43
399,trace_offer,5,LBNL_VLAN3002.1,1,7,31.2056
399,send,5,LBNL_VLAN3002.1,1,7,31.2056
399,send,0,VLAN4012.0,0,1,3049.43
400,trace_offer,5,LBNL_VLAN3002.1,1,7,25.5853
400,trace_offer,0,VLAN4012.0,0,1,3058.02
397,receive,1,VLAN4012.1,0,0,3049.43
397,receive,7,LBNL_VLAN3001.1,3,5,31.2056
400,send,0,VLAN4012.0,0,1,3058.02
400,send,5,LBNL_VLAN3002.1,1,7,25.5853
401,trace_offer,5,LBNL_VLAN3002.1,1,7,25.5853
401,trace_offer,0,VLAN4012.0,0,1,3058.02
398,receive,1,VLAN4012.1,0,0,3049.43
398,receive,7,LBNL_VLAN3001.1,3,5,31.2056
401,send,0,VLAN4012.0,0,1,3058.02
401,send,5,LBNL_VLAN3002.1,1,7,25.5853
402,trace_offer,0,VLAN4012.0,0,1,3058.02
402,trace_offer,5,LBNL_VLAN3002.1,1,7,25.5853
399,receive,7,LBNL_VLAN3001.1,3,5,62.4112
399,receive,1,VLAN4012.1,0,0,3058.02
399,receive,1,VLAN4012.1,0,0,3058.02
402,send,0,VLAN4012.0,0,1,3058.02
402,send,5,LBNL_VLAN3002.1,1,7,25.5853
403,trace_offer,0,VLAN4012.0,0,1,3058.02
403,trace_offer,5,LBNL_VLAN3002.1,1,7,25.5853
403,send,0,VLAN4012.0,0,1,3058.02
403,send,5,LBNL_VLAN3002.1,1,7,25.5853
404,trace_offer,0,VLAN4012.0,0,1,3058.02
404,trace_offer,5,LBNL_VLAN3002.1,1,7,25.5853
401,receive,1,VLAN4012.1,0,0,3058.02
401,receive,7,LBNL_VLAN3001.1,3,5,25.5853
404,send,0,VLAN4012.0,0,1,3058.02
404,send,5,LBNL_VLAN3002.1,1,7,25.5853
405,trace_offer,0,VLAN4012.0,0,1,3058.02
405,trace_offer,5,LBNL_VLAN3002.1,1,7,25.5853
402,receive,7,LBNL_VLAN3001.1,3,5,25.5853
402,receive,1,VLAN4012.1,0,0,3058.02
405,send,0,VLAN4012.0,0,1,3058.02
405,send,5,LBNL_VLAN3002.1,1,7,25.5853
406,trace_offer,0,VLAN4012.0,0,1,3058.02
406,trace_offer,5,LBNL_VLAN3002.1,1,7,25.5853
403,receive,7,LBNL_VLAN3001.1,3,5,25.5853
403,receive,1,VLAN4012.1,0,0,3058.02
406,send,0,VLAN4012.0,0,1,3058.02
406,send,5,LBNL_VLAN3002.1,1,7,25.5853
407,trace_offer,5,LBNL_VLAN3002.1,1,7,25.5853
407,trace_offer,0,VLAN4012.0,0,1,3058.02
404,receive,7,LBNL_VLAN3001.1,3,5,25.5853
404,receive,1,VLAN4012.1,0,0,3058.02
407,send,0,VLAN4012.0,0,1,3058.02
407,send,5,LBNL_VLAN3002.1,1,7,25.5853
408,trace_offer,5,LBNL_VLAN3002.1,1,7,25.5853
408,trace_offer,0,VLAN4012.0,0,1,3058.02
405,receive,1,VLAN4012.1,0,0,3058.02
405,receive,1,VLAN4012.1,0,0,3058.02
405,receive,7,LBNL_VLAN3001.1,3,5,25.5853
408,send,5,LBNL_VLAN3002.1,1,7,25.5853
408,send,0,VLAN4012.0,0,1,3058.02
409,trace_offer,0,VLAN4012.0,0,1,3058.02
409,trace_offer,5,LBNL_VLAN3002.1,1,7,25.5853
406,receive,7,LBNL_VLAN3001.1,3,5,25.5853
409,send,0,VLAN4012.0,0,1,3058.02
409,send,5,LBNL_VLAN3002.1,1,7,25.5853
410,trace_offer,5,LBNL_VLAN3002.1,1,7,31.5412
410,trace_offer,0,VLAN4012.0,0,1,3040.84
407,receive,7,LBNL_VLAN3001.1,3,5,51.1705
407,receive,1,VLAN4012.1,0,0,3058.02
410,send,5,LBNL_VLAN3002.1,1,7,31.5412
410,send,0,VLAN4012.0,0,1,3040.84
411,trace_offer,5,LBNL_VLAN3002.1,1,7,31.5412
411,trace_offer,0,VLAN4012.0,0,1,3040.84
408,receive,1,VLAN4012.1,0,0,3058.02
411,send,0,VLAN4012.0,0,1,3040.84
411,send,5,LBNL_VLAN3002.1,1,7,31.5412
412,trace_offer,5,LBNL_VLAN3002.1,1,7,31.5412
412,trace_offer,0,VLAN4012.0,0,1,3040.84
409,receive,7,LBNL_VLAN3001.1,3,5,51.1705
409,receive,1,VLAN4012.1,0,0,3040.84
412,send,5,LBNL_VLAN3002.1,1,7,31.5412
412,send,0,VLAN4012.0,0,1,3040.84
413,trace_offer,0,VLAN4012.0,0,1,3040.84
413,trace_offer,5,LBNL_VLAN3002.1,1,7,31.5412
410,receive,1,VLAN4012.1,0,0,3040.84
410,receive,1,VLAN4012.1,0,0,3040.84
413,send,0,VLAN4012.0,0,1,3040.84
413,send,5,LBNL_VLAN3002.1,1,7,31.5412
414,trace_offer,5,LBNL_VLAN3002.1,1,7,31.5412
414,trace_offer,0,VLAN4012.0,0,1,3040.84
411,receive,7,LBNL_VLAN3001.1,3,5,31.5412
414,send,5,LBNL_VLAN3002.1,1,7,31.5412
414,send,0,VLAN4012.0,0,1,3040.84
415,trace_offer,5,LBNL_VLAN3002.1,1,7,31.5412
415,trace_offer,0,VLAN4012.0,0,1,3040.84
412,receive,1,VLAN4012.1,0,0,3040.84
412,receive,7,LBNL_VLAN3001.1,3,5,31.5412
415,send,0,VLAN4012.0,0,1,3040.84
415,send,5,LBNL_VLAN3002.1,1,7,31.5412
416,trace_offer,5,LBNL_VLAN3002.1,1,7,31.5412
416,trace_offer,0,VLAN4012.0,0,1,3040.84
413,receive,1,VLAN4012.1,0,0,3040.84
413,receive,7,LBNL_VLAN3001.1,3,5,31.5412
416,send,5,LBNL_VLAN3002.1,1,7,31.5412
416,send,0,VLAN4012.0,0,1,3040.84
417,trace_offer,0,VLAN4012.0,0,1,3040.84
417,trace_offer,5,LBNL_VLAN3002.1,1,7,31.5412
414,receive,1,VLAN4012.1,0,0,3040.84
414,receive,1,VLAN4012.1,0,0,3040.84
414,receive,7,LBNL_VLAN3001.1,3,5,63.0823
417,send,5,LBNL_VLAN3002.1,1,7,31.5412
417,send,0,VLAN4012.0,0,1,3040.84
418,trace_offer,5,LBNL_VLAN3002.1,1,7,31.5412
418,trace_offer,0,VLAN4012.0,0,1,3040.84
415,receive,1,VLAN4012.1,0,0,3040.84
418,send,0,VLAN4012.0,0,1,3040.84
418,send,5,LBNL_VLAN3002.1,1,7,31.5412
419,trace_offer,0,VLAN4012.0,0,1,3040.84
419,trace_offer,5,LBNL_VLAN3002.1,1,7,31.5412
416,receive,7,LBNL_VLAN3001.1,3,5,63.0823
419,send,0,VLAN4012.0,0,1,3040.84
419,send,5,LBNL_VLAN3002.1,1,7,31.5412
420,trace_offer,5,LBNL_VLAN3002.1,1,7,25.2497
420,trace_offer,0,VLAN4012.0,0,1,3040.84
417,receive,1,VLAN4012.1,0,0,3040.84
420,send,5,LBNL_VLAN3002.1,1,7,25.2497
420,send,0,VLAN4012.0,0,1,3040.84
421,trace_offer,5,LBNL_VLAN3002.1,1,7,25.2497
421,trace_offer,0,VLAN4012.0,0,1,3040.84
418,receive,7,LBNL_VLAN3001.1,3,5,31.5412
418,receive,1,VLAN4012.1,0,0,3040.84
421,send,5,LBNL_VLAN3002.1,1,7,25.2497
421,send,0,VLAN4012.0,0,1,3040.84
422,trace_offer,0,VLAN4012.0,0,1,3040.84
422,trace_offer,5,LBNL_VLAN3002.1,1,7,25.2497
419,receive,7,LBNL_VLAN3001.1,3,5,31.5412
419,receive,1,VLAN4012.1,0,0,3040.84
419,receive,1,VLAN4012.1,0,0,3040.84
422,send,0,VLAN4012.0,0,1,3040.84
422,send,5,LBNL_VLAN3002.1,1,7,25.2497
423,trace_offer,0,VLAN4012.0,0,1,3040.84
423,trace_offer,5,LBNL_VLAN3002.1,1,7,25.2497
420,receive,1,VLAN4012.1,0,0,3040.84
420,receive,7,LBNL_VLAN3001.1,3,5,31.5412
423,send,0,VLAN4012.0,0,1,3040.84
423,send,5,LBNL_VLAN3002.1,1,7,25.2497
424,trace_offer,0,VLAN4012.0,0,1,3040.84
424,trace_offer,5,LBNL_VLAN3002.1,1,7,25.2497
421,receive,7,LBNL_VLAN3001.1,3,5,25.2497
424,send,0,VLAN4012.0,0,1,3040.84
424,send,5,LBNL_VLAN3002.1,1,7,25.2497
425,trace_offer,0,VLAN4012.0,0,1,3040.84
425,trace_offer,5,LBNL_VLAN3002.1,1,7,25.2497
422,receive,1,VLAN4012.1,0,0,3040.84
422,receive,7,LBNL_VLAN3001.1,3,5,25.2497
422,receive,1,VLAN4012.1,0,0,3040.84
425,send,5,LBNL_VLAN3002.1,1,7,25.2497
425,send,0,VLAN4012.0,0,1,3040.84
426,trace_offer,0,VLAN4012.0,0,1,3040.84
426,trace_offer,5,LBNL_VLAN3002.1,1,7,25.2497
423,receive,7,LBNL_VLAN3001.1,3,5,25.2497
426,send,5,LBNL_VLAN3002.1,1,7,25.2497
426,send,0,VLAN4012.0,0,1,3040.84
427,trace_offer,5,LBNL_VLAN3002.1,1,7,25.2497
427,trace_offer,0,VLAN4012.0,0,1,3040.84
424,receive,1,VLAN4012.1,0,0,3040.84
424,receive,7,LBNL_VLAN3001.1,3,5,50.4994
427,send,0,VLAN4012.0,0,1,3040.84
427,send,5,LBNL_VLAN3002.1,1,7,25.2497
428,trace_offer,5,LBNL_VLAN3002.1,1,7,25.2497
428,trace_offer,0,VLAN4012.0,0,1,3040.84
425,receive,1,VLAN4012.1,0,0,3040.84
425,receive,7,LBNL_VLAN3001.1,3,5,25.2497
425,receive,1,VLAN4012.1,0,0,3040.84
428,send,5,LBNL_VLAN3002.1,1,7,25.2497
428,send,0,VLAN4012.0,0,1,3040.84
429,trace_offer,0,VLAN4012.0,0,1,3040.84
429,trace_offer,5,LBNL_VLAN3002.1,1,7,25.2497
426,receive,7,LBNL_VLAN3001.1,3,5,25.2497
429,send,0,VLAN4012.0,0,1,3040.84
429,send,5,LBNL_VLAN3002.1,1,7,25.2497
430,trace_offer,5,LBNL_VLAN3002.1,1,7,31.7928
430,trace_offer,0,VLAN4012.0,0,1,3040.84
427,receive,1,VLAN4012.1,0,0,3040.84
427,receive,1,VLAN4012.1,0,0,3040.84
427,receive,7,LBNL_VLAN3001.1,3,5,25.2497
430,send,5,LBNL_VLAN3002.1,1,7,31.7928
430,send,0,VLAN4012.0,0,1,3040.84
431,trace_offer,0,VLAN4012.0,0,1,3040.84
431,trace_offer,5,LBNL_VLAN3002.1,1,7,31.7928
431,send,5,LBNL_VLAN3002.1,1,7,31.7928
431,send,0,VLAN4012.0,0,1,3040.84
432,trace_offer,0,VLAN4012.0,0,1,3040.84
432,trace_offer,5,LBNL_VLAN3002.1,1,7,31.7928
429,receive,7,LBNL_VLAN3001.1,3,5,25.2497
429,receive,1,VLAN4012.1,0,0,3040.84
429,receive,1,VLAN4012.1,0,0,3040.84
432,send,5,LBNL_VLAN3002.1,1,7,31.7928
432,send,0,VLAN4012.0,0,1,3040.84
433,trace_offer,5,LBNL_VLAN3002.1,1,7,31.7928
433,trace_offer,0,VLAN4012.0,0,1,3040.84
430,receive,7,LBNL_VLAN3001.1,3,5,57.0425
430,receive,1,VLAN4012.1,0,0,3040.84
433,send,0,VLAN4012.0,0,1,3040.84
433,send,5,LBNL_VLAN3002.1,1,7,31.7928
434,trace_offer,0,VLAN4012.0,0,1,3040.84
434,trace_offer,5,LBNL_VLAN3002.1,1,7,31.7928
434,send,0,VLAN4012.0,0,1,3040.84
434,send,5,LBNL_VLAN3002.1,1,7,31.7928
435,trace_offer,0,VLAN4012.0,0,1,3040.84
435,trace_offer,5,LBNL_VLAN3002.1,1,7,31.7928
432,receive,1,VLAN4012.1,0,0,3040.84
432,receive,7,LBNL_VLAN3001.1,3,5,31.7928
435,send,0,VLAN4012.0,0,1,3040.84
435,send,5,LBNL_VLAN3002.1,1,7,31.7928
436,trace_offer,5,LBNL_VLAN3002.1,1,7,31.7928
436,trace_offer,0,VLAN4012.0,0,1,3040.84
433,receive,1,VLAN4012.1,0,0,3040.84
433,receive,1,VLAN4012.1,0,0,3040.84
433,receive,7,LBNL_VLAN3001.1,3,5,31.7928
436,send,5,LBNL_VLAN3002.1,1,7,31.7928
436,send,0,VLAN4012.0,0,1,3040.84
437,trace_offer,5,LBNL_VLAN3002.1,1,7,31.7928
437,trace_offer,0,VLAN4012.0,0,1,3040.84
434,receive,7,LBNL_VLAN3001.1,3,5,31.7928
434,receive,1,VLAN4012.1,0,0,3040.84
437,send,0,VLAN4012.0,0,1,3040.84
437,send,5,LBNL_VLAN3002.1,1,7,31.7928
438,trace_offer,0,VLAN4012.0,0,1,3040.84
438,trace_offer,5,LBNL_VLAN3002.1,1,7,31.7928
435,receive,1,VLAN4012.1,0,0,3040.84
435,receive,7,LBNL_VLAN3001.1,3,5,31.7928
438,send,0,VLAN4012.0,0,1,3040.84
438,send,5,LBNL_VLAN3002.1,1,7,31.7928
439,trace_offer,0,VLAN4012.0,0,1,3040.84
439,trace_offer,5,LBNL_VLAN3002.1,1,7,31.7928
436,receive,7,LBNL_VLAN3001.1,3,5,63.5856
439,send,0,VLAN4012.0,0,1,3040.84
439,send,5,LBNL_VLAN3002.1,1,7,31.7928
440,trace_offer,0,VLAN4012.0,0,1,3049.43
440,trace_offer,5,LBNL_VLAN3002.1,1,7,25.1658
437,receive,1,VLAN4012.1,0,0,3040.84
437,receive,1,VLAN4012.1,0,0,3040.84
440,send,5,LBNL_VLAN3002.1,1,7,25.1658
440,send,0,VLAN4012.0,0,1,3049.43
441,trace_offer,5,LBNL_VLAN3002.1,1,7,25.1658
441,trace_offer,0,VLAN4012.0,0,1,3049.43
438,receive,1,VLAN4012.1,0,0,3049.43
438,receive,7,LBNL_VLAN3001.1,3,5,31.7928
441,send,5,LBNL_VLAN3002.1,1,7,25.1658
441,send,0,VLAN4012.0,0,1,3049.43
442,trace_offer,5,LBNL_VLAN3002.1,1,7,25.1658
442,trace_offer,0,VLAN4012.0,0,1,3049.43
439,receive,7,LBNL_VLAN3001.1,3,5,31.7928
439,receive,1,VLAN4012.1,0,0,3049.43
442,send,5,LBNL_VLAN3002.1,1,7,25.1658
442,send,0,VLAN4012.0,0,1,3049.43
443,trace_offer,0,VLAN4012.0,0,1,3049.43
443,trace_offer,5,LBNL_VLAN3002.1,1,7,25.1658
440,receive,7,LBNL_VLAN3001.1,3,5,31.7928
440,receive,1,VLAN4012.1,0,0,3049.43
443,send,0,VLAN4012.0,0,1,3049.43
443,send,5,LBNL_VLAN3002.1,1,7,25.1658
444,trace_offer,0,VLAN4012.0,0,1,3049.43
444,trace_offer,5,LBNL_VLAN3002.1,1,7,25.1658
441,receive,7,LBNL_VLAN3001.1,3,5,25.1658
444,send,0,VLAN4012.0,0,1,3049.43
444,send,5,LBNL_VLAN3002.1,1,7,25.1658
445,trace_offer,5,LBNL_VLAN3002.1,1,7,25.1658
445,trace_offer,0,VLAN4012.0,0,1,3049.43
442,receive,1,VLAN4012.1,0,0,3049.43
442,receive,7,LBNL_VLAN3001.1,3,5,50.3316
445,send,5,LBNL_VLAN3002.1,1,7,25.1658
445,send,0,VLAN4012.0,0,1,3049.43
446,trace_offer,0,VLAN4012.0,0,1,3049.43
446,trace_offer,5,LBNL_VLAN3002.1,1,7,25.1658
443,receive,1,VLAN4012.1,0,0,3049.43
446,send,0,VLAN4012.0,0,1,3049.43
446,send,5,LBNL_VLAN3002.1,1,7,25.1658
447,trace_offer,5,LBNL_VLAN3002.1,1,7,25.1658
447,trace_offer,0,VLAN4012.0,0,1,3049.43
444,receive,7,LBNL_VLAN3001.1,3,5,50.3316
444,receive,1,VLAN4012.1,0,0,3049.43
447,send,5,LBNL_VLAN3002.1,1,7,25.1658
447,send,0,VLAN4012.0,0,1,3049.43
448,trace_offer,0,VLAN4012.0,0,1,3049.43
448,trace_offer,5,LBNL_VLAN3002.1,1,7,25.1658
445,receive,1,VLAN4012.1,0,0,3049.43
448,send,5,LBNL_VLAN3002.1,1,7,25.1658
448,send,0,VLAN4012.0,0,1,3049.43
449,trace_offer,5,LBNL_VLAN3002.1,1,7,25.1658
449,trace_offer,0,VLAN4012.0,0,1,3049.43
446,receive,7,LBNL_VLAN3001.1,3,5,25.1658
446,receive,1,VLAN4012.1,0,0,3049.43
449,send,5,LBNL_VLAN3002.1,1,7,25.1658
449,send,0,VLAN4012.0,0,1,3049.43
450,trace_offer,0,VLAN4012.0,0,1,3066.61
450,trace_offer,5,LBNL_VLAN3002.1,1,7,31.5412
447,receive,1,VLAN4012.1,0,0,3049.43
447,receive,7,LBNL_VLAN3001.1,3,5,50.3316
447,receive,1,VLAN4012.1,0,0,3049.43
450,send,0,VLAN4012.0,0,1,3066.61
450,send,5,LBNL_VLAN3002.1,1,7,31.5412
451,trace_offer,0,VLAN4012.0,0,1,3066.61
451,trace_offer,5,LBNL_VLAN3002.1,1,7,31.5412
451,send,0,VLAN4012.0,0,1,3066.61
451,send,5,LBNL_VLAN3002.1,1,7,31.5412
452,trace_offer,5,LBNL_VLAN3002.1,1,7,31.5412
452,trace_offer,0,VLAN4012.0,0,1,3066.61
449,receive,1,VLAN4012.1,0,0,3066.61
449,receive,7,LBNL_VLAN3001.1,3,5,25.1658
449,receive,1,VLAN4012.1,0,0,3066.61
452,send,5,LBNL_VLAN3002.1,1,7,31.5412
452,send,0,VLAN4012.0,0,1,3066.61
453,trace_offer,5,LBNL_VLAN3002.1,1,7,31.5412
453,trace_offer,0,VLAN4012.0,0,1,3066.61
450,receive,7,LBNL_VLAN3001.1,3,5,56.707
453,send,0,VLAN4012.0,0,1,3066.61
453,send,5,LBNL_VLAN3002.1,1,7,31.5412
454,trace_offer,0,VLAN4012.0,0,1,3066.61
454,trace_offer,5,LBNL_VLAN3002.1,1,7,31.5412
451,receive,1,VLAN4012.1,0,0,3066.61
454,send,0,VLAN4012.0,0,1,3066.61
454,send,5,LBNL_VLAN3002.1,1,7,31.5412
455,trace_offer,0,VLAN4012.0,0,1,3066.61
455,trace_offer,5,LBNL_VLAN3002.1,1,7,31.5412
452,receive,1,VLAN4012.1,0,0,3066.61
452,receive,1,VLAN4012.1,0,0,3066.61
452,receive,7,LBNL_VLAN3001.1,3,5,31.5412
455,send,5,LBNL_VLAN3002.1,1,7,31.5412
455,send,0,VLAN4012.0,0,1,3066.61
456,trace_offer,5,LBNL_VLAN3002.1,1,7,31.5412
456,trace_offer,0,VLAN4012.0,0,1,3066.61
453,receive,7,LBNL_VLAN3001.1,3,5,31.5412
456,send,5,LBNL_VLAN3002.1,1,7,31.5412
456,send,0,VLAN4012.0,0,1,3066.61
457,trace_offer,0,VLAN4012.0,0,1,3066.61
457,trace_offer,5,LBNL_VLAN3002.1,1,7,31.5412
454,receive,1,VLAN4012.1,0,0,3066.61
454,receive,7,LBNL_VLAN3001.1,3,5,31.5412
457,send,0,VLAN4012.0,0,1,3066.61
457,send,5,LBNL_VLAN3002.1,1,7,31.5412
458,trace_offer,0,VLAN4012.0,0,1,3066.61
458,trace_offer,5,LBNL_VLAN3002.1,1,7,31.5412
455,receive,1,VLAN4012.1,0,0,3066.61
455,receive,1,VLAN4012.1,0,0,3066.61
455,receive,7,LBNL_VLAN3001.1,3,5,31.5412
458,send,5,LBNL_VLAN3002.1,1,7,31.5412
458,send,0,VLAN4012.0,0,1,3066.61
459,trace_offer,5,LBNL_VLAN3002.1,1,7,31.5412
459,trace_offer,0,VLAN4012.0,0,1,3066.61
456,receive,7,LBNL_VLAN3001.1,3,5,31.5412
459,send,0,VLAN4012.0,0,1,3066.61
459,send,5,LBNL_VLAN3002.1,1,7,31.5412
460,trace_offer,0,VLAN4012.0,0,1,3066.61
460,trace_offer,5,LBNL_VLAN3002.1,1,7,25.3336
457,receive,1,VLAN4012.1,0,0,3066.61
457,receive,7,LBNL_VLAN3001.1,3,5,63.0823
457,receive,1,VLAN4012.1,0,0,3066.61
460,send,0,VLAN4012.0,0,1,3066.61
460,send,5,LBNL_VLAN3002.1,1,7,25.3336
461,trace_offer,0,VLAN4012.0,0,1,3066.61
461,trace_offer,5,LBNL_VLAN3002.1,1,7,25.3336
458,receive,1,VLAN4012.1,0,0,3066.61
461,send,0,VLAN4012.0,0,1,3066.61
461,send,5,LBNL_VLAN3002.1,1,7,25.3336
462,trace_offer,5,LBNL_VLAN3002.1,1,7,25.3336
462,trace_offer,0,VLAN4012.0,0,1,3066.61
459,receive,7,LBNL_VLAN3001.1,3,5,63.0823
459,receive,1,VLAN4012.1,0,0,3066.61
462,send,5,LBNL_VLAN3002.1,1,7,25.3336
462,send,0,VLAN4012.0,0,1,3066.61
463,trace_offer,0,VLAN4012.0,0,1,3066.61
463,trace_offer,5,LBNL_VLAN3002.1,1,7,25.3336
460,receive,1,VLAN4012.1,0,0,3066.61
463,send,0,VLAN4012.0,0,1,3066.61
463,send,5,LBNL_VLAN3002.1,1,7,25.3336
464,trace_offer,0,VLAN4012.0,0,1,3066.61
464,trace_offer,5,LBNL_VLAN3002.1,1,7,25.3336
461,receive,7,LBNL_VLAN3001.1,3,5,25.3336
464,send,0,VLAN4012.0,0,1,3066.61
464,send,5,LBNL_VLAN3002.1,1,7,25.3336
465,trace_offer,0,VLAN4012.0,0,1,3066.61
465,trace_offer,5,LBNL_VLAN3002.1,1,7,25.3336
462,receive,1,VLAN4012.1,0,0,3066.61
462,receive,1,VLAN4012.1,0,0,3066.61
462,receive,7,LBNL_VLAN3001.1,3,5,50.6672
465,send,0,VLAN4012.0,0,1,3066.61
465,send,5,LBNL_VLAN3002.1,1,7,25.3336
466,trace_offer,0,VLAN4012.0,0,1,3066.61
466,trace_offer,5,LBNL_VLAN3002.1,1,7,25.3336
463,receive,1,VLAN4012.1,0,0,3066.61
466,send,5,LBNL_VLAN3002.1,1,7,25.3336
466,send,0,VLAN4012.0,0,1,3066.61
467,trace_offer,5,LBNL_VLAN3002.1,1,7,25.3336
467,trace_offer,0,VLAN4012.0,0,1,3066.61
464,receive,7,LBNL_VLAN3001.1,3,5,50.6672
467,send,0,VLAN4012.0,0,1,3066.61
467,send,5,LBNL_VLAN3002.1,1,7,25.3336
468,trace_offer,5,LBNL_VLAN3002.1,1,7,25.3336
468,trace_offer,0,VLAN4012.0,0,1,3066.61
465,receive,1,VLAN4012.1,0,0,3066.61
465,receive,7,LBNL_VLAN3001.1,3,5,25.3336
468,send,0,VLAN4012.0,0,1,3066.61
468,send,5,LBNL_VLAN3002.1,1,7,25.3336
469,trace_offer,0,VLAN4012.0,0,1,3066.61
469,trace_offer,5,LBNL_VLAN3002.1,1,7,25.3336
466,receive,1,VLAN4012.1,0,0,3066.61
466,receive,7,LBNL_VLAN3001.1,3,5,25.3336
469,send,5,LBNL_VLAN3002.1,1,7,25.3336
469,send,0,VLAN4012.0,0,1,3066.61
470,trace_offer,5,LBNL_VLAN3002.1,1,7,31.3734
470,trace_offer,0,VLAN4012.0,0,1,3049.43
467,receive,1,VLAN4012.1,0,0,3066.61
467,receive,7,LBNL_VLAN3001.1,3,5,25.3336
467,receive,1,VLAN4012.1,0,0,3066.61
470,send,0,VLAN4012.0,0,1,3049.43
470,send,5,LBNL_VLAN3002.1,1,7,31.3734
471,trace_offer,5,LBNL_VLAN3002.1,1,7,31.3734
471,trace_offer,0,VLAN4012.0,0,1,3049.43
468,receive,1,VLAN4012.1,0,0,3049.43
471,send,5,LBNL_VLAN3002.1,1,7,31.3734
471,send,0,VLAN4012.0,0,1,3049.43
472,trace_offer,0,VLAN4012.0,0,1,3049.43
472,trace_offer,5,LBNL_VLAN3002.1,1,7,31.3734
469,receive,7,LBNL_VLAN3001.1,3,5,50.6672
472,send,0,VLAN4012.0,0,1,3049.43
472,send,5,LBNL_VLAN3002.1,1,7,31.3734
473,trace_offer,0,VLAN4012.0,0,1,3049.43
473,trace_offer,5,LBNL_VLAN3002.1,1,7,31.3734
470,receive,1,VLAN4012.1,0,0,3049.43
473,send,0,VLAN4012.0,0,1,3049.43
473,send,5,LBNL_VLAN3002.1,1,7,31.3734
474,trace_offer,5,LBNL_VLAN3002.1,1,7,31.3734
474,trace_offer,0,VLAN4012.0,0,1,3049.43
471,receive,1,VLAN4012.1,0,0,3049.43
471,receive,7,LBNL_VLAN3001.1,3,5,62.7468
474,send,0,VLAN4012.0,0,1,3049.43
474,send,5,LBNL_VLAN3002.1,1,7,31.3734
475,trace_offer,0,VLAN4012.0,0,1,3049.43
475,trace_offer,5,LBNL_VLAN3002.1,1,7,31.3734
472,receive,1,VLAN4012.1,0,0,3049.43
472,receive,7,LBNL_VLAN3001.1,3,5,31.3734
475,send,0,VLAN4012.0,0,1,3049.43
475,send,5,LBNL_VLAN3002.1,1,7,31.3734
476,trace_offer,0,VLAN4012.0,0,1,3049.43
476,trace_offer,5,LBNL_VLAN3002.1,1,7,31.3734
473,receive,1,VLAN4012.1,0,0,3049.43
476,send,5,LBNL_VLAN3002.1,1,7,31.3734
476,send,0,VLAN4012.0,0,1,3049.43
477,trace_offer,5,LBNL_VLAN3002.1,1,7,31.3734
477,trace_offer,0,VLAN4012.0,0,1,3049.43
474,receive,7,LBNL_VLAN3001.1,3,5,31.3734
474,receive,1,VLAN4012.1,0,0,3049.43
474,receive,1,VLAN4012.1,0,0,3049.43
477,send,0,VLAN4012.0,0,1,3049.43
477,send,5,LBNL_VLAN3002.1,1,7,31.3734
478,trace_offer,5,LBNL_VLAN3002.1,1,7,31.3734
478,trace_offer,0,VLAN4012.0,0,1,3049.43
475,receive,7,LBNL_VLAN3001.1,3,5,31.3734
478,send,0,VLAN4012.0,0,1,3049.43
478,send,5,LBNL_VLAN3002.1,1,7,31.3734
479,trace_offer,0,VLAN4012.0,0,1,3049.43
479,trace_offer,5,LBNL_VLAN3002.1,1,7,31.3734
476,receive,7,LBNL_VLAN3001.1,3,5,31.3734
476,receive,1,VLAN4012.1,0,0,3049.43
479,send,0,VLAN4012.0,0,1,3049.43
479,send,5,LBNL_VLAN3002.1,1,7,31.3734
480,trace_offer,0,VLAN4012.0,0,1,3040.84
480,trace_offer,5,LBNL_VLAN3002.1,1,7,25.5014
477,receive,7,LBNL_VLAN3001.1,3,5,62.7468
477,receive,1,VLAN4012.1,0,0,3049.43
480,send,5,LBNL_VLAN3002.1,1,7,25.5014
480,send,0,VLAN4012.0,0,1,3040.84
481,trace_offer,5,LBNL_VLAN3002.1,1,7,25.5014
481,trace_offer,0,VLAN4012.0,0,1,3040.84
478,receive,1,VLAN4012.1,0,0,3049.43
481,send,5,LBNL_VLAN3002.1,1,7,25.5014
481,send,0,VLAN4012.0,0,1,3040.84
482,trace_offer,5,LBNL_VLAN3002.1,1,7,25.5014
482,trace_offer,0,VLAN4012.0,0,1,3040.84
479,receive,7,LBNL_VLAN3001.1,3,5,62.7468
479,receive,1,VLAN4012.1,0,0,3040.84
482,send,0,VLAN4012.0,0,1,3040.84
482,send,5,LBNL_VLAN3002.1,1,7,25.5014
483,trace_offer,0,VLAN4012.0,0,1,3040.84
483,trace_offer,5,LBNL_VLAN3002.1,1,7,25.5014
480,receive,1,VLAN4012.1,0,0,3040.84
480,receive,1,VLAN4012.1,0,0,3040.84
483,send,0,VLAN4012.0,0,1,3040.84
483,send,5,LBNL_VLAN3002.1,1,7,25.5014
484,trace_offer,5,LBNL_VLAN3002.1,1,7,25.5014
484,trace_offer,0,VLAN4012.0,0,1,3040.84
481,receive,7,LBNL_VLAN3001.1,3,5,51.0027
484,send,0,VLAN4012.0,0,1,3040.84
484,send,5,LBNL_VLAN3002.1,1,7,25.5014
485,trace_offer,5,LBNL_VLAN3002.1,1,7,25.5014
485,trace_offer,0,VLAN4012.0,0,1,3040.84
482,receive,1,VLAN4012.1,0,0,3040.84
482,receive,1,VLAN4012.1,0,0,3040.84
485,send,0,VLAN4012.0,0,1,3040.84
485,send,5,LBNL_VLAN3002.1,1,7,25.5014
486,trace_offer,5,LBNL_VLAN3002.1,1,7,25.5014
486,trace_offer,0,VLAN4012.0,0,1,3040.84
483,receive,7,LBNL_VLAN3001.1,3,5,25.5014
486,send,5,LBNL_VLAN3002.1,1,7,25.5014
486,send,0,VLAN4012.0,0,1,3040.84
487,trace_offer,5,LBNL_VLAN3002.1,1,7,25.5014
487,trace_offer,0,VLAN4012.0,0,1,3040.84
484,receive,1,VLAN4012.1,0,0,3040.84
484,receive,7,LBNL_VLAN3001.1,3,5,51.0027
487,send,0,VLAN4012.0,0,1,3040.84
487,send,5,LBNL_VLAN3002.1,1,7,25.5014
488,trace_offer,0,VLAN4012.0,0,1,3040.84
488,trace_offer,5,LBNL_VLAN3002.1,1,7,25.5014
485,receive,1,VLAN4012.1,0,0,3040.84
485,receive,1,VLAN4012.1,0,0,3040.84
488,send,5,LBNL_VLAN3002.1,1,7,25.5014
488,send,0,VLAN4012.0,0,1,3040.84
489,trace_offer,5,LBNL_VLAN3002.1,1,7,25.5014
489,trace_offer,0,VLAN4012.0,0,1,3040.84
486,receive,7,LBNL_VLAN3001.1,3,5,25.5014
489,send,5,LBNL_VLAN3002.1,1,7,25.5014
489,send,0,VLAN4012.0,0,1,3040.84
490,trace_offer,5,LBNL_VLAN3002.1,1,7,31.3734
490,trace_offer,0,VLAN4012.0,0,1,3023.66
487,receive,1,VLAN4012.1,0,0,3040.84
487,receive,1,VLAN4012.1,0,0,3040.84
487,receive,7,LBNL_VLAN3001.1,3,5,25.5014
490,send,0,VLAN4012.0,0,1,3023.66
490,send,5,LBNL_VLAN3002.1,1,7,31.3734
491,trace_offer,0,VLAN4012.0,0,1,3023.66
491,trace_offer,5,LBNL_VLAN3002.1,1,7,31.3734
488,receive,1,VLAN4012.1,0,0,3023.66
488,receive,7,LBNL_VLAN3001.1,3,5,25.5014
491,send,5,LBNL_VLAN3002.1,1,7,31.3734
491,send,0,VLAN4012.0,0,1,3023.66
492,trace_offer,0,VLAN4012.0,0,1,3023.66
492,trace_offer,5,LBNL_VLAN3002.1,1,7,31.3734
489,receive,1,VLAN4012.1,0,0,3023.66
489,receive,7,LBNL_VLAN3001.1,3,5,25.5014
492,send,0,VLAN4012.0,0,1,3023.66
492,send,5,LBNL_VLAN3002.1,1,7,31.3734
493,trace_offer,5,LBNL_VLAN3002.1,1,7,31.3734
493,trace_offer,0,VLAN4012.0,0,1,3023.66
490,receive,7,LBNL_VLAN3001.1,3,5,25.5014
493,send,5,LBNL_VLAN3002.1,1,7,31.3734
493,send,0,VLAN4012.0,0,1,3023.66
494,trace_offer,5,LBNL_VLAN3002.1,1,7,31.3734
494,trace_offer,0,VLAN4012.0,0,1,3023.66
491,receive,7,LBNL_VLAN3001.1,3,5,31.3734
491,receive,1,VLAN4012.1,0,0,3023.66
494,send,5,LBNL_VLAN3002.1,1,7,31.3734
494,send,0,VLAN4012.0,0,1,3023.66
495,trace_offer,0,VLAN4012.0,0,1,3023.66
495,trace_offer,5,LBNL_VLAN3002.1,1,7,31.3734
492,receive,1,VLAN4012.1,0,0,3023.66
492,receive,7,LBNL_VLAN3001.1,3,5,62.7468
492,receive,1,VLAN4012.1,0,0,3023.66
495,send,0,VLAN4012.0,0,1,3023.66
495,send,5,LBNL_VLAN3002.1,1,7,31.3734
496,trace_offer,0,VLAN4012.0,0,1,3023.66
496,trace_offer,5,LBNL_VLAN3002.1,1,7,31.3734
496,send,0,VLAN4012.0,0,1,3023.66
496,send,5,LBNL_VLAN3002.1,1,7,31.3734
497,trace_offer,5,LBNL_VLAN3002.1,1,7,31.3734
497,trace_offer,0,VLAN4012.0,0,1,3023.66
494,receive,7,LBNL_VLAN3001.1,3,5,62.7468
494,receive,1,VLAN4012.1,0,0,3023.66
497,send,5,LBNL_VLAN3002.1,1,7,31.3734
497,send,0,VLAN4012.0,0,1,3023.66
498,trace_offer,5,LBNL_VLAN3002.1,1,7,31.3734
498,trace_offer,0,VLAN4012.0,0,1,3023.66
495,receive,7,LBNL_VLAN3001.1,3,5,31.3734
495,receive,1,VLAN4012.1,0,0,3023.66
498,send,5,LBNL_VLAN3002.1,1,7,31.3734
498,send,0,VLAN4012.0,0,1,3023.66
499,trace_offer,5,LBNL_VLAN3002.1,1,7,31.3734
499,trace_offer,0,VLAN4012.0,0,1,3023.66
496,receive,1,VLAN4012.1,0,0,3023.66
499,send,0,VLAN4012.0,0,1,3023.66
499,send,5,LBNL_VLAN3002.1,1,7,31.3734
500,trace_offer,0,VLAN4012.0,0,1,3023.66
500,trace_offer,5,LBNL_VLAN3002.1,1,7,25.3336
497,receive,1,VLAN4012.1,0,0,3023.66
497,receive,7,LBNL_VLAN3001.1,3,5,31.3734
497,receive,1,VLAN4012.1,0,0,3023.66
500,send,5,LBNL_VLAN3002.1,1,7,25.3336
500,send,0,VLAN4012.0,0,1,3023.66
501,trace_offer,5,LBNL_VLAN3002.1,1,7,25.3336
501,trace_offer,0,VLAN4012.0,0,1,3023.66
498,receive,1,VLAN4012.1,0,0,3023.66
498,receive,7,LBNL_VLAN3001.1,3,5,31.3734
501,send,5,LBNL_VLAN3002.1,1,7,25.3336
501,send,0,VLAN4012.0,0,1,3023.66
502,trace_offer,5,LBNL_VLAN3002.1,1,7,25.3336
502,trace_offer,0,VLAN4012.0,0,1,3023.66
499,receive,7,LBNL_VLAN3001.1,3,5,31.3734
499,receive,1,VLAN4012.1,0,0,3023.66
502,send,5,LBNL_VLAN3002.1,1,7,25.3336
502,send,0,VLAN4012.0,0,1,3023.66
503,trace_offer,5,LBNL_VLAN3002.1,1,7,25.3336
503,trace_offer,0,VLAN4012.0,0,1,3023.66
500,receive,7,LBNL_VLAN3001.1,3,5,31.3734
503,send,0,VLAN4012.0,0,1,3023.66
503,send,5,LBNL_VLAN3002.1,1,7,25.3336
504,trace_offer,0,VLAN4012.0,0,1,3023.66
504,trace_offer,5,LBNL_VLAN3002.1,1,7,25.3336
501,receive,1,VLAN4012.1,0,0,3023.66
501,receive,7,LBNL_VLAN3001.1,3,5,50.6672
504,send,0,VLAN4012.0,0,1,3023.66
504,send,5,LBNL_VLAN3002.1,1,7,25.3336
505,trace_offer,5,LBNL_VLAN3002.1,1,7,25.3336
505,trace_offer,0,VLAN4012.0,0,1,3023.66
502,receive,1,VLAN4012.1,0,0,3023.66
505,send,5,LBNL_VLAN3002.1,1,7,25.3336
505,send,0,VLAN4012.0,0,1,3023.66
506,trace_offer,0,VLAN4012.0,0,1,3023.66
506,trace_offer,5,LBNL_VLAN3002.1,1,7,25.3336
503,receive,1,VLAN4012.1,0,0,3023.66
503,receive,7,LBNL_VLAN3001.1,3,5,25.3336
506,send,5,LBNL_VLAN3002.1,1,7,25.3336
506,send,0,VLAN4012.0,0,1,3023.66
507,trace_offer,0,VLAN4012.0,0,1,3023.66
507,trace_offer,5,LBNL_VLAN3002.1,1,7,25.3336
504,receive,7,LBNL_VLAN3001.1,3,5,50.6672
504,receive,1,VLAN4012.1,0,0,3023.66
507,send,5,LBNL_VLAN3002.1,1,7,25.3336
507,send,0,VLAN4012.0,0,1,3023.66
508,trace_offer,0,VLAN4012.0,0,1,3023.66
508,trace_offer,5,LBNL_VLAN3002.1,1,7,25.3336
505,receive,1,VLAN4012.1,0,0,3023.66
508,send,0,VLAN4012.0,0,1,3023.66
508,send,5,LBNL_VLAN3002.1,1,7,25.3336
509,trace_offer,0,VLAN4012.0,0,1,3023.66
509,trace_offer,5,LBNL_VLAN3002.1,1,7,25.3336
506,receive,7,LBNL_VLAN3001.1,3,5,25.3336
506,receive,1,VLAN4012.1,0,0,3023.66
509,send,0,VLAN4012.0,0,1,3023.66
509,send,5,LBNL_VLAN3002.1,1,7,25.3336
510,trace_offer,0,VLAN4012.0,0,1,3023.66
510,trace_offer,5,LBNL_VLAN3002.1,1,7,30.2829
507,receive,1,VLAN4012.1,0,0,3023.66
507,receive,1,VLAN4012.1,0,0,3023.66
507,receive,7,LBNL_VLAN3001.1,3,5,50.6672
510,send,5,LBNL_VLAN3002.1,1,7,30.2829
510,send,0,VLAN4012.0,0,1,3023.66
511,trace_offer,0,VLAN4012.0,0,1,3023.66
511,trace_offer,5,LBNL_VLAN3002.1,1,7,30.2829
508,receive,1,VLAN4012.1,0,0,3023.66
511,send,0,VLAN4012.0,0,1,3023.66
511,send,5,LBNL_VLAN3002.1,1,7,30.2829
512,trace_offer,5,LBNL_VLAN3002.1,1,7,30.2829
512,trace_offer,0,VLAN4012.0,0,1,3023.66
509,receive,7,LBNL_VLAN3001.1,3,5,50.6672
512,send,0,VLAN4012.0,0,1,3023.66
512,send,5,LBNL_VLAN3002.1,1,7,30.2829
513,trace_offer,5,LBNL_VLAN3002.1,1,7,30.2829
513,trace_offer,0,VLAN4012.0,0,1,3023.66
510,receive,1,VLAN4012.1,0,0,3023.66
510,receive,1,VLAN4012.1,0,0,3023.66
513,send,5,LBNL_VLAN3002.1,1,7,30.2829
513,send,0,VLAN4012.0,0,1,3023.66
514,trace_offer,0,VLAN4012.0,0,1,3023.66
514,trace_offer,5,LBNL_VLAN3002.1,1,7,30.2829
511,receive,7,LBNL_VLAN3001.1,3,5,60.5658
514,send,5,LBNL_VLAN3002.1,1,7,30.2829
514,send,0,VLAN4012.0,0,1,3023.66
515,trace_offer,5,LBNL_VLAN3002.1,1,7,30.2829
515,trace_offer,0,VLAN4012.0,0,1,3023.66
512,receive,1,VLAN4012.1,0,0,3023.66
512,receive,7,LBNL_VLAN3001.1,3,5,30.2829
512,receive,1,VLAN4012.1,0,0,3023.66
515,send,0,VLAN4012.0,0,1,3023.66
515,send,5,LBNL_VLAN3002.1,1,7,30.2829
516,trace_offer,0,VLAN4012.0,0,1,3023.66
516,trace_offer,5,LBNL_VLAN3002.1,1,7,30.2829
513,receive,1,VLAN4012.1,0,0,3023.66
516,send,0,VLAN4012.0,0,1,3023.66
516,send,5,LBNL_VLAN3002.1,1,7,30.2829
517,trace_offer,5,LBNL_VLAN3002.1,1,7,30.2829
517,trace_offer,0,VLAN4012.0,0,1,3023.66
514,receive,7,LBNL_VLAN3001.1,3,5,60.5658
517,send,5,LBNL_VLAN3002.1,1,7,30.2829
517,send,0,VLAN4012.0,0,1,3023.66
518,trace_offer,0,VLAN4012.0,0,1,3023.66
518,trace_offer,5,LBNL_VLAN3002.1,1,7,30.2829
515,receive,1,VLAN4012.1,0,0,3023.66
515,receive,1,VLAN4012.1,0,0,3023.66
518,send,5,LBNL_VLAN3002.1,1,7,30.2829
518,send,0,VLAN4012.0,0,1,3023.66
519,trace_offer,5,LBNL_VLAN3002.1,1,7,30.2829
519,trace_offer,0,VLAN4012.0,0,1,3023.66
516,receive,7,LBNL_VLAN3001.1,3,5,30.2829
519,send,5,LBNL_VLAN3002.1,1,7,30.2829
519,send,0,VLAN4012.0,0,1,3023.66
520,trace_offer,0,VLAN4012.0,0,1,3032.25
520,trace_offer,5,LBNL_VLAN3002.1,1,7,26.7597
517,receive,1,VLAN4012.1,0,0,3023.66
517,receive,1,VLAN4012.1,0,0,3023.66
517,receive,7,LBNL_VLAN3001.1,3,5,60.5658
520,send,5,LBNL_VLAN3002.1,1,7,26.7597
520,send,0,VLAN4012.0,0,1,3032.25
521,trace_offer,0,VLAN4012.0,0,1,3032.25
521,trace_offer,5,LBNL_VLAN3002.1,1,7,26.7597
521,send,0,VLAN4012.0,0,1,3032.25
521,send,5,LBNL_VLAN3002.1,1,7,26.7597
522,trace_offer,5,LBNL_VLAN3002.1,1,7,26.7597
522,trace_offer,0,VLAN4012.0,0,1,3032.25
519,receive,7,LBNL_VLAN3001.1,3,5,60.5658
519,receive,1,VLAN4012.1,0,0,3032.25
522,send,5,LBNL_VLAN3002.1,1,7,26.7597
522,send,0,VLAN4012.0,0,1,3032.25
523,trace_offer,5,LBNL_VLAN3002.1,1,7,26.7597
523,trace_offer,0,VLAN4012.0,0,1,3032.25
520,receive,1,VLAN4012.1,0,0,3032.25
520,receive,7,LBNL_VLAN3001.1,3,5,26.7597
523,send,5,LBNL_VLAN3002.1,1,7,26.7597
523,send,0,VLAN4012.0,0,1,3032.25
524,trace_offer,5,LBNL_VLAN3002.1,1,7,26.7597
524,trace_offer,0,VLAN4012.0,0,1,3032.25
521,receive,1,VLAN4012.1,0,0,3032.25
524,send,0,VLAN4012.0,0,1,3032.25
524,send,5,LBNL_VLAN3002.1,1,7,26.7597
525,trace_offer,5,LBNL_VLAN3002.1,1,7,26.7597
525,trace_offer,0,VLAN4012.0,0,1,3032.25
522,receive,1,VLAN4012.1,0,0,3032.25
522,receive,7,LBNL_VLAN3001.1,3,5,53.5193
522,receive,1,VLAN4012.1,0,0,3032.25
525,send,0,VLAN4012.0,0,1,3032.25
525,send,5,LBNL_VLAN3002.1,1,7,26.7597
526,trace_offer,5,LBNL_VLAN3002.1,1,7,26.7597
526,trace_offer,0,VLAN4012.0,0,1,3032.25
523,receive,1,VLAN4012.1,0,0,3032.25
526,send,0,VLAN4012.0,0,1,3032.25
526,send,5,LBNL_VLAN3002.1,1,7,26.7597
527,trace_offer,5,LBNL_VLAN3002.1,1,7,26.7597
527,trace_offer,0,VLAN4012.0,0,1,3032.25
524,receive,7,LBNL_VLAN3001.1,3,5,53.5193
527,send,5,LBNL_VLAN3002.1,1,7,26.7597
527,send,0,VLAN4012.0,0,1,3032.25
528,trace_offer,0,VLAN4012.0,0,1,3032.25
528,trace_offer,5,LBNL_VLAN3002.1,1,7,26.7597
525,receive,1,VLAN4012.1,0,0,3032.25
525,receive,1,VLAN4012.1,0,0,3032.25
528,send,5,LBNL_VLAN3002.1,1,7,26.7597
528,send,0,VLAN4012.0,0,1,3032.25
529,trace_offer,5,LBNL_VLAN3002.1,1,7,26.7597
529,trace_offer,0,VLAN4012.0,0,1,3032.25
526,receive,7,LBNL_VLAN3001.1,3,5,53.5193
529,send,5,LBNL_VLAN3002.1,1,7,26.7597
529,send,0,VLAN4012.0,0,1,3032.25
530,trace_offer,0,VLAN4012.0,0,1,3032.25
530,trace_offer,5,LBNL_VLAN3002.1,1,7,25.1658
527,receive,1,VLAN4012.1,0,0,3032.25
527,receive,1,VLAN4012.1,0,0,3032.25
530,send,5,LBNL_VLAN3002.1,1,7,25.1658
530,send,0,VLAN4012.0,0,1,3032.25
531,trace_offer,0,VLAN4012.0,0,1,3032.25
531,trace_offer,5,LBNL_VLAN3002.1,1,7,25.1658
528,receive,7,LBNL_VLAN3001.1,3,5,26.7597
531,send,5,LBNL_VLAN3002.1,1,7,25.1658
531,send,0,VLAN4012.0,0,1,3032.25
532,trace_offer,0,VLAN4012.0,0,1,3032.25
532,trace_offer,5,LBNL_VLAN3002.1,1,7,25.1658
529,receive,7,LBNL_VLAN3001.1,3,5,26.7597
529,receive,1,VLAN4012.1,0,0,3032.25
532,send,0,VLAN4012.0,0,1,3032.25
532,send,5,LBNL_VLAN3002.1,1,7,25.1658
533,trace_offer,5,LBNL_VLAN3002.1,1,7,25.1658
533,trace_offer,0,VLAN4012.0,0,1,3032.25
530,receive,7,LBNL_VLAN3001.1,3,5,26.7597
530,receive,1,VLAN4012.1,0,0,3032.25
530,receive,1,VLAN4012.1,0,0,3032.25
533,send,5,LBNL_VLAN3002.1,1,7,25.1658
533,send,0,VLAN4012.0,0,1,3032.25
534,trace_offer,5,LBNL_VLAN3002.1,1,7,25.1658
534,trace_offer,0,VLAN4012.0,0,1,3032.25
531,receive,7,LBNL_VLAN3001.1,3,5,50.3316
534,send,5,LBNL_VLAN3002.1,1,7,25.1658
534,send,0,VLAN4012.0,0,1,3032.25
535,trace_offer,5,LBNL_VLAN3002.1,1,7,25.1658
535,trace_offer,0,VLAN4012.0,0,1,3032.25
532,receive,7,LBNL_VLAN3001.1,3,5,25.1658
532,receive,1,VLAN4012.1,0,0,3032.25
535,send,5,LBNL_VLAN3002.1,1,7,25.1658
535,send,0,VLAN4012.0,0,1,3032.25
536,trace_offer,5,LBNL_VLAN3002.1,1,7,25.1658
536,trace_offer,0,VLAN4012.0,0,1,3032.25
533,receive,1,VLAN4012.1,0,0,3032.25
536,send,0,VLAN4012.0,0,1,3032.25
536,send,5,LBNL_VLAN3002.1,1,7,25.1658
537,trace_offer,5,LBNL_VLAN3002.1,1,7,25.1658
537,trace_offer,0,VLAN4012.0,0,1,3032.25
534,receive,1,VLAN4012.1,0,0,3032.25
534,receive,7,LBNL_VLAN3001.1,3,5,25.1658
537,send,0,VLAN4012.0,0,1,3032.25
537,send,5,LBNL_VLAN3002.1,1,7,25.1658
538,trace_offer,0,VLAN4012.0,0,1,3032.25
538,trace_offer,5,LBNL_VLAN3002.1,1,7,25.1658
535,receive,1,VLAN4012.1,0,0,3032.25
535,receive,7,LBNL_VLAN3001.1,3,5,25.1658
538,send,5,LBNL_VLAN3002.1,1,7,25.1658
538,send,0,VLAN4012.0,0,1,3032.25
539,trace_offer,0,VLAN4012.0,0,1,3032.25
539,trace_offer,5,LBNL_VLAN3002.1,1,7,25.1658
536,receive,7,LBNL_VLAN3001.1,3,5,25.1658
536,receive,1,VLAN4012.1,0,0,3032.25
539,send,5,LBNL_VLAN3002.1,1,7,25.1658
539,send,0,VLAN4012.0,0,1,3032.25
540,trace_offer,0,VLAN4012.0,0,1,3032.25
540,trace_offer,5,LBNL_VLAN3002.1,1,7,31.5412
537,receive,7,LBNL_VLAN3001.1,3,5,25.1658
537,receive,1,VLAN4012.1,0,0,3032.25
537,receive,1,VLAN4012.1,0,0,3032.25
540,send,0,VLAN4012.0,0,1,3032.25
540,send,5,LBNL_VLAN3002.1,1,7,31.5412
541,trace_offer,5,LBNL_VLAN3002.1,1,7,31.5412
541,trace_offer,0,VLAN4012.0,0,1,3032.25
538,receive,7,LBNL_VLAN3001.1,3,5,25.1658
541,send,0,VLAN4012.0,0,1,3032.25
541,send,5,LBNL_VLAN3002.1,1,7,31.5412
542,trace_offer,0,VLAN4012.0,0,1,3032.25
542,trace_offer,5,LBNL_VLAN3002.1,1,7,31.5412
539,receive,1,VLAN4012.1,0,0,3032.25
539,receive,1,VLAN4012.1,0,0,3032.25
539,receive,7,LBNL_VLAN3001.1,3,5,25.1658
542,send,0,VLAN4012.0,0,1,3032.25
542,send,5,LBNL_VLAN3002.1,1,7,31.5412
543,trace_offer,0,VLAN4012.0,0,1,3032.25
543,trace_offer,5,LBNL_VLAN3002.1,1,7,31.5412
540,receive,1,VLAN4012.1,0,0,3032.25
540,receive,7,LBNL_VLAN3001.1,3,5,25.1658
543,send,5,LBNL_VLAN3002.1,1,7,31.5412
543,send,0,VLAN4012.0,0,1,3032.25
544,trace_offer,0,VLAN4012.0,0,1,3032.25
544,trace_offer,5,LBNL_VLAN3002.1,1,7,31.5412
541,receive,7,LBNL_VLAN3001.1,3,5,31.5412
544,send,0,VLAN4012.0,0,1,3032.25
544,send,5,LBNL_VLAN3002.1,1,7,31.5412
545,trace_offer,5,LBNL_VLAN3002.1,1,7,31.5412
545,trace_offer,0,VLAN4012.0,0,1,3032.25
542,receive,1,VLAN4012.1,0,0,3032.25
542,receive,1,VLAN4012.1,0,0,3032.25
542,receive,7,LBNL_VLAN3001.1,3,5,63.0823
545,send,0,VLAN4012.0,0,1,3032.25
545,send,5,LBNL_VLAN3002.1,1,7,31.5412
546,trace_offer,5,LBNL_VLAN3002.1,1,7,31.5412
546,trace_offer,0,VLAN4012.0,0,1,3032.25
543,receive,1,VLAN4012.1,0,0,3032.25
546,send,0,VLAN4012.0,0,1,3032.25
546,send,5,LBNL_VLAN3002.1,1,7,31.5412
547,trace_offer,5,LBNL_VLAN3002.1,1,7,31.5412
547,trace_offer,0,VLAN4012.0,0,1,3032.25
544,receive,7,LBNL_VLAN3001.1,3,5,63.0823
547,send,0,VLAN4012.0,0,1,3032.25
547,send,5,LBNL_VLAN3002.1,1,7,31.5412
548,trace_offer,5,LBNL_VLAN3002.1,1,7,31.5412
548,trace_offer,0,VLAN4012.0,0,1,3032.25
545,receive,1,VLAN4012.1,0,0,3032.25
548,send,5,LBNL_VLAN3002.1,1,7,31.5412
548,send,0,VLAN4012.0,0,1,3032.25
549,trace_offer,0,VLAN4012.0,0,1,3032.25
549,trace_offer,5,LBNL_VLAN3002.1,1,7,31.5412
546,receive,7,LBNL_VLAN3001.1,3,5,63.0823
546,receive,1,VLAN4012.1,0,0,3032.25
549,send,5,LBNL_VLAN3002.1,1,7,31.5412
549,send,0,VLAN4012.0,0,1,3032.25
550,trace_offer,5,LBNL_VLAN3002.1,1,7,25.3336
550,trace_offer,0,VLAN4012.0,0,1,3040.84
547,receive,1,VLAN4012.1,0,0,3032.25
547,receive,1,VLAN4012.1,0,0,3032.25
547,receive,7,LBNL_VLAN3001.1,3,5,31.5412
550,send,5,LBNL_VLAN3002.1,1,7,25.3336
550,send,0,VLAN4012.0,0,1,3040.84
551,trace_offer,5,LBNL_VLAN3002.1,1,7,25.3336
551,trace_offer,0,VLAN4012.0,0,1,3040.84
551,send,5,LBNL_VLAN3002.1,1,7,25.3336
551,send,0,VLAN4012.0,0,1,3040.84
552,trace_offer,0,VLAN4012.0,0,1,3040.84
552,trace_offer,5,LBNL_VLAN3002.1,1,7,25.3336
549,receive,7,LBNL_VLAN3001.1,3,5,31.5412
549,receive,1,VLAN4012.1,0,0,3040.84
552,send,5,LBNL_VLAN3002.1,1,7,25.3336
552,send,0,VLAN4012.0,0,1,3040.84
553,trace_offer,0,VLAN4012.0,0,1,3040.84
553,trace_offer,5,LBNL_VLAN3002.1,1,7,25.3336
550,receive,1,VLAN4012.1,0,0,3040.84
550,receive,7,LBNL_VLAN3001.1,3,5,56.8748
553,send,5,LBNL_VLAN3002.1,1,7,25.3336
553,send,0,VLAN4012.0,0,1,3040.84
554,trace_offer,0,VLAN4012.0,0,1,3040.84
554,trace_offer,5,LBNL_VLAN3002.1,1,7,25.3336
551,receive,7,LBNL_VLAN3001.1,3,5,25.3336
551,receive,1,VLAN4012.1,0,0,3040.84
554,send,0,VLAN4012.0,0,1,3040.84
554,send,5,LBNL_VLAN3002.1,1,7,25.3336
555,trace_offer,5,LBNL_VLAN3002.1,1,7,25.3336
555,trace_offer,0,VLAN4012.0,0,1,3040.84
552,receive,1,VLAN4012.1,0,0,3040.84
555,send,5,LBNL_VLAN3002.1,1,7,25.3336
555,send,0,VLAN4012.0,0,1,3040.84
556,trace_offer,0,VLAN4012.0,0,1,3040.84
556,trace_offer,5,LBNL_VLAN3002.1,1,7,25.3336
553,receive,1,VLAN4012.1,0,0,3040.84
553,receive,7,LBNL_VLAN3001.1,3,5,25.3336
556,send,0,VLAN4012.0,0,1,3040.84
556,send,5,LBNL_VLAN3002.1,1,7,25.3336
557,trace_offer,5,LBNL_VLAN3002.1,1,7,25.3336
557,trace_offer,0,VLAN4012.0,0,1,3040.84
554,receive,1,VLAN4012.1,0,0,3040.84
554,receive,7,LBNL_VLAN3001.1,3,5,25.3336
557,send,0,VLAN4012.0,0,1,3040.84
557,send,5,LBNL_VLAN3002.1,1,7,25.3336
558,trace_offer,0,VLAN4012.0,0,1,3040.84
558,trace_offer,5,LBNL_VLAN3002.1,1,7,25.3336
555,receive,7,LBNL_VLAN3001.1,3,5,25.3336
555,receive,1,VLAN4012.1,0,0,3040.84
555,receive,1,VLAN4012.1,0,0,3040.84
558,send,0,VLAN4012.0,0,1,3040.84
558,send,5,LBNL_VLAN3002.1,1,7,25.3336
559,trace_offer,5,LBNL_VLAN3002.1,1,7,25.3336
559,trace_offer,0,VLAN4012.0,0,1,3040.84
556,receive,7,LBNL_VLAN3001.1,3,5,50.6672
559,send,0,VLAN4012.0,0,1,3040.84
559,send,5,LBNL_VLAN3002.1,1,7,25.3336
560,trace_offer,5,LBNL_VLAN3002.1,1,7,31.7928
560,trace_offer,0,VLAN4012.0,0,1,2997.89
557,receive,7,LBNL_VLAN3001.1,3,5,25.3336
557,receive,1,VLAN4012.1,0,0,3040.84
557,receive,1,VLAN4012.1,0,0,3040.84
560,send,0,VLAN4012.0,0,1,2997.89
560,send,5,LBNL_VLAN3002.1,1,7,31.7928
561,trace_offer,0,VLAN4012.0,0,1,2997.89
561,trace_offer,5,LBNL_VLAN3002.1,1,7,31.7928
561,send,5,LBNL_VLAN3002.1,1,7,31.7928
561,send,0,VLAN4012.0,0,1,2997.89
562,trace_offer,5,LBNL_VLAN3002.1,1,7,31.7928
562,trace_offer,0,VLAN4012.0,0,1,2997.89
559,receive,1,VLAN4012.1,0,0,2997.89
559,receive,7,LBNL_VLAN3001.1,3,5,50.6672
562,send,5,LBNL_VLAN3002.1,1,7,31.7928
562,send,0,VLAN4012.0,0,1,2997.89
563,trace_offer,5,LBNL_VLAN3002.1,1,7,31.7928
563,trace_offer,0,VLAN4012.0,0,1,2997.89
560,receive,1,VLAN4012.1,0,0,2997.89
560,receive,1,VLAN4012.1,0,0,2997.89
560,receive,7,LBNL_VLAN3001.1,3,5,31.7928
563,send,5,LBNL_VLAN3002.1,1,7,31.7928
563,send,0,VLAN4012.0,0,1,2997.89
564,trace_offer,0,VLAN4012.0,0,1,2997.89
564,trace_offer,5,LBNL_VLAN3002.1,1,7,31.7928
564,send,0,VLAN4012.0,0,1,2997.89
564,send,5,LBNL_VLAN3002.1,1,7,31.7928
565,trace_offer,5,LBNL_VLAN3002.1,1,7,31.7928
565,trace_offer,0,VLAN4012.0,0,1,2997.89
562,receive,7,LBNL_VLAN3001.1,3,5,31.7928
562,receive,1,VLAN4012.1,0,0,2997.89
565,send,0,VLAN4012.0,0,1,2997.89
565,send,5,LBNL_VLAN3002.1,1,7,31.7928
566,trace_offer,5,LBNL_VLAN3002.1,1,7,31.7928
566,trace_offer,0,VLAN4012.0,0,1,2997.89
563,receive,1,VLAN4012.1,0,0,2997.89
563,receive,7,LBNL_VLAN3001.1,3,5,31.7928
566,send,5,LBNL_VLAN3002.1,1,7,31.7928
566,send,0,VLAN4012.0,0,1,2997.89
567,trace_offer,5,LBNL_VLAN3002.1,1,7,31.7928
567,trace_offer,0,VLAN4012.0,0,1,2997.89
564,receive,1,VLAN4012.1,0,0,2997.89
564,receive,7,LBNL_VLAN3001.1,3,5,31.7928
564,receive,1,VLAN4012.1,0,0,2997.89
567,send,0,VLAN4012.0,0,1,2997.89
567,send,5,LBNL_VLAN3002.1,1,7,31.7928
568,trace_offer,0,VLAN4012.0,0,1,2997.89
568,trace_offer,5,LBNL_VLAN3002.1,1,7,31.7928
565,receive,7,LBNL_VLAN3001.1,3,5,63.5856
568,send,0,VLAN4012.0,0,1,2997.89
568,send,5,LBNL_VLAN3002.1,1,7,31.7928
569,trace_offer,5,LBNL_VLAN3002.1,1,7,31.7928
569,trace_offer,0,VLAN4012.0,0,1,2997.89
566,receive,7,LBNL_VLAN3001.1,3,5,31.7928
566,receive,1,VLAN4012.1,0,0,2997.89
569,send,5,LBNL_VLAN3002.1,1,7,31.7928
569,send,0,VLAN4012.0,0,1,2997.89
570,trace_offer,5,LBNL_VLAN3002.1,1,7,25.1658
570,trace_offer,0,VLAN4012.0,0,1,2997.89
567,receive,1,VLAN4012.1,0,0,2997.89
567,receive,1,VLAN4012.1,0,0,2997.89
570,send,5,LBNL_VLAN3002.1,1,7,25.1658
570,send,0,VLAN4012.0,0,1,2997.89
571,trace_offer,5,LBNL_VLAN3002.1,1,7,25.1658
571,trace_offer,0,VLAN4012.0,0,1,2997.89
568,receive,7,LBNL_VLAN3001.1,3,5,31.7928
568,receive,1,VLAN4012.1,0,0,2997.89
571,send,5,LBNL_VLAN3002.1,1,7,25.1658
571,send,0,VLAN4012.0,0,1,2997.89
572,trace_offer,5,LBNL_VLAN3002.1,1,7,25.1658
572,trace_offer,0,VLAN4012.0,0,1,2997.89
569,receive,7,LBNL_VLAN3001.1,3,5,63.5856
572,send,5,LBNL_VLAN3002.1,1,7,25.1658
572,send,0,VLAN4012.0,0,1,2997.89
573,trace_offer,5,LBNL_VLAN3002.1,1,7,25.1658
573,trace_offer,0,VLAN4012.0,0,1,2997.89
570,receive,1,VLAN4012.1,0,0,2997.89
570,receive,1,VLAN4012.1,0,0,2997.89
573,send,0,VLAN4012.0,0,1,2997.89
573,send,5,LBNL_VLAN3002.1,1,7,25.1658
574,trace_offer,0,VLAN4012.0,0,1,2997.89
574,trace_offer,5,LBNL_VLAN3002.1,1,7,25.1658
571,receive,7,LBNL_VLAN3001.1,3,5,25.1658
574,send,0,VLAN4012.0,0,1,2997.89
574,send,5,LBNL_VLAN3002.1,1,7,25.1658
575,trace_offer,5,LBNL_VLAN3002.1,1,7,25.1658
575,trace_offer,0,VLAN4012.0,0,1,2997.89
572,receive,1,VLAN4012.1,0,0,2997.89
572,receive,1,VLAN4012.1,0,0,2997.89
572,receive,7,LBNL_VLAN3001.1,3,5,25.1658
575,send,0,VLAN4012.0,0,1,2997.89
575,send,5,LBNL_VLAN3002.1,1,7,25.1658
576,trace_offer,5,LBNL_VLAN3002.1,1,7,25.1658
576,trace_offer,0,VLAN4012.0,0,1,2997.89
573,receive,7,LBNL_VLAN3001.1,3,5,25.1658
573,receive,1,VLAN4012.1,0,0,2997.89
576,send,0,VLAN4012.0,0,1,2997.89
576,send,5,LBNL_VLAN3002.1,1,7,25.1658
577,trace_offer,0,VLAN4012.0,0,1,2997.89
577,trace_offer,5,LBNL_VLAN3002.1,1,7,25.1658
574,receive,7,LBNL_VLAN3001.1,3,5,25.1658
577,send,0,VLAN4012.0,0,1,2997.89
577,send,5,LBNL_VLAN3002.1,1,7,25.1658
578,trace_offer,0,VLAN4012.0,0,1,2997.89
578,trace_offer,5,LBNL_VLAN3002.1,1,7,25.1658
575,receive,1,VLAN4012.1,0,0,2997.89
575,receive,7,LBNL_VLAN3001.1,3,5,50.3316
578,send,0,VLAN4012.0,0,1,2997.89
578,send,5,LBNL_VLAN3002.1,1,7,25.1658
579,trace_offer,5,LBNL_VLAN3002.1,1,7,25.1658
579,trace_offer,0,VLAN4012.0,0,1,2997.89
576,receive,1,VLAN4012.1,0,0,2997.89
576,receive,7,LBNL_VLAN3001.1,3,5,25.1658
579,send,0,VLAN4012.0,0,1,2997.89
579,send,5,LBNL_VLAN3002.1,1,7,25.1658
580,trace_offer,0,VLAN4012.0,0,1,2980.71
580,trace_offer,5,LBNL_VLAN3002.1,1,7,31.5412
577,receive,1,VLAN4012.1,0,0,2997.89
577,receive,1,VLAN4012.1,0,0,2997.89
580,send,0,VLAN4012.0,0,1,2980.71
580,send,5,LBNL_VLAN3002.1,1,7,31.5412
581,trace_offer,0,VLAN4012.0,0,1,2980.71
581,trace_offer,5,LBNL_VLAN3002.1,1,7,31.5412
578,receive,1,VLAN4012.1,0,0,2980.71
578,receive,7,LBNL_VLAN3001.1,3,5,25.1658
581,send,5,LBNL_VLAN3002.1,1,7,31.5412
581,send,0,VLAN4012.0,0,1,2980.71
582,trace_offer,5,LBNL_VLAN3002.1,1,7,31.5412
582,trace_offer,0,VLAN4012.0,0,1,2980.71
579,receive,7,LBNL_VLAN3001.1,3,5,25.1658
582,send,5,LBNL_VLAN3002.1,1,7,31.5412
582,send,0,VLAN4012.0,0,1,2980.71
583,trace_offer,5,LBNL_VLAN3002.1,1,7,31.5412
583,trace_offer,0,VLAN4012.0,0,1,2980.71
580,receive,7,LBNL_VLAN3001.1,3,5,56.707
580,receive,1,VLAN4012.1,0,0,2980.71
580,receive,1,VLAN4012.1,0,0,2980.71
583,send,5,LBNL_VLAN3002.1,1,7,31.5412
583,send,0,VLAN4012.0,0,1,2980.71
584,trace_offer,5,LBNL_VLAN3002.1,1,7,31.5412
584,trace_offer,0,VLAN4012.0,0,1,2980.71
581,receive,7,LBNL_VLAN3001.1,3,5,31.5412
584,send,0,VLAN4012.0,0,1,2980.71
584,send,5,LBNL_VLAN3002.1,1,7,31.5412
585,trace_offer,0,VLAN4012.0,0,1,2980.71
585,trace_offer,5,LBNL_VLAN3002.1,1,7,31.5412
582,receive,1,VLAN4012.1,0,0,2980.71
582,receive,7,LBNL_VLAN3001.1,3,5,31.5412
585,send,5,LBNL_VLAN3002.1,1,7,31.5412
585,send,0,VLAN4012.0,0,1,2980.71
586,trace_offer,0,VLAN4012.0,0,1,2980.71
586,trace_offer,5,LBNL_VLAN3002.1,1,7,31.5412
583,receive,1,VLAN4012.1,0,0,2980.71
586,send,0,VLAN4012.0,0,1,2980.71
586,send,5,LBNL_VLAN3002.1,1,7,31.5412
587,trace_offer,5,LBNL_VLAN3002.1,1,7,31.5412
587,trace_offer,0,VLAN4012.0,0,1,2980.71
584,receive,7,LBNL_VLAN3001.1,3,5,31.5412
584,receive,1,VLAN4012.1,0,0,2980.71
584,receive,1,VLAN4012.1,0,0,2980.71
587,send,0,VLAN4012.0,0,1,2980.71
587,send,5,LBNL_VLAN3002.1,1,7,31.5412
588,trace_offer,5,LBNL_VLAN3002.1,1,7,31.5412
588,trace_offer,0,VLAN4012.0,0,1,2980.71
585,receive,1,VLAN4012.1,0,0,2980.71
585,receive,7,LBNL_VLAN3001.1,3,5,31.5412
588,send,5,LBNL_VLAN3002.1,1,7,31.5412
588,send,0,VLAN4012.0,0,1,2980.71
589,trace_offer,5,LBNL_VLAN3002.1,1,7,31.5412
589,trace_offer,0,VLAN4012.0,0,1,2980.71
586,receive,7,LBNL_VLAN3001.1,3,5,63.0823
589,send,5,LBNL_VLAN3002.1,1,7,31.5412
589,send,0,VLAN4012.0,0,1,2980.71
590,trace_offer,5,LBNL_VLAN3002.1,1,7,25.1658
590,trace_offer,0,VLAN4012.0,0,1,2980.71
587,receive,7,LBNL_VLAN3001.1,3,5,31.5412
587,receive,1,VLAN4012.1,0,0,2980.71
590,send,5,LBNL_VLAN3002.1,1,7,25.1658
590,send,0,VLAN4012.0,0,1,2980.71
591,trace_offer,0,VLAN4012.0,0,1,2980.71
591,trace_offer,5,LBNL_VLAN3002.1,1,7,25.1658
588,receive,1,VLAN4012.1,0,0,2980.71
588,receive,1,VLAN4012.1,0,0,2980.71
591,send,5,LBNL_VLAN3002.1,1,7,25.1658
591,send,0,VLAN4012.0,0,1,2980.71
592,trace_offer,0,VLAN4012.0,0,1,2980.71
592,trace_offer,5,LBNL_VLAN3002.1,1,7,25.1658
589,receive,7,LBNL_VLAN3001.1,3,5,63.0823
592,send,5,LBNL_VLAN3002.1,1,7,25.1658
592,send,0,VLAN4012.0,0,1,2980.71
593,trace_offer,0,VLAN4012.0,0,1,2980.71
593,trace_offer,5,LBNL_VLAN3002.1,1,7,25.1658
590,receive,1,VLAN4012.1,0,0,2980.71
590,receive,7,LBNL_VLAN3001.1,3,5,25.1658
593,send,5,LBNL_VLAN3002.1,1,7,25.1658
593,send,0,VLAN4012.0,0,1,2980.71
594,trace_offer,0,VLAN4012.0,0,1,2980.71
594,trace_offer,5,LBNL_VLAN3002.1,1,7,25.1658
591,receive,1,VLAN4012.1,0,0,2980.71
591,receive,7,LBNL_VLAN3001.1,3,5,25.1658
594,send,5,LBNL_VLAN3002.1,1,7,25.1658
594,send,0,VLAN4012.0,0,1,2980.71
595,trace_offer,5,LBNL_VLAN3002.1,1,7,25.1658
595,trace_offer,0,VLAN4012.0,0,1,2980.71
592,receive,1,VLAN4012.1,0,0,2980.71
592,receive,1,VLAN4012.1,0,0,2980.71
595,send,0,VLAN4012.0,0,1,2980.71
595,send,5,LBNL_VLAN3002.1,1,7,25.1658
596,trace_offer,0,VLAN4012.0,0,1,2980.71
596,trace_offer,5,LBNL_VLAN3002.1,1,7,25.1658
593,receive,1,VLAN4012.1,0,0,2980.71
593,receive,7,LBNL_VLAN3001.1,3,5,25.1658
596,send,0,VLAN4012.0,0,1,2980.71
596,send,5,LBNL_VLAN3002.1,1,7,25.1658
597,trace_offer,0,VLAN4012.0,0,1,2980.71
597,trace_offer,5,LBNL_VLAN3002.1,1,7,25.1658
594,receive,7,LBNL_VLAN3001.1,3,5,25.1658
597,send,0,VLAN4012.0,0,1,2980.71
597,send,5,LBNL_VLAN3002.1,1,7,25.1658
598,trace_offer,0,VLAN4012.0,0,1,2980.71
598,trace_offer,5,LBNL_VLAN3002.1,1,7,25.1658
595,receive,1,VLAN4012.1,0,0,2980.71
595,receive,7,LBNL_VLAN3001.1,3,5,25.1658
595,receive,1,VLAN4012.1,0,0,2980.71
598,send,5,LBNL_VLAN3002.1,1,7,25.1658
598,send,0,VLAN4012.0,0,1,2980.71
599,trace_offer,0,VLAN4012.0,0,1,2980.71
599,trace_offer,5,LBNL_VLAN3002.1,1,7,25.1658
596,receive,7,LBNL_VLAN3001.1,3,5,25.1658
599,send,5,LBNL_VLAN3002.1,1,7,25.1658
599,send,0,VLAN4012.0,0,1,2980.71
600,trace_offer,5,LBNL_VLAN3002.1,1,7,31.7089
600,trace_offer,0,VLAN4012.0,0,1,2963.53
597,receive,7,LBNL_VLAN3001.1,3,5,50.3316
597,receive,1,VLAN4012.1,0,0,2980.71
597,receive,1,VLAN4012.1,0,0,2980.71
600,send,5,LBNL_VLAN3002.1,1,7,31.7089
600,send,0,VLAN4012.0,0,1,2963.53
601,trace_offer,5,LBNL_VLAN3002.1,1,7,31.7089
601,trace_offer,0,VLAN4012.0,0,1,2963.53
598,receive,1,VLAN4012.1,0,0,2963.53
601,send,5,LBNL_VLAN3002.1,1,7,31.7089
601,send,0,VLAN4012.0,0,1,2963.53
602,trace_offer,5,LBNL_VLAN3002.1,1,7,31.7089
602,trace_offer,0,VLAN4012.0,0,1,2963.53
599,receive,7,LBNL_VLAN3001.1,3,5,25.1658
602,send,5,LBNL_VLAN3002.1,1,7,31.7089
602,send,0,VLAN4012.0,0,1,2963.53
603,trace_offer,0,VLAN4012.0,0,1,2963.53
603,trace_offer,5,LBNL_VLAN3002.1,1,7,31.7089
600,receive,7,LBNL_VLAN3001.1,3,5,56.8748
600,receive,1,VLAN4012.1,0,0,2963.53
603,send,5,LBNL_VLAN3002.1,1,7,31.7089
603,send,0,VLAN4012.0,0,1,2963.53
604,trace_offer,5,LBNL_VLAN3002.1,1,7,31.7089
604,trace_offer,0,VLAN4012.0,0,1,2963.53
601,receive,1,VLAN4012.1,0,0,2963.53
604,send,0,VLAN4012.0,0,1,2963.53
604,send,5,LBNL_VLAN3002.1,1,7,31.7089
605,trace_offer,5,LBNL_VLAN3002.1,1,7,31.7089
605,trace_offer,0,VLAN4012.0,0,1,2963.53
602,receive,1,VLAN4012.1,0,0,2963.53
602,receive,7,LBNL_VLAN3001.1,3,5,31.7089
602,receive,1,VLAN4012.1,0,0,2963.53
605,send,0,VLAN4012.0,0,1,2963.53
605,send,5,LBNL_VLAN3002.1,1,7,31.7089
606,trace_offer,0,VLAN4012.0,0,1,2963.53
606,trace_offer,5,LBNL_VLAN3002.1,1,7,31.7089
603,receive,7,LBNL_VLAN3001.1,3,5,31.7089
603,receive,1,VLAN4012.1,0,0,2963.53
606,send,0,VLAN4012.0,0,1,2963.53
606,send,5,LBNL_VLAN3002.1,1,7,31.7089
607,trace_offer,5,LBNL_VLAN3002.1,1,7,31.7089
607,trace_offer,0,VLAN4012.0,0,1,2963.53
604,receive,1,VLAN4012.1,0,0,2963.53
604,receive,7,LBNL_VLAN3001.1,3,5,63.4179
607,send,5,LBNL_VLAN3002.1,1,7,31.7089
607,send,0,VLAN4012.0,0,1,2963.53
608,trace_offer,5,LBNL_VLAN3002.1,1,7,31.7089
608,trace_offer,0,VLAN4012.0,0,1,2963.53
605,receive,1,VLAN4012.1,0,0,2963.53
605,receive,7,LBNL_VLAN3001.1,3,5,31.7089
608,send,5,LBNL_VLAN3002.1,1,7,31.7089
608,send,0,VLAN4012.0,0,1,2963.53
609,trace_offer,5,LBNL_VLAN3002.1,1,7,31.7089
609,trace_offer,0,VLAN4012.0,0,1,2963.53
606,receive,7,LBNL_VLAN3001.1,3,5,31.7089
609,send,5,LBNL_VLAN3002.1,1,7,31.7089
609,send,0,VLAN4012.0,0,1,2963.53
610,trace_offer,5,LBNL_VLAN3002.1,1,7,25.3336
610,trace_offer,0,VLAN4012.0,0,1,2980.71
607,receive,1,VLAN4012.1,0,0,2963.53
607,receive,7,LBNL_VLAN3001.1,3,5,31.7089
607,receive,1,VLAN4012.1,0,0,2963.53
610,send,0,VLAN4012.0,0,1,2980.71
610,send,5,LBNL_VLAN3002.1,1,7,25.3336
611,trace_offer,5,LBNL_VLAN3002.1,1,7,25.3336
611,trace_offer,0,VLAN4012.0,0,1,2980.71
608,receive,1,VLAN4012.1,0,0,2980.71
611,send,5,LBNL_VLAN3002.1,1,7,25.3336
611,send,0,VLAN4012.0,0,1,2980.71
612,trace_offer,5,LBNL_VLAN3002.1,1,7,25.3336
612,trace_offer,0,VLAN4012.0,0,1,2980.71
609,receive,1,VLAN4012.1,0,0,2980.71
609,receive,7,LBNL_VLAN3001.1,3,5,31.7089
612,send,0,VLAN4012.0,0,1,2980.71
612,send,5,LBNL_VLAN3002.1,1,7,25.3336
613,trace_offer,5,LBNL_VLAN3002.1,1,7,25.3336
613,trace_offer,0,VLAN4012.0,0,1,2980.71
610,receive,7,LBNL_VLAN3001.1,3,5,31.7089
613,send,5,LBNL_VLAN3002.1,1,7,25.3336
613,send,0,VLAN4012.0,0,1,2980.71
614,trace_offer,0,VLAN4012.0,0,1,2980.71
614,trace_offer,5,LBNL_VLAN3002.1,1,7,25.3336
611,receive,1,VLAN4012.1,0,0,2980.71
611,receive,7,LBNL_VLAN3001.1,3,5,50.6672
614,send,5,LBNL_VLAN3002.1,1,7,25.3336
614,send,0,VLAN4012.0,0,1,2980.71
615,trace_offer,5,LBNL_VLAN3002.1,1,7,25.3336
615,trace_offer,0,VLAN4012.0,0,1,2980.71
612,receive,1,VLAN4012.1,0,0,2980.71
612,receive,1,VLAN4012.1,0,0,2980.71
612,receive,7,LBNL_VLAN3001.1,3,5,25.3336
615,send,5,LBNL_VLAN3002.1,1,7,25.3336
615,send,0,VLAN4012.0,0,1,2980.71
616,trace_offer,0,VLAN4012.0,0,1,2980.71
616,trace_offer,5,LBNL_VLAN3002.1,1,7,25.3336
616,send,5,LBNL_VLAN3002.1,1,7,25.3336
616,send,0,VLAN4012.0,0,1,2980.71
617,trace_offer,5,LBNL_VLAN3002.1,1,7,25.3336
617,trace_offer,0,VLAN4012.0,0,1,2980.71
614,receive,1,VLAN4012.1,0,0,2980.71
614,receive,1,VLAN4012.1,0,0,2980.71
614,receive,7,LBNL_VLAN3001.1,3,5,25.3336
617,send,5,LBNL_VLAN3002.1,1,7,25.3336
617,send,0,VLAN4012.0,0,1,2980.71
618,trace_offer,0,VLAN4012.0,0,1,2980.71
618,trace_offer,5,LBNL_VLAN3002.1,1,7,25.3336
615,receive,7,LBNL_VLAN3001.1,3,5,50.6672
615,receive,1,VLAN4012.1,0,0,2980.71
618,send,0,VLAN4012.0,0,1,2980.71
618,send,5,LBNL_VLAN3002.1,1,7,25.3336
619,trace_offer,0,VLAN4012.0,0,1,2980.71
619,trace_offer,5,LBNL_VLAN3002.1,1,7,25.3336
619,send,0,VLAN4012.0,0,1,2980.71
619,send,5,LBNL_VLAN3002.1,1,7,25.3336
620,trace_offer,5,LBNL_VLAN3002.1,1,7,31.7928
620,trace_offer,0,VLAN4012.0,0,1,2980.71
617,receive,7,LBNL_VLAN3001.1,3,5,25.3336
617,receive,1,VLAN4012.1,0,0,2980.71
617,receive,1,VLAN4012.1,0,0,2980.71
620,send,5,LBNL_VLAN3002.1,1,7,31.7928
620,send,0,VLAN4012.0,0,1,2980.71
621,trace_offer,5,LBNL_VLAN3002.1,1,7,31.7928
621,trace_offer,0,VLAN4012.0,0,1,2980.71
618,receive,7,LBNL_VLAN3001.1,3,5,25.3336
618,receive,1,VLAN4012.1,0,0,2980.71
621,send,5,LBNL_VLAN3002.1,1,7,31.7928
621,send,0,VLAN4012.0,0,1,2980.71
622,trace_offer,0,VLAN4012.0,0,1,2980.71
622,trace_offer,5,LBNL_VLAN3002.1,1,7,31.7928
619,receive,7,LBNL_VLAN3001.1,3,5,50.6672
622,send,0,VLAN4012.0,0,1,2980.71
622,send,5,LBNL_VLAN3002.1,1,7,31.7928
623,trace_offer,0,VLAN4012.0,0,1,2980.71
623,trace_offer,5,LBNL_VLAN3002.1,1,7,31.7928
620,receive,1,VLAN4012.1,0,0,2980.71
620,receive,7,LBNL_VLAN3001.1,3,5,31.7928
620,receive,1,VLAN4012.1,0,0,2980.71
623,send,0,VLAN4012.0,0,1,2980.71
623,send,5,LBNL_VLAN3002.1,1,7,31.7928
624,trace_offer,0,VLAN4012.0,0,1,2980.71
624,trace_offer,5,LBNL_VLAN3002.1,1,7,31.7928
621,receive,7,LBNL_VLAN3001.1,3,5,31.7928
624,send,5,LBNL_VLAN3002.1,1,7,31.7928
624,send,0,VLAN4012.0,0,1,2980.71
625,trace_offer,0,VLAN4012.0,0,1,2980.71
625,trace_offer,5,LBNL_VLAN3002.1,1,7,31.7928
622,receive,1,VLAN4012.1,0,0,2980.71
622,receive,1,VLAN4012.1,0,0,2980.71
625,send,0,VLAN4012.0,0,1,2980.71
625,send,5,LBNL_VLAN3002.1,1,7,31.7928
626,trace_offer,0,VLAN4012.0,0,1,2980.71
626,trace_offer,5,LBNL_VLAN3002.1,1,7,31.7928
623,receive,1,VLAN4012.1,0,0,2980.71
623,receive,7,LBNL_VLAN3001.1,3,5,31.7928
626,send,5,LBNL_VLAN3002.1,1,7,31.7928
626,send,0,VLAN4012.0,0,1,2980.71
627,trace_offer,5,LBNL_VLAN3002.1,1,7,31.7928
627,trace_offer,0,VLAN4012.0,0,1,2980.71
624,receive,7,LBNL_VLAN3001.1,3,5,31.7928
627,send,5,LBNL_VLAN3002.1,1,7,31.7928
627,send,0,VLAN4012.0,0,1,2980.71
628,trace_offer,0,VLAN4012.0,0,1,2980.71
628,trace_offer,5,LBNL_VLAN3002.1,1,7,31.7928
625,receive,7,LBNL_VLAN3001.1,3,5,63.5856
625,receive,1,VLAN4012.1,0,0,2980.71
625,receive,1,VLAN4012.1,0,0,2980.71
628,send,5,LBNL_VLAN3002.1,1,7,31.7928
628,send,0,VLAN4012.0,0,1,2980.71
629,trace_offer,0,VLAN4012.0,0,1,2980.71
629,trace_offer,5,LBNL_VLAN3002.1,1,7,31.7928
626,receive,7,LBNL_VLAN3001.1,3,5,31.7928
629,send,0,VLAN4012.0,0,1,2980.71
629,send,5,LBNL_VLAN3002.1,1,7,31.7928
630,trace_offer,5,LBNL_VLAN3002.1,1,7,25.3336
630,trace_offer,0,VLAN4012.0,0,1,2980.71
627,receive,7,LBNL_VLAN3001.1,3,5,31.7928
627,receive,1,VLAN4012.1,0,0,2980.71
630,send,0,VLAN4012.0,0,1,2980.71
630,send,5,LBNL_VLAN3002.1,1,7,25.3336
631,trace_offer,0,VLAN4012.0,0,1,2980.71
631,trace_offer,5,LBNL_VLAN3002.1,1,7,25.3336
628,receive,1,VLAN4012.1,0,0,2980.71
628,receive,1,VLAN4012.1,0,0,2980.71
631,send,5,LBNL_VLAN3002.1,1,7,25.3336
631,send,0,VLAN4012.0,0,1,2980.71
632,trace_offer,0,VLAN4012.0,0,1,2980.71
632,trace_offer,5,LBNL_VLAN3002.1,1,7,25.3336
629,receive,1,VLAN4012.1,0,0,2980.71
629,receive,7,LBNL_VLAN3001.1,3,5,31.7928
632,send,0,VLAN4012.0,0,1,2980.71
632,send,5,LBNL_VLAN3002.1,1,7,25.3336
633,trace_offer,0,VLAN4012.0,0,1,2980.71
633,trace_offer,5,LBNL_VLAN3002.1,1,7,25.3336
630,receive,1,VLAN4012.1,0,0,2980.71
630,receive,7,LBNL_VLAN3001.1,3,5,57.1264
633,send,5,LBNL_VLAN3002.1,1,7,25.3336
633,send,0,VLAN4012.0,0,1,2980.71
634,trace_offer,0,VLAN4012.0,0,1,2980.71
634,trace_offer,5,LBNL_VLAN3002.1,1,7,25.3336
634,send,5,LBNL_VLAN3002.1,1,7,25.3336
634,send,0,VLAN4012.0,0,1,2980.71
635,trace_offer,0,VLAN4012.0,0,1,2980.71
635,trace_offer,5,LBNL_VLAN3002.1,1,7,25.3336
632,receive,7,LBNL_VLAN3001.1,3,5,25.3336
632,receive,1,VLAN4012.1,0,0,2980.71
635,send,5,LBNL_VLAN3002.1,1,7,25.3336
635,send,0,VLAN4012.0,0,1,2980.71
636,trace_offer,5,LBNL_VLAN3002.1,1,7,25.3336
636,trace_offer,0,VLAN4012.0,0,1,2980.71
633,receive,1,VLAN4012.1,0,0,2980.71
633,receive,7,LBNL_VLAN3001.1,3,5,25.3336
636,send,5,LBNL_VLAN3002.1,1,7,25.3336
636,send,0,VLAN4012.0,0,1,2980.71
637,trace_offer,0,VLAN4012.0,0,1,2980.71
637,trace_offer,5,LBNL_VLAN3002.1,1,7,25.3336
634,receive,1,VLAN4012.1,0,0,2980.71
634,receive,7,LBNL_VLAN3001.1,3,5,25.3336
637,send,0,VLAN4012.0,0,1,2980.71
637,send,5,LBNL_VLAN3002.1,1,7,25.3336
638,trace_offer,5,LBNL_VLAN3002.1,1,7,25.3336
638,trace_offer,0,VLAN4012.0,0,1,2980.71
635,receive,7,LBNL_VLAN3001.1,3,5,25.3336
635,receive,1,VLAN4012.1,0,0,2980.71
638,send,0,VLAN4012.0,0,1,2980.71
638,send,5,LBNL_VLAN3002.1,1,7,25.3336
639,trace_offer,0,VLAN4012.0,0,1,2980.71
639,trace_offer,5,LBNL_VLAN3002.1,1,7,25.3336
636,receive,7,LBNL_VLAN3001.1,3,5,25.3336
636,receive,1,VLAN4012.1,0,0,2980.71
639,send,5,LBNL_VLAN3002.1,1,7,25.3336
639,send,0,VLAN4012.0,0,1,2980.71
640,trace_offer,5,LBNL_VLAN3002.1,1,7,25.2497
640,trace_offer,0,VLAN4012.0,0,1,2963.53
637,receive,7,LBNL_VLAN3001.1,3,5,50.6672
637,receive,1,VLAN4012.1,0,0,2980.71
637,receive,1,VLAN4012.1,0,0,2980.71
640,send,0,VLAN4012.0,0,1,2963.53
640,send,5,LBNL_VLAN3002.1,1,7,25.2497
641,trace_offer,0,VLAN4012.0,0,1,2963.53
641,trace_offer,5,LBNL_VLAN3002.1,1,7,25.2497
641,send,5,LBNL_VLAN3002.1,1,7,25.2497
641,send,0,VLAN4012.0,0,1,2963.53
642,trace_offer,5,LBNL_VLAN3002.1,1,7,25.2497
642,trace_offer,0,VLAN4012.0,0,1,2963.53
639,receive,1,VLAN4012.1,0,0,2963.53
639,receive,1,VLAN4012.1,0,0,2963.53
639,receive,7,LBNL_VLAN3001.1,3,5,50.6672
642,send,5,LBNL_VLAN3002.1,1,7,25.2497
642,send,0,VLAN4012.0,0,1,2963.53
643,trace_offer,0,VLAN4012.0,0,1,2963.53
643,trace_offer,5,LBNL_VLAN3002.1,1,7,25.2497
640,receive,1,VLAN4012.1,0,0,2963.53
643,send,5,LBNL_VLAN3002.1,1,7,25.2497
643,send,0,VLAN4012.0,0,1,2963.53
644,trace_offer,5,LBNL_VLAN3002.1,1,7,25.2497
644,trace_offer,0,VLAN4012.0,0,1,2963.53
641,receive,7,LBNL_VLAN3001.1,3,5,50.4994
644,send,5,LBNL_VLAN3002.1,1,7,25.2497
644,send,0,VLAN4012.0,0,1,2963.53
645,trace_offer,5,LBNL_VLAN3002.1,1,7,25.2497
645,trace_offer,0,VLAN4012.0,0,1,2963.53
642,receive,7,LBNL_VLAN3001.1,3,5,25.2497
642,receive,1,VLAN4012.1,0,0,2963.53
645,send,5,LBNL_VLAN3002.1,1,7,25.2497
645,send,0,VLAN4012.0,0,1,2963.53
646,trace_offer,0,VLAN4012.0,0,1,2963.53
646,trace_offer,5,LBNL_VLAN3002.1,1,7,25.2497
643,receive,1,VLAN4012.1,0,0,2963.53
646,send,5,LBNL_VLAN3002.1,1,7,25.2497
646,send,0,VLAN4012.0,0,1,2963.53
647,trace_offer,5,LBNL_VLAN3002.1,1,7,25.2497
647,trace_offer,0,VLAN4012.0,0,1,2963.53
644,receive,7,LBNL_VLAN3001.1,3,5,25.2497
644,receive,1,VLAN4012.1,0,0,2963.53
647,send,0,VLAN4012.0,0,1,2963.53
647,send,5,LBNL_VLAN3002.1,1,7,25.2497
648,trace_offer,5,LBNL_VLAN3002.1,1,7,25.2497
648,trace_offer,0,VLAN4012.0,0,1,2963.53
645,receive,7,LBNL_VLAN3001.1,3,5,25.2497
645,receive,1,VLAN4012.1,0,0,2963.53
648,send,0,VLAN4012.0,0,1,2963.53
648,send,5,LBNL_VLAN3002.1,1,7,25.2497
649,trace_offer,0,VLAN4012.0,0,1,2963.53
649,trace_offer,5,LBNL_VLAN3002.1,1,7,25.2497
646,receive,7,LBNL_VLAN3001.1,3,5,25.2497
646,receive,1,VLAN4012.1,0,0,2963.53
649,send,5,LBNL_VLAN3002.1,1,7,25.2497
649,send,0,VLAN4012.0,0,1,2963.53
650,trace_offer,0,VLAN4012.0,0,1,2946.35
650,trace_offer,5,LBNL_VLAN3002.1,1,7,31.7928
647,receive,1,VLAN4012.1,0,0,2963.53
647,receive,7,LBNL_VLAN3001.1,3,5,50.4994
650,send,0,VLAN4012.0,0,1,2946.35
650,send,5,LBNL_VLAN3002.1,1,7,31.7928
651,trace_offer,5,LBNL_VLAN3002.1,1,7,31.7928
651,trace_offer,0,VLAN4012.0,0,1,2946.35
648,receive,1,VLAN4012.1,0,0,2963.53
651,send,5,LBNL_VLAN3002.1,1,7,31.7928
651,send,0,VLAN4012.0,0,1,2946.35
652,trace_offer,5,LBNL_VLAN3002.1,1,7,31.7928
652,trace_offer,0,VLAN4012.0,0,1,2946.35
649,receive,1,VLAN4012.1,0,0,2946.35
649,receive,7,LBNL_VLAN3001.1,3,5,25.2497
652,send,5,LBNL_VLAN3002.1,1,7,31.7928
652,send,0,VLAN4012.0,0,1,2946.35
653,trace_offer,5,LBNL_VLAN3002.1,1,7,31.7928
653,trace_offer,0,VLAN4012.0,0,1,2946.35
650,receive,1,VLAN4012.1,0,0,2946.35
650,receive,7,LBNL_VLAN3001.1,3,5,25.2497
650,receive,1,VLAN4012.1,0,0,2946.35
653,send,0,VLAN4012.0,0,1,2946.35
653,send,5,LBNL_VLAN3002.1,1,7,31.7928
654,trace_offer,0,VLAN4012.0,0,1,2946.35
654,trace_offer,5,LBNL_VLAN3002.1,1,7,31.7928
651,receive,7,LBNL_VLAN3001.1,3,5,31.7928
654,send,5,LBNL_VLAN3002.1,1,7,31.7928
654,send,0,VLAN4012.0,0,1,2946.35
655,trace_offer,0,VLAN4012.0,0,1,2946.35
655,trace_offer,5,LBNL_VLAN3002.1,1,7,31.7928
652,receive,1,VLAN4012.1,0,0,2946.35
652,receive,7,LBNL_VLAN3001.1,3,5,31.7928
655,send,0,VLAN4012.0,0,1,2946.35
655,send,5,LBNL_VLAN3002.1,1,7,31.7928
656,trace_offer,0,VLAN4012.0,0,1,2946.35
656,trace_offer,5,LBNL_VLAN3002.1,1,7,31.7928
653,receive,7,LBNL_VLAN3001.1,3,5,31.7928
653,receive,1,VLAN4012.1,0,0,2946.35
656,send,0,VLAN4012.0,0,1,2946.35
656,send,5,LBNL_VLAN3002.1,1,7,31.7928
657,trace_offer,5,LBNL_VLAN3002.1,1,7,31.7928
657,trace_offer,0,VLAN4012.0,0,1,2946.35
654,receive,1,VLAN4012.1,0,0,2946.35
654,receive,7,LBNL_VLAN3001.1,3,5,31.7928
657,send,5,LBNL_VLAN3002.1,1,7,31.7928
657,send,0,VLAN4012.0,0,1,2946.35
658,trace_offer,5,LBNL_VLAN3002.1,1,7,31.7928
658,trace_offer,0,VLAN4012.0,0,1,2946.35
655,receive,1,VLAN4012.1,0,0,2946.35
655,receive,1,VLAN4012.1,0,0,2946.35
655,receive,7,LBNL_VLAN3001.1,3,5,31.7928
658,send,0,VLAN4012.0,0,1,2946.35
658,send,5,LBNL_VLAN3002.1,1,7,31.7928
659,trace_offer,5,LBNL_VLAN3002.1,1,7,31.7928
659,trace_offer,0,VLAN4012.0,0,1,2946.35
656,receive,7,LBNL_VLAN3001.1,3,5,31.7928
659,send,5,LBNL_VLAN3002.1,1,7,31.7928
659,send,0,VLAN4012.0,0,1,2946.35
660,trace_offer,5,LBNL_VLAN3002.1,1,7,31.7928
660,trace_offer,0,VLAN4012.0,0,1,2937.76
657,receive,7,LBNL_VLAN3001.1,3,5,63.5856
657,receive,1,VLAN4012.1,0,0,2946.35
660,send,0,VLAN4012.0,0,1,2937.76
660,send,5,LBNL_VLAN3002.1,1,7,31.7928
661,trace_offer,0,VLAN4012.0,0,1,2937.76
661,trace_offer,5,LBNL_VLAN3002.1,1,7,31.7928
658,receive,1,VLAN4012.1,0,0,2946.35
661,send,0,VLAN4012.0,0,1,2937.76
661,send,5,LBNL_VLAN3002.1,1,7,31.7928
662,trace_offer,0,VLAN4012.0,0,1,2937.76
662,trace_offer,5,LBNL_VLAN3002.1,1,7,31.7928
659,receive,7,LBNL_VLAN3001.1,3,5,63.5856
659,receive,1,VLAN4012.1,0,0,2937.76
662,send,5,LBNL_VLAN3002.1,1,7,31.7928
662,send,0,VLAN4012.0,0,1,2937.76
663,trace_offer,5,LBNL_VLAN3002.1,1,7,31.7928
663,trace_offer,0,VLAN4012.0,0,1,2937.76
660,receive,1,VLAN4012.1,0,0,2937.76
660,receive,1,VLAN4012.1,0,0,2937.76
663,send,5,LBNL_VLAN3002.1,1,7,31.7928
663,send,0,VLAN4012.0,0,1,2937.76
664,trace_offer,0,VLAN4012.0,0,1,2937.76
664,trace_offer,5,LBNL_VLAN3002.1,1,7,31.7928
661,receive,7,LBNL_VLAN3001.1,3,5,31.7928
664,send,5,LBNL_VLAN3002.1,1,7,31.7928
664,send,0,VLAN4012.0,0,1,2937.76
665,trace_offer,5,LBNL_VLAN3002.1,1,7,31.7928
665,trace_offer,0,VLAN4012.0,0,1,2937.76
662,receive,7,LBNL_VLAN3001.1,3,5,31.7928
662,receive,1,VLAN4012.1,0,0,2937.76
665,send,0,VLAN4012.0,0,1,2937.76
665,send,5,LBNL_VLAN3002.1,1,7,31.7928
666,trace_offer,5,LBNL_VLAN3002.1,1,7,31.7928
666,trace_offer,0,VLAN4012.0,0,1,2937.76
663,receive,7,LBNL_VLAN3001.1,3,5,31.7928
663,receive,1,VLAN4012.1,0,0,2937.76
666,send,0,VLAN4012.0,0,1,2937.76
666,send,5,LBNL_VLAN3002.1,1,7,31.7928
667,trace_offer,0,VLAN4012.0,0,1,2937.76
667,trace_offer,5,LBNL_VLAN3002.1,1,7,31.7928
664,receive,1,VLAN4012.1,0,0,2937.76
664,receive,7,LBNL_VLAN3001.1,3,5,63.5856
667,send,0,VLAN4012.0,0,1,2937.76
667,send,5,LBNL_VLAN3002.1,1,7,31.7928
668,trace_offer,5,LBNL_VLAN3002.1,1,7,31.7928
668,trace_offer,0,VLAN4012.0,0,1,2937.76
665,receive,1,VLAN4012.1,0,0,2937.76
665,receive,1,VLAN4012.1,0,0,2937.76
668,send,0,VLAN4012.0,0,1,2937.76
668,send,5,LBNL_VLAN3002.1,1,7,31.7928
669,trace_offer,5,LBNL_VLAN3002.1,1,7,31.7928
669,trace_offer,0,VLAN4012.0,0,1,2937.76
666,receive,7,LBNL_VLAN3001.1,3,5,31.7928
669,send,5,LBNL_VLAN3002.1,1,7,31.7928
669,send,0,VLAN4012.0,0,1,2937.76
670,trace_offer,5,LBNL_VLAN3002.1,1,7,25.1658
670,trace_offer,0,VLAN4012.0,0,1,2937.76
667,receive,1,VLAN4012.1,0,0,2937.76
667,receive,7,LBNL_VLAN3001.1,3,5,31.7928
670,send,5,LBNL_VLAN3002.1,1,7,25.1658
670,send,0,VLAN4012.0,0,1,2937.76
671,trace_offer,0,VLAN4012.0,0,1,2937.76
671,trace_offer,5,LBNL_VLAN3002.1,1,7,25.1658
668,receive,1,VLAN4012.1,0,0,2937.76
668,receive,7,LBNL_VLAN3001.1,3,5,31.7928
671,send,5,LBNL_VLAN3002.1,1,7,25.1658
671,send,0,VLAN4012.0,0,1,2937.76
672,trace_offer,0,VLAN4012.0,0,1,2937.76
672,trace_offer,5,LBNL_VLAN3002.1,1,7,25.1658
669,receive,7,LBNL_VLAN3001.1,3,5,31.7928
669,receive,1,VLAN4012.1,0,0,2937.76
672,send,0,VLAN4012.0,0,1,2937.76
672,send,5,LBNL_VLAN3002.1,1,7,25.1658
673,trace_offer,0,VLAN4012.0,0,1,2937.76
673,trace_offer,5,LBNL_VLAN3002.1,1,7,25.1658
670,receive,1,VLAN4012.1,0,0,2937.76
670,receive,7,LBNL_VLAN3001.1,3,5,31.7928
670,receive,1,VLAN4012.1,0,0,2937.76
673,send,5,LBNL_VLAN3002.1,1,7,25.1658
673,send,0,VLAN4012.0,0,1,2937.76
674,trace_offer,0,VLAN4012.0,0,1,2937.76
674,trace_offer,5,LBNL_VLAN3002.1,1,7,25.1658
671,receive,7,LBNL_VLAN3001.1,3,5,25.1658
674,send,5,LBNL_VLAN3002.1,1,7,25.1658
674,send,0,VLAN4012.0,0,1,2937.76
675,trace_offer,5,LBNL_VLAN3002.1,1,7,25.1658
675,trace_offer,0,VLAN4012.0,0,1,2937.76
672,receive,1,VLAN4012.1,0,0,2937.76
672,receive,7,LBNL_VLAN3001.1,3,5,25.1658
675,send,0,VLAN4012.0,0,1,2937.76
675,send,5,LBNL_VLAN3002.1,1,7,25.1658
676,trace_offer,0,VLAN4012.0,0,1,2937.76
676,trace_offer,5,LBNL_VLAN3002.1,1,7,25.1658
673,receive,7,LBNL_VLAN3001.1,3,5,25.1658
673,receive,1,VLAN4012.1,0,0,2937.76
676,send,5,LBNL_VLAN3002.1,1,7,25.1658
676,send,0,VLAN4012.0,0,1,2937.76
677,trace_offer,0,VLAN4012.0,0,1,2937.76
677,trace_offer,5,LBNL_VLAN3002.1,1,7,25.1658
674,receive,7,LBNL_VLAN3001.1,3,5,50.3316
674,receive,1,VLAN4012.1,0,0,2937.76
677,send,0,VLAN4012.0,0,1,2937.76
677,send,5,LBNL_VLAN3002.1,1,7,25.1658
678,trace_offer,0,VLAN4012.0,0,1,2937.76
678,trace_offer,5,LBNL_VLAN3002.1,1,7,25.1658
675,receive,1,VLAN4012.1,0,0,2937.76
675,receive,1,VLAN4012.1,0,0,2937.76
678,send,0,VLAN4012.0,0,1,2937.76
678,send,5,LBNL_VLAN3002.1,1,7,25.1658
679,trace_offer,5,LBNL_VLAN3002.1,1,7,25.1658
679,trace_offer,0,VLAN4012.0,0,1,2937.76
676,receive,7,LBNL_VLAN3001.1,3,5,25.1658
679,send,0,VLAN4012.0,0,1,2937.76
679,send,5,LBNL_VLAN3002.1,1,7,25.1658
680,trace_offer,5,LBNL_VLAN3002.1,1,7,25.2497
680,trace_offer,0,VLAN4012.0,0,1,2946.35
677,receive,1,VLAN4012.1,0,0,2937.76
677,receive,7,LBNL_VLAN3001.1,3,5,25.1658
677,receive,1,VLAN4012.1,0,0,2937.76
680,send,5,LBNL_VLAN3002.1,1,7,25.2497
680,send,0,VLAN4012.0,0,1,2946.35
681,trace_offer,0,VLAN4012.0,0,1,2946.35
681,trace_offer,5,LBNL_VLAN3002.1,1,7,25.2497
678,receive,7,LBNL_VLAN3001.1,3,5,25.1658
681,send,0,VLAN4012.0,0,1,2946.35
681,send,5,LBNL_VLAN3002.1,1,7,25.2497
682,trace_offer,0,VLAN4012.0,0,1,2946.35
682,trace_offer,5,LBNL_VLAN3002.1,1,7,25.2497
679,receive,7,LBNL_VLAN3001.1,3,5,25.1658
679,receive,1,VLAN4012.1,0,0,2946.35
682,send,5,LBNL_VLAN3002.1,1,7,25.2497
682,send,0,VLAN4012.0,0,1,2946.35
683,trace_offer,0,VLAN4012.0,0,1,2946.35
683,trace_offer,5,LBNL_VLAN3002.1,1,7,25.2497
680,receive,1,VLAN4012.1,0,0,2946.35
680,receive,7,LBNL_VLAN3001.1,3,5,25.1658
680,receive,1,VLAN4012.1,0,0,2946.35
683,send,0,VLAN4012.0,0,1,2946.35
683,send,5,LBNL_VLAN3002.1,1,7,25.2497
684,trace_offer,5,LBNL_VLAN3002.1,1,7,25.2497
684,trace_offer,0,VLAN4012.0,0,1,2946.35
681,receive,7,LBNL_VLAN3001.1,3,5,25.2497
684,send,5,LBNL_VLAN3002.1,1,7,25.2497
684,send,0,VLAN4012.0,0,1,2946.35
685,trace_offer,5,LBNL_VLAN3002.1,1,7,25.2497
685,trace_offer,0,VLAN4012.0,0,1,2946.35
682,receive,1,VLAN4012.1,0,0,2946.35
682,receive,7,LBNL_VLAN3001.1,3,5,25.2497
682,receive,1,VLAN4012.1,0,0,2946.35
685,send,0,VLAN4012.0,0,1,2946.35
685,send,5,LBNL_VLAN3002.1,1,7,25.2497
686,trace_offer,0,VLAN4012.0,0,1,2946.35
686,trace_offer,5,LBNL_VLAN3002.1,1,7,25.2497
683,receive,7,LBNL_VLAN3001.1,3,5,25.2497
686,send,5,LBNL_VLAN3002.1,1,7,25.2497
686,send,0,VLAN4012.0,0,1,2946.35
687,trace_offer,0,VLAN4012.0,0,1,2946.35
687,trace_offer,5,LBNL_VLAN3002.1,1,7,25.2497
684,receive,1,VLAN4012.1,0,0,2946.35
684,receive,7,LBNL_VLAN3001.1,3,5,50.4994
687,send,0,VLAN4012.0,0,1,2946.35
687,send,5,LBNL_VLAN3002.1,1,7,25.2497
688,trace_offer,0,VLAN4012.0,0,1,2946.35
688,trace_offer,5,LBNL_VLAN3002.1,1,7,25.2497
685,receive,1,VLAN4012.1,0,0,2946.35
685,receive,1,VLAN4012.1,0,0,2946.35
688,send,5,LBNL_VLAN3002.1,1,7,25.2497
688,send,0,VLAN4012.0,0,1,2946.35
689,trace_offer,0,VLAN4012.0,0,1,2946.35
689,trace_offer,5,LBNL_VLAN3002.1,1,7,25.2497
686,receive,7,LBNL_VLAN3001.1,3,5,25.2497
689,send,0,VLAN4012.0,0,1,2946.35
689,send,5,LBNL_VLAN3002.1,1,7,25.2497
690,trace_offer,0,VLAN4012.0,0,1,2954.94
690,trace_offer,5,LBNL_VLAN3002.1,1,7,31.5412
687,receive,1,VLAN4012.1,0,0,2946.35
687,receive,1,VLAN4012.1,0,0,2946.35
687,receive,7,LBNL_VLAN3001.1,3,5,50.4994
690,send,5,LBNL_VLAN3002.1,1,7,31.5412
690,send,0,VLAN4012.0,0,1,2954.94
691,trace_offer,0,VLAN4012.0,0,1,2954.94
691,trace_offer,5,LBNL_VLAN3002.1,1,7,31.5412
691,send,5,LBNL_VLAN3002.1,1,7,31.5412
691,send,0,VLAN4012.0,0,1,2954.94
692,trace_offer,0,VLAN4012.0,0,1,2954.94
692,trace_offer,5,LBNL_VLAN3002.1,1,7,31.5412
689,receive,7,LBNL_VLAN3001.1,3,5,50.4994
689,receive,1,VLAN4012.1,0,0,2954.94
692,send,0,VLAN4012.0,0,1,2954.94
692,send,5,LBNL_VLAN3002.1,1,7,31.5412
693,trace_offer,5,LBNL_VLAN3002.1,1,7,31.5412
693,trace_offer,0,VLAN4012.0,0,1,2954.94
690,receive,1,VLAN4012.1,0,0,2954.94
690,receive,1,VLAN4012.1,0,0,2954.94
693,send,0,VLAN4012.0,0,1,2954.94
693,send,5,LBNL_VLAN3002.1,1,7,31.5412
694,trace_offer,0,VLAN4012.0,0,1,2954.94
694,trace_offer,5,LBNL_VLAN3002.1,1,7,31.5412
691,receive,7,LBNL_VLAN3001.1,3,5,31.5412
694,send,5,LBNL_VLAN3002.1,1,7,31.5412
694,send,0,VLAN4012.0,0,1,2954.94
695,trace_offer,5,LBNL_VLAN3002.1,1,7,31.5412
695,trace_offer,0,VLAN4012.0,0,1,2954.94
692,receive,1,VLAN4012.1,0,0,2954.94
692,receive,1,VLAN4012.1,0,0,2954.94
692,receive,7,LBNL_VLAN3001.1,3,5,31.5412
695,send,0,VLAN4012.0,0,1,2954.94
695,send,5,LBNL_VLAN3002.1,1,7,31.5412
696,trace_offer,0,VLAN4012.0,0,1,2954.94
696,trace_offer,5,LBNL_VLAN3002.1,1,7,31.5412
693,receive,7,LBNL_VLAN3001.1,3,5,31.5412
696,send,0,VLAN4012.0,0,1,2954.94
696,send,5,LBNL_VLAN3002.1,1,7,31.5412
697,trace_offer,0,VLAN4012.0,0,1,2954.94
697,trace_offer,5,LBNL_VLAN3002.1,1,7,31.5412
694,receive,1,VLAN4012.1,0,0,2954.94
694,receive,7,LBNL_VLAN3001.1,3,5,31.5412
697,send,0,VLAN4012.0,0,1,2954.94
697,send,5,LBNL_VLAN3002.1,1,7,31.5412
698,trace_offer,5,LBNL_VLAN3002.1,1,7,31.5412
698,trace_offer,0,VLAN4012.0,0,1,2954.94
695,receive,1,VLAN4012.1,0,0,2954.94
695,receive,7,LBNL_VLAN3001.1,3,5,31.5412
698,send,0,VLAN4012.0,0,1,2954.94
698,send,5,LBNL_VLAN3002.1,1,7,31.5412
699,trace_offer,0,VLAN4012.0,0,1,2954.94
699,trace_offer,5,LBNL_VLAN3002.1,1,7,31.5412
696,receive,7,LBNL_VLAN3001.1,3,5,31.5412
696,receive,1,VLAN4012.1,0,0,2954.94
699,send,0,VLAN4012.0,0,1,2954.94
699,send,5,LBNL_VLAN3002.1,1,7,31.5412
700,trace_offer,0,VLAN4012.0,0,1,2972.12
700,trace_offer,5,LBNL_VLAN3002.1,1,7,25.2497
697,receive,1,VLAN4012.1,0,0,2954.94
697,receive,7,LBNL_VLAN3001.1,3,5,63.0823
700,send,5,LBNL_VLAN3002.1,1,7,25.2497
700,send,0,VLAN4012.0,0,1,2972.12
701,trace_offer,0,VLAN4012.0,0,1,2972.12
701,trace_offer,5,LBNL_VLAN3002.1,1,7,25.2497
698,receive,1,VLAN4012.1,0,0,2954.94
701,send,0,VLAN4012.0,0,1,2972.12
701,send,5,LBNL_VLAN3002.1,1,7,25.2497
702,trace_offer,5,LBNL_VLAN3002.1,1,7,25.2497
702,trace_offer,0,VLAN4012.0,0,1,2972.12
699,receive,1,VLAN4012.1,0,0,2972.12
699,receive,7,LBNL_VLAN3001.1,3,5,63.0823
702,send,0,VLAN4012.0,0,1,2972.12
702,send,5,LBNL_VLAN3002.1,1,7,25.2497
703,trace_offer,5,LBNL_VLAN3002.1,1,7,25.2497
703,trace_offer,0,VLAN4012.0,0,1,2972.12
700,receive,1,VLAN4012.1,0,0,2972.12
703,send,5,LBNL_VLAN3002.1,1,7,25.2497
703,send,0,VLAN4012.0,0,1,2972.12
704,trace_offer,5,LBNL_VLAN3002.1,1,7,25.2497
704,trace_offer,0,VLAN4012.0,0,1,2972.12
701,receive,1,VLAN4012.1,0,0,2972.12
701,receive,7,LBNL_VLAN3001.1,3,5,25.2497
704,send,5,LBNL_VLAN3002.1,1,7,25.2497
704,send,0,VLAN4012.0,0,1,2972.12
705,trace_offer,0,VLAN4012.0,0,1,2972.12
705,trace_offer,5,LBNL_VLAN3002.1,1,7,25.2497
702,receive,1,VLAN4012.1,0,0,2972.12
702,receive,7,LBNL_VLAN3001.1,3,5,25.2497
705,send,5,LBNL_VLAN3002.1,1,7,25.2497
705,send,0,VLAN4012.0,0,1,2972.12
706,trace_offer,0,VLAN4012.0,0,1,2972.12
706,trace_offer,5,LBNL_VLAN3002.1,1,7,25.2497
703,receive,1,VLAN4012.1,0,0,2972.12
703,receive,7,LBNL_VLAN3001.1,3,5,25.2497
706,send,5,LBNL_VLAN3002.1,1,7,25.2497
706,send,0,VLAN4012.0,0,1,2972.12
707,trace_offer,0,VLAN4012.0,0,1,2972.12
707,trace_offer,5,LBNL_VLAN3002.1,1,7,25.2497
704,receive,1,VLAN4012.1,0,0,2972.12
704,receive,7,LBNL_VLAN3001.1,3,5,50.4994
707,send,5,LBNL_VLAN3002.1,1,7,25.2497
707,send,0,VLAN4012.0,0,1,2972.12
708,trace_offer,5,LBNL_VLAN3002.1,1,7,25.2497
708,trace_offer,0,VLAN4012.0,0,1,2972.12
705,receive,1,VLAN4012.1,0,0,2972.12
705,receive,1,VLAN4012.1,0,0,2972.12
708,send,5,LBNL_VLAN3002.1,1,7,25.2497
708,send,0,VLAN4012.0,0,1,2972.12
709,trace_offer,5,LBNL_VLAN3002.1,1,7,25.2497
709,trace_offer,0,VLAN4012.0,0,1,2972.12
706,receive,7,LBNL_VLAN3001.1,3,5,25.2497
709,send,0,VLAN4012.0,0,1,2972.12
709,send,5,LBNL_VLAN3002.1,1,7,25.2497
710,trace_offer,5,LBNL_VLAN3002.1,1,7,31.5412
710,trace_offer,0,VLAN4012.0,0,1,2972.12
707,receive,7,LBNL_VLAN3001.1,3,5,25.2497
707,receive,1,VLAN4012.1,0,0,2972.12
707,receive,1,VLAN4012.1,0,0,2972.12
710,send,5,LBNL_VLAN3002.1,1,7,31.5412
710,send,0,VLAN4012.0,0,1,2972.12
711,trace_offer,0,VLAN4012.0,0,1,2972.12
711,trace_offer,5,LBNL_VLAN3002.1,1,7,31.5412
708,receive,7,LBNL_VLAN3001.1,3,5,25.2497
711,send,5,LBNL_VLAN3002.1,1,7,31.5412
711,send,0,VLAN4012.0,0,1,2972.12
712,trace_offer,0,VLAN4012.0,0,1,2972.12
712,trace_offer,5,LBNL_VLAN3002.1,1,7,31.5412
709,receive,1,VLAN4012.1,0,0,2972.12
709,receive,7,LBNL_VLAN3001.1,3,5,25.2497
712,send,5,LBNL_VLAN3002.1,1,7,31.5412
712,send,0,VLAN4012.0,0,1,2972.12
713,trace_offer,0,VLAN4012.0,0,1,2972.12
713,trace_offer,5,LBNL_VLAN3002.1,1,7,31.5412
710,receive,1,VLAN4012.1,0,0,2972.12
710,receive,7,LBNL_VLAN3001.1,3,5,25.2497
713,send,0,VLAN4012.0,0,1,2972.12
713,send,5,LBNL_VLAN3002.1,1,7,31.5412
714,trace_offer,5,LBNL_VLAN3002.1,1,7,31.5412
714,trace_offer,0,VLAN4012.0,0,1,2972.12
711,receive,7,LBNL_VLAN3001.1,3,5,31.5412
711,receive,1,VLAN4012.1,0,0,2972.12
714,send,0,VLAN4012.0,0,1,2972.12
714,send,5,LBNL_VLAN3002.1,1,7,31.5412
715,trace_offer,0,VLAN4012.0,0,1,2972.12
715,trace_offer,5,LBNL_VLAN3002.1,1,7,31.5412
712,receive,1,VLAN4012.1,0,0,2972.12
712,receive,7,LBNL_VLAN3001.1,3,5,31.5412
715,send,5,LBNL_VLAN3002.1,1,7,31.5412
715,send,0,VLAN4012.0,0,1,2972.12
716,trace_offer,0,VLAN4012.0,0,1,2972.12
716,trace_offer,5,LBNL_VLAN3002.1,1,7,31.5412
713,receive,7,LBNL_VLAN3001.1,3,5,31.5412
713,receive,1,VLAN4012.1,0,0,2972.12
716,send,5,LBNL_VLAN3002.1,1,7,31.5412
716,send,0,VLAN4012.0,0,1,2972.12
717,trace_offer,5,LBNL_VLAN3002.1,1,7,31.5412
717,trace_offer,0,VLAN4012.0,0,1,2972.12
714,receive,1,VLAN4012.1,0,0,2972.12
714,receive,7,LBNL_VLAN3001.1,3,5,31.5412
717,send,5,LBNL_VLAN3002.1,1,7,31.5412
717,send,0,VLAN4012.0,0,1,2972.12
718,trace_offer,0,VLAN4012.0,0,1,2972.12
718,trace_offer,5,LBNL_VLAN3002.1,1,7,31.5412
715,receive,7,LBNL_VLAN3001.1,3,5,31.5412
715,receive,1,VLAN4012.1,0,0,2972.12
718,send,5,LBNL_VLAN3002.1,1,7,31.5412
718,send,0,VLAN4012.0,0,1,2972.12
719,trace_offer,0,VLAN4012.0,0,1,2972.12
719,trace_offer,5,LBNL_VLAN3002.1,1,7,31.5412
716,receive,7,LBNL_VLAN3001.1,3,5,31.5412
716,receive,1,VLAN4012.1,0,0,2972.12
719,send,0,VLAN4012.0,0,1,2972.12
719,send,5,LBNL_VLAN3002.1,1,7,31.5412
720,trace_offer,0,VLAN4012.0,0,1,2989.3
720,trace_offer,5,LBNL_VLAN3002.1,1,7,25.3336
717,receive,1,VLAN4012.1,0,0,2972.12
717,receive,7,LBNL_VLAN3001.1,3,5,31.5412
720,send,5,LBNL_VLAN3002.1,1,7,25.3336
720,send,0,VLAN4012.0,0,1,2989.3
721,trace_offer,0,VLAN4012.0,0,1,2989.3
721,trace_offer,5,LBNL_VLAN3002.1,1,7,25.3336
718,receive,1,VLAN4012.1,0,0,2972.12
718,receive,7,LBNL_VLAN3001.1,3,5,31.5412
721,send,0,VLAN4012.0,0,1,2989.3
721,send,5,LBNL_VLAN3002.1,1,7,25.3336
722,trace_offer,5,LBNL_VLAN3002.1,1,7,25.3336
722,trace_offer,0,VLAN4012.0,0,1,2989.3
719,receive,7,LBNL_VLAN3001.1,3,5,31.5412
719,receive,1,VLAN4012.1,0,0,2989.3
722,send,0,VLAN4012.0,0,1,2989.3
722,send,5,LBNL_VLAN3002.1,1,7,25.3336
723,trace_offer,0,VLAN4012.0,0,1,2989.3
723,trace_offer,5,LBNL_VLAN3002.1,1,7,25.3336
720,receive,1,VLAN4012.1,0,0,2989.3
720,receive,7,LBNL_VLAN3001.1,3,5,31.5412
723,send,0,VLAN4012.0,0,1,2989.3
723,send,5,LBNL_VLAN3002.1,1,7,25.3336
724,trace_offer,5,LBNL_VLAN3002.1,1,7,25.3336
724,trace_offer,0,VLAN4012.0,0,1,2989.3
721,receive,7,LBNL_VLAN3001.1,3,5,25.3336
721,receive,1,VLAN4012.1,0,0,2989.3
724,send,0,VLAN4012.0,0,1,2989.3
724,send,5,LBNL_VLAN3002.1,1,7,25.3336
725,trace_offer,0,VLAN4012.0,0,1,2989.3
725,trace_offer,5,LBNL_VLAN3002.1,1,7,25.3336
722,receive,1,VLAN4012.1,0,0,2989.3
722,receive,1,VLAN4012.1,0,0,2989.3
722,receive,7,LBNL_VLAN3001.1,3,5,25.3336
725,send,0,VLAN4012.0,0,1,2989.3
725,send,5,LBNL_VLAN3002.1,1,7,25.3336
726,trace_offer,0,VLAN4012.0,0,1,2989.3
726,trace_offer,5,LBNL_VLAN3002.1,1,7,25.3336
723,receive,7,LBNL_VLAN3001.1,3,5,25.3336
726,send,0,VLAN4012.0,0,1,2989.3
726,send,5,LBNL_VLAN3002.1,1,7,25.3336
727,trace_offer,5,LBNL_VLAN3002.1,1,7,25.3336
727,trace_offer,0,VLAN4012.0,0,1,2989.3
724,receive,1,VLAN4012.1,0,0,2989.3
724,receive,7,LBNL_VLAN3001.1,3,5,50.6672
727,send,5,LBNL_VLAN3002.1,1,7,25.3336
727,send,0,VLAN4012.0,0,1,2989.3
728,trace_offer,5,LBNL_VLAN3002.1,1,7,25.3336
728,trace_offer,0,VLAN4012.0,0,1,2989.3
725,receive,1,VLAN4012.1,0,0,2989.3
728,send,5,LBNL_VLAN3002.1,1,7,25.3336
728,send,0,VLAN4012.0,0,1,2989.3
729,trace_offer,5,LBNL_VLAN3002.1,1,7,25.3336
729,trace_offer,0,VLAN4012.0,0,1,2989.3
726,receive,1,VLAN4012.1,0,0,2989.3
726,receive,7,LBNL_VLAN3001.1,3,5,25.3336
729,send,0,VLAN4012.0,0,1,2989.3
729,send,5,LBNL_VLAN3002.1,1,7,25.3336
730,trace_offer,0,VLAN4012.0,0,1,2963.53
730,trace_offer,5,LBNL_VLAN3002.1,1,7,31.7089
727,receive,1,VLAN4012.1,0,0,2989.3
727,receive,7,LBNL_VLAN3001.1,3,5,50.6672
727,receive,1,VLAN4012.1,0,0,2989.3
730,send,5,LBNL_VLAN3002.1,1,7,31.7089
730,send,0,VLAN4012.0,0,1,2963.53
731,trace_offer,0,VLAN4012.0,0,1,2963.53
731,trace_offer,5,LBNL_VLAN3002.1,1,7,31.7089
731,send,5,LBNL_VLAN3002.1,1,7,31.7089
731,send,0,VLAN4012.0,0,1,2963.53
732,trace_offer,0,VLAN4012.0,0,1,2963.53
732,trace_offer,5,LBNL_VLAN3002.1,1,7,31.7089
729,receive,1,VLAN4012.1,0,0,2963.53
729,receive,7,LBNL_VLAN3001.1,3,5,25.3336
732,send,0,VLAN4012.0,0,1,2963.53
732,send,5,LBNL_VLAN3002.1,1,7,31.7089
733,trace_offer,5,LBNL_VLAN3002.1,1,7,31.7089
733,trace_offer,0,VLAN4012.0,0,1,2963.53
730,receive,7,LBNL_VLAN3001.1,3,5,25.3336
730,receive,1,VLAN4012.1,0,0,2963.53
730,receive,1,VLAN4012.1,0,0,2963.53
733,send,5,LBNL_VLAN3002.1,1,7,31.7089
733,send,0,VLAN4012.0,0,1,2963.53
734,trace_offer,5,LBNL_VLAN3002.1,1,7,31.7089
734,trace_offer,0,VLAN4012.0,0,1,2963.53
731,receive,7,LBNL_VLAN3001.1,3,5,31.7089
734,send,0,VLAN4012.0,0,1,2963.53
734,send,5,LBNL_VLAN3002.1,1,7,31.7089
735,trace_offer,0,VLAN4012.0,0,1,2963.53
735,trace_offer,5,LBNL_VLAN3002.1,1,7,31.7089
732,receive,7,LBNL_VLAN3001.1,3,5,31.7089
732,receive,1,VLAN4012.1,0,0,2963.53
732,receive,1,VLAN4012.1,0,0,2963.53
735,send,0,VLAN4012.0,0,1,2963.53
735,send,5,LBNL_VLAN3002.1,1,7,31.7089
736,trace_offer,0,VLAN4012.0,0,1,2963.53
736,trace_offer,5,LBNL_VLAN3002.1,1,7,31.7089
733,receive,7,LBNL_VLAN3001.1,3,5,31.7089
736,send,0,VLAN4012.0,0,1,2963.53
736,send,5,LBNL_VLAN3002.1,1,7,31.7089
737,trace_offer,5,LBNL_VLAN3002.1,1,7,31.7089
737,trace_offer,0,VLAN4012.0,0,1,2963.53
734,receive,1,VLAN4012.1,0,0,2963.53
734,receive,7,LBNL_VLAN3001.1,3,5,31.7089
737,send,5,LBNL_VLAN3002.1,1,7,31.7089
737,send,0,VLAN4012.0,0,1,2963.53
738,trace_offer,5,LBNL_VLAN3002.1,1,7,31.7089
738,trace_offer,0,VLAN4012.0,0,1,2963.53
735,receive,1,VLAN4012.1,0,0,2963.53
735,receive,7,LBNL_VLAN3001.1,3,5,31.7089
738,send,5,LBNL_VLAN3002.1,1,7,31.7089
738,send,0,VLAN4012.0,0,1,2963.53
739,trace_offer,0,VLAN4012.0,0,1,2963.53
739,trace_offer,5,LBNL_VLAN3002.1,1,7,31.7089
736,receive,7,LBNL_VLAN3001.1,3,5,31.7089
736,receive,1,VLAN4012.1,0,0,2963.53
739,send,5,LBNL_VLAN3002.1,1,7,31.7089
739,send,0,VLAN4012.0,0,1,2963.53
740,trace_offer,0,VLAN4012.0,0,1,2972.12
740,trace_offer,5,LBNL_VLAN3002.1,1,7,25.1658
737,receive,7,LBNL_VLAN3001.1,3,5,31.7089
737,receive,1,VLAN4012.1,0,0,2963.53
740,send,5,LBNL_VLAN3002.1,1,7,25.1658
740,send,0,VLAN4012.0,0,1,2972.12
741,trace_offer,0,VLAN4012.0,0,1,2972.12
741,trace_offer,5,LBNL_VLAN3002.1,1,7,25.1658
738,receive,7,LBNL_VLAN3001.1,3,5,31.7089
738,receive,1,VLAN4012.1,0,0,2963.53
741,send,5,LBNL_VLAN3002.1,1,7,25.1658
741,send,0,VLAN4012.0,0,1,2972.12
742,trace_offer,0,VLAN4012.0,0,1,2972.12
742,trace_offer,5,LBNL_VLAN3002.1,1,7,25.1658
739,receive,7,LBNL_VLAN3001.1,3,5,63.4179
739,receive,1,VLAN4012.1,0,0,2972.12
742,send,0,VLAN4012.0,0,1,2972.12
742,send,5,LBNL_VLAN3002.1,1,7,25.1658
743,trace_offer,5,LBNL_VLAN3002.1,1,7,25.1658
743,trace_offer,0,VLAN4012.0,0,1,2972.12
740,receive,1,VLAN4012.1,0,0,2972.12
740,receive,1,VLAN4012.1,0,0,2972.12
743,send,5,LBNL_VLAN3002.1,1,7,25.1658
743,send,0,VLAN4012.0,0,1,2972.12
744,trace_offer,5,LBNL_VLAN3002.1,1,7,25.1658
744,trace_offer,0,VLAN4012.0,0,1,2972.12
741,receive,7,LBNL_VLAN3001.1,3,5,25.1658
744,send,5,LBNL_VLAN3002.1,1,7,25.1658
744,send,0,VLAN4012.0,0,1,2972.12
745,trace_offer,5,LBNL_VLAN3002.1,1,7,25.1658
745,trace_offer,0,VLAN4012.0,0,1,2972.12
742,receive,1,VLAN4012.1,0,0,2972.12
742,receive,7,LBNL_VLAN3001.1,3,5,25.1658
742,receive,1,VLAN4012.1,0,0,2972.12
745,send,5,LBNL_VLAN3002.1,1,7,25.1658
745,send,0,VLAN4012.0,0,1,2972.12
746,trace_offer,0,VLAN4012.0,0,1,2972.12
746,trace_offer,5,LBNL_VLAN3002.1,1,7,25.1658
743,receive,7,LBNL_VLAN3001.1,3,5,25.1658
746,send,0,VLAN4012.0,0,1,2972.12
746,send,5,LBNL_VLAN3002.1,1,7,25.1658
747,trace_offer,0,VLAN4012.0,0,1,2972.12
747,trace_offer,5,LBNL_VLAN3002.1,1,7,25.1658
744,receive,7,LBNL_VLAN3001.1,3,5,25.1658
744,receive,1,VLAN4012.1,0,0,2972.12
747,send,5,LBNL_VLAN3002.1,1,7,25.1658
747,send,0,VLAN4012.0,0,1,2972.12
748,trace_offer,5,LBNL_VLAN3002.1,1,7,25.1658
748,trace_offer,0,VLAN4012.0,0,1,2972.12
745,receive,7,LBNL_VLAN3001.1,3,5,25.1658
745,receive,1,VLAN4012.1,0,0,2972.12
748,send,0,VLAN4012.0,0,1,2972.12
748,send,5,LBNL_VLAN3002.1,1,7,25.1658
749,trace_offer,5,LBNL_VLAN3002.1,1,7,25.1658
749,trace_offer,0,VLAN4012.0,0,1,2972.12
746,receive,1,VLAN4012.1,0,0,2972.12
746,receive,7,LBNL_VLAN3001.1,3,5,25.1658
749,send,0,VLAN4012.0,0,1,2972.12
749,send,5,LBNL_VLAN3002.1,1,7,25.1658
750,trace_offer,0,VLAN4012.0,0,1,2963.53
750,trace_offer,5,LBNL_VLAN3002.1,1,7,31.4573
747,receive,7,LBNL_VLAN3001.1,3,5,25.1658
747,receive,1,VLAN4012.1,0,0,2972.12
750,send,0,VLAN4012.0,0,1,2963.53
750,send,5,LBNL_VLAN3002.1,1,7,31.4573
751,trace_offer,0,VLAN4012.0,0,1,2963.53
751,trace_offer,5,LBNL_VLAN3002.1,1,7,31.4573
748,receive,1,VLAN4012.1,0,0,2972.12
748,receive,7,LBNL_VLAN3001.1,3,5,25.1658
751,send,0,VLAN4012.0,0,1,2963.53
751,send,5,LBNL_VLAN3002.1,1,7,31.4573
752,trace_offer,0,VLAN4012.0,0,1,2963.53
752,trace_offer,5,LBNL_VLAN3002.1,1,7,31.4573
749,receive,1,VLAN4012.1,0,0,2963.53
749,receive,7,LBNL_VLAN3001.1,3,5,50.3316
752,send,0,VLAN4012.0,0,1,2963.53
752,send,5,LBNL_VLAN3002.1,1,7,31.4573
753,trace_offer,5,LBNL_VLAN3002.1,1,7,31.4573
753,trace_offer,0,VLAN4012.0,0,1,2963.53
750,receive,1,VLAN4012.1,0,0,2963.53
753,send,0,VLAN4012.0,0,1,2963.53
753,send,5,LBNL_VLAN3002.1,1,7,31.4573
754,trace_offer,5,LBNL_VLAN3002.1,1,7,31.4573
754,trace_offer,0,VLAN4012.0,0,1,2963.53
751,receive,7,LBNL_VLAN3001.1,3,5,31.4573
751,receive,1,VLAN4012.1,0,0,2963.53
754,send,5,LBNL_VLAN3002.1,1,7,31.4573
754,send,0,VLAN4012.0,0,1,2963.53
755,trace_offer,0,VLAN4012.0,0,1,2963.53
755,trace_offer,5,LBNL_VLAN3002.1,1,7,31.4573
752,receive,1,VLAN4012.1,0,0,2963.53
752,receive,7,LBNL_VLAN3001.1,3,5,62.9146
755,send,5,LBNL_VLAN3002.1,1,7,31.4573
755,send,0,VLAN4012.0,0,1,2963.53
756,trace_offer,5,LBNL_VLAN3002.1,1,7,31.4573
756,trace_offer,0,VLAN4012.0,0,1,2963.53
753,receive,1,VLAN4012.1,0,0,2963.53
756,send,0,VLAN4012.0,0,1,2963.53
756,send,5,LBNL_VLAN3002.1,1,7,31.4573
757,trace_offer,5,LBNL_VLAN3002.1,1,7,31.4573
757,trace_offer,0,VLAN4012.0,0,1,2963.53
754,receive,7,LBNL_VLAN3001.1,3,5,62.9146
754,receive,1,VLAN4012.1,0,0,2963.53
757,send,5,LBNL_VLAN3002.1,1,7,31.4573
757,send,0,VLAN4012.0,0,1,2963.53
758,trace_offer,0,VLAN4012.0,0,1,2963.53
758,trace_offer,5,LBNL_VLAN3002.1,1,7,31.4573
755,receive,1,VLAN4012.1,0,0,2963.53
758,send,5,LBNL_VLAN3002.1,1,7,31.4573
758,send,0,VLAN4012.0,0,1,2963.53
759,trace_offer,5,LBNL_VLAN3002.1,1,7,31.4573
759,trace_offer,0,VLAN4012.0,0,1,2963.53
756,receive,7,LBNL_VLAN3001.1,3,5,31.4573
756,receive,1,VLAN4012.1,0,0,2963.53
759,send,5,LBNL_VLAN3002.1,1,7,31.4573
759,send,0,VLAN4012.0,0,1,2963.53
760,trace_offer,0,VLAN4012.0,0,1,2963.53
760,trace_offer,5,LBNL_VLAN3002.1,1,7,24.9981
757,receive,7,LBNL_VLAN3001.1,3,5,31.4573
757,receive,1,VLAN4012.1,0,0,2963.53
760,send,0,VLAN4012.0,0,1,2963.53
760,send,5,LBNL_VLAN3002.1,1,7,24.9981
761,trace_offer,5,LBNL_VLAN3002.1,1,7,24.9981
761,trace_offer,0,VLAN4012.0,0,1,2963.53
758,receive,1,VLAN4012.1,0,0,2963.53
758,receive,7,LBNL_VLAN3001.1,3,5,31.4573
761,send,0,VLAN4012.0,0,1,2963.53
761,send,5,LBNL_VLAN3002.1,1,7,24.9981
762,trace_offer,5,LBNL_VLAN3002.1,1,7,24.9981
762,trace_offer,0,VLAN4012.0,0,1,2963.53
759,receive,7,LBNL_VLAN3001.1,3,5,62.9146
759,receive,1,VLAN4012.1,0,0,2963.53
762,send,0,VLAN4012.0,0,1,2963.53
762,send,5,LBNL_VLAN3002.1,1,7,24.9981
763,trace_offer,5,LBNL_VLAN3002.1,1,7,24.9981
763,trace_offer,0,VLAN4012.0,0,1,2963.53
760,receive,1,VLAN4012.1,0,0,2963.53
763,send,0,VLAN4012.0,0,1,2963.53
763,send,5,LBNL_VLAN3002.1,1,7,24.9981
764,trace_offer,0,VLAN4012.0,0,1,2963.53
764,trace_offer,5,LBNL_VLAN3002.1,1,7,24.9981
761,receive,7,LBNL_VLAN3001.1,3,5,24.9981
761,receive,1,VLAN4012.1,0,0,2963.53
764,send,0,VLAN4012.0,0,1,2963.53
764,send,5,LBNL_VLAN3002.1,1,7,24.9981
765,trace_offer,5,LBNL_VLAN3002.1,1,7,24.9981
765,trace_offer,0,VLAN4012.0,0,1,2963.53
762,receive,7,LBNL_VLAN3001.1,3,5,49.9961
762,receive,1,VLAN4012.1,0,0,2963.53
765,send,5,LBNL_VLAN3002.1,1,7,24.9981
765,send,0,VLAN4012.0,0,1,2963.53
766,trace_offer,5,LBNL_VLAN3002.1,1,7,24.9981
766,trace_offer,0,VLAN4012.0,0,1,2963.53
763,receive,1,VLAN4012.1,0,0,2963.53
766,send,0,VLAN4012.0,0,1,2963.53
766,send,5,LBNL_VLAN3002.1,1,7,24.9981
767,trace_offer,5,LBNL_VLAN3002.1,1,7,24.9981
767,trace_offer,0,VLAN4012.0,0,1,2963.53
764,receive,1,VLAN4012.1,0,0,2963.53
764,receive,7,LBNL_VLAN3001.1,3,5,24.9981
767,send,0,VLAN4012.0,0,1,2963.53
767,send,5,LBNL_VLAN3002.1,1,7,24.9981
768,trace_offer,5,LBNL_VLAN3002.1,1,7,24.9981
768,trace_offer,0,VLAN4012.0,0,1,2963.53
765,receive,7,LBNL_VLAN3001.1,3,5,24.9981
765,receive,1,VLAN4012.1,0,0,2963.53
768,send,5,LBNL_VLAN3002.1,1,7,24.9981
768,send,0,VLAN4012.0,0,1,2963.53
769,trace_offer,0,VLAN4012.0,0,1,2963.53
769,trace_offer,5,LBNL_VLAN3002.1,1,7,24.9981
766,receive,1,VLAN4012.1,0,0,2963.53
766,receive,7,LBNL_VLAN3001.1,3,5,24.9981
769,send,0,VLAN4012.0,0,1,2963.53
769,send,5,LBNL_VLAN3002.1,1,7,24.9981
770,trace_offer,0,VLAN4012.0,0,1,2972.12
770,trace_offer,5,LBNL_VLAN3002.1,1,7,31.7928
767,receive,7,LBNL_VLAN3001.1,3,5,24.9981
767,receive,1,VLAN4012.1,0,0,2963.53
770,send,5,LBNL_VLAN3002.1,1,7,31.7928
770,send,0,VLAN4012.0,0,1,2972.12
771,trace_offer,5,LBNL_VLAN3002.1,1,7,31.7928
771,trace_offer,0,VLAN4012.0,0,1,2972.12
768,receive,1,VLAN4012.1,0,0,2963.53
768,receive,7,LBNL_VLAN3001.1,3,5,24.9981
771,send,5,LBNL_VLAN3002.1,1,7,31.7928
771,send,0,VLAN4012.0,0,1,2972.12
772,trace_offer,5,LBNL_VLAN3002.1,1,7,31.7928
772,trace_offer,0,VLAN4012.0,0,1,2972.12
769,receive,1,VLAN4012.1,0,0,2972.12
769,receive,1,VLAN4012.1,0,0,2972.12
769,receive,7,LBNL_VLAN3001.1,3,5,24.9981
772,send,5,LBNL_VLAN3002.1,1,7,31.7928
772,send,0,VLAN4012.0,0,1,2972.12
773,trace_offer,0,VLAN4012.0,0,1,2972.12
773,trace_offer,5,LBNL_VLAN3002.1,1,7,31.7928
770,receive,7,LBNL_VLAN3001.1,3,5,24.9981
773,send,5,LBNL_VLAN3002.1,1,7,31.7928
773,send,0,VLAN4012.0,0,1,2972.12
774,trace_offer,5,LBNL_VLAN3002.1,1,7,31.7928
774,trace_offer,0,VLAN4012.0,0,1,2972.12
771,receive,1,VLAN4012.1,0,0,2972.12
771,receive,7,LBNL_VLAN3001.1,3,5,31.7928
774,send,5,LBNL_VLAN3002.1,1,7,31.7928
774,send,0,VLAN4012.0,0,1,2972.12
775,trace_offer,5,LBNL_VLAN3002.1,1,7,31.7928
775,trace_offer,0,VLAN4012.0,0,1,2972.12
772,receive,1,VLAN4012.1,0,0,2972.12
772,receive,7,LBNL_VLAN3001.1,3,5,31.7928
775,send,0,VLAN4012.0,0,1,2972.12
775,send,5,LBNL_VLAN3002.1,1,7,31.7928
776,trace_offer,0,VLAN4012.0,0,1,2972.12
776,trace_offer,5,LBNL_VLAN3002.1,1,7,31.7928
773,receive,7,LBNL_VLAN3001.1,3,5,31.7928
773,receive,1,VLAN4012.1,0,0,2972.12
776,send,0,VLAN4012.0,0,1,2972.12
776,send,5,LBNL_VLAN3002.1,1,7,31.7928
777,trace_offer,5,LBNL_VLAN3002.1,1,7,31.7928
777,trace_offer,0,VLAN4012.0,0,1,2972.12
774,receive,1,VLAN4012.1,0,0,2972.12
774,receive,7,LBNL_VLAN3001.1,3,5,63.5856
777,send,5,LBNL_VLAN3002.1,1,7,31.7928
777,send,0,VLAN4012.0,0,1,2972.12
778,trace_offer,5,LBNL_VLAN3002.1,1,7,31.7928
778,trace_offer,0,VLAN4012.0,0,1,2972.12
775,receive,1,VLAN4012.1,0,0,2972.12
778,send,0,VLAN4012.0,0,1,2972.12
778,send,5,LBNL_VLAN3002.1,1,7,31.7928
779,trace_offer,5,LBNL_VLAN3002.1,1,7,31.7928
779,trace_offer,0,VLAN4012.0,0,1,2972.12
776,receive,1,VLAN4012.1,0,0,2972.12
776,receive,7,LBNL_VLAN3001.1,3,5,31.7928
779,send,5,LBNL_VLAN3002.1,1,7,31.7928
779,send,0,VLAN4012.0,0,1,2972.12
780,trace_offer,5,LBNL_VLAN3002.1,1,7,25.0819
780,trace_offer,0,VLAN4012.0,0,1,2980.71
777,receive,7,LBNL_VLAN3001.1,3,5,31.7928
777,receive,1,VLAN4012.1,0,0,2972.12
780,send,5,LBNL_VLAN3002.1,1,7,25.0819
780,send,0,VLAN4012.0,0,1,2980.71
781,trace_offer,5,LBNL_VLAN3002.1,1,7,25.0819
781,trace_offer,0,VLAN4012.0,0,1,2980.71
778,receive,1,VLAN4012.1,0,0,2972.12
778,receive,7,LBNL_VLAN3001.1,3,5,31.7928
781,send,5,LBNL_VLAN3002.1,1,7,25.0819
781,send,0,VLAN4012.0,0,1,2980.71
782,trace_offer,0,VLAN4012.0,0,1,2980.71
782,trace_offer,5,LBNL_VLAN3002.1,1,7,25.0819
779,receive,7,LBNL_VLAN3001.1,3,5,63.5856
779,receive,1,VLAN4012.1,0,0,2980.71
779,receive,1,VLAN4012.1,0,0,2980.71
782,send,0,VLAN4012.0,0,1,2980.71
782,send,5,LBNL_VLAN3002.1,1,7,25.0819
783,trace_offer,5,LBNL_VLAN3002.1,1,7,25.0819
783,trace_offer,0,VLAN4012.0,0,1,2980.71
783,send,0,VLAN4012.0,0,1,2980.71
783,send,5,LBNL_VLAN3002.1,1,7,25.0819
784,trace_offer,0,VLAN4012.0,0,1,2980.71
784,trace_offer,5,LBNL_VLAN3002.1,1,7,25.0819
781,receive,1,VLAN4012.1,0,0,2980.71
781,receive,7,LBNL_VLAN3001.1,3,5,50.1639
784,send,0,VLAN4012.0,0,1,2980.71
784,send,5,LBNL_VLAN3002.1,1,7,25.0819
785,trace_offer,5,LBNL_VLAN3002.1,1,7,25.0819
785,trace_offer,0,VLAN4012.0,0,1,2980.71
782,receive,1,VLAN4012.1,0,0,2980.71
785,send,5,LBNL_VLAN3002.1,1,7,25.0819
785,send,0,VLAN4012.0,0,1,2980.71
786,trace_offer,0,VLAN4012.0,0,1,2980.71
786,trace_offer,5,LBNL_VLAN3002.1,1,7,25.0819
783,receive,1,VLAN4012.1,0,0,2980.71
783,receive,7,LBNL_VLAN3001.1,3,5,25.0819
786,send,5,LBNL_VLAN3002.1,1,7,25.0819
786,send,0,VLAN4012.0,0,1,2980.71
787,trace_offer,5,LBNL_VLAN3002.1,1,7,25.0819
787,trace_offer,0,VLAN4012.0,0,1,2980.71
784,receive,1,VLAN4012.1,0,0,2980.71
784,receive,7,LBNL_VLAN3001.1,3,5,25.0819
784,receive,1,VLAN4012.1,0,0,2980.71
787,send,0,VLAN4012.0,0,1,2980.71
787,send,5,LBNL_VLAN3002.1,1,7,25.0819
788,trace_offer,0,VLAN4012.0,0,1,2980.71
788,trace_offer,5,LBNL_VLAN3002.1,1,7,25.0819
785,receive,7,LBNL_VLAN3001.1,3,5,25.0819
788,send,5,LBNL_VLAN3002.1,1,7,25.0819
788,send,0,VLAN4012.0,0,1,2980.71
789,trace_offer,5,LBNL_VLAN3002.1,1,7,25.0819
789,trace_offer,0,VLAN4012.0,0,1,2980.71
786,receive,1,VLAN4012.1,0,0,2980.71
786,receive,7,LBNL_VLAN3001.1,3,5,25.0819
789,send,5,LBNL_VLAN3002.1,1,7,25.0819
789,send,0,VLAN4012.0,0,1,2980.71
790,trace_offer,0,VLAN4012.0,0,1,2989.3
790,trace_offer,5,LBNL_VLAN3002.1,1,7,31.3734
787,receive,7,LBNL_VLAN3001.1,3,5,25.0819
787,receive,1,VLAN4012.1,0,0,2980.71
790,send,0,VLAN4012.0,0,1,2989.3
790,send,5,LBNL_VLAN3002.1,1,7,31.3734
791,trace_offer,0,VLAN4012.0,0,1,2989.3
791,trace_offer,5,LBNL_VLAN3002.1,1,7,31.3734
788,receive,7,LBNL_VLAN3001.1,3,5,25.0819
788,receive,1,VLAN4012.1,0,0,2980.71
791,send,5,LBNL_VLAN3002.1,1,7,31.3734
791,send,0,VLAN4012.0,0,1,2989.3
792,trace_offer,5,LBNL_VLAN3002.1,1,7,31.3734
792,trace_offer,0,VLAN4012.0,0,1,2989.3
789,receive,1,VLAN4012.1,0,0,2989.3
789,receive,7,LBNL_VLAN3001.1,3,5,25.0819
792,send,5,LBNL_VLAN3002.1,1,7,31.3734
792,send,0,VLAN4012.0,0,1,2989.3
793,trace_offer,5,LBNL_VLAN3002.1,1,7,31.3734
793,trace_offer,0,VLAN4012.0,0,1,2989.3
790,receive,7,LBNL_VLAN3001.1,3,5,25.0819
790,receive,1,VLAN4012.1,0,0,2989.3
793,send,5,LBNL_VLAN3002.1,1,7,31.3734
793,send,0,VLAN4012.0,0,1,2989.3
794,trace_offer,0,VLAN4012.0,0,1,2989.3
794,trace_offer,5,LBNL_VLAN3002.1,1,7,31.3734
791,receive,1,VLAN4012.1,0,0,2989.3
791,receive,7,LBNL_VLAN3001.1,3,5,31.3734
794,send,0,VLAN4012.0,0,1,2989.3
794,send,5,LBNL_VLAN3002.1,1,7,31.3734
795,trace_offer,5,LBNL_VLAN3002.1,1,7,31.3734
795,trace_offer,0,VLAN4012.0,0,1,2989.3
792,receive,1,VLAN4012.1,0,0,2989.3
792,receive,7,LBNL_VLAN3001.1,3,5,31.3734
795,send,0,VLAN4012.0,0,1,2989.3
795,send,5,LBNL_VLAN3002.1,1,7,31.3734
796,trace_offer,0,VLAN4012.0,0,1,2989.3
796,trace_offer,5,LBNL_VLAN3002.1,1,7,31.3734
793,receive,1,VLAN4012.1,0,0,2989.3
793,receive,7,LBNL_VLAN3001.1,3,5,31.3734
796,send,5,LBNL_VLAN3002.1,1,7,31.3734
796,send,0,VLAN4012.0,0,1,2989.3
797,trace_offer,5,LBNL_VLAN3002.1,1,7,31.3734
797,trace_offer,0,VLAN4012.0,0,1,2989.3
794,receive,7,LBNL_VLAN3001.1,3,5,31.3734
794,receive,1,VLAN4012.1,0,0,2989.3
794,receive,1,VLAN4012.1,0,0,2989.3
797,send,0,VLAN4012.0,0,1,2989.3
797,send,5,LBNL_VLAN3002.1,1,7,31.3734
798,trace_offer,0,VLAN4012.0,0,1,2989.3
798,trace_offer,5,LBNL_VLAN3002.1,1,7,31.3734
795,receive,7,LBNL_VLAN3001.1,3,5,31.3734
798,send,5,LBNL_VLAN3002.1,1,7,31.3734
798,send,0,VLAN4012.0,0,1,2989.3
799,trace_offer,5,LBNL_VLAN3002.1,1,7,31.3734
799,trace_offer,0,VLAN4012.0,0,1,2989.3
796,receive,1,VLAN4012.1,0,0,2989.3
796,receive,7,LBNL_VLAN3001.1,3,5,31.3734
799,send,0,VLAN4012.0,0,1,2989.3
799,send,5,LBNL_VLAN3002.1,1,7,31.3734
800,trace_offer,0,VLAN4012.0,0,1,2989.3
800,trace_offer,5,LBNL_VLAN3002.1,1,7,24.9981
797,receive,1,VLAN4012.1,0,0,2989.3
797,receive,7,LBNL_VLAN3001.1,3,5,31.3734
797,receive,1,VLAN4012.1,0,0,2989.3
800,send,0,VLAN4012.0,0,1,2989.3
800,send,5,LBNL_VLAN3002.1,1,7,24.9981
801,trace_offer,0,VLAN4012.0,0,1,2989.3
801,trace_offer,5,LBNL_VLAN3002.1,1,7,24.9981
798,receive,7,LBNL_VLAN3001.1,3,5,31.3734
801,send,5,LBNL_VLAN3002.1,1,7,24.9981
801,send,0,VLAN4012.0,0,1,2989.3
802,trace_offer,5,LBNL_VLAN3002.1,1,7,24.9981
802,trace_offer,0,VLAN4012.0,0,1,2989.3
799,receive,7,LBNL_VLAN3001.1,3,5,62.7468
799,receive,1,VLAN4012.1,0,0,2989.3
802,send,5,LBNL_VLAN3002.1,1,7,24.9981
802,send,0,VLAN4012.0,0,1,2989.3
803,trace_offer,0,VLAN4012.0,0,1,2989.3
803,trace_offer,5,LBNL_VLAN3002.1,1,7,24.9981
800,receive,1,VLAN4012.1,0,0,2989.3
803,send,0,VLAN4012.0,0,1,2989.3
803,send,5,LBNL_VLAN3002.1,1,7,24.9981
804,trace_offer,5,LBNL_VLAN3002.1,1,7,24.9981
804,trace_offer,0,VLAN4012.0,0,1,2989.3
801,receive,1,VLAN4012.1,0,0,2989.3
801,receive,7,LBNL_VLAN3001.1,3,5,24.9981
804,send,0,VLAN4012.0,0,1,2989.3
804,send,5,LBNL_VLAN3002.1,1,7,24.9981
805,trace_offer,5,LBNL_VLAN3002.1,1,7,24.9981
805,trace_offer,0,VLAN4012.0,0,1,2989.3
802,receive,7,LBNL_VLAN3001.1,3,5,24.9981
802,receive,1,VLAN4012.1,0,0,2989.3
805,send,0,VLAN4012.0,0,1,2989.3
805,send,5,LBNL_VLAN3002.1,1,7,24.9981
806,trace_offer,0,VLAN4012.0,0,1,2989.3
806,trace_offer,5,LBNL_VLAN3002.1,1,7,24.9981
803,receive,1,VLAN4012.1,0,0,2989.3
803,receive,7,LBNL_VLAN3001.1,3,5,24.9981
806,send,5,LBNL_VLAN3002.1,1,7,24.9981
806,send,0,VLAN4012.0,0,1,2989.3
807,trace_offer,5,LBNL_VLAN3002.1,1,7,24.9981
807,trace_offer,0,VLAN4012.0,0,1,2989.3
804,receive,1,VLAN4012.1,0,0,2989.3
804,receive,7,LBNL_VLAN3001.1,3,5,24.9981
804,receive,1,VLAN4012.1,0,0,2989.3
807,send,0,VLAN4012.0,0,1,2989.3
807,send,5,LBNL_VLAN3002.1,1,7,24.9981
808,trace_offer,5,LBNL_VLAN3002.1,1,7,24.9981
808,trace_offer,0,VLAN4012.0,0,1,2989.3
805,receive,7,LBNL_VLAN3001.1,3,5,24.9981
808,send,0,VLAN4012.0,0,1,2989.3
808,send,5,LBNL_VLAN3002.1,1,7,24.9981
809,trace_offer,5,LBNL_VLAN3002.1,1,7,24.9981
809,trace_offer,0,VLAN4012.0,0,1,2989.3
806,receive,7,LBNL_VLAN3001.1,3,5,24.9981
806,receive,1,VLAN4012.1,0,0,2989.3
809,send,0,VLAN4012.0,0,1,2989.3
809,send,5,LBNL_VLAN3002.1,1,7,24.9981
810,trace_offer,5,LBNL_VLAN3002.1,1,7,31.2056
810,trace_offer,0,VLAN4012.0,0,1,2997.89
807,receive,1,VLAN4012.1,0,0,2989.3
807,receive,7,LBNL_VLAN3001.1,3,5,24.9981
810,send,5,LBNL_VLAN3002.1,1,7,31.2056
810,send,0,VLAN4012.0,0,1,2997.89
811,trace_offer,5,LBNL_VLAN3002.1,1,7,31.2056
811,trace_offer,0,VLAN4012.0,0,1,2997.89
808,receive,7,LBNL_VLAN3001.1,3,5,24.9981
808,receive,1,VLAN4012.1,0,0,2989.3
811,send,0,VLAN4012.0,0,1,2997.89
811,send,5,LBNL_VLAN3002.1,1,7,31.2056
812,trace_offer,0,VLAN4012.0,0,1,2997.89
812,trace_offer,5,LBNL_VLAN3002.1,1,7,31.2056
809,receive,1,VLAN4012.1,0,0,2997.89
809,receive,7,LBNL_VLAN3001.1,3,5,49.9961
809,receive,1,VLAN4012.1,0,0,2997.89
812,send,0,VLAN4012.0,0,1,2997.89
812,send,5,LBNL_VLAN3002.1,1,7,31.2056
813,trace_offer,0,VLAN4012.0,0,1,2997.89
813,trace_offer,5,LBNL_VLAN3002.1,1,7,31.2056
813,send,5,LBNL_VLAN3002.1,1,7,31.2056
813,send,0,VLAN4012.0,0,1,2997.89
814,trace_offer,5,LBNL_VLAN3002.1,1,7,31.2056
814,trace_offer,0,VLAN4012.0,0,1,2997.89
811,receive,7,LBNL_VLAN3001.1,3,5,31.2056
811,receive,1,VLAN4012.1,0,0,2997.89
814,send,0,VLAN4012.0,0,1,2997.89
814,send,5,LBNL_VLAN3002.1,1,7,31.2056
815,trace_offer,0,VLAN4012.0,0,1,2997.89
815,trace_offer,5,LBNL_VLAN3002.1,1,7,31.2056
812,receive,7,LBNL_VLAN3001.1,3,5,31.2056
812,receive,1,VLAN4012.1,0,0,2997.89
812,receive,1,VLAN4012.1,0,0,2997.89
815,send,0,VLAN4012.0,0,1,2997.89
815,send,5,LBNL_VLAN3002.1,1,7,31.2056
816,trace_offer,5,LBNL_VLAN3002.1,1,7,31.2056
816,trace_offer,0,VLAN4012.0,0,1,2997.89
813,receive,7,LBNL_VLAN3001.1,3,5,31.2056
816,send,0,VLAN4012.0,0,1,2997.89
816,send,5,LBNL_VLAN3002.1,1,7,31.2056
817,trace_offer,0,VLAN4012.0,0,1,2997.89
817,trace_offer,5,LBNL_VLAN3002.1,1,7,31.2056
814,receive,7,LBNL_VLAN3001.1,3,5,62.4112
814,receive,1,VLAN4012.1,0,0,2997.89
817,send,0,VLAN4012.0,0,1,2997.89
817,send,5,LBNL_VLAN3002.1,1,7,31.2056
818,trace_offer,5,LBNL_VLAN3002.1,1,7,31.2056
818,trace_offer,0,VLAN4012.0,0,1,2997.89
815,receive,1,VLAN4012.1,0,0,2997.89
818,send,5,LBNL_VLAN3002.1,1,7,31.2056
818,send,0,VLAN4012.0,0,1,2997.89
819,trace_offer,5,LBNL_VLAN3002.1,1,7,31.2056
819,trace_offer,0,VLAN4012.0,0,1,2997.89
816,receive,7,LBNL_VLAN3001.1,3,5,31.2056
816,receive,1,VLAN4012.1,0,0,2997.89
819,send,0,VLAN4012.0,0,1,2997.89
819,send,5,LBNL_VLAN3002.1,1,7,31.2056
820,trace_offer,5,LBNL_VLAN3002.1,1,7,25.2497
820,trace_offer,0,VLAN4012.0,0,1,2980.71
817,receive,1,VLAN4012.1,0,0,2997.89
817,receive,7,LBNL_VLAN3001.1,3,5,31.2056
817,receive,1,VLAN4012.1,0,0,2997.89
820,send,5,LBNL_VLAN3002.1,1,7,25.2497
820,send,0,VLAN4012.0,0,1,2980.71
821,trace_offer,0,VLAN4012.0,0,1,2980.71
821,trace_offer,5,LBNL_VLAN3002.1,1,7,25.2497
818,receive,7,LBNL_VLAN3001.1,3,5,31.2056
821,send,0,VLAN4012.0,0,1,2980.71
821,send,5,LBNL_VLAN3002.1,1,7,25.2497
822,trace_offer,5,LBNL_VLAN3002.1,1,7,25.2497
822,trace_offer,0,VLAN4012.0,0,1,2980.71
819,receive,7,LBNL_VLAN3001.1,3,5,62.4112
819,receive,1,VLAN4012.1,0,0,2980.71
822,send,0,VLAN4012.0,0,1,2980.71
822,send,5,LBNL_VLAN3002.1,1,7,25.2497
823,trace_offer,0,VLAN4012.0,0,1,2980.71
823,trace_offer,5,LBNL_VLAN3002.1,1,7,25.2497
820,receive,1,VLAN4012.1,0,0,2980.71
823,send,0,VLAN4012.0,0,1,2980.71
823,send,5,LBNL_VLAN3002.1,1,7,25.2497
824,trace_offer,0,VLAN4012.0,0,1,2980.71
824,trace_offer,5,LBNL_VLAN3002.1,1,7,25.2497
821,receive,1,VLAN4012.1,0,0,2980.71
821,receive,7,LBNL_VLAN3001.1,3,5,50.4994
824,send,5,LBNL_VLAN3002.1,1,7,25.2497
824,send,0,VLAN4012.0,0,1,2980.71
825,trace_offer,5,LBNL_VLAN3002.1,1,7,25.2497
825,trace_offer,0,VLAN4012.0,0,1,2980.71
822,receive,1,VLAN4012.1,0,0,2980.71
822,receive,1,VLAN4012.1,0,0,2980.71
825,send,5,LBNL_VLAN3002.1,1,7,25.2497
825,send,0,VLAN4012.0,0,1,2980.71
826,trace_offer,5,LBNL_VLAN3002.1,1,7,25.2497
826,trace_offer,0,VLAN4012.0,0,1,2980.71
823,receive,7,LBNL_VLAN3001.1,3,5,25.2497
826,send,5,LBNL_VLAN3002.1,1,7,25.2497
826,send,0,VLAN4012.0,0,1,2980.71
827,trace_offer,0,VLAN4012.0,0,1,2980.71
827,trace_offer,5,LBNL_VLAN3002.1,1,7,25.2497
824,receive,7,LBNL_VLAN3001.1,3,5,25.2497
824,receive,1,VLAN4012.1,0,0,2980.71
827,send,0,VLAN4012.0,0,1,2980.71
827,send,5,LBNL_VLAN3002.1,1,7,25.2497
828,trace_offer,5,LBNL_VLAN3002.1,1,7,25.2497
828,trace_offer,0,VLAN4012.0,0,1,2980.71
825,receive,1,VLAN4012.1,0,0,2980.71
825,receive,7,LBNL_VLAN3001.1,3,5,25.2497
828,send,5,LBNL_VLAN3002.1,1,7,25.2497
828,send,0,VLAN4012.0,0,1,2980.71
829,trace_offer,0,VLAN4012.0,0,1,2980.71
829,trace_offer,5,LBNL_VLAN3002.1,1,7,25.2497
826,receive,7,LBNL_VLAN3001.1,3,5,50.4994
826,receive,1,VLAN4012.1,0,0,2980.71
829,send,5,LBNL_VLAN3002.1,1,7,25.2497
829,send,0,VLAN4012.0,0,1,2980.71
830,trace_offer,0,VLAN4012.0,0,1,2972.12
830,trace_offer,5,LBNL_VLAN3002.1,1,7,31.7928
827,receive,1,VLAN4012.1,0,0,2980.71
830,send,5,LBNL_VLAN3002.1,1,7,31.7928
830,send,0,VLAN4012.0,0,1,2972.12
831,trace_offer,0,VLAN4012.0,0,1,2972.12
831,trace_offer,5,LBNL_VLAN3002.1,1,7,31.7928
828,receive,1,VLAN4012.1,0,0,2980.71
828,receive,7,LBNL_VLAN3001.1,3,5,25.2497
831,send,5,LBNL_VLAN3002.1,1,7,31.7928
831,send,0,VLAN4012.0,0,1,2972.12
832,trace_offer,0,VLAN4012.0,0,1,2972.12
832,trace_offer,5,LBNL_VLAN3002.1,1,7,31.7928
829,receive,1,VLAN4012.1,0,0,2972.12
829,receive,1,VLAN4012.1,0,0,2972.12
829,receive,7,LBNL_VLAN3001.1,3,5,25.2497
832,send,5,LBNL_VLAN3002.1,1,7,31.7928
832,send,0,VLAN4012.0,0,1,2972.12
833,trace_offer,5,LBNL_VLAN3002.1,1,7,31.7928
833,trace_offer,0,VLAN4012.0,0,1,2972.12
830,receive,7,LBNL_VLAN3001.1,3,5,25.2497
833,send,5,LBNL_VLAN3002.1,1,7,31.7928
833,send,0,VLAN4012.0,0,1,2972.12
834,trace_offer,0,VLAN4012.0,0,1,2972.12
834,trace_offer,5,LBNL_VLAN3002.1,1,7,31.7928
831,receive,7,LBNL_VLAN3001.1,3,5,31.7928
831,receive,1,VLAN4012.1,0,0,2972.12
834,send,5,LBNL_VLAN3002.1,1,7,31.7928
834,send,0,VLAN4012.0,0,1,2972.12
835,trace_offer,5,LBNL_VLAN3002.1,1,7,31.7928
835,trace_offer,0,VLAN4012.0,0,1,2972.12
832,receive,1,VLAN4012.1,0,0,2972.12
832,receive,7,LBNL_VLAN3001.1,3,5,31.7928
835,send,5,LBNL_VLAN3002.1,1,7,31.7928
835,send,0,VLAN4012.0,0,1,2972.12
836,trace_offer,5,LBNL_VLAN3002.1,1,7,31.7928
836,trace_offer,0,VLAN4012.0,0,1,2972.12
833,receive,1,VLAN4012.1,0,0,2972.12
833,receive,7,LBNL_VLAN3001.1,3,5,31.7928
836,send,5,LBNL_VLAN3002.1,1,7,31.7928
836,send,0,VLAN4012.0,0,1,2972.12
837,trace_offer,5,LBNL_VLAN3002.1,1,7,31.7928
837,trace_offer,0,VLAN4012.0,0,1,2972.12
834,receive,7,LBNL_VLAN3001.1,3,5,63.5856
834,receive,1,VLAN4012.1,0,0,2972.12
837,send,5,LBNL_VLAN3002.1,1,7,31.7928
837,send,0,VLAN4012.0,0,1,2972.12
838,trace_offer,5,LBNL_VLAN3002.1,1,7,31.7928
838,trace_offer,0,VLAN4012.0,0,1,2972.12
835,receive,1,VLAN4012.1,0,0,2972.12
838,send,0,VLAN4012.0,0,1,2972.12
838,send,5,LBNL_VLAN3002.1,1,7,31.7928
839,trace_offer,5,LBNL_VLAN3002.1,1,7,31.7928
839,trace_offer,0,VLAN4012.0,0,1,2972.12
836,receive,1,VLAN4012.1,0,0,2972.12
836,receive,7,LBNL_VLAN3001.1,3,5,63.5856
839,send,5,LBNL_VLAN3002.1,1,7,31.7928
839,send,0,VLAN4012.0,0,1,2972.12
840,trace_offer,0,VLAN4012.0,0,1,2972.12
840,trace_offer,5,LBNL_VLAN3002.1,1,7,25.5014
837,receive,1,VLAN4012.1,0,0,2972.12
840,send,0,VLAN4012.0,0,1,2972.12
840,send,5,LBNL_VLAN3002.1,1,7,25.5014
841,trace_offer,5,LBNL_VLAN3002.1,1,7,25.5014
841,trace_offer,0,VLAN4012.0,0,1,2972.12
838,receive,7,LBNL_VLAN3001.1,3,5,31.7928
838,receive,1,VLAN4012.1,0,0,2972.12
841,send,0,VLAN4012.0,0,1,2972.12
841,send,5,LBNL_VLAN3002.1,1,7,25.5014
842,trace_offer,0,VLAN4012.0,0,1,2972.12
842,trace_offer,5,LBNL_VLAN3002.1,1,7,25.5014
839,receive,1,VLAN4012.1,0,0,2972.12
839,receive,1,VLAN4012.1,0,0,2972.12
839,receive,7,LBNL_VLAN3001.1,3,5,63.5856
842,send,0,VLAN4012.0,0,1,2972.12
842,send,5,LBNL_VLAN3002.1,1,7,25.5014
843,trace_offer,5,LBNL_VLAN3002.1,1,7,25.5014
843,trace_offer,0,VLAN4012.0,0,1,2972.12
843,send,5,LBNL_VLAN3002.1,1,7,25.5014
843,send,0,VLAN4012.0,0,1,2972.12
844,trace_offer,5,LBNL_VLAN3002.1,1,7,25.5014
844,trace_offer,0,VLAN4012.0,0,1,2972.12
841,receive,1,VLAN4012.1,0,0,2972.12
841,receive,7,LBNL_VLAN3001.1,3,5,25.5014
844,send,0,VLAN4012.0,0,1,2972.12
844,send,5,LBNL_VLAN3002.1,1,7,25.5014
845,trace_offer,0,VLAN4012.0,0,1,2972.12
845,trace_offer,5,LBNL_VLAN3002.1,1,7,25.5014
842,receive,7,LBNL_VLAN3001.1,3,5,25.5014
842,receive,1,VLAN4012.1,0,0,2972.12
842,receive,1,VLAN4012.1,0,0,2972.12
845,send,5,LBNL_VLAN3002.1,1,7,25.5014
845,send,0,VLAN4012.0,0,1,2972.12
846,trace_offer,0,VLAN4012.0,0,1,2972.12
846,trace_offer,5,LBNL_VLAN3002.1,1,7,25.5014
843,receive,7,LBNL_VLAN3001.1,3,5,25.5014
846,send,5,LBNL_VLAN3002.1,1,7,25.5014
846,send,0,VLAN4012.0,0,1,2972.12
847,trace_offer,0,VLAN4012.0,0,1,2972.12
847,trace_offer,5,LBNL_VLAN3002.1,1,7,25.5014
844,receive,1,VLAN4012.1,0,0,2972.12
844,receive,7,LBNL_VLAN3001.1,3,5,51.0027
844,receive,1,VLAN4012.1,0,0,2972.12
847,send,5,LBNL_VLAN3002.1,1,7,25.5014
847,send,0,VLAN4012.0,0,1,2972.12
848,trace_offer,0,VLAN4012.0,0,1,2972.12
848,trace_offer,5,LBNL_VLAN3002.1,1,7,25.5014
848,send,0,VLAN4012.0,0,1,2972.12
848,send,5,LBNL_VLAN3002.1,1,7,25.5014
849,trace_offer,0,VLAN4012.0,0,1,2972.12
849,trace_offer,5,LBNL_VLAN3002.1,1,7,25.5014
846,receive,7,LBNL_VLAN3001.1,3,5,51.0027
846,receive,1,VLAN4012.1,0,0,2972.12
849,send,5,LBNL_VLAN3002.1,1,7,25.5014
849,send,0,VLAN4012.0,0,1,2972.12
850,trace_offer,0,VLAN4012.0,0,1,2954.94
850,trace_offer,5,LBNL_VLAN3002.1,1,7,31.5412
847,receive,1,VLAN4012.1,0,0,2972.12
850,send,5,LBNL_VLAN3002.1,1,7,31.5412
850,send,0,VLAN4012.0,0,1,2954.94
851,trace_offer,5,LBNL_VLAN3002.1,1,7,31.5412
851,trace_offer,0,VLAN4012.0,0,1,2954.94
848,receive,7,LBNL_VLAN3001.1,3,5,25.5014
848,receive,1,VLAN4012.1,0,0,2972.12
851,send,5,LBNL_VLAN3002.1,1,7,31.5412
851,send,0,VLAN4012.0,0,1,2954.94
852,trace_offer,0,VLAN4012.0,0,1,2954.94
852,trace_offer,5,LBNL_VLAN3002.1,1,7,31.5412
849,receive,1,VLAN4012.1,0,0,2954.94
849,receive,7,LBNL_VLAN3001.1,3,5,51.0027
852,send,5,LBNL_VLAN3002.1,1,7,31.5412
852,send,0,VLAN4012.0,0,1,2954.94
853,trace_offer,5,LBNL_VLAN3002.1,1,7,31.5412
853,trace_offer,0,VLAN4012.0,0,1,2954.94
850,receive,1,VLAN4012.1,0,0,2954.94
853,send,0,VLAN4012.0,0,1,2954.94
853,send,5,LBNL_VLAN3002.1,1,7,31.5412
854,trace_offer,0,VLAN4012.0,0,1,2954.94
854,trace_offer,5,LBNL_VLAN3002.1,1,7,31.5412
851,receive,1,VLAN4012.1,0,0,2954.94
851,receive,7,LBNL_VLAN3001.1,3,5,63.0823
854,send,0,VLAN4012.0,0,1,2954.94
854,send,5,LBNL_VLAN3002.1,1,7,31.5412
855,trace_offer,0,VLAN4012.0,0,1,2954.94
855,trace_offer,5,LBNL_VLAN3002.1,1,7,31.5412
852,receive,1,VLAN4012.1,0,0,2954.94
855,send,5,LBNL_VLAN3002.1,1,7,31.5412
855,send,0,VLAN4012.0,0,1,2954.94
856,trace_offer,5,LBNL_VLAN3002.1,1,7,31.5412
856,trace_offer,0,VLAN4012.0,0,1,2954.94
853,receive,7,LBNL_VLAN3001.1,3,5,31.5412
853,receive,1,VLAN4012.1,0,0,2954.94
856,send,0,VLAN4012.0,0,1,2954.94
856,send,5,LBNL_VLAN3002.1,1,7,31.5412
857,trace_offer,5,LBNL_VLAN3002.1,1,7,31.5412
857,trace_offer,0,VLAN4012.0,0,1,2954.94
854,receive,7,LBNL_VLAN3001.1,3,5,63.0823
854,receive,1,VLAN4012.1,0,0,2954.94
854,receive,1,VLAN4012.1,0,0,2954.94
857,send,0,VLAN4012.0,0,1,2954.94
857,send,5,LBNL_VLAN3002.1,1,7,31.5412
858,trace_offer,5,LBNL_VLAN3002.1,1,7,31.5412
858,trace_offer,0,VLAN4012.0,0,1,2954.94
858,send,5,LBNL_VLAN3002.1,1,7,31.5412
858,send,0,VLAN4012.0,0,1,2954.94
859,trace_offer,5,LBNL_VLAN3002.1,1,7,31.5412
859,trace_offer,0,VLAN4012.0,0,1,2954.94
856,receive,7,LBNL_VLAN3001.1,3,5,31.5412
856,receive,1,VLAN4012.1,0,0,2954.94
859,send,5,LBNL_VLAN3002.1,1,7,31.5412
859,send,0,VLAN4012.0,0,1,2954.94
860,trace_offer,0,VLAN4012.0,0,1,2954.94
860,trace_offer,5,LBNL_VLAN3002.1,1,7,25.2497
857,receive,1,VLAN4012.1,0,0,2954.94
857,receive,7,LBNL_VLAN3001.1,3,5,31.5412
857,receive,1,VLAN4012.1,0,0,2954.94
860,send,0,VLAN4012.0,0,1,2954.94
860,send,5,LBNL_VLAN3002.1,1,7,25.2497
861,trace_offer,5,LBNL_VLAN3002.1,1,7,25.2497
861,trace_offer,0,VLAN4012.0,0,1,2954.94
858,receive,7,LBNL_VLAN3001.1,3,5,31.5412
861,send,0,VLAN4012.0,0,1,2954.94
861,send,5,LBNL_VLAN3002.1,1,7,25.2497
862,trace_offer,5,LBNL_VLAN3002.1,1,7,25.2497
862,trace_offer,0,VLAN4012.0,0,1,2954.94
859,receive,1,VLAN4012.1,0,0,2954.94
859,receive,1,VLAN4012.1,0,0,2954.94
859,receive,7,LBNL_VLAN3001.1,3,5,63.0823
862,send,5,LBNL_VLAN3002.1,1,7,25.2497
862,send,0,VLAN4012.0,0,1,2954.94
863,trace_offer,0,VLAN4012.0,0,1,2954.94
863,trace_offer,5,LBNL_VLAN3002.1,1,7,25.2497
863,send,0,VLAN4012.0,0,1,2954.94
863,send,5,LBNL_VLAN3002.1,1,7,25.2497
864,trace_offer,5,LBNL_VLAN3002.1,1,7,25.2497
864,trace_offer,0,VLAN4012.0,0,1,2954.94
861,receive,1,VLAN4012.1,0,0,2954.94
861,receive,7,LBNL_VLAN3001.1,3,5,25.2497
864,send,5,LBNL_VLAN3002.1,1,7,25.2497
864,send,0,VLAN4012.0,0,1,2954.94
865,trace_offer,5,LBNL_VLAN3002.1,1,7,25.2497
865,trace_offer,0,VLAN4012.0,0,1,2954.94
862,receive,1,VLAN4012.1,0,0,2954.94
862,receive,1,VLAN4012.1,0,0,2954.94
862,receive,7,LBNL_VLAN3001.1,3,5,25.2497
865,send,0,VLAN4012.0,0,1,2954.94
865,send,5,LBNL_VLAN3002.1,1,7,25.2497
866,trace_offer,0,VLAN4012.0,0,1,2954.94
866,trace_offer,5,LBNL_VLAN3002.1,1,7,25.2497
863,receive,7,LBNL_VLAN3001.1,3,5,25.2497
866,send,5,LBNL_VLAN3002.1,1,7,25.2497
866,send,0,VLAN4012.0,0,1,2954.94
867,trace_offer,0,VLAN4012.0,0,1,2954.94
867,trace_offer,5,LBNL_VLAN3002.1,1,7,25.2497
864,receive,7,LBNL_VLAN3001.1,3,5,25.2497
864,receive,1,VLAN4012.1,0,0,2954.94
864,receive,1,VLAN4012.1,0,0,2954.94
867,send,5,LBNL_VLAN3002.1,1,7,25.2497
867,send,0,VLAN4012.0,0,1,2954.94
868,trace_offer,5,LBNL_VLAN3002.1,1,7,25.2497
868,trace_offer,0,VLAN4012.0,0,1,2954.94
865,receive,7,LBNL_VLAN3001.1,3,5,25.2497
868,send,5,LBNL_VLAN3002.1,1,7,25.2497
868,send,0,VLAN4012.0,0,1,2954.94
869,trace_offer,5,LBNL_VLAN3002.1,1,7,25.2497
869,trace_offer,0,VLAN4012.0,0,1,2954.94
866,receive,1,VLAN4012.1,0,0,2954.94
866,receive,7,LBNL_VLAN3001.1,3,5,50.4994
869,send,5,LBNL_VLAN3002.1,1,7,25.2497
869,send,0,VLAN4012.0,0,1,2954.94
870,trace_offer,0,VLAN4012.0,0,1,2963.53
870,trace_offer,5,LBNL_VLAN3002.1,1,7,31.7089
867,receive,1,VLAN4012.1,0,0,2954.94
867,receive,1,VLAN4012.1,0,0,2954.94
870,send,5,LBNL_VLAN3002.1,1,7,31.7089
870,send,0,VLAN4012.0,0,1,2963.53
871,trace_offer,5,LBNL_VLAN3002.1,1,7,31.7089
871,trace_offer,0,VLAN4012.0,0,1,2963.53
868,receive,7,LBNL_VLAN3001.1,3,5,25.2497
871,send,5,LBNL_VLAN3002.1,1,7,31.7089
871,send,0,VLAN4012.0,0,1,2963.53
872,trace_offer,5,LBNL_VLAN3002.1,1,7,31.7089
872,trace_offer,0,VLAN4012.0,0,1,2963.53
869,receive,1,VLAN4012.1,0,0,2963.53
869,receive,1,VLAN4012.1,0,0,2963.53
869,receive,7,LBNL_VLAN3001.1,3,5,50.4994
872,send,5,LBNL_VLAN3002.1,1,7,31.7089
872,send,0,VLAN4012.0,0,1,2963.53
873,trace_offer,0,VLAN4012.0,0,1,2963.53
873,trace_offer,5,LBNL_VLAN3002.1,1,7,31.7089
873,send,0,VLAN4012.0,0,1,2963.53
873,send,5,LBNL_VLAN3002.1,1,7,31.7089
874,trace_offer,5,LBNL_VLAN3002.1,1,7,31.7089
874,trace_offer,0,VLAN4012.0,0,1,2963.53
871,receive,1,VLAN4012.1,0,0,2963.53
871,receive,7,LBNL_VLAN3001.1,3,5,31.7089
874,send,0,VLAN4012.0,0,1,2963.53
874,send,5,LBNL_VLAN3002.1,1,7,31.7089
875,trace_offer,0,VLAN4012.0,0,1,2963.53
875,trace_offer,5,LBNL_VLAN3002.1,1,7,31.7089
872,receive,7,LBNL_VLAN3001.1,3,5,31.7089
872,receive,1,VLAN4012.1,0,0,2963.53
875,send,5,LBNL_VLAN3002.1,1,7,31.7089
875,send,0,VLAN4012.0,0,1,2963.53
876,trace_offer,5,LBNL_VLAN3002.1,1,7,31.7089
876,trace_offer,0,VLAN4012.0,0,1,2963.53
873,receive,1,VLAN4012.1,0,0,2963.53
873,receive,7,LBNL_VLAN3001.1,3,5,31.7089
876,send,0,VLAN4012.0,0,1,2963.53
876,send,5,LBNL_VLAN3002.1,1,7,31.7089
877,trace_offer,5,LBNL_VLAN3002.1,1,7,31.7089
877,trace_offer,0,VLAN4012.0,0,1,2963.53
874,receive,1,VLAN4012.1,0,0,2963.53
874,receive,7,LBNL_VLAN3001.1,3,5,31.7089
877,send,0,VLAN4012.0,0,1,2963.53
877,send,5,LBNL_VLAN3002.1,1,7,31.7089
878,trace_offer,5,LBNL_VLAN3002.1,1,7,31.7089
878,trace_offer,0,VLAN4012.0,0,1,2963.53
875,receive,1,VLAN4012.1,0,0,2963.53
875,receive,7,LBNL_VLAN3001.1,3,5,31.7089
878,send,5,LBNL_VLAN3002.1,1,7,31.7089
878,send,0,VLAN4012.0,0,1,2963.53
879,trace_offer,5,LBNL_VLAN3002.1,1,7,31.7089
879,trace_offer,0,VLAN4012.0,0,1,2963.53
876,receive,1,VLAN4012.1,0,0,2963.53
876,receive,7,LBNL_VLAN3001.1,3,5,31.7089
879,send,5,LBNL_VLAN3002.1,1,7,31.7089
879,send,0,VLAN4012.0,0,1,2963.53
880,trace_offer,5,LBNL_VLAN3002.1,1,7,25.2497
880,trace_offer,0,VLAN4012.0,0,1,2954.94
877,receive,1,VLAN4012.1,0,0,2963.53
877,receive,7,LBNL_VLAN3001.1,3,5,31.7089
880,send,0,VLAN4012.0,0,1,2954.94
880,send,5,LBNL_VLAN3002.1,1,7,25.2497
881,trace_offer,5,LBNL_VLAN3002.1,1,7,25.2497
881,trace_offer,0,VLAN4012.0,0,1,2954.94
878,receive,1,VLAN4012.1,0,0,2963.53
878,receive,7,LBNL_VLAN3001.1,3,5,31.7089
881,send,5,LBNL_VLAN3002.1,1,7,25.2497
881,send,0,VLAN4012.0,0,1,2954.94
882,trace_offer,0,VLAN4012.0,0,1,2954.94
882,trace_offer,5,LBNL_VLAN3002.1,1,7,25.2497
879,receive,1,VLAN4012.1,0,0,2954.94
879,receive,7,LBNL_VLAN3001.1,3,5,31.7089
879,receive,1,VLAN4012.1,0,0,2954.94
882,send,0,VLAN4012.0,0,1,2954.94
882,send,5,LBNL_VLAN3002.1,1,7,25.2497
883,trace_offer,5,LBNL_VLAN3002.1,1,7,25.2497
883,trace_offer,0,VLAN4012.0,0,1,2954.94
880,receive,7,LBNL_VLAN3001.1,3,5,31.7089
883,send,0,VLAN4012.0,0,1,2954.94
883,send,5,LBNL_VLAN3002.1,1,7,25.2497
884,trace_offer,0,VLAN4012.0,0,1,2954.94
884,trace_offer,5,LBNL_VLAN3002.1,1,7,25.2497
881,receive,1,VLAN4012.1,0,0,2954.94
881,receive,7,LBNL_VLAN3001.1,3,5,50.4994
884,send,5,LBNL_VLAN3002.1,1,7,25.2497
884,send,0,VLAN4012.0,0,1,2954.94
885,trace_offer,0,VLAN4012.0,0,1,2954.94
885,trace_offer,5,LBNL_VLAN3002.1,1,7,25.2497
882,receive,1,VLAN4012.1,0,0,2954.94
885,send,5,LBNL_VLAN3002.1,1,7,25.2497
885,send,0,VLAN4012.0,0,1,2954.94
886,trace_offer,0,VLAN4012.0,0,1,2954.94
886,trace_offer,5,LBNL_VLAN3002.1,1,7,25.2497
883,receive,1,VLAN4012.1,0,0,2954.94
883,receive,7,LBNL_VLAN3001.1,3,5,25.2497
886,send,0,VLAN4012.0,0,1,2954.94
886,send,5,LBNL_VLAN3002.1,1,7,25.2497
887,trace_offer,0,VLAN4012.0,0,1,2954.94
887,trace_offer,5,LBNL_VLAN3002.1,1,7,25.2497
884,receive,1,VLAN4012.1,0,0,2954.94
884,receive,7,LBNL_VLAN3001.1,3,5,50.4994
884,receive,1,VLAN4012.1,0,0,2954.94
887,send,0,VLAN4012.0,0,1,2954.94
887,send,5,LBNL_VLAN3002.1,1,7,25.2497
888,trace_offer,5,LBNL_VLAN3002.1,1,7,25.2497
888,trace_offer,0,VLAN4012.0,0,1,2954.94
888,send,5,LBNL_VLAN3002.1,1,7,25.2497
888,send,0,VLAN4012.0,0,1,2954.94
889,trace_offer,0,VLAN4012.0,0,1,2954.94
889,trace_offer,5,LBNL_VLAN3002.1,1,7,25.2497
886,receive,7,LBNL_VLAN3001.1,3,5,50.4994
886,receive,1,VLAN4012.1,0,0,2954.94
889,send,5,LBNL_VLAN3002.1,1,7,25.2497
889,send,0,VLAN4012.0,0,1,2954.94
890,trace_offer,0,VLAN4012.0,0,1,2963.53
890,trace_offer,5,LBNL_VLAN3002.1,1,7,25.2497
887,receive,1,VLAN4012.1,0,0,2954.94
890,send,5,LBNL_VLAN3002.1,1,7,25.2497
890,send,0,VLAN4012.0,0,1,2963.53
891,trace_offer,5,LBNL_VLAN3002.1,1,7,25.2497
891,trace_offer,0,VLAN4012.0,0,1,2963.53
888,receive,7,LBNL_VLAN3001.1,3,5,25.2497
888,receive,1,VLAN4012.1,0,0,2954.94
891,send,0,VLAN4012.0,0,1,2963.53
891,send,5,LBNL_VLAN3002.1,1,7,25.2497
892,trace_offer,5,LBNL_VLAN3002.1,1,7,25.2497
892,trace_offer,0,VLAN4012.0,0,1,2963.53
889,receive,1,VLAN4012.1,0,0,2963.53
889,receive,7,LBNL_VLAN3001.1,3,5,50.4994
889,receive,1,VLAN4012.1,0,0,2963.53
892,send,0,VLAN4012.0,0,1,2963.53
892,send,5,LBNL_VLAN3002.1,1,7,25.2497
893,trace_offer,5,LBNL_VLAN3002.1,1,7,25.2497
893,trace_offer,0,VLAN4012.0,0,1,2963.53
893,send,5,LBNL_VLAN3002.1,1,7,25.2497
893,send,0,VLAN4012.0,0,1,2963.53
894,trace_offer,5,LBNL_VLAN3002.1,1,7,25.2497
894,trace_offer,0,VLAN4012.0,0,1,2963.53
891,receive,1,VLAN4012.1,0,0,2963.53
891,receive,7,LBNL_VLAN3001.1,3,5,50.4994
894,send,5,LBNL_VLAN3002.1,1,7,25.2497
894,send,0,VLAN4012.0,0,1,2963.53
895,trace_offer,5,LBNL_VLAN3002.1,1,7,25.2497
895,trace_offer,0,VLAN4012.0,0,1,2963.53
892,receive,1,VLAN4012.1,0,0,2963.53
892,receive,1,VLAN4012.1,0,0,2963.53
895,send,5,LBNL_VLAN3002.1,1,7,25.2497
895,send,0,VLAN4012.0,0,1,2963.53
896,trace_offer,0,VLAN4012.0,0,1,2963.53
896,trace_offer,5,LBNL_VLAN3002.1,1,7,25.2497
893,receive,7,LBNL_VLAN3001.1,3,5,25.2497
896,send,0,VLAN4012.0,0,1,2963.53
896,send,5,LBNL_VLAN3002.1,1,7,25.2497
897,trace_offer,0,VLAN4012.0,0,1,2963.53
897,trace_offer,5,LBNL_VLAN3002.1,1,7,25.2497
894,receive,7,LBNL_VLAN3001.1,3,5,50.4994
894,receive,1,VLAN4012.1,0,0,2963.53
897,send,0,VLAN4012.0,0,1,2963.53
897,send,5,LBNL_VLAN3002.1,1,7,25.2497
898,trace_offer,0,VLAN4012.0,0,1,2963.53
898,trace_offer,5,LBNL_VLAN3002.1,1,7,25.2497
895,receive,1,VLAN4012.1,0,0,2963.53
898,send,5,LBNL_VLAN3002.1,1,7,25.2497
898,send,0,VLAN4012.0,0,1,2963.53
899,trace_offer,0,VLAN4012.0,0,1,2963.53
899,trace_offer,5,LBNL_VLAN3002.1,1,7,25.2497
896,receive,7,LBNL_VLAN3001.1,3,5,50.4994
896,receive,1,VLAN4012.1,0,0,2963.53
899,send,0,VLAN4012.0,0,1,2963.53
899,send,5,LBNL_VLAN3002.1,1,7,25.2497
900,trace_offer,5,LBNL_VLAN3002.1,1,7,31.5412
900,trace_offer,0,VLAN4012.0,0,1,2989.3
897,receive,1,VLAN4012.1,0,0,2963.53
897,receive,1,VLAN4012.1,0,0,2963.53
900,send,5,LBNL_VLAN3002.1,1,7,31.5412
900,send,0,VLAN4012.0,0,1,2989.3
901,trace_offer,5,LBNL_VLAN3002.1,1,7,31.5412
901,trace_offer,0,VLAN4012.0,0,1,2989.3
898,receive,7,LBNL_VLAN3001.1,3,5,25.2497
901,send,5,LBNL_VLAN3002.1,1,7,31.5412
901,send,0,VLAN4012.0,0,1,2989.3
902,trace_offer,0,VLAN4012.0,0,1,2989.3
902,trace_offer,5,LBNL_VLAN3002.1,1,7,31.5412
899,receive,1,VLAN4012.1,0,0,2989.3
899,receive,7,LBNL_VLAN3001.1,3,5,25.2497
902,send,0,VLAN4012.0,0,1,2989.3
902,send,5,LBNL_VLAN3002.1,1,7,31.5412
903,trace_offer,0,VLAN4012.0,0,1,2989.3
903,trace_offer,5,LBNL_VLAN3002.1,1,7,31.5412
900,receive,7,LBNL_VLAN3001.1,3,5,25.2497
900,receive,1,VLAN4012.1,0,0,2989.3
903,send,0,VLAN4012.0,0,1,2989.3
903,send,5,LBNL_VLAN3002.1,1,7,31.5412
904,trace_offer,0,VLAN4012.0,0,1,2989.3
904,trace_offer,5,LBNL_VLAN3002.1,1,7,31.5412
901,receive,1,VLAN4012.1,0,0,2989.3
901,receive,7,LBNL_VLAN3001.1,3,5,63.0823
904,send,0,VLAN4012.0,0,1,2989.3
904,send,5,LBNL_VLAN3002.1,1,7,31.5412
905,trace_offer,5,LBNL_VLAN3002.1,1,7,31.5412
905,trace_offer,0,VLAN4012.0,0,1,2989.3
902,receive,1,VLAN4012.1,0,0,2989.3
905,send,0,VLAN4012.0,0,1,2989.3
905,send,5,LBNL_VLAN3002.1,1,7,31.5412
906,trace_offer,0,VLAN4012.0,0,1,2989.3
906,trace_offer,5,LBNL_VLAN3002.1,1,7,31.5412
903,receive,1,VLAN4012.1,0,0,2989.3
903,receive,7,LBNL_VLAN3001.1,3,5,31.5412
906,send,0,VLAN4012.0,0,1,2989.3
906,send,5,LBNL_VLAN3002.1,1,7,31.5412
907,trace_offer,0,VLAN4012.0,0,1,2989.3
907,trace_offer,5,LBNL_VLAN3002.1,1,7,31.5412
904,receive,7,LBNL_VLAN3001.1,3,5,63.0823
904,receive,1,VLAN4012.1,0,0,2989.3
907,send,5,LBNL_VLAN3002.1,1,7,31.5412
907,send,0,VLAN4012.0,0,1,2989.3
908,trace_offer,0,VLAN4012.0,0,1,2989.3
908,trace_offer,5,LBNL_VLAN3002.1,1,7,31.5412
905,receive,1,VLAN4012.1,0,0,2989.3
908,send,5,LBNL_VLAN3002.1,1,7,31.5412
908,send,0,VLAN4012.0,0,1,2989.3
909,trace_offer,0,VLAN4012.0,0,1,2989.3
909,trace_offer,5,LBNL_VLAN3002.1,1,7,31.5412
906,receive,1,VLAN4012.1,0,0,2989.3
906,receive,7,LBNL_VLAN3001.1,3,5,31.5412
909,send,0,VLAN4012.0,0,1,2989.3
909,send,5,LBNL_VLAN3002.1,1,7,31.5412
910,trace_offer,0,VLAN4012.0,0,1,2954.94
910,trace_offer,5,LBNL_VLAN3002.1,1,7,25.3336
907,receive,7,LBNL_VLAN3001.1,3,5,31.5412
907,receive,1,VLAN4012.1,0,0,2989.3
907,receive,1,VLAN4012.1,0,0,2989.3
910,send,5,LBNL_VLAN3002.1,1,7,25.3336
910,send,0,VLAN4012.0,0,1,2954.94
911,trace_offer,5,LBNL_VLAN3002.1,1,7,25.3336
911,trace_offer,0,VLAN4012.0,0,1,2954.94
908,receive,7,LBNL_VLAN3001.1,3,5,31.5412
911,send,5,LBNL_VLAN3002.1,1,7,25.3336
911,send,0,VLAN4012.0,0,1,2954.94
912,trace_offer,0,VLAN4012.0,0,1,2954.94
912,trace_offer,5,LBNL_VLAN3002.1,1,7,25.3336
909,receive,1,VLAN4012.1,0,0,2954.94
909,receive,7,LBNL_VLAN3001.1,3,5,63.0823
909,receive,1,VLAN4012.1,0,0,2954.94
912,send,0,VLAN4012.0,0,1,2954.94
912,send,5,LBNL_VLAN3002.1,1,7,25.3336
913,trace_offer,5,LBNL_VLAN3002.1,1,7,25.3336
913,trace_offer,0,VLAN4012.0,0,1,2954.94
913,send,5,LBNL_VLAN3002.1,1,7,25.3336
913,send,0,VLAN4012.0,0,1,2954.94
914,trace_offer,5,LBNL_VLAN3002.1,1,7,25.3336
914,trace_offer,0,VLAN4012.0,0,1,2954.94
911,receive,7,LBNL_VLAN3001.1,3,5,25.3336
911,receive,1,VLAN4012.1,0,0,2954.94
914,send,5,LBNL_VLAN3002.1,1,7,25.3336
914,send,0,VLAN4012.0,0,1,2954.94
915,trace_offer,5,LBNL_VLAN3002.1,1,7,25.3336
915,trace_offer,0,VLAN4012.0,0,1,2954.94
912,receive,7,LBNL_VLAN3001.1,3,5,25.3336
912,receive,1,VLAN4012.1,0,0,2954.94
915,send,5,LBNL_VLAN3002.1,1,7,25.3336
915,send,0,VLAN4012.0,0,1,2954.94
916,trace_offer,5,LBNL_VLAN3002.1,1,7,25.3336
916,trace_offer,0,VLAN4012.0,0,1,2954.94
913,receive,7,LBNL_VLAN3001.1,3,5,25.3336
913,receive,1,VLAN4012.1,0,0,2954.94
916,send,0,VLAN4012.0,0,1,2954.94
916,send,5,LBNL_VLAN3002.1,1,7,25.3336
917,trace_offer,0,VLAN4012.0,0,1,2954.94
917,trace_offer,5,LBNL_VLAN3002.1,1,7,25.3336
914,receive,1,VLAN4012.1,0,0,2954.94
914,receive,7,LBNL_VLAN3001.1,3,5,25.3336
917,send,0,VLAN4012.0,0,1,2954.94
917,send,5,LBNL_VLAN3002.1,1,7,25.3336
918,trace_offer,5,LBNL_VLAN3002.1,1,7,25.3336
918,trace_offer,0,VLAN4012.0,0,1,2954.94
915,receive,1,VLAN4012.1,0,0,2954.94
915,receive,7,LBNL_VLAN3001.1,3,5,25.3336
918,send,0,VLAN4012.0,0,1,2954.94
918,send,5,LBNL_VLAN3002.1,1,7,25.3336
919,trace_offer,5,LBNL_VLAN3002.1,1,7,25.3336
919,trace_offer,0,VLAN4012.0,0,1,2954.94
916,receive,7,LBNL_VLAN3001.1,3,5,50.6672
916,receive,1,VLAN4012.1,0,0,2954.94
919,send,0,VLAN4012.0,0,1,2954.94
919,send,5,LBNL_VLAN3002.1,1,7,25.3336
920,trace_offer,5,LBNL_VLAN3002.1,1,7,31.7089
920,trace_offer,0,VLAN4012.0,0,1,2946.35
917,receive,1,VLAN4012.1,0,0,2954.94
917,receive,1,VLAN4012.1,0,0,2954.94
920,send,5,LBNL_VLAN3002.1,1,7,31.7089
920,send,0,VLAN4012.0,0,1,2946.35
921,trace_offer,0,VLAN4012.0,0,1,2946.35
921,trace_offer,5,LBNL_VLAN3002.1,1,7,31.7089
918,receive,7,LBNL_VLAN3001.1,3,5,25.3336
921,send,5,LBNL_VLAN3002.1,1,7,31.7089
921,send,0,VLAN4012.0,0,1,2946.35
922,trace_offer,0,VLAN4012.0,0,1,2946.35
922,trace_offer,5,LBNL_VLAN3002.1,1,7,31.7089
919,receive,7,LBNL_VLAN3001.1,3,5,25.3336
919,receive,1,VLAN4012.1,0,0,2946.35
922,send,5,LBNL_VLAN3002.1,1,7,31.7089
922,send,0,VLAN4012.0,0,1,2946.35
923,trace_offer,5,LBNL_VLAN3002.1,1,7,31.7089
923,trace_offer,0,VLAN4012.0,0,1,2946.35
920,receive,1,VLAN4012.1,0,0,2946.35
920,receive,7,LBNL_VLAN3001.1,3,5,25.3336
923,send,5,LBNL_VLAN3002.1,1,7,31.7089
923,send,0,VLAN4012.0,0,1,2946.35
924,trace_offer,5,LBNL_VLAN3002.1,1,7,31.7089
924,trace_offer,0,VLAN4012.0,0,1,2946.35
921,receive,1,VLAN4012.1,0,0,2946.35
921,receive,7,LBNL_VLAN3001.1,3,5,63.4179
924,send,5,LBNL_VLAN3002.1,1,7,31.7089
924,send,0,VLAN4012.0,0,1,2946.35
925,trace_offer,0,VLAN4012.0,0,1,2946.35
925,trace_offer,5,LBNL_VLAN3002.1,1,7,31.7089
922,receive,1,VLAN4012.1,0,0,2946.35
922,receive,1,VLAN4012.1,0,0,2946.35
925,send,0,VLAN4012.0,0,1,2946.35
925,send,5,LBNL_VLAN3002.1,1,7,31.7089
926,trace_offer,0,VLAN4012.0,0,1,2946.35
926,trace_offer,5,LBNL_VLAN3002.1,1,7,31.7089
923,receive,7,LBNL_VLAN3001.1,3,5,31.7089
926,send,0,VLAN4012.0,0,1,2946.35
926,send,5,LBNL_VLAN3002.1,1,7,31.7089
927,trace_offer,5,LBNL_VLAN3002.1,1,7,31.7089
927,trace_offer,0,VLAN4012.0,0,1,2946.35
924,receive,7,LBNL_VLAN3001.1,3,5,31.7089
924,receive,1,VLAN4012.1,0,0,2946.35
927,send,0,VLAN4012.0,0,1,2946.35
927,send,5,LBNL_VLAN3002.1,1,7,31.7089
928,trace_offer,0,VLAN4012.0,0,1,2946.35
928,trace_offer,5,LBNL_VLAN3002.1,1,7,31.7089
925,receive,1,VLAN4012.1,0,0,2946.35
925,receive,7,LBNL_VLAN3001.1,3,5,31.7089
928,send,0,VLAN4012.0,0,1,2946.35
928,send,5,LBNL_VLAN3002.1,1,7,31.7089
929,trace_offer,5,LBNL_VLAN3002.1,1,7,31.7089
929,trace_offer,0,VLAN4012.0,0,1,2946.35
926,receive,1,VLAN4012.1,0,0,2946.35
926,receive,7,LBNL_VLAN3001.1,3,5,63.4179
929,send,0,VLAN4012.0,0,1,2946.35
929,send,5,LBNL_VLAN3002.1,1,7,31.7089
930,trace_offer,5,LBNL_VLAN3002.1,1,7,25.1658
930,trace_offer,0,VLAN4012.0,0,1,2937.76
927,receive,1,VLAN4012.1,0,0,2946.35
930,send,5,LBNL_VLAN3002.1,1,7,25.1658
930,send,0,VLAN4012.0,0,1,2937.76
931,trace_offer,5,LBNL_VLAN3002.1,1,7,25.1658
931,trace_offer,0,VLAN4012.0,0,1,2937.76
928,receive,7,LBNL_VLAN3001.1,3,5,31.7089
928,receive,1,VLAN4012.1,0,0,2946.35
931,send,0,VLAN4012.0,0,1,2937.76
931,send,5,LBNL_VLAN3002.1,1,7,25.1658
932,trace_offer,0,VLAN4012.0,0,1,2937.76
932,trace_offer,5,LBNL_VLAN3002.1,1,7,25.1658
929,receive,7,LBNL_VLAN3001.1,3,5,63.4179
929,receive,1,VLAN4012.1,0,0,2937.76
929,receive,1,VLAN4012.1,0,0,2937.76
932,send,0,VLAN4012.0,0,1,2937.76
932,send,5,LBNL_VLAN3002.1,1,7,25.1658
933,trace_offer,0,VLAN4012.0,0,1,2937.76
933,trace_offer,5,LBNL_VLAN3002.1,1,7,25.1658
933,send,5,LBNL_VLAN3002.1,1,7,25.1658
933,send,0,VLAN4012.0,0,1,2937.76
934,trace_offer,0,VLAN4012.0,0,1,2937.76
934,trace_offer,5,LBNL_VLAN3002.1,1,7,25.1658
931,receive,7,LBNL_VLAN3001.1,3,5,25.1658
931,receive,1,VLAN4012.1,0,0,2937.76
934,send,5,LBNL_VLAN3002.1,1,7,25.1658
934,send,0,VLAN4012.0,0,1,2937.76
935,trace_offer,5,LBNL_VLAN3002.1,1,7,25.1658
935,trace_offer,0,VLAN4012.0,0,1,2937.76
932,receive,1,VLAN4012.1,0,0,2937.76
932,receive,1,VLAN4012.1,0,0,2937.76
932,receive,7,LBNL_VLAN3001.1,3,5,25.1658
935,send,5,LBNL_VLAN3002.1,1,7,25.1658
935,send,0,VLAN4012.0,0,1,2937.76
936,trace_offer,0,VLAN4012.0,0,1,2937.76
936,trace_offer,5,LBNL_VLAN3002.1,1,7,25.1658
933,receive,7,LBNL_VLAN3001.1,3,5,25.1658
936,send,5,LBNL_VLAN3002.1,1,7,25.1658
936,send,0,VLAN4012.0,0,1,2937.76
937,trace_offer,5,LBNL_VLAN3002.1,1,7,25.1658
937,trace_offer,0,VLAN4012.0,0,1,2937.76
934,receive,1,VLAN4012.1,0,0,2937.76
934,receive,7,LBNL_VLAN3001.1,3,5,25.1658
934,receive,1,VLAN4012.1,0,0,2937.76
937,send,5,LBNL_VLAN3002.1,1,7,25.1658
937,send,0,VLAN4012.0,0,1,2937.76
938,trace_offer,5,LBNL_VLAN3002.1,1,7,25.1658
938,trace_offer,0,VLAN4012.0,0,1,2937.76
935,receive,7,LBNL_VLAN3001.1,3,5,25.1658
938,send,5,LBNL_VLAN3002.1,1,7,25.1658
938,send,0,VLAN4012.0,0,1,2937.76
939,trace_offer,0,VLAN4012.0,0,1,2937.76
939,trace_offer,5,LBNL_VLAN3002.1,1,7,25.1658
936,receive,7,LBNL_VLAN3001.1,3,5,50.3316
936,receive,1,VLAN4012.1,0,0,2937.76
939,send,5,LBNL_VLAN3002.1,1,7,25.1658
939,send,0,VLAN4012.0,0,1,2937.76
940,trace_offer,0,VLAN4012.0,0,1,2946.35
940,trace_offer,5,LBNL_VLAN3002.1,1,7,31.7089
937,receive,1,VLAN4012.1,0,0,2937.76
940,send,5,LBNL_VLAN3002.1,1,7,31.7089
940,send,0,VLAN4012.0,0,1,2946.35
941,trace_offer,0,VLAN4012.0,0,1,2946.35
941,trace_offer,5,LBNL_VLAN3002.1,1,7,31.7089
938,receive,1,VLAN4012.1,0,0,2937.76
938,receive,7,LBNL_VLAN3001.1,3,5,25.1658
941,send,5,LBNL_VLAN3002.1,1,7,31.7089
941,send,0,VLAN4012.0,0,1,2946.35
942,trace_offer,0,VLAN4012.0,0,1,2946.35
942,trace_offer,5,LBNL_VLAN3002.1,1,7,31.7089
939,receive,1,VLAN4012.1,0,0,2946.35
939,receive,7,LBNL_VLAN3001.1,3,5,50.3316
942,send,0,VLAN4012.0,0,1,2946.35
942,send,5,LBNL_VLAN3002.1,1,7,31.7089
943,trace_offer,0,VLAN4012.0,0,1,2946.35
943,trace_offer,5,LBNL_VLAN3002.1,1,7,31.7089
940,receive,1,VLAN4012.1,0,0,2946.35
943,send,5,LBNL_VLAN3002.1,1,7,31.7089
943,send,0,VLAN4012.0,0,1,2946.35
944,trace_offer,5,LBNL_VLAN3002.1,1,7,31.7089
944,trace_offer,0,VLAN4012.0,0,1,2946.35
941,receive,7,LBNL_VLAN3001.1,3,5,31.7089
941,receive,1,VLAN4012.1,0,0,2946.35
944,send,5,LBNL_VLAN3002.1,1,7,31.7089
944,send,0,VLAN4012.0,0,1,2946.35
945,trace_offer,5,LBNL_VLAN3002.1,1,7,31.7089
945,trace_offer,0,VLAN4012.0,0,1,2946.35
942,receive,7,LBNL_VLAN3001.1,3,5,31.7089
942,receive,1,VLAN4012.1,0,0,2946.35
945,send,5,LBNL_VLAN3002.1,1,7,31.7089
945,send,0,VLAN4012.0,0,1,2946.35
946,trace_offer,5,LBNL_VLAN3002.1,1,7,31.7089
946,trace_offer,0,VLAN4012.0,0,1,2946.35
943,receive,7,LBNL_VLAN3001.1,3,5,31.7089
943,receive,1,VLAN4012.1,0,0,2946.35
946,send,0,VLAN4012.0,0,1,2946.35
946,send,5,LBNL_VLAN3002.1,1,7,31.7089
947,trace_offer,0,VLAN4012.0,0,1,2946.35
947,trace_offer,5,LBNL_VLAN3002.1,1,7,31.7089
944,receive,7,LBNL_VLAN3001.1,3,5,63.4179
944,receive,1,VLAN4012.1,0,0,2946.35
947,send,5,LBNL_VLAN3002.1,1,7,31.7089
947,send,0,VLAN4012.0,0,1,2946.35
948,trace_offer,0,VLAN4012.0,0,1,2946.35
948,trace_offer,5,LBNL_VLAN3002.1,1,7,31.7089
945,receive,1,VLAN4012.1,0,0,2946.35
948,send,5,LBNL_VLAN3002.1,1,7,31.7089
948,send,0,VLAN4012.0,0,1,2946.35
949,trace_offer,0,VLAN4012.0,0,1,2946.35
949,trace_offer,5,LBNL_VLAN3002.1,1,7,31.7089
946,receive,7,LBNL_VLAN3001.1,3,5,31.7089
946,receive,1,VLAN4012.1,0,0,2946.35
949,send,0,VLAN4012.0,0,1,2946.35
949,send,5,LBNL_VLAN3002.1,1,7,31.7089
950,trace_offer,0,VLAN4012.0,0,1,2954.94
950,trace_offer,5,LBNL_VLAN3002.1,1,7,25.5014
947,receive,1,VLAN4012.1,0,0,2946.35
947,receive,1,VLAN4012.1,0,0,2946.35
947,receive,7,LBNL_VLAN3001.1,3,5,31.7089
950,send,0,VLAN4012.0,0,1,2954.94
950,send,5,LBNL_VLAN3002.1,1,7,25.5014
951,trace_offer,5,LBNL_VLAN3002.1,1,7,25.5014
951,trace_offer,0,VLAN4012.0,0,1,2954.94
948,receive,7,LBNL_VLAN3001.1,3,5,31.7089
951,send,5,LBNL_VLAN3002.1,1,7,25.5014
951,send,0,VLAN4012.0,0,1,2954.94
952,trace_offer,0,VLAN4012.0,0,1,2954.94
952,trace_offer,5,LBNL_VLAN3002.1,1,7,25.5014
949,receive,7,LBNL_VLAN3001.1,3,5,63.4179
949,receive,1,VLAN4012.1,0,0,2954.94
952,send,0,VLAN4012.0,0,1,2954.94
952,send,5,LBNL_VLAN3002.1,1,7,25.5014
953,trace_offer,0,VLAN4012.0,0,1,2954.94
953,trace_offer,5,LBNL_VLAN3002.1,1,7,25.5014
950,receive,1,VLAN4012.1,0,0,2954.94
953,send,0,VLAN4012.0,0,1,2954.94
953,send,5,LBNL_VLAN3002.1,1,7,25.5014
954,trace_offer,0,VLAN4012.0,0,1,2954.94
954,trace_offer,5,LBNL_VLAN3002.1,1,7,25.5014
951,receive,7,LBNL_VLAN3001.1,3,5,51.0027
951,receive,1,VLAN4012.1,0,0,2954.94
954,send,0,VLAN4012.0,0,1,2954.94
954,send,5,LBNL_VLAN3002.1,1,7,25.5014
955,trace_offer,0,VLAN4012.0,0,1,2954.94
955,trace_offer,5,LBNL_VLAN3002.1,1,7,25.5014
952,receive,1,VLAN4012.1,0,0,2954.94
952,receive,1,VLAN4012.1,0,0,2954.94
955,send,0,VLAN4012.0,0,1,2954.94
955,send,5,LBNL_VLAN3002.1,1,7,25.5014
956,trace_offer,5,LBNL_VLAN3002.1,1,7,25.5014
956,trace_offer,0,VLAN4012.0,0,1,2954.94
953,receive,7,LBNL_VLAN3001.1,3,5,25.5014
956,send,5,LBNL_VLAN3002.1,1,7,25.5014
956,send,0,VLAN4012.0,0,1,2954.94
957,trace_offer,0,VLAN4012.0,0,1,2954.94
957,trace_offer,5,LBNL_VLAN3002.1,1,7,25.5014
954,receive,1,VLAN4012.1,0,0,2954.94
954,receive,7,LBNL_VLAN3001.1,3,5,25.5014
957,send,0,VLAN4012.0,0,1,2954.94
957,send,5,LBNL_VLAN3002.1,1,7,25.5014
958,trace_offer,0,VLAN4012.0,0,1,2954.94
958,trace_offer,5,LBNL_VLAN3002.1,1,7,25.5014
955,receive,7,LBNL_VLAN3001.1,3,5,25.5014
955,receive,1,VLAN4012.1,0,0,2954.94
958,send,5,LBNL_VLAN3002.1,1,7,25.5014
958,send,0,VLAN4012.0,0,1,2954.94
959,trace_offer,5,LBNL_VLAN3002.1,1,7,25.5014
959,trace_offer,0,VLAN4012.0,0,1,2954.94
956,receive,7,LBNL_VLAN3001.1,3,5,25.5014
956,receive,1,VLAN4012.1,0,0,2954.94
959,send,5,LBNL_VLAN3002.1,1,7,25.5014
959,send,0,VLAN4012.0,0,1,2954.94
960,trace_offer,5,LBNL_VLAN3002.1,1,7,31.3734
960,trace_offer,0,VLAN4012.0,0,1,2963.53
957,receive,1,VLAN4012.1,0,0,2954.94
957,receive,1,VLAN4012.1,0,0,2954.94
957,receive,7,LBNL_VLAN3001.1,3,5,25.5014
960,send,5,LBNL_VLAN3002.1,1,7,31.3734
960,send,0,VLAN4012.0,0,1,2963.53
961,trace_offer,0,VLAN4012.0,0,1,2963.53
961,trace_offer,5,LBNL_VLAN3002.1,1,7,31.3734
958,receive,7,LBNL_VLAN3001.1,3,5,25.5014
961,send,5,LBNL_VLAN3002.1,1,7,31.3734
961,send,0,VLAN4012.0,0,1,2963.53
962,trace_offer,0,VLAN4012.0,0,1,2963.53
962,trace_offer,5,LBNL_VLAN3002.1,1,7,31.3734
959,receive,1,VLAN4012.1,0,0,2963.53
959,receive,7,LBNL_VLAN3001.1,3,5,51.0027
962,send,0,VLAN4012.0,0,1,2963.53
962,send,5,LBNL_VLAN3002.1,1,7,31.3734
963,trace_offer,5,LBNL_VLAN3002.1,1,7,31.3734
963,trace_offer,0,VLAN4012.0,0,1,2963.53
960,receive,1,VLAN4012.1,0,0,2963.53
963,send,5,LBNL_VLAN3002.1,1,7,31.3734
963,send,0,VLAN4012.0,0,1,2963.53
964,trace_offer,5,LBNL_VLAN3002.1,1,7,31.3734
964,trace_offer,0,VLAN4012.0,0,1,2963.53
961,receive,1,VLAN4012.1,0,0,2963.53
961,receive,7,LBNL_VLAN3001.1,3,5,31.3734
964,send,5,LBNL_VLAN3002.1,1,7,31.3734
964,send,0,VLAN4012.0,0,1,2963.53
965,trace_offer,0,VLAN4012.0,0,1,2963.53
965,trace_offer,5,LBNL_VLAN3002.1,1,7,31.3734
962,receive,1,VLAN4012.1,0,0,2963.53
962,receive,7,LBNL_VLAN3001.1,3,5,31.3734
965,send,0,VLAN4012.0,0,1,2963.53
965,send,5,LBNL_VLAN3002.1,1,7,31.3734
966,trace_offer,5,LBNL_VLAN3002.1,1,7,31.3734
966,trace_offer,0,VLAN4012.0,0,1,2963.53
963,receive,7,LBNL_VLAN3001.1,3,5,31.3734
963,receive,1,VLAN4012.1,0,0,2963.53
966,send,5,LBNL_VLAN3002.1,1,7,31.3734
966,send,0,VLAN4012.0,0,1,2963.53
967,trace_offer,0,VLAN4012.0,0,1,2963.53
967,trace_offer,5,LBNL_VLAN3002.1,1,7,31.3734
964,receive,1,VLAN4012.1,0,0,2963.53
964,receive,7,LBNL_VLAN3001.1,3,5,31.3734
964,receive,1,VLAN4012.1,0,0,2963.53
967,send,0,VLAN4012.0,0,1,2963.53
967,send,5,LBNL_VLAN3002.1,1,7,31.3734
968,trace_offer,5,LBNL_VLAN3002.1,1,7,31.3734
968,trace_offer,0,VLAN4012.0,0,1,2963.53
965,receive,7,LBNL_VLAN3001.1,3,5,31.3734
968,send,0,VLAN4012.0,0,1,2963.53
968,send,5,LBNL_VLAN3002.1,1,7,31.3734
969,trace_offer,0,VLAN4012.0,0,1,2963.53
969,trace_offer,5,LBNL_VLAN3002.1,1,7,31.3734
966,receive,7,LBNL_VLAN3001.1,3,5,62.7468
966,receive,1,VLAN4012.1,0,0,2963.53
969,send,0,VLAN4012.0,0,1,2963.53
969,send,5,LBNL_VLAN3002.1,1,7,31.3734
970,trace_offer,0,VLAN4012.0,0,1,2972.12
970,trace_offer,5,LBNL_VLAN3002.1,1,7,25.3336
967,receive,1,VLAN4012.1,0,0,2963.53
967,receive,1,VLAN4012.1,0,0,2963.53
970,send,0,VLAN4012.0,0,1,2972.12
970,send,5,LBNL_VLAN3002.1,1,7,25.3336
971,trace_offer,5,LBNL_VLAN3002.1,1,7,25.3336
971,trace_offer,0,VLAN4012.0,0,1,2972.12
968,receive,7,LBNL_VLAN3001.1,3,5,31.3734
971,send,0,VLAN4012.0,0,1,2972.12
971,send,5,LBNL_VLAN3002.1,1,7,25.3336
972,trace_offer,0,VLAN4012.0,0,1,2972.12
972,trace_offer,5,LBNL_VLAN3002.1,1,7,25.3336
969,receive,7,LBNL_VLAN3001.1,3,5,31.3734
969,receive,1,VLAN4012.1,0,0,2972.12
972,send,5,LBNL_VLAN3002.1,1,7,25.3336
972,send,0,VLAN4012.0,0,1,2972.12
973,trace_offer,0,VLAN4012.0,0,1,2972.12
973,trace_offer,5,LBNL_VLAN3002.1,1,7,25.3336
970,receive,1,VLAN4012.1,0,0,2972.12
970,receive,7,LBNL_VLAN3001.1,3,5,31.3734
973,send,0,VLAN4012.0,0,1,2972.12
973,send,5,LBNL_VLAN3002.1,1,7,25.3336
974,trace_offer,0,VLAN4012.0,0,1,2972.12
974,trace_offer,5,LBNL_VLAN3002.1,1,7,25.3336
971,receive,7,LBNL_VLAN3001.1,3,5,50.6672
971,receive,1,VLAN4012.1,0,0,2972.12
974,send,5,LBNL_VLAN3002.1,1,7,25.3336
974,send,0,VLAN4012.0,0,1,2972.12
975,trace_offer,5,LBNL_VLAN3002.1,1,7,25.3336
975,trace_offer,0,VLAN4012.0,0,1,2972.12
972,receive,1,VLAN4012.1,0,0,2972.12
972,receive,1,VLAN4012.1,0,0,2972.12
975,send,0,VLAN4012.0,0,1,2972.12
975,send,5,LBNL_VLAN3002.1,1,7,25.3336
976,trace_offer,5,LBNL_VLAN3002.1,1,7,25.3336
976,trace_offer,0,VLAN4012.0,0,1,2972.12
973,receive,7,LBNL_VLAN3001.1,3,5,25.3336
976,send,0,VLAN4012.0,0,1,2972.12
976,send,5,LBNL_VLAN3002.1,1,7,25.3336
977,trace_offer,5,LBNL_VLAN3002.1,1,7,25.3336
977,trace_offer,0,VLAN4012.0,0,1,2972.12
974,receive,7,LBNL_VLAN3001.1,3,5,50.6672
974,receive,1,VLAN4012.1,0,0,2972.12
974,receive,1,VLAN4012.1,0,0,2972.12
977,send,0,VLAN4012.0,0,1,2972.12
977,send,5,LBNL_VLAN3002.1,1,7,25.3336
978,trace_offer,0,VLAN4012.0,0,1,2972.12
978,trace_offer,5,LBNL_VLAN3002.1,1,7,25.3336
978,send,0,VLAN4012.0,0,1,2972.12
978,send,5,LBNL_VLAN3002.1,1,7,25.3336
979,trace_offer,0,VLAN4012.0,0,1,2972.12
979,trace_offer,5,LBNL_VLAN3002.1,1,7,25.3336
976,receive,7,LBNL_VLAN3001.1,3,5,50.6672
976,receive,1,VLAN4012.1,0,0,2972.12
979,send,5,LBNL_VLAN3002.1,1,7,25.3336
979,send,0,VLAN4012.0,0,1,2972.12
980,trace_offer,5,LBNL_VLAN3002.1,1,7,31.5412
980,trace_offer,0,VLAN4012.0,0,1,2989.3
977,receive,1,VLAN4012.1,0,0,2972.12
977,receive,1,VLAN4012.1,0,0,2972.12
980,send,5,LBNL_VLAN3002.1,1,7,31.5412
980,send,0,VLAN4012.0,0,1,2989.3
981,trace_offer,0,VLAN4012.0,0,1,2989.3
981,trace_offer,5,LBNL_VLAN3002.1,1,7,31.5412
978,receive,7,LBNL_VLAN3001.1,3,5,25.3336
981,send,0,VLAN4012.0,0,1,2989.3
981,send,5,LBNL_VLAN3002.1,1,7,31.5412
982,trace_offer,0,VLAN4012.0,0,1,2989.3
982,trace_offer,5,LBNL_VLAN3002.1,1,7,31.5412
979,receive,1,VLAN4012.1,0,0,2989.3
979,receive,7,LBNL_VLAN3001.1,3,5,25.3336
979,receive,1,VLAN4012.1,0,0,2989.3
982,send,0,VLAN4012.0,0,1,2989.3
982,send,5,LBNL_VLAN3002.1,1,7,31.5412
983,trace_offer,5,LBNL_VLAN3002.1,1,7,31.5412
983,trace_offer,0,VLAN4012.0,0,1,2989.3
980,receive,7,LBNL_VLAN3001.1,3,5,25.3336
983,send,5,LBNL_VLAN3002.1,1,7,31.5412
983,send,0,VLAN4012.0,0,1,2989.3
984,trace_offer,0,VLAN4012.0,0,1,2989.3
984,trace_offer,5,LBNL_VLAN3002.1,1,7,31.5412
981,receive,7,LBNL_VLAN3001.1,3,5,31.5412
981,receive,1,VLAN4012.1,0,0,2989.3
984,send,5,LBNL_VLAN3002.1,1,7,31.5412
984,send,0,VLAN4012.0,0,1,2989.3
985,trace_offer,0,VLAN4012.0,0,1,2989.3
985,trace_offer,5,LBNL_VLAN3002.1,1,7,31.5412
982,receive,7,LBNL_VLAN3001.1,3,5,31.5412
982,receive,1,VLAN4012.1,0,0,2989.3
985,send,0,VLAN4012.0,0,1,2989.3
985,send,5,LBNL_VLAN3002.1,1,7,31.5412
986,trace_offer,5,LBNL_VLAN3002.1,1,7,31.5412
986,trace_offer,0,VLAN4012.0,0,1,2989.3
983,receive,7,LBNL_VLAN3001.1,3,5,31.5412
983,receive,1,VLAN4012.1,0,0,2989.3
986,send,0,VLAN4012.0,0,1,2989.3
986,send,5,LBNL_VLAN3002.1,1,7,31.5412
987,trace_offer,0,VLAN4012.0,0,1,2989.3
987,trace_offer,5,LBNL_VLAN3002.1,1,7,31.5412
984,receive,1,VLAN4012.1,0,0,2989.3
984,receive,7,LBNL_VLAN3001.1,3,5,63.0823
987,send,0,VLAN4012.0,0,1,2989.3
987,send,5,LBNL_VLAN3002.1,1,7,31.5412
988,trace_offer,5,LBNL_VLAN3002.1,1,7,31.5412
988,trace_offer,0,VLAN4012.0,0,1,2989.3
985,receive,1,VLAN4012.1,0,0,2989.3
988,send,5,LBNL_VLAN3002.1,1,7,31.5412
988,send,0,VLAN4012.0,0,1,2989.3
989,trace_offer,5,LBNL_VLAN3002.1,1,7,31.5412
989,trace_offer,0,VLAN4012.0,0,1,2989.3
986,receive,1,VLAN4012.1,0,0,2989.3
986,receive,7,LBNL_VLAN3001.1,3,5,63.0823
989,send,0,VLAN4012.0,0,1,2989.3
989,send,5,LBNL_VLAN3002.1,1,7,31.5412
990,trace_offer,0,VLAN4012.0,0,1,3006.48
990,trace_offer,5,LBNL_VLAN3002.1,1,7,25.3336
987,receive,1,VLAN4012.1,0,0,2989.3
987,receive,1,VLAN4012.1,0,0,2989.3
990,send,0,VLAN4012.0,0,1,3006.48
990,send,5,LBNL_VLAN3002.1,1,7,25.3336
991,trace_offer,0,VLAN4012.0,0,1,3006.48
991,trace_offer,5,LBNL_VLAN3002.1,1,7,25.3336
988,receive,7,LBNL_VLAN3001.1,3,5,31.5412
991,send,5,LBNL_VLAN3002.1,1,7,25.3336
991,send,0,VLAN4012.0,0,1,3006.48
992,trace_offer,5,LBNL_VLAN3002.1,1,7,25.3336
992,trace_offer,0,VLAN4012.0,0,1,3006.48
989,receive,7,LBNL_VLAN3001.1,3,5,63.0823
989,receive,1,VLAN4012.1,0,0,3006.48
992,send,5,LBNL_VLAN3002.1,1,7,25.3336
992,send,0,VLAN4012.0,0,1,3006.48
993,trace_offer,5,LBNL_VLAN3002.1,1,7,25.3336
993,trace_offer,0,VLAN4012.0,0,1,3006.48
990,receive,1,VLAN4012.1,0,0,3006.48
993,send,0,VLAN4012.0,0,1,3006.48
993,send,5,LBNL_VLAN3002.1,1,7,25.3336
994,trace_offer,5,LBNL_VLAN3002.1,1,7,25.3336
994,trace_offer,0,VLAN4012.0,0,1,3006.48
991,receive,1,VLAN4012.1,0,0,3006.48
991,receive,7,LBNL_VLAN3001.1,3,5,25.3336
994,send,0,VLAN4012.0,0,1,3006.48
994,send,5,LBNL_VLAN3002.1,1,7,25.3336
995,trace_offer,5,LBNL_VLAN3002.1,1,7,25.3336
995,trace_offer,0,VLAN4012.0,0,1,3006.48
992,receive,1,VLAN4012.1,0,0,3006.48
992,receive,7,LBNL_VLAN3001.1,3,5,25.3336
995,send,0,VLAN4012.0,0,1,3006.48
995,send,5,LBNL_VLAN3002.1,1,7,25.3336
996,trace_offer,0,VLAN4012.0,0,1,3006.48
996,trace_offer,5,LBNL_VLAN3002.1,1,7,25.3336
993,receive,1,VLAN4012.1,0,0,3006.48
993,receive,7,LBNL_VLAN3001.1,3,5,25.3336
996,send,5,LBNL_VLAN3002.1,1,7,25.3336
996,send,0,VLAN4012.0,0,1,3006.48
997,trace_offer,0,VLAN4012.0,0,1,3006.48
997,trace_offer,5,LBNL_VLAN3002.1,1,7,25.3336
994,receive,1,VLAN4012.1,0,0,3006.48
994,receive,7,LBNL_VLAN3001.1,3,5,50.6672
997,send,0,VLAN4012.0,0,1,3006.48
997,send,5,LBNL_VLAN3002.1,1,7,25.3336
998,trace_offer,5,LBNL_VLAN3002.1,1,7,25.3336
998,trace_offer,0,VLAN4012.0,0,1,3006.48
995,receive,1,VLAN4012.1,0,0,3006.48
998,send,0,VLAN4012.0,0,1,3006.48
998,send,5,LBNL_VLAN3002.1,1,7,25.3336
999,trace_offer,0,VLAN4012.0,0,1,3006.48
999,trace_offer,5,LBNL_VLAN3002.1,1,7,25.3336
996,receive,1,VLAN4012.1,0,0,3006.48
996,receive,7,LBNL_VLAN3001.1,3,5,25.3336
999,send,0,VLAN4012.0,0,1,3006.48
999,send,5,LBNL_VLAN3002.1,1,7,25.3336
1000,trace_offer,0,VLAN4012.0,0,1,2972.12
1000,trace_offer,5,LBNL_VLAN3002.1,1,7,25.5014
997,receive,1,VLAN4012.1,0,0,3006.48
997,receive,7,LBNL_VLAN3001.1,3,5,25.3336
997,receive,1,VLAN4012.1,0,0,3006.48
1000,send,5,LBNL_VLAN3002.1,1,7,25.5014
1000,send,0,VLAN4012.0,0,1,2972.12
1001,trace_offer,0,VLAN4012.0,0,1,2972.12
1001,trace_offer,5,LBNL_VLAN3002.1,1,7,25.5014
998,receive,7,LBNL_VLAN3001.1,3,5,25.3336
1001,send,0,VLAN4012.0,0,1,2972.12
1001,send,5,LBNL_VLAN3002.1,1,7,25.5014
1002,trace_offer,5,LBNL_VLAN3002.1,1,7,25.5014
1002,trace_offer,0,VLAN4012.0,0,1,2972.12
999,receive,1,VLAN4012.1,0,0,2972.12
999,receive,7,LBNL_VLAN3001.1,3,5,25.3336
1002,send,5,LBNL_VLAN3002.1,1,7,25.5014
1002,send,0,VLAN4012.0,0,1,2972.12
1003,trace_offer,5,LBNL_VLAN3002.1,1,7,25.5014
1003,trace_offer,0,VLAN4012.0,0,1,2972.12
1000,receive,1,VLAN4012.1,0,0,2972.12
1000,receive,7,LBNL_VLAN3001.1,3,5,25.3336
1003,send,5,LBNL_VLAN3002.1,1,7,25.5014
1003,send,0,VLAN4012.0,0,1,2972.12
1004,trace_offer,0,VLAN4012.0,0,1,2972.12
1004,trace_offer,5,LBNL_VLAN3002.1,1,7,25.5014
1001,receive,1,VLAN4012.1,0,0,2972.12
1001,receive,7,LBNL_VLAN3001.1,3,5,25.5014
1004,send,5,LBNL_VLAN3002.1,1,7,25.5014
1004,send,0,VLAN4012.0,0,1,2972.12
1005,trace_offer,0,VLAN4012.0,0,1,2972.12
1005,trace_offer,5,LBNL_VLAN3002.1,1,7,25.5014
1002,receive,1,VLAN4012.1,0,0,2972.12
1002,receive,7,LBNL_VLAN3001.1,3,5,25.5014
1002,receive,1,VLAN4012.1,0,0,2972.12
1005,send,5,LBNL_VLAN3002.1,1,7,25.5014
1005,send,0,VLAN4012.0,0,1,2972.12
1006,trace_offer,0,VLAN4012.0,0,1,2972.12
1006,trace_offer,5,LBNL_VLAN3002.1,1,7,25.5014
1003,receive,7,LBNL_VLAN3001.1,3,5,25.5014
1006,send,5,LBNL_VLAN3002.1,1,7,25.5014
1006,send,0,VLAN4012.0,0,1,2972.12
1007,trace_offer,0,VLAN4012.0,0,1,2972.12
1007,trace_offer,5,LBNL_VLAN3002.1,1,7,25.5014
1004,receive,1,VLAN4012.1,0,0,2972.12
1004,receive,1,VLAN4012.1,0,0,2972.12
1004,receive,7,LBNL_VLAN3001.1,3,5,25.5014
1007,send,0,VLAN4012.0,0,1,2972.12
1007,send,5,LBNL_VLAN3002.1,1,7,25.5014
1008,trace_offer,0,VLAN4012.0,0,1,2972.12
1008,trace_offer,5,LBNL_VLAN3002.1,1,7,25.5014
1005,receive,7,LBNL_VLAN3001.1,3,5,25.5014
1008,send,5,LBNL_VLAN3002.1,1,7,25.5014
1008,send,0,VLAN4012.0,0,1,2972.12
1009,trace_offer,5,LBNL_VLAN3002.1,1,7,25.5014
1009,trace_offer,0,VLAN4012.0,0,1,2972.12
1006,receive,7,LBNL_VLAN3001.1,3,5,25.5014
1006,receive,1,VLAN4012.1,0,0,2972.12
1009,send,5,LBNL_VLAN3002.1,1,7,25.5014
1009,send,0,VLAN4012.0,0,1,2972.12
1010,trace_offer,5,LBNL_VLAN3002.1,1,7,31.5412
1010,trace_offer,0,VLAN4012.0,0,1,2989.3
1007,receive,7,LBNL_VLAN3001.1,3,5,25.5014
1007,receive,1,VLAN4012.1,0,0,2972.12
1010,send,0,VLAN4012.0,0,1,2989.3
1010,send,5,LBNL_VLAN3002.1,1,7,31.5412
1011,trace_offer,0,VLAN4012.0,0,1,2989.3
1011,trace_offer,5,LBNL_VLAN3002.1,1,7,31.5412
1008,receive,1,VLAN4012.1,0,0,2972.12
1008,receive,7,LBNL_VLAN3001.1,3,5,25.5014
1011,send,5,LBNL_VLAN3002.1,1,7,31.5412
1011,send,0,VLAN4012.0,0,1,2989.3
1012,trace_offer,0,VLAN4012.0,0,1,2989.3
1012,trace_offer,5,LBNL_VLAN3002.1,1,7,31.5412
1009,receive,1,VLAN4012.1,0,0,2989.3
1009,receive,7,LBNL_VLAN3001.1,3,5,51.0027
1012,send,0,VLAN4012.0,0,1,2989.3
1012,send,5,LBNL_VLAN3002.1,1,7,31.5412
1013,trace_offer,5,LBNL_VLAN3002.1,1,7,31.5412
1013,trace_offer,0,VLAN4012.0,0,1,2989.3
1010,receive,1,VLAN4012.1,0,0,2989.3
1013,send,5,LBNL_VLAN3002.1,1,7,31.5412
1013,send,0,VLAN4012.0,0,1,2989.3
1014,trace_offer,5,LBNL_VLAN3002.1,1,7,31.5412
1014,trace_offer,0,VLAN4012.0,0,1,2989.3
1011,receive,1,VLAN4012.1,0,0,2989.3
1011,receive,7,LBNL_VLAN3001.1,3,5,31.5412
1014,send,5,LBNL_VLAN3002.1,1,7,31.5412
1014,send,0,VLAN4012.0,0,1,2989.3
1015,trace_offer,0,VLAN4012.0,0,1,2989.3
1015,trace_offer,5,LBNL_VLAN3002.1,1,7,31.5412
1012,receive,7,LBNL_VLAN3001.1,3,5,31.5412
1012,receive,1,VLAN4012.1,0,0,2989.3
1015,send,5,LBNL_VLAN3002.1,1,7,31.5412
1015,send,0,VLAN4012.0,0,1,2989.3
1016,trace_offer,5,LBNL_VLAN3002.1,1,7,31.5412
1016,trace_offer,0,VLAN4012.0,0,1,2989.3
1013,receive,7,LBNL_VLAN3001.1,3,5,31.5412
1013,receive,1,VLAN4012.1,0,0,2989.3
1016,send,5,LBNL_VLAN3002.1,1,7,31.5412
1016,send,0,VLAN4012.0,0,1,2989.3
1017,trace_offer,5,LBNL_VLAN3002.1,1,7,31.5412
1017,trace_offer,0,VLAN4012.0,0,1,2989.3
1014,receive,7,LBNL_VLAN3001.1,3,5,63.0823
1014,receive,1,VLAN4012.1,0,0,2989.3
1014,receive,1,VLAN4012.1,0,0,2989.3
1017,send,5,LBNL_VLAN3002.1,1,7,31.5412
1017,send,0,VLAN4012.0,0,1,2989.3
1018,trace_offer,0,VLAN4012.0,0,1,2989.3
1018,trace_offer,5,LBNL_VLAN3002.1,1,7,31.5412
1018,send,0,VLAN4012.0,0,1,2989.3
1018,send,5,LBNL_VLAN3002.1,1,7,31.5412
1019,trace_offer,0,VLAN4012.0,0,1,2989.3
1019,trace_offer,5,LBNL_VLAN3002.1,1,7,31.5412
1016,receive,7,LBNL_VLAN3001.1,3,5,31.5412
1016,receive,1,VLAN4012.1,0,0,2989.3
1019,send,5,LBNL_VLAN3002.1,1,7,31.5412
1019,send,0,VLAN4012.0,0,1,2989.3
1020,trace_offer,5,LBNL_VLAN3002.1,1,7,25.3336
1020,trace_offer,0,VLAN4012.0,0,1,2972.12
1017,receive,1,VLAN4012.1,0,0,2989.3
1017,receive,1,VLAN4012.1,0,0,2989.3
1017,receive,7,LBNL_VLAN3001.1,3,5,31.5412
1020,send,0,VLAN4012.0,0,1,2972.12
1020,send,5,LBNL_VLAN3002.1,1,7,25.3336
1021,trace_offer,5,LBNL_VLAN3002.1,1,7,25.3336
1021,trace_offer,0,VLAN4012.0,0,1,2972.12
1018,receive,7,LBNL_VLAN3001.1,3,5,31.5412
1021,send,0,VLAN4012.0,0,1,2972.12
1021,send,5,LBNL_VLAN3002.1,1,7,25.3336
1022,trace_offer,0,VLAN4012.0,0,1,2972.12
1022,trace_offer,5,LBNL_VLAN3002.1,1,7,25.3336
1019,receive,1,VLAN4012.1,0,0,2972.12
1019,receive,7,LBNL_VLAN3001.1,3,5,63.0823
1022,send,5,LBNL_VLAN3002.1,1,7,25.3336
1022,send,0,VLAN4012.0,0,1,2972.12
1023,trace_offer,0,VLAN4012.0,0,1,2972.12
1023,trace_offer,5,LBNL_VLAN3002.1,1,7,25.3336
1020,receive,1,VLAN4012.1,0,0,2972.12
1023,send,0,VLAN4012.0,0,1,2972.12
1023,send,5,LBNL_VLAN3002.1,1,7,25.3336
1024,trace_offer,0,VLAN4012.0,0,1,2972.12
1024,trace_offer,5,LBNL_VLAN3002.1,1,7,25.3336
1021,receive,1,VLAN4012.1,0,0,2972.12
1021,receive,7,LBNL_VLAN3001.1,3,5,50.6672
1024,send,5,LBNL_VLAN3002.1,1,7,25.3336
1024,send,0,VLAN4012.0,0,1,2972.12
1025,trace_offer,0,VLAN4012.0,0,1,2972.12
1025,trace_offer,5,LBNL_VLAN3002.1,1,7,25.3336
1022,receive,1,VLAN4012.1,0,0,2972.12
1022,receive,1,VLAN4012.1,0,0,2972.12
1025,send,0,VLAN4012.0,0,1,2972.12
1025,send,5,LBNL_VLAN3002.1,1,7,25.3336
1026,trace_offer,0,VLAN4012.0,0,1,2972.12
1026,trace_offer,5,LBNL_VLAN3002.1,1,7,25.3336
1023,receive,7,LBNL_VLAN3001.1,3,5,25.3336
1026,send,0,VLAN4012.0,0,1,2972.12
1026,send,5,LBNL_VLAN3002.1,1,7,25.3336
1027,trace_offer,0,VLAN4012.0,0,1,2972.12
1027,trace_offer,5,LBNL_VLAN3002.1,1,7,25.3336
1024,receive,1,VLAN4012.1,0,0,2972.12
1024,receive,7,LBNL_VLAN3001.1,3,5,50.6672
1027,send,0,VLAN4012.0,0,1,2972.12
1027,send,5,LBNL_VLAN3002.1,1,7,25.3336
1028,trace_offer,5,LBNL_VLAN3002.1,1,7,25.3336
1028,trace_offer,0,VLAN4012.0,0,1,2972.12
1025,receive,1,VLAN4012.1,0,0,2972.12
1028,send,5,LBNL_VLAN3002.1,1,7,25.3336
1028,send,0,VLAN4012.0,0,1,2972.12
1029,trace_offer,0,VLAN4012.0,0,1,2972.12
1029,trace_offer,5,LBNL_VLAN3002.1,1,7,25.3336
1026,receive,1,VLAN4012.1,0,0,2972.12
1026,receive,7,LBNL_VLAN3001.1,3,5,50.6672
1029,send,5,LBNL_VLAN3002.1,1,7,25.3336
1029,send,0,VLAN4012.0,0,1,2972.12
1030,trace_offer,0,VLAN4012.0,0,1,2954.94
1030,trace_offer,5,LBNL_VLAN3002.1,1,7,31.7089
1027,receive,1,VLAN4012.1,0,0,2972.12
1030,send,0,VLAN4012.0,0,1,2954.94
1030,send,5,LBNL_VLAN3002.1,1,7,31.7089
1031,trace_offer,5,LBNL_VLAN3002.1,1,7,31.7089
1031,trace_offer,0,VLAN4012.0,0,1,2954.94
1028,receive,1,VLAN4012.1,0,0,2972.12
1028,receive,7,LBNL_VLAN3001.1,3,5,25.3336
1031,send,5,LBNL_VLAN3002.1,1,7,31.7089
1031,send,0,VLAN4012.0,0,1,2954.94
1032,trace_offer,0,VLAN4012.0,0,1,2954.94
1032,trace_offer,5,LBNL_VLAN3002.1,1,7,31.7089
1029,receive,7,LBNL_VLAN3001.1,3,5,50.6672
1029,receive,1,VLAN4012.1,0,0,2954.94
1029,receive,1,VLAN4012.1,0,0,2954.94
1032,send,5,LBNL_VLAN3002.1,1,7,31.7089
1032,send,0,VLAN4012.0,0,1,2954.94
1033,trace_offer,5,LBNL_VLAN3002.1,1,7,31.7089
1033,trace_offer,0,VLAN4012.0,0,1,2954.94
1033,send,5,LBNL_VLAN3002.1,1,7,31.7089
1033,send,0,VLAN4012.0,0,1,2954.94
1034,trace_offer,0,VLAN4012.0,0,1,2954.94
1034,trace_offer,5,LBNL_VLAN3002.1,1,7,31.7089
1031,receive,1,VLAN4012.1,0,0,2954.94
1031,receive,7,LBNL_VLAN3001.1,3,5,31.7089
1034,send,5,LBNL_VLAN3002.1,1,7,31.7089
1034,send,0,VLAN4012.0,0,1,2954.94
1035,trace_offer,5,LBNL_VLAN3002.1,1,7,31.7089
1035,trace_offer,0,VLAN4012.0,0,1,2954.94
1032,receive,1,VLAN4012.1,0,0,2954.94
1032,receive,7,LBNL_VLAN3001.1,3,5,31.7089
1032,receive,1,VLAN4012.1,0,0,2954.94
1035,send,0,VLAN4012.0,0,1,2954.94
1035,send,5,LBNL_VLAN3002.1,1,7,31.7089
1036,trace_offer,5,LBNL_VLAN3002.1,1,7,31.7089
1036,trace_offer,0,VLAN4012.0,0,1,2954.94
1033,receive,7,LBNL_VLAN3001.1,3,5,31.7089
1036,send,5,LBNL_VLAN3002.1,1,7,31.7089
1036,send,0,VLAN4012.0,0,1,2954.94
1037,trace_offer,5,LBNL_VLAN3002.1,1,7,31.7089
1037,trace_offer,0,VLAN4012.0,0,1,2954.94
1034,receive,7,LBNL_VLAN3001.1,3,5,63.4179
1034,receive,1,VLAN4012.1,0,0,2954.94
1037,send,0,VLAN4012.0,0,1,2954.94
1037,send,5,LBNL_VLAN3002.1,1,7,31.7089
1038,trace_offer,5,LBNL_VLAN3002.1,1,7,31.7089
1038,trace_offer,0,VLAN4012.0,0,1,2954.94
1035,receive,1,VLAN4012.1,0,0,2954.94
1038,send,0,VLAN4012.0,0,1,2954.94
1038,send,5,LBNL_VLAN3002.1,1,7,31.7089
1039,trace_offer,0,VLAN4012.0,0,1,2954.94
1039,trace_offer,5,LBNL_VLAN3002.1,1,7,31.7089
1036,receive,7,LBNL_VLAN3001.1,3,5,63.4179
1036,receive,1,VLAN4012.1,0,0,2954.94
1039,send,5,LBNL_VLAN3002.1,1,7,31.7089
1039,send,0,VLAN4012.0,0,1,2954.94
1040,trace_offer,0,VLAN4012.0,0,1,2954.94
1040,trace_offer,5,LBNL_VLAN3002.1,1,7,25.3336
1037,receive,1,VLAN4012.1,0,0,2954.94
1040,send,5,LBNL_VLAN3002.1,1,7,25.3336
1040,send,0,VLAN4012.0,0,1,2954.94
1041,trace_offer,5,LBNL_VLAN3002.1,1,7,25.3336
1041,trace_offer,0,VLAN4012.0,0,1,2954.94
1038,receive,1,VLAN4012.1,0,0,2954.94
1038,receive,7,LBNL_VLAN3001.1,3,5,31.7089
1041,send,0,VLAN4012.0,0,1,2954.94
1041,send,5,LBNL_VLAN3002.1,1,7,25.3336
1042,trace_offer,0,VLAN4012.0,0,1,2954.94
1042,trace_offer,5,LBNL_VLAN3002.1,1,7,25.3336
1039,receive,1,VLAN4012.1,0,0,2954.94
1039,receive,7,LBNL_VLAN3001.1,3,5,63.4179
1039,receive,1,VLAN4012.1,0,0,2954.94
1042,send,0,VLAN4012.0,0,1,2954.94
1042,send,5,LBNL_VLAN3002.1,1,7,25.3336
1043,trace_offer,0,VLAN4012.0,0,1,2954.94
1043,trace_offer,5,LBNL_VLAN3002.1,1,7,25.3336
1043,send,5,LBNL_VLAN3002.1,1,7,25.3336
1043,send,0,VLAN4012.0,0,1,2954.94
1044,trace_offer,0,VLAN4012.0,0,1,2954.94
1044,trace_offer,5,LBNL_VLAN3002.1,1,7,25.3336
1041,receive,7,LBNL_VLAN3001.1,3,5,25.3336
1041,receive,1,VLAN4012.1,0,0,2954.94
1044,send,0,VLAN4012.0,0,1,2954.94
1044,send,5,LBNL_VLAN3002.1,1,7,25.3336
1045,trace_offer,0,VLAN4012.0,0,1,2954.94
1045,trace_offer,5,LBNL_VLAN3002.1,1,7,25.3336
1042,receive,1,VLAN4012.1,0,0,2954.94
1042,receive,1,VLAN4012.1,0,0,2954.94
1042,receive,7,LBNL_VLAN3001.1,3,5,25.3336
1045,send,5,LBNL_VLAN3002.1,1,7,25.3336
1045,send,0,VLAN4012.0,0,1,2954.94
1046,trace_offer,0,VLAN4012.0,0,1,2954.94
1046,trace_offer,5,LBNL_VLAN3002.1,1,7,25.3336
1043,receive,7,LBNL_VLAN3001.1,3,5,25.3336
1046,send,5,LBNL_VLAN3002.1,1,7,25.3336
1046,send,0,VLAN4012.0,0,1,2954.94
1047,trace_offer,0,VLAN4012.0,0,1,2954.94
1047,trace_offer,5,LBNL_VLAN3002.1,1,7,25.3336
1044,receive,1,VLAN4012.1,0,0,2954.94
1044,receive,7,LBNL_VLAN3001.1,3,5,50.6672
1047,send,0,VLAN4012.0,0,1,2954.94
1047,send,5,LBNL_VLAN3002.1,1,7,25.3336
1048,trace_offer,5,LBNL_VLAN3002.1,1,7,25.3336
1048,trace_offer,0,VLAN4012.0,0,1,2954.94
1045,receive,1,VLAN4012.1,0,0,2954.94
1048,send,5,LBNL_VLAN3002.1,1,7,25.3336
1048,send,0,VLAN4012.0,0,1,2954.94
1049,trace_offer,5,LBNL_VLAN3002.1,1,7,25.3336
1049,trace_offer,0,VLAN4012.0,0,1,2954.94
1046,receive,1,VLAN4012.1,0,0,2954.94
1046,receive,7,LBNL_VLAN3001.1,3,5,50.6672
1049,send,0,VLAN4012.0,0,1,2954.94
1049,send,5,LBNL_VLAN3002.1,1,7,25.3336
1050,trace_offer,5,LBNL_VLAN3002.1,1,7,31.7928
1050,trace_offer,0,VLAN4012.0,0,1,2963.53
1047,receive,1,VLAN4012.1,0,0,2954.94
1050,send,5,LBNL_VLAN3002.1,1,7,31.7928
1050,send,0,VLAN4012.0,0,1,2963.53
1051,trace_offer,0,VLAN4012.0,0,1,2963.53
1051,trace_offer,5,LBNL_VLAN3002.1,1,7,31.7928
1048,receive,1,VLAN4012.1,0,0,2954.94
1048,receive,7,LBNL_VLAN3001.1,3,5,25.3336
1051,send,0,VLAN4012.0,0,1,2963.53
1051,send,5,LBNL_VLAN3002.1,1,7,31.7928
1052,trace_offer,0,VLAN4012.0,0,1,2963.53
1052,trace_offer,5,LBNL_VLAN3002.1,1,7,31.7928
1049,receive,1,VLAN4012.1,0,0,2963.53
1049,receive,1,VLAN4012.1,0,0,2963.53
1049,receive,7,LBNL_VLAN3001.1,3,5,50.6672
1052,send,5,LBNL_VLAN3002.1,1,7,31.7928
1052,send,0,VLAN4012.0,0,1,2963.53
1053,trace_offer,5,LBNL_VLAN3002.1,1,7,31.7928
1053,trace_offer,0,VLAN4012.0,0,1,2963.53
1053,send,0,VLAN4012.0,0,1,2963.53
1053,send,5,LBNL_VLAN3002.1,1,7,31.7928
1054,trace_offer,0,VLAN4012.0,0,1,2963.53
1054,trace_offer,5,LBNL_VLAN3002.1,1,7,31.7928
1051,receive,7,LBNL_VLAN3001.1,3,5,63.5856
1051,receive,1,VLAN4012.1,0,0,2963.53
1054,send,5,LBNL_VLAN3002.1,1,7,31.7928
1054,send,0,VLAN4012.0,0,1,2963.53
1055,trace_offer,5,LBNL_VLAN3002.1,1,7,31.7928
1055,trace_offer,0,VLAN4012.0,0,1,2963.53
1052,receive,1,VLAN4012.1,0,0,2963.53
1055,send,5,LBNL_VLAN3002.1,1,7,31.7928
1055,send,0,VLAN4012.0,0,1,2963.53
1056,trace_offer,5,LBNL_VLAN3002.1,1,7,31.7928
1056,trace_offer,0,VLAN4012.0,0,1,2963.53
1053,receive,1,VLAN4012.1,0,0,2963.53
1053,receive,7,LBNL_VLAN3001.1,3,5,31.7928
1056,send,5,LBNL_VLAN3002.1,1,7,31.7928
1056,send,0,VLAN4012.0,0,1,2963.53
1057,trace_offer,5,LBNL_VLAN3002.1,1,7,31.7928
1057,trace_offer,0,VLAN4012.0,0,1,2963.53
1054,receive,7,LBNL_VLAN3001.1,3,5,63.5856
1054,receive,1,VLAN4012.1,0,0,2963.53
1054,receive,1,VLAN4012.1,0,0,2963.53
1057,send,5,LBNL_VLAN3002.1,1,7,31.7928
1057,send,0,VLAN4012.0,0,1,2963.53
1058,trace_offer,5,LBNL_VLAN3002.1,1,7,31.7928
1058,trace_offer,0,VLAN4012.0,0,1,2963.53
1058,send,5,LBNL_VLAN3002.1,1,7,31.7928
1058,send,0,VLAN4012.0,0,1,2963.53
1059,trace_offer,5,LBNL_VLAN3002.1,1,7,31.7928
1059,trace_offer,0,VLAN4012.0,0,1,2963.53
1056,receive,7,LBNL_VLAN3001.1,3,5,63.5856
1056,receive,1,VLAN4012.1,0,0,2963.53
1059,send,0,VLAN4012.0,0,1,2963.53
1059,send,5,LBNL_VLAN3002.1,1,7,31.7928
1060,trace_offer,5,LBNL_VLAN3002.1,1,7,25.1658
1060,trace_offer,0,VLAN4012.0,0,1,2963.53
1057,receive,1,VLAN4012.1,0,0,2963.53
1060,send,5,LBNL_VLAN3002.1,1,7,25.1658
1060,send,0,VLAN4012.0,0,1,2963.53
1061,trace_offer,0,VLAN4012.0,0,1,2963.53
1061,trace_offer,5,LBNL_VLAN3002.1,1,7,25.1658
1058,receive,1,VLAN4012.1,0,0,2963.53
1058,receive,7,LBNL_VLAN3001.1,3,5,31.7928
1061,send,5,LBNL_VLAN3002.1,1,7,25.1658
1061,send,0,VLAN4012.0,0,1,2963.53
1062,trace_offer,0,VLAN4012.0,0,1,2963.53
1062,trace_offer,5,LBNL_VLAN3002.1,1,7,25.1658
1059,receive,7,LBNL_VLAN3001.1,3,5,63.5856
1059,receive,1,VLAN4012.1,0,0,2963.53
1059,receive,1,VLAN4012.1,0,0,2963.53
1062,send,5,LBNL_VLAN3002.1,1,7,25.1658
1062,send,0,VLAN4012.0,0,1,2963.53
1063,trace_offer,5,LBNL_VLAN3002.1,1,7,25.1658
1063,trace_offer,0,VLAN4012.0,0,1,2963.53
1063,send,5,LBNL_VLAN3002.1,1,7,25.1658
1063,send,0,VLAN4012.0,0,1,2963.53
1064,trace_offer,5,LBNL_VLAN3002.1,1,7,25.1658
1064,trace_offer,0,VLAN4012.0,0,1,2963.53
1061,receive,7,LBNL_VLAN3001.1,3,5,50.3316
1061,receive,1,VLAN4012.1,0,0,2963.53
1064,send,0,VLAN4012.0,0,1,2963.53
1064,send,5,LBNL_VLAN3002.1,1,7,25.1658
1065,trace_offer,5,LBNL_VLAN3002.1,1,7,25.1658
1065,trace_offer,0,VLAN4012.0,0,1,2963.53
1062,receive,1,VLAN4012.1,0,0,2963.53
1065,send,5,LBNL_VLAN3002.1,1,7,25.1658
1065,send,0,VLAN4012.0,0,1,2963.53
1066,trace_offer,0,VLAN4012.0,0,1,2963.53
1066,trace_offer,5,LBNL_VLAN3002.1,1,7,25.1658
1063,receive,7,LBNL_VLAN3001.1,3,5,25.1658
1063,receive,1,VLAN4012.1,0,0,2963.53
1066,send,5,LBNL_VLAN3002.1,1,7,25.1658
1066,send,0,VLAN4012.0,0,1,2963.53
1067,trace_offer,0,VLAN4012.0,0,1,2963.53
1067,trace_offer,5,LBNL_VLAN3002.1,1,7,25.1658
1064,receive,7,LBNL_VLAN3001.1,3,5,50.3316
1064,receive,1,VLAN4012.1,0,0,2963.53
1067,send,5,LBNL_VLAN3002.1,1,7,25.1658
1067,send,0,VLAN4012.0,0,1,2963.53
1068,trace_offer,0,VLAN4012.0,0,1,2963.53
1068,trace_offer,5,LBNL_VLAN3002.1,1,7,25.1658
1065,receive,1,VLAN4012.1,0,0,2963.53
1068,send,5,LBNL_VLAN3002.1,1,7,25.1658
1068,send,0,VLAN4012.0,0,1,2963.53
1069,trace_offer,5,LBNL_VLAN3002.1,1,7,25.1658
1069,trace_offer,0,VLAN4012.0,0,1,2963.53
1066,receive,7,LBNL_VLAN3001.1,3,5,25.1658
1066,receive,1,VLAN4012.1,0,0,2963.53
1069,send,0,VLAN4012.0,0,1,2963.53
1069,send,5,LBNL_VLAN3002.1,1,7,25.1658
1070,trace_offer,5,LBNL_VLAN3002.1,1,7,31.5412
1070,trace_offer,0,VLAN4012.0,0,1,2972.12
1067,receive,1,VLAN4012.1,0,0,2963.53
1067,receive,7,LBNL_VLAN3001.1,3,5,25.1658
1067,receive,1,VLAN4012.1,0,0,2963.53
1070,send,5,LBNL_VLAN3002.1,1,7,31.5412
1070,send,0,VLAN4012.0,0,1,2972.12
1071,trace_offer,5,LBNL_VLAN3002.1,1,7,31.5412
1071,trace_offer,0,VLAN4012.0,0,1,2972.12
1068,receive,7,LBNL_VLAN3001.1,3,5,25.1658
1071,send,0,VLAN4012.0,0,1,2972.12
1071,send,5,LBNL_VLAN3002.1,1,7,31.5412
1072,trace_offer,5,LBNL_VLAN3002.1,1,7,31.5412
1072,trace_offer,0,VLAN4012.0,0,1,2972.12
1069,receive,7,LBNL_VLAN3001.1,3,5,50.3316
1069,receive,1,VLAN4012.1,0,0,2972.12
1072,send,5,LBNL_VLAN3002.1,1,7,31.5412
1072,send,0,VLAN4012.0,0,1,2972.12
1073,trace_offer,0,VLAN4012.0,0,1,2972.12
1073,trace_offer,5,LBNL_VLAN3002.1,1,7,31.5412
1070,receive,1,VLAN4012.1,0,0,2972.12
1073,send,0,VLAN4012.0,0,1,2972.12
1073,send,5,LBNL_VLAN3002.1,1,7,31.5412
1074,trace_offer,0,VLAN4012.0,0,1,2972.12
1074,trace_offer,5,LBNL_VLAN3002.1,1,7,31.5412
1071,receive,7,LBNL_VLAN3001.1,3,5,63.0823
1071,receive,1,VLAN4012.1,0,0,2972.12
1074,send,0,VLAN4012.0,0,1,2972.12
1074,send,5,LBNL_VLAN3002.1,1,7,31.5412
1075,trace_offer,0,VLAN4012.0,0,1,2972.12
1075,trace_offer,5,LBNL_VLAN3002.1,1,7,31.5412
1072,receive,1,VLAN4012.1,0,0,2972.12
1075,send,0,VLAN4012.0,0,1,2972.12
1075,send,5,LBNL_VLAN3002.1,1,7,31.5412
1076,trace_offer,0,VLAN4012.0,0,1,2972.12
1076,trace_offer,5,LBNL_VLAN3002.1,1,7,31.5412
1073,receive,7,LBNL_VLAN3001.1,3,5,31.5412
1073,receive,1,VLAN4012.1,0,0,2972.12
1076,send,0,VLAN4012.0,0,1,2972.12
1076,send,5,LBNL_VLAN3002.1,1,7,31.5412
1077,trace_offer,0,VLAN4012.0,0,1,2972.12
1077,trace_offer,5,LBNL_VLAN3002.1,1,7,31.5412
1074,receive,7,LBNL_VLAN3001.1,3,5,31.5412
1074,receive,1,VLAN4012.1,0,0,2972.12
1077,send,5,LBNL_VLAN3002.1,1,7,31.5412
1077,send,0,VLAN4012.0,0,1,2972.12
1078,trace_offer,5,LBNL_VLAN3002.1,1,7,31.5412
1078,trace_offer,0,VLAN4012.0,0,1,2972.12
1075,receive,7,LBNL_VLAN3001.1,3,5,31.5412
1075,receive,1,VLAN4012.1,0,0,2972.12
1078,send,5,LBNL_VLAN3002.1,1,7,31.5412
1078,send,0,VLAN4012.0,0,1,2972.12
1079,trace_offer,0,VLAN4012.0,0,1,2972.12
1079,trace_offer,5,LBNL_VLAN3002.1,1,7,31.5412
1076,receive,1,VLAN4012.1,0,0,2972.12
1076,receive,7,LBNL_VLAN3001.1,3,5,31.5412
1079,send,5,LBNL_VLAN3002.1,1,7,31.5412
1079,send,0,VLAN4012.0,0,1,2972.12
1080,trace_offer,0,VLAN4012.0,0,1,2980.71
1080,trace_offer,5,LBNL_VLAN3002.1,1,7,25.3336
1077,receive,7,LBNL_VLAN3001.1,3,5,31.5412
1077,receive,1,VLAN4012.1,0,0,2972.12
1077,receive,1,VLAN4012.1,0,0,2972.12
1080,send,5,LBNL_VLAN3002.1,1,7,25.3336
1080,send,0,VLAN4012.0,0,1,2980.71
1081,trace_offer,0,VLAN4012.0,0,1,2980.71
1081,trace_offer,5,LBNL_VLAN3002.1,1,7,25.3336
1078,receive,7,LBNL_VLAN3001.1,3,5,31.5412
1081,send,0,VLAN4012.0,0,1,2980.71
1081,send,5,LBNL_VLAN3002.1,1,7,25.3336
1082,trace_offer,0,VLAN4012.0,0,1,2980.71
1082,trace_offer,5,LBNL_VLAN3002.1,1,7,25.3336
1079,receive,1,VLAN4012.1,0,0,2980.71
1079,receive,7,LBNL_VLAN3001.1,3,5,63.0823
1082,send,0,VLAN4012.0,0,1,2980.71
1082,send,5,LBNL_VLAN3002.1,1,7,25.3336
1083,trace_offer,5,LBNL_VLAN3002.1,1,7,25.3336
1083,trace_offer,0,VLAN4012.0,0,1,2980.71
1080,receive,1,VLAN4012.1,0,0,2980.71
1083,send,5,LBNL_VLAN3002.1,1,7,25.3336
1083,send,0,VLAN4012.0,0,1,2980.71
1084,trace_offer,0,VLAN4012.0,0,1,2980.71
1084,trace_offer,5,LBNL_VLAN3002.1,1,7,25.3336
1081,receive,7,LBNL_VLAN3001.1,3,5,25.3336
1081,receive,1,VLAN4012.1,0,0,2980.71
1084,send,5,LBNL_VLAN3002.1,1,7,25.3336
1084,send,0,VLAN4012.0,0,1,2980.71
1085,trace_offer,5,LBNL_VLAN3002.1,1,7,25.3336
1085,trace_offer,0,VLAN4012.0,0,1,2980.71
1082,receive,1,VLAN4012.1,0,0,2980.71
1082,receive,7,LBNL_VLAN3001.1,3,5,25.3336
1082,receive,1,VLAN4012.1,0,0,2980.71
1085,send,5,LBNL_VLAN3002.1,1,7,25.3336
1085,send,0,VLAN4012.0,0,1,2980.71
1086,trace_offer,0,VLAN4012.0,0,1,2980.71
1086,trace_offer,5,LBNL_VLAN3002.1,1,7,25.3336
1083,receive,7,LBNL_VLAN3001.1,3,5,25.3336
1086,send,0,VLAN4012.0,0,1,2980.71
1086,send,5,LBNL_VLAN3002.1,1,7,25.3336
1087,trace_offer,5,LBNL_VLAN3002.1,1,7,25.3336
1087,trace_offer,0,VLAN4012.0,0,1,2980.71
1084,receive,1,VLAN4012.1,0,0,2980.71
1084,receive,7,LBNL_VLAN3001.1,3,5,25.3336
1084,receive,1,VLAN4012.1,0,0,2980.71
1087,send,0,VLAN4012.0,0,1,2980.71
1087,send,5,LBNL_VLAN3002.1,1,7,25.3336
1088,trace_offer,5,LBNL_VLAN3002.1,1,7,25.3336
1088,trace_offer,0,VLAN4012.0,0,1,2980.71
1085,receive,7,LBNL_VLAN3001.1,3,5,25.3336
1088,send,0,VLAN4012.0,0,1,2980.71
1088,send,5,LBNL_VLAN3002.1,1,7,25.3336
1089,trace_offer,5,LBNL_VLAN3002.1,1,7,25.3336
1089,trace_offer,0,VLAN4012.0,0,1,2980.71
1086,receive,7,LBNL_VLAN3001.1,3,5,50.6672
1086,receive,1,VLAN4012.1,0,0,2980.71
1089,send,0,VLAN4012.0,0,1,2980.71
1089,send,5,LBNL_VLAN3002.1,1,7,25.3336
1090,trace_offer,0,VLAN4012.0,0,1,2954.94
1090,trace_offer,5,LBNL_VLAN3002.1,1,7,31.7089
1087,receive,1,VLAN4012.1,0,0,2980.71
1087,receive,1,VLAN4012.1,0,0,2980.71
1090,send,0,VLAN4012.0,0,1,2954.94
1090,send,5,LBNL_VLAN3002.1,1,7,31.7089
1091,trace_offer,0,VLAN4012.0,0,1,2954.94
1091,trace_offer,5,LBNL_VLAN3002.1,1,7,31.7089
1088,receive,7,LBNL_VLAN3001.1,3,5,25.3336
1091,send,0,VLAN4012.0,0,1,2954.94
1091,send,5,LBNL_VLAN3002.1,1,7,31.7089
1092,trace_offer,5,LBNL_VLAN3002.1,1,7,31.7089
1092,trace_offer,0,VLAN4012.0,0,1,2954.94
1089,receive,1,VLAN4012.1,0,0,2954.94
1089,receive,1,VLAN4012.1,0,0,2954.94
1089,receive,7,LBNL_VLAN3001.1,3,5,25.3336
1092,send,5,LBNL_VLAN3002.1,1,7,31.7089
1092,send,0,VLAN4012.0,0,1,2954.94
1093,trace_offer,0,VLAN4012.0,0,1,2954.94
1093,trace_offer,5,LBNL_VLAN3002.1,1,7,31.7089
1090,receive,7,LBNL_VLAN3001.1,3,5,25.3336
1093,send,5,LBNL_VLAN3002.1,1,7,31.7089
1093,send,0,VLAN4012.0,0,1,2954.94
1094,trace_offer,0,VLAN4012.0,0,1,2954.94
1094,trace_offer,5,LBNL_VLAN3002.1,1,7,31.7089
1091,receive,1,VLAN4012.1,0,0,2954.94
1091,receive,7,LBNL_VLAN3001.1,3,5,31.7089
1094,send,5,LBNL_VLAN3002.1,1,7,31.7089
1094,send,0,VLAN4012.0,0,1,2954.94
1095,trace_offer,5,LBNL_VLAN3002.1,1,7,31.7089
1095,trace_offer,0,VLAN4012.0,0,1,2954.94
1092,receive,7,LBNL_VLAN3001.1,3,5,31.7089
1092,receive,1,VLAN4012.1,0,0,2954.94
1095,send,5,LBNL_VLAN3002.1,1,7,31.7089
1095,send,0,VLAN4012.0,0,1,2954.94
1096,trace_offer,5,LBNL_VLAN3002.1,1,7,31.7089
1096,trace_offer,0,VLAN4012.0,0,1,2954.94
1093,receive,1,VLAN4012.1,0,0,2954.94
1093,receive,7,LBNL_VLAN3001.1,3,5,31.7089
1096,send,0,VLAN4012.0,0,1,2954.94
1096,send,5,LBNL_VLAN3002.1,1,7,31.7089
1097,trace_offer,5,LBNL_VLAN3002.1,1,7,31.7089
1097,trace_offer,0,VLAN4012.0,0,1,2954.94
1094,receive,7,LBNL_VLAN3001.1,3,5,31.7089
1094,receive,1,VLAN4012.1,0,0,2954.94
1097,send,5,LBNL_VLAN3002.1,1,7,31.7089
1097,send,0,VLAN4012.0,0,1,2954.94
1098,trace_offer,5,LBNL_VLAN3002.1,1,7,31.7089
1098,trace_offer,0,VLAN4012.0,0,1,2954.94
1095,receive,1,VLAN4012.1,0,0,2954.94
1095,receive,7,LBNL_VLAN3001.1,3,5,31.7089
1098,send,5,LBNL_VLAN3002.1,1,7,31.7089
1098,send,0,VLAN4012.0,0,1,2954.94
1099,trace_offer,0,VLAN4012.0,0,1,2954.94
1099,trace_offer,5,LBNL_VLAN3002.1,1,7,31.7089
1096,receive,1,VLAN4012.1,0,0,2954.94
1096,receive,7,LBNL_VLAN3001.1,3,5,31.7089
1099,send,0,VLAN4012.0,0,1,2954.94
1099,send,5,LBNL_VLAN3002.1,1,7,31.7089
1100,trace_offer,5,LBNL_VLAN3002.1,1,7,25.2497
1100,trace_offer,0,VLAN4012.0,0,1,2954.94
1097,receive,1,VLAN4012.1,0,0,2954.94
1097,receive,7,LBNL_VLAN3001.1,3,5,31.7089
1100,send,5,LBNL_VLAN3002.1,1,7,25.2497
1100,send,0,VLAN4012.0,0,1,2954.94
1101,trace_offer,0,VLAN4012.0,0,1,2954.94
1101,trace_offer,5,LBNL_VLAN3002.1,1,7,25.2497
1098,receive,7,LBNL_VLAN3001.1,3,5,31.7089
1098,receive,1,VLAN4012.1,0,0,2954.94
1101,send,0,VLAN4012.0,0,1,2954.94
1101,send,5,LBNL_VLAN3002.1,1,7,25.2497
1102,trace_offer,5,LBNL_VLAN3002.1,1,7,25.2497
1102,trace_offer,0,VLAN4012.0,0,1,2954.94
1099,receive,1,VLAN4012.1,0,0,2954.94
1099,receive,7,LBNL_VLAN3001.1,3,5,63.4179
1099,receive,1,VLAN4012.1,0,0,2954.94
1102,send,5,LBNL_VLAN3002.1,1,7,25.2497
1102,send,0,VLAN4012.0,0,1,2954.94
1103,trace_offer,0,VLAN4012.0,0,1,2954.94
1103,trace_offer,5,LBNL_VLAN3002.1,1,7,25.2497
1103,send,0,VLAN4012.0,0,1,2954.94
1103,send,5,LBNL_VLAN3002.1,1,7,25.2497
1104,trace_offer,5,LBNL_VLAN3002.1,1,7,25.2497
1104,trace_offer,0,VLAN4012.0,0,1,2954.94
1101,receive,1,VLAN4012.1,0,0,2954.94
1101,receive,7,LBNL_VLAN3001.1,3,5,25.2497
1104,send,0,VLAN4012.0,0,1,2954.94
1104,send,5,LBNL_VLAN3002.1,1,7,25.2497
1105,trace_offer,0,VLAN4012.0,0,1,2954.94
1105,trace_offer,5,LBNL_VLAN3002.1,1,7,25.2497
1102,receive,7,LBNL_VLAN3001.1,3,5,25.2497
1102,receive,1,VLAN4012.1,0,0,2954.94
1105,send,5,LBNL_VLAN3002.1,1,7,25.2497
1105,send,0,VLAN4012.0,0,1,2954.94
1106,trace_offer,5,LBNL_VLAN3002.1,1,7,25.2497
1106,trace_offer,0,VLAN4012.0,0,1,2954.94
1103,receive,7,LBNL_VLAN3001.1,3,5,25.2497
1103,receive,1,VLAN4012.1,0,0,2954.94
1106,send,5,LBNL_VLAN3002.1,1,7,25.2497
1106,send,0,VLAN4012.0,0,1,2954.94
1107,trace_offer,5,LBNL_VLAN3002.1,1,7,25.2497
1107,trace_offer,0,VLAN4012.0,0,1,2954.94
1104,receive,7,LBNL_VLAN3001.1,3,5,50.4994
1104,receive,1,VLAN4012.1,0,0,2954.94
1107,send,5,LBNL_VLAN3002.1,1,7,25.2497
1107,send,0,VLAN4012.0,0,1,2954.94
1108,trace_offer,5,LBNL_VLAN3002.1,1,7,25.2497
1108,trace_offer,0,VLAN4012.0,0,1,2954.94
1105,receive,1,VLAN4012.1,0,0,2954.94
1108,send,0,VLAN4012.0,0,1,2954.94
1108,send,5,LBNL_VLAN3002.1,1,7,25.2497
1109,trace_offer,0,VLAN4012.0,0,1,2954.94
1109,trace_offer,5,LBNL_VLAN3002.1,1,7,25.2497
1106,receive,7,LBNL_VLAN3001.1,3,5,25.2497
1106,receive,1,VLAN4012.1,0,0,2954.94
1109,send,5,LBNL_VLAN3002.1,1,7,25.2497
1109,send,0,VLAN4012.0,0,1,2954.94
1110,trace_offer,0,VLAN4012.0,0,1,2946.35
1110,trace_offer,5,LBNL_VLAN3002.1,1,7,31.7928
1107,receive,1,VLAN4012.1,0,0,2954.94
1107,receive,7,LBNL_VLAN3001.1,3,5,25.2497
1110,send,5,LBNL_VLAN3002.1,1,7,31.7928
1110,send,0,VLAN4012.0,0,1,2946.35
1111,trace_offer,0,VLAN4012.0,0,1,2946.35
1111,trace_offer,5,LBNL_VLAN3002.1,1,7,31.7928
1108,receive,7,LBNL_VLAN3001.1,3,5,25.2497
1108,receive,1,VLAN4012.1,0,0,2954.94
1111,send,5,LBNL_VLAN3002.1,1,7,31.7928
1111,send,0,VLAN4012.0,0,1,2946.35
1112,trace_offer,5,LBNL_VLAN3002.1,1,7,31.7928
1112,trace_offer,0,VLAN4012.0,0,1,2946.35
1109,receive,1,VLAN4012.1,0,0,2946.35
1109,receive,7,LBNL_VLAN3001.1,3,5,25.2497
1112,send,0,VLAN4012.0,0,1,2946.35
1112,send,5,LBNL_VLAN3002.1,1,7,31.7928
1113,trace_offer,5,LBNL_VLAN3002.1,1,7,31.7928
1113,trace_offer,0,VLAN4012.0,0,1,2946.35
1110,receive,1,VLAN4012.1,0,0,2946.35
1110,receive,7,LBNL_VLAN3001.1,3,5,25.2497
1113,send,5,LBNL_VLAN3002.1,1,7,31.7928
1113,send,0,VLAN4012.0,0,1,2946.35
1114,trace_offer,5,LBNL_VLAN3002.1,1,7,31.7928
1114,trace_offer,0,VLAN4012.0,0,1,2946.35
1111,receive,7,LBNL_VLAN3001.1,3,5,63.5856
1111,receive,1,VLAN4012.1,0,0,2946.35
1114,send,0,VLAN4012.0,0,1,2946.35
1114,send,5,LBNL_VLAN3002.1,1,7,31.7928
1115,trace_offer,0,VLAN4012.0,0,1,2946.35
1115,trace_offer,5,LBNL_VLAN3002.1,1,7,31.7928
1112,receive,1,VLAN4012.1,0,0,2946.35
1115,send,0,VLAN4012.0,0,1,2946.35
1115,send,5,LBNL_VLAN3002.1,1,7,31.7928
1116,trace_offer,0,VLAN4012.0,0,1,2946.35
1116,trace_offer,5,LBNL_VLAN3002.1,1,7,31.7928
1113,receive,1,VLAN4012.1,0,0,2946.35
1113,receive,7,LBNL_VLAN3001.1,3,5,31.7928
1116,send,0,VLAN4012.0,0,1,2946.35
1116,send,5,LBNL_VLAN3002.1,1,7,31.7928
1117,trace_offer,5,LBNL_VLAN3002.1,1,7,31.7928
1117,trace_offer,0,VLAN4012.0,0,1,2946.35
1114,receive,1,VLAN4012.1,0,0,2946.35
1114,receive,1,VLAN4012.1,0,0,2946.35
1114,receive,7,LBNL_VLAN3001.1,3,5,31.7928
1117,send,0,VLAN4012.0,0,1,2946.35
1117,send,5,LBNL_VLAN3002.1,1,7,31.7928
1118,trace_offer,0,VLAN4012.0,0,1,2946.35
1118,trace_offer,5,LBNL_VLAN3002.1,1,7,31.7928
1115,receive,7,LBNL_VLAN3001.1,3,5,31.7928
1118,send,0,VLAN4012.0,0,1,2946.35
1118,send,5,LBNL_VLAN3002.1,1,7,31.7928
1119,trace_offer,0,VLAN4012.0,0,1,2946.35
1119,trace_offer,5,LBNL_VLAN3002.1,1,7,31.7928
1116,receive,7,LBNL_VLAN3001.1,3,5,63.5856
1116,receive,1,VLAN4012.1,0,0,2946.35
1119,send,0,VLAN4012.0,0,1,2946.35
1119,send,5,LBNL_VLAN3002.1,1,7,31.7928
1120,trace_offer,5,LBNL_VLAN3002.1,1,7,25.2497
1120,trace_offer,0,VLAN4012.0,0,1,2946.35
1117,receive,1,VLAN4012.1,0,0,2946.35
1120,send,0,VLAN4012.0,0,1,2946.35
1120,send,5,LBNL_VLAN3002.1,1,7,25.2497
1121,trace_offer,0,VLAN4012.0,0,1,2946.35
1121,trace_offer,5,LBNL_VLAN3002.1,1,7,25.2497
1118,receive,7,LBNL_VLAN3001.1,3,5,31.7928
1118,receive,1,VLAN4012.1,0,0,2946.35
1121,send,5,LBNL_VLAN3002.1,1,7,25.2497
1121,send,0,VLAN4012.0,0,1,2946.35
1122,trace_offer,0,VLAN4012.0,0,1,2946.35
1122,trace_offer,5,LBNL_VLAN3002.1,1,7,25.2497
1119,receive,1,VLAN4012.1,0,0,2946.35
1119,receive,7,LBNL_VLAN3001.1,3,5,63.5856
1122,send,0,VLAN4012.0,0,1,2946.35
1122,send,5,LBNL_VLAN3002.1,1,7,25.2497
1123,trace_offer,5,LBNL_VLAN3002.1,1,7,25.2497
1123,trace_offer,0,VLAN4012.0,0,1,2946.35
1120,receive,1,VLAN4012.1,0,0,2946.35
1123,send,0,VLAN4012.0,0,1,2946.35
1123,send,5,LBNL_VLAN3002.1,1,7,25.2497
1124,trace_offer,0,VLAN4012.0,0,1,2946.35
1124,trace_offer,5,LBNL_VLAN3002.1,1,7,25.2497
1121,receive,7,LBNL_VLAN3001.1,3,5,25.2497
1121,receive,1,VLAN4012.1,0,0,2946.35
1124,send,5,LBNL_VLAN3002.1,1,7,25.2497
1124,send,0,VLAN4012.0,0,1,2946.35
1125,trace_offer,5,LBNL_VLAN3002.1,1,7,25.2497
1125,trace_offer,0,VLAN4012.0,0,1,2946.35
1122,receive,1,VLAN4012.1,0,0,2946.35
1122,receive,7,LBNL_VLAN3001.1,3,5,25.2497
1125,send,5,LBNL_VLAN3002.1,1,7,25.2497
1125,send,0,VLAN4012.0,0,1,2946.35
1126,trace_offer,5,LBNL_VLAN3002.1,1,7,25.2497
1126,trace_offer,0,VLAN4012.0,0,1,2946.35
1123,receive,1,VLAN4012.1,0,0,2946.35
1123,receive,7,LBNL_VLAN3001.1,3,5,25.2497
1126,send,0,VLAN4012.0,0,1,2946.35
1126,send,5,LBNL_VLAN3002.1,1,7,25.2497
1127,trace_offer,5,LBNL_VLAN3002.1,1,7,25.2497
1127,trace_offer,0,VLAN4012.0,0,1,2946.35
1124,receive,7,LBNL_VLAN3001.1,3,5,25.2497
1124,receive,1,VLAN4012.1,0,0,2946.35
1124,receive,1,VLAN4012.1,0,0,2946.35
1127,send,0,VLAN4012.0,0,1,2946.35
1127,send,5,LBNL_VLAN3002.1,1,7,25.2497
1128,trace_offer,5,LBNL_VLAN3002.1,1,7,25.2497
1128,trace_offer,0,VLAN4012.0,0,1,2946.35
1125,receive,7,LBNL_VLAN3001.1,3,5,25.2497
1128,send,0,VLAN4012.0,0,1,2946.35
1128,send,5,LBNL_VLAN3002.1,1,7,25.2497
1129,trace_offer,0,VLAN4012.0,0,1,2946.35
1129,trace_offer,5,LBNL_VLAN3002.1,1,7,25.2497
1126,receive,7,LBNL_VLAN3001.1,3,5,50.4994
1126,receive,1,VLAN4012.1,0,0,2946.35
1129,send,5,LBNL_VLAN3002.1,1,7,25.2497
1129,send,0,VLAN4012.0,0,1,2946.35
1130,trace_offer,0,VLAN4012.0,0,1,2954.94
1130,trace_offer,5,LBNL_VLAN3002.1,1,7,25.2497
1127,receive,1,VLAN4012.1,0,0,2946.35
1127,receive,1,VLAN4012.1,0,0,2946.35
1130,send,0,VLAN4012.0,0,1,2954.94
1130,send,5,LBNL_VLAN3002.1,1,7,25.2497
1131,trace_offer,5,LBNL_VLAN3002.1,1,7,25.2497
1131,trace_offer,0,VLAN4012.0,0,1,2954.94
1128,receive,7,LBNL_VLAN3001.1,3,5,25.2497
1131,send,5,LBNL_VLAN3002.1,1,7,25.2497
1131,send,0,VLAN4012.0,0,1,2954.94
1132,trace_offer,0,VLAN4012.0,0,1,2954.94
1132,trace_offer,5,LBNL_VLAN3002.1,1,7,25.2497
1129,receive,7,LBNL_VLAN3001.1,3,5,50.4994
1129,receive,1,VLAN4012.1,0,0,2954.94
1132,send,5,LBNL_VLAN3002.1,1,7,25.2497
1132,send,0,VLAN4012.0,0,1,2954.94
1133,trace_offer,0,VLAN4012.0,0,1,2954.94
1133,trace_offer,5,LBNL_VLAN3002.1,1,7,25.2497
1130,receive,1,VLAN4012.1,0,0,2954.94
1133,send,0,VLAN4012.0,0,1,2954.94
1133,send,5,LBNL_VLAN3002.1,1,7,25.2497
1134,trace_offer,0,VLAN4012.0,0,1,2954.94
1134,trace_offer,5,LBNL_VLAN3002.1,1,7,25.2497
1131,receive,1,VLAN4012.1,0,0,2954.94
1131,receive,7,LBNL_VLAN3001.1,3,5,50.4994
1134,send,0,VLAN4012.0,0,1,2954.94
1134,send,5,LBNL_VLAN3002.1,1,7,25.2497
1135,trace_offer,5,LBNL_VLAN3002.1,1,7,25.2497
1135,trace_offer,0,VLAN4012.0,0,1,2954.94
1132,receive,1,VLAN4012.1,0,0,2954.94
1132,receive,1,VLAN4012.1,0,0,2954.94
1135,send,0,VLAN4012.0,0,1,2954.94
1135,send,5,LBNL_VLAN3002.1,1,7,25.2497
1136,trace_offer,5,LBNL_VLAN3002.1,1,7,25.2497
1136,trace_offer,0,VLAN4012.0,0,1,2954.94
1133,receive,7,LBNL_VLAN3001.1,3,5,25.2497
1136,send,0,VLAN4012.0,0,1,2954.94
1136,send,5,LBNL_VLAN3002.1,1,7,25.2497
1137,trace_offer,0,VLAN4012.0,0,1,2954.94
1137,trace_offer,5,LBNL_VLAN3002.1,1,7,25.2497
1134,receive,1,VLAN4012.1,0,0,2954.94
1134,receive,7,LBNL_VLAN3001.1,3,5,50.4994
1137,send,5,LBNL_VLAN3002.1,1,7,25.2497
1137,send,0,VLAN4012.0,0,1,2954.94
1138,trace_offer,5,LBNL_VLAN3002.1,1,7,25.2497
1138,trace_offer,0,VLAN4012.0,0,1,2954.94
1135,receive,1,VLAN4012.1,0,0,2954.94
1138,send,5,LBNL_VLAN3002.1,1,7,25.2497
1138,send,0,VLAN4012.0,0,1,2954.94
1139,trace_offer,5,LBNL_VLAN3002.1,1,7,25.2497
1139,trace_offer,0,VLAN4012.0,0,1,2954.94
1136,receive,1,VLAN4012.1,0,0,2954.94
1136,receive,7,LBNL_VLAN3001.1,3,5,50.4994
1139,send,5,LBNL_VLAN3002.1,1,7,25.2497
1139,send,0,VLAN4012.0,0,1,2954.94
1140,trace_offer,5,LBNL_VLAN3002.1,1,7,31.7089
1140,trace_offer,0,VLAN4012.0,0,1,2954.94
1137,receive,1,VLAN4012.1,0,0,2954.94
1140,send,0,VLAN4012.0,0,1,2954.94
1140,send,5,LBNL_VLAN3002.1,1,7,31.7089
1141,trace_offer,0,VLAN4012.0,0,1,2954.94
1141,trace_offer,5,LBNL_VLAN3002.1,1,7,31.7089
1138,receive,1,VLAN4012.1,0,0,2954.94
1138,receive,7,LBNL_VLAN3001.1,3,5,25.2497
1141,send,5,LBNL_VLAN3002.1,1,7,31.7089
1141,send,0,VLAN4012.0,0,1,2954.94
1142,trace_offer,0,VLAN4012.0,0,1,2954.94
1142,trace_offer,5,LBNL_VLAN3002.1,1,7,31.7089
1139,receive,1,VLAN4012.1,0,0,2954.94
1139,receive,7,LBNL_VLAN3001.1,3,5,50.4994
1142,send,5,LBNL_VLAN3002.1,1,7,31.7089
1142,send,0,VLAN4012.0,0,1,2954.94
1143,trace_offer,5,LBNL_VLAN3002.1,1,7,31.7089
1143,trace_offer,0,VLAN4012.0,0,1,2954.94
1140,receive,1,VLAN4012.1,0,0,2954.94
1143,send,5,LBNL_VLAN3002.1,1,7,31.7089
1143,send,0,VLAN4012.0,0,1,2954.94
1144,trace_offer,5,LBNL_VLAN3002.1,1,7,31.7089
1144,trace_offer,0,VLAN4012.0,0,1,2954.94
1141,receive,1,VLAN4012.1,0,0,2954.94
1141,receive,7,LBNL_VLAN3001.1,3,5,31.7089
1144,send,5,LBNL_VLAN3002.1,1,7,31.7089
1144,send,0,VLAN4012.0,0,1,2954.94
1145,trace_offer,0,VLAN4012.0,0,1,2954.94
1145,trace_offer,5,LBNL_VLAN3002.1,1,7,31.7089
1142,receive,1,VLAN4012.1,0,0,2954.94
1142,receive,7,LBNL_VLAN3001.1,3,5,31.7089
1145,send,0,VLAN4012.0,0,1,2954.94
1145,send,5,LBNL_VLAN3002.1,1,7,31.7089
1146,trace_offer,5,LBNL_VLAN3002.1,1,7,31.7089
1146,trace_offer,0,VLAN4012.0,0,1,2954.94
1143,receive,1,VLAN4012.1,0,0,2954.94
1143,receive,7,LBNL_VLAN3001.1,3,5,31.7089
1146,send,5,LBNL_VLAN3002.1,1,7,31.7089
1146,send,0,VLAN4012.0,0,1,2954.94
1147,trace_offer,0,VLAN4012.0,0,1,2954.94
1147,trace_offer,5,LBNL_VLAN3002.1,1,7,31.7089
1144,receive,7,LBNL_VLAN3001.1,3,5,31.7089
1144,receive,1,VLAN4012.1,0,0,2954.94
1144,receive,1,VLAN4012.1,0,0,2954.94
1147,send,0,VLAN4012.0,0,1,2954.94
1147,send,5,LBNL_VLAN3002.1,1,7,31.7089
1148,trace_offer,0,VLAN4012.0,0,1,2954.94
1148,trace_offer,5,LBNL_VLAN3002.1,1,7,31.7089
1145,receive,7,LBNL_VLAN3001.1,3,5,31.7089
1148,send,0,VLAN4012.0,0,1,2954.94
1148,send,5,LBNL_VLAN3002.1,1,7,31.7089
1149,trace_offer,5,LBNL_VLAN3002.1,1,7,31.7089
1149,trace_offer,0,VLAN4012.0,0,1,2954.94
1146,receive,1,VLAN4012.1,0,0,2954.94
1146,receive,7,LBNL_VLAN3001.1,3,5,31.7089
1149,send,5,LBNL_VLAN3002.1,1,7,31.7089
1149,send,0,VLAN4012.0,0,1,2954.94
1150,trace_offer,0,VLAN4012.0,0,1,2963.53
1150,trace_offer,5,LBNL_VLAN3002.1,1,7,25.2497
1147,receive,1,VLAN4012.1,0,0,2954.94
1147,receive,7,LBNL_VLAN3001.1,3,5,31.7089
1150,send,5,LBNL_VLAN3002.1,1,7,25.2497
1150,send,0,VLAN4012.0,0,1,2963.53
1151,trace_offer,0,VLAN4012.0,0,1,2963.53
1151,trace_offer,5,LBNL_VLAN3002.1,1,7,25.2497
1148,receive,7,LBNL_VLAN3001.1,3,5,31.7089
1148,receive,1,VLAN4012.1,0,0,2954.94
1151,send,0,VLAN4012.0,0,1,2963.53
1151,send,5,LBNL_VLAN3002.1,1,7,25.2497
1152,trace_offer,0,VLAN4012.0,0,1,2963.53
1152,trace_offer,5,LBNL_VLAN3002.1,1,7,25.2497
1149,receive,1,VLAN4012.1,0,0,2963.53
1149,receive,7,LBNL_VLAN3001.1,3,5,63.4179
1149,receive,1,VLAN4012.1,0,0,2963.53
1152,send,0,VLAN4012.0,0,1,2963.53
1152,send,5,LBNL_VLAN3002.1,1,7,25.2497
1153,trace_offer,0,VLAN4012.0,0,1,2963.53
1153,trace_offer,5,LBNL_VLAN3002.1,1,7,25.2497
1153,send,0,VLAN4012.0,0,1,2963.53
1153,send,5,LBNL_VLAN3002.1,1,7,25.2497
1154,trace_offer,0,VLAN4012.0,0,1,2963.53
1154,trace_offer,5,LBNL_VLAN3002.1,1,7,25.2497
1151,receive,7,LBNL_VLAN3001.1,3,5,50.4994
1151,receive,1,VLAN4012.1,0,0,2963.53
1154,send,5,LBNL_VLAN3002.1,1,7,25.2497
1154,send,0,VLAN4012.0,0,1,2963.53
1155,trace_offer,5,LBNL_VLAN3002.1,1,7,25.2497
1155,trace_offer,0,VLAN4012.0,0,1,2963.53
1152,receive,1,VLAN4012.1,0,0,2963.53
1155,send,5,LBNL_VLAN3002.1,1,7,25.2497
1155,send,0,VLAN4012.0,0,1,2963.53
1156,trace_offer,0,VLAN4012.0,0,1,2963.53
1156,trace_offer,5,LBNL_VLAN3002.1,1,7,25.2497
1153,receive,1,VLAN4012.1,0,0,2963.53
1153,receive,7,LBNL_VLAN3001.1,3,5,25.2497
1156,send,5,LBNL_VLAN3002.1,1,7,25.2497
1156,send,0,VLAN4012.0,0,1,2963.53
1157,trace_offer,0,VLAN4012.0,0,1,2963.53
1157,trace_offer,5,LBNL_VLAN3002.1,1,7,25.2497
1154,receive,1,VLAN4012.1,0,0,2963.53
1154,receive,7,LBNL_VLAN3001.1,3,5,25.2497
1154,receive,1,VLAN4012.1,0,0,2963.53
1157,send,0,VLAN4012.0,0,1,2963.53
1157,send,5,LBNL_VLAN3002.1,1,7,25.2497
1158,trace_offer,5,LBNL_VLAN3002.1,1,7,25.2497
1158,trace_offer,0,VLAN4012.0,0,1,2963.53
1155,receive,7,LBNL_VLAN3001.1,3,5,25.2497
1158,send,5,LBNL_VLAN3002.1,1,7,25.2497
1158,send,0,VLAN4012.0,0,1,2963.53
1159,trace_offer,0,VLAN4012.0,0,1,2963.53
1159,trace_offer,5,LBNL_VLAN3002.1,1,7,25.2497
1156,receive,7,LBNL_VLAN3001.1,3,5,25.2497
1156,receive,1,VLAN4012.1,0,0,2963.53
1159,send,0,VLAN4012.0,0,1,2963.53
1159,send,5,LBNL_VLAN3002.1,1,7,25.2497
1160,trace_offer,0,VLAN4012.0,0,1,2972.12
1160,trace_offer,5,LBNL_VLAN3002.1,1,7,31.7089
1157,receive,7,LBNL_VLAN3001.1,3,5,25.2497
1157,receive,1,VLAN4012.1,0,0,2963.53
1160,send,5,LBNL_VLAN3002.1,1,7,31.7089
1160,send,0,VLAN4012.0,0,1,2972.12
1161,trace_offer,0,VLAN4012.0,0,1,2972.12
1161,trace_offer,5,LBNL_VLAN3002.1,1,7,31.7089
1158,receive,7,LBNL_VLAN3001.1,3,5,25.2497
1158,receive,1,VLAN4012.1,0,0,2963.53
1161,send,5,LBNL_VLAN3002.1,1,7,31.7089
1161,send,0,VLAN4012.0,0,1,2972.12
1162,trace_offer,0,VLAN4012.0,0,1,2972.12
1162,trace_offer,5,LBNL_VLAN3002.1,1,7,31.7089
1159,receive,7,LBNL_VLAN3001.1,3,5,25.2497
1159,receive,1,VLAN4012.1,0,0,2972.12
1159,receive,1,VLAN4012.1,0,0,2972.12
1162,send,5,LBNL_VLAN3002.1,1,7,31.7089
1162,send,0,VLAN4012.0,0,1,2972.12
1163,trace_offer,5,LBNL_VLAN3002.1,1,7,31.7089
1163,trace_offer,0,VLAN4012.0,0,1,2972.12
1160,receive,7,LBNL_VLAN3001.1,3,5,25.2497
1163,send,0,VLAN4012.0,0,1,2972.12
1163,send,5,LBNL_VLAN3002.1,1,7,31.7089
1164,trace_offer,0,VLAN4012.0,0,1,2972.12
1164,trace_offer,5,LBNL_VLAN3002.1,1,7,31.7089
1161,receive,1,VLAN4012.1,0,0,2972.12
1161,receive,7,LBNL_VLAN3001.1,3,5,63.4179
1164,send,5,LBNL_VLAN3002.1,1,7,31.7089
1164,send,0,VLAN4012.0,0,1,2972.12
1165,trace_offer,5,LBNL_VLAN3002.1,1,7,31.7089
1165,trace_offer,0,VLAN4012.0,0,1,2972.12
1162,receive,1,VLAN4012.1,0,0,2972.12
1165,send,5,LBNL_VLAN3002.1,1,7,31.7089
1165,send,0,VLAN4012.0,0,1,2972.12
1166,trace_offer,5,LBNL_VLAN3002.1,1,7,31.7089
1166,trace_offer,0,VLAN4012.0,0,1,2972.12
1163,receive,7,LBNL_VLAN3001.1,3,5,31.7089
1163,receive,1,VLAN4012.1,0,0,2972.12
1166,send,0,VLAN4012.0,0,1,2972.12
1166,send,5,LBNL_VLAN3002.1,1,7,31.7089
1167,trace_offer,5,LBNL_VLAN3002.1,1,7,31.7089
1167,trace_offer,0,VLAN4012.0,0,1,2972.12
1164,receive,7,LBNL_VLAN3001.1,3,5,63.4179
1164,receive,1,VLAN4012.1,0,0,2972.12
1167,send,5,LBNL_VLAN3002.1,1,7,31.7089
1167,send,0,VLAN4012.0,0,1,2972.12
1168,trace_offer,0,VLAN4012.0,0,1,2972.12
1168,trace_offer,5,LBNL_VLAN3002.1,1,7,31.7089
1165,receive,1,VLAN4012.1,0,0,2972.12
1168,send,0,VLAN4012.0,0,1,2972.12
1168,send,5,LBNL_VLAN3002.1,1,7,31.7089
1169,trace_offer,0,VLAN4012.0,0,1,2972.12
1169,trace_offer,5,LBNL_VLAN3002.1,1,7,31.7089
1166,receive,7,LBNL_VLAN3001.1,3,5,63.4179
1166,receive,1,VLAN4012.1,0,0,2972.12
1169,send,0,VLAN4012.0,0,1,2972.12
1169,send,5,LBNL_VLAN3002.1,1,7,31.7089
1170,trace_offer,5,LBNL_VLAN3002.1,1,7,25.3336
1170,trace_offer,0,VLAN4012.0,0,1,2989.3
1167,receive,1,VLAN4012.1,0,0,2972.12
1170,send,0,VLAN4012.0,0,1,2989.3
1170,send,5,LBNL_VLAN3002.1,1,7,25.3336
1171,trace_offer,5,LBNL_VLAN3002.1,1,7,25.3336
1171,trace_offer,0,VLAN4012.0,0,1,2989.3
1168,receive,1,VLAN4012.1,0,0,2972.12
1168,receive,7,LBNL_VLAN3001.1,3,5,31.7089
1171,send,0,VLAN4012.0,0,1,2989.3
1171,send,5,LBNL_VLAN3002.1,1,7,25.3336
1172,trace_offer,5,LBNL_VLAN3002.1,1,7,25.3336
1172,trace_offer,0,VLAN4012.0,0,1,2989.3
1169,receive,7,LBNL_VLAN3001.1,3,5,63.4179
1169,receive,1,VLAN4012.1,0,0,2989.3
1169,receive,1,VLAN4012.1,0,0,2989.3
1172,send,0,VLAN4012.0,0,1,2989.3
1172,send,5,LBNL_VLAN3002.1,1,7,25.3336
1173,trace_offer,0,VLAN4012.0,0,1,2989.3
1173,trace_offer,5,LBNL_VLAN3002.1,1,7,25.3336
1173,send,5,LBNL_VLAN3002.1,1,7,25.3336
1173,send,0,VLAN4012.0,0,1,2989.3
1174,trace_offer,0,VLAN4012.0,0,1,2989.3
1174,trace_offer,5,LBNL_VLAN3002.1,1,7,25.3336
1171,receive,7,LBNL_VLAN3001.1,3,5,25.3336
1171,receive,1,VLAN4012.1,0,0,2989.3
1174,send,0,VLAN4012.0,0,1,2989.3
1174,send,5,LBNL_VLAN3002.1,1,7,25.3336
1175,trace_offer,5,LBNL_VLAN3002.1,1,7,25.3336
1175,trace_offer,0,VLAN4012.0,0,1,2989.3
1172,receive,1,VLAN4012.1,0,0,2989.3
1172,receive,7,LBNL_VLAN3001.1,3,5,25.3336
1175,send,5,LBNL_VLAN3002.1,1,7,25.3336
1175,send,0,VLAN4012.0,0,1,2989.3
1176,trace_offer,5,LBNL_VLAN3002.1,1,7,25.3336
1176,trace_offer,0,VLAN4012.0,0,1,2989.3
1173,receive,1,VLAN4012.1,0,0,2989.3
1173,receive,7,LBNL_VLAN3001.1,3,5,25.3336
1176,send,0,VLAN4012.0,0,1,2989.3
1176,send,5,LBNL_VLAN3002.1,1,7,25.3336
1177,trace_offer,5,LBNL_VLAN3002.1,1,7,25.3336
1177,trace_offer,0,VLAN4012.0,0,1,2989.3
1174,receive,1,VLAN4012.1,0,0,2989.3
1174,receive,7,LBNL_VLAN3001.1,3,5,50.6672
1177,send,5,LBNL_VLAN3002.1,1,7,25.3336
1177,send,0,VLAN4012.0,0,1,2989.3
1178,trace_offer,5,LBNL_VLAN3002.1,1,7,25.3336
1178,trace_offer,0,VLAN4012.0,0,1,2989.3
1175,receive,1,VLAN4012.1,0,0,2989.3
1178,send,0,VLAN4012.0,0,1,2989.3
1178,send,5,LBNL_VLAN3002.1,1,7,25.3336
1179,trace_offer,0,VLAN4012.0,0,1,2989.3
1179,trace_offer,5,LBNL_VLAN3002.1,1,7,25.3336
1176,receive,1,VLAN4012.1,0,0,2989.3
1176,receive,7,LBNL_VLAN3001.1,3,5,50.6672
1179,send,5,LBNL_VLAN3002.1,1,7,25.3336
1179,send,0,VLAN4012.0,0,1,2989.3
1180,trace_offer,0,VLAN4012.0,0,1,2972.12
1180,trace_offer,5,LBNL_VLAN3002.1,1,7,31.4573
1177,receive,1,VLAN4012.1,0,0,2989.3
1180,send,5,LBNL_VLAN3002.1,1,7,31.4573
1180,send,0,VLAN4012.0,0,1,2972.12
1181,trace_offer,0,VLAN4012.0,0,1,2972.12
1181,trace_offer,5,LBNL_VLAN3002.1,1,7,31.4573
1178,receive,7,LBNL_VLAN3001.1,3,5,25.3336
1178,receive,1,VLAN4012.1,0,0,2989.3
1181,send,0,VLAN4012.0,0,1,2972.12
1181,send,5,LBNL_VLAN3002.1,1,7,31.4573
1182,trace_offer,0,VLAN4012.0,0,1,2972.12
1182,trace_offer,5,LBNL_VLAN3002.1,1,7,31.4573
1179,receive,7,LBNL_VLAN3001.1,3,5,25.3336
1179,receive,1,VLAN4012.1,0,0,2972.12
1182,send,5,LBNL_VLAN3002.1,1,7,31.4573
1182,send,0,VLAN4012.0,0,1,2972.12
1183,trace_offer,5,LBNL_VLAN3002.1,1,7,31.4573
1183,trace_offer,0,VLAN4012.0,0,1,2972.12
1180,receive,7,LBNL_VLAN3001.1,3,5,25.3336
1180,receive,1,VLAN4012.1,0,0,2972.12
1183,send,0,VLAN4012.0,0,1,2972.12
1183,send,5,LBNL_VLAN3002.1,1,7,31.4573
1184,trace_offer,0,VLAN4012.0,0,1,2972.12
1184,trace_offer,5,LBNL_VLAN3002.1,1,7,31.4573
1181,receive,1,VLAN4012.1,0,0,2972.12
1181,receive,7,LBNL_VLAN3001.1,3,5,31.4573
1184,send,5,LBNL_VLAN3002.1,1,7,31.4573
1184,send,0,VLAN4012.0,0,1,2972.12
1185,trace_offer,0,VLAN4012.0,0,1,2972.12
1185,trace_offer,5,LBNL_VLAN3002.1,1,7,31.4573
1182,receive,7,LBNL_VLAN3001.1,3,5,31.4573
1182,receive,1,VLAN4012.1,0,0,2972.12
1185,send,5,LBNL_VLAN3002.1,1,7,31.4573
1185,send,0,VLAN4012.0,0,1,2972.12
1186,trace_offer,0,VLAN4012.0,0,1,2972.12
1186,trace_offer,5,LBNL_VLAN3002.1,1,7,31.4573
1183,receive,7,LBNL_VLAN3001.1,3,5,31.4573
1183,receive,1,VLAN4012.1,0,0,2972.12
1186,send,5,LBNL_VLAN3002.1,1,7,31.4573
1186,send,0,VLAN4012.0,0,1,2972.12
1187,trace_offer,5,LBNL_VLAN3002.1,1,7,31.4573
1187,trace_offer,0,VLAN4012.0,0,1,2972.12
1184,receive,1,VLAN4012.1,0,0,2972.12
1184,receive,1,VLAN4012.1,0,0,2972.12
1184,receive,7,LBNL_VLAN3001.1,3,5,31.4573
1187,send,0,VLAN4012.0,0,1,2972.12
1187,send,5,LBNL_VLAN3002.1,1,7,31.4573
1188,trace_offer,5,LBNL_VLAN3002.1,1,7,31.4573
1188,trace_offer,0,VLAN4012.0,0,1,2972.12
1185,receive,7,LBNL_VLAN3001.1,3,5,31.4573
1188,send,5,LBNL_VLAN3002.1,1,7,31.4573
1188,send,0,VLAN4012.0,0,1,2972.12
1189,trace_offer,5,LBNL_VLAN3002.1,1,7,31.4573
1189,trace_offer,0,VLAN4012.0,0,1,2972.12
1186,receive,1,VLAN4012.1,0,0,2972.12
1186,receive,7,LBNL_VLAN3001.1,3,5,62.9146
1189,send,0,VLAN4012.0,0,1,2972.12
1189,send,5,LBNL_VLAN3002.1,1,7,31.4573
1190,trace_offer,5,LBNL_VLAN3002.1,1,7,25.3336
1190,trace_offer,0,VLAN4012.0,0,1,2980.71
1187,receive,1,VLAN4012.1,0,0,2972.12
1187,receive,1,VLAN4012.1,0,0,2972.12
1190,send,0,VLAN4012.0,0,1,2980.71
1190,send,5,LBNL_VLAN3002.1,1,7,25.3336
1191,trace_offer,5,LBNL_VLAN3002.1,1,7,25.3336
1191,trace_offer,0,VLAN4012.0,0,1,2980.71
1188,receive,7,LBNL_VLAN3001.1,3,5,31.4573
1191,send,0,VLAN4012.0,0,1,2980.71
1191,send,5,LBNL_VLAN3002.1,1,7,25.3336
1192,trace_offer,0,VLAN4012.0,0,1,2980.71
1192,trace_offer,5,LBNL_VLAN3002.1,1,7,25.3336
1189,receive,1,VLAN4012.1,0,0,2980.71
1189,receive,1,VLAN4012.1,0,0,2980.71
1189,receive,7,LBNL_VLAN3001.1,3,5,31.4573
1192,send,5,LBNL_VLAN3002.1,1,7,25.3336
1192,send,0,VLAN4012.0,0,1,2980.71
1193,trace_offer,0,VLAN4012.0,0,1,2980.71
1193,trace_offer,5,LBNL_VLAN3002.1,1,7,25.3336
1190,receive,7,LBNL_VLAN3001.1,3,5,31.4573
1193,send,5,LBNL_VLAN3002.1,1,7,25.3336
1193,send,0,VLAN4012.0,0,1,2980.71
1194,trace_offer,5,LBNL_VLAN3002.1,1,7,25.3336
1194,trace_offer,0,VLAN4012.0,0,1,2980.71
1191,receive,7,LBNL_VLAN3001.1,3,5,25.3336
1191,receive,1,VLAN4012.1,0,0,2980.71
1194,send,5,LBNL_VLAN3002.1,1,7,25.3336
1194,send,0,VLAN4012.0,0,1,2980.71
1195,trace_offer,0,VLAN4012.0,0,1,2980.71
1195,trace_offer,5,LBNL_VLAN3002.1,1,7,25.3336
1192,receive,1,VLAN4012.1,0,0,2980.71
1192,receive,7,LBNL_VLAN3001.1,3,5,25.3336
1195,send,0,VLAN4012.0,0,1,2980.71
1195,send,5,LBNL_VLAN3002.1,1,7,25.3336
1196,trace_offer,5,LBNL_VLAN3002.1,1,7,25.3336
1196,trace_offer,0,VLAN4012.0,0,1,2980.71
1193,receive,7,LBNL_VLAN3001.1,3,5,25.3336
1193,receive,1,VLAN4012.1,0,0,2980.71
1196,send,5,LBNL_VLAN3002.1,1,7,25.3336
1196,send,0,VLAN4012.0,0,1,2980.71
1197,trace_offer,5,LBNL_VLAN3002.1,1,7,25.3336
1197,trace_offer,0,VLAN4012.0,0,1,2980.71
1194,receive,1,VLAN4012.1,0,0,2980.71
1194,receive,7,LBNL_VLAN3001.1,3,5,50.6672
1194,receive,1,VLAN4012.1,0,0,2980.71
1197,send,0,VLAN4012.0,0,1,2980.71
1197,send,5,LBNL_VLAN3002.1,1,7,25.3336
1198,trace_offer,5,LBNL_VLAN3002.1,1,7,25.3336
1198,trace_offer,0,VLAN4012.0,0,1,2980.71
1198,send,0,VLAN4012.0,0,1,2980.71
1198,send,5,LBNL_VLAN3002.1,1,7,25.3336
1199,trace_offer,0,VLAN4012.0,0,1,2980.71
1199,trace_offer,5,LBNL_VLAN3002.1,1,7,25.3336
1196,receive,7,LBNL_VLAN3001.1,3,5,50.6672
1196,receive,1,VLAN4012.1,0,0,2980.71
1199,send,5,LBNL_VLAN3002.1,1,7,25.3336
1199,send,0,VLAN4012.0,0,1,2980.71
1200,trace_offer,5,LBNL_VLAN3002.1,1,7,31.4573
1200,trace_offer,0,VLAN4012.0,0,1,2954.94
1197,receive,1,VLAN4012.1,0,0,2980.71
1197,receive,1,VLAN4012.1,0,0,2980.71
1200,send,5,LBNL_VLAN3002.1,1,7,31.4573
1200,send,0,VLAN4012.0,0,1,2954.94
1201,trace_offer,5,LBNL_VLAN3002.1,1,7,31.4573
1201,trace_offer,0,VLAN4012.0,0,1,2954.94
1198,receive,7,LBNL_VLAN3001.1,3,5,25.3336
1201,send,0,VLAN4012.0,0,1,2954.94
1201,send,5,LBNL_VLAN3002.1,1,7,31.4573
1202,trace_offer,5,LBNL_VLAN3002.1,1,7,31.4573
1202,trace_offer,0,VLAN4012.0,0,1,2954.94
1199,receive,7,LBNL_VLAN3001.1,3,5,50.6672
1199,receive,1,VLAN4012.1,0,0,2954.94
1202,send,5,LBNL_VLAN3002.1,1,7,31.4573
1202,send,0,VLAN4012.0,0,1,2954.94
1203,trace_offer,0,VLAN4012.0,0,1,2954.94
1203,trace_offer,5,LBNL_VLAN3002.1,1,7,31.4573
1200,receive,1,VLAN4012.1,0,0,2954.94
1203,send,0,VLAN4012.0,0,1,2954.94
1203,send,5,LBNL_VLAN3002.1,1,7,31.4573
1204,trace_offer,5,LBNL_VLAN3002.1,1,7,31.4573
1204,trace_offer,0,VLAN4012.0,0,1,2954.94
1201,receive,7,LBNL_VLAN3001.1,3,5,62.9146
1201,receive,1,VLAN4012.1,0,0,2954.94
1204,send,5,LBNL_VLAN3002.1,1,7,31.4573
1204,send,0,VLAN4012.0,0,1,2954.94
1205,trace_offer,0,VLAN4012.0,0,1,2954.94
1205,trace_offer,5,LBNL_VLAN3002.1,1,7,31.4573
1202,receive,1,VLAN4012.1,0,0,2954.94
1202,receive,1,VLAN4012.1,0,0,2954.94
1205,send,5,LBNL_VLAN3002.1,1,7,31.4573
1205,send,0,VLAN4012.0,0,1,2954.94
1206,trace_offer,0,VLAN4012.0,0,1,2954.94
1206,trace_offer,5,LBNL_VLAN3002.1,1,7,31.4573
1203,receive,7,LBNL_VLAN3001.1,3,5,31.4573
1206,send,0,VLAN4012.0,0,1,2954.94
1206,send,5,LBNL_VLAN3002.1,1,7,31.4573
1207,trace_offer,5,LBNL_VLAN3002.1,1,7,31.4573
1207,trace_offer,0,VLAN4012.0,0,1,2954.94
1204,receive,1,VLAN4012.1,0,0,2954.94
1204,receive,7,LBNL_VLAN3001.1,3,5,62.9146
1207,send,5,LBNL_VLAN3002.1,1,7,31.4573
1207,send,0,VLAN4012.0,0,1,2954.94
1208,trace_offer,0,VLAN4012.0,0,1,2954.94
1208,trace_offer,5,LBNL_VLAN3002.1,1,7,31.4573
1205,receive,1,VLAN4012.1,0,0,2954.94
1208,send,5,LBNL_VLAN3002.1,1,7,31.4573
1208,send,0,VLAN4012.0,0,1,2954.94
1209,trace_offer,0,VLAN4012.0,0,1,2954.94
1209,trace_offer,5,LBNL_VLAN3002.1,1,7,31.4573
1206,receive,7,LBNL_VLAN3001.1,3,5,62.9146
1206,receive,1,VLAN4012.1,0,0,2954.94
1209,send,0,VLAN4012.0,0,1,2954.94
1209,send,5,LBNL_VLAN3002.1,1,7,31.4573
1210,trace_offer,0,VLAN4012.0,0,1,2946.35
1210,trace_offer,5,LBNL_VLAN3002.1,1,7,25.3336
1207,receive,1,VLAN4012.1,0,0,2954.94
1207,receive,1,VLAN4012.1,0,0,2954.94
1210,send,0,VLAN4012.0,0,1,2946.35
1210,send,5,LBNL_VLAN3002.1,1,7,25.3336
1211,trace_offer,0,VLAN4012.0,0,1,2946.35
1211,trace_offer,5,LBNL_VLAN3002.1,1,7,25.3336
1208,receive,7,LBNL_VLAN3001.1,3,5,31.4573
1211,send,0,VLAN4012.0,0,1,2946.35
1211,send,5,LBNL_VLAN3002.1,1,7,25.3336
1212,trace_offer,0,VLAN4012.0,0,1,2946.35
1212,trace_offer,5,LBNL_VLAN3002.1,1,7,25.3336
1209,receive,1,VLAN4012.1,0,0,2946.35
1209,receive,7,LBNL_VLAN3001.1,3,5,31.4573
1209,receive,1,VLAN4012.1,0,0,2946.35
1212,send,5,LBNL_VLAN3002.1,1,7,25.3336
1212,send,0,VLAN4012.0,0,1,2946.35
1213,trace_offer,5,LBNL_VLAN3002.1,1,7,25.3336
1213,trace_offer,0,VLAN4012.0,0,1,2946.35
1210,receive,7,LBNL_VLAN3001.1,3,5,31.4573
1213,send,0,VLAN4012.0,0,1,2946.35
1213,send,5,LBNL_VLAN3002.1,1,7,25.3336
1214,trace_offer,0,VLAN4012.0,0,1,2946.35
1214,trace_offer,5,LBNL_VLAN3002.1,1,7,25.3336
1211,receive,7,LBNL_VLAN3001.1,3,5,25.3336
1211,receive,1,VLAN4012.1,0,0,2946.35
1214,send,0,VLAN4012.0,0,1,2946.35
1214,send,5,LBNL_VLAN3002.1,1,7,25.3336
1215,trace_offer,5,LBNL_VLAN3002.1,1,7,25.3336
1215,trace_offer,0,VLAN4012.0,0,1,2946.35
1212,receive,1,VLAN4012.1,0,0,2946.35
1212,receive,1,VLAN4012.1,0,0,2946.35
1212,receive,7,LBNL_VLAN3001.1,3,5,25.3336
1215,send,0,VLAN4012.0,0,1,2946.35
1215,send,5,LBNL_VLAN3002.1,1,7,25.3336
1216,trace_offer,5,LBNL_VLAN3002.1,1,7,25.3336
1216,trace_offer,0,VLAN4012.0,0,1,2946.35
1213,receive,7,LBNL_VLAN3001.1,3,5,25.3336
1216,send,5,LBNL_VLAN3002.1,1,7,25.3336
1216,send,0,VLAN4012.0,0,1,2946.35
1217,trace_offer,0,VLAN4012.0,0,1,2946.35
1217,trace_offer,5,LBNL_VLAN3002.1,1,7,25.3336
1214,receive,1,VLAN4012.1,0,0,2946.35
1214,receive,7,LBNL_VLAN3001.1,3,5,25.3336
1214,receive,1,VLAN4012.1,0,0,2946.35
1217,send,0,VLAN4012.0,0,1,2946.35
1217,send,5,LBNL_VLAN3002.1,1,7,25.3336
1218,trace_offer,0,VLAN4012.0,0,1,2946.35
1218,trace_offer,5,LBNL_VLAN3002.1,1,7,25.3336
1215,receive,7,LBNL_VLAN3001.1,3,5,25.3336
1218,send,5,LBNL_VLAN3002.1,1,7,25.3336
1218,send,0,VLAN4012.0,0,1,2946.35
1219,trace_offer,0,VLAN4012.0,0,1,2946.35
1219,trace_offer,5,LBNL_VLAN3002.1,1,7,25.3336
1216,receive,1,VLAN4012.1,0,0,2946.35
1216,receive,7,LBNL_VLAN3001.1,3,5,25.3336
1219,send,5,LBNL_VLAN3002.1,1,7,25.3336
1219,send,0,VLAN4012.0,0,1,2946.35
1220,trace_offer,5,LBNL_VLAN3002.1,1,7,31.3734
1220,trace_offer,0,VLAN4012.0,0,1,2946.35
1217,receive,1,VLAN4012.1,0,0,2946.35
1217,receive,7,LBNL_VLAN3001.1,3,5,25.3336
1220,send,0,VLAN4012.0,0,1,2946.35
1220,send,5,LBNL_VLAN3002.1,1,7,31.3734
1221,trace_offer,0,VLAN4012.0,0,1,2946.35
1221,trace_offer,5,LBNL_VLAN3002.1,1,7,31.3734
1218,receive,1,VLAN4012.1,0,0,2946.35
1218,receive,7,LBNL_VLAN3001.1,3,5,25.3336
1221,send,5,LBNL_VLAN3002.1,1,7,31.3734
1221,send,0,VLAN4012.0,0,1,2946.35
1222,trace_offer,5,LBNL_VLAN3002.1,1,7,31.3734
1222,trace_offer,0,VLAN4012.0,0,1,2946.35
1219,receive,1,VLAN4012.1,0,0,2946.35
1219,receive,7,LBNL_VLAN3001.1,3,5,25.3336
1222,send,5,LBNL_VLAN3002.1,1,7,31.3734
1222,send,0,VLAN4012.0,0,1,2946.35
1223,trace_offer,5,LBNL_VLAN3002.1,1,7,31.3734
1223,trace_offer,0,VLAN4012.0,0,1,2946.35
1220,receive,1,VLAN4012.1,0,0,2946.35
1220,receive,7,LBNL_VLAN3001.1,3,5,25.3336
1223,send,5,LBNL_VLAN3002.1,1,7,31.3734
1223,send,0,VLAN4012.0,0,1,2946.35
1224,trace_offer,5,LBNL_VLAN3002.1,1,7,31.3734
1224,trace_offer,0,VLAN4012.0,0,1,2946.35
1221,receive,1,VLAN4012.1,0,0,2946.35
1221,receive,7,LBNL_VLAN3001.1,3,5,31.3734
1224,send,5,LBNL_VLAN3002.1,1,7,31.3734
1224,send,0,VLAN4012.0,0,1,2946.35
1225,trace_offer,5,LBNL_VLAN3002.1,1,7,31.3734
1225,trace_offer,0,VLAN4012.0,0,1,2946.35
1222,receive,7,LBNL_VLAN3001.1,3,5,31.3734
1222,receive,1,VLAN4012.1,0,0,2946.35
1225,send,5,LBNL_VLAN3002.1,1,7,31.3734
1225,send,0,VLAN4012.0,0,1,2946.35
1226,trace_offer,0,VLAN4012.0,0,1,2946.35
1226,trace_offer,5,LBNL_VLAN3002.1,1,7,31.3734
1223,receive,1,VLAN4012.1,0,0,2946.35
1223,receive,7,LBNL_VLAN3001.1,3,5,31.3734
1226,send,5,LBNL_VLAN3002.1,1,7,31.3734
1226,send,0,VLAN4012.0,0,1,2946.35
1227,trace_offer,5,LBNL_VLAN3002.1,1,7,31.3734
1227,trace_offer,0,VLAN4012.0,0,1,2946.35
1224,receive,1,VLAN4012.1,0,0,2946.35
1224,receive,7,LBNL_VLAN3001.1,3,5,31.3734
1224,receive,1,VLAN4012.1,0,0,2946.35
1227,send,5,LBNL_VLAN3002.1,1,7,31.3734
1227,send,0,VLAN4012.0,0,1,2946.35
1228,trace_offer,0,VLAN4012.0,0,1,2946.35
1228,trace_offer,5,LBNL_VLAN3002.1,1,7,31.3734
1225,receive,7,LBNL_VLAN3001.1,3,5,31.3734
1228,send,5,LBNL_VLAN3002.1,1,7,31.3734
1228,send,0,VLAN4012.0,0,1,2946.35
1229,trace_offer,5,LBNL_VLAN3002.1,1,7,31.3734
1229,trace_offer,0,VLAN4012.0,0,1,2946.35
1226,receive,7,LBNL_VLAN3001.1,3,5,31.3734
1226,receive,1,VLAN4012.1,0,0,2946.35
1229,send,5,LBNL_VLAN3002.1,1,7,31.3734
1229,send,0,VLAN4012.0,0,1,2946.35
1230,trace_offer,5,LBNL_VLAN3002.1,1,7,25.2497
1230,trace_offer,0,VLAN4012.0,0,1,2963.53
1227,receive,1,VLAN4012.1,0,0,2946.35
1227,receive,7,LBNL_VLAN3001.1,3,5,31.3734
1230,send,0,VLAN4012.0,0,1,2963.53
1230,send,5,LBNL_VLAN3002.1,1,7,25.2497
1231,trace_offer,0,VLAN4012.0,0,1,2963.53
1231,trace_offer,5,LBNL_VLAN3002.1,1,7,25.2497
1228,receive,1,VLAN4012.1,0,0,2946.35
1228,receive,7,LBNL_VLAN3001.1,3,5,31.3734
1231,send,5,LBNL_VLAN3002.1,1,7,25.2497
1231,send,0,VLAN4012.0,0,1,2963.53
1232,trace_offer,0,VLAN4012.0,0,1,2963.53
1232,trace_offer,5,LBNL_VLAN3002.1,1,7,25.2497
1229,receive,1,VLAN4012.1,0,0,2963.53
1229,receive,7,LBNL_VLAN3001.1,3,5,31.3734
1229,receive,1,VLAN4012.1,0,0,2963.53
1232,send,5,LBNL_VLAN3002.1,1,7,25.2497
1232,send,0,VLAN4012.0,0,1,2963.53
1233,trace_offer,0,VLAN4012.0,0,1,2963.53
1233,trace_offer,5,LBNL_VLAN3002.1,1,7,25.2497
1230,receive,7,LBNL_VLAN3001.1,3,5,31.3734
1233,send,0,VLAN4012.0,0,1,2963.53
1233,send,5,LBNL_VLAN3002.1,1,7,25.2497
1234,trace_offer,5,LBNL_VLAN3002.1,1,7,25.2497
1234,trace_offer,0,VLAN4012.0,0,1,2963.53
1231,receive,7,LBNL_VLAN3001.1,3,5,50.4994
1231,receive,1,VLAN4012.1,0,0,2963.53
1234,send,0,VLAN4012.0,0,1,2963.53
1234,send,5,LBNL_VLAN3002.1,1,7,25.2497
1235,trace_offer,5,LBNL_VLAN3002.1,1,7,25.2497
1235,trace_offer,0,VLAN4012.0,0,1,2963.53
1232,receive,1,VLAN4012.1,0,0,2963.53
1235,send,5,LBNL_VLAN3002.1,1,7,25.2497
1235,send,0,VLAN4012.0,0,1,2963.53
1236,trace_offer,0,VLAN4012.0,0,1,2963.53
1236,trace_offer,5,LBNL_VLAN3002.1,1,7,25.2497
1233,receive,1,VLAN4012.1,0,0,2963.53
1233,receive,7,LBNL_VLAN3001.1,3,5,25.2497
1236,send,0,VLAN4012.0,0,1,2963.53
1236,send,5,LBNL_VLAN3002.1,1,7,25.2497
1237,trace_offer,0,VLAN4012.0,0,1,2963.53
1237,trace_offer,5,LBNL_VLAN3002.1,1,7,25.2497
1234,receive,1,VLAN4012.1,0,0,2963.53
1234,receive,1,VLAN4012.1,0,0,2963.53
1234,receive,7,LBNL_VLAN3001.1,3,5,25.2497
1237,send,0,VLAN4012.0,0,1,2963.53
1237,send,5,LBNL_VLAN3002.1,1,7,25.2497
1238,trace_offer,0,VLAN4012.0,0,1,2963.53
1238,trace_offer,5,LBNL_VLAN3002.1,1,7,25.2497
1235,receive,7,LBNL_VLAN3001.1,3,5,25.2497
1238,send,0,VLAN4012.0,0,1,2963.53
1238,send,5,LBNL_VLAN3002.1,1,7,25.2497
1239,trace_offer,5,LBNL_VLAN3002.1,1,7,25.2497
1239,trace_offer,0,VLAN4012.0,0,1,2963.53
1236,receive,7,LBNL_VLAN3001.1,3,5,50.4994
1236,receive,1,VLAN4012.1,0,0,2963.53
1239,send,5,LBNL_VLAN3002.1,1,7,25.2497
1239,send,0,VLAN4012.0,0,1,2963.53
1240,trace_offer,0,VLAN4012.0,0,1,2963.53
1240,trace_offer,5,LBNL_VLAN3002.1,1,7,31.7089
1237,receive,1,VLAN4012.1,0,0,2963.53
1240,send,5,LBNL_VLAN3002.1,1,7,31.7089
1240,send,0,VLAN4012.0,0,1,2963.53
1241,trace_offer,5,LBNL_VLAN3002.1,1,7,31.7089
1241,trace_offer,0,VLAN4012.0,0,1,2963.53
1238,receive,7,LBNL_VLAN3001.1,3,5,25.2497
1238,receive,1,VLAN4012.1,0,0,2963.53
1241,send,0,VLAN4012.0,0,1,2963.53
1241,send,5,LBNL_VLAN3002.1,1,7,31.7089
1242,trace_offer,5,LBNL_VLAN3002.1,1,7,31.7089
1242,trace_offer,0,VLAN4012.0,0,1,2963.53
1239,receive,1,VLAN4012.1,0,0,2963.53
1239,receive,7,LBNL_VLAN3001.1,3,5,50.4994
1239,receive,1,VLAN4012.1,0,0,2963.53
1242,send,0,VLAN4012.0,0,1,2963.53
1242,send,5,LBNL_VLAN3002.1,1,7,31.7089
1243,trace_offer,0,VLAN4012.0,0,1,2963.53
1243,trace_offer,5,LBNL_VLAN3002.1,1,7,31.7089
1243,send,0,VLAN4012.0,0,1,2963.53
1243,send,5,LBNL_VLAN3002.1,1,7,31.7089
1244,trace_offer,5,LBNL_VLAN3002.1,1,7,31.7089
1244,trace_offer,0,VLAN4012.0,0,1,2963.53
1241,receive,1,VLAN4012.1,0,0,2963.53
1241,receive,7,LBNL_VLAN3001.1,3,5,63.4179
1244,send,0,VLAN4012.0,0,1,2963.53
1244,send,5,LBNL_VLAN3002.1,1,7,31.7089
1245,trace_offer,0,VLAN4012.0,0,1,2963.53
1245,trace_offer,5,LBNL_VLAN3002.1,1,7,31.7089
1242,receive,1,VLAN4012.1,0,0,2963.53
1242,receive,1,VLAN4012.1,0,0,2963.53
1245,send,0,VLAN4012.0,0,1,2963.53
1245,send,5,LBNL_VLAN3002.1,1,7,31.7089
1246,trace_offer,5,LBNL_VLAN3002.1,1,7,31.7089
1246,trace_offer,0,VLAN4012.0,0,1,2963.53
1243,receive,7,LBNL_VLAN3001.1,3,5,31.7089
1246,send,5,LBNL_VLAN3002.1,1,7,31.7089
1246,send,0,VLAN4012.0,0,1,2963.53
1247,trace_offer,5,LBNL_VLAN3002.1,1,7,31.7089
1247,trace_offer,0,VLAN4012.0,0,1,2963.53
1244,receive,7,LBNL_VLAN3001.1,3,5,63.4179
1244,receive,1,VLAN4012.1,0,0,2963.53
1247,send,0,VLAN4012.0,0,1,2963.53
1247,send,5,LBNL_VLAN3002.1,1,7,31.7089
1248,trace_offer,0,VLAN4012.0,0,1,2963.53
1248,trace_offer,5,LBNL_VLAN3002.1,1,7,31.7089
1245,receive,1,VLAN4012.1,0,0,2963.53
1248,send,5,LBNL_VLAN3002.1,1,7,31.7089
1248,send,0,VLAN4012.0,0,1,2963.53
1249,trace_offer,0,VLAN4012.0,0,1,2963.53
1249,trace_offer,5,LBNL_VLAN3002.1,1,7,31.7089
1246,receive,7,LBNL_VLAN3001.1,3,5,63.4179
1246,receive,1,VLAN4012.1,0,0,2963.53
1249,send,5,LBNL_VLAN3002.1,1,7,31.7089
1249,send,0,VLAN4012.0,0,1,2963.53
1250,trace_offer,5,LBNL_VLAN3002.1,1,7,24.9981
1250,trace_offer,0,VLAN4012.0,0,1,2963.53
1247,receive,1,VLAN4012.1,0,0,2963.53
1250,send,0,VLAN4012.0,0,1,2963.53
1250,send,5,LBNL_VLAN3002.1,1,7,24.9981
1251,trace_offer,0,VLAN4012.0,0,1,2963.53
1251,trace_offer,5,LBNL_VLAN3002.1,1,7,24.9981
1248,receive,7,LBNL_VLAN3001.1,3,5,31.7089
1248,receive,1,VLAN4012.1,0,0,2963.53
1251,send,0,VLAN4012.0,0,1,2963.53
1251,send,5,LBNL_VLAN3002.1,1,7,24.9981
1252,trace_offer,5,LBNL_VLAN3002.1,1,7,24.9981
1252,trace_offer,0,VLAN4012.0,0,1,2963.53
1249,receive,1,VLAN4012.1,0,0,2963.53
1249,receive,7,LBNL_VLAN3001.1,3,5,63.4179
1249,receive,1,VLAN4012.1,0,0,2963.53
1252,send,0,VLAN4012.0,0,1,2963.53
1252,send,5,LBNL_VLAN3002.1,1,7,24.9981
1253,trace_offer,5,LBNL_VLAN3002.1,1,7,24.9981
1253,trace_offer,0,VLAN4012.0,0,1,2963.53
1253,send,0,VLAN4012.0,0,1,2963.53
1253,send,5,LBNL_VLAN3002.1,1,7,24.9981
1254,trace_offer,0,VLAN4012.0,0,1,2963.53
1254,trace_offer,5,LBNL_VLAN3002.1,1,7,24.9981
1251,receive,7,LBNL_VLAN3001.1,3,5,24.9981
1251,receive,1,VLAN4012.1,0,0,2963.53
1254,send,0,VLAN4012.0,0,1,2963.53
1254,send,5,LBNL_VLAN3002.1,1,7,24.9981
1255,trace_offer,5,LBNL_VLAN3002.1,1,7,24.9981
1255,trace_offer,0,VLAN4012.0,0,1,2963.53
1252,receive,7,LBNL_VLAN3001.1,3,5,24.9981
1252,receive,1,VLAN4012.1,0,0,2963.53
1255,send,0,VLAN4012.0,0,1,2963.53
1255,send,5,LBNL_VLAN3002.1,1,7,24.9981
1256,trace_offer,0,VLAN4012.0,0,1,2963.53
1256,trace_offer,5,LBNL_VLAN3002.1,1,7,24.9981
1253,receive,1,VLAN4012.1,0,0,2963.53
1253,receive,7,LBNL_VLAN3001.1,3,5,24.9981
1256,send,0,VLAN4012.0,0,1,2963.53
1256,send,5,LBNL_VLAN3002.1,1,7,24.9981
1257,trace_offer,0,VLAN4012.0,0,1,2963.53
1257,trace_offer,5,LBNL_VLAN3002.1,1,7,24.9981
1254,receive,1,VLAN4012.1,0,0,2963.53
1254,receive,1,VLAN4012.1,0,0,2963.53
1254,receive,7,LBNL_VLAN3001.1,3,5,24.9981
1257,send,0,VLAN4012.0,0,1,2963.53
1257,send,5,LBNL_VLAN3002.1,1,7,24.9981
1258,trace_offer,5,LBNL_VLAN3002.1,1,7,24.9981
1258,trace_offer,0,VLAN4012.0,0,1,2963.53
1255,receive,7,LBNL_VLAN3001.1,3,5,24.9981
1258,send,0,VLAN4012.0,0,1,2963.53
1258,send,5,LBNL_VLAN3002.1,1,7,24.9981
1259,trace_offer,0,VLAN4012.0,0,1,2963.53
1259,trace_offer,5,LBNL_VLAN3002.1,1,7,24.9981
1256,receive,7,LBNL_VLAN3001.1,3,5,24.9981
1256,receive,1,VLAN4012.1,0,0,2963.53
1259,send,0,VLAN4012.0,0,1,2963.53
1259,send,5,LBNL_VLAN3002.1,1,7,24.9981
1260,trace_offer,5,LBNL_VLAN3002.1,1,7,31.1217
1260,trace_offer,0,VLAN4012.0,0,1,2954.94
1257,receive,7,LBNL_VLAN3001.1,3,5,24.9981
1257,receive,1,VLAN4012.1,0,0,2963.53
1260,send,5,LBNL_VLAN3002.1,1,7,31.1217
1260,send,0,VLAN4012.0,0,1,2954.94
1261,trace_offer,5,LBNL_VLAN3002.1,1,7,31.1217
1261,trace_offer,0,VLAN4012.0,0,1,2954.94
1258,receive,7,LBNL_VLAN3001.1,3,5,24.9981
1258,receive,1,VLAN4012.1,0,0,2963.53
1261,send,0,VLAN4012.0,0,1,2954.94
1261,send,5,LBNL_VLAN3002.1,1,7,31.1217
1262,trace_offer,0,VLAN4012.0,0,1,2954.94
1262,trace_offer,5,LBNL_VLAN3002.1,1,7,31.1217
1259,receive,1,VLAN4012.1,0,0,2954.94
1259,receive,7,LBNL_VLAN3001.1,3,5,24.9981
1259,receive,1,VLAN4012.1,0,0,2954.94
1262,send,5,LBNL_VLAN3002.1,1,7,31.1217
1262,send,0,VLAN4012.0,0,1,2954.94
1263,trace_offer,5,LBNL_VLAN3002.1,1,7,31.1217
1263,trace_offer,0,VLAN4012.0,0,1,2954.94
1260,receive,7,LBNL_VLAN3001.1,3,5,24.9981
1263,send,5,LBNL_VLAN3002.1,1,7,31.1217
1263,send,0,VLAN4012.0,0,1,2954.94
1264,trace_offer,5,LBNL_VLAN3002.1,1,7,31.1217
1264,trace_offer,0,VLAN4012.0,0,1,2954.94
1261,receive,1,VLAN4012.1,0,0,2954.94
1261,receive,7,LBNL_VLAN3001.1,3,5,31.1217
1264,send,0,VLAN4012.0,0,1,2954.94
1264,send,5,LBNL_VLAN3002.1,1,7,31.1217
1265,trace_offer,5,LBNL_VLAN3002.1,1,7,31.1217
1265,trace_offer,0,VLAN4012.0,0,1,2954.94
1262,receive,1,VLAN4012.1,0,0,2954.94
1262,receive,7,LBNL_VLAN3001.1,3,5,31.1217
1262,receive,1,VLAN4012.1,0,0,2954.94
1265,send,5,LBNL_VLAN3002.1,1,7,31.1217
1265,send,0,VLAN4012.0,0,1,2954.94
1266,trace_offer,5,LBNL_VLAN3002.1,1,7,31.1217
1266,trace_offer,0,VLAN4012.0,0,1,2954.94
1263,receive,7,LBNL_VLAN3001.1,3,5,31.1217
1266,send,5,LBNL_VLAN3002.1,1,7,31.1217
1266,send,0,VLAN4012.0,0,1,2954.94
1267,trace_offer,5,LBNL_VLAN3002.1,1,7,31.1217
1267,trace_offer,0,VLAN4012.0,0,1,2954.94
1264,receive,7,LBNL_VLAN3001.1,3,5,62.2435
1264,receive,1,VLAN4012.1,0,0,2954.94
1264,receive,1,VLAN4012.1,0,0,2954.94
1267,send,5,LBNL_VLAN3002.1,1,7,31.1217
1267,send,0,VLAN4012.0,0,1,2954.94
1268,trace_offer,0,VLAN4012.0,0,1,2954.94
1268,trace_offer,5,LBNL_VLAN3002.1,1,7,31.1217
1268,send,5,LBNL_VLAN3002.1,1,7,31.1217
1268,send,0,VLAN4012.0,0,1,2954.94
1269,trace_offer,0,VLAN4012.0,0,1,2954.94
1269,trace_offer,5,LBNL_VLAN3002.1,1,7,31.1217
1266,receive,1,VLAN4012.1,0,0,2954.94
1266,receive,7,LBNL_VLAN3001.1,3,5,62.2435
1269,send,5,LBNL_VLAN3002.1,1,7,31.1217
1269,send,0,VLAN4012.0,0,1,2954.94
1270,trace_offer,0,VLAN4012.0,0,1,2946.35
1270,trace_offer,5,LBNL_VLAN3002.1,1,7,24.9981
1267,receive,1,VLAN4012.1,0,0,2954.94
1267,receive,1,VLAN4012.1,0,0,2954.94
1270,send,0,VLAN4012.0,0,1,2946.35
1270,send,5,LBNL_VLAN3002.1,1,7,24.9981
1271,trace_offer,5,LBNL_VLAN3002.1,1,7,24.9981
1271,trace_offer,0,VLAN4012.0,0,1,2946.35
1268,receive,7,LBNL_VLAN3001.1,3,5,31.1217
1271,send,5,LBNL_VLAN3002.1,1,7,24.9981
1271,send,0,VLAN4012.0,0,1,2946.35
1272,trace_offer,5,LBNL_VLAN3002.1,1,7,24.9981
1272,trace_offer,0,VLAN4012.0,0,1,2946.35
1269,receive,7,LBNL_VLAN3001.1,3,5,62.2435
1269,receive,1,VLAN4012.1,0,0,2946.35
1272,send,0,VLAN4012.0,0,1,2946.35
1272,send,5,LBNL_VLAN3002.1,1,7,24.9981
1273,trace_offer,0,VLAN4012.0,0,1,2946.35
1273,trace_offer,5,LBNL_VLAN3002.1,1,7,24.9981
1270,receive,1,VLAN4012.1,0,0,2946.35
1273,send,0,VLAN4012.0,0,1,2946.35
1273,send,5,LBNL_VLAN3002.1,1,7,24.9981
1274,trace_offer,0,VLAN4012.0,0,1,2946.35
1274,trace_offer,5,LBNL_VLAN3002.1,1,7,24.9981
1271,receive,7,LBNL_VLAN3001.1,3,5,24.9981
1271,receive,1,VLAN4012.1,0,0,2946.35
1274,send,5,LBNL_VLAN3002.1,1,7,24.9981
1274,send,0,VLAN4012.0,0,1,2946.35
1275,trace_offer,0,VLAN4012.0,0,1,2946.35
1275,trace_offer,5,LBNL_VLAN3002.1,1,7,24.9981
1272,receive,1,VLAN4012.1,0,0,2946.35
1272,receive,7,LBNL_VLAN3001.1,3,5,24.9981
1275,send,5,LBNL_VLAN3002.1,1,7,24.9981
1275,send,0,VLAN4012.0,0,1,2946.35
1276,trace_offer,0,VLAN4012.0,0,1,2946.35
1276,trace_offer,5,LBNL_VLAN3002.1,1,7,24.9981
1273,receive,1,VLAN4012.1,0,0,2946.35
1273,receive,7,LBNL_VLAN3001.1,3,5,24.9981
1276,send,5,LBNL_VLAN3002.1,1,7,24.9981
1276,send,0,VLAN4012.0,0,1,2946.35
1277,trace_offer,5,LBNL_VLAN3002.1,1,7,24.9981
1277,trace_offer,0,VLAN4012.0,0,1,2946.35
1274,receive,7,LBNL_VLAN3001.1,3,5,24.9981
1274,receive,1,VLAN4012.1,0,0,2946.35
1277,send,0,VLAN4012.0,0,1,2946.35
1277,send,5,LBNL_VLAN3002.1,1,7,24.9981
1278,trace_offer,0,VLAN4012.0,0,1,2946.35
1278,trace_offer,5,LBNL_VLAN3002.1,1,7,24.9981
1275,receive,1,VLAN4012.1,0,0,2946.35
1275,receive,7,LBNL_VLAN3001.1,3,5,24.9981
1275,receive,1,VLAN4012.1,0,0,2946.35
1278,send,5,LBNL_VLAN3002.1,1,7,24.9981
1278,send,0,VLAN4012.0,0,1,2946.35
1279,trace_offer,5,LBNL_VLAN3002.1,1,7,24.9981
1279,trace_offer,0,VLAN4012.0,0,1,2946.35
1276,receive,1,VLAN4012.1,0,0,2946.35
1276,receive,7,LBNL_VLAN3001.1,3,5,49.9961
1279,send,0,VLAN4012.0,0,1,2946.35
1279,send,5,LBNL_VLAN3002.1,1,7,24.9981
1280,trace_offer,0,VLAN4012.0,0,1,2937.76
1280,trace_offer,5,LBNL_VLAN3002.1,1,7,31.7089
1277,receive,1,VLAN4012.1,0,0,2946.35
1277,receive,7,LBNL_VLAN3001.1,3,5,24.9981
1280,send,5,LBNL_VLAN3002.1,1,7,31.7089
1280,send,0,VLAN4012.0,0,1,2937.76
1281,trace_offer,0,VLAN4012.0,0,1,2937.76
1281,trace_offer,5,LBNL_VLAN3002.1,1,7,31.7089
1278,receive,1,VLAN4012.1,0,0,2937.76
1278,receive,7,LBNL_VLAN3001.1,3,5,24.9981
1281,send,0,VLAN4012.0,0,1,2937.76
1281,send,5,LBNL_VLAN3002.1,1,7,31.7089
1282,trace_offer,5,LBNL_VLAN3002.1,1,7,31.7089
1282,trace_offer,0,VLAN4012.0,0,1,2937.76
1279,receive,7,LBNL_VLAN3001.1,3,5,24.9981
1282,send,5,LBNL_VLAN3002.1,1,7,31.7089
1282,send,0,VLAN4012.0,0,1,2937.76
1283,trace_offer,0,VLAN4012.0,0,1,2937.76
1283,trace_offer,5,LBNL_VLAN3002.1,1,7,31.7089
1280,receive,1,VLAN4012.1,0,0,2937.76
1280,receive,1,VLAN4012.1,0,0,2937.76
1280,receive,7,LBNL_VLAN3001.1,3,5,31.7089
1283,send,0,VLAN4012.0,0,1,2937.76
1283,send,5,LBNL_VLAN3002.1,1,7,31.7089
1284,trace_offer,5,LBNL_VLAN3002.1,1,7,31.7089
1284,trace_offer,0,VLAN4012.0,0,1,2937.76
1281,receive,7,LBNL_VLAN3001.1,3,5,31.7089
1284,send,5,LBNL_VLAN3002.1,1,7,31.7089
1284,send,0,VLAN4012.0,0,1,2937.76
1285,trace_offer,0,VLAN4012.0,0,1,2937.76
1285,trace_offer,5,LBNL_VLAN3002.1,1,7,31.7089
1282,receive,1,VLAN4012.1,0,0,2937.76
1285,send,5,LBNL_VLAN3002.1,1,7,31.7089
1285,send,0,VLAN4012.0,0,1,2937.76
1286,trace_offer,5,LBNL_VLAN3002.1,1,7,31.7089
1286,trace_offer,0,VLAN4012.0,0,1,2937.76
1283,receive,1,VLAN4012.1,0,0,2937.76
1283,receive,7,LBNL_VLAN3001.1,3,5,63.4179
1283,receive,1,VLAN4012.1,0,0,2937.76
1286,send,0,VLAN4012.0,0,1,2937.76
1286,send,5,LBNL_VLAN3002.1,1,7,31.7089
1287,trace_offer,0,VLAN4012.0,0,1,2937.76
1287,trace_offer,5,LBNL_VLAN3002.1,1,7,31.7089
1284,receive,7,LBNL_VLAN3001.1,3,5,31.7089
1284,receive,1,VLAN4012.1,0,0,2937.76
1287,send,5,LBNL_VLAN3002.1,1,7,31.7089
1287,send,0,VLAN4012.0,0,1,2937.76
1288,trace_offer,5,LBNL_VLAN3002.1,1,7,31.7089
1288,trace_offer,0,VLAN4012.0,0,1,2937.76
1285,receive,1,VLAN4012.1,0,0,2937.76
1285,receive,7,LBNL_VLAN3001.1,3,5,31.7089
1288,send,0,VLAN4012.0,0,1,2937.76
1288,send,5,LBNL_VLAN3002.1,1,7,31.7089
1289,trace_offer,5,LBNL_VLAN3002.1,1,7,31.7089
1289,trace_offer,0,VLAN4012.0,0,1,2937.76
1286,receive,7,LBNL_VLAN3001.1,3,5,31.7089
1289,send,0,VLAN4012.0,0,1,2937.76
1289,send,5,LBNL_VLAN3002.1,1,7,31.7089
1290,trace_offer,0,VLAN4012.0,0,1,2929.17
1290,trace_offer,5,LBNL_VLAN3002.1,1,7,25.2497
1287,receive,1,VLAN4012.1,0,0,2937.76
1290,send,5,LBNL_VLAN3002.1,1,7,25.2497
1290,send,0,VLAN4012.0,0,1,2929.17
1291,trace_offer,5,LBNL_VLAN3002.1,1,7,25.2497
1291,trace_offer,0,VLAN4012.0,0,1,2929.17
1288,receive,1,VLAN4012.1,0,0,2929.17
1288,receive,7,LBNL_VLAN3001.1,3,5,31.7089
1288,receive,1,VLAN4012.1,0,0,2937.76
1291,send,5,LBNL_VLAN3002.1,1,7,25.2497
1291,send,0,VLAN4012.0,0,1,2929.17
1292,trace_offer,5,LBNL_VLAN3002.1,1,7,25.2497
1292,trace_offer,0,VLAN4012.0,0,1,2929.17
1289,receive,1,VLAN4012.1,0,0,2929.17
1289,receive,7,LBNL_VLAN3001.1,3,5,63.4179
1292,send,0,VLAN4012.0,0,1,2929.17
1292,send,5,LBNL_VLAN3002.1,1,7,25.2497
1293,trace_offer,5,LBNL_VLAN3002.1,1,7,25.2497
1293,trace_offer,0,VLAN4012.0,0,1,2929.17
1290,receive,1,VLAN4012.1,0,0,2929.17
1290,receive,7,LBNL_VLAN3001.1,3,5,25.2497
1293,send,5,LBNL_VLAN3002.1,1,7,25.2497
1293,send,0,VLAN4012.0,0,1,2929.17
1294,trace_offer,0,VLAN4012.0,0,1,2929.17
1294,trace_offer,5,LBNL_VLAN3002.1,1,7,25.2497
1291,receive,1,VLAN4012.1,0,0,2929.17
1291,receive,7,LBNL_VLAN3001.1,3,5,25.2497
1294,send,0,VLAN4012.0,0,1,2929.17
1294,send,5,LBNL_VLAN3002.1,1,7,25.2497
1295,trace_offer,0,VLAN4012.0,0,1,2929.17
1295,trace_offer,5,LBNL_VLAN3002.1,1,7,25.2497
1292,receive,7,LBNL_VLAN3001.1,3,5,25.2497
1292,receive,1,VLAN4012.1,0,0,2929.17
1295,send,5,LBNL_VLAN3002.1,1,7,25.2497
1295,send,0,VLAN4012.0,0,1,2929.17
1296,trace_offer,0,VLAN4012.0,0,1,2929.17
1296,trace_offer,5,LBNL_VLAN3002.1,1,7,25.2497
1293,receive,1,VLAN4012.1,0,0,2929.17
1296,send,5,LBNL_VLAN3002.1,1,7,25.2497
1296,send,0,VLAN4012.0,0,1,2929.17
1297,trace_offer,0,VLAN4012.0,0,1,2929.17
1297,trace_offer,5,LBNL_VLAN3002.1,1,7,25.2497
1294,receive,7,LBNL_VLAN3001.1,3,5,50.4994
1294,receive,1,VLAN4012.1,0,0,2929.17
1297,send,0,VLAN4012.0,0,1,2929.17
1297,send,5,LBNL_VLAN3002.1,1,7,25.2497
1298,trace_offer,0,VLAN4012.0,0,1,2929.17
1298,trace_offer,5,LBNL_VLAN3002.1,1,7,25.2497
1295,receive,7,LBNL_VLAN3001.1,3,5,25.2497
1295,receive,1,VLAN4012.1,0,0,2929.17
1298,send,0,VLAN4012.0,0,1,2929.17
1298,send,5,LBNL_VLAN3002.1,1,7,25.2497
1299,trace_offer,5,LBNL_VLAN3002.1,1,7,25.2497
1299,trace_offer,0,VLAN4012.0,0,1,2929.17
1296,receive,1,VLAN4012.1,0,0,2929.17
1296,receive,7,LBNL_VLAN3001.1,3,5,25.2497
1299,send,5,LBNL_VLAN3002.1,1,7,25.2497
1299,send,0,VLAN4012.0,0,1,2929.17
1300,trace_offer,5,LBNL_VLAN3002.1,1,7,31.5412
1300,trace_offer,0,VLAN4012.0,0,1,2946.35
1297,receive,7,LBNL_VLAN3001.1,3,5,25.2497
1297,receive,1,VLAN4012.1,0,0,2929.17
1300,send,5,LBNL_VLAN3002.1,1,7,31.5412
1300,send,0,VLAN4012.0,0,1,2946.35
1301,trace_offer,0,VLAN4012.0,0,1,2946.35
1301,trace_offer,5,LBNL_VLAN3002.1,1,7,31.5412
1298,receive,1,VLAN4012.1,0,0,2946.35
1301,send,5,LBNL_VLAN3002.1,1,7,31.5412
1301,send,0,VLAN4012.0,0,1,2946.35
1302,trace_offer,5,LBNL_VLAN3002.1,1,7,31.5412
1302,trace_offer,0,VLAN4012.0,0,1,2946.35
1299,receive,7,LBNL_VLAN3001.1,3,5,50.4994
1299,receive,1,VLAN4012.1,0,0,2946.35
1302,send,0,VLAN4012.0,0,1,2946.35
1302,send,5,LBNL_VLAN3002.1,1,7,31.5412
1303,trace_offer,5,LBNL_VLAN3002.1,1,7,31.5412
1303,trace_offer,0,VLAN4012.0,0,1,2946.35
1300,receive,7,LBNL_VLAN3001.1,3,5,31.5412
1303,send,0,VLAN4012.0,0,1,2946.35
1303,send,5,LBNL_VLAN3002.1,1,7,31.5412
1304,trace_offer,5,LBNL_VLAN3002.1,1,7,31.5412
1304,trace_offer,0,VLAN4012.0,0,1,2946.35
1301,receive,1,VLAN4012.1,0,0,2946.35
1301,receive,1,VLAN4012.1,0,0,2946.35
1304,send,0,VLAN4012.0,0,1,2946.35
1304,send,5,LBNL_VLAN3002.1,1,7,31.5412
1305,trace_offer,0,VLAN4012.0,0,1,2946.35
1305,trace_offer,5,LBNL_VLAN3002.1,1,7,31.5412
1302,receive,7,LBNL_VLAN3001.1,3,5,31.5412
1305,send,0,VLAN4012.0,0,1,2946.35
1305,send,5,LBNL_VLAN3002.1,1,7,31.5412
1306,trace_offer,5,LBNL_VLAN3002.1,1,7,31.5412
1306,trace_offer,0,VLAN4012.0,0,1,2946.35
1303,receive,7,LBNL_VLAN3001.1,3,5,31.5412
1303,receive,1,VLAN4012.1,0,0,2946.35
1303,receive,1,VLAN4012.1,0,0,2946.35
1306,send,0,VLAN4012.0,0,1,2946.35
1306,send,5,LBNL_VLAN3002.1,1,7,31.5412
1307,trace_offer,5,LBNL_VLAN3002.1,1,7,31.5412
1307,trace_offer,0,VLAN4012.0,0,1,2946.35
1304,receive,7,LBNL_VLAN3001.1,3,5,31.5412
1307,send,5,LBNL_VLAN3002.1,1,7,31.5412
1307,send,0,VLAN4012.0,0,1,2946.35
1308,trace_offer,0,VLAN4012.0,0,1,2946.35
1308,trace_offer,5,LBNL_VLAN3002.1,1,7,31.5412
1305,receive,1,VLAN4012.1,0,0,2946.35
1305,receive,1,VLAN4012.1,0,0,2946.35
1305,receive,7,LBNL_VLAN3001.1,3,5,63.0823
1308,send,5,LBNL_VLAN3002.1,1,7,31.5412
1308,send,0,VLAN4012.0,0,1,2946.35
1309,trace_offer,5,LBNL_VLAN3002.1,1,7,31.5412
1309,trace_offer,0,VLAN4012.0,0,1,2946.35
1306,receive,1,VLAN4012.1,0,0,2946.35
1306,receive,7,LBNL_VLAN3001.1,3,5,31.5412
1309,send,5,LBNL_VLAN3002.1,1,7,31.5412
1309,send,0,VLAN4012.0,0,1,2946.35
1310,trace_offer,5,LBNL_VLAN3002.1,1,7,25.1658
1310,trace_offer,0,VLAN4012.0,0,1,2954.94
1310,send,5,LBNL_VLAN3002.1,1,7,25.1658
1310,send,0,VLAN4012.0,0,1,2954.94
1311,trace_offer,0,VLAN4012.0,0,1,2954.94
1311,trace_offer,5,LBNL_VLAN3002.1,1,7,25.1658
1308,receive,1,VLAN4012.1,0,0,2954.94
1308,receive,1,VLAN4012.1,0,0,2946.35
1308,receive,7,LBNL_VLAN3001.1,3,5,31.5412
1311,send,5,LBNL_VLAN3002.1,1,7,25.1658
1311,send,0,VLAN4012.0,0,1,2954.94
1312,trace_offer,5,LBNL_VLAN3002.1,1,7,25.1658
1312,trace_offer,0,VLAN4012.0,0,1,2954.94
1309,receive,1,VLAN4012.1,0,0,2954.94
1309,receive,7,LBNL_VLAN3001.1,3,5,31.5412
1312,send,5,LBNL_VLAN3002.1,1,7,25.1658
1312,send,0,VLAN4012.0,0,1,2954.94
1313,trace_offer,0,VLAN4012.0,0,1,2954.94
1313,trace_offer,5,LBNL_VLAN3002.1,1,7,25.1658
1310,receive,1,VLAN4012.1,0,0,2954.94
1310,receive,7,LBNL_VLAN3001.1,3,5,56.707
1313,send,5,LBNL_VLAN3002.1,1,7,25.1658
1313,send,0,VLAN4012.0,0,1,2954.94
1314,trace_offer,5,LBNL_VLAN3002.1,1,7,25.1658
1314,trace_offer,0,VLAN4012.0,0,1,2954.94
1311,receive,7,LBNL_VLAN3001.1,3,5,25.1658
1314,send,5,LBNL_VLAN3002.1,1,7,25.1658
1314,send,0,VLAN4012.0,0,1,2954.94
1315,trace_offer,0,VLAN4012.0,0,1,2954.94
1315,trace_offer,5,LBNL_VLAN3002.1,1,7,25.1658
1312,receive,7,LBNL_VLAN3001.1,3,5,25.1658
1312,receive,1,VLAN4012.1,0,0,2954.94
1315,send,0,VLAN4012.0,0,1,2954.94
1315,send,5,LBNL_VLAN3002.1,1,7,25.1658
1316,trace_offer,5,LBNL_VLAN3002.1,1,7,25.1658
1316,trace_offer,0,VLAN4012.0,0,1,2954.94
1313,receive,7,LBNL_VLAN3001.1,3,5,25.1658
1313,receive,1,VLAN4012.1,0,0,2954.94
1313,receive,1,VLAN4012.1,0,0,2954.94
1316,send,5,LBNL_VLAN3002.1,1,7,25.1658
1316,send,0,VLAN4012.0,0,1,2954.94
1317,trace_offer,5,LBNL_VLAN3002.1,1,7,25.1658
1317,trace_offer,0,VLAN4012.0,0,1,2954.94
1317,send,5,LBNL_VLAN3002.1,1,7,25.1658
1317,send,0,VLAN4012.0,0,1,2954.94
1318,trace_offer,0,VLAN4012.0,0,1,2954.94
1318,trace_offer,5,LBNL_VLAN3002.1,1,7,25.1658
1315,receive,7,LBNL_VLAN3001.1,3,5,50.3316
1315,receive,1,VLAN4012.1,0,0,2954.94
1318,send,0,VLAN4012.0,0,1,2954.94
1318,send,5,LBNL_VLAN3002.1,1,7,25.1658
1319,trace_offer,0,VLAN4012.0,0,1,2954.94
1319,trace_offer,5,LBNL_VLAN3002.1,1,7,25.1658
1316,receive,1,VLAN4012.1,0,0,2954.94
1319,send,5,LBNL_VLAN3002.1,1,7,25.1658
1319,send,0,VLAN4012.0,0,1,2954.94
1320,trace_offer,0,VLAN4012.0,0,1,2963.53
1320,trace_offer,5,LBNL_VLAN3002.1,1,7,31.7089
1317,receive,7,LBNL_VLAN3001.1,3,5,25.1658
1317,receive,1,VLAN4012.1,0,0,2954.94
1320,send,5,LBNL_VLAN3002.1,1,7,31.7089
1320,send,0,VLAN4012.0,0,1,2963.53
1321,trace_offer,0,VLAN4012.0,0,1,2963.53
1321,trace_offer,5,LBNL_VLAN3002.1,1,7,31.7089
1318,receive,1,VLAN4012.1,0,0,2954.94
1318,receive,7,LBNL_VLAN3001.1,3,5,50.3316
1318,receive,1,VLAN4012.1,0,0,2963.53
1321,send,5,LBNL_VLAN3002.1,1,7,31.7089
1321,send,0,VLAN4012.0,0,1,2963.53
1322,trace_offer,5,LBNL_VLAN3002.1,1,7,31.7089
1322,trace_offer,0,VLAN4012.0,0,1,2963.53
1319,receive,7,LBNL_VLAN3001.1,3,5,25.1658
1322,send,5,LBNL_VLAN3002.1,1,7,31.7089
1322,send,0,VLAN4012.0,0,1,2963.53
1323,trace_offer,5,LBNL_VLAN3002.1,1,7,31.7089
1323,trace_offer,0,VLAN4012.0,0,1,2963.53
1320,receive,1,VLAN4012.1,0,0,2963.53
1320,receive,7,LBNL_VLAN3001.1,3,5,31.7089
1323,send,0,VLAN4012.0,0,1,2963.53
1323,send,5,LBNL_VLAN3002.1,1,7,31.7089
1324,trace_offer,0,VLAN4012.0,0,1,2963.53
1324,trace_offer,5,LBNL_VLAN3002.1,1,7,31.7089
1321,receive,1,VLAN4012.1,0,0,2963.53
1321,receive,7,LBNL_VLAN3001.1,3,5,31.7089
1324,send,5,LBNL_VLAN3002.1,1,7,31.7089
1324,send,0,VLAN4012.0,0,1,2963.53
1325,trace_offer,5,LBNL_VLAN3002.1,1,7,31.7089
1325,trace_offer,0,VLAN4012.0,0,1,2963.53
1322,receive,1,VLAN4012.1,0,0,2963.53
1325,send,0,VLAN4012.0,0,1,2963.53
1325,send,5,LBNL_VLAN3002.1,1,7,31.7089
1326,trace_offer,5,LBNL_VLAN3002.1,1,7,31.7089
1326,trace_offer,0,VLAN4012.0,0,1,2963.53
1323,receive,1,VLAN4012.1,0,0,2963.53
1323,receive,1,VLAN4012.1,0,0,2963.53
1323,receive,7,LBNL_VLAN3001.1,3,5,31.7089
1326,send,0,VLAN4012.0,0,1,2963.53
1326,send,5,LBNL_VLAN3002.1,1,7,31.7089
1327,trace_offer,0,VLAN4012.0,0,1,2963.53
1327,trace_offer,5,LBNL_VLAN3002.1,1,7,31.7089
1324,receive,7,LBNL_VLAN3001.1,3,5,31.7089
1327,send,5,LBNL_VLAN3002.1,1,7,31.7089
1327,send,0,VLAN4012.0,0,1,2963.53
1328,trace_offer,5,LBNL_VLAN3002.1,1,7,31.7089
1328,trace_offer,0,VLAN4012.0,0,1,2963.53
1325,receive,1,VLAN4012.1,0,0,2963.53
1325,receive,7,LBNL_VLAN3001.1,3,5,63.4179
1325,receive,1,VLAN4012.1,0,0,2963.53
1328,send,5,LBNL_VLAN3002.1,1,7,31.7089
1328,send,0,VLAN4012.0,0,1,2963.53
1329,trace_offer,0,VLAN4012.0,0,1,2963.53
1329,trace_offer,5,LBNL_VLAN3002.1,1,7,31.7089
1326,receive,1,VLAN4012.1,0,0,2963.53
1329,send,5,LBNL_VLAN3002.1,1,7,31.7089
1329,send,0,VLAN4012.0,0,1,2963.53
1330,trace_offer,5,LBNL_VLAN3002.1,1,7,25.1658
1330,trace_offer,0,VLAN4012.0,0,1,2972.12
1327,receive,7,LBNL_VLAN3001.1,3,5,31.7089
1327,receive,1,VLAN4012.1,0,0,2963.53
1330,send,0,VLAN4012.0,0,1,2972.12
1330,send,5,LBNL_VLAN3002.1,1,7,25.1658
1331,trace_offer,0,VLAN4012.0,0,1,2972.12
1331,trace_offer,5,LBNL_VLAN3002.1,1,7,25.1658
1328,receive,7,LBNL_VLAN3001.1,3,5,63.4179
1328,receive,1,VLAN4012.1,0,0,2972.12
1331,send,0,VLAN4012.0,0,1,2972.12
1331,send,5,LBNL_VLAN3002.1,1,7,25.1658
1332,trace_offer,5,LBNL_VLAN3002.1,1,7,25.1658
1332,trace_offer,0,VLAN4012.0,0,1,2972.12
1332,send,5,LBNL_VLAN3002.1,1,7,25.1658
1332,send,0,VLAN4012.0,0,1,2972.12
1333,trace_offer,0,VLAN4012.0,0,1,2972.12
1333,trace_offer,5,LBNL_VLAN3002.1,1,7,25.1658
1330,receive,1,VLAN4012.1,0,0,2972.12
1330,receive,7,LBNL_VLAN3001.1,3,5,56.8748
1333,send,0,VLAN4012.0,0,1,2972.12
1333,send,5,LBNL_VLAN3002.1,1,7,25.1658
1334,trace_offer,0,VLAN4012.0,0,1,2972.12
1334,trace_offer,5,LBNL_VLAN3002.1,1,7,25.1658
1331,receive,7,LBNL_VLAN3001.1,3,5,25.1658
1331,receive,1,VLAN4012.1,0,0,2972.12
1331,receive,1,VLAN4012.1,0,0,2972.12
1334,send,5,LBNL_VLAN3002.1,1,7,25.1658
1334,send,0,VLAN4012.0,0,1,2972.12
1335,trace_offer,0,VLAN4012.0,0,1,2972.12
1335,trace_offer,5,LBNL_VLAN3002.1,1,7,25.1658
1332,receive,7,LBNL_VLAN3001.1,3,5,25.1658
1335,send,5,LBNL_VLAN3002.1,1,7,25.1658
1335,send,0,VLAN4012.0,0,1,2972.12
1336,trace_offer,5,LBNL_VLAN3002.1,1,7,25.1658
1336,trace_offer,0,VLAN4012.0,0,1,2972.12
1333,receive,7,LBNL_VLAN3001.1,3,5,25.1658
1333,receive,1,VLAN4012.1,0,0,2972.12
1333,receive,1,VLAN4012.1,0,0,2972.12
1336,send,0,VLAN4012.0,0,1,2972.12
1336,send,5,LBNL_VLAN3002.1,1,7,25.1658
1337,trace_offer,5,LBNL_VLAN3002.1,1,7,25.1658
1337,trace_offer,0,VLAN4012.0,0,1,2972.12
1334,receive,1,VLAN4012.1,0,0,2972.12
1337,send,5,LBNL_VLAN3002.1,1,7,25.1658
1337,send,0,VLAN4012.0,0,1,2972.12
1338,trace_offer,5,LBNL_VLAN3002.1,1,7,25.1658
1338,trace_offer,0,VLAN4012.0,0,1,2972.12
1335,receive,7,LBNL_VLAN3001.1,3,5,50.3316
1338,send,5,LBNL_VLAN3002.1,1,7,25.1658
1338,send,0,VLAN4012.0,0,1,2972.12
1339,trace_offer,0,VLAN4012.0,0,1,2972.12
1339,trace_offer,5,LBNL_VLAN3002.1,1,7,25.1658
1336,receive,1,VLAN4012.1,0,0,2972.12
1339,send,5,LBNL_VLAN3002.1,1,7,25.1658
1339,send,0,VLAN4012.0,0,1,2972.12
1340,trace_offer,0,VLAN4012.0,0,1,2972.12
1340,trace_offer,5,LBNL_VLAN3002.1,1,7,25.2497
1337,receive,7,LBNL_VLAN3001.1,3,5,25.1658
1337,receive,1,VLAN4012.1,0,0,2972.12
1337,receive,1,VLAN4012.1,0,0,2972.12
1340,send,5,LBNL_VLAN3002.1,1,7,25.2497
1340,send,0,VLAN4012.0,0,1,2972.12
1341,trace_offer,0,VLAN4012.0,0,1,2972.12
1341,trace_offer,5,LBNL_VLAN3002.1,1,7,25.2497
1338,receive,1,VLAN4012.1,0,0,2972.12
1338,receive,7,LBNL_VLAN3001.1,3,5,25.1658
1341,send,5,LBNL_VLAN3002.1,1,7,25.2497
1341,send,0,VLAN4012.0,0,1,2972.12
1342,trace_offer,5,LBNL_VLAN3002.1,1,7,25.2497
1342,trace_offer,0,VLAN4012.0,0,1,2972.12
1339,receive,1,VLAN4012.1,0,0,2972.12
1339,receive,7,LBNL_VLAN3001.1,3,5,50.3316
1342,send,5,LBNL_VLAN3002.1,1,7,25.2497
1342,send,0,VLAN4012.0,0,1,2972.12
1343,trace_offer,0,VLAN4012.0,0,1,2972.12
1343,trace_offer,5,LBNL_VLAN3002.1,1,7,25.2497
1340,receive,7,LBNL_VLAN3001.1,3,5,25.2497
1343,send,5,LBNL_VLAN3002.1,1,7,25.2497
1343,send,0,VLAN4012.0,0,1,2972.12
1344,trace_offer,5,LBNL_VLAN3002.1,1,7,25.2497
1344,trace_offer,0,VLAN4012.0,0,1,2972.12
1341,receive,1,VLAN4012.1,0,0,2972.12
1341,receive,7,LBNL_VLAN3001.1,3,5,25.2497
1341,receive,1,VLAN4012.1,0,0,2972.12
1344,send,0,VLAN4012.0,0,1,2972.12
1344,send,5,LBNL_VLAN3002.1,1,7,25.2497
1345,trace_offer,5,LBNL_VLAN3002.1,1,7,25.2497
1345,trace_offer,0,VLAN4012.0,0,1,2972.12
1342,receive,1,VLAN4012.1,0,0,2972.12
1345,send,0,VLAN4012.0,0,1,2972.12
1345,send,5,LBNL_VLAN3002.1,1,7,25.2497
1346,trace_offer,5,LBNL_VLAN3002.1,1,7,25.2497
1346,trace_offer,0,VLAN4012.0,0,1,2972.12
1343,receive,7,LBNL_VLAN3001.1,3,5,25.2497
1343,receive,1,VLAN4012.1,0,0,2972.12
1346,send,0,VLAN4012.0,0,1,2972.12
1346,send,5,LBNL_VLAN3002.1,1,7,25.2497
1347,trace_offer,0,VLAN4012.0,0,1,2972.12
1347,trace_offer,5,LBNL_VLAN3002.1,1,7,25.2497
1344,receive,7,LBNL_VLAN3001.1,3,5,25.2497
1347,send,5,LBNL_VLAN3002.1,1,7,25.2497
1347,send,0,VLAN4012.0,0,1,2972.12
1348,trace_offer,5,LBNL_VLAN3002.1,1,7,25.2497
1348,trace_offer,0,VLAN4012.0,0,1,2972.12
1345,receive,7,LBNL_VLAN3001.1,3,5,50.4994
1345,receive,1,VLAN4012.1,0,0,2972.12
1345,receive,1,VLAN4012.1,0,0,2972.12
1348,send,5,LBNL_VLAN3002.1,1,7,25.2497
1348,send,0,VLAN4012.0,0,1,2972.12
1349,trace_offer,5,LBNL_VLAN3002.1,1,7,25.2497
1349,trace_offer,0,VLAN4012.0,0,1,2972.12
1349,send,0,VLAN4012.0,0,1,2972.12
1349,send,5,LBNL_VLAN3002.1,1,7,25.2497
1350,trace_offer,5,LBNL_VLAN3002.1,1,7,31.7089
1350,trace_offer,0,VLAN4012.0,0,1,2903.4
1347,receive,7,LBNL_VLAN3001.1,3,5,25.2497
1347,receive,1,VLAN4012.1,0,0,2972.12
1350,send,0,VLAN4012.0,0,1,2903.4
1350,send,5,LBNL_VLAN3002.1,1,7,31.7089
1351,trace_offer,0,VLAN4012.0,0,1,2903.4
1351,trace_offer,5,LBNL_VLAN3002.1,1,7,31.7089
1348,receive,1,VLAN4012.1,0,0,2903.4
1348,receive,1,VLAN4012.1,0,0,2972.12
1348,receive,7,LBNL_VLAN3001.1,3,5,25.2497
1351,send,0,VLAN4012.0,0,1,2903.4
1351,send,5,LBNL_VLAN3002.1,1,7,31.7089
1352,trace_offer,5,LBNL_VLAN3002.1,1,7,31.7089
1352,trace_offer,0,VLAN4012.0,0,1,2903.4
1349,receive,1,VLAN4012.1,0,0,2903.4
1349,receive,7,LBNL_VLAN3001.1,3,5,50.4994
1352,send,5,LBNL_VLAN3002.1,1,7,31.7089
1352,send,0,VLAN4012.0,0,1,2903.4
1353,trace_offer,5,LBNL_VLAN3002.1,1,7,31.7089
1353,trace_offer,0,VLAN4012.0,0,1,2903.4
1350,receive,7,LBNL_VLAN3001.1,3,5,31.7089
1353,send,5,LBNL_VLAN3002.1,1,7,31.7089
1353,send,0,VLAN4012.0,0,1,2903.4
1354,trace_offer,0,VLAN4012.0,0,1,2903.4
1354,trace_offer,5,LBNL_VLAN3002.1,1,7,31.7089
1351,receive,1,VLAN4012.1,0,0,2903.4
1351,receive,1,VLAN4012.1,0,0,2903.4
1354,send,5,LBNL_VLAN3002.1,1,7,31.7089
1354,send,0,VLAN4012.0,0,1,2903.4
1355,trace_offer,0,VLAN4012.0,0,1,2903.4
1355,trace_offer,5,LBNL_VLAN3002.1,1,7,31.7089
1352,receive,7,LBNL_VLAN3001.1,3,5,31.7089
1352,receive,1,VLAN4012.1,0,0,2903.4
1355,send,5,LBNL_VLAN3002.1,1,7,31.7089
1355,send,0,VLAN4012.0,0,1,2903.4
1356,trace_offer,5,LBNL_VLAN3002.1,1,7,31.7089
1356,trace_offer,0,VLAN4012.0,0,1,2903.4
1353,receive,7,LBNL_VLAN3001.1,3,5,31.7089
1353,receive,1,VLAN4012.1,0,0,2903.4
1356,send,0,VLAN4012.0,0,1,2903.4
1356,send,5,LBNL_VLAN3002.1,1,7,31.7089
1357,trace_offer,0,VLAN4012.0,0,1,2903.4
1357,trace_offer,5,LBNL_VLAN3002.1,1,7,31.7089
1354,receive,1,VLAN4012.1,0,0,2903.4
1354,receive,7,LBNL_VLAN3001.1,3,5,31.7089
1357,send,5,LBNL_VLAN3002.1,1,7,31.7089
1357,send,0,VLAN4012.0,0,1,2903.4
1358,trace_offer,0,VLAN4012.0,0,1,2903.4
1358,trace_offer,5,LBNL_VLAN3002.1,1,7,31.7089
1355,receive,7,LBNL_VLAN3001.1,3,5,63.4179
1355,receive,1,VLAN4012.1,0,0,2903.4
1358,send,0,VLAN4012.0,0,1,2903.4
1358,send,5,LBNL_VLAN3002.1,1,7,31.7089
1359,trace_offer,5,LBNL_VLAN3002.1,1,7,31.7089
1359,trace_offer,0,VLAN4012.0,0,1,2903.4
1356,receive,7,LBNL_VLAN3001.1,3,5,31.7089
1356,receive,1,VLAN4012.1,0,0,2903.4
1359,send,5,LBNL_VLAN3002.1,1,7,31.7089
1359,send,0,VLAN4012.0,0,1,2903.4
1360,trace_offer,5,LBNL_VLAN3002.1,1,7,25.1658
1360,trace_offer,0,VLAN4012.0,0,1,2886.22
1357,receive,1,VLAN4012.1,0,0,2903.4
1360,send,0,VLAN4012.0,0,1,2886.22
1360,send,5,LBNL_VLAN3002.1,1,7,25.1658
1361,trace_offer,0,VLAN4012.0,0,1,2886.22
1361,trace_offer,5,LBNL_VLAN3002.1,1,7,25.1658
1358,receive,1,VLAN4012.1,0,0,2886.22
1358,receive,7,LBNL_VLAN3001.1,3,5,63.4179
1361,send,0,VLAN4012.0,0,1,2886.22
1361,send,5,LBNL_VLAN3002.1,1,7,25.1658
1362,trace_offer,0,VLAN4012.0,0,1,2886.22
1362,trace_offer,5,LBNL_VLAN3002.1,1,7,25.1658
1359,receive,1,VLAN4012.1,0,0,2886.22
1362,send,0,VLAN4012.0,0,1,2886.22
1362,send,5,LBNL_VLAN3002.1,1,7,25.1658
1363,trace_offer,0,VLAN4012.0,0,1,2886.22
1363,trace_offer,5,LBNL_VLAN3002.1,1,7,25.1658
1360,receive,7,LBNL_VLAN3001.1,3,5,56.8748
1363,send,5,LBNL_VLAN3002.1,1,7,25.1658
1363,send,0,VLAN4012.0,0,1,2886.22
1364,trace_offer,5,LBNL_VLAN3002.1,1,7,25.1658
1364,trace_offer,0,VLAN4012.0,0,1,2886.22
1361,receive,1,VLAN4012.1,0,0,2886.22
1361,receive,7,LBNL_VLAN3001.1,3,5,25.1658
1361,receive,1,VLAN4012.1,0,0,2886.22
1364,send,0,VLAN4012.0,0,1,2886.22
1364,send,5,LBNL_VLAN3002.1,1,7,25.1658
1365,trace_offer,0,VLAN4012.0,0,1,2886.22
1365,trace_offer,5,LBNL_VLAN3002.1,1,7,25.1658
1362,receive,7,LBNL_VLAN3001.1,3,5,25.1658
1362,receive,1,VLAN4012.1,0,0,2886.22
1365,send,0,VLAN4012.0,0,1,2886.22
1365,send,5,LBNL_VLAN3002.1,1,7,25.1658
1366,trace_offer,0,VLAN4012.0,0,1,2886.22
1366,trace_offer,5,LBNL_VLAN3002.1,1,7,25.1658
1363,receive,7,LBNL_VLAN3001.1,3,5,25.1658
1363,receive,1,VLAN4012.1,0,0,2886.22
1366,send,0,VLAN4012.0,0,1,2886.22
1366,send,5,LBNL_VLAN3002.1,1,7,25.1658
1367,trace_offer,5,LBNL_VLAN3002.1,1,7,25.1658
1367,trace_offer,0,VLAN4012.0,0,1,2886.22
1364,receive,7,LBNL_VLAN3001.1,3,5,25.1658
1364,receive,1,VLAN4012.1,0,0,2886.22
1367,send,5,LBNL_VLAN3002.1,1,7,25.1658
1367,send,0,VLAN4012.0,0,1,2886.22
1368,trace_offer,5,LBNL_VLAN3002.1,1,7,25.1658
1368,trace_offer,0,VLAN4012.0,0,1,2886.22
1365,receive,7,LBNL_VLAN3001.1,3,5,25.1658
1368,send,0,VLAN4012.0,0,1,2886.22
1368,send,5,LBNL_VLAN3002.1,1,7,25.1658
1369,trace_offer,0,VLAN4012.0,0,1,2886.22
1369,trace_offer,5,LBNL_VLAN3002.1,1,7,25.1658
1366,receive,1,VLAN4012.1,0,0,2886.22
1366,receive,1,VLAN4012.1,0,0,2886.22
1369,send,5,LBNL_VLAN3002.1,1,7,25.1658
1369,send,0,VLAN4012.0,0,1,2886.22
1370,trace_offer,5,LBNL_VLAN3002.1,1,7,31.5412
1370,trace_offer,0,VLAN4012.0,0,1,2886.22
1367,receive,7,LBNL_VLAN3001.1,3,5,50.3316
1370,send,0,VLAN4012.0,0,1,2886.22
1370,send,5,LBNL_VLAN3002.1,1,7,31.5412
1371,trace_offer,5,LBNL_VLAN3002.1,1,7,31.5412
1371,trace_offer,0,VLAN4012.0,0,1,2886.22
1368,receive,1,VLAN4012.1,0,0,2886.22
1368,receive,1,VLAN4012.1,0,0,2886.22
1368,receive,7,LBNL_VLAN3001.1,3,5,25.1658
1371,send,5,LBNL_VLAN3002.1,1,7,31.5412
1371,send,0,VLAN4012.0,0,1,2886.22
1372,trace_offer,5,LBNL_VLAN3002.1,1,7,31.5412
1372,trace_offer,0,VLAN4012.0,0,1,2886.22
1369,receive,7,LBNL_VLAN3001.1,3,5,25.1658
1369,receive,1,VLAN4012.1,0,0,2886.22
1372,send,0,VLAN4012.0,0,1,2886.22
1372,send,5,LBNL_VLAN3002.1,1,7,31.5412
1373,trace_offer,0,VLAN4012.0,0,1,2886.22
1373,trace_offer,5,LBNL_VLAN3002.1,1,7,31.5412
1370,receive,7,LBNL_VLAN3001.1,3,5,31.5412
1373,send,0,VLAN4012.0,0,1,2886.22
1373,send,5,LBNL_VLAN3002.1,1,7,31.5412
1374,trace_offer,5,LBNL_VLAN3002.1,1,7,31.5412
1374,trace_offer,0,VLAN4012.0,0,1,2886.22
1371,receive,1,VLAN4012.1,0,0,2886.22
1371,receive,7,LBNL_VLAN3001.1,3,5,31.5412
1374,send,0,VLAN4012.0,0,1,2886.22
1374,send,5,LBNL_VLAN3002.1,1,7,31.5412
1375,trace_offer,5,LBNL_VLAN3002.1,1,7,31.5412
1375,trace_offer,0,VLAN4012.0,0,1,2886.22
1372,receive,1,VLAN4012.1,0,0,2886.22
1372,receive,7,LBNL_VLAN3001.1,3,5,31.5412
1375,send,0,VLAN4012.0,0,1,2886.22
1375,send,5,LBNL_VLAN3002.1,1,7,31.5412
1376,trace_offer,0,VLAN4012.0,0,1,2886.22
1376,trace_offer,5,LBNL_VLAN3002.1,1,7,31.5412
1373,receive,1,VLAN4012.1,0,0,2886.22
1373,receive,1,VLAN4012.1,0,0,2886.22
1376,send,0,VLAN4012.0,0,1,2886.22
1376,send,5,LBNL_VLAN3002.1,1,7,31.5412
1377,trace_offer,0,VLAN4012.0,0,1,2886.22
1377,trace_offer,5,LBNL_VLAN3002.1,1,7,31.5412
1374,receive,7,LBNL_VLAN3001.1,3,5,63.0823
1377,send,0,VLAN4012.0,0,1,2886.22
1377,send,5,LBNL_VLAN3002.1,1,7,31.5412
1378,trace_offer,5,LBNL_VLAN3002.1,1,7,31.5412
1378,trace_offer,0,VLAN4012.0,0,1,2886.22
1375,receive,7,LBNL_VLAN3001.1,3,5,31.5412
1375,receive,1,VLAN4012.1,0,0,2886.22
1375,receive,1,VLAN4012.1,0,0,2886.22
1378,send,5,LBNL_VLAN3002.1,1,7,31.5412
1378,send,0,VLAN4012.0,0,1,2886.22
1379,trace_offer,5,LBNL_VLAN3002.1,1,7,31.5412
1379,trace_offer,0,VLAN4012.0,0,1,2886.22
1379,send,5,LBNL_VLAN3002.1,1,7,31.5412
1379,send,0,VLAN4012.0,0,1,2886.22
1380,trace_offer,0,VLAN4012.0,0,1,2946.35
1380,trace_offer,5,LBNL_VLAN3002.1,1,7,31.5412
1377,receive,1,VLAN4012.1,0,0,2886.22
1377,receive,7,LBNL_VLAN3001.1,3,5,31.5412
1380,send,0,VLAN4012.0,0,1,2946.35
1380,send,5,LBNL_VLAN3002.1,1,7,31.5412
1381,trace_offer,5,LBNL_VLAN3002.1,1,7,31.5412
1381,trace_offer,0,VLAN4012.0,0,1,2946.35
1378,receive,7,LBNL_VLAN3001.1,3,5,63.0823
1378,receive,1,VLAN4012.1,0,0,2886.22
1378,receive,1,VLAN4012.1,0,0,2946.35
1381,send,5,LBNL_VLAN3002.1,1,7,31.5412
1381,send,0,VLAN4012.0,0,1,2946.35
1382,trace_offer,0,VLAN4012.0,0,1,2946.35
1382,trace_offer,5,LBNL_VLAN3002.1,1,7,31.5412
1379,receive,1,VLAN4012.1,0,0,2946.35
1382,send,0,VLAN4012.0,0,1,2946.35
1382,send,5,LBNL_VLAN3002.1,1,7,31.5412
1383,trace_offer,5,LBNL_VLAN3002.1,1,7,31.5412
1383,trace_offer,0,VLAN4012.0,0,1,2946.35
1380,receive,7,LBNL_VLAN3001.1,3,5,63.0823
1380,receive,1,VLAN4012.1,0,0,2946.35
1383,send,0,VLAN4012.0,0,1,2946.35
1383,send,5,LBNL_VLAN3002.1,1,7,31.5412
1384,trace_offer,5,LBNL_VLAN3002.1,1,7,31.5412
1384,trace_offer,0,VLAN4012.0,0,1,2946.35
1384,send,5,LBNL_VLAN3002.1,1,7,31.5412
1384,send,0,VLAN4012.0,0,1,2946.35
1385,trace_offer,5,LBNL_VLAN3002.1,1,7,31.5412
1385,trace_offer,0,VLAN4012.0,0,1,2946.35
1382,receive,7,LBNL_VLAN3001.1,3,5,63.0823
1382,receive,1,VLAN4012.1,0,0,2946.35
1385,send,5,LBNL_VLAN3002.1,1,7,31.5412
1385,send,0,VLAN4012.0,0,1,2946.35
1386,trace_offer,0,VLAN4012.0,0,1,2946.35
1386,trace_offer,5,LBNL_VLAN3002.1,1,7,31.5412
1383,receive,1,VLAN4012.1,0,0,2946.35
1383,receive,1,VLAN4012.1,0,0,2946.35
1386,send,5,LBNL_VLAN3002.1,1,7,31.5412
1386,send,0,VLAN4012.0,0,1,2946.35
1387,trace_offer,0,VLAN4012.0,0,1,2946.35
1387,trace_offer,5,LBNL_VLAN3002.1,1,7,31.5412
1384,receive,1,VLAN4012.1,0,0,2946.35
1384,receive,7,LBNL_VLAN3001.1,3,5,31.5412
1387,send,0,VLAN4012.0,0,1,2946.35
1387,send,5,LBNL_VLAN3002.1,1,7,31.5412
1388,trace_offer,5,LBNL_VLAN3002.1,1,7,31.5412
1388,trace_offer,0,VLAN4012.0,0,1,2946.35
1385,receive,7,LBNL_VLAN3001.1,3,5,63.0823
1388,send,0,VLAN4012.0,0,1,2946.35
1388,send,5,LBNL_VLAN3002.1,1,7,31.5412
1389,trace_offer,0,VLAN4012.0,0,1,2946.35
1389,trace_offer,5,LBNL_VLAN3002.1,1,7,31.5412
1386,receive,1,VLAN4012.1,0,0,2946.35
1386,receive,7,LBNL_VLAN3001.1,3,5,31.5412
1386,receive,1,VLAN4012.1,0,0,2946.35
1389,send,5,LBNL_VLAN3002.1,1,7,31.5412
1389,send,0,VLAN4012.0,0,1,2946.35
1390,trace_offer,5,LBNL_VLAN3002.1,1,7,25.0819
1390,trace_offer,0,VLAN4012.0,0,1,2937.76
1387,receive,1,VLAN4012.1,0,0,2946.35
1390,send,0,VLAN4012.0,0,1,2937.76
1390,send,5,LBNL_VLAN3002.1,1,7,25.0819
1391,trace_offer,5,LBNL_VLAN3002.1,1,7,25.0819
1391,trace_offer,0,VLAN4012.0,0,1,2937.76
1388,receive,1,VLAN4012.1,0,0,2937.76
1388,receive,7,LBNL_VLAN3001.1,3,5,31.5412
1391,send,0,VLAN4012.0,0,1,2937.76
1391,send,5,LBNL_VLAN3002.1,1,7,25.0819
1392,trace_offer,0,VLAN4012.0,0,1,2937.76
1392,trace_offer,5,LBNL_VLAN3002.1,1,7,25.0819
1389,receive,7,LBNL_VLAN3001.1,3,5,31.5412
1392,send,5,LBNL_VLAN3002.1,1,7,25.0819
1392,send,0,VLAN4012.0,0,1,2937.76
1393,trace_offer,0,VLAN4012.0,0,1,2937.76
1393,trace_offer,5,LBNL_VLAN3002.1,1,7,25.0819
1390,receive,1,VLAN4012.1,0,0,2937.76
1390,receive,1,VLAN4012.1,0,0,2937.76
1390,receive,7,LBNL_VLAN3001.1,3,5,56.6231
1393,send,5,LBNL_VLAN3002.1,1,7,25.0819
1393,send,0,VLAN4012.0,0,1,2937.76
1394,trace_offer,0,VLAN4012.0,0,1,2937.76
1394,trace_offer,5,LBNL_VLAN3002.1,1,7,25.0819
1394,send,5,LBNL_VLAN3002.1,1,7,25.0819
1394,send,0,VLAN4012.0,0,1,2937.76
1395,trace_offer,5,LBNL_VLAN3002.1,1,7,25.0819
1395,trace_offer,0,VLAN4012.0,0,1,2937.76
1392,receive,7,LBNL_VLAN3001.1,3,5,25.0819
1392,receive,1,VLAN4012.1,0,0,2937.76
1395,send,5,LBNL_VLAN3002.1,1,7,25.0819
1395,send,0,VLAN4012.0,0,1,2937.76
1396,trace_offer,5,LBNL_VLAN3002.1,1,7,25.0819
1396,trace_offer,0,VLAN4012.0,0,1,2937.76
1393,receive,1,VLAN4012.1,0,0,2937.76
1393,receive,1,VLAN4012.1,0,0,2937.76
1393,receive,7,LBNL_VLAN3001.1,3,5,50.1639
1396,send,5,LBNL_VLAN3002.1,1,7,25.0819
1396,send,0,VLAN4012.0,0,1,2937.76
1397,trace_offer,5,LBNL_VLAN3002.1,1,7,25.0819
1397,trace_offer,0,VLAN4012.0,0,1,2937.76
1394,receive,7,LBNL_VLAN3001.1,3,5,25.0819
1397,send,0,VLAN4012.0,0,1,2937.76
1397,send,5,LBNL_VLAN3002.1,1,7,25.0819
1398,trace_offer,0,VLAN4012.0,0,1,2937.76
1398,trace_offer,5,LBNL_VLAN3002.1,1,7,25.0819
1395,receive,7,LBNL_VLAN3001.1,3,5,25.0819
1395,receive,1,VLAN4012.1,0,0,2937.76
1395,receive,1,VLAN4012.1,0,0,2937.76
1398,send,0,VLAN4012.0,0,1,2937.76
1398,send,5,LBNL_VLAN3002.1,1,7,25.0819
1399,trace_offer,5,LBNL_VLAN3002.1,1,7,25.0819
1399,trace_offer,0,VLAN4012.0,0,1,2937.76
1396,receive,1,VLAN4012.1,0,0,2937.76
1396,receive,7,LBNL_VLAN3001.1,3,5,25.0819
1399,send,0,VLAN4012.0,0,1,2937.76
1399,send,5,LBNL_VLAN3002.1,1,7,25.0819
1400,trace_offer,0,VLAN4012.0,0,1,2946.35
1400,trace_offer,5,LBNL_VLAN3002.1,1,7,25.1658
1400,send,0,VLAN4012.0,0,1,2946.35
1400,send,5,LBNL_VLAN3002.1,1,7,25.1658
1401,trace_offer,5,LBNL_VLAN3002.1,1,7,25.1658
1401,trace_offer,0,VLAN4012.0,0,1,2946.35
1398,receive,7,LBNL_VLAN3001.1,3,5,25.0819
1398,receive,1,VLAN4012.1,0,0,2946.35
1398,receive,1,VLAN4012.1,0,0,2937.76
1401,send,5,LBNL_VLAN3002.1,1,7,25.1658
1401,send,0,VLAN4012.0,0,1,2946.35
1402,trace_offer,5,LBNL_VLAN3002.1,1,7,25.1658
1402,trace_offer,0,VLAN4012.0,0,1,2946.35
1399,receive,7,LBNL_VLAN3001.1,3,5,25.0819
1402,send,0,VLAN4012.0,0,1,2946.35
1402,send,5,LBNL_VLAN3002.1,1,7,25.1658
1403,trace_offer,5,LBNL_VLAN3002.1,1,7,25.1658
1403,trace_offer,0,VLAN4012.0,0,1,2946.35
1400,receive,1,VLAN4012.1,0,0,2946.35
1400,receive,1,VLAN4012.1,0,0,2946.35
1400,receive,7,LBNL_VLAN3001.1,3,5,50.2478
1403,send,5,LBNL_VLAN3002.1,1,7,25.1658
1403,send,0,VLAN4012.0,0,1,2946.35
1404,trace_offer,0,VLAN4012.0,0,1,2946.35
1404,trace_offer,5,LBNL_VLAN3002.1,1,7,25.1658
1404,send,0,VLAN4012.0,0,1,2946.35
1404,send,5,LBNL_VLAN3002.1,1,7,25.1658
1405,trace_offer,0,VLAN4012.0,0,1,2946.35
1405,trace_offer,5,LBNL_VLAN3002.1,1,7,25.1658
1402,receive,7,LBNL_VLAN3001.1,3,5,25.1658
1402,receive,1,VLAN4012.1,0,0,2946.35
1402,receive,1,VLAN4012.1,0,0,2946.35
1405,send,5,LBNL_VLAN3002.1,1,7,25.1658
1405,send,0,VLAN4012.0,0,1,2946.35
1406,trace_offer,5,LBNL_VLAN3002.1,1,7,25.1658
1406,trace_offer,0,VLAN4012.0,0,1,2946.35
1403,receive,1,VLAN4012.1,0,0,2946.35
1403,receive,7,LBNL_VLAN3001.1,3,5,25.1658
1406,send,5,LBNL_VLAN3002.1,1,7,25.1658
1406,send,0,VLAN4012.0,0,1,2946.35
1407,trace_offer,5,LBNL_VLAN3002.1,1,7,25.1658
1407,trace_offer,0,VLAN4012.0,0,1,2946.35
1404,receive,7,LBNL_VLAN3001.1,3,5,50.3316
1407,send,5,LBNL_VLAN3002.1,1,7,25.1658
1407,send,0,VLAN4012.0,0,1,2946.35
1408,trace_offer,5,LBNL_VLAN3002.1,1,7,25.1658
1408,trace_offer,0,VLAN4012.0,0,1,2946.35
1405,receive,7,LBNL_VLAN3001.1,3,5,25.1658
1405,receive,1,VLAN4012.1,0,0,2946.35
1405,receive,1,VLAN4012.1,0,0,2946.35
1408,send,5,LBNL_VLAN3002.1,1,7,25.1658
1408,send,0,VLAN4012.0,0,1,2946.35
1409,trace_offer,5,LBNL_VLAN3002.1,1,7,25.1658
1409,trace_offer,0,VLAN4012.0,0,1,2946.35
1409,send,5,LBNL_VLAN3002.1,1,7,25.1658
1409,send,0,VLAN4012.0,0,1,2946.35
1410,trace_offer,0,VLAN4012.0,0,1,2946.35
1410,trace_offer,5,LBNL_VLAN3002.1,1,7,31.7928
1407,receive,7,LBNL_VLAN3001.1,3,5,50.3316
1407,receive,1,VLAN4012.1,0,0,2946.35
1407,receive,1,VLAN4012.1,0,0,2946.35
1410,send,0,VLAN4012.0,0,1,2946.35
1410,send,5,LBNL_VLAN3002.1,1,7,31.7928
1411,trace_offer,5,LBNL_VLAN3002.1,1,7,31.7928
1411,trace_offer,0,VLAN4012.0,0,1,2946.35
1408,receive,1,VLAN4012.1,0,0,2946.35
1411,send,0,VLAN4012.0,0,1,2946.35
1411,send,5,LBNL_VLAN3002.1,1,7,31.7928
1412,trace_offer,5,LBNL_VLAN3002.1,1,7,31.7928
1412,trace_offer,0,VLAN4012.0,0,1,2946.35
1409,receive,7,LBNL_VLAN3001.1,3,5,25.1658
1412,send,5,LBNL_VLAN3002.1,1,7,31.7928
1412,send,0,VLAN4012.0,0,1,2946.35
1413,trace_offer,5,LBNL_VLAN3002.1,1,7,31.7928
1413,trace_offer,0,VLAN4012.0,0,1,2946.35
1410,receive,7,LBNL_VLAN3001.1,3,5,56.9586
1410,receive,1,VLAN4012.1,0,0,2946.35
1413,send,0,VLAN4012.0,0,1,2946.35
1413,send,5,LBNL_VLAN3002.1,1,7,31.7928
1414,trace_offer,5,LBNL_VLAN3002.1,1,7,31.7928
1414,trace_offer,0,VLAN4012.0,0,1,2946.35
1411,receive,1,VLAN4012.1,0,0,2946.35
1411,receive,7,LBNL_VLAN3001.1,3,5,31.7928
1414,send,5,LBNL_VLAN3002.1,1,7,31.7928
1414,send,0,VLAN4012.0,0,1,2946.35
1415,trace_offer,5,LBNL_VLAN3002.1,1,7,31.7928
1415,trace_offer,0,VLAN4012.0,0,1,2946.35
1412,receive,1,VLAN4012.1,0,0,2946.35
1415,send,5,LBNL_VLAN3002.1,1,7,31.7928
1415,send,0,VLAN4012.0,0,1,2946.35
1416,trace_offer,0,VLAN4012.0,0,1,2946.35
1416,trace_offer,5,LBNL_VLAN3002.1,1,7,31.7928
1413,receive,1,VLAN4012.1,0,0,2946.35
1413,receive,7,LBNL_VLAN3001.1,3,5,31.7928
1413,receive,1,VLAN4012.1,0,0,2946.35
1416,send,0,VLAN4012.0,0,1,2946.35
1416,send,5,LBNL_VLAN3002.1,1,7,31.7928
1417,trace_offer,5,LBNL_VLAN3002.1,1,7,31.7928
1417,trace_offer,0,VLAN4012.0,0,1,2946.35
1414,receive,7,LBNL_VLAN3001.1,3,5,63.5856
1414,receive,1,VLAN4012.1,0,0,2946.35
1417,send,5,LBNL_VLAN3002.1,1,7,31.7928
1417,send,0,VLAN4012.0,0,1,2946.35
1418,trace_offer,0,VLAN4012.0,0,1,2946.35
1418,trace_offer,5,LBNL_VLAN3002.1,1,7,31.7928
1415,receive,7,LBNL_VLAN3001.1,3,5,31.7928
1415,receive,1,VLAN4012.1,0,0,2946.35
1418,send,0,VLAN4012.0,0,1,2946.35
1418,send,5,LBNL_VLAN3002.1,1,7,31.7928
1419,trace_offer,5,LBNL_VLAN3002.1,1,7,31.7928
1419,trace_offer,0,VLAN4012.0,0,1,2946.35
1416,receive,1,VLAN4012.1,0,0,2946.35
1416,receive,7,LBNL_VLAN3001.1,3,5,31.7928
1419,send,5,LBNL_VLAN3002.1,1,7,31.7928
1419,send,0,VLAN4012.0,0,1,2946.35
1420,trace_offer,5,LBNL_VLAN3002.1,1,7,25.3336
1420,trace_offer,0,VLAN4012.0,0,1,2954.94
1420,send,0,VLAN4012.0,0,1,2954.94
1420,send,5,LBNL_VLAN3002.1,1,7,25.3336
1421,trace_offer,5,LBNL_VLAN3002.1,1,7,25.3336
1421,trace_offer,0,VLAN4012.0,0,1,2954.94
1418,receive,1,VLAN4012.1,0,0,2946.35
1418,receive,7,LBNL_VLAN3001.1,3,5,63.5856
1418,receive,1,VLAN4012.1,0,0,2954.94
1421,send,0,VLAN4012.0,0,1,2954.94
1421,send,5,LBNL_VLAN3002.1,1,7,25.3336
1422,trace_offer,5,LBNL_VLAN3002.1,1,7,25.3336
1422,trace_offer,0,VLAN4012.0,0,1,2954.94
1419,receive,1,VLAN4012.1,0,0,2954.94
1422,send,0,VLAN4012.0,0,1,2954.94
1422,send,5,LBNL_VLAN3002.1,1,7,25.3336
1423,trace_offer,0,VLAN4012.0,0,1,2954.94
1423,trace_offer,5,LBNL_VLAN3002.1,1,7,25.3336
1420,receive,7,LBNL_VLAN3001.1,3,5,57.1264
1420,receive,1,VLAN4012.1,0,0,2954.94
1423,send,0,VLAN4012.0,0,1,2954.94
1423,send,5,LBNL_VLAN3002.1,1,7,25.3336
1424,trace_offer,5,LBNL_VLAN3002.1,1,7,25.3336
1424,trace_offer,0,VLAN4012.0,0,1,2954.94
1424,send,5,LBNL_VLAN3002.1,1,7,25.3336
1424,send,0,VLAN4012.0,0,1,2954.94
1425,trace_offer,5,LBNL_VLAN3002.1,1,7,25.3336
1425,trace_offer,0,VLAN4012.0,0,1,2954.94
1422,receive,7,LBNL_VLAN3001.1,3,5,25.3336
1422,receive,1,VLAN4012.1,0,0,2954.94
1425,send,0,VLAN4012.0,0,1,2954.94
1425,send,5,LBNL_VLAN3002.1,1,7,25.3336
1426,trace_offer,0,VLAN4012.0,0,1,2954.94
1426,trace_offer,5,LBNL_VLAN3002.1,1,7,25.3336
1423,receive,1,VLAN4012.1,0,0,2954.94
1423,receive,7,LBNL_VLAN3001.1,3,5,50.6672
1423,receive,1,VLAN4012.1,0,0,2954.94
1426,send,0,VLAN4012.0,0,1,2954.94
1426,send,5,LBNL_VLAN3002.1,1,7,25.3336
1427,trace_offer,5,LBNL_VLAN3002.1,1,7,25.3336
1427,trace_offer,0,VLAN4012.0,0,1,2954.94
1424,receive,7,LBNL_VLAN3001.1,3,5,25.3336
1427,send,0,VLAN4012.0,0,1,2954.94
1427,send,5,LBNL_VLAN3002.1,1,7,25.3336
1428,trace_offer,0,VLAN4012.0,0,1,2954.94
1428,trace_offer,5,LBNL_VLAN3002.1,1,7,25.3336
1425,receive,1,VLAN4012.1,0,0,2954.94
1425,receive,7,LBNL_VLAN3001.1,3,5,25.3336
1425,receive,1,VLAN4012.1,0,0,2954.94
1428,send,0,VLAN4012.0,0,1,2954.94
1428,send,5,LBNL_VLAN3002.1,1,7,25.3336
1429,trace_offer,5,LBNL_VLAN3002.1,1,7,25.3336
1429,trace_offer,0,VLAN4012.0,0,1,2954.94
1426,receive,1,VLAN4012.1,0,0,2954.94
1426,receive,7,LBNL_VLAN3001.1,3,5,25.3336
1429,send,0,VLAN4012.0,0,1,2954.94
1429,send,5,LBNL_VLAN3002.1,1,7,25.3336
1430,trace_offer,0,VLAN4012.0,0,1,2972.12
1430,trace_offer,5,LBNL_VLAN3002.1,1,7,31.5412
1430,send,0,VLAN4012.0,0,1,2972.12
1430,send,5,LBNL_VLAN3002.1,1,7,31.5412
1431,trace_offer,5,LBNL_VLAN3002.1,1,7,31.5412
1431,trace_offer,0,VLAN4012.0,0,1,2972.12
1428,receive,1,VLAN4012.1,0,0,2954.94
1428,receive,1,VLAN4012.1,0,0,2972.12
1428,receive,7,LBNL_VLAN3001.1,3,5,50.6672
1431,send,0,VLAN4012.0,0,1,2972.12
1431,send,5,LBNL_VLAN3002.1,1,7,31.5412
1432,trace_offer,5,LBNL_VLAN3002.1,1,7,31.5412
1432,trace_offer,0,VLAN4012.0,0,1,2972.12
1429,receive,1,VLAN4012.1,0,0,2972.12
1432,send,5,LBNL_VLAN3002.1,1,7,31.5412
1432,send,0,VLAN4012.0,0,1,2972.12
1433,trace_offer,0,VLAN4012.0,0,1,2972.12
1433,trace_offer,5,LBNL_VLAN3002.1,1,7,31.5412
1430,receive,1,VLAN4012.1,0,0,2972.12
1430,receive,7,LBNL_VLAN3001.1,3,5,56.8748
1433,send,0,VLAN4012.0,0,1,2972.12
1433,send,5,LBNL_VLAN3002.1,1,7,31.5412
1434,trace_offer,0,VLAN4012.0,0,1,2972.12
1434,trace_offer,5,LBNL_VLAN3002.1,1,7,31.5412
1434,send,5,LBNL_VLAN3002.1,1,7,31.5412
1434,send,0,VLAN4012.0,0,1,2972.12
1435,trace_offer,5,LBNL_VLAN3002.1,1,7,31.5412
1435,trace_offer,0,VLAN4012.0,0,1,2972.12
1432,receive,7,LBNL_VLAN3001.1,3,5,31.5412
1432,receive,1,VLAN4012.1,0,0,2972.12
1432,receive,1,VLAN4012.1,0,0,2972.12
1435,send,5,LBNL_VLAN3002.1,1,7,31.5412
1435,send,0,VLAN4012.0,0,1,2972.12
1436,trace_offer,5,LBNL_VLAN3002.1,1,7,31.5412
1436,trace_offer,0,VLAN4012.0,0,1,2972.12
1433,receive,7,LBNL_VLAN3001.1,3,5,63.0823
1433,receive,1,VLAN4012.1,0,0,2972.12
1436,send,0,VLAN4012.0,0,1,2972.12
1436,send,5,LBNL_VLAN3002.1,1,7,31.5412
1437,trace_offer,0,VLAN4012.0,0,1,2972.12
1437,trace_offer,5,LBNL_VLAN3002.1,1,7,31.5412
1434,receive,7,LBNL_VLAN3001.1,3,5,31.5412
1437,send,5,LBNL_VLAN3002.1,1,7,31.5412
1437,send,0,VLAN4012.0,0,1,2972.12
1438,trace_offer,5,LBNL_VLAN3002.1,1,7,31.5412
1438,trace_offer,0,VLAN4012.0,0,1,2972.12
1435,receive,7,LBNL_VLAN3001.1,3,5,31.5412
1435,receive,1,VLAN4012.1,0,0,2972.12
1438,send,0,VLAN4012.0,0,1,2972.12
1438,send,5,LBNL_VLAN3002.1,1,7,31.5412
1439,trace_offer,5,LBNL_VLAN3002.1,1,7,31.5412
1439,trace_offer,0,VLAN4012.0,0,1,2972.12
1436,receive,1,VLAN4012.1,0,0,2972.12
1436,receive,1,VLAN4012.1,0,0,2972.12
1436,receive,7,LBNL_VLAN3001.1,3,5,31.5412
1439,send,0,VLAN4012.0,0,1,2972.12
1439,send,5,LBNL_VLAN3002.1,1,7,31.5412
1440,trace_offer,0,VLAN4012.0,0,1,2972.12
1440,trace_offer,5,LBNL_VLAN3002.1,1,7,25.5014
1437,receive,7,LBNL_VLAN3001.1,3,5,31.5412
1440,send,5,LBNL_VLAN3002.1,1,7,25.5014
1440,send,0,VLAN4012.0,0,1,2972.12
1441,trace_offer,0,VLAN4012.0,0,1,2972.12
1441,trace_offer,5,LBNL_VLAN3002.1,1,7,25.5014
1438,receive,1,VLAN4012.1,0,0,2972.12
1438,receive,1,VLAN4012.1,0,0,2972.12
1438,receive,7,LBNL_VLAN3001.1,3,5,31.5412
1441,send,5,LBNL_VLAN3002.1,1,7,25.5014
1441,send,0,VLAN4012.0,0,1,2972.12
1442,trace_offer,0,VLAN4012.0,0,1,2972.12
1442,trace_offer,5,LBNL_VLAN3002.1,1,7,25.5014
1439,receive,7,LBNL_VLAN3001.1,3,5,31.5412
1439,receive,1,VLAN4012.1,0,0,2972.12
1442,send,5,LBNL_VLAN3002.1,1,7,25.5014
1442,send,0,VLAN4012.0,0,1,2972.12
1443,trace_offer,0,VLAN4012.0,0,1,2972.12
1443,trace_offer,5,LBNL_VLAN3002.1,1,7,25.5014
1440,receive,7,LBNL_VLAN3001.1,3,5,25.5014
1443,send,0,VLAN4012.0,0,1,2972.12
1443,send,5,LBNL_VLAN3002.1,1,7,25.5014
1444,trace_offer,0,VLAN4012.0,0,1,2972.12
1444,trace_offer,5,LBNL_VLAN3002.1,1,7,25.5014
1441,receive,1,VLAN4012.1,0,0,2972.12
1441,receive,1,VLAN4012.1,0,0,2972.12
1444,send,0,VLAN4012.0,0,1,2972.12
1444,send,5,LBNL_VLAN3002.1,1,7,25.5014
1445,trace_offer,5,LBNL_VLAN3002.1,1,7,25.5014
1445,trace_offer,0,VLAN4012.0,0,1,2972.12
1442,receive,7,LBNL_VLAN3001.1,3,5,25.5014
1442,receive,1,VLAN4012.1,0,0,2972.12
1445,send,5,LBNL_VLAN3002.1,1,7,25.5014
1445,send,0,VLAN4012.0,0,1,2972.12
1446,trace_offer,0,VLAN4012.0,0,1,2972.12
1446,trace_offer,5,LBNL_VLAN3002.1,1,7,25.5014
1443,receive,1,VLAN4012.1,0,0,2972.12
1443,receive,7,LBNL_VLAN3001.1,3,5,25.5014
1446,send,5,LBNL_VLAN3002.1,1,7,25.5014
1446,send,0,VLAN4012.0,0,1,2972.12
1447,trace_offer,0,VLAN4012.0,0,1,2972.12
1447,trace_offer,5,LBNL_VLAN3002.1,1,7,25.5014
1444,receive,7,LBNL_VLAN3001.1,3,5,25.5014
1447,send,5,LBNL_VLAN3002.1,1,7,25.5014
1447,send,0,VLAN4012.0,0,1,2972.12
1448,trace_offer,0,VLAN4012.0,0,1,2972.12
1448,trace_offer,5,LBNL_VLAN3002.1,1,7,25.5014
1445,receive,7,LBNL_VLAN3001.1,3,5,51.0027
1445,receive,1,VLAN4012.1,0,0,2972.12
1445,receive,1,VLAN4012.1,0,0,2972.12
1448,send,0,VLAN4012.0,0,1,2972.12
1448,send,5,LBNL_VLAN3002.1,1,7,25.5014
1449,trace_offer,0,VLAN4012.0,0,1,2972.12
1449,trace_offer,5,LBNL_VLAN3002.1,1,7,25.5014
1446,receive,1,VLAN4012.1,0,0,2972.12
1446,receive,7,LBNL_VLAN3001.1,3,5,25.5014
1449,send,0,VLAN4012.0,0,1,2972.12
1449,send,5,LBNL_VLAN3002.1,1,7,25.5014
1450,trace_offer,0,VLAN4012.0,0,1,2989.3
1450,trace_offer,5,LBNL_VLAN3002.1,1,7,31.7089
1450,send,5,LBNL_VLAN3002.1,1,7,31.7089
1450,send,0,VLAN4012.0,0,1,2989.3
1451,trace_offer,5,LBNL_VLAN3002.1,1,7,31.7089
1451,trace_offer,0,VLAN4012.0,0,1,2989.3
1448,receive,1,VLAN4012.1,0,0,2972.12
1448,receive,1,VLAN4012.1,0,0,2989.3
1448,receive,7,LBNL_VLAN3001.1,3,5,25.5014
1451,send,0,VLAN4012.0,0,1,2989.3
1451,send,5,LBNL_VLAN3002.1,1,7,31.7089
1452,trace_offer,0,VLAN4012.0,0,1,2989.3
1452,trace_offer,5,LBNL_VLAN3002.1,1,7,31.7089
1449,receive,7,LBNL_VLAN3001.1,3,5,25.5014
1452,send,5,LBNL_VLAN3002.1,1,7,31.7089
1452,send,0,VLAN4012.0,0,1,2989.3
1453,trace_offer,0,VLAN4012.0,0,1,2989.3
1453,trace_offer,5,LBNL_VLAN3002.1,1,7,31.7089
1450,receive,1,VLAN4012.1,0,0,2989.3
1450,receive,7,LBNL_VLAN3001.1,3,5,57.2103
1453,send,0,VLAN4012.0,0,1,2989.3
1453,send,5,LBNL_VLAN3002.1,1,7,31.7089
1454,trace_offer,0,VLAN4012.0,0,1,2989.3
1454,trace_offer,5,LBNL_VLAN3002.1,1,7,31.7089
1451,receive,1,VLAN4012.1,0,0,2989.3
1451,receive,7,LBNL_VLAN3001.1,3,5,31.7089
1454,send,0,VLAN4012.0,0,1,2989.3
1454,send,5,LBNL_VLAN3002.1,1,7,31.7089
1455,trace_offer,0,VLAN4012.0,0,1,2989.3
1455,trace_offer,5,LBNL_VLAN3002.1,1,7,31.7089
1452,receive,1,VLAN4012.1,0,0,2989.3
1452,receive,1,VLAN4012.1,0,0,2989.3
1455,send,0,VLAN4012.0,0,1,2989.3
1455,send,5,LBNL_VLAN3002.1,1,7,31.7089
1456,trace_offer,0,VLAN4012.0,0,1,2989.3
1456,trace_offer,5,LBNL_VLAN3002.1,1,7,31.7089
1453,receive,7,LBNL_VLAN3001.1,3,5,63.4179
1453,receive,1,VLAN4012.1,0,0,2989.3
1456,send,5,LBNL_VLAN3002.1,1,7,31.7089
1456,send,0,VLAN4012.0,0,1,2989.3
1457,trace_offer,5,LBNL_VLAN3002.1,1,7,31.7089
1457,trace_offer,0,VLAN4012.0,0,1,2989.3
1454,receive,7,LBNL_VLAN3001.1,3,5,31.7089
1457,send,5,LBNL_VLAN3002.1,1,7,31.7089
1457,send,0,VLAN4012.0,0,1,2989.3
1458,trace_offer,0,VLAN4012.0,0,1,2989.3
1458,trace_offer,5,LBNL_VLAN3002.1,1,7,31.7089
1455,receive,7,LBNL_VLAN3001.1,3,5,31.7089
1455,receive,1,VLAN4012.1,0,0,2989.3
1458,send,5,LBNL_VLAN3002.1,1,7,31.7089
1458,send,0,VLAN4012.0,0,1,2989.3
1459,trace_offer,5,LBNL_VLAN3002.1,1,7,31.7089
1459,trace_offer,0,VLAN4012.0,0,1,2989.3
1456,receive,1,VLAN4012.1,0,0,2989.3
1456,receive,7,LBNL_VLAN3001.1,3,5,31.7089
1456,receive,1,VLAN4012.1,0,0,2989.3
1459,send,0,VLAN4012.0,0,1,2989.3
1459,send,5,LBNL_VLAN3002.1,1,7,31.7089
1460,trace_offer,5,LBNL_VLAN3002.1,1,7,25.1658
1460,trace_offer,0,VLAN4012.0,0,1,2972.12
1457,receive,7,LBNL_VLAN3001.1,3,5,31.7089
1457,receive,1,VLAN4012.1,0,0,2989.3
1460,send,5,LBNL_VLAN3002.1,1,7,25.1658
1460,send,0,VLAN4012.0,0,1,2972.12
1461,trace_offer,5,LBNL_VLAN3002.1,1,7,25.1658
1461,trace_offer,0,VLAN4012.0,0,1,2972.12
1458,receive,1,VLAN4012.1,0,0,2972.12
1461,send,5,LBNL_VLAN3002.1,1,7,25.1658
1461,send,0,VLAN4012.0,0,1,2972.12
1462,trace_offer,0,VLAN4012.0,0,1,2972.12
1462,trace_offer,5,LBNL_VLAN3002.1,1,7,25.1658
1459,receive,7,LBNL_VLAN3001.1,3,5,31.7089
1462,send,5,LBNL_VLAN3002.1,1,7,25.1658
1462,send,0,VLAN4012.0,0,1,2972.12
1463,trace_offer,5,LBNL_VLAN3002.1,1,7,25.1658
1463,trace_offer,0,VLAN4012.0,0,1,2972.12
1460,receive,1,VLAN4012.1,0,0,2972.12
1460,receive,1,VLAN4012.1,0,0,2972.12
1460,receive,7,LBNL_VLAN3001.1,3,5,56.8748
1463,send,5,LBNL_VLAN3002.1,1,7,25.1658
1463,send,0,VLAN4012.0,0,1,2972.12
1464,trace_offer,5,LBNL_VLAN3002.1,1,7,25.1658
1464,trace_offer,0,VLAN4012.0,0,1,2972.12
1461,receive,7,LBNL_VLAN3001.1,3,5,25.1658
1464,send,5,LBNL_VLAN3002.1,1,7,25.1658
1464,send,0,VLAN4012.0,0,1,2972.12
1465,trace_offer,0,VLAN4012.0,0,1,2972.12
1465,trace_offer,5,LBNL_VLAN3002.1,1,7,25.1658
1462,receive,1,VLAN4012.1,0,0,2972.12
1465,send,0,VLAN4012.0,0,1,2972.12
1465,send,5,LBNL_VLAN3002.1,1,7,25.1658
1466,trace_offer,5,LBNL_VLAN3002.1,1,7,25.1658
1466,trace_offer,0,VLAN4012.0,0,1,2972.12
1463,receive,7,LBNL_VLAN3001.1,3,5,50.3316
1463,receive,1,VLAN4012.1,0,0,2972.12
1463,receive,1,VLAN4012.1,0,0,2972.12
1466,send,0,VLAN4012.0,0,1,2972.12
1466,send,5,LBNL_VLAN3002.1,1,7,25.1658
1467,trace_offer,0,VLAN4012.0,0,1,2972.12
1467,trace_offer,5,LBNL_VLAN3002.1,1,7,25.1658
1464,receive,7,LBNL_VLAN3001.1,3,5,25.1658
1464,receive,1,VLAN4012.1,0,0,2972.12
1467,send,0,VLAN4012.0,0,1,2972.12
1467,send,5,LBNL_VLAN3002.1,1,7,25.1658
1468,trace_offer,0,VLAN4012.0,0,1,2972.12
1468,trace_offer,5,LBNL_VLAN3002.1,1,7,25.1658
1465,receive,7,LBNL_VLAN3001.1,3,5,25.1658
1468,send,5,LBNL_VLAN3002.1,1,7,25.1658
1468,send,0,VLAN4012.0,0,1,2972.12
1469,trace_offer,5,LBNL_VLAN3002.1,1,7,25.1658
1469,trace_offer,0,VLAN4012.0,0,1,2972.12
1466,receive,1,VLAN4012.1,0,0,2972.12
1466,receive,1,VLAN4012.1,0,0,2972.12
1469,send,5,LBNL_VLAN3002.1,1,7,25.1658
1469,send,0,VLAN4012.0,0,1,2972.12
1470,trace_offer,0,VLAN4012.0,0,1,2963.53
1470,trace_offer,5,LBNL_VLAN3002.1,1,7,31.8767
1467,receive,7,LBNL_VLAN3001.1,3,5,25.1658
1470,send,0,VLAN4012.0,0,1,2963.53
1470,send,5,LBNL_VLAN3002.1,1,7,31.8767
1471,trace_offer,5,LBNL_VLAN3002.1,1,7,31.8767
1471,trace_offer,0,VLAN4012.0,0,1,2963.53
1468,receive,1,VLAN4012.1,0,0,2972.12
1468,receive,7,LBNL_VLAN3001.1,3,5,25.1658
1468,receive,1,VLAN4012.1,0,0,2963.53
1471,send,5,LBNL_VLAN3002.1,1,7,31.8767
1471,send,0,VLAN4012.0,0,1,2963.53
1472,trace_offer,5,LBNL_VLAN3002.1,1,7,31.8767
1472,trace_offer,0,VLAN4012.0,0,1,2963.53
1469,receive,7,LBNL_VLAN3001.1,3,5,25.1658
1469,receive,1,VLAN4012.1,0,0,2963.53
1472,send,5,LBNL_VLAN3002.1,1,7,31.8767
1472,send,0,VLAN4012.0,0,1,2963.53
1473,trace_offer,0,VLAN4012.0,0,1,2963.53
1473,trace_offer,5,LBNL_VLAN3002.1,1,7,31.8767
1470,receive,1,VLAN4012.1,0,0,2963.53
1470,receive,7,LBNL_VLAN3001.1,3,5,57.0425
1473,send,5,LBNL_VLAN3002.1,1,7,31.8767
1473,send,0,VLAN4012.0,0,1,2963.53
1474,trace_offer,5,LBNL_VLAN3002.1,1,7,31.8767
1474,trace_offer,0,VLAN4012.0,0,1,2963.53
1471,receive,1,VLAN4012.1,0,0,2963.53
1474,send,0,VLAN4012.0,0,1,2963.53
1474,send,5,LBNL_VLAN3002.1,1,7,31.8767
1475,trace_offer,5,LBNL_VLAN3002.1,1,7,31.8767
1475,trace_offer,0,VLAN4012.0,0,1,2963.53
1472,receive,1,VLAN4012.1,0,0,2963.53
1472,receive,7,LBNL_VLAN3001.1,3,5,63.7534
1475,send,5,LBNL_VLAN3002.1,1,7,31.8767
1475,send,0,VLAN4012.0,0,1,2963.53
1476,trace_offer,0,VLAN4012.0,0,1,2963.53
1476,trace_offer,5,LBNL_VLAN3002.1,1,7,31.8767
1473,receive,1,VLAN4012.1,0,0,2963.53
1476,send,5,LBNL_VLAN3002.1,1,7,31.8767
1476,send,0,VLAN4012.0,0,1,2963.53
1477,trace_offer,5,LBNL_VLAN3002.1,1,7,31.8767
1477,trace_offer,0,VLAN4012.0,0,1,2963.53
1474,receive,7,LBNL_VLAN3001.1,3,5,63.7534
1474,receive,1,VLAN4012.1,0,0,2963.53
1477,send,5,LBNL_VLAN3002.1,1,7,31.8767
1477,send,0,VLAN4012.0,0,1,2963.53
1478,trace_offer,0,VLAN4012.0,0,1,2963.53
1478,trace_offer,5,LBNL_VLAN3002.1,1,7,31.8767
1475,receive,7,LBNL_VLAN3001.1,3,5,31.8767
1475,receive,1,VLAN4012.1,0,0,2963.53
1478,send,0,VLAN4012.0,0,1,2963.53
1478,send,5,LBNL_VLAN3002.1,1,7,31.8767
1479,trace_offer,5,LBNL_VLAN3002.1,1,7,31.8767
1479,trace_offer,0,VLAN4012.0,0,1,2963.53
1476,receive,1,VLAN4012.1,0,0,2963.53
1479,send,0,VLAN4012.0,0,1,2963.53
1479,send,5,LBNL_VLAN3002.1,1,7,31.8767
1480,trace_offer,5,LBNL_VLAN3002.1,1,7,25.2497
1480,trace_offer,0,VLAN4012.0,0,1,2963.53
1477,receive,7,LBNL_VLAN3001.1,3,5,31.8767
1480,send,5,LBNL_VLAN3002.1,1,7,25.2497
1480,send,0,VLAN4012.0,0,1,2963.53
1481,trace_offer,0,VLAN4012.0,0,1,2963.53
1481,trace_offer,5,LBNL_VLAN3002.1,1,7,25.2497
1478,receive,7,LBNL_VLAN3001.1,3,5,63.7534
1478,receive,1,VLAN4012.1,0,0,2963.53
1478,receive,1,VLAN4012.1,0,0,2963.53
1481,send,5,LBNL_VLAN3002.1,1,7,25.2497
1481,send,0,VLAN4012.0,0,1,2963.53
1482,trace_offer,5,LBNL_VLAN3002.1,1,7,25.2497
1482,trace_offer,0,VLAN4012.0,0,1,2963.53
1482,send,5,LBNL_VLAN3002.1,1,7,25.2497
1482,send,0,VLAN4012.0,0,1,2963.53
1483,trace_offer,0,VLAN4012.0,0,1,2963.53
1483,trace_offer,5,LBNL_VLAN3002.1,1,7,25.2497
1480,receive,7,LBNL_VLAN3001.1,3,5,57.1264
1480,receive,1,VLAN4012.1,0,0,2963.53
1480,receive,1,VLAN4012.1,0,0,2963.53
1483,send,5,LBNL_VLAN3002.1,1,7,25.2497
1483,send,0,VLAN4012.0,0,1,2963.53
1484,trace_offer,0,VLAN4012.0,0,1,2963.53
1484,trace_offer,5,LBNL_VLAN3002.1,1,7,25.2497
1481,receive,1,VLAN4012.1,0,0,2963.53
1484,send,5,LBNL_VLAN3002.1,1,7,25.2497
1484,send,0,VLAN4012.0,0,1,2963.53
1485,trace_offer,0,VLAN4012.0,0,1,2963.53
1485,trace_offer,5,LBNL_VLAN3002.1,1,7,25.2497
1482,receive,7,LBNL_VLAN3001.1,3,5,25.2497
1482,receive,1,VLAN4012.1,0,0,2963.53
1485,send,0,VLAN4012.0,0,1,2963.53
1485,send,5,LBNL_VLAN3002.1,1,7,25.2497
1486,trace_offer,5,LBNL_VLAN3002.1,1,7,25.2497
1486,trace_offer,0,VLAN4012.0,0,1,2963.53
1483,receive,7,LBNL_VLAN3001.1,3,5,25.2497
1483,receive,1,VLAN4012.1,0,0,2963.53
1486,send,0,VLAN4012.0,0,1,2963.53
1486,send,5,LBNL_VLAN3002.1,1,7,25.2497
1487,trace_offer,0,VLAN4012.0,0,1,2963.53
1487,trace_offer,5,LBNL_VLAN3002.1,1,7,25.2497
1484,receive,7,LBNL_VLAN3001.1,3,5,50.4994
1487,send,5,LBNL_VLAN3002.1,1,7,25.2497
1487,send,0,VLAN4012.0,0,1,2963.53
1488,trace_offer,0,VLAN4012.0,0,1,2963.53
1488,trace_offer,5,LBNL_VLAN3002.1,1,7,25.2497
1485,receive,1,VLAN4012.1,0,0,2963.53
1485,receive,7,LBNL_VLAN3001.1,3,5,25.2497
1485,receive,1,VLAN4012.1,0,0,2963.53
1488,send,0,VLAN4012.0,0,1,2963.53
1488,send,5,LBNL_VLAN3002.1,1,7,25.2497
1489,trace_offer,0,VLAN4012.0,0,1,2963.53
1489,trace_offer,5,LBNL_VLAN3002.1,1,7,25.2497
1486,receive,1,VLAN4012.1,0,0,2963.53
1489,send,0,VLAN4012.0,0,1,2963.53
1489,send,5,LBNL_VLAN3002.1,1,7,25.2497
1490,trace_offer,0,VLAN4012.0,0,1,2946.35
1490,trace_offer,5,LBNL_VLAN3002.1,1,7,25.3336
1487,receive,7,LBNL_VLAN3001.1,3,5,25.2497
1487,receive,1,VLAN4012.1,0,0,2963.53
1490,send,5,LBNL_VLAN3002.1,1,7,25.3336
1490,send,0,VLAN4012.0,0,1,2946.35
1491,trace_offer,0,VLAN4012.0,0,1,2946.35
1491,trace_offer,5,LBNL_VLAN3002.1,1,7,25.3336
1488,receive,7,LBNL_VLAN3001.1,3,5,25.2497
1488,receive,1,VLAN4012.1,0,0,2946.35
1491,send,5,LBNL_VLAN3002.1,1,7,25.3336
1491,send,0,VLAN4012.0,0,1,2946.35
1492,trace_offer,0,VLAN4012.0,0,1,2946.35
1492,trace_offer,5,LBNL_VLAN3002.1,1,7,25.3336
1489,receive,7,LBNL_VLAN3001.1,3,5,25.2497
1489,receive,1,VLAN4012.1,0,0,2946.35
1492,send,0,VLAN4012.0,0,1,2946.35
1492,send,5,LBNL_VLAN3002.1,1,7,25.3336
1493,trace_offer,5,LBNL_VLAN3002.1,1,7,25.3336
1493,trace_offer,0,VLAN4012.0,0,1,2946.35
1490,receive,1,VLAN4012.1,0,0,2946.35
1490,receive,7,LBNL_VLAN3001.1,3,5,50.5833
1493,send,0,VLAN4012.0,0,1,2946.35
1493,send,5,LBNL_VLAN3002.1,1,7,25.3336
1494,trace_offer,5,LBNL_VLAN3002.1,1,7,25.3336
1494,trace_offer,0,VLAN4012.0,0,1,2946.35
1494,send,5,LBNL_VLAN3002.1,1,7,25.3336
1494,send,0,VLAN4012.0,0,1,2946.35
1495,trace_offer,0,VLAN4012.0,0,1,2946.35
1495,trace_offer,5,LBNL_VLAN3002.1,1,7,25.3336
1492,receive,1,VLAN4012.1,0,0,2946.35
1492,receive,1,VLAN4012.1,0,0,2946.35
1492,receive,7,LBNL_VLAN3001.1,3,5,25.3336
1495,send,0,VLAN4012.0,0,1,2946.35
1495,send,5,LBNL_VLAN3002.1,1,7,25.3336
1496,trace_offer,5,LBNL_VLAN3002.1,1,7,25.3336
1496,trace_offer,0,VLAN4012.0,0,1,2946.35
1493,receive,1,VLAN4012.1,0,0,2946.35
1493,receive,7,LBNL_VLAN3001.1,3,5,50.6672
1496,send,0,VLAN4012.0,0,1,2946.35
1496,send,5,LBNL_VLAN3002.1,1,7,25.3336
1497,trace_offer,5,LBNL_VLAN3002.1,1,7,25.3336
1497,trace_offer,0,VLAN4012.0,0,1,2946.35
1494,receive,7,LBNL_VLAN3001.1,3,5,25.3336
1497,send,5,LBNL_VLAN3002.1,1,7,25.3336
1497,send,0,VLAN4012.0,0,1,2946.35
1498,trace_offer,0,VLAN4012.0,0,1,2946.35
1498,trace_offer,5,LBNL_VLAN3002.1,1,7,25.3336
1495,receive,7,LBNL_VLAN3001.1,3,5,25.3336
1495,receive,1,VLAN4012.1,0,0,2946.35
1495,receive,1,VLAN4012.1,0,0,2946.35
1498,send,0,VLAN4012.0,0,1,2946.35
1498,send,5,LBNL_VLAN3002.1,1,7,25.3336
1499,trace_offer,0,VLAN4012.0,0,1,2946.35
1499,trace_offer,5,LBNL_VLAN3002.1,1,7,25.3336
1496,receive,1,VLAN4012.1,0,0,2946.35
1496,receive,7,LBNL_VLAN3001.1,3,5,25.3336
1499,send,5,LBNL_VLAN3002.1,1,7,25.3336
1499,send,0,VLAN4012.0,0,1,2946.35
1500,trace_offer,0,VLAN4012.0,0,1,2946.35
1500,trace_offer,5,LBNL_VLAN3002.1,1,7,31.7089
1497,receive,1,VLAN4012.1,0,0,2946.35
1500,send,5,LBNL_VLAN3002.1,1,7,31.7089
1500,send,0,VLAN4012.0,0,1,2946.35
1501,trace_offer,0,VLAN4012.0,0,1,2946.35
1501,trace_offer,5,LBNL_VLAN3002.1,1,7,31.7089
1498,receive,7,LBNL_VLAN3001.1,3,5,50.6672
1498,receive,1,VLAN4012.1,0,0,2946.35
1501,send,0,VLAN4012.0,0,1,2946.35
1501,send,5,LBNL_VLAN3002.1,1,7,31.7089
1502,trace_offer,5,LBNL_VLAN3002.1,1,7,31.7089
1502,trace_offer,0,VLAN4012.0,0,1,2946.35
1499,receive,7,LBNL_VLAN3001.1,3,5,25.3336
1499,receive,1,VLAN4012.1,0,0,2946.35
1502,send,0,VLAN4012.0,0,1,2946.35
1502,send,5,LBNL_VLAN3002.1,1,7,31.7089
1503,trace_offer,5,LBNL_VLAN3002.1,1,7,31.7089
1503,trace_offer,0,VLAN4012.0,0,1,2946.35
1500,receive,7,LBNL_VLAN3001.1,3,5,31.7089
1503,send,5,LBNL_VLAN3002.1,1,7,31.7089
1503,send,0,VLAN4012.0,0,1,2946.35
1504,trace_offer,5,LBNL_VLAN3002.1,1,7,31.7089
1504,trace_offer,0,VLAN4012.0,0,1,2946.35
1501,receive,1,VLAN4012.1,0,0,2946.35
1501,receive,7,LBNL_VLAN3001.1,3,5,31.7089
1504,send,0,VLAN4012.0,0,1,2946.35
1504,send,5,LBNL_VLAN3002.1,1,7,31.7089
1505,trace_offer,0,VLAN4012.0,0,1,2946.35
1505,trace_offer,5,LBNL_VLAN3002.1,1,7,31.7089
1502,receive,7,LBNL_VLAN3001.1,3,5,31.7089
1502,receive,1,VLAN4012.1,0,0,2946.35
1502,receive,1,VLAN4012.1,0,0,2946.35
1505,send,5,LBNL_VLAN3002.1,1,7,31.7089
1505,send,0,VLAN4012.0,0,1,2946.35
1506,trace_offer,0,VLAN4012.0,0,1,2946.35
1506,trace_offer,5,LBNL_VLAN3002.1,1,7,31.7089
1503,receive,1,VLAN4012.1,0,0,2946.35
1503,receive,7,LBNL_VLAN3001.1,3,5,31.7089
1506,send,5,LBNL_VLAN3002.1,1,7,31.7089
1506,send,0,VLAN4012.0,0,1,2946.35
1507,trace_offer,0,VLAN4012.0,0,1,2946.35
1507,trace_offer,5,LBNL_VLAN3002.1,1,7,31.7089
1504,receive,1,VLAN4012.1,0,0,2946.35
1504,receive,7,LBNL_VLAN3001.1,3,5,31.7089
1507,send,5,LBNL_VLAN3002.1,1,7,31.7089
1507,send,0,VLAN4012.0,0,1,2946.35
1508,trace_offer,5,LBNL_VLAN3002.1,1,7,31.7089
1508,trace_offer,0,VLAN4012.0,0,1,2946.35
1505,receive,7,LBNL_VLAN3001.1,3,5,31.7089
1508,send,0,VLAN4012.0,0,1,2946.35
1508,send,5,LBNL_VLAN3002.1,1,7,31.7089
1509,trace_offer,5,LBNL_VLAN3002.1,1,7,31.7089
1509,trace_offer,0,VLAN4012.0,0,1,2946.35
1506,receive,1,VLAN4012.1,0,0,2946.35
1506,receive,1,VLAN4012.1,0,0,2946.35
1509,send,0,VLAN4012.0,0,1,2946.35
1509,send,5,LBNL_VLAN3002.1,1,7,31.7089
1510,trace_offer,5,LBNL_VLAN3002.1,1,7,25.1658
1510,trace_offer,0,VLAN4012.0,0,1,2954.94
1507,receive,7,LBNL_VLAN3001.1,3,5,63.4179
1507,receive,1,VLAN4012.1,0,0,2946.35
1510,send,0,VLAN4012.0,0,1,2954.94
1510,send,5,LBNL_VLAN3002.1,1,7,25.1658
1511,trace_offer,5,LBNL_VLAN3002.1,1,7,25.1658
1511,trace_offer,0,VLAN4012.0,0,1,2954.94
1508,receive,1,VLAN4012.1,0,0,2954.94
1511,send,0,VLAN4012.0,0,1,2954.94
1511,send,5,LBNL_VLAN3002.1,1,7,25.1658
1512,trace_offer,0,VLAN4012.0,0,1,2954.94
1512,trace_offer,5,LBNL_VLAN3002.1,1,7,25.1658
1509,receive,7,LBNL_VLAN3001.1,3,5,63.4179
1509,receive,1,VLAN4012.1,0,0,2954.94
1512,send,5,LBNL_VLAN3002.1,1,7,25.1658
1512,send,0,VLAN4012.0,0,1,2954.94
1513,trace_offer,0,VLAN4012.0,0,1,2954.94
1513,trace_offer,5,LBNL_VLAN3002.1,1,7,25.1658
1510,receive,7,LBNL_VLAN3001.1,3,5,25.1658
1510,receive,1,VLAN4012.1,0,0,2954.94
1513,send,0,VLAN4012.0,0,1,2954.94
1513,send,5,LBNL_VLAN3002.1,1,7,25.1658
1514,trace_offer,0,VLAN4012.0,0,1,2954.94
1514,trace_offer,5,LBNL_VLAN3002.1,1,7,25.1658
1511,receive,7,LBNL_VLAN3001.1,3,5,25.1658
1511,receive,1,VLAN4012.1,0,0,2954.94
1514,send,5,LBNL_VLAN3002.1,1,7,25.1658
1514,send,0,VLAN4012.0,0,1,2954.94
1515,trace_offer,0,VLAN4012.0,0,1,2954.94
1515,trace_offer,5,LBNL_VLAN3002.1,1,7,25.1658
1515,send,0,VLAN4012.0,0,1,2954.94
1515,send,5,LBNL_VLAN3002.1,1,7,25.1658
1516,trace_offer,5,LBNL_VLAN3002.1,1,7,25.1658
1516,trace_offer,0,VLAN4012.0,0,1,2954.94
1513,receive,7,LBNL_VLAN3001.1,3,5,50.3316
1513,receive,1,VLAN4012.1,0,0,2954.94
1513,receive,1,VLAN4012.1,0,0,2954.94
1516,send,0,VLAN4012.0,0,1,2954.94
1516,send,5,LBNL_VLAN3002.1,1,7,25.1658
1517,trace_offer,0,VLAN4012.0,0,1,2954.94
1517,trace_offer,5,LBNL_VLAN3002.1,1,7,25.1658
1514,receive,1,VLAN4012.1,0,0,2954.94
1514,receive,7,LBNL_VLAN3001.1,3,5,25.1658
1517,send,5,LBNL_VLAN3002.1,1,7,25.1658
1517,send,0,VLAN4012.0,0,1,2954.94
1518,trace_offer,5,LBNL_VLAN3002.1,1,7,25.1658
1518,trace_offer,0,VLAN4012.0,0,1,2954.94
1515,receive,1,VLAN4012.1,0,0,2954.94
1515,receive,7,LBNL_VLAN3001.1,3,5,25.1658
1518,send,0,VLAN4012.0,0,1,2954.94
1518,send,5,LBNL_VLAN3002.1,1,7,25.1658
1519,trace_offer,0,VLAN4012.0,0,1,2954.94
1519,trace_offer,5,LBNL_VLAN3002.1,1,7,25.1658
1516,receive,7,LBNL_VLAN3001.1,3,5,25.1658
1516,receive,1,VLAN4012.1,0,0,2954.94
1519,send,5,LBNL_VLAN3002.1,1,7,25.1658
1519,send,0,VLAN4012.0,0,1,2954.94
1520,trace_offer,0,VLAN4012.0,0,1,2954.94
1520,trace_offer,5,LBNL_VLAN3002.1,1,7,31.7089
1520,send,0,VLAN4012.0,0,1,2954.94
1520,send,5,LBNL_VLAN3002.1,1,7,31.7089
1521,trace_offer,5,LBNL_VLAN3002.1,1,7,31.7089
1521,trace_offer,0,VLAN4012.0,0,1,2954.94
1518,receive,1,VLAN4012.1,0,0,2954.94
1518,receive,7,LBNL_VLAN3001.1,3,5,50.3316
1518,receive,1,VLAN4012.1,0,0,2954.94
1521,send,0,VLAN4012.0,0,1,2954.94
1521,send,5,LBNL_VLAN3002.1,1,7,31.7089
1522,trace_offer,5,LBNL_VLAN3002.1,1,7,31.7089
1522,trace_offer,0,VLAN4012.0,0,1,2954.94
1519,receive,1,VLAN4012.1,0,0,2954.94
1519,receive,7,LBNL_VLAN3001.1,3,5,25.1658
1522,send,5,LBNL_VLAN3002.1,1,7,31.7089
1522,send,0,VLAN4012.0,0,1,2954.94
1523,trace_offer,5,LBNL_VLAN3002.1,1,7,31.7089
1523,trace_offer,0,VLAN4012.0,0,1,2954.94
1520,receive,7,LBNL_VLAN3001.1,3,5,31.7089
1523,send,0,VLAN4012.0,0,1,2954.94
1523,send,5,LBNL_VLAN3002.1,1,7,31.7089
1524,trace_offer,0,VLAN4012.0,0,1,2954.94
1524,trace_offer,5,LBNL_VLAN3002.1,1,7,31.7089
1521,receive,7,LBNL_VLAN3001.1,3,5,31.7089
1521,receive,1,VLAN4012.1,0,0,2954.94
1524,send,0,VLAN4012.0,0,1,2954.94
1524,send,5,LBNL_VLAN3002.1,1,7,31.7089
1525,trace_offer,0,VLAN4012.0,0,1,2954.94
1525,trace_offer,5,LBNL_VLAN3002.1,1,7,31.7089
1522,receive,1,VLAN4012.1,0,0,2954.94
1525,send,0,VLAN4012.0,0,1,2954.94
1525,send,5,LBNL_VLAN3002.1,1,7,31.7089
1526,trace_offer,5,LBNL_VLAN3002.1,1,7,31.7089
1526,trace_offer,0,VLAN4012.0,0,1,2954.94
1523,receive,1,VLAN4012.1,0,0,2954.94
1523,receive,1,VLAN4012.1,0,0,2954.94
1523,receive,7,LBNL_VLAN3001.1,3,5,31.7089
1526,send,5,LBNL_VLAN3002.1,1,7,31.7089
1526,send,0,VLAN4012.0,0,1,2954.94
1527,trace_offer,5,LBNL_VLAN3002.1,1,7,31.7089
1527,trace_offer,0,VLAN4012.0,0,1,2954.94
1524,receive,7,LBNL_VLAN3001.1,3,5,31.7089
1524,receive,1,VLAN4012.1,0,0,2954.94
1527,send,0,VLAN4012.0,0,1,2954.94
1527,send,5,LBNL_VLAN3002.1,1,7,31.7089
1528,trace_offer,5,LBNL_VLAN3002.1,1,7,31.7089
1528,trace_offer,0,VLAN4012.0,0,1,2954.94
1525,receive,7,LBNL_VLAN3001.1,3,5,63.4179
1528,send,0,VLAN4012.0,0,1,2954.94
1528,send,5,LBNL_VLAN3002.1,1,7,31.7089
1529,trace_offer,5,LBNL_VLAN3002.1,1,7,31.7089
1529,trace_offer,0,VLAN4012.0,0,1,2954.94
1526,receive,1,VLAN4012.1,0,0,2954.94
1526,receive,1,VLAN4012.1,0,0,2954.94
1529,send,5,LBNL_VLAN3002.1,1,7,31.7089
1529,send,0,VLAN4012.0,0,1,2954.94
1530,trace_offer,0,VLAN4012.0,0,1,2972.12
1530,trace_offer,5,LBNL_VLAN3002.1,1,7,25.3336
1527,receive,7,LBNL_VLAN3001.1,3,5,31.7089
1530,send,0,VLAN4012.0,0,1,2972.12
1530,send,5,LBNL_VLAN3002.1,1,7,25.3336
1531,trace_offer,5,LBNL_VLAN3002.1,1,7,25.3336
1531,trace_offer,0,VLAN4012.0,0,1,2972.12
1528,receive,1,VLAN4012.1,0,0,2954.94
1528,receive,1,VLAN4012.1,0,0,2972.12
1528,receive,7,LBNL_VLAN3001.1,3,5,31.7089
1531,send,5,LBNL_VLAN3002.1,1,7,25.3336
1531,send,0,VLAN4012.0,0,1,2972.12
1532,trace_offer,5,LBNL_VLAN3002.1,1,7,25.3336
1532,trace_offer,0,VLAN4012.0,0,1,2972.12
1529,receive,7,LBNL_VLAN3001.1,3,5,31.7089
1529,receive,1,VLAN4012.1,0,0,2972.12
1532,send,0,VLAN4012.0,0,1,2972.12
1532,send,5,LBNL_VLAN3002.1,1,7,25.3336
1533,trace_offer,5,LBNL_VLAN3002.1,1,7,25.3336
1533,trace_offer,0,VLAN4012.0,0,1,2972.12
1530,receive,7,LBNL_VLAN3001.1,3,5,57.0425
1533,send,0,VLAN4012.0,0,1,2972.12
1533,send,5,LBNL_VLAN3002.1,1,7,25.3336
1534,trace_offer,0,VLAN4012.0,0,1,2972.12
1534,trace_offer,5,LBNL_VLAN3002.1,1,7,25.3336
1531,receive,1,VLAN4012.1,0,0,2972.12
1531,receive,1,VLAN4012.1,0,0,2972.12
1534,send,5,LBNL_VLAN3002.1,1,7,25.3336
1534,send,0,VLAN4012.0,0,1,2972.12
1535,trace_offer,5,LBNL_VLAN3002.1,1,7,25.3336
1535,trace_offer,0,VLAN4012.0,0,1,2972.12
1532,receive,1,VLAN4012.1,0,0,2972.12
1532,receive,7,LBNL_VLAN3001.1,3,5,25.3336
1535,send,5,LBNL_VLAN3002.1,1,7,25.3336
1535,send,0,VLAN4012.0,0,1,2972.12
1536,trace_offer,0,VLAN4012.0,0,1,2972.12
1536,trace_offer,5,LBNL_VLAN3002.1,1,7,25.3336
1533,receive,7,LBNL_VLAN3001.1,3,5,25.3336
1536,send,0,VLAN4012.0,0,1,2972.12
1536,send,5,LBNL_VLAN3002.1,1,7,25.3336
1537,trace_offer,0,VLAN4012.0,0,1,2972.12
1537,trace_offer,5,LBNL_VLAN3002.1,1,7,25.3336
1534,receive,1,VLAN4012.1,0,0,2972.12
1534,receive,7,LBNL_VLAN3001.1,3,5,25.3336
1537,send,0,VLAN4012.0,0,1,2972.12
1537,send,5,LBNL_VLAN3002.1,1,7,25.3336
1538,trace_offer,0,VLAN4012.0,0,1,2972.12
1538,trace_offer,5,LBNL_VLAN3002.1,1,7,25.3336
1535,receive,1,VLAN4012.1,0,0,2972.12
1535,receive,7,LBNL_VLAN3001.1,3,5,25.3336
1535,receive,1,VLAN4012.1,0,0,2972.12
1538,send,0,VLAN4012.0,0,1,2972.12
1538,send,5,LBNL_VLAN3002.1,1,7,25.3336
1539,trace_offer,5,LBNL_VLAN3002.1,1,7,25.3336
1539,trace_offer,0,VLAN4012.0,0,1,2972.12
1536,receive,1,VLAN4012.1,0,0,2972.12
1536,receive,7,LBNL_VLAN3001.1,3,5,50.6672
1539,send,0,VLAN4012.0,0,1,2972.12
1539,send,5,LBNL_VLAN3002.1,1,7,25.3336
1540,trace_offer,5,LBNL_VLAN3002.1,1,7,31.5412
1540,trace_offer,0,VLAN4012.0,0,1,2963.53
1537,receive,1,VLAN4012.1,0,0,2972.12
1540,send,5,LBNL_VLAN3002.1,1,7,31.5412
1540,send,0,VLAN4012.0,0,1,2963.53
1541,trace_offer,5,LBNL_VLAN3002.1,1,7,31.5412
1541,trace_offer,0,VLAN4012.0,0,1,2963.53
1538,receive,7,LBNL_VLAN3001.1,3,5,25.3336
1538,receive,1,VLAN4012.1,0,0,2963.53
1541,send,0,VLAN4012.0,0,1,2963.53
1541,send,5,LBNL_VLAN3002.1,1,7,31.5412
1542,trace_offer,5,LBNL_VLAN3002.1,1,7,31.5412
1542,trace_offer,0,VLAN4012.0,0,1,2963.53
1539,receive,1,VLAN4012.1,0,0,2963.53
1539,receive,7,LBNL_VLAN3001.1,3,5,50.6672
1542,send,5,LBNL_VLAN3002.1,1,7,31.5412
1542,send,0,VLAN4012.0,0,1,2963.53
1543,trace_offer,0,VLAN4012.0,0,1,2963.53
1543,trace_offer,5,LBNL_VLAN3002.1,1,7,31.5412
1540,receive,7,LBNL_VLAN3001.1,3,5,31.5412
1540,receive,1,VLAN4012.1,0,0,2963.53
1543,send,0,VLAN4012.0,0,1,2963.53
1543,send,5,LBNL_VLAN3002.1,1,7,31.5412
1544,trace_offer,5,LBNL_VLAN3002.1,1,7,31.5412
1544,trace_offer,0,VLAN4012.0,0,1,2963.53
1541,receive,1,VLAN4012.1,0,0,2963.53
1541,receive,7,LBNL_VLAN3001.1,3,5,31.5412
1544,send,5,LBNL_VLAN3002.1,1,7,31.5412
1544,send,0,VLAN4012.0,0,1,2963.53
1545,trace_offer,0,VLAN4012.0,0,1,2963.53
1545,trace_offer,5,LBNL_VLAN3002.1,1,7,31.5412
1542,receive,7,LBNL_VLAN3001.1,3,5,31.5412
1542,receive,1,VLAN4012.1,0,0,2963.53
1545,send,5,LBNL_VLAN3002.1,1,7,31.5412
1545,send,0,VLAN4012.0,0,1,2963.53
1546,trace_offer,0,VLAN4012.0,0,1,2963.53
1546,trace_offer,5,LBNL_VLAN3002.1,1,7,31.5412
1543,receive,1,VLAN4012.1,0,0,2963.53
1546,send,0,VLAN4012.0,0,1,2963.53
1546,send,5,LBNL_VLAN3002.1,1,7,31.5412
1547,trace_offer,0,VLAN4012.0,0,1,2963.53
1547,trace_offer,5,LBNL_VLAN3002.1,1,7,31.5412
1544,receive,7,LBNL_VLAN3001.1,3,5,63.0823
1544,receive,1,VLAN4012.1,0,0,2963.53
1547,send,5,LBNL_VLAN3002.1,1,7,31.5412
1547,send,0,VLAN4012.0,0,1,2963.53
1548,trace_offer,5,LBNL_VLAN3002.1,1,7,31.5412
1548,trace_offer,0,VLAN4012.0,0,1,2963.53
1545,receive,7,LBNL_VLAN3001.1,3,5,31.5412
1548,send,5,LBNL_VLAN3002.1,1,7,31.5412
1548,send,0,VLAN4012.0,0,1,2963.53
1549,trace_offer,0,VLAN4012.0,0,1,2963.53
1549,trace_offer,5,LBNL_VLAN3002.1,1,7,31.5412
1546,receive,1,VLAN4012.1,0,0,2963.53
1546,receive,1,VLAN4012.1,0,0,2963.53
1549,send,5,LBNL_VLAN3002.1,1,7,31.5412
1549,send,0,VLAN4012.0,0,1,2963.53
1550,trace_offer,0,VLAN4012.0,0,1,2954.94
1550,trace_offer,5,LBNL_VLAN3002.1,1,7,25.1658
1547,receive,7,LBNL_VLAN3001.1,3,5,63.0823
1547,receive,1,VLAN4012.1,0,0,2963.53
1550,send,5,LBNL_VLAN3002.1,1,7,25.1658
1550,send,0,VLAN4012.0,0,1,2954.94
1551,trace_offer,0,VLAN4012.0,0,1,2954.94
1551,trace_offer,5,LBNL_VLAN3002.1,1,7,25.1658
1551,send,5,LBNL_VLAN3002.1,1,7,25.1658
1551,send,0,VLAN4012.0,0,1,2954.94
1552,trace_offer,5,LBNL_VLAN3002.1,1,7,25.1658
1552,trace_offer,0,VLAN4012.0,0,1,2954.94
1549,receive,1,VLAN4012.1,0,0,2954.94
1549,receive,7,LBNL_VLAN3001.1,3,5,63.0823
1549,receive,1,VLAN4012.1,0,0,2954.94
1552,send,5,LBNL_VLAN3002.1,1,7,25.1658
1552,send,0,VLAN4012.0,0,1,2954.94
1553,trace_offer,0,VLAN4012.0,0,1,2954.94
1553,trace_offer,5,LBNL_VLAN3002.1,1,7,25.1658
1550,receive,7,LBNL_VLAN3001.1,3,5,25.1658
1553,send,0,VLAN4012.0,0,1,2954.94
1553,send,5,LBNL_VLAN3002.1,1,7,25.1658
1554,trace_offer,0,VLAN4012.0,0,1,2954.94
1554,trace_offer,5,LBNL_VLAN3002.1,1,7,25.1658
1551,receive,1,VLAN4012.1,0,0,2954.94
1554,send,5,LBNL_VLAN3002.1,1,7,25.1658
1554,send,0,VLAN4012.0,0,1,2954.94
1555,trace_offer,5,LBNL_VLAN3002.1,1,7,25.1658
1555,trace_offer,0,VLAN4012.0,0,1,2954.94
1552,receive,1,VLAN4012.1,0,0,2954.94
1552,receive,1,VLAN4012.1,0,0,2954.94
1552,receive,7,LBNL_VLAN3001.1,3,5,25.1658
1555,send,0,VLAN4012.0,0,1,2954.94
1555,send,5,LBNL_VLAN3002.1,1,7,25.1658
1556,trace_offer,0,VLAN4012.0,0,1,2954.94
1556,trace_offer,5,LBNL_VLAN3002.1,1,7,25.1658
1553,receive,7,LBNL_VLAN3001.1,3,5,25.1658
1556,send,0,VLAN4012.0,0,1,2954.94
1556,send,5,LBNL_VLAN3002.1,1,7,25.1658
1557,trace_offer,0,VLAN4012.0,0,1,2954.94
1557,trace_offer,5,LBNL_VLAN3002.1,1,7,25.1658
1554,receive,7,LBNL_VLAN3001.1,3,5,50.3316
1554,receive,1,VLAN4012.1,0,0,2954.94
1557,send,0,VLAN4012.0,0,1,2954.94
1557,send,5,LBNL_VLAN3002.1,1,7,25.1658
1558,trace_offer,5,LBNL_VLAN3002.1,1,7,25.1658
1558,trace_offer,0,VLAN4012.0,0,1,2954.94
1555,receive,7,LBNL_VLAN3001.1,3,5,25.1658
1555,receive,1,VLAN4012.1,0,0,2954.94
1558,send,0,VLAN4012.0,0,1,2954.94
1558,send,5,LBNL_VLAN3002.1,1,7,25.1658
1559,trace_offer,5,LBNL_VLAN3002.1,1,7,25.1658
1559,trace_offer,0,VLAN4012.0,0,1,2954.94
1556,receive,7,LBNL_VLAN3001.1,3,5,25.1658
1556,receive,1,VLAN4012.1,0,0,2954.94
1559,send,5,LBNL_VLAN3002.1,1,7,25.1658
1559,send,0,VLAN4012.0,0,1,2954.94
1560,trace_offer,5,LBNL_VLAN3002.1,1,7,31.7928
1560,trace_offer,0,VLAN4012.0,0,1,2946.35
1557,receive,1,VLAN4012.1,0,0,2954.94
1557,receive,1,VLAN4012.1,0,0,2954.94
1557,receive,7,LBNL_VLAN3001.1,3,5,25.1658
1560,send,5,LBNL_VLAN3002.1,1,7,31.7928
1560,send,0,VLAN4012.0,0,1,2946.35
1561,trace_offer,5,LBNL_VLAN3002.1,1,7,31.7928
1561,trace_offer,0,VLAN4012.0,0,1,2946.35
1561,send,0,VLAN4012.0,0,1,2946.35
1561,send,5,LBNL_VLAN3002.1,1,7,31.7928
1562,trace_offer,5,LBNL_VLAN3002.1,1,7,31.7928
1562,trace_offer,0,VLAN4012.0,0,1,2946.35
1559,receive,7,LBNL_VLAN3001.1,3,5,50.3316
1559,receive,1,VLAN4012.1,0,0,2946.35
1562,send,0,VLAN4012.0,0,1,2946.35
1562,send,5,LBNL_VLAN3002.1,1,7,31.7928
1563,trace_offer,5,LBNL_VLAN3002.1,1,7,31.7928
1563,trace_offer,0,VLAN4012.0,0,1,2946.35
1560,receive,1,VLAN4012.1,0,0,2946.35
1560,receive,1,VLAN4012.1,0,0,2946.35
1563,send,5,LBNL_VLAN3002.1,1,7,31.7928
1563,send,0,VLAN4012.0,0,1,2946.35
1564,trace_offer,5,LBNL_VLAN3002.1,1,7,31.7928
1564,trace_offer,0,VLAN4012.0,0,1,2946.35
1561,receive,7,LBNL_VLAN3001.1,3,5,63.5856
1564,send,0,VLAN4012.0,0,1,2946.35
1564,send,5,LBNL_VLAN3002.1,1,7,31.7928
1565,trace_offer,5,LBNL_VLAN3002.1,1,7,31.7928
1565,trace_offer,0,VLAN4012.0,0,1,2946.35
1562,receive,7,LBNL_VLAN3001.1,3,5,31.7928
1562,receive,1,VLAN4012.1,0,0,2946.35
1562,receive,1,VLAN4012.1,0,0,2946.35
1565,send,0,VLAN4012.0,0,1,2946.35
1565,send,5,LBNL_VLAN3002.1,1,7,31.7928
1566,trace_offer,5,LBNL_VLAN3002.1,1,7,31.7928
1566,trace_offer,0,VLAN4012.0,0,1,2946.35
1563,receive,1,VLAN4012.1,0,0,2946.35
1566,send,0,VLAN4012.0,0,1,2946.35
1566,send,5,LBNL_VLAN3002.1,1,7,31.7928
1567,trace_offer,5,LBNL_VLAN3002.1,1,7,31.7928
1567,trace_offer,0,VLAN4012.0,0,1,2946.35
1564,receive,7,LBNL_VLAN3001.1,3,5,63.5856
1567,send,0,VLAN4012.0,0,1,2946.35
1567,send,5,LBNL_VLAN3002.1,1,7,31.7928
1568,trace_offer,0,VLAN4012.0,0,1,2946.35
1568,trace_offer,5,LBNL_VLAN3002.1,1,7,31.7928
1565,receive,1,VLAN4012.1,0,0,2946.35
1565,receive,7,LBNL_VLAN3001.1,3,5,31.7928
1565,receive,1,VLAN4012.1,0,0,2946.35
1568,send,0,VLAN4012.0,0,1,2946.35
1568,send,5,LBNL_VLAN3002.1,1,7,31.7928
1569,trace_offer,0,VLAN4012.0,0,1,2946.35
1569,trace_offer,5,LBNL_VLAN3002.1,1,7,31.7928
1566,receive,7,LBNL_VLAN3001.1,3,5,31.7928
1566,receive,1,VLAN4012.1,0,0,2946.35
1569,send,0,VLAN4012.0,0,1,2946.35
1569,send,5,LBNL_VLAN3002.1,1,7,31.7928
1570,trace_offer,0,VLAN4012.0,0,1,2946.35
1570,trace_offer,5,LBNL_VLAN3002.1,1,7,25.1658
1567,receive,1,VLAN4012.1,0,0,2946.35
1570,send,0,VLAN4012.0,0,1,2946.35
1570,send,5,LBNL_VLAN3002.1,1,7,25.1658
1571,trace_offer,0,VLAN4012.0,0,1,2946.35
1571,trace_offer,5,LBNL_VLAN3002.1,1,7,25.1658
1568,receive,7,LBNL_VLAN3001.1,3,5,63.5856
1568,receive,1,VLAN4012.1,0,0,2946.35
1571,send,0,VLAN4012.0,0,1,2946.35
1571,send,5,LBNL_VLAN3002.1,1,7,25.1658
1572,trace_offer,0,VLAN4012.0,0,1,2946.35
1572,trace_offer,5,LBNL_VLAN3002.1,1,7,25.1658
1569,receive,7,LBNL_VLAN3001.1,3,5,31.7928
1572,send,0,VLAN4012.0,0,1,2946.35
1572,send,5,LBNL_VLAN3002.1,1,7,25.1658
1573,trace_offer,5,LBNL_VLAN3002.1,1,7,25.1658
1573,trace_offer,0,VLAN4012.0,0,1,2946.35
1570,receive,1,VLAN4012.1,0,0,2946.35
1570,receive,1,VLAN4012.1,0,0,2946.35
1573,send,5,LBNL_VLAN3002.1,1,7,25.1658
1573,send,0,VLAN4012.0,0,1,2946.35
1574,trace_offer,5,LBNL_VLAN3002.1,1,7,25.1658
1574,trace_offer,0,VLAN4012.0,0,1,2946.35
1571,receive,1,VLAN4012.1,0,0,2946.35
1571,receive,7,LBNL_VLAN3001.1,3,5,25.1658
1574,send,5,LBNL_VLAN3002.1,1,7,25.1658
1574,send,0,VLAN4012.0,0,1,2946.35
1575,trace_offer,5,LBNL_VLAN3002.1,1,7,25.1658
1575,trace_offer,0,VLAN4012.0,0,1,2946.35
1572,receive,7,LBNL_VLAN3001.1,3,5,25.1658
1572,receive,1,VLAN4012.1,0,0,2946.35
1575,send,0,VLAN4012.0,0,1,2946.35
1575,send,5,LBNL_VLAN3002.1,1,7,25.1658
1576,trace_offer,5,LBNL_VLAN3002.1,1,7,25.1658
1576,trace_offer,0,VLAN4012.0,0,1,2946.35
1573,receive,7,LBNL_VLAN3001.1,3,5,50.3316
1573,receive,1,VLAN4012.1,0,0,2946.35
1576,send,0,VLAN4012.0,0,1,2946.35
1576,send,5,LBNL_VLAN3002.1,1,7,25.1658
1577,trace_offer,5,LBNL_VLAN3002.1,1,7,25.1658
1577,trace_offer,0,VLAN4012.0,0,1,2946.35
1574,receive,7,LBNL_VLAN3001.1,3,5,25.1658
1577,send,5,LBNL_VLAN3002.1,1,7,25.1658
1577,send,0,VLAN4012.0,0,1,2946.35
1578,trace_offer,0,VLAN4012.0,0,1,2946.35
1578,trace_offer,5,LBNL_VLAN3002.1,1,7,25.1658
1575,receive,1,VLAN4012.1,0,0,2946.35
1578,send,5,LBNL_VLAN3002.1,1,7,25.1658
1578,send,0,VLAN4012.0,0,1,2946.35
1579,trace_offer,5,LBNL_VLAN3002.1,1,7,25.1658
1579,trace_offer,0,VLAN4012.0,0,1,2946.35
1576,receive,1,VLAN4012.1,0,0,2946.35
1576,receive,7,LBNL_VLAN3001.1,3,5,50.3316
1579,send,0,VLAN4012.0,0,1,2946.35
1579,send,5,LBNL_VLAN3002.1,1,7,25.1658
1580,trace_offer,0,VLAN4012.0,0,1,2937.76
1580,trace_offer,5,LBNL_VLAN3002.1,1,7,31.5412
1577,receive,1,VLAN4012.1,0,0,2946.35
1577,receive,1,VLAN4012.1,0,0,2946.35
1580,send,0,VLAN4012.0,0,1,2937.76
1580,send,5,LBNL_VLAN3002.1,1,7,31.5412
1581,trace_offer,0,VLAN4012.0,0,1,2937.76
1581,trace_offer,5,LBNL_VLAN3002.1,1,7,31.5412
1578,receive,7,LBNL_VLAN3001.1,3,5,50.3316
1578,receive,1,VLAN4012.1,0,0,2937.76
1581,send,5,LBNL_VLAN3002.1,1,7,31.5412
1581,send,0,VLAN4012.0,0,1,2937.76
1582,trace_offer,0,VLAN4012.0,0,1,2937.76
1582,trace_offer,5,LBNL_VLAN3002.1,1,7,31.5412
1579,receive,1,VLAN4012.1,0,0,2937.76
1579,receive,7,LBNL_VLAN3001.1,3,5,25.1658
1582,send,0,VLAN4012.0,0,1,2937.76
1582,send,5,LBNL_VLAN3002.1,1,7,31.5412
1583,trace_offer,5,LBNL_VLAN3002.1,1,7,31.5412
1583,trace_offer,0,VLAN4012.0,0,1,2937.76
1580,receive,1,VLAN4012.1,0,0,2937.76
1583,send,0,VLAN4012.0,0,1,2937.76
1583,send,5,LBNL_VLAN3002.1,1,7,31.5412
1584,trace_offer,0,VLAN4012.0,0,1,2937.76
1584,trace_offer,5,LBNL_VLAN3002.1,1,7,31.5412
1581,receive,1,VLAN4012.1,0,0,2937.76
1581,receive,7,LBNL_VLAN3001.1,3,5,63.0823
1584,send,0,VLAN4012.0,0,1,2937.76
1584,send,5,LBNL_VLAN3002.1,1,7,31.5412
1585,trace_offer,5,LBNL_VLAN3002.1,1,7,31.5412
1585,trace_offer,0,VLAN4012.0,0,1,2937.76
1582,receive,1,VLAN4012.1,0,0,2937.76
1582,receive,7,LBNL_VLAN3001.1,3,5,31.5412
1585,send,0,VLAN4012.0,0,1,2937.76
1585,send,5,LBNL_VLAN3002.1,1,7,31.5412
1586,trace_offer,0,VLAN4012.0,0,1,2937.76
1586,trace_offer,5,LBNL_VLAN3002.1,1,7,31.5412
1583,receive,7,LBNL_VLAN3001.1,3,5,31.5412
1586,send,5,LBNL_VLAN3002.1,1,7,31.5412
1586,send,0,VLAN4012.0,0,1,2937.76
1587,trace_offer,5,LBNL_VLAN3002.1,1,7,31.5412
1587,trace_offer,0,VLAN4012.0,0,1,2937.76
1584,receive,1,VLAN4012.1,0,0,2937.76
1584,receive,1,VLAN4012.1,0,0,2937.76
1584,receive,7,LBNL_VLAN3001.1,3,5,31.5412
1587,send,5,LBNL_VLAN3002.1,1,7,31.5412
1587,send,0,VLAN4012.0,0,1,2937.76
1588,trace_offer,5,LBNL_VLAN3002.1,1,7,31.5412
1588,trace_offer,0,VLAN4012.0,0,1,2937.76
1588,send,5,LBNL_VLAN3002.1,1,7,31.5412
1588,send,0,VLAN4012.0,0,1,2937.76
1589,trace_offer,0,VLAN4012.0,0,1,2937.76
1589,trace_offer,5,LBNL_VLAN3002.1,1,7,31.5412
1586,receive,1,VLAN4012.1,0,0,2937.76
1586,receive,7,LBNL_VLAN3001.1,3,5,31.5412
1589,send,5,LBNL_VLAN3002.1,1,7,31.5412
1589,send,0,VLAN4012.0,0,1,2937.76
1590,trace_offer,0,VLAN4012.0,0,1,2946.35
1590,trace_offer,5,LBNL_VLAN3002.1,1,7,25.2497
1587,receive,7,LBNL_VLAN3001.1,3,5,31.5412
1587,receive,1,VLAN4012.1,0,0,2937.76
1587,receive,1,VLAN4012.1,0,0,2937.76
1590,send,0,VLAN4012.0,0,1,2946.35
1590,send,5,LBNL_VLAN3002.1,1,7,25.2497
1591,trace_offer,0,VLAN4012.0,0,1,2946.35
1591,trace_offer,5,LBNL_VLAN3002.1,1,7,25.2497
1588,receive,7,LBNL_VLAN3001.1,3,5,31.5412
1588,receive,1,VLAN4012.1,0,0,2946.35
1591,send,5,LBNL_VLAN3002.1,1,7,25.2497
1591,send,0,VLAN4012.0,0,1,2946.35
1592,trace_offer,0,VLAN4012.0,0,1,2946.35
1592,trace_offer,5,LBNL_VLAN3002.1,1,7,25.2497
1589,receive,7,LBNL_VLAN3001.1,3,5,63.0823
1592,send,5,LBNL_VLAN3002.1,1,7,25.2497
1592,send,0,VLAN4012.0,0,1,2946.35
1593,trace_offer,0,VLAN4012.0,0,1,2946.35
1593,trace_offer,5,LBNL_VLAN3002.1,1,7,25.2497
1590,receive,1,VLAN4012.1,0,0,2946.35
1590,receive,1,VLAN4012.1,0,0,2946.35
1593,send,5,LBNL_VLAN3002.1,1,7,25.2497
1593,send,0,VLAN4012.0,0,1,2946.35
1594,trace_offer,0,VLAN4012.0,0,1,2946.35
1594,trace_offer,5,LBNL_VLAN3002.1,1,7,25.2497
1591,receive,7,LBNL_VLAN3001.1,3,5,25.2497
1594,send,0,VLAN4012.0,0,1,2946.35
1594,send,5,LBNL_VLAN3002.1,1,7,25.2497
1595,trace_offer,0,VLAN4012.0,0,1,2946.35
1595,trace_offer,5,LBNL_VLAN3002.1,1,7,25.2497
1592,receive,1,VLAN4012.1,0,0,2946.35
1592,receive,7,LBNL_VLAN3001.1,3,5,25.2497
1592,receive,1,VLAN4012.1,0,0,2946.35
1595,send,5,LBNL_VLAN3002.1,1,7,25.2497
1595,send,0,VLAN4012.0,0,1,2946.35
1596,trace_offer,5,LBNL_VLAN3002.1,1,7,25.2497
1596,trace_offer,0,VLAN4012.0,0,1,2946.35
1593,receive,7,LBNL_VLAN3001.1,3,5,25.2497
1596,send,5,LBNL_VLAN3002.1,1,7,25.2497
1596,send,0,VLAN4012.0,0,1,2946.35
1597,trace_offer,0,VLAN4012.0,0,1,2946.35
1597,trace_offer,5,LBNL_VLAN3002.1,1,7,25.2497
1594,receive,1,VLAN4012.1,0,0,2946.35
1594,receive,7,LBNL_VLAN3001.1,3,5,50.4994
1594,receive,1,VLAN4012.1,0,0,2946.35
1597,send,0,VLAN4012.0,0,1,2946.35
1597,send,5,LBNL_VLAN3002.1,1,7,25.2497
1598,trace_offer,5,LBNL_VLAN3002.1,1,7,25.2497
1598,trace_offer,0,VLAN4012.0,0,1,2946.35
1595,receive,1,VLAN4012.1,0,0,2946.35
1598,send,0,VLAN4012.0,0,1,2946.35
1598,send,5,LBNL_VLAN3002.1,1,7,25.2497
1599,trace_offer,5,LBNL_VLAN3002.1,1,7,25.2497
1599,trace_offer,0,VLAN4012.0,0,1,2946.35
1596,receive,7,LBNL_VLAN3001.1,3,5,50.4994
1596,receive,1,VLAN4012.1,0,0,2946.35
1599,send,5,LBNL_VLAN3002.1,1,7,25.2497
1599,send,0,VLAN4012.0,0,1,2946.35
1600,trace_offer,5,LBNL_VLAN3002.1,1,7,31.7928
1600,trace_offer,0,VLAN4012.0,0,1,2954.94
1597,receive,1,VLAN4012.1,0,0,2946.35
1600,send,0,VLAN4012.0,0,1,2954.94
1600,send,5,LBNL_VLAN3002.1,1,7,31.7928
1601,trace_offer,5,LBNL_VLAN3002.1,1,7,31.7928
1601,trace_offer,0,VLAN4012.0,0,1,2954.94
1598,receive,1,VLAN4012.1,0,0,2954.94
1598,receive,7,LBNL_VLAN3001.1,3,5,50.4994
1601,send,0,VLAN4012.0,0,1,2954.94
1601,send,5,LBNL_VLAN3002.1,1,7,31.7928
1602,trace_offer,5,LBNL_VLAN3002.1,1,7,31.7928
1602,trace_offer,0,VLAN4012.0,0,1,2954.94
1599,receive,7,LBNL_VLAN3001.1,3,5,25.2497
1602,send,0,VLAN4012.0,0,1,2954.94
1602,send,5,LBNL_VLAN3002.1,1,7,31.7928
1603,trace_offer,0,VLAN4012.0,0,1,2954.94
1603,trace_offer,5,LBNL_VLAN3002.1,1,7,31.7928
1600,receive,1,VLAN4012.1,0,0,2954.94
1603,send,0,VLAN4012.0,0,1,2954.94
1603,send,5,LBNL_VLAN3002.1,1,7,31.7928
1604,trace_offer,5,LBNL_VLAN3002.1,1,7,31.7928
1604,trace_offer,0,VLAN4012.0,0,1,2954.94
1601,receive,1,VLAN4012.1,0,0,2954.94
1601,receive,7,LBNL_VLAN3001.1,3,5,31.7928
1604,send,0,VLAN4012.0,0,1,2954.94
1604,send,5,LBNL_VLAN3002.1,1,7,31.7928
1605,trace_offer,0,VLAN4012.0,0,1,2954.94
1605,trace_offer,5,LBNL_VLAN3002.1,1,7,31.7928
1602,receive,7,LBNL_VLAN3001.1,3,5,63.5856
1602,receive,1,VLAN4012.1,0,0,2954.94
1602,receive,1,VLAN4012.1,0,0,2954.94
1605,send,0,VLAN4012.0,0,1,2954.94
1605,send,5,LBNL_VLAN3002.1,1,7,31.7928
1606,trace_offer,0,VLAN4012.0,0,1,2954.94
1606,trace_offer,5,LBNL_VLAN3002.1,1,7,31.7928
1606,send,0,VLAN4012.0,0,1,2954.94
1606,send,5,LBNL_VLAN3002.1,1,7,31.7928
1607,trace_offer,5,LBNL_VLAN3002.1,1,7,31.7928
1607,trace_offer,0,VLAN4012.0,0,1,2954.94
1604,receive,7,LBNL_VLAN3001.1,3,5,63.5856
1604,receive,1,VLAN4012.1,0,0,2954.94
1604,receive,1,VLAN4012.1,0,0,2954.94
1607,send,0,VLAN4012.0,0,1,2954.94
1607,send,5,LBNL_VLAN3002.1,1,7,31.7928
1608,trace_offer,5,LBNL_VLAN3002.1,1,7,31.7928
1608,trace_offer,0,VLAN4012.0,0,1,2954.94
1605,receive,7,LBNL_VLAN3001.1,3,5,31.7928
1608,send,0,VLAN4012.0,0,1,2954.94
1608,send,5,LBNL_VLAN3002.1,1,7,31.7928
1609,trace_offer,0,VLAN4012.0,0,1,2954.94
1609,trace_offer,5,LBNL_VLAN3002.1,1,7,31.7928
1606,receive,1,VLAN4012.1,0,0,2954.94
1609,send,0,VLAN4012.0,0,1,2954.94
1609,send,5,LBNL_VLAN3002.1,1,7,31.7928
1610,trace_offer,5,LBNL_VLAN3002.1,1,7,25.3336
1610,trace_offer,0,VLAN4012.0,0,1,2920.58
1607,receive,7,LBNL_VLAN3001.1,3,5,63.5856
1607,receive,1,VLAN4012.1,0,0,2954.94
1607,receive,1,VLAN4012.1,0,0,2954.94
1610,send,5,LBNL_VLAN3002.1,1,7,25.3336
1610,send,0,VLAN4012.0,0,1,2920.58
1611,trace_offer,0,VLAN4012.0,0,1,2920.58
1611,trace_offer,5,LBNL_VLAN3002.1,1,7,25.3336
1608,receive,7,LBNL_VLAN3001.1,3,5,31.7928
1611,send,0,VLAN4012.0,0,1,2920.58
1611,send,5,LBNL_VLAN3002.1,1,7,25.3336
1612,trace_offer,5,LBNL_VLAN3002.1,1,7,25.3336
1612,trace_offer,0,VLAN4012.0,0,1,2920.58
1609,receive,7,LBNL_VLAN3001.1,3,5,31.7928
1609,receive,1,VLAN4012.1,0,0,2920.58
1612,send,0,VLAN4012.0,0,1,2920.58
1612,send,5,LBNL_VLAN3002.1,1,7,25.3336
1613,trace_offer,0,VLAN4012.0,0,1,2920.58
1613,trace_offer,5,LBNL_VLAN3002.1,1,7,25.3336
1610,receive,7,LBNL_VLAN3001.1,3,5,25.3336
1610,receive,1,VLAN4012.1,0,0,2920.58
1613,send,0,VLAN4012.0,0,1,2920.58
1613,send,5,LBNL_VLAN3002.1,1,7,25.3336
1614,trace_offer,0,VLAN4012.0,0,1,2920.58
1614,trace_offer,5,LBNL_VLAN3002.1,1,7,25.3336
1611,receive,1,VLAN4012.1,0,0,2920.58
1611,receive,1,VLAN4012.1,0,0,2920.58
1614,send,5,LBNL_VLAN3002.1,1,7,25.3336
1614,send,0,VLAN4012.0,0,1,2920.58
1615,trace_offer,5,LBNL_VLAN3002.1,1,7,25.3336
1615,trace_offer,0,VLAN4012.0,0,1,2920.58
1612,receive,1,VLAN4012.1,0,0,2920.58
1612,receive,7,LBNL_VLAN3001.1,3,5,25.3336
1615,send,0,VLAN4012.0,0,1,2920.58
1615,send,5,LBNL_VLAN3002.1,1,7,25.3336
1616,trace_offer,0,VLAN4012.0,0,1,2920.58
1616,trace_offer,5,LBNL_VLAN3002.1,1,7,25.3336
1613,receive,7,LBNL_VLAN3001.1,3,5,25.3336
1616,send,0,VLAN4012.0,0,1,2920.58
1616,send,5,LBNL_VLAN3002.1,1,7,25.3336
1617,trace_offer,0,VLAN4012.0,0,1,2920.58
1617,trace_offer,5,LBNL_VLAN3002.1,1,7,25.3336
1614,receive,1,VLAN4012.1,0,0,2920.58
1614,receive,7,LBNL_VLAN3001.1,3,5,50.6672
1617,send,0,VLAN4012.0,0,1,2920.58
1617,send,5,LBNL_VLAN3002.1,1,7,25.3336
1618,trace_offer,5,LBNL_VLAN3002.1,1,7,25.3336
1618,trace_offer,0,VLAN4012.0,0,1,2920.58
1615,receive,1,VLAN4012.1,0,0,2920.58
1615,receive,7,LBNL_VLAN3001.1,3,5,25.3336
1618,send,0,VLAN4012.0,0,1,2920.58
1618,send,5,LBNL_VLAN3002.1,1,7,25.3336
1619,trace_offer,0,VLAN4012.0,0,1,2920.58
1619,trace_offer,5,LBNL_VLAN3002.1,1,7,25.3336
1616,receive,1,VLAN4012.1,0,0,2920.58
1619,send,5,LBNL_VLAN3002.1,1,7,25.3336
1619,send,0,VLAN4012.0,0,1,2920.58
1620,trace_offer,5,LBNL_VLAN3002.1,1,7,30.1151
1620,trace_offer,0,VLAN4012.0,0,1,2963.53
1617,receive,1,VLAN4012.1,0,0,2920.58
1617,receive,7,LBNL_VLAN3001.1,3,5,50.6672
1617,receive,1,VLAN4012.1,0,0,2920.58
1620,send,0,VLAN4012.0,0,1,2963.53
1620,send,5,LBNL_VLAN3002.1,1,7,30.1151
1621,trace_offer,0,VLAN4012.0,0,1,2963.53
1621,trace_offer,5,LBNL_VLAN3002.1,1,7,30.1151
1618,receive,1,VLAN4012.1,0,0,2963.53
1621,send,0,VLAN4012.0,0,1,2963.53
1621,send,5,LBNL_VLAN3002.1,1,7,30.1151
1622,trace_offer,5,LBNL_VLAN3002.1,1,7,30.1151
1622,trace_offer,0,VLAN4012.0,0,1,2963.53
1619,receive,7,LBNL_VLAN3001.1,3,5,50.6672
1619,receive,1,VLAN4012.1,0,0,2963.53
1622,send,5,LBNL_VLAN3002.1,1,7,30.1151
1622,send,0,VLAN4012.0,0,1,2963.53
1623,trace_offer,0,VLAN4012.0,0,1,2963.53
1623,trace_offer,5,LBNL_VLAN3002.1,1,7,30.1151
1620,receive,1,VLAN4012.1,0,0,2963.53
1623,send,5,LBNL_VLAN3002.1,1,7,30.1151
1623,send,0,VLAN4012.0,0,1,2963.53
1624,trace_offer,0,VLAN4012.0,0,1,2963.53
1624,trace_offer,5,LBNL_VLAN3002.1,1,7,30.1151
1621,receive,1,VLAN4012.1,0,0,2963.53
1621,receive,7,LBNL_VLAN3001.1,3,5,30.1151
1624,send,0,VLAN4012.0,0,1,2963.53
1624,send,5,LBNL_VLAN3002.1,1,7,30.1151
1625,trace_offer,0,VLAN4012.0,0,1,2963.53
1625,trace_offer,5,LBNL_VLAN3002.1,1,7,30.1151
1622,receive,1,VLAN4012.1,0,0,2963.53
1622,receive,7,LBNL_VLAN3001.1,3,5,30.1151
1625,send,0,VLAN4012.0,0,1,2963.53
1625,send,5,LBNL_VLAN3002.1,1,7,30.1151
1626,trace_offer,5,LBNL_VLAN3002.1,1,7,30.1151
1626,trace_offer,0,VLAN4012.0,0,1,2963.53
1623,receive,1,VLAN4012.1,0,0,2963.53
1623,receive,7,LBNL_VLAN3001.1,3,5,30.1151
1626,send,0,VLAN4012.0,0,1,2963.53
1626,send,5,LBNL_VLAN3002.1,1,7,30.1151
1627,trace_offer,5,LBNL_VLAN3002.1,1,7,30.1151
1627,trace_offer,0,VLAN4012.0,0,1,2963.53
1624,receive,7,LBNL_VLAN3001.1,3,5,60.2302
1627,send,5,LBNL_VLAN3002.1,1,7,30.1151
1627,send,0,VLAN4012.0,0,1,2963.53
1628,trace_offer,5,LBNL_VLAN3002.1,1,7,30.1151
1628,trace_offer,0,VLAN4012.0,0,1,2963.53
1625,receive,1,VLAN4012.1,0,0,2963.53
1628,send,0,VLAN4012.0,0,1,2963.53
1628,send,5,LBNL_VLAN3002.1,1,7,30.1151
1629,trace_offer,5,LBNL_VLAN3002.1,1,7,30.1151
1629,trace_offer,0,VLAN4012.0,0,1,2963.53
1626,receive,1,VLAN4012.1,0,0,2963.53
1626,receive,1,VLAN4012.1,0,0,2963.53
1626,receive,7,LBNL_VLAN3001.1,3,5,30.1151
1629,send,5,LBNL_VLAN3002.1,1,7,30.1151
1629,send,0,VLAN4012.0,0,1,2963.53
1630,trace_offer,0,VLAN4012.0,0,1,2920.58
1630,trace_offer,5,LBNL_VLAN3002.1,1,7,26.9274
1627,receive,1,VLAN4012.1,0,0,2963.53
1627,receive,7,LBNL_VLAN3001.1,3,5,30.1151
1630,send,0,VLAN4012.0,0,1,2920.58
1630,send,5,LBNL_VLAN3002.1,1,7,26.9274
1631,trace_offer,5,LBNL_VLAN3002.1,1,7,26.9274
1631,trace_offer,0,VLAN4012.0,0,1,2920.58
1628,receive,7,LBNL_VLAN3001.1,3,5,30.1151
1631,send,0,VLAN4012.0,0,1,2920.58
1631,send,5,LBNL_VLAN3002.1,1,7,26.9274
1632,trace_offer,0,VLAN4012.0,0,1,2920.58
1632,trace_offer,5,LBNL_VLAN3002.1,1,7,26.9274
1629,receive,1,VLAN4012.1,0,0,2920.58
1629,receive,7,LBNL_VLAN3001.1,3,5,60.2302
1629,receive,1,VLAN4012.1,0,0,2920.58
1632,send,5,LBNL_VLAN3002.1,1,7,26.9274
1632,send,0,VLAN4012.0,0,1,2920.58
1633,trace_offer,5,LBNL_VLAN3002.1,1,7,26.9274
1633,trace_offer,0,VLAN4012.0,0,1,2920.58
1633,send,5,LBNL_VLAN3002.1,1,7,26.9274
1633,send,0,VLAN4012.0,0,1,2920.58
1634,trace_offer,5,LBNL_VLAN3002.1,1,7,26.9274
1634,trace_offer,0,VLAN4012.0,0,1,2920.58
1631,receive,7,LBNL_VLAN3001.1,3,5,53.8549
1631,receive,1,VLAN4012.1,0,0,2920.58
1631,receive,1,VLAN4012.1,0,0,2920.58
1634,send,0,VLAN4012.0,0,1,2920.58
1634,send,5,LBNL_VLAN3002.1,1,7,26.9274
1635,trace_offer,5,LBNL_VLAN3002.1,1,7,26.9274
1635,trace_offer,0,VLAN4012.0,0,1,2920.58
1632,receive,1,VLAN4012.1,0,0,2920.58
1635,send,0,VLAN4012.0,0,1,2920.58
1635,send,5,LBNL_VLAN3002.1,1,7,26.9274
1636,trace_offer,0,VLAN4012.0,0,1,2920.58
1636,trace_offer,5,LBNL_VLAN3002.1,1,7,26.9274
1633,receive,7,LBNL_VLAN3001.1,3,5,26.9274
1633,receive,1,VLAN4012.1,0,0,2920.58
1636,send,0,VLAN4012.0,0,1,2920.58
1636,send,5,LBNL_VLAN3002.1,1,7,26.9274
1637,trace_offer,5,LBNL_VLAN3002.1,1,7,26.9274
1637,trace_offer,0,VLAN4012.0,0,1,2920.58
1634,receive,7,LBNL_VLAN3001.1,3,5,53.8549
1634,receive,1,VLAN4012.1,0,0,2920.58
1637,send,0,VLAN4012.0,0,1,2920.58
1637,send,5,LBNL_VLAN3002.1,1,7,26.9274
1638,trace_offer,0,VLAN4012.0,0,1,2920.58
1638,trace_offer,5,LBNL_VLAN3002.1,1,7,26.9274
1635,receive,7,LBNL_VLAN3001.1,3,5,26.9274
1635,receive,1,VLAN4012.1,0,0,2920.58
1638,send,0,VLAN4012.0,0,1,2920.58
1638,send,5,LBNL_VLAN3002.1,1,7,26.9274
1639,trace_offer,0,VLAN4012.0,0,1,2920.58
1639,trace_offer,5,LBNL_VLAN3002.1,1,7,26.9274
1639,send,5,LBNL_VLAN3002.1,1,7,26.9274
1639,send,0,VLAN4012.0,0,1,2920.58
1640,trace_offer,5,LBNL_VLAN3002.1,1,7,25.1658
1640,trace_offer,0,VLAN4012.0,0,1,2911.99
1637,receive,1,VLAN4012.1,0,0,2920.58
1637,receive,1,VLAN4012.1,0,0,2920.58
1637,receive,7,LBNL_VLAN3001.1,3,5,53.8549
1640,send,0,VLAN4012.0,0,1,2911.99
1640,send,5,LBNL_VLAN3002.1,1,7,25.1658
1641,trace_offer,0,VLAN4012.0,0,1,2911.99
1641,trace_offer,5,LBNL_VLAN3002.1,1,7,25.1658
1638,receive,7,LBNL_VLAN3001.1,3,5,26.9274
1641,send,0,VLAN4012.0,0,1,2911.99
1641,send,5,LBNL_VLAN3002.1,1,7,25.1658
1642,trace_offer,0,VLAN4012.0,0,1,2911.99
1642,trace_offer,5,LBNL_VLAN3002.1,1,7,25.1658
1639,receive,7,LBNL_VLAN3001.1,3,5,26.9274
1639,receive,1,VLAN4012.1,0,0,2911.99
1642,send,5,LBNL_VLAN3002.1,1,7,25.1658
1642,send,0,VLAN4012.0,0,1,2911.99
1643,trace_offer,5,LBNL_VLAN3002.1,1,7,25.1658
1643,trace_offer,0,VLAN4012.0,0,1,2911.99
1640,receive,1,VLAN4012.1,0,0,2911.99
1640,receive,7,LBNL_VLAN3001.1,3,5,25.1658
1640,receive,1,VLAN4012.1,0,0,2911.99
1643,send,5,LBNL_VLAN3002.1,1,7,25.1658
1643,send,0,VLAN4012.0,0,1,2911.99
1644,trace_offer,5,LBNL_VLAN3002.1,1,7,25.1658
1644,trace_offer,0,VLAN4012.0,0,1,2911.99
1641,receive,1,VLAN4012.1,0,0,2911.99
1644,send,5,LBNL_VLAN3002.1,1,7,25.1658
1644,send,0,VLAN4012.0,0,1,2911.99
1645,trace_offer,5,LBNL_VLAN3002.1,1,7,25.1658
1645,trace_offer,0,VLAN4012.0,0,1,2911.99
1642,receive,7,LBNL_VLAN3001.1,3,5,50.3316
1642,receive,1,VLAN4012.1,0,0,2911.99
1645,send,0,VLAN4012.0,0,1,2911.99
1645,send,5,LBNL_VLAN3002.1,1,7,25.1658
1646,trace_offer,0,VLAN4012.0,0,1,2911.99
1646,trace_offer,5,LBNL_VLAN3002.1,1,7,25.1658
1643,receive,1,VLAN4012.1,0,0,2911.99
1646,send,0,VLAN4012.0,0,1,2911.99
1646,send,5,LBNL_VLAN3002.1,1,7,25.1658
1647,trace_offer,0,VLAN4012.0,0,1,2911.99
1647,trace_offer,5,LBNL_VLAN3002.1,1,7,25.1658
1644,receive,7,LBNL_VLAN3001.1,3,5,50.3316
1647,send,0,VLAN4012.0,0,1,2911.99
1647,send,5,LBNL_VLAN3002.1,1,7,25.1658
1648,trace_offer,5,LBNL_VLAN3002.1,1,7,25.1658
1648,trace_offer,0,VLAN4012.0,0,1,2911.99
1645,receive,7,LBNL_VLAN3001.1,3,5,25.1658
1645,receive,1,VLAN4012.1,0,0,2911.99
1645,receive,1,VLAN4012.1,0,0,2911.99
1648,send,5,LBNL_VLAN3002.1,1,7,25.1658
1648,send,0,VLAN4012.0,0,1,2911.99
1649,trace_offer,0,VLAN4012.0,0,1,2911.99
1649,trace_offer,5,LBNL_VLAN3002.1,1,7,25.1658
1646,receive,7,LBNL_VLAN3001.1,3,5,25.1658
1646,receive,1,VLAN4012.1,0,0,2911.99
1649,send,0,VLAN4012.0,0,1,2911.99
1649,send,5,LBNL_VLAN3002.1,1,7,25.1658
1650,trace_offer,0,VLAN4012.0,0,1,2954.94
1650,trace_offer,5,LBNL_VLAN3002.1,1,7,31.7089
1647,receive,1,VLAN4012.1,0,0,2911.99
1650,send,0,VLAN4012.0,0,1,2954.94
1650,send,5,LBNL_VLAN3002.1,1,7,31.7089
1651,trace_offer,5,LBNL_VLAN3002.1,1,7,31.7089
1651,trace_offer,0,VLAN4012.0,0,1,2954.94
1648,receive,7,LBNL_VLAN3001.1,3,5,50.3316
1651,send,5,LBNL_VLAN3002.1,1,7,31.7089
1651,send,0,VLAN4012.0,0,1,2954.94
1652,trace_offer,5,LBNL_VLAN3002.1,1,7,31.7089
1652,trace_offer,0,VLAN4012.0,0,1,2954.94
1649,receive,1,VLAN4012.1,0,0,2954.94
1649,receive,1,VLAN4012.1,0,0,2954.94
1649,receive,7,LBNL_VLAN3001.1,3,5,25.1658
1652,send,0,VLAN4012.0,0,1,2954.94
1652,send,5,LBNL_VLAN3002.1,1,7,31.7089
1653,trace_offer,0,VLAN4012.0,0,1,2954.94
1653,trace_offer,5,LBNL_VLAN3002.1,1,7,31.7089
1650,receive,1,VLAN4012.1,0,0,2954.94
1653,send,0,VLAN4012.0,0,1,2954.94
1653,send,5,LBNL_VLAN3002.1,1,7,31.7089
1654,trace_offer,5,LBNL_VLAN3002.1,1,7,31.7089
1654,trace_offer,0,VLAN4012.0,0,1,2954.94
1651,receive,7,LBNL_VLAN3001.1,3,5,31.7089
1654,send,5,LBNL_VLAN3002.1,1,7,31.7089
1654,send,0,VLAN4012.0,0,1,2954.94
1655,trace_offer,0,VLAN4012.0,0,1,2954.94
1655,trace_offer,5,LBNL_VLAN3002.1,1,7,31.7089
1652,receive,7,LBNL_VLAN3001.1,3,5,31.7089
1652,receive,1,VLAN4012.1,0,0,2954.94
1652,receive,1,VLAN4012.1,0,0,2954.94
1655,send,5,LBNL_VLAN3002.1,1,7,31.7089
1655,send,0,VLAN4012.0,0,1,2954.94
1656,trace_offer,0,VLAN4012.0,0,1,2954.94
1656,trace_offer,5,LBNL_VLAN3002.1,1,7,31.7089
1653,receive,1,VLAN4012.1,0,0,2954.94
1653,receive,7,LBNL_VLAN3001.1,3,5,31.7089
1656,send,5,LBNL_VLAN3002.1,1,7,31.7089
1656,send,0,VLAN4012.0,0,1,2954.94
1657,trace_offer,5,LBNL_VLAN3002.1,1,7,31.7089
1657,trace_offer,0,VLAN4012.0,0,1,2954.94
1654,receive,7,LBNL_VLAN3001.1,3,5,63.4179
1654,receive,1,VLAN4012.1,0,0,2954.94
1657,send,5,LBNL_VLAN3002.1,1,7,31.7089
1657,send,0,VLAN4012.0,0,1,2954.94
1658,trace_offer,0,VLAN4012.0,0,1,2954.94
1658,trace_offer,5,LBNL_VLAN3002.1,1,7,31.7089
1655,receive,1,VLAN4012.1,0,0,2954.94
1658,send,0,VLAN4012.0,0,1,2954.94
1658,send,5,LBNL_VLAN3002.1,1,7,31.7089
1659,trace_offer,0,VLAN4012.0,0,1,2954.94
1659,trace_offer,5,LBNL_VLAN3002.1,1,7,31.7089
1656,receive,1,VLAN4012.1,0,0,2954.94
1656,receive,7,LBNL_VLAN3001.1,3,5,31.7089
1659,send,5,LBNL_VLAN3002.1,1,7,31.7089
1659,send,0,VLAN4012.0,0,1,2954.94
1660,trace_offer,0,VLAN4012.0,0,1,2946.35
1660,trace_offer,5,LBNL_VLAN3002.1,1,7,31.2056
1657,receive,1,VLAN4012.1,0,0,2954.94
1657,receive,7,LBNL_VLAN3001.1,3,5,31.7089
1660,send,5,LBNL_VLAN3002.1,1,7,31.2056
1660,send,0,VLAN4012.0,0,1,2946.35
1661,trace_offer,0,VLAN4012.0,0,1,2946.35
1661,trace_offer,5,LBNL_VLAN3002.1,1,7,31.2056
1658,receive,7,LBNL_VLAN3001.1,3,5,31.7089
1658,receive,1,VLAN4012.1,0,0,2946.35
1661,send,5,LBNL_VLAN3002.1,1,7,31.2056
1661,send,0,VLAN4012.0,0,1,2946.35
1662,trace_offer,0,VLAN4012.0,0,1,2946.35
1662,trace_offer,5,LBNL_VLAN3002.1,1,7,31.2056
1659,receive,1,VLAN4012.1,0,0,2946.35
1659,receive,7,LBNL_VLAN3001.1,3,5,63.4179
1662,send,5,LBNL_VLAN3002.1,1,7,31.2056
1662,send,0,VLAN4012.0,0,1,2946.35
1663,trace_offer,5,LBNL_VLAN3002.1,1,7,31.2056
1663,trace_offer,0,VLAN4012.0,0,1,2946.35
1660,receive,1,VLAN4012.1,0,0,2946.35
1660,receive,7,LBNL_VLAN3001.1,3,5,31.2056
1663,send,0,VLAN4012.0,0,1,2946.35
1663,send,5,LBNL_VLAN3002.1,1,7,31.2056
1664,trace_offer,5,LBNL_VLAN3002.1,1,7,31.2056
1664,trace_offer,0,VLAN4012.0,0,1,2946.35
1664,send,5,LBNL_VLAN3002.1,1,7,31.2056
1664,send,0,VLAN4012.0,0,1,2946.35
1665,trace_offer,5,LBNL_VLAN3002.1,1,7,31.2056
1665,trace_offer,0,VLAN4012.0,0,1,2946.35
1662,receive,1,VLAN4012.1,0,0,2946.35
1662,receive,7,LBNL_VLAN3001.1,3,5,31.2056
1662,receive,1,VLAN4012.1,0,0,2946.35
1665,send,0,VLAN4012.0,0,1,2946.35
1665,send,5,LBNL_VLAN3002.1,1,7,31.2056
1666,trace_offer,0,VLAN4012.0,0,1,2946.35
1666,trace_offer,5,LBNL_VLAN3002.1,1,7,31.2056
1663,receive,1,VLAN4012.1,0,0,2946.35
1663,receive,7,LBNL_VLAN3001.1,3,5,31.2056
1666,send,5,LBNL_VLAN3002.1,1,7,31.2056
1666,send,0,VLAN4012.0,0,1,2946.35
1667,trace_offer,0,VLAN4012.0,0,1,2946.35
1667,trace_offer,5,LBNL_VLAN3002.1,1,7,31.2056
1664,receive,1,VLAN4012.1,0,0,2946.35
1664,receive,7,LBNL_VLAN3001.1,3,5,62.4112
1667,send,0,VLAN4012.0,0,1,2946.35
1667,send,5,LBNL_VLAN3002.1,1,7,31.2056
1668,trace_offer,5,LBNL_VLAN3002.1,1,7,31.2056
1668,trace_offer,0,VLAN4012.0,0,1,2946.35
1668,send,5,LBNL_VLAN3002.1,1,7,31.2056
1668,send,0,VLAN4012.0,0,1,2946.35
1669,trace_offer,5,LBNL_VLAN3002.1,1,7,31.2056
1669,trace_offer,0,VLAN4012.0,0,1,2946.35
1666,receive,1,VLAN4012.1,0,0,2946.35
1666,receive,1,VLAN4012.1,0,0,2946.35
1666,receive,7,LBNL_VLAN3001.1,3,5,62.4112
1669,send,5,LBNL_VLAN3002.1,1,7,31.2056
1669,send,0,VLAN4012.0,0,1,2946.35
1670,trace_offer,5,LBNL_VLAN3002.1,1,7,25.0819
1670,trace_offer,0,VLAN4012.0,0,1,2954.94
1667,receive,1,VLAN4012.1,0,0,2946.35
1670,send,5,LBNL_VLAN3002.1,1,7,25.0819
1670,send,0,VLAN4012.0,0,1,2954.94
1671,trace_offer,5,LBNL_VLAN3002.1,1,7,25.0819
1671,trace_offer,0,VLAN4012.0,0,1,2954.94
1668,receive,1,VLAN4012.1,0,0,2954.94
1668,receive,7,LBNL_VLAN3001.1,3,5,31.2056
1671,send,0,VLAN4012.0,0,1,2954.94
1671,send,5,LBNL_VLAN3002.1,1,7,25.0819
1672,trace_offer,5,LBNL_VLAN3002.1,1,7,25.0819
1672,trace_offer,0,VLAN4012.0,0,1,2954.94
1669,receive,1,VLAN4012.1,0,0,2954.94
1669,receive,7,LBNL_VLAN3001.1,3,5,62.4112
1672,send,0,VLAN4012.0,0,1,2954.94
1672,send,5,LBNL_VLAN3002.1,1,7,25.0819
1673,trace_offer,5,LBNL_VLAN3002.1,1,7,25.0819
1673,trace_offer,0,VLAN4012.0,0,1,2954.94
1673,send,5,LBNL_VLAN3002.1,1,7,25.0819
1673,send,0,VLAN4012.0,0,1,2954.94
1674,trace_offer,0,VLAN4012.0,0,1,2954.94
1674,trace_offer,5,LBNL_VLAN3002.1,1,7,25.0819
1671,receive,1,VLAN4012.1,0,0,2954.94
1671,receive,7,LBNL_VLAN3001.1,3,5,50.1639
1674,send,5,LBNL_VLAN3002.1,1,7,25.0819
1674,send,0,VLAN4012.0,0,1,2954.94
1675,trace_offer,0,VLAN4012.0,0,1,2954.94
1675,trace_offer,5,LBNL_VLAN3002.1,1,7,25.0819
1672,receive,1,VLAN4012.1,0,0,2954.94
1672,receive,1,VLAN4012.1,0,0,2954.94
1675,send,0,VLAN4012.0,0,1,2954.94
1675,send,5,LBNL_VLAN3002.1,1,7,25.0819
1676,trace_offer,5,LBNL_VLAN3002.1,1,7,25.0819
1676,trace_offer,0,VLAN4012.0,0,1,2954.94
1673,receive,7,LBNL_VLAN3001.1,3,5,50.1639
1676,send,0,VLAN4012.0,0,1,2954.94
1676,send,5,LBNL_VLAN3002.1,1,7,25.0819
1677,trace_offer,0,VLAN4012.0,0,1,2954.94
1677,trace_offer,5,LBNL_VLAN3002.1,1,7,25.0819
1674,receive,7,LBNL_VLAN3001.1,3,5,25.0819
1674,receive,1,VLAN4012.1,0,0,2954.94
1677,send,5,LBNL_VLAN3002.1,1,7,25.0819
1677,send,0,VLAN4012.0,0,1,2954.94
1678,trace_offer,0,VLAN4012.0,0,1,2954.94
1678,trace_offer,5,LBNL_VLAN3002.1,1,7,25.0819
1675,receive,1,VLAN4012.1,0,0,2954.94
1675,receive,1,VLAN4012.1,0,0,2954.94
1675,receive,7,LBNL_VLAN3001.1,3,5,25.0819
1678,send,5,LBNL_VLAN3002.1,1,7,25.0819
1678,send,0,VLAN4012.0,0,1,2954.94
1679,trace_offer,5,LBNL_VLAN3002.1,1,7,25.0819
1679,trace_offer,0,VLAN4012.0,0,1,2954.94
1676,receive,1,VLAN4012.1,0,0,2954.94
1679,send,5,LBNL_VLAN3002.1,1,7,25.0819
1679,send,0,VLAN4012.0,0,1,2954.94
1680,trace_offer,5,LBNL_VLAN3002.1,1,7,25.3336
1680,trace_offer,0,VLAN4012.0,0,1,2954.94
1677,receive,1,VLAN4012.1,0,0,2954.94
1677,receive,7,LBNL_VLAN3001.1,3,5,25.0819
1680,send,0,VLAN4012.0,0,1,2954.94
1680,send,5,LBNL_VLAN3002.1,1,7,25.3336
1681,trace_offer,5,LBNL_VLAN3002.1,1,7,25.3336
1681,trace_offer,0,VLAN4012.0,0,1,2954.94
1678,receive,7,LBNL_VLAN3001.1,3,5,50.1639
1681,send,5,LBNL_VLAN3002.1,1,7,25.3336
1681,send,0,VLAN4012.0,0,1,2954.94
1682,trace_offer,0,VLAN4012.0,0,1,2954.94
1682,trace_offer,5,LBNL_VLAN3002.1,1,7,25.3336
1679,receive,1,VLAN4012.1,0,0,2954.94
1679,receive,7,LBNL_VLAN3001.1,3,5,25.0819
1682,send,5,LBNL_VLAN3002.1,1,7,25.3336
1682,send,0,VLAN4012.0,0,1,2954.94
1683,trace_offer,5,LBNL_VLAN3002.1,1,7,25.3336
1683,trace_offer,0,VLAN4012.0,0,1,2954.94
1680,receive,1,VLAN4012.1,0,0,2954.94
1680,receive,1,VLAN4012.1,0,0,2954.94
1683,send,0,VLAN4012.0,0,1,2954.94
1683,send,5,LBNL_VLAN3002.1,1,7,25.3336
1684,trace_offer,0,VLAN4012.0,0,1,2954.94
1684,trace_offer,5,LBNL_VLAN3002.1,1,7,25.3336
1681,receive,7,LBNL_VLAN3001.1,3,5,25.3336
1684,send,5,LBNL_VLAN3002.1,1,7,25.3336
1684,send,0,VLAN4012.0,0,1,2954.94
1685,trace_offer,5,LBNL_VLAN3002.1,1,7,25.3336
1685,trace_offer,0,VLAN4012.0,0,1,2954.94
1682,receive,7,LBNL_VLAN3001.1,3,5,25.3336
1682,receive,1,VLAN4012.1,0,0,2954.94
1682,receive,1,VLAN4012.1,0,0,2954.94
1685,send,0,VLAN4012.0,0,1,2954.94
1685,send,5,LBNL_VLAN3002.1,1,7,25.3336
1686,trace_offer,5,LBNL_VLAN3002.1,1,7,25.3336
1686,trace_offer,0,VLAN4012.0,0,1,2954.94
1683,receive,7,LBNL_VLAN3001.1,3,5,50.6672
1686,send,0,VLAN4012.0,0,1,2954.94
1686,send,5,LBNL_VLAN3002.1,1,7,25.3336
1687,trace_offer,5,LBNL_VLAN3002.1,1,7,25.3336
1687,trace_offer,0,VLAN4012.0,0,1,2954.94
1684,receive,1,VLAN4012.1,0,0,2954.94
1684,receive,7,LBNL_VLAN3001.1,3,5,25.3336
1684,receive,1,VLAN4012.1,0,0,2954.94
1687,send,0,VLAN4012.0,0,1,2954.94
1687,send,5,LBNL_VLAN3002.1,1,7,25.3336
1688,trace_offer,0,VLAN4012.0,0,1,2954.94
1688,trace_offer,5,LBNL_VLAN3002.1,1,7,25.3336
1688,send,5,LBNL_VLAN3002.1,1,7,25.3336
1688,send,0,VLAN4012.0,0,1,2954.94
1689,trace_offer,0,VLAN4012.0,0,1,2954.94
1689,trace_offer,5,LBNL_VLAN3002.1,1,7,25.3336
1686,receive,1,VLAN4012.1,0,0,2954.94
1686,receive,7,LBNL_VLAN3001.1,3,5,50.6672
1689,send,5,LBNL_VLAN3002.1,1,7,25.3336
1689,send,0,VLAN4012.0,0,1,2954.94
1690,trace_offer,0,VLAN4012.0,0,1,2963.53
1690,trace_offer,5,LBNL_VLAN3002.1,1,7,31.5412
1687,receive,1,VLAN4012.1,0,0,2954.94
1687,receive,1,VLAN4012.1,0,0,2954.94
1687,receive,7,LBNL_VLAN3001.1,3,5,25.3336
1690,send,0,VLAN4012.0,0,1,2963.53
1690,send,5,LBNL_VLAN3002.1,1,7,31.5412
1691,trace_offer,0,VLAN4012.0,0,1,2963.53
1691,trace_offer,5,LBNL_VLAN3002.1,1,7,31.5412
1688,receive,1,VLAN4012.1,0,0,2963.53
1688,receive,7,LBNL_VLAN3001.1,3,5,25.3336
1691,send,5,LBNL_VLAN3002.1,1,7,31.5412
1691,send,0,VLAN4012.0,0,1,2963.53
1692,trace_offer,0,VLAN4012.0,0,1,2963.53
1692,trace_offer,5,LBNL_VLAN3002.1,1,7,31.5412
1689,receive,7,LBNL_VLAN3001.1,3,5,25.3336
1692,send,5,LBNL_VLAN3002.1,1,7,31.5412
1692,send,0,VLAN4012.0,0,1,2963.53
1693,trace_offer,0,VLAN4012.0,0,1,2963.53
1693,trace_offer,5,LBNL_VLAN3002.1,1,7,31.5412
1690,receive,1,VLAN4012.1,0,0,2963.53
1690,receive,7,LBNL_VLAN3001.1,3,5,31.5412
1693,send,0,VLAN4012.0,0,1,2963.53
1693,send,5,LBNL_VLAN3002.1,1,7,31.5412
1694,trace_offer,0,VLAN4012.0,0,1,2963.53
1694,trace_offer,5,LBNL_VLAN3002.1,1,7,31.5412
1691,receive,7,LBNL_VLAN3001.1,3,5,31.5412
1691,receive,1,VLAN4012.1,0,0,2963.53
1694,send,0,VLAN4012.0,0,1,2963.53
1694,send,5,LBNL_VLAN3002.1,1,7,31.5412
1695,trace_offer,5,LBNL_VLAN3002.1,1,7,31.5412
1695,trace_offer,0,VLAN4012.0,0,1,2963.53
1692,receive,7,LBNL_VLAN3001.1,3,5,31.5412
1692,receive,1,VLAN4012.1,0,0,2963.53
1692,receive,1,VLAN4012.1,0,0,2963.53
1695,send,0,VLAN4012.0,0,1,2963.53
1695,send,5,LBNL_VLAN3002.1,1,7,31.5412
1696,trace_offer,0,VLAN4012.0,0,1,2963.53
1696,trace_offer,5,LBNL_VLAN3002.1,1,7,31.5412
1693,receive,7,LBNL_VLAN3001.1,3,5,31.5412
1696,send,5,LBNL_VLAN3002.1,1,7,31.5412
1696,send,0,VLAN4012.0,0,1,2963.53
1697,trace_offer,0,VLAN4012.0,0,1,2963.53
1697,trace_offer,5,LBNL_VLAN3002.1,1,7,31.5412
1694,receive,1,VLAN4012.1,0,0,2963.53
1694,receive,7,LBNL_VLAN3001.1,3,5,31.5412
1697,send,0,VLAN4012.0,0,1,2963.53
1697,send,5,LBNL_VLAN3002.1,1,7,31.5412
1698,trace_offer,0,VLAN4012.0,0,1,2963.53
1698,trace_offer,5,LBNL_VLAN3002.1,1,7,31.5412
1695,receive,1,VLAN4012.1,0,0,2963.53
1698,send,5,LBNL_VLAN3002.1,1,7,31.5412
1698,send,0,VLAN4012.0,0,1,2963.53
1699,trace_offer,0,VLAN4012.0,0,1,2963.53
1699,trace_offer,5,LBNL_VLAN3002.1,1,7,31.5412
1696,receive,1,VLAN4012.1,0,0,2963.53
1696,receive,7,LBNL_VLAN3001.1,3,5,63.0823
1696,receive,1,VLAN4012.1,0,0,2963.53
1699,send,5,LBNL_VLAN3002.1,1,7,31.5412
1699,send,0,VLAN4012.0,0,1,2963.53
1700,trace_offer,0,VLAN4012.0,0,1,2972.12
1700,trace_offer,5,LBNL_VLAN3002.1,1,7,25.2497
1697,receive,7,LBNL_VLAN3001.1,3,5,31.5412
1697,receive,1,VLAN4012.1,0,0,2963.53
1700,send,0,VLAN4012.0,0,1,2972.12
1700,send,5,LBNL_VLAN3002.1,1,7,25.2497
1701,trace_offer,5,LBNL_VLAN3002.1,1,7,25.2497
1701,trace_offer,0,VLAN4012.0,0,1,2972.12
1698,receive,7,LBNL_VLAN3001.1,3,5,31.5412
1701,send,0,VLAN4012.0,0,1,2972.12
1701,send,5,LBNL_VLAN3002.1,1,7,25.2497
1702,trace_offer,0,VLAN4012.0,0,1,2972.12
1702,trace_offer,5,LBNL_VLAN3002.1,1,7,25.2497
1699,receive,1,VLAN4012.1,0,0,2972.12
1699,receive,7,LBNL_VLAN3001.1,3,5,31.5412
1702,send,5,LBNL_VLAN3002.1,1,7,25.2497
1702,send,0,VLAN4012.0,0,1,2972.12
1703,trace_offer,0,VLAN4012.0,0,1,2972.12
1703,trace_offer,5,LBNL_VLAN3002.1,1,7,25.2497
1700,receive,1,VLAN4012.1,0,0,2972.12
1703,send,0,VLAN4012.0,0,1,2972.12
1703,send,5,LBNL_VLAN3002.1,1,7,25.2497
1704,trace_offer,0,VLAN4012.0,0,1,2972.12
1704,trace_offer,5,LBNL_VLAN3002.1,1,7,25.2497
1701,receive,1,VLAN4012.1,0,0,2972.12
1701,receive,7,LBNL_VLAN3001.1,3,5,50.4994
1704,send,0,VLAN4012.0,0,1,2972.12
1704,send,5,LBNL_VLAN3002.1,1,7,25.2497
1705,trace_offer,5,LBNL_VLAN3002.1,1,7,25.2497
1705,trace_offer,0,VLAN4012.0,0,1,2972.12
1702,receive,1,VLAN4012.1,0,0,2972.12
1702,receive,7,LBNL_VLAN3001.1,3,5,25.2497
1702,receive,1,VLAN4012.1,0,0,2972.12
1705,send,5,LBNL_VLAN3002.1,1,7,25.2497
1705,send,0,VLAN4012.0,0,1,2972.12
1706,trace_offer,5,LBNL_VLAN3002.1,1,7,25.2497
1706,trace_offer,0,VLAN4012.0,0,1,2972.12
1706,send,5,LBNL_VLAN3002.1,1,7,25.2497
1706,send,0,VLAN4012.0,0,1,2972.12
1707,trace_offer,5,LBNL_VLAN3002.1,1,7,25.2497
1707,trace_offer,0,VLAN4012.0,0,1,2972.12
1704,receive,1,VLAN4012.1,0,0,2972.12
1704,receive,7,LBNL_VLAN3001.1,3,5,50.4994
1704,receive,1,VLAN4012.1,0,0,2972.12
1707,send,0,VLAN4012.0,0,1,2972.12
1707,send,5,LBNL_VLAN3002.1,1,7,25.2497
1708,trace_offer,0,VLAN4012.0,0,1,2972.12
1708,trace_offer,5,LBNL_VLAN3002.1,1,7,25.2497
1705,receive,1,VLAN4012.1,0,0,2972.12
1708,send,5,LBNL_VLAN3002.1,1,7,25.2497
1708,send,0,VLAN4012.0,0,1,2972.12
1709,trace_offer,0,VLAN4012.0,0,1,2972.12
1709,trace_offer,5,LBNL_VLAN3002.1,1,7,25.2497
1706,receive,7,LBNL_VLAN3001.1,3,5,50.4994
1706,receive,1,VLAN4012.1,0,0,2972.12
1709,send,5,LBNL_VLAN3002.1,1,7,25.2497
1709,send,0,VLAN4012.0,0,1,2972.12
1710,trace_offer,0,VLAN4012.0,0,1,2980.71
1710,trace_offer,5,LBNL_VLAN3002.1,1,7,31.7928
1707,receive,7,LBNL_VLAN3001.1,3,5,25.2497
1707,receive,1,VLAN4012.1,0,0,2972.12
1710,send,0,VLAN4012.0,0,1,2980.71
1710,send,5,LBNL_VLAN3002.1,1,7,31.7928
1711,trace_offer,0,VLAN4012.0,0,1,2980.71
1711,trace_offer,5,LBNL_VLAN3002.1,1,7,31.7928
1708,receive,7,LBNL_VLAN3001.1,3,5,25.2497
1711,send,0,VLAN4012.0,0,1,2980.71
1711,send,5,LBNL_VLAN3002.1,1,7,31.7928
1712,trace_offer,0,VLAN4012.0,0,1,2980.71
1712,trace_offer,5,LBNL_VLAN3002.1,1,7,31.7928
1709,receive,1,VLAN4012.1,0,0,2980.71
1709,receive,7,LBNL_VLAN3001.1,3,5,25.2497
1709,receive,1,VLAN4012.1,0,0,2980.71
1712,send,5,LBNL_VLAN3002.1,1,7,31.7928
1712,send,0,VLAN4012.0,0,1,2980.71
1713,trace_offer,5,LBNL_VLAN3002.1,1,7,31.7928
1713,trace_offer,0,VLAN4012.0,0,1,2980.71
1710,receive,7,LBNL_VLAN3001.1,3,5,31.7928
1713,send,0,VLAN4012.0,0,1,2980.71
1713,send,5,LBNL_VLAN3002.1,1,7,31.7928
1714,trace_offer,0,VLAN4012.0,0,1,2980.71
1714,trace_offer,5,LBNL_VLAN3002.1,1,7,31.7928
1711,receive,1,VLAN4012.1,0,0,2980.71
1714,send,5,LBNL_VLAN3002.1,1,7,31.7928
1714,send,0,VLAN4012.0,0,1,2980.71
1715,trace_offer,5,LBNL_VLAN3002.1,1,7,31.7928
1715,trace_offer,0,VLAN4012.0,0,1,2980.71
1712,receive,1,VLAN4012.1,0,0,2980.71
1712,receive,7,LBNL_VLAN3001.1,3,5,31.7928
1712,receive,1,VLAN4012.1,0,0,2980.71
1715,send,0,VLAN4012.0,0,1,2980.71
1715,send,5,LBNL_VLAN3002.1,1,7,31.7928
1716,trace_offer,0,VLAN4012.0,0,1,2980.71
1716,trace_offer,5,LBNL_VLAN3002.1,1,7,31.7928
1713,receive,7,LBNL_VLAN3001.1,3,5,31.7928
1716,send,5,LBNL_VLAN3002.1,1,7,31.7928
1716,send,0,VLAN4012.0,0,1,2980.71
1717,trace_offer,0,VLAN4012.0,0,1,2980.71
1717,trace_offer,5,LBNL_VLAN3002.1,1,7,31.7928
1714,receive,7,LBNL_VLAN3001.1,3,5,63.5856
1714,receive,1,VLAN4012.1,0,0,2980.71
1717,send,0,VLAN4012.0,0,1,2980.71
1717,send,5,LBNL_VLAN3002.1,1,7,31.7928
1718,trace_offer,0,VLAN4012.0,0,1,2980.71
1718,trace_offer,5,LBNL_VLAN3002.1,1,7,31.7928
1715,receive,1,VLAN4012.1,0,0,2980.71
1715,receive,7,LBNL_VLAN3001.1,3,5,31.7928
1718,send,5,LBNL_VLAN3002.1,1,7,31.7928
1718,send,0,VLAN4012.0,0,1,2980.71
1719,trace_offer,5,LBNL_VLAN3002.1,1,7,31.7928
1719,trace_offer,0,VLAN4012.0,0,1,2980.71
1716,receive,1,VLAN4012.1,0,0,2980.71
1716,receive,1,VLAN4012.1,0,0,2980.71
1719,send,5,LBNL_VLAN3002.1,1,7,31.7928
1719,send,0,VLAN4012.0,0,1,2980.71
1720,trace_offer,0,VLAN4012.0,0,1,2954.94
1720,trace_offer,5,LBNL_VLAN3002.1,1,7,25.3336
1717,receive,7,LBNL_VLAN3001.1,3,5,31.7928
1717,receive,1,VLAN4012.1,0,0,2980.71
1720,send,0,VLAN4012.0,0,1,2954.94
1720,send,5,LBNL_VLAN3002.1,1,7,25.3336
1721,trace_offer,5,LBNL_VLAN3002.1,1,7,25.3336
1721,trace_offer,0,VLAN4012.0,0,1,2954.94
1718,receive,7,LBNL_VLAN3001.1,3,5,31.7928
1718,receive,1,VLAN4012.1,0,0,2954.94
1721,send,5,LBNL_VLAN3002.1,1,7,25.3336
1721,send,0,VLAN4012.0,0,1,2954.94
1722,trace_offer,0,VLAN4012.0,0,1,2954.94
1722,trace_offer,5,LBNL_VLAN3002.1,1,7,25.3336
1719,receive,1,VLAN4012.1,0,0,2954.94
1719,receive,7,LBNL_VLAN3001.1,3,5,63.5856
1722,send,0,VLAN4012.0,0,1,2954.94
1722,send,5,LBNL_VLAN3002.1,1,7,25.3336
1723,trace_offer,0,VLAN4012.0,0,1,2954.94
1723,trace_offer,5,LBNL_VLAN3002.1,1,7,25.3336
1723,send,5,LBNL_VLAN3002.1,1,7,25.3336
1723,send,0,VLAN4012.0,0,1,2954.94
1724,trace_offer,5,LBNL_VLAN3002.1,1,7,25.3336
1724,trace_offer,0,VLAN4012.0,0,1,2954.94
1721,receive,1,VLAN4012.1,0,0,2954.94
1721,receive,7,LBNL_VLAN3001.1,3,5,25.3336
1721,receive,1,VLAN4012.1,0,0,2954.94
1724,send,0,VLAN4012.0,0,1,2954.94
1724,send,5,LBNL_VLAN3002.1,1,7,25.3336
1725,trace_offer,5,LBNL_VLAN3002.1,1,7,25.3336
1725,trace_offer,0,VLAN4012.0,0,1,2954.94
1722,receive,1,VLAN4012.1,0,0,2954.94
1722,receive,7,LBNL_VLAN3001.1,3,5,50.6672
1725,send,5,LBNL_VLAN3002.1,1,7,25.3336
1725,send,0,VLAN4012.0,0,1,2954.94
1726,trace_offer,5,LBNL_VLAN3002.1,1,7,25.3336
1726,trace_offer,0,VLAN4012.0,0,1,2954.94
1726,send,0,VLAN4012.0,0,1,2954.94
1726,send,5,LBNL_VLAN3002.1,1,7,25.3336
1727,trace_offer,0,VLAN4012.0,0,1,2954.94
1727,trace_offer,5,LBNL_VLAN3002.1,1,7,25.3336
1724,receive,1,VLAN4012.1,0,0,2954.94
1724,receive,7,LBNL_VLAN3001.1,3,5,50.6672
1727,send,0,VLAN4012.0,0,1,2954.94
1727,send,5,LBNL_VLAN3002.1,1,7,25.3336
1728,trace_offer,5,LBNL_VLAN3002.1,1,7,25.3336
1728,trace_offer,0,VLAN4012.0,0,1,2954.94
1725,receive,1,VLAN4012.1,0,0,2954.94
1728,send,5,LBNL_VLAN3002.1,1,7,25.3336
1728,send,0,VLAN4012.0,0,1,2954.94
1729,trace_offer,5,LBNL_VLAN3002.1,1,7,25.3336
1729,trace_offer,0,VLAN4012.0,0,1,2954.94
1726,receive,1,VLAN4012.1,0,0,2954.94
1726,receive,1,VLAN4012.1,0,0,2954.94
1726,receive,7,LBNL_VLAN3001.1,3,5,50.6672
1729,send,5,LBNL_VLAN3002.1,1,7,25.3336
1729,send,0,VLAN4012.0,0,1,2954.94
1730,trace_offer,0,VLAN4012.0,0,1,2954.94
1730,trace_offer,5,LBNL_VLAN3002.1,1,7,31.3734
1727,receive,7,LBNL_VLAN3001.1,3,5,25.3336
1727,receive,1,VLAN4012.1,0,0,2954.94
1730,send,5,LBNL_VLAN3002.1,1,7,31.3734
1730,send,0,VLAN4012.0,0,1,2954.94
1731,trace_offer,0,VLAN4012.0,0,1,2954.94
1731,trace_offer,5,LBNL_VLAN3002.1,1,7,31.3734
1728,receive,1,VLAN4012.1,0,0,2954.94
1728,receive,7,LBNL_VLAN3001.1,3,5,25.3336
1731,send,0,VLAN4012.0,0,1,2954.94
1731,send,5,LBNL_VLAN3002.1,1,7,31.3734
1732,trace_offer,0,VLAN4012.0,0,1,2954.94
1732,trace_offer,5,LBNL_VLAN3002.1,1,7,31.3734
1729,receive,7,LBNL_VLAN3001.1,3,5,25.3336
1729,receive,1,VLAN4012.1,0,0,2954.94
1732,send,5,LBNL_VLAN3002.1,1,7,31.3734
1732,send,0,VLAN4012.0,0,1,2954.94
1733,trace_offer,5,LBNL_VLAN3002.1,1,7,31.3734
1733,trace_offer,0,VLAN4012.0,0,1,2954.94
1730,receive,1,VLAN4012.1,0,0,2954.94
1730,receive,7,LBNL_VLAN3001.1,3,5,31.3734
1733,send,0,VLAN4012.0,0,1,2954.94
1733,send,5,LBNL_VLAN3002.1,1,7,31.3734
1734,trace_offer,0,VLAN4012.0,0,1,2954.94
1734,trace_offer,5,LBNL_VLAN3002.1,1,7,31.3734
1731,receive,1,VLAN4012.1,0,0,2954.94
1734,send,5,LBNL_VLAN3002.1,1,7,31.3734
1734,send,0,VLAN4012.0,0,1,2954.94
1735,trace_offer,5,LBNL_VLAN3002.1,1,7,31.3734
1735,trace_offer,0,VLAN4012.0,0,1,2954.94
1732,receive,7,LBNL_VLAN3001.1,3,5,31.3734
1732,receive,1,VLAN4012.1,0,0,2954.94
1735,send,5,LBNL_VLAN3002.1,1,7,31.3734
1735,send,0,VLAN4012.0,0,1,2954.94
1736,trace_offer,0,VLAN4012.0,0,1,2954.94
1736,trace_offer,5,LBNL_VLAN3002.1,1,7,31.3734
1733,receive,1,VLAN4012.1,0,0,2954.94
1733,receive,7,LBNL_VLAN3001.1,3,5,62.7468
1736,send,0,VLAN4012.0,0,1,2954.94
1736,send,5,LBNL_VLAN3002.1,1,7,31.3734
1737,trace_offer,5,LBNL_VLAN3002.1,1,7,31.3734
1737,trace_offer,0,VLAN4012.0,0,1,2954.94
1734,receive,7,LBNL_VLAN3001.1,3,5,31.3734
1737,send,0,VLAN4012.0,0,1,2954.94
1737,send,5,LBNL_VLAN3002.1,1,7,31.3734
1738,trace_offer,0,VLAN4012.0,0,1,2954.94
1738,trace_offer,5,LBNL_VLAN3002.1,1,7,31.3734
1735,receive,1,VLAN4012.1,0,0,2954.94
1735,receive,7,LBNL_VLAN3001.1,3,5,31.3734
1735,receive,1,VLAN4012.1,0,0,2954.94
1738,send,5,LBNL_VLAN3002.1,1,7,31.3734
1738,send,0,VLAN4012.0,0,1,2954.94
1739,trace_offer,0,VLAN4012.0,0,1,2954.94
1739,trace_offer,5,LBNL_VLAN3002.1,1,7,31.3734
1736,receive,7,LBNL_VLAN3001.1,3,5,31.3734
1736,receive,1,VLAN4012.1,0,0,2954.94
1739,send,0,VLAN4012.0,0,1,2954.94
1739,send,5,LBNL_VLAN3002.1,1,7,31.3734
1740,trace_offer,5,LBNL_VLAN3002.1,1,7,24.9981
1740,trace_offer,0,VLAN4012.0,0,1,2946.35
1737,receive,1,VLAN4012.1,0,0,2954.94
1740,send,0,VLAN4012.0,0,1,2946.35
1740,send,5,LBNL_VLAN3002.1,1,7,24.9981
1741,trace_offer,0,VLAN4012.0,0,1,2946.35
1741,trace_offer,5,LBNL_VLAN3002.1,1,7,24.9981
1738,receive,7,LBNL_VLAN3001.1,3,5,31.3734
1741,send,5,LBNL_VLAN3002.1,1,7,24.9981
1741,send,0,VLAN4012.0,0,1,2946.35
1742,trace_offer,0,VLAN4012.0,0,1,2946.35
1742,trace_offer,5,LBNL_VLAN3002.1,1,7,24.9981
1739,receive,1,VLAN4012.1,0,0,2946.35
1739,receive,7,LBNL_VLAN3001.1,3,5,62.7468
1742,send,5,LBNL_VLAN3002.1,1,7,24.9981
1742,send,0,VLAN4012.0,0,1,2946.35
1743,trace_offer,0,VLAN4012.0,0,1,2946.35
1743,trace_offer,5,LBNL_VLAN3002.1,1,7,24.9981
1740,receive,1,VLAN4012.1,0,0,2946.35
1743,send,0,VLAN4012.0,0,1,2946.35
1743,send,5,LBNL_VLAN3002.1,1,7,24.9981
1744,trace_offer,0,VLAN4012.0,0,1,2946.35
1744,trace_offer,5,LBNL_VLAN3002.1,1,7,24.9981
1741,receive,1,VLAN4012.1,0,0,2946.35
1741,receive,1,VLAN4012.1,0,0,2946.35
1741,receive,7,LBNL_VLAN3001.1,3,5,49.9961
1744,send,0,VLAN4012.0,0,1,2946.35
1744,send,5,LBNL_VLAN3002.1,1,7,24.9981
1745,trace_offer,0,VLAN4012.0,0,1,2946.35
1745,trace_offer,5,LBNL_VLAN3002.1,1,7,24.9981
1742,receive,7,LBNL_VLAN3001.1,3,5,24.9981
1742,receive,1,VLAN4012.1,0,0,2946.35
1745,send,5,LBNL_VLAN3002.1,1,7,24.9981
1745,send,0,VLAN4012.0,0,1,2946.35
1746,trace_offer,5,LBNL_VLAN3002.1,1,7,24.9981
1746,trace_offer,0,VLAN4012.0,0,1,2946.35
1743,receive,1,VLAN4012.1,0,0,2946.35
1746,send,0,VLAN4012.0,0,1,2946.35
1746,send,5,LBNL_VLAN3002.1,1,7,24.9981
1747,trace_offer,5,LBNL_VLAN3002.1,1,7,24.9981
1747,trace_offer,0,VLAN4012.0,0,1,2946.35
1744,receive,7,LBNL_VLAN3001.1,3,5,49.9961
1747,send,0,VLAN4012.0,0,1,2946.35
1747,send,5,LBNL_VLAN3002.1,1,7,24.9981
1748,trace_offer,0,VLAN4012.0,0,1,2946.35
1748,trace_offer,5,LBNL_VLAN3002.1,1,7,24.9981
1745,receive,1,VLAN4012.1,0,0,2946.35
1748,send,5,LBNL_VLAN3002.1,1,7,24.9981
1748,send,0,VLAN4012.0,0,1,2946.35
1749,trace_offer,5,LBNL_VLAN3002.1,1,7,24.9981
1749,trace_offer,0,VLAN4012.0,0,1,2946.35
1746,receive,7,LBNL_VLAN3001.1,3,5,24.9981
1746,receive,1,VLAN4012.1,0,0,2946.35
1746,receive,1,VLAN4012.1,0,0,2946.35
1749,send,5,LBNL_VLAN3002.1,1,7,24.9981
1749,send,0,VLAN4012.0,0,1,2946.35
1750,trace_offer,5,LBNL_VLAN3002.1,1,7,31.7089
1750,trace_offer,0,VLAN4012.0,0,1,2937.76
1747,receive,7,LBNL_VLAN3001.1,3,5,49.9961
1747,receive,1,VLAN4012.1,0,0,2946.35
1750,send,0,VLAN4012.0,0,1,2937.76
1750,send,5,LBNL_VLAN3002.1,1,7,31.7089
1751,trace_offer,5,LBNL_VLAN3002.1,1,7,31.7089
1751,trace_offer,0,VLAN4012.0,0,1,2937.76
1748,receive,7,LBNL_VLAN3001.1,3,5,24.9981
1751,send,0,VLAN4012.0,0,1,2937.76
1751,send,5,LBNL_VLAN3002.1,1,7,31.7089
1752,trace_offer,5,LBNL_VLAN3002.1,1,7,31.7089
1752,trace_offer,0,VLAN4012.0,0,1,2937.76
1749,receive,1,VLAN4012.1,0,0,2937.76
1749,receive,7,LBNL_VLAN3001.1,3,5,24.9981
1749,receive,1,VLAN4012.1,0,0,2937.76
1752,send,5,LBNL_VLAN3002.1,1,7,31.7089
1752,send,0,VLAN4012.0,0,1,2937.76
1753,trace_offer,5,LBNL_VLAN3002.1,1,7,31.7089
1753,trace_offer,0,VLAN4012.0,0,1,2937.76
1750,receive,1,VLAN4012.1,0,0,2937.76
1753,send,5,LBNL_VLAN3002.1,1,7,31.7089
1753,send,0,VLAN4012.0,0,1,2937.76
1754,trace_offer,0,VLAN4012.0,0,1,2937.76
1754,trace_offer,5,LBNL_VLAN3002.1,1,7,31.7089
1751,receive,1,VLAN4012.1,0,0,2937.76
1751,receive,7,LBNL_VLAN3001.1,3,5,31.7089
1754,send,0,VLAN4012.0,0,1,2937.76
1754,send,5,LBNL_VLAN3002.1,1,7,31.7089
1755,trace_offer,5,LBNL_VLAN3002.1,1,7,31.7089
1755,trace_offer,0,VLAN4012.0,0,1,2937.76
1752,receive,1,VLAN4012.1,0,0,2937.76
1752,receive,7,LBNL_VLAN3001.1,3,5,63.4179
1755,send,5,LBNL_VLAN3002.1,1,7,31.7089
1755,send,0,VLAN4012.0,0,1,2937.76
1756,trace_offer,0,VLAN4012.0,0,1,2937.76
1756,trace_offer,5,LBNL_VLAN3002.1,1,7,31.7089
1753,receive,1,VLAN4012.1,0,0,2937.76
1756,send,5,LBNL_VLAN3002.1,1,7,31.7089
1756,send,0,VLAN4012.0,0,1,2937.76
1757,trace_offer,5,LBNL_VLAN3002.1,1,7,31.7089
1757,trace_offer,0,VLAN4012.0,0,1,2937.76
1754,receive,7,LBNL_VLAN3001.1,3,5,63.4179
1754,receive,1,VLAN4012.1,0,0,2937.76
1757,send,0,VLAN4012.0,0,1,2937.76
1757,send,5,LBNL_VLAN3002.1,1,7,31.7089
1758,trace_offer,0,VLAN4012.0,0,1,2937.76
1758,trace_offer,5,LBNL_VLAN3002.1,1,7,31.7089
1758,send,0,VLAN4012.0,0,1,2937.76
1758,send,5,LBNL_VLAN3002.1,1,7,31.7089
1759,trace_offer,5,LBNL_VLAN3002.1,1,7,31.7089
1759,trace_offer,0,VLAN4012.0,0,1,2937.76
1756,receive,7,LBNL_VLAN3001.1,3,5,63.4179
1756,receive,1,VLAN4012.1,0,0,2937.76
1759,send,0,VLAN4012.0,0,1,2937.76
1759,send,5,LBNL_VLAN3002.1,1,7,31.7089
1760,trace_offer,5,LBNL_VLAN3002.1,1,7,25.5014
1760,trace_offer,0,VLAN4012.0,0,1,2929.17
1757,receive,1,VLAN4012.1,0,0,2937.76
1757,receive,1,VLAN4012.1,0,0,2937.76
1760,send,5,LBNL_VLAN3002.1,1,7,25.5014
1760,send,0,VLAN4012.0,0,1,2929.17
1761,trace_offer,0,VLAN4012.0,0,1,2929.17
1761,trace_offer,5,LBNL_VLAN3002.1,1,7,25.5014
1758,receive,7,LBNL_VLAN3001.1,3,5,63.4179
1761,send,5,LBNL_VLAN3002.1,1,7,25.5014
1761,send,0,VLAN4012.0,0,1,2929.17
1762,trace_offer,5,LBNL_VLAN3002.1,1,7,25.5014
1762,trace_offer,0,VLAN4012.0,0,1,2929.17
1759,receive,1,VLAN4012.1,0,0,2929.17
1759,receive,7,LBNL_VLAN3001.1,3,5,31.7089
1762,send,0,VLAN4012.0,0,1,2929.17
1762,send,5,LBNL_VLAN3002.1,1,7,25.5014
1763,trace_offer,0,VLAN4012.0,0,1,2929.17
1763,trace_offer,5,LBNL_VLAN3002.1,1,7,25.5014
1760,receive,1,VLAN4012.1,0,0,2929.17
1763,send,0,VLAN4012.0,0,1,2929.17
1763,send,5,LBNL_VLAN3002.1,1,7,25.5014
1764,trace_offer,0,VLAN4012.0,0,1,2929.17
1764,trace_offer,5,LBNL_VLAN3002.1,1,7,25.5014
1761,receive,1,VLAN4012.1,0,0,2929.17
1761,receive,1,VLAN4012.1,0,0,2929.17
1761,receive,7,LBNL_VLAN3001.1,3,5,51.0027
1764,send,0,VLAN4012.0,0,1,2929.17
1764,send,5,LBNL_VLAN3002.1,1,7,25.5014
1765,trace_offer,5,LBNL_VLAN3002.1,1,7,25.5014
1765,trace_offer,0,VLAN4012.0,0,1,2929.17
1762,receive,1,VLAN4012.1,0,0,2929.17
1765,send,5,LBNL_VLAN3002.1,1,7,25.5014
1765,send,0,VLAN4012.0,0,1,2929.17
1766,trace_offer,5,LBNL_VLAN3002.1,1,7,25.5014
1766,trace_offer,0,VLAN4012.0,0,1,2929.17
1763,receive,1,VLAN4012.1,0,0,2929.17
1763,receive,7,LBNL_VLAN3001.1,3,5,25.5014
1766,send,0,VLAN4012.0,0,1,2929.17
1766,send,5,LBNL_VLAN3002.1,1,7,25.5014
1767,trace_offer,5,LBNL_VLAN3002.1,1,7,25.5014
1767,trace_offer,0,VLAN4012.0,0,1,2929.17
1764,receive,7,LBNL_VLAN3001.1,3,5,51.0027
1764,receive,1,VLAN4012.1,0,0,2929.17
1767,send,5,LBNL_VLAN3002.1,1,7,25.5014
1767,send,0,VLAN4012.0,0,1,2929.17
1768,trace_offer,5,LBNL_VLAN3002.1,1,7,25.5014
1768,trace_offer,0,VLAN4012.0,0,1,2929.17
1768,send,5,LBNL_VLAN3002.1,1,7,25.5014
1768,send,0,VLAN4012.0,0,1,2929.17
1769,trace_offer,5,LBNL_VLAN3002.1,1,7,25.5014
1769,trace_offer,0,VLAN4012.0,0,1,2929.17
1766,receive,1,VLAN4012.1,0,0,2929.17
1766,receive,7,LBNL_VLAN3001.1,3,5,51.0027
1769,send,5,LBNL_VLAN3002.1,1,7,25.5014
1769,send,0,VLAN4012.0,0,1,2929.17
1770,trace_offer,0,VLAN4012.0,0,1,2937.76
1770,trace_offer,5,LBNL_VLAN3002.1,1,7,31.1217
1767,receive,7,LBNL_VLAN3001.1,3,5,25.5014
1767,receive,1,VLAN4012.1,0,0,2929.17
1767,receive,1,VLAN4012.1,0,0,2929.17
1770,send,0,VLAN4012.0,0,1,2937.76
1770,send,5,LBNL_VLAN3002.1,1,7,31.1217
1771,trace_offer,0,VLAN4012.0,0,1,2937.76
1771,trace_offer,5,LBNL_VLAN3002.1,1,7,31.1217
1768,receive,7,LBNL_VLAN3001.1,3,5,25.5014
1771,send,5,LBNL_VLAN3002.1,1,7,31.1217
1771,send,0,VLAN4012.0,0,1,2937.76
1772,trace_offer,5,LBNL_VLAN3002.1,1,7,31.1217
1772,trace_offer,0,VLAN4012.0,0,1,2937.76
1769,receive,7,LBNL_VLAN3001.1,3,5,25.5014
1769,receive,1,VLAN4012.1,0,0,2937.76
1769,receive,1,VLAN4012.1,0,0,2937.76
1772,send,5,LBNL_VLAN3002.1,1,7,31.1217
1772,send,0,VLAN4012.0,0,1,2937.76
1773,trace_offer,5,LBNL_VLAN3002.1,1,7,31.1217
1773,trace_offer,0,VLAN4012.0,0,1,2937.76
1770,receive,1,VLAN4012.1,0,0,2937.76
1773,send,5,LBNL_VLAN3002.1,1,7,31.1217
1773,send,0,VLAN4012.0,0,1,2937.76
1774,trace_offer,0,VLAN4012.0,0,1,2937.76
1774,trace_offer,5,LBNL_VLAN3002.1,1,7,31.1217
1771,receive,7,LBNL_VLAN3001.1,3,5,31.1217
1774,send,5,LBNL_VLAN3002.1,1,7,31.1217
1774,send,0,VLAN4012.0,0,1,2937.76
1775,trace_offer,5,LBNL_VLAN3002.1,1,7,31.1217
1775,trace_offer,0,VLAN4012.0,0,1,2937.76
1772,receive,1,VLAN4012.1,0,0,2937.76
1772,receive,7,LBNL_VLAN3001.1,3,5,62.2435
1772,receive,1,VLAN4012.1,0,0,2937.76
1775,send,0,VLAN4012.0,0,1,2937.76
1775,send,5,LBNL_VLAN3002.1,1,7,31.1217
1776,trace_offer,5,LBNL_VLAN3002.1,1,7,31.1217
1776,trace_offer,0,VLAN4012.0,0,1,2937.76
1773,receive,1,VLAN4012.1,0,0,2937.76
1776,send,0,VLAN4012.0,0,1,2937.76
1776,send,5,LBNL_VLAN3002.1,1,7,31.1217
1777,trace_offer,0,VLAN4012.0,0,1,2937.76
1777,trace_offer,5,LBNL_VLAN3002.1,1,7,31.1217
1774,receive,1,VLAN4012.1,0,0,2937.76
1774,receive,7,LBNL_VLAN3001.1,3,5,62.2435
1777,send,0,VLAN4012.0,0,1,2937.76
1777,send,5,LBNL_VLAN3002.1,1,7,31.1217
1778,trace_offer,0,VLAN4012.0,0,1,2937.76
1778,trace_offer,5,LBNL_VLAN3002.1,1,7,31.1217
1775,receive,7,LBNL_VLAN3001.1,3,5,31.1217
1775,receive,1,VLAN4012.1,0,0,2937.76
1778,send,5,LBNL_VLAN3002.1,1,7,31.1217
1778,send,0,VLAN4012.0,0,1,2937.76
1779,trace_offer,5,LBNL_VLAN3002.1,1,7,31.1217
1779,trace_offer,0,VLAN4012.0,0,1,2937.76
1776,receive,1,VLAN4012.1,0,0,2937.76
1779,send,5,LBNL_VLAN3002.1,1,7,31.1217
1779,send,0,VLAN4012.0,0,1,2937.76
1780,trace_offer,0,VLAN4012.0,0,1,2954.94
1780,trace_offer,5,LBNL_VLAN3002.1,1,7,25.3336
1777,receive,7,LBNL_VLAN3001.1,3,5,62.2435
1777,receive,1,VLAN4012.1,0,0,2937.76
1780,send,5,LBNL_VLAN3002.1,1,7,25.3336
1780,send,0,VLAN4012.0,0,1,2954.94
1781,trace_offer,5,LBNL_VLAN3002.1,1,7,25.3336
1781,trace_offer,0,VLAN4012.0,0,1,2954.94
1778,receive,7,LBNL_VLAN3001.1,3,5,31.1217
1778,receive,1,VLAN4012.1,0,0,2954.94
1781,send,0,VLAN4012.0,0,1,2954.94
1781,send,5,LBNL_VLAN3002.1,1,7,25.3336
1782,trace_offer,5,LBNL_VLAN3002.1,1,7,25.3336
1782,trace_offer,0,VLAN4012.0,0,1,2954.94
1779,receive,1,VLAN4012.1,0,0,2954.94
1779,receive,7,LBNL_VLAN3001.1,3,5,31.1217
1782,send,5,LBNL_VLAN3002.1,1,7,25.3336
1782,send,0,VLAN4012.0,0,1,2954.94
1783,trace_offer,5,LBNL_VLAN3002.1,1,7,25.3336
1783,trace_offer,0,VLAN4012.0,0,1,2954.94
1783,send,5,LBNL_VLAN3002.1,1,7,25.3336
1783,send,0,VLAN4012.0,0,1,2954.94
1784,trace_offer,5,LBNL_VLAN3002.1,1,7,25.3336
1784,trace_offer,0,VLAN4012.0,0,1,2954.94
1781,receive,1,VLAN4012.1,0,0,2954.94
1781,receive,7,LBNL_VLAN3001.1,3,5,50.6672
1781,receive,1,VLAN4012.1,0,0,2954.94
1784,send,0,VLAN4012.0,0,1,2954.94
1784,send,5,LBNL_VLAN3002.1,1,7,25.3336
1785,trace_offer,5,LBNL_VLAN3002.1,1,7,25.3336
1785,trace_offer,0,VLAN4012.0,0,1,2954.94
1782,receive,7,LBNL_VLAN3001.1,3,5,25.3336
1782,receive,1,VLAN4012.1,0,0,2954.94
1785,send,0,VLAN4012.0,0,1,2954.94
1785,send,5,LBNL_VLAN3002.1,1,7,25.3336
1786,trace_offer,5,LBNL_VLAN3002.1,1,7,25.3336
1786,trace_offer,0,VLAN4012.0,0,1,2954.94
1786,send,0,VLAN4012.0,0,1,2954.94
1786,send,5,LBNL_VLAN3002.1,1,7,25.3336
1787,trace_offer,0,VLAN4012.0,0,1,2954.94
1787,trace_offer,5,LBNL_VLAN3002.1,1,7,25.3336
1784,receive,1,VLAN4012.1,0,0,2954.94
1784,receive,1,VLAN4012.1,0,0,2954.94
1784,receive,7,LBNL_VLAN3001.1,3,5,50.6672
1787,send,5,LBNL_VLAN3002.1,1,7,25.3336
1787,send,0,VLAN4012.0,0,1,2954.94
1788,trace_offer,0,VLAN4012.0,0,1,2954.94
1788,trace_offer,5,LBNL_VLAN3002.1,1,7,25.3336
1788,send,0,VLAN4012.0,0,1,2954.94
1788,send,5,LBNL_VLAN3002.1,1,7,25.3336
1789,trace_offer,0,VLAN4012.0,0,1,2954.94
1789,trace_offer,5,LBNL_VLAN3002.1,1,7,25.3336
1786,receive,1,VLAN4012.1,0,0,2954.94
1786,receive,1,VLAN4012.1,0,0,2954.94
1786,receive,7,LBNL_VLAN3001.1,3,5,50.6672
1789,send,0,VLAN4012.0,0,1,2954.94
1789,send,5,LBNL_VLAN3002.1,1,7,25.3336
1790,trace_offer,0,VLAN4012.0,0,1,2963.53
1790,trace_offer,5,LBNL_VLAN3002.1,1,7,31.7928
1787,receive,7,LBNL_VLAN3001.1,3,5,25.3336
1787,receive,1,VLAN4012.1,0,0,2954.94
1790,send,5,LBNL_VLAN3002.1,1,7,31.7928
1790,send,0,VLAN4012.0,0,1,2963.53
1791,trace_offer,5,LBNL_VLAN3002.1,1,7,31.7928
1791,trace_offer,0,VLAN4012.0,0,1,2963.53
1788,receive,7,LBNL_VLAN3001.1,3,5,25.3336
1791,send,0,VLAN4012.0,0,1,2963.53
1791,send,5,LBNL_VLAN3002.1,1,7,31.7928
1792,trace_offer,0,VLAN4012.0,0,1,2963.53
1792,trace_offer,5,LBNL_VLAN3002.1,1,7,31.7928
1789,receive,1,VLAN4012.1,0,0,2963.53
1789,receive,1,VLAN4012.1,0,0,2963.53
1789,receive,7,LBNL_VLAN3001.1,3,5,25.3336
1792,send,0,VLAN4012.0,0,1,2963.53
1792,send,5,LBNL_VLAN3002.1,1,7,31.7928
1793,trace_offer,5,LBNL_VLAN3002.1,1,7,31.7928
1793,trace_offer,0,VLAN4012.0,0,1,2963.53
1790,receive,7,LBNL_VLAN3001.1,3,5,31.7928
1793,send,0,VLAN4012.0,0,1,2963.53
1793,send,5,LBNL_VLAN3002.1,1,7,31.7928
1794,trace_offer,5,LBNL_VLAN3002.1,1,7,31.7928
1794,trace_offer,0,VLAN4012.0,0,1,2963.53
1791,receive,1,VLAN4012.1,0,0,2963.53
1794,send,5,LBNL_VLAN3002.1,1,7,31.7928
1794,send,0,VLAN4012.0,0,1,2963.53
1795,trace_offer,5,LBNL_VLAN3002.1,1,7,31.7928
1795,trace_offer,0,VLAN4012.0,0,1,2963.53
1792,receive,1,VLAN4012.1,0,0,2963.53
1792,receive,7,LBNL_VLAN3001.1,3,5,31.7928
1792,receive,1,VLAN4012.1,0,0,2963.53
1795,send,5,LBNL_VLAN3002.1,1,7,31.7928
1795,send,0,VLAN4012.0,0,1,2963.53
1796,trace_offer,0,VLAN4012.0,0,1,2963.53
1796,trace_offer,5,LBNL_VLAN3002.1,1,7,31.7928
1793,receive,7,LBNL_VLAN3001.1,3,5,63.5856
1793,receive,1,VLAN4012.1,0,0,2963.53
1796,send,5,LBNL_VLAN3002.1,1,7,31.7928
1796,send,0,VLAN4012.0,0,1,2963.53
1797,trace_offer,5,LBNL_VLAN3002.1,1,7,31.7928
1797,trace_offer,0,VLAN4012.0,0,1,2963.53
1794,receive,1,VLAN4012.1,0,0,2963.53
1794,receive,7,LBNL_VLAN3001.1,3,5,31.7928
1797,send,0,VLAN4012.0,0,1,2963.53
1797,send,5,LBNL_VLAN3002.1,1,7,31.7928
1798,trace_offer,5,LBNL_VLAN3002.1,1,7,31.7928
1798,trace_offer,0,VLAN4012.0,0,1,2963.53
1795,receive,7,LBNL_VLAN3001.1,3,5,31.7928
1798,send,0,VLAN4012.0,0,1,2963.53
1798,send,5,LBNL_VLAN3002.1,1,7,31.7928
1799,trace_offer,0,VLAN4012.0,0,1,2963.53
1799,trace_offer,5,LBNL_VLAN3002.1,1,7,31.7928
1796,receive,1,VLAN4012.1,0,0,2963.53
1796,receive,1,VLAN4012.1,0,0,2963.53
1799,send,0,VLAN4012.0,0,1,2963.53
1799,send,5,LBNL_VLAN3002.1,1,7,31.7928
1800,trace_offer,0,VLAN4012.0,0,1,2946.35
1800,trace_offer,5,LBNL_VLAN3002.1,1,7,25.1658
1797,receive,1,VLAN4012.1,0,0,2963.53
1797,receive,7,LBNL_VLAN3001.1,3,5,31.7928
1800,send,5,LBNL_VLAN3002.1,1,7,25.1658
1800,send,0,VLAN4012.0,0,1,2946.35
1801,trace_offer,5,LBNL_VLAN3002.1,1,7,25.1658
1801,trace_offer,0,VLAN4012.0,0,1,2946.35
1798,receive,7,LBNL_VLAN3001.1,3,5,31.7928
1801,send,0,VLAN4012.0,0,1,2946.35
1801,send,5,LBNL_VLAN3002.1,1,7,25.1658
1802,trace_offer,0,VLAN4012.0,0,1,2946.35
1802,trace_offer,5,LBNL_VLAN3002.1,1,7,25.1658
1799,receive,1,VLAN4012.1,0,0,2946.35
1799,receive,7,LBNL_VLAN3001.1,3,5,63.5856
1802,send,5,LBNL_VLAN3002.1,1,7,25.1658
1802,send,0,VLAN4012.0,0,1,2946.35
1803,trace_offer,0,VLAN4012.0,0,1,2946.35
1803,trace_offer,5,LBNL_VLAN3002.1,1,7,25.1658
1800,receive,1,VLAN4012.1,0,0,2946.35
1800,receive,1,VLAN4012.1,0,0,2946.35
1803,send,5,LBNL_VLAN3002.1,1,7,25.1658
1803,send,0,VLAN4012.0,0,1,2946.35
1804,trace_offer,0,VLAN4012.0,0,1,2946.35
1804,trace_offer,5,LBNL_VLAN3002.1,1,7,25.1658
1801,receive,7,LBNL_VLAN3001.1,3,5,25.1658
1801,receive,1,VLAN4012.1,0,0,2946.35
1804,send,0,VLAN4012.0,0,1,2946.35
1804,send,5,LBNL_VLAN3002.1,1,7,25.1658
1805,trace_offer,5,LBNL_VLAN3002.1,1,7,25.1658
1805,trace_offer,0,VLAN4012.0,0,1,2946.35
1802,receive,7,LBNL_VLAN3001.1,3,5,50.3316
1802,receive,1,VLAN4012.1,0,0,2946.35
1805,send,5,LBNL_VLAN3002.1,1,7,25.1658
1805,send,0,VLAN4012.0,0,1,2946.35
1806,trace_offer,5,LBNL_VLAN3002.1,1,7,25.1658
1806,trace_offer,0,VLAN4012.0,0,1,2946.35
1803,receive,7,LBNL_VLAN3001.1,3,5,25.1658
1803,receive,1,VLAN4012.1,0,0,2946.35
1806,send,0,VLAN4012.0,0,1,2946.35
1806,send,5,LBNL_VLAN3002.1,1,7,25.1658
1807,trace_offer,5,LBNL_VLAN3002.1,1,7,25.1658
1807,trace_offer,0,VLAN4012.0,0,1,2946.35
1804,receive,7,LBNL_VLAN3001.1,3,5,25.1658
1807,send,5,LBNL_VLAN3002.1,1,7,25.1658
1807,send,0,VLAN4012.0,0,1,2946.35
1808,trace_offer,5,LBNL_VLAN3002.1,1,7,25.1658
1808,trace_offer,0,VLAN4012.0,0,1,2946.35
1805,receive,1,VLAN4012.1,0,0,2946.35
1805,receive,7,LBNL_VLAN3001.1,3,5,25.1658
1808,send,0,VLAN4012.0,0,1,2946.35
1808,send,5,LBNL_VLAN3002.1,1,7,25.1658
1809,trace_offer,0,VLAN4012.0,0,1,2946.35
1809,trace_offer,5,LBNL_VLAN3002.1,1,7,25.1658
1806,receive,1,VLAN4012.1,0,0,2946.35
1809,send,5,LBNL_VLAN3002.1,1,7,25.1658
1809,send,0,VLAN4012.0,0,1,2946.35
1810,trace_offer,0,VLAN4012.0,0,1,2937.76
1810,trace_offer,5,LBNL_VLAN3002.1,1,7,31.7089
1807,receive,1,VLAN4012.1,0,0,2946.35
1807,receive,1,VLAN4012.1,0,0,2946.35
1807,receive,7,LBNL_VLAN3001.1,3,5,25.1658
1810,send,0,VLAN4012.0,0,1,2937.76
1810,send,5,LBNL_VLAN3002.1,1,7,31.7089
1811,trace_offer,0,VLAN4012.0,0,1,2937.76
1811,trace_offer,5,LBNL_VLAN3002.1,1,7,31.7089
1808,receive,7,LBNL_VLAN3001.1,3,5,50.3316
1808,receive,1,VLAN4012.1,0,0,2937.76
1811,send,5,LBNL_VLAN3002.1,1,7,31.7089
1811,send,0,VLAN4012.0,0,1,2937.76
1812,trace_offer,5,LBNL_VLAN3002.1,1,7,31.7089
1812,trace_offer,0,VLAN4012.0,0,1,2937.76
1809,receive,7,LBNL_VLAN3001.1,3,5,25.1658
1812,send,5,LBNL_VLAN3002.1,1,7,31.7089
1812,send,0,VLAN4012.0,0,1,2937.76
1813,trace_offer,0,VLAN4012.0,0,1,2937.76
1813,trace_offer,5,LBNL_VLAN3002.1,1,7,31.7089
1810,receive,7,LBNL_VLAN3001.1,3,5,31.7089
1810,receive,1,VLAN4012.1,0,0,2937.76
1813,send,5,LBNL_VLAN3002.1,1,7,31.7089
1813,send,0,VLAN4012.0,0,1,2937.76
1814,trace_offer,0,VLAN4012.0,0,1,2937.76
1814,trace_offer,5,LBNL_VLAN3002.1,1,7,31.7089
1811,receive,7,LBNL_VLAN3001.1,3,5,31.7089
1811,receive,1,VLAN4012.1,0,0,2937.76
1811,receive,1,VLAN4012.1,0,0,2937.76
1814,send,0,VLAN4012.0,0,1,2937.76
1814,send,5,LBNL_VLAN3002.1,1,7,31.7089
1815,trace_offer,0,VLAN4012.0,0,1,2937.76
1815,trace_offer,5,LBNL_VLAN3002.1,1,7,31.7089
1812,receive,1,VLAN4012.1,0,0,2937.76
1815,send,5,LBNL_VLAN3002.1,1,7,31.7089
1815,send,0,VLAN4012.0,0,1,2937.76
1816,trace_offer,0,VLAN4012.0,0,1,2937.76
1816,trace_offer,5,LBNL_VLAN3002.1,1,7,31.7089
1813,receive,7,LBNL_VLAN3001.1,3,5,63.4179
1816,send,0,VLAN4012.0,0,1,2937.76
1816,send,5,LBNL_VLAN3002.1,1,7,31.7089
1817,trace_offer,0,VLAN4012.0,0,1,2937.76
1817,trace_offer,5,LBNL_VLAN3002.1,1,7,31.7089
1814,receive,7,LBNL_VLAN3001.1,3,5,31.7089
1814,receive,1,VLAN4012.1,0,0,2937.76
1814,receive,1,VLAN4012.1,0,0,2937.76
1817,send,5,LBNL_VLAN3002.1,1,7,31.7089
1817,send,0,VLAN4012.0,0,1,2937.76
1818,trace_offer,0,VLAN4012.0,0,1,2937.76
1818,trace_offer,5,LBNL_VLAN3002.1,1,7,31.7089
1815,receive,1,VLAN4012.1,0,0,2937.76
1818,send,0,VLAN4012.0,0,1,2937.76
1818,send,5,LBNL_VLAN3002.1,1,7,31.7089
1819,trace_offer,5,LBNL_VLAN3002.1,1,7,31.7089
1819,trace_offer,0,VLAN4012.0,0,1,2937.76
1816,receive,7,LBNL_VLAN3001.1,3,5,63.4179
1819,send,0,VLAN4012.0,0,1,2937.76
1819,send,5,LBNL_VLAN3002.1,1,7,31.7089
1820,trace_offer,0,VLAN4012.0,0,1,2937.76
1820,trace_offer,5,LBNL_VLAN3002.1,1,7,25.2497
1817,receive,1,VLAN4012.1,0,0,2937.76
1817,receive,1,VLAN4012.1,0,0,2937.76
1817,receive,7,LBNL_VLAN3001.1,3,5,31.7089
1820,send,5,LBNL_VLAN3002.1,1,7,25.2497
1820,send,0,VLAN4012.0,0,1,2937.76
1821,trace_offer,0,VLAN4012.0,0,1,2937.76
1821,trace_offer,5,LBNL_VLAN3002.1,1,7,25.2497
1818,receive,1,VLAN4012.1,0,0,2937.76
1818,receive,7,LBNL_VLAN3001.1,3,5,31.7089
1821,send,5,LBNL_VLAN3002.1,1,7,25.2497
1821,send,0,VLAN4012.0,0,1,2937.76
1822,trace_offer,0,VLAN4012.0,0,1,2937.76
1822,trace_offer,5,LBNL_VLAN3002.1,1,7,25.2497
1819,receive,7,LBNL_VLAN3001.1,3,5,31.7089
1822,send,5,LBNL_VLAN3002.1,1,7,25.2497
1822,send,0,VLAN4012.0,0,1,2937.76
1823,trace_offer,0,VLAN4012.0,0,1,2937.76
1823,trace_offer,5,LBNL_VLAN3002.1,1,7,25.2497
1820,receive,7,LBNL_VLAN3001.1,3,5,25.2497
1820,receive,1,VLAN4012.1,0,0,2937.76
1823,send,0,VLAN4012.0,0,1,2937.76
1823,send,5,LBNL_VLAN3002.1,1,7,25.2497
1824,trace_offer,0,VLAN4012.0,0,1,2937.76
1824,trace_offer,5,LBNL_VLAN3002.1,1,7,25.2497
1821,receive,1,VLAN4012.1,0,0,2937.76
1824,send,0,VLAN4012.0,0,1,2937.76
1824,send,5,LBNL_VLAN3002.1,1,7,25.2497
1825,trace_offer,5,LBNL_VLAN3002.1,1,7,25.2497
1825,trace_offer,0,VLAN4012.0,0,1,2937.76
1822,receive,7,LBNL_VLAN3001.1,3,5,50.4994
1822,receive,1,VLAN4012.1,0,0,2937.76
1822,receive,1,VLAN4012.1,0,0,2937.76
1825,send,0,VLAN4012.0,0,1,2937.76
1825,send,5,LBNL_VLAN3002.1,1,7,25.2497
1826,trace_offer,5,LBNL_VLAN3002.1,1,7,25.2497
1826,trace_offer,0,VLAN4012.0,0,1,2937.76
1826,send,5,LBNL_VLAN3002.1,1,7,25.2497
1826,send,0,VLAN4012.0,0,1,2937.76
1827,trace_offer,0,VLAN4012.0,0,1,2937.76
1827,trace_offer,5,LBNL_VLAN3002.1,1,7,25.2497
1824,receive,1,VLAN4012.1,0,0,2937.76
1824,receive,7,LBNL_VLAN3001.1,3,5,50.4994
1827,send,0,VLAN4012.0,0,1,2937.76
1827,send,5,LBNL_VLAN3002.1,1,7,25.2497
1828,trace_offer,5,LBNL_VLAN3002.1,1,7,25.2497
1828,trace_offer,0,VLAN4012.0,0,1,2937.76
1825,receive,7,LBNL_VLAN3001.1,3,5,25.2497
1825,receive,1,VLAN4012.1,0,0,2937.76
1828,send,0,VLAN4012.0,0,1,2937.76
1828,send,5,LBNL_VLAN3002.1,1,7,25.2497
1829,trace_offer,5,LBNL_VLAN3002.1,1,7,25.2497
1829,trace_offer,0,VLAN4012.0,0,1,2937.76
1826,receive,1,VLAN4012.1,0,0,2937.76
1826,receive,1,VLAN4012.1,0,0,2937.76
1829,send,0,VLAN4012.0,0,1,2937.76
1829,send,5,LBNL_VLAN3002.1,1,7,25.2497
1830,trace_offer,5,LBNL_VLAN3002.1,1,7,25.1658
1830,trace_offer,0,VLAN4012.0,0,1,2937.76
1827,receive,7,LBNL_VLAN3001.1,3,5,50.4994
1827,receive,1,VLAN4012.1,0,0,2937.76
1830,send,5,LBNL_VLAN3002.1,1,7,25.1658
1830,send,0,VLAN4012.0,0,1,2937.76
1831,trace_offer,5,LBNL_VLAN3002.1,1,7,25.1658
1831,trace_offer,0,VLAN4012.0,0,1,2937.76
1828,receive,7,LBNL_VLAN3001.1,3,5,25.2497
1831,send,0,VLAN4012.0,0,1,2937.76
1831,send,5,LBNL_VLAN3002.1,1,7,25.1658
1832,trace_offer,0,VLAN4012.0,0,1,2937.76
1832,trace_offer,5,LBNL_VLAN3002.1,1,7,25.1658
1829,receive,7,LBNL_VLAN3001.1,3,5,25.2497
1829,receive,1,VLAN4012.1,0,0,2937.76
1832,send,0,VLAN4012.0,0,1,2937.76
1832,send,5,LBNL_VLAN3002.1,1,7,25.1658
1833,trace_offer,5,LBNL_VLAN3002.1,1,7,25.1658
1833,trace_offer,0,VLAN4012.0,0,1,2937.76
1830,receive,1,VLAN4012.1,0,0,2937.76
1830,receive,1,VLAN4012.1,0,0,2937.76
1833,send,0,VLAN4012.0,0,1,2937.76
1833,send,5,LBNL_VLAN3002.1,1,7,25.1658
1834,trace_offer,0,VLAN4012.0,0,1,2937.76
1834,trace_offer,5,LBNL_VLAN3002.1,1,7,25.1658
1831,receive,7,LBNL_VLAN3001.1,3,5,50.3316
1834,send,0,VLAN4012.0,0,1,2937.76
1834,send,5,LBNL_VLAN3002.1,1,7,25.1658
1835,trace_offer,0,VLAN4012.0,0,1,2937.76
1835,trace_offer,5,LBNL_VLAN3002.1,1,7,25.1658
1832,receive,1,VLAN4012.1,0,0,2937.76
1832,receive,1,VLAN4012.1,0,0,2937.76
1835,send,5,LBNL_VLAN3002.1,1,7,25.1658
1835,send,0,VLAN4012.0,0,1,2937.76
1836,trace_offer,0,VLAN4012.0,0,1,2937.76
1836,trace_offer,5,LBNL_VLAN3002.1,1,7,25.1658
1833,receive,1,VLAN4012.1,0,0,2937.76
1833,receive,7,LBNL_VLAN3001.1,3,5,25.1658
1836,send,5,LBNL_VLAN3002.1,1,7,25.1658
1836,send,0,VLAN4012.0,0,1,2937.76
1837,trace_offer,0,VLAN4012.0,0,1,2937.76
1837,trace_offer,5,LBNL_VLAN3002.1,1,7,25.1658
1834,receive,1,VLAN4012.1,0,0,2937.76
1834,receive,7,LBNL_VLAN3001.1,3,5,50.3316
1837,send,0,VLAN4012.0,0,1,2937.76
1837,send,5,LBNL_VLAN3002.1,1,7,25.1658
1838,trace_offer,0,VLAN4012.0,0,1,2937.76
1838,trace_offer,5,LBNL_VLAN3002.1,1,7,25.1658
1835,receive,7,LBNL_VLAN3001.1,3,5,25.1658
1838,send,0,VLAN4012.0,0,1,2937.76
1838,send,5,LBNL_VLAN3002.1,1,7,25.1658
1839,trace_offer,0,VLAN4012.0,0,1,2937.76
1839,trace_offer,5,LBNL_VLAN3002.1,1,7,25.1658
1836,receive,1,VLAN4012.1,0,0,2937.76
1836,receive,1,VLAN4012.1,0,0,2937.76
1839,send,0,VLAN4012.0,0,1,2937.76
1839,send,5,LBNL_VLAN3002.1,1,7,25.1658
1840,trace_offer,0,VLAN4012.0,0,1,2954.94
1840,trace_offer,5,LBNL_VLAN3002.1,1,7,31.2056
1837,receive,1,VLAN4012.1,0,0,2937.76
1837,receive,7,LBNL_VLAN3001.1,3,5,50.3316
1840,send,5,LBNL_VLAN3002.1,1,7,31.2056
1840,send,0,VLAN4012.0,0,1,2954.94
1841,trace_offer,0,VLAN4012.0,0,1,2954.94
1841,trace_offer,5,LBNL_VLAN3002.1,1,7,31.2056
1841,send,0,VLAN4012.0,0,1,2954.94
1841,send,5,LBNL_VLAN3002.1,1,7,31.2056
1842,trace_offer,0,VLAN4012.0,0,1,2954.94
1842,trace_offer,5,LBNL_VLAN3002.1,1,7,31.2056
1839,receive,1,VLAN4012.1,0,0,2954.94
1839,receive,7,LBNL_VLAN3001.1,3,5,50.3316
1839,receive,1,VLAN4012.1,0,0,2954.94
1842,send,5,LBNL_VLAN3002.1,1,7,31.2056
1842,send,0,VLAN4012.0,0,1,2954.94
1843,trace_offer,0,VLAN4012.0,0,1,2954.94
1843,trace_offer,5,LBNL_VLAN3002.1,1,7,31.2056
1840,receive,7,LBNL_VLAN3001.1,3,5,31.2056
1843,send,5,LBNL_VLAN3002.1,1,7,31.2056
1843,send,0,VLAN4012.0,0,1,2954.94
1844,trace_offer,0,VLAN4012.0,0,1,2954.94
1844,trace_offer,5,LBNL_VLAN3002.1,1,7,31.2056
1841,receive,1,VLAN4012.1,0,0,2954.94
1844,send,0,VLAN4012.0,0,1,2954.94
1844,send,5,LBNL_VLAN3002.1,1,7,31.2056
1845,trace_offer,5,LBNL_VLAN3002.1,1,7,31.2056
1845,trace_offer,0,VLAN4012.0,0,1,2954.94
1842,receive,7,LBNL_VLAN3001.1,3,5,62.4112
1842,receive,1,VLAN4012.1,0,0,2954.94
1842,receive,1,VLAN4012.1,0,0,2954.94
1845,send,0,VLAN4012.0,0,1,2954.94
1845,send,5,LBNL_VLAN3002.1,1,7,31.2056
1846,trace_offer,5,LBNL_VLAN3002.1,1,7,31.2056
1846,trace_offer,0,VLAN4012.0,0,1,2954.94
1843,receive,7,LBNL_VLAN3001.1,3,5,31.2056
1846,send,0,VLAN4012.0,0,1,2954.94
1846,send,5,LBNL_VLAN3002.1,1,7,31.2056
1847,trace_offer,0,VLAN4012.0,0,1,2954.94
1847,trace_offer,5,LBNL_VLAN3002.1,1,7,31.2056
1844,receive,1,VLAN4012.1,0,0,2954.94
1844,receive,1,VLAN4012.1,0,0,2954.94
1844,receive,7,LBNL_VLAN3001.1,3,5,31.2056
1847,send,0,VLAN4012.0,0,1,2954.94
1847,send,5,LBNL_VLAN3002.1,1,7,31.2056
1848,trace_offer,0,VLAN4012.0,0,1,2954.94
1848,trace_offer,5,LBNL_VLAN3002.1,1,7,31.2056
1845,receive,1,VLAN4012.1,0,0,2954.94
1848,send,5,LBNL_VLAN3002.1,1,7,31.2056
1848,send,0,VLAN4012.0,0,1,2954.94
1849,trace_offer,5,LBNL_VLAN3002.1,1,7,31.2056
1849,trace_offer,0,VLAN4012.0,0,1,2954.94
1846,receive,7,LBNL_VLAN3001.1,3,5,62.4112
1849,send,5,LBNL_VLAN3002.1,1,7,31.2056
1849,send,0,VLAN4012.0,0,1,2954.94
1850,trace_offer,5,LBNL_VLAN3002.1,1,7,24.9981
1850,trace_offer,0,VLAN4012.0,0,1,2963.53
1847,receive,1,VLAN4012.1,0,0,2954.94
1847,receive,1,VLAN4012.1,0,0,2954.94
1850,send,0,VLAN4012.0,0,1,2963.53
1850,send,5,LBNL_VLAN3002.1,1,7,24.9981
1851,trace_offer,5,LBNL_VLAN3002.1,1,7,24.9981
1851,trace_offer,0,VLAN4012.0,0,1,2963.53
1848,receive,7,LBNL_VLAN3001.1,3,5,31.2056
1851,send,0,VLAN4012.0,0,1,2963.53
1851,send,5,LBNL_VLAN3002.1,1,7,24.9981
1852,trace_offer,0,VLAN4012.0,0,1,2963.53
1852,trace_offer,5,LBNL_VLAN3002.1,1,7,24.9981
1849,receive,1,VLAN4012.1,0,0,2963.53
1849,receive,7,LBNL_VLAN3001.1,3,5,62.4112
1849,receive,1,VLAN4012.1,0,0,2963.53
1852,send,5,LBNL_VLAN3002.1,1,7,24.9981
1852,send,0,VLAN4012.0,0,1,2963.53
1853,trace_offer,5,LBNL_VLAN3002.1,1,7,24.9981
1853,trace_offer,0,VLAN4012.0,0,1,2963.53
1850,receive,1,VLAN4012.1,0,0,2963.53
1850,receive,7,LBNL_VLAN3001.1,3,5,24.9981
1853,send,5,LBNL_VLAN3002.1,1,7,24.9981
1853,send,0,VLAN4012.0,0,1,2963.53
1854,trace_offer,0,VLAN4012.0,0,1,2963.53
1854,trace_offer,5,LBNL_VLAN3002.1,1,7,24.9981
1851,receive,1,VLAN4012.1,0,0,2963.53
1851,receive,7,LBNL_VLAN3001.1,3,5,24.9981
1854,send,5,LBNL_VLAN3002.1,1,7,24.9981
1854,send,0,VLAN4012.0,0,1,2963.53
1855,trace_offer,5,LBNL_VLAN3002.1,1,7,24.9981
1855,trace_offer,0,VLAN4012.0,0,1,2963.53
1852,receive,1,VLAN4012.1,0,0,2963.53
1855,send,0,VLAN4012.0,0,1,2963.53
1855,send,5,LBNL_VLAN3002.1,1,7,24.9981
1856,trace_offer,0,VLAN4012.0,0,1,2963.53
1856,trace_offer,5,LBNL_VLAN3002.1,1,7,24.9981
1853,receive,7,LBNL_VLAN3001.1,3,5,49.9961
1856,send,0,VLAN4012.0,0,1,2963.53
1856,send,5,LBNL_VLAN3002.1,1,7,24.9981
1857,trace_offer,5,LBNL_VLAN3002.1,1,7,24.9981
1857,trace_offer,0,VLAN4012.0,0,1,2963.53
1854,receive,7,LBNL_VLAN3001.1,3,5,24.9981
1854,receive,1,VLAN4012.1,0,0,2963.53
1857,send,5,LBNL_VLAN3002.1,1,7,24.9981
1857,send,0,VLAN4012.0,0,1,2963.53
1858,trace_offer,5,LBNL_VLAN3002.1,1,7,24.9981
1858,trace_offer,0,VLAN4012.0,0,1,2963.53
1855,receive,1,VLAN4012.1,0,0,2963.53
1855,receive,1,VLAN4012.1,0,0,2963.53
1855,receive,7,LBNL_VLAN3001.1,3,5,24.9981
1858,send,5,LBNL_VLAN3002.1,1,7,24.9981
1858,send,0,VLAN4012.0,0,1,2963.53
1859,trace_offer,5,LBNL_VLAN3002.1,1,7,24.9981
1859,trace_offer,0,VLAN4012.0,0,1,2963.53
1856,receive,7,LBNL_VLAN3001.1,3,5,24.9981
1856,receive,1,VLAN4012.1,0,0,2963.53
1859,send,0,VLAN4012.0,0,1,2963.53
1859,send,5,LBNL_VLAN3002.1,1,7,24.9981
1860,trace_offer,0,VLAN4012.0,0,1,2963.53
1860,trace_offer,5,LBNL_VLAN3002.1,1,7,31.1217
1857,receive,1,VLAN4012.1,0,0,2963.53
1860,send,0,VLAN4012.0,0,1,2963.53
1860,send,5,LBNL_VLAN3002.1,1,7,31.1217
1861,trace_offer,0,VLAN4012.0,0,1,2963.53
1861,trace_offer,5,LBNL_VLAN3002.1,1,7,31.1217
1858,receive,7,LBNL_VLAN3001.1,3,5,49.9961
1861,send,0,VLAN4012.0,0,1,2963.53
1861,send,5,LBNL_VLAN3002.1,1,7,31.1217
1862,trace_offer,5,LBNL_VLAN3002.1,1,7,31.1217
1862,trace_offer,0,VLAN4012.0,0,1,2963.53
1859,receive,7,LBNL_VLAN3001.1,3,5,24.9981
1859,receive,1,VLAN4012.1,0,0,2963.53
1862,send,0,VLAN4012.0,0,1,2963.53
1862,send,5,LBNL_VLAN3002.1,1,7,31.1217
1863,trace_offer,0,VLAN4012.0,0,1,2963.53
1863,trace_offer,5,LBNL_VLAN3002.1,1,7,31.1217
1860,receive,1,VLAN4012.1,0,0,2963.53
1863,send,5,LBNL_VLAN3002.1,1,7,31.1217
1863,send,0,VLAN4012.0,0,1,2963.53
1864,trace_offer,0,VLAN4012.0,0,1,2963.53
1864,trace_offer,5,LBNL_VLAN3002.1,1,7,31.1217
1861,receive,1,VLAN4012.1,0,0,2963.53
1861,receive,7,LBNL_VLAN3001.1,3,5,62.2435
1864,send,5,LBNL_VLAN3002.1,1,7,31.1217
1864,send,0,VLAN4012.0,0,1,2963.53
1865,trace_offer,5,LBNL_VLAN3002.1,1,7,31.1217
1865,trace_offer,0,VLAN4012.0,0,1,2963.53
1862,receive,1,VLAN4012.1,0,0,2963.53
1862,receive,7,LBNL_VLAN3001.1,3,5,31.1217
1862,receive,1,VLAN4012.1,0,0,2963.53
1865,send,5,LBNL_VLAN3002.1,1,7,31.1217
1865,send,0,VLAN4012.0,0,1,2963.53
1866,trace_offer,0,VLAN4012.0,0,1,2963.53
1866,trace_offer,5,LBNL_VLAN3002.1,1,7,31.1217
1866,send,0,VLAN4012.0,0,1,2963.53
1866,send,5,LBNL_VLAN3002.1,1,7,31.1217
1867,trace_offer,5,LBNL_VLAN3002.1,1,7,31.1217
1867,trace_offer,0,VLAN4012.0,0,1,2963.53
1864,receive,1,VLAN4012.1,0,0,2963.53
1864,receive,1,VLAN4012.1,0,0,2963.53
1864,receive,7,LBNL_VLAN3001.1,3,5,62.2435
1867,send,0,VLAN4012.0,0,1,2963.53
1867,send,5,LBNL_VLAN3002.1,1,7,31.1217
1868,trace_offer,5,LBNL_VLAN3002.1,1,7,31.1217
1868,trace_offer,0,VLAN4012.0,0,1,2963.53
1868,send,0,VLAN4012.0,0,1,2963.53
1868,send,5,LBNL_VLAN3002.1,1,7,31.1217
1869,trace_offer,0,VLAN4012.0,0,1,2963.53
1869,trace_offer,5,LBNL_VLAN3002.1,1,7,31.1217
1866,receive,1,VLAN4012.1,0,0,2963.53
1866,receive,7,LBNL_VLAN3001.1,3,5,62.2435
1869,send,5,LBNL_VLAN3002.1,1,7,31.1217
1869,send,0,VLAN4012.0,0,1,2963.53
1870,trace_offer,0,VLAN4012.0,0,1,2989.3
1870,trace_offer,5,LBNL_VLAN3002.1,1,7,31.5412
1867,receive,1,VLAN4012.1,0,0,2963.53
1867,receive,1,VLAN4012.1,0,0,2963.53
1867,receive,7,LBNL_VLAN3001.1,3,5,31.1217
1870,send,5,LBNL_VLAN3002.1,1,7,31.5412
1870,send,0,VLAN4012.0,0,1,2989.3
1871,trace_offer,0,VLAN4012.0,0,1,2989.3
1871,trace_offer,5,LBNL_VLAN3002.1,1,7,31.5412
1871,send,5,LBNL_VLAN3002.1,1,7,31.5412
1871,send,0,VLAN4012.0,0,1,2989.3
1872,trace_offer,0,VLAN4012.0,0,1,2989.3
1872,trace_offer,5,LBNL_VLAN3002.1,1,7,31.5412
1869,receive,7,LBNL_VLAN3001.1,3,5,62.2435
1869,receive,1,VLAN4012.1,0,0,2989.3
1869,receive,1,VLAN4012.1,0,0,2989.3
1872,send,5,LBNL_VLAN3002.1,1,7,31.5412
1872,send,0,VLAN4012.0,0,1,2989.3
1873,trace_offer,5,LBNL_VLAN3002.1,1,7,31.5412
1873,trace_offer,0,VLAN4012.0,0,1,2989.3
1870,receive,7,LBNL_VLAN3001.1,3,5,31.5412
1873,send,0,VLAN4012.0,0,1,2989.3
1873,send,5,LBNL_VLAN3002.1,1,7,31.5412
1874,trace_offer,5,LBNL_VLAN3002.1,1,7,31.5412
1874,trace_offer,0,VLAN4012.0,0,1,2989.3
1871,receive,1,VLAN4012.1,0,0,2989.3
1871,receive,1,VLAN4012.1,0,0,2989.3
1874,send,5,LBNL_VLAN3002.1,1,7,31.5412
1874,send,0,VLAN4012.0,0,1,2989.3
1875,trace_offer,5,LBNL_VLAN3002.1,1,7,31.5412
1875,trace_offer,0,VLAN4012.0,0,1,2989.3
1872,receive,1,VLAN4012.1,0,0,2989.3
1872,receive,7,LBNL_VLAN3001.1,3,5,63.0823
1875,send,0,VLAN4012.0,0,1,2989.3
1875,send,5,LBNL_VLAN3002.1,1,7,31.5412
1876,trace_offer,5,LBNL_VLAN3002.1,1,7,31.5412
1876,trace_offer,0,VLAN4012.0,0,1,2989.3
1876,send,5,LBNL_VLAN3002.1,1,7,31.5412
1876,send,0,VLAN4012.0,0,1,2989.3
1877,trace_offer,5,LBNL_VLAN3002.1,1,7,31.5412
1877,trace_offer,0,VLAN4012.0,0,1,2989.3
1874,receive,7,LBNL_VLAN3001.1,3,5,63.0823
1874,receive,1,VLAN4012.1,0,0,2989.3
1874,receive,1,VLAN4012.1,0,0,2989.3
1877,send,5,LBNL_VLAN3002.1,1,7,31.5412
1877,send,0,VLAN4012.0,0,1,2989.3
1878,trace_offer,5,LBNL_VLAN3002.1,1,7,31.5412
1878,trace_offer,0,VLAN4012.0,0,1,2989.3
1875,receive,1,VLAN4012.1,0,0,2989.3
1875,receive,7,LBNL_VLAN3001.1,3,5,31.5412
1878,send,0,VLAN4012.0,0,1,2989.3
1878,send,5,LBNL_VLAN3002.1,1,7,31.5412
1879,trace_offer,5,LBNL_VLAN3002.1,1,7,31.5412
1879,trace_offer,0,VLAN4012.0,0,1,2989.3
1876,receive,1,VLAN4012.1,0,0,2989.3
1876,receive,7,LBNL_VLAN3001.1,3,5,31.5412
1879,send,5,LBNL_VLAN3002.1,1,7,31.5412
1879,send,0,VLAN4012.0,0,1,2989.3
1880,trace_offer,0,VLAN4012.0,0,1,2963.53
1880,trace_offer,5,LBNL_VLAN3002.1,1,7,25.3336
1877,receive,1,VLAN4012.1,0,0,2989.3
1880,send,5,LBNL_VLAN3002.1,1,7,25.3336
1880,send,0,VLAN4012.0,0,1,2963.53
1881,trace_offer,5,LBNL_VLAN3002.1,1,7,25.3336
1881,trace_offer,0,VLAN4012.0,0,1,2963.53
1878,receive,7,LBNL_VLAN3001.1,3,5,31.5412
1878,receive,1,VLAN4012.1,0,0,2963.53
1881,send,5,LBNL_VLAN3002.1,1,7,25.3336
1881,send,0,VLAN4012.0,0,1,2963.53
1882,trace_offer,0,VLAN4012.0,0,1,2963.53
1882,trace_offer,5,LBNL_VLAN3002.1,1,7,25.3336
1879,receive,7,LBNL_VLAN3001.1,3,5,63.0823
1882,send,0,VLAN4012.0,0,1,2963.53
1882,send,5,LBNL_VLAN3002.1,1,7,25.3336
1883,trace_offer,0,VLAN4012.0,0,1,2963.53
1883,trace_offer,5,LBNL_VLAN3002.1,1,7,25.3336
1880,receive,1,VLAN4012.1,0,0,2963.53
1880,receive,1,VLAN4012.1,0,0,2963.53
1880,receive,7,LBNL_VLAN3001.1,3,5,25.3336
1883,send,5,LBNL_VLAN3002.1,1,7,25.3336
1883,send,0,VLAN4012.0,0,1,2963.53
1884,trace_offer,5,LBNL_VLAN3002.1,1,7,25.3336
1884,trace_offer,0,VLAN4012.0,0,1,2963.53
1881,receive,7,LBNL_VLAN3001.1,3,5,25.3336
1884,send,5,LBNL_VLAN3002.1,1,7,25.3336
1884,send,0,VLAN4012.0,0,1,2963.53
1885,trace_offer,0,VLAN4012.0,0,1,2963.53
1885,trace_offer,5,LBNL_VLAN3002.1,1,7,25.3336
1882,receive,1,VLAN4012.1,0,0,2963.53
1882,receive,1,VLAN4012.1,0,0,2963.53
1882,receive,7,LBNL_VLAN3001.1,3,5,25.3336
1885,send,0,VLAN4012.0,0,1,2963.53
1885,send,5,LBNL_VLAN3002.1,1,7,25.3336
1886,trace_offer,5,LBNL_VLAN3002.1,1,7,25.3336
1886,trace_offer,0,VLAN4012.0,0,1,2963.53
1883,receive,1,VLAN4012.1,0,0,2963.53
1886,send,5,LBNL_VLAN3002.1,1,7,25.3336
1886,send,0,VLAN4012.0,0,1,2963.53
1887,trace_offer,5,LBNL_VLAN3002.1,1,7,25.3336
1887,trace_offer,0,VLAN4012.0,0,1,2963.53
1884,receive,7,LBNL_VLAN3001.1,3,5,50.6672
1887,send,0,VLAN4012.0,0,1,2963.53
1887,send,5,LBNL_VLAN3002.1,1,7,25.3336
1888,trace_offer,5,LBNL_VLAN3002.1,1,7,25.3336
1888,trace_offer,0,VLAN4012.0,0,1,2963.53
1885,receive,1,VLAN4012.1,0,0,2963.53
1885,receive,1,VLAN4012.1,0,0,2963.53
1888,send,5,LBNL_VLAN3002.1,1,7,25.3336
1888,send,0,VLAN4012.0,0,1,2963.53
1889,trace_offer,0,VLAN4012.0,0,1,2963.53
1889,trace_offer,5,LBNL_VLAN3002.1,1,7,25.3336
1886,receive,7,LBNL_VLAN3001.1,3,5,50.6672
1886,receive,1,VLAN4012.1,0,0,2963.53
1889,send,5,LBNL_VLAN3002.1,1,7,25.3336
1889,send,0,VLAN4012.0,0,1,2963.53
1890,trace_offer,0,VLAN4012.0,0,1,2963.53
1890,trace_offer,5,LBNL_VLAN3002.1,1,7,25.2497
1887,receive,1,VLAN4012.1,0,0,2963.53
1887,receive,7,LBNL_VLAN3001.1,3,5,25.3336
1890,send,5,LBNL_VLAN3002.1,1,7,25.2497
1890,send,0,VLAN4012.0,0,1,2963.53
1891,trace_offer,0,VLAN4012.0,0,1,2963.53
1891,trace_offer,5,LBNL_VLAN3002.1,1,7,25.2497
1888,receive,1,VLAN4012.1,0,0,2963.53
1888,receive,7,LBNL_VLAN3001.1,3,5,25.3336
1891,send,5,LBNL_VLAN3002.1,1,7,25.2497
1891,send,0,VLAN4012.0,0,1,2963.53
1892,trace_offer,0,VLAN4012.0,0,1,2963.53
1892,trace_offer,5,LBNL_VLAN3002.1,1,7,25.2497
1889,receive,7,LBNL_VLAN3001.1,3,5,25.3336
1892,send,5,LBNL_VLAN3002.1,1,7,25.2497
1892,send,0,VLAN4012.0,0,1,2963.53
1893,trace_offer,5,LBNL_VLAN3002.1,1,7,25.2497
1893,trace_offer,0,VLAN4012.0,0,1,2963.53
1890,receive,7,LBNL_VLAN3001.1,3,5,25.2497
1890,receive,1,VLAN4012.1,0,0,2963.53
1890,receive,1,VLAN4012.1,0,0,2963.53
1893,send,0,VLAN4012.0,0,1,2963.53
1893,send,5,LBNL_VLAN3002.1,1,7,25.2497
1894,trace_offer,0,VLAN4012.0,0,1,2963.53
1894,trace_offer,5,LBNL_VLAN3002.1,1,7,25.2497
1891,receive,1,VLAN4012.1,0,0,2963.53
1894,send,0,VLAN4012.0,0,1,2963.53
1894,send,5,LBNL_VLAN3002.1,1,7,25.2497
1895,trace_offer,0,VLAN4012.0,0,1,2963.53
1895,trace_offer,5,LBNL_VLAN3002.1,1,7,25.2497
1892,receive,7,LBNL_VLAN3001.1,3,5,25.2497
1892,receive,1,VLAN4012.1,0,0,2963.53
1895,send,5,LBNL_VLAN3002.1,1,7,25.2497
1895,send,0,VLAN4012.0,0,1,2963.53
1896,trace_offer,5,LBNL_VLAN3002.1,1,7,25.2497
1896,trace_offer,0,VLAN4012.0,0,1,2963.53
1893,receive,7,LBNL_VLAN3001.1,3,5,25.2497
1893,receive,1,VLAN4012.1,0,0,2963.53
1896,send,5,LBNL_VLAN3002.1,1,7,25.2497
1896,send,0,VLAN4012.0,0,1,2963.53
1897,trace_offer,5,LBNL_VLAN3002.1,1,7,25.2497
1897,trace_offer,0,VLAN4012.0,0,1,2963.53
1894,receive,7,LBNL_VLAN3001.1,3,5,50.4994
1897,send,0,VLAN4012.0,0,1,2963.53
1897,send,5,LBNL_VLAN3002.1,1,7,25.2497
1898,trace_offer,0,VLAN4012.0,0,1,2963.53
1898,trace_offer,5,LBNL_VLAN3002.1,1,7,25.2497
1895,receive,1,VLAN4012.1,0,0,2963.53
1895,receive,7,LBNL_VLAN3001.1,3,5,25.2497
1898,send,5,LBNL_VLAN3002.1,1,7,25.2497
1898,send,0,VLAN4012.0,0,1,2963.53
1899,trace_offer,5,LBNL_VLAN3002.1,1,7,25.2497
1899,trace_offer,0,VLAN4012.0,0,1,2963.53
1896,receive,1,VLAN4012.1,0,0,2963.53
1896,receive,7,LBNL_VLAN3001.1,3,5,25.2497
1896,receive,1,VLAN4012.1,0,0,2963.53
1899,send,5,LBNL_VLAN3002.1,1,7,25.2497
1899,send,0,VLAN4012.0,0,1,2963.53
1900,trace_offer,5,LBNL_VLAN3002.1,1,7,31.7089
1900,trace_offer,0,VLAN4012.0,0,1,2954.94
1897,receive,1,VLAN4012.1,0,0,2963.53
1900,send,0,VLAN4012.0,0,1,2954.94
1900,send,5,LBNL_VLAN3002.1,1,7,31.7089
1901,trace_offer,5,LBNL_VLAN3002.1,1,7,31.7089
1901,trace_offer,0,VLAN4012.0,0,1,2954.94
1898,receive,7,LBNL_VLAN3001.1,3,5,25.2497
1901,send,0,VLAN4012.0,0,1,2954.94
1901,send,5,LBNL_VLAN3002.1,1,7,31.7089
1902,trace_offer,5,LBNL_VLAN3002.1,1,7,31.7089
1902,trace_offer,0,VLAN4012.0,0,1,2954.94
1899,receive,1,VLAN4012.1,0,0,2954.94
1899,receive,7,LBNL_VLAN3001.1,3,5,50.4994
1899,receive,1,VLAN4012.1,0,0,2954.94
1902,send,0,VLAN4012.0,0,1,2954.94
1902,send,5,LBNL_VLAN3002.1,1,7,31.7089
1903,trace_offer,5,LBNL_VLAN3002.1,1,7,31.7089
1903,trace_offer,0,VLAN4012.0,0,1,2954.94
1900,receive,1,VLAN4012.1,0,0,2954.94
1903,send,0,VLAN4012.0,0,1,2954.94
1903,send,5,LBNL_VLAN3002.1,1,7,31.7089
1904,trace_offer,5,LBNL_VLAN3002.1,1,7,31.7089
1904,trace_offer,0,VLAN4012.0,0,1,2954.94
1901,receive,1,VLAN4012.1,0,0,2954.94
1901,receive,7,LBNL_VLAN3001.1,3,5,63.4179
1904,send,5,LBNL_VLAN3002.1,1,7,31.7089
1904,send,0,VLAN4012.0,0,1,2954.94
1905,trace_offer,5,LBNL_VLAN3002.1,1,7,31.7089
1905,trace_offer,0,VLAN4012.0,0,1,2954.94
1902,receive,7,LBNL_VLAN3001.1,3,5,31.7089
1902,receive,1,VLAN4012.1,0,0,2954.94
1905,send,5,LBNL_VLAN3002.1,1,7,31.7089
1905,send,0,VLAN4012.0,0,1,2954.94
1906,trace_offer,5,LBNL_VLAN3002.1,1,7,31.7089
1906,trace_offer,0,VLAN4012.0,0,1,2954.94
1903,receive,7,LBNL_VLAN3001.1,3,5,31.7089
1906,send,0,VLAN4012.0,0,1,2954.94
1906,send,5,LBNL_VLAN3002.1,1,7,31.7089
1907,trace_offer,0,VLAN4012.0,0,1,2954.94
1907,trace_offer,5,LBNL_VLAN3002.1,1,7,31.7089
1904,receive,1,VLAN4012.1,0,0,2954.94
1904,receive,7,LBNL_VLAN3001.1,3,5,31.7089
1907,send,0,VLAN4012.0,0,1,2954.94
1907,send,5,LBNL_VLAN3002.1,1,7,31.7089
1908,trace_offer,5,LBNL_VLAN3002.1,1,7,31.7089
1908,trace_offer,0,VLAN4012.0,0,1,2954.94
1905,receive,1,VLAN4012.1,0,0,2954.94
1905,receive,1,VLAN4012.1,0,0,2954.94
1908,send,0,VLAN4012.0,0,1,2954.94
1908,send,5,LBNL_VLAN3002.1,1,7,31.7089
1909,trace_offer,0,VLAN4012.0,0,1,2954.94
1909,trace_offer,5,LBNL_VLAN3002.1,1,7,31.7089
1906,receive,7,LBNL_VLAN3001.1,3,5,63.4179
1909,send,5,LBNL_VLAN3002.1,1,7,31.7089
1909,send,0,VLAN4012.0,0,1,2954.94
1910,trace_offer,5,LBNL_VLAN3002.1,1,7,25.3336
1910,trace_offer,0,VLAN4012.0,0,1,2954.94
1907,receive,1,VLAN4012.1,0,0,2954.94
1907,receive,1,VLAN4012.1,0,0,2954.94
1907,receive,7,LBNL_VLAN3001.1,3,5,31.7089
1910,send,0,VLAN4012.0,0,1,2954.94
1910,send,5,LBNL_VLAN3002.1,1,7,25.3336
1911,trace_offer,5,LBNL_VLAN3002.1,1,7,25.3336
1911,trace_offer,0,VLAN4012.0,0,1,2954.94
1911,send,5,LBNL_VLAN3002.1,1,7,25.3336
1911,send,0,VLAN4012.0,0,1,2954.94
1912,trace_offer,0,VLAN4012.0,0,1,2954.94
1912,trace_offer,5,LBNL_VLAN3002.1,1,7,25.3336
1909,receive,1,VLAN4012.1,0,0,2954.94
1909,receive,7,LBNL_VLAN3001.1,3,5,63.4179
1912,send,5,LBNL_VLAN3002.1,1,7,25.3336
1912,send,0,VLAN4012.0,0,1,2954.94
1913,trace_offer,5,LBNL_VLAN3002.1,1,7,25.3336
1913,trace_offer,0,VLAN4012.0,0,1,2954.94
1910,receive,1,VLAN4012.1,0,0,2954.94
1910,receive,1,VLAN4012.1,0,0,2954.94
1910,receive,7,LBNL_VLAN3001.1,3,5,25.3336
1913,send,5,LBNL_VLAN3002.1,1,7,25.3336
1913,send,0,VLAN4012.0,0,1,2954.94
1914,trace_offer,0,VLAN4012.0,0,1,2954.94
1914,trace_offer,5,LBNL_VLAN3002.1,1,7,25.3336
1911,receive,1,VLAN4012.1,0,0,2954.94
1914,send,0,VLAN4012.0,0,1,2954.94
1914,send,5,LBNL_VLAN3002.1,1,7,25.3336
1915,trace_offer,0,VLAN4012.0,0,1,2954.94
1915,trace_offer,5,LBNL_VLAN3002.1,1,7,25.3336
1912,receive,1,VLAN4012.1,0,0,2954.94
1912,receive,7,LBNL_VLAN3001.1,3,5,50.6672
1915,send,5,LBNL_VLAN3002.1,1,7,25.3336
1915,send,0,VLAN4012.0,0,1,2954.94
1916,trace_offer,5,LBNL_VLAN3002.1,1,7,25.3336
1916,trace_offer,0,VLAN4012.0,0,1,2954.94
1913,receive,1,VLAN4012.1,0,0,2954.94
1913,receive,7,LBNL_VLAN3001.1,3,5,25.3336
1916,send,0,VLAN4012.0,0,1,2954.94
1916,send,5,LBNL_VLAN3002.1,1,7,25.3336
1917,trace_offer,0,VLAN4012.0,0,1,2954.94
1917,trace_offer,5,LBNL_VLAN3002.1,1,7,25.3336
1914,receive,7,LBNL_VLAN3001.1,3,5,25.3336
1917,send,0,VLAN4012.0,0,1,2954.94
1917,send,5,LBNL_VLAN3002.1,1,7,25.3336
1918,trace_offer,0,VLAN4012.0,0,1,2954.94
1918,trace_offer,5,LBNL_VLAN3002.1,1,7,25.3336
1915,receive,1,VLAN4012.1,0,0,2954.94
1918,send,5,LBNL_VLAN3002.1,1,7,25.3336
1918,send,0,VLAN4012.0,0,1,2954.94
1919,trace_offer,5,LBNL_VLAN3002.1,1,7,25.3336
1919,trace_offer,0,VLAN4012.0,0,1,2954.94
1916,receive,1,VLAN4012.1,0,0,2954.94
1916,receive,7,LBNL_VLAN3001.1,3,5,25.3336
1919,send,0,VLAN4012.0,0,1,2954.94
1919,send,5,LBNL_VLAN3002.1,1,7,25.3336
1920,trace_offer,5,LBNL_VLAN3002.1,1,7,31.3734
1920,trace_offer,0,VLAN4012.0,0,1,2954.94
1917,receive,7,LBNL_VLAN3001.1,3,5,25.3336
1917,receive,1,VLAN4012.1,0,0,2954.94
1917,receive,1,VLAN4012.1,0,0,2954.94
1920,send,5,LBNL_VLAN3002.1,1,7,31.3734
1920,send,0,VLAN4012.0,0,1,2954.94
1921,trace_offer,5,LBNL_VLAN3002.1,1,7,31.3734
1921,trace_offer,0,VLAN4012.0,0,1,2954.94
1918,receive,7,LBNL_VLAN3001.1,3,5,25.3336
1921,send,0,VLAN4012.0,0,1,2954.94
1921,send,5,LBNL_VLAN3002.1,1,7,31.3734
1922,trace_offer,5,LBNL_VLAN3002.1,1,7,31.3734
1922,trace_offer,0,VLAN4012.0,0,1,2954.94
1919,receive,7,LBNL_VLAN3001.1,3,5,50.6672
1919,receive,1,VLAN4012.1,0,0,2954.94
1919,receive,1,VLAN4012.1,0,0,2954.94
1922,send,0,VLAN4012.0,0,1,2954.94
1922,send,5,LBNL_VLAN3002.1,1,7,31.3734
1923,trace_offer,5,LBNL_VLAN3002.1,1,7,31.3734
1923,trace_offer,0,VLAN4012.0,0,1,2954.94
1920,receive,1,VLAN4012.1,0,0,2954.94
1920,receive,7,LBNL_VLAN3001.1,3,5,31.3734
1923,send,5,LBNL_VLAN3002.1,1,7,31.3734
1923,send,0,VLAN4012.0,0,1,2954.94
1924,trace_offer,0,VLAN4012.0,0,1,2954.94
1924,trace_offer,5,LBNL_VLAN3002.1,1,7,31.3734
1924,send,5,LBNL_VLAN3002.1,1,7,31.3734
1924,send,0,VLAN4012.0,0,1,2954.94
1925,trace_offer,5,LBNL_VLAN3002.1,1,7,31.3734
1925,trace_offer,0,VLAN4012.0,0,1,2954.94
1922,receive,7,LBNL_VLAN3001.1,3,5,62.7468
1922,receive,1,VLAN4012.1,0,0,2954.94
1922,receive,1,VLAN4012.1,0,0,2954.94
1925,send,0,VLAN4012.0,0,1,2954.94
1925,send,5,LBNL_VLAN3002.1,1,7,31.3734
1926,trace_offer,0,VLAN4012.0,0,1,2954.94
1926,trace_offer,5,LBNL_VLAN3002.1,1,7,31.3734
1923,receive,1,VLAN4012.1,0,0,2954.94
1926,send,0,VLAN4012.0,0,1,2954.94
1926,send,5,LBNL_VLAN3002.1,1,7,31.3734
1927,trace_offer,5,LBNL_VLAN3002.1,1,7,31.3734
1927,trace_offer,0,VLAN4012.0,0,1,2954.94
1924,receive,7,LBNL_VLAN3001.1,3,5,62.7468
1927,send,5,LBNL_VLAN3002.1,1,7,31.3734
1927,send,0,VLAN4012.0,0,1,2954.94
1928,trace_offer,0,VLAN4012.0,0,1,2954.94
1928,trace_offer,5,LBNL_VLAN3002.1,1,7,31.3734
1925,receive,1,VLAN4012.1,0,0,2954.94
1925,receive,7,LBNL_VLAN3001.1,3,5,31.3734
1925,receive,1,VLAN4012.1,0,0,2954.94
1928,send,5,LBNL_VLAN3002.1,1,7,31.3734
1928,send,0,VLAN4012.0,0,1,2954.94
1929,trace_offer,0,VLAN4012.0,0,1,2954.94
1929,trace_offer,5,LBNL_VLAN3002.1,1,7,31.3734
1926,receive,7,LBNL_VLAN3001.1,3,5,31.3734
1929,send,0,VLAN4012.0,0,1,2954.94
1929,send,5,LBNL_VLAN3002.1,1,7,31.3734
1930,trace_offer,0,VLAN4012.0,0,1,2972.12
1930,trace_offer,5,LBNL_VLAN3002.1,1,7,25.5014
1927,receive,1,VLAN4012.1,0,0,2954.94
1927,receive,1,VLAN4012.1,0,0,2954.94
1930,send,0,VLAN4012.0,0,1,2972.12
1930,send,5,LBNL_VLAN3002.1,1,7,25.5014
1931,trace_offer,5,LBNL_VLAN3002.1,1,7,25.5014
1931,trace_offer,0,VLAN4012.0,0,1,2972.12
1928,receive,7,LBNL_VLAN3001.1,3,5,62.7468
1931,send,0,VLAN4012.0,0,1,2972.12
1931,send,5,LBNL_VLAN3002.1,1,7,25.5014
1932,trace_offer,5,LBNL_VLAN3002.1,1,7,25.5014
1932,trace_offer,0,VLAN4012.0,0,1,2972.12
1929,receive,1,VLAN4012.1,0,0,2972.12
1929,receive,7,LBNL_VLAN3001.1,3,5,31.3734
1929,receive,1,VLAN4012.1,0,0,2972.12
1932,send,5,LBNL_VLAN3002.1,1,7,25.5014
1932,send,0,VLAN4012.0,0,1,2972.12
1933,trace_offer,0,VLAN4012.0,0,1,2972.12
1933,trace_offer,5,LBNL_VLAN3002.1,1,7,25.5014
1930,receive,1,VLAN4012.1,0,0,2972.12
1930,receive,7,LBNL_VLAN3001.1,3,5,25.5014
1933,send,5,LBNL_VLAN3002.1,1,7,25.5014
1933,send,0,VLAN4012.0,0,1,2972.12
1934,trace_offer,0,VLAN4012.0,0,1,2972.12
1934,trace_offer,5,LBNL_VLAN3002.1,1,7,25.5014
1931,receive,7,LBNL_VLAN3001.1,3,5,25.5014
1931,receive,1,VLAN4012.1,0,0,2972.12
1934,send,5,LBNL_VLAN3002.1,1,7,25.5014
1934,send,0,VLAN4012.0,0,1,2972.12
1935,trace_offer,0,VLAN4012.0,0,1,2972.12
1935,trace_offer,5,LBNL_VLAN3002.1,1,7,25.5014
1932,receive,1,VLAN4012.1,0,0,2972.12
1935,send,0,VLAN4012.0,0,1,2972.12
1935,send,5,LBNL_VLAN3002.1,1,7,25.5014
1936,trace_offer,0,VLAN4012.0,0,1,2972.12
1936,trace_offer,5,LBNL_VLAN3002.1,1,7,25.5014
1933,receive,7,LBNL_VLAN3001.1,3,5,51.0027
1936,send,0,VLAN4012.0,0,1,2972.12
1936,send,5,LBNL_VLAN3002.1,1,7,25.5014
1937,trace_offer,5,LBNL_VLAN3002.1,1,7,25.5014
1937,trace_offer,0,VLAN4012.0,0,1,2972.12
1934,receive,7,LBNL_VLAN3001.1,3,5,25.5014
1934,receive,1,VLAN4012.1,0,0,2972.12
1937,send,5,LBNL_VLAN3002.1,1,7,25.5014
1937,send,0,VLAN4012.0,0,1,2972.12
1938,trace_offer,0,VLAN4012.0,0,1,2972.12
1938,trace_offer,5,LBNL_VLAN3002.1,1,7,25.5014
1935,receive,1,VLAN4012.1,0,0,2972.12
1935,receive,1,VLAN4012.1,0,0,2972.12
1938,send,0,VLAN4012.0,0,1,2972.12
1938,send,5,LBNL_VLAN3002.1,1,7,25.5014
1939,trace_offer,5,LBNL_VLAN3002.1,1,7,25.5014
1939,trace_offer,0,VLAN4012.0,0,1,2972.12
1936,receive,1,VLAN4012.1,0,0,2972.12
1936,receive,7,LBNL_VLAN3001.1,3,5,51.0027
1939,send,5,LBNL_VLAN3002.1,1,7,25.5014
1939,send,0,VLAN4012.0,0,1,2972.12
1940,trace_offer,5,LBNL_VLAN3002.1,1,7,31.5412
1940,trace_offer,0,VLAN4012.0,0,1,2972.12
1937,receive,1,VLAN4012.1,0,0,2972.12
1937,receive,7,LBNL_VLAN3001.1,3,5,25.5014
1940,send,5,LBNL_VLAN3002.1,1,7,31.5412
1940,send,0,VLAN4012.0,0,1,2972.12
1941,trace_offer,5,LBNL_VLAN3002.1,1,7,31.5412
1941,trace_offer,0,VLAN4012.0,0,1,2972.12
1938,receive,1,VLAN4012.1,0,0,2972.12
1938,receive,7,LBNL_VLAN3001.1,3,5,25.5014
1941,send,0,VLAN4012.0,0,1,2972.12
1941,send,5,LBNL_VLAN3002.1,1,7,31.5412
1942,trace_offer,0,VLAN4012.0,0,1,2972.12
1942,trace_offer,5,LBNL_VLAN3002.1,1,7,31.5412
1939,receive,7,LBNL_VLAN3001.1,3,5,25.5014
1942,send,5,LBNL_VLAN3002.1,1,7,31.5412
1942,send,0,VLAN4012.0,0,1,2972.12
1943,trace_offer,5,LBNL_VLAN3002.1,1,7,31.5412
1943,trace_offer,0,VLAN4012.0,0,1,2972.12
1940,receive,1,VLAN4012.1,0,0,2972.12
1940,receive,1,VLAN4012.1,0,0,2972.12
1943,send,0,VLAN4012.0,0,1,2972.12
1943,send,5,LBNL_VLAN3002.1,1,7,31.5412
1944,trace_offer,5,LBNL_VLAN3002.1,1,7,31.5412
1944,trace_offer,0,VLAN4012.0,0,1,2972.12
1941,receive,7,LBNL_VLAN3001.1,3,5,31.5412
1944,send,5,LBNL_VLAN3002.1,1,7,31.5412
1944,send,0,VLAN4012.0,0,1,2972.12
1945,trace_offer,5,LBNL_VLAN3002.1,1,7,31.5412
1945,trace_offer,0,VLAN4012.0,0,1,2972.12
1942,receive,7,LBNL_VLAN3001.1,3,5,31.5412
1942,receive,1,VLAN4012.1,0,0,2972.12
1942,receive,1,VLAN4012.1,0,0,2972.12
1945,send,0,VLAN4012.0,0,1,2972.12
1945,send,5,LBNL_VLAN3002.1,1,7,31.5412
1946,trace_offer,5,LBNL_VLAN3002.1,1,7,31.5412
1946,trace_offer,0,VLAN4012.0,0,1,2972.12
1943,receive,7,LBNL_VLAN3001.1,3,5,63.0823
1946,send,0,VLAN4012.0,0,1,2972.12
1946,send,5,LBNL_VLAN3002.1,1,7,31.5412
1947,trace_offer,0,VLAN4012.0,0,1,2972.12
1947,trace_offer,5,LBNL_VLAN3002.1,1,7,31.5412
1944,receive,1,VLAN4012.1,0,0,2972.12
1944,receive,1,VLAN4012.1,0,0,2972.12
1944,receive,7,LBNL_VLAN3001.1,3,5,31.5412
1947,send,5,LBNL_VLAN3002.1,1,7,31.5412
1947,send,0,VLAN4012.0,0,1,2972.12
1948,trace_offer,5,LBNL_VLAN3002.1,1,7,31.5412
1948,trace_offer,0,VLAN4012.0,0,1,2972.12
1948,send,5,LBNL_VLAN3002.1,1,7,31.5412
1948,send,0,VLAN4012.0,0,1,2972.12
1949,trace_offer,5,LBNL_VLAN3002.1,1,7,31.5412
1949,trace_offer,0,VLAN4012.0,0,1,2972.12
1946,receive,1,VLAN4012.1,0,0,2972.12
1946,receive,7,LBNL_VLAN3001.1,3,5,63.0823
1946,receive,1,VLAN4012.1,0,0,2972.12
1949,send,0,VLAN4012.0,0,1,2972.12
1949,send,5,LBNL_VLAN3002.1,1,7,31.5412
1950,trace_offer,0,VLAN4012.0,0,1,2980.71
1950,trace_offer,5,LBNL_VLAN3002.1,1,7,25.2497
1947,receive,1,VLAN4012.1,0,0,2972.12
1947,receive,7,LBNL_VLAN3001.1,3,5,31.5412
1950,send,0,VLAN4012.0,0,1,2980.71
1950,send,5,LBNL_VLAN3002.1,1,7,25.2497
1951,trace_offer,0,VLAN4012.0,0,1,2980.71
1951,trace_offer,5,LBNL_VLAN3002.1,1,7,25.2497
1948,receive,7,LBNL_VLAN3001.1,3,5,31.5412
1948,receive,1,VLAN4012.1,0,0,2980.71
1951,send,5,LBNL_VLAN3002.1,1,7,25.2497
1951,send,0,VLAN4012.0,0,1,2980.71
1952,trace_offer,0,VLAN4012.0,0,1,2980.71
1952,trace_offer,5,LBNL_VLAN3002.1,1,7,25.2497
1949,receive,7,LBNL_VLAN3001.1,3,5,31.5412
1952,send,0,VLAN4012.0,0,1,2980.71
1952,send,5,LBNL_VLAN3002.1,1,7,25.2497
1953,trace_offer,5,LBNL_VLAN3002.1,1,7,25.2497
1953,trace_offer,0,VLAN4012.0,0,1,2980.71
1950,receive,7,LBNL_VLAN3001.1,3,5,25.2497
1950,receive,1,VLAN4012.1,0,0,2980.71
1953,send,0,VLAN4012.0,0,1,2980.71
1953,send,5,LBNL_VLAN3002.1,1,7,25.2497
1954,trace_offer,5,LBNL_VLAN3002.1,1,7,25.2497
1954,trace_offer,0,VLAN4012.0,0,1,2980.71
1951,receive,1,VLAN4012.1,0,0,2980.71
1951,receive,1,VLAN4012.1,0,0,2980.71
1954,send,5,LBNL_VLAN3002.1,1,7,25.2497
1954,send,0,VLAN4012.0,0,1,2980.71
1955,trace_offer,0,VLAN4012.0,0,1,2980.71
1955,trace_offer,5,LBNL_VLAN3002.1,1,7,25.2497
1952,receive,1,VLAN4012.1,0,0,2980.71
1952,receive,7,LBNL_VLAN3001.1,3,5,50.4994
1955,send,0,VLAN4012.0,0,1,2980.71
1955,send,5,LBNL_VLAN3002.1,1,7,25.2497
1956,trace_offer,5,LBNL_VLAN3002.1,1,7,25.2497
1956,trace_offer,0,VLAN4012.0,0,1,2980.71
1953,receive,1,VLAN4012.1,0,0,2980.71
1953,receive,7,LBNL_VLAN3001.1,3,5,25.2497
1956,send,5,LBNL_VLAN3002.1,1,7,25.2497
1956,send,0,VLAN4012.0,0,1,2980.71
1957,trace_offer,0,VLAN4012.0,0,1,2980.71
1957,trace_offer,5,LBNL_VLAN3002.1,1,7,25.2497
1954,receive,7,LBNL_VLAN3001.1,3,5,25.2497
1954,receive,1,VLAN4012.1,0,0,2980.71
1957,send,5,LBNL_VLAN3002.1,1,7,25.2497
1957,send,0,VLAN4012.0,0,1,2980.71
1958,trace_offer,0,VLAN4012.0,0,1,2980.71
1958,trace_offer,5,LBNL_VLAN3002.1,1,7,25.2497
1955,receive,1,VLAN4012.1,0,0,2980.71
1958,send,5,LBNL_VLAN3002.1,1,7,25.2497
1958,send,0,VLAN4012.0,0,1,2980.71
1959,trace_offer,0,VLAN4012.0,0,1,2980.71
1959,trace_offer,5,LBNL_VLAN3002.1,1,7,25.2497
1956,receive,1,VLAN4012.1,0,0,2980.71
1956,receive,7,LBNL_VLAN3001.1,3,5,25.2497
1959,send,0,VLAN4012.0,0,1,2980.71
1959,send,5,LBNL_VLAN3002.1,1,7,25.2497
1960,trace_offer,5,LBNL_VLAN3002.1,1,7,31.2056
1960,trace_offer,0,VLAN4012.0,0,1,2972.12
1957,receive,7,LBNL_VLAN3001.1,3,5,25.2497
1957,receive,1,VLAN4012.1,0,0,2980.71
1960,send,0,VLAN4012.0,0,1,2972.12
1960,send,5,LBNL_VLAN3002.1,1,7,31.2056
1961,trace_offer,0,VLAN4012.0,0,1,2972.12
1961,trace_offer,5,LBNL_VLAN3002.1,1,7,31.2056
1958,receive,1,VLAN4012.1,0,0,2972.12
1958,receive,7,LBNL_VLAN3001.1,3,5,50.4994
1961,send,5,LBNL_VLAN3002.1,1,7,31.2056
1961,send,0,VLAN4012.0,0,1,2972.12
1962,trace_offer,0,VLAN4012.0,0,1,2972.12
1962,trace_offer,5,LBNL_VLAN3002.1,1,7,31.2056
1959,receive,7,LBNL_VLAN3001.1,3,5,25.2497
1962,send,5,LBNL_VLAN3002.1,1,7,31.2056
1962,send,0,VLAN4012.0,0,1,2972.12
1963,trace_offer,0,VLAN4012.0,0,1,2972.12
1963,trace_offer,5,LBNL_VLAN3002.1,1,7,31.2056
1960,receive,1,VLAN4012.1,0,0,2972.12
1963,send,0,VLAN4012.0,0,1,2972.12
1963,send,5,LBNL_VLAN3002.1,1,7,31.2056
1964,trace_offer,0,VLAN4012.0,0,1,2972.12
1964,trace_offer,5,LBNL_VLAN3002.1,1,7,31.2056
1961,receive,1,VLAN4012.1,0,0,2972.12
1961,receive,7,LBNL_VLAN3001.1,3,5,31.2056
1964,send,0,VLAN4012.0,0,1,2972.12
1964,send,5,LBNL_VLAN3002.1,1,7,31.2056
1965,trace_offer,5,LBNL_VLAN3002.1,1,7,31.2056
1965,trace_offer,0,VLAN4012.0,0,1,2972.12
1962,receive,7,LBNL_VLAN3001.1,3,5,62.4112
1962,receive,1,VLAN4012.1,0,0,2972.12
1962,receive,1,VLAN4012.1,0,0,2972.12
1965,send,5,LBNL_VLAN3002.1,1,7,31.2056
1965,send,0,VLAN4012.0,0,1,2972.12
1966,trace_offer,5,LBNL_VLAN3002.1,1,7,31.2056
1966,trace_offer,0,VLAN4012.0,0,1,2972.12
1963,receive,7,LBNL_VLAN3001.1,3,5,31.2056
1966,send,0,VLAN4012.0,0,1,2972.12
1966,send,5,LBNL_VLAN3002.1,1,7,31.2056
1967,trace_offer,5,LBNL_VLAN3002.1,1,7,31.2056
1967,trace_offer,0,VLAN4012.0,0,1,2972.12
1964,receive,1,VLAN4012.1,0,0,2972.12
1964,receive,7,LBNL_VLAN3001.1,3,5,31.2056
1967,send,5,LBNL_VLAN3002.1,1,7,31.2056
1967,send,0,VLAN4012.0,0,1,2972.12
1968,trace_offer,5,LBNL_VLAN3002.1,1,7,31.2056
1968,trace_offer,0,VLAN4012.0,0,1,2972.12
1965,receive,1,VLAN4012.1,0,0,2972.12
1968,send,0,VLAN4012.0,0,1,2972.12
1968,send,5,LBNL_VLAN3002.1,1,7,31.2056
1969,trace_offer,5,LBNL_VLAN3002.1,1,7,31.2056
1969,trace_offer,0,VLAN4012.0,0,1,2972.12
1966,receive,1,VLAN4012.1,0,0,2972.12
1966,receive,1,VLAN4012.1,0,0,2972.12
1966,receive,7,LBNL_VLAN3001.1,3,5,31.2056
1969,send,5,LBNL_VLAN3002.1,1,7,31.2056
1969,send,0,VLAN4012.0,0,1,2972.12
1970,trace_offer,5,LBNL_VLAN3002.1,1,7,25.5014
1970,trace_offer,0,VLAN4012.0,0,1,2963.53
1967,receive,1,VLAN4012.1,0,0,2972.12
1967,receive,7,LBNL_VLAN3001.1,3,5,31.2056
1970,send,0,VLAN4012.0,0,1,2963.53
1970,send,5,LBNL_VLAN3002.1,1,7,25.5014
1971,trace_offer,5,LBNL_VLAN3002.1,1,7,25.5014
1971,trace_offer,0,VLAN4012.0,0,1,2963.53
1968,receive,7,LBNL_VLAN3001.1,3,5,62.4112
1971,send,5,LBNL_VLAN3002.1,1,7,25.5014
1971,send,0,VLAN4012.0,0,1,2963.53
1972,trace_offer,5,LBNL_VLAN3002.1,1,7,25.5014
1972,trace_offer,0,VLAN4012.0,0,1,2963.53
1969,receive,1,VLAN4012.1,0,0,2963.53
1969,receive,1,VLAN4012.1,0,0,2963.53
1969,receive,7,LBNL_VLAN3001.1,3,5,31.2056
1972,send,0,VLAN4012.0,0,1,2963.53
1972,send,5,LBNL_VLAN3002.1,1,7,25.5014
1973,trace_offer,0,VLAN4012.0,0,1,2963.53
1973,trace_offer,5,LBNL_VLAN3002.1,1,7,25.5014
1973,send,0,VLAN4012.0,0,1,2963.53
1973,send,5,LBNL_VLAN3002.1,1,7,25.5014
1974,trace_offer,0,VLAN4012.0,0,1,2963.53
1974,trace_offer,5,LBNL_VLAN3002.1,1,7,25.5014
1971,receive,7,LBNL_VLAN3001.1,3,5,25.5014
1971,receive,1,VLAN4012.1,0,0,2963.53
1974,send,5,LBNL_VLAN3002.1,1,7,25.5014
1974,send,0,VLAN4012.0,0,1,2963.53
1975,trace_offer,0,VLAN4012.0,0,1,2963.53
1975,trace_offer,5,LBNL_VLAN3002.1,1,7,25.5014
1972,receive,1,VLAN4012.1,0,0,2963.53
1972,receive,7,LBNL_VLAN3001.1,3,5,25.5014
1972,receive,1,VLAN4012.1,0,0,2963.53
1975,send,5,LBNL_VLAN3002.1,1,7,25.5014
1975,send,0,VLAN4012.0,0,1,2963.53
1976,trace_offer,5,LBNL_VLAN3002.1,1,7,25.5014
1976,trace_offer,0,VLAN4012.0,0,1,2963.53
1973,receive,1,VLAN4012.1,0,0,2963.53
1973,receive,7,LBNL_VLAN3001.1,3,5,51.0027
1976,send,5,LBNL_VLAN3002.1,1,7,25.5014
1976,send,0,VLAN4012.0,0,1,2963.53
1977,trace_offer,0,VLAN4012.0,0,1,2963.53
1977,trace_offer,5,LBNL_VLAN3002.1,1,7,25.5014
1974,receive,7,LBNL_VLAN3001.1,3,5,25.5014
1974,receive,1,VLAN4012.1,0,0,2963.53
1977,send,5,LBNL_VLAN3002.1,1,7,25.5014
1977,send,0,VLAN4012.0,0,1,2963.53
1978,trace_offer,5,LBNL_VLAN3002.1,1,7,25.5014
1978,trace_offer,0,VLAN4012.0,0,1,2963.53
1975,receive,7,LBNL_VLAN3001.1,3,5,25.5014
1978,send,5,LBNL_VLAN3002.1,1,7,25.5014
1978,send,0,VLAN4012.0,0,1,2963.53
1979,trace_offer,0,VLAN4012.0,0,1,2963.53
1979,trace_offer,5,LBNL_VLAN3002.1,1,7,25.5014
1976,receive,1,VLAN4012.1,0,0,2963.53
1976,receive,1,VLAN4012.1,0,0,2963.53
1979,send,5,LBNL_VLAN3002.1,1,7,25.5014
1979,send,0,VLAN4012.0,0,1,2963.53
1980,trace_offer,5,LBNL_VLAN3002.1,1,7,31.7089
1980,trace_offer,0,VLAN4012.0,0,1,2937.76
1977,receive,7,LBNL_VLAN3001.1,3,5,51.0027
1977,receive,1,VLAN4012.1,0,0,2963.53
1980,send,5,LBNL_VLAN3002.1,1,7,31.7089
1980,send,0,VLAN4012.0,0,1,2937.76
1981,trace_offer,5,LBNL_VLAN3002.1,1,7,31.7089
1981,trace_offer,0,VLAN4012.0,0,1,2937.76
1978,receive,7,LBNL_VLAN3001.1,3,5,25.5014
1981,send,5,LBNL_VLAN3002.1,1,7,31.7089
1981,send,0,VLAN4012.0,0,1,2937.76
1982,trace_offer,5,LBNL_VLAN3002.1,1,7,31.7089
1982,trace_offer,0,VLAN4012.0,0,1,2937.76
1979,receive,1,VLAN4012.1,0,0,2937.76
1979,receive,7,LBNL_VLAN3001.1,3,5,25.5014
1982,send,0,VLAN4012.0,0,1,2937.76
1982,send,5,LBNL_VLAN3002.1,1,7,31.7089
1983,trace_offer,0,VLAN4012.0,0,1,2937.76
1983,trace_offer,5,LBNL_VLAN3002.1,1,7,31.7089
1980,receive,1,VLAN4012.1,0,0,2937.76
1983,send,0,VLAN4012.0,0,1,2937.76
1983,send,5,LBNL_VLAN3002.1,1,7,31.7089
1984,trace_offer,5,LBNL_VLAN3002.1,1,7,31.7089
1984,trace_offer,0,VLAN4012.0,0,1,2937.76
1981,receive,1,VLAN4012.1,0,0,2937.76
1981,receive,7,LBNL_VLAN3001.1,3,5,31.7089
1984,send,0,VLAN4012.0,0,1,2937.76
1984,send,5,LBNL_VLAN3002.1,1,7,31.7089
1985,trace_offer,5,LBNL_VLAN3002.1,1,7,31.7089
1985,trace_offer,0,VLAN4012.0,0,1,2937.76
1982,receive,1,VLAN4012.1,0,0,2937.76
1982,receive,1,VLAN4012.1,0,0,2937.76
1982,receive,7,LBNL_VLAN3001.1,3,5,63.4179
1985,send,5,LBNL_VLAN3002.1,1,7,31.7089
1985,send,0,VLAN4012.0,0,1,2937.76
1986,trace_offer,0,VLAN4012.0,0,1,2937.76
1986,trace_offer,5,LBNL_VLAN3002.1,1,7,31.7089
1983,receive,1,VLAN4012.1,0,0,2937.76
1986,send,5,LBNL_VLAN3002.1,1,7,31.7089
1986,send,0,VLAN4012.0,0,1,2937.76
1987,trace_offer,0,VLAN4012.0,0,1,2937.76
1987,trace_offer,5,LBNL_VLAN3002.1,1,7,31.7089
1984,receive,7,LBNL_VLAN3001.1,3,5,63.4179
1987,send,5,LBNL_VLAN3002.1,1,7,31.7089
1987,send,0,VLAN4012.0,0,1,2937.76
1988,trace_offer,0,VLAN4012.0,0,1,2937.76
1988,trace_offer,5,LBNL_VLAN3002.1,1,7,31.7089
1985,receive,1,VLAN4012.1,0,0,2937.76
1988,send,0,VLAN4012.0,0,1,2937.76
1988,send,5,LBNL_VLAN3002.1,1,7,31.7089
1989,trace_offer,5,LBNL_VLAN3002.1,1,7,31.7089
1989,trace_offer,0,VLAN4012.0,0,1,2937.76
1986,receive,1,VLAN4012.1,0,0,2937.76
1986,receive,7,LBNL_VLAN3001.1,3,5,31.7089
1989,send,5,LBNL_VLAN3002.1,1,7,31.7089
1989,send,0,VLAN4012.0,0,1,2937.76
1990,trace_offer,0,VLAN4012.0,0,1,2920.58
1990,trace_offer,5,LBNL_VLAN3002.1,1,7,25.1658
1987,receive,1,VLAN4012.1,0,0,2937.76
1987,receive,7,LBNL_VLAN3001.1,3,5,31.7089
1987,receive,1,VLAN4012.1,0,0,2937.76
1990,send,5,LBNL_VLAN3002.1,1,7,25.1658
1990,send,0,VLAN4012.0,0,1,2920.58
1991,trace_offer,0,VLAN4012.0,0,1,2920.58
1991,trace_offer,5,LBNL_VLAN3002.1,1,7,25.1658
1988,receive,1,VLAN4012.1,0,0,2920.58
1988,receive,7,LBNL_VLAN3001.1,3,5,31.7089
1991,send,5,LBNL_VLAN3002.1,1,7,25.1658
1991,send,0,VLAN4012.0,0,1,2920.58
1992,trace_offer,5,LBNL_VLAN3002.1,1,7,25.1658
1992,trace_offer,0,VLAN4012.0,0,1,2920.58
1989,receive,1,VLAN4012.1,0,0,2920.58
1989,receive,7,LBNL_VLAN3001.1,3,5,63.4179
1992,send,0,VLAN4012.0,0,1,2920.58
1992,send,5,LBNL_VLAN3002.1,1,7,25.1658
1993,trace_offer,0,VLAN4012.0,0,1,2920.58
1993,trace_offer,5,LBNL_VLAN3002.1,1,7,25.1658
1993,send,5,LBNL_VLAN3002.1,1,7,25.1658
1993,send,0,VLAN4012.0,0,1,2920.58
1994,trace_offer,0,VLAN4012.0,0,1,2920.58
1994,trace_offer,5,LBNL_VLAN3002.1,1,7,25.1658
1991,receive,7,LBNL_VLAN3001.1,3,5,25.1658
1991,receive,1,VLAN4012.1,0,0,2920.58
1991,receive,1,VLAN4012.1,0,0,2920.58
1994,send,5,LBNL_VLAN3002.1,1,7,25.1658
1994,send,0,VLAN4012.0,0,1,2920.58
1995,trace_offer,0,VLAN4012.0,0,1,2920.58
1995,trace_offer,5,LBNL_VLAN3002.1,1,7,25.1658
1992,receive,1,VLAN4012.1,0,0,2920.58
1992,receive,7,LBNL_VLAN3001.1,3,5,25.1658
1995,send,0,VLAN4012.0,0,1,2920.58
1995,send,5,LBNL_VLAN3002.1,1,7,25.1658
1996,trace_offer,5,LBNL_VLAN3002.1,1,7,25.1658
1996,trace_offer,0,VLAN4012.0,0,1,2920.58
1993,receive,7,LBNL_VLAN3001.1,3,5,50.3316
1996,send,0,VLAN4012.0,0,1,2920.58
1996,send,5,LBNL_VLAN3002.1,1,7,25.1658
1997,trace_offer,0,VLAN4012.0,0,1,2920.58
1997,trace_offer,5,LBNL_VLAN3002.1,1,7,25.1658
1994,receive,7,LBNL_VLAN3001.1,3,5,25.1658
1994,receive,1,VLAN4012.1,0,0,2920.58
1994,receive,1,VLAN4012.1,0,0,2920.58
1997,send,0,VLAN4012.0,0,1,2920.58
1997,send,5,LBNL_VLAN3002.1,1,7,25.1658
1998,trace_offer,5,LBNL_VLAN3002.1,1,7,25.1658
1998,trace_offer,0,VLAN4012.0,0,1,2920.58
1995,receive,1,VLAN4012.1,0,0,2920.58
1998,send,5,LBNL_VLAN3002.1,1,7,25.1658
1998,send,0,VLAN4012.0,0,1,2920.58
1999,trace_offer,0,VLAN4012.0,0,1,2920.58
1999,trace_offer,5,LBNL_VLAN3002.1,1,7,25.1658
1996,receive,7,LBNL_VLAN3001.1,3,5,25.1658
1999,send,5,LBNL_VLAN3002.1,1,7,25.1658
1999,send,0,VLAN4012.0,0,1,2920.58
2000,trace_offer,0,VLAN4012.0,0,1,2946.35
2000,trace_offer,5,LBNL_VLAN3002.1,1,7,31.7928
1997,receive,1,VLAN4012.1,0,0,2920.58
1997,receive,7,LBNL_VLAN3001.1,3,5,50.3316
1997,receive,1,VLAN4012.1,0,0,2920.58
2000,send,5,LBNL_VLAN3002.1,1,7,31.7928
2000,send,0,VLAN4012.0,0,1,2946.35
2001,trace_offer,0,VLAN4012.0,0,1,2946.35
2001,trace_offer,5,LBNL_VLAN3002.1,1,7,31.7928
1998,receive,1,VLAN4012.1,0,0,2946.35
2001,send,5,LBNL_VLAN3002.1,1,7,31.7928
2001,send,0,VLAN4012.0,0,1,2946.35
2002,trace_offer,0,VLAN4012.0,0,1,2946.35
2002,trace_offer,5,LBNL_VLAN3002.1,1,7,31.7928
1999,receive,1,VLAN4012.1,0,0,2946.35
1999,receive,7,LBNL_VLAN3001.1,3,5,50.3316
2002,send,5,LBNL_VLAN3002.1,1,7,31.7928
2002,send,0,VLAN4012.0,0,1,2946.35
2003,trace_offer,5,LBNL_VLAN3002.1,1,7,31.7928
2003,trace_offer,0,VLAN4012.0,0,1,2946.35
2000,receive,7,LBNL_VLAN3001.1,3,5,31.7928
2003,send,5,LBNL_VLAN3002.1,1,7,31.7928
2003,send,0,VLAN4012.0,0,1,2946.35
2004,trace_offer,5,LBNL_VLAN3002.1,1,7,31.7928
2004,trace_offer,0,VLAN4012.0,0,1,2946.35
2001,receive,7,LBNL_VLAN3001.1,3,5,31.7928
2001,receive,1,VLAN4012.1,0,0,2946.35
2004,send,0,VLAN4012.0,0,1,2946.35
2004,send,5,LBNL_VLAN3002.1,1,7,31.7928
2005,trace_offer,5,LBNL_VLAN3002.1,1,7,31.7928
2005,trace_offer,0,VLAN4012.0,0,1,2946.35
2002,receive,1,VLAN4012.1,0,0,2946.35
2002,receive,1,VLAN4012.1,0,0,2946.35
2002,receive,7,LBNL_VLAN3001.1,3,5,31.7928
2005,send,5,LBNL_VLAN3002.1,1,7,31.7928
2005,send,0,VLAN4012.0,0,1,2946.35
2006,trace_offer,0,VLAN4012.0,0,1,2946.35
2006,trace_offer,5,LBNL_VLAN3002.1,1,7,31.7928
2003,receive,1,VLAN4012.1,0,0,2946.35
2003,receive,7,LBNL_VLAN3001.1,3,5,31.7928
2006,send,5,LBNL_VLAN3002.1,1,7,31.7928
2006,send,0,VLAN4012.0,0,1,2946.35
2007,trace_offer,0,VLAN4012.0,0,1,2946.35
2007,trace_offer,5,LBNL_VLAN3002.1,1,7,31.7928
2004,receive,7,LBNL_VLAN3001.1,3,5,31.7928
2007,send,0,VLAN4012.0,0,1,2946.35
2007,send,5,LBNL_VLAN3002.1,1,7,31.7928
2008,trace_offer,0,VLAN4012.0,0,1,2946.35
2008,trace_offer,5,LBNL_VLAN3002.1,1,7,31.7928
2005,receive,1,VLAN4012.1,0,0,2946.35
2005,receive,7,LBNL_VLAN3001.1,3,5,31.7928
2008,send,5,LBNL_VLAN3002.1,1,7,31.7928
2008,send,0,VLAN4012.0,0,1,2946.35
2009,trace_offer,0,VLAN4012.0,0,1,2946.35
2009,trace_offer,5,LBNL_VLAN3002.1,1,7,31.7928
2006,receive,1,VLAN4012.1,0,0,2946.35
2006,receive,1,VLAN4012.1,0,0,2946.35
2009,send,5,LBNL_VLAN3002.1,1,7,31.7928
2009,send,0,VLAN4012.0,0,1,2946.35
2010,trace_offer,5,LBNL_VLAN3002.1,1,7,25.2497
2010,trace_offer,0,VLAN4012.0,0,1,2946.35
2007,receive,1,VLAN4012.1,0,0,2946.35
2007,receive,7,LBNL_VLAN3001.1,3,5,31.7928
2010,send,0,VLAN4012.0,0,1,2946.35
2010,send,5,LBNL_VLAN3002.1,1,7,25.2497
2011,trace_offer,0,VLAN4012.0,0,1,2946.35
2011,trace_offer,5,LBNL_VLAN3002.1,1,7,25.2497
2008,receive,7,LBNL_VLAN3001.1,3,5,63.5856
2011,send,0,VLAN4012.0,0,1,2946.35
2011,send,5,LBNL_VLAN3002.1,1,7,25.2497
2012,trace_offer,5,LBNL_VLAN3002.1,1,7,25.2497
2012,trace_offer,0,VLAN4012.0,0,1,2946.35
2009,receive,7,LBNL_VLAN3001.1,3,5,31.7928
2009,receive,1,VLAN4012.1,0,0,2946.35
2012,send,5,LBNL_VLAN3002.1,1,7,25.2497
2012,send,0,VLAN4012.0,0,1,2946.35
2013,trace_offer,0,VLAN4012.0,0,1,2946.35
2013,trace_offer,5,LBNL_VLAN3002.1,1,7,25.2497
2010,receive,1,VLAN4012.1,0,0,2946.35
2010,receive,1,VLAN4012.1,0,0,2946.35
2013,send,5,LBNL_VLAN3002.1,1,7,25.2497
2013,send,0,VLAN4012.0,0,1,2946.35
2014,trace_offer,0,VLAN4012.0,0,1,2946.35
2014,trace_offer,5,LBNL_VLAN3002.1,1,7,25.2497
2011,receive,7,LBNL_VLAN3001.1,3,5,50.4994
2014,send,0,VLAN4012.0,0,1,2946.35
2014,send,5,LBNL_VLAN3002.1,1,7,25.2497
2015,trace_offer,5,LBNL_VLAN3002.1,1,7,25.2497
2015,trace_offer,0,VLAN4012.0,0,1,2946.35
2012,receive,1,VLAN4012.1,0,0,2946.35
2012,receive,1,VLAN4012.1,0,0,2946.35
2015,send,0,VLAN4012.0,0,1,2946.35
2015,send,5,LBNL_VLAN3002.1,1,7,25.2497
2016,trace_offer,5,LBNL_VLAN3002.1,1,7,25.2497
2016,trace_offer,0,VLAN4012.0,0,1,2946.35
2013,receive,1,VLAN4012.1,0,0,2946.35
2013,receive,7,LBNL_VLAN3001.1,3,5,50.4994
2016,send,5,LBNL_VLAN3002.1,1,7,25.2497
2016,send,0,VLAN4012.0,0,1,2946.35
2017,trace_offer,5,LBNL_VLAN3002.1,1,7,25.2497
2017,trace_offer,0,VLAN4012.0,0,1,2946.35
2014,receive,7,LBNL_VLAN3001.1,3,5,25.2497
2017,send,5,LBNL_VLAN3002.1,1,7,25.2497
2017,send,0,VLAN4012.0,0,1,2946.35
2018,trace_offer,5,LBNL_VLAN3002.1,1,7,25.2497
2018,trace_offer,0,VLAN4012.0,0,1,2946.35
2015,receive,1,VLAN4012.1,0,0,2946.35
2018,send,5,LBNL_VLAN3002.1,1,7,25.2497
2018,send,0,VLAN4012.0,0,1,2946.35
2019,trace_offer,5,LBNL_VLAN3002.1,1,7,25.2497
2019,trace_offer,0,VLAN4012.0,0,1,2946.35
2016,receive,7,LBNL_VLAN3001.1,3,5,50.4994
2016,receive,1,VLAN4012.1,0,0,2946.35
2016,receive,1,VLAN4012.1,0,0,2946.35
2019,send,5,LBNL_VLAN3002.1,1,7,25.2497
2019,send,0,VLAN4012.0,0,1,2946.35
2020,trace_offer,5,LBNL_VLAN3002.1,1,7,31.1217
2020,trace_offer,0,VLAN4012.0,0,1,2963.53
2017,receive,7,LBNL_VLAN3001.1,3,5,25.2497
2017,receive,1,VLAN4012.1,0,0,2946.35
2020,send,0,VLAN4012.0,0,1,2963.53
2020,send,5,LBNL_VLAN3002.1,1,7,31.1217
2021,trace_offer,0,VLAN4012.0,0,1,2963.53
2021,trace_offer,5,LBNL_VLAN3002.1,1,7,31.1217
2021,send,5,LBNL_VLAN3002.1,1,7,31.1217
2021,send,0,VLAN4012.0,0,1,2963.53
2022,trace_offer,5,LBNL_VLAN3002.1,1,7,31.1217
2022,trace_offer,0,VLAN4012.0,0,1,2963.53
2019,receive,7,LBNL_VLAN3001.1,3,5,50.4994
2019,receive,1,VLAN4012.1,0,0,2963.53
2019,receive,1,VLAN4012.1,0,0,2963.53
2022,send,5,LBNL_VLAN3002.1,1,7,31.1217
2022,send,0,VLAN4012.0,0,1,2963.53
2023,trace_offer,0,VLAN4012.0,0,1,2963.53
2023,trace_offer,5,LBNL_VLAN3002.1,1,7,31.1217
2023,send,5,LBNL_VLAN3002.1,1,7,31.1217
2023,send,0,VLAN4012.0,0,1,2963.53
2024,trace_offer,5,LBNL_VLAN3002.1,1,7,31.1217
2024,trace_offer,0,VLAN4012.0,0,1,2963.53
2021,receive,1,VLAN4012.1,0,0,2963.53
2021,receive,7,LBNL_VLAN3001.1,3,5,62.2435
2024,send,5,LBNL_VLAN3002.1,1,7,31.1217
2024,send,0,VLAN4012.0,0,1,2963.53
2025,trace_offer,5,LBNL_VLAN3002.1,1,7,31.1217
2025,trace_offer,0,VLAN4012.0,0,1,2963.53
2022,receive,1,VLAN4012.1,0,0,2963.53
2022,receive,1,VLAN4012.1,0,0,2963.53
2022,receive,7,LBNL_VLAN3001.1,3,5,31.1217
2025,send,0,VLAN4012.0,0,1,2963.53
2025,send,5,LBNL_VLAN3002.1,1,7,31.1217
2026,trace_offer,0,VLAN4012.0,0,1,2963.53
2026,trace_offer,5,LBNL_VLAN3002.1,1,7,31.1217
2023,receive,7,LBNL_VLAN3001.1,3,5,31.1217
2026,send,0,VLAN4012.0,0,1,2963.53
2026,send,5,LBNL_VLAN3002.1,1,7,31.1217
2027,trace_offer,5,LBNL_VLAN3002.1,1,7,31.1217
2027,trace_offer,0,VLAN4012.0,0,1,2963.53
2024,receive,7,LBNL_VLAN3001.1,3,5,31.1217
2024,receive,1,VLAN4012.1,0,0,2963.53
2024,receive,1,VLAN4012.1,0,0,2963.53
2027,send,5,LBNL_VLAN3002.1,1,7,31.1217
2027,send,0,VLAN4012.0,0,1,2963.53
2028,trace_offer,0,VLAN4012.0,0,1,2963.53
2028,trace_offer,5,LBNL_VLAN3002.1,1,7,31.1217
2025,receive,1,VLAN4012.1,0,0,2963.53
2028,send,0,VLAN4012.0,0,1,2963.53
2028,send,5,LBNL_VLAN3002.1,1,7,31.1217
2029,trace_offer,5,LBNL_VLAN3002.1,1,7,31.1217
2029,trace_offer,0,VLAN4012.0,0,1,2963.53
2026,receive,1,VLAN4012.1,0,0,2963.53
2026,receive,7,LBNL_VLAN3001.1,3,5,62.2435
2029,send,0,VLAN4012.0,0,1,2963.53
2029,send,5,LBNL_VLAN3002.1,1,7,31.1217
2030,trace_offer,5,LBNL_VLAN3002.1,1,7,24.9981
2030,trace_offer,0,VLAN4012.0,0,1,2972.12
2027,receive,7,LBNL_VLAN3001.1,3,5,31.1217
2027,receive,1,VLAN4012.1,0,0,2963.53
2030,send,0,VLAN4012.0,0,1,2972.12
2030,send,5,LBNL_VLAN3002.1,1,7,24.9981
2031,trace_offer,5,LBNL_VLAN3002.1,1,7,24.9981
2031,trace_offer,0,VLAN4012.0,0,1,2972.12
2028,receive,1,VLAN4012.1,0,0,2972.12
2031,send,0,VLAN4012.0,0,1,2972.12
2031,send,5,LBNL_VLAN3002.1,1,7,24.9981
2032,trace_offer,0,VLAN4012.0,0,1,2972.12
2032,trace_offer,5,LBNL_VLAN3002.1,1,7,24.9981
2029,receive,7,LBNL_VLAN3001.1,3,5,62.2435
2032,send,5,LBNL_VLAN3002.1,1,7,24.9981
2032,send,0,VLAN4012.0,0,1,2972.12
2033,trace_offer,0,VLAN4012.0,0,1,2972.12
2033,trace_offer,5,LBNL_VLAN3002.1,1,7,24.9981
2030,receive,1,VLAN4012.1,0,0,2972.12
2030,receive,1,VLAN4012.1,0,0,2972.12
2033,send,0,VLAN4012.0,0,1,2972.12
2033,send,5,LBNL_VLAN3002.1,1,7,24.9981
2034,trace_offer,5,LBNL_VLAN3002.1,1,7,24.9981
2034,trace_offer,0,VLAN4012.0,0,1,2972.12
2031,receive,1,VLAN4012.1,0,0,2972.12
2031,receive,7,LBNL_VLAN3001.1,3,5,24.9981
2034,send,5,LBNL_VLAN3002.1,1,7,24.9981
2034,send,0,VLAN4012.0,0,1,2972.12
2035,trace_offer,5,LBNL_VLAN3002.1,1,7,24.9981
2035,trace_offer,0,VLAN4012.0,0,1,2972.12
2032,receive,1,VLAN4012.1,0,0,2972.12
2032,receive,7,LBNL_VLAN3001.1,3,5,49.9961
2035,send,5,LBNL_VLAN3002.1,1,7,24.9981
2035,send,0,VLAN4012.0,0,1,2972.12
2036,trace_offer,0,VLAN4012.0,0,1,2972.12
2036,trace_offer,5,LBNL_VLAN3002.1,1,7,24.9981
2033,receive,1,VLAN4012.1,0,0,2972.12
2036,send,5,LBNL_VLAN3002.1,1,7,24.9981
2036,send,0,VLAN4012.0,0,1,2972.12
2037,trace_offer,0,VLAN4012.0,0,1,2972.12
2037,trace_offer,5,LBNL_VLAN3002.1,1,7,24.9981
2034,receive,7,LBNL_VLAN3001.1,3,5,49.9961
2037,send,0,VLAN4012.0,0,1,2972.12
2037,send,5,LBNL_VLAN3002.1,1,7,24.9981
2038,trace_offer,5,LBNL_VLAN3002.1,1,7,24.9981
2038,trace_offer,0,VLAN4012.0,0,1,2972.12
2035,receive,1,VLAN4012.1,0,0,2972.12
2035,receive,1,VLAN4012.1,0,0,2972.12
2038,send,5,LBNL_VLAN3002.1,1,7,24.9981
2038,send,0,VLAN4012.0,0,1,2972.12
2039,trace_offer,5,LBNL_VLAN3002.1,1,7,24.9981
2039,trace_offer,0,VLAN4012.0,0,1,2972.12
2036,receive,1,VLAN4012.1,0,0,2972.12
2036,receive,7,LBNL_VLAN3001.1,3,5,24.9981
2039,send,5,LBNL_VLAN3002.1,1,7,24.9981
2039,send,0,VLAN4012.0,0,1,2972.12
2040,trace_offer,5,LBNL_VLAN3002.1,1,7,31.2056
2040,trace_offer,0,VLAN4012.0,0,1,2980.71
2037,receive,1,VLAN4012.1,0,0,2972.12
2037,receive,7,LBNL_VLAN3001.1,3,5,49.9961
2040,send,5,LBNL_VLAN3002.1,1,7,31.2056
2040,send,0,VLAN4012.0,0,1,2980.71
2041,trace_offer,0,VLAN4012.0,0,1,2980.71
2041,trace_offer,5,LBNL_VLAN3002.1,1,7,31.2056
2038,receive,7,LBNL_VLAN3001.1,3,5,24.9981
2041,send,0,VLAN4012.0,0,1,2980.71
2041,send,5,LBNL_VLAN3002.1,1,7,31.2056
2042,trace_offer,0,VLAN4012.0,0,1,2980.71
2042,trace_offer,5,LBNL_VLAN3002.1,1,7,31.2056
2039,receive,1,VLAN4012.1,0,0,2980.71
2039,receive,7,LBNL_VLAN3001.1,3,5,24.9981
2042,send,5,LBNL_VLAN3002.1,1,7,31.2056
2042,send,0,VLAN4012.0,0,1,2980.71
2043,trace_offer,0,VLAN4012.0,0,1,2980.71
2043,trace_offer,5,LBNL_VLAN3002.1,1,7,31.2056
2040,receive,1,VLAN4012.1,0,0,2980.71
2040,receive,1,VLAN4012.1,0,0,2980.71
2043,send,5,LBNL_VLAN3002.1,1,7,31.2056
2043,send,0,VLAN4012.0,0,1,2980.71
2044,trace_offer,5,LBNL_VLAN3002.1,1,7,31.2056
2044,trace_offer,0,VLAN4012.0,0,1,2980.71
2041,receive,1,VLAN4012.1,0,0,2980.71
2041,receive,7,LBNL_VLAN3001.1,3,5,62.4112
2044,send,5,LBNL_VLAN3002.1,1,7,31.2056
2044,send,0,VLAN4012.0,0,1,2980.71
2045,trace_offer,0,VLAN4012.0,0,1,2980.71
2045,trace_offer,5,LBNL_VLAN3002.1,1,7,31.2056
2042,receive,7,LBNL_VLAN3001.1,3,5,31.2056
2042,receive,1,VLAN4012.1,0,0,2980.71
2045,send,0,VLAN4012.0,0,1,2980.71
2045,send,5,LBNL_VLAN3002.1,1,7,31.2056
2046,trace_offer,0,VLAN4012.0,0,1,2980.71
2046,trace_offer,5,LBNL_VLAN3002.1,1,7,31.2056
2046,send,5,LBNL_VLAN3002.1,1,7,31.2056
2046,send,0,VLAN4012.0,0,1,2980.71
2047,trace_offer,5,LBNL_VLAN3002.1,1,7,31.2056
2047,trace_offer,0,VLAN4012.0,0,1,2980.71
2044,receive,7,LBNL_VLAN3001.1,3,5,62.4112
2044,receive,1,VLAN4012.1,0,0,2980.71
2047,send,5,LBNL_VLAN3002.1,1,7,31.2056
2047,send,0,VLAN4012.0,0,1,2980.71
2048,trace_offer,0,VLAN4012.0,0,1,2980.71
2048,trace_offer,5,LBNL_VLAN3002.1,1,7,31.2056
2045,receive,1,VLAN4012.1,0,0,2980.71
2048,send,0,VLAN4012.0,0,1,2980.71
2048,send,5,LBNL_VLAN3002.1,1,7,31.2056
2049,trace_offer,5,LBNL_VLAN3002.1,1,7,31.2056
2049,trace_offer,0,VLAN4012.0,0,1,2980.71
2046,receive,1,VLAN4012.1,0,0,2980.71
2046,receive,7,LBNL_VLAN3001.1,3,5,62.4112
2046,receive,1,VLAN4012.1,0,0,2980.71
2049,send,0,VLAN4012.0,0,1,2980.71
2049,send,5,LBNL_VLAN3002.1,1,7,31.2056
2050,trace_offer,0,VLAN4012.0,0,1,2972.12
2050,trace_offer,5,LBNL_VLAN3002.1,1,7,24.9981
2047,receive,1,VLAN4012.1,0,0,2980.71
2047,receive,7,LBNL_VLAN3001.1,3,5,31.2056
2050,send,0,VLAN4012.0,0,1,2972.12
2050,send,5,LBNL_VLAN3002.1,1,7,24.9981
2051,trace_offer,5,LBNL_VLAN3002.1,1,7,24.9981
2051,trace_offer,0,VLAN4012.0,0,1,2972.12
2051,send,5,LBNL_VLAN3002.1,1,7,24.9981
2051,send,0,VLAN4012.0,0,1,2972.12
2052,trace_offer,5,LBNL_VLAN3002.1,1,7,24.9981
2052,trace_offer,0,VLAN4012.0,0,1,2972.12
2049,receive,7,LBNL_VLAN3001.1,3,5,62.4112
2049,receive,1,VLAN4012.1,0,0,2972.12
2049,receive,1,VLAN4012.1,0,0,2972.12
2052,send,0,VLAN4012.0,0,1,2972.12
2052,send,5,LBNL_VLAN3002.1,1,7,24.9981
2053,trace_offer,0,VLAN4012.0,0,1,2972.12
2053,trace_offer,5,LBNL_VLAN3002.1,1,7,24.9981
2050,receive,7,LBNL_VLAN3001.1,3,5,24.9981
2050,receive,1,VLAN4012.1,0,0,2972.12
2053,send,0,VLAN4012.0,0,1,2972.12
2053,send,5,LBNL_VLAN3002.1,1,7,24.9981
2054,trace_offer,5,LBNL_VLAN3002.1,1,7,24.9981
2054,trace_offer,0,VLAN4012.0,0,1,2972.12
2051,receive,7,LBNL_VLAN3001.1,3,5,24.9981
2054,send,0,VLAN4012.0,0,1,2972.12
2054,send,5,LBNL_VLAN3002.1,1,7,24.9981
2055,trace_offer,0,VLAN4012.0,0,1,2972.12
2055,trace_offer,5,LBNL_VLAN3002.1,1,7,24.9981
2052,receive,1,VLAN4012.1,0,0,2972.12
2052,receive,1,VLAN4012.1,0,0,2972.12
2055,send,5,LBNL_VLAN3002.1,1,7,24.9981
2055,send,0,VLAN4012.0,0,1,2972.12
2056,trace_offer,5,LBNL_VLAN3002.1,1,7,24.9981
2056,trace_offer,0,VLAN4012.0,0,1,2972.12
2053,receive,7,LBNL_VLAN3001.1,3,5,49.9961
2053,receive,1,VLAN4012.1,0,0,2972.12
2056,send,0,VLAN4012.0,0,1,2972.12
2056,send,5,LBNL_VLAN3002.1,1,7,24.9981
2057,trace_offer,5,LBNL_VLAN3002.1,1,7,24.9981
2057,trace_offer,0,VLAN4012.0,0,1,2972.12
2054,receive,7,LBNL_VLAN3001.1,3,5,24.9981
2057,send,5,LBNL_VLAN3002.1,1,7,24.9981
2057,send,0,VLAN4012.0,0,1,2972.12
2058,trace_offer,5,LBNL_VLAN3002.1,1,7,24.9981
2058,trace_offer,0,VLAN4012.0,0,1,2972.12
2055,receive,1,VLAN4012.1,0,0,2972.12
2055,receive,1,VLAN4012.1,0,0,2972.12
2058,send,0,VLAN4012.0,0,1,2972.12
2058,send,5,LBNL_VLAN3002.1,1,7,24.9981
2059,trace_offer,0,VLAN4012.0,0,1,2972.12
2059,trace_offer,5,LBNL_VLAN3002.1,1,7,24.9981
2056,receive,7,LBNL_VLAN3001.1,3,5,24.9981
2059,send,5,LBNL_VLAN3002.1,1,7,24.9981
2059,send,0,VLAN4012.0,0,1,2972.12
2060,trace_offer,5,LBNL_VLAN3002.1,1,7,31.1217
2060,trace_offer,0,VLAN4012.0,0,1,2954.94
2057,receive,7,LBNL_VLAN3001.1,3,5,49.9961
2057,receive,1,VLAN4012.1,0,0,2972.12
2057,receive,1,VLAN4012.1,0,0,2972.12
2060,send,0,VLAN4012.0,0,1,2954.94
2060,send,5,LBNL_VLAN3002.1,1,7,31.1217
2061,trace_offer,5,LBNL_VLAN3002.1,1,7,31.1217
2061,trace_offer,0,VLAN4012.0,0,1,2954.94
2058,receive,7,LBNL_VLAN3001.1,3,5,24.9981
2061,send,0,VLAN4012.0,0,1,2954.94
2061,send,5,LBNL_VLAN3002.1,1,7,31.1217
2062,trace_offer,5,LBNL_VLAN3002.1,1,7,31.1217
2062,trace_offer,0,VLAN4012.0,0,1,2954.94
2059,receive,1,VLAN4012.1,0,0,2954.94
2059,receive,7,LBNL_VLAN3001.1,3,5,24.9981
2062,send,0,VLAN4012.0,0,1,2954.94
2062,send,5,LBNL_VLAN3002.1,1,7,31.1217
2063,trace_offer,0,VLAN4012.0,0,1,2954.94
2063,trace_offer,5,LBNL_VLAN3002.1,1,7,31.1217
2060,receive,1,VLAN4012.1,0,0,2954.94
2060,receive,1,VLAN4012.1,0,0,2954.94
2063,send,0,VLAN4012.0,0,1,2954.94
2063,send,5,LBNL_VLAN3002.1,1,7,31.1217
2064,trace_offer,0,VLAN4012.0,0,1,2954.94
2064,trace_offer,5,LBNL_VLAN3002.1,1,7,31.1217
2061,receive,7,LBNL_VLAN3001.1,3,5,31.1217
2061,receive,1,VLAN4012.1,0,0,2954.94
2064,send,0,VLAN4012.0,0,1,2954.94
2064,send,5,LBNL_VLAN3002.1,1,7,31.1217
2065,trace_offer,5,LBNL_VLAN3002.1,1,7,31.1217
2065,trace_offer,0,VLAN4012.0,0,1,2954.94
2062,receive,1,VLAN4012.1,0,0,2954.94
2062,receive,7,LBNL_VLAN3001.1,3,5,62.2435
2065,send,5,LBNL_VLAN3002.1,1,7,31.1217
2065,send,0,VLAN4012.0,0,1,2954.94
2066,trace_offer,0,VLAN4012.0,0,1,2954.94
2066,trace_offer,5,LBNL_VLAN3002.1,1,7,31.1217
2063,receive,1,VLAN4012.1,0,0,2954.94
2063,receive,7,LBNL_VLAN3001.1,3,5,31.1217
2066,send,5,LBNL_VLAN3002.1,1,7,31.1217
2066,send,0,VLAN4012.0,0,1,2954.94
2067,trace_offer,0,VLAN4012.0,0,1,2954.94
2067,trace_offer,5,LBNL_VLAN3002.1,1,7,31.1217
2064,receive,7,LBNL_VLAN3001.1,3,5,31.1217
2067,send,0,VLAN4012.0,0,1,2954.94
2067,send,5,LBNL_VLAN3002.1,1,7,31.1217
2068,trace_offer,5,LBNL_VLAN3002.1,1,7,31.1217
2068,trace_offer,0,VLAN4012.0,0,1,2954.94
2065,receive,7,LBNL_VLAN3001.1,3,5,31.1217
2065,receive,1,VLAN4012.1,0,0,2954.94
2068,send,0,VLAN4012.0,0,1,2954.94
2068,send,5,LBNL_VLAN3002.1,1,7,31.1217
2069,trace_offer,5,LBNL_VLAN3002.1,1,7,31.1217
2069,trace_offer,0,VLAN4012.0,0,1,2954.94
2066,receive,1,VLAN4012.1,0,0,2954.94
2069,send,5,LBNL_VLAN3002.1,1,7,31.1217
2069,send,0,VLAN4012.0,0,1,2954.94
2070,trace_offer,5,LBNL_VLAN3002.1,1,7,24.9981
2070,trace_offer,0,VLAN4012.0,0,1,2954.94
2067,receive,7,LBNL_VLAN3001.1,3,5,31.1217
2067,receive,1,VLAN4012.1,0,0,2954.94
2067,receive,1,VLAN4012.1,0,0,2954.94
2070,send,5,LBNL_VLAN3002.1,1,7,24.9981
2070,send,0,VLAN4012.0,0,1,2954.94
2071,trace_offer,0,VLAN4012.0,0,1,2954.94
2071,trace_offer,5,LBNL_VLAN3002.1,1,7,24.9981
2068,receive,1,VLAN4012.1,0,0,2954.94
2068,receive,7,LBNL_VLAN3001.1,3,5,62.2435
2071,send,5,LBNL_VLAN3002.1,1,7,24.9981
2071,send,0,VLAN4012.0,0,1,2954.94
2072,trace_offer,5,LBNL_VLAN3002.1,1,7,24.9981
2072,trace_offer,0,VLAN4012.0,0,1,2954.94
2069,receive,1,VLAN4012.1,0,0,2954.94
2069,receive,7,LBNL_VLAN3001.1,3,5,31.1217
2072,send,5,LBNL_VLAN3002.1,1,7,24.9981
2072,send,0,VLAN4012.0,0,1,2954.94
2073,trace_offer,5,LBNL_VLAN3002.1,1,7,24.9981
2073,trace_offer,0,VLAN4012.0,0,1,2954.94
2073,send,0,VLAN4012.0,0,1,2954.94
2073,send,5,LBNL_VLAN3002.1,1,7,24.9981
2074,trace_offer,0,VLAN4012.0,0,1,2954.94
2074,trace_offer,5,LBNL_VLAN3002.1,1,7,24.9981
2071,receive,1,VLAN4012.1,0,0,2954.94
2071,receive,7,LBNL_VLAN3001.1,3,5,49.9961
2074,send,0,VLAN4012.0,0,1,2954.94
2074,send,5,LBNL_VLAN3002.1,1,7,24.9981
2075,trace_offer,5,LBNL_VLAN3002.1,1,7,24.9981
2075,trace_offer,0,VLAN4012.0,0,1,2954.94
2072,receive,1,VLAN4012.1,0,0,2954.94
2072,receive,1,VLAN4012.1,0,0,2954.94
2075,send,5,LBNL_VLAN3002.1,1,7,24.9981
2075,send,0,VLAN4012.0,0,1,2954.94
2076,trace_offer,0,VLAN4012.0,0,1,2954.94
2076,trace_offer,5,LBNL_VLAN3002.1,1,7,24.9981
2073,receive,7,LBNL_VLAN3001.1,3,5,49.9961
2076,send,5,LBNL_VLAN3002.1,1,7,24.9981
2076,send,0,VLAN4012.0,0,1,2954.94
2077,trace_offer,5,LBNL_VLAN3002.1,1,7,24.9981
2077,trace_offer,0,VLAN4012.0,0,1,2954.94
2074,receive,7,LBNL_VLAN3001.1,3,5,24.9981
2074,receive,1,VLAN4012.1,0,0,2954.94
2077,send,0,VLAN4012.0,0,1,2954.94
2077,send,5,LBNL_VLAN3002.1,1,7,24.9981
2078,trace_offer,0,VLAN4012.0,0,1,2954.94
2078,trace_offer,5,LBNL_VLAN3002.1,1,7,24.9981
2075,receive,7,LBNL_VLAN3001.1,3,5,24.9981
2075,receive,1,VLAN4012.1,0,0,2954.94
2075,receive,1,VLAN4012.1,0,0,2954.94
2078,send,0,VLAN4012.0,0,1,2954.94
2078,send,5,LBNL_VLAN3002.1,1,7,24.9981
2079,trace_offer,0,VLAN4012.0,0,1,2954.94
2079,trace_offer,5,LBNL_VLAN3002.1,1,7,24.9981
2079,send,0,VLAN4012.0,0,1,2954.94
2079,send,5,LBNL_VLAN3002.1,1,7,24.9981
2080,trace_offer,5,LBNL_VLAN3002.1,1,7,31.2056
2080,trace_offer,0,VLAN4012.0,0,1,2937.76
2077,receive,7,LBNL_VLAN3001.1,3,5,49.9961
2077,receive,1,VLAN4012.1,0,0,2954.94
2077,receive,1,VLAN4012.1,0,0,2954.94
2080,send,0,VLAN4012.0,0,1,2937.76
2080,send,5,LBNL_VLAN3002.1,1,7,31.2056
2081,trace_offer,0,VLAN4012.0,0,1,2937.76
2081,trace_offer,5,LBNL_VLAN3002.1,1,7,31.2056
2078,receive,1,VLAN4012.1,0,0,2937.76
2081,send,0,VLAN4012.0,0,1,2937.76
2081,send,5,LBNL_VLAN3002.1,1,7,31.2056
2082,trace_offer,5,LBNL_VLAN3002.1,1,7,31.2056
2082,trace_offer,0,VLAN4012.0,0,1,2937.76
2079,receive,1,VLAN4012.1,0,0,2937.76
2079,receive,7,LBNL_VLAN3001.1,3,5,49.9961
2082,send,0,VLAN4012.0,0,1,2937.76
2082,send,5,LBNL_VLAN3002.1,1,7,31.2056
2083,trace_offer,5,LBNL_VLAN3002.1,1,7,31.2056
2083,trace_offer,0,VLAN4012.0,0,1,2937.76
2080,receive,1,VLAN4012.1,0,0,2937.76
2080,receive,7,LBNL_VLAN3001.1,3,5,31.2056
2083,send,0,VLAN4012.0,0,1,2937.76
2083,send,5,LBNL_VLAN3002.1,1,7,31.2056
2084,trace_offer,5,LBNL_VLAN3002.1,1,7,31.2056
2084,trace_offer,0,VLAN4012.0,0,1,2937.76
2081,receive,7,LBNL_VLAN3001.1,3,5,31.2056
2084,send,5,LBNL_VLAN3002.1,1,7,31.2056
2084,send,0,VLAN4012.0,0,1,2937.76
2085,trace_offer,0,VLAN4012.0,0,1,2937.76
2085,trace_offer,5,LBNL_VLAN3002.1,1,7,31.2056
2082,receive,1,VLAN4012.1,0,0,2937.76
2082,receive,1,VLAN4012.1,0,0,2937.76
2085,send,5,LBNL_VLAN3002.1,1,7,31.2056
2085,send,0,VLAN4012.0,0,1,2937.76
2086,trace_offer,0,VLAN4012.0,0,1,2937.76
2086,trace_offer,5,LBNL_VLAN3002.1,1,7,31.2056
2083,receive,7,LBNL_VLAN3001.1,3,5,31.2056
2083,receive,1,VLAN4012.1,0,0,2937.76
2086,send,0,VLAN4012.0,0,1,2937.76
2086,send,5,LBNL_VLAN3002.1,1,7,31.2056
2087,trace_offer,0,VLAN4012.0,0,1,2937.76
2087,trace_offer,5,LBNL_VLAN3002.1,1,7,31.2056
2084,receive,7,LBNL_VLAN3001.1,3,5,62.4112
2084,receive,1,VLAN4012.1,0,0,2937.76
2087,send,0,VLAN4012.0,0,1,2937.76
2087,send,5,LBNL_VLAN3002.1,1,7,31.2056
2088,trace_offer,5,LBNL_VLAN3002.1,1,7,31.2056
2088,trace_offer,0,VLAN4012.0,0,1,2937.76
2088,send,0,VLAN4012.0,0,1,2937.76
2088,send,5,LBNL_VLAN3002.1,1,7,31.2056
2089,trace_offer,0,VLAN4012.0,0,1,2937.76
2089,trace_offer,5,LBNL_VLAN3002.1,1,7,31.2056
2086,receive,1,VLAN4012.1,0,0,2937.76
2086,receive,1,VLAN4012.1,0,0,2937.76
2086,receive,7,LBNL_VLAN3001.1,3,5,31.2056
2089,send,0,VLAN4012.0,0,1,2937.76
2089,send,5,LBNL_VLAN3002.1,1,7,31.2056
2090,trace_offer,0,VLAN4012.0,0,1,2946.35
2090,trace_offer,5,LBNL_VLAN3002.1,1,7,24.8303
2087,receive,7,LBNL_VLAN3001.1,3,5,31.2056
2087,receive,1,VLAN4012.1,0,0,2937.76
2090,send,5,LBNL_VLAN3002.1,1,7,24.8303
2090,send,0,VLAN4012.0,0,1,2946.35
2091,trace_offer,0,VLAN4012.0,0,1,2946.35
2091,trace_offer,5,LBNL_VLAN3002.1,1,7,24.8303
2088,receive,7,LBNL_VLAN3001.1,3,5,62.4112
2091,send,0,VLAN4012.0,0,1,2946.35
2091,send,5,LBNL_VLAN3002.1,1,7,24.8303
2092,trace_offer,0,VLAN4012.0,0,1,2946.35
2092,trace_offer,5,LBNL_VLAN3002.1,1,7,24.8303
2089,receive,1,VLAN4012.1,0,0,2946.35
2089,receive,7,LBNL_VLAN3001.1,3,5,31.2056
2092,send,5,LBNL_VLAN3002.1,1,7,24.8303
2092,send,0,VLAN4012.0,0,1,2946.35
2093,trace_offer,0,VLAN4012.0,0,1,2946.35
2093,trace_offer,5,LBNL_VLAN3002.1,1,7,24.8303
2090,receive,1,VLAN4012.1,0,0,2946.35
2093,send,5,LBNL_VLAN3002.1,1,7,24.8303
2093,send,0,VLAN4012.0,0,1,2946.35
2094,trace_offer,5,LBNL_VLAN3002.1,1,7,24.8303
2094,trace_offer,0,VLAN4012.0,0,1,2946.35
2091,receive,1,VLAN4012.1,0,0,2946.35
2091,receive,7,LBNL_VLAN3001.1,3,5,49.6606
2091,receive,1,VLAN4012.1,0,0,2946.35
2094,send,0,VLAN4012.0,0,1,2946.35
2094,send,5,LBNL_VLAN3002.1,1,7,24.8303
2095,trace_offer,5,LBNL_VLAN3002.1,1,7,24.8303
2095,trace_offer,0,VLAN4012.0,0,1,2946.35
2092,receive,7,LBNL_VLAN3001.1,3,5,24.8303
2092,receive,1,VLAN4012.1,0,0,2946.35
2095,send,0,VLAN4012.0,0,1,2946.35
2095,send,5,LBNL_VLAN3002.1,1,7,24.8303
2096,trace_offer,0,VLAN4012.0,0,1,2946.35
2096,trace_offer,5,LBNL_VLAN3002.1,1,7,24.8303
2093,receive,1,VLAN4012.1,0,0,2946.35
2096,send,0,VLAN4012.0,0,1,2946.35
2096,send,5,LBNL_VLAN3002.1,1,7,24.8303
2097,trace_offer,0,VLAN4012.0,0,1,2946.35
2097,trace_offer,5,LBNL_VLAN3002.1,1,7,24.8303
2094,receive,7,LBNL_VLAN3001.1,3,5,49.6606
2097,send,0,VLAN4012.0,0,1,2946.35
2097,send,5,LBNL_VLAN3002.1,1,7,24.8303
2098,trace_offer,0,VLAN4012.0,0,1,2946.35
2098,trace_offer,5,LBNL_VLAN3002.1,1,7,24.8303
2095,receive,1,VLAN4012.1,0,0,2946.35
2095,receive,1,VLAN4012.1,0,0,2946.35
2098,send,5,LBNL_VLAN3002.1,1,7,24.8303
2098,send,0,VLAN4012.0,0,1,2946.35
2099,trace_offer,0,VLAN4012.0,0,1,2946.35
2099,trace_offer,5,LBNL_VLAN3002.1,1,7,24.8303
2096,receive,7,LBNL_VLAN3001.1,3,5,49.6606
2096,receive,1,VLAN4012.1,0,0,2946.35
2099,send,5,LBNL_VLAN3002.1,1,7,24.8303
2099,send,0,VLAN4012.0,0,1,2946.35
2100,trace_offer,5,LBNL_VLAN3002.1,1,7,31.4573
2100,trace_offer,0,VLAN4012.0,0,1,2946.35
2097,receive,1,VLAN4012.1,0,0,2946.35
2097,receive,7,LBNL_VLAN3001.1,3,5,24.8303
2100,send,0,VLAN4012.0,0,1,2946.35
2100,send,5,LBNL_VLAN3002.1,1,7,31.4573
2101,trace_offer,0,VLAN4012.0,0,1,2946.35
2101,trace_offer,5,LBNL_VLAN3002.1,1,7,31.4573
2101,send,0,VLAN4012.0,0,1,2946.35
2101,send,5,LBNL_VLAN3002.1,1,7,31.4573
2102,trace_offer,5,LBNL_VLAN3002.1,1,7,31.4573
2102,trace_offer,0,VLAN4012.0,0,1,2946.35
2099,receive,7,LBNL_VLAN3001.1,3,5,49.6606
2099,receive,1,VLAN4012.1,0,0,2946.35
2102,send,0,VLAN4012.0,0,1,2946.35
2102,send,5,LBNL_VLAN3002.1,1,7,31.4573
2103,trace_offer,0,VLAN4012.0,0,1,2946.35
2103,trace_offer,5,LBNL_VLAN3002.1,1,7,31.4573
2100,receive,1,VLAN4012.1,0,0,2946.35
2100,receive,1,VLAN4012.1,0,0,2946.35
2103,send,0,VLAN4012.0,0,1,2946.35
2103,send,5,LBNL_VLAN3002.1,1,7,31.4573
2104,trace_offer,0,VLAN4012.0,0,1,2946.35
2104,trace_offer,5,LBNL_VLAN3002.1,1,7,31.4573
2101,receive,1,VLAN4012.1,0,0,2946.35
2101,receive,7,LBNL_VLAN3001.1,3,5,31.4573
2104,send,0,VLAN4012.0,0,1,2946.35
2104,send,5,LBNL_VLAN3002.1,1,7,31.4573
2105,trace_offer,5,LBNL_VLAN3002.1,1,7,31.4573
2105,trace_offer,0,VLAN4012.0,0,1,2946.35
2102,receive,1,VLAN4012.1,0,0,2946.35
2102,receive,7,LBNL_VLAN3001.1,3,5,31.4573
2105,send,5,LBNL_VLAN3002.1,1,7,31.4573
2105,send,0,VLAN4012.0,0,1,2946.35
2106,trace_offer,0,VLAN4012.0,0,1,2946.35
2106,trace_offer,5,LBNL_VLAN3002.1,1,7,31.4573
2103,receive,1,VLAN4012.1,0,0,2946.35
2103,receive,7,LBNL_VLAN3001.1,3,5,62.9146
2106,send,5,LBNL_VLAN3002.1,1,7,31.4573
2106,send,0,VLAN4012.0,0,1,2946.35
2107,trace_offer,0,VLAN4012.0,0,1,2946.35
2107,trace_offer,5,LBNL_VLAN3002.1,1,7,31.4573
2104,receive,7,LBNL_VLAN3001.1,3,5,31.4573
2107,send,5,LBNL_VLAN3002.1,1,7,31.4573
2107,send,0,VLAN4012.0,0,1,2946.35
2108,trace_offer,0,VLAN4012.0,0,1,2946.35
2108,trace_offer,5,LBNL_VLAN3002.1,1,7,31.4573
2105,receive,1,VLAN4012.1,0,0,2946.35
2108,send,5,LBNL_VLAN3002.1,1,7,31.4573
2108,send,0,VLAN4012.0,0,1,2946.35
2109,trace_offer,5,LBNL_VLAN3002.1,1,7,31.4573
2109,trace_offer,0,VLAN4012.0,0,1,2946.35
2106,receive,1,VLAN4012.1,0,0,2946.35
2106,receive,1,VLAN4012.1,0,0,2946.35
2106,receive,7,LBNL_VLAN3001.1,3,5,31.4573
2109,send,5,LBNL_VLAN3002.1,1,7,31.4573
2109,send,0,VLAN4012.0,0,1,2946.35
2110,trace_offer,5,LBNL_VLAN3002.1,1,7,25.5014
2110,trace_offer,0,VLAN4012.0,0,1,2946.35
2107,receive,1,VLAN4012.1,0,0,2946.35
2107,receive,7,LBNL_VLAN3001.1,3,5,31.4573
2110,send,5,LBNL_VLAN3002.1,1,7,25.5014
2110,send,0,VLAN4012.0,0,1,2946.35
2111,trace_offer,5,LBNL_VLAN3002.1,1,7,25.5014
2111,trace_offer,0,VLAN4012.0,0,1,2946.35
2108,receive,1,VLAN4012.1,0,0,2946.35
2108,receive,7,LBNL_VLAN3001.1,3,5,31.4573
2111,send,0,VLAN4012.0,0,1,2946.35
2111,send,5,LBNL_VLAN3002.1,1,7,25.5014
2112,trace_offer,0,VLAN4012.0,0,1,2946.35
2112,trace_offer,5,LBNL_VLAN3002.1,1,7,25.5014
2109,receive,1,VLAN4012.1,0,0,2946.35
2109,receive,7,LBNL_VLAN3001.1,3,5,62.9146
2112,send,5,LBNL_VLAN3002.1,1,7,25.5014
2112,send,0,VLAN4012.0,0,1,2946.35
2113,trace_offer,5,LBNL_VLAN3002.1,1,7,25.5014
2113,trace_offer,0,VLAN4012.0,0,1,2946.35
2113,send,5,LBNL_VLAN3002.1,1,7,25.5014
2113,send,0,VLAN4012.0,0,1,2946.35
2114,trace_offer,0,VLAN4012.0,0,1,2946.35
2114,trace_offer,5,LBNL_VLAN3002.1,1,7,25.5014
2111,receive,7,LBNL_VLAN3001.1,3,5,51.0027
2111,receive,1,VLAN4012.1,0,0,2946.35
2114,send,5,LBNL_VLAN3002.1,1,7,25.5014
2114,send,0,VLAN4012.0,0,1,2946.35
2115,trace_offer,0,VLAN4012.0,0,1,2946.35
2115,trace_offer,5,LBNL_VLAN3002.1,1,7,25.5014
2112,receive,1,VLAN4012.1,0,0,2946.35
2112,receive,1,VLAN4012.1,0,0,2946.35
2112,receive,7,LBNL_VLAN3001.1,3,5,25.5014
2115,send,5,LBNL_VLAN3002.1,1,7,25.5014
2115,send,0,VLAN4012.0,0,1,2946.35
2116,trace_offer,0,VLAN4012.0,0,1,2946.35
2116,trace_offer,5,LBNL_VLAN3002.1,1,7,25.5014
2113,receive,1,VLAN4012.1,0,0,2946.35
2116,send,5,LBNL_VLAN3002.1,1,7,25.5014
2116,send,0,VLAN4012.0,0,1,2946.35
2117,trace_offer,5,LBNL_VLAN3002.1,1,7,25.5014
2117,trace_offer,0,VLAN4012.0,0,1,2946.35
2114,receive,7,LBNL_VLAN3001.1,3,5,51.0027
2114,receive,1,VLAN4012.1,0,0,2946.35
2117,send,0,VLAN4012.0,0,1,2946.35
2117,send,5,LBNL_VLAN3002.1,1,7,25.5014
2118,trace_offer,5,LBNL_VLAN3002.1,1,7,25.5014
2118,trace_offer,0,VLAN4012.0,0,1,2946.35
2115,receive,7,LBNL_VLAN3001.1,3,5,25.5014
2118,send,0,VLAN4012.0,0,1,2946.35
2118,send,5,LBNL_VLAN3002.1,1,7,25.5014
2119,trace_offer,0,VLAN4012.0,0,1,2946.35
2119,trace_offer,5,LBNL_VLAN3002.1,1,7,25.5014
2116,receive,7,LBNL_VLAN3001.1,3,5,25.5014
2116,receive,1,VLAN4012.1,0,0,2946.35
2116,receive,1,VLAN4012.1,0,0,2946.35
2119,send,0,VLAN4012.0,0,1,2946.35
2119,send,5,LBNL_VLAN3002.1,1,7,25.5014
2120,trace_offer,0,VLAN4012.0,0,1,2963.53
2120,trace_offer,5,LBNL_VLAN3002.1,1,7,31.7089
2117,receive,1,VLAN4012.1,0,0,2946.35
2120,send,0,VLAN4012.0,0,1,2963.53
2120,send,5,LBNL_VLAN3002.1,1,7,31.7089
2121,trace_offer,5,LBNL_VLAN3002.1,1,7,31.7089
2121,trace_offer,0,VLAN4012.0,0,1,2963.53
2118,receive,7,LBNL_VLAN3001.1,3,5,51.0027
2118,receive,1,VLAN4012.1,0,0,2963.53
2121,send,5,LBNL_VLAN3002.1,1,7,31.7089
2121,send,0,VLAN4012.0,0,1,2963.53
2122,trace_offer,5,LBNL_VLAN3002.1,1,7,31.7089
2122,trace_offer,0,VLAN4012.0,0,1,2963.53
2119,receive,1,VLAN4012.1,0,0,2963.53
2119,receive,7,LBNL_VLAN3001.1,3,5,25.5014
2122,send,0,VLAN4012.0,0,1,2963.53
2122,send,5,LBNL_VLAN3002.1,1,7,31.7089
2123,trace_offer,5,LBNL_VLAN3002.1,1,7,31.7089
2123,trace_offer,0,VLAN4012.0,0,1,2963.53
2123,send,5,LBNL_VLAN3002.1,1,7,31.7089
2123,send,0,VLAN4012.0,0,1,2963.53
2124,trace_offer,0,VLAN4012.0,0,1,2963.53
2124,trace_offer,5,LBNL_VLAN3002.1,1,7,31.7089
2121,receive,1,VLAN4012.1,0,0,2963.53
2121,receive,7,LBNL_VLAN3001.1,3,5,63.4179
2124,send,0,VLAN4012.0,0,1,2963.53
2124,send,5,LBNL_VLAN3002.1,1,7,31.7089
2125,trace_offer,5,LBNL_VLAN3002.1,1,7,31.7089
2125,trace_offer,0,VLAN4012.0,0,1,2963.53
2122,receive,1,VLAN4012.1,0,0,2963.53
2122,receive,1,VLAN4012.1,0,0,2963.53
2125,send,5,LBNL_VLAN3002.1,1,7,31.7089
2125,send,0,VLAN4012.0,0,1,2963.53
2126,trace_offer,5,LBNL_VLAN3002.1,1,7,31.7089
2126,trace_offer,0,VLAN4012.0,0,1,2963.53
2123,receive,1,VLAN4012.1,0,0,2963.53
2123,receive,7,LBNL_VLAN3001.1,3,5,31.7089
2126,send,0,VLAN4012.0,0,1,2963.53
2126,send,5,LBNL_VLAN3002.1,1,7,31.7089
2127,trace_offer,5,LBNL_VLAN3002.1,1,7,31.7089
2127,trace_offer,0,VLAN4012.0,0,1,2963.53
2124,receive,7,LBNL_VLAN3001.1,3,5,63.4179
2124,receive,1,VLAN4012.1,0,0,2963.53
2127,send,5,LBNL_VLAN3002.1,1,7,31.7089
2127,send,0,VLAN4012.0,0,1,2963.53
2128,trace_offer,5,LBNL_VLAN3002.1,1,7,31.7089
2128,trace_offer,0,VLAN4012.0,0,1,2963.53
2128,send,0,VLAN4012.0,0,1,2963.53
2128,send,5,LBNL_VLAN3002.1,1,7,31.7089
2129,trace_offer,5,LBNL_VLAN3002.1,1,7,31.7089
2129,trace_offer,0,VLAN4012.0,0,1,2963.53
2126,receive,7,LBNL_VLAN3001.1,3,5,63.4179
2126,receive,1,VLAN4012.1,0,0,2963.53
2126,receive,1,VLAN4012.1,0,0,2963.53
2129,send,5,LBNL_VLAN3002.1,1,7,31.7089
2129,send,0,VLAN4012.0,0,1,2963.53
2130,trace_offer,0,VLAN4012.0,0,1,2963.53
2130,trace_offer,5,LBNL_VLAN3002.1,1,7,25.1658
2127,receive,1,VLAN4012.1,0,0,2963.53
2130,send,0,VLAN4012.0,0,1,2963.53
2130,send,5,LBNL_VLAN3002.1,1,7,25.1658
2131,trace_offer,5,LBNL_VLAN3002.1,1,7,25.1658
2131,trace_offer,0,VLAN4012.0,0,1,2963.53
2128,receive,7,LBNL_VLAN3001.1,3,5,63.4179
2131,send,5,LBNL_VLAN3002.1,1,7,25.1658
2131,send,0,VLAN4012.0,0,1,2963.53
2132,trace_offer,0,VLAN4012.0,0,1,2963.53
2132,trace_offer,5,LBNL_VLAN3002.1,1,7,25.1658
2129,receive,1,VLAN4012.1,0,0,2963.53
2129,receive,1,VLAN4012.1,0,0,2963.53
2129,receive,7,LBNL_VLAN3001.1,3,5,31.7089
2132,send,0,VLAN4012.0,0,1,2963.53
2132,send,5,LBNL_VLAN3002.1,1,7,25.1658
2133,trace_offer,5,LBNL_VLAN3002.1,1,7,25.1658
2133,trace_offer,0,VLAN4012.0,0,1,2963.53
2130,receive,1,VLAN4012.1,0,0,2963.53
2133,send,5,LBNL_VLAN3002.1,1,7,25.1658
2133,send,0,VLAN4012.0,0,1,2963.53
2134,trace_offer,0,VLAN4012.0,0,1,2963.53
2134,trace_offer,5,LBNL_VLAN3002.1,1,7,25.1658
2131,receive,1,VLAN4012.1,0,0,2963.53
2131,receive,7,LBNL_VLAN3001.1,3,5,50.3316
2134,send,0,VLAN4012.0,0,1,2963.53
2134,send,5,LBNL_VLAN3002.1,1,7,25.1658
2135,trace_offer,5,LBNL_VLAN3002.1,1,7,25.1658
2135,trace_offer,0,VLAN4012.0,0,1,2963.53
2132,receive,1,VLAN4012.1,0,0,2963.53
2135,send,5,LBNL_VLAN3002.1,1,7,25.1658
2135,send,0,VLAN4012.0,0,1,2963.53
2136,trace_offer,5,LBNL_VLAN3002.1,1,7,25.1658
2136,trace_offer,0,VLAN4012.0,0,1,2963.53
2133,receive,7,LBNL_VLAN3001.1,3,5,50.3316
2136,send,5,LBNL_VLAN3002.1,1,7,25.1658
2136,send,0,VLAN4012.0,0,1,2963.53
2137,trace_offer,5,LBNL_VLAN3002.1,1,7,25.1658
2137,trace_offer,0,VLAN4012.0,0,1,2963.53
2134,receive,1,VLAN4012.1,0,0,2963.53
2134,receive,7,LBNL_VLAN3001.1,3,5,25.1658
2134,receive,1,VLAN4012.1,0,0,2963.53
2137,send,0,VLAN4012.0,0,1,2963.53
2137,send,5,LBNL_VLAN3002.1,1,7,25.1658
2138,trace_offer,5,LBNL_VLAN3002.1,1,7,25.1658
2138,trace_offer,0,VLAN4012.0,0,1,2963.53
2135,receive,1,VLAN4012.1,0,0,2963.53
2138,send,5,LBNL_VLAN3002.1,1,7,25.1658
2138,send,0,VLAN4012.0,0,1,2963.53
2139,trace_offer,0,VLAN4012.0,0,1,2963.53
2139,trace_offer,5,LBNL_VLAN3002.1,1,7,25.1658
2136,receive,7,LBNL_VLAN3001.1,3,5,25.1658
2136,receive,1,VLAN4012.1,0,0,2963.53
2139,send,5,LBNL_VLAN3002.1,1,7,25.1658
2139,send,0,VLAN4012.0,0,1,2963.53
2140,trace_offer,0,VLAN4012.0,0,1,2937.76
2140,trace_offer,5,LBNL_VLAN3002.1,1,7,31.7089
2137,receive,1,VLAN4012.1,0,0,2963.53
2137,receive,7,LBNL_VLAN3001.1,3,5,50.3316
2140,send,5,LBNL_VLAN3002.1,1,7,31.7089
2140,send,0,VLAN4012.0,0,1,2937.76
2141,trace_offer,0,VLAN4012.0,0,1,2937.76
2141,trace_offer,5,LBNL_VLAN3002.1,1,7,31.7089
2138,receive,1,VLAN4012.1,0,0,2937.76
2141,send,0,VLAN4012.0,0,1,2937.76
2141,send,5,LBNL_VLAN3002.1,1,7,31.7089
2142,trace_offer,5,LBNL_VLAN3002.1,1,7,31.7089
2142,trace_offer,0,VLAN4012.0,0,1,2937.76
2139,receive,7,LBNL_VLAN3001.1,3,5,50.3316
2139,receive,1,VLAN4012.1,0,0,2937.76
2142,send,5,LBNL_VLAN3002.1,1,7,31.7089
2142,send,0,VLAN4012.0,0,1,2937.76
2143,trace_offer,0,VLAN4012.0,0,1,2937.76
2143,trace_offer,5,LBNL_VLAN3002.1,1,7,31.7089
2140,receive,1,VLAN4012.1,0,0,2937.76
2143,send,0,VLAN4012.0,0,1,2937.76
2143,send,5,LBNL_VLAN3002.1,1,7,31.7089
2144,trace_offer,5,LBNL_VLAN3002.1,1,7,31.7089
2144,trace_offer,0,VLAN4012.0,0,1,2937.76
2141,receive,7,LBNL_VLAN3001.1,3,5,31.7089
2144,send,5,LBNL_VLAN3002.1,1,7,31.7089
2144,send,0,VLAN4012.0,0,1,2937.76
2145,trace_offer,0,VLAN4012.0,0,1,2937.76
2145,trace_offer,5,LBNL_VLAN3002.1,1,7,31.7089
2142,receive,1,VLAN4012.1,0,0,2937.76
2142,receive,7,LBNL_VLAN3001.1,3,5,31.7089
2142,receive,1,VLAN4012.1,0,0,2937.76
2145,send,5,LBNL_VLAN3002.1,1,7,31.7089
2145,send,0,VLAN4012.0,0,1,2937.76
2146,trace_offer,0,VLAN4012.0,0,1,2937.76
2146,trace_offer,5,LBNL_VLAN3002.1,1,7,31.7089
2143,receive,7,LBNL_VLAN3001.1,3,5,63.4179
2146,send,0,VLAN4012.0,0,1,2937.76
2146,send,5,LBNL_VLAN3002.1,1,7,31.7089
2147,trace_offer,5,LBNL_VLAN3002.1,1,7,31.7089
2147,trace_offer,0,VLAN4012.0,0,1,2937.76
2144,receive,1,VLAN4012.1,0,0,2937.76
2144,receive,7,LBNL_VLAN3001.1,3,5,31.7089
2147,send,5,LBNL_VLAN3002.1,1,7,31.7089
2147,send,0,VLAN4012.0,0,1,2937.76
2148,trace_offer,0,VLAN4012.0,0,1,2937.76
2148,trace_offer,5,LBNL_VLAN3002.1,1,7,31.7089
2145,receive,1,VLAN4012.1,0,0,2937.76
2145,receive,7,LBNL_VLAN3001.1,3,5,31.7089
2148,send,0,VLAN4012.0,0,1,2937.76
2148,send,5,LBNL_VLAN3002.1,1,7,31.7089
2149,trace_offer,0,VLAN4012.0,0,1,2937.76
2149,trace_offer,5,LBNL_VLAN3002.1,1,7,31.7089
2146,receive,1,VLAN4012.1,0,0,2937.76
2146,receive,1,VLAN4012.1,0,0,2937.76
2149,send,0,VLAN4012.0,0,1,2937.76
2149,send,5,LBNL_VLAN3002.1,1,7,31.7089
2150,trace_offer,5,LBNL_VLAN3002.1,1,7,25.1658
2150,trace_offer,0,VLAN4012.0,0,1,2937.76
2147,receive,1,VLAN4012.1,0,0,2937.76
2147,receive,7,LBNL_VLAN3001.1,3,5,31.7089
2150,send,5,LBNL_VLAN3002.1,1,7,25.1658
2150,send,0,VLAN4012.0,0,1,2937.76
2151,trace_offer,5,LBNL_VLAN3002.1,1,7,25.1658
2151,trace_offer,0,VLAN4012.0,0,1,2937.76
2148,receive,1,VLAN4012.1,0,0,2937.76
2148,receive,7,LBNL_VLAN3001.1,3,5,31.7089
2151,send,0,VLAN4012.0,0,1,2937.76
2151,send,5,LBNL_VLAN3002.1,1,7,25.1658
2152,trace_offer,5,LBNL_VLAN3002.1,1,7,25.1658
2152,trace_offer,0,VLAN4012.0,0,1,2937.76
2149,receive,1,VLAN4012.1,0,0,2937.76
2149,receive,7,LBNL_VLAN3001.1,3,5,63.4179
2152,send,5,LBNL_VLAN3002.1,1,7,25.1658
2152,send,0,VLAN4012.0,0,1,2937.76
2153,trace_offer,0,VLAN4012.0,0,1,2937.76
2153,trace_offer,5,LBNL_VLAN3002.1,1,7,25.1658
2150,receive,7,LBNL_VLAN3001.1,3,5,25.1658
2153,send,0,VLAN4012.0,0,1,2937.76
2153,send,5,LBNL_VLAN3002.1,1,7,25.1658
2154,trace_offer,5,LBNL_VLAN3002.1,1,7,25.1658
2154,trace_offer,0,VLAN4012.0,0,1,2937.76
2151,receive,1,VLAN4012.1,0,0,2937.76
2154,send,5,LBNL_VLAN3002.1,1,7,25.1658
2154,send,0,VLAN4012.0,0,1,2937.76
2155,trace_offer,0,VLAN4012.0,0,1,2937.76
2155,trace_offer,5,LBNL_VLAN3002.1,1,7,25.1658
2152,receive,1,VLAN4012.1,0,0,2937.76
2152,receive,1,VLAN4012.1,0,0,2937.76
2152,receive,7,LBNL_VLAN3001.1,3,5,50.3316
2155,send,5,LBNL_VLAN3002.1,1,7,25.1658
2155,send,0,VLAN4012.0,0,1,2937.76
2156,trace_offer,0,VLAN4012.0,0,1,2937.76
2156,trace_offer,5,LBNL_VLAN3002.1,1,7,25.1658
2153,receive,1,VLAN4012.1,0,0,2937.76
2156,send,0,VLAN4012.0,0,1,2937.76
2156,send,5,LBNL_VLAN3002.1,1,7,25.1658
2157,trace_offer,5,LBNL_VLAN3002.1,1,7,25.1658
2157,trace_offer,0,VLAN4012.0,0,1,2937.76
2154,receive,7,LBNL_VLAN3001.1,3,5,50.3316
2154,receive,1,VLAN4012.1,0,0,2937.76
2157,send,5,LBNL_VLAN3002.1,1,7,25.1658
2157,send,0,VLAN4012.0,0,1,2937.76
2158,trace_offer,0,VLAN4012.0,0,1,2937.76
2158,trace_offer,5,LBNL_VLAN3002.1,1,7,25.1658
2158,send,5,LBNL_VLAN3002.1,1,7,25.1658
2158,send,0,VLAN4012.0,0,1,2937.76
2159,trace_offer,5,LBNL_VLAN3002.1,1,7,25.1658
2159,trace_offer,0,VLAN4012.0,0,1,2937.76
2156,receive,1,VLAN4012.1,0,0,2937.76
2156,receive,7,LBNL_VLAN3001.1,3,5,50.3316
2159,send,0,VLAN4012.0,0,1,2937.76
2159,send,5,LBNL_VLAN3002.1,1,7,25.1658
2160,trace_offer,5,LBNL_VLAN3002.1,1,7,31.5412
2160,trace_offer,0,VLAN4012.0,0,1,2946.35
2157,receive,1,VLAN4012.1,0,0,2937.76
2157,receive,1,VLAN4012.1,0,0,2937.76
2157,receive,7,LBNL_VLAN3001.1,3,5,25.1658
2160,send,0,VLAN4012.0,0,1,2946.35
2160,send,5,LBNL_VLAN3002.1,1,7,31.5412
2161,trace_offer,5,LBNL_VLAN3002.1,1,7,31.5412
2161,trace_offer,0,VLAN4012.0,0,1,2946.35
2161,send,0,VLAN4012.0,0,1,2946.35
2161,send,5,LBNL_VLAN3002.1,1,7,31.5412
2162,trace_offer,0,VLAN4012.0,0,1,2946.35
2162,trace_offer,5,LBNL_VLAN3002.1,1,7,31.5412
2159,receive,1,VLAN4012.1,0,0,2946.35
2159,receive,1,VLAN4012.1,0,0,2946.35
2159,receive,7,LBNL_VLAN3001.1,3,5,50.3316
2162,send,5,LBNL_VLAN3002.1,1,7,31.5412
2162,send,0,VLAN4012.0,0,1,2946.35
2163,trace_offer,5,LBNL_VLAN3002.1,1,7,31.5412
2163,trace_offer,0,VLAN4012.0,0,1,2946.35
2163,send,5,LBNL_VLAN3002.1,1,7,31.5412
2163,send,0,VLAN4012.0,0,1,2946.35
2164,trace_offer,5,LBNL_VLAN3002.1,1,7,31.5412
2164,trace_offer,0,VLAN4012.0,0,1,2946.35
2161,receive,7,LBNL_VLAN3001.1,3,5,31.5412
2161,receive,1,VLAN4012.1,0,0,2946.35
2161,receive,1,VLAN4012.1,0,0,2946.35
2164,send,5,LBNL_VLAN3002.1,1,7,31.5412
2164,send,0,VLAN4012.0,0,1,2946.35
2165,trace_offer,0,VLAN4012.0,0,1,2946.35
2165,trace_offer,5,LBNL_VLAN3002.1,1,7,31.5412
2162,receive,1,VLAN4012.1,0,0,2946.35
2162,receive,7,LBNL_VLAN3001.1,3,5,63.0823
2165,send,0,VLAN4012.0,0,1,2946.35
2165,send,5,LBNL_VLAN3002.1,1,7,31.5412
2166,trace_offer,5,LBNL_VLAN3002.1,1,7,31.5412
2166,trace_offer,0,VLAN4012.0,0,1,2946.35
2163,receive,7,LBNL_VLAN3001.1,3,5,31.5412
2166,send,5,LBNL_VLAN3002.1,1,7,31.5412
2166,send,0,VLAN4012.0,0,1,2946.35
2167,trace_offer,0,VLAN4012.0,0,1,2946.35
2167,trace_offer,5,LBNL_VLAN3002.1,1,7,31.5412
2164,receive,1,VLAN4012.1,0,0,2946.35
2164,receive,7,LBNL_VLAN3001.1,3,5,31.5412
2164,receive,1,VLAN4012.1,0,0,2946.35
2167,send,5,LBNL_VLAN3002.1,1,7,31.5412
2167,send,0,VLAN4012.0,0,1,2946.35
2168,trace_offer,5,LBNL_VLAN3002.1,1,7,31.5412
2168,trace_offer,0,VLAN4012.0,0,1,2946.35
2165,receive,7,LBNL_VLAN3001.1,3,5,31.5412
2165,receive,1,VLAN4012.1,0,0,2946.35
2168,send,5,LBNL_VLAN3002.1,1,7,31.5412
2168,send,0,VLAN4012.0,0,1,2946.35
2169,trace_offer,0,VLAN4012.0,0,1,2946.35
2169,trace_offer,5,LBNL_VLAN3002.1,1,7,31.5412
2166,receive,1,VLAN4012.1,0,0,2946.35
2169,send,5,LBNL_VLAN3002.1,1,7,31.5412
2169,send,0,VLAN4012.0,0,1,2946.35
2170,trace_offer,0,VLAN4012.0,0,1,2954.94
2170,trace_offer,5,LBNL_VLAN3002.1,1,7,25.2497
2167,receive,7,LBNL_VLAN3001.1,3,5,31.5412
2167,receive,1,VLAN4012.1,0,0,2946.35
2170,send,0,VLAN4012.0,0,1,2954.94
2170,send,5,LBNL_VLAN3002.1,1,7,25.2497
2171,trace_offer,0,VLAN4012.0,0,1,2954.94
2171,trace_offer,5,LBNL_VLAN3002.1,1,7,25.2497
2168,receive,1,VLAN4012.1,0,0,2954.94
2168,receive,7,LBNL_VLAN3001.1,3,5,31.5412
2171,send,0,VLAN4012.0,0,1,2954.94
2171,send,5,LBNL_VLAN3002.1,1,7,25.2497
2172,trace_offer,0,VLAN4012.0,0,1,2954.94
2172,trace_offer,5,LBNL_VLAN3002.1,1,7,25.2497
2169,receive,7,LBNL_VLAN3001.1,3,5,63.0823
2169,receive,1,VLAN4012.1,0,0,2954.94
2172,send,5,LBNL_VLAN3002.1,1,7,25.2497
2172,send,0,VLAN4012.0,0,1,2954.94
2173,trace_offer,0,VLAN4012.0,0,1,2954.94
2173,trace_offer,5,LBNL_VLAN3002.1,1,7,25.2497
2170,receive,7,LBNL_VLAN3001.1,3,5,25.2497
2173,send,0,VLAN4012.0,0,1,2954.94
2173,send,5,LBNL_VLAN3002.1,1,7,25.2497
2174,trace_offer,5,LBNL_VLAN3002.1,1,7,25.2497
2174,trace_offer,0,VLAN4012.0,0,1,2954.94
2171,receive,1,VLAN4012.1,0,0,2954.94
2174,send,0,VLAN4012.0,0,1,2954.94
2174,send,5,LBNL_VLAN3002.1,1,7,25.2497
2175,trace_offer,5,LBNL_VLAN3002.1,1,7,25.2497
2175,trace_offer,0,VLAN4012.0,0,1,2954.94
2172,receive,7,LBNL_VLAN3001.1,3,5,50.4994
2172,receive,1,VLAN4012.1,0,0,2954.94
2172,receive,1,VLAN4012.1,0,0,2954.94
2175,send,5,LBNL_VLAN3002.1,1,7,25.2497
2175,send,0,VLAN4012.0,0,1,2954.94
2176,trace_offer,5,LBNL_VLAN3002.1,1,7,25.2497
2176,trace_offer,0,VLAN4012.0,0,1,2954.94
2176,send,5,LBNL_VLAN3002.1,1,7,25.2497
2176,send,0,VLAN4012.0,0,1,2954.94
2177,trace_offer,5,LBNL_VLAN3002.1,1,7,25.2497
2177,trace_offer,0,VLAN4012.0,0,1,2954.94
2174,receive,7,LBNL_VLAN3001.1,3,5,50.4994
2174,receive,1,VLAN4012.1,0,0,2954.94
2174,receive,1,VLAN4012.1,0,0,2954.94
2177,send,5,LBNL_VLAN3002.1,1,7,25.2497
2177,send,0,VLAN4012.0,0,1,2954.94
2178,trace_offer,0,VLAN4012.0,0,1,2954.94
2178,trace_offer,5,LBNL_VLAN3002.1,1,7,25.2497
2178,send,5,LBNL_VLAN3002.1,1,7,25.2497
2178,send,0,VLAN4012.0,0,1,2954.94
2179,trace_offer,0,VLAN4012.0,0,1,2954.94
2179,trace_offer,5,LBNL_VLAN3002.1,1,7,25.2497
2176,receive,1,VLAN4012.1,0,0,2954.94
2176,receive,7,LBNL_VLAN3001.1,3,5,50.4994
2176,receive,1,VLAN4012.1,0,0,2954.94
2179,send,5,LBNL_VLAN3002.1,1,7,25.2497
2179,send,0,VLAN4012.0,0,1,2954.94
2180,trace_offer,5,LBNL_VLAN3002.1,1,7,31.8767
2180,trace_offer,0,VLAN4012.0,0,1,2963.53
2177,receive,1,VLAN4012.1,0,0,2954.94
2180,send,0,VLAN4012.0,0,1,2963.53
2180,send,5,LBNL_VLAN3002.1,1,7,31.8767
2181,trace_offer,5,LBNL_VLAN3002.1,1,7,31.8767
2181,trace_offer,0,VLAN4012.0,0,1,2963.53
2178,receive,7,LBNL_VLAN3001.1,3,5,25.2497
2181,send,5,LBNL_VLAN3002.1,1,7,31.8767
2181,send,0,VLAN4012.0,0,1,2963.53
2182,trace_offer,0,VLAN4012.0,0,1,2963.53
2182,trace_offer,5,LBNL_VLAN3002.1,1,7,31.8767
2179,receive,1,VLAN4012.1,0,0,2963.53
2179,receive,7,LBNL_VLAN3001.1,3,5,50.4994
2182,send,5,LBNL_VLAN3002.1,1,7,31.8767
2182,send,0,VLAN4012.0,0,1,2963.53
2183,trace_offer,0,VLAN4012.0,0,1,2963.53
2183,trace_offer,5,LBNL_VLAN3002.1,1,7,31.8767
2180,receive,1,VLAN4012.1,0,0,2963.53
2180,receive,1,VLAN4012.1,0,0,2963.53
2183,send,0,VLAN4012.0,0,1,2963.53
2183,send,5,LBNL_VLAN3002.1,1,7,31.8767
2184,trace_offer,5,LBNL_VLAN3002.1,1,7,31.8767
2184,trace_offer,0,VLAN4012.0,0,1,2963.53
2181,receive,7,LBNL_VLAN3001.1,3,5,63.7534
2184,send,5,LBNL_VLAN3002.1,1,7,31.8767
2184,send,0,VLAN4012.0,0,1,2963.53
2185,trace_offer,0,VLAN4012.0,0,1,2963.53
2185,trace_offer,5,LBNL_VLAN3002.1,1,7,31.8767
2182,receive,7,LBNL_VLAN3001.1,3,5,31.8767
2182,receive,1,VLAN4012.1,0,0,2963.53
2182,receive,1,VLAN4012.1,0,0,2963.53
2185,send,0,VLAN4012.0,0,1,2963.53
2185,send,5,LBNL_VLAN3002.1,1,7,31.8767
2186,trace_offer,5,LBNL_VLAN3002.1,1,7,31.8767
2186,trace_offer,0,VLAN4012.0,0,1,2963.53
2183,receive,7,LBNL_VLAN3001.1,3,5,31.8767
2186,send,5,LBNL_VLAN3002.1,1,7,31.8767
2186,send,0,VLAN4012.0,0,1,2963.53
2187,trace_offer,5,LBNL_VLAN3002.1,1,7,31.8767
2187,trace_offer,0,VLAN4012.0,0,1,2963.53
2184,receive,1,VLAN4012.1,0,0,2963.53
2184,receive,7,LBNL_VLAN3001.1,3,5,31.8767
2184,receive,1,VLAN4012.1,0,0,2963.53
2187,send,0,VLAN4012.0,0,1,2963.53
2187,send,5,LBNL_VLAN3002.1,1,7,31.8767
2188,trace_offer,0,VLAN4012.0,0,1,2963.53
2188,trace_offer,5,LBNL_VLAN3002.1,1,7,31.8767
2185,receive,1,VLAN4012.1,0,0,2963.53
2188,send,0,VLAN4012.0,0,1,2963.53
2188,send,5,LBNL_VLAN3002.1,1,7,31.8767
2189,trace_offer,5,LBNL_VLAN3002.1,1,7,31.8767
2189,trace_offer,0,VLAN4012.0,0,1,2963.53
2186,receive,7,LBNL_VLAN3001.1,3,5,63.7534
2186,receive,1,VLAN4012.1,0,0,2963.53
2189,send,5,LBNL_VLAN3002.1,1,7,31.8767
2189,send,0,VLAN4012.0,0,1,2963.53
2190,trace_offer,5,LBNL_VLAN3002.1,1,7,25.1658
2190,trace_offer,0,VLAN4012.0,0,1,2963.53
2187,receive,1,VLAN4012.1,0,0,2963.53
2187,receive,7,LBNL_VLAN3001.1,3,5,31.8767
2190,send,0,VLAN4012.0,0,1,2963.53
2190,send,5,LBNL_VLAN3002.1,1,7,25.1658
2191,trace_offer,5,LBNL_VLAN3002.1,1,7,25.1658
2191,trace_offer,0,VLAN4012.0,0,1,2963.53
2188,receive,7,LBNL_VLAN3001.1,3,5,31.8767
2191,send,0,VLAN4012.0,0,1,2963.53
2191,send,5,LBNL_VLAN3002.1,1,7,25.1658
2192,trace_offer,0,VLAN4012.0,0,1,2963.53
2192,trace_offer,5,LBNL_VLAN3002.1,1,7,25.1658
2189,receive,1,VLAN4012.1,0,0,2963.53
2189,receive,1,VLAN4012.1,0,0,2963.53
2189,receive,7,LBNL_VLAN3001.1,3,5,31.8767
2192,send,0,VLAN4012.0,0,1,2963.53
2192,send,5,LBNL_VLAN3002.1,1,7,25.1658
2193,trace_offer,0,VLAN4012.0,0,1,2963.53
2193,trace_offer,5,LBNL_VLAN3002.1,1,7,25.1658
2190,receive,7,LBNL_VLAN3001.1,3,5,25.1658
2193,send,0,VLAN4012.0,0,1,2963.53
2193,send,5,LBNL_VLAN3002.1,1,7,25.1658
2194,trace_offer,0,VLAN4012.0,0,1,2963.53
2194,trace_offer,5,LBNL_VLAN3002.1,1,7,25.1658
2191,receive,1,VLAN4012.1,0,0,2963.53
2191,receive,1,VLAN4012.1,0,0,2963.53
2194,send,5,LBNL_VLAN3002.1,1,7,25.1658
2194,send,0,VLAN4012.0,0,1,2963.53
2195,trace_offer,5,LBNL_VLAN3002.1,1,7,25.1658
2195,trace_offer,0,VLAN4012.0,0,1,2963.53
2192,receive,7,LBNL_VLAN3001.1,3,5,25.1658
2192,receive,1,VLAN4012.1,0,0,2963.53
2195,send,5,LBNL_VLAN3002.1,1,7,25.1658
2195,send,0,VLAN4012.0,0,1,2963.53
2196,trace_offer,5,LBNL_VLAN3002.1,1,7,25.1658
2196,trace_offer,0,VLAN4012.0,0,1,2963.53
2193,receive,7,LBNL_VLAN3001.1,3,5,50.3316
2196,send,5,LBNL_VLAN3002.1,1,7,25.1658
2196,send,0,VLAN4012.0,0,1,2963.53
2197,trace_offer,0,VLAN4012.0,0,1,2963.53
2197,trace_offer,5,LBNL_VLAN3002.1,1,7,25.1658
2194,receive,7,LBNL_VLAN3001.1,3,5,25.1658
2194,receive,1,VLAN4012.1,0,0,2963.53
2194,receive,1,VLAN4012.1,0,0,2963.53
2197,send,0,VLAN4012.0,0,1,2963.53
2197,send,5,LBNL_VLAN3002.1,1,7,25.1658
2198,trace_offer,0,VLAN4012.0,0,1,2963.53
2198,trace_offer,5,LBNL_VLAN3002.1,1,7,25.1658
2195,receive,7,LBNL_VLAN3001.1,3,5,25.1658
2198,send,0,VLAN4012.0,0,1,2963.53
2198,send,5,LBNL_VLAN3002.1,1,7,25.1658
2199,trace_offer,5,LBNL_VLAN3002.1,1,7,25.1658
2199,trace_offer,0,VLAN4012.0,0,1,2963.53
2196,receive,7,LBNL_VLAN3001.1,3,5,25.1658
2196,receive,1,VLAN4012.1,0,0,2963.53
2196,receive,1,VLAN4012.1,0,0,2963.53
2199,send,0,VLAN4012.0,0,1,2963.53
2199,send,5,LBNL_VLAN3002.1,1,7,25.1658
2200,trace_offer,5,LBNL_VLAN3002.1,1,7,31.4573
2200,trace_offer,0,VLAN4012.0,0,1,2989.3
2197,receive,1,VLAN4012.1,0,0,2963.53
2200,send,0,VLAN4012.0,0,1,2989.3
2200,send,5,LBNL_VLAN3002.1,1,7,31.4573
2201,trace_offer,0,VLAN4012.0,0,1,2989.3
2201,trace_offer,5,LBNL_VLAN3002.1,1,7,31.4573
2198,receive,7,LBNL_VLAN3001.1,3,5,25.1658
2201,send,5,LBNL_VLAN3002.1,1,7,31.4573
2201,send,0,VLAN4012.0,0,1,2989.3
2202,trace_offer,0,VLAN4012.0,0,1,2989.3
2202,trace_offer,5,LBNL_VLAN3002.1,1,7,31.4573
2199,receive,7,LBNL_VLAN3001.1,3,5,50.3316
2199,receive,1,VLAN4012.1,0,0,2989.3
2202,send,0,VLAN4012.0,0,1,2989.3
2202,send,5,LBNL_VLAN3002.1,1,7,31.4573
2203,trace_offer,0,VLAN4012.0,0,1,2989.3
2203,trace_offer,5,LBNL_VLAN3002.1,1,7,31.4573
2200,receive,7,LBNL_VLAN3001.1,3,5,31.4573
2200,receive,1,VLAN4012.1,0,0,2989.3
2200,receive,1,VLAN4012.1,0,0,2989.3
2203,send,5,LBNL_VLAN3002.1,1,7,31.4573
2203,send,0,VLAN4012.0,0,1,2989.3
2204,trace_offer,0,VLAN4012.0,0,1,2989.3
2204,trace_offer,5,LBNL_VLAN3002.1,1,7,31.4573
2204,send,0,VLAN4012.0,0,1,2989.3
2204,send,5,LBNL_VLAN3002.1,1,7,31.4573
2205,trace_offer,0,VLAN4012.0,0,1,2989.3
2205,trace_offer,5,LBNL_VLAN3002.1,1,7,31.4573
2202,receive,1,VLAN4012.1,0,0,2989.3
2202,receive,1,VLAN4012.1,0,0,2989.3
2202,receive,7,LBNL_VLAN3001.1,3,5,31.4573
2205,send,5,LBNL_VLAN3002.1,1,7,31.4573
2205,send,0,VLAN4012.0,0,1,2989.3
2206,trace_offer,5,LBNL_VLAN3002.1,1,7,31.4573
2206,trace_offer,0,VLAN4012.0,0,1,2989.3
2203,receive,7,LBNL_VLAN3001.1,3,5,62.9146
2206,send,5,LBNL_VLAN3002.1,1,7,31.4573
2206,send,0,VLAN4012.0,0,1,2989.3
2207,trace_offer,5,LBNL_VLAN3002.1,1,7,31.4573
2207,trace_offer,0,VLAN4012.0,0,1,2989.3
2204,receive,1,VLAN4012.1,0,0,2989.3
2204,receive,7,LBNL_VLAN3001.1,3,5,31.4573
2207,send,0,VLAN4012.0,0,1,2989.3
2207,send,5,LBNL_VLAN3002.1,1,7,31.4573
2208,trace_offer,5,LBNL_VLAN3002.1,1,7,31.4573
2208,trace_offer,0,VLAN4012.0,0,1,2989.3
2205,receive,7,LBNL_VLAN3001.1,3,5,31.4573
2205,receive,1,VLAN4012.1,0,0,2989.3
2208,send,0,VLAN4012.0,0,1,2989.3
2208,send,5,LBNL_VLAN3002.1,1,7,31.4573
2209,trace_offer,5,LBNL_VLAN3002.1,1,7,31.4573
2209,trace_offer,0,VLAN4012.0,0,1,2989.3
2206,receive,1,VLAN4012.1,0,0,2989.3
2209,send,5,LBNL_VLAN3002.1,1,7,31.4573
2209,send,0,VLAN4012.0,0,1,2989.3
2210,trace_offer,5,LBNL_VLAN3002.1,1,7,25.1658
2210,trace_offer,0,VLAN4012.0,0,1,2989.3
2207,receive,1,VLAN4012.1,0,0,2989.3
2207,receive,1,VLAN4012.1,0,0,2989.3
2207,receive,7,LBNL_VLAN3001.1,3,5,31.4573
2210,send,5,LBNL_VLAN3002.1,1,7,25.1658
2210,send,0,VLAN4012.0,0,1,2989.3
2211,trace_offer,5,LBNL_VLAN3002.1,1,7,25.1658
2211,trace_offer,0,VLAN4012.0,0,1,2989.3
2208,receive,7,LBNL_VLAN3001.1,3,5,31.4573
2211,send,0,VLAN4012.0,0,1,2989.3
2211,send,5,LBNL_VLAN3002.1,1,7,25.1658
2212,trace_offer,5,LBNL_VLAN3002.1,1,7,25.1658
2212,trace_offer,0,VLAN4012.0,0,1,2989.3
2209,receive,1,VLAN4012.1,0,0,2989.3
2209,receive,7,LBNL_VLAN3001.1,3,5,62.9146
2212,send,5,LBNL_VLAN3002.1,1,7,25.1658
2212,send,0,VLAN4012.0,0,1,2989.3
2213,trace_offer,5,LBNL_VLAN3002.1,1,7,25.1658
2213,trace_offer,0,VLAN4012.0,0,1,2989.3
2210,receive,7,LBNL_VLAN3001.1,3,5,25.1658
2210,receive,1,VLAN4012.1,0,0,2989.3
2210,receive,1,VLAN4012.1,0,0,2989.3
2213,send,5,LBNL_VLAN3002.1,1,7,25.1658
2213,send,0,VLAN4012.0,0,1,2989.3
2214,trace_offer,0,VLAN4012.0,0,1,2989.3
2214,trace_offer,5,LBNL_VLAN3002.1,1,7,25.1658
2211,receive,7,LBNL_VLAN3001.1,3,5,25.1658
2214,send,5,LBNL_VLAN3002.1,1,7,25.1658
2214,send,0,VLAN4012.0,0,1,2989.3
2215,trace_offer,0,VLAN4012.0,0,1,2989.3
2215,trace_offer,5,LBNL_VLAN3002.1,1,7,25.1658
2212,receive,1,VLAN4012.1,0,0,2989.3
2212,receive,1,VLAN4012.1,0,0,2989.3
2212,receive,7,LBNL_VLAN3001.1,3,5,25.1658
2215,send,5,LBNL_VLAN3002.1,1,7,25.1658
2215,send,0,VLAN4012.0,0,1,2989.3
2216,trace_offer,5,LBNL_VLAN3002.1,1,7,25.1658
2216,trace_offer,0,VLAN4012.0,0,1,2989.3
2216,send,5,LBNL_VLAN3002.1,1,7,25.1658
2216,send,0,VLAN4012.0,0,1,2989.3
2217,trace_offer,0,VLAN4012.0,0,1,2989.3
2217,trace_offer,5,LBNL_VLAN3002.1,1,7,25.1658
2214,receive,1,VLAN4012.1,0,0,2989.3
2214,receive,7,LBNL_VLAN3001.1,3,5,50.3316
2217,send,0,VLAN4012.0,0,1,2989.3
2217,send,5,LBNL_VLAN3002.1,1,7,25.1658
2218,trace_offer,0,VLAN4012.0,0,1,2989.3
2218,trace_offer,5,LBNL_VLAN3002.1,1,7,25.1658
2215,receive,1,VLAN4012.1,0,0,2989.3
2218,send,0,VLAN4012.0,0,1,2989.3
2218,send,5,LBNL_VLAN3002.1,1,7,25.1658
2219,trace_offer,5,LBNL_VLAN3002.1,1,7,25.1658
2219,trace_offer,0,VLAN4012.0,0,1,2989.3
2216,receive,1,VLAN4012.1,0,0,2989.3
2216,receive,7,LBNL_VLAN3001.1,3,5,25.1658
2216,receive,1,VLAN4012.1,0,0,2989.3
2219,send,5,LBNL_VLAN3002.1,1,7,25.1658
2219,send,0,VLAN4012.0,0,1,2989.3
2220,trace_offer,0,VLAN4012.0,0,1,2980.71
2220,trace_offer,5,LBNL_VLAN3002.1,1,7,25.2497
2217,receive,7,LBNL_VLAN3001.1,3,5,25.1658
2217,receive,1,VLAN4012.1,0,0,2989.3
2220,send,0,VLAN4012.0,0,1,2980.71
2220,send,5,LBNL_VLAN3002.1,1,7,25.2497
2221,trace_offer,5,LBNL_VLAN3002.1,1,7,25.2497
2221,trace_offer,0,VLAN4012.0,0,1,2980.71
2218,receive,7,LBNL_VLAN3001.1,3,5,25.1658
2221,send,0,VLAN4012.0,0,1,2980.71
2221,send,5,LBNL_VLAN3002.1,1,7,25.2497
2222,trace_offer,0,VLAN4012.0,0,1,2980.71
2222,trace_offer,5,LBNL_VLAN3002.1,1,7,25.2497
2219,receive,1,VLAN4012.1,0,0,2980.71
2219,receive,1,VLAN4012.1,0,0,2980.71
2219,receive,7,LBNL_VLAN3001.1,3,5,50.3316
2222,send,5,LBNL_VLAN3002.1,1,7,25.2497
2222,send,0,VLAN4012.0,0,1,2980.71
2223,trace_offer,0,VLAN4012.0,0,1,2980.71
2223,trace_offer,5,LBNL_VLAN3002.1,1,7,25.2497
2220,receive,7,LBNL_VLAN3001.1,3,5,25.2497
2223,send,5,LBNL_VLAN3002.1,1,7,25.2497
2223,send,0,VLAN4012.0,0,1,2980.71
2224,trace_offer,5,LBNL_VLAN3002.1,1,7,25.2497
2224,trace_offer,0,VLAN4012.0,0,1,2980.71
2221,receive,1,VLAN4012.1,0,0,2980.71
2224,send,5,LBNL_VLAN3002.1,1,7,25.2497
2224,send,0,VLAN4012.0,0,1,2980.71
2225,trace_offer,0,VLAN4012.0,0,1,2980.71
2225,trace_offer,5,LBNL_VLAN3002.1,1,7,25.2497
2222,receive,1,VLAN4012.1,0,0,2980.71
2222,receive,7,LBNL_VLAN3001.1,3,5,25.2497
2222,receive,1,VLAN4012.1,0,0,2980.71
2225,send,0,VLAN4012.0,0,1,2980.71
2225,send,5,LBNL_VLAN3002.1,1,7,25.2497
2226,trace_offer,5,LBNL_VLAN3002.1,1,7,25.2497
2226,trace_offer,0,VLAN4012.0,0,1,2980.71
2223,receive,7,LBNL_VLAN3001.1,3,5,25.2497
2226,send,0,VLAN4012.0,0,1,2980.71
2226,send,5,LBNL_VLAN3002.1,1,7,25.2497
2227,trace_offer,0,VLAN4012.0,0,1,2980.71
2227,trace_offer,5,LBNL_VLAN3002.1,1,7,25.2497
2224,receive,1,VLAN4012.1,0,0,2980.71
2224,receive,7,LBNL_VLAN3001.1,3,5,50.4994
2227,send,5,LBNL_VLAN3002.1,1,7,25.2497
2227,send,0,VLAN4012.0,0,1,2980.71
2228,trace_offer,5,LBNL_VLAN3002.1,1,7,25.2497
2228,trace_offer,0,VLAN4012.0,0,1,2980.71
2225,receive,1,VLAN4012.1,0,0,2980.71
2228,send,0,VLAN4012.0,0,1,2980.71
2228,send,5,LBNL_VLAN3002.1,1,7,25.2497
2229,trace_offer,5,LBNL_VLAN3002.1,1,7,25.2497
2229,trace_offer,0,VLAN4012.0,0,1,2980.71
2226,receive,1,VLAN4012.1,0,0,2980.71
2226,receive,7,LBNL_VLAN3001.1,3,5,25.2497
2226,receive,1,VLAN4012.1,0,0,2980.71
2229,send,5,LBNL_VLAN3002.1,1,7,25.2497
2229,send,0,VLAN4012.0,0,1,2980.71
2230,trace_offer,5,LBNL_VLAN3002.1,1,7,31.5412
2230,trace_offer,0,VLAN4012.0,0,1,2963.53
2227,receive,1,VLAN4012.1,0,0,2980.71
2227,receive,7,LBNL_VLAN3001.1,3,5,50.4994
2230,send,0,VLAN4012.0,0,1,2963.53
2230,send,5,LBNL_VLAN3002.1,1,7,31.5412
2231,trace_offer,5,LBNL_VLAN3002.1,1,7,31.5412
2231,trace_offer,0,VLAN4012.0,0,1,2963.53
2231,send,0,VLAN4012.0,0,1,2963.53
2231,send,5,LBNL_VLAN3002.1,1,7,31.5412
2232,trace_offer,5,LBNL_VLAN3002.1,1,7,31.5412
2232,trace_offer,0,VLAN4012.0,0,1,2963.53
2229,receive,1,VLAN4012.1,0,0,2963.53
2229,receive,7,LBNL_VLAN3001.1,3,5,50.4994
2232,send,0,VLAN4012.0,0,1,2963.53
2232,send,5,LBNL_VLAN3002.1,1,7,31.5412
2233,trace_offer,0,VLAN4012.0,0,1,2963.53
2233,trace_offer,5,LBNL_VLAN3002.1,1,7,31.5412
2230,receive,7,LBNL_VLAN3001.1,3,5,31.5412
2230,receive,1,VLAN4012.1,0,0,2963.53
2230,receive,1,VLAN4012.1,0,0,2963.53
2233,send,0,VLAN4012.0,0,1,2963.53
2233,send,5,LBNL_VLAN3002.1,1,7,31.5412
2234,trace_offer,5,LBNL_VLAN3002.1,1,7,31.5412
2234,trace_offer,0,VLAN4012.0,0,1,2963.53
2234,send,5,LBNL_VLAN3002.1,1,7,31.5412
2234,send,0,VLAN4012.0,0,1,2963.53
2235,trace_offer,5,LBNL_VLAN3002.1,1,7,31.5412
2235,trace_offer,0,VLAN4012.0,0,1,2963.53
2232,receive,1,VLAN4012.1,0,0,2963.53
2232,receive,1,VLAN4012.1,0,0,2963.53
2232,receive,7,LBNL_VLAN3001.1,3,5,63.0823
2235,send,0,VLAN4012.0,0,1,2963.53
2235,send,5,LBNL_VLAN3002.1,1,7,31.5412
2236,trace_offer,0,VLAN4012.0,0,1,2963.53
2236,trace_offer,5,LBNL_VLAN3002.1,1,7,31.5412
2233,receive,1,VLAN4012.1,0,0,2963.53
2236,send,5,LBNL_VLAN3002.1,1,7,31.5412
2236,send,0,VLAN4012.0,0,1,2963.53
2237,trace_offer,0,VLAN4012.0,0,1,2963.53
2237,trace_offer,5,LBNL_VLAN3002.1,1,7,31.5412
2234,receive,7,LBNL_VLAN3001.1,3,5,63.0823
2237,send,5,LBNL_VLAN3002.1,1,7,31.5412
2237,send,0,VLAN4012.0,0,1,2963.53
2238,trace_offer,5,LBNL_VLAN3002.1,1,7,31.5412
2238,trace_offer,0,VLAN4012.0,0,1,2963.53
2235,receive,7,LBNL_VLAN3001.1,3,5,31.5412
2235,receive,1,VLAN4012.1,0,0,2963.53
2235,receive,1,VLAN4012.1,0,0,2963.53
2238,send,5,LBNL_VLAN3002.1,1,7,31.5412
2238,send,0,VLAN4012.0,0,1,2963.53
2239,trace_offer,5,LBNL_VLAN3002.1,1,7,31.5412
2239,trace_offer,0,VLAN4012.0,0,1,2963.53
2236,receive,1,VLAN4012.1,0,0,2963.53
2236,receive,7,LBNL_VLAN3001.1,3,5,31.5412
2239,send,0,VLAN4012.0,0,1,2963.53
2239,send,5,LBNL_VLAN3002.1,1,7,31.5412
2240,trace_offer,0,VLAN4012.0,0,1,2963.53
2240,trace_offer,5,LBNL_VLAN3002.1,1,7,25.5853
2237,receive,7,LBNL_VLAN3001.1,3,5,31.5412
2237,receive,1,VLAN4012.1,0,0,2963.53
2240,send,0,VLAN4012.0,0,1,2963.53
2240,send,5,LBNL_VLAN3002.1,1,7,25.5853
2241,trace_offer,0,VLAN4012.0,0,1,2963.53
2241,trace_offer,5,LBNL_VLAN3002.1,1,7,25.5853
2241,send,5,LBNL_VLAN3002.1,1,7,25.5853
2241,send,0,VLAN4012.0,0,1,2963.53
2242,trace_offer,0,VLAN4012.0,0,1,2963.53
2242,trace_offer,5,LBNL_VLAN3002.1,1,7,25.5853
2239,receive,1,VLAN4012.1,0,0,2963.53
2239,receive,7,LBNL_VLAN3001.1,3,5,63.0823
2239,receive,1,VLAN4012.1,0,0,2963.53
2242,send,5,LBNL_VLAN3002.1,1,7,25.5853
2242,send,0,VLAN4012.0,0,1,2963.53
2243,trace_offer,5,LBNL_VLAN3002.1,1,7,25.5853
2243,trace_offer,0,VLAN4012.0,0,1,2963.53
2243,send,5,LBNL_VLAN3002.1,1,7,25.5853
2243,send,0,VLAN4012.0,0,1,2963.53
2244,trace_offer,0,VLAN4012.0,0,1,2963.53
2244,trace_offer,5,LBNL_VLAN3002.1,1,7,25.5853
2241,receive,1,VLAN4012.1,0,0,2963.53
2241,receive,1,VLAN4012.1,0,0,2963.53
2241,receive,7,LBNL_VLAN3001.1,3,5,25.5853
2244,send,0,VLAN4012.0,0,1,2963.53
2244,send,5,LBNL_VLAN3002.1,1,7,25.5853
2245,trace_offer,0,VLAN4012.0,0,1,2963.53
2245,trace_offer,5,LBNL_VLAN3002.1,1,7,25.5853
2242,receive,1,VLAN4012.1,0,0,2963.53
2242,receive,7,LBNL_VLAN3001.1,3,5,51.1705
2245,send,0,VLAN4012.0,0,1,2963.53
2245,send,5,LBNL_VLAN3002.1,1,7,25.5853
2246,trace_offer,5,LBNL_VLAN3002.1,1,7,25.5853
2246,trace_offer,0,VLAN4012.0,0,1,2963.53
2243,receive,1,VLAN4012.1,0,0,2963.53
2243,receive,7,LBNL_VLAN3001.1,3,5,25.5853
2246,send,5,LBNL_VLAN3002.1,1,7,25.5853
2246,send,0,VLAN4012.0,0,1,2963.53
2247,trace_offer,5,LBNL_VLAN3002.1,1,7,25.5853
2247,trace_offer,0,VLAN4012.0,0,1,2963.53
2244,receive,7,LBNL_VLAN3001.1,3,5,25.5853
2244,receive,1,VLAN4012.1,0,0,2963.53
2247,send,5,LBNL_VLAN3002.1,1,7,25.5853
2247,send,0,VLAN4012.0,0,1,2963.53
2248,trace_offer,5,LBNL_VLAN3002.1,1,7,25.5853
2248,trace_offer,0,VLAN4012.0,0,1,2963.53
2245,receive,1,VLAN4012.1,0,0,2963.53
2248,send,0,VLAN4012.0,0,1,2963.53
2248,send,5,LBNL_VLAN3002.1,1,7,25.5853
2249,trace_offer,0,VLAN4012.0,0,1,2963.53
2249,trace_offer,5,LBNL_VLAN3002.1,1,7,25.5853
2246,receive,7,LBNL_VLAN3001.1,3,5,25.5853
2246,receive,1,VLAN4012.1,0,0,2963.53
2249,send,0,VLAN4012.0,0,1,2963.53
2249,send,5,LBNL_VLAN3002.1,1,7,25.5853
2250,trace_offer,0,VLAN4012.0,0,1,2946.35
2250,trace_offer,5,LBNL_VLAN3002.1,1,7,31.7089
2247,receive,7,LBNL_VLAN3001.1,3,5,51.1705
2247,receive,1,VLAN4012.1,0,0,2963.53
2250,send,5,LBNL_VLAN3002.1,1,7,31.7089
2250,send,0,VLAN4012.0,0,1,2946.35
2251,trace_offer,0,VLAN4012.0,0,1,2946.35
2251,trace_offer,5,LBNL_VLAN3002.1,1,7,31.7089
2248,receive,7,LBNL_VLAN3001.1,3,5,25.5853
2251,send,0,VLAN4012.0,0,1,2946.35
2251,send,5,LBNL_VLAN3002.1,1,7,31.7089
2252,trace_offer,5,LBNL_VLAN3002.1,1,7,31.7089
2252,trace_offer,0,VLAN4012.0,0,1,2946.35
2249,receive,1,VLAN4012.1,0,0,2946.35
2249,receive,1,VLAN4012.1,0,0,2946.35
2249,receive,7,LBNL_VLAN3001.1,3,5,25.5853
2252,send,0,VLAN4012.0,0,1,2946.35
2252,send,5,LBNL_VLAN3002.1,1,7,31.7089
2253,trace_offer,5,LBNL_VLAN3002.1,1,7,31.7089
2253,trace_offer,0,VLAN4012.0,0,1,2946.35
2250,receive,1,VLAN4012.1,0,0,2946.35
2253,send,0,VLAN4012.0,0,1,2946.35
2253,send,5,LBNL_VLAN3002.1,1,7,31.7089
2254,trace_offer,0,VLAN4012.0,0,1,2946.35
2254,trace_offer,5,LBNL_VLAN3002.1,1,7,31.7089
2251,receive,7,LBNL_VLAN3001.1,3,5,63.4179
2254,send,0,VLAN4012.0,0,1,2946.35
2254,send,5,LBNL_VLAN3002.1,1,7,31.7089
2255,trace_offer,5,LBNL_VLAN3002.1,1,7,31.7089
2255,trace_offer,0,VLAN4012.0,0,1,2946.35
2252,receive,1,VLAN4012.1,0,0,2946.35
2252,receive,1,VLAN4012.1,0,0,2946.35
2252,receive,7,LBNL_VLAN3001.1,3,5,31.7089
2255,send,0,VLAN4012.0,0,1,2946.35
2255,send,5,LBNL_VLAN3002.1,1,7,31.7089
2256,trace_offer,0,VLAN4012.0,0,1,2946.35
2256,trace_offer,5,LBNL_VLAN3002.1,1,7,31.7089
2253,receive,7,LBNL_VLAN3001.1,3,5,31.7089
2256,send,5,LBNL_VLAN3002.1,1,7,31.7089
2256,send,0,VLAN4012.0,0,1,2946.35
2257,trace_offer,5,LBNL_VLAN3002.1,1,7,31.7089
2257,trace_offer,0,VLAN4012.0,0,1,2946.35
2254,receive,1,VLAN4012.1,0,0,2946.35
2254,receive,7,LBNL_VLAN3001.1,3,5,31.7089
2257,send,0,VLAN4012.0,0,1,2946.35
2257,send,5,LBNL_VLAN3002.1,1,7,31.7089
2258,trace_offer,0,VLAN4012.0,0,1,2946.35
2258,trace_offer,5,LBNL_VLAN3002.1,1,7,31.7089
2255,receive,1,VLAN4012.1,0,0,2946.35
2255,receive,1,VLAN4012.1,0,0,2946.35
2258,send,5,LBNL_VLAN3002.1,1,7,31.7089
2258,send,0,VLAN4012.0,0,1,2946.35
2259,trace_offer,0,VLAN4012.0,0,1,2946.35
2259,trace_offer,5,LBNL_VLAN3002.1,1,7,31.7089
2256,receive,7,LBNL_VLAN3001.1,3,5,63.4179
2259,send,0,VLAN4012.0,0,1,2946.35
2259,send,5,LBNL_VLAN3002.1,1,7,31.7089
2260,trace_offer,0,VLAN4012.0,0,1,2946.35
2260,trace_offer,5,LBNL_VLAN3002.1,1,7,25.2497
2257,receive,7,LBNL_VLAN3001.1,3,5,31.7089
2257,receive,1,VLAN4012.1,0,0,2946.35
2257,receive,1,VLAN4012.1,0,0,2946.35
2260,send,0,VLAN4012.0,0,1,2946.35
2260,send,5,LBNL_VLAN3002.1,1,7,25.2497
2261,trace_offer,0,VLAN4012.0,0,1,2946.35
2261,trace_offer,5,LBNL_VLAN3002.1,1,7,25.2497
2258,receive,1,VLAN4012.1,0,0,2946.35
2258,receive,7,LBNL_VLAN3001.1,3,5,31.7089
2261,send,0,VLAN4012.0,0,1,2946.35
2261,send,5,LBNL_VLAN3002.1,1,7,25.2497
2262,trace_offer,0,VLAN4012.0,0,1,2946.35
2262,trace_offer,5,LBNL_VLAN3002.1,1,7,25.2497
2259,receive,7,LBNL_VLAN3001.1,3,5,31.7089
2259,receive,1,VLAN4012.1,0,0,2946.35
2262,send,5,LBNL_VLAN3002.1,1,7,25.2497
2262,send,0,VLAN4012.0,0,1,2946.35
2263,trace_offer,5,LBNL_VLAN3002.1,1,7,25.2497
2263,trace_offer,0,VLAN4012.0,0,1,2946.35
2260,receive,1,VLAN4012.1,0,0,2946.35
2263,send,5,LBNL_VLAN3002.1,1,7,25.2497
2263,send,0,VLAN4012.0,0,1,2946.35
2264,trace_offer,0,VLAN4012.0,0,1,2946.35
2264,trace_offer,5,LBNL_VLAN3002.1,1,7,25.2497
2261,receive,1,VLAN4012.1,0,0,2946.35
2261,receive,7,LBNL_VLAN3001.1,3,5,50.4994
2264,send,0,VLAN4012.0,0,1,2946.35
2264,send,5,LBNL_VLAN3002.1,1,7,25.2497
2265,trace_offer,0,VLAN4012.0,0,1,2946.35
2265,trace_offer,5,LBNL_VLAN3002.1,1,7,25.2497
2262,receive,1,VLAN4012.1,0,0,2946.35
2265,send,5,LBNL_VLAN3002.1,1,7,25.2497
2265,send,0,VLAN4012.0,0,1,2946.35
2266,trace_offer,0,VLAN4012.0,0,1,2946.35
2266,trace_offer,5,LBNL_VLAN3002.1,1,7,25.2497
2263,receive,1,VLAN4012.1,0,0,2946.35
2263,receive,7,LBNL_VLAN3001.1,3,5,25.2497
2266,send,5,LBNL_VLAN3002.1,1,7,25.2497
2266,send,0,VLAN4012.0,0,1,2946.35
2267,trace_offer,5,LBNL_VLAN3002.1,1,7,25.2497
2267,trace_offer,0,VLAN4012.0,0,1,2946.35
2264,receive,1,VLAN4012.1,0,0,2946.35
2264,receive,7,LBNL_VLAN3001.1,3,5,50.4994
2267,send,0,VLAN4012.0,0,1,2946.35
2267,send,5,LBNL_VLAN3002.1,1,7,25.2497
2268,trace_offer,5,LBNL_VLAN3002.1,1,7,25.2497
2268,trace_offer,0,VLAN4012.0,0,1,2946.35
2265,receive,1,VLAN4012.1,0,0,2946.35
2268,send,5,LBNL_VLAN3002.1,1,7,25.2497
2268,send,0,VLAN4012.0,0,1,2946.35
2269,trace_offer,5,LBNL_VLAN3002.1,1,7,25.2497
2269,trace_offer,0,VLAN4012.0,0,1,2946.35
2266,receive,7,LBNL_VLAN3001.1,3,5,25.2497
2269,send,0,VLAN4012.0,0,1,2946.35
2269,send,5,LBNL_VLAN3002.1,1,7,25.2497
2270,trace_offer,0,VLAN4012.0,0,1,2954.94
2270,trace_offer,5,LBNL_VLAN3002.1,1,7,31.7089
2267,receive,7,LBNL_VLAN3001.1,3,5,25.2497
2267,receive,1,VLAN4012.1,0,0,2946.35
2267,receive,1,VLAN4012.1,0,0,2946.35
2270,send,0,VLAN4012.0,0,1,2954.94
2270,send,5,LBNL_VLAN3002.1,1,7,31.7089
2271,trace_offer,5,LBNL_VLAN3002.1,1,7,31.7089
2271,trace_offer,0,VLAN4012.0,0,1,2954.94
2268,receive,7,LBNL_VLAN3001.1,3,5,50.4994
2268,receive,1,VLAN4012.1,0,0,2954.94
2271,send,0,VLAN4012.0,0,1,2954.94
2271,send,5,LBNL_VLAN3002.1,1,7,31.7089
2272,trace_offer,5,LBNL_VLAN3002.1,1,7,31.7089
2272,trace_offer,0,VLAN4012.0,0,1,2954.94
2269,receive,1,VLAN4012.1,0,0,2954.94
2269,receive,7,LBNL_VLAN3001.1,3,5,25.2497
2272,send,0,VLAN4012.0,0,1,2954.94
2272,send,5,LBNL_VLAN3002.1,1,7,31.7089
2273,trace_offer,5,LBNL_VLAN3002.1,1,7,31.7089
2273,trace_offer,0,VLAN4012.0,0,1,2954.94
2270,receive,1,VLAN4012.1,0,0,2954.94
2270,receive,7,LBNL_VLAN3001.1,3,5,31.7089
2273,send,0,VLAN4012.0,0,1,2954.94
2273,send,5,LBNL_VLAN3002.1,1,7,31.7089
2274,trace_offer,0,VLAN4012.0,0,1,2954.94
2274,trace_offer,5,LBNL_VLAN3002.1,1,7,31.7089
2271,receive,7,LBNL_VLAN3001.1,3,5,31.7089
2274,send,5,LBNL_VLAN3002.1,1,7,31.7089
2274,send,0,VLAN4012.0,0,1,2954.94
2275,trace_offer,0,VLAN4012.0,0,1,2954.94
2275,trace_offer,5,LBNL_VLAN3002.1,1,7,31.7089
2272,receive,1,VLAN4012.1,0,0,2954.94
2272,receive,1,VLAN4012.1,0,0,2954.94
2275,send,0,VLAN4012.0,0,1,2954.94
2275,send,5,LBNL_VLAN3002.1,1,7,31.7089
2276,trace_offer,0,VLAN4012.0,0,1,2954.94
2276,trace_offer,5,LBNL_VLAN3002.1,1,7,31.7089
2273,receive,7,LBNL_VLAN3001.1,3,5,63.4179
2276,send,5,LBNL_VLAN3002.1,1,7,31.7089
2276,send,0,VLAN4012.0,0,1,2954.94
2277,trace_offer,5,LBNL_VLAN3002.1,1,7,31.7089
2277,trace_offer,0,VLAN4012.0,0,1,2954.94
2274,receive,1,VLAN4012.1,0,0,2954.94
2274,receive,7,LBNL_VLAN3001.1,3,5,31.7089
2277,send,5,LBNL_VLAN3002.1,1,7,31.7089
2277,send,0,VLAN4012.0,0,1,2954.94
2278,trace_offer,5,LBNL_VLAN3002.1,1,7,31.7089
2278,trace_offer,0,VLAN4012.0,0,1,2954.94
2275,receive,1,VLAN4012.1,0,0,2954.94
2278,send,0,VLAN4012.0,0,1,2954.94
2278,send,5,LBNL_VLAN3002.1,1,7,31.7089
2279,trace_offer,0,VLAN4012.0,0,1,2954.94
2279,trace_offer,5,LBNL_VLAN3002.1,1,7,31.7089
2276,receive,7,LBNL_VLAN3001.1,3,5,31.7089
2276,receive,1,VLAN4012.1,0,0,2954.94
2276,receive,1,VLAN4012.1,0,0,2954.94
2279,send,5,LBNL_VLAN3002.1,1,7,31.7089
2279,send,0,VLAN4012.0,0,1,2954.94
2280,trace_offer,5,LBNL_VLAN3002.1,1,7,25.2497
2280,trace_offer,0,VLAN4012.0,0,1,2963.53
2277,receive,7,LBNL_VLAN3001.1,3,5,31.7089
2277,receive,1,VLAN4012.1,0,0,2954.94
2280,send,0,VLAN4012.0,0,1,2963.53
2280,send,5,LBNL_VLAN3002.1,1,7,25.2497
2281,trace_offer,5,LBNL_VLAN3002.1,1,7,25.2497
2281,trace_offer,0,VLAN4012.0,0,1,2963.53
2278,receive,7,LBNL_VLAN3001.1,3,5,63.4179
2281,send,0,VLAN4012.0,0,1,2963.53
2281,send,5,LBNL_VLAN3002.1,1,7,25.2497
2282,trace_offer,5,LBNL_VLAN3002.1,1,7,25.2497
2282,trace_offer,0,VLAN4012.0,0,1,2963.53
2279,receive,7,LBNL_VLAN3001.1,3,5,31.7089
2279,receive,1,VLAN4012.1,0,0,2963.53
2279,receive,1,VLAN4012.1,0,0,2963.53
2282,send,5,LBNL_VLAN3002.1,1,7,25.2497
2282,send,0,VLAN4012.0,0,1,2963.53
2283,trace_offer,5,LBNL_VLAN3002.1,1,7,25.2497
2283,trace_offer,0,VLAN4012.0,0,1,2963.53
2280,receive,1,VLAN4012.1,0,0,2963.53
2283,send,5,LBNL_VLAN3002.1,1,7,25.2497
2283,send,0,VLAN4012.0,0,1,2963.53
2284,trace_offer,5,LBNL_VLAN3002.1,1,7,25.2497
2284,trace_offer,0,VLAN4012.0,0,1,2963.53
2281,receive,7,LBNL_VLAN3001.1,3,5,50.4994
2281,receive,1,VLAN4012.1,0,0,2963.53
2284,send,5,LBNL_VLAN3002.1,1,7,25.2497
2284,send,0,VLAN4012.0,0,1,2963.53
2285,trace_offer,0,VLAN4012.0,0,1,2963.53
2285,trace_offer,5,LBNL_VLAN3002.1,1,7,25.2497
2282,receive,7,LBNL_VLAN3001.1,3,5,25.2497
2282,receive,1,VLAN4012.1,0,0,2963.53
2285,send,0,VLAN4012.0,0,1,2963.53
2285,send,5,LBNL_VLAN3002.1,1,7,25.2497
2286,trace_offer,5,LBNL_VLAN3002.1,1,7,25.2497
2286,trace_offer,0,VLAN4012.0,0,1,2963.53
2286,send,0,VLAN4012.0,0,1,2963.53
2286,send,5,LBNL_VLAN3002.1,1,7,25.2497
2287,trace_offer,5,LBNL_VLAN3002.1,1,7,25.2497
2287,trace_offer,0,VLAN4012.0,0,1,2963.53
2284,receive,1,VLAN4012.1,0,0,2963.53
2284,receive,7,LBNL_VLAN3001.1,3,5,50.4994
2287,send,0,VLAN4012.0,0,1,2963.53
2287,send,5,LBNL_VLAN3002.1,1,7,25.2497
2288,trace_offer,5,LBNL_VLAN3002.1,1,7,25.2497
2288,trace_offer,0,VLAN4012.0,0,1,2963.53
2285,receive,1,VLAN4012.1,0,0,2963.53
2285,receive,1,VLAN4012.1,0,0,2963.53
2288,send,5,LBNL_VLAN3002.1,1,7,25.2497
2288,send,0,VLAN4012.0,0,1,2963.53
2289,trace_offer,5,LBNL_VLAN3002.1,1,7,25.2497
2289,trace_offer,0,VLAN4012.0,0,1,2963.53
2286,receive,1,VLAN4012.1,0,0,2963.53
2286,receive,7,LBNL_VLAN3001.1,3,5,25.2497
2289,send,0,VLAN4012.0,0,1,2963.53
2289,send,5,LBNL_VLAN3002.1,1,7,25.2497
2290,trace_offer,5,LBNL_VLAN3002.1,1,7,31.5412
2290,trace_offer,0,VLAN4012.0,0,1,2972.12
2287,receive,7,LBNL_VLAN3001.1,3,5,50.4994
2287,receive,1,VLAN4012.1,0,0,2963.53
2290,send,5,LBNL_VLAN3002.1,1,7,31.5412
2290,send,0,VLAN4012.0,0,1,2972.12
2291,trace_offer,0,VLAN4012.0,0,1,2972.12
2291,trace_offer,5,LBNL_VLAN3002.1,1,7,31.5412
2288,receive,1,VLAN4012.1,0,0,2972.12
2291,send,5,LBNL_VLAN3002.1,1,7,31.5412
2291,send,0,VLAN4012.0,0,1,2972.12
2292,trace_offer,0,VLAN4012.0,0,1,2972.12
2292,trace_offer,5,LBNL_VLAN3002.1,1,7,31.5412
2289,receive,7,LBNL_VLAN3001.1,3,5,50.4994
2292,send,0,VLAN4012.0,0,1,2972.12
2292,send,5,LBNL_VLAN3002.1,1,7,31.5412
2293,trace_offer,0,VLAN4012.0,0,1,2972.12
2293,trace_offer,5,LBNL_VLAN3002.1,1,7,31.5412
2290,receive,7,LBNL_VLAN3001.1,3,5,31.5412
2290,receive,1,VLAN4012.1,0,0,2972.12
2293,send,5,LBNL_VLAN3002.1,1,7,31.5412
2293,send,0,VLAN4012.0,0,1,2972.12
2294,trace_offer,5,LBNL_VLAN3002.1,1,7,31.5412
2294,trace_offer,0,VLAN4012.0,0,1,2972.12
2291,receive,1,VLAN4012.1,0,0,2972.12
2291,receive,1,VLAN4012.1,0,0,2972.12
2291,receive,7,LBNL_VLAN3001.1,3,5,31.5412
2294,send,0,VLAN4012.0,0,1,2972.12
2294,send,5,LBNL_VLAN3002.1,1,7,31.5412
2295,trace_offer,0,VLAN4012.0,0,1,2972.12
2295,trace_offer,5,LBNL_VLAN3002.1,1,7,31.5412
2292,receive,1,VLAN4012.1,0,0,2972.12
2292,receive,7,LBNL_VLAN3001.1,3,5,31.5412
2295,send,0,VLAN4012.0,0,1,2972.12
2295,send,5,LBNL_VLAN3002.1,1,7,31.5412
2296,trace_offer,0,VLAN4012.0,0,1,2972.12
2296,trace_offer,5,LBNL_VLAN3002.1,1,7,31.5412
2296,send,5,LBNL_VLAN3002.1,1,7,31.5412
2296,send,0,VLAN4012.0,0,1,2972.12
2297,trace_offer,0,VLAN4012.0,0,1,2972.12
2297,trace_offer,5,LBNL_VLAN3002.1,1,7,31.5412
2294,receive,1,VLAN4012.1,0,0,2972.12
2294,receive,7,LBNL_VLAN3001.1,3,5,63.0823
2297,send,0,VLAN4012.0,0,1,2972.12
2297,send,5,LBNL_VLAN3002.1,1,7,31.5412
2298,trace_offer,0,VLAN4012.0,0,1,2972.12
2298,trace_offer,5,LBNL_VLAN3002.1,1,7,31.5412
2295,receive,1,VLAN4012.1,0,0,2972.12
2298,send,5,LBNL_VLAN3002.1,1,7,31.5412
2298,send,0,VLAN4012.0,0,1,2972.12
2299,trace_offer,5,LBNL_VLAN3002.1,1,7,31.5412
2299,trace_offer,0,VLAN4012.0,0,1,2972.12
2296,receive,1,VLAN4012.1,0,0,2972.12
2296,receive,1,VLAN4012.1,0,0,2972.12
2296,receive,7,LBNL_VLAN3001.1,3,5,31.5412
2299,send,5,LBNL_VLAN3002.1,1,7,31.5412
2299,send,0,VLAN4012.0,0,1,2972.12
2300,trace_offer,5,LBNL_VLAN3002.1,1,7,25.3336
2300,trace_offer,0,VLAN4012.0,0,1,2972.12
2297,receive,1,VLAN4012.1,0,0,2972.12
2297,receive,7,LBNL_VLAN3001.1,3,5,31.5412
2300,send,0,VLAN4012.0,0,1,2972.12
2300,send,5,LBNL_VLAN3002.1,1,7,25.3336
2301,trace_offer,0,VLAN4012.0,0,1,2972.12
2301,trace_offer,5,LBNL_VLAN3002.1,1,7,25.3336
2298,receive,7,LBNL_VLAN3001.1,3,5,63.0823
2301,send,5,LBNL_VLAN3002.1,1,7,25.3336
2301,send,0,VLAN4012.0,0,1,2972.12
2302,trace_offer,5,LBNL_VLAN3002.1,1,7,25.3336
2302,trace_offer,0,VLAN4012.0,0,1,2972.12
2299,receive,7,LBNL_VLAN3001.1,3,5,31.5412
2299,receive,1,VLAN4012.1,0,0,2972.12
2299,receive,1,VLAN4012.1,0,0,2972.12
2302,send,0,VLAN4012.0,0,1,2972.12
2302,send,5,LBNL_VLAN3002.1,1,7,25.3336
2303,trace_offer,5,LBNL_VLAN3002.1,1,7,25.3336
2303,trace_offer,0,VLAN4012.0,0,1,2972.12
2300,receive,7,LBNL_VLAN3001.1,3,5,25.3336
2303,send,5,LBNL_VLAN3002.1,1,7,25.3336
2303,send,0,VLAN4012.0,0,1,2972.12
2304,trace_offer,5,LBNL_VLAN3002.1,1,7,25.3336
2304,trace_offer,0,VLAN4012.0,0,1,2972.12
2301,receive,7,LBNL_VLAN3001.1,3,5,25.3336
2301,receive,1,VLAN4012.1,0,0,2972.12
2301,receive,1,VLAN4012.1,0,0,2972.12
2304,send,5,LBNL_VLAN3002.1,1,7,25.3336
2304,send,0,VLAN4012.0,0,1,2972.12
2305,trace_offer,5,LBNL_VLAN3002.1,1,7,25.3336
2305,trace_offer,0,VLAN4012.0,0,1,2972.12
2302,receive,1,VLAN4012.1,0,0,2972.12
2305,send,0,VLAN4012.0,0,1,2972.12
2305,send,5,LBNL_VLAN3002.1,1,7,25.3336
2306,trace_offer,0,VLAN4012.0,0,1,2972.12
2306,trace_offer,5,LBNL_VLAN3002.1,1,7,25.3336
2303,receive,1,VLAN4012.1,0,0,2972.12
2303,receive,7,LBNL_VLAN3001.1,3,5,25.3336
2306,send,0,VLAN4012.0,0,1,2972.12
2306,send,5,LBNL_VLAN3002.1,1,7,25.3336
2307,trace_offer,0,VLAN4012.0,0,1,2972.12
2307,trace_offer,5,LBNL_VLAN3002.1,1,7,25.3336
2304,receive,7,LBNL_VLAN3001.1,3,5,50.6672
2307,send,0,VLAN4012.0,0,1,2972.12
2307,send,5,LBNL_VLAN3002.1,1,7,25.3336
2308,trace_offer,5,LBNL_VLAN3002.1,1,7,25.3336
2308,trace_offer,0,VLAN4012.0,0,1,2972.12
2305,receive,1,VLAN4012.1,0,0,2972.12
2308,send,0,VLAN4012.0,0,1,2972.12
2308,send,5,LBNL_VLAN3002.1,1,7,25.3336
2309,trace_offer,0,VLAN4012.0,0,1,2972.12
2309,trace_offer,5,LBNL_VLAN3002.1,1,7,25.3336
2306,receive,1,VLAN4012.1,0,0,2972.12
2306,receive,7,LBNL_VLAN3001.1,3,5,25.3336
2309,send,0,VLAN4012.0,0,1,2972.12
2309,send,5,LBNL_VLAN3002.1,1,7,25.3336
2310,trace_offer,5,LBNL_VLAN3002.1,1,7,31.5412
2310,trace_offer,0,VLAN4012.0,0,1,2963.53
2307,receive,1,VLAN4012.1,0,0,2972.12
2307,receive,1,VLAN4012.1,0,0,2972.12
2307,receive,7,LBNL_VLAN3001.1,3,5,25.3336
2310,send,0,VLAN4012.0,0,1,2963.53
2310,send,5,LBNL_VLAN3002.1,1,7,31.5412
2311,trace_offer,0,VLAN4012.0,0,1,2963.53
2311,trace_offer,5,LBNL_VLAN3002.1,1,7,31.5412
2308,receive,1,VLAN4012.1,0,0,2963.53
2308,receive,7,LBNL_VLAN3001.1,3,5,25.3336
2311,send,0,VLAN4012.0,0,1,2963.53
2311,send,5,LBNL_VLAN3002.1,1,7,31.5412
2312,trace_offer,5,LBNL_VLAN3002.1,1,7,31.5412
2312,trace_offer,0,VLAN4012.0,0,1,2963.53
2309,receive,1,VLAN4012.1,0,0,2963.53
2309,receive,7,LBNL_VLAN3001.1,3,5,50.6672
2312,send,0,VLAN4012.0,0,1,2963.53
2312,send,5,LBNL_VLAN3002.1,1,7,31.5412
2313,trace_offer,5,LBNL_VLAN3002.1,1,7,31.5412
2313,trace_offer,0,VLAN4012.0,0,1,2963.53
2310,receive,7,LBNL_VLAN3001.1,3,5,31.5412
2313,send,5,LBNL_VLAN3002.1,1,7,31.5412
2313,send,0,VLAN4012.0,0,1,2963.53
2314,trace_offer,5,LBNL_VLAN3002.1,1,7,31.5412
2314,trace_offer,0,VLAN4012.0,0,1,2963.53
2311,receive,1,VLAN4012.1,0,0,2963.53
2311,receive,1,VLAN4012.1,0,0,2963.53
2314,send,5,LBNL_VLAN3002.1,1,7,31.5412
2314,send,0,VLAN4012.0,0,1,2963.53
2315,trace_offer,0,VLAN4012.0,0,1,2963.53
2315,trace_offer,5,LBNL_VLAN3002.1,1,7,31.5412
2312,receive,1,VLAN4012.1,0,0,2963.53
2312,receive,7,LBNL_VLAN3001.1,3,5,63.0823
2315,send,0,VLAN4012.0,0,1,2963.53
2315,send,5,LBNL_VLAN3002.1,1,7,31.5412
2316,trace_offer,5,LBNL_VLAN3002.1,1,7,31.5412
2316,trace_offer,0,VLAN4012.0,0,1,2963.53
2313,receive,1,VLAN4012.1,0,0,2963.53
2313,receive,7,LBNL_VLAN3001.1,3,5,31.5412
2316,send,0,VLAN4012.0,0,1,2963.53
2316,send,5,LBNL_VLAN3002.1,1,7,31.5412
2317,trace_offer,5,LBNL_VLAN3002.1,1,7,31.5412
2317,trace_offer,0,VLAN4012.0,0,1,2963.53
2314,receive,7,LBNL_VLAN3001.1,3,5,31.5412
2317,send,0,VLAN4012.0,0,1,2963.53
2317,send,5,LBNL_VLAN3002.1,1,7,31.5412
2318,trace_offer,0,VLAN4012.0,0,1,2963.53
2318,trace_offer,5,LBNL_VLAN3002.1,1,7,31.5412
2315,receive,1,VLAN4012.1,0,0,2963.53
2318,send,5,LBNL_VLAN3002.1,1,7,31.5412
2318,send,0,VLAN4012.0,0,1,2963.53
2319,trace_offer,0,VLAN4012.0,0,1,2963.53
2319,trace_offer,5,LBNL_VLAN3002.1,1,7,31.5412
2316,receive,7,LBNL_VLAN3001.1,3,5,31.5412
2316,receive,1,VLAN4012.1,0,0,2963.53
2316,receive,1,VLAN4012.1,0,0,2963.53
2319,send,0,VLAN4012.0,0,1,2963.53
2319,send,5,LBNL_VLAN3002.1,1,7,31.5412
2320,trace_offer,5,LBNL_VLAN3002.1,1,7,25.3336
2320,trace_offer,0,VLAN4012.0,0,1,2963.53
2317,receive,7,LBNL_VLAN3001.1,3,5,63.0823
2317,receive,1,VLAN4012.1,0,0,2963.53
2320,send,5,LBNL_VLAN3002.1,1,7,25.3336
2320,send,0,VLAN4012.0,0,1,2963.53
2321,trace_offer,0,VLAN4012.0,0,1,2963.53
2321,trace_offer,5,LBNL_VLAN3002.1,1,7,25.3336
2318,receive,7,LBNL_VLAN3001.1,3,5,31.5412
2321,send,0,VLAN4012.0,0,1,2963.53
2321,send,5,LBNL_VLAN3002.1,1,7,25.3336
2322,trace_offer,5,LBNL_VLAN3002.1,1,7,25.3336
2322,trace_offer,0,VLAN4012.0,0,1,2963.53
2319,receive,7,LBNL_VLAN3001.1,3,5,31.5412
2319,receive,1,VLAN4012.1,0,0,2963.53
2322,send,0,VLAN4012.0,0,1,2963.53
2322,send,5,LBNL_VLAN3002.1,1,7,25.3336
2323,trace_offer,0,VLAN4012.0,0,1,2963.53
2323,trace_offer,5,LBNL_VLAN3002.1,1,7,25.3336
2320,receive,1,VLAN4012.1,0,0,2963.53
2323,send,0,VLAN4012.0,0,1,2963.53
2323,send,5,LBNL_VLAN3002.1,1,7,25.3336
2324,trace_offer,0,VLAN4012.0,0,1,2963.53
2324,trace_offer,5,LBNL_VLAN3002.1,1,7,25.3336
2321,receive,1,VLAN4012.1,0,0,2963.53
2321,receive,7,LBNL_VLAN3001.1,3,5,25.3336
2324,send,0,VLAN4012.0,0,1,2963.53
2324,send,5,LBNL_VLAN3002.1,1,7,25.3336
2325,trace_offer,5,LBNL_VLAN3002.1,1,7,25.3336
2325,trace_offer,0,VLAN4012.0,0,1,2963.53
2322,receive,7,LBNL_VLAN3001.1,3,5,25.3336
2322,receive,1,VLAN4012.1,0,0,2963.53
2322,receive,1,VLAN4012.1,0,0,2963.53
2325,send,5,LBNL_VLAN3002.1,1,7,25.3336
2325,send,0,VLAN4012.0,0,1,2963.53
2326,trace_offer,0,VLAN4012.0,0,1,2963.53
2326,trace_offer,5,LBNL_VLAN3002.1,1,7,25.3336
2323,receive,7,LBNL_VLAN3001.1,3,5,25.3336
2326,send,0,VLAN4012.0,0,1,2963.53
2326,send,5,LBNL_VLAN3002.1,1,7,25.3336
2327,trace_offer,5,LBNL_VLAN3002.1,1,7,25.3336
2327,trace_offer,0,VLAN4012.0,0,1,2963.53
2324,receive,1,VLAN4012.1,0,0,2963.53
2324,receive,7,LBNL_VLAN3001.1,3,5,50.6672
2324,receive,1,VLAN4012.1,0,0,2963.53
2327,send,5,LBNL_VLAN3002.1,1,7,25.3336
2327,send,0,VLAN4012.0,0,1,2963.53
2328,trace_offer,5,LBNL_VLAN3002.1,1,7,25.3336
2328,trace_offer,0,VLAN4012.0,0,1,2963.53
2325,receive,1,VLAN4012.1,0,0,2963.53
2325,receive,7,LBNL_VLAN3001.1,3,5,25.3336
2328,send,5,LBNL_VLAN3002.1,1,7,25.3336
2328,send,0,VLAN4012.0,0,1,2963.53
2329,trace_offer,5,LBNL_VLAN3002.1,1,7,25.3336
2329,trace_offer,0,VLAN4012.0,0,1,2963.53
2329,send,5,LBNL_VLAN3002.1,1,7,25.3336
2329,send,0,VLAN4012.0,0,1,2963.53
2330,trace_offer,0,VLAN4012.0,0,1,2946.35
2330,trace_offer,5,LBNL_VLAN3002.1,1,7,25.2497
2327,receive,1,VLAN4012.1,0,0,2963.53
2327,receive,7,LBNL_VLAN3001.1,3,5,50.6672
2327,receive,1,VLAN4012.1,0,0,2963.53
2330,send,0,VLAN4012.0,0,1,2946.35
2330,send,5,LBNL_VLAN3002.1,1,7,25.2497
2331,trace_offer,5,LBNL_VLAN3002.1,1,7,25.2497
2331,trace_offer,0,VLAN4012.0,0,1,2946.35
2328,receive,1,VLAN4012.1,0,0,2946.35
2331,send,0,VLAN4012.0,0,1,2946.35
2331,send,5,LBNL_VLAN3002.1,1,7,25.2497
2332,trace_offer,5,LBNL_VLAN3002.1,1,7,25.2497
2332,trace_offer,0,VLAN4012.0,0,1,2946.35
2329,receive,7,LBNL_VLAN3001.1,3,5,50.6672
2329,receive,1,VLAN4012.1,0,0,2946.35
2332,send,0,VLAN4012.0,0,1,2946.35
2332,send,5,LBNL_VLAN3002.1,1,7,25.2497
2333,trace_offer,0,VLAN4012.0,0,1,2946.35
2333,trace_offer,5,LBNL_VLAN3002.1,1,7,25.2497
2330,receive,1,VLAN4012.1,0,0,2946.35
2333,send,0,VLAN4012.0,0,1,2946.35
2333,send,5,LBNL_VLAN3002.1,1,7,25.2497
2334,trace_offer,0,VLAN4012.0,0,1,2946.35
2334,trace_offer,5,LBNL_VLAN3002.1,1,7,25.2497
2331,receive,1,VLAN4012.1,0,0,2946.35
2331,receive,7,LBNL_VLAN3001.1,3,5,25.2497
2334,send,0,VLAN4012.0,0,1,2946.35
2334,send,5,LBNL_VLAN3002.1,1,7,25.2497
2335,trace_offer,0,VLAN4012.0,0,1,2946.35
2335,trace_offer,5,LBNL_VLAN3002.1,1,7,25.2497
2332,receive,7,LBNL_VLAN3001.1,3,5,50.4994
2332,receive,1,VLAN4012.1,0,0,2946.35
2335,send,5,LBNL_VLAN3002.1,1,7,25.2497
2335,send,0,VLAN4012.0,0,1,2946.35
2336,trace_offer,0,VLAN4012.0,0,1,2946.35
2336,trace_offer,5,LBNL_VLAN3002.1,1,7,25.2497
2333,receive,1,VLAN4012.1,0,0,2946.35
2336,send,0,VLAN4012.0,0,1,2946.35
2336,send,5,LBNL_VLAN3002.1,1,7,25.2497
2337,trace_offer,5,LBNL_VLAN3002.1,1,7,25.2497
2337,trace_offer,0,VLAN4012.0,0,1,2946.35
2334,receive,7,LBNL_VLAN3001.1,3,5,50.4994
2337,send,0,VLAN4012.0,0,1,2946.35
2337,send,5,LBNL_VLAN3002.1,1,7,25.2497
2338,trace_offer,0,VLAN4012.0,0,1,2946.35
2338,trace_offer,5,LBNL_VLAN3002.1,1,7,25.2497
2335,receive,1,VLAN4012.1,0,0,2946.35
2335,receive,1,VLAN4012.1,0,0,2946.35
2338,send,0,VLAN4012.0,0,1,2946.35
2338,send,5,LBNL_VLAN3002.1,1,7,25.2497
2339,trace_offer,5,LBNL_VLAN3002.1,1,7,25.2497
2339,trace_offer,0,VLAN4012.0,0,1,2946.35
2336,receive,7,LBNL_VLAN3001.1,3,5,50.4994
2336,receive,1,VLAN4012.1,0,0,2946.35
2339,send,5,LBNL_VLAN3002.1,1,7,25.2497
2339,send,0,VLAN4012.0,0,1,2946.35
2340,trace_offer,0,VLAN4012.0,0,1,2954.94
2340,trace_offer,5,LBNL_VLAN3002.1,1,7,31.7089
2337,receive,1,VLAN4012.1,0,0,2946.35
2340,send,5,LBNL_VLAN3002.1,1,7,31.7089
2340,send,0,VLAN4012.0,0,1,2954.94
2341,trace_offer,0,VLAN4012.0,0,1,2954.94
2341,trace_offer,5,LBNL_VLAN3002.1,1,7,31.7089
2338,receive,7,LBNL_VLAN3001.1,3,5,25.2497
2338,receive,1,VLAN4012.1,0,0,2954.94
2341,send,5,LBNL_VLAN3002.1,1,7,31.7089
2341,send,0,VLAN4012.0,0,1,2954.94
2342,trace_offer,5,LBNL_VLAN3002.1,1,7,31.7089
2342,trace_offer,0,VLAN4012.0,0,1,2954.94
2339,receive,7,LBNL_VLAN3001.1,3,5,50.4994
2342,send,5,LBNL_VLAN3002.1,1,7,31.7089
2342,send,0,VLAN4012.0,0,1,2954.94
2343,trace_offer,0,VLAN4012.0,0,1,2954.94
2343,trace_offer,5,LBNL_VLAN3002.1,1,7,31.7089
2340,receive,1,VLAN4012.1,0,0,2954.94
2340,receive,1,VLAN4012.1,0,0,2954.94
2340,receive,7,LBNL_VLAN3001.1,3,5,31.7089
2343,send,5,LBNL_VLAN3002.1,1,7,31.7089
2343,send,0,VLAN4012.0,0,1,2954.94
2344,trace_offer,0,VLAN4012.0,0,1,2954.94
2344,trace_offer,5,LBNL_VLAN3002.1,1,7,31.7089
2341,receive,7,LBNL_VLAN3001.1,3,5,31.7089
2344,send,0,VLAN4012.0,0,1,2954.94
2344,send,5,LBNL_VLAN3002.1,1,7,31.7089
2345,trace_offer,5,LBNL_VLAN3002.1,1,7,31.7089
2345,trace_offer,0,VLAN4012.0,0,1,2954.94
2342,receive,1,VLAN4012.1,0,0,2954.94
2342,receive,1,VLAN4012.1,0,0,2954.94
2342,receive,7,LBNL_VLAN3001.1,3,5,31.7089
2345,send,5,LBNL_VLAN3002.1,1,7,31.7089
2345,send,0,VLAN4012.0,0,1,2954.94
2346,trace_offer,5,LBNL_VLAN3002.1,1,7,31.7089
2346,trace_offer,0,VLAN4012.0,0,1,2954.94
2343,receive,1,VLAN4012.1,0,0,2954.94
2346,send,5,LBNL_VLAN3002.1,1,7,31.7089
2346,send,0,VLAN4012.0,0,1,2954.94
2347,trace_offer,0,VLAN4012.0,0,1,2954.94
2347,trace_offer,5,LBNL_VLAN3002.1,1,7,31.7089
2344,receive,7,LBNL_VLAN3001.1,3,5,63.4179
2344,receive,1,VLAN4012.1,0,0,2954.94
2347,send,5,LBNL_VLAN3002.1,1,7,31.7089
2347,send,0,VLAN4012.0,0,1,2954.94
2348,trace_offer,0,VLAN4012.0,0,1,2954.94
2348,trace_offer,5,LBNL_VLAN3002.1,1,7,31.7089
2348,send,5,LBNL_VLAN3002.1,1,7,31.7089
2348,send,0,VLAN4012.0,0,1,2954.94
2349,trace_offer,0,VLAN4012.0,0,1,2954.94
2349,trace_offer,5,LBNL_VLAN3002.1,1,7,31.7089
2346,receive,1,VLAN4012.1,0,0,2954.94
2346,receive,1,VLAN4012.1,0,0,2954.94
2346,receive,7,LBNL_VLAN3001.1,3,5,31.7089
2349,send,5,LBNL_VLAN3002.1,1,7,31.7089
2349,send,0,VLAN4012.0,0,1,2954.94
2350,trace_offer,0,VLAN4012.0,0,1,2963.53
2350,trace_offer,5,LBNL_VLAN3002.1,1,7,31.5412
2347,receive,7,LBNL_VLAN3001.1,3,5,31.7089
2347,receive,1,VLAN4012.1,0,0,2954.94
2350,send,5,LBNL_VLAN3002.1,1,7,31.5412
2350,send,0,VLAN4012.0,0,1,2963.53
2351,trace_offer,0,VLAN4012.0,0,1,2963.53
2351,trace_offer,5,LBNL_VLAN3002.1,1,7,31.5412
2348,receive,1,VLAN4012.1,0,0,2963.53
2348,receive,7,LBNL_VLAN3001.1,3,5,31.7089
2351,send,5,LBNL_VLAN3002.1,1,7,31.5412
2351,send,0,VLAN4012.0,0,1,2963.53
2352,trace_offer,5,LBNL_VLAN3002.1,1,7,31.5412
2352,trace_offer,0,VLAN4012.0,0,1,2963.53
2349,receive,7,LBNL_VLAN3001.1,3,5,63.4179
2349,receive,1,VLAN4012.1,0,0,2963.53
2352,send,0,VLAN4012.0,0,1,2963.53
2352,send,5,LBNL_VLAN3002.1,1,7,31.5412
2353,trace_offer,5,LBNL_VLAN3002.1,1,7,31.5412
2353,trace_offer,0,VLAN4012.0,0,1,2963.53
2350,receive,7,LBNL_VLAN3001.1,3,5,31.5412
2350,receive,1,VLAN4012.1,0,0,2963.53
2353,send,5,LBNL_VLAN3002.1,1,7,31.5412
2353,send,0,VLAN4012.0,0,1,2963.53
2354,trace_offer,5,LBNL_VLAN3002.1,1,7,31.5412
2354,trace_offer,0,VLAN4012.0,0,1,2963.53
2354,send,0,VLAN4012.0,0,1,2963.53
2354,send,5,LBNL_VLAN3002.1,1,7,31.5412
2355,trace_offer,5,LBNL_VLAN3002.1,1,7,31.5412
2355,trace_offer,0,VLAN4012.0,0,1,2963.53
2352,receive,1,VLAN4012.1,0,0,2963.53
2352,receive,7,LBNL_VLAN3001.1,3,5,31.5412
2352,receive,1,VLAN4012.1,0,0,2963.53
2355,send,5,LBNL_VLAN3002.1,1,7,31.5412
2355,send,0,VLAN4012.0,0,1,2963.53
2356,trace_offer,5,LBNL_VLAN3002.1,1,7,31.5412
2356,trace_offer,0,VLAN4012.0,0,1,2963.53
2353,receive,7,LBNL_VLAN3001.1,3,5,31.5412
2356,send,0,VLAN4012.0,0,1,2963.53
2356,send,5,LBNL_VLAN3002.1,1,7,31.5412
2357,trace_offer,5,LBNL_VLAN3002.1,1,7,31.5412
2357,trace_offer,0,VLAN4012.0,0,1,2963.53
2354,receive,1,VLAN4012.1,0,0,2963.53
2354,receive,7,LBNL_VLAN3001.1,3,5,63.0823
2357,send,5,LBNL_VLAN3002.1,1,7,31.5412
2357,send,0,VLAN4012.0,0,1,2963.53
2358,trace_offer,5,LBNL_VLAN3002.1,1,7,31.5412
2358,trace_offer,0,VLAN4012.0,0,1,2963.53
2355,receive,7,LBNL_VLAN3001.1,3,5,31.5412
2355,receive,1,VLAN4012.1,0,0,2963.53
2355,receive,1,VLAN4012.1,0,0,2963.53
2358,send,0,VLAN4012.0,0,1,2963.53
2358,send,5,LBNL_VLAN3002.1,1,7,31.5412
2359,trace_offer,5,LBNL_VLAN3002.1,1,7,31.5412
2359,trace_offer,0,VLAN4012.0,0,1,2963.53
2356,receive,7,LBNL_VLAN3001.1,3,5,31.5412
2359,send,5,LBNL_VLAN3002.1,1,7,31.5412
2359,send,0,VLAN4012.0,0,1,2963.53
2360,trace_offer,5,LBNL_VLAN3002.1,1,7,25.3336
2360,trace_offer,0,VLAN4012.0,0,1,2972.12
2357,receive,1,VLAN4012.1,0,0,2963.53
2357,receive,1,VLAN4012.1,0,0,2963.53
2357,receive,7,LBNL_VLAN3001.1,3,5,31.5412
2360,send,5,LBNL_VLAN3002.1,1,7,25.3336
2360,send,0,VLAN4012.0,0,1,2972.12
2361,trace_offer,5,LBNL_VLAN3002.1,1,7,25.3336
2361,trace_offer,0,VLAN4012.0,0,1,2972.12
2358,receive,7,LBNL_VLAN3001.1,3,5,31.5412
2358,receive,1,VLAN4012.1,0,0,2972.12
2361,send,0,VLAN4012.0,0,1,2972.12
2361,send,5,LBNL_VLAN3002.1,1,7,25.3336
2362,trace_offer,5,LBNL_VLAN3002.1,1,7,25.3336
2362,trace_offer,0,VLAN4012.0,0,1,2972.12
2359,receive,7,LBNL_VLAN3001.1,3,5,31.5412
2362,send,0,VLAN4012.0,0,1,2972.12
2362,send,5,LBNL_VLAN3002.1,1,7,25.3336
2363,trace_offer,5,LBNL_VLAN3002.1,1,7,25.3336
2363,trace_offer,0,VLAN4012.0,0,1,2972.12
2360,receive,1,VLAN4012.1,0,0,2972.12
2360,receive,1,VLAN4012.1,0,0,2972.12
2363,send,0,VLAN4012.0,0,1,2972.12
2363,send,5,LBNL_VLAN3002.1,1,7,25.3336
2364,trace_offer,0,VLAN4012.0,0,1,2972.12
2364,trace_offer,5,LBNL_VLAN3002.1,1,7,25.3336
2361,receive,7,LBNL_VLAN3001.1,3,5,25.3336
2364,send,0,VLAN4012.0,0,1,2972.12
2364,send,5,LBNL_VLAN3002.1,1,7,25.3336
2365,trace_offer,5,LBNL_VLAN3002.1,1,7,25.3336
2365,trace_offer,0,VLAN4012.0,0,1,2972.12
2362,receive,1,VLAN4012.1,0,0,2972.12
2362,receive,7,LBNL_VLAN3001.1,3,5,25.3336
2362,receive,1,VLAN4012.1,0,0,2972.12
2365,send,0,VLAN4012.0,0,1,2972.12
2365,send,5,LBNL_VLAN3002.1,1,7,25.3336
2366,trace_offer,5,LBNL_VLAN3002.1,1,7,25.3336
2366,trace_offer,0,VLAN4012.0,0,1,2972.12
2363,receive,7,LBNL_VLAN3001.1,3,5,25.3336
2363,receive,1,VLAN4012.1,0,0,2972.12
2366,send,0,VLAN4012.0,0,1,2972.12
2366,send,5,LBNL_VLAN3002.1,1,7,25.3336
2367,trace_offer,0,VLAN4012.0,0,1,2972.12
2367,trace_offer,5,LBNL_VLAN3002.1,1,7,25.3336
2364,receive,7,LBNL_VLAN3001.1,3,5,50.6672
2367,send,5,LBNL_VLAN3002.1,1,7,25.3336
2367,send,0,VLAN4012.0,0,1,2972.12
2368,trace_offer,0,VLAN4012.0,0,1,2972.12
2368,trace_offer,5,LBNL_VLAN3002.1,1,7,25.3336
2365,receive,1,VLAN4012.1,0,0,2972.12
2365,receive,1,VLAN4012.1,0,0,2972.12
2365,receive,7,LBNL_VLAN3001.1,3,5,25.3336
2368,send,5,LBNL_VLAN3002.1,1,7,25.3336
2368,send,0,VLAN4012.0,0,1,2972.12
2369,trace_offer,0,VLAN4012.0,0,1,2972.12
2369,trace_offer,5,LBNL_VLAN3002.1,1,7,25.3336
2366,receive,7,LBNL_VLAN3001.1,3,5,25.3336
2369,send,5,LBNL_VLAN3002.1,1,7,25.3336
2369,send,0,VLAN4012.0,0,1,2972.12
2370,trace_offer,5,LBNL_VLAN3002.1,1,7,25.5014
2370,trace_offer,0,VLAN4012.0,0,1,2972.12
2367,receive,1,VLAN4012.1,0,0,2972.12
2367,receive,1,VLAN4012.1,0,0,2972.12
2367,receive,7,LBNL_VLAN3001.1,3,5,25.3336
2370,send,5,LBNL_VLAN3002.1,1,7,25.5014
2370,send,0,VLAN4012.0,0,1,2972.12
2371,trace_offer,5,LBNL_VLAN3002.1,1,7,25.5014
2371,trace_offer,0,VLAN4012.0,0,1,2972.12
2371,send,0,VLAN4012.0,0,1,2972.12
2371,send,5,LBNL_VLAN3002.1,1,7,25.5014
2372,trace_offer,0,VLAN4012.0,0,1,2972.12
2372,trace_offer,5,LBNL_VLAN3002.1,1,7,25.5014
2369,receive,7,LBNL_VLAN3001.1,3,5,50.6672
2369,receive,1,VLAN4012.1,0,0,2972.12
2372,send,0,VLAN4012.0,0,1,2972.12
2372,send,5,LBNL_VLAN3002.1,1,7,25.5014
2373,trace_offer,5,LBNL_VLAN3002.1,1,7,25.5014
2373,trace_offer,0,VLAN4012.0,0,1,2972.12
2370,receive,7,LBNL_VLAN3001.1,3,5,25.5014
2370,receive,1,VLAN4012.1,0,0,2972.12
2373,send,5,LBNL_VLAN3002.1,1,7,25.5014
2373,send,0,VLAN4012.0,0,1,2972.12
2374,trace_offer,0,VLAN4012.0,0,1,2972.12
2374,trace_offer,5,LBNL_VLAN3002.1,1,7,25.5014
2371,receive,1,VLAN4012.1,0,0,2972.12
2371,receive,7,LBNL_VLAN3001.1,3,5,25.5014
2374,send,0,VLAN4012.0,0,1,2972.12
2374,send,5,LBNL_VLAN3002.1,1,7,25.5014
2375,trace_offer,0,VLAN4012.0,0,1,2972.12
2375,trace_offer,5,LBNL_VLAN3002.1,1,7,25.5014
2372,receive,1,VLAN4012.1,0,0,2972.12
2372,receive,1,VLAN4012.1,0,0,2972.12
2375,send,5,LBNL_VLAN3002.1,1,7,25.5014
2375,send,0,VLAN4012.0,0,1,2972.12
2376,trace_offer,0,VLAN4012.0,0,1,2972.12
2376,trace_offer,5,LBNL_VLAN3002.1,1,7,25.5014
2373,receive,1,VLAN4012.1,0,0,2972.12
2373,receive,7,LBNL_VLAN3001.1,3,5,25.5014
2376,send,0,VLAN4012.0,0,1,2972.12
2376,send,5,LBNL_VLAN3002.1,1,7,25.5014
2377,trace_offer,0,VLAN4012.0,0,1,2972.12
2377,trace_offer,5,LBNL_VLAN3002.1,1,7,25.5014
2374,receive,7,LBNL_VLAN3001.1,3,5,51.0027
2377,send,5,LBNL_VLAN3002.1,1,7,25.5014
2377,send,0,VLAN4012.0,0,1,2972.12
2378,trace_offer,5,LBNL_VLAN3002.1,1,7,25.5014
2378,trace_offer,0,VLAN4012.0,0,1,2972.12
2375,receive,7,LBNL_VLAN3001.1,3,5,25.5014
2375,receive,1,VLAN4012.1,0,0,2972.12
2375,receive,1,VLAN4012.1,0,0,2972.12
2378,send,5,LBNL_VLAN3002.1,1,7,25.5014
2378,send,0,VLAN4012.0,0,1,2972.12
2379,trace_offer,0,VLAN4012.0,0,1,2972.12
2379,trace_offer,5,LBNL_VLAN3002.1,1,7,25.5014
2376,receive,1,VLAN4012.1,0,0,2972.12
2376,receive,7,LBNL_VLAN3001.1,3,5,25.5014
2379,send,0,VLAN4012.0,0,1,2972.12
2379,send,5,LBNL_VLAN3002.1,1,7,25.5014
2380,trace_offer,5,LBNL_VLAN3002.1,1,7,31.5412
2380,trace_offer,0,VLAN4012.0,0,1,2989.3
2377,receive,1,VLAN4012.1,0,0,2972.12
2377,receive,7,LBNL_VLAN3001.1,3,5,25.5014
2380,send,5,LBNL_VLAN3002.1,1,7,31.5412
2380,send,0,VLAN4012.0,0,1,2989.3
2381,trace_offer,0,VLAN4012.0,0,1,2989.3
2381,trace_offer,5,LBNL_VLAN3002.1,1,7,31.5412
2378,receive,1,VLAN4012.1,0,0,2989.3
2381,send,0,VLAN4012.0,0,1,2989.3
2381,send,5,LBNL_VLAN3002.1,1,7,31.5412
2382,trace_offer,5,LBNL_VLAN3002.1,1,7,31.5412
2382,trace_offer,0,VLAN4012.0,0,1,2989.3
2379,receive,1,VLAN4012.1,0,0,2989.3
2379,receive,7,LBNL_VLAN3001.1,3,5,51.0027
2382,send,0,VLAN4012.0,0,1,2989.3
2382,send,5,LBNL_VLAN3002.1,1,7,31.5412
2383,trace_offer,0,VLAN4012.0,0,1,2989.3
2383,trace_offer,5,LBNL_VLAN3002.1,1,7,31.5412
2380,receive,7,LBNL_VLAN3001.1,3,5,31.5412
2380,receive,1,VLAN4012.1,0,0,2989.3
2383,send,0,VLAN4012.0,0,1,2989.3
2383,send,5,LBNL_VLAN3002.1,1,7,31.5412
2384,trace_offer,5,LBNL_VLAN3002.1,1,7,31.5412
2384,trace_offer,0,VLAN4012.0,0,1,2989.3
2381,receive,7,LBNL_VLAN3001.1,3,5,31.5412
2384,send,0,VLAN4012.0,0,1,2989.3
2384,send,5,LBNL_VLAN3002.1,1,7,31.5412
2385,trace_offer,5,LBNL_VLAN3002.1,1,7,31.5412
2385,trace_offer,0,VLAN4012.0,0,1,2989.3
2382,receive,1,VLAN4012.1,0,0,2989.3
2382,receive,7,LBNL_VLAN3001.1,3,5,31.5412
2382,receive,1,VLAN4012.1,0,0,2989.3
2385,send,0,VLAN4012.0,0,1,2989.3
2385,send,5,LBNL_VLAN3002.1,1,7,31.5412
2386,trace_offer,0,VLAN4012.0,0,1,2989.3
2386,trace_offer,5,LBNL_VLAN3002.1,1,7,31.5412
2383,receive,7,LBNL_VLAN3001.1,3,5,31.5412
2386,send,5,LBNL_VLAN3002.1,1,7,31.5412
2386,send,0,VLAN4012.0,0,1,2989.3
2387,trace_offer,5,LBNL_VLAN3002.1,1,7,31.5412
2387,trace_offer,0,VLAN4012.0,0,1,2989.3
2384,receive,1,VLAN4012.1,0,0,2989.3
2384,receive,1,VLAN4012.1,0,0,2989.3
2384,receive,7,LBNL_VLAN3001.1,3,5,31.5412
2387,send,5,LBNL_VLAN3002.1,1,7,31.5412
2387,send,0,VLAN4012.0,0,1,2989.3
2388,trace_offer,0,VLAN4012.0,0,1,2989.3
2388,trace_offer,5,LBNL_VLAN3002.1,1,7,31.5412
2385,receive,1,VLAN4012.1,0,0,2989.3
2385,receive,7,LBNL_VLAN3001.1,3,5,31.5412
2388,send,5,LBNL_VLAN3002.1,1,7,31.5412
2388,send,0,VLAN4012.0,0,1,2989.3
2389,trace_offer,0,VLAN4012.0,0,1,2989.3
2389,trace_offer,5,LBNL_VLAN3002.1,1,7,31.5412
2386,receive,7,LBNL_VLAN3001.1,3,5,31.5412
2386,receive,1,VLAN4012.1,0,0,2989.3
2389,send,0,VLAN4012.0,0,1,2989.3
2389,send,5,LBNL_VLAN3002.1,1,7,31.5412
2390,trace_offer,5,LBNL_VLAN3002.1,1,7,25.2497
2390,trace_offer,0,VLAN4012.0,0,1,2997.89
2387,receive,7,LBNL_VLAN3001.1,3,5,31.5412
2387,receive,1,VLAN4012.1,0,0,2989.3
2390,send,0,VLAN4012.0,0,1,2997.89
2390,send,5,LBNL_VLAN3002.1,1,7,25.2497
2391,trace_offer,5,LBNL_VLAN3002.1,1,7,25.2497
2391,trace_offer,0,VLAN4012.0,0,1,2997.89
2388,receive,1,VLAN4012.1,0,0,2997.89
2391,send,0,VLAN4012.0,0,1,2997.89
2391,send,5,LBNL_VLAN3002.1,1,7,25.2497
2392,trace_offer,0,VLAN4012.0,0,1,2997.89
2392,trace_offer,5,LBNL_VLAN3002.1,1,7,25.2497
2389,receive,7,LBNL_VLAN3001.1,3,5,63.0823
2392,send,5,LBNL_VLAN3002.1,1,7,25.2497
2392,send,0,VLAN4012.0,0,1,2997.89
2393,trace_offer,5,LBNL_VLAN3002.1,1,7,25.2497
2393,trace_offer,0,VLAN4012.0,0,1,2997.89
2390,receive,1,VLAN4012.1,0,0,2997.89
2390,receive,1,VLAN4012.1,0,0,2997.89
2393,send,0,VLAN4012.0,0,1,2997.89
2393,send,5,LBNL_VLAN3002.1,1,7,25.2497
2394,trace_offer,5,LBNL_VLAN3002.1,1,7,25.2497
2394,trace_offer,0,VLAN4012.0,0,1,2997.89
2391,receive,7,LBNL_VLAN3001.1,3,5,25.2497
2394,send,5,LBNL_VLAN3002.1,1,7,25.2497
2394,send,0,VLAN4012.0,0,1,2997.89
2395,trace_offer,5,LBNL_VLAN3002.1,1,7,25.2497
2395,trace_offer,0,VLAN4012.0,0,1,2997.89
2392,receive,7,LBNL_VLAN3001.1,3,5,25.2497
2392,receive,1,VLAN4012.1,0,0,2997.89
2392,receive,1,VLAN4012.1,0,0,2997.89
2395,send,0,VLAN4012.0,0,1,2997.89
2395,send,5,LBNL_VLAN3002.1,1,7,25.2497
2396,trace_offer,0,VLAN4012.0,0,1,2997.89
2396,trace_offer,5,LBNL_VLAN3002.1,1,7,25.2497
2393,receive,1,VLAN4012.1,0,0,2997.89
2393,receive,7,LBNL_VLAN3001.1,3,5,25.2497
2396,send,0,VLAN4012.0,0,1,2997.89
2396,send,5,LBNL_VLAN3002.1,1,7,25.2497
2397,trace_offer,0,VLAN4012.0,0,1,2997.89
2397,trace_offer,5,LBNL_VLAN3002.1,1,7,25.2497
2394,receive,7,LBNL_VLAN3001.1,3,5,50.4994
2397,send,5,LBNL_VLAN3002.1,1,7,25.2497
2397,send,0,VLAN4012.0,0,1,2997.89
2398,trace_offer,5,LBNL_VLAN3002.1,1,7,25.2497
2398,trace_offer,0,VLAN4012.0,0,1,2997.89
2395,receive,1,VLAN4012.1,0,0,2997.89
2398,send,0,VLAN4012.0,0,1,2997.89
2398,send,5,LBNL_VLAN3002.1,1,7,25.2497
2399,trace_offer,5,LBNL_VLAN3002.1,1,7,25.2497
2399,trace_offer,0,VLAN4012.0,0,1,2997.89
2396,receive,7,LBNL_VLAN3001.1,3,5,25.2497
2396,receive,1,VLAN4012.1,0,0,2997.89
2396,receive,1,VLAN4012.1,0,0,2997.89
2399,send,5,LBNL_VLAN3002.1,1,7,25.2497
2399,send,0,VLAN4012.0,0,1,2997.89
2400,trace_offer,5,LBNL_VLAN3002.1,1,7,31.7089
2400,trace_offer,0,VLAN4012.0,0,1,2980.71
2397,receive,1,VLAN4012.1,0,0,2997.89
2397,receive,7,LBNL_VLAN3001.1,3,5,50.4994
2400,send,0,VLAN4012.0,0,1,2980.71
2400,send,5,LBNL_VLAN3002.1,1,7,31.7089
2401,trace_offer,0,VLAN4012.0,0,1,2980.71
2401,trace_offer,5,LBNL_VLAN3002.1,1,7,31.7089
2401,send,0,VLAN4012.0,0,1,2980.71
2401,send,5,LBNL_VLAN3002.1,1,7,31.7089
2402,trace_offer,5,LBNL_VLAN3002.1,1,7,31.7089
2402,trace_offer,0,VLAN4012.0,0,1,2980.71
2399,receive,1,VLAN4012.1,0,0,2980.71
2399,receive,7,LBNL_VLAN3001.1,3,5,50.4994
2399,receive,1,VLAN4012.1,0,0,2980.71
2402,send,0,VLAN4012.0,0,1,2980.71
2402,send,5,LBNL_VLAN3002.1,1,7,31.7089
2403,trace_offer,5,LBNL_VLAN3002.1,1,7,31.7089
2403,trace_offer,0,VLAN4012.0,0,1,2980.71
2400,receive,1,VLAN4012.1,0,0,2980.71
2403,send,0,VLAN4012.0,0,1,2980.71
2403,send,5,LBNL_VLAN3002.1,1,7,31.7089
2404,trace_offer,0,VLAN4012.0,0,1,2980.71
2404,trace_offer,5,LBNL_VLAN3002.1,1,7,31.7089
2401,receive,7,LBNL_VLAN3001.1,3,5,31.7089
2404,send,0,VLAN4012.0,0,1,2980.71
2404,send,5,LBNL_VLAN3002.1,1,7,31.7089
2405,trace_offer,5,LBNL_VLAN3002.1,1,7,31.7089
2405,trace_offer,0,VLAN4012.0,0,1,2980.71
2402,receive,1,VLAN4012.1,0,0,2980.71
2402,receive,7,LBNL_VLAN3001.1,3,5,31.7089
2402,receive,1,VLAN4012.1,0,0,2980.71
2405,send,5,LBNL_VLAN3002.1,1,7,31.7089
2405,send,0,VLAN4012.0,0,1,2980.71
2406,trace_offer,5,LBNL_VLAN3002.1,1,7,31.7089
2406,trace_offer,0,VLAN4012.0,0,1,2980.71
2403,receive,7,LBNL_VLAN3001.1,3,5,31.7089
2406,send,5,LBNL_VLAN3002.1,1,7,31.7089
2406,send,0,VLAN4012.0,0,1,2980.71
2407,trace_offer,0,VLAN4012.0,0,1,2980.71
2407,trace_offer,5,LBNL_VLAN3002.1,1,7,31.7089
2404,receive,1,VLAN4012.1,0,0,2980.71
2404,receive,7,LBNL_VLAN3001.1,3,5,63.4179
2407,send,5,LBNL_VLAN3002.1,1,7,31.7089
2407,send,0,VLAN4012.0,0,1,2980.71
2408,trace_offer,0,VLAN4012.0,0,1,2980.71
2408,trace_offer,5,LBNL_VLAN3002.1,1,7,31.7089
2405,receive,1,VLAN4012.1,0,0,2980.71
2408,send,0,VLAN4012.0,0,1,2980.71
2408,send,5,LBNL_VLAN3002.1,1,7,31.7089
2409,trace_offer,5,LBNL_VLAN3002.1,1,7,31.7089
2409,trace_offer,0,VLAN4012.0,0,1,2980.71
2406,receive,1,VLAN4012.1,0,0,2980.71
2406,receive,7,LBNL_VLAN3001.1,3,5,63.4179
2406,receive,1,VLAN4012.1,0,0,2980.71
2409,send,5,LBNL_VLAN3002.1,1,7,31.7089
2409,send,0,VLAN4012.0,0,1,2980.71
2410,trace_offer,5,LBNL_VLAN3002.1,1,7,25.1658
2410,trace_offer,0,VLAN4012.0,0,1,2972.12
2407,receive,1,VLAN4012.1,0,0,2980.71
2407,receive,7,LBNL_VLAN3001.1,3,5,31.7089
2410,send,5,LBNL_VLAN3002.1,1,7,25.1658
2410,send,0,VLAN4012.0,0,1,2972.12
2411,trace_offer,5,LBNL_VLAN3002.1,1,7,25.1658
2411,trace_offer,0,VLAN4012.0,0,1,2972.12
2411,send,5,LBNL_VLAN3002.1,1,7,25.1658
2411,send,0,VLAN4012.0,0,1,2972.12
2412,trace_offer,0,VLAN4012.0,0,1,2972.12
2412,trace_offer,5,LBNL_VLAN3002.1,1,7,25.1658
2409,receive,7,LBNL_VLAN3001.1,3,5,63.4179
2409,receive,1,VLAN4012.1,0,0,2972.12
2409,receive,1,VLAN4012.1,0,0,2972.12
2412,send,5,LBNL_VLAN3002.1,1,7,25.1658
2412,send,0,VLAN4012.0,0,1,2972.12
2413,trace_offer,5,LBNL_VLAN3002.1,1,7,25.1658
2413,trace_offer,0,VLAN4012.0,0,1,2972.12
2410,receive,1,VLAN4012.1,0,0,2972.12
2413,send,0,VLAN4012.0,0,1,2972.12
2413,send,5,LBNL_VLAN3002.1,1,7,25.1658
2414,trace_offer,5,LBNL_VLAN3002.1,1,7,25.1658
2414,trace_offer,0,VLAN4012.0,0,1,2972.12
2411,receive,7,LBNL_VLAN3001.1,3,5,25.1658
2414,send,0,VLAN4012.0,0,1,2972.12
2414,send,5,LBNL_VLAN3002.1,1,7,25.1658
2415,trace_offer,5,LBNL_VLAN3002.1,1,7,25.1658
2415,trace_offer,0,VLAN4012.0,0,1,2972.12
2412,receive,1,VLAN4012.1,0,0,2972.12
2412,receive,1,VLAN4012.1,0,0,2972.12
2412,receive,7,LBNL_VLAN3001.1,3,5,50.3316
2415,send,0,VLAN4012.0,0,1,2972.12
2415,send,5,LBNL_VLAN3002.1,1,7,25.1658
2416,trace_offer,0,VLAN4012.0,0,1,2972.12
2416,trace_offer,5,LBNL_VLAN3002.1,1,7,25.1658
2416,send,0,VLAN4012.0,0,1,2972.12
2416,send,5,LBNL_VLAN3002.1,1,7,25.1658
2417,trace_offer,5,LBNL_VLAN3002.1,1,7,25.1658
2417,trace_offer,0,VLAN4012.0,0,1,2972.12
2414,receive,1,VLAN4012.1,0,0,2972.12
2414,receive,7,LBNL_VLAN3001.1,3,5,50.3316
2417,send,5,LBNL_VLAN3002.1,1,7,25.1658
2417,send,0,VLAN4012.0,0,1,2972.12
2418,trace_offer,0,VLAN4012.0,0,1,2972.12
2418,trace_offer,5,LBNL_VLAN3002.1,1,7,25.1658
2415,receive,7,LBNL_VLAN3001.1,3,5,25.1658
2415,receive,1,VLAN4012.1,0,0,2972.12
2415,receive,1,VLAN4012.1,0,0,2972.12
2418,send,0,VLAN4012.0,0,1,2972.12
2418,send,5,LBNL_VLAN3002.1,1,7,25.1658
2419,trace_offer,5,LBNL_VLAN3002.1,1,7,25.1658
2419,trace_offer,0,VLAN4012.0,0,1,2972.12
2416,receive,7,LBNL_VLAN3001.1,3,5,25.1658
2419,send,5,LBNL_VLAN3002.1,1,7,25.1658
2419,send,0,VLAN4012.0,0,1,2972.12
2420,trace_offer,5,LBNL_VLAN3002.1,1,7,31.7928
2420,trace_offer,0,VLAN4012.0,0,1,2946.35
2417,receive,1,VLAN4012.1,0,0,2972.12
2417,receive,7,LBNL_VLAN3001.1,3,5,25.1658
2417,receive,1,VLAN4012.1,0,0,2972.12
2420,send,5,LBNL_VLAN3002.1,1,7,31.7928
2420,send,0,VLAN4012.0,0,1,2946.35
2421,trace_offer,5,LBNL_VLAN3002.1,1,7,31.7928
2421,trace_offer,0,VLAN4012.0,0,1,2946.35
2421,send,5,LBNL_VLAN3002.1,1,7,31.7928
2421,send,0,VLAN4012.0,0,1,2946.35
2422,trace_offer,0,VLAN4012.0,0,1,2946.35
2422,trace_offer,5,LBNL_VLAN3002.1,1,7,31.7928
2419,receive,7,LBNL_VLAN3001.1,3,5,50.3316
2419,receive,1,VLAN4012.1,0,0,2946.35
2419,receive,1,VLAN4012.1,0,0,2946.35
2422,send,0,VLAN4012.0,0,1,2946.35
2422,send,5,LBNL_VLAN3002.1,1,7,31.7928
2423,trace_offer,5,LBNL_VLAN3002.1,1,7,31.7928
2423,trace_offer,0,VLAN4012.0,0,1,2946.35
2420,receive,1,VLAN4012.1,0,0,2946.35
2423,send,5,LBNL_VLAN3002.1,1,7,31.7928
2423,send,0,VLAN4012.0,0,1,2946.35
2424,trace_offer,5,LBNL_VLAN3002.1,1,7,31.7928
2424,trace_offer,0,VLAN4012.0,0,1,2946.35
2421,receive,7,LBNL_VLAN3001.1,3,5,31.7928
2424,send,5,LBNL_VLAN3002.1,1,7,31.7928
2424,send,0,VLAN4012.0,0,1,2946.35
2425,trace_offer,0,VLAN4012.0,0,1,2946.35
2425,trace_offer,5,LBNL_VLAN3002.1,1,7,31.7928
2422,receive,1,VLAN4012.1,0,0,2946.35
2422,receive,7,LBNL_VLAN3001.1,3,5,31.7928
2422,receive,1,VLAN4012.1,0,0,2946.35
2425,send,5,LBNL_VLAN3002.1,1,7,31.7928
2425,send,0,VLAN4012.0,0,1,2946.35
2426,trace_offer,5,LBNL_VLAN3002.1,1,7,31.7928
2426,trace_offer,0,VLAN4012.0,0,1,2946.35
2423,receive,7,LBNL_VLAN3001.1,3,5,63.5856
2423,receive,1,VLAN4012.1,0,0,2946.35
2426,send,5,LBNL_VLAN3002.1,1,7,31.7928
2426,send,0,VLAN4012.0,0,1,2946.35
2427,trace_offer,0,VLAN4012.0,0,1,2946.35
2427,trace_offer,5,LBNL_VLAN3002.1,1,7,31.7928
2424,receive,1,VLAN4012.1,0,0,2946.35
2424,receive,7,LBNL_VLAN3001.1,3,5,31.7928
2427,send,0,VLAN4012.0,0,1,2946.35
2427,send,5,LBNL_VLAN3002.1,1,7,31.7928
2428,trace_offer,0,VLAN4012.0,0,1,2946.35
2428,trace_offer,5,LBNL_VLAN3002.1,1,7,31.7928
2425,receive,1,VLAN4012.1,0,0,2946.35
2428,send,0,VLAN4012.0,0,1,2946.35
2428,send,5,LBNL_VLAN3002.1,1,7,31.7928
2429,trace_offer,0,VLAN4012.0,0,1,2946.35
2429,trace_offer,5,LBNL_VLAN3002.1,1,7,31.7928
2426,receive,7,LBNL_VLAN3001.1,3,5,63.5856
2429,send,5,LBNL_VLAN3002.1,1,7,31.7928
2429,send,0,VLAN4012.0,0,1,2946.35
2430,trace_offer,0,VLAN4012.0,0,1,2946.35
2430,trace_offer,5,LBNL_VLAN3002.1,1,7,25.3336
2427,receive,1,VLAN4012.1,0,0,2946.35
2427,receive,1,VLAN4012.1,0,0,2946.35
2427,receive,7,LBNL_VLAN3001.1,3,5,31.7928
2430,send,0,VLAN4012.0,0,1,2946.35
2430,send,5,LBNL_VLAN3002.1,1,7,25.3336
2431,trace_offer,5,LBNL_VLAN3002.1,1,7,25.3336
2431,trace_offer,0,VLAN4012.0,0,1,2946.35
2428,receive,7,LBNL_VLAN3001.1,3,5,31.7928
2431,send,5,LBNL_VLAN3002.1,1,7,25.3336
2431,send,0,VLAN4012.0,0,1,2946.35
2432,trace_offer,0,VLAN4012.0,0,1,2946.35
2432,trace_offer,5,LBNL_VLAN3002.1,1,7,25.3336
2429,receive,1,VLAN4012.1,0,0,2946.35
2429,receive,7,LBNL_VLAN3001.1,3,5,31.7928
2432,send,0,VLAN4012.0,0,1,2946.35
2432,send,5,LBNL_VLAN3002.1,1,7,25.3336
2433,trace_offer,0,VLAN4012.0,0,1,2946.35
2433,trace_offer,5,LBNL_VLAN3002.1,1,7,25.3336
2430,receive,1,VLAN4012.1,0,0,2946.35
2430,receive,7,LBNL_VLAN3001.1,3,5,25.3336
2433,send,0,VLAN4012.0,0,1,2946.35
2433,send,5,LBNL_VLAN3002.1,1,7,25.3336
2434,trace_offer,0,VLAN4012.0,0,1,2946.35
2434,trace_offer,5,LBNL_VLAN3002.1,1,7,25.3336
2431,receive,1,VLAN4012.1,0,0,2946.35
2431,receive,1,VLAN4012.1,0,0,2946.35
2434,send,0,VLAN4012.0,0,1,2946.35
2434,send,5,LBNL_VLAN3002.1,1,7,25.3336
2435,trace_offer,5,LBNL_VLAN3002.1,1,7,25.3336
2435,trace_offer,0,VLAN4012.0,0,1,2946.35
2432,receive,1,VLAN4012.1,0,0,2946.35
2432,receive,7,LBNL_VLAN3001.1,3,5,50.6672
2435,send,5,LBNL_VLAN3002.1,1,7,25.3336
2435,send,0,VLAN4012.0,0,1,2946.35
2436,trace_offer,0,VLAN4012.0,0,1,2946.35
2436,trace_offer,5,LBNL_VLAN3002.1,1,7,25.3336
2436,send,0,VLAN4012.0,0,1,2946.35
2436,send,5,LBNL_VLAN3002.1,1,7,25.3336
2437,trace_offer,5,LBNL_VLAN3002.1,1,7,25.3336
2437,trace_offer,0,VLAN4012.0,0,1,2946.35
2434,receive,7,LBNL_VLAN3001.1,3,5,50.6672
2434,receive,1,VLAN4012.1,0,0,2946.35
2434,receive,1,VLAN4012.1,0,0,2946.35
2437,send,5,LBNL_VLAN3002.1,1,7,25.3336
2437,send,0,VLAN4012.0,0,1,2946.35
2438,trace_offer,5,LBNL_VLAN3002.1,1,7,25.3336
2438,trace_offer,0,VLAN4012.0,0,1,2946.35
2435,receive,1,VLAN4012.1,0,0,2946.35
2438,send,5,LBNL_VLAN3002.1,1,7,25.3336
2438,send,0,VLAN4012.0,0,1,2946.35
2439,trace_offer,0,VLAN4012.0,0,1,2946.35
2439,trace_offer,5,LBNL_VLAN3002.1,1,7,25.3336
2436,receive,1,VLAN4012.1,0,0,2946.35
2436,receive,7,LBNL_VLAN3001.1,3,5,25.3336
2439,send,0,VLAN4012.0,0,1,2946.35
2439,send,5,LBNL_VLAN3002.1,1,7,25.3336
2440,trace_offer,0,VLAN4012.0,0,1,2946.35
2440,trace_offer,5,LBNL_VLAN3002.1,1,7,31.4573
2437,receive,1,VLAN4012.1,0,0,2946.35
2437,receive,7,LBNL_VLAN3001.1,3,5,25.3336
2440,send,5,LBNL_VLAN3002.1,1,7,31.4573
2440,send,0,VLAN4012.0,0,1,2946.35
2441,trace_offer,5,LBNL_VLAN3002.1,1,7,31.4573
2441,trace_offer,0,VLAN4012.0,0,1,2946.35
2438,receive,7,LBNL_VLAN3001.1,3,5,50.6672
2441,send,0,VLAN4012.0,0,1,2946.35
2441,send,5,LBNL_VLAN3002.1,1,7,31.4573
2442,trace_offer,0,VLAN4012.0,0,1,2946.35
2442,trace_offer,5,LBNL_VLAN3002.1,1,7,31.4573
2439,receive,7,LBNL_VLAN3001.1,3,5,25.3336
2439,receive,1,VLAN4012.1,0,0,2946.35
2442,send,0,VLAN4012.0,0,1,2946.35
2442,send,5,LBNL_VLAN3002.1,1,7,31.4573
2443,trace_offer,0,VLAN4012.0,0,1,2946.35
2443,trace_offer,5,LBNL_VLAN3002.1,1,7,31.4573
2440,receive,1,VLAN4012.1,0,0,2946.35
2440,receive,1,VLAN4012.1,0,0,2946.35
2443,send,5,LBNL_VLAN3002.1,1,7,31.4573
2443,send,0,VLAN4012.0,0,1,2946.35
2444,trace_offer,5,LBNL_VLAN3002.1,1,7,31.4573
2444,trace_offer,0,VLAN4012.0,0,1,2946.35
2441,receive,7,LBNL_VLAN3001.1,3,5,31.4573
2441,receive,1,VLAN4012.1,0,0,2946.35
2444,send,0,VLAN4012.0,0,1,2946.35
2444,send,5,LBNL_VLAN3002.1,1,7,31.4573
2445,trace_offer,0,VLAN4012.0,0,1,2946.35
2445,trace_offer,5,LBNL_VLAN3002.1,1,7,31.4573
2442,receive,7,LBNL_VLAN3001.1,3,5,31.4573
2442,receive,1,VLAN4012.1,0,0,2946.35
2445,send,0,VLAN4012.0,0,1,2946.35
2445,send,5,LBNL_VLAN3002.1,1,7,31.4573
2446,trace_offer,5,LBNL_VLAN3002.1,1,7,31.4573
2446,trace_offer,0,VLAN4012.0,0,1,2946.35
2443,receive,7,LBNL_VLAN3001.1,3,5,62.9146
2443,receive,1,VLAN4012.1,0,0,2946.35
2446,send,0,VLAN4012.0,0,1,2946.35
2446,send,5,LBNL_VLAN3002.1,1,7,31.4573
2447,trace_offer,5,LBNL_VLAN3002.1,1,7,31.4573
2447,trace_offer,0,VLAN4012.0,0,1,2946.35
2444,receive,7,LBNL_VLAN3001.1,3,5,31.4573
2447,send,0,VLAN4012.0,0,1,2946.35
2447,send,5,LBNL_VLAN3002.1,1,7,31.4573
2448,trace_offer,0,VLAN4012.0,0,1,2946.35
2448,trace_offer,5,LBNL_VLAN3002.1,1,7,31.4573
2445,receive,7,LBNL_VLAN3001.1,3,5,31.4573
2445,receive,1,VLAN4012.1,0,0,2946.35
2448,send,5,LBNL_VLAN3002.1,1,7,31.4573
2448,send,0,VLAN4012.0,0,1,2946.35
2449,trace_offer,0,VLAN4012.0,0,1,2946.35
2449,trace_offer,5,LBNL_VLAN3002.1,1,7,31.4573
2446,receive,1,VLAN4012.1,0,0,2946.35
2446,receive,7,LBNL_VLAN3001.1,3,5,31.4573
2446,receive,1,VLAN4012.1,0,0,2946.35
2449,send,0,VLAN4012.0,0,1,2946.35
2449,send,5,LBNL_VLAN3002.1,1,7,31.4573
2450,trace_offer,0,VLAN4012.0,0,1,2954.94
2450,trace_offer,5,LBNL_VLAN3002.1,1,7,25.5014
2447,receive,1,VLAN4012.1,0,0,2946.35
2450,send,0,VLAN4012.0,0,1,2954.94
2450,send,5,LBNL_VLAN3002.1,1,7,25.5014
2451,trace_offer,0,VLAN4012.0,0,1,2954.94
2451,trace_offer,5,LBNL_VLAN3002.1,1,7,25.5014
2448,receive,7,LBNL_VLAN3001.1,3,5,62.9146
2451,send,5,LBNL_VLAN3002.1,1,7,25.5014
2451,send,0,VLAN4012.0,0,1,2954.94
2452,trace_offer,5,LBNL_VLAN3002.1,1,7,25.5014
2452,trace_offer,0,VLAN4012.0,0,1,2954.94
2449,receive,1,VLAN4012.1,0,0,2954.94
2449,receive,7,LBNL_VLAN3001.1,3,5,31.4573
2452,send,0,VLAN4012.0,0,1,2954.94
2452,send,5,LBNL_VLAN3002.1,1,7,25.5014
2453,trace_offer,5,LBNL_VLAN3002.1,1,7,25.5014
2453,trace_offer,0,VLAN4012.0,0,1,2954.94
2450,receive,1,VLAN4012.1,0,0,2954.94
2453,send,0,VLAN4012.0,0,1,2954.94
2453,send,5,LBNL_VLAN3002.1,1,7,25.5014
2454,trace_offer,0,VLAN4012.0,0,1,2954.94
2454,trace_offer,5,LBNL_VLAN3002.1,1,7,25.5014
2451,receive,1,VLAN4012.1,0,0,2954.94
2451,receive,1,VLAN4012.1,0,0,2954.94
2451,receive,7,LBNL_VLAN3001.1,3,5,25.5014
2454,send,0,VLAN4012.0,0,1,2954.94
2454,send,5,LBNL_VLAN3002.1,1,7,25.5014
2455,trace_offer,5,LBNL_VLAN3002.1,1,7,25.5014
2455,trace_offer,0,VLAN4012.0,0,1,2954.94
2452,receive,1,VLAN4012.1,0,0,2954.94
2452,receive,7,LBNL_VLAN3001.1,3,5,25.5014
2455,send,0,VLAN4012.0,0,1,2954.94
2455,send,5,LBNL_VLAN3002.1,1,7,25.5014
2456,trace_offer,5,LBNL_VLAN3002.1,1,7,25.5014
2456,trace_offer,0,VLAN4012.0,0,1,2954.94
2453,receive,1,VLAN4012.1,0,0,2954.94
2453,receive,7,LBNL_VLAN3001.1,3,5,25.5014
2456,send,0,VLAN4012.0,0,1,2954.94
2456,send,5,LBNL_VLAN3002.1,1,7,25.5014
2457,trace_offer,0,VLAN4012.0,0,1,2954.94
2457,trace_offer,5,LBNL_VLAN3002.1,1,7,25.5014
2454,receive,1,VLAN4012.1,0,0,2954.94
2454,receive,7,LBNL_VLAN3001.1,3,5,51.0027
2457,send,5,LBNL_VLAN3002.1,1,7,25.5014
2457,send,0,VLAN4012.0,0,1,2954.94
2458,trace_offer,0,VLAN4012.0,0,1,2954.94
2458,trace_offer,5,LBNL_VLAN3002.1,1,7,25.5014
2455,receive,1,VLAN4012.1,0,0,2954.94
2458,send,0,VLAN4012.0,0,1,2954.94
2458,send,5,LBNL_VLAN3002.1,1,7,25.5014
2459,trace_offer,0,VLAN4012.0,0,1,2954.94
2459,trace_offer,5,LBNL_VLAN3002.1,1,7,25.5014
2456,receive,7,LBNL_VLAN3001.1,3,5,51.0027
2456,receive,1,VLAN4012.1,0,0,2954.94
2459,send,5,LBNL_VLAN3002.1,1,7,25.5014
2459,send,0,VLAN4012.0,0,1,2954.94
2460,trace_offer,0,VLAN4012.0,0,1,2954.94
2460,trace_offer,5,LBNL_VLAN3002.1,1,7,25.2497
2457,receive,7,LBNL_VLAN3001.1,3,5,25.5014
2457,receive,1,VLAN4012.1,0,0,2954.94
2460,send,0,VLAN4012.0,0,1,2954.94
2460,send,5,LBNL_VLAN3002.1,1,7,25.2497
2461,trace_offer,0,VLAN4012.0,0,1,2954.94
2461,trace_offer,5,LBNL_VLAN3002.1,1,7,25.2497
2461,send,5,LBNL_VLAN3002.1,1,7,25.2497
2461,send,0,VLAN4012.0,0,1,2954.94
2462,trace_offer,5,LBNL_VLAN3002.1,1,7,25.2497
2462,trace_offer,0,VLAN4012.0,0,1,2954.94
2459,receive,1,VLAN4012.1,0,0,2954.94
2459,receive,7,LBNL_VLAN3001.1,3,5,51.0027
2459,receive,1,VLAN4012.1,0,0,2954.94
2462,send,5,LBNL_VLAN3002.1,1,7,25.2497
2462,send,0,VLAN4012.0,0,1,2954.94
2463,trace_offer,5,LBNL_VLAN3002.1,1,7,25.2497
2463,trace_offer,0,VLAN4012.0,0,1,2954.94
2460,receive,7,LBNL_VLAN3001.1,3,5,25.2497
2460,receive,1,VLAN4012.1,0,0,2954.94
2463,send,5,LBNL_VLAN3002.1,1,7,25.2497
2463,send,0,VLAN4012.0,0,1,2954.94
2464,trace_offer,5,LBNL_VLAN3002.1,1,7,25.2497
2464,trace_offer,0,VLAN4012.0,0,1,2954.94
2461,receive,7,LBNL_VLAN3001.1,3,5,25.2497
2461,receive,1,VLAN4012.1,0,0,2954.94
2464,send,0,VLAN4012.0,0,1,2954.94
2464,send,5,LBNL_VLAN3002.1,1,7,25.2497
2465,trace_offer,0,VLAN4012.0,0,1,2954.94
2465,trace_offer,5,LBNL_VLAN3002.1,1,7,25.2497
2462,receive,1,VLAN4012.1,0,0,2954.94
2462,receive,7,LBNL_VLAN3001.1,3,5,25.2497
2465,send,0,VLAN4012.0,0,1,2954.94
2465,send,5,LBNL_VLAN3002.1,1,7,25.2497
2466,trace_offer,5,LBNL_VLAN3002.1,1,7,25.2497
2466,trace_offer,0,VLAN4012.0,0,1,2954.94
2463,receive,1,VLAN4012.1,0,0,2954.94
2463,receive,7,LBNL_VLAN3001.1,3,5,25.2497
2466,send,0,VLAN4012.0,0,1,2954.94
2466,send,5,LBNL_VLAN3002.1,1,7,25.2497
2467,trace_offer,0,VLAN4012.0,0,1,2954.94
2467,trace_offer,5,LBNL_VLAN3002.1,1,7,25.2497
2464,receive,7,LBNL_VLAN3001.1,3,5,25.2497
2464,receive,1,VLAN4012.1,0,0,2954.94
2467,send,0,VLAN4012.0,0,1,2954.94
2467,send,5,LBNL_VLAN3002.1,1,7,25.2497
2468,trace_offer,0,VLAN4012.0,0,1,2954.94
2468,trace_offer,5,LBNL_VLAN3002.1,1,7,25.2497
2465,receive,7,LBNL_VLAN3001.1,3,5,25.2497
2465,receive,1,VLAN4012.1,0,0,2954.94
2468,send,5,LBNL_VLAN3002.1,1,7,25.2497
2468,send,0,VLAN4012.0,0,1,2954.94
2469,trace_offer,5,LBNL_VLAN3002.1,1,7,25.2497
2469,trace_offer,0,VLAN4012.0,0,1,2954.94
2469,send,5,LBNL_VLAN3002.1,1,7,25.2497
2469,send,0,VLAN4012.0,0,1,2954.94
2470,trace_offer,5,LBNL_VLAN3002.1,1,7,31.7089
2470,trace_offer,0,VLAN4012.0,0,1,2963.53
2467,receive,1,VLAN4012.1,0,0,2954.94
2467,receive,7,LBNL_VLAN3001.1,3,5,25.2497
2467,receive,1,VLAN4012.1,0,0,2954.94
2470,send,0,VLAN4012.0,0,1,2963.53
2470,send,5,LBNL_VLAN3002.1,1,7,31.7089
2471,trace_offer,5,LBNL_VLAN3002.1,1,7,31.7089
2471,trace_offer,0,VLAN4012.0,0,1,2963.53
2468,receive,1,VLAN4012.1,0,0,2963.53
2468,receive,7,LBNL_VLAN3001.1,3,5,25.2497
2471,send,0,VLAN4012.0,0,1,2963.53
2471,send,5,LBNL_VLAN3002.1,1,7,31.7089
2472,trace_offer,0,VLAN4012.0,0,1,2963.53
2472,trace_offer,5,LBNL_VLAN3002.1,1,7,31.7089
2469,receive,7,LBNL_VLAN3001.1,3,5,50.4994
2472,send,5,LBNL_VLAN3002.1,1,7,31.7089
2472,send,0,VLAN4012.0,0,1,2963.53
2473,trace_offer,5,LBNL_VLAN3002.1,1,7,31.7089
2473,trace_offer,0,VLAN4012.0,0,1,2963.53
2470,receive,7,LBNL_VLAN3001.1,3,5,31.7089
2470,receive,1,VLAN4012.1,0,0,2963.53
2473,send,0,VLAN4012.0,0,1,2963.53
2473,send,5,LBNL_VLAN3002.1,1,7,31.7089
2474,trace_offer,0,VLAN4012.0,0,1,2963.53
2474,trace_offer,5,LBNL_VLAN3002.1,1,7,31.7089
2471,receive,1,VLAN4012.1,0,0,2963.53
2471,receive,1,VLAN4012.1,0,0,2963.53
2474,send,5,LBNL_VLAN3002.1,1,7,31.7089
2474,send,0,VLAN4012.0,0,1,2963.53
2475,trace_offer,0,VLAN4012.0,0,1,2963.53
2475,trace_offer,5,LBNL_VLAN3002.1,1,7,31.7089
2472,receive,1,VLAN4012.1,0,0,2963.53
2472,receive,7,LBNL_VLAN3001.1,3,5,63.4179
2475,send,0,VLAN4012.0,0,1,2963.53
2475,send,5,LBNL_VLAN3002.1,1,7,31.7089
2476,trace_offer,0,VLAN4012.0,0,1,2963.53
2476,trace_offer,5,LBNL_VLAN3002.1,1,7,31.7089
2476,send,0,VLAN4012.0,0,1,2963.53
2476,send,5,LBNL_VLAN3002.1,1,7,31.7089
2477,trace_offer,5,LBNL_VLAN3002.1,1,7,31.7089
2477,trace_offer,0,VLAN4012.0,0,1,2963.53
2474,receive,7,LBNL_VLAN3001.1,3,5,63.4179
2474,receive,1,VLAN4012.1,0,0,2963.53
2477,send,0,VLAN4012.0,0,1,2963.53
2477,send,5,LBNL_VLAN3002.1,1,7,31.7089
2478,trace_offer,0,VLAN4012.0,0,1,2963.53
2478,trace_offer,5,LBNL_VLAN3002.1,1,7,31.7089
2475,receive,1,VLAN4012.1,0,0,2963.53
2475,receive,1,VLAN4012.1,0,0,2963.53
2478,send,0,VLAN4012.0,0,1,2963.53
2478,send,5,LBNL_VLAN3002.1,1,7,31.7089
2479,trace_offer,0,VLAN4012.0,0,1,2963.53
2479,trace_offer,5,LBNL_VLAN3002.1,1,7,31.7089
2476,receive,1,VLAN4012.1,0,0,2963.53
2476,receive,7,LBNL_VLAN3001.1,3,5,63.4179
2479,send,0,VLAN4012.0,0,1,2963.53
2479,send,5,LBNL_VLAN3002.1,1,7,31.7089
2480,trace_offer,0,VLAN4012.0,0,1,2972.12
2480,trace_offer,5,LBNL_VLAN3002.1,1,7,25.1658
2477,receive,1,VLAN4012.1,0,0,2963.53
2480,send,0,VLAN4012.0,0,1,2972.12
2480,send,5,LBNL_VLAN3002.1,1,7,25.1658
2481,trace_offer,0,VLAN4012.0,0,1,2972.12
2481,trace_offer,5,LBNL_VLAN3002.1,1,7,25.1658
2478,receive,1,VLAN4012.1,0,0,2972.12
2478,receive,7,LBNL_VLAN3001.1,3,5,31.7089
2481,send,0,VLAN4012.0,0,1,2972.12
2481,send,5,LBNL_VLAN3002.1,1,7,25.1658
2482,trace_offer,5,LBNL_VLAN3002.1,1,7,25.1658
2482,trace_offer,0,VLAN4012.0,0,1,2972.12
2479,receive,1,VLAN4012.1,0,0,2972.12
2479,receive,7,LBNL_VLAN3001.1,3,5,63.4179
2482,send,0,VLAN4012.0,0,1,2972.12
2482,send,5,LBNL_VLAN3002.1,1,7,25.1658
2483,trace_offer,5,LBNL_VLAN3002.1,1,7,25.1658
2483,trace_offer,0,VLAN4012.0,0,1,2972.12
2480,receive,1,VLAN4012.1,0,0,2972.12
2483,send,0,VLAN4012.0,0,1,2972.12
2483,send,5,LBNL_VLAN3002.1,1,7,25.1658
2484,trace_offer,0,VLAN4012.0,0,1,2972.12
2484,trace_offer,5,LBNL_VLAN3002.1,1,7,25.1658
2481,receive,7,LBNL_VLAN3001.1,3,5,25.1658
2484,send,0,VLAN4012.0,0,1,2972.12
2484,send,5,LBNL_VLAN3002.1,1,7,25.1658
2485,trace_offer,5,LBNL_VLAN3002.1,1,7,25.1658
2485,trace_offer,0,VLAN4012.0,0,1,2972.12
2482,receive,7,LBNL_VLAN3001.1,3,5,50.3316
2482,receive,1,VLAN4012.1,0,0,2972.12
2482,receive,1,VLAN4012.1,0,0,2972.12
2485,send,0,VLAN4012.0,0,1,2972.12
2485,send,5,LBNL_VLAN3002.1,1,7,25.1658
2486,trace_offer,5,LBNL_VLAN3002.1,1,7,25.1658
2486,trace_offer,0,VLAN4012.0,0,1,2972.12
2483,receive,7,LBNL_VLAN3001.1,3,5,25.1658
2486,send,0,VLAN4012.0,0,1,2972.12
2486,send,5,LBNL_VLAN3002.1,1,7,25.1658
2487,trace_offer,0,VLAN4012.0,0,1,2972.12
2487,trace_offer,5,LBNL_VLAN3002.1,1,7,25.1658
2484,receive,7,LBNL_VLAN3001.1,3,5,25.1658
2484,receive,1,VLAN4012.1,0,0,2972.12
2487,send,0,VLAN4012.0,0,1,2972.12
2487,send,5,LBNL_VLAN3002.1,1,7,25.1658
2488,trace_offer,5,LBNL_VLAN3002.1,1,7,25.1658
2488,trace_offer,0,VLAN4012.0,0,1,2972.12
2485,receive,7,LBNL_VLAN3001.1,3,5,25.1658
2485,receive,1,VLAN4012.1,0,0,2972.12
2488,send,5,LBNL_VLAN3002.1,1,7,25.1658
2488,send,0,VLAN4012.0,0,1,2972.12
2489,trace_offer,5,LBNL_VLAN3002.1,1,7,25.1658
2489,trace_offer,0,VLAN4012.0,0,1,2972.12
2486,receive,1,VLAN4012.1,0,0,2972.12
2486,receive,1,VLAN4012.1,0,0,2972.12
2489,send,5,LBNL_VLAN3002.1,1,7,25.1658
2489,send,0,VLAN4012.0,0,1,2972.12
2490,trace_offer,0,VLAN4012.0,0,1,2954.94
2490,trace_offer,5,LBNL_VLAN3002.1,1,7,31.7928
2487,receive,7,LBNL_VLAN3001.1,3,5,50.3316
2487,receive,1,VLAN4012.1,0,0,2972.12
2490,send,0,VLAN4012.0,0,1,2954.94
2490,send,5,LBNL_VLAN3002.1,1,7,31.7928
2491,trace_offer,5,LBNL_VLAN3002.1,1,7,31.7928
2491,trace_offer,0,VLAN4012.0,0,1,2954.94
2488,receive,1,VLAN4012.1,0,0,2954.94
2488,receive,7,LBNL_VLAN3001.1,3,5,25.1658
2491,send,5,LBNL_VLAN3002.1,1,7,31.7928
2491,send,0,VLAN4012.0,0,1,2954.94
2492,trace_offer,0,VLAN4012.0,0,1,2954.94
2492,trace_offer,5,LBNL_VLAN3002.1,1,7,31.7928
2489,receive,7,LBNL_VLAN3001.1,3,5,25.1658
2492,send,5,LBNL_VLAN3002.1,1,7,31.7928
2492,send,0,VLAN4012.0,0,1,2954.94
2493,trace_offer,0,VLAN4012.0,0,1,2954.94
2493,trace_offer,5,LBNL_VLAN3002.1,1,7,31.7928
2490,receive,1,VLAN4012.1,0,0,2954.94
2493,send,0,VLAN4012.0,0,1,2954.94
2493,send,5,LBNL_VLAN3002.1,1,7,31.7928
2494,trace_offer,5,LBNL_VLAN3002.1,1,7,31.7928
2494,trace_offer,0,VLAN4012.0,0,1,2954.94
2491,receive,1,VLAN4012.1,0,0,2954.94
2491,receive,7,LBNL_VLAN3001.1,3,5,63.5856
2494,send,0,VLAN4012.0,0,1,2954.94
2494,send,5,LBNL_VLAN3002.1,1,7,31.7928
2495,trace_offer,0,VLAN4012.0,0,1,2954.94
2495,trace_offer,5,LBNL_VLAN3002.1,1,7,31.7928
2492,receive,1,VLAN4012.1,0,0,2954.94
2492,receive,7,LBNL_VLAN3001.1,3,5,31.7928
2492,receive,1,VLAN4012.1,0,0,2954.94
2495,send,5,LBNL_VLAN3002.1,1,7,31.7928
2495,send,0,VLAN4012.0,0,1,2954.94
2496,trace_offer,0,VLAN4012.0,0,1,2954.94
2496,trace_offer,5,LBNL_VLAN3002.1,1,7,31.7928
2493,receive,7,LBNL_VLAN3001.1,3,5,31.7928
2493,receive,1,VLAN4012.1,0,0,2954.94
2496,send,5,LBNL_VLAN3002.1,1,7,31.7928
2496,send,0,VLAN4012.0,0,1,2954.94
2497,trace_offer,0,VLAN4012.0,0,1,2954.94
2497,trace_offer,5,LBNL_VLAN3002.1,1,7,31.7928
2494,receive,7,LBNL_VLAN3001.1,3,5,31.7928
2497,send,5,LBNL_VLAN3002.1,1,7,31.7928
2497,send,0,VLAN4012.0,0,1,2954.94
2498,trace_offer,0,VLAN4012.0,0,1,2954.94
2498,trace_offer,5,LBNL_VLAN3002.1,1,7,31.7928
2495,receive,7,LBNL_VLAN3001.1,3,5,31.7928
2495,receive,1,VLAN4012.1,0,0,2954.94
2495,receive,1,VLAN4012.1,0,0,2954.94
2498,send,0,VLAN4012.0,0,1,2954.94
2498,send,5,LBNL_VLAN3002.1,1,7,31.7928
2499,trace_offer,5,LBNL_VLAN3002.1,1,7,31.7928
2499,trace_offer,0,VLAN4012.0,0,1,2954.94
2496,receive,7,LBNL_VLAN3001.1,3,5,31.7928
2499,send,5,LBNL_VLAN3002.1,1,7,31.7928
2499,send,0,VLAN4012.0,0,1,2954.94
2500,trace_offer,5,LBNL_VLAN3002.1,1,7,25.2497
2500,trace_offer,0,VLAN4012.0,0,1,2954.94
2497,receive,1,VLAN4012.1,0,0,2954.94
2497,receive,7,LBNL_VLAN3001.1,3,5,31.7928
2497,receive,1,VLAN4012.1,0,0,2954.94
2500,send,5,LBNL_VLAN3002.1,1,7,25.2497
2500,send,0,VLAN4012.0,0,1,2954.94
2501,trace_offer,5,LBNL_VLAN3002.1,1,7,25.2497
2501,trace_offer,0,VLAN4012.0,0,1,2954.94
2498,receive,7,LBNL_VLAN3001.1,3,5,31.7928
2501,send,0,VLAN4012.0,0,1,2954.94
2501,send,5,LBNL_VLAN3002.1,1,7,25.2497
2502,trace_offer,0,VLAN4012.0,0,1,2954.94
2502,trace_offer,5,LBNL_VLAN3002.1,1,7,25.2497
2499,receive,1,VLAN4012.1,0,0,2954.94
2499,receive,7,LBNL_VLAN3001.1,3,5,31.7928
2499,receive,1,VLAN4012.1,0,0,2954.94
2502,send,5,LBNL_VLAN3002.1,1,7,25.2497
2502,send,0,VLAN4012.0,0,1,2954.94
2503,trace_offer,0,VLAN4012.0,0,1,2954.94
2503,trace_offer,5,LBNL_VLAN3002.1,1,7,25.2497
2500,receive,7,LBNL_VLAN3001.1,3,5,25.2497
2503,send,5,LBNL_VLAN3002.1,1,7,25.2497
2503,send,0,VLAN4012.0,0,1,2954.94
2504,trace_offer,0,VLAN4012.0,0,1,2954.94
2504,trace_offer,5,LBNL_VLAN3002.1,1,7,25.2497
2501,receive,1,VLAN4012.1,0,0,2954.94
2504,send,0,VLAN4012.0,0,1,2954.94
2504,send,5,LBNL_VLAN3002.1,1,7,25.2497
2505,trace_offer,5,LBNL_VLAN3002.1,1,7,25.2497
2505,trace_offer,0,VLAN4012.0,0,1,2954.94
2502,receive,7,LBNL_VLAN3001.1,3,5,25.2497
2502,receive,1,VLAN4012.1,0,0,2954.94
2502,receive,1,VLAN4012.1,0,0,2954.94
2505,send,5,LBNL_VLAN3002.1,1,7,25.2497
2505,send,0,VLAN4012.0,0,1,2954.94
2506,trace_offer,0,VLAN4012.0,0,1,2954.94
2506,trace_offer,5,LBNL_VLAN3002.1,1,7,25.2497
2503,receive,7,LBNL_VLAN3001.1,3,5,25.2497
2503,receive,1,VLAN4012.1,0,0,2954.94
2506,send,5,LBNL_VLAN3002.1,1,7,25.2497
2506,send,0,VLAN4012.0,0,1,2954.94
2507,trace_offer,5,LBNL_VLAN3002.1,1,7,25.2497
2507,trace_offer,0,VLAN4012.0,0,1,2954.94
2504,receive,7,LBNL_VLAN3001.1,3,5,50.4994
2504,receive,1,VLAN4012.1,0,0,2954.94
2507,send,5,LBNL_VLAN3002.1,1,7,25.2497
2507,send,0,VLAN4012.0,0,1,2954.94
2508,trace_offer,0,VLAN4012.0,0,1,2954.94
2508,trace_offer,5,LBNL_VLAN3002.1,1,7,25.2497
2505,receive,1,VLAN4012.1,0,0,2954.94
2508,send,5,LBNL_VLAN3002.1,1,7,25.2497
2508,send,0,VLAN4012.0,0,1,2954.94
2509,trace_offer,5,LBNL_VLAN3002.1,1,7,25.2497
2509,trace_offer,0,VLAN4012.0,0,1,2954.94
2506,receive,1,VLAN4012.1,0,0,2954.94
2506,receive,7,LBNL_VLAN3001.1,3,5,50.4994
2509,send,5,LBNL_VLAN3002.1,1,7,25.2497
2509,send,0,VLAN4012.0,0,1,2954.94
2510,trace_offer,0,VLAN4012.0,0,1,2946.35
2510,trace_offer,5,LBNL_VLAN3002.1,1,7,31.3734
2507,receive,1,VLAN4012.1,0,0,2954.94
2510,send,0,VLAN4012.0,0,1,2946.35
2510,send,5,LBNL_VLAN3002.1,1,7,31.3734
2511,trace_offer,5,LBNL_VLAN3002.1,1,7,31.3734
2511,trace_offer,0,VLAN4012.0,0,1,2946.35
2508,receive,7,LBNL_VLAN3001.1,3,5,50.4994
2511,send,5,LBNL_VLAN3002.1,1,7,31.3734
2511,send,0,VLAN4012.0,0,1,2946.35
2512,trace_offer,0,VLAN4012.0,0,1,2946.35
2512,trace_offer,5,LBNL_VLAN3002.1,1,7,31.3734
2509,receive,7,LBNL_VLAN3001.1,3,5,25.2497
2509,receive,1,VLAN4012.1,0,0,2946.35
2509,receive,1,VLAN4012.1,0,0,2946.35
2512,send,0,VLAN4012.0,0,1,2946.35
2512,send,5,LBNL_VLAN3002.1,1,7,31.3734
2513,trace_offer,0,VLAN4012.0,0,1,2946.35
2513,trace_offer,5,LBNL_VLAN3002.1,1,7,31.3734
2510,receive,1,VLAN4012.1,0,0,2946.35
2510,receive,7,LBNL_VLAN3001.1,3,5,31.3734
2513,send,0,VLAN4012.0,0,1,2946.35
2513,send,5,LBNL_VLAN3002.1,1,7,31.3734
2514,trace_offer,5,LBNL_VLAN3002.1,1,7,31.3734
2514,trace_offer,0,VLAN4012.0,0,1,2946.35
2511,receive,1,VLAN4012.1,0,0,2946.35
2514,send,0,VLAN4012.0,0,1,2946.35
2514,send,5,LBNL_VLAN3002.1,1,7,31.3734
2515,trace_offer,5,LBNL_VLAN3002.1,1,7,31.3734
2515,trace_offer,0,VLAN4012.0,0,1,2946.35
2512,receive,1,VLAN4012.1,0,0,2946.35
2512,receive,7,LBNL_VLAN3001.1,3,5,62.7468
2515,send,5,LBNL_VLAN3002.1,1,7,31.3734
2515,send,0,VLAN4012.0,0,1,2946.35
2516,trace_offer,5,LBNL_VLAN3002.1,1,7,31.3734
2516,trace_offer,0,VLAN4012.0,0,1,2946.35
2513,receive,1,VLAN4012.1,0,0,2946.35
2513,receive,7,LBNL_VLAN3001.1,3,5,31.3734
2516,send,0,VLAN4012.0,0,1,2946.35
2516,send,5,LBNL_VLAN3002.1,1,7,31.3734
2517,trace_offer,5,LBNL_VLAN3002.1,1,7,31.3734
2517,trace_offer,0,VLAN4012.0,0,1,2946.35
2514,receive,7,LBNL_VLAN3001.1,3,5,31.3734
2517,send,0,VLAN4012.0,0,1,2946.35
2517,send,5,LBNL_VLAN3002.1,1,7,31.3734
2518,trace_offer,5,LBNL_VLAN3002.1,1,7,31.3734
2518,trace_offer,0,VLAN4012.0,0,1,2946.35
2515,receive,1,VLAN4012.1,0,0,2946.35
2518,send,5,LBNL_VLAN3002.1,1,7,31.3734
2518,send,0,VLAN4012.0,0,1,2946.35
2519,trace_offer,5,LBNL_VLAN3002.1,1,7,31.3734
2519,trace_offer,0,VLAN4012.0,0,1,2946.35
2516,receive,1,VLAN4012.1,0,0,2946.35
2516,receive,7,LBNL_VLAN3001.1,3,5,62.7468
2519,send,5,LBNL_VLAN3002.1,1,7,31.3734
2519,send,0,VLAN4012.0,0,1,2946.35
2520,trace_offer,5,LBNL_VLAN3002.1,1,7,25.5014
2520,trace_offer,0,VLAN4012.0,0,1,2954.94
2517,receive,7,LBNL_VLAN3001.1,3,5,31.3734
2517,receive,1,VLAN4012.1,0,0,2946.35
2517,receive,1,VLAN4012.1,0,0,2946.35
2520,send,5,LBNL_VLAN3002.1,1,7,25.5014
2520,send,0,VLAN4012.0,0,1,2954.94
2521,trace_offer,5,LBNL_VLAN3002.1,1,7,25.5014
2521,trace_offer,0,VLAN4012.0,0,1,2954.94
2518,receive,1,VLAN4012.1,0,0,2954.94
2521,send,0,VLAN4012.0,0,1,2954.94
2521,send,5,LBNL_VLAN3002.1,1,7,25.5014
2522,trace_offer,5,LBNL_VLAN3002.1,1,7,25.5014
2522,trace_offer,0,VLAN4012.0,0,1,2954.94
2519,receive,7,LBNL_VLAN3001.1,3,5,62.7468
2522,send,5,LBNL_VLAN3002.1,1,7,25.5014
2522,send,0,VLAN4012.0,0,1,2954.94
2523,trace_offer,0,VLAN4012.0,0,1,2954.94
2523,trace_offer,5,LBNL_VLAN3002.1,1,7,25.5014
2520,receive,1,VLAN4012.1,0,0,2954.94
2520,receive,1,VLAN4012.1,0,0,2954.94
2523,send,0,VLAN4012.0,0,1,2954.94
2523,send,5,LBNL_VLAN3002.1,1,7,25.5014
2524,trace_offer,0,VLAN4012.0,0,1,2954.94
2524,trace_offer,5,LBNL_VLAN3002.1,1,7,25.5014
2521,receive,7,LBNL_VLAN3001.1,3,5,25.5014
2524,send,5,LBNL_VLAN3002.1,1,7,25.5014
2524,send,0,VLAN4012.0,0,1,2954.94
2525,trace_offer,0,VLAN4012.0,0,1,2954.94
2525,trace_offer,5,LBNL_VLAN3002.1,1,7,25.5014
2522,receive,1,VLAN4012.1,0,0,2954.94
2522,receive,7,LBNL_VLAN3001.1,3,5,51.0027
2522,receive,1,VLAN4012.1,0,0,2954.94
2525,send,5,LBNL_VLAN3002.1,1,7,25.5014
2525,send,0,VLAN4012.0,0,1,2954.94
2526,trace_offer,5,LBNL_VLAN3002.1,1,7,25.5014
2526,trace_offer,0,VLAN4012.0,0,1,2954.94
2523,receive,7,LBNL_VLAN3001.1,3,5,25.5014
2526,send,5,LBNL_VLAN3002.1,1,7,25.5014
2526,send,0,VLAN4012.0,0,1,2954.94
2527,trace_offer,0,VLAN4012.0,0,1,2954.94
2527,trace_offer,5,LBNL_VLAN3002.1,1,7,25.5014
2524,receive,1,VLAN4012.1,0,0,2954.94
2524,receive,7,LBNL_VLAN3001.1,3,5,25.5014
2527,send,0,VLAN4012.0,0,1,2954.94
2527,send,5,LBNL_VLAN3002.1,1,7,25.5014
2528,trace_offer,0,VLAN4012.0,0,1,2954.94
2528,trace_offer,5,LBNL_VLAN3002.1,1,7,25.5014
2525,receive,7,LBNL_VLAN3001.1,3,5,25.5014
2525,receive,1,VLAN4012.1,0,0,2954.94
2528,send,0,VLAN4012.0,0,1,2954.94
2528,send,5,LBNL_VLAN3002.1,1,7,25.5014
2529,trace_offer,5,LBNL_VLAN3002.1,1,7,25.5014
2529,trace_offer,0,VLAN4012.0,0,1,2954.94
2526,receive,7,LBNL_VLAN3001.1,3,5,25.5014
2526,receive,1,VLAN4012.1,0,0,2954.94
2526,receive,1,VLAN4012.1,0,0,2954.94
2529,send,0,VLAN4012.0,0,1,2954.94
2529,send,5,LBNL_VLAN3002.1,1,7,25.5014
2530,trace_offer,0,VLAN4012.0,0,1,2963.53
2530,trace_offer,5,LBNL_VLAN3002.1,1,7,31.4573
2527,receive,1,VLAN4012.1,0,0,2954.94
2527,receive,7,LBNL_VLAN3001.1,3,5,25.5014
2530,send,5,LBNL_VLAN3002.1,1,7,31.4573
2530,send,0,VLAN4012.0,0,1,2963.53
2531,trace_offer,5,LBNL_VLAN3002.1,1,7,31.4573
2531,trace_offer,0,VLAN4012.0,0,1,2963.53
2531,send,5,LBNL_VLAN3002.1,1,7,31.4573
2531,send,0,VLAN4012.0,0,1,2963.53
2532,trace_offer,5,LBNL_VLAN3002.1,1,7,31.4573
2532,trace_offer,0,VLAN4012.0,0,1,2963.53
2529,receive,7,LBNL_VLAN3001.1,3,5,51.0027
2529,receive,1,VLAN4012.1,0,0,2963.53
2529,receive,1,VLAN4012.1,0,0,2963.53
2532,send,0,VLAN4012.0,0,1,2963.53
2532,send,5,LBNL_VLAN3002.1,1,7,31.4573
2533,trace_offer,0,VLAN4012.0,0,1,2963.53
2533,trace_offer,5,LBNL_VLAN3002.1,1,7,31.4573
2530,receive,7,LBNL_VLAN3001.1,3,5,31.4573
2533,send,0,VLAN4012.0,0,1,2963.53
2533,send,5,LBNL_VLAN3002.1,1,7,31.4573
2534,trace_offer,5,LBNL_VLAN3002.1,1,7,31.4573
2534,trace_offer,0,VLAN4012.0,0,1,2963.53
2531,receive,7,LBNL_VLAN3001.1,3,5,31.4573
2531,receive,1,VLAN4012.1,0,0,2963.53
2531,receive,1,VLAN4012.1,0,0,2963.53
2534,send,0,VLAN4012.0,0,1,2963.53
2534,send,5,LBNL_VLAN3002.1,1,7,31.4573
2535,trace_offer,0,VLAN4012.0,0,1,2963.53
2535,trace_offer,5,LBNL_VLAN3002.1,1,7,31.4573
2532,receive,7,LBNL_VLAN3001.1,3,5,31.4573
2532,receive,1,VLAN4012.1,0,0,2963.53
2535,send,0,VLAN4012.0,0,1,2963.53
2535,send,5,LBNL_VLAN3002.1,1,7,31.4573
2536,trace_offer,0,VLAN4012.0,0,1,2963.53
2536,trace_offer,5,LBNL_VLAN3002.1,1,7,31.4573
2533,receive,1,VLAN4012.1,0,0,2963.53
2536,send,0,VLAN4012.0,0,1,2963.53
2536,send,5,LBNL_VLAN3002.1,1,7,31.4573
2537,trace_offer,0,VLAN4012.0,0,1,2963.53
2537,trace_offer,5,LBNL_VLAN3002.1,1,7,31.4573
2534,receive,7,LBNL_VLAN3001.1,3,5,62.9146
2537,send,5,LBNL_VLAN3002.1,1,7,31.4573
2537,send,0,VLAN4012.0,0,1,2963.53
2538,trace_offer,5,LBNL_VLAN3002.1,1,7,31.4573
2538,trace_offer,0,VLAN4012.0,0,1,2963.53
2535,receive,1,VLAN4012.1,0,0,2963.53
2538,send,0,VLAN4012.0,0,1,2963.53
2538,send,5,LBNL_VLAN3002.1,1,7,31.4573
2539,trace_offer,5,LBNL_VLAN3002.1,1,7,31.4573
2539,trace_offer,0,VLAN4012.0,0,1,2963.53
2536,receive,7,LBNL_VLAN3001.1,3,5,31.4573
2536,receive,1,VLAN4012.1,0,0,2963.53
2536,receive,1,VLAN4012.1,0,0,2963.53
2539,send,5,LBNL_VLAN3002.1,1,7,31.4573
2539,send,0,VLAN4012.0,0,1,2963.53
2540,trace_offer,5,LBNL_VLAN3002.1,1,7,25.3336
2540,trace_offer,0,VLAN4012.0,0,1,2972.12
2537,receive,1,VLAN4012.1,0,0,2963.53
2537,receive,7,LBNL_VLAN3001.1,3,5,62.9146
2540,send,0,VLAN4012.0,0,1,2972.12
2540,send,5,LBNL_VLAN3002.1,1,7,25.3336
2541,trace_offer,0,VLAN4012.0,0,1,2972.12
2541,trace_offer,5,LBNL_VLAN3002.1,1,7,25.3336
2538,receive,1,VLAN4012.1,0,0,2972.12
2541,send,0,VLAN4012.0,0,1,2972.12
2541,send,5,LBNL_VLAN3002.1,1,7,25.3336
2542,trace_offer,5,LBNL_VLAN3002.1,1,7,25.3336
2542,trace_offer,0,VLAN4012.0,0,1,2972.12
2539,receive,7,LBNL_VLAN3001.1,3,5,62.9146
2542,send,5,LBNL_VLAN3002.1,1,7,25.3336
2542,send,0,VLAN4012.0,0,1,2972.12
2543,trace_offer,5,LBNL_VLAN3002.1,1,7,25.3336
2543,trace_offer,0,VLAN4012.0,0,1,2972.12
2540,receive,7,LBNL_VLAN3001.1,3,5,25.3336
2540,receive,1,VLAN4012.1,0,0,2972.12
2540,receive,1,VLAN4012.1,0,0,2972.12
2543,send,0,VLAN4012.0,0,1,2972.12
2543,send,5,LBNL_VLAN3002.1,1,7,25.3336
2544,trace_offer,0,VLAN4012.0,0,1,2972.12
2544,trace_offer,5,LBNL_VLAN3002.1,1,7,25.3336
2541,receive,1,VLAN4012.1,0,0,2972.12
2541,receive,7,LBNL_VLAN3001.1,3,5,25.3336
2544,send,0,VLAN4012.0,0,1,2972.12
2544,send,5,LBNL_VLAN3002.1,1,7,25.3336
2545,trace_offer,0,VLAN4012.0,0,1,2972.12
2545,trace_offer,5,LBNL_VLAN3002.1,1,7,25.3336
2542,receive,1,VLAN4012.1,0,0,2972.12
2545,send,0,VLAN4012.0,0,1,2972.12
2545,send,5,LBNL_VLAN3002.1,1,7,25.3336
2546,trace_offer,0,VLAN4012.0,0,1,2972.12
2546,trace_offer,5,LBNL_VLAN3002.1,1,7,25.3336
2543,receive,7,LBNL_VLAN3001.1,3,5,50.6672
2543,receive,1,VLAN4012.1,0,0,2972.12
2546,send,0,VLAN4012.0,0,1,2972.12
2546,send,5,LBNL_VLAN3002.1,1,7,25.3336
2547,trace_offer,0,VLAN4012.0,0,1,2972.12
2547,trace_offer,5,LBNL_VLAN3002.1,1,7,25.3336
2544,receive,7,LBNL_VLAN3001.1,3,5,25.3336
2547,send,5,LBNL_VLAN3002.1,1,7,25.3336
2547,send,0,VLAN4012.0,0,1,2972.12
2548,trace_offer,0,VLAN4012.0,0,1,2972.12
2548,trace_offer,5,LBNL_VLAN3002.1,1,7,25.3336
2545,receive,1,VLAN4012.1,0,0,2972.12
2545,receive,7,LBNL_VLAN3001.1,3,5,25.3336
2545,receive,1,VLAN4012.1,0,0,2972.12
2548,send,5,LBNL_VLAN3002.1,1,7,25.3336
2548,send,0,VLAN4012.0,0,1,2972.12
2549,trace_offer,5,LBNL_VLAN3002.1,1,7,25.3336
2549,trace_offer,0,VLAN4012.0,0,1,2972.12
2546,receive,7,LBNL_VLAN3001.1,3,5,25.3336
2549,send,0,VLAN4012.0,0,1,2972.12
2549,send,5,LBNL_VLAN3002.1,1,7,25.3336
2550,trace_offer,0,VLAN4012.0,0,1,2989.3
2550,trace_offer,5,LBNL_VLAN3002.1,1,7,31.5412
2547,receive,1,VLAN4012.1,0,0,2972.12
2547,receive,1,VLAN4012.1,0,0,2972.12
2550,send,0,VLAN4012.0,0,1,2989.3
2550,send,5,LBNL_VLAN3002.1,1,7,31.5412
2551,trace_offer,0,VLAN4012.0,0,1,2989.3
2551,trace_offer,5,LBNL_VLAN3002.1,1,7,31.5412
2548,receive,7,LBNL_VLAN3001.1,3,5,50.6672
2551,send,0,VLAN4012.0,0,1,2989.3
2551,send,5,LBNL_VLAN3002.1,1,7,31.5412
2552,trace_offer,0,VLAN4012.0,0,1,2989.3
2552,trace_offer,5,LBNL_VLAN3002.1,1,7,31.5412
2549,receive,7,LBNL_VLAN3001.1,3,5,25.3336
2549,receive,1,VLAN4012.1,0,0,2989.3
2549,receive,1,VLAN4012.1,0,0,2989.3
2552,send,0,VLAN4012.0,0,1,2989.3
2552,send,5,LBNL_VLAN3002.1,1,7,31.5412
2553,trace_offer,5,LBNL_VLAN3002.1,1,7,31.5412
2553,trace_offer,0,VLAN4012.0,0,1,2989.3
2550,receive,1,VLAN4012.1,0,0,2989.3
2550,receive,7,LBNL_VLAN3001.1,3,5,31.5412
2553,send,5,LBNL_VLAN3002.1,1,7,31.5412
2553,send,0,VLAN4012.0,0,1,2989.3
2554,trace_offer,0,VLAN4012.0,0,1,2989.3
2554,trace_offer,5,LBNL_VLAN3002.1,1,7,31.5412
2554,send,5,LBNL_VLAN3002.1,1,7,31.5412
2554,send,0,VLAN4012.0,0,1,2989.3
2555,trace_offer,5,LBNL_VLAN3002.1,1,7,31.5412
2555,trace_offer,0,VLAN4012.0,0,1,2989.3
2552,receive,1,VLAN4012.1,0,0,2989.3
2552,receive,1,VLAN4012.1,0,0,2989.3
2552,receive,7,LBNL_VLAN3001.1,3,5,63.0823
2555,send,0,VLAN4012.0,0,1,2989.3
2555,send,5,LBNL_VLAN3002.1,1,7,31.5412
2556,trace_offer,5,LBNL_VLAN3002.1,1,7,31.5412
2556,trace_offer,0,VLAN4012.0,0,1,2989.3
2553,receive,1,VLAN4012.1,0,0,2989.3
2556,send,0,VLAN4012.0,0,1,2989.3
2556,send,5,LBNL_VLAN3002.1,1,7,31.5412
2557,trace_offer,0,VLAN4012.0,0,1,2989.3
2557,trace_offer,5,LBNL_VLAN3002.1,1,7,31.5412
2554,receive,7,LBNL_VLAN3001.1,3,5,63.0823
2557,send,0,VLAN4012.0,0,1,2989.3
2557,send,5,LBNL_VLAN3002.1,1,7,31.5412
2558,trace_offer,0,VLAN4012.0,0,1,2989.3
2558,trace_offer,5,LBNL_VLAN3002.1,1,7,31.5412
2555,receive,1,VLAN4012.1,0,0,2989.3
2555,receive,1,VLAN4012.1,0,0,2989.3
2558,send,0,VLAN4012.0,0,1,2989.3
2558,send,5,LBNL_VLAN3002.1,1,7,31.5412
2559,trace_offer,0,VLAN4012.0,0,1,2989.3
2559,trace_offer,5,LBNL_VLAN3002.1,1,7,31.5412
2556,receive,1,VLAN4012.1,0,0,2989.3
2556,receive,7,LBNL_VLAN3001.1,3,5,31.5412
2559,send,0,VLAN4012.0,0,1,2989.3
2559,send,5,LBNL_VLAN3002.1,1,7,31.5412
2560,trace_offer,0,VLAN4012.0,0,1,2989.3
2560,trace_offer,5,LBNL_VLAN3002.1,1,7,25.3336
2557,receive,1,VLAN4012.1,0,0,2989.3
2557,receive,7,LBNL_VLAN3001.1,3,5,31.5412
2560,send,0,VLAN4012.0,0,1,2989.3
2560,send,5,LBNL_VLAN3002.1,1,7,25.3336
2561,trace_offer,0,VLAN4012.0,0,1,2989.3
2561,trace_offer,5,LBNL_VLAN3002.1,1,7,25.3336
2558,receive,7,LBNL_VLAN3001.1,3,5,31.5412
2561,send,0,VLAN4012.0,0,1,2989.3
2561,send,5,LBNL_VLAN3002.1,1,7,25.3336
2562,trace_offer,0,VLAN4012.0,0,1,2989.3
2562,trace_offer,5,LBNL_VLAN3002.1,1,7,25.3336
2559,receive,7,LBNL_VLAN3001.1,3,5,63.0823
2559,receive,1,VLAN4012.1,0,0,2989.3
2559,receive,1,VLAN4012.1,0,0,2989.3
2562,send,5,LBNL_VLAN3002.1,1,7,25.3336
2562,send,0,VLAN4012.0,0,1,2989.3
2563,trace_offer,5,LBNL_VLAN3002.1,1,7,25.3336
2563,trace_offer,0,VLAN4012.0,0,1,2989.3
2560,receive,7,LBNL_VLAN3001.1,3,5,25.3336
2563,send,5,LBNL_VLAN3002.1,1,7,25.3336
2563,send,0,VLAN4012.0,0,1,2989.3
2564,trace_offer,5,LBNL_VLAN3002.1,1,7,25.3336
2564,trace_offer,0,VLAN4012.0,0,1,2989.3
2561,receive,1,VLAN4012.1,0,0,2989.3
2561,receive,7,LBNL_VLAN3001.1,3,5,25.3336
2561,receive,1,VLAN4012.1,0,0,2989.3
2564,send,5,LBNL_VLAN3002.1,1,7,25.3336
2564,send,0,VLAN4012.0,0,1,2989.3
2565,trace_offer,5,LBNL_VLAN3002.1,1,7,25.3336
2565,trace_offer,0,VLAN4012.0,0,1,2989.3
2562,receive,1,VLAN4012.1,0,0,2989.3
2562,receive,7,LBNL_VLAN3001.1,3,5,25.3336
2565,send,5,LBNL_VLAN3002.1,1,7,25.3336
2565,send,0,VLAN4012.0,0,1,2989.3
2566,trace_offer,5,LBNL_VLAN3002.1,1,7,25.3336
2566,trace_offer,0,VLAN4012.0,0,1,2989.3
2563,receive,7,LBNL_VLAN3001.1,3,5,25.3336
2566,send,5,LBNL_VLAN3002.1,1,7,25.3336
2566,send,0,VLAN4012.0,0,1,2989.3
2567,trace_offer,0,VLAN4012.0,0,1,2989.3
2567,trace_offer,5,LBNL_VLAN3002.1,1,7,25.3336
2564,receive,1,VLAN4012.1,0,0,2989.3
2564,receive,7,LBNL_VLAN3001.1,3,5,25.3336
2564,receive,1,VLAN4012.1,0,0,2989.3
2567,send,5,LBNL_VLAN3002.1,1,7,25.3336
2567,send,0,VLAN4012.0,0,1,2989.3
2568,trace_offer,5,LBNL_VLAN3002.1,1,7,25.3336
2568,trace_offer,0,VLAN4012.0,0,1,2989.3
2565,receive,7,LBNL_VLAN3001.1,3,5,25.3336
2565,receive,1,VLAN4012.1,0,0,2989.3
2568,send,0,VLAN4012.0,0,1,2989.3
2568,send,5,LBNL_VLAN3002.1,1,7,25.3336
2569,trace_offer,5,LBNL_VLAN3002.1,1,7,25.3336
2569,trace_offer,0,VLAN4012.0,0,1,2989.3
2566,receive,7,LBNL_VLAN3001.1,3,5,25.3336
2569,send,0,VLAN4012.0,0,1,2989.3
2569,send,5,LBNL_VLAN3002.1,1,7,25.3336
2570,trace_offer,5,LBNL_VLAN3002.1,1,7,31.7928
2570,trace_offer,0,VLAN4012.0,0,1,2954.94
2567,receive,1,VLAN4012.1,0,0,2989.3
2567,receive,7,LBNL_VLAN3001.1,3,5,25.3336
2567,receive,1,VLAN4012.1,0,0,2989.3
2570,send,5,LBNL_VLAN3002.1,1,7,31.7928
2570,send,0,VLAN4012.0,0,1,2954.94
2571,trace_offer,5,LBNL_VLAN3002.1,1,7,31.7928
2571,trace_offer,0,VLAN4012.0,0,1,2954.94
2571,send,5,LBNL_VLAN3002.1,1,7,31.7928
2571,send,0,VLAN4012.0,0,1,2954.94
2572,trace_offer,0,VLAN4012.0,0,1,2954.94
2572,trace_offer,5,LBNL_VLAN3002.1,1,7,31.7928
2569,receive,1,VLAN4012.1,0,0,2954.94
2569,receive,7,LBNL_VLAN3001.1,3,5,50.6672
2569,receive,1,VLAN4012.1,0,0,2954.94
2572,send,5,LBNL_VLAN3002.1,1,7,31.7928
2572,send,0,VLAN4012.0,0,1,2954.94
2573,trace_offer,5,LBNL_VLAN3002.1,1,7,31.7928
2573,trace_offer,0,VLAN4012.0,0,1,2954.94
2570,receive,1,VLAN4012.1,0,0,2954.94
2573,send,0,VLAN4012.0,0,1,2954.94
2573,send,5,LBNL_VLAN3002.1,1,7,31.7928
2574,trace_offer,5,LBNL_VLAN3002.1,1,7,31.7928
2574,trace_offer,0,VLAN4012.0,0,1,2954.94
2571,receive,7,LBNL_VLAN3001.1,3,5,63.5856
2574,send,5,LBNL_VLAN3002.1,1,7,31.7928
2574,send,0,VLAN4012.0,0,1,2954.94
2575,trace_offer,5,LBNL_VLAN3002.1,1,7,31.7928
2575,trace_offer,0,VLAN4012.0,0,1,2954.94
2572,receive,1,VLAN4012.1,0,0,2954.94
2572,receive,7,LBNL_VLAN3001.1,3,5,31.7928
2572,receive,1,VLAN4012.1,0,0,2954.94
2575,send,5,LBNL_VLAN3002.1,1,7,31.7928
2575,send,0,VLAN4012.0,0,1,2954.94
2576,trace_offer,5,LBNL_VLAN3002.1,1,7,31.7928
2576,trace_offer,0,VLAN4012.0,0,1,2954.94
2573,receive,7,LBNL_VLAN3001.1,3,5,31.7928
2576,send,0,VLAN4012.0,0,1,2954.94
2576,send,5,LBNL_VLAN3002.1,1,7,31.7928
2577,trace_offer,0,VLAN4012.0,0,1,2954.94
2577,trace_offer,5,LBNL_VLAN3002.1,1,7,31.7928
2574,receive,1,VLAN4012.1,0,0,2954.94
2574,receive,7,LBNL_VLAN3001.1,3,5,31.7928
2574,receive,1,VLAN4012.1,0,0,2954.94
2577,send,5,LBNL_VLAN3002.1,1,7,31.7928
2577,send,0,VLAN4012.0,0,1,2954.94
2578,trace_offer,0,VLAN4012.0,0,1,2954.94
2578,trace_offer,5,LBNL_VLAN3002.1,1,7,31.7928
2575,receive,1,VLAN4012.1,0,0,2954.94
2578,send,0,VLAN4012.0,0,1,2954.94
2578,send,5,LBNL_VLAN3002.1,1,7,31.7928
2579,trace_offer,0,VLAN4012.0,0,1,2954.94
2579,trace_offer,5,LBNL_VLAN3002.1,1,7,31.7928
2576,receive,7,LBNL_VLAN3001.1,3,5,63.5856
2579,send,0,VLAN4012.0,0,1,2954.94
2579,send,5,LBNL_VLAN3002.1,1,7,31.7928
2580,trace_offer,5,LBNL_VLAN3002.1,1,7,25.1658
2580,trace_offer,0,VLAN4012.0,0,1,2946.35
2577,receive,7,LBNL_VLAN3001.1,3,5,31.7928
2577,receive,1,VLAN4012.1,0,0,2954.94
2577,receive,1,VLAN4012.1,0,0,2954.94
2580,send,5,LBNL_VLAN3002.1,1,7,25.1658
2580,send,0,VLAN4012.0,0,1,2946.35
2581,trace_offer,0,VLAN4012.0,0,1,2946.35
2581,trace_offer,5,LBNL_VLAN3002.1,1,7,25.1658
2578,receive,1,VLAN4012.1,0,0,2946.35
2581,send,0,VLAN4012.0,0,1,2946.35
2581,send,5,LBNL_VLAN3002.1,1,7,25.1658
2582,trace_offer,0,VLAN4012.0,0,1,2946.35
2582,trace_offer,5,LBNL_VLAN3002.1,1,7,25.1658
2579,receive,1,VLAN4012.1,0,0,2946.35
2579,receive,7,LBNL_VLAN3001.1,3,5,63.5856
2582,send,5,LBNL_VLAN3002.1,1,7,25.1658
2582,send,0,VLAN4012.0,0,1,2946.35
2583,trace_offer,5,LBNL_VLAN3002.1,1,7,25.1658
2583,trace_offer,0,VLAN4012.0,0,1,2946.35
2580,receive,1,VLAN4012.1,0,0,2946.35
2580,receive,7,LBNL_VLAN3001.1,3,5,25.1658
2583,send,0,VLAN4012.0,0,1,2946.35
2583,send,5,LBNL_VLAN3002.1,1,7,25.1658
2584,trace_offer,0,VLAN4012.0,0,1,2946.35
2584,trace_offer,5,LBNL_VLAN3002.1,1,7,25.1658
2581,receive,7,LBNL_VLAN3001.1,3,5,25.1658
2584,send,0,VLAN4012.0,0,1,2946.35
2584,send,5,LBNL_VLAN3002.1,1,7,25.1658
2585,trace_offer,5,LBNL_VLAN3002.1,1,7,25.1658
2585,trace_offer,0,VLAN4012.0,0,1,2946.35
2582,receive,1,VLAN4012.1,0,0,2946.35
2582,receive,1,VLAN4012.1,0,0,2946.35
2582,receive,7,LBNL_VLAN3001.1,3,5,25.1658
2585,send,5,LBNL_VLAN3002.1,1,7,25.1658
2585,send,0,VLAN4012.0,0,1,2946.35
2586,trace_offer,5,LBNL_VLAN3002.1,1,7,25.1658
2586,trace_offer,0,VLAN4012.0,0,1,2946.35
2583,receive,1,VLAN4012.1,0,0,2946.35
2583,receive,7,LBNL_VLAN3001.1,3,5,25.1658
2586,send,0,VLAN4012.0,0,1,2946.35
2586,send,5,LBNL_VLAN3002.1,1,7,25.1658
2587,trace_offer,0,VLAN4012.0,0,1,2946.35
2587,trace_offer,5,LBNL_VLAN3002.1,1,7,25.1658
2584,receive,1,VLAN4012.1,0,0,2946.35
2584,receive,7,LBNL_VLAN3001.1,3,5,25.1658
2587,send,5,LBNL_VLAN3002.1,1,7,25.1658
2587,send,0,VLAN4012.0,0,1,2946.35
2588,trace_offer,0,VLAN4012.0,0,1,2946.35
2588,trace_offer,5,LBNL_VLAN3002.1,1,7,25.1658
2585,receive,7,LBNL_VLAN3001.1,3,5,25.1658
2585,receive,1,VLAN4012.1,0,0,2946.35
2588,send,5,LBNL_VLAN3002.1,1,7,25.1658
2588,send,0,VLAN4012.0,0,1,2946.35
2589,trace_offer,0,VLAN4012.0,0,1,2946.35
2589,trace_offer,5,LBNL_VLAN3002.1,1,7,25.1658
2586,receive,7,LBNL_VLAN3001.1,3,5,25.1658
2586,receive,1,VLAN4012.1,0,0,2946.35
2589,send,5,LBNL_VLAN3002.1,1,7,25.1658
2589,send,0,VLAN4012.0,0,1,2946.35
2590,trace_offer,0,VLAN4012.0,0,1,2946.35
2590,trace_offer,5,LBNL_VLAN3002.1,1,7,31.7089
2587,receive,1,VLAN4012.1,0,0,2946.35
2587,receive,7,LBNL_VLAN3001.1,3,5,25.1658
2590,send,0,VLAN4012.0,0,1,2946.35
2590,send,5,LBNL_VLAN3002.1,1,7,31.7089
2591,trace_offer,0,VLAN4012.0,0,1,2946.35
2591,trace_offer,5,LBNL_VLAN3002.1,1,7,31.7089
2588,receive,7,LBNL_VLAN3001.1,3,5,25.1658
2591,send,5,LBNL_VLAN3002.1,1,7,31.7089
2591,send,0,VLAN4012.0,0,1,2946.35
2592,trace_offer,0,VLAN4012.0,0,1,2946.35
2592,trace_offer,5,LBNL_VLAN3002.1,1,7,31.7089
2589,receive,1,VLAN4012.1,0,0,2946.35
2589,receive,7,LBNL_VLAN3001.1,3,5,25.1658
2589,receive,1,VLAN4012.1,0,0,2946.35
2592,send,5,LBNL_VLAN3002.1,1,7,31.7089
2592,send,0,VLAN4012.0,0,1,2946.35
2593,trace_offer,5,LBNL_VLAN3002.1,1,7,31.7089
2593,trace_offer,0,VLAN4012.0,0,1,2946.35
2590,receive,1,VLAN4012.1,0,0,2946.35
2593,send,0,VLAN4012.0,0,1,2946.35
2593,send,5,LBNL_VLAN3002.1,1,7,31.7089
2594,trace_offer,0,VLAN4012.0,0,1,2946.35
2594,trace_offer,5,LBNL_VLAN3002.1,1,7,31.7089
2591,receive,7,LBNL_VLAN3001.1,3,5,63.4179
2591,receive,1,VLAN4012.1,0,0,2946.35
2594,send,0,VLAN4012.0,0,1,2946.35
2594,send,5,LBNL_VLAN3002.1,1,7,31.7089
2595,trace_offer,5,LBNL_VLAN3002.1,1,7,31.7089
2595,trace_offer,0,VLAN4012.0,0,1,2946.35
2592,receive,7,LBNL_VLAN3001.1,3,5,31.7089
2592,receive,1,VLAN4012.1,0,0,2946.35
2595,send,5,LBNL_VLAN3002.1,1,7,31.7089
2595,send,0,VLAN4012.0,0,1,2946.35
2596,trace_offer,0,VLAN4012.0,0,1,2946.35
2596,trace_offer,5,LBNL_VLAN3002.1,1,7,31.7089
2593,receive,7,LBNL_VLAN3001.1,3,5,31.7089
2596,send,0,VLAN4012.0,0,1,2946.35
2596,send,5,LBNL_VLAN3002.1,1,7,31.7089
2597,trace_offer,0,VLAN4012.0,0,1,2946.35
2597,trace_offer,5,LBNL_VLAN3002.1,1,7,31.7089
2594,receive,7,LBNL_VLAN3001.1,3,5,31.7089
2594,receive,1,VLAN4012.1,0,0,2946.35
2594,receive,1,VLAN4012.1,0,0,2946.35
2597,send,5,LBNL_VLAN3002.1,1,7,31.7089
2597,send,0,VLAN4012.0,0,1,2946.35
2598,trace_offer,5,LBNL_VLAN3002.1,1,7,31.7089
2598,trace_offer,0,VLAN4012.0,0,1,2946.35
2595,receive,1,VLAN4012.1,0,0,2946.35
2598,send,5,LBNL_VLAN3002.1,1,7,31.7089
2598,send,0,VLAN4012.0,0,1,2946.35
2599,trace_offer,0,VLAN4012.0,0,1,2946.35
2599,trace_offer,5,LBNL_VLAN3002.1,1,7,31.7089
2596,receive,1,VLAN4012.1,0,0,2946.35
2596,receive,7,LBNL_VLAN3001.1,3,5,63.4179
2599,send,0,VLAN4012.0,0,1,2946.35
2599,send,5,LBNL_VLAN3002.1,1,7,31.7089
2600,trace_offer,0,VLAN4012.0,0,1,2946.35
2600,trace_offer,5,LBNL_VLAN3002.1,1,7,25.1658
2597,receive,7,LBNL_VLAN3001.1,3,5,31.7089
2597,receive,1,VLAN4012.1,0,0,2946.35
2600,send,5,LBNL_VLAN3002.1,1,7,25.1658
2600,send,0,VLAN4012.0,0,1,2946.35
2601,trace_offer,5,LBNL_VLAN3002.1,1,7,25.1658
2601,trace_offer,0,VLAN4012.0,0,1,2946.35
2601,send,5,LBNL_VLAN3002.1,1,7,25.1658
2601,send,0,VLAN4012.0,0,1,2946.35
2602,trace_offer,0,VLAN4012.0,0,1,2946.35
2602,trace_offer,5,LBNL_VLAN3002.1,1,7,25.1658
2599,receive,7,LBNL_VLAN3001.1,3,5,63.4179
2599,receive,1,VLAN4012.1,0,0,2946.35
2599,receive,1,VLAN4012.1,0,0,2946.35
2602,send,0,VLAN4012.0,0,1,2946.35
2602,send,5,LBNL_VLAN3002.1,1,7,25.1658
2603,trace_offer,0,VLAN4012.0,0,1,2946.35
2603,trace_offer,5,LBNL_VLAN3002.1,1,7,25.1658
2600,receive,1,VLAN4012.1,0,0,2946.35
2600,receive,7,LBNL_VLAN3001.1,3,5,25.1658
2603,send,0,VLAN4012.0,0,1,2946.35
2603,send,5,LBNL_VLAN3002.1,1,7,25.1658
2604,trace_offer,5,LBNL_VLAN3002.1,1,7,25.1658
2604,trace_offer,0,VLAN4012.0,0,1,2946.35
2601,receive,7,LBNL_VLAN3001.1,3,5,25.1658
2604,send,5,LBNL_VLAN3002.1,1,7,25.1658
2604,send,0,VLAN4012.0,0,1,2946.35
2605,trace_offer,5,LBNL_VLAN3002.1,1,7,25.1658
2605,trace_offer,0,VLAN4012.0,0,1,2946.35
2602,receive,1,VLAN4012.1,0,0,2946.35
2602,receive,1,VLAN4012.1,0,0,2946.35
2602,receive,7,LBNL_VLAN3001.1,3,5,25.1658
2605,send,0,VLAN4012.0,0,1,2946.35
2605,send,5,LBNL_VLAN3002.1,1,7,25.1658
2606,trace_offer,5,LBNL_VLAN3002.1,1,7,25.1658
2606,trace_offer,0,VLAN4012.0,0,1,2946.35
2603,receive,1,VLAN4012.1,0,0,2946.35
2603,receive,7,LBNL_VLAN3001.1,3,5,25.1658
2606,send,5,LBNL_VLAN3002.1,1,7,25.1658
2606,send,0,VLAN4012.0,0,1,2946.35
2607,trace_offer,5,LBNL_VLAN3002.1,1,7,25.1658
2607,trace_offer,0,VLAN4012.0,0,1,2946.35
2604,receive,7,LBNL_VLAN3001.1,3,5,25.1658
2604,receive,1,VLAN4012.1,0,0,2946.35
2607,send,5,LBNL_VLAN3002.1,1,7,25.1658
2607,send,0,VLAN4012.0,0,1,2946.35
2608,trace_offer,0,VLAN4012.0,0,1,2946.35
2608,trace_offer,5,LBNL_VLAN3002.1,1,7,25.1658
2605,receive,1,VLAN4012.1,0,0,2946.35
2608,send,0,VLAN4012.0,0,1,2946.35
2608,send,5,LBNL_VLAN3002.1,1,7,25.1658
2609,trace_offer,5,LBNL_VLAN3002.1,1,7,25.1658
2609,trace_offer,0,VLAN4012.0,0,1,2946.35
2606,receive,7,LBNL_VLAN3001.1,3,5,50.3316
2606,receive,1,VLAN4012.1,0,0,2946.35
2609,send,0,VLAN4012.0,0,1,2946.35
2609,send,5,LBNL_VLAN3002.1,1,7,25.1658
2610,trace_offer,5,LBNL_VLAN3002.1,1,7,31.1217
2610,trace_offer,0,VLAN4012.0,0,1,2954.94
2607,receive,7,LBNL_VLAN3001.1,3,5,25.1658
2607,receive,1,VLAN4012.1,0,0,2946.35
2610,send,5,LBNL_VLAN3002.1,1,7,31.1217
2610,send,0,VLAN4012.0,0,1,2954.94
2611,trace_offer,0,VLAN4012.0,0,1,2954.94
2611,trace_offer,5,LBNL_VLAN3002.1,1,7,31.1217
2608,receive,7,LBNL_VLAN3001.1,3,5,25.1658
2608,receive,1,VLAN4012.1,0,0,2954.94
2611,send,5,LBNL_VLAN3002.1,1,7,31.1217
2611,send,0,VLAN4012.0,0,1,2954.94
2612,trace_offer,0,VLAN4012.0,0,1,2954.94
2612,trace_offer,5,LBNL_VLAN3002.1,1,7,31.1217
2609,receive,7,LBNL_VLAN3001.1,3,5,25.1658
2609,receive,1,VLAN4012.1,0,0,2954.94
2612,send,0,VLAN4012.0,0,1,2954.94
2612,send,5,LBNL_VLAN3002.1,1,7,31.1217
2613,trace_offer,5,LBNL_VLAN3002.1,1,7,31.1217
2613,trace_offer,0,VLAN4012.0,0,1,2954.94
2610,receive,7,LBNL_VLAN3001.1,3,5,31.1217
2610,receive,1,VLAN4012.1,0,0,2954.94
2613,send,0,VLAN4012.0,0,1,2954.94
2613,send,5,LBNL_VLAN3002.1,1,7,31.1217
2614,trace_offer,5,LBNL_VLAN3002.1,1,7,31.1217
2614,trace_offer,0,VLAN4012.0,0,1,2954.94
2611,receive,7,LBNL_VLAN3001.1,3,5,31.1217
2611,receive,1,VLAN4012.1,0,0,2954.94
2614,send,0,VLAN4012.0,0,1,2954.94
2614,send,5,LBNL_VLAN3002.1,1,7,31.1217
2615,trace_offer,5,LBNL_VLAN3002.1,1,7,31.1217
2615,trace_offer,0,VLAN4012.0,0,1,2954.94
2612,receive,1,VLAN4012.1,0,0,2954.94
2612,receive,7,LBNL_VLAN3001.1,3,5,31.1217
2615,send,5,LBNL_VLAN3002.1,1,7,31.1217
2615,send,0,VLAN4012.0,0,1,2954.94
2616,trace_offer,0,VLAN4012.0,0,1,2954.94
2616,trace_offer,5,LBNL_VLAN3002.1,1,7,31.1217
2613,receive,7,LBNL_VLAN3001.1,3,5,31.1217
2613,receive,1,VLAN4012.1,0,0,2954.94
2616,send,0,VLAN4012.0,0,1,2954.94
2616,send,5,LBNL_VLAN3002.1,1,7,31.1217
2617,trace_offer,5,LBNL_VLAN3002.1,1,7,31.1217
2617,trace_offer,0,VLAN4012.0,0,1,2954.94
2614,receive,1,VLAN4012.1,0,0,2954.94
2614,receive,7,LBNL_VLAN3001.1,3,5,31.1217
2617,send,0,VLAN4012.0,0,1,2954.94
2617,send,5,LBNL_VLAN3002.1,1,7,31.1217
2618,trace_offer,0,VLAN4012.0,0,1,2954.94
2618,trace_offer,5,LBNL_VLAN3002.1,1,7,31.1217
2615,receive,1,VLAN4012.1,0,0,2954.94
2618,send,0,VLAN4012.0,0,1,2954.94
2618,send,5,LBNL_VLAN3002.1,1,7,31.1217
2619,trace_offer,5,LBNL_VLAN3002.1,1,7,31.1217
2619,trace_offer,0,VLAN4012.0,0,1,2954.94
2616,receive,7,LBNL_VLAN3001.1,3,5,62.2435
2619,send,0,VLAN4012.0,0,1,2954.94
2619,send,5,LBNL_VLAN3002.1,1,7,31.1217
2620,trace_offer,0,VLAN4012.0,0,1,2954.94
2620,trace_offer,5,LBNL_VLAN3002.1,1,7,25.3336
2617,receive,1,VLAN4012.1,0,0,2954.94
2617,receive,7,LBNL_VLAN3001.1,3,5,31.1217
2617,receive,1,VLAN4012.1,0,0,2954.94
2620,send,5,LBNL_VLAN3002.1,1,7,25.3336
2620,send,0,VLAN4012.0,0,1,2954.94
2621,trace_offer,0,VLAN4012.0,0,1,2954.94
2621,trace_offer,5,LBNL_VLAN3002.1,1,7,25.3336
2618,receive,7,LBNL_VLAN3001.1,3,5,31.1217
2621,send,0,VLAN4012.0,0,1,2954.94
2621,send,5,LBNL_VLAN3002.1,1,7,25.3336
2622,trace_offer,0,VLAN4012.0,0,1,2954.94
2622,trace_offer,5,LBNL_VLAN3002.1,1,7,25.3336
2619,receive,7,LBNL_VLAN3001.1,3,5,31.1217
2619,receive,1,VLAN4012.1,0,0,2954.94
2619,receive,1,VLAN4012.1,0,0,2954.94
2622,send,0,VLAN4012.0,0,1,2954.94
2622,send,5,LBNL_VLAN3002.1,1,7,25.3336
2623,trace_offer,0,VLAN4012.0,0,1,2954.94
2623,trace_offer,5,LBNL_VLAN3002.1,1,7,25.3336
2620,receive,7,LBNL_VLAN3001.1,3,5,25.3336
2620,receive,1,VLAN4012.1,0,0,2954.94
2623,send,0,VLAN4012.0,0,1,2954.94
2623,send,5,LBNL_VLAN3002.1,1,7,25.3336
2624,trace_offer,0,VLAN4012.0,0,1,2954.94
2624,trace_offer,5,LBNL_VLAN3002.1,1,7,25.3336
2621,receive,7,LBNL_VLAN3001.1,3,5,25.3336
2624,send,5,LBNL_VLAN3002.1,1,7,25.3336
2624,send,0,VLAN4012.0,0,1,2954.94
2625,trace_offer,5,LBNL_VLAN3002.1,1,7,25.3336
2625,trace_offer,0,VLAN4012.0,0,1,2954.94
2622,receive,1,VLAN4012.1,0,0,2954.94
2622,receive,1,VLAN4012.1,0,0,2954.94
2622,receive,7,LBNL_VLAN3001.1,3,5,25.3336
2625,send,5,LBNL_VLAN3002.1,1,7,25.3336
2625,send,0,VLAN4012.0,0,1,2954.94
2626,trace_offer,0,VLAN4012.0,0,1,2954.94
2626,trace_offer,5,LBNL_VLAN3002.1,1,7,25.3336
2623,receive,1,VLAN4012.1,0,0,2954.94
2626,send,5,LBNL_VLAN3002.1,1,7,25.3336
2626,send,0,VLAN4012.0,0,1,2954.94
2627,trace_offer,0,VLAN4012.0,0,1,2954.94
2627,trace_offer,5,LBNL_VLAN3002.1,1,7,25.3336
2624,receive,1,VLAN4012.1,0,0,2954.94
2624,receive,7,LBNL_VLAN3001.1,3,5,50.6672
2627,send,0,VLAN4012.0,0,1,2954.94
2627,send,5,LBNL_VLAN3002.1,1,7,25.3336
2628,trace_offer,5,LBNL_VLAN3002.1,1,7,25.3336
2628,trace_offer,0,VLAN4012.0,0,1,2954.94
2625,receive,1,VLAN4012.1,0,0,2954.94
2628,send,0,VLAN4012.0,0,1,2954.94
2628,send,5,LBNL_VLAN3002.1,1,7,25.3336
2629,trace_offer,0,VLAN4012.0,0,1,2954.94
2629,trace_offer,5,LBNL_VLAN3002.1,1,7,25.3336
2626,receive,7,LBNL_VLAN3001.1,3,5,50.6672
2626,receive,1,VLAN4012.1,0,0,2954.94
2629,send,0,VLAN4012.0,0,1,2954.94
2629,send,5,LBNL_VLAN3002.1,1,7,25.3336
2630,trace_offer,0,VLAN4012.0,0,1,2963.53
2630,trace_offer,5,LBNL_VLAN3002.1,1,7,31.5412
2627,receive,7,LBNL_VLAN3001.1,3,5,25.3336
2627,receive,1,VLAN4012.1,0,0,2954.94
2630,send,0,VLAN4012.0,0,1,2963.53
2630,send,5,LBNL_VLAN3002.1,1,7,31.5412
2631,trace_offer,5,LBNL_VLAN3002.1,1,7,31.5412
2631,trace_offer,0,VLAN4012.0,0,1,2963.53
2628,receive,7,LBNL_VLAN3001.1,3,5,25.3336
2631,send,5,LBNL_VLAN3002.1,1,7,31.5412
2631,send,0,VLAN4012.0,0,1,2963.53
2632,trace_offer,0,VLAN4012.0,0,1,2963.53
2632,trace_offer,5,LBNL_VLAN3002.1,1,7,31.5412
2629,receive,7,LBNL_VLAN3001.1,3,5,25.3336
2629,receive,1,VLAN4012.1,0,0,2963.53
2629,receive,1,VLAN4012.1,0,0,2963.53
2632,send,5,LBNL_VLAN3002.1,1,7,31.5412
2632,send,0,VLAN4012.0,0,1,2963.53
2633,trace_offer,5,LBNL_VLAN3002.1,1,7,31.5412
2633,trace_offer,0,VLAN4012.0,0,1,2963.53
2630,receive,1,VLAN4012.1,0,0,2963.53
2633,send,0,VLAN4012.0,0,1,2963.53
2633,send,5,LBNL_VLAN3002.1,1,7,31.5412
2634,trace_offer,0,VLAN4012.0,0,1,2963.53
2634,trace_offer,5,LBNL_VLAN3002.1,1,7,31.5412
2631,receive,7,LBNL_VLAN3001.1,3,5,63.0823
2631,receive,1,VLAN4012.1,0,0,2963.53
2634,send,0,VLAN4012.0,0,1,2963.53
2634,send,5,LBNL_VLAN3002.1,1,7,31.5412
2635,trace_offer,5,LBNL_VLAN3002.1,1,7,31.5412
2635,trace_offer,0,VLAN4012.0,0,1,2963.53
2632,receive,7,LBNL_VLAN3001.1,3,5,31.5412
2632,receive,1,VLAN4012.1,0,0,2963.53
2635,send,0,VLAN4012.0,0,1,2963.53
2635,send,5,LBNL_VLAN3002.1,1,7,31.5412
2636,trace_offer,5,LBNL_VLAN3002.1,1,7,31.5412
2636,trace_offer,0,VLAN4012.0,0,1,2963.53
2633,receive,1,VLAN4012.1,0,0,2963.53
2636,send,5,LBNL_VLAN3002.1,1,7,31.5412
2636,send,0,VLAN4012.0,0,1,2963.53
2637,trace_offer,0,VLAN4012.0,0,1,2963.53
2637,trace_offer,5,LBNL_VLAN3002.1,1,7,31.5412
2634,receive,7,LBNL_VLAN3001.1,3,5,63.0823
2634,receive,1,VLAN4012.1,0,0,2963.53
2637,send,5,LBNL_VLAN3002.1,1,7,31.5412
2637,send,0,VLAN4012.0,0,1,2963.53
2638,trace_offer,0,VLAN4012.0,0,1,2963.53
2638,trace_offer,5,LBNL_VLAN3002.1,1,7,31.5412
2635,receive,1,VLAN4012.1,0,0,2963.53
2638,send,5,LBNL_VLAN3002.1,1,7,31.5412
2638,send,0,VLAN4012.0,0,1,2963.53
2639,trace_offer,5,LBNL_VLAN3002.1,1,7,31.5412
2639,trace_offer,0,VLAN4012.0,0,1,2963.53
2636,receive,7,LBNL_VLAN3001.1,3,5,63.0823
2639,send,5,LBNL_VLAN3002.1,1,7,31.5412
2639,send,0,VLAN4012.0,0,1,2963.53
2640,trace_offer,0,VLAN4012.0,0,1,2980.71
2640,trace_offer,5,LBNL_VLAN3002.1,1,7,25.2497
2637,receive,1,VLAN4012.1,0,0,2963.53
2637,receive,1,VLAN4012.1,0,0,2963.53
2637,receive,7,LBNL_VLAN3001.1,3,5,31.5412
2640,send,5,LBNL_VLAN3002.1,1,7,25.2497
2640,send,0,VLAN4012.0,0,1,2980.71
2641,trace_offer,0,VLAN4012.0,0,1,2980.71
2641,trace_offer,5,LBNL_VLAN3002.1,1,7,25.2497
2638,receive,7,LBNL_VLAN3001.1,3,5,31.5412
2638,receive,1,VLAN4012.1,0,0,2980.71
2641,send,0,VLAN4012.0,0,1,2980.71
2641,send,5,LBNL_VLAN3002.1,1,7,25.2497
2642,trace_offer,0,VLAN4012.0,0,1,2980.71
2642,trace_offer,5,LBNL_VLAN3002.1,1,7,25.2497
2639,receive,1,VLAN4012.1,0,0,2980.71
2639,receive,7,LBNL_VLAN3001.1,3,5,31.5412
2642,send,5,LBNL_VLAN3002.1,1,7,25.2497
2642,send,0,VLAN4012.0,0,1,2980.71
2643,trace_offer,5,LBNL_VLAN3002.1,1,7,25.2497
2643,trace_offer,0,VLAN4012.0,0,1,2980.71
2640,receive,1,VLAN4012.1,0,0,2980.71
2643,send,5,LBNL_VLAN3002.1,1,7,25.2497
2643,send,0,VLAN4012.0,0,1,2980.71
2644,trace_offer,5,LBNL_VLAN3002.1,1,7,25.2497
2644,trace_offer,0,VLAN4012.0,0,1,2980.71
2641,receive,7,LBNL_VLAN3001.1,3,5,50.4994
2641,receive,1,VLAN4012.1,0,0,2980.71
2644,send,0,VLAN4012.0,0,1,2980.71
2644,send,5,LBNL_VLAN3002.1,1,7,25.2497
2645,trace_offer,5,LBNL_VLAN3002.1,1,7,25.2497
2645,trace_offer,0,VLAN4012.0,0,1,2980.71
2642,receive,1,VLAN4012.1,0,0,2980.71
2642,receive,7,LBNL_VLAN3001.1,3,5,25.2497
2645,send,5,LBNL_VLAN3002.1,1,7,25.2497
2645,send,0,VLAN4012.0,0,1,2980.71
2646,trace_offer,5,LBNL_VLAN3002.1,1,7,25.2497
2646,trace_offer,0,VLAN4012.0,0,1,2980.71
2643,receive,7,LBNL_VLAN3001.1,3,5,25.2497
2643,receive,1,VLAN4012.1,0,0,2980.71
2646,send,0,VLAN4012.0,0,1,2980.71
2646,send,5,LBNL_VLAN3002.1,1,7,25.2497
2647,trace_offer,0,VLAN4012.0,0,1,2980.71
2647,trace_offer,5,LBNL_VLAN3002.1,1,7,25.2497
2644,receive,1,VLAN4012.1,0,0,2980.71
2644,receive,7,LBNL_VLAN3001.1,3,5,25.2497
2647,send,5,LBNL_VLAN3002.1,1,7,25.2497
2647,send,0,VLAN4012.0,0,1,2980.71
2648,trace_offer,0,VLAN4012.0,0,1,2980.71
2648,trace_offer,5,LBNL_VLAN3002.1,1,7,25.2497
2645,receive,1,VLAN4012.1,0,0,2980.71
2648,send,0,VLAN4012.0,0,1,2980.71
2648,send,5,LBNL_VLAN3002.1,1,7,25.2497
2649,trace_offer,5,LBNL_VLAN3002.1,1,7,25.2497
2649,trace_offer,0,VLAN4012.0,0,1,2980.71
2646,receive,7,LBNL_VLAN3001.1,3,5,50.4994
2646,receive,1,VLAN4012.1,0,0,2980.71
2649,send,5,LBNL_VLAN3002.1,1,7,25.2497
2649,send,0,VLAN4012.0,0,1,2980.71
2650,trace_offer,0,VLAN4012.0,0,1,2980.71
2650,trace_offer,5,LBNL_VLAN3002.1,1,7,25.5014
2647,receive,7,LBNL_VLAN3001.1,3,5,25.2497
2647,receive,1,VLAN4012.1,0,0,2980.71
2650,send,5,LBNL_VLAN3002.1,1,7,25.5014
2650,send,0,VLAN4012.0,0,1,2980.71
2651,trace_offer,0,VLAN4012.0,0,1,2980.71
2651,trace_offer,5,LBNL_VLAN3002.1,1,7,25.5014
2648,receive,7,LBNL_VLAN3001.1,3,5,25.2497
2648,receive,1,VLAN4012.1,0,0,2980.71
2651,send,0,VLAN4012.0,0,1,2980.71
2651,send,5,LBNL_VLAN3002.1,1,7,25.5014
2652,trace_offer,0,VLAN4012.0,0,1,2980.71
2652,trace_offer,5,LBNL_VLAN3002.1,1,7,25.5014
2649,receive,7,LBNL_VLAN3001.1,3,5,25.2497
2649,receive,1,VLAN4012.1,0,0,2980.71
2652,send,0,VLAN4012.0,0,1,2980.71
2652,send,5,LBNL_VLAN3002.1,1,7,25.5014
2653,trace_offer,0,VLAN4012.0,0,1,2980.71
2653,trace_offer,5,LBNL_VLAN3002.1,1,7,25.5014
2650,receive,7,LBNL_VLAN3001.1,3,5,25.5014
2650,receive,1,VLAN4012.1,0,0,2980.71
2653,send,0,VLAN4012.0,0,1,2980.71
2653,send,5,LBNL_VLAN3002.1,1,7,25.5014
2654,trace_offer,0,VLAN4012.0,0,1,2980.71
2654,trace_offer,5,LBNL_VLAN3002.1,1,7,25.5014
2651,receive,7,LBNL_VLAN3001.1,3,5,25.5014
2654,send,5,LBNL_VLAN3002.1,1,7,25.5014
2654,send,0,VLAN4012.0,0,1,2980.71
2655,trace_offer,5,LBNL_VLAN3002.1,1,7,25.5014
2655,trace_offer,0,VLAN4012.0,0,1,2980.71
2652,receive,1,VLAN4012.1,0,0,2980.71
2652,receive,1,VLAN4012.1,0,0,2980.71
2652,receive,7,LBNL_VLAN3001.1,3,5,25.5014
2655,send,5,LBNL_VLAN3002.1,1,7,25.5014
2655,send,0,VLAN4012.0,0,1,2980.71
2656,trace_offer,5,LBNL_VLAN3002.1,1,7,25.5014
2656,trace_offer,0,VLAN4012.0,0,1,2980.71
2653,receive,7,LBNL_VLAN3001.1,3,5,25.5014
2653,receive,1,VLAN4012.1,0,0,2980.71
2656,send,0,VLAN4012.0,0,1,2980.71
2656,send,5,LBNL_VLAN3002.1,1,7,25.5014
2657,trace_offer,5,LBNL_VLAN3002.1,1,7,25.5014
2657,trace_offer,0,VLAN4012.0,0,1,2980.71
2654,receive,7,LBNL_VLAN3001.1,3,5,25.5014
2654,receive,1,VLAN4012.1,0,0,2980.71
2657,send,5,LBNL_VLAN3002.1,1,7,25.5014
2657,send,0,VLAN4012.0,0,1,2980.71
2658,trace_offer,5,LBNL_VLAN3002.1,1,7,25.5014
2658,trace_offer,0,VLAN4012.0,0,1,2980.71
2655,receive,1,VLAN4012.1,0,0,2980.71
2658,send,5,LBNL_VLAN3002.1,1,7,25.5014
2658,send,0,VLAN4012.0,0,1,2980.71
2659,trace_offer,5,LBNL_VLAN3002.1,1,7,25.5014
2659,trace_offer,0,VLAN4012.0,0,1,2980.71
2656,receive,7,LBNL_VLAN3001.1,3,5,51.0027
2656,receive,1,VLAN4012.1,0,0,2980.71
2659,send,0,VLAN4012.0,0,1,2980.71
2659,send,5,LBNL_VLAN3002.1,1,7,25.5014
2660,trace_offer,0,VLAN4012.0,0,1,2963.53
2660,trace_offer,5,LBNL_VLAN3002.1,1,7,31.7928
2657,receive,7,LBNL_VLAN3001.1,3,5,25.5014
2657,receive,1,VLAN4012.1,0,0,2980.71
2660,send,0,VLAN4012.0,0,1,2963.53
2660,send,5,LBNL_VLAN3002.1,1,7,31.7928
2661,trace_offer,0,VLAN4012.0,0,1,2963.53
2661,trace_offer,5,LBNL_VLAN3002.1,1,7,31.7928
2658,receive,7,LBNL_VLAN3001.1,3,5,25.5014
2658,receive,1,VLAN4012.1,0,0,2963.53
2661,send,5,LBNL_VLAN3002.1,1,7,31.7928
2661,send,0,VLAN4012.0,0,1,2963.53
2662,trace_offer,5,LBNL_VLAN3002.1,1,7,31.7928
2662,trace_offer,0,VLAN4012.0,0,1,2963.53
2659,receive,1,VLAN4012.1,0,0,2963.53
2659,receive,7,LBNL_VLAN3001.1,3,5,25.5014
2662,send,0,VLAN4012.0,0,1,2963.53
2662,send,5,LBNL_VLAN3002.1,1,7,31.7928
2663,trace_offer,0,VLAN4012.0,0,1,2963.53
2663,trace_offer,5,LBNL_VLAN3002.1,1,7,31.7928
2660,receive,7,LBNL_VLAN3001.1,3,5,31.7928
2660,receive,1,VLAN4012.1,0,0,2963.53
2663,send,0,VLAN4012.0,0,1,2963.53
2663,send,5,LBNL_VLAN3002.1,1,7,31.7928
2664,trace_offer,5,LBNL_VLAN3002.1,1,7,31.7928
2664,trace_offer,0,VLAN4012.0,0,1,2963.53
2661,receive,7,LBNL_VLAN3001.1,3,5,31.7928
2664,send,0,VLAN4012.0,0,1,2963.53
2664,send,5,LBNL_VLAN3002.1,1,7,31.7928
2665,trace_offer,5,LBNL_VLAN3002.1,1,7,31.7928
2665,trace_offer,0,VLAN4012.0,0,1,2963.53
2662,receive,1,VLAN4012.1,0,0,2963.53
2662,receive,7,LBNL_VLAN3001.1,3,5,31.7928
2662,receive,1,VLAN4012.1,0,0,2963.53
2665,send,0,VLAN4012.0,0,1,2963.53
2665,send,5,LBNL_VLAN3002.1,1,7,31.7928
2666,trace_offer,5,LBNL_VLAN3002.1,1,7,31.7928
2666,trace_offer,0,VLAN4012.0,0,1,2963.53
2663,receive,7,LBNL_VLAN3001.1,3,5,31.7928
2666,send,0,VLAN4012.0,0,1,2963.53
2666,send,5,LBNL_VLAN3002.1,1,7,31.7928
2667,trace_offer,5,LBNL_VLAN3002.1,1,7,31.7928
2667,trace_offer,0,VLAN4012.0,0,1,2963.53
2664,receive,1,VLAN4012.1,0,0,2963.53
2664,receive,1,VLAN4012.1,0,0,2963.53
2664,receive,7,LBNL_VLAN3001.1,3,5,31.7928
2667,send,5,LBNL_VLAN3002.1,1,7,31.7928
2667,send,0,VLAN4012.0,0,1,2963.53
2668,trace_offer,5,LBNL_VLAN3002.1,1,7,31.7928
2668,trace_offer,0,VLAN4012.0,0,1,2963.53
2665,receive,1,VLAN4012.1,0,0,2963.53
2668,send,5,LBNL_VLAN3002.1,1,7,31.7928
2668,send,0,VLAN4012.0,0,1,2963.53
2669,trace_offer,5,LBNL_VLAN3002.1,1,7,31.7928
2669,trace_offer,0,VLAN4012.0,0,1,2963.53
2666,receive,1,VLAN4012.1,0,0,2963.53
2666,receive,7,LBNL_VLAN3001.1,3,5,63.5856
2669,send,5,LBNL_VLAN3002.1,1,7,31.7928
2669,send,0,VLAN4012.0,0,1,2963.53
2670,trace_offer,5,LBNL_VLAN3002.1,1,7,25.0819
2670,trace_offer,0,VLAN4012.0,0,1,2954.94
2667,receive,7,LBNL_VLAN3001.1,3,5,31.7928
2667,receive,1,VLAN4012.1,0,0,2963.53
2670,send,0,VLAN4012.0,0,1,2954.94
2670,send,5,LBNL_VLAN3002.1,1,7,25.0819
2671,trace_offer,5,LBNL_VLAN3002.1,1,7,25.0819
2671,trace_offer,0,VLAN4012.0,0,1,2954.94
2668,receive,1,VLAN4012.1,0,0,2954.94
2671,send,5,LBNL_VLAN3002.1,1,7,25.0819
2671,send,0,VLAN4012.0,0,1,2954.94
2672,trace_offer,0,VLAN4012.0,0,1,2954.94
2672,trace_offer,5,LBNL_VLAN3002.1,1,7,25.0819
2669,receive,7,LBNL_VLAN3001.1,3,5,63.5856
2669,receive,1,VLAN4012.1,0,0,2954.94
2672,send,0,VLAN4012.0,0,1,2954.94
2672,send,5,LBNL_VLAN3002.1,1,7,25.0819
2673,trace_offer,0,VLAN4012.0,0,1,2954.94
2673,trace_offer,5,LBNL_VLAN3002.1,1,7,25.0819
2670,receive,7,LBNL_VLAN3001.1,3,5,25.0819
2670,receive,1,VLAN4012.1,0,0,2954.94
2673,send,0,VLAN4012.0,0,1,2954.94
2673,send,5,LBNL_VLAN3002.1,1,7,25.0819
2674,trace_offer,5,LBNL_VLAN3002.1,1,7,25.0819
2674,trace_offer,0,VLAN4012.0,0,1,2954.94
2671,receive,7,LBNL_VLAN3001.1,3,5,25.0819
2674,send,0,VLAN4012.0,0,1,2954.94
2674,send,5,LBNL_VLAN3002.1,1,7,25.0819
2675,trace_offer,5,LBNL_VLAN3002.1,1,7,25.0819
2675,trace_offer,0,VLAN4012.0,0,1,2954.94
2672,receive,1,VLAN4012.1,0,0,2954.94
2672,receive,7,LBNL_VLAN3001.1,3,5,25.0819
2672,receive,1,VLAN4012.1,0,0,2954.94
2675,send,5,LBNL_VLAN3002.1,1,7,25.0819
2675,send,0,VLAN4012.0,0,1,2954.94
2676,trace_offer,5,LBNL_VLAN3002.1,1,7,25.0819
2676,trace_offer,0,VLAN4012.0,0,1,2954.94
2676,send,5,LBNL_VLAN3002.1,1,7,25.0819
2676,send,0,VLAN4012.0,0,1,2954.94
2677,trace_offer,0,VLAN4012.0,0,1,2954.94
2677,trace_offer,5,LBNL_VLAN3002.1,1,7,25.0819
2674,receive,1,VLAN4012.1,0,0,2954.94
2674,receive,1,VLAN4012.1,0,0,2954.94
2674,receive,7,LBNL_VLAN3001.1,3,5,50.1639
2677,send,5,LBNL_VLAN3002.1,1,7,25.0819
2677,send,0,VLAN4012.0,0,1,2954.94
2678,trace_offer,5,LBNL_VLAN3002.1,1,7,25.0819
2678,trace_offer,0,VLAN4012.0,0,1,2954.94
2675,receive,7,LBNL_VLAN3001.1,3,5,25.0819
2675,receive,1,VLAN4012.1,0,0,2954.94
2678,send,5,LBNL_VLAN3002.1,1,7,25.0819
2678,send,0,VLAN4012.0,0,1,2954.94
2679,trace_offer,5,LBNL_VLAN3002.1,1,7,25.0819
2679,trace_offer,0,VLAN4012.0,0,1,2954.94
2676,receive,7,LBNL_VLAN3001.1,3,5,25.0819
2679,send,5,LBNL_VLAN3002.1,1,7,25.0819
2679,send,0,VLAN4012.0,0,1,2954.94
2680,trace_offer,5,LBNL_VLAN3002.1,1,7,31.5412
2680,trace_offer,0,VLAN4012.0,0,1,2946.35
2677,receive,1,VLAN4012.1,0,0,2954.94
2677,receive,7,LBNL_VLAN3001.1,3,5,25.0819
2677,receive,1,VLAN4012.1,0,0,2954.94
2680,send,0,VLAN4012.0,0,1,2946.35
2680,send,5,LBNL_VLAN3002.1,1,7,31.5412
2681,trace_offer,5,LBNL_VLAN3002.1,1,7,31.5412
2681,trace_offer,0,VLAN4012.0,0,1,2946.35
2678,receive,7,LBNL_VLAN3001.1,3,5,25.0819
2681,send,5,LBNL_VLAN3002.1,1,7,31.5412
2681,send,0,VLAN4012.0,0,1,2946.35
2682,trace_offer,0,VLAN4012.0,0,1,2946.35
2682,trace_offer,5,LBNL_VLAN3002.1,1,7,31.5412
2679,receive,7,LBNL_VLAN3001.1,3,5,25.0819
2679,receive,1,VLAN4012.1,0,0,2946.35
2679,receive,1,VLAN4012.1,0,0,2946.35
2682,send,5,LBNL_VLAN3002.1,1,7,31.5412
2682,send,0,VLAN4012.0,0,1,2946.35
2683,trace_offer,5,LBNL_VLAN3002.1,1,7,31.5412
2683,trace_offer,0,VLAN4012.0,0,1,2946.35
2680,receive,1,VLAN4012.1,0,0,2946.35
2683,send,5,LBNL_VLAN3002.1,1,7,31.5412
2683,send,0,VLAN4012.0,0,1,2946.35
2684,trace_offer,5,LBNL_VLAN3002.1,1,7,31.5412
2684,trace_offer,0,VLAN4012.0,0,1,2946.35
2681,receive,7,LBNL_VLAN3001.1,3,5,63.0823
2684,send,0,VLAN4012.0,0,1,2946.35
2684,send,5,LBNL_VLAN3002.1,1,7,31.5412
2685,trace_offer,0,VLAN4012.0,0,1,2946.35
2685,trace_offer,5,LBNL_VLAN3002.1,1,7,31.5412
2682,receive,7,LBNL_VLAN3001.1,3,5,31.5412
2682,receive,1,VLAN4012.1,0,0,2946.35
2682,receive,1,VLAN4012.1,0,0,2946.35
2685,send,5,LBNL_VLAN3002.1,1,7,31.5412
2685,send,0,VLAN4012.0,0,1,2946.35
2686,trace_offer,5,LBNL_VLAN3002.1,1,7,31.5412
2686,trace_offer,0,VLAN4012.0,0,1,2946.35
2683,receive,7,LBNL_VLAN3001.1,3,5,31.5412
2686,send,5,LBNL_VLAN3002.1,1,7,31.5412
2686,send,0,VLAN4012.0,0,1,2946.35
2687,trace_offer,5,LBNL_VLAN3002.1,1,7,31.5412
2687,trace_offer,0,VLAN4012.0,0,1,2946.35
2684,receive,1,VLAN4012.1,0,0,2946.35
2684,receive,1,VLAN4012.1,0,0,2946.35
2684,receive,7,LBNL_VLAN3001.1,3,5,31.5412
2687,send,0,VLAN4012.0,0,1,2946.35
2687,send,5,LBNL_VLAN3002.1,1,7,31.5412
2688,trace_offer,0,VLAN4012.0,0,1,2946.35
2688,trace_offer,5,LBNL_VLAN3002.1,1,7,31.5412
2685,receive,7,LBNL_VLAN3001.1,3,5,31.5412
2685,receive,1,VLAN4012.1,0,0,2946.35
2688,send,5,LBNL_VLAN3002.1,1,7,31.5412
2688,send,0,VLAN4012.0,0,1,2946.35
2689,trace_offer,5,LBNL_VLAN3002.1,1,7,31.5412
2689,trace_offer,0,VLAN4012.0,0,1,2946.35
2686,receive,7,LBNL_VLAN3001.1,3,5,31.5412
2689,send,5,LBNL_VLAN3002.1,1,7,31.5412
2689,send,0,VLAN4012.0,0,1,2946.35
2690,trace_offer,5,LBNL_VLAN3002.1,1,7,25.2497
2690,trace_offer,0,VLAN4012.0,0,1,2937.76
2687,receive,1,VLAN4012.1,0,0,2946.35
2687,receive,1,VLAN4012.1,0,0,2946.35
2687,receive,7,LBNL_VLAN3001.1,3,5,31.5412
2690,send,0,VLAN4012.0,0,1,2937.76
2690,send,5,LBNL_VLAN3002.1,1,7,25.2497
2691,trace_offer,5,LBNL_VLAN3002.1,1,7,25.2497
2691,trace_offer,0,VLAN4012.0,0,1,2937.76
2688,receive,7,LBNL_VLAN3001.1,3,5,31.5412
2691,send,0,VLAN4012.0,0,1,2937.76
2691,send,5,LBNL_VLAN3002.1,1,7,25.2497
2692,trace_offer,0,VLAN4012.0,0,1,2937.76
2692,trace_offer,5,LBNL_VLAN3002.1,1,7,25.2497
2689,receive,7,LBNL_VLAN3001.1,3,5,31.5412
2689,receive,1,VLAN4012.1,0,0,2937.76
2689,receive,1,VLAN4012.1,0,0,2937.76
2692,send,0,VLAN4012.0,0,1,2937.76
2692,send,5,LBNL_VLAN3002.1,1,7,25.2497
2693,trace_offer,0,VLAN4012.0,0,1,2937.76
2693,trace_offer,5,LBNL_VLAN3002.1,1,7,25.2497
2690,receive,1,VLAN4012.1,0,0,2937.76
2693,send,5,LBNL_VLAN3002.1,1,7,25.2497
2693,send,0,VLAN4012.0,0,1,2937.76
2694,trace_offer,5,LBNL_VLAN3002.1,1,7,25.2497
2694,trace_offer,0,VLAN4012.0,0,1,2937.76
2691,receive,7,LBNL_VLAN3001.1,3,5,50.4994
2694,send,0,VLAN4012.0,0,1,2937.76
2694,send,5,LBNL_VLAN3002.1,1,7,25.2497
2695,trace_offer,5,LBNL_VLAN3002.1,1,7,25.2497
2695,trace_offer,0,VLAN4012.0,0,1,2937.76
2692,receive,1,VLAN4012.1,0,0,2937.76
2692,receive,1,VLAN4012.1,0,0,2937.76
2692,receive,7,LBNL_VLAN3001.1,3,5,25.2497
2695,send,0,VLAN4012.0,0,1,2937.76
2695,send,5,LBNL_VLAN3002.1,1,7,25.2497
2696,trace_offer,5,LBNL_VLAN3002.1,1,7,25.2497
2696,trace_offer,0,VLAN4012.0,0,1,2937.76
2693,receive,1,VLAN4012.1,0,0,2937.76
2696,send,5,LBNL_VLAN3002.1,1,7,25.2497
2696,send,0,VLAN4012.0,0,1,2937.76
2697,trace_offer,5,LBNL_VLAN3002.1,1,7,25.2497
2697,trace_offer,0,VLAN4012.0,0,1,2937.76
2694,receive,7,LBNL_VLAN3001.1,3,5,50.4994
2694,receive,1,VLAN4012.1,0,0,2937.76
2697,send,5,LBNL_VLAN3002.1,1,7,25.2497
2697,send,0,VLAN4012.0,0,1,2937.76
2698,trace_offer,5,LBNL_VLAN3002.1,1,7,25.2497
2698,trace_offer,0,VLAN4012.0,0,1,2937.76
2695,receive,1,VLAN4012.1,0,0,2937.76
2695,receive,7,LBNL_VLAN3001.1,3,5,25.2497
2698,send,5,LBNL_VLAN3002.1,1,7,25.2497
2698,send,0,VLAN4012.0,0,1,2937.76
2699,trace_offer,5,LBNL_VLAN3002.1,1,7,25.2497
2699,trace_offer,0,VLAN4012.0,0,1,2937.76
2696,receive,1,VLAN4012.1,0,0,2937.76
2696,receive,7,LBNL_VLAN3001.1,3,5,25.2497
2699,send,5,LBNL_VLAN3002.1,1,7,25.2497
2699,send,0,VLAN4012.0,0,1,2937.76
2700,trace_offer,0,VLAN4012.0,0,1,2946.35
2700,trace_offer,5,LBNL_VLAN3002.1,1,7,31.7089
2697,receive,1,VLAN4012.1,0,0,2937.76
2697,receive,7,LBNL_VLAN3001.1,3,5,25.2497
2700,send,5,LBNL_VLAN3002.1,1,7,31.7089
2700,send,0,VLAN4012.0,0,1,2946.35
2701,trace_offer,0,VLAN4012.0,0,1,2946.35
2701,trace_offer,5,LBNL_VLAN3002.1,1,7,31.7089
2698,receive,7,LBNL_VLAN3001.1,3,5,25.2497
2701,send,5,LBNL_VLAN3002.1,1,7,31.7089
2701,send,0,VLAN4012.0,0,1,2946.35
2702,trace_offer,0,VLAN4012.0,0,1,2946.35
2702,trace_offer,5,LBNL_VLAN3002.1,1,7,31.7089
2699,receive,7,LBNL_VLAN3001.1,3,5,25.2497
2699,receive,1,VLAN4012.1,0,0,2946.35
2699,receive,1,VLAN4012.1,0,0,2946.35
2702,send,5,LBNL_VLAN3002.1,1,7,31.7089
2702,send,0,VLAN4012.0,0,1,2946.35
2703,trace_offer,5,LBNL_VLAN3002.1,1,7,31.7089
2703,trace_offer,0,VLAN4012.0,0,1,2946.35
2700,receive,7,LBNL_VLAN3001.1,3,5,31.7089
2700,receive,1,VLAN4012.1,0,0,2946.35
2703,send,5,LBNL_VLAN3002.1,1,7,31.7089
2703,send,0,VLAN4012.0,0,1,2946.35
2704,trace_offer,0,VLAN4012.0,0,1,2946.35
2704,trace_offer,5,LBNL_VLAN3002.1,1,7,31.7089
2701,receive,7,LBNL_VLAN3001.1,3,5,31.7089
2704,send,5,LBNL_VLAN3002.1,1,7,31.7089
2704,send,0,VLAN4012.0,0,1,2946.35
2705,trace_offer,5,LBNL_VLAN3002.1,1,7,31.7089
2705,trace_offer,0,VLAN4012.0,0,1,2946.35
2702,receive,7,LBNL_VLAN3001.1,3,5,31.7089
2702,receive,1,VLAN4012.1,0,0,2946.35
2702,receive,1,VLAN4012.1,0,0,2946.35
2705,send,0,VLAN4012.0,0,1,2946.35
2705,send,5,LBNL_VLAN3002.1,1,7,31.7089
2706,trace_offer,5,LBNL_VLAN3002.1,1,7,31.7089
2706,trace_offer,0,VLAN4012.0,0,1,2946.35
2703,receive,7,LBNL_VLAN3001.1,3,5,31.7089
2706,send,5,LBNL_VLAN3002.1,1,7,31.7089
2706,send,0,VLAN4012.0,0,1,2946.35
2707,trace_offer,0,VLAN4012.0,0,1,2946.35
2707,trace_offer,5,LBNL_VLAN3002.1,1,7,31.7089
2704,receive,7,LBNL_VLAN3001.1,3,5,31.7089
2704,receive,1,VLAN4012.1,0,0,2946.35
2704,receive,1,VLAN4012.1,0,0,2946.35
2707,send,0,VLAN4012.0,0,1,2946.35
2707,send,5,LBNL_VLAN3002.1,1,7,31.7089
2708,trace_offer,0,VLAN4012.0,0,1,2946.35
2708,trace_offer,5,LBNL_VLAN3002.1,1,7,31.7089
2705,receive,1,VLAN4012.1,0,0,2946.35
2708,send,5,LBNL_VLAN3002.1,1,7,31.7089
2708,send,0,VLAN4012.0,0,1,2946.35
2709,trace_offer,5,LBNL_VLAN3002.1,1,7,31.7089
2709,trace_offer,0,VLAN4012.0,0,1,2946.35
2706,receive,7,LBNL_VLAN3001.1,3,5,63.4179
2709,send,5,LBNL_VLAN3002.1,1,7,31.7089
2709,send,0,VLAN4012.0,0,1,2946.35
2710,trace_offer,0,VLAN4012.0,0,1,2963.53
2710,trace_offer,5,LBNL_VLAN3002.1,1,7,25.2497
2707,receive,7,LBNL_VLAN3001.1,3,5,31.7089
2707,receive,1,VLAN4012.1,0,0,2946.35
2707,receive,1,VLAN4012.1,0,0,2946.35
2710,send,0,VLAN4012.0,0,1,2963.53
2710,send,5,LBNL_VLAN3002.1,1,7,25.2497
2711,trace_offer,0,VLAN4012.0,0,1,2963.53
2711,trace_offer,5,LBNL_VLAN3002.1,1,7,25.2497
2708,receive,1,VLAN4012.1,0,0,2963.53
2711,send,5,LBNL_VLAN3002.1,1,7,25.2497
2711,send,0,VLAN4012.0,0,1,2963.53
2712,trace_offer,0,VLAN4012.0,0,1,2963.53
2712,trace_offer,5,LBNL_VLAN3002.1,1,7,25.2497
2709,receive,7,LBNL_VLAN3001.1,3,5,63.4179
2709,receive,1,VLAN4012.1,0,0,2963.53
2712,send,0,VLAN4012.0,0,1,2963.53
2712,send,5,LBNL_VLAN3002.1,1,7,25.2497
2713,trace_offer,5,LBNL_VLAN3002.1,1,7,25.2497
2713,trace_offer,0,VLAN4012.0,0,1,2963.53
2710,receive,1,VLAN4012.1,0,0,2963.53
2713,send,0,VLAN4012.0,0,1,2963.53
2713,send,5,LBNL_VLAN3002.1,1,7,25.2497
2714,trace_offer,5,LBNL_VLAN3002.1,1,7,25.2497
2714,trace_offer,0,VLAN4012.0,0,1,2963.53
2711,receive,7,LBNL_VLAN3001.1,3,5,50.4994
2714,send,5,LBNL_VLAN3002.1,1,7,25.2497
2714,send,0,VLAN4012.0,0,1,2963.53
2715,trace_offer,0,VLAN4012.0,0,1,2963.53
2715,trace_offer,5,LBNL_VLAN3002.1,1,7,25.2497
2712,receive,1,VLAN4012.1,0,0,2963.53
2712,receive,1,VLAN4012.1,0,0,2963.53
2712,receive,7,LBNL_VLAN3001.1,3,5,25.2497
2715,send,0,VLAN4012.0,0,1,2963.53
2715,send,5,LBNL_VLAN3002.1,1,7,25.2497
2716,trace_offer,0,VLAN4012.0,0,1,2963.53
2716,trace_offer,5,LBNL_VLAN3002.1,1,7,25.2497
2713,receive,7,LBNL_VLAN3001.1,3,5,25.2497
2716,send,5,LBNL_VLAN3002.1,1,7,25.2497
2716,send,0,VLAN4012.0,0,1,2963.53
2717,trace_offer,5,LBNL_VLAN3002.1,1,7,25.2497
2717,trace_offer,0,VLAN4012.0,0,1,2963.53
2714,receive,7,LBNL_VLAN3001.1,3,5,25.2497
2714,receive,1,VLAN4012.1,0,0,2963.53
2714,receive,1,VLAN4012.1,0,0,2963.53
2717,send,0,VLAN4012.0,0,1,2963.53
2717,send,5,LBNL_VLAN3002.1,1,7,25.2497
2718,trace_offer,0,VLAN4012.0,0,1,2963.53
2718,trace_offer,5,LBNL_VLAN3002.1,1,7,25.2497
2715,receive,1,VLAN4012.1,0,0,2963.53
2718,send,0,VLAN4012.0,0,1,2963.53
2718,send,5,LBNL_VLAN3002.1,1,7,25.2497
2719,trace_offer,0,VLAN4012.0,0,1,2963.53
2719,trace_offer,5,LBNL_VLAN3002.1,1,7,25.2497
2716,receive,7,LBNL_VLAN3001.1,3,5,50.4994
2719,send,5,LBNL_VLAN3002.1,1,7,25.2497
2719,send,0,VLAN4012.0,0,1,2963.53
2720,trace_offer,0,VLAN4012.0,0,1,2972.12
2720,trace_offer,5,LBNL_VLAN3002.1,1,7,31.7928
2717,receive,7,LBNL_VLAN3001.1,3,5,25.2497
2717,receive,1,VLAN4012.1,0,0,2963.53
2717,receive,1,VLAN4012.1,0,0,2963.53
2720,send,5,LBNL_VLAN3002.1,1,7,31.7928
2720,send,0,VLAN4012.0,0,1,2972.12
2721,trace_offer,0,VLAN4012.0,0,1,2972.12
2721,trace_offer,5,LBNL_VLAN3002.1,1,7,31.7928
2718,receive,1,VLAN4012.1,0,0,2972.12
2721,send,0,VLAN4012.0,0,1,2972.12
2721,send,5,LBNL_VLAN3002.1,1,7,31.7928
2722,trace_offer,0,VLAN4012.0,0,1,2972.12
2722,trace_offer,5,LBNL_VLAN3002.1,1,7,31.7928
2719,receive,1,VLAN4012.1,0,0,2972.12
2719,receive,7,LBNL_VLAN3001.1,3,5,50.4994
2722,send,5,LBNL_VLAN3002.1,1,7,31.7928
2722,send,0,VLAN4012.0,0,1,2972.12
2723,trace_offer,5,LBNL_VLAN3002.1,1,7,31.7928
2723,trace_offer,0,VLAN4012.0,0,1,2972.12
2720,receive,7,LBNL_VLAN3001.1,3,5,31.7928
2720,receive,1,VLAN4012.1,0,0,2972.12
2723,send,5,LBNL_VLAN3002.1,1,7,31.7928
2723,send,0,VLAN4012.0,0,1,2972.12
2724,trace_offer,0,VLAN4012.0,0,1,2972.12
2724,trace_offer,5,LBNL_VLAN3002.1,1,7,31.7928
2721,receive,7,LBNL_VLAN3001.1,3,5,31.7928
2724,send,0,VLAN4012.0,0,1,2972.12
2724,send,5,LBNL_VLAN3002.1,1,7,31.7928
2725,trace_offer,5,LBNL_VLAN3002.1,1,7,31.7928
2725,trace_offer,0,VLAN4012.0,0,1,2972.12
2722,receive,1,VLAN4012.1,0,0,2972.12
2722,receive,1,VLAN4012.1,0,0,2972.12
2722,receive,7,LBNL_VLAN3001.1,3,5,31.7928
2725,send,0,VLAN4012.0,0,1,2972.12
2725,send,5,LBNL_VLAN3002.1,1,7,31.7928
2726,trace_offer,0,VLAN4012.0,0,1,2972.12
2726,trace_offer,5,LBNL_VLAN3002.1,1,7,31.7928
2723,receive,1,VLAN4012.1,0,0,2972.12
2726,send,0,VLAN4012.0,0,1,2972.12
2726,send,5,LBNL_VLAN3002.1,1,7,31.7928
2727,trace_offer,5,LBNL_VLAN3002.1,1,7,31.7928
2727,trace_offer,0,VLAN4012.0,0,1,2972.12
2724,receive,7,LBNL_VLAN3001.1,3,5,63.5856
2724,receive,1,VLAN4012.1,0,0,2972.12
2727,send,0,VLAN4012.0,0,1,2972.12
2727,send,5,LBNL_VLAN3002.1,1,7,31.7928
2728,trace_offer,0,VLAN4012.0,0,1,2972.12
2728,trace_offer,5,LBNL_VLAN3002.1,1,7,31.7928
2725,receive,1,VLAN4012.1,0,0,2972.12
2725,receive,7,LBNL_VLAN3001.1,3,5,31.7928
2728,send,0,VLAN4012.0,0,1,2972.12
2728,send,5,LBNL_VLAN3002.1,1,7,31.7928
2729,trace_offer,0,VLAN4012.0,0,1,2972.12
2729,trace_offer,5,LBNL_VLAN3002.1,1,7,31.7928
2726,receive,7,LBNL_VLAN3001.1,3,5,31.7928
2729,send,0,VLAN4012.0,0,1,2972.12
2729,send,5,LBNL_VLAN3002.1,1,7,31.7928
2730,trace_offer,5,LBNL_VLAN3002.1,1,7,25.2497
2730,trace_offer,0,VLAN4012.0,0,1,2980.71
2727,receive,7,LBNL_VLAN3001.1,3,5,31.7928
2727,receive,1,VLAN4012.1,0,0,2972.12
2727,receive,1,VLAN4012.1,0,0,2972.12
2730,send,0,VLAN4012.0,0,1,2980.71
2730,send,5,LBNL_VLAN3002.1,1,7,25.2497
2731,trace_offer,0,VLAN4012.0,0,1,2980.71
2731,trace_offer,5,LBNL_VLAN3002.1,1,7,25.2497
2731,send,0,VLAN4012.0,0,1,2980.71
2731,send,5,LBNL_VLAN3002.1,1,7,25.2497
2732,trace_offer,0,VLAN4012.0,0,1,2980.71
2732,trace_offer,5,LBNL_VLAN3002.1,1,7,25.2497
2729,receive,1,VLAN4012.1,0,0,2980.71
2729,receive,7,LBNL_VLAN3001.1,3,5,63.5856
2729,receive,1,VLAN4012.1,0,0,2980.71
2732,send,5,LBNL_VLAN3002.1,1,7,25.2497
2732,send,0,VLAN4012.0,0,1,2980.71
2733,trace_offer,5,LBNL_VLAN3002.1,1,7,25.2497
2733,trace_offer,0,VLAN4012.0,0,1,2980.71
2730,receive,1,VLAN4012.1,0,0,2980.71
2733,send,5,LBNL_VLAN3002.1,1,7,25.2497
2733,send,0,VLAN4012.0,0,1,2980.71
2734,trace_offer,0,VLAN4012.0,0,1,2980.71
2734,trace_offer,5,LBNL_VLAN3002.1,1,7,25.2497
2731,receive,7,LBNL_VLAN3001.1,3,5,50.4994
2734,send,0,VLAN4012.0,0,1,2980.71
2734,send,5,LBNL_VLAN3002.1,1,7,25.2497
2735,trace_offer,0,VLAN4012.0,0,1,2980.71
2735,trace_offer,5,LBNL_VLAN3002.1,1,7,25.2497
2732,receive,7,LBNL_VLAN3001.1,3,5,25.2497
2732,receive,1,VLAN4012.1,0,0,2980.71
2732,receive,1,VLAN4012.1,0,0,2980.71
2735,send,0,VLAN4012.0,0,1,2980.71
2735,send,5,LBNL_VLAN3002.1,1,7,25.2497
2736,trace_offer,5,LBNL_VLAN3002.1,1,7,25.2497
2736,trace_offer,0,VLAN4012.0,0,1,2980.71
2733,receive,1,VLAN4012.1,0,0,2980.71
2736,send,5,LBNL_VLAN3002.1,1,7,25.2497
2736,send,0,VLAN4012.0,0,1,2980.71
2737,trace_offer,5,LBNL_VLAN3002.1,1,7,25.2497
2737,trace_offer,0,VLAN4012.0,0,1,2980.71
2734,receive,7,LBNL_VLAN3001.1,3,5,50.4994
2734,receive,1,VLAN4012.1,0,0,2980.71
2737,send,0,VLAN4012.0,0,1,2980.71
2737,send,5,LBNL_VLAN3002.1,1,7,25.2497
2738,trace_offer,0,VLAN4012.0,0,1,2980.71
2738,trace_offer,5,LBNL_VLAN3002.1,1,7,25.2497
2735,receive,1,VLAN4012.1,0,0,2980.71
2735,receive,7,LBNL_VLAN3001.1,3,5,25.2497
2738,send,5,LBNL_VLAN3002.1,1,7,25.2497
2738,send,0,VLAN4012.0,0,1,2980.71
2739,trace_offer,0,VLAN4012.0,0,1,2980.71
2739,trace_offer,5,LBNL_VLAN3002.1,1,7,25.2497
2736,receive,7,LBNL_VLAN3001.1,3,5,25.2497
2736,receive,1,VLAN4012.1,0,0,2980.71
2739,send,5,LBNL_VLAN3002.1,1,7,25.2497
2739,send,0,VLAN4012.0,0,1,2980.71
2740,trace_offer,0,VLAN4012.0,0,1,2929.17
2740,trace_offer,5,LBNL_VLAN3002.1,1,7,31.4573
2737,receive,7,LBNL_VLAN3001.1,3,5,25.2497
2737,receive,1,VLAN4012.1,0,0,2980.71
2740,send,5,LBNL_VLAN3002.1,1,7,31.4573
2740,send,0,VLAN4012.0,0,1,2929.17
2741,trace_offer,5,LBNL_VLAN3002.1,1,7,31.4573
2741,trace_offer,0,VLAN4012.0,0,1,2929.17
2741,send,5,LBNL_VLAN3002.1,1,7,31.4573
2741,send,0,VLAN4012.0,0,1,2929.17
2742,trace_offer,0,VLAN4012.0,0,1,2929.17
2742,trace_offer,5,LBNL_VLAN3002.1,1,7,31.4573
2739,receive,1,VLAN4012.1,0,0,2929.17
2739,receive,1,VLAN4012.1,0,0,2929.17
2739,receive,7,LBNL_VLAN3001.1,3,5,50.4994
2742,send,5,LBNL_VLAN3002.1,1,7,31.4573
2742,send,0,VLAN4012.0,0,1,2929.17
2743,trace_offer,0,VLAN4012.0,0,1,2929.17
2743,trace_offer,5,LBNL_VLAN3002.1,1,7,31.4573
2740,receive,1,VLAN4012.1,0,0,2929.17
2740,receive,7,LBNL_VLAN3001.1,3,5,31.4573
2743,send,5,LBNL_VLAN3002.1,1,7,31.4573
2743,send,0,VLAN4012.0,0,1,2929.17
2744,trace_offer,5,LBNL_VLAN3002.1,1,7,31.4573
2744,trace_offer,0,VLAN4012.0,0,1,2929.17
2741,receive,1,VLAN4012.1,0,0,2929.17
2741,receive,7,LBNL_VLAN3001.1,3,5,31.4573
2744,send,5,LBNL_VLAN3002.1,1,7,31.4573
2744,send,0,VLAN4012.0,0,1,2929.17
2745,trace_offer,0,VLAN4012.0,0,1,2929.17
2745,trace_offer,5,LBNL_VLAN3002.1,1,7,31.4573
2742,receive,1,VLAN4012.1,0,0,2929.17
2742,receive,7,LBNL_VLAN3001.1,3,5,31.4573
2745,send,5,LBNL_VLAN3002.1,1,7,31.4573
2745,send,0,VLAN4012.0,0,1,2929.17
2746,trace_offer,5,LBNL_VLAN3002.1,1,7,31.4573
2746,trace_offer,0,VLAN4012.0,0,1,2929.17
2743,receive,1,VLAN4012.1,0,0,2929.17
2743,receive,7,LBNL_VLAN3001.1,3,5,31.4573
2746,send,5,LBNL_VLAN3002.1,1,7,31.4573
2746,send,0,VLAN4012.0,0,1,2929.17
2747,trace_offer,0,VLAN4012.0,0,1,2929.17
2747,trace_offer,5,LBNL_VLAN3002.1,1,7,31.4573
2744,receive,1,VLAN4012.1,0,0,2929.17
2744,receive,7,LBNL_VLAN3001.1,3,5,31.4573
2747,send,0,VLAN4012.0,0,1,2929.17
2747,send,5,LBNL_VLAN3002.1,1,7,31.4573
2748,trace_offer,5,LBNL_VLAN3002.1,1,7,31.4573
2748,trace_offer,0,VLAN4012.0,0,1,2929.17
2745,receive,1,VLAN4012.1,0,0,2929.17
2748,send,5,LBNL_VLAN3002.1,1,7,31.4573
2748,send,0,VLAN4012.0,0,1,2929.17
2749,trace_offer,0,VLAN4012.0,0,1,2929.17
2749,trace_offer,5,LBNL_VLAN3002.1,1,7,31.4573
2746,receive,1,VLAN4012.1,0,0,2929.17
2746,receive,7,LBNL_VLAN3001.1,3,5,62.9146
2749,send,0,VLAN4012.0,0,1,2929.17
2749,send,5,LBNL_VLAN3002.1,1,7,31.4573
2750,trace_offer,5,LBNL_VLAN3002.1,1,7,25.1658
2750,trace_offer,0,VLAN4012.0,0,1,2946.35
2747,receive,1,VLAN4012.1,0,0,2929.17
2747,receive,7,LBNL_VLAN3001.1,3,5,31.4573
2750,send,0,VLAN4012.0,0,1,2946.35
2750,send,5,LBNL_VLAN3002.1,1,7,25.1658
2751,trace_offer,5,LBNL_VLAN3002.1,1,7,25.1658
2751,trace_offer,0,VLAN4012.0,0,1,2946.35
2748,receive,7,LBNL_VLAN3001.1,3,5,31.4573
2751,send,5,LBNL_VLAN3002.1,1,7,25.1658
2751,send,0,VLAN4012.0,0,1,2946.35
2752,trace_offer,0,VLAN4012.0,0,1,2946.35
2752,trace_offer,5,LBNL_VLAN3002.1,1,7,25.1658
2749,receive,1,VLAN4012.1,0,0,2946.35
2749,receive,7,LBNL_VLAN3001.1,3,5,31.4573
2749,receive,1,VLAN4012.1,0,0,2946.35
2752,send,5,LBNL_VLAN3002.1,1,7,25.1658
2752,send,0,VLAN4012.0,0,1,2946.35
2753,trace_offer,0,VLAN4012.0,0,1,2946.35
2753,trace_offer,5,LBNL_VLAN3002.1,1,7,25.1658
2750,receive,1,VLAN4012.1,0,0,2946.35
2753,send,5,LBNL_VLAN3002.1,1,7,25.1658
2753,send,0,VLAN4012.0,0,1,2946.35
2754,trace_offer,5,LBNL_VLAN3002.1,1,7,25.1658
2754,trace_offer,0,VLAN4012.0,0,1,2946.35
2751,receive,7,LBNL_VLAN3001.1,3,5,50.3316
2754,send,5,LBNL_VLAN3002.1,1,7,25.1658
2754,send,0,VLAN4012.0,0,1,2946.35
2755,trace_offer,0,VLAN4012.0,0,1,2946.35
2755,trace_offer,5,LBNL_VLAN3002.1,1,7,25.1658
2752,receive,7,LBNL_VLAN3001.1,3,5,25.1658
2752,receive,1,VLAN4012.1,0,0,2946.35
2752,receive,1,VLAN4012.1,0,0,2946.35
2755,send,5,LBNL_VLAN3002.1,1,7,25.1658
2755,send,0,VLAN4012.0,0,1,2946.35
2756,trace_offer,0,VLAN4012.0,0,1,2946.35
2756,trace_offer,5,LBNL_VLAN3002.1,1,7,25.1658
2753,receive,7,LBNL_VLAN3001.1,3,5,25.1658
2756,send,0,VLAN4012.0,0,1,2946.35
2756,send,5,LBNL_VLAN3002.1,1,7,25.1658
2757,trace_offer,5,LBNL_VLAN3002.1,1,7,25.1658
2757,trace_offer,0,VLAN4012.0,0,1,2946.35
2754,receive,1,VLAN4012.1,0,0,2946.35
2754,receive,1,VLAN4012.1,0,0,2946.35
2754,receive,7,LBNL_VLAN3001.1,3,5,25.1658
2757,send,0,VLAN4012.0,0,1,2946.35
2757,send,5,LBNL_VLAN3002.1,1,7,25.1658
2758,trace_offer,5,LBNL_VLAN3002.1,1,7,25.1658
2758,trace_offer,0,VLAN4012.0,0,1,2946.35
2755,receive,1,VLAN4012.1,0,0,2946.35
2755,receive,7,LBNL_VLAN3001.1,3,5,25.1658
2758,send,0,VLAN4012.0,0,1,2946.35
2758,send,5,LBNL_VLAN3002.1,1,7,25.1658
2759,trace_offer,5,LBNL_VLAN3002.1,1,7,25.1658
2759,trace_offer,0,VLAN4012.0,0,1,2946.35
2756,receive,1,VLAN4012.1,0,0,2946.35
2756,receive,7,LBNL_VLAN3001.1,3,5,25.1658
2759,send,5,LBNL_VLAN3002.1,1,7,25.1658
2759,send,0,VLAN4012.0,0,1,2946.35
2760,trace_offer,5,LBNL_VLAN3002.1,1,7,31.7089
2760,trace_offer,0,VLAN4012.0,0,1,2929.17
2757,receive,1,VLAN4012.1,0,0,2946.35
2757,receive,7,LBNL_VLAN3001.1,3,5,25.1658
2760,send,5,LBNL_VLAN3002.1,1,7,31.7089
2760,send,0,VLAN4012.0,0,1,2929.17
2761,trace_offer,5,LBNL_VLAN3002.1,1,7,31.7089
2761,trace_offer,0,VLAN4012.0,0,1,2929.17
2758,receive,7,LBNL_VLAN3001.1,3,5,25.1658
2761,send,0,VLAN4012.0,0,1,2929.17
2761,send,5,LBNL_VLAN3002.1,1,7,31.7089
2762,trace_offer,5,LBNL_VLAN3002.1,1,7,31.7089
2762,trace_offer,0,VLAN4012.0,0,1,2929.17
2759,receive,1,VLAN4012.1,0,0,2929.17
2759,receive,1,VLAN4012.1,0,0,2929.17
2759,receive,7,LBNL_VLAN3001.1,3,5,25.1658
2762,send,0,VLAN4012.0,0,1,2929.17
2762,send,5,LBNL_VLAN3002.1,1,7,31.7089
2763,trace_offer,5,LBNL_VLAN3002.1,1,7,31.7089
2763,trace_offer,0,VLAN4012.0,0,1,2929.17
2760,receive,1,VLAN4012.1,0,0,2929.17
2763,send,5,LBNL_VLAN3002.1,1,7,31.7089
2763,send,0,VLAN4012.0,0,1,2929.17
2764,trace_offer,0,VLAN4012.0,0,1,2929.17
2764,trace_offer,5,LBNL_VLAN3002.1,1,7,31.7089
2761,receive,1,VLAN4012.1,0,0,2929.17
2761,receive,7,LBNL_VLAN3001.1,3,5,63.4179
2764,send,5,LBNL_VLAN3002.1,1,7,31.7089
2764,send,0,VLAN4012.0,0,1,2929.17
2765,trace_offer,0,VLAN4012.0,0,1,2929.17
2765,trace_offer,5,LBNL_VLAN3002.1,1,7,31.7089
2762,receive,1,VLAN4012.1,0,0,2929.17
2762,receive,7,LBNL_VLAN3001.1,3,5,31.7089
2765,send,0,VLAN4012.0,0,1,2929.17
2765,send,5,LBNL_VLAN3002.1,1,7,31.7089
2766,trace_offer,0,VLAN4012.0,0,1,2929.17
2766,trace_offer,5,LBNL_VLAN3002.1,1,7,31.7089
2763,receive,1,VLAN4012.1,0,0,2929.17
2766,send,5,LBNL_VLAN3002.1,1,7,31.7089
2766,send,0,VLAN4012.0,0,1,2929.17
2767,trace_offer,5,LBNL_VLAN3002.1,1,7,31.7089
2767,trace_offer,0,VLAN4012.0,0,1,2929.17
2764,receive,7,LBNL_VLAN3001.1,3,5,63.4179
2764,receive,1,VLAN4012.1,0,0,2929.17
2767,send,5,LBNL_VLAN3002.1,1,7,31.7089
2767,send,0,VLAN4012.0,0,1,2929.17
2768,trace_offer,5,LBNL_VLAN3002.1,1,7,31.7089
2768,trace_offer,0,VLAN4012.0,0,1,2929.17
2765,receive,7,LBNL_VLAN3001.1,3,5,31.7089
2765,receive,1,VLAN4012.1,0,0,2929.17
2768,send,0,VLAN4012.0,0,1,2929.17
2768,send,5,LBNL_VLAN3002.1,1,7,31.7089
2769,trace_offer,5,LBNL_VLAN3002.1,1,7,31.7089
2769,trace_offer,0,VLAN4012.0,0,1,2929.17
2766,receive,7,LBNL_VLAN3001.1,3,5,31.7089
2766,receive,1,VLAN4012.1,0,0,2929.17
2769,send,5,LBNL_VLAN3002.1,1,7,31.7089
2769,send,0,VLAN4012.0,0,1,2929.17
2770,trace_offer,0,VLAN4012.0,0,1,2937.76
2770,trace_offer,5,LBNL_VLAN3002.1,1,7,25.3336
2767,receive,7,LBNL_VLAN3001.1,3,5,31.7089
2767,receive,1,VLAN4012.1,0,0,2929.17
2770,send,0,VLAN4012.0,0,1,2937.76
2770,send,5,LBNL_VLAN3002.1,1,7,25.3336
2771,trace_offer,5,LBNL_VLAN3002.1,1,7,25.3336
2771,trace_offer,0,VLAN4012.0,0,1,2937.76
2768,receive,7,LBNL_VLAN3001.1,3,5,31.7089
2771,send,5,LBNL_VLAN3002.1,1,7,25.3336
2771,send,0,VLAN4012.0,0,1,2937.76
2772,trace_offer,0,VLAN4012.0,0,1,2937.76
2772,trace_offer,5,LBNL_VLAN3002.1,1,7,25.3336
2769,receive,7,LBNL_VLAN3001.1,3,5,31.7089
2769,receive,1,VLAN4012.1,0,0,2937.76
2769,receive,1,VLAN4012.1,0,0,2937.76
2772,send,5,LBNL_VLAN3002.1,1,7,25.3336
2772,send,0,VLAN4012.0,0,1,2937.76
2773,trace_offer,5,LBNL_VLAN3002.1,1,7,25.3336
2773,trace_offer,0,VLAN4012.0,0,1,2937.76
2770,receive,7,LBNL_VLAN3001.1,3,5,25.3336
2770,receive,1,VLAN4012.1,0,0,2937.76
2773,send,5,LBNL_VLAN3002.1,1,7,25.3336
2773,send,0,VLAN4012.0,0,1,2937.76
2774,trace_offer,5,LBNL_VLAN3002.1,1,7,25.3336
2774,trace_offer,0,VLAN4012.0,0,1,2937.76
2771,receive,1,VLAN4012.1,0,0,2937.76
2771,receive,7,LBNL_VLAN3001.1,3,5,25.3336
2774,send,5,LBNL_VLAN3002.1,1,7,25.3336
2774,send,0,VLAN4012.0,0,1,2937.76
2775,trace_offer,0,VLAN4012.0,0,1,2937.76
2775,trace_offer,5,LBNL_VLAN3002.1,1,7,25.3336
2772,receive,7,LBNL_VLAN3001.1,3,5,25.3336
2772,receive,1,VLAN4012.1,0,0,2937.76
2775,send,5,LBNL_VLAN3002.1,1,7,25.3336
2775,send,0,VLAN4012.0,0,1,2937.76
2776,trace_offer,5,LBNL_VLAN3002.1,1,7,25.3336
2776,trace_offer,0,VLAN4012.0,0,1,2937.76
2773,receive,1,VLAN4012.1,0,0,2937.76
2776,send,0,VLAN4012.0,0,1,2937.76
2776,send,5,LBNL_VLAN3002.1,1,7,25.3336
2777,trace_offer,0,VLAN4012.0,0,1,2937.76
2777,trace_offer,5,LBNL_VLAN3002.1,1,7,25.3336
2774,receive,7,LBNL_VLAN3001.1,3,5,50.6672
2774,receive,1,VLAN4012.1,0,0,2937.76
2777,send,5,LBNL_VLAN3002.1,1,7,25.3336
2777,send,0,VLAN4012.0,0,1,2937.76
2778,trace_offer,0,VLAN4012.0,0,1,2937.76
2778,trace_offer,5,LBNL_VLAN3002.1,1,7,25.3336
2775,receive,1,VLAN4012.1,0,0,2937.76
2778,send,0,VLAN4012.0,0,1,2937.76
2778,send,5,LBNL_VLAN3002.1,1,7,25.3336
2779,trace_offer,0,VLAN4012.0,0,1,2937.76
2779,trace_offer,5,LBNL_VLAN3002.1,1,7,25.3336
2776,receive,7,LBNL_VLAN3001.1,3,5,50.6672
2776,receive,1,VLAN4012.1,0,0,2937.76
2779,send,5,LBNL_VLAN3002.1,1,7,25.3336
2779,send,0,VLAN4012.0,0,1,2937.76
2780,trace_offer,0,VLAN4012.0,0,1,2946.35
2780,trace_offer,5,LBNL_VLAN3002.1,1,7,31.7928
2777,receive,1,VLAN4012.1,0,0,2937.76
2777,receive,7,LBNL_VLAN3001.1,3,5,25.3336
2780,send,0,VLAN4012.0,0,1,2946.35
2780,send,5,LBNL_VLAN3002.1,1,7,31.7928
2781,trace_offer,5,LBNL_VLAN3002.1,1,7,31.7928
2781,trace_offer,0,VLAN4012.0,0,1,2946.35
2781,send,5,LBNL_VLAN3002.1,1,7,31.7928
2781,send,0,VLAN4012.0,0,1,2946.35
2782,trace_offer,0,VLAN4012.0,0,1,2946.35
2782,trace_offer,5,LBNL_VLAN3002.1,1,7,31.7928
2779,receive,1,VLAN4012.1,0,0,2946.35
2779,receive,1,VLAN4012.1,0,0,2946.35
2779,receive,7,LBNL_VLAN3001.1,3,5,50.6672
2782,send,0,VLAN4012.0,0,1,2946.35
2782,send,5,LBNL_VLAN3002.1,1,7,31.7928
2783,trace_offer,0,VLAN4012.0,0,1,2946.35
2783,trace_offer,5,LBNL_VLAN3002.1,1,7,31.7928
2780,receive,1,VLAN4012.1,0,0,2946.35
2783,send,0,VLAN4012.0,0,1,2946.35
2783,send,5,LBNL_VLAN3002.1,1,7,31.7928
2784,trace_offer,5,LBNL_VLAN3002.1,1,7,31.7928
2784,trace_offer,0,VLAN4012.0,0,1,2946.35
2781,receive,7,LBNL_VLAN3001.1,3,5,63.5856
2784,send,5,LBNL_VLAN3002.1,1,7,31.7928
2784,send,0,VLAN4012.0,0,1,2946.35
2785,trace_offer,5,LBNL_VLAN3002.1,1,7,31.7928
2785,trace_offer,0,VLAN4012.0,0,1,2946.35
2782,receive,7,LBNL_VLAN3001.1,3,5,31.7928
2782,receive,1,VLAN4012.1,0,0,2946.35
2782,receive,1,VLAN4012.1,0,0,2946.35
2785,send,5,LBNL_VLAN3002.1,1,7,31.7928
2785,send,0,VLAN4012.0,0,1,2946.35
2786,trace_offer,5,LBNL_VLAN3002.1,1,7,31.7928
2786,trace_offer,0,VLAN4012.0,0,1,2946.35
2783,receive,1,VLAN4012.1,0,0,2946.35
2783,receive,7,LBNL_VLAN3001.1,3,5,31.7928
2786,send,0,VLAN4012.0,0,1,2946.35
2786,send,5,LBNL_VLAN3002.1,1,7,31.7928
2787,trace_offer,5,LBNL_VLAN3002.1,1,7,31.7928
2787,trace_offer,0,VLAN4012.0,0,1,2946.35
2784,receive,7,LBNL_VLAN3001.1,3,5,31.7928
2784,receive,1,VLAN4012.1,0,0,2946.35
2787,send,0,VLAN4012.0,0,1,2946.35
2787,send,5,LBNL_VLAN3002.1,1,7,31.7928
2788,trace_offer,5,LBNL_VLAN3002.1,1,7,31.7928
2788,trace_offer,0,VLAN4012.0,0,1,2946.35
2785,receive,1,VLAN4012.1,0,0,2946.35
2785,receive,7,LBNL_VLAN3001.1,3,5,31.7928
2788,send,5,LBNL_VLAN3002.1,1,7,31.7928
2788,send,0,VLAN4012.0,0,1,2946.35
2789,trace_offer,0,VLAN4012.0,0,1,2946.35
2789,trace_offer,5,LBNL_VLAN3002.1,1,7,31.7928
2786,receive,7,LBNL_VLAN3001.1,3,5,31.7928
2786,receive,1,VLAN4012.1,0,0,2946.35
2789,send,5,LBNL_VLAN3002.1,1,7,31.7928
2789,send,0,VLAN4012.0,0,1,2946.35
2790,trace_offer,5,LBNL_VLAN3002.1,1,7,25.3336
2790,trace_offer,0,VLAN4012.0,0,1,2946.35
2787,receive,7,LBNL_VLAN3001.1,3,5,31.7928
2787,receive,1,VLAN4012.1,0,0,2946.35
2790,send,5,LBNL_VLAN3002.1,1,7,25.3336
2790,send,0,VLAN4012.0,0,1,2946.35
2791,trace_offer,0,VLAN4012.0,0,1,2946.35
2791,trace_offer,5,LBNL_VLAN3002.1,1,7,25.3336
2791,send,0,VLAN4012.0,0,1,2946.35
2791,send,5,LBNL_VLAN3002.1,1,7,25.3336
2792,trace_offer,5,LBNL_VLAN3002.1,1,7,25.3336
2792,trace_offer,0,VLAN4012.0,0,1,2946.35
2789,receive,7,LBNL_VLAN3001.1,3,5,63.5856
2789,receive,1,VLAN4012.1,0,0,2946.35
2789,receive,1,VLAN4012.1,0,0,2946.35
2792,send,5,LBNL_VLAN3002.1,1,7,25.3336
2792,send,0,VLAN4012.0,0,1,2946.35
2793,trace_offer,5,LBNL_VLAN3002.1,1,7,25.3336
2793,trace_offer,0,VLAN4012.0,0,1,2946.35
2790,receive,7,LBNL_VLAN3001.1,3,5,25.3336
2790,receive,1,VLAN4012.1,0,0,2946.35
2793,send,5,LBNL_VLAN3002.1,1,7,25.3336
2793,send,0,VLAN4012.0,0,1,2946.35
2794,trace_offer,0,VLAN4012.0,0,1,2946.35
2794,trace_offer,5,LBNL_VLAN3002.1,1,7,25.3336
2791,receive,7,LBNL_VLAN3001.1,3,5,25.3336
2791,receive,1,VLAN4012.1,0,0,2946.35
2794,send,0,VLAN4012.0,0,1,2946.35
2794,send,5,LBNL_VLAN3002.1,1,7,25.3336
2795,trace_offer,5,LBNL_VLAN3002.1,1,7,25.3336
2795,trace_offer,0,VLAN4012.0,0,1,2946.35
2792,receive,7,LBNL_VLAN3001.1,3,5,25.3336
2792,receive,1,VLAN4012.1,0,0,2946.35
2795,send,0,VLAN4012.0,0,1,2946.35
2795,send,5,LBNL_VLAN3002.1,1,7,25.3336
2796,trace_offer,0,VLAN4012.0,0,1,2946.35
2796,trace_offer,5,LBNL_VLAN3002.1,1,7,25.3336
2793,receive,1,VLAN4012.1,0,0,2946.35
2793,receive,7,LBNL_VLAN3001.1,3,5,25.3336
2796,send,0,VLAN4012.0,0,1,2946.35
2796,send,5,LBNL_VLAN3002.1,1,7,25.3336
2797,trace_offer,0,VLAN4012.0,0,1,2946.35
2797,trace_offer,5,LBNL_VLAN3002.1,1,7,25.3336
2794,receive,1,VLAN4012.1,0,0,2946.35
2794,receive,7,LBNL_VLAN3001.1,3,5,25.3336
2797,send,0,VLAN4012.0,0,1,2946.35
2797,send,5,LBNL_VLAN3002.1,1,7,25.3336
2798,trace_offer,0,VLAN4012.0,0,1,2946.35
2798,trace_offer,5,LBNL_VLAN3002.1,1,7,25.3336
2795,receive,1,VLAN4012.1,0,0,2946.35
2798,send,0,VLAN4012.0,0,1,2946.35
2798,send,5,LBNL_VLAN3002.1,1,7,25.3336
2799,trace_offer,5,LBNL_VLAN3002.1,1,7,25.3336
2799,trace_offer,0,VLAN4012.0,0,1,2946.35
2796,receive,1,VLAN4012.1,0,0,2946.35
2796,receive,7,LBNL_VLAN3001.1,3,5,50.6672
2799,send,0,VLAN4012.0,0,1,2946.35
2799,send,5,LBNL_VLAN3002.1,1,7,25.3336
2800,trace_offer,0,VLAN4012.0,0,1,2963.53
2800,trace_offer,5,LBNL_VLAN3002.1,1,7,25.3336
2797,receive,7,LBNL_VLAN3001.1,3,5,25.3336
2797,receive,1,VLAN4012.1,0,0,2946.35
2800,send,0,VLAN4012.0,0,1,2963.53
2800,send,5,LBNL_VLAN3002.1,1,7,25.3336
2801,trace_offer,5,LBNL_VLAN3002.1,1,7,25.3336
2801,trace_offer,0,VLAN4012.0,0,1,2963.53
2801,send,0,VLAN4012.0,0,1,2963.53
2801,send,5,LBNL_VLAN3002.1,1,7,25.3336
2802,trace_offer,0,VLAN4012.0,0,1,2963.53
2802,trace_offer,5,LBNL_VLAN3002.1,1,7,25.3336
2799,receive,1,VLAN4012.1,0,0,2963.53
2799,receive,7,LBNL_VLAN3001.1,3,5,50.6672
2799,receive,1,VLAN4012.1,0,0,2963.53
2802,send,0,VLAN4012.0,0,1,2963.53
2802,send,5,LBNL_VLAN3002.1,1,7,25.3336
2803,trace_offer,0,VLAN4012.0,0,1,2963.53
2803,trace_offer,5,LBNL_VLAN3002.1,1,7,25.3336
2800,receive,1,VLAN4012.1,0,0,2963.53
2800,receive,7,LBNL_VLAN3001.1,3,5,25.3336
2803,send,5,LBNL_VLAN3002.1,1,7,25.3336
2803,send,0,VLAN4012.0,0,1,2963.53
2804,trace_offer,5,LBNL_VLAN3002.1,1,7,25.3336
2804,trace_offer,0,VLAN4012.0,0,1,2963.53
2801,receive,7,LBNL_VLAN3001.1,3,5,25.3336
2801,receive,1,VLAN4012.1,0,0,2963.53
2804,send,5,LBNL_VLAN3002.1,1,7,25.3336
2804,send,0,VLAN4012.0,0,1,2963.53
2805,trace_offer,0,VLAN4012.0,0,1,2963.53
2805,trace_offer,5,LBNL_VLAN3002.1,1,7,25.3336
2802,receive,1,VLAN4012.1,0,0,2963.53
2802,receive,7,LBNL_VLAN3001.1,3,5,25.3336
2805,send,5,LBNL_VLAN3002.1,1,7,25.3336
2805,send,0,VLAN4012.0,0,1,2963.53
2806,trace_offer,5,LBNL_VLAN3002.1,1,7,25.3336
2806,trace_offer,0,VLAN4012.0,0,1,2963.53
2803,receive,7,LBNL_VLAN3001.1,3,5,25.3336
2806,send,0,VLAN4012.0,0,1,2963.53
2806,send,5,LBNL_VLAN3002.1,1,7,25.3336
2807,trace_offer,0,VLAN4012.0,0,1,2963.53
2807,trace_offer,5,LBNL_VLAN3002.1,1,7,25.3336
2804,receive,1,VLAN4012.1,0,0,2963.53
2804,receive,1,VLAN4012.1,0,0,2963.53
2804,receive,7,LBNL_VLAN3001.1,3,5,25.3336
2807,send,0,VLAN4012.0,0,1,2963.53
2807,send,5,LBNL_VLAN3002.1,1,7,25.3336
2808,trace_offer,5,LBNL_VLAN3002.1,1,7,25.3336
2808,trace_offer,0,VLAN4012.0,0,1,2963.53
2805,receive,1,VLAN4012.1,0,0,2963.53
2805,receive,7,LBNL_VLAN3001.1,3,5,25.3336
2808,send,0,VLAN4012.0,0,1,2963.53
2808,send,5,LBNL_VLAN3002.1,1,7,25.3336
2809,trace_offer,5,LBNL_VLAN3002.1,1,7,25.3336
2809,trace_offer,0,VLAN4012.0,0,1,2963.53
2806,receive,7,LBNL_VLAN3001.1,3,5,25.3336
2809,send,0,VLAN4012.0,0,1,2963.53
2809,send,5,LBNL_VLAN3002.1,1,7,25.3336
2810,trace_offer,5,LBNL_VLAN3002.1,1,7,31.7089
2810,trace_offer,0,VLAN4012.0,0,1,2980.71
2807,receive,7,LBNL_VLAN3001.1,3,5,25.3336
2807,receive,1,VLAN4012.1,0,0,2963.53
2807,receive,1,VLAN4012.1,0,0,2963.53
2810,send,0,VLAN4012.0,0,1,2980.71
2810,send,5,LBNL_VLAN3002.1,1,7,31.7089
2811,trace_offer,0,VLAN4012.0,0,1,2980.71
2811,trace_offer,5,LBNL_VLAN3002.1,1,7,31.7089
2808,receive,1,VLAN4012.1,0,0,2980.71
2808,receive,7,LBNL_VLAN3001.1,3,5,25.3336
2811,send,0,VLAN4012.0,0,1,2980.71
2811,send,5,LBNL_VLAN3002.1,1,7,31.7089
2812,trace_offer,5,LBNL_VLAN3002.1,1,7,31.7089
2812,trace_offer,0,VLAN4012.0,0,1,2980.71
2809,receive,7,LBNL_VLAN3001.1,3,5,25.3336
2809,receive,1,VLAN4012.1,0,0,2980.71
2812,send,5,LBNL_VLAN3002.1,1,7,31.7089
2812,send,0,VLAN4012.0,0,1,2980.71
2813,trace_offer,5,LBNL_VLAN3002.1,1,7,31.7089
2813,trace_offer,0,VLAN4012.0,0,1,2980.71
2810,receive,1,VLAN4012.1,0,0,2980.71
2810,receive,7,LBNL_VLAN3001.1,3,5,31.7089
2813,send,5,LBNL_VLAN3002.1,1,7,31.7089
2813,send,0,VLAN4012.0,0,1,2980.71
2814,trace_offer,0,VLAN4012.0,0,1,2980.71
2814,trace_offer,5,LBNL_VLAN3002.1,1,7,31.7089
2811,receive,7,LBNL_VLAN3001.1,3,5,31.7089
2814,send,0,VLAN4012.0,0,1,2980.71
2814,send,5,LBNL_VLAN3002.1,1,7,31.7089
2815,trace_offer,5,LBNL_VLAN3002.1,1,7,31.7089
2815,trace_offer,0,VLAN4012.0,0,1,2980.71
2812,receive,7,LBNL_VLAN3001.1,3,5,31.7089
2812,receive,1,VLAN4012.1,0,0,2980.71
2812,receive,1,VLAN4012.1,0,0,2980.71
2815,send,5,LBNL_VLAN3002.1,1,7,31.7089
2815,send,0,VLAN4012.0,0,1,2980.71
2816,trace_offer,0,VLAN4012.0,0,1,2980.71
2816,trace_offer,5,LBNL_VLAN3002.1,1,7,31.7089
2813,receive,1,VLAN4012.1,0,0,2980.71
2816,send,0,VLAN4012.0,0,1,2980.71
2816,send,5,LBNL_VLAN3002.1,1,7,31.7089
2817,trace_offer,0,VLAN4012.0,0,1,2980.71
2817,trace_offer,5,LBNL_VLAN3002.1,1,7,31.7089
2814,receive,1,VLAN4012.1,0,0,2980.71
2814,receive,7,LBNL_VLAN3001.1,3,5,63.4179
2817,send,5,LBNL_VLAN3002.1,1,7,31.7089
2817,send,0,VLAN4012.0,0,1,2980.71
2818,trace_offer,5,LBNL_VLAN3002.1,1,7,31.7089
2818,trace_offer,0,VLAN4012.0,0,1,2980.71
2815,receive,1,VLAN4012.1,0,0,2980.71
2818,send,0,VLAN4012.0,0,1,2980.71
2818,send,5,LBNL_VLAN3002.1,1,7,31.7089
2819,trace_offer,0,VLAN4012.0,0,1,2980.71
2819,trace_offer,5,LBNL_VLAN3002.1,1,7,31.7089
2816,receive,7,LBNL_VLAN3001.1,3,5,63.4179
2819,send,5,LBNL_VLAN3002.1,1,7,31.7089
2819,send,0,VLAN4012.0,0,1,2980.71
2820,trace_offer,0,VLAN4012.0,0,1,2963.53
2820,trace_offer,5,LBNL_VLAN3002.1,1,7,25.0819
2817,receive,1,VLAN4012.1,0,0,2980.71
2817,receive,1,VLAN4012.1,0,0,2980.71
2817,receive,7,LBNL_VLAN3001.1,3,5,31.7089
2820,send,5,LBNL_VLAN3002.1,1,7,25.0819
2820,send,0,VLAN4012.0,0,1,2963.53
2821,trace_offer,0,VLAN4012.0,0,1,2963.53
2821,trace_offer,5,LBNL_VLAN3002.1,1,7,25.0819
2821,send,0,VLAN4012.0,0,1,2963.53
2821,send,5,LBNL_VLAN3002.1,1,7,25.0819
2822,trace_offer,0,VLAN4012.0,0,1,2963.53
2822,trace_offer,5,LBNL_VLAN3002.1,1,7,25.0819
2819,receive,7,LBNL_VLAN3001.1,3,5,63.4179
2819,receive,1,VLAN4012.1,0,0,2963.53
2819,receive,1,VLAN4012.1,0,0,2963.53
2822,send,0,VLAN4012.0,0,1,2963.53
2822,send,5,LBNL_VLAN3002.1,1,7,25.0819
2823,trace_offer,0,VLAN4012.0,0,1,2963.53
2823,trace_offer,5,LBNL_VLAN3002.1,1,7,25.0819
2820,receive,1,VLAN4012.1,0,0,2963.53
2823,send,0,VLAN4012.0,0,1,2963.53
2823,send,5,LBNL_VLAN3002.1,1,7,25.0819
2824,trace_offer,5,LBNL_VLAN3002.1,1,7,25.0819
2824,trace_offer,0,VLAN4012.0,0,1,2963.53
2821,receive,7,LBNL_VLAN3001.1,3,5,50.1639
2821,receive,1,VLAN4012.1,0,0,2963.53
2824,send,5,LBNL_VLAN3002.1,1,7,25.0819
2824,send,0,VLAN4012.0,0,1,2963.53
2825,trace_offer,0,VLAN4012.0,0,1,2963.53
2825,trace_offer,5,LBNL_VLAN3002.1,1,7,25.0819
2822,receive,1,VLAN4012.1,0,0,2963.53
2822,receive,7,LBNL_VLAN3001.1,3,5,25.0819
2825,send,0,VLAN4012.0,0,1,2963.53
2825,send,5,LBNL_VLAN3002.1,1,7,25.0819
2826,trace_offer,0,VLAN4012.0,0,1,2963.53
2826,trace_offer,5,LBNL_VLAN3002.1,1,7,25.0819
2823,receive,1,VLAN4012.1,0,0,2963.53
2823,receive,7,LBNL_VLAN3001.1,3,5,25.0819
2826,send,0,VLAN4012.0,0,1,2963.53
2826,send,5,LBNL_VLAN3002.1,1,7,25.0819
2827,trace_offer,0,VLAN4012.0,0,1,2963.53
2827,trace_offer,5,LBNL_VLAN3002.1,1,7,25.0819
2824,receive,1,VLAN4012.1,0,0,2963.53
2824,receive,7,LBNL_VLAN3001.1,3,5,25.0819
2827,send,0,VLAN4012.0,0,1,2963.53
2827,send,5,LBNL_VLAN3002.1,1,7,25.0819
2828,trace_offer,0,VLAN4012.0,0,1,2963.53
2828,trace_offer,5,LBNL_VLAN3002.1,1,7,25.0819
2825,receive,1,VLAN4012.1,0,0,2963.53
2825,receive,7,LBNL_VLAN3001.1,3,5,25.0819
2828,send,0,VLAN4012.0,0,1,2963.53
2828,send,5,LBNL_VLAN3002.1,1,7,25.0819
2829,trace_offer,0,VLAN4012.0,0,1,2963.53
2829,trace_offer,5,LBNL_VLAN3002.1,1,7,25.0819
2826,receive,7,LBNL_VLAN3001.1,3,5,25.0819
2826,receive,1,VLAN4012.1,0,0,2963.53
2829,send,0,VLAN4012.0,0,1,2963.53
2829,send,5,LBNL_VLAN3002.1,1,7,25.0819
2830,trace_offer,5,LBNL_VLAN3002.1,1,7,31.3734
2830,trace_offer,0,VLAN4012.0,0,1,2946.35
2827,receive,1,VLAN4012.1,0,0,2963.53
2827,receive,7,LBNL_VLAN3001.1,3,5,25.0819
2830,send,0,VLAN4012.0,0,1,2946.35
2830,send,5,LBNL_VLAN3002.1,1,7,31.3734
2831,trace_offer,0,VLAN4012.0,0,1,2946.35
2831,trace_offer,5,LBNL_VLAN3002.1,1,7,31.3734
2828,receive,7,LBNL_VLAN3001.1,3,5,25.0819
2828,receive,1,VLAN4012.1,0,0,2946.35
2831,send,0,VLAN4012.0,0,1,2946.35
2831,send,5,LBNL_VLAN3002.1,1,7,31.3734
2832,trace_offer,5,LBNL_VLAN3002.1,1,7,31.3734
2832,trace_offer,0,VLAN4012.0,0,1,2946.35
2829,receive,7,LBNL_VLAN3001.1,3,5,25.0819
2829,receive,1,VLAN4012.1,0,0,2946.35
2832,send,0,VLAN4012.0,0,1,2946.35
2832,send,5,LBNL_VLAN3002.1,1,7,31.3734
2833,trace_offer,0,VLAN4012.0,0,1,2946.35
2833,trace_offer,5,LBNL_VLAN3002.1,1,7,31.3734
2830,receive,1,VLAN4012.1,0,0,2946.35
2833,send,5,LBNL_VLAN3002.1,1,7,31.3734
2833,send,0,VLAN4012.0,0,1,2946.35
2834,trace_offer,5,LBNL_VLAN3002.1,1,7,31.3734
2834,trace_offer,0,VLAN4012.0,0,1,2946.35
2831,receive,1,VLAN4012.1,0,0,2946.35
2831,receive,7,LBNL_VLAN3001.1,3,5,62.7468
2834,send,5,LBNL_VLAN3002.1,1,7,31.3734
2834,send,0,VLAN4012.0,0,1,2946.35
2835,trace_offer,5,LBNL_VLAN3002.1,1,7,31.3734
2835,trace_offer,0,VLAN4012.0,0,1,2946.35
2832,receive,1,VLAN4012.1,0,0,2946.35
2832,receive,7,LBNL_VLAN3001.1,3,5,31.3734
2835,send,0,VLAN4012.0,0,1,2946.35
2835,send,5,LBNL_VLAN3002.1,1,7,31.3734
2836,trace_offer,0,VLAN4012.0,0,1,2946.35
2836,trace_offer,5,LBNL_VLAN3002.1,1,7,31.3734
2833,receive,1,VLAN4012.1,0,0,2946.35
2836,send,5,LBNL_VLAN3002.1,1,7,31.3734
2836,send,0,VLAN4012.0,0,1,2946.35
2837,trace_offer,0,VLAN4012.0,0,1,2946.35
2837,trace_offer,5,LBNL_VLAN3002.1,1,7,31.3734
2834,receive,7,LBNL_VLAN3001.1,3,5,62.7468
2834,receive,1,VLAN4012.1,0,0,2946.35
2837,send,5,LBNL_VLAN3002.1,1,7,31.3734
2837,send,0,VLAN4012.0,0,1,2946.35
2838,trace_offer,0,VLAN4012.0,0,1,2946.35
2838,trace_offer,5,LBNL_VLAN3002.1,1,7,31.3734
2835,receive,1,VLAN4012.1,0,0,2946.35
2835,receive,7,LBNL_VLAN3001.1,3,5,31.3734
2838,send,5,LBNL_VLAN3002.1,1,7,31.3734
2838,send,0,VLAN4012.0,0,1,2946.35
2839,trace_offer,5,LBNL_VLAN3002.1,1,7,31.3734
2839,trace_offer,0,VLAN4012.0,0,1,2946.35
2836,receive,7,LBNL_VLAN3001.1,3,5,31.3734
2839,send,0,VLAN4012.0,0,1,2946.35
2839,send,5,LBNL_VLAN3002.1,1,7,31.3734
2840,trace_offer,0,VLAN4012.0,0,1,2937.76
2840,trace_offer,5,LBNL_VLAN3002.1,1,7,25.5014
2837,receive,7,LBNL_VLAN3001.1,3,5,31.3734
2837,receive,1,VLAN4012.1,0,0,2946.35
2837,receive,1,VLAN4012.1,0,0,2946.35
2840,send,5,LBNL_VLAN3002.1,1,7,25.5014
2840,send,0,VLAN4012.0,0,1,2937.76
2841,trace_offer,0,VLAN4012.0,0,1,2937.76
2841,trace_offer,5,LBNL_VLAN3002.1,1,7,25.5014
2838,receive,7,LBNL_VLAN3001.1,3,5,31.3734
2838,receive,1,VLAN4012.1,0,0,2937.76
2841,send,5,LBNL_VLAN3002.1,1,7,25.5014
2841,send,0,VLAN4012.0,0,1,2937.76
2842,trace_offer,5,LBNL_VLAN3002.1,1,7,25.5014
2842,trace_offer,0,VLAN4012.0,0,1,2937.76
2839,receive,7,LBNL_VLAN3001.1,3,5,31.3734
2839,receive,1,VLAN4012.1,0,0,2937.76
2842,send,5,LBNL_VLAN3002.1,1,7,25.5014
2842,send,0,VLAN4012.0,0,1,2937.76
2843,trace_offer,5,LBNL_VLAN3002.1,1,7,25.5014
2843,trace_offer,0,VLAN4012.0,0,1,2937.76
2840,receive,7,LBNL_VLAN3001.1,3,5,25.5014
2840,receive,1,VLAN4012.1,0,0,2937.76
2843,send,0,VLAN4012.0,0,1,2937.76
2843,send,5,LBNL_VLAN3002.1,1,7,25.5014
2844,trace_offer,0,VLAN4012.0,0,1,2937.76
2844,trace_offer,5,LBNL_VLAN3002.1,1,7,25.5014
2841,receive,7,LBNL_VLAN3001.1,3,5,25.5014
2844,send,5,LBNL_VLAN3002.1,1,7,25.5014
2844,send,0,VLAN4012.0,0,1,2937.76
2845,trace_offer,5,LBNL_VLAN3002.1,1,7,25.5014
2845,trace_offer,0,VLAN4012.0,0,1,2937.76
2842,receive,1,VLAN4012.1,0,0,2937.76
2842,receive,7,LBNL_VLAN3001.1,3,5,25.5014
2842,receive,1,VLAN4012.1,0,0,2937.76
2845,send,5,LBNL_VLAN3002.1,1,7,25.5014
2845,send,0,VLAN4012.0,0,1,2937.76
2846,trace_offer,5,LBNL_VLAN3002.1,1,7,25.5014
2846,trace_offer,0,VLAN4012.0,0,1,2937.76
2843,receive,1,VLAN4012.1,0,0,2937.76
2846,send,0,VLAN4012.0,0,1,2937.76
2846,send,5,LBNL_VLAN3002.1,1,7,25.5014
2847,trace_offer,0,VLAN4012.0,0,1,2937.76
2847,trace_offer,5,LBNL_VLAN3002.1,1,7,25.5014
2844,receive,7,LBNL_VLAN3001.1,3,5,51.0027
2844,receive,1,VLAN4012.1,0,0,2937.76
2847,send,0,VLAN4012.0,0,1,2937.76
2847,send,5,LBNL_VLAN3002.1,1,7,25.5014
2848,trace_offer,0,VLAN4012.0,0,1,2937.76
2848,trace_offer,5,LBNL_VLAN3002.1,1,7,25.5014
2845,receive,7,LBNL_VLAN3001.1,3,5,25.5014
2845,receive,1,VLAN4012.1,0,0,2937.76
2848,send,0,VLAN4012.0,0,1,2937.76
2848,send,5,LBNL_VLAN3002.1,1,7,25.5014
2849,trace_offer,0,VLAN4012.0,0,1,2937.76
2849,trace_offer,5,LBNL_VLAN3002.1,1,7,25.5014
2846,receive,7,LBNL_VLAN3001.1,3,5,25.5014
2849,send,0,VLAN4012.0,0,1,2937.76
2849,send,5,LBNL_VLAN3002.1,1,7,25.5014
2850,trace_offer,0,VLAN4012.0,0,1,2954.94
2850,trace_offer,5,LBNL_VLAN3002.1,1,7,31.4573
2847,receive,1,VLAN4012.1,0,0,2937.76
2847,receive,1,VLAN4012.1,0,0,2937.76
2847,receive,7,LBNL_VLAN3001.1,3,5,25.5014
2850,send,0,VLAN4012.0,0,1,2954.94
2850,send,5,LBNL_VLAN3002.1,1,7,31.4573
2851,trace_offer,5,LBNL_VLAN3002.1,1,7,31.4573
2851,trace_offer,0,VLAN4012.0,0,1,2954.94
2848,receive,1,VLAN4012.1,0,0,2954.94
2851,send,0,VLAN4012.0,0,1,2954.94
2851,send,5,LBNL_VLAN3002.1,1,7,31.4573
2852,trace_offer,0,VLAN4012.0,0,1,2954.94
2852,trace_offer,5,LBNL_VLAN3002.1,1,7,31.4573
2849,receive,1,VLAN4012.1,0,0,2954.94
2849,receive,7,LBNL_VLAN3001.1,3,5,51.0027
2852,send,0,VLAN4012.0,0,1,2954.94
2852,send,5,LBNL_VLAN3002.1,1,7,31.4573
2853,trace_offer,0,VLAN4012.0,0,1,2954.94
2853,trace_offer,5,LBNL_VLAN3002.1,1,7,31.4573
2850,receive,1,VLAN4012.1,0,0,2954.94
2853,send,5,LBNL_VLAN3002.1,1,7,31.4573
2853,send,0,VLAN4012.0,0,1,2954.94
2854,trace_offer,5,LBNL_VLAN3002.1,1,7,31.4573
2854,trace_offer,0,VLAN4012.0,0,1,2954.94
2851,receive,7,LBNL_VLAN3001.1,3,5,62.9146
2854,send,0,VLAN4012.0,0,1,2954.94
2854,send,5,LBNL_VLAN3002.1,1,7,31.4573
2855,trace_offer,0,VLAN4012.0,0,1,2954.94
2855,trace_offer,5,LBNL_VLAN3002.1,1,7,31.4573
2852,receive,1,VLAN4012.1,0,0,2954.94
2852,receive,7,LBNL_VLAN3001.1,3,5,31.4573
2852,receive,1,VLAN4012.1,0,0,2954.94
2855,send,5,LBNL_VLAN3002.1,1,7,31.4573
2855,send,0,VLAN4012.0,0,1,2954.94
2856,trace_offer,5,LBNL_VLAN3002.1,1,7,31.4573
2856,trace_offer,0,VLAN4012.0,0,1,2954.94
2856,send,5,LBNL_VLAN3002.1,1,7,31.4573
2856,send,0,VLAN4012.0,0,1,2954.94
2857,trace_offer,0,VLAN4012.0,0,1,2954.94
2857,trace_offer,5,LBNL_VLAN3002.1,1,7,31.4573
2854,receive,7,LBNL_VLAN3001.1,3,5,62.9146
2854,receive,1,VLAN4012.1,0,0,2954.94
2854,receive,1,VLAN4012.1,0,0,2954.94
2857,send,0,VLAN4012.0,0,1,2954.94
2857,send,5,LBNL_VLAN3002.1,1,7,31.4573
2858,trace_offer,5,LBNL_VLAN3002.1,1,7,31.4573
2858,trace_offer,0,VLAN4012.0,0,1,2954.94
2855,receive,1,VLAN4012.1,0,0,2954.94
2858,send,0,VLAN4012.0,0,1,2954.94
2858,send,5,LBNL_VLAN3002.1,1,7,31.4573
2859,trace_offer,0,VLAN4012.0,0,1,2954.94
2859,trace_offer,5,LBNL_VLAN3002.1,1,7,31.4573
2856,receive,1,VLAN4012.1,0,0,2954.94
2856,receive,7,LBNL_VLAN3001.1,3,5,62.9146
2859,send,0,VLAN4012.0,0,1,2954.94
2859,send,5,LBNL_VLAN3002.1,1,7,31.4573
2860,trace_offer,0,VLAN4012.0,0,1,2946.35
2860,trace_offer,5,LBNL_VLAN3002.1,1,7,25.1658
2857,receive,1,VLAN4012.1,0,0,2954.94
2857,receive,7,LBNL_VLAN3001.1,3,5,31.4573
2860,send,0,VLAN4012.0,0,1,2946.35
2860,send,5,LBNL_VLAN3002.1,1,7,25.1658
2861,trace_offer,5,LBNL_VLAN3002.1,1,7,25.1658
2861,trace_offer,0,VLAN4012.0,0,1,2946.35
2858,receive,1,VLAN4012.1,0,0,2946.35
2861,send,0,VLAN4012.0,0,1,2946.35
2861,send,5,LBNL_VLAN3002.1,1,7,25.1658
2862,trace_offer,5,LBNL_VLAN3002.1,1,7,25.1658
2862,trace_offer,0,VLAN4012.0,0,1,2946.35
2859,receive,1,VLAN4012.1,0,0,2946.35
2859,receive,7,LBNL_VLAN3001.1,3,5,62.9146
2862,send,0,VLAN4012.0,0,1,2946.35
2862,send,5,LBNL_VLAN3002.1,1,7,25.1658
2863,trace_offer,5,LBNL_VLAN3002.1,1,7,25.1658
2863,trace_offer,0,VLAN4012.0,0,1,2946.35
2860,receive,1,VLAN4012.1,0,0,2946.35
2863,send,0,VLAN4012.0,0,1,2946.35
2863,send,5,LBNL_VLAN3002.1,1,7,25.1658
2864,trace_offer,0,VLAN4012.0,0,1,2946.35
2864,trace_offer,5,LBNL_VLAN3002.1,1,7,25.1658
2861,receive,1,VLAN4012.1,0,0,2946.35
2861,receive,7,LBNL_VLAN3001.1,3,5,50.3316
2864,send,0,VLAN4012.0,0,1,2946.35
2864,send,5,LBNL_VLAN3002.1,1,7,25.1658
2865,trace_offer,0,VLAN4012.0,0,1,2946.35
2865,trace_offer,5,LBNL_VLAN3002.1,1,7,25.1658
2862,receive,7,LBNL_VLAN3001.1,3,5,25.1658
2862,receive,1,VLAN4012.1,0,0,2946.35
2865,send,5,LBNL_VLAN3002.1,1,7,25.1658
2865,send,0,VLAN4012.0,0,1,2946.35
2866,trace_offer,5,LBNL_VLAN3002.1,1,7,25.1658
2866,trace_offer,0,VLAN4012.0,0,1,2946.35
2863,receive,1,VLAN4012.1,0,0,2946.35
2866,send,5,LBNL_VLAN3002.1,1,7,25.1658
2866,send,0,VLAN4012.0,0,1,2946.35
2867,trace_offer,5,LBNL_VLAN3002.1,1,7,25.1658
2867,trace_offer,0,VLAN4012.0,0,1,2946.35
2864,receive,7,LBNL_VLAN3001.1,3,5,50.3316
2864,receive,1,VLAN4012.1,0,0,2946.35
2867,send,0,VLAN4012.0,0,1,2946.35
2867,send,5,LBNL_VLAN3002.1,1,7,25.1658
2868,trace_offer,5,LBNL_VLAN3002.1,1,7,25.1658
2868,trace_offer,0,VLAN4012.0,0,1,2946.35
2865,receive,1,VLAN4012.1,0,0,2946.35
2868,send,0,VLAN4012.0,0,1,2946.35
2868,send,5,LBNL_VLAN3002.1,1,7,25.1658
2869,trace_offer,5,LBNL_VLAN3002.1,1,7,25.1658
2869,trace_offer,0,VLAN4012.0,0,1,2946.35
2866,receive,1,VLAN4012.1,0,0,2946.35
2866,receive,7,LBNL_VLAN3001.1,3,5,50.3316
2869,send,5,LBNL_VLAN3002.1,1,7,25.1658
2869,send,0,VLAN4012.0,0,1,2946.35
2870,trace_offer,5,LBNL_VLAN3002.1,1,7,31.7089
2870,trace_offer,0,VLAN4012.0,0,1,2980.71
2867,receive,1,VLAN4012.1,0,0,2946.35
2867,receive,7,LBNL_VLAN3001.1,3,5,25.1658
2870,send,0,VLAN4012.0,0,1,2980.71
2870,send,5,LBNL_VLAN3002.1,1,7,31.7089
2871,trace_offer,5,LBNL_VLAN3002.1,1,7,31.7089
2871,trace_offer,0,VLAN4012.0,0,1,2980.71
2868,receive,1,VLAN4012.1,0,0,2980.71
2871,send,0,VLAN4012.0,0,1,2980.71
2871,send,5,LBNL_VLAN3002.1,1,7,31.7089
2872,trace_offer,0,VLAN4012.0,0,1,2980.71
2872,trace_offer,5,LBNL_VLAN3002.1,1,7,31.7089
2869,receive,1,VLAN4012.1,0,0,2980.71
2869,receive,7,LBNL_VLAN3001.1,3,5,50.3316
2872,send,0,VLAN4012.0,0,1,2980.71
2872,send,5,LBNL_VLAN3002.1,1,7,31.7089
2873,trace_offer,5,LBNL_VLAN3002.1,1,7,31.7089
2873,trace_offer,0,VLAN4012.0,0,1,2980.71
2870,receive,1,VLAN4012.1,0,0,2980.71
2873,send,5,LBNL_VLAN3002.1,1,7,31.7089
2873,send,0,VLAN4012.0,0,1,2980.71
2874,trace_offer,5,LBNL_VLAN3002.1,1,7,31.7089
2874,trace_offer,0,VLAN4012.0,0,1,2980.71
2871,receive,7,LBNL_VLAN3001.1,3,5,63.4179
2871,receive,1,VLAN4012.1,0,0,2980.71
2874,send,5,LBNL_VLAN3002.1,1,7,31.7089
2874,send,0,VLAN4012.0,0,1,2980.71
2875,trace_offer,5,LBNL_VLAN3002.1,1,7,31.7089
2875,trace_offer,0,VLAN4012.0,0,1,2980.71
2872,receive,1,VLAN4012.1,0,0,2980.71
2872,receive,7,LBNL_VLAN3001.1,3,5,31.7089
2875,send,5,LBNL_VLAN3002.1,1,7,31.7089
2875,send,0,VLAN4012.0,0,1,2980.71
2876,trace_offer,0,VLAN4012.0,0,1,2980.71
2876,trace_offer,5,LBNL_VLAN3002.1,1,7,31.7089
2873,receive,7,LBNL_VLAN3001.1,3,5,31.7089
2873,receive,1,VLAN4012.1,0,0,2980.71
2876,send,5,LBNL_VLAN3002.1,1,7,31.7089
2876,send,0,VLAN4012.0,0,1,2980.71
2877,trace_offer,5,LBNL_VLAN3002.1,1,7,31.7089
2877,trace_offer,0,VLAN4012.0,0,1,2980.71
2874,receive,7,LBNL_VLAN3001.1,3,5,31.7089
2874,receive,1,VLAN4012.1,0,0,2980.71
2877,send,5,LBNL_VLAN3002.1,1,7,31.7089
2877,send,0,VLAN4012.0,0,1,2980.71
2878,trace_offer,5,LBNL_VLAN3002.1,1,7,31.7089
2878,trace_offer,0,VLAN4012.0,0,1,2980.71
2875,receive,1,VLAN4012.1,0,0,2980.71
2878,send,5,LBNL_VLAN3002.1,1,7,31.7089
2878,send,0,VLAN4012.0,0,1,2980.71
2879,trace_offer,0,VLAN4012.0,0,1,2980.71
2879,trace_offer,5,LBNL_VLAN3002.1,1,7,31.7089
2876,receive,1,VLAN4012.1,0,0,2980.71
2876,receive,7,LBNL_VLAN3001.1,3,5,63.4179
2879,send,5,LBNL_VLAN3002.1,1,7,31.7089
2879,send,0,VLAN4012.0,0,1,2980.71
2880,trace_offer,5,LBNL_VLAN3002.1,1,7,25.3336
2880,trace_offer,0,VLAN4012.0,0,1,2980.71
2877,receive,1,VLAN4012.1,0,0,2980.71
2877,receive,7,LBNL_VLAN3001.1,3,5,31.7089
2880,send,5,LBNL_VLAN3002.1,1,7,25.3336
2880,send,0,VLAN4012.0,0,1,2980.71
2881,trace_offer,0,VLAN4012.0,0,1,2980.71
2881,trace_offer,5,LBNL_VLAN3002.1,1,7,25.3336
2878,receive,7,LBNL_VLAN3001.1,3,5,31.7089
2878,receive,1,VLAN4012.1,0,0,2980.71
2881,send,5,LBNL_VLAN3002.1,1,7,25.3336
2881,send,0,VLAN4012.0,0,1,2980.71
2882,trace_offer,0,VLAN4012.0,0,1,2980.71
2882,trace_offer,5,LBNL_VLAN3002.1,1,7,25.3336
2879,receive,7,LBNL_VLAN3001.1,3,5,31.7089
2879,receive,1,VLAN4012.1,0,0,2980.71
2882,send,0,VLAN4012.0,0,1,2980.71
2882,send,5,LBNL_VLAN3002.1,1,7,25.3336
2883,trace_offer,5,LBNL_VLAN3002.1,1,7,25.3336
2883,trace_offer,0,VLAN4012.0,0,1,2980.71
2880,receive,7,LBNL_VLAN3001.1,3,5,25.3336
2880,receive,1,VLAN4012.1,0,0,2980.71
2883,send,0,VLAN4012.0,0,1,2980.71
2883,send,5,LBNL_VLAN3002.1,1,7,25.3336
2884,trace_offer,5,LBNL_VLAN3002.1,1,7,25.3336
2884,trace_offer,0,VLAN4012.0,0,1,2980.71
2881,receive,7,LBNL_VLAN3001.1,3,5,25.3336
2884,send,5,LBNL_VLAN3002.1,1,7,25.3336
2884,send,0,VLAN4012.0,0,1,2980.71
2885,trace_offer,0,VLAN4012.0,0,1,2980.71
2885,trace_offer,5,LBNL_VLAN3002.1,1,7,25.3336
2882,receive,7,LBNL_VLAN3001.1,3,5,25.3336
2882,receive,1,VLAN4012.1,0,0,2980.71
2882,receive,1,VLAN4012.1,0,0,2980.71
2885,send,5,LBNL_VLAN3002.1,1,7,25.3336
2885,send,0,VLAN4012.0,0,1,2980.71
2886,trace_offer,5,LBNL_VLAN3002.1,1,7,25.3336
2886,trace_offer,0,VLAN4012.0,0,1,2980.71
2883,receive,1,VLAN4012.1,0,0,2980.71
2883,receive,7,LBNL_VLAN3001.1,3,5,25.3336
2886,send,5,LBNL_VLAN3002.1,1,7,25.3336
2886,send,0,VLAN4012.0,0,1,2980.71
2887,trace_offer,5,LBNL_VLAN3002.1,1,7,25.3336
2887,trace_offer,0,VLAN4012.0,0,1,2980.71
2884,receive,7,LBNL_VLAN3001.1,3,5,25.3336
2884,receive,1,VLAN4012.1,0,0,2980.71
2887,send,5,LBNL_VLAN3002.1,1,7,25.3336
2887,send,0,VLAN4012.0,0,1,2980.71
2888,trace_offer,5,LBNL_VLAN3002.1,1,7,25.3336
2888,trace_offer,0,VLAN4012.0,0,1,2980.71
2885,receive,1,VLAN4012.1,0,0,2980.71
2888,send,5,LBNL_VLAN3002.1,1,7,25.3336
2888,send,0,VLAN4012.0,0,1,2980.71
2889,trace_offer,0,VLAN4012.0,0,1,2980.71
2889,trace_offer,5,LBNL_VLAN3002.1,1,7,25.3336
2886,receive,7,LBNL_VLAN3001.1,3,5,50.6672
2886,receive,1,VLAN4012.1,0,0,2980.71
2889,send,0,VLAN4012.0,0,1,2980.71
2889,send,5,LBNL_VLAN3002.1,1,7,25.3336
2890,trace_offer,5,LBNL_VLAN3002.1,1,7,31.4573
2890,trace_offer,0,VLAN4012.0,0,1,2989.3
2887,receive,7,LBNL_VLAN3001.1,3,5,25.3336
2887,receive,1,VLAN4012.1,0,0,2980.71
2890,send,0,VLAN4012.0,0,1,2989.3
2890,send,5,LBNL_VLAN3002.1,1,7,31.4573
2891,trace_offer,0,VLAN4012.0,0,1,2989.3
2891,trace_offer,5,LBNL_VLAN3002.1,1,7,31.4573
2891,send,0,VLAN4012.0,0,1,2989.3
2891,send,5,LBNL_VLAN3002.1,1,7,31.4573
2892,trace_offer,0,VLAN4012.0,0,1,2989.3
2892,trace_offer,5,LBNL_VLAN3002.1,1,7,31.4573
2889,receive,1,VLAN4012.1,0,0,2989.3
2889,receive,7,LBNL_VLAN3001.1,3,5,50.6672
2889,receive,1,VLAN4012.1,0,0,2989.3
2892,send,0,VLAN4012.0,0,1,2989.3
2892,send,5,LBNL_VLAN3002.1,1,7,31.4573
2893,trace_offer,5,LBNL_VLAN3002.1,1,7,31.4573
2893,trace_offer,0,VLAN4012.0,0,1,2989.3
2890,receive,1,VLAN4012.1,0,0,2989.3
2890,receive,7,LBNL_VLAN3001.1,3,5,31.4573
2893,send,5,LBNL_VLAN3002.1,1,7,31.4573
2893,send,0,VLAN4012.0,0,1,2989.3
2894,trace_offer,0,VLAN4012.0,0,1,2989.3
2894,trace_offer,5,LBNL_VLAN3002.1,1,7,31.4573
2891,receive,7,LBNL_VLAN3001.1,3,5,31.4573
2894,send,5,LBNL_VLAN3002.1,1,7,31.4573
2894,send,0,VLAN4012.0,0,1,2989.3
2895,trace_offer,0,VLAN4012.0,0,1,2989.3
2895,trace_offer,5,LBNL_VLAN3002.1,1,7,31.4573
2892,receive,1,VLAN4012.1,0,0,2989.3
2892,receive,1,VLAN4012.1,0,0,2989.3
2892,receive,7,LBNL_VLAN3001.1,3,5,31.4573
2895,send,0,VLAN4012.0,0,1,2989.3
2895,send,5,LBNL_VLAN3002.1,1,7,31.4573
2896,trace_offer,5,LBNL_VLAN3002.1,1,7,31.4573
2896,trace_offer,0,VLAN4012.0,0,1,2989.3
2893,receive,7,LBNL_VLAN3001.1,3,5,31.4573
2893,receive,1,VLAN4012.1,0,0,2989.3
2896,send,5,LBNL_VLAN3002.1,1,7,31.4573
2896,send,0,VLAN4012.0,0,1,2989.3
2897,trace_offer,0,VLAN4012.0,0,1,2989.3
2897,trace_offer,5,LBNL_VLAN3002.1,1,7,31.4573
2894,receive,1,VLAN4012.1,0,0,2989.3
2894,receive,7,LBNL_VLAN3001.1,3,5,31.4573
2897,send,0,VLAN4012.0,0,1,2989.3
2897,send,5,LBNL_VLAN3002.1,1,7,31.4573
2898,trace_offer,0,VLAN4012.0,0,1,2989.3
2898,trace_offer,5,LBNL_VLAN3002.1,1,7,31.4573
2895,receive,1,VLAN4012.1,0,0,2989.3
2898,send,5,LBNL_VLAN3002.1,1,7,31.4573
2898,send,0,VLAN4012.0,0,1,2989.3
2899,trace_offer,0,VLAN4012.0,0,1,2989.3
2899,trace_offer,5,LBNL_VLAN3002.1,1,7,31.4573
2896,receive,7,LBNL_VLAN3001.1,3,5,62.9146
2899,send,0,VLAN4012.0,0,1,2989.3
2899,send,5,LBNL_VLAN3002.1,1,7,31.4573
2900,trace_offer,5,LBNL_VLAN3002.1,1,7,25.5014
2900,trace_offer,0,VLAN4012.0,0,1,2972.12
2897,receive,7,LBNL_VLAN3001.1,3,5,31.4573
2897,receive,1,VLAN4012.1,0,0,2989.3
2897,receive,1,VLAN4012.1,0,0,2989.3
2900,send,0,VLAN4012.0,0,1,2972.12
2900,send,5,LBNL_VLAN3002.1,1,7,25.5014
2901,trace_offer,0,VLAN4012.0,0,1,2972.12
2901,trace_offer,5,LBNL_VLAN3002.1,1,7,25.5014
2901,send,5,LBNL_VLAN3002.1,1,7,25.5014
2901,send,0,VLAN4012.0,0,1,2972.12
2902,trace_offer,5,LBNL_VLAN3002.1,1,7,25.5014
2902,trace_offer,0,VLAN4012.0,0,1,2972.12
2899,receive,7,LBNL_VLAN3001.1,3,5,62.9146
2899,receive,1,VLAN4012.1,0,0,2972.12
2899,receive,1,VLAN4012.1,0,0,2972.12
2902,send,5,LBNL_VLAN3002.1,1,7,25.5014
2902,send,0,VLAN4012.0,0,1,2972.12
2903,trace_offer,5,LBNL_VLAN3002.1,1,7,25.5014
2903,trace_offer,0,VLAN4012.0,0,1,2972.12
2900,receive,7,LBNL_VLAN3001.1,3,5,25.5014
2900,receive,1,VLAN4012.1,0,0,2972.12
2903,send,0,VLAN4012.0,0,1,2972.12
2903,send,5,LBNL_VLAN3002.1,1,7,25.5014
2904,trace_offer,5,LBNL_VLAN3002.1,1,7,25.5014
2904,trace_offer,0,VLAN4012.0,0,1,2972.12
2901,receive,7,LBNL_VLAN3001.1,3,5,25.5014
2904,send,5,LBNL_VLAN3002.1,1,7,25.5014
2904,send,0,VLAN4012.0,0,1,2972.12
2905,trace_offer,5,LBNL_VLAN3002.1,1,7,25.5014
2905,trace_offer,0,VLAN4012.0,0,1,2972.12
2902,receive,1,VLAN4012.1,0,0,2972.12
2902,receive,1,VLAN4012.1,0,0,2972.12
2902,receive,7,LBNL_VLAN3001.1,3,5,25.5014
2905,send,5,LBNL_VLAN3002.1,1,7,25.5014
2905,send,0,VLAN4012.0,0,1,2972.12
2906,trace_offer,5,LBNL_VLAN3002.1,1,7,25.5014
2906,trace_offer,0,VLAN4012.0,0,1,2972.12
2903,receive,7,LBNL_VLAN3001.1,3,5,25.5014
2906,send,0,VLAN4012.0,0,1,2972.12
2906,send,5,LBNL_VLAN3002.1,1,7,25.5014
2907,trace_offer,0,VLAN4012.0,0,1,2972.12
2907,trace_offer,5,LBNL_VLAN3002.1,1,7,25.5014
2904,receive,1,VLAN4012.1,0,0,2972.12
2904,receive,1,VLAN4012.1,0,0,2972.12
2904,receive,7,LBNL_VLAN3001.1,3,5,25.5014
2907,send,5,LBNL_VLAN3002.1,1,7,25.5014
2907,send,0,VLAN4012.0,0,1,2972.12
2908,trace_offer,5,LBNL_VLAN3002.1,1,7,25.5014
2908,trace_offer,0,VLAN4012.0,0,1,2972.12
2905,receive,1,VLAN4012.1,0,0,2972.12
2908,send,0,VLAN4012.0,0,1,2972.12
2908,send,5,LBNL_VLAN3002.1,1,7,25.5014
2909,trace_offer,5,LBNL_VLAN3002.1,1,7,25.5014
2909,trace_offer,0,VLAN4012.0,0,1,2972.12
2906,receive,7,LBNL_VLAN3001.1,3,5,51.0027
2909,send,0,VLAN4012.0,0,1,2972.12
2909,send,5,LBNL_VLAN3002.1,1,7,25.5014
2910,trace_offer,5,LBNL_VLAN3002.1,1,7,31.4573
2910,trace_offer,0,VLAN4012.0,0,1,2929.17
2907,receive,7,LBNL_VLAN3001.1,3,5,25.5014
2907,receive,1,VLAN4012.1,0,0,2972.12
2907,receive,1,VLAN4012.1,0,0,2972.12
2910,send,5,LBNL_VLAN3002.1,1,7,31.4573
2910,send,0,VLAN4012.0,0,1,2929.17
2911,trace_offer,5,LBNL_VLAN3002.1,1,7,31.4573
2911,trace_offer,0,VLAN4012.0,0,1,2929.17
2908,receive,7,LBNL_VLAN3001.1,3,5,25.5014
2911,send,0,VLAN4012.0,0,1,2929.17
2911,send,5,LBNL_VLAN3002.1,1,7,31.4573
2912,trace_offer,5,LBNL_VLAN3002.1,1,7,31.4573
2912,trace_offer,0,VLAN4012.0,0,1,2929.17
2909,receive,7,LBNL_VLAN3001.1,3,5,25.5014
2909,receive,1,VLAN4012.1,0,0,2929.17
2909,receive,1,VLAN4012.1,0,0,2929.17
2912,send,0,VLAN4012.0,0,1,2929.17
2912,send,5,LBNL_VLAN3002.1,1,7,31.4573
2913,trace_offer,5,LBNL_VLAN3002.1,1,7,31.4573
2913,trace_offer,0,VLAN4012.0,0,1,2929.17
2910,receive,1,VLAN4012.1,0,0,2929.17
2913,send,0,VLAN4012.0,0,1,2929.17
2913,send,5,LBNL_VLAN3002.1,1,7,31.4573
2914,trace_offer,5,LBNL_VLAN3002.1,1,7,31.4573
2914,trace_offer,0,VLAN4012.0,0,1,2929.17
2911,receive,7,LBNL_VLAN3001.1,3,5,62.9146
2911,receive,1,VLAN4012.1,0,0,2929.17
2914,send,0,VLAN4012.0,0,1,2929.17
2914,send,5,LBNL_VLAN3002.1,1,7,31.4573
2915,trace_offer,0,VLAN4012.0,0,1,2929.17
2915,trace_offer,5,LBNL_VLAN3002.1,1,7,31.4573
2912,receive,1,VLAN4012.1,0,0,2929.17
2912,receive,7,LBNL_VLAN3001.1,3,5,31.4573
2915,send,0,VLAN4012.0,0,1,2929.17
2915,send,5,LBNL_VLAN3002.1,1,7,31.4573
2916,trace_offer,5,LBNL_VLAN3002.1,1,7,31.4573
2916,trace_offer,0,VLAN4012.0,0,1,2929.17
2913,receive,1,VLAN4012.1,0,0,2929.17
2913,receive,7,LBNL_VLAN3001.1,3,5,31.4573
2916,send,0,VLAN4012.0,0,1,2929.17
2916,send,5,LBNL_VLAN3002.1,1,7,31.4573
2917,trace_offer,0,VLAN4012.0,0,1,2929.17
2917,trace_offer,5,LBNL_VLAN3002.1,1,7,31.4573
2914,receive,1,VLAN4012.1,0,0,2929.17
2914,receive,7,LBNL_VLAN3001.1,3,5,31.4573
2917,send,5,LBNL_VLAN3002.1,1,7,31.4573
2917,send,0,VLAN4012.0,0,1,2929.17
2918,trace_offer,5,LBNL_VLAN3002.1,1,7,31.4573
2918,trace_offer,0,VLAN4012.0,0,1,2929.17
2915,receive,1,VLAN4012.1,0,0,2929.17
2915,receive,7,LBNL_VLAN3001.1,3,5,31.4573
2918,send,0,VLAN4012.0,0,1,2929.17
2918,send,5,LBNL_VLAN3002.1,1,7,31.4573
2919,trace_offer,5,LBNL_VLAN3002.1,1,7,31.4573
2919,trace_offer,0,VLAN4012.0,0,1,2929.17
2916,receive,7,LBNL_VLAN3001.1,3,5,31.4573
2919,send,0,VLAN4012.0,0,1,2929.17
2919,send,5,LBNL_VLAN3002.1,1,7,31.4573
2920,trace_offer,5,LBNL_VLAN3002.1,1,7,25.0819
2920,trace_offer,0,VLAN4012.0,0,1,2954.94
2917,receive,1,VLAN4012.1,0,0,2929.17
2917,receive,7,LBNL_VLAN3001.1,3,5,31.4573
2917,receive,1,VLAN4012.1,0,0,2929.17
2920,send,5,LBNL_VLAN3002.1,1,7,25.0819
2920,send,0,VLAN4012.0,0,1,2954.94
2921,trace_offer,5,LBNL_VLAN3002.1,1,7,25.0819
2921,trace_offer,0,VLAN4012.0,0,1,2954.94
2921,send,0,VLAN4012.0,0,1,2954.94
2921,send,5,LBNL_VLAN3002.1,1,7,25.0819
2922,trace_offer,0,VLAN4012.0,0,1,2954.94
2922,trace_offer,5,LBNL_VLAN3002.1,1,7,25.0819
2919,receive,7,LBNL_VLAN3001.1,3,5,62.9146
2919,receive,1,VLAN4012.1,0,0,2954.94
2919,receive,1,VLAN4012.1,0,0,2954.94
2922,send,0,VLAN4012.0,0,1,2954.94
2922,send,5,LBNL_VLAN3002.1,1,7,25.0819
2923,trace_offer,5,LBNL_VLAN3002.1,1,7,25.0819
2923,trace_offer,0,VLAN4012.0,0,1,2954.94
2920,receive,1,VLAN4012.1,0,0,2954.94
2923,send,0,VLAN4012.0,0,1,2954.94
2923,send,5,LBNL_VLAN3002.1,1,7,25.0819
2924,trace_offer,0,VLAN4012.0,0,1,2954.94
2924,trace_offer,5,LBNL_VLAN3002.1,1,7,25.0819
2921,receive,1,VLAN4012.1,0,0,2954.94
2921,receive,7,LBNL_VLAN3001.1,3,5,50.1639
2924,send,5,LBNL_VLAN3002.1,1,7,25.0819
2924,send,0,VLAN4012.0,0,1,2954.94
2925,trace_offer,5,LBNL_VLAN3002.1,1,7,25.0819
2925,trace_offer,0,VLAN4012.0,0,1,2954.94
2922,receive,7,LBNL_VLAN3001.1,3,5,25.0819
2922,receive,1,VLAN4012.1,0,0,2954.94
2925,send,5,LBNL_VLAN3002.1,1,7,25.0819
2925,send,0,VLAN4012.0,0,1,2954.94
2926,trace_offer,0,VLAN4012.0,0,1,2954.94
2926,trace_offer,5,LBNL_VLAN3002.1,1,7,25.0819
2926,send,5,LBNL_VLAN3002.1,1,7,25.0819
2926,send,0,VLAN4012.0,0,1,2954.94
2927,trace_offer,5,LBNL_VLAN3002.1,1,7,25.0819
2927,trace_offer,0,VLAN4012.0,0,1,2954.94
2924,receive,7,LBNL_VLAN3001.1,3,5,50.1639
2924,receive,1,VLAN4012.1,0,0,2954.94
2924,receive,1,VLAN4012.1,0,0,2954.94
2927,send,5,LBNL_VLAN3002.1,1,7,25.0819
2927,send,0,VLAN4012.0,0,1,2954.94
2928,trace_offer,0,VLAN4012.0,0,1,2954.94
2928,trace_offer,5,LBNL_VLAN3002.1,1,7,25.0819
2925,receive,7,LBNL_VLAN3001.1,3,5,25.0819
2925,receive,1,VLAN4012.1,0,0,2954.94
2928,send,5,LBNL_VLAN3002.1,1,7,25.0819
2928,send,0,VLAN4012.0,0,1,2954.94
2929,trace_offer,5,LBNL_VLAN3002.1,1,7,25.0819
2929,trace_offer,0,VLAN4012.0,0,1,2954.94
2926,receive,1,VLAN4012.1,0,0,2954.94
2926,receive,7,LBNL_VLAN3001.1,3,5,25.0819
2929,send,5,LBNL_VLAN3002.1,1,7,25.0819
2929,send,0,VLAN4012.0,0,1,2954.94
2930,trace_offer,5,LBNL_VLAN3002.1,1,7,31.5412
2930,trace_offer,0,VLAN4012.0,0,1,2946.35
2927,receive,1,VLAN4012.1,0,0,2954.94
2927,receive,7,LBNL_VLAN3001.1,3,5,25.0819
2930,send,0,VLAN4012.0,0,1,2946.35
2930,send,5,LBNL_VLAN3002.1,1,7,31.5412
2931,trace_offer,5,LBNL_VLAN3002.1,1,7,31.5412
2931,trace_offer,0,VLAN4012.0,0,1,2946.35
2928,receive,1,VLAN4012.1,0,0,2946.35
2931,send,5,LBNL_VLAN3002.1,1,7,31.5412
2931,send,0,VLAN4012.0,0,1,2946.35
2932,trace_offer,5,LBNL_VLAN3002.1,1,7,31.5412
2932,trace_offer,0,VLAN4012.0,0,1,2946.35
2929,receive,1,VLAN4012.1,0,0,2946.35
2929,receive,7,LBNL_VLAN3001.1,3,5,50.1639
2932,send,5,LBNL_VLAN3002.1,1,7,31.5412
2932,send,0,VLAN4012.0,0,1,2946.35
2933,trace_offer,0,VLAN4012.0,0,1,2946.35
2933,trace_offer,5,LBNL_VLAN3002.1,1,7,31.5412
2930,receive,1,VLAN4012.1,0,0,2946.35
2930,receive,7,LBNL_VLAN3001.1,3,5,31.5412
2933,send,5,LBNL_VLAN3002.1,1,7,31.5412
2933,send,0,VLAN4012.0,0,1,2946.35
2934,trace_offer,0,VLAN4012.0,0,1,2946.35
2934,trace_offer,5,LBNL_VLAN3002.1,1,7,31.5412
2931,receive,7,LBNL_VLAN3001.1,3,5,31.5412
2934,send,0,VLAN4012.0,0,1,2946.35
2934,send,5,LBNL_VLAN3002.1,1,7,31.5412
2935,trace_offer,5,LBNL_VLAN3002.1,1,7,31.5412
2935,trace_offer,0,VLAN4012.0,0,1,2946.35
2932,receive,7,LBNL_VLAN3001.1,3,5,31.5412
2932,receive,1,VLAN4012.1,0,0,2946.35
2932,receive,1,VLAN4012.1,0,0,2946.35
2935,send,0,VLAN4012.0,0,1,2946.35
2935,send,5,LBNL_VLAN3002.1,1,7,31.5412
2936,trace_offer,0,VLAN4012.0,0,1,2946.35
2936,trace_offer,5,LBNL_VLAN3002.1,1,7,31.5412
2933,receive,1,VLAN4012.1,0,0,2946.35
2936,send,0,VLAN4012.0,0,1,2946.35
2936,send,5,LBNL_VLAN3002.1,1,7,31.5412
2937,trace_offer,0,VLAN4012.0,0,1,2946.35
2937,trace_offer,5,LBNL_VLAN3002.1,1,7,31.5412
2934,receive,7,LBNL_VLAN3001.1,3,5,63.0823
2934,receive,1,VLAN4012.1,0,0,2946.35
2937,send,5,LBNL_VLAN3002.1,1,7,31.5412
2937,send,0,VLAN4012.0,0,1,2946.35
2938,trace_offer,5,LBNL_VLAN3002.1,1,7,31.5412
2938,trace_offer,0,VLAN4012.0,0,1,2946.35
2935,receive,1,VLAN4012.1,0,0,2946.35
2935,receive,7,LBNL_VLAN3001.1,3,5,31.5412
2938,send,5,LBNL_VLAN3002.1,1,7,31.5412
2938,send,0,VLAN4012.0,0,1,2946.35
2939,trace_offer,5,LBNL_VLAN3002.1,1,7,31.5412
2939,trace_offer,0,VLAN4012.0,0,1,2946.35
2936,receive,7,LBNL_VLAN3001.1,3,5,31.5412
2939,send,0,VLAN4012.0,0,1,2946.35
2939,send,5,LBNL_VLAN3002.1,1,7,31.5412
2940,trace_offer,0,VLAN4012.0,0,1,2954.94
2940,trace_offer,5,LBNL_VLAN3002.1,1,7,25.3336
2937,receive,7,LBNL_VLAN3001.1,3,5,31.5412
2937,receive,1,VLAN4012.1,0,0,2946.35
2937,receive,1,VLAN4012.1,0,0,2946.35
2940,send,0,VLAN4012.0,0,1,2954.94
2940,send,5,LBNL_VLAN3002.1,1,7,25.3336
2941,trace_offer,5,LBNL_VLAN3002.1,1,7,25.3336
2941,trace_offer,0,VLAN4012.0,0,1,2954.94
2941,send,5,LBNL_VLAN3002.1,1,7,25.3336
2941,send,0,VLAN4012.0,0,1,2954.94
2942,trace_offer,0,VLAN4012.0,0,1,2954.94
2942,trace_offer,5,LBNL_VLAN3002.1,1,7,25.3336
2939,receive,7,LBNL_VLAN3001.1,3,5,63.0823
2939,receive,1,VLAN4012.1,0,0,2954.94
2939,receive,1,VLAN4012.1,0,0,2954.94
2942,send,5,LBNL_VLAN3002.1,1,7,25.3336
2942,send,0,VLAN4012.0,0,1,2954.94
2943,trace_offer,5,LBNL_VLAN3002.1,1,7,25.3336
2943,trace_offer,0,VLAN4012.0,0,1,2954.94
2940,receive,1,VLAN4012.1,0,0,2954.94
2943,send,5,LBNL_VLAN3002.1,1,7,25.3336
2943,send,0,VLAN4012.0,0,1,2954.94
2944,trace_offer,5,LBNL_VLAN3002.1,1,7,25.3336
2944,trace_offer,0,VLAN4012.0,0,1,2954.94
2941,receive,7,LBNL_VLAN3001.1,3,5,50.6672
2941,receive,1,VLAN4012.1,0,0,2954.94
2944,send,0,VLAN4012.0,0,1,2954.94
2944,send,5,LBNL_VLAN3002.1,1,7,25.3336
2945,trace_offer,5,LBNL_VLAN3002.1,1,7,25.3336
2945,trace_offer,0,VLAN4012.0,0,1,2954.94
2942,receive,1,VLAN4012.1,0,0,2954.94
2942,receive,7,LBNL_VLAN3001.1,3,5,25.3336
2945,send,5,LBNL_VLAN3002.1,1,7,25.3336
2945,send,0,VLAN4012.0,0,1,2954.94
2946,trace_offer,5,LBNL_VLAN3002.1,1,7,25.3336
2946,trace_offer,0,VLAN4012.0,0,1,2954.94
2943,receive,1,VLAN4012.1,0,0,2954.94
2946,send,5,LBNL_VLAN3002.1,1,7,25.3336
2946,send,0,VLAN4012.0,0,1,2954.94
2947,trace_offer,0,VLAN4012.0,0,1,2954.94
2947,trace_offer,5,LBNL_VLAN3002.1,1,7,25.3336
2944,receive,1,VLAN4012.1,0,0,2954.94
2944,receive,7,LBNL_VLAN3001.1,3,5,50.6672
2947,send,5,LBNL_VLAN3002.1,1,7,25.3336
2947,send,0,VLAN4012.0,0,1,2954.94
2948,trace_offer,0,VLAN4012.0,0,1,2954.94
2948,trace_offer,5,LBNL_VLAN3002.1,1,7,25.3336
2945,receive,1,VLAN4012.1,0,0,2954.94
2948,send,0,VLAN4012.0,0,1,2954.94
2948,send,5,LBNL_VLAN3002.1,1,7,25.3336
2949,trace_offer,5,LBNL_VLAN3002.1,1,7,25.3336
2949,trace_offer,0,VLAN4012.0,0,1,2954.94
2946,receive,7,LBNL_VLAN3001.1,3,5,50.6672
2949,send,0,VLAN4012.0,0,1,2954.94
2949,send,5,LBNL_VLAN3002.1,1,7,25.3336
2950,trace_offer,0,VLAN4012.0,0,1,2963.53
2950,trace_offer,5,LBNL_VLAN3002.1,1,7,31.5412
2947,receive,1,VLAN4012.1,0,0,2954.94
2947,receive,1,VLAN4012.1,0,0,2954.94
2947,receive,7,LBNL_VLAN3001.1,3,5,25.3336
2950,send,0,VLAN4012.0,0,1,2963.53
2950,send,5,LBNL_VLAN3002.1,1,7,31.5412
2951,trace_offer,0,VLAN4012.0,0,1,2963.53
2951,trace_offer,5,LBNL_VLAN3002.1,1,7,31.5412
2948,receive,1,VLAN4012.1,0,0,2963.53
2948,receive,7,LBNL_VLAN3001.1,3,5,25.3336
2951,send,5,LBNL_VLAN3002.1,1,7,31.5412
2951,send,0,VLAN4012.0,0,1,2963.53
2952,trace_offer,5,LBNL_VLAN3002.1,1,7,31.5412
2952,trace_offer,0,VLAN4012.0,0,1,2963.53
2949,receive,1,VLAN4012.1,0,0,2963.53
2949,receive,7,LBNL_VLAN3001.1,3,5,25.3336
2952,send,5,LBNL_VLAN3002.1,1,7,31.5412
2952,send,0,VLAN4012.0,0,1,2963.53
2953,trace_offer,0,VLAN4012.0,0,1,2963.53
2953,trace_offer,5,LBNL_VLAN3002.1,1,7,31.5412
2950,receive,1,VLAN4012.1,0,0,2963.53
2950,receive,7,LBNL_VLAN3001.1,3,5,31.5412
2953,send,0,VLAN4012.0,0,1,2963.53
2953,send,5,LBNL_VLAN3002.1,1,7,31.5412
2954,trace_offer,5,LBNL_VLAN3002.1,1,7,31.5412
2954,trace_offer,0,VLAN4012.0,0,1,2963.53
2951,receive,7,LBNL_VLAN3001.1,3,5,31.5412
2954,send,5,LBNL_VLAN3002.1,1,7,31.5412
2954,send,0,VLAN4012.0,0,1,2963.53
2955,trace_offer,0,VLAN4012.0,0,1,2963.53
2955,trace_offer,5,LBNL_VLAN3002.1,1,7,31.5412
2952,receive,7,LBNL_VLAN3001.1,3,5,31.5412
2952,receive,1,VLAN4012.1,0,0,2963.53
2952,receive,1,VLAN4012.1,0,0,2963.53
2955,send,5,LBNL_VLAN3002.1,1,7,31.5412
2955,send,0,VLAN4012.0,0,1,2963.53
2956,trace_offer,0,VLAN4012.0,0,1,2963.53
2956,trace_offer,5,LBNL_VLAN3002.1,1,7,31.5412
2953,receive,1,VLAN4012.1,0,0,2963.53
2956,send,5,LBNL_VLAN3002.1,1,7,31.5412
2956,send,0,VLAN4012.0,0,1,2963.53
2957,trace_offer,5,LBNL_VLAN3002.1,1,7,31.5412
2957,trace_offer,0,VLAN4012.0,0,1,2963.53
2954,receive,1,VLAN4012.1,0,0,2963.53
2954,receive,7,LBNL_VLAN3001.1,3,5,63.0823
2957,send,0,VLAN4012.0,0,1,2963.53
2957,send,5,LBNL_VLAN3002.1,1,7,31.5412
2958,trace_offer,5,LBNL_VLAN3002.1,1,7,31.5412
2958,trace_offer,0,VLAN4012.0,0,1,2963.53
2955,receive,7,LBNL_VLAN3001.1,3,5,31.5412
2955,receive,1,VLAN4012.1,0,0,2963.53
2958,send,5,LBNL_VLAN3002.1,1,7,31.5412
2958,send,0,VLAN4012.0,0,1,2963.53
2959,trace_offer,5,LBNL_VLAN3002.1,1,7,31.5412
2959,trace_offer,0,VLAN4012.0,0,1,2963.53
2956,receive,7,LBNL_VLAN3001.1,3,5,31.5412
2956,receive,1,VLAN4012.1,0,0,2963.53
2959,send,0,VLAN4012.0,0,1,2963.53
2959,send,5,LBNL_VLAN3002.1,1,7,31.5412
2960,trace_offer,5,LBNL_VLAN3002.1,1,7,25.1658
2960,trace_offer,0,VLAN4012.0,0,1,2963.53
2957,receive,1,VLAN4012.1,0,0,2963.53
2957,receive,7,LBNL_VLAN3001.1,3,5,31.5412
2960,send,5,LBNL_VLAN3002.1,1,7,25.1658
2960,send,0,VLAN4012.0,0,1,2963.53
2961,trace_offer,0,VLAN4012.0,0,1,2963.53
2961,trace_offer,5,LBNL_VLAN3002.1,1,7,25.1658
2958,receive,1,VLAN4012.1,0,0,2963.53
2961,send,5,LBNL_VLAN3002.1,1,7,25.1658
2961,send,0,VLAN4012.0,0,1,2963.53
2962,trace_offer,0,VLAN4012.0,0,1,2963.53
2962,trace_offer,5,LBNL_VLAN3002.1,1,7,25.1658
2959,receive,1,VLAN4012.1,0,0,2963.53
2959,receive,7,LBNL_VLAN3001.1,3,5,63.0823
2962,send,5,LBNL_VLAN3002.1,1,7,25.1658
2962,send,0,VLAN4012.0,0,1,2963.53
2963,trace_offer,0,VLAN4012.0,0,1,2963.53
2963,trace_offer,5,LBNL_VLAN3002.1,1,7,25.1658
2960,receive,1,VLAN4012.1,0,0,2963.53
2963,send,0,VLAN4012.0,0,1,2963.53
2963,send,5,LBNL_VLAN3002.1,1,7,25.1658
2964,trace_offer,0,VLAN4012.0,0,1,2963.53
2964,trace_offer,5,LBNL_VLAN3002.1,1,7,25.1658
2961,receive,7,LBNL_VLAN3001.1,3,5,50.3316
2964,send,0,VLAN4012.0,0,1,2963.53
2964,send,5,LBNL_VLAN3002.1,1,7,25.1658
2965,trace_offer,5,LBNL_VLAN3002.1,1,7,25.1658
2965,trace_offer,0,VLAN4012.0,0,1,2963.53
2962,receive,1,VLAN4012.1,0,0,2963.53
2962,receive,1,VLAN4012.1,0,0,2963.53
2962,receive,7,LBNL_VLAN3001.1,3,5,25.1658
2965,send,0,VLAN4012.0,0,1,2963.53
2965,send,5,LBNL_VLAN3002.1,1,7,25.1658
2966,trace_offer,0,VLAN4012.0,0,1,2963.53
2966,trace_offer,5,LBNL_VLAN3002.1,1,7,25.1658
2963,receive,1,VLAN4012.1,0,0,2963.53
2963,receive,7,LBNL_VLAN3001.1,3,5,25.1658
2966,send,0,VLAN4012.0,0,1,2963.53
2966,send,5,LBNL_VLAN3002.1,1,7,25.1658
2967,trace_offer,0,VLAN4012.0,0,1,2963.53
2967,trace_offer,5,LBNL_VLAN3002.1,1,7,25.1658
2964,receive,7,LBNL_VLAN3001.1,3,5,25.1658
2964,receive,1,VLAN4012.1,0,0,2963.53
2967,send,0,VLAN4012.0,0,1,2963.53
2967,send,5,LBNL_VLAN3002.1,1,7,25.1658
2968,trace_offer,5,LBNL_VLAN3002.1,1,7,25.1658
2968,trace_offer,0,VLAN4012.0,0,1,2963.53
2965,receive,1,VLAN4012.1,0,0,2963.53
2968,send,0,VLAN4012.0,0,1,2963.53
2968,send,5,LBNL_VLAN3002.1,1,7,25.1658
2969,trace_offer,5,LBNL_VLAN3002.1,1,7,25.1658
2969,trace_offer,0,VLAN4012.0,0,1,2963.53
2966,receive,7,LBNL_VLAN3001.1,3,5,50.3316
2969,send,5,LBNL_VLAN3002.1,1,7,25.1658
2969,send,0,VLAN4012.0,0,1,2963.53
2970,trace_offer,5,LBNL_VLAN3002.1,1,7,25.2497
2970,trace_offer,0,VLAN4012.0,0,1,2963.53
2967,receive,7,LBNL_VLAN3001.1,3,5,25.1658
2967,receive,1,VLAN4012.1,0,0,2963.53
2967,receive,1,VLAN4012.1,0,0,2963.53
2970,send,0,VLAN4012.0,0,1,2963.53
2970,send,5,LBNL_VLAN3002.1,1,7,25.2497
2971,trace_offer,0,VLAN4012.0,0,1,2963.53
2971,trace_offer,5,LBNL_VLAN3002.1,1,7,25.2497
2971,send,5,LBNL_VLAN3002.1,1,7,25.2497
2971,send,0,VLAN4012.0,0,1,2963.53
2972,trace_offer,0,VLAN4012.0,0,1,2963.53
2972,trace_offer,5,LBNL_VLAN3002.1,1,7,25.2497
2969,receive,1,VLAN4012.1,0,0,2963.53
2969,receive,1,VLAN4012.1,0,0,2963.53
2969,receive,7,LBNL_VLAN3001.1,3,5,50.3316
2972,send,0,VLAN4012.0,0,1,2963.53
2972,send,5,LBNL_VLAN3002.1,1,7,25.2497
2973,trace_offer,5,LBNL_VLAN3002.1,1,7,25.2497
2973,trace_offer,0,VLAN4012.0,0,1,2963.53
2970,receive,7,LBNL_VLAN3001.1,3,5,25.2497
2970,receive,1,VLAN4012.1,0,0,2963.53
2973,send,5,LBNL_VLAN3002.1,1,7,25.2497
2973,send,0,VLAN4012.0,0,1,2963.53
2974,trace_offer,0,VLAN4012.0,0,1,2963.53
2974,trace_offer,5,LBNL_VLAN3002.1,1,7,25.2497
2971,receive,7,LBNL_VLAN3001.1,3,5,25.2497
2971,receive,1,VLAN4012.1,0,0,2963.53
2974,send,0,VLAN4012.0,0,1,2963.53
2974,send,5,LBNL_VLAN3002.1,1,7,25.2497
2975,trace_offer,5,LBNL_VLAN3002.1,1,7,25.2497
2975,trace_offer,0,VLAN4012.0,0,1,2963.53
2972,receive,1,VLAN4012.1,0,0,2963.53
2972,receive,7,LBNL_VLAN3001.1,3,5,25.2497
2975,send,0,VLAN4012.0,0,1,2963.53
2975,send,5,LBNL_VLAN3002.1,1,7,25.2497
2976,trace_offer,5,LBNL_VLAN3002.1,1,7,25.2497
2976,trace_offer,0,VLAN4012.0,0,1,2963.53
2973,receive,1,VLAN4012.1,0,0,2963.53
2976,send,5,LBNL_VLAN3002.1,1,7,25.2497
2976,send,0,VLAN4012.0,0,1,2963.53
2977,trace_offer,0,VLAN4012.0,0,1,2963.53
2977,trace_offer,5,LBNL_VLAN3002.1,1,7,25.2497
2974,receive,7,LBNL_VLAN3001.1,3,5,50.4994
2974,receive,1,VLAN4012.1,0,0,2963.53
2977,send,5,LBNL_VLAN3002.1,1,7,25.2497
2977,send,0,VLAN4012.0,0,1,2963.53
2978,trace_offer,0,VLAN4012.0,0,1,2963.53
2978,trace_offer,5,LBNL_VLAN3002.1,1,7,25.2497
2975,receive,7,LBNL_VLAN3001.1,3,5,25.2497
2975,receive,1,VLAN4012.1,0,0,2963.53
2978,send,5,LBNL_VLAN3002.1,1,7,25.2497
2978,send,0,VLAN4012.0,0,1,2963.53
2979,trace_offer,5,LBNL_VLAN3002.1,1,7,25.2497
2979,trace_offer,0,VLAN4012.0,0,1,2963.53
2976,receive,7,LBNL_VLAN3001.1,3,5,25.2497
2979,send,5,LBNL_VLAN3002.1,1,7,25.2497
2979,send,0,VLAN4012.0,0,1,2963.53
2980,trace_offer,5,LBNL_VLAN3002.1,1,7,31.5412
2980,trace_offer,0,VLAN4012.0,0,1,2972.12
2977,receive,1,VLAN4012.1,0,0,2963.53
2977,receive,7,LBNL_VLAN3001.1,3,5,25.2497
2977,receive,1,VLAN4012.1,0,0,2963.53
2980,send,5,LBNL_VLAN3002.1,1,7,31.5412
2980,send,0,VLAN4012.0,0,1,2972.12
2981,trace_offer,0,VLAN4012.0,0,1,2972.12
2981,trace_offer,5,LBNL_VLAN3002.1,1,7,31.5412
2978,receive,1,VLAN4012.1,0,0,2972.12
2981,send,5,LBNL_VLAN3002.1,1,7,31.5412
2981,send,0,VLAN4012.0,0,1,2972.12
2982,trace_offer,5,LBNL_VLAN3002.1,1,7,31.5412
2982,trace_offer,0,VLAN4012.0,0,1,2972.12
2979,receive,1,VLAN4012.1,0,0,2972.12
2979,receive,7,LBNL_VLAN3001.1,3,5,50.4994
2982,send,5,LBNL_VLAN3002.1,1,7,31.5412
2982,send,0,VLAN4012.0,0,1,2972.12
2983,trace_offer,5,LBNL_VLAN3002.1,1,7,31.5412
2983,trace_offer,0,VLAN4012.0,0,1,2972.12
2980,receive,1,VLAN4012.1,0,0,2972.12
2983,send,5,LBNL_VLAN3002.1,1,7,31.5412
2983,send,0,VLAN4012.0,0,1,2972.12
2984,trace_offer,0,VLAN4012.0,0,1,2972.12
2984,trace_offer,5,LBNL_VLAN3002.1,1,7,31.5412
2981,receive,7,LBNL_VLAN3001.1,3,5,63.0823
2984,send,5,LBNL_VLAN3002.1,1,7,31.5412
2984,send,0,VLAN4012.0,0,1,2972.12
2985,trace_offer,0,VLAN4012.0,0,1,2972.12
2985,trace_offer,5,LBNL_VLAN3002.1,1,7,31.5412
2982,receive,1,VLAN4012.1,0,0,2972.12
2982,receive,1,VLAN4012.1,0,0,2972.12
2982,receive,7,LBNL_VLAN3001.1,3,5,31.5412
2985,send,0,VLAN4012.0,0,1,2972.12
2985,send,5,LBNL_VLAN3002.1,1,7,31.5412
2986,trace_offer,5,LBNL_VLAN3002.1,1,7,31.5412
2986,trace_offer,0,VLAN4012.0,0,1,2972.12
2986,send,0,VLAN4012.0,0,1,2972.12
2986,send,5,LBNL_VLAN3002.1,1,7,31.5412
2987,trace_offer,5,LBNL_VLAN3002.1,1,7,31.5412
2987,trace_offer,0,VLAN4012.0,0,1,2972.12
2984,receive,1,VLAN4012.1,0,0,2972.12
2984,receive,7,LBNL_VLAN3001.1,3,5,63.0823
2984,receive,1,VLAN4012.1,0,0,2972.12
2987,send,5,LBNL_VLAN3002.1,1,7,31.5412
2987,send,0,VLAN4012.0,0,1,2972.12
2988,trace_offer,0,VLAN4012.0,0,1,2972.12
2988,trace_offer,5,LBNL_VLAN3002.1,1,7,31.5412
2985,receive,1,VLAN4012.1,0,0,2972.12
2988,send,5,LBNL_VLAN3002.1,1,7,31.5412
2988,send,0,VLAN4012.0,0,1,2972.12
2989,trace_offer,5,LBNL_VLAN3002.1,1,7,31.5412
2989,trace_offer,0,VLAN4012.0,0,1,2972.12
2986,receive,7,LBNL_VLAN3001.1,3,5,63.0823
2986,receive,1,VLAN4012.1,0,0,2972.12
2989,send,0,VLAN4012.0,0,1,2972.12
2989,send,5,LBNL_VLAN3002.1,1,7,31.5412
2990,trace_offer,5,LBNL_VLAN3002.1,1,7,25.2497
2990,trace_offer,0,VLAN4012.0,0,1,2954.94
2987,receive,7,LBNL_VLAN3001.1,3,5,31.5412
2987,receive,1,VLAN4012.1,0,0,2972.12
2990,send,5,LBNL_VLAN3002.1,1,7,25.2497
2990,send,0,VLAN4012.0,0,1,2954.94
2991,trace_offer,5,LBNL_VLAN3002.1,1,7,25.2497
2991,trace_offer,0,VLAN4012.0,0,1,2954.94
2988,receive,7,LBNL_VLAN3001.1,3,5,31.5412
2991,send,5,LBNL_VLAN3002.1,1,7,25.2497
2991,send,0,VLAN4012.0,0,1,2954.94
2992,trace_offer,5,LBNL_VLAN3002.1,1,7,25.2497
2992,trace_offer,0,VLAN4012.0,0,1,2954.94
2989,receive,7,LBNL_VLAN3001.1,3,5,31.5412
2989,receive,1,VLAN4012.1,0,0,2954.94
2989,receive,1,VLAN4012.1,0,0,2954.94
2992,send,5,LBNL_VLAN3002.1,1,7,25.2497
2992,send,0,VLAN4012.0,0,1,2954.94
2993,trace_offer,5,LBNL_VLAN3002.1,1,7,25.2497
2993,trace_offer,0,VLAN4012.0,0,1,2954.94
2990,receive,1,VLAN4012.1,0,0,2954.94
2993,send,5,LBNL_VLAN3002.1,1,7,25.2497
2993,send,0,VLAN4012.0,0,1,2954.94
2994,trace_offer,5,LBNL_VLAN3002.1,1,7,25.2497
2994,trace_offer,0,VLAN4012.0,0,1,2954.94
2991,receive,7,LBNL_VLAN3001.1,3,5,50.4994
2994,send,5,LBNL_VLAN3002.1,1,7,25.2497
2994,send,0,VLAN4012.0,0,1,2954.94
2995,trace_offer,0,VLAN4012.0,0,1,2954.94
2995,trace_offer,5,LBNL_VLAN3002.1,1,7,25.2497
2992,receive,7,LBNL_VLAN3001.1,3,5,25.2497
2992,receive,1,VLAN4012.1,0,0,2954.94
2992,receive,1,VLAN4012.1,0,0,2954.94
2995,send,5,LBNL_VLAN3002.1,1,7,25.2497
2995,send,0,VLAN4012.0,0,1,2954.94
2996,trace_offer,5,LBNL_VLAN3002.1,1,7,25.2497
2996,trace_offer,0,VLAN4012.0,0,1,2954.94
2993,receive,1,VLAN4012.1,0,0,2954.94
2993,receive,7,LBNL_VLAN3001.1,3,5,25.2497
2996,send,5,LBNL_VLAN3002.1,1,7,25.2497
2996,send,0,VLAN4012.0,0,1,2954.94
2997,trace_offer,0,VLAN4012.0,0,1,2954.94
2997,trace_offer,5,LBNL_VLAN3002.1,1,7,25.2497
2994,receive,1,VLAN4012.1,0,0,2954.94
2994,receive,7,LBNL_VLAN3001.1,3,5,25.2497
2997,send,0,VLAN4012.0,0,1,2954.94
2997,send,5,LBNL_VLAN3002.1,1,7,25.2497
2998,trace_offer,5,LBNL_VLAN3002.1,1,7,25.2497
2998,trace_offer,0,VLAN4012.0,0,1,2954.94
2995,receive,1,VLAN4012.1,0,0,2954.94
2998,send,0,VLAN4012.0,0,1,2954.94
2998,send,5,LBNL_VLAN3002.1,1,7,25.2497
2999,trace_offer,0,VLAN4012.0,0,1,2954.94
2999,trace_offer,5,LBNL_VLAN3002.1,1,7,25.2497
2996,receive,7,LBNL_VLAN3001.1,3,5,50.4994
2999,send,5,LBNL_VLAN3002.1,1,7,25.2497
2999,send,0,VLAN4012.0,0,1,2954.94
3000,trace_offer,5,LBNL_VLAN3002.1,1,7,31.7089
2997,receive,7,LBNL_VLAN3001.1,3,5,25.2497
2997,receive,1,VLAN4012.1,0,0,2954.94
2997,receive,1,VLAN4012.1,0,0,2954.94
3000,send,5,LBNL_VLAN3002.1,1,7,31.7089
3001,trace_offer,5,LBNL_VLAN3002.1,1,7,31.7089
3001,send,5,LBNL_VLAN3002.1,1,7,31.7089
3002,trace_offer,5,LBNL_VLAN3002.1,1,7,31.7089
2999,receive,7,LBNL_VLAN3001.1,3,5,50.4994
3002,send,5,LBNL_VLAN3002.1,1,7,31.7089
3003,trace_offer,5,LBNL_VLAN3002.1,1,7,31.7089
3000,receive,7,LBNL_VLAN3001.1,3,5,31.7089
3003,send,5,LBNL_VLAN3002.1,1,7,31.7089
3004,trace_offer,5,LBNL_VLAN3002.1,1,7,31.7089
3001,receive,7,LBNL_VLAN3001.1,3,5,31.7089
3004,send,5,LBNL_VLAN3002.1,1,7,31.7089
3005,trace_offer,5,LBNL_VLAN3002.1,1,7,31.7089
3002,receive,7,LBNL_VLAN3001.1,3,5,31.7089
3005,send,5,LBNL_VLAN3002.1,1,7,31.7089
3006,trace_offer,5,LBNL_VLAN3002.1,1,7,31.7089
3006,send,5,LBNL_VLAN3002.1,1,7,31.7089
3007,trace_offer,5,LBNL_VLAN3002.1,1,7,31.7089
3004,receive,7,LBNL_VLAN3001.1,3,5,63.4179
3007,send,5,LBNL_VLAN3002.1,1,7,31.7089
3008,trace_offer,5,LBNL_VLAN3002.1,1,7,31.7089
3008,send,5,LBNL_VLAN3002.1,1,7,31.7089
3009,trace_offer,5,LBNL_VLAN3002.1,1,7,31.7089
3006,receive,7,LBNL_VLAN3001.1,3,5,63.4179
3009,send,5,LBNL_VLAN3002.1,1,7,31.7089
3010,trace_offer,5,LBNL_VLAN3002.1,1,7,25.2497
3007,receive,7,LBNL_VLAN3001.1,3,5,31.7089
3010,send,5,LBNL_VLAN3002.1,1,7,25.2497
3011,trace_offer,5,LBNL_VLAN3002.1,1,7,25.2497
3008,receive,7,LBNL_VLAN3001.1,3,5,31.7089
3011,send,5,LBNL_VLAN3002.1,1,7,25.2497
3012,trace_offer,5,LBNL_VLAN3002.1,1,7,25.2497
3009,receive,7,LBNL_VLAN3001.1,3,5,31.7089
3012,send,5,LBNL_VLAN3002.1,1,7,25.2497
3013,trace_offer,5,LBNL_VLAN3002.1,1,7,25.2497
3013,send,5,LBNL_VLAN3002.1,1,7,25.2497
3014,trace_offer,5,LBNL_VLAN3002.1,1,7,25.2497
3011,receive,7,LBNL_VLAN3001.1,3,5,50.4994
3014,send,5,LBNL_VLAN3002.1,1,7,25.2497
3015,trace_offer,5,LBNL_VLAN3002.1,1,7,25.2497
3012,receive,7,LBNL_VLAN3001.1,3,5,25.2497
3015,send,5,LBNL_VLAN3002.1,1,7,25.2497
3016,trace_offer,5,LBNL_VLAN3002.1,1,7,25.2497
3016,send,5,LBNL_VLAN3002.1,1,7,25.2497
3017,trace_offer,5,LBNL_VLAN3002.1,1,7,25.2497
3014,receive,7,LBNL_VLAN3001.1,3,5,50.4994
3017,send,5,LBNL_VLAN3002.1,1,7,25.2497
3018,trace_offer,5,LBNL_VLAN3002.1,1,7,25.2497
3015,receive,7,LBNL_VLAN3001.1,3,5,25.2497
3018,send,5,LBNL_VLAN3002.1,1,7,25.2497
3019,trace_offer,5,LBNL_VLAN3002.1,1,7,25.2497
3016,receive,7,LBNL_VLAN3001.1,3,5,25.2497
3019,send,5,LBNL_VLAN3002.1,1,7,25.2497
3020,trace_offer,5,LBNL_VLAN3002.1,1,7,31.1217
3017,receive,7,LBNL_VLAN3001.1,3,5,25.2497
3020,send,5,LBNL_VLAN3002.1,1,7,31.1217
3021,trace_offer,5,LBNL_VLAN3002.1,1,7,31.1217
3018,receive,7,LBNL_VLAN3001.1,3,5,25.2497
3021,send,5,LBNL_VLAN3002.1,1,7,31.1217
3022,trace_offer,5,LBNL_VLAN3002.1,1,7,31.1217
3019,receive,7,LBNL_VLAN3001.1,3,5,25.2497
3022,send,5,LBNL_VLAN3002.1,1,7,31.1217
3023,trace_offer,5,LBNL_VLAN3002.1,1,7,31.1217
3023,send,5,LBNL_VLAN3002.1,1,7,31.1217
3024,trace_offer,5,LBNL_VLAN3002.1,1,7,31.1217
3021,receive,7,LBNL_VLAN3001.1,3,5,62.2435
3024,send,5,LBNL_VLAN3002.1,1,7,31.1217
3025,trace_offer,5,LBNL_VLAN3002.1,1,7,31.1217
3022,receive,7,LBNL_VLAN3001.1,3,5,31.1217
3025,send,5,LBNL_VLAN3002.1,1,7,31.1217
3026,trace_offer,5,LBNL_VLAN3002.1,1,7,31.1217
3026,send,5,LBNL_VLAN3002.1,1,7,31.1217
3027,trace_offer,5,LBNL_VLAN3002.1,1,7,31.1217
3024,receive,7,LBNL_VLAN3001.1,3,5,62.2435
3027,send,5,LBNL_VLAN3002.1,1,7,31.1217
3028,trace_offer,5,LBNL_VLAN3002.1,1,7,31.1217
3025,receive,7,LBNL_VLAN3001.1,3,5,31.1217
3028,send,5,LBNL_VLAN3002.1,1,7,31.1217
3029,trace_offer,5,LBNL_VLAN3002.1,1,7,31.1217
3026,receive,7,LBNL_VLAN3001.1,3,5,31.1217
3029,send,5,LBNL_VLAN3002.1,1,7,31.1217
3027,receive,7,LBNL_VLAN3001.1,3,5,31.1217
3029,receive,7,LBNL_VLAN3001.1,3,5,62.2435
