interval,event,switch,switch_name,port,target_type,target_index,flow_id,source_terminal,destination_terminal,creation_interval,age_intervals,capacity_gbit,queued_before_gbit,send_gbit,remaining_after_gbit,dropped_gbit
1,stage_arrival,38,S42,0,switch,42,51735,76,0,0,1,176.64,0,0,100,0
1,stage_arrival,54,S31,1,switch,37,51734,109,0,0,1,242.335,0,0,100,0
1,stage_arrival,19,S06,3,switch,10,51726,39,0,0,1,169.014,0,0,100,0
1,stage_arrival,51,S48,0,switch,57,51728,103,0,0,1,201.033,0,0,100,0
1,stage_arrival,13,S40,0,switch,6,51729,26,0,0,1,162.644,0,0,100,0
1,stage_arrival,7,S45,2,switch,61,51723,15,0,0,1,100.666,0,0,100,0
1,stage_arrival,46,S24,1,switch,44,51720,92,0,0,1,217.722,0,0,100,0
1,stage_arrival,26,S33,0,switch,3,51732,53,0,0,1,174.708,0,0,100,0
1,stage_arrival,49,S26,0,switch,43,51727,98,0,0,1,126.404,0,0,100,0
1,stage_arrival,50,S38,2,switch,4,51730,100,0,0,1,290.506,0,0,100,0
1,stage_arrival,56,S36,2,switch,4,51725,113,0,0,1,112.305,0,0,100,0
1,stage_arrival,33,S34,0,switch,26,51731,66,0,0,1,235.741,0,0,100,0
1,stage_arrival,8,S52,0,switch,1,51721,16,0,0,1,255.562,0,0,100,0
1,stage_arrival,56,S36,2,switch,4,51724,112,0,0,1,112.305,0,0,100,0
1,stage_arrival,30,S14,2,switch,31,51733,61,0,0,1,290.433,0,0,100,0
1,stage_arrival,48,S50,3,switch,10,51722,97,0,0,1,118.54,0,0,100,0
1,allocate_send_arrival,51,S48,0,switch,57,51728,103,0,0,1,201.033,0,100,0,0
1,allocate_send_arrival,38,S42,0,switch,42,51735,76,0,0,1,176.64,0,100,0,0
1,allocate_send_arrival,7,S45,2,switch,61,51723,15,0,0,1,100.666,0,100,0,0
1,allocate_send_arrival,48,S50,3,switch,10,51722,97,0,0,1,118.54,0,100,0,0
1,allocate_send_arrival,8,S52,0,switch,1,51721,16,0,0,1,255.562,0,100,0,0
1,allocate_send_arrival,54,S31,1,switch,37,51734,109,0,0,1,242.335,0,100,0,0
1,allocate_send_arrival,49,S26,0,switch,43,51727,98,0,0,1,126.404,0,100,0,0
1,allocate_send_arrival,33,S34,0,switch,26,51731,66,0,0,1,235.741,0,100,0,0
1,allocate_send_arrival,19,S06,3,switch,10,51726,39,0,0,1,169.014,0,100,0,0
1,allocate_send_arrival,30,S14,2,switch,31,51733,61,0,0,1,290.433,0,100,0,0
1,allocate_send_arrival,50,S38,2,switch,4,51730,100,0,0,1,290.506,0,100,0,0
1,allocate_send_arrival,56,S36,2,switch,4,51725,113,0,0,1,112.305,0,56.1525,43.8475,0
1,enqueue_residual,56,S36,2,switch,4,51725,113,0,0,1,112.305,0,0,43.8475,0
1,allocate_send_arrival,56,S36,2,switch,4,51724,112,0,0,1,112.305,0,56.1525,43.8475,0
1,enqueue_residual,56,S36,2,switch,4,51724,112,0,0,1,112.305,0,0,43.8475,0
1,allocate_send_arrival,26,S33,0,switch,3,51732,53,0,0,1,174.708,0,100,0,0
1,allocate_send_arrival,46,S24,1,switch,44,51720,92,0,0,1,217.722,0,100,0,0
1,allocate_send_arrival,13,S40,0,switch,6,51729,26,0,0,1,162.644,0,100,0,0
2,allocate_send_buffered,56,S36,2,switch,4,51725,113,0,0,2,112.305,87.695,43.8475,0,0
2,allocate_send_buffered,56,S36,2,switch,4,51724,112,0,0,2,112.305,87.695,43.8475,0,0
2,stage_arrival,43,S22,0,switch,0,51727,98,0,0,2,203.304,0,0,100,0
2,stage_arrival,38,S42,0,switch,42,51735,76,0,0,2,176.64,0,0,100,0
2,stage_arrival,51,S48,0,switch,57,51728,103,0,0,2,201.033,0,0,100,0
2,stage_arrival,48,S50,3,switch,10,51722,97,0,0,2,118.54,0,0,100,0
2,stage_arrival,4,S37,0,switch,0,51725,113,0,0,2,203.508,0,0,56.1525,0
2,stage_arrival,46,S24,1,switch,44,51720,92,0,0,2,217.722,0,0,100,0
2,stage_arrival,8,S52,0,switch,1,51721,16,0,0,2,255.562,0,0,100,0
2,stage_arrival,26,S33,0,switch,3,51731,66,0,0,2,174.708,0,0,100,0
2,stage_arrival,1,S01,0,switch,0,51721,16,0,0,2,159.728,0,0,100,0
2,stage_arrival,6,S02,0,switch,1,51729,26,0,0,2,138.732,0,0,100,0
2,stage_arrival,19,S06,3,switch,10,51726,39,0,0,2,169.014,0,0,100,0
2,stage_arrival,33,S34,0,switch,26,51731,66,0,0,2,235.741,0,0,100,0
2,stage_arrival,49,S26,0,switch,43,51727,98,0,0,2,126.404,0,0,100,0
2,stage_arrival,42,S20,2,switch,3,51735,76,0,0,2,251.806,0,0,100,0
2,stage_arrival,61,S46,1,switch,57,51723,15,0,0,2,199.213,0,0,100,0
2,stage_arrival,3,S27,0,switch,0,51732,53,0,0,2,119.129,0,0,100,0
2,stage_arrival,37,S32,0,switch,0,51734,109,0,0,2,103.31,0,0,100,0
2,stage_arrival,10,S61,0,switch,1,51722,97,0,0,2,227.172,0,0,100,0
2,stage_arrival,30,S14,2,switch,31,51733,61,0,0,2,290.433,0,0,100,0
2,stage_arrival,10,S61,0,switch,1,51726,39,0,0,2,227.172,0,0,100,0
2,stage_arrival,57,S47,1,switch,50,51728,103,0,0,2,259.289,0,0,100,0
2,stage_arrival,7,S45,2,switch,61,51723,15,0,0,2,100.666,0,0,100,0
2,stage_arrival,13,S40,0,switch,6,51729,26,0,0,2,162.644,0,0,100,0
2,stage_arrival,31,S62,3,switch,5,51733,61,0,0,2,238.676,0,0,100,0
2,stage_arrival,50,S38,2,switch,4,51730,100,0,0,2,290.506,0,0,100,0
2,stage_arrival,4,S37,0,switch,0,51730,100,0,0,2,203.508,0,0,100,0
2,stage_arrival,26,S33,0,switch,3,51732,53,0,0,2,174.708,0,0,100,0
2,stage_arrival,54,S31,1,switch,37,51734,109,0,0,2,242.335,0,0,100,0
2,stage_arrival,56,S36,2,switch,4,51724,112,0,0,2,112.305,0,0,7.99639,0
2,stage_arrival,56,S36,2,switch,4,51725,113,0,0,2,112.305,0,0,61.0605,0
2,stage_arrival,44,S23,0,switch,43,51720,92,0,0,2,211.017,0,0,100,0
2,stage_arrival,4,S37,0,switch,0,51724,112,0,0,2,203.508,0,0,56.1525,0
2,allocate_send_arrival,51,S48,0,switch,57,51728,103,0,0,2,201.033,0,100,0,0
2,allocate_send_arrival,61,S46,1,switch,57,51723,15,0,0,2,199.213,0,100,0,0
2,allocate_send_arrival,31,S62,3,switch,5,51733,61,0,0,2,238.676,0,100,0,0
2,allocate_send_arrival,44,S23,0,switch,43,51720,92,0,0,2,211.017,0,100,0,0
2,allocate_send_arrival,7,S45,2,switch,61,51723,15,0,0,2,100.666,0,100,0,0
2,allocate_send_arrival,37,S32,0,switch,0,51734,109,0,0,2,103.31,0,100,0,0
2,allocate_send_arrival,33,S34,0,switch,26,51731,66,0,0,2,235.741,0,100,0,0
2,allocate_send_arrival,48,S50,3,switch,10,51722,97,0,0,2,118.54,0,100,0,0
2,allocate_send_arrival,30,S14,2,switch,31,51733,61,0,0,2,290.433,0,100,0,0
2,allocate_send_arrival,38,S42,0,switch,42,51735,76,0,0,2,176.64,0,100,0,0
2,allocate_send_arrival,3,S27,0,switch,0,51732,53,0,0,2,119.129,0,100,0,0
2,allocate_send_arrival,10,S61,0,switch,1,51722,97,0,0,2,227.172,0,100,0,0
2,allocate_send_arrival,10,S61,0,switch,1,51726,39,0,0,2,227.172,0,100,0,0
2,allocate_send_arrival,54,S31,1,switch,37,51734,109,0,0,2,242.335,0,100,0,0
2,allocate_send_arrival,26,S33,0,switch,3,51731,66,0,0,2,174.708,0,87.354,12.646,0
2,enqueue_residual,26,S33,0,switch,3,51731,66,0,0,2,174.708,0,0,12.646,0
2,allocate_send_arrival,26,S33,0,switch,3,51732,53,0,0,2,174.708,0,87.354,12.646,0
2,enqueue_residual,26,S33,0,switch,3,51732,53,0,0,2,174.708,0,0,12.646,0
2,allocate_send_arrival,13,S40,0,switch,6,51729,26,0,0,2,162.644,0,100,0,0
2,allocate_send_arrival,8,S52,0,switch,1,51721,16,0,0,2,255.562,0,100,0,0
2,allocate_send_arrival,56,S36,2,switch,4,51724,112,0,0,2,112.305,0,7.99639,0,0
2,allocate_send_arrival,56,S36,2,switch,4,51725,113,0,0,2,112.305,0,16.6136,44.4469,0
2,enqueue_residual,56,S36,2,switch,4,51725,113,0,0,2,112.305,0,0,44.4469,0
2,allocate_send_arrival,1,S01,0,switch,0,51721,16,0,0,2,159.728,0,100,0,0
2,allocate_send_arrival,49,S26,0,switch,43,51727,98,0,0,2,126.404,0,100,0,0
2,allocate_send_arrival,46,S24,1,switch,44,51720,92,0,0,2,217.722,0,100,0,0
2,allocate_send_arrival,57,S47,1,switch,50,51728,103,0,0,2,259.289,0,100,0,0
2,allocate_send_arrival,6,S02,0,switch,1,51729,26,0,0,2,138.732,0,100,0,0
2,allocate_send_arrival,43,S22,0,switch,0,51727,98,0,0,2,203.304,0,100,0,0
2,allocate_send_arrival,42,S20,2,switch,3,51735,76,0,0,2,251.806,0,100,0,0
2,allocate_send_arrival,50,S38,2,switch,4,51730,100,0,0,2,290.506,0,100,0,0
2,allocate_send_arrival,4,S37,0,switch,0,51725,113,0,0,2,203.508,0,56.1525,0,0
2,allocate_send_arrival,4,S37,0,switch,0,51730,100,0,0,2,203.508,0,91.203,8.797,0
2,enqueue_residual,4,S37,0,switch,0,51730,100,0,0,2,203.508,0,0,8.797,0
2,allocate_send_arrival,4,S37,0,switch,0,51724,112,0,0,2,203.508,0,56.1525,0,0
2,allocate_send_arrival,19,S06,3,switch,10,51726,39,0,0,2,169.014,0,100,0,0
3,allocate_send_buffered,56,S36,2,switch,4,51725,113,0,0,3,112.305,44.4469,44.4469,0,0
3,allocate_send_buffered,4,S37,0,switch,0,51730,100,0,0,3,203.508,8.797,8.797,0,0
3,allocate_send_buffered,26,S33,0,switch,3,51731,66,0,0,3,174.708,25.292,12.646,0,0
3,allocate_send_buffered,26,S33,0,switch,3,51732,53,0,0,3,174.708,25.292,12.646,0,0
3,stage_arrival,42,S20,2,switch,3,51735,76,0,0,3,251.806,0,0,100,0
3,stage_arrival,10,S61,0,switch,1,51726,39,0,0,3,227.172,0,0,100,0
3,stage_arrival,0,S00,5,terminal,0,51732,53,0,0,3,1000,0,0,100,0
3,stage_arrival,19,S06,3,switch,10,51726,39,0,0,3,169.014,0,0,100,0
3,stage_arrival,0,S00,5,terminal,0,51725,113,0,0,3,1000,0,0,56.1525,0
3,stage_arrival,31,S62,3,switch,5,51733,61,0,0,3,238.676,0,0,100,0
3,stage_arrival,1,S01,0,switch,0,51721,16,0,0,3,159.728,0,0,100,0
3,stage_arrival,1,S01,0,switch,0,51729,26,0,0,3,159.728,0,0,100,0
3,stage_arrival,4,S37,0,switch,0,51725,113,0,0,3,203.508,0,0,16.6136,0
3,stage_arrival,44,S23,0,switch,43,51720,92,0,0,3,211.017,0,0,100,0
3,stage_arrival,57,S47,1,switch,50,51723,15,0,0,3,259.289,0,0,100,0
3,stage_arrival,43,S22,0,switch,0,51727,98,0,0,3,203.304,0,0,100,0
3,stage_arrival,43,S22,0,switch,0,51720,92,0,0,3,203.304,0,0,100,0
3,stage_arrival,3,S27,0,switch,0,51731,66,0,0,3,119.129,0,0,87.354,0
3,stage_arrival,7,S45,2,switch,61,51723,15,0,0,3,100.666,0,0,100,0
3,stage_arrival,38,S42,0,switch,42,51735,76,0,0,3,176.64,0,0,100,0
3,stage_arrival,4,S37,0,switch,0,51724,112,0,0,3,203.508,0,0,7.99639,0
3,stage_arrival,54,S31,1,switch,37,51734,109,0,0,3,242.335,0,0,100,0
3,stage_arrival,4,S37,0,switch,0,51730,100,0,0,3,203.508,0,0,100,0
3,stage_arrival,56,S36,2,switch,4,51725,113,0,0,3,112.305,0,0,56.1525,0
3,stage_arrival_coalesce,4,S37,0,switch,0,51725,113,0,0,3,203.508,0,0,60.4611,0
3,stage_arrival,26,S33,0,switch,3,51732,53,0,0,3,174.708,0,0,87.8082,0
3,stage_arrival,50,S38,2,switch,4,51728,103,0,0,3,290.506,0,0,100,0
3,stage_arrival,1,S01,0,switch,0,51722,97,0,0,3,159.728,0,0,100,0
3,stage_arrival,56,S36,2,switch,4,51724,112,0,0,3,112.305,0,0,56.1525,0
3,stage_arrival,3,S27,0,switch,0,51735,76,0,0,3,119.129,0,0,100,0
3,stage_arrival,50,S38,2,switch,4,51730,100,0,0,3,290.506,0,0,69.0384,0
3,stage_arrival,57,S47,1,switch,50,51728,103,0,0,3,259.289,0,0,100,0
3,stage_arrival,0,S00,5,terminal,0,51724,112,0,0,3,1000,0,0,56.1525,0
3,stage_arrival,49,S26,0,switch,43,51727,98,0,0,3,126.404,0,0,100,0
3,stage_arrival,33,S34,0,switch,26,51731,66,0,0,3,235.741,0,0,88.1553,0
3,stage_arrival,61,S46,1,switch,57,51723,15,0,0,3,199.213,0,0,100,0
3,stage_arrival,0,S00,5,terminal,0,51730,100,0,0,3,1000,0,0,91.203,0
3,stage_arrival,30,S14,2,switch,31,51733,61,0,0,3,290.433,0,0,100,0
3,stage_arrival,10,S61,0,switch,1,51722,97,0,0,3,227.172,0,0,100,0
3,stage_arrival,37,S32,0,switch,0,51734,109,0,0,3,103.31,0,0,100,0
3,stage_arrival,48,S50,3,switch,10,51722,97,0,0,3,118.54,0,0,100,0
3,stage_arrival_coalesce,4,S37,0,switch,0,51724,112,0,0,3,203.508,0,0,51.8439,0
3,stage_arrival,8,S52,0,switch,1,51721,16,0,0,3,255.562,0,0,100,0
3,stage_arrival,6,S02,0,switch,1,51729,26,0,0,3,138.732,0,0,100,0
3,stage_arrival,51,S48,0,switch,57,51728,103,0,0,3,201.033,0,0,100,0
3,stage_arrival,0,S00,5,terminal,0,51721,16,0,0,3,1000,0,0,100,0
3,stage_arrival,13,S40,0,switch,6,51729,26,0,0,3,162.644,0,0,100,0
3,stage_arrival,0,S00,5,terminal,0,51734,109,0,0,3,1000,0,0,100,0
3,stage_arrival,46,S24,1,switch,44,51720,92,0,0,3,217.722,0,0,100,0
3,stage_arrival,3,S27,0,switch,0,51732,53,0,0,3,119.129,0,0,87.354,0
3,stage_arrival,1,S01,0,switch,0,51726,39,0,0,3,159.728,0,0,100,0
3,stage_arrival,5,S63,0,switch,0,51733,61,0,0,3,259.679,0,0,100,0
3,stage_arrival,0,S00,5,terminal,0,51727,98,0,0,3,1000,0,0,100,0
3,stage_arrival,26,S33,0,switch,3,51731,66,0,0,3,174.708,0,0,100,0
3,allocate_send_arrival,31,S62,3,switch,5,51733,61,0,0,3,238.676,0,100,0,0
3,allocate_send_arrival,0,S00,5,terminal,0,51732,53,0,0,3,1000,0,100,1.45519e-14,0
3,allocate_send_arrival,0,S00,5,terminal,0,51725,113,0,0,3,1000,0,56.1525,0,0
3,allocate_send_arrival,0,S00,5,terminal,0,51724,112,0,0,3,1000,0,56.1525,0,0
3,allocate_send_arrival,0,S00,5,terminal,0,51730,100,0,0,3,1000,0,91.203,0,0
3,allocate_send_arrival,0,S00,5,terminal,0,51721,16,0,0,3,1000,0,100,1.45519e-14,0
3,allocate_send_arrival,0,S00,5,terminal,0,51734,109,0,0,3,1000,0,100,1.45519e-14,0
3,allocate_send_arrival,0,S00,5,terminal,0,51727,98,0,0,3,1000,0,100,1.45519e-14,0
3,allocate_send_arrival,48,S50,3,switch,10,51722,97,0,0,3,118.54,0,100,0,0
3,allocate_send_arrival,4,S37,0,switch,0,51725,113,0,0,3,203.508,0,60.4611,0,0
3,allocate_send_arrival,4,S37,0,switch,0,51724,112,0,0,3,203.508,0,51.8439,0,0
3,allocate_send_arrival,4,S37,0,switch,0,51730,100,0,0,3,203.508,0,82.406,17.594,0
3,enqueue_residual,4,S37,0,switch,0,51730,100,0,0,3,203.508,0,0,17.594,0
3,allocate_send_arrival,5,S63,0,switch,0,51733,61,0,0,3,259.679,0,100,0,0
3,allocate_send_arrival,43,S22,0,switch,0,51727,98,0,0,3,203.304,0,100,0,0
3,allocate_send_arrival,43,S22,0,switch,0,51720,92,0,0,3,203.304,0,100,0,0
3,allocate_send_arrival,57,S47,1,switch,50,51723,15,0,0,3,259.289,0,100,0,0
3,allocate_send_arrival,57,S47,1,switch,50,51728,103,0,0,3,259.289,0,100,0,0
3,allocate_send_arrival,10,S61,0,switch,1,51726,39,0,0,3,227.172,0,100,0,0
3,allocate_send_arrival,10,S61,0,switch,1,51722,97,0,0,3,227.172,0,100,0,0
3,allocate_send_arrival,6,S02,0,switch,1,51729,26,0,0,3,138.732,0,100,0,0
3,allocate_send_arrival,7,S45,2,switch,61,51723,15,0,0,3,100.666,0,100,0,0
3,allocate_send_arrival,44,S23,0,switch,43,51720,92,0,0,3,211.017,0,100,0,0
3,allocate_send_arrival,30,S14,2,switch,31,51733,61,0,0,3,290.433,0,100,0,0
3,allocate_send_arrival,26,S33,0,switch,3,51732,53,0,0,3,174.708,0,74.708,13.1002,0
3,enqueue_residual,26,S33,0,switch,3,51732,53,0,0,3,174.708,0,0,13.1002,0
3,allocate_send_arrival,26,S33,0,switch,3,51731,66,0,0,3,174.708,0,74.708,25.292,0
3,enqueue_residual,26,S33,0,switch,3,51731,66,0,0,3,174.708,0,0,25.292,0
3,allocate_send_arrival,19,S06,3,switch,10,51726,39,0,0,3,169.014,0,100,0,0
3,allocate_send_arrival,50,S38,2,switch,4,51728,103,0,0,3,290.506,0,100,0,0
3,allocate_send_arrival,50,S38,2,switch,4,51730,100,0,0,3,290.506,0,69.0384,0,0
3,allocate_send_arrival,56,S36,2,switch,4,51725,113,0,0,3,112.305,0,33.929,22.2235,0
3,enqueue_residual,56,S36,2,switch,4,51725,113,0,0,3,112.305,0,0,22.2235,0
3,allocate_send_arrival,56,S36,2,switch,4,51724,112,0,0,3,112.305,0,33.929,22.2235,0
3,enqueue_residual,56,S36,2,switch,4,51724,112,0,0,3,112.305,0,0,22.2235,0
3,allocate_send_arrival,51,S48,0,switch,57,51728,103,0,0,3,201.033,0,100,0,0
3,allocate_send_arrival,37,S32,0,switch,0,51734,109,0,0,3,103.31,0,100,0,0
3,allocate_send_arrival,42,S20,2,switch,3,51735,76,0,0,3,251.806,0,100,0,0
3,allocate_send_arrival,46,S24,1,switch,44,51720,92,0,0,3,217.722,0,100,0,0
3,allocate_send_arrival,61,S46,1,switch,57,51723,15,0,0,3,199.213,0,100,0,0
3,allocate_send_arrival,3,S27,0,switch,0,51731,66,0,0,3,119.129,0,39.7097,47.6443,0
3,enqueue_residual,3,S27,0,switch,0,51731,66,0,0,3,119.129,0,0,47.6443,0
3,allocate_send_arrival,3,S27,0,switch,0,51735,76,0,0,3,119.129,0,39.7097,60.2903,0
3,enqueue_residual,3,S27,0,switch,0,51735,76,0,0,3,119.129,0,0,52.3557,0
3,drop_shared_buffer_overflow,3,S27,0,switch,0,51735,76,0,0,3,119.129,0,0,0,7.93467
3,allocate_send_arrival,3,S27,0,switch,0,51732,53,0,0,3,119.129,0,39.7097,47.6443,0
3,drop_shared_buffer_overflow,3,S27,0,switch,0,51732,53,0,0,3,119.129,0,0,0,47.6443
3,allocate_send_arrival,13,S40,0,switch,6,51729,26,0,0,3,162.644,0,100,0,0
3,allocate_send_arrival,33,S34,0,switch,26,51731,66,0,0,3,235.741,0,88.1553,0,0
3,allocate_send_arrival,1,S01,0,switch,0,51721,16,0,0,3,159.728,0,39.932,60.068,0
3,enqueue_residual,1,S01,0,switch,0,51721,16,0,0,3,159.728,0,0,60.068,0
3,allocate_send_arrival,1,S01,0,switch,0,51729,26,0,0,3,159.728,0,39.932,60.068,0
3,enqueue_residual,1,S01,0,switch,0,51729,26,0,0,3,159.728,0,0,39.932,0
3,drop_shared_buffer_overflow,1,S01,0,switch,0,51729,26,0,0,3,159.728,0,0,0,20.136
3,allocate_send_arrival,1,S01,0,switch,0,51722,97,0,0,3,159.728,0,39.932,60.068,0
3,drop_shared_buffer_overflow,1,S01,0,switch,0,51722,97,0,0,3,159.728,0,0,0,60.068
3,allocate_send_arrival,1,S01,0,switch,0,51726,39,0,0,3,159.728,0,39.932,60.068,0
3,drop_shared_buffer_overflow,1,S01,0,switch,0,51726,39,0,0,3,159.728,0,0,0,60.068
3,allocate_send_arrival,38,S42,0,switch,42,51735,76,0,0,3,176.64,0,100,0,0
3,allocate_send_arrival,49,S26,0,switch,43,51727,98,0,0,3,126.404,0,100,0,0
3,allocate_send_arrival,8,S52,0,switch,1,51721,16,0,0,3,255.562,0,100,0,0
3,allocate_send_arrival,54,S31,1,switch,37,51734,109,0,0,3,242.335,0,100,0,0
4,allocate_send_buffered,1,S01,0,switch,0,51721,16,0,0,4,159.728,100,60.068,0,0
4,allocate_send_buffered,1,S01,0,switch,0,51729,26,0,0,4,159.728,100,39.932,0,0
4,allocate_send_buffered,4,S37,0,switch,0,51730,100,0,0,4,203.508,17.594,17.594,0,0
4,allocate_send_buffered,26,S33,0,switch,3,51732,53,0,0,4,174.708,38.3922,13.1002,0,0
4,allocate_send_buffered,26,S33,0,switch,3,51731,66,0,0,4,174.708,38.3922,25.292,0,0
4,allocate_send_buffered,56,S36,2,switch,4,51725,113,0,0,4,112.305,44.4469,22.2235,0,0
4,allocate_send_buffered,56,S36,2,switch,4,51724,112,0,0,4,112.305,44.4469,22.2235,0,0
4,allocate_send_buffered,3,S27,0,switch,0,51731,66,0,0,4,119.129,100,47.6443,0,0
4,allocate_send_buffered,3,S27,0,switch,0,51735,76,0,0,4,119.129,100,52.3557,7.27596e-15,0
4,stage_arrival,61,S46,1,switch,57,51723,15,0,0,4,199.213,0,0,100,0
4,stage_arrival,0,S00,5,terminal,0,51734,109,0,0,4,1000,0,0,100,0
4,stage_arrival,0,S00,5,terminal,0,51724,112,0,0,4,1000,0,0,51.8439,0
4,stage_arrival,3,S27,0,switch,0,51731,66,0,0,4,119.129,0,0,74.708,0
4,stage_arrival,4,S37,0,switch,0,51730,100,0,0,4,203.508,0,0,69.0384,0
4,stage_arrival,1,S01,0,switch,0,51721,16,0,0,4,159.728,0,0,100,0
4,stage_arrival,3,S27,0,switch,0,51732,53,0,0,4,119.129,0,0,74.708,0
4,stage_arrival,1,S01,0,switch,0,51729,26,0,0,4,159.728,0,0,100,0
4,stage_arrival,0,S00,5,terminal,0,51720,92,0,0,4,1000,0,0,100,0
4,stage_arrival,0,S00,5,terminal,0,51730,100,0,0,4,1000,0,0,82.406,0
4,stage_arrival,30,S14,2,switch,31,51733,61,0,0,4,290.433,0,0,100,0
4,stage_arrival,1,S01,0,switch,0,51722,97,0,0,4,159.728,0,0,100,0
4,stage_arrival,51,S48,0,switch,57,51728,103,0,0,4,201.033,0,0,100,0
4,stage_arrival,26,S33,0,switch,3,51731,66,0,0,4,174.708,0,0,88.1553,0
4,stage_arrival,0,S00,5,terminal,0,51732,53,0,0,4,1000,0,0,39.7097,0
4,stage_arrival,19,S06,3,switch,10,51726,39,0,0,4,169.014,0,0,40.3445,0
4,stage_arrival,6,S02,0,switch,1,51729,26,0,0,4,138.732,0,0,100,0
4,stage_arrival,13,S40,0,switch,6,51729,26,0,0,4,162.644,0,0,40.4853,0
4,stage_arrival_coalesce,3,S27,0,switch,0,51732,53,0,0,4,119.129,0,0,87.354,0
4,stage_arrival,0,S00,5,terminal,0,51721,16,0,0,4,1000,0,0,39.932,0
4,stage_arrival,43,S22,0,switch,0,51720,92,0,0,4,203.304,0,0,100,0
4,stage_arrival,10,S61,0,switch,1,51726,39,0,0,4,227.172,0,0,100,0
4,stage_arrival,4,S37,0,switch,0,51725,113,0,0,4,203.508,0,0,33.929,0
4,stage_arrival,44,S23,0,switch,43,51720,92,0,0,4,211.017,0,0,100,0
4,stage_arrival,7,S45,2,switch,61,51723,15,0,0,4,100.666,0,0,100,0
4,stage_arrival,42,S20,2,switch,3,51735,76,0,0,4,251.806,0,0,100,0
4,stage_arrival,57,S47,1,switch,50,51728,103,0,0,4,259.289,0,0,100,0
4,stage_arrival,5,S63,0,switch,0,51733,61,0,0,4,259.679,0,0,100,0
4,stage_arrival,50,S38,2,switch,4,51728,103,0,0,4,290.506,0,0,100,0
4,stage_arrival,4,S37,0,switch,0,51724,112,0,0,4,203.508,0,0,33.929,0
4,stage_arrival,50,S38,2,switch,4,51723,15,0,0,4,290.506,0,0,100,0
4,stage_arrival,46,S24,1,switch,44,51720,92,0,0,4,217.722,0,0,100,0
4,stage_arrival,0,S00,5,terminal,0,51729,26,0,0,4,1000,0,0,39.932,0
4,stage_arrival,0,S00,5,terminal,0,51735,76,0,0,4,1000,0,0,39.7097,0
4,stage_arrival_coalesce,3,S27,0,switch,0,51731,66,0,0,4,119.129,0,0,87.354,0
4,stage_arrival,0,S00,5,terminal,0,51726,39,0,0,4,1000,0,0,39.932,0
4,stage_arrival,0,S00,5,terminal,0,51727,98,0,0,4,1000,0,0,100,0
4,stage_arrival,0,S00,5,terminal,0,51725,113,0,0,4,1000,0,0,60.4611,0
4,stage_arrival,10,S61,0,switch,1,51722,97,0,0,4,227.172,0,0,100,0
4,stage_arrival,38,S42,0,switch,42,51735,76,0,0,4,176.64,0,0,40.4765,0
4,stage_arrival,43,S22,0,switch,0,51727,98,0,0,4,203.304,0,0,100,0
4,stage_arrival,50,S38,2,switch,4,51730,100,0,0,4,290.506,0,0,67.836,0
4,stage_arrival,4,S37,0,switch,0,51728,103,0,0,4,203.508,0,0,100,0
4,stage_arrival,56,S36,2,switch,4,51725,113,0,0,4,112.305,0,0,56.1525,0
4,stage_arrival,0,S00,5,terminal,0,51722,97,0,0,4,1000,0,0,39.932,0
4,stage_arrival,57,S47,1,switch,50,51723,15,0,0,4,259.289,0,0,100,0
4,stage_arrival,37,S32,0,switch,0,51734,109,0,0,4,103.31,0,0,100,0
4,stage_arrival,48,S50,3,switch,10,51722,97,0,0,4,118.54,0,0,40.3445,0
4,stage_arrival,26,S33,0,switch,3,51732,53,0,0,4,174.708,0,0,39.9669,0
4,stage_arrival,56,S36,2,switch,4,51724,112,0,0,4,112.305,0,0,56.1525,0
4,stage_arrival,0,S00,5,terminal,0,51731,66,0,0,4,1000,0,0,39.7097,0
4,stage_arrival,54,S31,1,switch,37,51734,109,0,0,4,242.335,0,0,100,0
4,stage_arrival,33,S34,0,switch,26,51731,66,0,0,4,235.741,0,0,39.9765,0
4,stage_arrival,0,S00,5,terminal,0,51733,61,0,0,4,1000,0,0,100,0
4,stage_arrival,8,S52,0,switch,1,51721,16,0,0,4,255.562,0,0,40.5789,0
4,stage_arrival,49,S26,0,switch,43,51727,98,0,0,4,126.404,0,0,100,0
4,stage_arrival,1,S01,0,switch,0,51726,39,0,0,4,159.728,0,0,100,0
4,stage_arrival_coalesce,4,S37,0,switch,0,51725,113,0,0,4,203.508,0,0,78.376,0
4,stage_arrival,31,S62,3,switch,5,51733,61,0,0,4,238.676,0,0,100,0
4,stage_arrival,3,S27,0,switch,0,51735,76,0,0,4,119.129,0,0,100,0
4,stage_arrival_coalesce,0,S00,5,terminal,0,51730,100,0,0,4,1000,0,0,91.203,0
4,allocate_send_arrival,31,S62,3,switch,5,51733,61,0,0,4,238.676,0,100,0,0
4,allocate_send_arrival,57,S47,1,switch,50,51728,103,0,0,4,259.289,0,100,0,0
4,allocate_send_arrival,57,S47,1,switch,50,51723,15,0,0,4,259.289,0,100,0,0
4,allocate_send_arrival,61,S46,1,switch,57,51723,15,0,0,4,199.213,0,100,0,0
4,allocate_send_arrival,46,S24,1,switch,44,51720,92,0,0,4,217.722,0,100,0,0
4,allocate_send_arrival,0,S00,5,terminal,0,51734,109,0,0,4,1000,0,100,0,0
4,allocate_send_arrival,0,S00,5,terminal,0,51724,112,0,0,4,1000,0,51.8439,0,0
4,allocate_send_arrival,0,S00,5,terminal,0,51720,92,0,0,4,1000,0,100,0,0
4,allocate_send_arrival,0,S00,5,terminal,0,51730,100,0,0,4,1000,0,91.203,0,0
4,allocate_send_arrival,0,S00,5,terminal,0,51732,53,0,0,4,1000,0,39.7097,0,0
4,allocate_send_arrival,0,S00,5,terminal,0,51721,16,0,0,4,1000,0,39.932,0,0
4,allocate_send_arrival,0,S00,5,terminal,0,51729,26,0,0,4,1000,0,39.932,0,0
4,allocate_send_arrival,0,S00,5,terminal,0,51735,76,0,0,4,1000,0,39.7097,0,0
4,allocate_send_arrival,0,S00,5,terminal,0,51726,39,0,0,4,1000,0,39.932,0,0
4,allocate_send_arrival,0,S00,5,terminal,0,51727,98,0,0,4,1000,0,100,0,0
4,allocate_send_arrival,0,S00,5,terminal,0,51725,113,0,0,4,1000,0,60.4611,0,0
4,allocate_send_arrival,0,S00,5,terminal,0,51722,97,0,0,4,1000,0,39.932,0,0
4,allocate_send_arrival,0,S00,5,terminal,0,51731,66,0,0,4,1000,0,39.7097,0,0
4,allocate_send_arrival,0,S00,5,terminal,0,51733,61,0,0,4,1000,0,100,0,0
4,allocate_send_arrival,8,S52,0,switch,1,51721,16,0,0,4,255.562,0,40.5789,0,0
4,allocate_send_arrival,49,S26,0,switch,43,51727,98,0,0,4,126.404,0,100,0,0
4,allocate_send_arrival,42,S20,2,switch,3,51735,76,0,0,4,251.806,0,100,0,0
4,allocate_send_arrival,1,S01,0,switch,0,51721,16,0,0,4,159.728,0,14.932,85.068,0
4,enqueue_residual,1,S01,0,switch,0,51721,16,0,0,4,159.728,0,0,85.068,0
4,allocate_send_arrival,1,S01,0,switch,0,51729,26,0,0,4,159.728,0,14.932,85.068,0
4,enqueue_residual,1,S01,0,switch,0,51729,26,0,0,4,159.728,0,0,14.932,0
4,drop_shared_buffer_overflow,1,S01,0,switch,0,51729,26,0,0,4,159.728,0,0,0,70.136
4,allocate_send_arrival,1,S01,0,switch,0,51722,97,0,0,4,159.728,0,14.932,85.068,0
4,drop_shared_buffer_overflow,1,S01,0,switch,0,51722,97,0,0,4,159.728,0,0,0,85.068
4,allocate_send_arrival,1,S01,0,switch,0,51726,39,0,0,4,159.728,0,14.932,85.068,0
4,drop_shared_buffer_overflow,1,S01,0,switch,0,51726,39,0,0,4,159.728,0,0,0,85.068
4,allocate_send_arrival,38,S42,0,switch,42,51735,76,0,0,4,176.64,0,40.4765,0,0
4,allocate_send_arrival,54,S31,1,switch,37,51734,109,0,0,4,242.335,0,100,0,0
4,allocate_send_arrival,5,S63,0,switch,0,51733,61,0,0,4,259.679,0,100,0,0
4,allocate_send_arrival,48,S50,3,switch,10,51722,97,0,0,4,118.54,0,40.3445,0,0
4,allocate_send_arrival,19,S06,3,switch,10,51726,39,0,0,4,169.014,0,40.3445,0,0
4,allocate_send_arrival,56,S36,2,switch,4,51725,113,0,0,4,112.305,0,33.929,22.2235,0
4,enqueue_residual,56,S36,2,switch,4,51725,113,0,0,4,112.305,0,0,22.2235,0
4,allocate_send_arrival,56,S36,2,switch,4,51724,112,0,0,4,112.305,0,33.929,22.2235,0
4,enqueue_residual,56,S36,2,switch,4,51724,112,0,0,4,112.305,0,0,22.2235,0
4,allocate_send_arrival,3,S27,0,switch,0,51731,66,0,0,4,119.129,0,6.37633,80.9777,0
4,enqueue_residual,3,S27,0,switch,0,51731,66,0,0,4,119.129,0,0,80.9777,0
4,allocate_send_arrival,3,S27,0,switch,0,51732,53,0,0,4,119.129,0,6.37633,80.9777,0
4,enqueue_residual,3,S27,0,switch,0,51732,53,0,0,4,119.129,0,0,19.0223,0
4,drop_shared_buffer_overflow,3,S27,0,switch,0,51732,53,0,0,4,119.129,0,0,0,61.9553
4,allocate_send_arrival,3,S27,0,switch,0,51735,76,0,0,4,119.129,0,6.37633,93.6237,0
4,drop_shared_buffer_overflow,3,S27,0,switch,0,51735,76,0,0,4,119.129,0,0,0,93.6237
4,allocate_send_arrival,13,S40,0,switch,6,51729,26,0,0,4,162.644,0,40.4853,0,0
4,allocate_send_arrival,33,S34,0,switch,26,51731,66,0,0,4,235.741,0,39.9765,0,0
4,allocate_send_arrival,50,S38,2,switch,4,51728,103,0,0,4,290.506,0,100,0,0
4,allocate_send_arrival,50,S38,2,switch,4,51723,15,0,0,4,290.506,0,100,0,0
4,allocate_send_arrival,50,S38,2,switch,4,51730,100,0,0,4,290.506,0,67.836,0,0
4,allocate_send_arrival,10,S61,0,switch,1,51726,39,0,0,4,227.172,0,100,0,0
4,allocate_send_arrival,10,S61,0,switch,1,51722,97,0,0,4,227.172,0,100,0,0
4,allocate_send_arrival,51,S48,0,switch,57,51728,103,0,0,4,201.033,0,100,0,0
4,allocate_send_arrival,7,S45,2,switch,61,51723,15,0,0,4,100.666,0,100,0,0
4,allocate_send_arrival,30,S14,2,switch,31,51733,61,0,0,4,290.433,0,100,0,0
4,allocate_send_arrival,4,S37,0,switch,0,51730,100,0,0,4,203.508,0,50.6617,18.3768,0
4,enqueue_residual,4,S37,0,switch,0,51730,100,0,0,4,203.508,0,0,18.3768,0
4,allocate_send_arrival,4,S37,0,switch,0,51725,113,0,0,4,203.508,0,50.6617,27.7143,0
4,enqueue_residual,4,S37,0,switch,0,51725,113,0,0,4,203.508,0,0,27.7143,0
4,allocate_send_arrival,4,S37,0,switch,0,51724,112,0,0,4,203.508,0,33.929,0,0
4,allocate_send_arrival,4,S37,0,switch,0,51728,103,0,0,4,203.508,0,50.6617,49.3383,0
4,enqueue_residual,4,S37,0,switch,0,51728,103,0,0,4,203.508,0,0,49.3383,0
4,allocate_send_arrival,43,S22,0,switch,0,51720,92,0,0,4,203.304,0,100,0,0
4,allocate_send_arrival,43,S22,0,switch,0,51727,98,0,0,4,203.304,0,100,0,0
4,allocate_send_arrival,44,S23,0,switch,43,51720,92,0,0,4,211.017,0,100,0,0
4,allocate_send_arrival,37,S32,0,switch,0,51734,109,0,0,4,103.31,0,100,0,0
4,allocate_send_arrival,6,S02,0,switch,1,51729,26,0,0,4,138.732,0,100,0,0
4,allocate_send_arrival,26,S33,0,switch,3,51731,66,0,0,4,174.708,0,88.1553,0,0
4,allocate_send_arrival,26,S33,0,switch,3,51732,53,0,0,4,174.708,0,39.9669,0,0
5,allocate_send_buffered,3,S27,0,switch,0,51731,66,0,0,5,119.129,100,80.9777,0,0
5,allocate_send_buffered,3,S27,0,switch,0,51732,53,0,0,5,119.129,100,19.0223,0,0
5,allocate_send_buffered,56,S36,2,switch,4,51725,113,0,0,5,112.305,44.4469,22.2235,0,0
5,allocate_send_buffered,56,S36,2,switch,4,51724,112,0,0,5,112.305,44.4469,22.2235,0,0
5,allocate_send_buffered,4,S37,0,switch,0,51730,100,0,0,5,203.508,95.4294,18.3768,0,0
5,allocate_send_buffered,4,S37,0,switch,0,51725,113,0,0,5,203.508,95.4294,27.7143,0,0
5,allocate_send_buffered,4,S37,0,switch,0,51728,103,0,0,5,203.508,95.4294,49.3383,7.27596e-15,0
5,allocate_send_buffered,1,S01,0,switch,0,51721,16,0,0,5,159.728,100,85.068,0,0
5,allocate_send_buffered,1,S01,0,switch,0,51729,26,0,0,5,159.728,100,14.932,0,0
5,stage_arrival,0,S00,5,terminal,0,51728,103,0,0,5,1000,0,0,50.6617,0
5,stage_arrival,4,S37,0,switch,0,51728,103,0,0,5,203.508,0,0,100,0
5,stage_arrival,57,S47,1,switch,50,51723,15,0,0,5,259.289,0,0,100,0
5,stage_arrival,4,S37,0,switch,0,51724,112,0,0,5,203.508,0,0,33.929,0
5,stage_arrival,57,S47,1,switch,50,51728,103,0,0,5,259.289,0,0,100,0
5,stage_arrival,54,S31,1,switch,37,51734,109,0,0,5,242.335,0,0,71.6071,0
5,stage_arrival,4,S37,0,switch,0,51725,113,0,0,5,203.508,0,0,33.929,0
5,stage_arrival,1,S01,0,switch,0,51721,16,0,0,5,159.728,0,0,40.5789,0
5,stage_arrival,0,S00,5,terminal,0,51731,66,0,0,5,1000,0,0,47.6443,0
5,stage_arrival,0,S00,5,terminal,0,51720,92,0,0,5,1000,0,0,100,0
5,stage_arrival,49,S26,0,switch,43,51727,98,0,0,5,126.404,0,0,71.5978,0
5,stage_arrival,5,S63,0,switch,0,51733,61,0,0,5,259.679,0,0,100,0
5,stage_arrival,19,S06,3,switch,10,51726,39,0,0,5,169.014,0,0,39.932,0
5,stage_arrival,0,S00,5,terminal,0,51729,26,0,0,5,1000,0,0,39.932,0
5,stage_arrival,43,S22,0,switch,0,51720,92,0,0,5,203.304,0,0,100,0
5,stage_arrival,50,S38,2,switch,4,51728,103,0,0,5,290.506,0,0,100,0
5,stage_arrival,1,S01,0,switch,0,51729,26,0,0,5,159.728,0,0,100,0
5,stage_arrival,0,S00,5,terminal,0,51724,112,0,0,5,1000,0,0,33.929,0
5,stage_arrival,3,S27,0,switch,0,51731,66,0,0,5,119.129,0,0,88.1553,0
5,stage_arrival,0,S00,5,terminal,0,51730,100,0,0,5,1000,0,0,17.594,0
5,stage_arrival,30,S14,2,switch,31,51733,61,0,0,5,290.433,0,0,72.3986,0
5,stage_arrival,8,S52,0,switch,1,51721,16,0,0,5,255.562,0,0,39.932,0
5,stage_arrival,0,S00,5,terminal,0,51721,16,0,0,5,1000,0,0,14.932,0
5,stage_arrival,50,S38,2,switch,4,51730,100,0,0,5,290.506,0,0,50.9686,0
5,stage_arrival,37,S32,0,switch,0,51734,109,0,0,5,103.31,0,0,100,0
5,stage_arrival_coalesce,0,S00,5,terminal,0,51729,26,0,0,5,1000,0,0,54.864,0
5,stage_arrival_coalesce,4,S37,0,switch,0,51724,112,0,0,5,203.508,0,0,56.1525,0
5,stage_arrival,0,S00,5,terminal,0,51735,76,0,0,5,1000,0,0,52.3557,0
5,stage_arrival,31,S62,3,switch,5,51733,61,0,0,5,238.676,0,0,100,0
5,stage_arrival,51,S48,0,switch,57,51728,103,0,0,5,201.033,0,0,51.3302,0
5,stage_arrival,10,S61,0,switch,1,51726,39,0,0,5,227.172,0,0,40.3445,0
5,stage_arrival,3,S27,0,switch,0,51735,76,0,0,5,119.129,0,0,100,0
5,stage_arrival,4,S37,0,switch,0,51723,15,0,0,5,203.508,0,0,100,0
5,stage_arrival,13,S40,0,switch,6,51729,26,0,0,5,162.644,0,0,39.932,0
5,stage_arrival,56,S36,2,switch,4,51725,113,0,0,5,112.305,0,0,50.9055,0
5,stage_arrival,0,S00,5,terminal,0,51727,98,0,0,5,1000,0,0,100,0
5,stage_arrival,6,S02,0,switch,1,51729,26,0,0,5,138.732,0,0,40.4853,0
5,stage_arrival,0,S00,5,terminal,0,51733,61,0,0,5,1000,0,0,100,0
5,stage_arrival,38,S42,0,switch,42,51735,76,0,0,5,176.64,0,0,39.7097,0
5,stage_arrival_coalesce,0,S00,5,terminal,0,51721,16,0,0,5,1000,0,0,75,0
5,stage_arrival,0,S00,5,terminal,0,51722,97,0,0,5,1000,0,0,14.932,0
5,stage_arrival,0,S00,5,terminal,0,51725,113,0,0,5,1000,0,0,50.6617,0
5,stage_arrival_coalesce,0,S00,5,terminal,0,51731,66,0,0,5,1000,0,0,54.0207,0
5,stage_arrival,56,S36,2,switch,4,51724,112,0,0,5,112.305,0,0,50.9055,0
5,stage_arrival,0,S00,5,terminal,0,51726,39,0,0,5,1000,0,0,14.932,0
5,stage_arrival,48,S50,3,switch,10,51722,97,0,0,5,118.54,0,0,39.932,0
5,stage_arrival,0,S00,5,terminal,0,51734,109,0,0,5,1000,0,0,100,0
5,stage_arrival,10,S61,0,switch,1,51722,97,0,0,5,227.172,0,0,40.3445,0
5,stage_arrival,1,S01,0,switch,0,51722,97,0,0,5,159.728,0,0,100,0
5,stage_arrival,4,S37,0,switch,0,51730,100,0,0,5,203.508,0,0,67.836,0
5,stage_arrival,26,S33,0,switch,3,51731,66,0,0,5,174.708,0,0,39.9765,0
5,stage_arrival,3,S27,0,switch,0,51732,53,0,0,5,119.129,0,0,39.9669,0
5,stage_arrival,33,S34,0,switch,26,51731,66,0,0,5,235.741,0,0,39.7097,0
5,stage_arrival,50,S38,2,switch,4,51723,15,0,0,5,290.506,0,0,100,0
5,stage_arrival_coalesce,3,S27,0,switch,0,51732,53,0,0,5,119.129,0,0,53.0672,0
5,stage_arrival_coalesce,0,S00,5,terminal,0,51735,76,0,0,5,1000,0,0,58.732,0
5,stage_arrival,42,S20,2,switch,3,51735,76,0,0,5,251.806,0,0,40.4765,0
5,stage_arrival,0,S00,5,terminal,0,51732,53,0,0,5,1000,0,0,6.37633,0
5,stage_arrival,46,S24,1,switch,44,51720,92,0,0,5,217.722,0,0,71.6039,0
5,stage_arrival,7,S45,2,switch,61,51723,15,0,0,5,100.666,0,0,100,0
5,stage_arrival,43,S22,0,switch,0,51727,98,0,0,5,203.304,0,0,100,0
5,stage_arrival_coalesce,0,S00,5,terminal,0,51730,100,0,0,5,1000,0,0,68.2557,0
5,stage_arrival,44,S23,0,switch,43,51720,92,0,0,5,211.017,0,0,100,0
5,stage_arrival,26,S33,0,switch,3,51732,53,0,0,5,174.708,0,0,39.7097,0
5,stage_arrival_coalesce,4,S37,0,switch,0,51725,113,0,0,5,203.508,0,0,56.1525,0
5,stage_arrival,61,S46,1,switch,57,51723,15,0,0,5,199.213,0,0,100,0
5,stage_arrival_coalesce,3,S27,0,switch,0,51731,66,0,0,5,119.129,0,0,113.447,0
5,stage_arrival,1,S01,0,switch,0,51726,39,0,0,5,159.728,0,0,100,0
5,allocate_send_arrival,1,S01,0,switch,0,51721,16,0,0,5,159.728,0,14.932,25.6469,0
5,enqueue_residual,1,S01,0,switch,0,51721,16,0,0,5,159.728,0,0,25.6469,0
5,allocate_send_arrival,1,S01,0,switch,0,51729,26,0,0,5,159.728,0,14.932,85.068,0
5,enqueue_residual,1,S01,0,switch,0,51729,26,0,0,5,159.728,0,0,74.3531,0
5,drop_shared_buffer_overflow,1,S01,0,switch,0,51729,26,0,0,5,159.728,0,0,0,10.7149
5,allocate_send_arrival,1,S01,0,switch,0,51722,97,0,0,5,159.728,0,14.932,85.068,0
5,drop_shared_buffer_overflow,1,S01,0,switch,0,51722,97,0,0,5,159.728,0,0,0,85.068
5,allocate_send_arrival,1,S01,0,switch,0,51726,39,0,0,5,159.728,0,14.932,85.068,0
5,drop_shared_buffer_overflow,1,S01,0,switch,0,51726,39,0,0,5,159.728,0,0,0,85.068
5,allocate_send_arrival,0,S00,5,terminal,0,51728,103,0,0,5,1000,0,50.6617,0,0
5,allocate_send_arrival,0,S00,5,terminal,0,51731,66,0,0,5,1000,0,54.0207,0,0
5,allocate_send_arrival,0,S00,5,terminal,0,51720,92,0,0,5,1000,0,100,0,0
5,allocate_send_arrival,0,S00,5,terminal,0,51729,26,0,0,5,1000,0,54.864,0,0
5,allocate_send_arrival,0,S00,5,terminal,0,51724,112,0,0,5,1000,0,33.929,0,0
5,allocate_send_arrival,0,S00,5,terminal,0,51730,100,0,0,5,1000,0,68.2557,0,0
5,allocate_send_arrival,0,S00,5,terminal,0,51721,16,0,0,5,1000,0,75,0,0
5,allocate_send_arrival,0,S00,5,terminal,0,51735,76,0,0,5,1000,0,58.732,0,0
5,allocate_send_arrival,0,S00,5,terminal,0,51727,98,0,0,5,1000,0,100,0,0
5,allocate_send_arrival,0,S00,5,terminal,0,51733,61,0,0,5,1000,0,100,0,0
5,allocate_send_arrival,0,S00,5,terminal,0,51722,97,0,0,5,1000,0,14.932,0,0
5,allocate_send_arrival,0,S00,5,terminal,0,51725,113,0,0,5,1000,0,50.6617,0,0
5,allocate_send_arrival,0,S00,5,terminal,0,51726,39,0,0,5,1000,0,14.932,0,0
5,allocate_send_arrival,0,S00,5,terminal,0,51734,109,0,0,5,1000,0,100,0,0
5,allocate_send_arrival,0,S00,5,terminal,0,51732,53,0,0,5,1000,0,6.37633,0,0
5,allocate_send_arrival,43,S22,0,switch,0,51720,92,0,0,5,203.304,0,100,0,0
5,allocate_send_arrival,43,S22,0,switch,0,51727,98,0,0,5,203.304,0,100,0,0
5,allocate_send_arrival,44,S23,0,switch,43,51720,92,0,0,5,211.017,0,100,0,0
5,allocate_send_arrival,4,S37,0,switch,0,51728,103,0,0,5,203.508,0,21.6157,78.3843,0
5,enqueue_residual,4,S37,0,switch,0,51728,103,0,0,5,203.508,0,0,78.3843,0
5,allocate_send_arrival,4,S37,0,switch,0,51724,112,0,0,5,203.508,0,21.6157,34.5368,0
5,enqueue_residual,4,S37,0,switch,0,51724,112,0,0,5,203.508,0,0,21.6157,0
5,drop_shared_buffer_overflow,4,S37,0,switch,0,51724,112,0,0,5,203.508,0,0,0,12.9211
5,allocate_send_arrival,4,S37,0,switch,0,51725,113,0,0,5,203.508,0,21.6157,34.5368,0
5,drop_shared_buffer_overflow,4,S37,0,switch,0,51725,113,0,0,5,203.508,0,0,0,34.5368
5,allocate_send_arrival,4,S37,0,switch,0,51723,15,0,0,5,203.508,0,21.6157,78.3843,0
5,drop_shared_buffer_overflow,4,S37,0,switch,0,51723,15,0,0,5,203.508,0,0,0,78.3843
5,allocate_send_arrival,4,S37,0,switch,0,51730,100,0,0,5,203.508,0,21.6157,46.2203,0
5,drop_shared_buffer_overflow,4,S37,0,switch,0,51730,100,0,0,5,203.508,0,0,0,46.2203
5,allocate_send_arrival,42,S20,2,switch,3,51735,76,0,0,5,251.806,0,40.4765,0,0
5,allocate_send_arrival,37,S32,0,switch,0,51734,109,0,0,5,103.31,0,100,0,0
5,allocate_send_arrival,7,S45,2,switch,61,51723,15,0,0,5,100.666,0,100,0,0
5,allocate_send_arrival,26,S33,0,switch,3,51731,66,0,0,5,174.708,0,39.9765,7.27596e-15,0
5,allocate_send_arrival,26,S33,0,switch,3,51732,53,0,0,5,174.708,0,39.7097,0,0
5,allocate_send_arrival,49,S26,0,switch,43,51727,98,0,0,5,126.404,0,71.5978,0,0
5,allocate_send_arrival,13,S40,0,switch,6,51729,26,0,0,5,162.644,0,39.932,0,0
5,allocate_send_arrival,3,S27,0,switch,0,51731,66,0,0,5,119.129,0,6.37633,107.071,0
5,enqueue_residual,3,S27,0,switch,0,51731,66,0,0,5,119.129,0,0,100,0
5,drop_shared_buffer_overflow,3,S27,0,switch,0,51731,66,0,0,5,119.129,0,0,0,7.07096
5,allocate_send_arrival,3,S27,0,switch,0,51735,76,0,0,5,119.129,0,6.37633,93.6237,0
5,drop_shared_buffer_overflow,3,S27,0,switch,0,51735,76,0,0,5,119.129,0,0,0,93.6237
5,allocate_send_arrival,3,S27,0,switch,0,51732,53,0,0,5,119.129,0,6.37633,46.6909,0
5,drop_shared_buffer_overflow,3,S27,0,switch,0,51732,53,0,0,5,119.129,0,0,0,46.6909
5,allocate_send_arrival,8,S52,0,switch,1,51721,16,0,0,5,255.562,0,39.932,0,0
5,allocate_send_arrival,5,S63,0,switch,0,51733,61,0,0,5,259.679,0,100,0,0
5,allocate_send_arrival,56,S36,2,switch,4,51725,113,0,0,5,112.305,0,33.929,16.9764,0
5,enqueue_residual,56,S36,2,switch,4,51725,113,0,0,5,112.305,0,0,16.9764,0
5,allocate_send_arrival,56,S36,2,switch,4,51724,112,0,0,5,112.305,0,33.929,16.9764,0
5,enqueue_residual,56,S36,2,switch,4,51724,112,0,0,5,112.305,0,0,16.9764,0
5,allocate_send_arrival,57,S47,1,switch,50,51723,15,0,0,5,259.289,0,100,0,0
5,allocate_send_arrival,57,S47,1,switch,50,51728,103,0,0,5,259.289,0,100,0,0
5,allocate_send_arrival,10,S61,0,switch,1,51726,39,0,0,5,227.172,0,40.3445,0,0
5,allocate_send_arrival,10,S61,0,switch,1,51722,97,0,0,5,227.172,0,40.3445,0,0
5,allocate_send_arrival,6,S02,0,switch,1,51729,26,0,0,5,138.732,0,40.4853,0,0
5,allocate_send_arrival,48,S50,3,switch,10,51722,97,0,0,5,118.54,0,39.932,0,0
5,allocate_send_arrival,51,S48,0,switch,57,51728,103,0,0,5,201.033,0,51.3302,0,0
5,allocate_send_arrival,50,S38,2,switch,4,51728,103,0,0,5,290.506,0,100,0,0
5,allocate_send_arrival,50,S38,2,switch,4,51730,100,0,0,5,290.506,0,50.9686,0,0
5,allocate_send_arrival,50,S38,2,switch,4,51723,15,0,0,5,290.506,0,100,0,0
5,allocate_send_arrival,30,S14,2,switch,31,51733,61,0,0,5,290.433,0,72.3986,0,0
5,allocate_send_arrival,54,S31,1,switch,37,51734,109,0,0,5,242.335,0,71.6071,0,0
5,allocate_send_arrival,38,S42,0,switch,42,51735,76,0,0,5,176.64,0,39.7097,0,0
5,allocate_send_arrival,33,S34,0,switch,26,51731,66,0,0,5,235.741,0,39.7097,0,0
5,allocate_send_arrival,61,S46,1,switch,57,51723,15,0,0,5,199.213,0,100,0,0
5,allocate_send_arrival,19,S06,3,switch,10,51726,39,0,0,5,169.014,0,39.932,0,0
5,allocate_send_arrival,31,S62,3,switch,5,51733,61,0,0,5,238.676,0,100,0,0
5,allocate_send_arrival,46,S24,1,switch,44,51720,92,0,0,5,217.722,0,71.6039,0,0
6,allocate_send_buffered,56,S36,2,switch,4,51725,113,0,0,6,112.305,33.9529,16.9764,0,0
6,allocate_send_buffered,56,S36,2,switch,4,51724,112,0,0,6,112.305,33.9529,16.9764,0,0
6,allocate_send_buffered,3,S27,0,switch,0,51731,66,0,0,6,119.129,100,100,0,0
6,allocate_send_buffered,1,S01,0,switch,0,51721,16,0,0,6,159.728,100,25.6469,0,0
6,allocate_send_buffered,1,S01,0,switch,0,51729,26,0,0,6,159.728,100,74.3531,0,0
6,allocate_send_buffered,4,S37,0,switch,0,51728,103,0,0,6,203.508,100,78.3843,0,0
6,allocate_send_buffered,4,S37,0,switch,0,51724,112,0,0,6,203.508,100,21.6157,0,0
6,stage_arrival,4,S37,0,switch,0,51728,103,0,0,6,203.508,0,0,100,0
6,stage_arrival,0,S00,5,terminal,0,51723,15,0,0,6,1000,0,0,21.6157,0
6,stage_arrival,0,S00,5,terminal,0,51732,53,0,0,6,1000,0,0,6.37633,0
6,stage_arrival,1,S01,0,switch,0,51721,16,0,0,6,159.728,0,0,39.932,0
6,stage_arrival,0,S00,5,terminal,0,51730,100,0,0,6,1000,0,0,21.6157,0
6,stage_arrival,3,S27,0,switch,0,51731,66,0,0,6,119.129,0,0,39.9765,0
6,stage_arrival,0,S00,5,terminal,0,51726,39,0,0,6,1000,0,0,14.932,0
6,stage_arrival,3,S27,0,switch,0,51735,76,0,0,6,119.129,0,0,40.4765,0
6,stage_arrival,0,S00,5,terminal,0,51721,16,0,0,6,1000,0,0,14.932,0
6,stage_arrival,0,S00,5,terminal,0,51722,97,0,0,6,1000,0,0,14.932,0
6,stage_arrival,3,S27,0,switch,0,51732,53,0,0,6,119.129,0,0,39.7097,0
6,stage_arrival,0,S00,5,terminal,0,51725,113,0,0,6,1000,0,0,21.6157,0
6,stage_arrival,0,S00,5,terminal,0,51728,103,0,0,6,1000,0,0,49.3383,0
6,stage_arrival,4,S37,0,switch,0,51724,112,0,0,6,203.508,0,0,22.2235,0
6,stage_arrival,10,S61,0,switch,1,51726,39,0,0,6,227.172,0,0,39.932,0
6,stage_arrival,26,S33,0,switch,3,51732,53,0,0,6,174.708,0,0,39.7097,0
6,stage_arrival_coalesce,4,S37,0,switch,0,51724,112,0,0,6,203.508,0,0,56.1525,0
6,stage_arrival,1,S01,0,switch,0,51729,26,0,0,6,159.728,0,0,40.4853,0
6,stage_arrival,0,S00,5,terminal,0,51733,61,0,0,6,1000,0,0,100,0
6,stage_arrival,31,S62,3,switch,5,51733,61,0,0,6,238.676,0,0,72.3986,0
6,stage_arrival,7,S45,2,switch,61,51723,15,0,0,6,100.666,0,0,41.0614,0
6,stage_arrival,4,S37,0,switch,0,51730,100,0,0,6,203.508,0,0,50.9686,0
6,stage_arrival,42,S20,2,switch,3,51735,76,0,0,6,251.806,0,0,39.7097,0
6,stage_arrival,50,S38,2,switch,4,51723,15,0,0,6,290.506,0,0,100,0
6,stage_arrival_coalesce,0,S00,5,terminal,0,51728,103,0,0,6,1000,0,0,70.9541,0
6,stage_arrival,57,S47,1,switch,50,51723,15,0,0,6,259.289,0,0,100,0
6,stage_arrival,56,S36,2,switch,4,51724,112,0,0,6,112.305,0,0,40.7565,0
6,stage_arrival,0,S00,5,terminal,0,51731,66,0,0,6,1000,0,0,6.37633,0
6,stage_arrival,49,S26,0,switch,43,51727,98,0,0,6,126.404,0,0,66.6933,0
6,stage_arrival,4,S37,0,switch,0,51725,113,0,0,6,203.508,0,0,22.2235,0
6,stage_arrival,0,S00,5,terminal,0,51729,26,0,0,6,1000,0,0,14.932,0
6,stage_arrival_coalesce,0,S00,5,terminal,0,51730,100,0,0,6,1000,0,0,39.9925,0
6,stage_arrival,48,S50,3,switch,10,51722,97,0,0,6,118.54,0,0,39.932,0
6,stage_arrival,26,S33,0,switch,3,51731,66,0,0,6,174.708,0,0,39.7097,0
6,stage_arrival,51,S48,0,switch,57,51728,103,0,0,6,201.033,0,0,40.7606,0
6,stage_arrival,0,S00,5,terminal,0,51724,112,0,0,6,1000,0,0,21.6157,0
6,stage_arrival_coalesce,0,S00,5,terminal,0,51725,113,0,0,6,1000,0,0,49.33,0
6,stage_arrival,46,S24,1,switch,44,51720,92,0,0,6,217.722,0,0,66.6943,0
6,stage_arrival,19,S06,3,switch,10,51726,39,0,0,6,169.014,0,0,39.932,0
6,stage_arrival,1,S01,0,switch,0,51722,97,0,0,6,159.728,0,0,40.3445,0
6,stage_arrival,44,S23,0,switch,43,51720,92,0,0,6,211.017,0,0,71.6039,0
6,stage_arrival,50,S38,2,switch,4,51728,103,0,0,6,290.506,0,0,100,0
6,stage_arrival,57,S47,1,switch,50,51728,103,0,0,6,259.289,0,0,51.3302,0
6,stage_arrival,50,S38,2,switch,4,51730,100,0,0,6,290.506,0,0,40.7565,0
6,stage_arrival,37,S32,0,switch,0,51734,109,0,0,6,103.31,0,0,71.6071,0
6,stage_arrival,30,S14,2,switch,31,51733,61,0,0,6,290.433,0,0,66.6943,0
6,stage_arrival,8,S52,0,switch,1,51721,16,0,0,6,255.562,0,0,39.932,0
6,stage_arrival,13,S40,0,switch,6,51729,26,0,0,6,162.644,0,0,39.932,0
6,stage_arrival,0,S00,5,terminal,0,51720,92,0,0,6,1000,0,0,100,0
6,stage_arrival,0,S00,5,terminal,0,51727,98,0,0,6,1000,0,0,100,0
6,stage_arrival,6,S02,0,switch,1,51729,26,0,0,6,138.732,0,0,39.932,0
6,stage_arrival,43,S22,0,switch,0,51720,92,0,0,6,203.304,0,0,100,0
6,stage_arrival_coalesce,0,S00,5,terminal,0,51729,26,0,0,6,1000,0,0,29.864,0
6,stage_arrival,0,S00,5,terminal,0,51735,76,0,0,6,1000,0,0,6.37633,0
6,stage_arrival,10,S61,0,switch,1,51722,97,0,0,6,227.172,0,0,39.932,0
6,stage_arrival_coalesce,4,S37,0,switch,0,51725,113,0,0,6,203.508,0,0,56.1525,0
6,stage_arrival,56,S36,2,switch,4,51725,113,0,0,6,112.305,0,0,40.7565,0
6,stage_arrival,5,S63,0,switch,0,51733,61,0,0,6,259.679,0,0,100,0
6,stage_arrival,1,S01,0,switch,0,51726,39,0,0,6,159.728,0,0,40.3445,0
6,stage_arrival,61,S46,1,switch,57,51723,15,0,0,6,199.213,0,0,100,0
6,stage_arrival,43,S22,0,switch,0,51727,98,0,0,6,203.304,0,0,71.5978,0
6,stage_arrival_coalesce,0,S00,5,terminal,0,51731,66,0,0,6,1000,0,0,87.354,0
6,stage_arrival,4,S37,0,switch,0,51723,15,0,0,6,203.508,0,0,100,0
6,stage_arrival,54,S31,1,switch,37,51734,109,0,0,6,242.335,0,0,66.6933,0
6,stage_arrival,38,S42,0,switch,42,51735,76,0,0,6,176.64,0,0,39.7097,0
6,stage_arrival_coalesce,0,S00,5,terminal,0,51721,16,0,0,6,1000,0,0,100,0
6,stage_arrival,33,S34,0,switch,26,51731,66,0,0,6,235.741,0,0,39.7097,0
6,stage_arrival_coalesce,0,S00,5,terminal,0,51732,53,0,0,6,1000,0,0,25.3987,0
6,stage_arrival,0,S00,5,terminal,0,51734,109,0,0,6,1000,0,0,100,0
6,allocate_send_arrival,5,S63,0,switch,0,51733,61,0,0,6,259.679,0,100,0,0
6,allocate_send_arrival,50,S38,2,switch,4,51723,15,0,0,6,290.506,0,100,0,0
6,allocate_send_arrival,50,S38,2,switch,4,51728,103,0,0,6,290.506,0,100,0,0
6,allocate_send_arrival,50,S38,2,switch,4,51730,100,0,0,6,290.506,0,40.7565,0,0
6,allocate_send_arrival,37,S32,0,switch,0,51734,109,0,0,6,103.31,0,71.6071,0,0
6,allocate_send_arrival,1,S01,0,switch,0,51721,16,0,0,6,159.728,0,14.932,25,0
6,enqueue_residual,1,S01,0,switch,0,51721,16,0,0,6,159.728,0,0,25,0
6,allocate_send_arrival,1,S01,0,switch,0,51729,26,0,0,6,159.728,0,14.932,25.5533,0
6,enqueue_residual,1,S01,0,switch,0,51729,26,0,0,6,159.728,0,0,25.5533,0
6,allocate_send_arrival,1,S01,0,switch,0,51722,97,0,0,6,159.728,0,14.932,25.4125,0
6,enqueue_residual,1,S01,0,switch,0,51722,97,0,0,6,159.728,0,0,25.4125,0
6,allocate_send_arrival,1,S01,0,switch,0,51726,39,0,0,6,159.728,0,14.932,25.4125,0
6,enqueue_residual,1,S01,0,switch,0,51726,39,0,0,6,159.728,0,0,24.0343,0
6,drop_shared_buffer_overflow,1,S01,0,switch,0,51726,39,0,0,6,159.728,0,0,0,1.3782
6,allocate_send_arrival,48,S50,3,switch,10,51722,97,0,0,6,118.54,0,39.932,0,0
6,allocate_send_arrival,49,S26,0,switch,43,51727,98,0,0,6,126.404,0,66.6933,0,0
6,allocate_send_arrival,44,S23,0,switch,43,51720,92,0,0,6,211.017,0,71.6039,0,0
6,allocate_send_arrival,46,S24,1,switch,44,51720,92,0,0,6,217.722,0,66.6943,0,0
6,allocate_send_arrival,43,S22,0,switch,0,51720,92,0,0,6,203.304,0,100,0,0
6,allocate_send_arrival,43,S22,0,switch,0,51727,98,0,0,6,203.304,0,71.5978,0,0
6,allocate_send_arrival,38,S42,0,switch,42,51735,76,0,0,6,176.64,0,39.7097,0,0
6,allocate_send_arrival,51,S48,0,switch,57,51728,103,0,0,6,201.033,0,40.7606,0,0
6,allocate_send_arrival,3,S27,0,switch,0,51731,66,0,0,6,119.129,0,6.37633,33.6001,0
6,enqueue_residual,3,S27,0,switch,0,51731,66,0,0,6,119.129,0,0,33.6001,0
6,allocate_send_arrival,3,S27,0,switch,0,51735,76,0,0,6,119.129,0,6.37633,34.1001,0
6,enqueue_residual,3,S27,0,switch,0,51735,76,0,0,6,119.129,0,0,34.1001,0
6,allocate_send_arrival,3,S27,0,switch,0,51732,53,0,0,6,119.129,0,6.37633,33.3333,0
6,enqueue_residual,3,S27,0,switch,0,51732,53,0,0,6,119.129,0,0,32.2997,0
6,drop_shared_buffer_overflow,3,S27,0,switch,0,51732,53,0,0,6,119.129,0,0,0,1.03362
6,allocate_send_arrival,8,S52,0,switch,1,51721,16,0,0,6,255.562,0,39.932,0,0
6,allocate_send_arrival,61,S46,1,switch,57,51723,15,0,0,6,199.213,0,100,0,0
6,allocate_send_arrival,54,S31,1,switch,37,51734,109,0,0,6,242.335,0,66.6933,0,0
6,allocate_send_arrival,30,S14,2,switch,31,51733,61,0,0,6,290.433,0,66.6943,0,0
6,allocate_send_arrival,57,S47,1,switch,50,51723,15,0,0,6,259.289,0,100,0,0
6,allocate_send_arrival,57,S47,1,switch,50,51728,103,0,0,6,259.289,0,51.3302,0,0
6,allocate_send_arrival,10,S61,0,switch,1,51726,39,0,0,6,227.172,0,39.932,0,0
6,allocate_send_arrival,10,S61,0,switch,1,51722,97,0,0,6,227.172,0,39.932,0,0
6,allocate_send_arrival,42,S20,2,switch,3,51735,76,0,0,6,251.806,0,39.7097,0,0
6,allocate_send_arrival,7,S45,2,switch,61,51723,15,0,0,6,100.666,0,41.0614,0,0
6,allocate_send_arrival,31,S62,3,switch,5,51733,61,0,0,6,238.676,0,72.3986,0,0
6,allocate_send_arrival,19,S06,3,switch,10,51726,39,0,0,6,169.014,0,39.932,0,0
6,allocate_send_arrival,6,S02,0,switch,1,51729,26,0,0,6,138.732,0,39.932,0,0
6,allocate_send_arrival,26,S33,0,switch,3,51732,53,0,0,6,174.708,0,39.7097,0,0
6,allocate_send_arrival,26,S33,0,switch,3,51731,66,0,0,6,174.708,0,39.7097,0,0
6,allocate_send_arrival,0,S00,5,terminal,0,51723,15,0,0,6,1000,0,21.6157,0,0
6,allocate_send_arrival,0,S00,5,terminal,0,51732,53,0,0,6,1000,0,25.3987,0,0
6,allocate_send_arrival,0,S00,5,terminal,0,51730,100,0,0,6,1000,0,39.9925,0,0
6,allocate_send_arrival,0,S00,5,terminal,0,51726,39,0,0,6,1000,0,14.932,0,0
6,allocate_send_arrival,0,S00,5,terminal,0,51721,16,0,0,6,1000,0,100,2.91038e-14,0
6,allocate_send_arrival,0,S00,5,terminal,0,51722,97,0,0,6,1000,0,14.932,0,0
6,allocate_send_arrival,0,S00,5,terminal,0,51725,113,0,0,6,1000,0,49.33,0,0
6,allocate_send_arrival,0,S00,5,terminal,0,51728,103,0,0,6,1000,0,70.9541,0,0
6,allocate_send_arrival,0,S00,5,terminal,0,51733,61,0,0,6,1000,0,100,2.91038e-14,0
6,allocate_send_arrival,0,S00,5,terminal,0,51731,66,0,0,6,1000,0,87.354,0,0
6,allocate_send_arrival,0,S00,5,terminal,0,51729,26,0,0,6,1000,0,29.864,0,0
6,allocate_send_arrival,0,S00,5,terminal,0,51724,112,0,0,6,1000,0,21.6157,0,0
6,allocate_send_arrival,0,S00,5,terminal,0,51720,92,0,0,6,1000,0,100,2.91038e-14,0
6,allocate_send_arrival,0,S00,5,terminal,0,51727,98,0,0,6,1000,0,100,2.91038e-14,0
6,allocate_send_arrival,0,S00,5,terminal,0,51735,76,0,0,6,1000,0,6.37633,0,0
6,allocate_send_arrival,0,S00,5,terminal,0,51734,109,0,0,6,1000,0,100,2.91038e-14,0
6,allocate_send_arrival,33,S34,0,switch,26,51731,66,0,0,6,235.741,0,39.7097,0,0
6,allocate_send_arrival,4,S37,0,switch,0,51728,103,0,0,6,203.508,0,20.7016,79.2984,0
6,enqueue_residual,4,S37,0,switch,0,51728,103,0,0,6,203.508,0,0,79.2984,0
6,allocate_send_arrival,4,S37,0,switch,0,51724,112,0,0,6,203.508,0,20.7016,35.4509,0
6,enqueue_residual,4,S37,0,switch,0,51724,112,0,0,6,203.508,0,0,20.7016,0
6,drop_shared_buffer_overflow,4,S37,0,switch,0,51724,112,0,0,6,203.508,0,0,0,14.7493
6,allocate_send_arrival,4,S37,0,switch,0,51730,100,0,0,6,203.508,0,20.7016,30.267,0
6,drop_shared_buffer_overflow,4,S37,0,switch,0,51730,100,0,0,6,203.508,0,0,0,30.267
6,allocate_send_arrival,4,S37,0,switch,0,51725,113,0,0,6,203.508,0,20.7016,35.4509,0
6,drop_shared_buffer_overflow,4,S37,0,switch,0,51725,113,0,0,6,203.508,0,0,0,35.4509
6,allocate_send_arrival,4,S37,0,switch,0,51723,15,0,0,6,203.508,0,20.7016,79.2984,0
6,drop_shared_buffer_overflow,4,S37,0,switch,0,51723,15,0,0,6,203.508,0,0,0,79.2984
6,allocate_send_arrival,56,S36,2,switch,4,51724,112,0,0,6,112.305,0,39.1761,1.58049,0
6,enqueue_residual,56,S36,2,switch,4,51724,112,0,0,6,112.305,0,0,1.58049,0
6,allocate_send_arrival,56,S36,2,switch,4,51725,113,0,0,6,112.305,0,39.1761,1.58049,0
6,enqueue_residual,56,S36,2,switch,4,51725,113,0,0,6,112.305,0,0,1.58049,0
6,allocate_send_arrival,13,S40,0,switch,6,51729,26,0,0,6,162.644,0,39.932,0,0
7,allocate_send_buffered,56,S36,2,switch,4,51724,112,0,0,7,112.305,3.16097,1.58049,0,0
7,allocate_send_buffered,56,S36,2,switch,4,51725,113,0,0,7,112.305,3.16097,1.58049,0,0
7,allocate_send_buffered,1,S01,0,switch,0,51721,16,0,0,7,159.728,100,25,0,0
7,allocate_send_buffered,1,S01,0,switch,0,51729,26,0,0,7,159.728,100,25.5533,0,0
7,allocate_send_buffered,1,S01,0,switch,0,51722,97,0,0,7,159.728,100,25.4125,0,0
7,allocate_send_buffered,1,S01,0,switch,0,51726,39,0,0,7,159.728,100,24.0343,0,0
7,allocate_send_buffered,4,S37,0,switch,0,51728,103,0,0,7,203.508,100,79.2984,0,0
7,allocate_send_buffered,4,S37,0,switch,0,51724,112,0,0,7,203.508,100,20.7016,0,0
7,allocate_send_buffered,3,S27,0,switch,0,51731,66,0,0,7,119.129,100,33.6001,0,0
7,allocate_send_buffered,3,S27,0,switch,0,51735,76,0,0,7,119.129,100,34.1001,0,0
7,allocate_send_buffered,3,S27,0,switch,0,51732,53,0,0,7,119.129,100,32.2997,0,0
7,stage_arrival,13,S40,0,switch,6,51729,26,0,0,7,162.644,0,0,39.932,0
7,stage_arrival,1,S01,0,switch,0,51722,97,0,0,7,159.728,0,0,39.932,0
7,stage_arrival,0,S00,5,terminal,0,51729,26,0,0,7,1000,0,0,74.3531,0
7,stage_arrival,49,S26,0,switch,43,51727,98,0,0,7,126.404,0,0,62.5233,0
7,stage_arrival,51,S48,0,switch,57,51728,103,0,0,7,201.033,0,0,40.7016,0
7,stage_arrival,43,S22,0,switch,0,51720,92,0,0,7,203.304,0,0,71.6039,0
7,stage_arrival,30,S14,2,switch,31,51733,61,0,0,7,290.433,0,0,62.5242,0
7,stage_arrival,3,S27,0,switch,0,51731,66,0,0,7,119.129,0,0,39.7097,0
7,stage_arrival,0,S00,5,terminal,0,51723,15,0,0,7,1000,0,0,20.7016,0
7,stage_arrival,57,S47,1,switch,50,51723,15,0,0,7,259.289,0,0,100,0
7,stage_arrival,56,S36,2,switch,4,51725,113,0,0,7,112.305,0,0,40.7016,0
7,stage_arrival,5,S63,0,switch,0,51733,61,0,0,7,259.679,0,0,72.3986,0
7,stage_arrival,4,S37,0,switch,0,51725,113,0,0,7,203.508,0,0,16.9764,0
7,stage_arrival,48,S50,3,switch,10,51722,97,0,0,7,118.54,0,0,39.932,0
7,stage_arrival,4,S37,0,switch,0,51723,15,0,0,7,203.508,0,0,100,0
7,stage_arrival,0,S00,5,terminal,0,51730,100,0,0,7,1000,0,0,20.7016,0
7,stage_arrival,8,S52,0,switch,1,51721,16,0,0,7,255.562,0,0,39.932,0
7,stage_arrival,46,S24,1,switch,44,51720,92,0,0,7,217.722,0,0,62.5242,0
7,stage_arrival,61,S46,1,switch,57,51723,15,0,0,7,199.213,0,0,41.0614,0
7,stage_arrival,4,S37,0,switch,0,51724,112,0,0,7,203.508,0,0,16.9764,0
7,stage_arrival_coalesce,0,S00,5,terminal,0,51729,26,0,0,7,1000,0,0,89.2851,0
7,stage_arrival,44,S23,0,switch,43,51720,92,0,0,7,211.017,0,0,66.6943,0
7,stage_arrival,0,S00,5,terminal,0,51732,53,0,0,7,1000,0,0,6.37633,0
7,stage_arrival,57,S47,1,switch,50,51728,103,0,0,7,259.289,0,0,40.7606,0
7,stage_arrival,0,S00,5,terminal,0,51724,112,0,0,7,1000,0,0,21.6157,0
7,stage_arrival_coalesce,4,S37,0,switch,0,51724,112,0,0,7,203.508,0,0,56.1525,0
7,stage_arrival,1,S01,0,switch,0,51729,26,0,0,7,159.728,0,0,39.932,0
7,stage_arrival,31,S62,3,switch,5,51733,61,0,0,7,238.676,0,0,66.6943,0
7,stage_arrival,26,S33,0,switch,3,51732,53,0,0,7,174.708,0,0,39.7097,0
7,stage_arrival,33,S34,0,switch,26,51731,66,0,0,7,235.741,0,0,39.7097,0
7,stage_arrival,50,S38,2,switch,4,51730,100,0,0,7,290.506,0,0,40.7016,0
7,stage_arrival,1,S01,0,switch,0,51726,39,0,0,7,159.728,0,0,39.932,0
7,stage_arrival,38,S42,0,switch,42,51735,76,0,0,7,176.64,0,0,39.7097,0
7,stage_arrival,0,S00,5,terminal,0,51721,16,0,0,7,1000,0,0,14.932,0
7,stage_arrival,4,S37,0,switch,0,51728,103,0,0,7,203.508,0,0,100,0
7,stage_arrival_coalesce,4,S37,0,switch,0,51725,113,0,0,7,203.508,0,0,56.1525,0
7,stage_arrival,0,S00,5,terminal,0,51720,92,0,0,7,1000,0,0,100,0
7,stage_arrival,0,S00,5,terminal,0,51722,97,0,0,7,1000,0,0,14.932,0
7,stage_arrival,50,S38,2,switch,4,51728,103,0,0,7,290.506,0,0,51.3302,0
7,stage_arrival_coalesce,0,S00,5,terminal,0,51724,112,0,0,7,1000,0,0,42.3173,0
7,stage_arrival,4,S37,0,switch,0,51730,100,0,0,7,203.508,0,0,40.7565,0
7,stage_arrival,0,S00,5,terminal,0,51728,103,0,0,7,1000,0,0,78.3843,0
7,stage_arrival,54,S31,1,switch,37,51734,109,0,0,7,242.335,0,0,62.5233,0
7,stage_arrival,26,S33,0,switch,3,51731,66,0,0,7,174.708,0,0,39.7097,0
7,stage_arrival,0,S00,5,terminal,0,51727,98,0,0,7,1000,0,0,71.5978,0
7,stage_arrival,0,S00,5,terminal,0,51733,61,0,0,7,1000,0,0,100,0
7,stage_arrival,42,S20,2,switch,3,51735,76,0,0,7,251.806,0,0,39.7097,0
7,stage_arrival,37,S32,0,switch,0,51734,109,0,0,7,103.31,0,0,66.6933,0
7,stage_arrival,56,S36,2,switch,4,51724,112,0,0,7,112.305,0,0,40.7016,0
7,stage_arrival,1,S01,0,switch,0,51721,16,0,0,7,159.728,0,0,39.932,0
7,stage_arrival,50,S38,2,switch,4,51723,15,0,0,7,290.506,0,0,100,0
7,stage_arrival,3,S27,0,switch,0,51735,76,0,0,7,119.129,0,0,39.7097,0
7,stage_arrival,7,S45,2,switch,61,51723,15,0,0,7,100.666,0,0,40.7016,0
7,stage_arrival,3,S27,0,switch,0,51732,53,0,0,7,119.129,0,0,39.7097,0
7,stage_arrival,0,S00,5,terminal,0,51731,66,0,0,7,1000,0,0,6.37633,0
7,stage_arrival_coalesce,0,S00,5,terminal,0,51721,16,0,0,7,1000,0,0,40.5789,0
7,stage_arrival,0,S00,5,terminal,0,51734,109,0,0,7,1000,0,0,71.6071,0
7,stage_arrival,10,S61,0,switch,1,51726,39,0,0,7,227.172,0,0,39.932,0
7,stage_arrival_coalesce,0,S00,5,terminal,0,51728,103,0,0,7,1000,0,0,99.0859,0
7,stage_arrival,10,S61,0,switch,1,51722,97,0,0,7,227.172,0,0,39.932,0
7,stage_arrival,0,S00,5,terminal,0,51725,113,0,0,7,1000,0,0,20.7016,0
7,stage_arrival,0,S00,5,terminal,0,51735,76,0,0,7,1000,0,0,6.37633,0
7,stage_arrival,6,S02,0,switch,1,51729,26,0,0,7,138.732,0,0,39.932,0
7,stage_arrival,43,S22,0,switch,0,51727,98,0,0,7,203.304,0,0,66.6933,0
7,stage_arrival,0,S00,5,terminal,0,51726,39,0,0,7,1000,0,0,14.932,0
7,stage_arrival,19,S06,3,switch,10,51726,39,0,0,7,169.014,0,0,39.932,0
7,stage_arrival_coalesce,0,S00,5,terminal,0,51731,66,0,0,7,1000,0,0,106.376,0
7,allocate_send_arrival,13,S40,0,switch,6,51729,26,0,0,7,162.644,0,39.932,0,0
7,allocate_send_arrival,44,S23,0,switch,43,51720,92,0,0,7,211.017,0,66.6943,0,0
7,allocate_send_arrival,4,S37,0,switch,0,51725,113,0,0,7,203.508,0,20.7016,35.4509,0
7,enqueue_residual,4,S37,0,switch,0,51725,113,0,0,7,203.508,0,0,35.4509,0
7,allocate_send_arrival,4,S37,0,switch,0,51723,15,0,0,7,203.508,0,20.7016,79.2984,0
7,enqueue_residual,4,S37,0,switch,0,51723,15,0,0,7,203.508,0,0,64.5491,0
7,drop_shared_buffer_overflow,4,S37,0,switch,0,51723,15,0,0,7,203.508,0,0,0,14.7493
7,allocate_send_arrival,4,S37,0,switch,0,51724,112,0,0,7,203.508,0,20.7016,35.4509,0
7,drop_shared_buffer_overflow,4,S37,0,switch,0,51724,112,0,0,7,203.508,0,0,0,35.4509
7,allocate_send_arrival,4,S37,0,switch,0,51728,103,0,0,7,203.508,0,20.7016,79.2984,0
7,drop_shared_buffer_overflow,4,S37,0,switch,0,51728,103,0,0,7,203.508,0,0,0,79.2984
7,allocate_send_arrival,4,S37,0,switch,0,51730,100,0,0,7,203.508,0,20.7016,20.0549,0
7,drop_shared_buffer_overflow,4,S37,0,switch,0,51730,100,0,0,7,203.508,0,0,0,20.0549
7,allocate_send_arrival,5,S63,0,switch,0,51733,61,0,0,7,259.679,0,72.3986,0,0
7,allocate_send_arrival,19,S06,3,switch,10,51726,39,0,0,7,169.014,0,39.932,0,0
7,allocate_send_arrival,54,S31,1,switch,37,51734,109,0,0,7,242.335,0,62.5233,0,0
7,allocate_send_arrival,56,S36,2,switch,4,51725,113,0,0,7,112.305,0,40.7016,0,0
7,allocate_send_arrival,56,S36,2,switch,4,51724,112,0,0,7,112.305,0,40.7016,0,0
7,allocate_send_arrival,8,S52,0,switch,1,51721,16,0,0,7,255.562,0,39.932,0,0
7,allocate_send_arrival,61,S46,1,switch,57,51723,15,0,0,7,199.213,0,41.0614,0,0
7,allocate_send_arrival,0,S00,5,terminal,0,51729,26,0,0,7,1000,0,89.2851,0,0
7,allocate_send_arrival,0,S00,5,terminal,0,51723,15,0,0,7,1000,0,20.7016,0,0
7,allocate_send_arrival,0,S00,5,terminal,0,51730,100,0,0,7,1000,0,20.7016,0,0
7,allocate_send_arrival,0,S00,5,terminal,0,51732,53,0,0,7,1000,0,6.37633,0,0
7,allocate_send_arrival,0,S00,5,terminal,0,51724,112,0,0,7,1000,0,42.3173,0,0
7,allocate_send_arrival,0,S00,5,terminal,0,51721,16,0,0,7,1000,0,40.5789,0,0
7,allocate_send_arrival,0,S00,5,terminal,0,51720,92,0,0,7,1000,0,100,0,0
7,allocate_send_arrival,0,S00,5,terminal,0,51722,97,0,0,7,1000,0,14.932,0,0
7,allocate_send_arrival,0,S00,5,terminal,0,51728,103,0,0,7,1000,0,99.0859,0,0
7,allocate_send_arrival,0,S00,5,terminal,0,51727,98,0,0,7,1000,0,71.5978,0,0
7,allocate_send_arrival,0,S00,5,terminal,0,51733,61,0,0,7,1000,0,100,0,0
7,allocate_send_arrival,0,S00,5,terminal,0,51731,66,0,0,7,1000,0,106.376,0,0
7,allocate_send_arrival,0,S00,5,terminal,0,51734,109,0,0,7,1000,0,71.6071,0,0
7,allocate_send_arrival,0,S00,5,terminal,0,51725,113,0,0,7,1000,0,20.7016,0,0
7,allocate_send_arrival,0,S00,5,terminal,0,51735,76,0,0,7,1000,0,6.37633,0,0
7,allocate_send_arrival,0,S00,5,terminal,0,51726,39,0,0,7,1000,0,14.932,0,0
7,allocate_send_arrival,51,S48,0,switch,57,51728,103,0,0,7,201.033,0,40.7016,0,0
7,allocate_send_arrival,1,S01,0,switch,0,51722,97,0,0,7,159.728,0,14.932,25,0
7,enqueue_residual,1,S01,0,switch,0,51722,97,0,0,7,159.728,0,0,25,0
7,allocate_send_arrival,1,S01,0,switch,0,51729,26,0,0,7,159.728,0,14.932,25,0
7,enqueue_residual,1,S01,0,switch,0,51729,26,0,0,7,159.728,0,0,25,0
7,allocate_send_arrival,1,S01,0,switch,0,51726,39,0,0,7,159.728,0,14.932,25,0
7,enqueue_residual,1,S01,0,switch,0,51726,39,0,0,7,159.728,0,0,25,0
7,allocate_send_arrival,1,S01,0,switch,0,51721,16,0,0,7,159.728,0,14.932,25,0
7,enqueue_residual,1,S01,0,switch,0,51721,16,0,0,7,159.728,0,0,25,0
7,allocate_send_arrival,50,S38,2,switch,4,51730,100,0,0,7,290.506,0,40.7016,0,0
7,allocate_send_arrival,50,S38,2,switch,4,51728,103,0,0,7,290.506,0,51.3302,0,0
7,allocate_send_arrival,50,S38,2,switch,4,51723,15,0,0,7,290.506,0,100,0,0
7,allocate_send_arrival,26,S33,0,switch,3,51732,53,0,0,7,174.708,0,39.7097,0,0
7,allocate_send_arrival,26,S33,0,switch,3,51731,66,0,0,7,174.708,0,39.7097,0,0
7,allocate_send_arrival,3,S27,0,switch,0,51731,66,0,0,7,119.129,0,6.37633,33.3333,0
7,enqueue_residual,3,S27,0,switch,0,51731,66,0,0,7,119.129,0,0,33.3333,0
7,allocate_send_arrival,3,S27,0,switch,0,51735,76,0,0,7,119.129,0,6.37633,33.3333,0
7,enqueue_residual,3,S27,0,switch,0,51735,76,0,0,7,119.129,0,0,33.3333,0
7,allocate_send_arrival,3,S27,0,switch,0,51732,53,0,0,7,119.129,0,6.37633,33.3333,0
7,enqueue_residual,3,S27,0,switch,0,51732,53,0,0,7,119.129,0,0,33.3333,0
7,allocate_send_arrival,57,S47,1,switch,50,51723,15,0,0,7,259.289,0,100,0,0
7,allocate_send_arrival,57,S47,1,switch,50,51728,103,0,0,7,259.289,0,40.7606,0,0
7,allocate_send_arrival,7,S45,2,switch,61,51723,15,0,0,7,100.666,0,40.7016,0,0
7,allocate_send_arrival,43,S22,0,switch,0,51720,92,0,0,7,203.304,0,71.6039,0,0
7,allocate_send_arrival,43,S22,0,switch,0,51727,98,0,0,7,203.304,0,66.6933,0,0
7,allocate_send_arrival,10,S61,0,switch,1,51726,39,0,0,7,227.172,0,39.932,0,0
7,allocate_send_arrival,10,S61,0,switch,1,51722,97,0,0,7,227.172,0,39.932,0,0
7,allocate_send_arrival,37,S32,0,switch,0,51734,109,0,0,7,103.31,0,66.6933,0,0
7,allocate_send_arrival,38,S42,0,switch,42,51735,76,0,0,7,176.64,0,39.7097,0,0
7,allocate_send_arrival,49,S26,0,switch,43,51727,98,0,0,7,126.404,0,62.5233,0,0
7,allocate_send_arrival,48,S50,3,switch,10,51722,97,0,0,7,118.54,0,39.932,0,0
7,allocate_send_arrival,46,S24,1,switch,44,51720,92,0,0,7,217.722,0,62.5242,0,0
7,allocate_send_arrival,30,S14,2,switch,31,51733,61,0,0,7,290.433,0,62.5242,0,0
7,allocate_send_arrival,6,S02,0,switch,1,51729,26,0,0,7,138.732,0,39.932,0,0
7,allocate_send_arrival,42,S20,2,switch,3,51735,76,0,0,7,251.806,0,39.7097,0,0
7,allocate_send_arrival,31,S62,3,switch,5,51733,61,0,0,7,238.676,0,66.6943,0,0
7,allocate_send_arrival,33,S34,0,switch,26,51731,66,0,0,7,235.741,0,39.7097,0,0
8,allocate_send_buffered,3,S27,0,switch,0,51731,66,0,0,8,119.129,100,33.3333,0,0
8,allocate_send_buffered,3,S27,0,switch,0,51735,76,0,0,8,119.129,100,33.3333,0,0
8,allocate_send_buffered,3,S27,0,switch,0,51732,53,0,0,8,119.129,100,33.3333,0,0
8,allocate_send_buffered,4,S37,0,switch,0,51725,113,0,0,8,203.508,100,35.4509,0,0
8,allocate_send_buffered,4,S37,0,switch,0,51723,15,0,0,8,203.508,100,64.5491,0,0
8,allocate_send_buffered,1,S01,0,switch,0,51722,97,0,0,8,159.728,100,25,0,0
8,allocate_send_buffered,1,S01,0,switch,0,51729,26,0,0,8,159.728,100,25,0,0
8,allocate_send_buffered,1,S01,0,switch,0,51726,39,0,0,8,159.728,100,25,0,0
8,allocate_send_buffered,1,S01,0,switch,0,51721,16,0,0,8,159.728,100,25,0,0
8,stage_arrival,31,S62,3,switch,5,51733,61,0,0,8,238.676,0,0,62.5242,0
8,stage_arrival,57,S47,1,switch,50,51728,103,0,0,8,259.289,0,0,40.7016,0
8,stage_arrival,4,S37,0,switch,0,51725,113,0,0,8,203.508,0,0,1.58049,0
8,stage_arrival,0,S00,5,terminal,0,51728,103,0,0,8,1000,0,0,79.2984,0
8,stage_arrival,0,S00,5,terminal,0,51732,53,0,0,8,1000,0,0,6.37633,0
8,stage_arrival,3,S27,0,switch,0,51731,66,0,0,8,119.129,0,0,39.7097,0
8,stage_arrival,46,S24,1,switch,44,51720,92,0,0,8,217.722,0,0,62.5,0
8,stage_arrival,0,S00,5,terminal,0,51731,66,0,0,8,1000,0,0,6.37633,0
8,stage_arrival,56,S36,2,switch,4,51725,113,0,0,8,112.305,0,0,40.7016,0
8,stage_arrival,26,S33,0,switch,3,51731,66,0,0,8,174.708,0,0,39.7097,0
8,stage_arrival,1,S01,0,switch,0,51721,16,0,0,8,159.728,0,0,39.932,0
8,stage_arrival,0,S00,5,terminal,0,51723,15,0,0,8,1000,0,0,20.7016,0
8,stage_arrival,0,S00,5,terminal,0,51721,16,0,0,8,1000,0,0,25,0
8,stage_arrival,37,S32,0,switch,0,51734,109,0,0,8,103.31,0,0,62.5233,0
8,stage_arrival,4,S37,0,switch,0,51723,15,0,0,8,203.508,0,0,100,0
8,stage_arrival,50,S38,2,switch,4,51730,100,0,0,8,290.506,0,0,40.7016,0
8,stage_arrival,6,S02,0,switch,1,51729,26,0,0,8,138.732,0,0,39.932,0
8,stage_arrival,43,S22,0,switch,0,51727,98,0,0,8,203.304,0,0,62.5233,0
8,stage_arrival,0,S00,5,terminal,0,51735,76,0,0,8,1000,0,0,6.37633,0
8,stage_arrival,50,S38,2,switch,4,51723,15,0,0,8,290.506,0,0,100,0
8,stage_arrival,44,S23,0,switch,43,51720,92,0,0,8,211.017,0,0,62.5242,0
8,stage_arrival,10,S61,0,switch,1,51722,97,0,0,8,227.172,0,0,39.932,0
8,stage_arrival,26,S33,0,switch,3,51732,53,0,0,8,174.708,0,0,39.7097,0
8,stage_arrival,4,S37,0,switch,0,51728,103,0,0,8,203.508,0,0,51.3302,0
8,stage_arrival,3,S27,0,switch,0,51735,76,0,0,8,119.129,0,0,39.7097,0
8,stage_arrival,30,S14,2,switch,31,51733,61,0,0,8,290.433,0,0,62.5,0
8,stage_arrival,0,S00,5,terminal,0,51720,92,0,0,8,1000,0,0,71.6039,0
8,stage_arrival,0,S00,5,terminal,0,51724,112,0,0,8,1000,0,0,20.7016,0
8,stage_arrival,56,S36,2,switch,4,51724,112,0,0,8,112.305,0,0,40.7016,0
8,stage_arrival,13,S40,0,switch,6,51729,26,0,0,8,162.644,0,0,39.932,0
8,stage_arrival_coalesce,0,S00,5,terminal,0,51732,53,0,0,8,1000,0,0,38.676,0
8,stage_arrival,4,S37,0,switch,0,51724,112,0,0,8,203.508,0,0,40.7016,0
8,stage_arrival,0,S00,5,terminal,0,51730,100,0,0,8,1000,0,0,20.7016,0
8,stage_arrival,19,S06,3,switch,10,51726,39,0,0,8,169.014,0,0,39.932,0
8,stage_arrival,54,S31,1,switch,37,51734,109,0,0,8,242.335,0,0,62.5,0
8,stage_arrival,0,S00,5,terminal,0,51729,26,0,0,8,1000,0,0,14.932,0
8,stage_arrival,3,S27,0,switch,0,51732,53,0,0,8,119.129,0,0,39.7097,0
8,stage_arrival,0,S00,5,terminal,0,51733,61,0,0,8,1000,0,0,72.3986,0
8,stage_arrival,50,S38,2,switch,4,51728,103,0,0,8,290.506,0,0,40.7606,0
8,stage_arrival,0,S00,5,terminal,0,51726,39,0,0,8,1000,0,0,14.932,0
8,stage_arrival,4,S37,0,switch,0,51730,100,0,0,8,203.508,0,0,40.7016,0
8,stage_arrival_coalesce,0,S00,5,terminal,0,51735,76,0,0,8,1000,0,0,40.4765,0
8,stage_arrival,0,S00,5,terminal,0,51722,97,0,0,8,1000,0,0,25.4125,0
8,stage_arrival,5,S63,0,switch,0,51733,61,0,0,8,259.679,0,0,66.6943,0
8,stage_arrival,1,S01,0,switch,0,51722,97,0,0,8,159.728,0,0,39.932,0
8,stage_arrival_coalesce,0,S00,5,terminal,0,51731,66,0,0,8,1000,0,0,39.9765,0
8,stage_arrival,38,S42,0,switch,42,51735,76,0,0,8,176.64,0,0,39.7097,0
8,stage_arrival_coalesce,4,S37,0,switch,0,51725,113,0,0,8,203.508,0,0,42.2821,0
8,stage_arrival,10,S61,0,switch,1,51726,39,0,0,8,227.172,0,0,39.932,0
8,stage_arrival_coalesce,0,S00,5,terminal,0,51726,39,0,0,8,1000,0,0,38.9663,0
8,stage_arrival_coalesce,4,S37,0,switch,0,51724,112,0,0,8,203.508,0,0,42.2821,0
8,stage_arrival_coalesce,0,S00,5,terminal,0,51722,97,0,0,8,1000,0,0,40.3445,0
8,stage_arrival,61,S46,1,switch,57,51723,15,0,0,8,199.213,0,0,40.7016,0
8,stage_arrival,0,S00,5,terminal,0,51725,113,0,0,8,1000,0,0,20.7016,0
8,stage_arrival,57,S47,1,switch,50,51723,15,0,0,8,259.289,0,0,41.0614,0
8,stage_arrival,43,S22,0,switch,0,51720,92,0,0,8,203.304,0,0,66.6943,0
8,stage_arrival,42,S20,2,switch,3,51735,76,0,0,8,251.806,0,0,39.7097,0
8,stage_arrival,1,S01,0,switch,0,51726,39,0,0,8,159.728,0,0,39.932,0
8,stage_arrival_coalesce,0,S00,5,terminal,0,51729,26,0,0,8,1000,0,0,40.4853,0
8,stage_arrival,49,S26,0,switch,43,51727,98,0,0,8,126.404,0,0,62.5,0
8,stage_arrival,51,S48,0,switch,57,51728,103,0,0,8,201.033,0,0,40.7016,0
8,stage_arrival_coalesce,0,S00,5,terminal,0,51728,103,0,0,8,1000,0,0,100,0
8,stage_arrival_coalesce,0,S00,5,terminal,0,51724,112,0,0,8,1000,0,0,41.4032,0
8,stage_arrival,48,S50,3,switch,10,51722,97,0,0,8,118.54,0,0,39.932,0
8,stage_arrival,0,S00,5,terminal,0,51727,98,0,0,8,1000,0,0,66.6933,0
8,stage_arrival_coalesce,0,S00,5,terminal,0,51721,16,0,0,8,1000,0,0,39.932,0
8,stage_arrival,0,S00,5,terminal,0,51734,109,0,0,8,1000,0,0,66.6933,0
8,stage_arrival,7,S45,2,switch,61,51723,15,0,0,8,100.666,0,0,40.7016,0
8,stage_arrival,33,S34,0,switch,26,51731,66,0,0,8,235.741,0,0,39.7097,0
8,stage_arrival,8,S52,0,switch,1,51721,16,0,0,8,255.562,0,0,39.932,0
8,stage_arrival,1,S01,0,switch,0,51729,26,0,0,8,159.728,0,0,39.932,0
8,allocate_send_arrival,46,S24,1,switch,44,51720,92,0,0,8,217.722,0,62.5,0,0
8,allocate_send_arrival,48,S50,3,switch,10,51722,97,0,0,8,118.54,0,39.932,0,0
8,allocate_send_arrival,44,S23,0,switch,43,51720,92,0,0,8,211.017,0,62.5242,0,0
8,allocate_send_arrival,7,S45,2,switch,61,51723,15,0,0,8,100.666,0,40.7016,0,0
8,allocate_send_arrival,50,S38,2,switch,4,51730,100,0,0,8,290.506,0,40.7016,0,0
8,allocate_send_arrival,50,S38,2,switch,4,51723,15,0,0,8,290.506,0,100,0,0
8,allocate_send_arrival,50,S38,2,switch,4,51728,103,0,0,8,290.506,0,40.7606,0,0
8,allocate_send_arrival,26,S33,0,switch,3,51731,66,0,0,8,174.708,0,39.7097,0,0
8,allocate_send_arrival,26,S33,0,switch,3,51732,53,0,0,8,174.708,0,39.7097,0,0
8,allocate_send_arrival,1,S01,0,switch,0,51721,16,0,0,8,159.728,0,14.932,25,0
8,enqueue_residual,1,S01,0,switch,0,51721,16,0,0,8,159.728,0,0,25,0
8,allocate_send_arrival,1,S01,0,switch,0,51722,97,0,0,8,159.728,0,14.932,25,0
8,enqueue_residual,1,S01,0,switch,0,51722,97,0,0,8,159.728,0,0,25,0
8,allocate_send_arrival,1,S01,0,switch,0,51726,39,0,0,8,159.728,0,14.932,25,0
8,enqueue_residual,1,S01,0,switch,0,51726,39,0,0,8,159.728,0,0,25,0
8,allocate_send_arrival,1,S01,0,switch,0,51729,26,0,0,8,159.728,0,14.932,25,0
8,enqueue_residual,1,S01,0,switch,0,51729,26,0,0,8,159.728,0,0,25,0
8,allocate_send_arrival,37,S32,0,switch,0,51734,109,0,0,8,103.31,0,62.5233,0,0
8,allocate_send_arrival,54,S31,1,switch,37,51734,109,0,0,8,242.335,0,62.5,0,0
8,allocate_send_arrival,61,S46,1,switch,57,51723,15,0,0,8,199.213,0,40.7016,0,0
8,allocate_send_arrival,19,S06,3,switch,10,51726,39,0,0,8,169.014,0,39.932,0,0
8,allocate_send_arrival,43,S22,0,switch,0,51727,98,0,0,8,203.304,0,62.5233,0,0
8,allocate_send_arrival,43,S22,0,switch,0,51720,92,0,0,8,203.304,0,66.6943,0,0
8,allocate_send_arrival,3,S27,0,switch,0,51731,66,0,0,8,119.129,0,6.37633,33.3333,0
8,enqueue_residual,3,S27,0,switch,0,51731,66,0,0,8,119.129,0,0,33.3333,0
8,allocate_send_arrival,3,S27,0,switch,0,51735,76,0,0,8,119.129,0,6.37633,33.3333,0
8,enqueue_residual,3,S27,0,switch,0,51735,76,0,0,8,119.129,0,0,33.3333,0
8,allocate_send_arrival,3,S27,0,switch,0,51732,53,0,0,8,119.129,0,6.37633,33.3333,0
8,enqueue_residual,3,S27,0,switch,0,51732,53,0,0,8,119.129,0,0,33.3333,0
8,allocate_send_arrival,49,S26,0,switch,43,51727,98,0,0,8,126.404,0,62.5,0,0
8,allocate_send_arrival,33,S34,0,switch,26,51731,66,0,0,8,235.741,0,39.7097,0,0
8,allocate_send_arrival,51,S48,0,switch,57,51728,103,0,0,8,201.033,0,40.7016,0,0
8,allocate_send_arrival,13,S40,0,switch,6,51729,26,0,0,8,162.644,0,39.932,0,0
8,allocate_send_arrival,57,S47,1,switch,50,51728,103,0,0,8,259.289,0,40.7016,0,0
8,allocate_send_arrival,57,S47,1,switch,50,51723,15,0,0,8,259.289,0,41.0614,1.45519e-14,0
8,allocate_send_arrival,4,S37,0,switch,0,51725,113,0,0,8,203.508,0,20.7016,21.5805,0
8,enqueue_residual,4,S37,0,switch,0,51725,113,0,0,8,203.508,0,0,21.5805,0
8,allocate_send_arrival,4,S37,0,switch,0,51723,15,0,0,8,203.508,0,20.7016,79.2984,0
8,enqueue_residual,4,S37,0,switch,0,51723,15,0,0,8,203.508,0,0,78.4195,0
8,drop_shared_buffer_overflow,4,S37,0,switch,0,51723,15,0,0,8,203.508,0,0,0,0.878886
8,allocate_send_arrival,4,S37,0,switch,0,51728,103,0,0,8,203.508,0,20.7016,30.6286,0
8,drop_shared_buffer_overflow,4,S37,0,switch,0,51728,103,0,0,8,203.508,0,0,0,30.6286
8,allocate_send_arrival,4,S37,0,switch,0,51724,112,0,0,8,203.508,0,20.7016,21.5805,0
8,drop_shared_buffer_overflow,4,S37,0,switch,0,51724,112,0,0,8,203.508,0,0,0,21.5805
8,allocate_send_arrival,4,S37,0,switch,0,51730,100,0,0,8,203.508,0,20.7016,20,0
8,drop_shared_buffer_overflow,4,S37,0,switch,0,51730,100,0,0,8,203.508,0,0,0,20
8,allocate_send_arrival,10,S61,0,switch,1,51722,97,0,0,8,227.172,0,39.932,0,0
8,allocate_send_arrival,10,S61,0,switch,1,51726,39,0,0,8,227.172,0,39.932,0,0
8,allocate_send_arrival,6,S02,0,switch,1,51729,26,0,0,8,138.732,0,39.932,0,0
8,allocate_send_arrival,31,S62,3,switch,5,51733,61,0,0,8,238.676,0,62.5242,0,0
8,allocate_send_arrival,30,S14,2,switch,31,51733,61,0,0,8,290.433,0,62.5,0,0
8,allocate_send_arrival,38,S42,0,switch,42,51735,76,0,0,8,176.64,0,39.7097,0,0
8,allocate_send_arrival,8,S52,0,switch,1,51721,16,0,0,8,255.562,0,39.932,0,0
8,allocate_send_arrival,42,S20,2,switch,3,51735,76,0,0,8,251.806,0,39.7097,0,0
8,allocate_send_arrival,56,S36,2,switch,4,51725,113,0,0,8,112.305,0,40.7016,0,0
8,allocate_send_arrival,56,S36,2,switch,4,51724,112,0,0,8,112.305,0,40.7016,0,0
8,allocate_send_arrival,5,S63,0,switch,0,51733,61,0,0,8,259.679,0,66.6943,0,0
8,allocate_send_arrival,0,S00,5,terminal,0,51728,103,0,0,8,1000,0,100,7.27596e-14,0
8,allocate_send_arrival,0,S00,5,terminal,0,51732,53,0,0,8,1000,0,38.676,0,0
8,allocate_send_arrival,0,S00,5,terminal,0,51731,66,0,0,8,1000,0,39.9765,0,0
8,allocate_send_arrival,0,S00,5,terminal,0,51723,15,0,0,8,1000,0,20.7016,0,0
8,allocate_send_arrival,0,S00,5,terminal,0,51721,16,0,0,8,1000,0,39.932,0,0
8,allocate_send_arrival,0,S00,5,terminal,0,51735,76,0,0,8,1000,0,40.4765,0,0
8,allocate_send_arrival,0,S00,5,terminal,0,51720,92,0,0,8,1000,0,71.6039,0,0
8,allocate_send_arrival,0,S00,5,terminal,0,51724,112,0,0,8,1000,0,41.4032,0,0
8,allocate_send_arrival,0,S00,5,terminal,0,51730,100,0,0,8,1000,0,20.7016,0,0
8,allocate_send_arrival,0,S00,5,terminal,0,51729,26,0,0,8,1000,0,40.4853,0,0
8,allocate_send_arrival,0,S00,5,terminal,0,51733,61,0,0,8,1000,0,72.3986,0,0
8,allocate_send_arrival,0,S00,5,terminal,0,51726,39,0,0,8,1000,0,38.9663,0,0
8,allocate_send_arrival,0,S00,5,terminal,0,51722,97,0,0,8,1000,0,40.3445,0,0
8,allocate_send_arrival,0,S00,5,terminal,0,51725,113,0,0,8,1000,0,20.7016,0,0
8,allocate_send_arrival,0,S00,5,terminal,0,51727,98,0,0,8,1000,0,66.6933,0,0
8,allocate_send_arrival,0,S00,5,terminal,0,51734,109,0,0,8,1000,0,66.6933,0,0
9,allocate_send_buffered,4,S37,0,switch,0,51725,113,0,0,9,203.508,100,21.5805,0,0
9,allocate_send_buffered,4,S37,0,switch,0,51723,15,0,0,9,203.508,100,78.4195,0,0
9,allocate_send_buffered,1,S01,0,switch,0,51721,16,0,0,9,159.728,100,25,0,0
9,allocate_send_buffered,1,S01,0,switch,0,51722,97,0,0,9,159.728,100,25,0,0
9,allocate_send_buffered,1,S01,0,switch,0,51726,39,0,0,9,159.728,100,25,0,0
9,allocate_send_buffered,1,S01,0,switch,0,51729,26,0,0,9,159.728,100,25,0,0
9,allocate_send_buffered,3,S27,0,switch,0,51731,66,0,0,9,119.129,100,33.3333,0,0
9,allocate_send_buffered,3,S27,0,switch,0,51735,76,0,0,9,119.129,100,33.3333,0,0
9,allocate_send_buffered,3,S27,0,switch,0,51732,53,0,0,9,119.129,100,33.3333,0,0
9,stage_arrival,46,S24,1,switch,44,51720,92,0,0,9,217.722,0,0,62.5,0
9,stage_arrival,1,S01,0,switch,0,51729,26,0,0,9,159.728,0,0,39.932,0
9,stage_arrival,0,S00,5,terminal,0,51721,16,0,0,9,1000,0,0,25,0
9,stage_arrival,0,S00,5,terminal,0,51729,26,0,0,9,1000,0,0,25,0
9,stage_arrival,0,S00,5,terminal,0,51725,113,0,0,9,1000,0,0,35.4509,0
9,stage_arrival,31,S62,3,switch,5,51733,61,0,0,9,238.676,0,0,62.5,0
9,stage_arrival,0,S00,5,terminal,0,51732,53,0,0,9,1000,0,0,6.37633,0
9,stage_arrival,0,S00,5,terminal,0,51735,76,0,0,9,1000,0,0,6.37633,0
9,stage_arrival,0,S00,5,terminal,0,51726,39,0,0,9,1000,0,0,25,0
9,stage_arrival,10,S61,0,switch,1,51722,97,0,0,9,227.172,0,0,39.932,0
9,stage_arrival,51,S48,0,switch,57,51728,103,0,0,9,201.033,0,0,40.7016,0
9,stage_arrival,0,S00,5,terminal,0,51722,97,0,0,9,1000,0,0,25,0
9,stage_arrival,1,S01,0,switch,0,51726,39,0,0,9,159.728,0,0,39.932,0
9,stage_arrival,0,S00,5,terminal,0,51728,103,0,0,9,1000,0,0,20.7016,0
9,stage_arrival,30,S14,2,switch,31,51733,61,0,0,9,290.433,0,0,62.5,0
9,stage_arrival,4,S37,0,switch,0,51728,103,0,0,9,203.508,0,0,40.7606,0
9,stage_arrival,3,S27,0,switch,0,51732,53,0,0,9,119.129,0,0,39.7097,0
9,stage_arrival,43,S22,0,switch,0,51727,98,0,0,9,203.304,0,0,62.5,0
9,stage_arrival,0,S00,5,terminal,0,51731,66,0,0,9,1000,0,0,33.3333,0
9,stage_arrival_coalesce,0,S00,5,terminal,0,51732,53,0,0,9,1000,0,0,39.7097,0
9,stage_arrival,0,S00,5,terminal,0,51720,92,0,0,9,1000,0,0,66.6943,0
9,stage_arrival,44,S23,0,switch,43,51720,92,0,0,9,211.017,0,0,62.5,0
9,stage_arrival,50,S38,2,switch,4,51730,100,0,0,9,290.506,0,0,40.7016,0
9,stage_arrival_coalesce,0,S00,5,terminal,0,51731,66,0,0,9,1000,0,0,39.7097,0
9,stage_arrival_coalesce,0,S00,5,terminal,0,51726,39,0,0,9,1000,0,0,39.932,0
9,stage_arrival,54,S31,1,switch,37,51734,109,0,0,9,242.335,0,0,62.5,0
9,stage_arrival,37,S32,0,switch,0,51734,109,0,0,9,103.31,0,0,62.5,0
9,stage_arrival,50,S38,2,switch,4,51728,103,0,0,9,290.506,0,0,40.7016,0
9,stage_arrival,57,S47,1,switch,50,51728,103,0,0,9,259.289,0,0,40.7016,0
9,stage_arrival,0,S00,5,terminal,0,51730,100,0,0,9,1000,0,0,20.7016,0
9,stage_arrival,0,S00,5,terminal,0,51727,98,0,0,9,1000,0,0,62.5233,0
9,stage_arrival,49,S26,0,switch,43,51727,98,0,0,9,126.404,0,0,62.5,0
9,stage_arrival,4,S37,0,switch,0,51725,113,0,0,9,203.508,0,0,40.7016,0
9,stage_arrival,1,S01,0,switch,0,51722,97,0,0,9,159.728,0,0,39.932,0
9,stage_arrival,3,S27,0,switch,0,51731,66,0,0,9,119.129,0,0,39.7097,0
9,stage_arrival_coalesce,0,S00,5,terminal,0,51735,76,0,0,9,1000,0,0,39.7097,0
9,stage_arrival,13,S40,0,switch,6,51729,26,0,0,9,162.644,0,0,39.932,0
9,stage_arrival,19,S06,3,switch,10,51726,39,0,0,9,169.014,0,0,39.932,0
9,stage_arrival,38,S42,0,switch,42,51735,76,0,0,9,176.64,0,0,39.7097,0
9,stage_arrival,1,S01,0,switch,0,51721,16,0,0,9,159.728,0,0,39.932,0
9,stage_arrival,42,S20,2,switch,3,51735,76,0,0,9,251.806,0,0,39.7097,0
9,stage_arrival,48,S50,3,switch,10,51722,97,0,0,9,118.54,0,0,39.932,0
9,stage_arrival,4,S37,0,switch,0,51724,112,0,0,9,203.508,0,0,40.7016,0
9,stage_arrival,6,S02,0,switch,1,51729,26,0,0,9,138.732,0,0,39.932,0
9,stage_arrival,0,S00,5,terminal,0,51723,15,0,0,9,1000,0,0,64.5491,0
9,stage_arrival,26,S33,0,switch,3,51731,66,0,0,9,174.708,0,0,39.7097,0
9,stage_arrival,5,S63,0,switch,0,51733,61,0,0,9,259.679,0,0,62.5242,0
9,stage_arrival,56,S36,2,switch,4,51725,113,0,0,9,112.305,0,0,40.7016,0
9,stage_arrival,3,S27,0,switch,0,51735,76,0,0,9,119.129,0,0,39.7097,0
9,stage_arrival,43,S22,0,switch,0,51720,92,0,0,9,203.304,0,0,62.5242,0
9,stage_arrival,33,S34,0,switch,26,51731,66,0,0,9,235.741,0,0,39.7097,0
9,stage_arrival,61,S46,1,switch,57,51723,15,0,0,9,199.213,0,0,40.7016,0
9,stage_arrival,0,S00,5,terminal,0,51733,61,0,0,9,1000,0,0,66.6943,0
9,stage_arrival,26,S33,0,switch,3,51732,53,0,0,9,174.708,0,0,39.7097,0
9,stage_arrival_coalesce,0,S00,5,terminal,0,51722,97,0,0,9,1000,0,0,39.932,0
9,stage_arrival,4,S37,0,switch,0,51730,100,0,0,9,203.508,0,0,40.7016,0
9,stage_arrival,0,S00,5,terminal,0,51724,112,0,0,9,1000,0,0,20.7016,0
9,stage_arrival,50,S38,2,switch,4,51723,15,0,0,9,290.506,0,0,41.0614,0
9,stage_arrival,0,S00,5,terminal,0,51734,109,0,0,9,1000,0,0,62.5233,0
9,stage_arrival_coalesce,0,S00,5,terminal,0,51725,113,0,0,9,1000,0,0,56.1525,0
9,stage_arrival,4,S37,0,switch,0,51723,15,0,0,9,203.508,0,0,100,0
9,stage_arrival,10,S61,0,switch,1,51726,39,0,0,9,227.172,0,0,39.932,0
9,stage_arrival,57,S47,1,switch,50,51723,15,0,0,9,259.289,0,0,40.7016,0
9,stage_arrival,56,S36,2,switch,4,51724,112,0,0,9,112.305,0,0,40.7016,0
9,stage_arrival,8,S52,0,switch,1,51721,16,0,0,9,255.562,0,0,39.932,0
9,stage_arrival_coalesce,0,S00,5,terminal,0,51729,26,0,0,9,1000,0,0,39.932,0
9,stage_arrival_coalesce,0,S00,5,terminal,0,51723,15,0,0,9,1000,0,0,85.2507,0
9,stage_arrival_coalesce,0,S00,5,terminal,0,51721,16,0,0,9,1000,0,0,39.932,0
9,stage_arrival,7,S45,2,switch,61,51723,15,0,0,9,100.666,0,0,40.7016,0
9,allocate_send_arrival,6,S02,0,switch,1,51729,26,0,0,9,138.732,0,39.932,0,0
9,allocate_send_arrival,4,S37,0,switch,0,51728,103,0,0,9,203.508,0,20.7016,20.059,0
9,enqueue_residual,4,S37,0,switch,0,51728,103,0,0,9,203.508,0,0,20.059,0
9,allocate_send_arrival,4,S37,0,switch,0,51725,113,0,0,9,203.508,0,20.7016,20,0
9,enqueue_residual,4,S37,0,switch,0,51725,113,0,0,9,203.508,0,0,20,0
9,allocate_send_arrival,4,S37,0,switch,0,51724,112,0,0,9,203.508,0,20.7016,20,0
9,enqueue_residual,4,S37,0,switch,0,51724,112,0,0,9,203.508,0,0,20,0
9,allocate_send_arrival,4,S37,0,switch,0,51730,100,0,0,9,203.508,0,20.7016,20,0
9,enqueue_residual,4,S37,0,switch,0,51730,100,0,0,9,203.508,0,0,20,0
9,allocate_send_arrival,4,S37,0,switch,0,51723,15,0,0,9,203.508,0,20.7016,79.2984,0
9,enqueue_residual,4,S37,0,switch,0,51723,15,0,0,9,203.508,0,0,19.941,0
9,drop_shared_buffer_overflow,4,S37,0,switch,0,51723,15,0,0,9,203.508,0,0,0,59.3574
9,allocate_send_arrival,42,S20,2,switch,3,51735,76,0,0,9,251.806,0,39.7097,0,0
9,allocate_send_arrival,38,S42,0,switch,42,51735,76,0,0,9,176.64,0,39.7097,0,0
9,allocate_send_arrival,3,S27,0,switch,0,51732,53,0,0,9,119.129,0,6.37633,33.3333,0
9,enqueue_residual,3,S27,0,switch,0,51732,53,0,0,9,119.129,0,0,33.3333,0
9,allocate_send_arrival,3,S27,0,switch,0,51731,66,0,0,9,119.129,0,6.37633,33.3333,0
9,enqueue_residual,3,S27,0,switch,0,51731,66,0,0,9,119.129,0,0,33.3333,0
9,allocate_send_arrival,3,S27,0,switch,0,51735,76,0,0,9,119.129,0,6.37633,33.3333,0
9,enqueue_residual,3,S27,0,switch,0,51735,76,0,0,9,119.129,0,0,33.3333,0
9,allocate_send_arrival,8,S52,0,switch,1,51721,16,0,0,9,255.562,0,39.932,0,0
9,allocate_send_arrival,57,S47,1,switch,50,51728,103,0,0,9,259.289,0,40.7016,0,0
9,allocate_send_arrival,57,S47,1,switch,50,51723,15,0,0,9,259.289,0,40.7016,0,0
9,allocate_send_arrival,0,S00,5,terminal,0,51721,16,0,0,9,1000,0,39.932,0,0
9,allocate_send_arrival,0,S00,5,terminal,0,51729,26,0,0,9,1000,0,39.932,0,0
9,allocate_send_arrival,0,S00,5,terminal,0,51725,113,0,0,9,1000,0,56.1525,0,0
9,allocate_send_arrival,0,S00,5,terminal,0,51732,53,0,0,9,1000,0,39.7097,0,0
9,allocate_send_arrival,0,S00,5,terminal,0,51735,76,0,0,9,1000,0,39.7097,0,0
9,allocate_send_arrival,0,S00,5,terminal,0,51726,39,0,0,9,1000,0,39.932,0,0
9,allocate_send_arrival,0,S00,5,terminal,0,51722,97,0,0,9,1000,0,39.932,0,0
9,allocate_send_arrival,0,S00,5,terminal,0,51728,103,0,0,9,1000,0,20.7016,0,0
9,allocate_send_arrival,0,S00,5,terminal,0,51731,66,0,0,9,1000,0,39.7097,0,0
9,allocate_send_arrival,0,S00,5,terminal,0,51720,92,0,0,9,1000,0,66.6943,0,0
9,allocate_send_arrival,0,S00,5,terminal,0,51730,100,0,0,9,1000,0,20.7016,0,0
9,allocate_send_arrival,0,S00,5,terminal,0,51727,98,0,0,9,1000,0,62.5233,0,0
9,allocate_send_arrival,0,S00,5,terminal,0,51723,15,0,0,9,1000,0,85.2507,1.30967e-13,0
9,allocate_send_arrival,0,S00,5,terminal,0,51733,61,0,0,9,1000,0,66.6943,0,0
9,allocate_send_arrival,0,S00,5,terminal,0,51724,112,0,0,9,1000,0,20.7016,0,0
9,allocate_send_arrival,0,S00,5,terminal,0,51734,109,0,0,9,1000,0,62.5233,0,0
9,allocate_send_arrival,44,S23,0,switch,43,51720,92,0,0,9,211.017,0,62.5,0,0
9,allocate_send_arrival,33,S34,0,switch,26,51731,66,0,0,9,235.741,0,39.7097,0,0
9,allocate_send_arrival,5,S63,0,switch,0,51733,61,0,0,9,259.679,0,62.5242,0,0
9,allocate_send_arrival,19,S06,3,switch,10,51726,39,0,0,9,169.014,0,39.932,0,0
9,allocate_send_arrival,37,S32,0,switch,0,51734,109,0,0,9,103.31,0,62.5,0,0
9,allocate_send_arrival,31,S62,3,switch,5,51733,61,0,0,9,238.676,0,62.5,0,0
9,allocate_send_arrival,46,S24,1,switch,44,51720,92,0,0,9,217.722,0,62.5,0,0
9,allocate_send_arrival,51,S48,0,switch,57,51728,103,0,0,9,201.033,0,40.7016,0,0
9,allocate_send_arrival,48,S50,3,switch,10,51722,97,0,0,9,118.54,0,39.932,0,0
9,allocate_send_arrival,49,S26,0,switch,43,51727,98,0,0,9,126.404,0,62.5,0,0
9,allocate_send_arrival,1,S01,0,switch,0,51729,26,0,0,9,159.728,0,14.932,25,0
9,enqueue_residual,1,S01,0,switch,0,51729,26,0,0,9,159.728,0,0,25,0
9,allocate_send_arrival,1,S01,0,switch,0,51726,39,0,0,9,159.728,0,14.932,25,0
9,enqueue_residual,1,S01,0,switch,0,51726,39,0,0,9,159.728,0,0,25,0
9,allocate_send_arrival,1,S01,0,switch,0,51722,97,0,0,9,159.728,0,14.932,25,0
9,enqueue_residual,1,S01,0,switch,0,51722,97,0,0,9,159.728,0,0,25,0
9,allocate_send_arrival,1,S01,0,switch,0,51721,16,0,0,9,159.728,0,14.932,25,0
9,enqueue_residual,1,S01,0,switch,0,51721,16,0,0,9,159.728,0,0,25,0
9,allocate_send_arrival,7,S45,2,switch,61,51723,15,0,0,9,100.666,0,40.7016,0,0
9,allocate_send_arrival,13,S40,0,switch,6,51729,26,0,0,9,162.644,0,39.932,0,0
9,allocate_send_arrival,26,S33,0,switch,3,51731,66,0,0,9,174.708,0,39.7097,0,0
9,allocate_send_arrival,26,S33,0,switch,3,51732,53,0,0,9,174.708,0,39.7097,0,0
9,allocate_send_arrival,61,S46,1,switch,57,51723,15,0,0,9,199.213,0,40.7016,0,0
9,allocate_send_arrival,54,S31,1,switch,37,51734,109,0,0,9,242.335,0,62.5,0,0
9,allocate_send_arrival,10,S61,0,switch,1,51722,97,0,0,9,227.172,0,39.932,0,0
9,allocate_send_arrival,10,S61,0,switch,1,51726,39,0,0,9,227.172,0,39.932,0,0
9,allocate_send_arrival,56,S36,2,switch,4,51725,113,0,0,9,112.305,0,40.7016,0,0
9,allocate_send_arrival,56,S36,2,switch,4,51724,112,0,0,9,112.305,0,40.7016,0,0
9,allocate_send_arrival,43,S22,0,switch,0,51727,98,0,0,9,203.304,0,62.5,0,0
9,allocate_send_arrival,43,S22,0,switch,0,51720,92,0,0,9,203.304,0,62.5242,7.27596e-15,0
9,allocate_send_arrival,30,S14,2,switch,31,51733,61,0,0,9,290.433,0,62.5,0,0
9,allocate_send_arrival,50,S38,2,switch,4,51730,100,0,0,9,290.506,0,40.7016,0,0
9,allocate_send_arrival,50,S38,2,switch,4,51728,103,0,0,9,290.506,0,40.7016,0,0
9,allocate_send_arrival,50,S38,2,switch,4,51723,15,0,0,9,290.506,0,41.0614,0,0
10,allocate_send_buffered,4,S37,0,switch,0,51728,103,0,0,10,203.508,100,20.059,0,0
10,allocate_send_buffered,4,S37,0,switch,0,51725,113,0,0,10,203.508,100,20,0,0
10,allocate_send_buffered,4,S37,0,switch,0,51724,112,0,0,10,203.508,100,20,0,0
10,allocate_send_buffered,4,S37,0,switch,0,51730,100,0,0,10,203.508,100,20,0,0
10,allocate_send_buffered,4,S37,0,switch,0,51723,15,0,0,10,203.508,100,19.941,0,0
10,allocate_send_buffered,1,S01,0,switch,0,51729,26,0,0,10,159.728,100,25,0,0
10,allocate_send_buffered,1,S01,0,switch,0,51726,39,0,0,10,159.728,100,25,0,0
10,allocate_send_buffered,1,S01,0,switch,0,51722,97,0,0,10,159.728,100,25,0,0
10,allocate_send_buffered,1,S01,0,switch,0,51721,16,0,0,10,159.728,100,25,0,0
10,allocate_send_buffered,3,S27,0,switch,0,51732,53,0,0,10,119.129,100,33.3333,0,0
10,allocate_send_buffered,3,S27,0,switch,0,51731,66,0,0,10,119.129,100,33.3333,0,0
10,allocate_send_buffered,3,S27,0,switch,0,51735,76,0,0,10,119.129,100,33.3333,0,0
10,stage_arrival,33,S34,0,switch,26,51731,66,0,0,10,235.741,0,0,39.7097,0
10,stage_arrival,0,S00,5,terminal,0,51732,53,0,0,10,1000,0,0,33.3333,0
10,stage_arrival,5,S63,0,switch,0,51733,61,0,0,10,259.679,0,0,62.5,0
10,stage_arrival,0,S00,5,terminal,0,51728,103,0,0,10,1000,0,0,20.7016,0
10,stage_arrival,0,S00,5,terminal,0,51724,112,0,0,10,1000,0,0,20.7016,0
10,stage_arrival,50,S38,2,switch,4,51728,103,0,0,10,290.506,0,0,40.7016,0
10,stage_arrival,54,S31,1,switch,37,51734,109,0,0,10,242.335,0,0,62.5,0
10,stage_arrival,0,S00,5,terminal,0,51721,16,0,0,10,1000,0,0,14.932,0
10,stage_arrival,7,S45,2,switch,61,51723,15,0,0,10,100.666,0,0,40.7016,0
10,stage_arrival,8,S52,0,switch,1,51721,16,0,0,10,255.562,0,0,39.932,0
10,stage_arrival,0,S00,5,terminal,0,51735,76,0,0,10,1000,0,0,6.37633,0
10,stage_arrival,30,S14,2,switch,31,51733,61,0,0,10,290.433,0,0,62.5,0
10,stage_arrival,0,S00,5,terminal,0,51726,39,0,0,10,1000,0,0,25,0
10,stage_arrival,1,S01,0,switch,0,51729,26,0,0,10,159.728,0,0,39.932,0
10,stage_arrival,0,S00,5,terminal,0,51723,15,0,0,10,1000,0,0,20.7016,0
10,stage_arrival,6,S02,0,switch,1,51729,26,0,0,10,138.732,0,0,39.932,0
10,stage_arrival,4,S37,0,switch,0,51728,103,0,0,10,203.508,0,0,40.7016,0
10,stage_arrival,56,S36,2,switch,4,51724,112,0,0,10,112.305,0,0,40.7016,0
10,stage_arrival,0,S00,5,terminal,0,51722,97,0,0,10,1000,0,0,14.932,0
10,stage_arrival,1,S01,0,switch,0,51722,97,0,0,10,159.728,0,0,39.932,0
10,stage_arrival,38,S42,0,switch,42,51735,76,0,0,10,176.64,0,0,39.7097,0
10,stage_arrival_coalesce,0,S00,5,terminal,0,51723,15,0,0,10,1000,0,0,99.1211,0
10,stage_arrival,4,S37,0,switch,0,51723,15,0,0,10,203.508,0,0,41.0614,0
10,stage_arrival,51,S48,0,switch,57,51728,103,0,0,10,201.033,0,0,40.7016,0
10,stage_arrival,57,S47,1,switch,50,51723,15,0,0,10,259.289,0,0,40.7016,0
10,stage_arrival,0,S00,5,terminal,0,51731,66,0,0,10,1000,0,0,6.37633,0
10,stage_arrival,0,S00,5,terminal,0,51725,113,0,0,10,1000,0,0,21.5805,0
10,stage_arrival,0,S00,5,terminal,0,51734,109,0,0,10,1000,0,0,62.5,0
10,stage_arrival,19,S06,3,switch,10,51726,39,0,0,10,169.014,0,0,39.932,0
10,stage_arrival,1,S01,0,switch,0,51726,39,0,0,10,159.728,0,0,39.932,0
10,stage_arrival,44,S23,0,switch,43,51720,92,0,0,10,211.017,0,0,62.5,0
10,stage_arrival,4,S37,0,switch,0,51725,113,0,0,10,203.508,0,0,40.7016,0
10,stage_arrival,0,S00,5,terminal,0,51729,26,0,0,10,1000,0,0,14.932,0
10,stage_arrival,1,S01,0,switch,0,51721,16,0,0,10,159.728,0,0,39.932,0
10,stage_arrival_coalesce,0,S00,5,terminal,0,51729,26,0,0,10,1000,0,0,39.932,0
10,stage_arrival,26,S33,0,switch,3,51732,53,0,0,10,174.708,0,0,39.7097,0
10,stage_arrival,56,S36,2,switch,4,51725,113,0,0,10,112.305,0,0,40.7016,0
10,stage_arrival,10,S61,0,switch,1,51722,97,0,0,10,227.172,0,0,39.932,0
10,stage_arrival_coalesce,0,S00,5,terminal,0,51726,39,0,0,10,1000,0,0,39.932,0
10,stage_arrival,4,S37,0,switch,0,51724,112,0,0,10,203.508,0,0,40.7016,0
10,stage_arrival,61,S46,1,switch,57,51723,15,0,0,10,199.213,0,0,40.7016,0
10,stage_arrival,57,S47,1,switch,50,51728,103,0,0,10,259.289,0,0,40.7016,0
10,stage_arrival_coalesce,0,S00,5,terminal,0,51735,76,0,0,10,1000,0,0,39.7097,0
10,stage_arrival,46,S24,1,switch,44,51720,92,0,0,10,217.722,0,0,62.5,0
10,stage_arrival,4,S37,0,switch,0,51730,100,0,0,10,203.508,0,0,40.7016,0
10,stage_arrival,3,S27,0,switch,0,51732,53,0,0,10,119.129,0,0,39.7097,0
10,stage_arrival,0,S00,5,terminal,0,51720,92,0,0,10,1000,0,0,62.5242,0
10,stage_arrival,50,S38,2,switch,4,51730,100,0,0,10,290.506,0,0,40.7016,0
10,stage_arrival_coalesce,0,S00,5,terminal,0,51725,113,0,0,10,1000,0,0,42.2821,0
10,stage_arrival_coalesce,0,S00,5,terminal,0,51731,66,0,0,10,1000,0,0,39.7097,0
10,stage_arrival,37,S32,0,switch,0,51734,109,0,0,10,103.31,0,0,62.5,0
10,stage_arrival,13,S40,0,switch,6,51729,26,0,0,10,162.644,0,0,39.932,0
10,stage_arrival,0,S00,5,terminal,0,51727,98,0,0,10,1000,0,0,62.5,0
10,stage_arrival,3,S27,0,switch,0,51735,76,0,0,10,119.129,0,0,39.7097,0
10,stage_arrival,0,S00,5,terminal,0,51733,61,0,0,10,1000,0,0,62.5242,0
10,stage_arrival,49,S26,0,switch,43,51727,98,0,0,10,126.404,0,0,62.5,0
10,stage_arrival,48,S50,3,switch,10,51722,97,0,0,10,118.54,0,0,39.932,0
10,stage_arrival,42,S20,2,switch,3,51735,76,0,0,10,251.806,0,0,39.7097,0
10,stage_arrival,0,S00,5,terminal,0,51730,100,0,0,10,1000,0,0,20.7016,0
10,stage_arrival_coalesce,0,S00,5,terminal,0,51721,16,0,0,10,1000,0,0,39.932,0
10,stage_arrival,43,S22,0,switch,0,51727,98,0,0,10,203.304,0,0,62.5,0
10,stage_arrival,26,S33,0,switch,3,51731,66,0,0,10,174.708,0,0,39.7097,0
10,stage_arrival,31,S62,3,switch,5,51733,61,0,0,10,238.676,0,0,62.5,0
10,stage_arrival,43,S22,0,switch,0,51720,92,0,0,10,203.304,0,0,62.5,0
10,stage_arrival,3,S27,0,switch,0,51731,66,0,0,10,119.129,0,0,39.7097,0
10,stage_arrival,50,S38,2,switch,4,51723,15,0,0,10,290.506,0,0,40.7016,0
10,stage_arrival,10,S61,0,switch,1,51726,39,0,0,10,227.172,0,0,39.932,0
10,stage_arrival_coalesce,0,S00,5,terminal,0,51722,97,0,0,10,1000,0,0,39.932,0
10,stage_arrival_coalesce,0,S00,5,terminal,0,51732,53,0,0,10,1000,0,0,39.7097,0
10,allocate_send_arrival,49,S26,0,switch,43,51727,98,0,0,10,126.404,0,62.5,0,0
10,allocate_send_arrival,10,S61,0,switch,1,51722,97,0,0,10,227.172,0,39.932,0,0
10,allocate_send_arrival,10,S61,0,switch,1,51726,39,0,0,10,227.172,0,39.932,0,0
10,allocate_send_arrival,8,S52,0,switch,1,51721,16,0,0,10,255.562,0,39.932,0,0
10,allocate_send_arrival,33,S34,0,switch,26,51731,66,0,0,10,235.741,0,39.7097,0,0
10,allocate_send_arrival,54,S31,1,switch,37,51734,109,0,0,10,242.335,0,62.5,0,0
10,allocate_send_arrival,1,S01,0,switch,0,51729,26,0,0,10,159.728,0,14.932,25,0
10,enqueue_residual,1,S01,0,switch,0,51729,26,0,0,10,159.728,0,0,25,0
10,allocate_send_arrival,1,S01,0,switch,0,51722,97,0,0,10,159.728,0,14.932,25,0
10,enqueue_residual,1,S01,0,switch,0,51722,97,0,0,10,159.728,0,0,25,0
10,allocate_send_arrival,1,S01,0,switch,0,51726,39,0,0,10,159.728,0,14.932,25,0
10,enqueue_residual,1,S01,0,switch,0,51726,39,0,0,10,159.728,0,0,25,0
10,allocate_send_arrival,1,S01,0,switch,0,51721,16,0,0,10,159.728,0,14.932,25,0
10,enqueue_residual,1,S01,0,switch,0,51721,16,0,0,10,159.728,0,0,25,0
10,allocate_send_arrival,0,S00,5,terminal,0,51732,53,0,0,10,1000,0,39.7097,0,0
10,allocate_send_arrival,0,S00,5,terminal,0,51728,103,0,0,10,1000,0,20.7016,0,0
10,allocate_send_arrival,0,S00,5,terminal,0,51724,112,0,0,10,1000,0,20.7016,0,0
10,allocate_send_arrival,0,S00,5,terminal,0,51721,16,0,0,10,1000,0,39.932,0,0
10,allocate_send_arrival,0,S00,5,terminal,0,51735,76,0,0,10,1000,0,39.7097,0,0
10,allocate_send_arrival,0,S00,5,terminal,0,51726,39,0,0,10,1000,0,39.932,0,0
10,allocate_send_arrival,0,S00,5,terminal,0,51723,15,0,0,10,1000,0,99.1211,1.16415e-13,0
10,allocate_send_arrival,0,S00,5,terminal,0,51722,97,0,0,10,1000,0,39.932,0,0
10,allocate_send_arrival,0,S00,5,terminal,0,51731,66,0,0,10,1000,0,39.7097,0,0
10,allocate_send_arrival,0,S00,5,terminal,0,51725,113,0,0,10,1000,0,42.2821,0,0
10,allocate_send_arrival,0,S00,5,terminal,0,51734,109,0,0,10,1000,0,62.5,0,0
10,allocate_send_arrival,0,S00,5,terminal,0,51729,26,0,0,10,1000,0,39.932,0,0
10,allocate_send_arrival,0,S00,5,terminal,0,51720,92,0,0,10,1000,0,62.5242,0,0
10,allocate_send_arrival,0,S00,5,terminal,0,51727,98,0,0,10,1000,0,62.5,0,0
10,allocate_send_arrival,0,S00,5,terminal,0,51733,61,0,0,10,1000,0,62.5242,0,0
10,allocate_send_arrival,0,S00,5,terminal,0,51730,100,0,0,10,1000,0,20.7016,0,0
10,allocate_send_arrival,48,S50,3,switch,10,51722,97,0,0,10,118.54,0,39.932,0,0
10,allocate_send_arrival,37,S32,0,switch,0,51734,109,0,0,10,103.31,0,62.5,0,0
10,allocate_send_arrival,57,S47,1,switch,50,51723,15,0,0,10,259.289,0,40.7016,0,0
10,allocate_send_arrival,57,S47,1,switch,50,51728,103,0,0,10,259.289,0,40.7016,0,0
10,allocate_send_arrival,46,S24,1,switch,44,51720,92,0,0,10,217.722,0,62.5,0,0
10,allocate_send_arrival,30,S14,2,switch,31,51733,61,0,0,10,290.433,0,62.5,0,0
10,allocate_send_arrival,6,S02,0,switch,1,51729,26,0,0,10,138.732,0,39.932,0,0
10,allocate_send_arrival,43,S22,0,switch,0,51727,98,0,0,10,203.304,0,62.5,0,0
10,allocate_send_arrival,43,S22,0,switch,0,51720,92,0,0,10,203.304,0,62.5,0,0
10,allocate_send_arrival,26,S33,0,switch,3,51732,53,0,0,10,174.708,0,39.7097,0,0
10,allocate_send_arrival,26,S33,0,switch,3,51731,66,0,0,10,174.708,0,39.7097,0,0
10,allocate_send_arrival,44,S23,0,switch,43,51720,92,0,0,10,211.017,0,62.5,0,0
10,allocate_send_arrival,50,S38,2,switch,4,51728,103,0,0,10,290.506,0,40.7016,0,0
10,allocate_send_arrival,50,S38,2,switch,4,51730,100,0,0,10,290.506,0,40.7016,0,0
10,allocate_send_arrival,50,S38,2,switch,4,51723,15,0,0,10,290.506,0,40.7016,0,0
10,allocate_send_arrival,5,S63,0,switch,0,51733,61,0,0,10,259.679,0,62.5,0,0
10,allocate_send_arrival,19,S06,3,switch,10,51726,39,0,0,10,169.014,0,39.932,0,0
10,allocate_send_arrival,38,S42,0,switch,42,51735,76,0,0,10,176.64,0,39.7097,0,0
10,allocate_send_arrival,4,S37,0,switch,0,51728,103,0,0,10,203.508,0,20.7016,20,0
10,enqueue_residual,4,S37,0,switch,0,51728,103,0,0,10,203.508,0,0,20,0
10,allocate_send_arrival,4,S37,0,switch,0,51723,15,0,0,10,203.508,0,20.7016,20.3598,0
10,enqueue_residual,4,S37,0,switch,0,51723,15,0,0,10,203.508,0,0,20.3598,0
10,allocate_send_arrival,4,S37,0,switch,0,51725,113,0,0,10,203.508,0,20.7016,20,0
10,enqueue_residual,4,S37,0,switch,0,51725,113,0,0,10,203.508,0,0,20,0
10,allocate_send_arrival,4,S37,0,switch,0,51724,112,0,0,10,203.508,0,20.7016,20,0
10,enqueue_residual,4,S37,0,switch,0,51724,112,0,0,10,203.508,0,0,20,0
10,allocate_send_arrival,4,S37,0,switch,0,51730,100,0,0,10,203.508,0,20.7016,20,0
10,enqueue_residual,4,S37,0,switch,0,51730,100,0,0,10,203.508,0,0,19.6402,0
10,drop_shared_buffer_overflow,4,S37,0,switch,0,51730,100,0,0,10,203.508,0,0,0,0.359786
10,allocate_send_arrival,42,S20,2,switch,3,51735,76,0,0,10,251.806,0,39.7097,0,0
10,allocate_send_arrival,7,S45,2,switch,61,51723,15,0,0,10,100.666,0,40.7016,0,0
10,allocate_send_arrival,31,S62,3,switch,5,51733,61,0,0,10,238.676,0,62.5,0,0
10,allocate_send_arrival,51,S48,0,switch,57,51728,103,0,0,10,201.033,0,40.7016,0,0
10,allocate_send_arrival,3,S27,0,switch,0,51732,53,0,0,10,119.129,0,6.37633,33.3333,0
10,enqueue_residual,3,S27,0,switch,0,51732,53,0,0,10,119.129,0,0,33.3333,0
10,allocate_send_arrival,3,S27,0,switch,0,51735,76,0,0,10,119.129,0,6.37633,33.3333,0
10,enqueue_residual,3,S27,0,switch,0,51735,76,0,0,10,119.129,0,0,33.3333,0
10,allocate_send_arrival,3,S27,0,switch,0,51731,66,0,0,10,119.129,0,6.37633,33.3333,0
10,enqueue_residual,3,S27,0,switch,0,51731,66,0,0,10,119.129,0,0,33.3333,0
10,allocate_send_arrival,13,S40,0,switch,6,51729,26,0,0,10,162.644,0,39.932,0,0
10,allocate_send_arrival,56,S36,2,switch,4,51724,112,0,0,10,112.305,0,40.7016,0,0
10,allocate_send_arrival,56,S36,2,switch,4,51725,113,0,0,10,112.305,0,40.7016,0,0
10,allocate_send_arrival,61,S46,1,switch,57,51723,15,0,0,10,199.213,0,40.7016,0,0
11,allocate_send_buffered,4,S37,0,switch,0,51728,103,0,0,11,203.508,100,20,0,0
11,allocate_send_buffered,4,S37,0,switch,0,51723,15,0,0,11,203.508,100,20.3598,7.27596e-15,0
11,allocate_send_buffered,4,S37,0,switch,0,51725,113,0,0,11,203.508,100,20,0,0
11,allocate_send_buffered,4,S37,0,switch,0,51724,112,0,0,11,203.508,100,20,0,0
11,allocate_send_buffered,4,S37,0,switch,0,51730,100,0,0,11,203.508,100,19.6402,0,0
11,allocate_send_buffered,1,S01,0,switch,0,51729,26,0,0,11,159.728,100,25,0,0
11,allocate_send_buffered,1,S01,0,switch,0,51722,97,0,0,11,159.728,100,25,0,0
11,allocate_send_buffered,1,S01,0,switch,0,51726,39,0,0,11,159.728,100,25,0,0
11,allocate_send_buffered,1,S01,0,switch,0,51721,16,0,0,11,159.728,100,25,0,0
11,allocate_send_buffered,3,S27,0,switch,0,51732,53,0,0,11,119.129,100,33.3333,0,0
11,allocate_send_buffered,3,S27,0,switch,0,51735,76,0,0,11,119.129,100,33.3333,0,0
11,allocate_send_buffered,3,S27,0,switch,0,51731,66,0,0,11,119.129,100,33.3333,0,0
11,stage_arrival,10,S61,0,switch,1,51722,97,0,0,11,227.172,0,0,39.932,0
11,stage_arrival,0,S00,5,terminal,0,51721,16,0,0,11,1000,0,0,25,0
11,stage_arrival,7,S45,2,switch,61,51723,15,0,0,11,100.666,0,0,40.7016,0
11,stage_arrival,31,S62,3,switch,5,51733,61,0,0,11,238.676,0,0,62.5,0
11,stage_arrival,56,S36,2,switch,4,51724,112,0,0,11,112.305,0,0,40.7016,0
11,stage_arrival,3,S27,0,switch,0,51732,53,0,0,11,119.129,0,0,39.7097,0
11,stage_arrival,43,S22,0,switch,0,51727,98,0,0,11,203.304,0,0,62.5,0
11,stage_arrival,0,S00,5,terminal,0,51724,112,0,0,11,1000,0,0,20,0
11,stage_arrival,0,S00,5,terminal,0,51730,100,0,0,11,1000,0,0,20.7016,0
11,stage_arrival,26,S33,0,switch,3,51732,53,0,0,11,174.708,0,0,39.7097,0
11,stage_arrival,38,S42,0,switch,42,51735,76,0,0,11,176.64,0,0,39.7097,0
11,stage_arrival,33,S34,0,switch,26,51731,66,0,0,11,235.741,0,0,39.7097,0
11,stage_arrival,0,S00,5,terminal,0,51728,103,0,0,11,1000,0,0,20.059,0
11,stage_arrival,6,S02,0,switch,1,51729,26,0,0,11,138.732,0,0,39.932,0
11,stage_arrival,3,S27,0,switch,0,51735,76,0,0,11,119.129,0,0,39.7097,0
11,stage_arrival,42,S20,2,switch,3,51735,76,0,0,11,251.806,0,0,39.7097,0
11,stage_arrival,13,S40,0,switch,6,51729,26,0,0,11,162.644,0,0,39.932,0
11,stage_arrival,4,S37,0,switch,0,51730,100,0,0,11,203.508,0,0,40.7016,0
11,stage_arrival,0,S00,5,terminal,0,51731,66,0,0,11,1000,0,0,6.37633,0
11,stage_arrival,0,S00,5,terminal,0,51732,53,0,0,11,1000,0,0,33.3333,0
11,stage_arrival,19,S06,3,switch,10,51726,39,0,0,11,169.014,0,0,39.932,0
11,stage_arrival,4,S37,0,switch,0,51724,112,0,0,11,203.508,0,0,40.7016,0
11,stage_arrival,4,S37,0,switch,0,51728,103,0,0,11,203.508,0,0,40.7016,0
11,stage_arrival,0,S00,5,terminal,0,51729,26,0,0,11,1000,0,0,25,0
11,stage_arrival,1,S01,0,switch,0,51722,97,0,0,11,159.728,0,0,39.932,0
11,stage_arrival,37,S32,0,switch,0,51734,109,0,0,11,103.31,0,0,62.5,0
11,stage_arrival,30,S14,2,switch,31,51733,61,0,0,11,290.433,0,0,62.5,0
11,stage_arrival,26,S33,0,switch,3,51731,66,0,0,11,174.708,0,0,39.7097,0
11,stage_arrival,1,S01,0,switch,0,51726,39,0,0,11,159.728,0,0,39.932,0
11,stage_arrival,0,S00,5,terminal,0,51727,98,0,0,11,1000,0,0,62.5,0
11,stage_arrival,0,S00,5,terminal,0,51723,15,0,0,11,1000,0,0,20.7016,0
11,stage_arrival_coalesce,0,S00,5,terminal,0,51728,103,0,0,11,1000,0,0,40.7606,0
11,stage_arrival,57,S47,1,switch,50,51728,103,0,0,11,259.289,0,0,40.7016,0
11,stage_arrival_coalesce,0,S00,5,terminal,0,51731,66,0,0,11,1000,0,0,39.7097,0
11,stage_arrival,49,S26,0,switch,43,51727,98,0,0,11,126.404,0,0,62.5,0
11,stage_arrival,4,S37,0,switch,0,51723,15,0,0,11,203.508,0,0,40.7016,0
11,stage_arrival,0,S00,5,terminal,0,51722,97,0,0,11,1000,0,0,14.932,0
11,stage_arrival_coalesce,0,S00,5,terminal,0,51723,15,0,0,11,1000,0,0,40.6426,0
11,stage_arrival,1,S01,0,switch,0,51721,16,0,0,11,159.728,0,0,39.932,0
11,stage_arrival,8,S52,0,switch,1,51721,16,0,0,11,255.562,0,0,39.932,0
11,stage_arrival,10,S61,0,switch,1,51726,39,0,0,11,227.172,0,0,39.932,0
11,stage_arrival,0,S00,5,terminal,0,51735,76,0,0,11,1000,0,0,6.37633,0
11,stage_arrival_coalesce,0,S00,5,terminal,0,51721,16,0,0,11,1000,0,0,39.932,0
11,stage_arrival,57,S47,1,switch,50,51723,15,0,0,11,259.289,0,0,40.7016,0
11,stage_arrival,61,S46,1,switch,57,51723,15,0,0,11,199.213,0,0,40.7016,0
11,stage_arrival,1,S01,0,switch,0,51729,26,0,0,11,159.728,0,0,39.932,0
11,stage_arrival_coalesce,0,S00,5,terminal,0,51724,112,0,0,11,1000,0,0,40.7016,0
11,stage_arrival_coalesce,0,S00,5,terminal,0,51732,53,0,0,11,1000,0,0,39.7097,0
11,stage_arrival,5,S63,0,switch,0,51733,61,0,0,11,259.679,0,0,62.5,0
11,stage_arrival,0,S00,5,terminal,0,51725,113,0,0,11,1000,0,0,20.7016,0
11,stage_arrival_coalesce,0,S00,5,terminal,0,51729,26,0,0,11,1000,0,0,39.932,0
11,stage_arrival,56,S36,2,switch,4,51725,113,0,0,11,112.305,0,0,40.7016,0
11,stage_arrival,54,S31,1,switch,37,51734,109,0,0,11,242.335,0,0,62.5,0
11,stage_arrival,50,S38,2,switch,4,51728,103,0,0,11,290.506,0,0,40.7016,0
11,stage_arrival,0,S00,5,terminal,0,51734,109,0,0,11,1000,0,0,62.5,0
11,stage_arrival,46,S24,1,switch,44,51720,92,0,0,11,217.722,0,0,62.5,0
11,stage_arrival,0,S00,5,terminal,0,51733,61,0,0,11,1000,0,0,62.5,0
11,stage_arrival,3,S27,0,switch,0,51731,66,0,0,11,119.129,0,0,39.7097,0
11,stage_arrival,50,S38,2,switch,4,51723,15,0,0,11,290.506,0,0,40.7016,0
11,stage_arrival_coalesce,0,S00,5,terminal,0,51725,113,0,0,11,1000,0,0,40.7016,0
11,stage_arrival,50,S38,2,switch,4,51730,100,0,0,11,290.506,0,0,40.7016,0
11,stage_arrival,0,S00,5,terminal,0,51726,39,0,0,11,1000,0,0,25,0
11,stage_arrival_coalesce,0,S00,5,terminal,0,51722,97,0,0,11,1000,0,0,39.932,0
11,stage_arrival,44,S23,0,switch,43,51720,92,0,0,11,211.017,0,0,62.5,0
11,stage_arrival,0,S00,5,terminal,0,51720,92,0,0,11,1000,0,0,62.5,0
11,stage_arrival_coalesce,0,S00,5,terminal,0,51730,100,0,0,11,1000,0,0,40.7016,0
11,stage_arrival,4,S37,0,switch,0,51725,113,0,0,11,203.508,0,0,40.7016,0
11,stage_arrival,51,S48,0,switch,57,51728,103,0,0,11,201.033,0,0,40.7016,0
11,stage_arrival,48,S50,3,switch,10,51722,97,0,0,11,118.54,0,0,39.932,0
11,stage_arrival_coalesce,0,S00,5,terminal,0,51735,76,0,0,11,1000,0,0,39.7097,0
11,stage_arrival_coalesce,0,S00,5,terminal,0,51726,39,0,0,11,1000,0,0,39.932,0
11,stage_arrival,43,S22,0,switch,0,51720,92,0,0,11,203.304,0,0,62.5,0
11,allocate_send_arrival,19,S06,3,switch,10,51726,39,0,0,11,169.014,0,39.932,0,0
11,allocate_send_arrival,31,S62,3,switch,5,51733,61,0,0,11,238.676,0,62.5,0,0
11,allocate_send_arrival,57,S47,1,switch,50,51728,103,0,0,11,259.289,0,40.7016,0,0
11,allocate_send_arrival,57,S47,1,switch,50,51723,15,0,0,11,259.289,0,40.7016,0,0
11,allocate_send_arrival,54,S31,1,switch,37,51734,109,0,0,11,242.335,0,62.5,0,0
11,allocate_send_arrival,3,S27,0,switch,0,51732,53,0,0,11,119.129,0,6.37633,33.3333,0
11,enqueue_residual,3,S27,0,switch,0,51732,53,0,0,11,119.129,0,0,33.3333,0
11,allocate_send_arrival,3,S27,0,switch,0,51735,76,0,0,11,119.129,0,6.37633,33.3333,0
11,enqueue_residual,3,S27,0,switch,0,51735,76,0,0,11,119.129,0,0,33.3333,0
11,allocate_send_arrival,3,S27,0,switch,0,51731,66,0,0,11,119.129,0,6.37633,33.3333,0
11,enqueue_residual,3,S27,0,switch,0,51731,66,0,0,11,119.129,0,0,33.3333,0
11,allocate_send_arrival,42,S20,2,switch,3,51735,76,0,0,11,251.806,0,39.7097,0,0
11,allocate_send_arrival,5,S63,0,switch,0,51733,61,0,0,11,259.679,0,62.5,0,0
11,allocate_send_arrival,10,S61,0,switch,1,51722,97,0,0,11,227.172,0,39.932,0,0
11,allocate_send_arrival,10,S61,0,switch,1,51726,39,0,0,11,227.172,0,39.932,0,0
11,allocate_send_arrival,7,S45,2,switch,61,51723,15,0,0,11,100.666,0,40.7016,0,0
11,allocate_send_arrival,43,S22,0,switch,0,51727,98,0,0,11,203.304,0,62.5,0,0
11,allocate_send_arrival,43,S22,0,switch,0,51720,92,0,0,11,203.304,0,62.5,0,0
11,allocate_send_arrival,56,S36,2,switch,4,51724,112,0,0,11,112.305,0,40.7016,0,0
11,allocate_send_arrival,56,S36,2,switch,4,51725,113,0,0,11,112.305,0,40.7016,0,0
11,allocate_send_arrival,8,S52,0,switch,1,51721,16,0,0,11,255.562,0,39.932,0,0
11,allocate_send_arrival,6,S02,0,switch,1,51729,26,0,0,11,138.732,0,39.932,0,0
11,allocate_send_arrival,13,S40,0,switch,6,51729,26,0,0,11,162.644,0,39.932,0,0
11,allocate_send_arrival,50,S38,2,switch,4,51728,103,0,0,11,290.506,0,40.7016,0,0
11,allocate_send_arrival,50,S38,2,switch,4,51723,15,0,0,11,290.506,0,40.7016,0,0
11,allocate_send_arrival,50,S38,2,switch,4,51730,100,0,0,11,290.506,0,40.7016,0,0
11,allocate_send_arrival,48,S50,3,switch,10,51722,97,0,0,11,118.54,0,39.932,0,0
11,allocate_send_arrival,4,S37,0,switch,0,51730,100,0,0,11,203.508,0,20.7016,20,0
11,enqueue_residual,4,S37,0,switch,0,51730,100,0,0,11,203.508,0,0,20,0
11,allocate_send_arrival,4,S37,0,switch,0,51724,112,0,0,11,203.508,0,20.7016,20,0
11,enqueue_residual,4,S37,0,switch,0,51724,112,0,0,11,203.508,0,0,20,0
11,allocate_send_arrival,4,S37,0,switch,0,51728,103,0,0,11,203.508,0,20.7016,20,0
11,enqueue_residual,4,S37,0,switch,0,51728,103,0,0,11,203.508,0,0,20,0
11,allocate_send_arrival,4,S37,0,switch,0,51723,15,0,0,11,203.508,0,20.7016,20,0
11,enqueue_residual,4,S37,0,switch,0,51723,15,0,0,11,203.508,0,0,20,0
11,allocate_send_arrival,4,S37,0,switch,0,51725,113,0,0,11,203.508,0,20.7016,20,0
11,enqueue_residual,4,S37,0,switch,0,51725,113,0,0,11,203.508,0,0,20,0
11,allocate_send_arrival,30,S14,2,switch,31,51733,61,0,0,11,290.433,0,62.5,0,0
11,allocate_send_arrival,51,S48,0,switch,57,51728,103,0,0,11,201.033,0,40.7016,0,0
11,allocate_send_arrival,33,S34,0,switch,26,51731,66,0,0,11,235.741,0,39.7097,0,0
11,allocate_send_arrival,26,S33,0,switch,3,51732,53,0,0,11,174.708,0,39.7097,0,0
11,allocate_send_arrival,26,S33,0,switch,3,51731,66,0,0,11,174.708,0,39.7097,0,0
11,allocate_send_arrival,49,S26,0,switch,43,51727,98,0,0,11,126.404,0,62.5,0,0
11,allocate_send_arrival,38,S42,0,switch,42,51735,76,0,0,11,176.64,0,39.7097,0,0
11,allocate_send_arrival,44,S23,0,switch,43,51720,92,0,0,11,211.017,0,62.5,0,0
11,allocate_send_arrival,46,S24,1,switch,44,51720,92,0,0,11,217.722,0,62.5,0,0
11,allocate_send_arrival,1,S01,0,switch,0,51722,97,0,0,11,159.728,0,14.932,25,0
11,enqueue_residual,1,S01,0,switch,0,51722,97,0,0,11,159.728,0,0,25,0
11,allocate_send_arrival,1,S01,0,switch,0,51726,39,0,0,11,159.728,0,14.932,25,0
11,enqueue_residual,1,S01,0,switch,0,51726,39,0,0,11,159.728,0,0,25,0
11,allocate_send_arrival,1,S01,0,switch,0,51721,16,0,0,11,159.728,0,14.932,25,0
11,enqueue_residual,1,S01,0,switch,0,51721,16,0,0,11,159.728,0,0,25,0
11,allocate_send_arrival,1,S01,0,switch,0,51729,26,0,0,11,159.728,0,14.932,25,0
11,enqueue_residual,1,S01,0,switch,0,51729,26,0,0,11,159.728,0,0,25,0
11,allocate_send_arrival,61,S46,1,switch,57,51723,15,0,0,11,199.213,0,40.7016,0,0
11,allocate_send_arrival,37,S32,0,switch,0,51734,109,0,0,11,103.31,0,62.5,0,0
11,allocate_send_arrival,0,S00,5,terminal,0,51721,16,0,0,11,1000,0,39.932,0,0
11,allocate_send_arrival,0,S00,5,terminal,0,51724,112,0,0,11,1000,0,40.7016,0,0
11,allocate_send_arrival,0,S00,5,terminal,0,51730,100,0,0,11,1000,0,40.7016,0,0
11,allocate_send_arrival,0,S00,5,terminal,0,51728,103,0,0,11,1000,0,40.7606,0,0
11,allocate_send_arrival,0,S00,5,terminal,0,51731,66,0,0,11,1000,0,39.7097,0,0
11,allocate_send_arrival,0,S00,5,terminal,0,51732,53,0,0,11,1000,0,39.7097,0,0
11,allocate_send_arrival,0,S00,5,terminal,0,51729,26,0,0,11,1000,0,39.932,0,0
11,allocate_send_arrival,0,S00,5,terminal,0,51727,98,0,0,11,1000,0,62.5,0,0
11,allocate_send_arrival,0,S00,5,terminal,0,51723,15,0,0,11,1000,0,40.6426,0,0
11,allocate_send_arrival,0,S00,5,terminal,0,51722,97,0,0,11,1000,0,39.932,0,0
11,allocate_send_arrival,0,S00,5,terminal,0,51735,76,0,0,11,1000,0,39.7097,0,0
11,allocate_send_arrival,0,S00,5,terminal,0,51725,113,0,0,11,1000,0,40.7016,0,0
11,allocate_send_arrival,0,S00,5,terminal,0,51734,109,0,0,11,1000,0,62.5,0,0
11,allocate_send_arrival,0,S00,5,terminal,0,51733,61,0,0,11,1000,0,62.5,0,0
11,allocate_send_arrival,0,S00,5,terminal,0,51726,39,0,0,11,1000,0,39.932,0,0
11,allocate_send_arrival,0,S00,5,terminal,0,51720,92,0,0,11,1000,0,62.5,0,0
12,allocate_send_buffered,1,S01,0,switch,0,51722,97,0,0,12,159.728,100,25,0,0
12,allocate_send_buffered,1,S01,0,switch,0,51726,39,0,0,12,159.728,100,25,0,0
12,allocate_send_buffered,1,S01,0,switch,0,51721,16,0,0,12,159.728,100,25,0,0
12,allocate_send_buffered,1,S01,0,switch,0,51729,26,0,0,12,159.728,100,25,0,0
12,allocate_send_buffered,4,S37,0,switch,0,51730,100,0,0,12,203.508,100,20,0,0
12,allocate_send_buffered,4,S37,0,switch,0,51724,112,0,0,12,203.508,100,20,0,0
12,allocate_send_buffered,4,S37,0,switch,0,51728,103,0,0,12,203.508,100,20,0,0
12,allocate_send_buffered,4,S37,0,switch,0,51723,15,0,0,12,203.508,100,20,0,0
12,allocate_send_buffered,4,S37,0,switch,0,51725,113,0,0,12,203.508,100,20,0,0
12,allocate_send_buffered,3,S27,0,switch,0,51732,53,0,0,12,119.129,100,33.3333,0,0
12,allocate_send_buffered,3,S27,0,switch,0,51735,76,0,0,12,119.129,100,33.3333,0,0
12,allocate_send_buffered,3,S27,0,switch,0,51731,66,0,0,12,119.129,100,33.3333,0,0
12,stage_arrival,0,S00,5,terminal,0,51730,100,0,0,12,1000,0,0,19.6402,0
12,stage_arrival,0,S00,5,terminal,0,51735,76,0,0,12,1000,0,0,6.37633,0
12,stage_arrival,0,S00,5,terminal,0,51731,66,0,0,12,1000,0,0,6.37633,0
12,stage_arrival,42,S20,2,switch,3,51735,76,0,0,12,251.806,0,0,39.7097,0
12,stage_arrival,0,S00,5,terminal,0,51727,98,0,0,12,1000,0,0,62.5,0
12,stage_arrival,57,S47,1,switch,50,51728,103,0,0,12,259.289,0,0,40.7016,0
12,stage_arrival,0,S00,5,terminal,0,51722,97,0,0,12,1000,0,0,25,0
12,stage_arrival,0,S00,5,terminal,0,51721,16,0,0,12,1000,0,0,25,0
12,stage_arrival,33,S34,0,switch,26,51731,66,0,0,12,235.741,0,0,39.7097,0
12,stage_arrival,0,S00,5,terminal,0,51724,112,0,0,12,1000,0,0,20,0
12,stage_arrival,1,S01,0,switch,0,51721,16,0,0,12,159.728,0,0,39.932,0
12,stage_arrival,43,S22,0,switch,0,51720,92,0,0,12,203.304,0,0,62.5,0
12,stage_arrival,54,S31,1,switch,37,51734,109,0,0,12,242.335,0,0,62.5,0
12,stage_arrival,0,S00,5,terminal,0,51725,113,0,0,12,1000,0,0,20.7016,0
12,stage_arrival,1,S01,0,switch,0,51729,26,0,0,12,159.728,0,0,39.932,0
12,stage_arrival_coalesce,0,S00,5,terminal,0,51731,66,0,0,12,1000,0,0,39.7097,0
12,stage_arrival,30,S14,2,switch,31,51733,61,0,0,12,290.433,0,0,62.5,0
12,stage_arrival_coalesce,0,S00,5,terminal,0,51730,100,0,0,12,1000,0,0,40.3418,0
12,stage_arrival,61,S46,1,switch,57,51723,15,0,0,12,199.213,0,0,40.7016,0
12,stage_arrival,4,S37,0,switch,0,51723,15,0,0,12,203.508,0,0,40.7016,0
12,stage_arrival,51,S48,0,switch,57,51728,103,0,0,12,201.033,0,0,40.7016,0
12,stage_arrival,0,S00,5,terminal,0,51729,26,0,0,12,1000,0,0,14.932,0
12,stage_arrival,46,S24,1,switch,44,51720,92,0,0,12,217.722,0,0,62.5,0
12,stage_arrival,0,S00,5,terminal,0,51728,103,0,0,12,1000,0,0,20,0
12,stage_arrival,50,S38,2,switch,4,51723,15,0,0,12,290.506,0,0,40.7016,0
12,stage_arrival,7,S45,2,switch,61,51723,15,0,0,12,100.666,0,0,40.7016,0
12,stage_arrival,0,S00,5,terminal,0,51733,61,0,0,12,1000,0,0,62.5,0
12,stage_arrival,57,S47,1,switch,50,51723,15,0,0,12,259.289,0,0,40.7016,0
12,stage_arrival,4,S37,0,switch,0,51728,103,0,0,12,203.508,0,0,40.7016,0
12,stage_arrival_coalesce,0,S00,5,terminal,0,51728,103,0,0,12,1000,0,0,40.7016,0
12,stage_arrival,8,S52,0,switch,1,51721,16,0,0,12,255.562,0,0,39.932,0
12,stage_arrival,13,S40,0,switch,6,51729,26,0,0,12,162.644,0,0,39.932,0
12,stage_arrival,4,S37,0,switch,0,51730,100,0,0,12,203.508,0,0,40.7016,0
12,stage_arrival_coalesce,0,S00,5,terminal,0,51729,26,0,0,12,1000,0,0,39.932,0
12,stage_arrival_coalesce,0,S00,5,terminal,0,51735,76,0,0,12,1000,0,0,39.7097,0
12,stage_arrival,31,S62,3,switch,5,51733,61,0,0,12,238.676,0,0,62.5,0
12,stage_arrival,0,S00,5,terminal,0,51720,92,0,0,12,1000,0,0,62.5,0
12,stage_arrival,50,S38,2,switch,4,51728,103,0,0,12,290.506,0,0,40.7016,0
12,stage_arrival,3,S27,0,switch,0,51735,76,0,0,12,119.129,0,0,39.7097,0
12,stage_arrival,6,S02,0,switch,1,51729,26,0,0,12,138.732,0,0,39.932,0
12,stage_arrival,10,S61,0,switch,1,51726,39,0,0,12,227.172,0,0,39.932,0
12,stage_arrival,4,S37,0,switch,0,51725,113,0,0,12,203.508,0,0,40.7016,0
12,stage_arrival_coalesce,0,S00,5,terminal,0,51722,97,0,0,12,1000,0,0,39.932,0
12,stage_arrival,19,S06,3,switch,10,51726,39,0,0,12,169.014,0,0,39.932,0
12,stage_arrival,5,S63,0,switch,0,51733,61,0,0,12,259.679,0,0,62.5,0
12,stage_arrival,3,S27,0,switch,0,51731,66,0,0,12,119.129,0,0,39.7097,0
12,stage_arrival,3,S27,0,switch,0,51732,53,0,0,12,119.129,0,0,39.7097,0
12,stage_arrival,26,S33,0,switch,3,51732,53,0,0,12,174.708,0,0,39.7097,0
12,stage_arrival,0,S00,5,terminal,0,51723,15,0,0,12,1000,0,0,20.3598,0
12,stage_arrival,56,S36,2,switch,4,51725,113,0,0,12,112.305,0,0,40.7016,0
12,stage_arrival,0,S00,5,terminal,0,51734,109,0,0,12,1000,0,0,62.5,0
12,stage_arrival,37,S32,0,switch,0,51734,109,0,0,12,103.31,0,0,62.5,0
12,stage_arrival,44,S23,0,switch,43,51720,92,0,0,12,211.017,0,0,62.5,0
12,stage_arrival_coalesce,0,S00,5,terminal,0,51723,15,0,0,12,1000,0,0,41.0614,0
12,stage_arrival,10,S61,0,switch,1,51722,97,0,0,12,227.172,0,0,39.932,0
12,stage_arrival_coalesce,0,S00,5,terminal,0,51721,16,0,0,12,1000,0,0,39.932,0
12,stage_arrival,0,S00,5,terminal,0,51726,39,0,0,12,1000,0,0,25,0
12,stage_arrival,0,S00,5,terminal,0,51732,53,0,0,12,1000,0,0,6.37633,0
12,stage_arrival,56,S36,2,switch,4,51724,112,0,0,12,112.305,0,0,40.7016,0
12,stage_arrival_coalesce,0,S00,5,terminal,0,51726,39,0,0,12,1000,0,0,39.932,0
12,stage_arrival,48,S50,3,switch,10,51722,97,0,0,12,118.54,0,0,39.932,0
12,stage_arrival,50,S38,2,switch,4,51730,100,0,0,12,290.506,0,0,40.7016,0
12,stage_arrival,38,S42,0,switch,42,51735,76,0,0,12,176.64,0,0,39.7097,0
12,stage_arrival,43,S22,0,switch,0,51727,98,0,0,12,203.304,0,0,62.5,0
12,stage_arrival,26,S33,0,switch,3,51731,66,0,0,12,174.708,0,0,39.7097,0
12,stage_arrival_coalesce,0,S00,5,terminal,0,51732,53,0,0,12,1000,0,0,39.7097,0
12,stage_arrival_coalesce,0,S00,5,terminal,0,51724,112,0,0,12,1000,0,0,40.7016,0
12,stage_arrival,4,S37,0,switch,0,51724,112,0,0,12,203.508,0,0,40.7016,0
12,stage_arrival_coalesce,0,S00,5,terminal,0,51725,113,0,0,12,1000,0,0,40.7016,0
12,stage_arrival,1,S01,0,switch,0,51726,39,0,0,12,159.728,0,0,39.932,0
12,stage_arrival,49,S26,0,switch,43,51727,98,0,0,12,126.404,0,0,62.5,0
12,stage_arrival,1,S01,0,switch,0,51722,97,0,0,12,159.728,0,0,39.932,0
12,allocate_send_arrival,10,S61,0,switch,1,51726,39,0,0,12,227.172,0,39.932,0,0
12,allocate_send_arrival,10,S61,0,switch,1,51722,97,0,0,12,227.172,0,39.932,0,0
12,allocate_send_arrival,56,S36,2,switch,4,51725,113,0,0,12,112.305,0,40.7016,0,0
12,allocate_send_arrival,56,S36,2,switch,4,51724,112,0,0,12,112.305,0,40.7016,0,0
12,allocate_send_arrival,49,S26,0,switch,43,51727,98,0,0,12,126.404,0,62.5,0,0
12,allocate_send_arrival,43,S22,0,switch,0,51720,92,0,0,12,203.304,0,62.5,0,0
12,allocate_send_arrival,43,S22,0,switch,0,51727,98,0,0,12,203.304,0,62.5,0,0
12,allocate_send_arrival,5,S63,0,switch,0,51733,61,0,0,12,259.679,0,62.5,0,0
12,allocate_send_arrival,33,S34,0,switch,26,51731,66,0,0,12,235.741,0,39.7097,0,0
12,allocate_send_arrival,1,S01,0,switch,0,51721,16,0,0,12,159.728,0,14.932,25,0
12,enqueue_residual,1,S01,0,switch,0,51721,16,0,0,12,159.728,0,0,25,0
12,allocate_send_arrival,1,S01,0,switch,0,51729,26,0,0,12,159.728,0,14.932,25,0
12,enqueue_residual,1,S01,0,switch,0,51729,26,0,0,12,159.728,0,0,25,0
12,allocate_send_arrival,1,S01,0,switch,0,51726,39,0,0,12,159.728,0,14.932,25,0
12,enqueue_residual,1,S01,0,switch,0,51726,39,0,0,12,159.728,0,0,25,0
12,allocate_send_arrival,1,S01,0,switch,0,51722,97,0,0,12,159.728,0,14.932,25,0
12,enqueue_residual,1,S01,0,switch,0,51722,97,0,0,12,159.728,0,0,25,0
12,allocate_send_arrival,4,S37,0,switch,0,51723,15,0,0,12,203.508,0,20.7016,20,0
12,enqueue_residual,4,S37,0,switch,0,51723,15,0,0,12,203.508,0,0,20,0
12,allocate_send_arrival,4,S37,0,switch,0,51728,103,0,0,12,203.508,0,20.7016,20,0
12,enqueue_residual,4,S37,0,switch,0,51728,103,0,0,12,203.508,0,0,20,0
12,allocate_send_arrival,4,S37,0,switch,0,51730,100,0,0,12,203.508,0,20.7016,20,0
12,enqueue_residual,4,S37,0,switch,0,51730,100,0,0,12,203.508,0,0,20,0
12,allocate_send_arrival,4,S37,0,switch,0,51725,113,0,0,12,203.508,0,20.7016,20,0
12,enqueue_residual,4,S37,0,switch,0,51725,113,0,0,12,203.508,0,0,20,0
12,allocate_send_arrival,4,S37,0,switch,0,51724,112,0,0,12,203.508,0,20.7016,20,0
12,enqueue_residual,4,S37,0,switch,0,51724,112,0,0,12,203.508,0,0,20,0
12,allocate_send_arrival,61,S46,1,switch,57,51723,15,0,0,12,199.213,0,40.7016,0,0
12,allocate_send_arrival,31,S62,3,switch,5,51733,61,0,0,12,238.676,0,62.5,0,0
12,allocate_send_arrival,54,S31,1,switch,37,51734,109,0,0,12,242.335,0,62.5,0,0
12,allocate_send_arrival,6,S02,0,switch,1,51729,26,0,0,12,138.732,0,39.932,0,0
12,allocate_send_arrival,37,S32,0,switch,0,51734,109,0,0,12,103.31,0,62.5,0,0
12,allocate_send_arrival,48,S50,3,switch,10,51722,97,0,0,12,118.54,0,39.932,0,0
12,allocate_send_arrival,8,S52,0,switch,1,51721,16,0,0,12,255.562,0,39.932,0,0
12,allocate_send_arrival,0,S00,5,terminal,0,51730,100,0,0,12,1000,0,40.3418,0,0
12,allocate_send_arrival,0,S00,5,terminal,0,51735,76,0,0,12,1000,0,39.7097,0,0
12,allocate_send_arrival,0,S00,5,terminal,0,51731,66,0,0,12,1000,0,39.7097,0,0
12,allocate_send_arrival,0,S00,5,terminal,0,51727,98,0,0,12,1000,0,62.5,0,0
12,allocate_send_arrival,0,S00,5,terminal,0,51722,97,0,0,12,1000,0,39.932,0,0
12,allocate_send_arrival,0,S00,5,terminal,0,51721,16,0,0,12,1000,0,39.932,0,0
12,allocate_send_arrival,0,S00,5,terminal,0,51724,112,0,0,12,1000,0,40.7016,0,0
12,allocate_send_arrival,0,S00,5,terminal,0,51725,113,0,0,12,1000,0,40.7016,0,0
12,allocate_send_arrival,0,S00,5,terminal,0,51729,26,0,0,12,1000,0,39.932,0,0
12,allocate_send_arrival,0,S00,5,terminal,0,51728,103,0,0,12,1000,0,40.7016,0,0
12,allocate_send_arrival,0,S00,5,terminal,0,51733,61,0,0,12,1000,0,62.5,0,0
12,allocate_send_arrival,0,S00,5,terminal,0,51720,92,0,0,12,1000,0,62.5,0,0
12,allocate_send_arrival,0,S00,5,terminal,0,51723,15,0,0,12,1000,0,41.0614,0,0
12,allocate_send_arrival,0,S00,5,terminal,0,51734,109,0,0,12,1000,0,62.5,0,0
12,allocate_send_arrival,0,S00,5,terminal,0,51726,39,0,0,12,1000,0,39.932,0,0
12,allocate_send_arrival,0,S00,5,terminal,0,51732,53,0,0,12,1000,0,39.7097,0,0
12,allocate_send_arrival,19,S06,3,switch,10,51726,39,0,0,12,169.014,0,39.932,0,0
12,allocate_send_arrival,50,S38,2,switch,4,51723,15,0,0,12,290.506,0,40.7016,0,0
12,allocate_send_arrival,50,S38,2,switch,4,51728,103,0,0,12,290.506,0,40.7016,0,0
12,allocate_send_arrival,50,S38,2,switch,4,51730,100,0,0,12,290.506,0,40.7016,0,0
12,allocate_send_arrival,30,S14,2,switch,31,51733,61,0,0,12,290.433,0,62.5,0,0
12,allocate_send_arrival,38,S42,0,switch,42,51735,76,0,0,12,176.64,0,39.7097,0,0
12,allocate_send_arrival,51,S48,0,switch,57,51728,103,0,0,12,201.033,0,40.7016,0,0
12,allocate_send_arrival,13,S40,0,switch,6,51729,26,0,0,12,162.644,0,39.932,0,0
12,allocate_send_arrival,7,S45,2,switch,61,51723,15,0,0,12,100.666,0,40.7016,0,0
12,allocate_send_arrival,3,S27,0,switch,0,51735,76,0,0,12,119.129,0,6.37633,33.3333,0
12,enqueue_residual,3,S27,0,switch,0,51735,76,0,0,12,119.129,0,0,33.3333,0
12,allocate_send_arrival,3,S27,0,switch,0,51731,66,0,0,12,119.129,0,6.37633,33.3333,0
12,enqueue_residual,3,S27,0,switch,0,51731,66,0,0,12,119.129,0,0,33.3333,0
12,allocate_send_arrival,3,S27,0,switch,0,51732,53,0,0,12,119.129,0,6.37633,33.3333,0
12,enqueue_residual,3,S27,0,switch,0,51732,53,0,0,12,119.129,0,0,33.3333,0
12,allocate_send_arrival,46,S24,1,switch,44,51720,92,0,0,12,217.722,0,62.5,0,0
12,allocate_send_arrival,26,S33,0,switch,3,51732,53,0,0,12,174.708,0,39.7097,0,0
12,allocate_send_arrival,26,S33,0,switch,3,51731,66,0,0,12,174.708,0,39.7097,0,0
12,allocate_send_arrival,57,S47,1,switch,50,51728,103,0,0,12,259.289,0,40.7016,0,0
12,allocate_send_arrival,57,S47,1,switch,50,51723,15,0,0,12,259.289,0,40.7016,0,0
12,allocate_send_arrival,42,S20,2,switch,3,51735,76,0,0,12,251.806,0,39.7097,0,0
12,allocate_send_arrival,44,S23,0,switch,43,51720,92,0,0,12,211.017,0,62.5,0,0
13,allocate_send_buffered,1,S01,0,switch,0,51721,16,0,0,13,159.728,100,25,0,0
13,allocate_send_buffered,1,S01,0,switch,0,51729,26,0,0,13,159.728,100,25,0,0
13,allocate_send_buffered,1,S01,0,switch,0,51726,39,0,0,13,159.728,100,25,0,0
13,allocate_send_buffered,1,S01,0,switch,0,51722,97,0,0,13,159.728,100,25,0,0
13,allocate_send_buffered,3,S27,0,switch,0,51735,76,0,0,13,119.129,100,33.3333,0,0
13,allocate_send_buffered,3,S27,0,switch,0,51731,66,0,0,13,119.129,100,33.3333,0,0
13,allocate_send_buffered,3,S27,0,switch,0,51732,53,0,0,13,119.129,100,33.3333,0,0
13,allocate_send_buffered,4,S37,0,switch,0,51723,15,0,0,13,203.508,100,20,0,0
13,allocate_send_buffered,4,S37,0,switch,0,51728,103,0,0,13,203.508,100,20,0,0
13,allocate_send_buffered,4,S37,0,switch,0,51730,100,0,0,13,203.508,100,20,0,0
13,allocate_send_buffered,4,S37,0,switch,0,51725,113,0,0,13,203.508,100,20,0,0
13,allocate_send_buffered,4,S37,0,switch,0,51724,112,0,0,13,203.508,100,20,0,0
13,stage_arrival,4,S37,0,switch,0,51724,112,0,0,13,203.508,0,0,40.7016,0
13,stage_arrival,61,S46,1,switch,57,51723,15,0,0,13,199.213,0,0,40.7016,0
13,stage_arrival,51,S48,0,switch,57,51728,103,0,0,13,201.033,0,0,40.7016,0
13,stage_arrival,0,S00,5,terminal,0,51724,112,0,0,13,1000,0,0,20.7016,0
13,stage_arrival,56,S36,2,switch,4,51725,113,0,0,13,112.305,0,0,40.7016,0
13,stage_arrival,1,S01,0,switch,0,51722,97,0,0,13,159.728,0,0,39.932,0
13,stage_arrival,30,S14,2,switch,31,51733,61,0,0,13,290.433,0,0,62.5,0
13,stage_arrival,4,S37,0,switch,0,51723,15,0,0,13,203.508,0,0,40.7016,0
13,stage_arrival,0,S00,5,terminal,0,51729,26,0,0,13,1000,0,0,14.932,0
13,stage_arrival,0,S00,5,terminal,0,51723,15,0,0,13,1000,0,0,20,0
13,stage_arrival,0,S00,5,terminal,0,51725,113,0,0,13,1000,0,0,20.7016,0
13,stage_arrival,0,S00,5,terminal,0,51722,97,0,0,13,1000,0,0,14.932,0
13,stage_arrival,26,S33,0,switch,3,51732,53,0,0,13,174.708,0,0,39.7097,0
13,stage_arrival,3,S27,0,switch,0,51732,53,0,0,13,119.129,0,0,39.7097,0
13,stage_arrival,56,S36,2,switch,4,51724,112,0,0,13,112.305,0,0,40.7016,0
13,stage_arrival,0,S00,5,terminal,0,51734,109,0,0,13,1000,0,0,62.5,0
13,stage_arrival,37,S32,0,switch,0,51734,109,0,0,13,103.31,0,0,62.5,0
13,stage_arrival,4,S37,0,switch,0,51730,100,0,0,13,203.508,0,0,40.7016,0
13,stage_arrival,0,S00,5,terminal,0,51730,100,0,0,13,1000,0,0,20.7016,0
13,stage_arrival,43,S22,0,switch,0,51720,92,0,0,13,203.304,0,0,62.5,0
13,stage_arrival,0,S00,5,terminal,0,51731,66,0,0,13,1000,0,0,6.37633,0
13,stage_arrival,0,S00,5,terminal,0,51732,53,0,0,13,1000,0,0,33.3333,0
13,stage_arrival,3,S27,0,switch,0,51735,76,0,0,13,119.129,0,0,39.7097,0
13,stage_arrival,0,S00,5,terminal,0,51728,103,0,0,13,1000,0,0,20.7016,0
13,stage_arrival,0,S00,5,terminal,0,51735,76,0,0,13,1000,0,0,6.37633,0
13,stage_arrival,0,S00,5,terminal,0,51726,39,0,0,13,1000,0,0,25,0
13,stage_arrival,48,S50,3,switch,10,51722,97,0,0,13,118.54,0,0,39.932,0
13,stage_arrival,57,S47,1,switch,50,51723,15,0,0,13,259.289,0,0,40.7016,0
13,stage_arrival,3,S27,0,switch,0,51731,66,0,0,13,119.129,0,0,39.7097,0
13,stage_arrival,1,S01,0,switch,0,51721,16,0,0,13,159.728,0,0,39.932,0
13,stage_arrival_coalesce,0,S00,5,terminal,0,51723,15,0,0,13,1000,0,0,40.7016,0
13,stage_arrival_coalesce,0,S00,5,terminal,0,51726,39,0,0,13,1000,0,0,39.932,0
13,stage_arrival,4,S37,0,switch,0,51725,113,0,0,13,203.508,0,0,40.7016,0
13,stage_arrival,19,S06,3,switch,10,51726,39,0,0,13,169.014,0,0,39.932,0
13,stage_arrival,38,S42,0,switch,42,51735,76,0,0,13,176.64,0,0,39.7097,0
13,stage_arrival,42,S20,2,switch,3,51735,76,0,0,13,251.806,0,0,39.7097,0
13,stage_arrival_coalesce,0,S00,5,terminal,0,51725,113,0,0,13,1000,0,0,40.7016,0
13,stage_arrival,10,S61,0,switch,1,51722,97,0,0,13,227.172,0,0,39.932,0
13,stage_arrival_coalesce,0,S00,5,terminal,0,51735,76,0,0,13,1000,0,0,39.7097,0
13,stage_arrival,44,S23,0,switch,43,51720,92,0,0,13,211.017,0,0,62.5,0
13,stage_arrival,0,S00,5,terminal,0,51720,92,0,0,13,1000,0,0,62.5,0
13,stage_arrival,54,S31,1,switch,37,51734,109,0,0,13,242.335,0,0,62.5,0
13,stage_arrival,50,S38,2,switch,4,51730,100,0,0,13,290.506,0,0,40.7016,0
13,stage_arrival,0,S00,5,terminal,0,51733,61,0,0,13,1000,0,0,62.5,0
13,stage_arrival,8,S52,0,switch,1,51721,16,0,0,13,255.562,0,0,39.932,0
13,stage_arrival,46,S24,1,switch,44,51720,92,0,0,13,217.722,0,0,62.5,0
13,stage_arrival,0,S00,5,terminal,0,51721,16,0,0,13,1000,0,0,25,0
13,stage_arrival,7,S45,2,switch,61,51723,15,0,0,13,100.666,0,0,40.7016,0
13,stage_arrival_coalesce,0,S00,5,terminal,0,51724,112,0,0,13,1000,0,0,40.7016,0
13,stage_arrival,0,S00,5,terminal,0,51727,98,0,0,13,1000,0,0,62.5,0
13,stage_arrival,4,S37,0,switch,0,51728,103,0,0,13,203.508,0,0,40.7016,0
13,stage_arrival,13,S40,0,switch,6,51729,26,0,0,13,162.644,0,0,39.932,0
13,stage_arrival_coalesce,0,S00,5,terminal,0,51722,97,0,0,13,1000,0,0,39.932,0
13,stage_arrival_coalesce,0,S00,5,terminal,0,51731,66,0,0,13,1000,0,0,39.7097,0
13,stage_arrival_coalesce,0,S00,5,terminal,0,51730,100,0,0,13,1000,0,0,40.7016,0
13,stage_arrival_coalesce,0,S00,5,terminal,0,51732,53,0,0,13,1000,0,0,39.7097,0
13,stage_arrival_coalesce,0,S00,5,terminal,0,51729,26,0,0,13,1000,0,0,39.932,0
13,stage_arrival,49,S26,0,switch,43,51727,98,0,0,13,126.404,0,0,62.5,0
13,stage_arrival,5,S63,0,switch,0,51733,61,0,0,13,259.679,0,0,62.5,0
13,stage_arrival,50,S38,2,switch,4,51728,103,0,0,13,290.506,0,0,40.7016,0
13,stage_arrival,50,S38,2,switch,4,51723,15,0,0,13,290.506,0,0,40.7016,0
13,stage_arrival,26,S33,0,switch,3,51731,66,0,0,13,174.708,0,0,39.7097,0
13,stage_arrival,1,S01,0,switch,0,51729,26,0,0,13,159.728,0,0,39.932,0
13,stage_arrival,43,S22,0,switch,0,51727,98,0,0,13,203.304,0,0,62.5,0
13,stage_arrival_coalesce,0,S00,5,terminal,0,51721,16,0,0,13,1000,0,0,39.932,0
13,stage_arrival,33,S34,0,switch,26,51731,66,0,0,13,235.741,0,0,39.7097,0
13,stage_arrival,31,S62,3,switch,5,51733,61,0,0,13,238.676,0,0,62.5,0
13,stage_arrival,6,S02,0,switch,1,51729,26,0,0,13,138.732,0,0,39.932,0
13,stage_arrival_coalesce,0,S00,5,terminal,0,51728,103,0,0,13,1000,0,0,40.7016,0
13,stage_arrival,10,S61,0,switch,1,51726,39,0,0,13,227.172,0,0,39.932,0
13,stage_arrival,57,S47,1,switch,50,51728,103,0,0,13,259.289,0,0,40.7016,0
13,stage_arrival,1,S01,0,switch,0,51726,39,0,0,13,159.728,0,0,39.932,0
13,allocate_send_arrival,54,S31,1,switch,37,51734,109,0,0,13,242.335,0,62.5,0,0
13,allocate_send_arrival,57,S47,1,switch,50,51723,15,0,0,13,259.289,0,40.7016,0,0
13,allocate_send_arrival,57,S47,1,switch,50,51728,103,0,0,13,259.289,0,40.7016,0,0
13,allocate_send_arrival,4,S37,0,switch,0,51724,112,0,0,13,203.508,0,20.7016,20,0
13,enqueue_residual,4,S37,0,switch,0,51724,112,0,0,13,203.508,0,0,20,0
13,allocate_send_arrival,4,S37,0,switch,0,51723,15,0,0,13,203.508,0,20.7016,20,0
13,enqueue_residual,4,S37,0,switch,0,51723,15,0,0,13,203.508,0,0,20,0
13,allocate_send_arrival,4,S37,0,switch,0,51730,100,0,0,13,203.508,0,20.7016,20,0
13,enqueue_residual,4,S37,0,switch,0,51730,100,0,0,13,203.508,0,0,20,0
13,allocate_send_arrival,4,S37,0,switch,0,51725,113,0,0,13,203.508,0,20.7016,20,0
13,enqueue_residual,4,S37,0,switch,0,51725,113,0,0,13,203.508,0,0,20,0
13,allocate_send_arrival,4,S37,0,switch,0,51728,103,0,0,13,203.508,0,20.7016,20,0
13,enqueue_residual,4,S37,0,switch,0,51728,103,0,0,13,203.508,0,0,20,0
13,allocate_send_arrival,33,S34,0,switch,26,51731,66,0,0,13,235.741,0,39.7097,0,0
13,allocate_send_arrival,42,S20,2,switch,3,51735,76,0,0,13,251.806,0,39.7097,0,0
13,allocate_send_arrival,61,S46,1,switch,57,51723,15,0,0,13,199.213,0,40.7016,0,0
13,allocate_send_arrival,7,S45,2,switch,61,51723,15,0,0,13,100.666,0,40.7016,0,0
13,allocate_send_arrival,30,S14,2,switch,31,51733,61,0,0,13,290.433,0,62.5,0,0
13,allocate_send_arrival,50,S38,2,switch,4,51730,100,0,0,13,290.506,0,40.7016,0,0
13,allocate_send_arrival,50,S38,2,switch,4,51728,103,0,0,13,290.506,0,40.7016,0,0
13,allocate_send_arrival,50,S38,2,switch,4,51723,15,0,0,13,290.506,0,40.7016,0,0
13,allocate_send_arrival,0,S00,5,terminal,0,51724,112,0,0,13,1000,0,40.7016,0,0
13,allocate_send_arrival,0,S00,5,terminal,0,51729,26,0,0,13,1000,0,39.932,0,0
13,allocate_send_arrival,0,S00,5,terminal,0,51723,15,0,0,13,1000,0,40.7016,0,0
13,allocate_send_arrival,0,S00,5,terminal,0,51725,113,0,0,13,1000,0,40.7016,0,0
13,allocate_send_arrival,0,S00,5,terminal,0,51722,97,0,0,13,1000,0,39.932,0,0
13,allocate_send_arrival,0,S00,5,terminal,0,51734,109,0,0,13,1000,0,62.5,0,0
13,allocate_send_arrival,0,S00,5,terminal,0,51730,100,0,0,13,1000,0,40.7016,0,0
13,allocate_send_arrival,0,S00,5,terminal,0,51731,66,0,0,13,1000,0,39.7097,0,0
13,allocate_send_arrival,0,S00,5,terminal,0,51732,53,0,0,13,1000,0,39.7097,0,0
13,allocate_send_arrival,0,S00,5,terminal,0,51728,103,0,0,13,1000,0,40.7016,0,0
13,allocate_send_arrival,0,S00,5,terminal,0,51735,76,0,0,13,1000,0,39.7097,0,0
13,allocate_send_arrival,0,S00,5,terminal,0,51726,39,0,0,13,1000,0,39.932,0,0
13,allocate_send_arrival,0,S00,5,terminal,0,51720,92,0,0,13,1000,0,62.5,0,0
13,allocate_send_arrival,0,S00,5,terminal,0,51733,61,0,0,13,1000,0,62.5,0,0
13,allocate_send_arrival,0,S00,5,terminal,0,51721,16,0,0,13,1000,0,39.932,0,0
13,allocate_send_arrival,0,S00,5,terminal,0,51727,98,0,0,13,1000,0,62.5,0,0
13,allocate_send_arrival,38,S42,0,switch,42,51735,76,0,0,13,176.64,0,39.7097,0,0
13,allocate_send_arrival,31,S62,3,switch,5,51733,61,0,0,13,238.676,0,62.5,0,0
13,allocate_send_arrival,56,S36,2,switch,4,51725,113,0,0,13,112.305,0,40.7016,0,0
13,allocate_send_arrival,56,S36,2,switch,4,51724,112,0,0,13,112.305,0,40.7016,0,0
13,allocate_send_arrival,48,S50,3,switch,10,51722,97,0,0,13,118.54,0,39.932,0,0
13,allocate_send_arrival,46,S24,1,switch,44,51720,92,0,0,13,217.722,0,62.5,0,0
13,allocate_send_arrival,43,S22,0,switch,0,51720,92,0,0,13,203.304,0,62.5,0,0
13,allocate_send_arrival,43,S22,0,switch,0,51727,98,0,0,13,203.304,0,62.5,0,0
13,allocate_send_arrival,37,S32,0,switch,0,51734,109,0,0,13,103.31,0,62.5,0,0
13,allocate_send_arrival,44,S23,0,switch,43,51720,92,0,0,13,211.017,0,62.5,0,0
13,allocate_send_arrival,10,S61,0,switch,1,51722,97,0,0,13,227.172,0,39.932,0,0
13,allocate_send_arrival,10,S61,0,switch,1,51726,39,0,0,13,227.172,0,39.932,0,0
13,allocate_send_arrival,49,S26,0,switch,43,51727,98,0,0,13,126.404,0,62.5,0,0
13,allocate_send_arrival,51,S48,0,switch,57,51728,103,0,0,13,201.033,0,40.7016,0,0
13,allocate_send_arrival,8,S52,0,switch,1,51721,16,0,0,13,255.562,0,39.932,0,0
13,allocate_send_arrival,19,S06,3,switch,10,51726,39,0,0,13,169.014,0,39.932,0,0
13,allocate_send_arrival,26,S33,0,switch,3,51732,53,0,0,13,174.708,0,39.7097,0,0
13,allocate_send_arrival,26,S33,0,switch,3,51731,66,0,0,13,174.708,0,39.7097,0,0
13,allocate_send_arrival,6,S02,0,switch,1,51729,26,0,0,13,138.732,0,39.932,0,0
13,allocate_send_arrival,13,S40,0,switch,6,51729,26,0,0,13,162.644,0,39.932,0,0
13,allocate_send_arrival,3,S27,0,switch,0,51732,53,0,0,13,119.129,0,6.37633,33.3333,0
13,enqueue_residual,3,S27,0,switch,0,51732,53,0,0,13,119.129,0,0,33.3333,0
13,allocate_send_arrival,3,S27,0,switch,0,51735,76,0,0,13,119.129,0,6.37633,33.3333,0
13,enqueue_residual,3,S27,0,switch,0,51735,76,0,0,13,119.129,0,0,33.3333,0
13,allocate_send_arrival,3,S27,0,switch,0,51731,66,0,0,13,119.129,0,6.37633,33.3333,0
13,enqueue_residual,3,S27,0,switch,0,51731,66,0,0,13,119.129,0,0,33.3333,0
13,allocate_send_arrival,5,S63,0,switch,0,51733,61,0,0,13,259.679,0,62.5,0,0
13,allocate_send_arrival,1,S01,0,switch,0,51722,97,0,0,13,159.728,0,14.932,25,0
13,enqueue_residual,1,S01,0,switch,0,51722,97,0,0,13,159.728,0,0,25,0
13,allocate_send_arrival,1,S01,0,switch,0,51721,16,0,0,13,159.728,0,14.932,25,0
13,enqueue_residual,1,S01,0,switch,0,51721,16,0,0,13,159.728,0,0,25,0
13,allocate_send_arrival,1,S01,0,switch,0,51729,26,0,0,13,159.728,0,14.932,25,0
13,enqueue_residual,1,S01,0,switch,0,51729,26,0,0,13,159.728,0,0,25,0
13,allocate_send_arrival,1,S01,0,switch,0,51726,39,0,0,13,159.728,0,14.932,25,0
13,enqueue_residual,1,S01,0,switch,0,51726,39,0,0,13,159.728,0,0,25,0
14,allocate_send_buffered,4,S37,0,switch,0,51724,112,0,0,14,203.508,100,20,0,0
14,allocate_send_buffered,4,S37,0,switch,0,51723,15,0,0,14,203.508,100,20,0,0
14,allocate_send_buffered,4,S37,0,switch,0,51730,100,0,0,14,203.508,100,20,0,0
14,allocate_send_buffered,4,S37,0,switch,0,51725,113,0,0,14,203.508,100,20,0,0
14,allocate_send_buffered,4,S37,0,switch,0,51728,103,0,0,14,203.508,100,20,0,0
14,allocate_send_buffered,1,S01,0,switch,0,51722,97,0,0,14,159.728,100,25,0,0
14,allocate_send_buffered,1,S01,0,switch,0,51721,16,0,0,14,159.728,100,25,0,0
14,allocate_send_buffered,1,S01,0,switch,0,51729,26,0,0,14,159.728,100,25,0,0
14,allocate_send_buffered,1,S01,0,switch,0,51726,39,0,0,14,159.728,100,25,0,0
14,allocate_send_buffered,3,S27,0,switch,0,51732,53,0,0,14,119.129,100,33.3333,0,0
14,allocate_send_buffered,3,S27,0,switch,0,51735,76,0,0,14,119.129,100,33.3333,0,0
14,allocate_send_buffered,3,S27,0,switch,0,51731,66,0,0,14,119.129,100,33.3333,0,0
14,stage_arrival,1,S01,0,switch,0,51722,97,0,0,14,159.728,0,0,39.932,0
14,stage_arrival,30,S14,2,switch,31,51733,61,0,0,14,290.433,0,0,62.5,0
14,stage_arrival,0,S00,5,terminal,0,51731,66,0,0,14,1000,0,0,33.3333,0
14,stage_arrival,4,S37,0,switch,0,51723,15,0,0,14,203.508,0,0,40.7016,0
14,stage_arrival,50,S38,2,switch,4,51730,100,0,0,14,290.506,0,0,40.7016,0
14,stage_arrival,19,S06,3,switch,10,51726,39,0,0,14,169.014,0,0,39.932,0
14,stage_arrival,13,S40,0,switch,6,51729,26,0,0,14,162.644,0,0,39.932,0
14,stage_arrival,38,S42,0,switch,42,51735,76,0,0,14,176.64,0,0,39.7097,0
14,stage_arrival,5,S63,0,switch,0,51733,61,0,0,14,259.679,0,0,62.5,0
14,stage_arrival,0,S00,5,terminal,0,51721,16,0,0,14,1000,0,0,25,0
14,stage_arrival,31,S62,3,switch,5,51733,61,0,0,14,238.676,0,0,62.5,0
14,stage_arrival,10,S61,0,switch,1,51722,97,0,0,14,227.172,0,0,39.932,0
14,stage_arrival,4,S37,0,switch,0,51730,100,0,0,14,203.508,0,0,40.7016,0
14,stage_arrival,4,S37,0,switch,0,51725,113,0,0,14,203.508,0,0,40.7016,0
14,stage_arrival,1,S01,0,switch,0,51721,16,0,0,14,159.728,0,0,39.932,0
14,stage_arrival,0,S00,5,terminal,0,51729,26,0,0,14,1000,0,0,25,0
14,stage_arrival,0,S00,5,terminal,0,51725,113,0,0,14,1000,0,0,20.7016,0
14,stage_arrival,33,S34,0,switch,26,51731,66,0,0,14,235.741,0,0,39.7097,0
14,stage_arrival,7,S45,2,switch,61,51723,15,0,0,14,100.666,0,0,40.7016,0
14,stage_arrival,48,S50,3,switch,10,51722,97,0,0,14,118.54,0,0,39.932,0
14,stage_arrival,0,S00,5,terminal,0,51728,103,0,0,14,1000,0,0,20.7016,0
14,stage_arrival,26,S33,0,switch,3,51731,66,0,0,14,174.708,0,0,39.7097,0
14,stage_arrival,0,S00,5,terminal,0,51720,92,0,0,14,1000,0,0,62.5,0
14,stage_arrival,10,S61,0,switch,1,51726,39,0,0,14,227.172,0,0,39.932,0
14,stage_arrival_coalesce,0,S00,5,terminal,0,51725,113,0,0,14,1000,0,0,40.7016,0
14,stage_arrival,44,S23,0,switch,43,51720,92,0,0,14,211.017,0,0,62.5,0
14,stage_arrival,1,S01,0,switch,0,51729,26,0,0,14,159.728,0,0,39.932,0
14,stage_arrival,3,S27,0,switch,0,51731,66,0,0,14,119.129,0,0,39.7097,0
14,stage_arrival,43,S22,0,switch,0,51720,92,0,0,14,203.304,0,0,62.5,0
14,stage_arrival,0,S00,5,terminal,0,51734,109,0,0,14,1000,0,0,62.5,0
14,stage_arrival_coalesce,0,S00,5,terminal,0,51729,26,0,0,14,1000,0,0,39.932,0
14,stage_arrival,42,S20,2,switch,3,51735,76,0,0,14,251.806,0,0,39.7097,0
14,stage_arrival,1,S01,0,switch,0,51726,39,0,0,14,159.728,0,0,39.932,0
14,stage_arrival,3,S27,0,switch,0,51735,76,0,0,14,119.129,0,0,39.7097,0
14,stage_arrival,0,S00,5,terminal,0,51723,15,0,0,14,1000,0,0,20,0
14,stage_arrival,0,S00,5,terminal,0,51724,112,0,0,14,1000,0,0,20.7016,0
14,stage_arrival,0,S00,5,terminal,0,51727,98,0,0,14,1000,0,0,62.5,0
14,stage_arrival,0,S00,5,terminal,0,51733,61,0,0,14,1000,0,0,62.5,0
14,stage_arrival,0,S00,5,terminal,0,51722,97,0,0,14,1000,0,0,14.932,0
14,stage_arrival_coalesce,0,S00,5,terminal,0,51731,66,0,0,14,1000,0,0,39.7097,0
14,stage_arrival,8,S52,0,switch,1,51721,16,0,0,14,255.562,0,0,39.932,0
14,stage_arrival_coalesce,0,S00,5,terminal,0,51724,112,0,0,14,1000,0,0,40.7016,0
14,stage_arrival,0,S00,5,terminal,0,51730,100,0,0,14,1000,0,0,20,0
14,stage_arrival,4,S37,0,switch,0,51728,103,0,0,14,203.508,0,0,40.7016,0
14,stage_arrival,50,S38,2,switch,4,51723,15,0,0,14,290.506,0,0,40.7016,0
14,stage_arrival_coalesce,0,S00,5,terminal,0,51728,103,0,0,14,1000,0,0,40.7016,0
14,stage_arrival,51,S48,0,switch,57,51728,103,0,0,14,201.033,0,0,40.7016,0
14,stage_arrival,43,S22,0,switch,0,51727,98,0,0,14,203.304,0,0,62.5,0
14,stage_arrival,57,S47,1,switch,50,51723,15,0,0,14,259.289,0,0,40.7016,0
14,stage_arrival_coalesce,0,S00,5,terminal,0,51730,100,0,0,14,1000,0,0,40.7016,0
14,stage_arrival,46,S24,1,switch,44,51720,92,0,0,14,217.722,0,0,62.5,0
14,stage_arrival,4,S37,0,switch,0,51724,112,0,0,14,203.508,0,0,40.7016,0
14,stage_arrival,57,S47,1,switch,50,51728,103,0,0,14,259.289,0,0,40.7016,0
14,stage_arrival,61,S46,1,switch,57,51723,15,0,0,14,199.213,0,0,40.7016,0
14,stage_arrival,0,S00,5,terminal,0,51732,53,0,0,14,1000,0,0,33.3333,0
14,stage_arrival,3,S27,0,switch,0,51732,53,0,0,14,119.129,0,0,39.7097,0
14,stage_arrival_coalesce,0,S00,5,terminal,0,51723,15,0,0,14,1000,0,0,40.7016,0
14,stage_arrival_coalesce,0,S00,5,terminal,0,51721,16,0,0,14,1000,0,0,39.932,0
14,stage_arrival,49,S26,0,switch,43,51727,98,0,0,14,126.404,0,0,62.5,0
14,stage_arrival,54,S31,1,switch,37,51734,109,0,0,14,242.335,0,0,62.5,0
14,stage_arrival,50,S38,2,switch,4,51728,103,0,0,14,290.506,0,0,40.7016,0
14,stage_arrival,0,S00,5,terminal,0,51726,39,0,0,14,1000,0,0,14.932,0
14,stage_arrival,26,S33,0,switch,3,51732,53,0,0,14,174.708,0,0,39.7097,0
14,stage_arrival,0,S00,5,terminal,0,51735,76,0,0,14,1000,0,0,6.37633,0
14,stage_arrival_coalesce,0,S00,5,terminal,0,51735,76,0,0,14,1000,0,0,39.7097,0
14,stage_arrival,6,S02,0,switch,1,51729,26,0,0,14,138.732,0,0,39.932,0
14,stage_arrival,56,S36,2,switch,4,51725,113,0,0,14,112.305,0,0,40.7016,0
14,stage_arrival_coalesce,0,S00,5,terminal,0,51722,97,0,0,14,1000,0,0,39.932,0
14,stage_arrival_coalesce,0,S00,5,terminal,0,51726,39,0,0,14,1000,0,0,39.932,0
14,stage_arrival,37,S32,0,switch,0,51734,109,0,0,14,103.31,0,0,62.5,0
14,stage_arrival,56,S36,2,switch,4,51724,112,0,0,14,112.305,0,0,40.7016,0
14,stage_arrival_coalesce,0,S00,5,terminal,0,51732,53,0,0,14,1000,0,0,39.7097,0
14,allocate_send_arrival,3,S27,0,switch,0,51731,66,0,0,14,119.129,0,6.37633,33.3333,0
14,enqueue_residual,3,S27,0,switch,0,51731,66,0,0,14,119.129,0,0,33.3333,0
14,allocate_send_arrival,3,S27,0,switch,0,51735,76,0,0,14,119.129,0,6.37633,33.3333,0
14,enqueue_residual,3,S27,0,switch,0,51735,76,0,0,14,119.129,0,0,33.3333,0
14,allocate_send_arrival,3,S27,0,switch,0,51732,53,0,0,14,119.129,0,6.37633,33.3333,0
14,enqueue_residual,3,S27,0,switch,0,51732,53,0,0,14,119.129,0,0,33.3333,0
14,allocate_send_arrival,44,S23,0,switch,43,51720,92,0,0,14,211.017,0,62.5,0,0
14,allocate_send_arrival,61,S46,1,switch,57,51723,15,0,0,14,199.213,0,40.7016,0,0
14,allocate_send_arrival,49,S26,0,switch,43,51727,98,0,0,14,126.404,0,62.5,0,0
14,allocate_send_arrival,5,S63,0,switch,0,51733,61,0,0,14,259.679,0,62.5,0,0
14,allocate_send_arrival,50,S38,2,switch,4,51730,100,0,0,14,290.506,0,40.7016,0,0
14,allocate_send_arrival,50,S38,2,switch,4,51723,15,0,0,14,290.506,0,40.7016,0,0
14,allocate_send_arrival,50,S38,2,switch,4,51728,103,0,0,14,290.506,0,40.7016,0,0
14,allocate_send_arrival,8,S52,0,switch,1,51721,16,0,0,14,255.562,0,39.932,0,0
14,allocate_send_arrival,46,S24,1,switch,44,51720,92,0,0,14,217.722,0,62.5,0,0
14,allocate_send_arrival,54,S31,1,switch,37,51734,109,0,0,14,242.335,0,62.5,0,0
14,allocate_send_arrival,7,S45,2,switch,61,51723,15,0,0,14,100.666,0,40.7016,0,0
14,allocate_send_arrival,10,S61,0,switch,1,51722,97,0,0,14,227.172,0,39.932,0,0
14,allocate_send_arrival,10,S61,0,switch,1,51726,39,0,0,14,227.172,0,39.932,0,0
14,allocate_send_arrival,57,S47,1,switch,50,51723,15,0,0,14,259.289,0,40.7016,0,0
14,allocate_send_arrival,57,S47,1,switch,50,51728,103,0,0,14,259.289,0,40.7016,0,0
14,allocate_send_arrival,42,S20,2,switch,3,51735,76,0,0,14,251.806,0,39.7097,0,0
14,allocate_send_arrival,13,S40,0,switch,6,51729,26,0,0,14,162.644,0,39.932,0,0
14,allocate_send_arrival,0,S00,5,terminal,0,51731,66,0,0,14,1000,0,39.7097,0,0
14,allocate_send_arrival,0,S00,5,terminal,0,51721,16,0,0,14,1000,0,39.932,0,0
14,allocate_send_arrival,0,S00,5,terminal,0,51729,26,0,0,14,1000,0,39.932,0,0
14,allocate_send_arrival,0,S00,5,terminal,0,51725,113,0,0,14,1000,0,40.7016,0,0
14,allocate_send_arrival,0,S00,5,terminal,0,51728,103,0,0,14,1000,0,40.7016,0,0
14,allocate_send_arrival,0,S00,5,terminal,0,51720,92,0,0,14,1000,0,62.5,7.27596e-15,0
14,allocate_send_arrival,0,S00,5,terminal,0,51734,109,0,0,14,1000,0,62.5,7.27596e-15,0
14,allocate_send_arrival,0,S00,5,terminal,0,51723,15,0,0,14,1000,0,40.7016,0,0
14,allocate_send_arrival,0,S00,5,terminal,0,51724,112,0,0,14,1000,0,40.7016,0,0
14,allocate_send_arrival,0,S00,5,terminal,0,51727,98,0,0,14,1000,0,62.5,7.27596e-15,0
14,allocate_send_arrival,0,S00,5,terminal,0,51733,61,0,0,14,1000,0,62.5,7.27596e-15,0
14,allocate_send_arrival,0,S00,5,terminal,0,51722,97,0,0,14,1000,0,39.932,0,0
14,allocate_send_arrival,0,S00,5,terminal,0,51730,100,0,0,14,1000,0,40.7016,0,0
14,allocate_send_arrival,0,S00,5,terminal,0,51732,53,0,0,14,1000,0,39.7097,0,0
14,allocate_send_arrival,0,S00,5,terminal,0,51726,39,0,0,14,1000,0,39.932,0,0
14,allocate_send_arrival,0,S00,5,terminal,0,51735,76,0,0,14,1000,0,39.7097,0,0
14,allocate_send_arrival,1,S01,0,switch,0,51722,97,0,0,14,159.728,0,14.932,25,0
14,enqueue_residual,1,S01,0,switch,0,51722,97,0,0,14,159.728,0,0,25,0
14,allocate_send_arrival,1,S01,0,switch,0,51721,16,0,0,14,159.728,0,14.932,25,0
14,enqueue_residual,1,S01,0,switch,0,51721,16,0,0,14,159.728,0,0,25,0
14,allocate_send_arrival,1,S01,0,switch,0,51729,26,0,0,14,159.728,0,14.932,25,0
14,enqueue_residual,1,S01,0,switch,0,51729,26,0,0,14,159.728,0,0,25,0
14,allocate_send_arrival,1,S01,0,switch,0,51726,39,0,0,14,159.728,0,14.932,25,0
14,enqueue_residual,1,S01,0,switch,0,51726,39,0,0,14,159.728,0,0,25,0
14,allocate_send_arrival,56,S36,2,switch,4,51725,113,0,0,14,112.305,0,40.7016,0,0
14,allocate_send_arrival,56,S36,2,switch,4,51724,112,0,0,14,112.305,0,40.7016,0,0
14,allocate_send_arrival,38,S42,0,switch,42,51735,76,0,0,14,176.64,0,39.7097,0,0
14,allocate_send_arrival,30,S14,2,switch,31,51733,61,0,0,14,290.433,0,62.5,0,0
14,allocate_send_arrival,31,S62,3,switch,5,51733,61,0,0,14,238.676,0,62.5,0,0
14,allocate_send_arrival,33,S34,0,switch,26,51731,66,0,0,14,235.741,0,39.7097,0,0
14,allocate_send_arrival,48,S50,3,switch,10,51722,97,0,0,14,118.54,0,39.932,0,0
14,allocate_send_arrival,6,S02,0,switch,1,51729,26,0,0,14,138.732,0,39.932,0,0
14,allocate_send_arrival,37,S32,0,switch,0,51734,109,0,0,14,103.31,0,62.5,0,0
14,allocate_send_arrival,43,S22,0,switch,0,51720,92,0,0,14,203.304,0,62.5,0,0
14,allocate_send_arrival,43,S22,0,switch,0,51727,98,0,0,14,203.304,0,62.5,0,0
14,allocate_send_arrival,26,S33,0,switch,3,51731,66,0,0,14,174.708,0,39.7097,0,0
14,allocate_send_arrival,26,S33,0,switch,3,51732,53,0,0,14,174.708,0,39.7097,0,0
14,allocate_send_arrival,51,S48,0,switch,57,51728,103,0,0,14,201.033,0,40.7016,0,0
14,allocate_send_arrival,19,S06,3,switch,10,51726,39,0,0,14,169.014,0,39.932,0,0
14,allocate_send_arrival,4,S37,0,switch,0,51723,15,0,0,14,203.508,0,20.7016,20,0
14,enqueue_residual,4,S37,0,switch,0,51723,15,0,0,14,203.508,0,0,20,0
14,allocate_send_arrival,4,S37,0,switch,0,51730,100,0,0,14,203.508,0,20.7016,20,0
14,enqueue_residual,4,S37,0,switch,0,51730,100,0,0,14,203.508,0,0,20,0
14,allocate_send_arrival,4,S37,0,switch,0,51725,113,0,0,14,203.508,0,20.7016,20,0
14,enqueue_residual,4,S37,0,switch,0,51725,113,0,0,14,203.508,0,0,20,0
14,allocate_send_arrival,4,S37,0,switch,0,51728,103,0,0,14,203.508,0,20.7016,20,0
14,enqueue_residual,4,S37,0,switch,0,51728,103,0,0,14,203.508,0,0,20,0
14,allocate_send_arrival,4,S37,0,switch,0,51724,112,0,0,14,203.508,0,20.7016,20,0
14,enqueue_residual,4,S37,0,switch,0,51724,112,0,0,14,203.508,0,0,20,0
15,allocate_send_buffered,1,S01,0,switch,0,51722,97,0,0,15,159.728,100,25,0,0
15,allocate_send_buffered,1,S01,0,switch,0,51721,16,0,0,15,159.728,100,25,0,0
15,allocate_send_buffered,1,S01,0,switch,0,51729,26,0,0,15,159.728,100,25,0,0
15,allocate_send_buffered,1,S01,0,switch,0,51726,39,0,0,15,159.728,100,25,0,0
15,allocate_send_buffered,3,S27,0,switch,0,51731,66,0,0,15,119.129,100,33.3333,0,0
15,allocate_send_buffered,3,S27,0,switch,0,51735,76,0,0,15,119.129,100,33.3333,0,0
15,allocate_send_buffered,3,S27,0,switch,0,51732,53,0,0,15,119.129,100,33.3333,0,0
15,allocate_send_buffered,4,S37,0,switch,0,51723,15,0,0,15,203.508,100,20,0,0
15,allocate_send_buffered,4,S37,0,switch,0,51730,100,0,0,15,203.508,100,20,0,0
15,allocate_send_buffered,4,S37,0,switch,0,51725,113,0,0,15,203.508,100,20,0,0
15,allocate_send_buffered,4,S37,0,switch,0,51728,103,0,0,15,203.508,100,20,0,0
15,allocate_send_buffered,4,S37,0,switch,0,51724,112,0,0,15,203.508,100,20,0,0
15,stage_arrival,0,S00,5,terminal,0,51721,16,0,0,15,1000,0,0,14.932,0
15,stage_arrival,3,S27,0,switch,0,51732,53,0,0,15,119.129,0,0,39.7097,0
15,stage_arrival,0,S00,5,terminal,0,51720,92,0,0,15,1000,0,0,62.5,0
15,stage_arrival,38,S42,0,switch,42,51735,76,0,0,15,176.64,0,0,39.7097,0
15,stage_arrival,46,S24,1,switch,44,51720,92,0,0,15,217.722,0,0,62.5,0
15,stage_arrival,56,S36,2,switch,4,51724,112,0,0,15,112.305,0,0,40.7016,0
15,stage_arrival,0,S00,5,terminal,0,51724,112,0,0,15,1000,0,0,20,0
15,stage_arrival,0,S00,5,terminal,0,51728,103,0,0,15,1000,0,0,20,0
15,stage_arrival,0,S00,5,terminal,0,51725,113,0,0,15,1000,0,0,20,0
15,stage_arrival,0,S00,5,terminal,0,51735,76,0,0,15,1000,0,0,6.37633,0
15,stage_arrival,6,S02,0,switch,1,51729,26,0,0,15,138.732,0,0,39.932,0
15,stage_arrival,0,S00,5,terminal,0,51723,15,0,0,15,1000,0,0,20.7016,0
15,stage_arrival,4,S37,0,switch,0,51728,103,0,0,15,203.508,0,0,40.7016,0
15,stage_arrival,1,S01,0,switch,0,51726,39,0,0,15,159.728,0,0,39.932,0
15,stage_arrival,0,S00,5,terminal,0,51727,98,0,0,15,1000,0,0,62.5,0
15,stage_arrival,57,S47,1,switch,50,51728,103,0,0,15,259.289,0,0,40.7016,0
15,stage_arrival,0,S00,5,terminal,0,51729,26,0,0,15,1000,0,0,14.932,0
15,stage_arrival,0,S00,5,terminal,0,51722,97,0,0,15,1000,0,0,25,0
15,stage_arrival,10,S61,0,switch,1,51722,97,0,0,15,227.172,0,0,39.932,0
15,stage_arrival,5,S63,0,switch,0,51733,61,0,0,15,259.679,0,0,62.5,0
15,stage_arrival,50,S38,2,switch,4,51723,15,0,0,15,290.506,0,0,40.7016,0
15,stage_arrival,4,S37,0,switch,0,51730,100,0,0,15,203.508,0,0,40.7016,0
15,stage_arrival,42,S20,2,switch,3,51735,76,0,0,15,251.806,0,0,39.7097,0
15,stage_arrival_coalesce,0,S00,5,terminal,0,51724,112,0,0,15,1000,0,0,40.7016,0
15,stage_arrival,1,S01,0,switch,0,51729,26,0,0,15,159.728,0,0,39.932,0
15,stage_arrival_coalesce,0,S00,5,terminal,0,51725,113,0,0,15,1000,0,0,40.7016,0
15,stage_arrival,30,S14,2,switch,31,51733,61,0,0,15,290.433,0,0,62.5,0
15,stage_arrival,48,S50,3,switch,10,51722,97,0,0,15,118.54,0,0,39.932,0
15,stage_arrival,0,S00,5,terminal,0,51726,39,0,0,15,1000,0,0,14.932,0
15,stage_arrival,4,S37,0,switch,0,51725,113,0,0,15,203.508,0,0,40.7016,0
15,stage_arrival,61,S46,1,switch,57,51723,15,0,0,15,199.213,0,0,40.7016,0
15,stage_arrival,7,S45,2,switch,61,51723,15,0,0,15,100.666,0,0,40.7016,0
15,stage_arrival_coalesce,0,S00,5,terminal,0,51728,103,0,0,15,1000,0,0,40.7016,0
15,stage_arrival,13,S40,0,switch,6,51729,26,0,0,15,162.644,0,0,39.932,0
15,stage_arrival,0,S00,5,terminal,0,51733,61,0,0,15,1000,0,0,62.5,0
15,stage_arrival,19,S06,3,switch,10,51726,39,0,0,15,169.014,0,0,39.932,0
15,stage_arrival,3,S27,0,switch,0,51731,66,0,0,15,119.129,0,0,39.7097,0
15,stage_arrival_coalesce,0,S00,5,terminal,0,51722,97,0,0,15,1000,0,0,39.932,0
15,stage_arrival,50,S38,2,switch,4,51730,100,0,0,15,290.506,0,0,40.7016,0
15,stage_arrival_coalesce,0,S00,5,terminal,0,51721,16,0,0,15,1000,0,0,39.932,0
15,stage_arrival,43,S22,0,switch,0,51727,98,0,0,15,203.304,0,0,62.5,0
15,stage_arrival,10,S61,0,switch,1,51726,39,0,0,15,227.172,0,0,39.932,0
15,stage_arrival,1,S01,0,switch,0,51722,97,0,0,15,159.728,0,0,39.932,0
15,stage_arrival,26,S33,0,switch,3,51732,53,0,0,15,174.708,0,0,39.7097,0
15,stage_arrival,0,S00,5,terminal,0,51731,66,0,0,15,1000,0,0,33.3333,0
15,stage_arrival,50,S38,2,switch,4,51728,103,0,0,15,290.506,0,0,40.7016,0
15,stage_arrival_coalesce,0,S00,5,terminal,0,51729,26,0,0,15,1000,0,0,39.932,0
15,stage_arrival,44,S23,0,switch,43,51720,92,0,0,15,211.017,0,0,62.5,0
15,stage_arrival,0,S00,5,terminal,0,51732,53,0,0,15,1000,0,0,6.37633,0
15,stage_arrival_coalesce,0,S00,5,terminal,0,51731,66,0,0,15,1000,0,0,39.7097,0
15,stage_arrival_coalesce,0,S00,5,terminal,0,51726,39,0,0,15,1000,0,0,39.932,0
15,stage_arrival_coalesce,0,S00,5,terminal,0,51735,76,0,0,15,1000,0,0,39.7097,0
15,stage_arrival,4,S37,0,switch,0,51724,112,0,0,15,203.508,0,0,40.7016,0
15,stage_arrival,33,S34,0,switch,26,51731,66,0,0,15,235.741,0,0,39.7097,0
15,stage_arrival,4,S37,0,switch,0,51723,15,0,0,15,203.508,0,0,40.7016,0
15,stage_arrival,37,S32,0,switch,0,51734,109,0,0,15,103.31,0,0,62.5,0
15,stage_arrival,57,S47,1,switch,50,51723,15,0,0,15,259.289,0,0,40.7016,0
15,stage_arrival,49,S26,0,switch,43,51727,98,0,0,15,126.404,0,0,62.5,0
15,stage_arrival,31,S62,3,switch,5,51733,61,0,0,15,238.676,0,0,62.5,0
15,stage_arrival_coalesce,0,S00,5,terminal,0,51732,53,0,0,15,1000,0,0,39.7097,0
15,stage_arrival,8,S52,0,switch,1,51721,16,0,0,15,255.562,0,0,39.932,0
15,stage_arrival_coalesce,0,S00,5,terminal,0,51723,15,0,0,15,1000,0,0,40.7016,0
15,stage_arrival,43,S22,0,switch,0,51720,92,0,0,15,203.304,0,0,62.5,0
15,stage_arrival,54,S31,1,switch,37,51734,109,0,0,15,242.335,0,0,62.5,0
15,stage_arrival,26,S33,0,switch,3,51731,66,0,0,15,174.708,0,0,39.7097,0
15,stage_arrival,1,S01,0,switch,0,51721,16,0,0,15,159.728,0,0,39.932,0
15,stage_arrival,56,S36,2,switch,4,51725,113,0,0,15,112.305,0,0,40.7016,0
15,stage_arrival,0,S00,5,terminal,0,51734,109,0,0,15,1000,0,0,62.5,0
15,stage_arrival,0,S00,5,terminal,0,51730,100,0,0,15,1000,0,0,20.7016,0
15,stage_arrival_coalesce,0,S00,5,terminal,0,51730,100,0,0,15,1000,0,0,40.7016,0
15,stage_arrival,3,S27,0,switch,0,51735,76,0,0,15,119.129,0,0,39.7097,0
15,stage_arrival,51,S48,0,switch,57,51728,103,0,0,15,201.033,0,0,40.7016,0
15,allocate_send_arrival,42,S20,2,switch,3,51735,76,0,0,15,251.806,0,39.7097,0,0
15,allocate_send_arrival,13,S40,0,switch,6,51729,26,0,0,15,162.644,0,39.932,0,0
15,allocate_send_arrival,30,S14,2,switch,31,51733,61,0,0,15,290.433,0,62.5,0,0
15,allocate_send_arrival,8,S52,0,switch,1,51721,16,0,0,15,255.562,0,39.932,0,0
15,allocate_send_arrival,0,S00,5,terminal,0,51721,16,0,0,15,1000,0,39.932,0,0
15,allocate_send_arrival,0,S00,5,terminal,0,51720,92,0,0,15,1000,0,62.5,7.27596e-15,0
15,allocate_send_arrival,0,S00,5,terminal,0,51724,112,0,0,15,1000,0,40.7016,0,0
15,allocate_send_arrival,0,S00,5,terminal,0,51728,103,0,0,15,1000,0,40.7016,0,0
15,allocate_send_arrival,0,S00,5,terminal,0,51725,113,0,0,15,1000,0,40.7016,0,0
15,allocate_send_arrival,0,S00,5,terminal,0,51735,76,0,0,15,1000,0,39.7097,0,0
15,allocate_send_arrival,0,S00,5,terminal,0,51723,15,0,0,15,1000,0,40.7016,0,0
15,allocate_send_arrival,0,S00,5,terminal,0,51727,98,0,0,15,1000,0,62.5,7.27596e-15,0
15,allocate_send_arrival,0,S00,5,terminal,0,51729,26,0,0,15,1000,0,39.932,0,0
15,allocate_send_arrival,0,S00,5,terminal,0,51722,97,0,0,15,1000,0,39.932,0,0
15,allocate_send_arrival,0,S00,5,terminal,0,51726,39,0,0,15,1000,0,39.932,0,0
15,allocate_send_arrival,0,S00,5,terminal,0,51733,61,0,0,15,1000,0,62.5,7.27596e-15,0
15,allocate_send_arrival,0,S00,5,terminal,0,51731,66,0,0,15,1000,0,39.7097,0,0
15,allocate_send_arrival,0,S00,5,terminal,0,51732,53,0,0,15,1000,0,39.7097,0,0
15,allocate_send_arrival,0,S00,5,terminal,0,51734,109,0,0,15,1000,0,62.5,7.27596e-15,0
15,allocate_send_arrival,0,S00,5,terminal,0,51730,100,0,0,15,1000,0,40.7016,0,0
15,allocate_send_arrival,44,S23,0,switch,43,51720,92,0,0,15,211.017,0,62.5,0,0
15,allocate_send_arrival,43,S22,0,switch,0,51727,98,0,0,15,203.304,0,62.5,0,0
15,allocate_send_arrival,43,S22,0,switch,0,51720,92,0,0,15,203.304,0,62.5,0,0
15,allocate_send_arrival,54,S31,1,switch,37,51734,109,0,0,15,242.335,0,62.5,0,0
15,allocate_send_arrival,26,S33,0,switch,3,51732,53,0,0,15,174.708,0,39.7097,0,0
15,allocate_send_arrival,26,S33,0,switch,3,51731,66,0,0,15,174.708,0,39.7097,0,0
15,allocate_send_arrival,7,S45,2,switch,61,51723,15,0,0,15,100.666,0,40.7016,0,0
15,allocate_send_arrival,51,S48,0,switch,57,51728,103,0,0,15,201.033,0,40.7016,0,0
15,allocate_send_arrival,4,S37,0,switch,0,51728,103,0,0,15,203.508,0,20.7016,20,0
15,enqueue_residual,4,S37,0,switch,0,51728,103,0,0,15,203.508,0,0,20,0
15,allocate_send_arrival,4,S37,0,switch,0,51730,100,0,0,15,203.508,0,20.7016,20,0
15,enqueue_residual,4,S37,0,switch,0,51730,100,0,0,15,203.508,0,0,20,0
15,allocate_send_arrival,4,S37,0,switch,0,51725,113,0,0,15,203.508,0,20.7016,20,0
15,enqueue_residual,4,S37,0,switch,0,51725,113,0,0,15,203.508,0,0,20,0
15,allocate_send_arrival,4,S37,0,switch,0,51724,112,0,0,15,203.508,0,20.7016,20,0
15,enqueue_residual,4,S37,0,switch,0,51724,112,0,0,15,203.508,0,0,20,0
15,allocate_send_arrival,4,S37,0,switch,0,51723,15,0,0,15,203.508,0,20.7016,20,0
15,enqueue_residual,4,S37,0,switch,0,51723,15,0,0,15,203.508,0,0,20,0
15,allocate_send_arrival,50,S38,2,switch,4,51723,15,0,0,15,290.506,0,40.7016,0,0
15,allocate_send_arrival,50,S38,2,switch,4,51730,100,0,0,15,290.506,0,40.7016,0,0
15,allocate_send_arrival,50,S38,2,switch,4,51728,103,0,0,15,290.506,0,40.7016,0,0
15,allocate_send_arrival,31,S62,3,switch,5,51733,61,0,0,15,238.676,0,62.5,0,0
15,allocate_send_arrival,37,S32,0,switch,0,51734,109,0,0,15,103.31,0,62.5,0,0
15,allocate_send_arrival,1,S01,0,switch,0,51726,39,0,0,15,159.728,0,14.932,25,0
15,enqueue_residual,1,S01,0,switch,0,51726,39,0,0,15,159.728,0,0,25,0
15,allocate_send_arrival,1,S01,0,switch,0,51729,26,0,0,15,159.728,0,14.932,25,0
15,enqueue_residual,1,S01,0,switch,0,51729,26,0,0,15,159.728,0,0,25,0
15,allocate_send_arrival,1,S01,0,switch,0,51722,97,0,0,15,159.728,0,14.932,25,0
15,enqueue_residual,1,S01,0,switch,0,51722,97,0,0,15,159.728,0,0,25,0
15,allocate_send_arrival,1,S01,0,switch,0,51721,16,0,0,15,159.728,0,14.932,25,0
15,enqueue_residual,1,S01,0,switch,0,51721,16,0,0,15,159.728,0,0,25,0
15,allocate_send_arrival,46,S24,1,switch,44,51720,92,0,0,15,217.722,0,62.5,0,0
15,allocate_send_arrival,56,S36,2,switch,4,51724,112,0,0,15,112.305,0,40.7016,0,0
15,allocate_send_arrival,56,S36,2,switch,4,51725,113,0,0,15,112.305,0,40.7016,0,0
15,allocate_send_arrival,33,S34,0,switch,26,51731,66,0,0,15,235.741,0,39.7097,0,0
15,allocate_send_arrival,5,S63,0,switch,0,51733,61,0,0,15,259.679,0,62.5,0,0
15,allocate_send_arrival,6,S02,0,switch,1,51729,26,0,0,15,138.732,0,39.932,0,0
15,allocate_send_arrival,61,S46,1,switch,57,51723,15,0,0,15,199.213,0,40.7016,0,0
15,allocate_send_arrival,19,S06,3,switch,10,51726,39,0,0,15,169.014,0,39.932,0,0
15,allocate_send_arrival,48,S50,3,switch,10,51722,97,0,0,15,118.54,0,39.932,0,0
15,allocate_send_arrival,38,S42,0,switch,42,51735,76,0,0,15,176.64,0,39.7097,0,0
15,allocate_send_arrival,49,S26,0,switch,43,51727,98,0,0,15,126.404,0,62.5,0,0
15,allocate_send_arrival,3,S27,0,switch,0,51732,53,0,0,15,119.129,0,6.37633,33.3333,0
15,enqueue_residual,3,S27,0,switch,0,51732,53,0,0,15,119.129,0,0,33.3333,0
15,allocate_send_arrival,3,S27,0,switch,0,51731,66,0,0,15,119.129,0,6.37633,33.3333,0
15,enqueue_residual,3,S27,0,switch,0,51731,66,0,0,15,119.129,0,0,33.3333,0
15,allocate_send_arrival,3,S27,0,switch,0,51735,76,0,0,15,119.129,0,6.37633,33.3333,0
15,enqueue_residual,3,S27,0,switch,0,51735,76,0,0,15,119.129,0,0,33.3333,0
15,allocate_send_arrival,57,S47,1,switch,50,51728,103,0,0,15,259.289,0,40.7016,0,0
15,allocate_send_arrival,57,S47,1,switch,50,51723,15,0,0,15,259.289,0,40.7016,0,0
15,allocate_send_arrival,10,S61,0,switch,1,51722,97,0,0,15,227.172,0,39.932,0,0
15,allocate_send_arrival,10,S61,0,switch,1,51726,39,0,0,15,227.172,0,39.932,0,0
16,allocate_send_buffered,4,S37,0,switch,0,51728,103,0,0,16,203.508,100,20,0,0
16,allocate_send_buffered,4,S37,0,switch,0,51730,100,0,0,16,203.508,100,20,0,0
16,allocate_send_buffered,4,S37,0,switch,0,51725,113,0,0,16,203.508,100,20,0,0
16,allocate_send_buffered,4,S37,0,switch,0,51724,112,0,0,16,203.508,100,20,0,0
16,allocate_send_buffered,4,S37,0,switch,0,51723,15,0,0,16,203.508,100,20,0,0
16,allocate_send_buffered,1,S01,0,switch,0,51726,39,0,0,16,159.728,100,25,0,0
16,allocate_send_buffered,1,S01,0,switch,0,51729,26,0,0,16,159.728,100,25,0,0
16,allocate_send_buffered,1,S01,0,switch,0,51722,97,0,0,16,159.728,100,25,0,0
16,allocate_send_buffered,1,S01,0,switch,0,51721,16,0,0,16,159.728,100,25,0,0
16,allocate_send_buffered,3,S27,0,switch,0,51732,53,0,0,16,119.129,100,33.3333,0,0
16,allocate_send_buffered,3,S27,0,switch,0,51731,66,0,0,16,119.129,100,33.3333,0,0
16,allocate_send_buffered,3,S27,0,switch,0,51735,76,0,0,16,119.129,100,33.3333,0,0
16,stage_arrival,31,S62,3,switch,5,51733,61,0,0,16,238.676,0,0,62.5,0
16,stage_arrival,0,S00,5,terminal,0,51726,39,0,0,16,1000,0,0,25,0
16,stage_arrival,43,S22,0,switch,0,51727,98,0,0,16,203.304,0,0,62.5,0
16,stage_arrival,50,S38,2,switch,4,51723,15,0,0,16,290.506,0,0,40.7016,0
16,stage_arrival,37,S32,0,switch,0,51734,109,0,0,16,103.31,0,0,62.5,0
16,stage_arrival,4,S37,0,switch,0,51725,113,0,0,16,203.508,0,0,40.7016,0
16,stage_arrival,0,S00,5,terminal,0,51725,113,0,0,16,1000,0,0,20,0
16,stage_arrival,50,S38,2,switch,4,51730,100,0,0,16,290.506,0,0,40.7016,0
16,stage_arrival,0,S00,5,terminal,0,51721,16,0,0,16,1000,0,0,25,0
16,stage_arrival,0,S00,5,terminal,0,51729,26,0,0,16,1000,0,0,25,0
16,stage_arrival,56,S36,2,switch,4,51725,113,0,0,16,112.305,0,0,40.7016,0
16,stage_arrival,4,S37,0,switch,0,51730,100,0,0,16,203.508,0,0,40.7016,0
16,stage_arrival,26,S33,0,switch,3,51731,66,0,0,16,174.708,0,0,39.7097,0
16,stage_arrival,0,S00,5,terminal,0,51732,53,0,0,16,1000,0,0,33.3333,0
16,stage_arrival_coalesce,0,S00,5,terminal,0,51729,26,0,0,16,1000,0,0,39.932,0
16,stage_arrival,3,S27,0,switch,0,51732,53,0,0,16,119.129,0,0,39.7097,0
16,stage_arrival,57,S47,1,switch,50,51723,15,0,0,16,259.289,0,0,40.7016,0
16,stage_arrival,5,S63,0,switch,0,51733,61,0,0,16,259.679,0,0,62.5,0
16,stage_arrival,0,S00,5,terminal,0,51735,76,0,0,16,1000,0,0,33.3333,0
16,stage_arrival,57,S47,1,switch,50,51728,103,0,0,16,259.289,0,0,40.7016,0
16,stage_arrival,0,S00,5,terminal,0,51728,103,0,0,16,1000,0,0,20.7016,0
16,stage_arrival,7,S45,2,switch,61,51723,15,0,0,16,100.666,0,0,40.7016,0
16,stage_arrival,10,S61,0,switch,1,51722,97,0,0,16,227.172,0,0,39.932,0
16,stage_arrival,42,S20,2,switch,3,51735,76,0,0,16,251.806,0,0,39.7097,0
16,stage_arrival_coalesce,0,S00,5,terminal,0,51735,76,0,0,16,1000,0,0,39.7097,0
16,stage_arrival,49,S26,0,switch,43,51727,98,0,0,16,126.404,0,0,62.5,0
16,stage_arrival_coalesce,0,S00,5,terminal,0,51728,103,0,0,16,1000,0,0,40.7016,0
16,stage_arrival,1,S01,0,switch,0,51729,26,0,0,16,159.728,0,0,39.932,0
16,stage_arrival,0,S00,5,terminal,0,51727,98,0,0,16,1000,0,0,62.5,0
16,stage_arrival,0,S00,5,terminal,0,51723,15,0,0,16,1000,0,0,20.7016,0
16,stage_arrival,0,S00,5,terminal,0,51720,92,0,0,16,1000,0,0,62.5,0
16,stage_arrival,48,S50,3,switch,10,51722,97,0,0,16,118.54,0,0,39.932,0
16,stage_arrival,0,S00,5,terminal,0,51722,97,0,0,16,1000,0,0,25,0
16,stage_arrival,43,S22,0,switch,0,51720,92,0,0,16,203.304,0,0,62.5,0
16,stage_arrival_coalesce,0,S00,5,terminal,0,51723,15,0,0,16,1000,0,0,40.7016,0
16,stage_arrival,8,S52,0,switch,1,51721,16,0,0,16,255.562,0,0,39.932,0
16,stage_arrival,61,S46,1,switch,57,51723,15,0,0,16,199.213,0,0,40.7016,0
16,stage_arrival,46,S24,1,switch,44,51720,92,0,0,16,217.722,0,0,62.5,0
16,stage_arrival,30,S14,2,switch,31,51733,61,0,0,16,290.433,0,0,62.5,0
16,stage_arrival,10,S61,0,switch,1,51726,39,0,0,16,227.172,0,0,39.932,0
16,stage_arrival,4,S37,0,switch,0,51723,15,0,0,16,203.508,0,0,40.7016,0
16,stage_arrival,3,S27,0,switch,0,51731,66,0,0,16,119.129,0,0,39.7097,0
16,stage_arrival_coalesce,0,S00,5,terminal,0,51725,113,0,0,16,1000,0,0,40.7016,0
16,stage_arrival,54,S31,1,switch,37,51734,109,0,0,16,242.335,0,0,62.5,0
16,stage_arrival,0,S00,5,terminal,0,51730,100,0,0,16,1000,0,0,20,0
16,stage_arrival_coalesce,0,S00,5,terminal,0,51732,53,0,0,16,1000,0,0,39.7097,0
16,stage_arrival_coalesce,0,S00,5,terminal,0,51722,97,0,0,16,1000,0,0,39.932,0
16,stage_arrival,33,S34,0,switch,26,51731,66,0,0,16,235.741,0,0,39.7097,0
16,stage_arrival,1,S01,0,switch,0,51726,39,0,0,16,159.728,0,0,39.932,0
16,stage_arrival,0,S00,5,terminal,0,51733,61,0,0,16,1000,0,0,62.5,0
16,stage_arrival,51,S48,0,switch,57,51728,103,0,0,16,201.033,0,0,40.7016,0
16,stage_arrival,3,S27,0,switch,0,51735,76,0,0,16,119.129,0,0,39.7097,0
16,stage_arrival_coalesce,0,S00,5,terminal,0,51730,100,0,0,16,1000,0,0,40.7016,0
16,stage_arrival,26,S33,0,switch,3,51732,53,0,0,16,174.708,0,0,39.7097,0
16,stage_arrival,4,S37,0,switch,0,51728,103,0,0,16,203.508,0,0,40.7016,0
16,stage_arrival,1,S01,0,switch,0,51722,97,0,0,16,159.728,0,0,39.932,0
16,stage_arrival,13,S40,0,switch,6,51729,26,0,0,16,162.644,0,0,39.932,0
16,stage_arrival,56,S36,2,switch,4,51724,112,0,0,16,112.305,0,0,40.7016,0
16,stage_arrival,0,S00,5,terminal,0,51724,112,0,0,16,1000,0,0,20,0
16,stage_arrival_coalesce,0,S00,5,terminal,0,51726,39,0,0,16,1000,0,0,39.932,0
16,stage_arrival,19,S06,3,switch,10,51726,39,0,0,16,169.014,0,0,39.932,0
16,stage_arrival_coalesce,0,S00,5,terminal,0,51724,112,0,0,16,1000,0,0,40.7016,0
16,stage_arrival,1,S01,0,switch,0,51721,16,0,0,16,159.728,0,0,39.932,0
16,stage_arrival,0,S00,5,terminal,0,51734,109,0,0,16,1000,0,0,62.5,0
16,stage_arrival,50,S38,2,switch,4,51728,103,0,0,16,290.506,0,0,40.7016,0
16,stage_arrival,6,S02,0,switch,1,51729,26,0,0,16,138.732,0,0,39.932,0
16,stage_arrival_coalesce,0,S00,5,terminal,0,51721,16,0,0,16,1000,0,0,39.932,0
16,stage_arrival,38,S42,0,switch,42,51735,76,0,0,16,176.64,0,0,39.7097,0
16,stage_arrival,0,S00,5,terminal,0,51731,66,0,0,16,1000,0,0,33.3333,0
16,stage_arrival,4,S37,0,switch,0,51724,112,0,0,16,203.508,0,0,40.7016,0
16,stage_arrival_coalesce,0,S00,5,terminal,0,51731,66,0,0,16,1000,0,0,39.7097,0
16,stage_arrival,44,S23,0,switch,43,51720,92,0,0,16,211.017,0,0,62.5,0
16,allocate_send_arrival,46,S24,1,switch,44,51720,92,0,0,16,217.722,0,62.5,0,0
16,allocate_send_arrival,10,S61,0,switch,1,51722,97,0,0,16,227.172,0,39.932,0,0
16,allocate_send_arrival,10,S61,0,switch,1,51726,39,0,0,16,227.172,0,39.932,0,0
16,allocate_send_arrival,7,S45,2,switch,61,51723,15,0,0,16,100.666,0,40.7016,0,0
16,allocate_send_arrival,31,S62,3,switch,5,51733,61,0,0,16,238.676,0,62.5,0,0
16,allocate_send_arrival,0,S00,5,terminal,0,51726,39,0,0,16,1000,0,39.932,0,0
16,allocate_send_arrival,0,S00,5,terminal,0,51725,113,0,0,16,1000,0,40.7016,0,0
16,allocate_send_arrival,0,S00,5,terminal,0,51721,16,0,0,16,1000,0,39.932,0,0
16,allocate_send_arrival,0,S00,5,terminal,0,51729,26,0,0,16,1000,0,39.932,0,0
16,allocate_send_arrival,0,S00,5,terminal,0,51732,53,0,0,16,1000,0,39.7097,0,0
16,allocate_send_arrival,0,S00,5,terminal,0,51735,76,0,0,16,1000,0,39.7097,0,0
16,allocate_send_arrival,0,S00,5,terminal,0,51728,103,0,0,16,1000,0,40.7016,0,0
16,allocate_send_arrival,0,S00,5,terminal,0,51727,98,0,0,16,1000,0,62.5,7.27596e-15,0
16,allocate_send_arrival,0,S00,5,terminal,0,51723,15,0,0,16,1000,0,40.7016,0,0
16,allocate_send_arrival,0,S00,5,terminal,0,51720,92,0,0,16,1000,0,62.5,7.27596e-15,0
16,allocate_send_arrival,0,S00,5,terminal,0,51722,97,0,0,16,1000,0,39.932,0,0
16,allocate_send_arrival,0,S00,5,terminal,0,51730,100,0,0,16,1000,0,40.7016,0,0
16,allocate_send_arrival,0,S00,5,terminal,0,51733,61,0,0,16,1000,0,62.5,7.27596e-15,0
16,allocate_send_arrival,0,S00,5,terminal,0,51724,112,0,0,16,1000,0,40.7016,0,0
16,allocate_send_arrival,0,S00,5,terminal,0,51734,109,0,0,16,1000,0,62.5,7.27596e-15,0
16,allocate_send_arrival,0,S00,5,terminal,0,51731,66,0,0,16,1000,0,39.7097,0,0
16,allocate_send_arrival,1,S01,0,switch,0,51729,26,0,0,16,159.728,0,14.932,25,0
16,enqueue_residual,1,S01,0,switch,0,51729,26,0,0,16,159.728,0,0,25,0
16,allocate_send_arrival,1,S01,0,switch,0,51726,39,0,0,16,159.728,0,14.932,25,0
16,enqueue_residual,1,S01,0,switch,0,51726,39,0,0,16,159.728,0,0,25,0
16,allocate_send_arrival,1,S01,0,switch,0,51722,97,0,0,16,159.728,0,14.932,25,0
16,enqueue_residual,1,S01,0,switch,0,51722,97,0,0,16,159.728,0,0,25,0
16,allocate_send_arrival,1,S01,0,switch,0,51721,16,0,0,16,159.728,0,14.932,25,0
16,enqueue_residual,1,S01,0,switch,0,51721,16,0,0,16,159.728,0,0,25,0
16,allocate_send_arrival,26,S33,0,switch,3,51731,66,0,0,16,174.708,0,39.7097,0,0
16,allocate_send_arrival,26,S33,0,switch,3,51732,53,0,0,16,174.708,0,39.7097,0,0
16,allocate_send_arrival,30,S14,2,switch,31,51733,61,0,0,16,290.433,0,62.5,0,0
16,allocate_send_arrival,49,S26,0,switch,43,51727,98,0,0,16,126.404,0,62.5,0,0
16,allocate_send_arrival,50,S38,2,switch,4,51723,15,0,0,16,290.506,0,40.7016,0,0
16,allocate_send_arrival,50,S38,2,switch,4,51730,100,0,0,16,290.506,0,40.7016,0,0
16,allocate_send_arrival,50,S38,2,switch,4,51728,103,0,0,16,290.506,0,40.7016,0,0
16,allocate_send_arrival,5,S63,0,switch,0,51733,61,0,0,16,259.679,0,62.5,0,0
16,allocate_send_arrival,43,S22,0,switch,0,51727,98,0,0,16,203.304,0,62.5,0,0
16,allocate_send_arrival,43,S22,0,switch,0,51720,92,0,0,16,203.304,0,62.5,0,0
16,allocate_send_arrival,19,S06,3,switch,10,51726,39,0,0,16,169.014,0,39.932,0,0
16,allocate_send_arrival,38,S42,0,switch,42,51735,76,0,0,16,176.64,0,39.7097,0,0
16,allocate_send_arrival,42,S20,2,switch,3,51735,76,0,0,16,251.806,0,39.7097,0,0
16,allocate_send_arrival,56,S36,2,switch,4,51725,113,0,0,16,112.305,0,40.7016,0,0
16,allocate_send_arrival,56,S36,2,switch,4,51724,112,0,0,16,112.305,0,40.7016,0,0
16,allocate_send_arrival,3,S27,0,switch,0,51732,53,0,0,16,119.129,0,6.37633,33.3333,0
16,enqueue_residual,3,S27,0,switch,0,51732,53,0,0,16,119.129,0,0,33.3333,0
16,allocate_send_arrival,3,S27,0,switch,0,51731,66,0,0,16,119.129,0,6.37633,33.3333,0
16,enqueue_residual,3,S27,0,switch,0,51731,66,0,0,16,119.129,0,0,33.3333,0
16,allocate_send_arrival,3,S27,0,switch,0,51735,76,0,0,16,119.129,0,6.37633,33.3333,0
16,enqueue_residual,3,S27,0,switch,0,51735,76,0,0,16,119.129,0,0,33.3333,0
16,allocate_send_arrival,6,S02,0,switch,1,51729,26,0,0,16,138.732,0,39.932,0,0
16,allocate_send_arrival,48,S50,3,switch,10,51722,97,0,0,16,118.54,0,39.932,0,0
16,allocate_send_arrival,13,S40,0,switch,6,51729,26,0,0,16,162.644,0,39.932,0,0
16,allocate_send_arrival,51,S48,0,switch,57,51728,103,0,0,16,201.033,0,40.7016,0,0
16,allocate_send_arrival,33,S34,0,switch,26,51731,66,0,0,16,235.741,0,39.7097,0,0
16,allocate_send_arrival,8,S52,0,switch,1,51721,16,0,0,16,255.562,0,39.932,0,0
16,allocate_send_arrival,4,S37,0,switch,0,51725,113,0,0,16,203.508,0,20.7016,20,0
16,enqueue_residual,4,S37,0,switch,0,51725,113,0,0,16,203.508,0,0,20,0
16,allocate_send_arrival,4,S37,0,switch,0,51730,100,0,0,16,203.508,0,20.7016,20,0
16,enqueue_residual,4,S37,0,switch,0,51730,100,0,0,16,203.508,0,0,20,0
16,allocate_send_arrival,4,S37,0,switch,0,51723,15,0,0,16,203.508,0,20.7016,20,0
16,enqueue_residual,4,S37,0,switch,0,51723,15,0,0,16,203.508,0,0,20,0
16,allocate_send_arrival,4,S37,0,switch,0,51728,103,0,0,16,203.508,0,20.7016,20,0
16,enqueue_residual,4,S37,0,switch,0,51728,103,0,0,16,203.508,0,0,20,0
16,allocate_send_arrival,4,S37,0,switch,0,51724,112,0,0,16,203.508,0,20.7016,20,0
16,enqueue_residual,4,S37,0,switch,0,51724,112,0,0,16,203.508,0,0,20,0
16,allocate_send_arrival,61,S46,1,switch,57,51723,15,0,0,16,199.213,0,40.7016,0,0
16,allocate_send_arrival,37,S32,0,switch,0,51734,109,0,0,16,103.31,0,62.5,0,0
16,allocate_send_arrival,54,S31,1,switch,37,51734,109,0,0,16,242.335,0,62.5,0,0
16,allocate_send_arrival,57,S47,1,switch,50,51723,15,0,0,16,259.289,0,40.7016,0,0
16,allocate_send_arrival,57,S47,1,switch,50,51728,103,0,0,16,259.289,0,40.7016,0,0
16,allocate_send_arrival,44,S23,0,switch,43,51720,92,0,0,16,211.017,0,62.5,0,0
17,allocate_send_buffered,3,S27,0,switch,0,51732,53,0,0,17,119.129,100,33.3333,0,0
17,allocate_send_buffered,3,S27,0,switch,0,51731,66,0,0,17,119.129,100,33.3333,0,0
17,allocate_send_buffered,3,S27,0,switch,0,51735,76,0,0,17,119.129,100,33.3333,0,0
17,allocate_send_buffered,1,S01,0,switch,0,51729,26,0,0,17,159.728,100,25,0,0
17,allocate_send_buffered,1,S01,0,switch,0,51726,39,0,0,17,159.728,100,25,0,0
17,allocate_send_buffered,1,S01,0,switch,0,51722,97,0,0,17,159.728,100,25,0,0
17,allocate_send_buffered,1,S01,0,switch,0,51721,16,0,0,17,159.728,100,25,0,0
17,allocate_send_buffered,4,S37,0,switch,0,51725,113,0,0,17,203.508,100,20,0,0
17,allocate_send_buffered,4,S37,0,switch,0,51730,100,0,0,17,203.508,100,20,0,0
17,allocate_send_buffered,4,S37,0,switch,0,51723,15,0,0,17,203.508,100,20,0,0
17,allocate_send_buffered,4,S37,0,switch,0,51728,103,0,0,17,203.508,100,20,0,0
17,allocate_send_buffered,4,S37,0,switch,0,51724,112,0,0,17,203.508,100,20,0,0
17,stage_arrival,44,S23,0,switch,43,51720,92,0,0,17,211.017,0,0,62.5,0
17,stage_arrival,7,S45,2,switch,61,51723,15,0,0,17,100.666,0,0,40.7016,0
17,stage_arrival,0,S00,5,terminal,0,51724,112,0,0,17,1000,0,0,20.7016,0
17,stage_arrival,49,S26,0,switch,43,51727,98,0,0,17,126.404,0,0,62.5,0
17,stage_arrival,57,S47,1,switch,50,51728,103,0,0,17,259.289,0,0,40.7016,0
17,stage_arrival,0,S00,5,terminal,0,51729,26,0,0,17,1000,0,0,14.932,0
17,stage_arrival,38,S42,0,switch,42,51735,76,0,0,17,176.64,0,0,39.7097,0
17,stage_arrival,50,S38,2,switch,4,51723,15,0,0,17,290.506,0,0,40.7016,0
17,stage_arrival,61,S46,1,switch,57,51723,15,0,0,17,199.213,0,0,40.7016,0
17,stage_arrival,0,S00,5,terminal,0,51734,109,0,0,17,1000,0,0,62.5,0
17,stage_arrival,1,S01,0,switch,0,51722,97,0,0,17,159.728,0,0,39.932,0
17,stage_arrival,4,S37,0,switch,0,51724,112,0,0,17,203.508,0,0,40.7016,0
17,stage_arrival,26,S33,0,switch,3,51731,66,0,0,17,174.708,0,0,39.7097,0
17,stage_arrival,57,S47,1,switch,50,51723,15,0,0,17,259.289,0,0,40.7016,0
17,stage_arrival,1,S01,0,switch,0,51729,26,0,0,17,159.728,0,0,39.932,0
17,stage_arrival,56,S36,2,switch,4,51725,113,0,0,17,112.305,0,0,40.7016,0
17,stage_arrival,46,S24,1,switch,44,51720,92,0,0,17,217.722,0,0,62.5,0
17,stage_arrival,6,S02,0,switch,1,51729,26,0,0,17,138.732,0,0,39.932,0
17,stage_arrival,54,S31,1,switch,37,51734,109,0,0,17,242.335,0,0,62.5,0
17,stage_arrival,0,S00,5,terminal,0,51720,92,0,0,17,1000,0,0,62.5,0
17,stage_arrival,0,S00,5,terminal,0,51735,76,0,0,17,1000,0,0,6.37633,0
17,stage_arrival,4,S37,0,switch,0,51730,100,0,0,17,203.508,0,0,40.7016,0
17,stage_arrival,0,S00,5,terminal,0,51733,61,0,0,17,1000,0,0,62.5,0
17,stage_arrival,37,S32,0,switch,0,51734,109,0,0,17,103.31,0,0,62.5,0
17,stage_arrival,50,S38,2,switch,4,51728,103,0,0,17,290.506,0,0,40.7016,0
17,stage_arrival,3,S27,0,switch,0,51732,53,0,0,17,119.129,0,0,39.7097,0
17,stage_arrival,0,S00,5,terminal,0,51722,97,0,0,17,1000,0,0,25,0
17,stage_arrival,3,S27,0,switch,0,51731,66,0,0,17,119.129,0,0,39.7097,0
17,stage_arrival,0,S00,5,terminal,0,51723,15,0,0,17,1000,0,0,20,0
17,stage_arrival,13,S40,0,switch,6,51729,26,0,0,17,162.644,0,0,39.932,0
17,stage_arrival,0,S00,5,terminal,0,51721,16,0,0,17,1000,0,0,25,0
17,stage_arrival,4,S37,0,switch,0,51728,103,0,0,17,203.508,0,0,40.7016,0
17,stage_arrival_coalesce,0,S00,5,terminal,0,51723,15,0,0,17,1000,0,0,40.7016,0
17,stage_arrival,4,S37,0,switch,0,51725,113,0,0,17,203.508,0,0,40.7016,0
17,stage_arrival,10,S61,0,switch,1,51726,39,0,0,17,227.172,0,0,39.932,0
17,stage_arrival,0,S00,5,terminal,0,51726,39,0,0,17,1000,0,0,25,0
17,stage_arrival,0,S00,5,terminal,0,51732,53,0,0,17,1000,0,0,33.3333,0
17,stage_arrival_coalesce,0,S00,5,terminal,0,51729,26,0,0,17,1000,0,0,39.932,0
17,stage_arrival,0,S00,5,terminal,0,51731,66,0,0,17,1000,0,0,33.3333,0
17,stage_arrival,5,S63,0,switch,0,51733,61,0,0,17,259.679,0,0,62.5,0
17,stage_arrival,31,S62,3,switch,5,51733,61,0,0,17,238.676,0,0,62.5,0
17,stage_arrival_coalesce,0,S00,5,terminal,0,51721,16,0,0,17,1000,0,0,39.932,0
17,stage_arrival_coalesce,0,S00,5,terminal,0,51731,66,0,0,17,1000,0,0,39.7097,0
17,stage_arrival,43,S22,0,switch,0,51727,98,0,0,17,203.304,0,0,62.5,0
17,stage_arrival,26,S33,0,switch,3,51732,53,0,0,17,174.708,0,0,39.7097,0
17,stage_arrival,1,S01,0,switch,0,51721,16,0,0,17,159.728,0,0,39.932,0
17,stage_arrival,0,S00,5,terminal,0,51725,113,0,0,17,1000,0,0,20,0
17,stage_arrival_coalesce,0,S00,5,terminal,0,51722,97,0,0,17,1000,0,0,39.932,0
17,stage_arrival,0,S00,5,terminal,0,51727,98,0,0,17,1000,0,0,62.5,0
17,stage_arrival_coalesce,0,S00,5,terminal,0,51735,76,0,0,17,1000,0,0,39.7097,0
17,stage_arrival,0,S00,5,terminal,0,51728,103,0,0,17,1000,0,0,20,0
17,stage_arrival,0,S00,5,terminal,0,51730,100,0,0,17,1000,0,0,20,0
17,stage_arrival,56,S36,2,switch,4,51724,112,0,0,17,112.305,0,0,40.7016,0
17,stage_arrival_coalesce,0,S00,5,terminal,0,51725,113,0,0,17,1000,0,0,40.7016,0
17,stage_arrival,1,S01,0,switch,0,51726,39,0,0,17,159.728,0,0,39.932,0
17,stage_arrival,4,S37,0,switch,0,51723,15,0,0,17,203.508,0,0,40.7016,0
17,stage_arrival_coalesce,0,S00,5,terminal,0,51726,39,0,0,17,1000,0,0,39.932,0
17,stage_arrival,3,S27,0,switch,0,51735,76,0,0,17,119.129,0,0,39.7097,0
17,stage_arrival,19,S06,3,switch,10,51726,39,0,0,17,169.014,0,0,39.932,0
17,stage_arrival,50,S38,2,switch,4,51730,100,0,0,17,290.506,0,0,40.7016,0
17,stage_arrival,51,S48,0,switch,57,51728,103,0,0,17,201.033,0,0,40.7016,0
17,stage_arrival,43,S22,0,switch,0,51720,92,0,0,17,203.304,0,0,62.5,0
17,stage_arrival,42,S20,2,switch,3,51735,76,0,0,17,251.806,0,0,39.7097,0
17,stage_arrival,10,S61,0,switch,1,51722,97,0,0,17,227.172,0,0,39.932,0
17,stage_arrival_coalesce,0,S00,5,terminal,0,51728,103,0,0,17,1000,0,0,40.7016,0
17,stage_arrival,30,S14,2,switch,31,51733,61,0,0,17,290.433,0,0,62.5,0
17,stage_arrival,33,S34,0,switch,26,51731,66,0,0,17,235.741,0,0,39.7097,0
17,stage_arrival,48,S50,3,switch,10,51722,97,0,0,17,118.54,0,0,39.932,0
17,stage_arrival,8,S52,0,switch,1,51721,16,0,0,17,255.562,0,0,39.932,0
17,stage_arrival_coalesce,0,S00,5,terminal,0,51724,112,0,0,17,1000,0,0,40.7016,0
17,stage_arrival_coalesce,0,S00,5,terminal,0,51730,100,0,0,17,1000,0,0,40.7016,0
17,stage_arrival_coalesce,0,S00,5,terminal,0,51732,53,0,0,17,1000,0,0,39.7097,0
17,allocate_send_arrival,48,S50,3,switch,10,51722,97,0,0,17,118.54,0,39.932,0,0
17,allocate_send_arrival,54,S31,1,switch,37,51734,109,0,0,17,242.335,0,62.5,0,0
17,allocate_send_arrival,31,S62,3,switch,5,51733,61,0,0,17,238.676,0,62.5,0,0
17,allocate_send_arrival,30,S14,2,switch,31,51733,61,0,0,17,290.433,0,62.5,0,0
17,allocate_send_arrival,8,S52,0,switch,1,51721,16,0,0,17,255.562,0,39.932,0,0
17,allocate_send_arrival,26,S33,0,switch,3,51731,66,0,0,17,174.708,0,39.7097,0,0
17,allocate_send_arrival,26,S33,0,switch,3,51732,53,0,0,17,174.708,0,39.7097,0,0
17,allocate_send_arrival,7,S45,2,switch,61,51723,15,0,0,17,100.666,0,40.7016,0,0
17,allocate_send_arrival,57,S47,1,switch,50,51728,103,0,0,17,259.289,0,40.7016,0,0
17,allocate_send_arrival,57,S47,1,switch,50,51723,15,0,0,17,259.289,0,40.7016,0,0
17,allocate_send_arrival,10,S61,0,switch,1,51726,39,0,0,17,227.172,0,39.932,0,0
17,allocate_send_arrival,10,S61,0,switch,1,51722,97,0,0,17,227.172,0,39.932,0,0
17,allocate_send_arrival,49,S26,0,switch,43,51727,98,0,0,17,126.404,0,62.5,0,0
17,allocate_send_arrival,37,S32,0,switch,0,51734,109,0,0,17,103.31,0,62.5,0,0
17,allocate_send_arrival,50,S38,2,switch,4,51723,15,0,0,17,290.506,0,40.7016,0,0
17,allocate_send_arrival,50,S38,2,switch,4,51728,103,0,0,17,290.506,0,40.7016,0,0
17,allocate_send_arrival,50,S38,2,switch,4,51730,100,0,0,17,290.506,0,40.7016,0,0
17,allocate_send_arrival,43,S22,0,switch,0,51727,98,0,0,17,203.304,0,62.5,0,0
17,allocate_send_arrival,43,S22,0,switch,0,51720,92,0,0,17,203.304,0,62.5,0,0
17,allocate_send_arrival,42,S20,2,switch,3,51735,76,0,0,17,251.806,0,39.7097,0,0
17,allocate_send_arrival,38,S42,0,switch,42,51735,76,0,0,17,176.64,0,39.7097,0,0
17,allocate_send_arrival,3,S27,0,switch,0,51732,53,0,0,17,119.129,0,6.37633,33.3333,0
17,enqueue_residual,3,S27,0,switch,0,51732,53,0,0,17,119.129,0,0,33.3333,0
17,allocate_send_arrival,3,S27,0,switch,0,51731,66,0,0,17,119.129,0,6.37633,33.3333,0
17,enqueue_residual,3,S27,0,switch,0,51731,66,0,0,17,119.129,0,0,33.3333,0
17,allocate_send_arrival,3,S27,0,switch,0,51735,76,0,0,17,119.129,0,6.37633,33.3333,0
17,enqueue_residual,3,S27,0,switch,0,51735,76,0,0,17,119.129,0,0,33.3333,0
17,allocate_send_arrival,13,S40,0,switch,6,51729,26,0,0,17,162.644,0,39.932,0,0
17,allocate_send_arrival,1,S01,0,switch,0,51722,97,0,0,17,159.728,0,14.932,25,0
17,enqueue_residual,1,S01,0,switch,0,51722,97,0,0,17,159.728,0,0,25,0
17,allocate_send_arrival,1,S01,0,switch,0,51729,26,0,0,17,159.728,0,14.932,25,0
17,enqueue_residual,1,S01,0,switch,0,51729,26,0,0,17,159.728,0,0,25,0
17,allocate_send_arrival,1,S01,0,switch,0,51721,16,0,0,17,159.728,0,14.932,25,0
17,enqueue_residual,1,S01,0,switch,0,51721,16,0,0,17,159.728,0,0,25,0
17,allocate_send_arrival,1,S01,0,switch,0,51726,39,0,0,17,159.728,0,14.932,25,0
17,enqueue_residual,1,S01,0,switch,0,51726,39,0,0,17,159.728,0,0,25,0
17,allocate_send_arrival,33,S34,0,switch,26,51731,66,0,0,17,235.741,0,39.7097,0,0
17,allocate_send_arrival,5,S63,0,switch,0,51733,61,0,0,17,259.679,0,62.5,0,0
17,allocate_send_arrival,19,S06,3,switch,10,51726,39,0,0,17,169.014,0,39.932,0,0
17,allocate_send_arrival,4,S37,0,switch,0,51724,112,0,0,17,203.508,0,20.7016,20,0
17,enqueue_residual,4,S37,0,switch,0,51724,112,0,0,17,203.508,0,0,20,0
17,allocate_send_arrival,4,S37,0,switch,0,51730,100,0,0,17,203.508,0,20.7016,20,0
17,enqueue_residual,4,S37,0,switch,0,51730,100,0,0,17,203.508,0,0,20,0
17,allocate_send_arrival,4,S37,0,switch,0,51728,103,0,0,17,203.508,0,20.7016,20,0
17,enqueue_residual,4,S37,0,switch,0,51728,103,0,0,17,203.508,0,0,20,0
17,allocate_send_arrival,4,S37,0,switch,0,51725,113,0,0,17,203.508,0,20.7016,20,0
17,enqueue_residual,4,S37,0,switch,0,51725,113,0,0,17,203.508,0,0,20,0
17,allocate_send_arrival,4,S37,0,switch,0,51723,15,0,0,17,203.508,0,20.7016,20,0
17,enqueue_residual,4,S37,0,switch,0,51723,15,0,0,17,203.508,0,0,20,0
17,allocate_send_arrival,61,S46,1,switch,57,51723,15,0,0,17,199.213,0,40.7016,0,0
17,allocate_send_arrival,6,S02,0,switch,1,51729,26,0,0,17,138.732,0,39.932,0,0
17,allocate_send_arrival,51,S48,0,switch,57,51728,103,0,0,17,201.033,0,40.7016,0,0
17,allocate_send_arrival,44,S23,0,switch,43,51720,92,0,0,17,211.017,0,62.5,0,0
17,allocate_send_arrival,46,S24,1,switch,44,51720,92,0,0,17,217.722,0,62.5,0,0
17,allocate_send_arrival,56,S36,2,switch,4,51725,113,0,0,17,112.305,0,40.7016,0,0
17,allocate_send_arrival,56,S36,2,switch,4,51724,112,0,0,17,112.305,0,40.7016,0,0
17,allocate_send_arrival,0,S00,5,terminal,0,51724,112,0,0,17,1000,0,40.7016,0,0
17,allocate_send_arrival,0,S00,5,terminal,0,51729,26,0,0,17,1000,0,39.932,0,0
17,allocate_send_arrival,0,S00,5,terminal,0,51734,109,0,0,17,1000,0,62.5,3.63798e-14,0
17,allocate_send_arrival,0,S00,5,terminal,0,51720,92,0,0,17,1000,0,62.5,3.63798e-14,0
17,allocate_send_arrival,0,S00,5,terminal,0,51735,76,0,0,17,1000,0,39.7097,0,0
17,allocate_send_arrival,0,S00,5,terminal,0,51733,61,0,0,17,1000,0,62.5,3.63798e-14,0
17,allocate_send_arrival,0,S00,5,terminal,0,51722,97,0,0,17,1000,0,39.932,0,0
17,allocate_send_arrival,0,S00,5,terminal,0,51723,15,0,0,17,1000,0,40.7016,0,0
17,allocate_send_arrival,0,S00,5,terminal,0,51721,16,0,0,17,1000,0,39.932,0,0
17,allocate_send_arrival,0,S00,5,terminal,0,51726,39,0,0,17,1000,0,39.932,0,0
17,allocate_send_arrival,0,S00,5,terminal,0,51732,53,0,0,17,1000,0,39.7097,0,0
17,allocate_send_arrival,0,S00,5,terminal,0,51731,66,0,0,17,1000,0,39.7097,0,0
17,allocate_send_arrival,0,S00,5,terminal,0,51725,113,0,0,17,1000,0,40.7016,0,0
17,allocate_send_arrival,0,S00,5,terminal,0,51727,98,0,0,17,1000,0,62.5,3.63798e-14,0
17,allocate_send_arrival,0,S00,5,terminal,0,51728,103,0,0,17,1000,0,40.7016,0,0
17,allocate_send_arrival,0,S00,5,terminal,0,51730,100,0,0,17,1000,0,40.7016,0,0
18,allocate_send_buffered,1,S01,0,switch,0,51722,97,0,0,18,159.728,100,25,0,0
18,allocate_send_buffered,1,S01,0,switch,0,51729,26,0,0,18,159.728,100,25,0,0
18,allocate_send_buffered,1,S01,0,switch,0,51721,16,0,0,18,159.728,100,25,0,0
18,allocate_send_buffered,1,S01,0,switch,0,51726,39,0,0,18,159.728,100,25,0,0
18,allocate_send_buffered,4,S37,0,switch,0,51724,112,0,0,18,203.508,100,20,0,0
18,allocate_send_buffered,4,S37,0,switch,0,51730,100,0,0,18,203.508,100,20,0,0
18,allocate_send_buffered,4,S37,0,switch,0,51728,103,0,0,18,203.508,100,20,0,0
18,allocate_send_buffered,4,S37,0,switch,0,51725,113,0,0,18,203.508,100,20,0,0
18,allocate_send_buffered,4,S37,0,switch,0,51723,15,0,0,18,203.508,100,20,0,0
18,allocate_send_buffered,3,S27,0,switch,0,51732,53,0,0,18,119.129,100,33.3333,0,0
18,allocate_send_buffered,3,S27,0,switch,0,51731,66,0,0,18,119.129,100,33.3333,0,0
18,allocate_send_buffered,3,S27,0,switch,0,51735,76,0,0,18,119.129,100,33.3333,0,0
18,stage_arrival,0,S00,5,terminal,0,51731,66,0,0,18,1000,0,0,33.3333,0
18,stage_arrival,48,S50,3,switch,10,51722,97,0,0,18,118.54,0,0,39.932,0
18,stage_arrival,0,S00,5,terminal,0,51721,16,0,0,18,1000,0,0,14.932,0
18,stage_arrival,61,S46,1,switch,57,51723,15,0,0,18,199.213,0,0,40.7016,0
18,stage_arrival,0,S00,5,terminal,0,51733,61,0,0,18,1000,0,0,62.5,0
18,stage_arrival,4,S37,0,switch,0,51723,15,0,0,18,203.508,0,0,40.7016,0
18,stage_arrival,3,S27,0,switch,0,51732,53,0,0,18,119.129,0,0,39.7097,0
18,stage_arrival,0,S00,5,terminal,0,51726,39,0,0,18,1000,0,0,25,0
18,stage_arrival_coalesce,0,S00,5,terminal,0,51731,66,0,0,18,1000,0,0,39.7097,0
18,stage_arrival,31,S62,3,switch,5,51733,61,0,0,18,238.676,0,0,62.5,0
18,stage_arrival,1,S01,0,switch,0,51726,39,0,0,18,159.728,0,0,39.932,0
18,stage_arrival,57,S47,1,switch,50,51728,103,0,0,18,259.289,0,0,40.7016,0
18,stage_arrival,0,S00,5,terminal,0,51725,113,0,0,18,1000,0,0,20.7016,0
18,stage_arrival,6,S02,0,switch,1,51729,26,0,0,18,138.732,0,0,39.932,0
18,stage_arrival,33,S34,0,switch,26,51731,66,0,0,18,235.741,0,0,39.7097,0
18,stage_arrival,54,S31,1,switch,37,51734,109,0,0,18,242.335,0,0,62.5,0
18,stage_arrival,0,S00,5,terminal,0,51730,100,0,0,18,1000,0,0,20.7016,0
18,stage_arrival,8,S52,0,switch,1,51721,16,0,0,18,255.562,0,0,39.932,0
18,stage_arrival,50,S38,2,switch,4,51728,103,0,0,18,290.506,0,0,40.7016,0
18,stage_arrival,44,S23,0,switch,43,51720,92,0,0,18,211.017,0,0,62.5,0
18,stage_arrival,0,S00,5,terminal,0,51723,15,0,0,18,1000,0,0,20,0
18,stage_arrival,43,S22,0,switch,0,51727,98,0,0,18,203.304,0,0,62.5,0
18,stage_arrival,0,S00,5,terminal,0,51720,92,0,0,18,1000,0,0,62.5,0
18,stage_arrival,56,S36,2,switch,4,51725,113,0,0,18,112.305,0,0,40.7016,0
18,stage_arrival,49,S26,0,switch,43,51727,98,0,0,18,126.404,0,0,62.5,0
18,stage_arrival,10,S61,0,switch,1,51726,39,0,0,18,227.172,0,0,39.932,0
18,stage_arrival,0,S00,5,terminal,0,51722,97,0,0,18,1000,0,0,25,0
18,stage_arrival,26,S33,0,switch,3,51731,66,0,0,18,174.708,0,0,39.7097,0
18,stage_arrival,0,S00,5,terminal,0,51729,26,0,0,18,1000,0,0,14.932,0
18,stage_arrival_coalesce,0,S00,5,terminal,0,51729,26,0,0,18,1000,0,0,39.932,0
18,stage_arrival_coalesce,0,S00,5,terminal,0,51723,15,0,0,18,1000,0,0,40.7016,0
18,stage_arrival,3,S27,0,switch,0,51735,76,0,0,18,119.129,0,0,39.7097,0
18,stage_arrival_coalesce,0,S00,5,terminal,0,51730,100,0,0,18,1000,0,0,40.7016,0
18,stage_arrival,0,S00,5,terminal,0,51732,53,0,0,18,1000,0,0,6.37633,0
18,stage_arrival,57,S47,1,switch,50,51723,15,0,0,18,259.289,0,0,40.7016,0
18,stage_arrival,0,S00,5,terminal,0,51735,76,0,0,18,1000,0,0,6.37633,0
18,stage_arrival,0,S00,5,terminal,0,51724,112,0,0,18,1000,0,0,20,0
18,stage_arrival_coalesce,0,S00,5,terminal,0,51732,53,0,0,18,1000,0,0,39.7097,0
18,stage_arrival,42,S20,2,switch,3,51735,76,0,0,18,251.806,0,0,39.7097,0
18,stage_arrival,3,S27,0,switch,0,51731,66,0,0,18,119.129,0,0,39.7097,0
18,stage_arrival,56,S36,2,switch,4,51724,112,0,0,18,112.305,0,0,40.7016,0
18,stage_arrival,26,S33,0,switch,3,51732,53,0,0,18,174.708,0,0,39.7097,0
18,stage_arrival,30,S14,2,switch,31,51733,61,0,0,18,290.433,0,0,62.5,0
18,stage_arrival,0,S00,5,terminal,0,51728,103,0,0,18,1000,0,0,20,0
18,stage_arrival_coalesce,0,S00,5,terminal,0,51728,103,0,0,18,1000,0,0,40.7016,0
18,stage_arrival,1,S01,0,switch,0,51722,97,0,0,18,159.728,0,0,39.932,0
18,stage_arrival,43,S22,0,switch,0,51720,92,0,0,18,203.304,0,0,62.5,0
18,stage_arrival,51,S48,0,switch,57,51728,103,0,0,18,201.033,0,0,40.7016,0
18,stage_arrival,0,S00,5,terminal,0,51734,109,0,0,18,1000,0,0,62.5,0
18,stage_arrival,4,S37,0,switch,0,51730,100,0,0,18,203.508,0,0,40.7016,0
18,stage_arrival,0,S00,5,terminal,0,51727,98,0,0,18,1000,0,0,62.5,0
18,stage_arrival,13,S40,0,switch,6,51729,26,0,0,18,162.644,0,0,39.932,0
18,stage_arrival,4,S37,0,switch,0,51724,112,0,0,18,203.508,0,0,40.7016,0
18,stage_arrival,37,S32,0,switch,0,51734,109,0,0,18,103.31,0,0,62.5,0
18,stage_arrival_coalesce,0,S00,5,terminal,0,51726,39,0,0,18,1000,0,0,39.932,0
18,stage_arrival,5,S63,0,switch,0,51733,61,0,0,18,259.679,0,0,62.5,0
18,stage_arrival,1,S01,0,switch,0,51729,26,0,0,18,159.728,0,0,39.932,0
18,stage_arrival_coalesce,0,S00,5,terminal,0,51725,113,0,0,18,1000,0,0,40.7016,0
18,stage_arrival,50,S38,2,switch,4,51730,100,0,0,18,290.506,0,0,40.7016,0
18,stage_arrival_coalesce,0,S00,5,terminal,0,51721,16,0,0,18,1000,0,0,39.932,0
18,stage_arrival,7,S45,2,switch,61,51723,15,0,0,18,100.666,0,0,40.7016,0
18,stage_arrival,38,S42,0,switch,42,51735,76,0,0,18,176.64,0,0,39.7097,0
18,stage_arrival_coalesce,0,S00,5,terminal,0,51735,76,0,0,18,1000,0,0,39.7097,0
18,stage_arrival_coalesce,0,S00,5,terminal,0,51722,97,0,0,18,1000,0,0,39.932,0
18,stage_arrival,4,S37,0,switch,0,51725,113,0,0,18,203.508,0,0,40.7016,0
18,stage_arrival_coalesce,0,S00,5,terminal,0,51724,112,0,0,18,1000,0,0,40.7016,0
18,stage_arrival,4,S37,0,switch,0,51728,103,0,0,18,203.508,0,0,40.7016,0
18,stage_arrival,19,S06,3,switch,10,51726,39,0,0,18,169.014,0,0,39.932,0
18,stage_arrival,10,S61,0,switch,1,51722,97,0,0,18,227.172,0,0,39.932,0
18,stage_arrival,1,S01,0,switch,0,51721,16,0,0,18,159.728,0,0,39.932,0
18,stage_arrival,50,S38,2,switch,4,51723,15,0,0,18,290.506,0,0,40.7016,0
18,stage_arrival,46,S24,1,switch,44,51720,92,0,0,18,217.722,0,0,62.5,0
18,allocate_send_arrival,37,S32,0,switch,0,51734,109,0,0,18,103.31,0,62.5,0,0
18,allocate_send_arrival,48,S50,3,switch,10,51722,97,0,0,18,118.54,0,39.932,0,0
18,allocate_send_arrival,13,S40,0,switch,6,51729,26,0,0,18,162.644,0,39.932,0,0
18,allocate_send_arrival,49,S26,0,switch,43,51727,98,0,0,18,126.404,0,62.5,0,0
18,allocate_send_arrival,56,S36,2,switch,4,51725,113,0,0,18,112.305,0,40.7016,0,0
18,allocate_send_arrival,56,S36,2,switch,4,51724,112,0,0,18,112.305,0,40.7016,0,0
18,allocate_send_arrival,42,S20,2,switch,3,51735,76,0,0,18,251.806,0,39.7097,0,0
18,allocate_send_arrival,19,S06,3,switch,10,51726,39,0,0,18,169.014,0,39.932,0,0
18,allocate_send_arrival,4,S37,0,switch,0,51723,15,0,0,18,203.508,0,20.7016,20,0
18,enqueue_residual,4,S37,0,switch,0,51723,15,0,0,18,203.508,0,0,20,0
18,allocate_send_arrival,4,S37,0,switch,0,51730,100,0,0,18,203.508,0,20.7016,20,0
18,enqueue_residual,4,S37,0,switch,0,51730,100,0,0,18,203.508,0,0,20,0
18,allocate_send_arrival,4,S37,0,switch,0,51724,112,0,0,18,203.508,0,20.7016,20,0
18,enqueue_residual,4,S37,0,switch,0,51724,112,0,0,18,203.508,0,0,20,0
18,allocate_send_arrival,4,S37,0,switch,0,51725,113,0,0,18,203.508,0,20.7016,20,0
18,enqueue_residual,4,S37,0,switch,0,51725,113,0,0,18,203.508,0,0,20,0
18,allocate_send_arrival,4,S37,0,switch,0,51728,103,0,0,18,203.508,0,20.7016,20,0
18,enqueue_residual,4,S37,0,switch,0,51728,103,0,0,18,203.508,0,0,20,0
18,allocate_send_arrival,44,S23,0,switch,43,51720,92,0,0,18,211.017,0,62.5,0,0
18,allocate_send_arrival,46,S24,1,switch,44,51720,92,0,0,18,217.722,0,62.5,0,0
18,allocate_send_arrival,57,S47,1,switch,50,51728,103,0,0,18,259.289,0,40.7016,0,0
18,allocate_send_arrival,57,S47,1,switch,50,51723,15,0,0,18,259.289,0,40.7016,0,0
18,allocate_send_arrival,10,S61,0,switch,1,51726,39,0,0,18,227.172,0,39.932,0,0
18,allocate_send_arrival,10,S61,0,switch,1,51722,97,0,0,18,227.172,0,39.932,0,0
18,allocate_send_arrival,5,S63,0,switch,0,51733,61,0,0,18,259.679,0,62.5,0,0
18,allocate_send_arrival,7,S45,2,switch,61,51723,15,0,0,18,100.666,0,40.7016,0,0
18,allocate_send_arrival,8,S52,0,switch,1,51721,16,0,0,18,255.562,0,39.932,0,0
18,allocate_send_arrival,51,S48,0,switch,57,51728,103,0,0,18,201.033,0,40.7016,0,0
18,allocate_send_arrival,3,S27,0,switch,0,51732,53,0,0,18,119.129,0,6.37633,33.3333,0
18,enqueue_residual,3,S27,0,switch,0,51732,53,0,0,18,119.129,0,0,33.3333,0
18,allocate_send_arrival,3,S27,0,switch,0,51735,76,0,0,18,119.129,0,6.37633,33.3333,0
18,enqueue_residual,3,S27,0,switch,0,51735,76,0,0,18,119.129,0,0,33.3333,0
18,allocate_send_arrival,3,S27,0,switch,0,51731,66,0,0,18,119.129,0,6.37633,33.3333,0
18,enqueue_residual,3,S27,0,switch,0,51731,66,0,0,18,119.129,0,0,33.3333,0
18,allocate_send_arrival,54,S31,1,switch,37,51734,109,0,0,18,242.335,0,62.5,0,0
18,allocate_send_arrival,1,S01,0,switch,0,51726,39,0,0,18,159.728,0,14.932,25,0
18,enqueue_residual,1,S01,0,switch,0,51726,39,0,0,18,159.728,0,0,25,0
18,allocate_send_arrival,1,S01,0,switch,0,51722,97,0,0,18,159.728,0,14.932,25,0
18,enqueue_residual,1,S01,0,switch,0,51722,97,0,0,18,159.728,0,0,25,0
18,allocate_send_arrival,1,S01,0,switch,0,51729,26,0,0,18,159.728,0,14.932,25,0
18,enqueue_residual,1,S01,0,switch,0,51729,26,0,0,18,159.728,0,0,25,0
18,allocate_send_arrival,1,S01,0,switch,0,51721,16,0,0,18,159.728,0,14.932,25,0
18,enqueue_residual,1,S01,0,switch,0,51721,16,0,0,18,159.728,0,0,25,0
18,allocate_send_arrival,30,S14,2,switch,31,51733,61,0,0,18,290.433,0,62.5,0,0
18,allocate_send_arrival,61,S46,1,switch,57,51723,15,0,0,18,199.213,0,40.7016,0,0
18,allocate_send_arrival,31,S62,3,switch,5,51733,61,0,0,18,238.676,0,62.5,0,0
18,allocate_send_arrival,50,S38,2,switch,4,51728,103,0,0,18,290.506,0,40.7016,0,0
18,allocate_send_arrival,50,S38,2,switch,4,51730,100,0,0,18,290.506,0,40.7016,0,0
18,allocate_send_arrival,50,S38,2,switch,4,51723,15,0,0,18,290.506,0,40.7016,0,0
18,allocate_send_arrival,38,S42,0,switch,42,51735,76,0,0,18,176.64,0,39.7097,0,0
18,allocate_send_arrival,26,S33,0,switch,3,51731,66,0,0,18,174.708,0,39.7097,0,0
18,allocate_send_arrival,26,S33,0,switch,3,51732,53,0,0,18,174.708,0,39.7097,0,0
18,allocate_send_arrival,43,S22,0,switch,0,51727,98,0,0,18,203.304,0,62.5,0,0
18,allocate_send_arrival,43,S22,0,switch,0,51720,92,0,0,18,203.304,0,62.5,0,0
18,allocate_send_arrival,33,S34,0,switch,26,51731,66,0,0,18,235.741,0,39.7097,0,0
18,allocate_send_arrival,0,S00,5,terminal,0,51731,66,0,0,18,1000,0,39.7097,0,0
18,allocate_send_arrival,0,S00,5,terminal,0,51721,16,0,0,18,1000,0,39.932,0,0
18,allocate_send_arrival,0,S00,5,terminal,0,51733,61,0,0,18,1000,0,62.5,3.63798e-14,0
18,allocate_send_arrival,0,S00,5,terminal,0,51726,39,0,0,18,1000,0,39.932,0,0
18,allocate_send_arrival,0,S00,5,terminal,0,51725,113,0,0,18,1000,0,40.7016,0,0
18,allocate_send_arrival,0,S00,5,terminal,0,51730,100,0,0,18,1000,0,40.7016,0,0
18,allocate_send_arrival,0,S00,5,terminal,0,51723,15,0,0,18,1000,0,40.7016,0,0
18,allocate_send_arrival,0,S00,5,terminal,0,51720,92,0,0,18,1000,0,62.5,3.63798e-14,0
18,allocate_send_arrival,0,S00,5,terminal,0,51722,97,0,0,18,1000,0,39.932,0,0
18,allocate_send_arrival,0,S00,5,terminal,0,51729,26,0,0,18,1000,0,39.932,0,0
18,allocate_send_arrival,0,S00,5,terminal,0,51732,53,0,0,18,1000,0,39.7097,0,0
18,allocate_send_arrival,0,S00,5,terminal,0,51735,76,0,0,18,1000,0,39.7097,0,0
18,allocate_send_arrival,0,S00,5,terminal,0,51724,112,0,0,18,1000,0,40.7016,0,0
18,allocate_send_arrival,0,S00,5,terminal,0,51728,103,0,0,18,1000,0,40.7016,0,0
18,allocate_send_arrival,0,S00,5,terminal,0,51734,109,0,0,18,1000,0,62.5,3.63798e-14,0
18,allocate_send_arrival,0,S00,5,terminal,0,51727,98,0,0,18,1000,0,62.5,3.63798e-14,0
18,allocate_send_arrival,6,S02,0,switch,1,51729,26,0,0,18,138.732,0,39.932,0,0
19,allocate_send_buffered,3,S27,0,switch,0,51732,53,0,0,19,119.129,100,33.3333,0,0
19,allocate_send_buffered,3,S27,0,switch,0,51735,76,0,0,19,119.129,100,33.3333,0,0
19,allocate_send_buffered,3,S27,0,switch,0,51731,66,0,0,19,119.129,100,33.3333,0,0
19,allocate_send_buffered,1,S01,0,switch,0,51726,39,0,0,19,159.728,100,25,0,0
19,allocate_send_buffered,1,S01,0,switch,0,51722,97,0,0,19,159.728,100,25,0,0
19,allocate_send_buffered,1,S01,0,switch,0,51729,26,0,0,19,159.728,100,25,0,0
19,allocate_send_buffered,1,S01,0,switch,0,51721,16,0,0,19,159.728,100,25,0,0
19,allocate_send_buffered,4,S37,0,switch,0,51723,15,0,0,19,203.508,100,20,0,0
19,allocate_send_buffered,4,S37,0,switch,0,51730,100,0,0,19,203.508,100,20,0,0
19,allocate_send_buffered,4,S37,0,switch,0,51724,112,0,0,19,203.508,100,20,0,0
19,allocate_send_buffered,4,S37,0,switch,0,51725,113,0,0,19,203.508,100,20,0,0
19,allocate_send_buffered,4,S37,0,switch,0,51728,103,0,0,19,203.508,100,20,0,0
19,stage_arrival,0,S00,5,terminal,0,51731,66,0,0,19,1000,0,0,6.37633,0
19,stage_arrival,42,S20,2,switch,3,51735,76,0,0,19,251.806,0,0,39.7097,0
19,stage_arrival,0,S00,5,terminal,0,51722,97,0,0,19,1000,0,0,25,0
19,stage_arrival,56,S36,2,switch,4,51725,113,0,0,19,112.305,0,0,40.7016,0
19,stage_arrival,4,S37,0,switch,0,51723,15,0,0,19,203.508,0,0,40.7016,0
19,stage_arrival,56,S36,2,switch,4,51724,112,0,0,19,112.305,0,0,40.7016,0
19,stage_arrival_coalesce,0,S00,5,terminal,0,51731,66,0,0,19,1000,0,0,39.7097,0
19,stage_arrival,0,S00,5,terminal,0,51724,112,0,0,19,1000,0,0,20,0
19,stage_arrival,50,S38,2,switch,4,51728,103,0,0,19,290.506,0,0,40.7016,0
19,stage_arrival,1,S01,0,switch,0,51722,97,0,0,19,159.728,0,0,39.932,0
19,stage_arrival,1,S01,0,switch,0,51726,39,0,0,19,159.728,0,0,39.932,0
19,stage_arrival,0,S00,5,terminal,0,51730,100,0,0,19,1000,0,0,20,0
19,stage_arrival,0,S00,5,terminal,0,51727,98,0,0,19,1000,0,0,62.5,0
19,stage_arrival,0,S00,5,terminal,0,51723,15,0,0,19,1000,0,0,20.7016,0
19,stage_arrival,0,S00,5,terminal,0,51720,92,0,0,19,1000,0,0,62.5,0
19,stage_arrival,46,S24,1,switch,44,51720,92,0,0,19,217.722,0,0,62.5,0
19,stage_arrival,33,S34,0,switch,26,51731,66,0,0,19,235.741,0,0,39.7097,0
19,stage_arrival,0,S00,5,terminal,0,51735,76,0,0,19,1000,0,0,6.37633,0
19,stage_arrival,57,S47,1,switch,50,51728,103,0,0,19,259.289,0,0,40.7016,0
19,stage_arrival,4,S37,0,switch,0,51728,103,0,0,19,203.508,0,0,40.7016,0
19,stage_arrival,0,S00,5,terminal,0,51721,16,0,0,19,1000,0,0,14.932,0
19,stage_arrival,1,S01,0,switch,0,51721,16,0,0,19,159.728,0,0,39.932,0
19,stage_arrival,31,S62,3,switch,5,51733,61,0,0,19,238.676,0,0,62.5,0
19,stage_arrival,50,S38,2,switch,4,51730,100,0,0,19,290.506,0,0,40.7016,0
19,stage_arrival,0,S00,5,terminal,0,51729,26,0,0,19,1000,0,0,14.932,0
19,stage_arrival,26,S33,0,switch,3,51732,53,0,0,19,174.708,0,0,39.7097,0
19,stage_arrival_coalesce,0,S00,5,terminal,0,51730,100,0,0,19,1000,0,0,40.7016,0
19,stage_arrival,0,S00,5,terminal,0,51725,113,0,0,19,1000,0,0,20,0
19,stage_arrival,6,S02,0,switch,1,51729,26,0,0,19,138.732,0,0,39.932,0
19,stage_arrival,3,S27,0,switch,0,51735,76,0,0,19,119.129,0,0,39.7097,0
19,stage_arrival,61,S46,1,switch,57,51723,15,0,0,19,199.213,0,0,40.7016,0
19,stage_arrival,1,S01,0,switch,0,51729,26,0,0,19,159.728,0,0,39.932,0
19,stage_arrival,51,S48,0,switch,57,51728,103,0,0,19,201.033,0,0,40.7016,0
19,stage_arrival,43,S22,0,switch,0,51727,98,0,0,19,203.304,0,0,62.5,0
19,stage_arrival_coalesce,0,S00,5,terminal,0,51729,26,0,0,19,1000,0,0,39.932,0
19,stage_arrival,26,S33,0,switch,3,51731,66,0,0,19,174.708,0,0,39.7097,0
19,stage_arrival,3,S27,0,switch,0,51731,66,0,0,19,119.129,0,0,39.7097,0
19,stage_arrival,3,S27,0,switch,0,51732,53,0,0,19,119.129,0,0,39.7097,0
19,stage_arrival,4,S37,0,switch,0,51724,112,0,0,19,203.508,0,0,40.7016,0
19,stage_arrival,38,S42,0,switch,42,51735,76,0,0,19,176.64,0,0,39.7097,0
19,stage_arrival_coalesce,0,S00,5,terminal,0,51723,15,0,0,19,1000,0,0,40.7016,0
19,stage_arrival_coalesce,0,S00,5,terminal,0,51725,113,0,0,19,1000,0,0,40.7016,0
19,stage_arrival,4,S37,0,switch,0,51725,113,0,0,19,203.508,0,0,40.7016,0
19,stage_arrival_coalesce,0,S00,5,terminal,0,51721,16,0,0,19,1000,0,0,39.932,0
19,stage_arrival,8,S52,0,switch,1,51721,16,0,0,19,255.562,0,0,39.932,0
19,stage_arrival,0,S00,5,terminal,0,51733,61,0,0,19,1000,0,0,62.5,0
19,stage_arrival,30,S14,2,switch,31,51733,61,0,0,19,290.433,0,0,62.5,0
19,stage_arrival_coalesce,0,S00,5,terminal,0,51735,76,0,0,19,1000,0,0,39.7097,0
19,stage_arrival,37,S32,0,switch,0,51734,109,0,0,19,103.31,0,0,62.5,0
19,stage_arrival,0,S00,5,terminal,0,51732,53,0,0,19,1000,0,0,33.3333,0
19,stage_arrival,7,S45,2,switch,61,51723,15,0,0,19,100.666,0,0,40.7016,0
19,stage_arrival,0,S00,5,terminal,0,51726,39,0,0,19,1000,0,0,25,0
19,stage_arrival,4,S37,0,switch,0,51730,100,0,0,19,203.508,0,0,40.7016,0
19,stage_arrival,5,S63,0,switch,0,51733,61,0,0,19,259.679,0,0,62.5,0
19,stage_arrival,48,S50,3,switch,10,51722,97,0,0,19,118.54,0,0,39.932,0
19,stage_arrival,54,S31,1,switch,37,51734,109,0,0,19,242.335,0,0,62.5,0
19,stage_arrival,0,S00,5,terminal,0,51728,103,0,0,19,1000,0,0,20,0
19,stage_arrival,50,S38,2,switch,4,51723,15,0,0,19,290.506,0,0,40.7016,0
19,stage_arrival,44,S23,0,switch,43,51720,92,0,0,19,211.017,0,0,62.5,0
19,stage_arrival,19,S06,3,switch,10,51726,39,0,0,19,169.014,0,0,39.932,0
19,stage_arrival,49,S26,0,switch,43,51727,98,0,0,19,126.404,0,0,62.5,0
19,stage_arrival,0,S00,5,terminal,0,51734,109,0,0,19,1000,0,0,62.5,0
19,stage_arrival_coalesce,0,S00,5,terminal,0,51726,39,0,0,19,1000,0,0,39.932,0
19,stage_arrival,13,S40,0,switch,6,51729,26,0,0,19,162.644,0,0,39.932,0
19,stage_arrival,10,S61,0,switch,1,51722,97,0,0,19,227.172,0,0,39.932,0
19,stage_arrival_coalesce,0,S00,5,terminal,0,51722,97,0,0,19,1000,0,0,39.932,0
19,stage_arrival_coalesce,0,S00,5,terminal,0,51732,53,0,0,19,1000,0,0,39.7097,0
19,stage_arrival,10,S61,0,switch,1,51726,39,0,0,19,227.172,0,0,39.932,0
19,stage_arrival,43,S22,0,switch,0,51720,92,0,0,19,203.304,0,0,62.5,0
19,stage_arrival,57,S47,1,switch,50,51723,15,0,0,19,259.289,0,0,40.7016,0
19,stage_arrival_coalesce,0,S00,5,terminal,0,51728,103,0,0,19,1000,0,0,40.7016,0
19,stage_arrival_coalesce,0,S00,5,terminal,0,51724,112,0,0,19,1000,0,0,40.7016,0
19,allocate_send_arrival,57,S47,1,switch,50,51728,103,0,0,19,259.289,0,40.7016,0,0
19,allocate_send_arrival,57,S47,1,switch,50,51723,15,0,0,19,259.289,0,40.7016,0,0
19,allocate_send_arrival,30,S14,2,switch,31,51733,61,0,0,19,290.433,0,62.5,0,0
19,allocate_send_arrival,48,S50,3,switch,10,51722,97,0,0,19,118.54,0,39.932,0,0
19,allocate_send_arrival,33,S34,0,switch,26,51731,66,0,0,19,235.741,0,39.7097,0,0
19,allocate_send_arrival,56,S36,2,switch,4,51725,113,0,0,19,112.305,0,40.7016,0,0
19,allocate_send_arrival,56,S36,2,switch,4,51724,112,0,0,19,112.305,0,40.7016,0,0
19,allocate_send_arrival,46,S24,1,switch,44,51720,92,0,0,19,217.722,0,62.5,0,0
19,allocate_send_arrival,51,S48,0,switch,57,51728,103,0,0,19,201.033,0,40.7016,0,0
19,allocate_send_arrival,5,S63,0,switch,0,51733,61,0,0,19,259.679,0,62.5,0,0
19,allocate_send_arrival,54,S31,1,switch,37,51734,109,0,0,19,242.335,0,62.5,0,0
19,allocate_send_arrival,37,S32,0,switch,0,51734,109,0,0,19,103.31,0,62.5,0,0
19,allocate_send_arrival,4,S37,0,switch,0,51723,15,0,0,19,203.508,0,20.7016,20,0
19,enqueue_residual,4,S37,0,switch,0,51723,15,0,0,19,203.508,0,0,20,0
19,allocate_send_arrival,4,S37,0,switch,0,51728,103,0,0,19,203.508,0,20.7016,20,0
19,enqueue_residual,4,S37,0,switch,0,51728,103,0,0,19,203.508,0,0,20,0
19,allocate_send_arrival,4,S37,0,switch,0,51724,112,0,0,19,203.508,0,20.7016,20,0
19,enqueue_residual,4,S37,0,switch,0,51724,112,0,0,19,203.508,0,0,20,0
19,allocate_send_arrival,4,S37,0,switch,0,51725,113,0,0,19,203.508,0,20.7016,20,0
19,enqueue_residual,4,S37,0,switch,0,51725,113,0,0,19,203.508,0,0,20,0
19,allocate_send_arrival,4,S37,0,switch,0,51730,100,0,0,19,203.508,0,20.7016,20,0
19,enqueue_residual,4,S37,0,switch,0,51730,100,0,0,19,203.508,0,0,20,0
19,allocate_send_arrival,50,S38,2,switch,4,51728,103,0,0,19,290.506,0,40.7016,0,0
19,allocate_send_arrival,50,S38,2,switch,4,51730,100,0,0,19,290.506,0,40.7016,0,0
19,allocate_send_arrival,50,S38,2,switch,4,51723,15,0,0,19,290.506,0,40.7016,0,0
19,allocate_send_arrival,6,S02,0,switch,1,51729,26,0,0,19,138.732,0,39.932,0,0
19,allocate_send_arrival,8,S52,0,switch,1,51721,16,0,0,19,255.562,0,39.932,0,0
19,allocate_send_arrival,0,S00,5,terminal,0,51731,66,0,0,19,1000,0,39.7097,0,0
19,allocate_send_arrival,0,S00,5,terminal,0,51722,97,0,0,19,1000,0,39.932,0,0
19,allocate_send_arrival,0,S00,5,terminal,0,51724,112,0,0,19,1000,0,40.7016,0,0
19,allocate_send_arrival,0,S00,5,terminal,0,51730,100,0,0,19,1000,0,40.7016,0,0
19,allocate_send_arrival,0,S00,5,terminal,0,51727,98,0,0,19,1000,0,62.5,0,0
19,allocate_send_arrival,0,S00,5,terminal,0,51723,15,0,0,19,1000,0,40.7016,0,0
19,allocate_send_arrival,0,S00,5,terminal,0,51720,92,0,0,19,1000,0,62.5,0,0
19,allocate_send_arrival,0,S00,5,terminal,0,51735,76,0,0,19,1000,0,39.7097,0,0
19,allocate_send_arrival,0,S00,5,terminal,0,51721,16,0,0,19,1000,0,39.932,0,0
19,allocate_send_arrival,0,S00,5,terminal,0,51729,26,0,0,19,1000,0,39.932,0,0
19,allocate_send_arrival,0,S00,5,terminal,0,51725,113,0,0,19,1000,0,40.7016,0,0
19,allocate_send_arrival,0,S00,5,terminal,0,51733,61,0,0,19,1000,0,62.5,0,0
19,allocate_send_arrival,0,S00,5,terminal,0,51732,53,0,0,19,1000,0,39.7097,0,0
19,allocate_send_arrival,0,S00,5,terminal,0,51726,39,0,0,19,1000,0,39.932,0,0
19,allocate_send_arrival,0,S00,5,terminal,0,51728,103,0,0,19,1000,0,40.7016,0,0
19,allocate_send_arrival,0,S00,5,terminal,0,51734,109,0,0,19,1000,0,62.5,0,0
19,allocate_send_arrival,31,S62,3,switch,5,51733,61,0,0,19,238.676,0,62.5,0,0
19,allocate_send_arrival,26,S33,0,switch,3,51732,53,0,0,19,174.708,0,39.7097,0,0
19,allocate_send_arrival,26,S33,0,switch,3,51731,66,0,0,19,174.708,0,39.7097,0,0
19,allocate_send_arrival,19,S06,3,switch,10,51726,39,0,0,19,169.014,0,39.932,0,0
19,allocate_send_arrival,13,S40,0,switch,6,51729,26,0,0,19,162.644,0,39.932,0,0
19,allocate_send_arrival,10,S61,0,switch,1,51722,97,0,0,19,227.172,0,39.932,0,0
19,allocate_send_arrival,10,S61,0,switch,1,51726,39,0,0,19,227.172,0,39.932,0,0
19,allocate_send_arrival,61,S46,1,switch,57,51723,15,0,0,19,199.213,0,40.7016,0,0
19,allocate_send_arrival,42,S20,2,switch,3,51735,76,0,0,19,251.806,0,39.7097,0,0
19,allocate_send_arrival,38,S42,0,switch,42,51735,76,0,0,19,176.64,0,39.7097,0,0
19,allocate_send_arrival,44,S23,0,switch,43,51720,92,0,0,19,211.017,0,62.5,0,0
19,allocate_send_arrival,43,S22,0,switch,0,51727,98,0,0,19,203.304,0,62.5,0,0
19,allocate_send_arrival,43,S22,0,switch,0,51720,92,0,0,19,203.304,0,62.5,0,0
19,allocate_send_arrival,3,S27,0,switch,0,51735,76,0,0,19,119.129,0,6.37633,33.3333,0
19,enqueue_residual,3,S27,0,switch,0,51735,76,0,0,19,119.129,0,0,33.3333,0
19,allocate_send_arrival,3,S27,0,switch,0,51731,66,0,0,19,119.129,0,6.37633,33.3333,0
19,enqueue_residual,3,S27,0,switch,0,51731,66,0,0,19,119.129,0,0,33.3333,0
19,allocate_send_arrival,3,S27,0,switch,0,51732,53,0,0,19,119.129,0,6.37633,33.3333,0
19,enqueue_residual,3,S27,0,switch,0,51732,53,0,0,19,119.129,0,0,33.3333,0
19,allocate_send_arrival,7,S45,2,switch,61,51723,15,0,0,19,100.666,0,40.7016,0,0
19,allocate_send_arrival,49,S26,0,switch,43,51727,98,0,0,19,126.404,0,62.5,0,0
19,allocate_send_arrival,1,S01,0,switch,0,51722,97,0,0,19,159.728,0,14.932,25,0
19,enqueue_residual,1,S01,0,switch,0,51722,97,0,0,19,159.728,0,0,25,0
19,allocate_send_arrival,1,S01,0,switch,0,51726,39,0,0,19,159.728,0,14.932,25,0
19,enqueue_residual,1,S01,0,switch,0,51726,39,0,0,19,159.728,0,0,25,0
19,allocate_send_arrival,1,S01,0,switch,0,51721,16,0,0,19,159.728,0,14.932,25,0
19,enqueue_residual,1,S01,0,switch,0,51721,16,0,0,19,159.728,0,0,25,0
19,allocate_send_arrival,1,S01,0,switch,0,51729,26,0,0,19,159.728,0,14.932,25,0
19,enqueue_residual,1,S01,0,switch,0,51729,26,0,0,19,159.728,0,0,25,0
20,allocate_send_buffered,1,S01,0,switch,0,51722,97,0,0,20,159.728,100,25,0,0
20,allocate_send_buffered,1,S01,0,switch,0,51726,39,0,0,20,159.728,100,25,0,0
20,allocate_send_buffered,1,S01,0,switch,0,51721,16,0,0,20,159.728,100,25,0,0
20,allocate_send_buffered,1,S01,0,switch,0,51729,26,0,0,20,159.728,100,25,0,0
20,allocate_send_buffered,3,S27,0,switch,0,51735,76,0,0,20,119.129,100,33.3333,0,0
20,allocate_send_buffered,3,S27,0,switch,0,51731,66,0,0,20,119.129,100,33.3333,0,0
20,allocate_send_buffered,3,S27,0,switch,0,51732,53,0,0,20,119.129,100,33.3333,0,0
20,allocate_send_buffered,4,S37,0,switch,0,51723,15,0,0,20,203.508,100,20,0,0
20,allocate_send_buffered,4,S37,0,switch,0,51728,103,0,0,20,203.508,100,20,0,0
20,allocate_send_buffered,4,S37,0,switch,0,51724,112,0,0,20,203.508,100,20,0,0
20,allocate_send_buffered,4,S37,0,switch,0,51725,113,0,0,20,203.508,100,20,0,0
20,allocate_send_buffered,4,S37,0,switch,0,51730,100,0,0,20,203.508,100,20,0,0
20,stage_arrival,1,S01,0,switch,0,51721,16,0,0,20,159.728,0,0,39.932,0
20,stage_arrival,38,S42,0,switch,42,51735,76,0,0,20,176.64,0,0,39.7097,0
20,stage_arrival,1,S01,0,switch,0,51729,26,0,0,20,159.728,0,0,39.932,0
20,stage_arrival,0,S00,5,terminal,0,51734,109,0,0,20,1000,0,0,62.5,0
20,stage_arrival,51,S48,0,switch,57,51728,103,0,0,20,201.033,0,0,40.7016,0
20,stage_arrival,54,S31,1,switch,37,51734,109,0,0,20,242.335,0,0,62.5,0
20,stage_arrival,0,S00,5,terminal,0,51726,39,0,0,20,1000,0,0,25,0
20,stage_arrival,1,S01,0,switch,0,51726,39,0,0,20,159.728,0,0,39.932,0
20,stage_arrival,6,S02,0,switch,1,51729,26,0,0,20,138.732,0,0,39.932,0
20,stage_arrival,0,S00,5,terminal,0,51730,100,0,0,20,1000,0,0,20,0
20,stage_arrival,4,S37,0,switch,0,51728,103,0,0,20,203.508,0,0,40.7016,0
20,stage_arrival,0,S00,5,terminal,0,51728,103,0,0,20,1000,0,0,20,0
20,stage_arrival,31,S62,3,switch,5,51733,61,0,0,20,238.676,0,0,62.5,0
20,stage_arrival,5,S63,0,switch,0,51733,61,0,0,20,259.679,0,0,62.5,0
20,stage_arrival_coalesce,0,S00,5,terminal,0,51730,100,0,0,20,1000,0,0,40.7016,0
20,stage_arrival,0,S00,5,terminal,0,51725,113,0,0,20,1000,0,0,20.7016,0
20,stage_arrival,0,S00,5,terminal,0,51727,98,0,0,20,1000,0,0,62.5,0
20,stage_arrival,8,S52,0,switch,1,51721,16,0,0,20,255.562,0,0,39.932,0
20,stage_arrival_coalesce,0,S00,5,terminal,0,51728,103,0,0,20,1000,0,0,40.7016,0
20,stage_arrival,4,S37,0,switch,0,51725,113,0,0,20,203.508,0,0,40.7016,0
20,stage_arrival,0,S00,5,terminal,0,51731,66,0,0,20,1000,0,0,33.3333,0
20,stage_arrival,0,S00,5,terminal,0,51735,76,0,0,20,1000,0,0,33.3333,0
20,stage_arrival,43,S22,0,switch,0,51727,98,0,0,20,203.304,0,0,62.5,0
20,stage_arrival,3,S27,0,switch,0,51731,66,0,0,20,119.129,0,0,39.7097,0
20,stage_arrival,56,S36,2,switch,4,51725,113,0,0,20,112.305,0,0,40.7016,0
20,stage_arrival,10,S61,0,switch,1,51722,97,0,0,20,227.172,0,0,39.932,0
20,stage_arrival,50,S38,2,switch,4,51728,103,0,0,20,290.506,0,0,40.7016,0
20,stage_arrival,0,S00,5,terminal,0,51732,53,0,0,20,1000,0,0,6.37633,0
20,stage_arrival,13,S40,0,switch,6,51729,26,0,0,20,162.644,0,0,39.932,0
20,stage_arrival,44,S23,0,switch,43,51720,92,0,0,20,211.017,0,0,62.5,0
20,stage_arrival,0,S00,5,terminal,0,51724,112,0,0,20,1000,0,0,20,0
20,stage_arrival,3,S27,0,switch,0,51735,76,0,0,20,119.129,0,0,39.7097,0
20,stage_arrival,61,S46,1,switch,57,51723,15,0,0,20,199.213,0,0,40.7016,0
20,stage_arrival_coalesce,0,S00,5,terminal,0,51731,66,0,0,20,1000,0,0,39.7097,0
20,stage_arrival,7,S45,2,switch,61,51723,15,0,0,20,100.666,0,0,40.7016,0
20,stage_arrival,3,S27,0,switch,0,51732,53,0,0,20,119.129,0,0,39.7097,0
20,stage_arrival,10,S61,0,switch,1,51726,39,0,0,20,227.172,0,0,39.932,0
20,stage_arrival,57,S47,1,switch,50,51728,103,0,0,20,259.289,0,0,40.7016,0
20,stage_arrival,43,S22,0,switch,0,51720,92,0,0,20,203.304,0,0,62.5,0
20,stage_arrival,1,S01,0,switch,0,51722,97,0,0,20,159.728,0,0,39.932,0
20,stage_arrival_coalesce,0,S00,5,terminal,0,51735,76,0,0,20,1000,0,0,39.7097,0
20,stage_arrival,0,S00,5,terminal,0,51729,26,0,0,20,1000,0,0,25,0
20,stage_arrival_coalesce,0,S00,5,terminal,0,51725,113,0,0,20,1000,0,0,40.7016,0
20,stage_arrival,30,S14,2,switch,31,51733,61,0,0,20,290.433,0,0,62.5,0
20,stage_arrival,42,S20,2,switch,3,51735,76,0,0,20,251.806,0,0,39.7097,0
20,stage_arrival,0,S00,5,terminal,0,51721,16,0,0,20,1000,0,0,25,0
20,stage_arrival_coalesce,0,S00,5,terminal,0,51729,26,0,0,20,1000,0,0,39.932,0
20,stage_arrival,0,S00,5,terminal,0,51723,15,0,0,20,1000,0,0,20,0
20,stage_arrival,48,S50,3,switch,10,51722,97,0,0,20,118.54,0,0,39.932,0
20,stage_arrival,0,S00,5,terminal,0,51720,92,0,0,20,1000,0,0,62.5,0
20,stage_arrival,19,S06,3,switch,10,51726,39,0,0,20,169.014,0,0,39.932,0
20,stage_arrival,33,S34,0,switch,26,51731,66,0,0,20,235.741,0,0,39.7097,0
20,stage_arrival_coalesce,0,S00,5,terminal,0,51726,39,0,0,20,1000,0,0,39.932,0
20,stage_arrival,37,S32,0,switch,0,51734,109,0,0,20,103.31,0,0,62.5,0
20,stage_arrival,26,S33,0,switch,3,51731,66,0,0,20,174.708,0,0,39.7097,0
20,stage_arrival,4,S37,0,switch,0,51724,112,0,0,20,203.508,0,0,40.7016,0
20,stage_arrival_coalesce,0,S00,5,terminal,0,51723,15,0,0,20,1000,0,0,40.7016,0
20,stage_arrival,4,S37,0,switch,0,51723,15,0,0,20,203.508,0,0,40.7016,0
20,stage_arrival,4,S37,0,switch,0,51730,100,0,0,20,203.508,0,0,40.7016,0
20,stage_arrival,46,S24,1,switch,44,51720,92,0,0,20,217.722,0,0,62.5,0
20,stage_arrival,50,S38,2,switch,4,51730,100,0,0,20,290.506,0,0,40.7016,0
20,stage_arrival_coalesce,0,S00,5,terminal,0,51721,16,0,0,20,1000,0,0,39.932,0
20,stage_arrival,26,S33,0,switch,3,51732,53,0,0,20,174.708,0,0,39.7097,0
20,stage_arrival,0,S00,5,terminal,0,51722,97,0,0,20,1000,0,0,14.932,0
20,stage_arrival,56,S36,2,switch,4,51724,112,0,0,20,112.305,0,0,40.7016,0
20,stage_arrival_coalesce,0,S00,5,terminal,0,51732,53,0,0,20,1000,0,0,39.7097,0
20,stage_arrival,0,S00,5,terminal,0,51733,61,0,0,20,1000,0,0,62.5,0
20,stage_arrival_coalesce,0,S00,5,terminal,0,51722,97,0,0,20,1000,0,0,39.932,0
20,stage_arrival,50,S38,2,switch,4,51723,15,0,0,20,290.506,0,0,40.7016,0
20,stage_arrival_coalesce,0,S00,5,terminal,0,51724,112,0,0,20,1000,0,0,40.7016,0
20,stage_arrival,49,S26,0,switch,43,51727,98,0,0,20,126.404,0,0,62.5,0
20,stage_arrival,57,S47,1,switch,50,51723,15,0,0,20,259.289,0,0,40.7016,0
20,allocate_send_arrival,56,S36,2,switch,4,51725,113,0,0,20,112.305,0,40.7016,0,0
20,allocate_send_arrival,56,S36,2,switch,4,51724,112,0,0,20,112.305,0,40.7016,0,0
20,allocate_send_arrival,8,S52,0,switch,1,51721,16,0,0,20,255.562,0,39.932,0,0
20,allocate_send_arrival,30,S14,2,switch,31,51733,61,0,0,20,290.433,0,62.5,0,0
20,allocate_send_arrival,51,S48,0,switch,57,51728,103,0,0,20,201.033,0,40.7016,0,0
20,allocate_send_arrival,37,S32,0,switch,0,51734,109,0,0,20,103.31,0,62.5,0,0
20,allocate_send_arrival,38,S42,0,switch,42,51735,76,0,0,20,176.64,0,39.7097,0,0
20,allocate_send_arrival,61,S46,1,switch,57,51723,15,0,0,20,199.213,0,40.7016,0,0
20,allocate_send_arrival,57,S47,1,switch,50,51728,103,0,0,20,259.289,0,40.7016,0,0
20,allocate_send_arrival,57,S47,1,switch,50,51723,15,0,0,20,259.289,0,40.7016,0,0
20,allocate_send_arrival,26,S33,0,switch,3,51731,66,0,0,20,174.708,0,39.7097,0,0
20,allocate_send_arrival,26,S33,0,switch,3,51732,53,0,0,20,174.708,0,39.7097,0,0
20,allocate_send_arrival,49,S26,0,switch,43,51727,98,0,0,20,126.404,0,62.5,0,0
20,allocate_send_arrival,43,S22,0,switch,0,51727,98,0,0,20,203.304,0,62.5,0,0
20,allocate_send_arrival,43,S22,0,switch,0,51720,92,0,0,20,203.304,0,62.5,0,0
20,allocate_send_arrival,3,S27,0,switch,0,51731,66,0,0,20,119.129,0,6.37633,33.3333,0
20,enqueue_residual,3,S27,0,switch,0,51731,66,0,0,20,119.129,0,0,33.3333,0
20,allocate_send_arrival,3,S27,0,switch,0,51735,76,0,0,20,119.129,0,6.37633,33.3333,0
20,enqueue_residual,3,S27,0,switch,0,51735,76,0,0,20,119.129,0,0,33.3333,0
20,allocate_send_arrival,3,S27,0,switch,0,51732,53,0,0,20,119.129,0,6.37633,33.3333,0
20,enqueue_residual,3,S27,0,switch,0,51732,53,0,0,20,119.129,0,0,33.3333,0
20,allocate_send_arrival,5,S63,0,switch,0,51733,61,0,0,20,259.679,0,62.5,0,0
20,allocate_send_arrival,19,S06,3,switch,10,51726,39,0,0,20,169.014,0,39.932,0,0
20,allocate_send_arrival,44,S23,0,switch,43,51720,92,0,0,20,211.017,0,62.5,0,0
20,allocate_send_arrival,42,S20,2,switch,3,51735,76,0,0,20,251.806,0,39.7097,0,0
20,allocate_send_arrival,7,S45,2,switch,61,51723,15,0,0,20,100.666,0,40.7016,0,0
20,allocate_send_arrival,4,S37,0,switch,0,51728,103,0,0,20,203.508,0,20.7016,20,0
20,enqueue_residual,4,S37,0,switch,0,51728,103,0,0,20,203.508,0,0,20,0
20,allocate_send_arrival,4,S37,0,switch,0,51725,113,0,0,20,203.508,0,20.7016,20,0
20,enqueue_residual,4,S37,0,switch,0,51725,113,0,0,20,203.508,0,0,20,0
20,allocate_send_arrival,4,S37,0,switch,0,51724,112,0,0,20,203.508,0,20.7016,20,0
20,enqueue_residual,4,S37,0,switch,0,51724,112,0,0,20,203.508,0,0,20,0
20,allocate_send_arrival,4,S37,0,switch,0,51723,15,0,0,20,203.508,0,20.7016,20,0
20,enqueue_residual,4,S37,0,switch,0,51723,15,0,0,20,203.508,0,0,20,0
20,allocate_send_arrival,4,S37,0,switch,0,51730,100,0,0,20,203.508,0,20.7016,20,0
20,enqueue_residual,4,S37,0,switch,0,51730,100,0,0,20,203.508,0,0,20,0
20,allocate_send_arrival,54,S31,1,switch,37,51734,109,0,0,20,242.335,0,62.5,0,0
20,allocate_send_arrival,10,S61,0,switch,1,51722,97,0,0,20,227.172,0,39.932,0,0
20,allocate_send_arrival,10,S61,0,switch,1,51726,39,0,0,20,227.172,0,39.932,0,0
20,allocate_send_arrival,48,S50,3,switch,10,51722,97,0,0,20,118.54,0,39.932,0,0
20,allocate_send_arrival,0,S00,5,terminal,0,51734,109,0,0,20,1000,0,62.5,0,0
20,allocate_send_arrival,0,S00,5,terminal,0,51726,39,0,0,20,1000,0,39.932,0,0
20,allocate_send_arrival,0,S00,5,terminal,0,51730,100,0,0,20,1000,0,40.7016,0,0
20,allocate_send_arrival,0,S00,5,terminal,0,51728,103,0,0,20,1000,0,40.7016,0,0
20,allocate_send_arrival,0,S00,5,terminal,0,51725,113,0,0,20,1000,0,40.7016,0,0
20,allocate_send_arrival,0,S00,5,terminal,0,51727,98,0,0,20,1000,0,62.5,0,0
20,allocate_send_arrival,0,S00,5,terminal,0,51731,66,0,0,20,1000,0,39.7097,0,0
20,allocate_send_arrival,0,S00,5,terminal,0,51735,76,0,0,20,1000,0,39.7097,0,0
20,allocate_send_arrival,0,S00,5,terminal,0,51732,53,0,0,20,1000,0,39.7097,0,0
20,allocate_send_arrival,0,S00,5,terminal,0,51724,112,0,0,20,1000,0,40.7016,0,0
20,allocate_send_arrival,0,S00,5,terminal,0,51729,26,0,0,20,1000,0,39.932,0,0
20,allocate_send_arrival,0,S00,5,terminal,0,51721,16,0,0,20,1000,0,39.932,0,0
20,allocate_send_arrival,0,S00,5,terminal,0,51723,15,0,0,20,1000,0,40.7016,0,0
20,allocate_send_arrival,0,S00,5,terminal,0,51720,92,0,0,20,1000,0,62.5,0,0
20,allocate_send_arrival,0,S00,5,terminal,0,51722,97,0,0,20,1000,0,39.932,0,0
20,allocate_send_arrival,0,S00,5,terminal,0,51733,61,0,0,20,1000,0,62.5,0,0
20,allocate_send_arrival,46,S24,1,switch,44,51720,92,0,0,20,217.722,0,62.5,0,0
20,allocate_send_arrival,33,S34,0,switch,26,51731,66,0,0,20,235.741,0,39.7097,0,0
20,allocate_send_arrival,1,S01,0,switch,0,51721,16,0,0,20,159.728,0,14.932,25,0
20,enqueue_residual,1,S01,0,switch,0,51721,16,0,0,20,159.728,0,0,25,0
20,allocate_send_arrival,1,S01,0,switch,0,51729,26,0,0,20,159.728,0,14.932,25,0
20,enqueue_residual,1,S01,0,switch,0,51729,26,0,0,20,159.728,0,0,25,0
20,allocate_send_arrival,1,S01,0,switch,0,51726,39,0,0,20,159.728,0,14.932,25,0
20,enqueue_residual,1,S01,0,switch,0,51726,39,0,0,20,159.728,0,0,25,0
20,allocate_send_arrival,1,S01,0,switch,0,51722,97,0,0,20,159.728,0,14.932,25,0
20,enqueue_residual,1,S01,0,switch,0,51722,97,0,0,20,159.728,0,0,25,0
20,allocate_send_arrival,6,S02,0,switch,1,51729,26,0,0,20,138.732,0,39.932,0,0
20,allocate_send_arrival,31,S62,3,switch,5,51733,61,0,0,20,238.676,0,62.5,0,0
20,allocate_send_arrival,50,S38,2,switch,4,51728,103,0,0,20,290.506,0,40.7016,0,0
20,allocate_send_arrival,50,S38,2,switch,4,51730,100,0,0,20,290.506,0,40.7016,0,0
20,allocate_send_arrival,50,S38,2,switch,4,51723,15,0,0,20,290.506,0,40.7016,0,0
20,allocate_send_arrival,13,S40,0,switch,6,51729,26,0,0,20,162.644,0,39.932,0,0
21,allocate_send_buffered,4,S37,0,switch,0,51728,103,0,0,21,203.508,100,20,0,0
21,allocate_send_buffered,4,S37,0,switch,0,51725,113,0,0,21,203.508,100,20,0,0
21,allocate_send_buffered,4,S37,0,switch,0,51724,112,0,0,21,203.508,100,20,0,0
21,allocate_send_buffered,4,S37,0,switch,0,51723,15,0,0,21,203.508,100,20,0,0
21,allocate_send_buffered,4,S37,0,switch,0,51730,100,0,0,21,203.508,100,20,0,0
21,allocate_send_buffered,1,S01,0,switch,0,51721,16,0,0,21,159.728,100,25,0,0
21,allocate_send_buffered,1,S01,0,switch,0,51729,26,0,0,21,159.728,100,25,0,0
21,allocate_send_buffered,1,S01,0,switch,0,51726,39,0,0,21,159.728,100,25,0,0
21,allocate_send_buffered,1,S01,0,switch,0,51722,97,0,0,21,159.728,100,25,0,0
21,allocate_send_buffered,3,S27,0,switch,0,51731,66,0,0,21,119.129,100,33.3333,0,0
21,allocate_send_buffered,3,S27,0,switch,0,51735,76,0,0,21,119.129,100,33.3333,0,0
21,allocate_send_buffered,3,S27,0,switch,0,51732,53,0,0,21,119.129,100,33.3333,0,0
21,stage_arrival,0,S00,5,terminal,0,51734,109,0,0,21,1000,0,0,62.5,0
21,stage_arrival,56,S36,2,switch,4,51724,112,0,0,21,112.305,0,0,40.7016,0
21,stage_arrival,0,S00,5,terminal,0,51726,39,0,0,21,1000,0,0,25,0
21,stage_arrival,48,S50,3,switch,10,51722,97,0,0,21,118.54,0,0,39.932,0
21,stage_arrival,0,S00,5,terminal,0,51728,103,0,0,21,1000,0,0,20.7016,0
21,stage_arrival,50,S38,2,switch,4,51728,103,0,0,21,290.506,0,0,40.7016,0
21,stage_arrival,57,S47,1,switch,50,51728,103,0,0,21,259.289,0,0,40.7016,0
21,stage_arrival,4,S37,0,switch,0,51724,112,0,0,21,203.508,0,0,40.7016,0
21,stage_arrival,0,S00,5,terminal,0,51732,53,0,0,21,1000,0,0,33.3333,0
21,stage_arrival,8,S52,0,switch,1,51721,16,0,0,21,255.562,0,0,39.932,0
21,stage_arrival,0,S00,5,terminal,0,51724,112,0,0,21,1000,0,0,20,0
21,stage_arrival,0,S00,5,terminal,0,51725,113,0,0,21,1000,0,0,20.7016,0
21,stage_arrival,26,S33,0,switch,3,51732,53,0,0,21,174.708,0,0,39.7097,0
21,stage_arrival,4,S37,0,switch,0,51730,100,0,0,21,203.508,0,0,40.7016,0
21,stage_arrival,38,S42,0,switch,42,51735,76,0,0,21,176.64,0,0,39.7097,0
21,stage_arrival,31,S62,3,switch,5,51733,61,0,0,21,238.676,0,0,62.5,0
21,stage_arrival_coalesce,0,S00,5,terminal,0,51732,53,0,0,21,1000,0,0,39.7097,0
21,stage_arrival,0,S00,5,terminal,0,51720,92,0,0,21,1000,0,0,62.5,0
21,stage_arrival,0,S00,5,terminal,0,51721,16,0,0,21,1000,0,0,14.932,0
21,stage_arrival,6,S02,0,switch,1,51729,26,0,0,21,138.732,0,0,39.932,0
21,stage_arrival,54,S31,1,switch,37,51734,109,0,0,21,242.335,0,0,62.5,0
21,stage_arrival,3,S27,0,switch,0,51732,53,0,0,21,119.129,0,0,39.7097,0
21,stage_arrival,4,S37,0,switch,0,51728,103,0,0,21,203.508,0,0,40.7016,0
21,stage_arrival,10,S61,0,switch,1,51722,97,0,0,21,227.172,0,0,39.932,0
21,stage_arrival,3,S27,0,switch,0,51735,76,0,0,21,119.129,0,0,39.7097,0
21,stage_arrival,0,S00,5,terminal,0,51733,61,0,0,21,1000,0,0,62.5,0
21,stage_arrival,30,S14,2,switch,31,51733,61,0,0,21,290.433,0,0,62.5,0
21,stage_arrival,19,S06,3,switch,10,51726,39,0,0,21,169.014,0,0,39.932,0
21,stage_arrival,43,S22,0,switch,0,51727,98,0,0,21,203.304,0,0,62.5,0
21,stage_arrival,0,S00,5,terminal,0,51729,26,0,0,21,1000,0,0,14.932,0
21,stage_arrival,1,S01,0,switch,0,51722,97,0,0,21,159.728,0,0,39.932,0
21,stage_arrival,37,S32,0,switch,0,51734,109,0,0,21,103.31,0,0,62.5,0
21,stage_arrival,50,S38,2,switch,4,51723,15,0,0,21,290.506,0,0,40.7016,0
21,stage_arrival,49,S26,0,switch,43,51727,98,0,0,21,126.404,0,0,62.5,0
21,stage_arrival,0,S00,5,terminal,0,51722,97,0,0,21,1000,0,0,14.932,0
21,stage_arrival,0,S00,5,terminal,0,51730,100,0,0,21,1000,0,0,20.7016,0
21,stage_arrival,10,S61,0,switch,1,51726,39,0,0,21,227.172,0,0,39.932,0
21,stage_arrival_coalesce,0,S00,5,terminal,0,51726,39,0,0,21,1000,0,0,39.932,0
21,stage_arrival,0,S00,5,terminal,0,51735,76,0,0,21,1000,0,0,6.37633,0
21,stage_arrival,3,S27,0,switch,0,51731,66,0,0,21,119.129,0,0,39.7097,0
21,stage_arrival,0,S00,5,terminal,0,51731,66,0,0,21,1000,0,0,33.3333,0
21,stage_arrival,43,S22,0,switch,0,51720,92,0,0,21,203.304,0,0,62.5,0
21,stage_arrival,56,S36,2,switch,4,51725,113,0,0,21,112.305,0,0,40.7016,0
21,stage_arrival,1,S01,0,switch,0,51721,16,0,0,21,159.728,0,0,39.932,0
21,stage_arrival,57,S47,1,switch,50,51723,15,0,0,21,259.289,0,0,40.7016,0
21,stage_arrival,61,S46,1,switch,57,51723,15,0,0,21,199.213,0,0,40.7016,0
21,stage_arrival,5,S63,0,switch,0,51733,61,0,0,21,259.679,0,0,62.5,0
21,stage_arrival,0,S00,5,terminal,0,51723,15,0,0,21,1000,0,0,20,0
21,stage_arrival,51,S48,0,switch,57,51728,103,0,0,21,201.033,0,0,40.7016,0
21,stage_arrival_coalesce,0,S00,5,terminal,0,51735,76,0,0,21,1000,0,0,39.7097,0
21,stage_arrival_coalesce,0,S00,5,terminal,0,51723,15,0,0,21,1000,0,0,40.7016,0
21,stage_arrival,50,S38,2,switch,4,51730,100,0,0,21,290.506,0,0,40.7016,0
21,stage_arrival,44,S23,0,switch,43,51720,92,0,0,21,211.017,0,0,62.5,0
21,stage_arrival_coalesce,0,S00,5,terminal,0,51724,112,0,0,21,1000,0,0,40.7016,0
21,stage_arrival,33,S34,0,switch,26,51731,66,0,0,21,235.741,0,0,39.7097,0
21,stage_arrival,26,S33,0,switch,3,51731,66,0,0,21,174.708,0,0,39.7097,0
21,stage_arrival,1,S01,0,switch,0,51726,39,0,0,21,159.728,0,0,39.932,0
21,stage_arrival,4,S37,0,switch,0,51725,113,0,0,21,203.508,0,0,40.7016,0
21,stage_arrival,13,S40,0,switch,6,51729,26,0,0,21,162.644,0,0,39.932,0
21,stage_arrival,42,S20,2,switch,3,51735,76,0,0,21,251.806,0,0,39.7097,0
21,stage_arrival_coalesce,0,S00,5,terminal,0,51722,97,0,0,21,1000,0,0,39.932,0
21,stage_arrival_coalesce,0,S00,5,terminal,0,51721,16,0,0,21,1000,0,0,39.932,0
21,stage_arrival_coalesce,0,S00,5,terminal,0,51730,100,0,0,21,1000,0,0,40.7016,0
21,stage_arrival,4,S37,0,switch,0,51723,15,0,0,21,203.508,0,0,40.7016,0
21,stage_arrival_coalesce,0,S00,5,terminal,0,51729,26,0,0,21,1000,0,0,39.932,0
21,stage_arrival_coalesce,0,S00,5,terminal,0,51731,66,0,0,21,1000,0,0,39.7097,0
21,stage_arrival,46,S24,1,switch,44,51720,92,0,0,21,217.722,0,0,62.5,0
21,stage_arrival,1,S01,0,switch,0,51729,26,0,0,21,159.728,0,0,39.932,0
21,stage_arrival,0,S00,5,terminal,0,51727,98,0,0,21,1000,0,0,62.5,0
21,stage_arrival,7,S45,2,switch,61,51723,15,0,0,21,100.666,0,0,40.7016,0
21,stage_arrival_coalesce,0,S00,5,terminal,0,51728,103,0,0,21,1000,0,0,40.7016,0
21,stage_arrival_coalesce,0,S00,5,terminal,0,51725,113,0,0,21,1000,0,0,40.7016,0
21,allocate_send_arrival,5,S63,0,switch,0,51733,61,0,0,21,259.679,0,62.5,0,0
21,allocate_send_arrival,48,S50,3,switch,10,51722,97,0,0,21,118.54,0,39.932,0,0
21,allocate_send_arrival,8,S52,0,switch,1,51721,16,0,0,21,255.562,0,39.932,0,0
21,allocate_send_arrival,50,S38,2,switch,4,51728,103,0,0,21,290.506,0,40.7016,0,0
21,allocate_send_arrival,50,S38,2,switch,4,51723,15,0,0,21,290.506,0,40.7016,0,0
21,allocate_send_arrival,50,S38,2,switch,4,51730,100,0,0,21,290.506,0,40.7016,0,0
21,allocate_send_arrival,38,S42,0,switch,42,51735,76,0,0,21,176.64,0,39.7097,0,0
21,allocate_send_arrival,3,S27,0,switch,0,51732,53,0,0,21,119.129,0,6.37633,33.3333,0
21,enqueue_residual,3,S27,0,switch,0,51732,53,0,0,21,119.129,0,0,33.3333,0
21,allocate_send_arrival,3,S27,0,switch,0,51735,76,0,0,21,119.129,0,6.37633,33.3333,0
21,enqueue_residual,3,S27,0,switch,0,51735,76,0,0,21,119.129,0,0,33.3333,0
21,allocate_send_arrival,3,S27,0,switch,0,51731,66,0,0,21,119.129,0,6.37633,33.3333,0
21,enqueue_residual,3,S27,0,switch,0,51731,66,0,0,21,119.129,0,0,33.3333,0
21,allocate_send_arrival,61,S46,1,switch,57,51723,15,0,0,21,199.213,0,40.7016,0,0
21,allocate_send_arrival,7,S45,2,switch,61,51723,15,0,0,21,100.666,0,40.7016,0,0
21,allocate_send_arrival,0,S00,5,terminal,0,51734,109,0,0,21,1000,0,62.5,7.27596e-15,0
21,allocate_send_arrival,0,S00,5,terminal,0,51726,39,0,0,21,1000,0,39.932,0,0
21,allocate_send_arrival,0,S00,5,terminal,0,51728,103,0,0,21,1000,0,40.7016,0,0
21,allocate_send_arrival,0,S00,5,terminal,0,51732,53,0,0,21,1000,0,39.7097,0,0
21,allocate_send_arrival,0,S00,5,terminal,0,51724,112,0,0,21,1000,0,40.7016,0,0
21,allocate_send_arrival,0,S00,5,terminal,0,51725,113,0,0,21,1000,0,40.7016,0,0
21,allocate_send_arrival,0,S00,5,terminal,0,51720,92,0,0,21,1000,0,62.5,7.27596e-15,0
21,allocate_send_arrival,0,S00,5,terminal,0,51721,16,0,0,21,1000,0,39.932,0,0
21,allocate_send_arrival,0,S00,5,terminal,0,51733,61,0,0,21,1000,0,62.5,7.27596e-15,0
21,allocate_send_arrival,0,S00,5,terminal,0,51729,26,0,0,21,1000,0,39.932,0,0
21,allocate_send_arrival,0,S00,5,terminal,0,51722,97,0,0,21,1000,0,39.932,0,0
21,allocate_send_arrival,0,S00,5,terminal,0,51730,100,0,0,21,1000,0,40.7016,0,0
21,allocate_send_arrival,0,S00,5,terminal,0,51735,76,0,0,21,1000,0,39.7097,0,0
21,allocate_send_arrival,0,S00,5,terminal,0,51731,66,0,0,21,1000,0,39.7097,0,0
21,allocate_send_arrival,0,S00,5,terminal,0,51723,15,0,0,21,1000,0,40.7016,0,0
21,allocate_send_arrival,0,S00,5,terminal,0,51727,98,0,0,21,1000,0,62.5,7.27596e-15,0
21,allocate_send_arrival,33,S34,0,switch,26,51731,66,0,0,21,235.741,0,39.7097,0,0
21,allocate_send_arrival,37,S32,0,switch,0,51734,109,0,0,21,103.31,0,62.5,0,0
21,allocate_send_arrival,56,S36,2,switch,4,51724,112,0,0,21,112.305,0,40.7016,0,0
21,allocate_send_arrival,56,S36,2,switch,4,51725,113,0,0,21,112.305,0,40.7016,0,0
21,allocate_send_arrival,6,S02,0,switch,1,51729,26,0,0,21,138.732,0,39.932,0,0
21,allocate_send_arrival,49,S26,0,switch,43,51727,98,0,0,21,126.404,0,62.5,0,0
21,allocate_send_arrival,4,S37,0,switch,0,51724,112,0,0,21,203.508,0,20.7016,20,0
21,enqueue_residual,4,S37,0,switch,0,51724,112,0,0,21,203.508,0,0,20,0
21,allocate_send_arrival,4,S37,0,switch,0,51730,100,0,0,21,203.508,0,20.7016,20,0
21,enqueue_residual,4,S37,0,switch,0,51730,100,0,0,21,203.508,0,0,20,0
21,allocate_send_arrival,4,S37,0,switch,0,51728,103,0,0,21,203.508,0,20.7016,20,0
21,enqueue_residual,4,S37,0,switch,0,51728,103,0,0,21,203.508,0,0,20,0
21,allocate_send_arrival,4,S37,0,switch,0,51725,113,0,0,21,203.508,0,20.7016,20,0
21,enqueue_residual,4,S37,0,switch,0,51725,113,0,0,21,203.508,0,0,20,0
21,allocate_send_arrival,4,S37,0,switch,0,51723,15,0,0,21,203.508,0,20.7016,20,0
21,enqueue_residual,4,S37,0,switch,0,51723,15,0,0,21,203.508,0,0,20,0
21,allocate_send_arrival,26,S33,0,switch,3,51732,53,0,0,21,174.708,0,39.7097,0,0
21,allocate_send_arrival,26,S33,0,switch,3,51731,66,0,0,21,174.708,0,39.7097,0,0
21,allocate_send_arrival,44,S23,0,switch,43,51720,92,0,0,21,211.017,0,62.5,0,0
21,allocate_send_arrival,43,S22,0,switch,0,51727,98,0,0,21,203.304,0,62.5,0,0
21,allocate_send_arrival,43,S22,0,switch,0,51720,92,0,0,21,203.304,0,62.5,0,0
21,allocate_send_arrival,10,S61,0,switch,1,51722,97,0,0,21,227.172,0,39.932,0,0
21,allocate_send_arrival,10,S61,0,switch,1,51726,39,0,0,21,227.172,0,39.932,0,0
21,allocate_send_arrival,54,S31,1,switch,37,51734,109,0,0,21,242.335,0,62.5,0,0
21,allocate_send_arrival,46,S24,1,switch,44,51720,92,0,0,21,217.722,0,62.5,0,0
21,allocate_send_arrival,13,S40,0,switch,6,51729,26,0,0,21,162.644,0,39.932,0,0
21,allocate_send_arrival,1,S01,0,switch,0,51722,97,0,0,21,159.728,0,14.932,25,0
21,enqueue_residual,1,S01,0,switch,0,51722,97,0,0,21,159.728,0,0,25,0
21,allocate_send_arrival,1,S01,0,switch,0,51721,16,0,0,21,159.728,0,14.932,25,0
21,enqueue_residual,1,S01,0,switch,0,51721,16,0,0,21,159.728,0,0,25,0
21,allocate_send_arrival,1,S01,0,switch,0,51726,39,0,0,21,159.728,0,14.932,25,0
21,enqueue_residual,1,S01,0,switch,0,51726,39,0,0,21,159.728,0,0,25,0
21,allocate_send_arrival,1,S01,0,switch,0,51729,26,0,0,21,159.728,0,14.932,25,0
21,enqueue_residual,1,S01,0,switch,0,51729,26,0,0,21,159.728,0,0,25,0
21,allocate_send_arrival,51,S48,0,switch,57,51728,103,0,0,21,201.033,0,40.7016,0,0
21,allocate_send_arrival,42,S20,2,switch,3,51735,76,0,0,21,251.806,0,39.7097,0,0
21,allocate_send_arrival,30,S14,2,switch,31,51733,61,0,0,21,290.433,0,62.5,0,0
21,allocate_send_arrival,31,S62,3,switch,5,51733,61,0,0,21,238.676,0,62.5,0,0
21,allocate_send_arrival,57,S47,1,switch,50,51728,103,0,0,21,259.289,0,40.7016,0,0
21,allocate_send_arrival,57,S47,1,switch,50,51723,15,0,0,21,259.289,0,40.7016,0,0
21,allocate_send_arrival,19,S06,3,switch,10,51726,39,0,0,21,169.014,0,39.932,0,0
22,allocate_send_buffered,1,S01,0,switch,0,51722,97,0,0,22,159.728,100,25,0,0
22,allocate_send_buffered,1,S01,0,switch,0,51721,16,0,0,22,159.728,100,25,0,0
22,allocate_send_buffered,1,S01,0,switch,0,51726,39,0,0,22,159.728,100,25,0,0
22,allocate_send_buffered,1,S01,0,switch,0,51729,26,0,0,22,159.728,100,25,0,0
22,allocate_send_buffered,3,S27,0,switch,0,51732,53,0,0,22,119.129,100,33.3333,0,0
22,allocate_send_buffered,3,S27,0,switch,0,51735,76,0,0,22,119.129,100,33.3333,0,0
22,allocate_send_buffered,3,S27,0,switch,0,51731,66,0,0,22,119.129,100,33.3333,0,0
22,allocate_send_buffered,4,S37,0,switch,0,51724,112,0,0,22,203.508,100,20,0,0
22,allocate_send_buffered,4,S37,0,switch,0,51730,100,0,0,22,203.508,100,20,0,0
22,allocate_send_buffered,4,S37,0,switch,0,51728,103,0,0,22,203.508,100,20,0,0
22,allocate_send_buffered,4,S37,0,switch,0,51725,113,0,0,22,203.508,100,20,0,0
22,allocate_send_buffered,4,S37,0,switch,0,51723,15,0,0,22,203.508,100,20,0,0
22,stage_arrival,0,S00,5,terminal,0,51725,113,0,0,22,1000,0,0,20.7016,0
22,stage_arrival,1,S01,0,switch,0,51726,39,0,0,22,159.728,0,0,39.932,0
22,stage_arrival,4,S37,0,switch,0,51730,100,0,0,22,203.508,0,0,40.7016,0
22,stage_arrival,61,S46,1,switch,57,51723,15,0,0,22,199.213,0,0,40.7016,0
22,stage_arrival,10,S61,0,switch,1,51726,39,0,0,22,227.172,0,0,39.932,0
22,stage_arrival,54,S31,1,switch,37,51734,109,0,0,22,242.335,0,0,62.5,0
22,stage_arrival,57,S47,1,switch,50,51723,15,0,0,22,259.289,0,0,40.7016,0
22,stage_arrival,56,S36,2,switch,4,51724,112,0,0,22,112.305,0,0,40.7016,0
22,stage_arrival,33,S34,0,switch,26,51731,66,0,0,22,235.741,0,0,39.7097,0
22,stage_arrival,6,S02,0,switch,1,51729,26,0,0,22,138.732,0,0,39.932,0
22,stage_arrival,0,S00,5,terminal,0,51726,39,0,0,22,1000,0,0,25,0
22,stage_arrival,0,S00,5,terminal,0,51721,16,0,0,22,1000,0,0,14.932,0
22,stage_arrival,10,S61,0,switch,1,51722,97,0,0,22,227.172,0,0,39.932,0
22,stage_arrival,0,S00,5,terminal,0,51730,100,0,0,22,1000,0,0,20.7016,0
22,stage_arrival,46,S24,1,switch,44,51720,92,0,0,22,217.722,0,0,62.5,0
22,stage_arrival,1,S01,0,switch,0,51721,16,0,0,22,159.728,0,0,39.932,0
22,stage_arrival,0,S00,5,terminal,0,51734,109,0,0,22,1000,0,0,62.5,0
22,stage_arrival,31,S62,3,switch,5,51733,61,0,0,22,238.676,0,0,62.5,0
22,stage_arrival,57,S47,1,switch,50,51728,103,0,0,22,259.289,0,0,40.7016,0
22,stage_arrival,0,S00,5,terminal,0,51733,61,0,0,22,1000,0,0,62.5,0
22,stage_arrival,38,S42,0,switch,42,51735,76,0,0,22,176.64,0,0,39.7097,0
22,stage_arrival,1,S01,0,switch,0,51729,26,0,0,22,159.728,0,0,39.932,0
22,stage_arrival,37,S32,0,switch,0,51734,109,0,0,22,103.31,0,0,62.5,0
22,stage_arrival,0,S00,5,terminal,0,51722,97,0,0,22,1000,0,0,14.932,0
22,stage_arrival,0,S00,5,terminal,0,51735,76,0,0,22,1000,0,0,6.37633,0
22,stage_arrival_coalesce,0,S00,5,terminal,0,51721,16,0,0,22,1000,0,0,39.932,0
22,stage_arrival,0,S00,5,terminal,0,51731,66,0,0,22,1000,0,0,33.3333,0
22,stage_arrival,0,S00,5,terminal,0,51727,98,0,0,22,1000,0,0,62.5,0
22,stage_arrival,42,S20,2,switch,3,51735,76,0,0,22,251.806,0,0,39.7097,0
22,stage_arrival_coalesce,0,S00,5,terminal,0,51726,39,0,0,22,1000,0,0,39.932,0
22,stage_arrival,0,S00,5,terminal,0,51732,53,0,0,22,1000,0,0,33.3333,0
22,stage_arrival,1,S01,0,switch,0,51722,97,0,0,22,159.728,0,0,39.932,0
22,stage_arrival,0,S00,5,terminal,0,51729,26,0,0,22,1000,0,0,14.932,0
22,stage_arrival,56,S36,2,switch,4,51725,113,0,0,22,112.305,0,0,40.7016,0
22,stage_arrival,19,S06,3,switch,10,51726,39,0,0,22,169.014,0,0,39.932,0
22,stage_arrival,0,S00,5,terminal,0,51724,112,0,0,22,1000,0,0,20,0
22,stage_arrival,0,S00,5,terminal,0,51723,15,0,0,22,1000,0,0,20,0
22,stage_arrival,43,S22,0,switch,0,51727,98,0,0,22,203.304,0,0,62.5,0
22,stage_arrival_coalesce,0,S00,5,terminal,0,51725,113,0,0,22,1000,0,0,40.7016,0
22,stage_arrival,49,S26,0,switch,43,51727,98,0,0,22,126.404,0,0,62.5,0
22,stage_arrival,26,S33,0,switch,3,51732,53,0,0,22,174.708,0,0,39.7097,0
22,stage_arrival_coalesce,0,S00,5,terminal,0,51722,97,0,0,22,1000,0,0,39.932,0
22,stage_arrival,50,S38,2,switch,4,51728,103,0,0,22,290.506,0,0,40.7016,0
22,stage_arrival_coalesce,0,S00,5,terminal,0,51732,53,0,0,22,1000,0,0,39.7097,0
22,stage_arrival_coalesce,0,S00,5,terminal,0,51731,66,0,0,22,1000,0,0,39.7097,0
22,stage_arrival,51,S48,0,switch,57,51728,103,0,0,22,201.033,0,0,40.7016,0
22,stage_arrival_coalesce,0,S00,5,terminal,0,51724,112,0,0,22,1000,0,0,40.7016,0
22,stage_arrival,0,S00,5,terminal,0,51720,92,0,0,22,1000,0,0,62.5,0
22,stage_arrival,0,S00,5,terminal,0,51728,103,0,0,22,1000,0,0,20,0
22,stage_arrival,50,S38,2,switch,4,51723,15,0,0,22,290.506,0,0,40.7016,0
22,stage_arrival,4,S37,0,switch,0,51725,113,0,0,22,203.508,0,0,40.7016,0
22,stage_arrival,50,S38,2,switch,4,51730,100,0,0,22,290.506,0,0,40.7016,0
22,stage_arrival,44,S23,0,switch,43,51720,92,0,0,22,211.017,0,0,62.5,0
22,stage_arrival,43,S22,0,switch,0,51720,92,0,0,22,203.304,0,0,62.5,0
22,stage_arrival_coalesce,0,S00,5,terminal,0,51723,15,0,0,22,1000,0,0,40.7016,0
22,stage_arrival,30,S14,2,switch,31,51733,61,0,0,22,290.433,0,0,62.5,0
22,stage_arrival_coalesce,0,S00,5,terminal,0,51735,76,0,0,22,1000,0,0,39.7097,0
22,stage_arrival,4,S37,0,switch,0,51728,103,0,0,22,203.508,0,0,40.7016,0
22,stage_arrival_coalesce,0,S00,5,terminal,0,51730,100,0,0,22,1000,0,0,40.7016,0
22,stage_arrival_coalesce,0,S00,5,terminal,0,51728,103,0,0,22,1000,0,0,40.7016,0
22,stage_arrival,4,S37,0,switch,0,51723,15,0,0,22,203.508,0,0,40.7016,0
22,stage_arrival,3,S27,0,switch,0,51732,53,0,0,22,119.129,0,0,39.7097,0
22,stage_arrival,3,S27,0,switch,0,51731,66,0,0,22,119.129,0,0,39.7097,0
22,stage_arrival_coalesce,0,S00,5,terminal,0,51729,26,0,0,22,1000,0,0,39.932,0
22,stage_arrival,7,S45,2,switch,61,51723,15,0,0,22,100.666,0,0,40.7016,0
22,stage_arrival,4,S37,0,switch,0,51724,112,0,0,22,203.508,0,0,40.7016,0
22,stage_arrival,48,S50,3,switch,10,51722,97,0,0,22,118.54,0,0,39.932,0
22,stage_arrival,3,S27,0,switch,0,51735,76,0,0,22,119.129,0,0,39.7097,0
22,stage_arrival,5,S63,0,switch,0,51733,61,0,0,22,259.679,0,0,62.5,0
22,stage_arrival,13,S40,0,switch,6,51729,26,0,0,22,162.644,0,0,39.932,0
22,stage_arrival,8,S52,0,switch,1,51721,16,0,0,22,255.562,0,0,39.932,0
22,stage_arrival,26,S33,0,switch,3,51731,66,0,0,22,174.708,0,0,39.7097,0
22,allocate_send_arrival,13,S40,0,switch,6,51729,26,0,0,22,162.644,0,39.932,0,0
22,allocate_send_arrival,3,S27,0,switch,0,51732,53,0,0,22,119.129,0,6.37633,33.3333,0
22,enqueue_residual,3,S27,0,switch,0,51732,53,0,0,22,119.129,0,0,33.3333,0
22,allocate_send_arrival,3,S27,0,switch,0,51731,66,0,0,22,119.129,0,6.37633,33.3333,0
22,enqueue_residual,3,S27,0,switch,0,51731,66,0,0,22,119.129,0,0,33.3333,0
22,allocate_send_arrival,3,S27,0,switch,0,51735,76,0,0,22,119.129,0,6.37633,33.3333,0
22,enqueue_residual,3,S27,0,switch,0,51735,76,0,0,22,119.129,0,0,33.3333,0
22,allocate_send_arrival,48,S50,3,switch,10,51722,97,0,0,22,118.54,0,39.932,0,0
22,allocate_send_arrival,57,S47,1,switch,50,51723,15,0,0,22,259.289,0,40.7016,0,0
22,allocate_send_arrival,57,S47,1,switch,50,51728,103,0,0,22,259.289,0,40.7016,0,0
22,allocate_send_arrival,7,S45,2,switch,61,51723,15,0,0,22,100.666,0,40.7016,0,0
22,allocate_send_arrival,49,S26,0,switch,43,51727,98,0,0,22,126.404,0,62.5,0,0
22,allocate_send_arrival,54,S31,1,switch,37,51734,109,0,0,22,242.335,0,62.5,0,0
22,allocate_send_arrival,42,S20,2,switch,3,51735,76,0,0,22,251.806,0,39.7097,0,0
22,allocate_send_arrival,6,S02,0,switch,1,51729,26,0,0,22,138.732,0,39.932,0,0
22,allocate_send_arrival,0,S00,5,terminal,0,51725,113,0,0,22,1000,0,40.7016,0,0
22,allocate_send_arrival,0,S00,5,terminal,0,51726,39,0,0,22,1000,0,39.932,0,0
22,allocate_send_arrival,0,S00,5,terminal,0,51721,16,0,0,22,1000,0,39.932,0,0
22,allocate_send_arrival,0,S00,5,terminal,0,51730,100,0,0,22,1000,0,40.7016,0,0
22,allocate_send_arrival,0,S00,5,terminal,0,51734,109,0,0,22,1000,0,62.5,0,0
22,allocate_send_arrival,0,S00,5,terminal,0,51733,61,0,0,22,1000,0,62.5,0,0
22,allocate_send_arrival,0,S00,5,terminal,0,51722,97,0,0,22,1000,0,39.932,0,0
22,allocate_send_arrival,0,S00,5,terminal,0,51735,76,0,0,22,1000,0,39.7097,0,0
22,allocate_send_arrival,0,S00,5,terminal,0,51731,66,0,0,22,1000,0,39.7097,0,0
22,allocate_send_arrival,0,S00,5,terminal,0,51727,98,0,0,22,1000,0,62.5,0,0
22,allocate_send_arrival,0,S00,5,terminal,0,51732,53,0,0,22,1000,0,39.7097,0,0
22,allocate_send_arrival,0,S00,5,terminal,0,51729,26,0,0,22,1000,0,39.932,0,0
22,allocate_send_arrival,0,S00,5,terminal,0,51724,112,0,0,22,1000,0,40.7016,0,0
22,allocate_send_arrival,0,S00,5,terminal,0,51723,15,0,0,22,1000,0,40.7016,0,0
22,allocate_send_arrival,0,S00,5,terminal,0,51720,92,0,0,22,1000,0,62.5,0,0
22,allocate_send_arrival,0,S00,5,terminal,0,51728,103,0,0,22,1000,0,40.7016,0,0
22,allocate_send_arrival,51,S48,0,switch,57,51728,103,0,0,22,201.033,0,40.7016,0,0
22,allocate_send_arrival,38,S42,0,switch,42,51735,76,0,0,22,176.64,0,39.7097,0,0
22,allocate_send_arrival,1,S01,0,switch,0,51726,39,0,0,22,159.728,0,14.932,25,0
22,enqueue_residual,1,S01,0,switch,0,51726,39,0,0,22,159.728,0,0,25,0
22,allocate_send_arrival,1,S01,0,switch,0,51721,16,0,0,22,159.728,0,14.932,25,0
22,enqueue_residual,1,S01,0,switch,0,51721,16,0,0,22,159.728,0,0,25,0
22,allocate_send_arrival,1,S01,0,switch,0,51729,26,0,0,22,159.728,0,14.932,25,0
22,enqueue_residual,1,S01,0,switch,0,51729,26,0,0,22,159.728,0,0,25,0
22,allocate_send_arrival,1,S01,0,switch,0,51722,97,0,0,22,159.728,0,14.932,25,0
22,enqueue_residual,1,S01,0,switch,0,51722,97,0,0,22,159.728,0,0,25,0
22,allocate_send_arrival,4,S37,0,switch,0,51730,100,0,0,22,203.508,0,20.7016,20,0
22,enqueue_residual,4,S37,0,switch,0,51730,100,0,0,22,203.508,0,0,20,0
22,allocate_send_arrival,4,S37,0,switch,0,51725,113,0,0,22,203.508,0,20.7016,20,0
22,enqueue_residual,4,S37,0,switch,0,51725,113,0,0,22,203.508,0,0,20,0
22,allocate_send_arrival,4,S37,0,switch,0,51728,103,0,0,22,203.508,0,20.7016,20,0
22,enqueue_residual,4,S37,0,switch,0,51728,103,0,0,22,203.508,0,0,20,0
22,allocate_send_arrival,4,S37,0,switch,0,51723,15,0,0,22,203.508,0,20.7016,20,0
22,enqueue_residual,4,S37,0,switch,0,51723,15,0,0,22,203.508,0,0,20,0
22,allocate_send_arrival,4,S37,0,switch,0,51724,112,0,0,22,203.508,0,20.7016,20,0
22,enqueue_residual,4,S37,0,switch,0,51724,112,0,0,22,203.508,0,0,20,0
22,allocate_send_arrival,56,S36,2,switch,4,51724,112,0,0,22,112.305,0,40.7016,0,0
22,allocate_send_arrival,56,S36,2,switch,4,51725,113,0,0,22,112.305,0,40.7016,0,0
22,allocate_send_arrival,46,S24,1,switch,44,51720,92,0,0,22,217.722,0,62.5,0,0
22,allocate_send_arrival,5,S63,0,switch,0,51733,61,0,0,22,259.679,0,62.5,0,0
22,allocate_send_arrival,50,S38,2,switch,4,51728,103,0,0,22,290.506,0,40.7016,0,0
22,allocate_send_arrival,50,S38,2,switch,4,51723,15,0,0,22,290.506,0,40.7016,0,0
22,allocate_send_arrival,50,S38,2,switch,4,51730,100,0,0,22,290.506,0,40.7016,0,0
22,allocate_send_arrival,30,S14,2,switch,31,51733,61,0,0,22,290.433,0,62.5,0,0
22,allocate_send_arrival,33,S34,0,switch,26,51731,66,0,0,22,235.741,0,39.7097,0,0
22,allocate_send_arrival,37,S32,0,switch,0,51734,109,0,0,22,103.31,0,62.5,0,0
22,allocate_send_arrival,26,S33,0,switch,3,51732,53,0,0,22,174.708,0,39.7097,0,0
22,allocate_send_arrival,26,S33,0,switch,3,51731,66,0,0,22,174.708,0,39.7097,0,0
22,allocate_send_arrival,44,S23,0,switch,43,51720,92,0,0,22,211.017,0,62.5,0,0
22,allocate_send_arrival,43,S22,0,switch,0,51727,98,0,0,22,203.304,0,62.5,0,0
22,allocate_send_arrival,43,S22,0,switch,0,51720,92,0,0,22,203.304,0,62.5,0,0
22,allocate_send_arrival,61,S46,1,switch,57,51723,15,0,0,22,199.213,0,40.7016,0,0
22,allocate_send_arrival,10,S61,0,switch,1,51726,39,0,0,22,227.172,0,39.932,0,0
22,allocate_send_arrival,10,S61,0,switch,1,51722,97,0,0,22,227.172,0,39.932,0,0
22,allocate_send_arrival,31,S62,3,switch,5,51733,61,0,0,22,238.676,0,62.5,0,0
22,allocate_send_arrival,8,S52,0,switch,1,51721,16,0,0,22,255.562,0,39.932,0,0
22,allocate_send_arrival,19,S06,3,switch,10,51726,39,0,0,22,169.014,0,39.932,0,0
23,allocate_send_buffered,1,S01,0,switch,0,51726,39,0,0,23,159.728,100,25,0,0
23,allocate_send_buffered,1,S01,0,switch,0,51721,16,0,0,23,159.728,100,25,0,0
23,allocate_send_buffered,1,S01,0,switch,0,51729,26,0,0,23,159.728,100,25,0,0
23,allocate_send_buffered,1,S01,0,switch,0,51722,97,0,0,23,159.728,100,25,0,0
23,allocate_send_buffered,3,S27,0,switch,0,51732,53,0,0,23,119.129,100,33.3333,0,0
23,allocate_send_buffered,3,S27,0,switch,0,51731,66,0,0,23,119.129,100,33.3333,0,0
23,allocate_send_buffered,3,S27,0,switch,0,51735,76,0,0,23,119.129,100,33.3333,0,0
23,allocate_send_buffered,4,S37,0,switch,0,51730,100,0,0,23,203.508,100,20,0,0
23,allocate_send_buffered,4,S37,0,switch,0,51725,113,0,0,23,203.508,100,20,0,0
23,allocate_send_buffered,4,S37,0,switch,0,51728,103,0,0,23,203.508,100,20,0,0
23,allocate_send_buffered,4,S37,0,switch,0,51723,15,0,0,23,203.508,100,20,0,0
23,allocate_send_buffered,4,S37,0,switch,0,51724,112,0,0,23,203.508,100,20,0,0
23,stage_arrival,1,S01,0,switch,0,51721,16,0,0,23,159.728,0,0,39.932,0
23,stage_arrival,56,S36,2,switch,4,51724,112,0,0,23,112.305,0,0,40.7016,0
23,stage_arrival,0,S00,5,terminal,0,51723,15,0,0,23,1000,0,0,20.7016,0
23,stage_arrival,43,S22,0,switch,0,51720,92,0,0,23,203.304,0,0,62.5,0
23,stage_arrival,0,S00,5,terminal,0,51720,92,0,0,23,1000,0,0,62.5,0
23,stage_arrival,0,S00,5,terminal,0,51731,66,0,0,23,1000,0,0,33.3333,0
23,stage_arrival,61,S46,1,switch,57,51723,15,0,0,23,199.213,0,0,40.7016,0
23,stage_arrival_coalesce,0,S00,5,terminal,0,51731,66,0,0,23,1000,0,0,39.7097,0
23,stage_arrival,42,S20,2,switch,3,51735,76,0,0,23,251.806,0,0,39.7097,0
23,stage_arrival,0,S00,5,terminal,0,51728,103,0,0,23,1000,0,0,20.7016,0
23,stage_arrival,4,S37,0,switch,0,51725,113,0,0,23,203.508,0,0,40.7016,0
23,stage_arrival,0,S00,5,terminal,0,51730,100,0,0,23,1000,0,0,20,0
23,stage_arrival,43,S22,0,switch,0,51727,98,0,0,23,203.304,0,0,62.5,0
23,stage_arrival,7,S45,2,switch,61,51723,15,0,0,23,100.666,0,0,40.7016,0
23,stage_arrival,0,S00,5,terminal,0,51735,76,0,0,23,1000,0,0,6.37633,0
23,stage_arrival,33,S34,0,switch,26,51731,66,0,0,23,235.741,0,0,39.7097,0
23,stage_arrival,3,S27,0,switch,0,51735,76,0,0,23,119.129,0,0,39.7097,0
23,stage_arrival,50,S38,2,switch,4,51730,100,0,0,23,290.506,0,0,40.7016,0
23,stage_arrival,10,S61,0,switch,1,51722,97,0,0,23,227.172,0,0,39.932,0
23,stage_arrival,0,S00,5,terminal,0,51724,112,0,0,23,1000,0,0,20.7016,0
23,stage_arrival,4,S37,0,switch,0,51730,100,0,0,23,203.508,0,0,40.7016,0
23,stage_arrival,1,S01,0,switch,0,51726,39,0,0,23,159.728,0,0,39.932,0
23,stage_arrival_coalesce,0,S00,5,terminal,0,51728,103,0,0,23,1000,0,0,40.7016,0
23,stage_arrival,6,S02,0,switch,1,51729,26,0,0,23,138.732,0,0,39.932,0
23,stage_arrival,19,S06,3,switch,10,51726,39,0,0,23,169.014,0,0,39.932,0
23,stage_arrival_coalesce,0,S00,5,terminal,0,51735,76,0,0,23,1000,0,0,39.7097,0
23,stage_arrival,3,S27,0,switch,0,51732,53,0,0,23,119.129,0,0,39.7097,0
23,stage_arrival,0,S00,5,terminal,0,51721,16,0,0,23,1000,0,0,14.932,0
23,stage_arrival_coalesce,0,S00,5,terminal,0,51723,15,0,0,23,1000,0,0,40.7016,0
23,stage_arrival,51,S48,0,switch,57,51728,103,0,0,23,201.033,0,0,40.7016,0
23,stage_arrival,37,S32,0,switch,0,51734,109,0,0,23,103.31,0,0,62.5,0
23,stage_arrival,48,S50,3,switch,10,51722,97,0,0,23,118.54,0,0,39.932,0
23,stage_arrival,49,S26,0,switch,43,51727,98,0,0,23,126.404,0,0,62.5,0
23,stage_arrival,38,S42,0,switch,42,51735,76,0,0,23,176.64,0,0,39.7097,0
23,stage_arrival,8,S52,0,switch,1,51721,16,0,0,23,255.562,0,0,39.932,0
23,stage_arrival,0,S00,5,terminal,0,51733,61,0,0,23,1000,0,0,62.5,0
23,stage_arrival,0,S00,5,terminal,0,51732,53,0,0,23,1000,0,0,6.37633,0
23,stage_arrival,44,S23,0,switch,43,51720,92,0,0,23,211.017,0,0,62.5,0
23,stage_arrival,50,S38,2,switch,4,51723,15,0,0,23,290.506,0,0,40.7016,0
23,stage_arrival,57,S47,1,switch,50,51728,103,0,0,23,259.289,0,0,40.7016,0
23,stage_arrival,46,S24,1,switch,44,51720,92,0,0,23,217.722,0,0,62.5,0
23,stage_arrival_coalesce,0,S00,5,terminal,0,51730,100,0,0,23,1000,0,0,40.7016,0
23,stage_arrival_coalesce,0,S00,5,terminal,0,51724,112,0,0,23,1000,0,0,40.7016,0
23,stage_arrival,4,S37,0,switch,0,51724,112,0,0,23,203.508,0,0,40.7016,0
23,stage_arrival,0,S00,5,terminal,0,51729,26,0,0,23,1000,0,0,25,0
23,stage_arrival,56,S36,2,switch,4,51725,113,0,0,23,112.305,0,0,40.7016,0
23,stage_arrival,4,S37,0,switch,0,51723,15,0,0,23,203.508,0,0,40.7016,0
23,stage_arrival,1,S01,0,switch,0,51729,26,0,0,23,159.728,0,0,39.932,0
23,stage_arrival,50,S38,2,switch,4,51728,103,0,0,23,290.506,0,0,40.7016,0
23,stage_arrival_coalesce,0,S00,5,terminal,0,51732,53,0,0,23,1000,0,0,39.7097,0
23,stage_arrival,13,S40,0,switch,6,51729,26,0,0,23,162.644,0,0,39.932,0
23,stage_arrival,31,S62,3,switch,5,51733,61,0,0,23,238.676,0,0,62.5,0
23,stage_arrival,10,S61,0,switch,1,51726,39,0,0,23,227.172,0,0,39.932,0
23,stage_arrival,0,S00,5,terminal,0,51725,113,0,0,23,1000,0,0,20,0
23,stage_arrival,5,S63,0,switch,0,51733,61,0,0,23,259.679,0,0,62.5,0
23,stage_arrival_coalesce,0,S00,5,terminal,0,51721,16,0,0,23,1000,0,0,39.932,0
23,stage_arrival,0,S00,5,terminal,0,51734,109,0,0,23,1000,0,0,62.5,0
23,stage_arrival,0,S00,5,terminal,0,51726,39,0,0,23,1000,0,0,25,0
23,stage_arrival_coalesce,0,S00,5,terminal,0,51729,26,0,0,23,1000,0,0,39.932,0
23,stage_arrival,0,S00,5,terminal,0,51722,97,0,0,23,1000,0,0,14.932,0
23,stage_arrival_coalesce,0,S00,5,terminal,0,51722,97,0,0,23,1000,0,0,39.932,0
23,stage_arrival,26,S33,0,switch,3,51731,66,0,0,23,174.708,0,0,39.7097,0
23,stage_arrival,54,S31,1,switch,37,51734,109,0,0,23,242.335,0,0,62.5,0
23,stage_arrival,0,S00,5,terminal,0,51727,98,0,0,23,1000,0,0,62.5,0
23,stage_arrival,26,S33,0,switch,3,51732,53,0,0,23,174.708,0,0,39.7097,0
23,stage_arrival,30,S14,2,switch,31,51733,61,0,0,23,290.433,0,0,62.5,0
23,stage_arrival,4,S37,0,switch,0,51728,103,0,0,23,203.508,0,0,40.7016,0
23,stage_arrival_coalesce,0,S00,5,terminal,0,51726,39,0,0,23,1000,0,0,39.932,0
23,stage_arrival,3,S27,0,switch,0,51731,66,0,0,23,119.129,0,0,39.7097,0
23,stage_arrival,57,S47,1,switch,50,51723,15,0,0,23,259.289,0,0,40.7016,0
23,stage_arrival,1,S01,0,switch,0,51722,97,0,0,23,159.728,0,0,39.932,0
23,stage_arrival_coalesce,0,S00,5,terminal,0,51725,113,0,0,23,1000,0,0,40.7016,0
23,allocate_send_arrival,54,S31,1,switch,37,51734,109,0,0,23,242.335,0,62.5,0,0
23,allocate_send_arrival,6,S02,0,switch,1,51729,26,0,0,23,138.732,0,39.932,0,0
23,allocate_send_arrival,51,S48,0,switch,57,51728,103,0,0,23,201.033,0,40.7016,0,0
23,allocate_send_arrival,61,S46,1,switch,57,51723,15,0,0,23,199.213,0,40.7016,0,0
23,allocate_send_arrival,31,S62,3,switch,5,51733,61,0,0,23,238.676,0,62.5,0,0
23,allocate_send_arrival,38,S42,0,switch,42,51735,76,0,0,23,176.64,0,39.7097,0,0
23,allocate_send_arrival,57,S47,1,switch,50,51728,103,0,0,23,259.289,0,40.7016,0,0
23,allocate_send_arrival,57,S47,1,switch,50,51723,15,0,0,23,259.289,0,40.7016,0,0
23,allocate_send_arrival,26,S33,0,switch,3,51731,66,0,0,23,174.708,0,39.7097,0,0
23,allocate_send_arrival,26,S33,0,switch,3,51732,53,0,0,23,174.708,0,39.7097,0,0
23,allocate_send_arrival,0,S00,5,terminal,0,51723,15,0,0,23,1000,0,40.7016,0,0
23,allocate_send_arrival,0,S00,5,terminal,0,51720,92,0,0,23,1000,0,62.5,0,0
23,allocate_send_arrival,0,S00,5,terminal,0,51731,66,0,0,23,1000,0,39.7097,0,0
23,allocate_send_arrival,0,S00,5,terminal,0,51728,103,0,0,23,1000,0,40.7016,0,0
23,allocate_send_arrival,0,S00,5,terminal,0,51730,100,0,0,23,1000,0,40.7016,0,0
23,allocate_send_arrival,0,S00,5,terminal,0,51735,76,0,0,23,1000,0,39.7097,0,0
23,allocate_send_arrival,0,S00,5,terminal,0,51724,112,0,0,23,1000,0,40.7016,0,0
23,allocate_send_arrival,0,S00,5,terminal,0,51721,16,0,0,23,1000,0,39.932,0,0
23,allocate_send_arrival,0,S00,5,terminal,0,51733,61,0,0,23,1000,0,62.5,0,0
23,allocate_send_arrival,0,S00,5,terminal,0,51732,53,0,0,23,1000,0,39.7097,0,0
23,allocate_send_arrival,0,S00,5,terminal,0,51729,26,0,0,23,1000,0,39.932,0,0
23,allocate_send_arrival,0,S00,5,terminal,0,51725,113,0,0,23,1000,0,40.7016,0,0
23,allocate_send_arrival,0,S00,5,terminal,0,51734,109,0,0,23,1000,0,62.5,0,0
23,allocate_send_arrival,0,S00,5,terminal,0,51726,39,0,0,23,1000,0,39.932,0,0
23,allocate_send_arrival,0,S00,5,terminal,0,51722,97,0,0,23,1000,0,39.932,0,0
23,allocate_send_arrival,0,S00,5,terminal,0,51727,98,0,0,23,1000,0,62.5,0,0
23,allocate_send_arrival,30,S14,2,switch,31,51733,61,0,0,23,290.433,0,62.5,0,0
23,allocate_send_arrival,44,S23,0,switch,43,51720,92,0,0,23,211.017,0,62.5,0,0
23,allocate_send_arrival,37,S32,0,switch,0,51734,109,0,0,23,103.31,0,62.5,0,0
23,allocate_send_arrival,10,S61,0,switch,1,51722,97,0,0,23,227.172,0,39.932,0,0
23,allocate_send_arrival,10,S61,0,switch,1,51726,39,0,0,23,227.172,0,39.932,0,0
23,allocate_send_arrival,1,S01,0,switch,0,51721,16,0,0,23,159.728,0,14.932,25,0
23,enqueue_residual,1,S01,0,switch,0,51721,16,0,0,23,159.728,0,0,25,0
23,allocate_send_arrival,1,S01,0,switch,0,51726,39,0,0,23,159.728,0,14.932,25,0
23,enqueue_residual,1,S01,0,switch,0,51726,39,0,0,23,159.728,0,0,25,0
23,allocate_send_arrival,1,S01,0,switch,0,51729,26,0,0,23,159.728,0,14.932,25,0
23,enqueue_residual,1,S01,0,switch,0,51729,26,0,0,23,159.728,0,0,25,0
23,allocate_send_arrival,1,S01,0,switch,0,51722,97,0,0,23,159.728,0,14.932,25,0
23,enqueue_residual,1,S01,0,switch,0,51722,97,0,0,23,159.728,0,0,25,0
23,allocate_send_arrival,19,S06,3,switch,10,51726,39,0,0,23,169.014,0,39.932,0,0
23,allocate_send_arrival,56,S36,2,switch,4,51724,112,0,0,23,112.305,0,40.7016,0,0
23,allocate_send_arrival,56,S36,2,switch,4,51725,113,0,0,23,112.305,0,40.7016,0,0
23,allocate_send_arrival,50,S38,2,switch,4,51730,100,0,0,23,290.506,0,40.7016,0,0
23,allocate_send_arrival,50,S38,2,switch,4,51723,15,0,0,23,290.506,0,40.7016,0,0
23,allocate_send_arrival,50,S38,2,switch,4,51728,103,0,0,23,290.506,0,40.7016,0,0
23,allocate_send_arrival,49,S26,0,switch,43,51727,98,0,0,23,126.404,0,62.5,0,0
23,allocate_send_arrival,13,S40,0,switch,6,51729,26,0,0,23,162.644,0,39.932,0,0
23,allocate_send_arrival,33,S34,0,switch,26,51731,66,0,0,23,235.741,0,39.7097,0,0
23,allocate_send_arrival,43,S22,0,switch,0,51720,92,0,0,23,203.304,0,62.5,0,0
23,allocate_send_arrival,43,S22,0,switch,0,51727,98,0,0,23,203.304,0,62.5,0,0
23,allocate_send_arrival,3,S27,0,switch,0,51735,76,0,0,23,119.129,0,6.37633,33.3333,0
23,enqueue_residual,3,S27,0,switch,0,51735,76,0,0,23,119.129,0,0,33.3333,0
23,allocate_send_arrival,3,S27,0,switch,0,51732,53,0,0,23,119.129,0,6.37633,33.3333,0
23,enqueue_residual,3,S27,0,switch,0,51732,53,0,0,23,119.129,0,0,33.3333,0
23,allocate_send_arrival,3,S27,0,switch,0,51731,66,0,0,23,119.129,0,6.37633,33.3333,0
23,enqueue_residual,3,S27,0,switch,0,51731,66,0,0,23,119.129,0,0,33.3333,0
23,allocate_send_arrival,42,S20,2,switch,3,51735,76,0,0,23,251.806,0,39.7097,0,0
23,allocate_send_arrival,46,S24,1,switch,44,51720,92,0,0,23,217.722,0,62.5,0,0
23,allocate_send_arrival,48,S50,3,switch,10,51722,97,0,0,23,118.54,0,39.932,0,0
23,allocate_send_arrival,7,S45,2,switch,61,51723,15,0,0,23,100.666,0,40.7016,0,0
23,allocate_send_arrival,4,S37,0,switch,0,51725,113,0,0,23,203.508,0,20.7016,20,0
23,enqueue_residual,4,S37,0,switch,0,51725,113,0,0,23,203.508,0,0,20,0
23,allocate_send_arrival,4,S37,0,switch,0,51730,100,0,0,23,203.508,0,20.7016,20,0
23,enqueue_residual,4,S37,0,switch,0,51730,100,0,0,23,203.508,0,0,20,0
23,allocate_send_arrival,4,S37,0,switch,0,51724,112,0,0,23,203.508,0,20.7016,20,0
23,enqueue_residual,4,S37,0,switch,0,51724,112,0,0,23,203.508,0,0,20,0
23,allocate_send_arrival,4,S37,0,switch,0,51723,15,0,0,23,203.508,0,20.7016,20,0
23,enqueue_residual,4,S37,0,switch,0,51723,15,0,0,23,203.508,0,0,20,0
23,allocate_send_arrival,4,S37,0,switch,0,51728,103,0,0,23,203.508,0,20.7016,20,0
23,enqueue_residual,4,S37,0,switch,0,51728,103,0,0,23,203.508,0,0,20,0
23,allocate_send_arrival,8,S52,0,switch,1,51721,16,0,0,23,255.562,0,39.932,0,0
23,allocate_send_arrival,5,S63,0,switch,0,51733,61,0,0,23,259.679,0,62.5,0,0
24,allocate_send_buffered,3,S27,0,switch,0,51735,76,0,0,24,119.129,100,33.3333,0,0
24,allocate_send_buffered,3,S27,0,switch,0,51732,53,0,0,24,119.129,100,33.3333,0,0
24,allocate_send_buffered,3,S27,0,switch,0,51731,66,0,0,24,119.129,100,33.3333,0,0
24,allocate_send_buffered,4,S37,0,switch,0,51725,113,0,0,24,203.508,100,20,0,0
24,allocate_send_buffered,4,S37,0,switch,0,51730,100,0,0,24,203.508,100,20,0,0
24,allocate_send_buffered,4,S37,0,switch,0,51724,112,0,0,24,203.508,100,20,0,0
24,allocate_send_buffered,4,S37,0,switch,0,51723,15,0,0,24,203.508,100,20,0,0
24,allocate_send_buffered,4,S37,0,switch,0,51728,103,0,0,24,203.508,100,20,0,0
24,allocate_send_buffered,1,S01,0,switch,0,51721,16,0,0,24,159.728,100,25,0,0
24,allocate_send_buffered,1,S01,0,switch,0,51726,39,0,0,24,159.728,100,25,0,0
24,allocate_send_buffered,1,S01,0,switch,0,51729,26,0,0,24,159.728,100,25,0,0
24,allocate_send_buffered,1,S01,0,switch,0,51722,97,0,0,24,159.728,100,25,0,0
24,stage_arrival,0,S00,5,terminal,0,51725,113,0,0,24,1000,0,0,20.7016,0
24,stage_arrival,0,S00,5,terminal,0,51726,39,0,0,24,1000,0,0,14.932,0
24,stage_arrival,4,S37,0,switch,0,51725,113,0,0,24,203.508,0,0,40.7016,0
24,stage_arrival,7,S45,2,switch,61,51723,15,0,0,24,100.666,0,0,40.7016,0
24,stage_arrival,0,S00,5,terminal,0,51729,26,0,0,24,1000,0,0,25,0
24,stage_arrival,1,S01,0,switch,0,51722,97,0,0,24,159.728,0,0,39.932,0
24,stage_arrival,57,S47,1,switch,50,51728,103,0,0,24,259.289,0,0,40.7016,0
24,stage_arrival,0,S00,5,terminal,0,51727,98,0,0,24,1000,0,0,62.5,0
24,stage_arrival,61,S46,1,switch,57,51723,15,0,0,24,199.213,0,0,40.7016,0
24,stage_arrival,0,S00,5,terminal,0,51730,100,0,0,24,1000,0,0,20,0
24,stage_arrival,30,S14,2,switch,31,51733,61,0,0,24,290.433,0,0,62.5,0
24,stage_arrival,10,S61,0,switch,1,51726,39,0,0,24,227.172,0,0,39.932,0
24,stage_arrival,0,S00,5,terminal,0,51732,53,0,0,24,1000,0,0,33.3333,0
24,stage_arrival,4,S37,0,switch,0,51723,15,0,0,24,203.508,0,0,40.7016,0
24,stage_arrival,0,S00,5,terminal,0,51735,76,0,0,24,1000,0,0,33.3333,0
24,stage_arrival,0,S00,5,terminal,0,51731,66,0,0,24,1000,0,0,33.3333,0
24,stage_arrival,0,S00,5,terminal,0,51722,97,0,0,24,1000,0,0,14.932,0
24,stage_arrival,38,S42,0,switch,42,51735,76,0,0,24,176.64,0,0,39.7097,0
24,stage_arrival,44,S23,0,switch,43,51720,92,0,0,24,211.017,0,0,62.5,0
24,stage_arrival,4,S37,0,switch,0,51724,112,0,0,24,203.508,0,0,40.7016,0
24,stage_arrival,10,S61,0,switch,1,51722,97,0,0,24,227.172,0,0,39.932,0
24,stage_arrival,3,S27,0,switch,0,51732,53,0,0,24,119.129,0,0,39.7097,0
24,stage_arrival_coalesce,0,S00,5,terminal,0,51726,39,0,0,24,1000,0,0,39.932,0
24,stage_arrival,50,S38,2,switch,4,51730,100,0,0,24,290.506,0,0,40.7016,0
24,stage_arrival,3,S27,0,switch,0,51731,66,0,0,24,119.129,0,0,39.7097,0
24,stage_arrival,1,S01,0,switch,0,51721,16,0,0,24,159.728,0,0,39.932,0
24,stage_arrival,0,S00,5,terminal,0,51723,15,0,0,24,1000,0,0,20.7016,0
24,stage_arrival,43,S22,0,switch,0,51720,92,0,0,24,203.304,0,0,62.5,0
24,stage_arrival,50,S38,2,switch,4,51728,103,0,0,24,290.506,0,0,40.7016,0
24,stage_arrival,4,S37,0,switch,0,51730,100,0,0,24,203.508,0,0,40.7016,0
24,stage_arrival,8,S52,0,switch,1,51721,16,0,0,24,255.562,0,0,39.932,0
24,stage_arrival,0,S00,5,terminal,0,51721,16,0,0,24,1000,0,0,25,0
24,stage_arrival_coalesce,0,S00,5,terminal,0,51722,97,0,0,24,1000,0,0,39.932,0
24,stage_arrival,0,S00,5,terminal,0,51734,109,0,0,24,1000,0,0,62.5,0
24,stage_arrival,54,S31,1,switch,37,51734,109,0,0,24,242.335,0,0,62.5,0
24,stage_arrival,5,S63,0,switch,0,51733,61,0,0,24,259.679,0,0,62.5,0
24,stage_arrival,6,S02,0,switch,1,51729,26,0,0,24,138.732,0,0,39.932,0
24,stage_arrival,56,S36,2,switch,4,51725,113,0,0,24,112.305,0,0,40.7016,0
24,stage_arrival,46,S24,1,switch,44,51720,92,0,0,24,217.722,0,0,62.5,0
24,stage_arrival_coalesce,0,S00,5,terminal,0,51723,15,0,0,24,1000,0,0,40.7016,0
24,stage_arrival_coalesce,0,S00,5,terminal,0,51725,113,0,0,24,1000,0,0,40.7016,0
24,stage_arrival,37,S32,0,switch,0,51734,109,0,0,24,103.31,0,0,62.5,0
24,stage_arrival_coalesce,0,S00,5,terminal,0,51735,76,0,0,24,1000,0,0,39.7097,0
24,stage_arrival,3,S27,0,switch,0,51735,76,0,0,24,119.129,0,0,39.7097,0
24,stage_arrival,19,S06,3,switch,10,51726,39,0,0,24,169.014,0,0,39.932,0
24,stage_arrival_coalesce,0,S00,5,terminal,0,51732,53,0,0,24,1000,0,0,39.7097,0
24,stage_arrival,42,S20,2,switch,3,51735,76,0,0,24,251.806,0,0,39.7097,0
24,stage_arrival,50,S38,2,switch,4,51723,15,0,0,24,290.506,0,0,40.7016,0
24,stage_arrival,31,S62,3,switch,5,51733,61,0,0,24,238.676,0,0,62.5,0
24,stage_arrival,26,S33,0,switch,3,51732,53,0,0,24,174.708,0,0,39.7097,0
24,stage_arrival,13,S40,0,switch,6,51729,26,0,0,24,162.644,0,0,39.932,0
24,stage_arrival,0,S00,5,terminal,0,51728,103,0,0,24,1000,0,0,20.7016,0
24,stage_arrival_coalesce,0,S00,5,terminal,0,51731,66,0,0,24,1000,0,0,39.7097,0
24,stage_arrival_coalesce,0,S00,5,terminal,0,51728,103,0,0,24,1000,0,0,40.7016,0
24,stage_arrival,56,S36,2,switch,4,51724,112,0,0,24,112.305,0,0,40.7016,0
24,stage_arrival,0,S00,5,terminal,0,51724,112,0,0,24,1000,0,0,20,0
24,stage_arrival_coalesce,0,S00,5,terminal,0,51721,16,0,0,24,1000,0,0,39.932,0
24,stage_arrival_coalesce,0,S00,5,terminal,0,51724,112,0,0,24,1000,0,0,40.7016,0
24,stage_arrival,1,S01,0,switch,0,51729,26,0,0,24,159.728,0,0,39.932,0
24,stage_arrival,33,S34,0,switch,26,51731,66,0,0,24,235.741,0,0,39.7097,0
24,stage_arrival_coalesce,0,S00,5,terminal,0,51729,26,0,0,24,1000,0,0,39.932,0
24,stage_arrival,57,S47,1,switch,50,51723,15,0,0,24,259.289,0,0,40.7016,0
24,stage_arrival,43,S22,0,switch,0,51727,98,0,0,24,203.304,0,0,62.5,0
24,stage_arrival,0,S00,5,terminal,0,51733,61,0,0,24,1000,0,0,62.5,0
24,stage_arrival,1,S01,0,switch,0,51726,39,0,0,24,159.728,0,0,39.932,0
24,stage_arrival,51,S48,0,switch,57,51728,103,0,0,24,201.033,0,0,40.7016,0
24,stage_arrival,4,S37,0,switch,0,51728,103,0,0,24,203.508,0,0,40.7016,0
24,stage_arrival,48,S50,3,switch,10,51722,97,0,0,24,118.54,0,0,39.932,0
24,stage_arrival,0,S00,5,terminal,0,51720,92,0,0,24,1000,0,0,62.5,0
24,stage_arrival_coalesce,0,S00,5,terminal,0,51730,100,0,0,24,1000,0,0,40.7016,0
24,stage_arrival,49,S26,0,switch,43,51727,98,0,0,24,126.404,0,0,62.5,0
24,stage_arrival,26,S33,0,switch,3,51731,66,0,0,24,174.708,0,0,39.7097,0
24,allocate_send_arrival,31,S62,3,switch,5,51733,61,0,0,24,238.676,0,62.5,0,0
24,allocate_send_arrival,38,S42,0,switch,42,51735,76,0,0,24,176.64,0,39.7097,0,0
24,allocate_send_arrival,51,S48,0,switch,57,51728,103,0,0,24,201.033,0,40.7016,0,0
24,allocate_send_arrival,37,S32,0,switch,0,51734,109,0,0,24,103.31,0,62.5,0,0
24,allocate_send_arrival,10,S61,0,switch,1,51726,39,0,0,24,227.172,0,39.932,0,0
24,allocate_send_arrival,10,S61,0,switch,1,51722,97,0,0,24,227.172,0,39.932,0,0
24,allocate_send_arrival,1,S01,0,switch,0,51722,97,0,0,24,159.728,0,14.932,25,0
24,enqueue_residual,1,S01,0,switch,0,51722,97,0,0,24,159.728,0,0,25,0
24,allocate_send_arrival,1,S01,0,switch,0,51721,16,0,0,24,159.728,0,14.932,25,0
24,enqueue_residual,1,S01,0,switch,0,51721,16,0,0,24,159.728,0,0,25,0
24,allocate_send_arrival,1,S01,0,switch,0,51729,26,0,0,24,159.728,0,14.932,25,0
24,enqueue_residual,1,S01,0,switch,0,51729,26,0,0,24,159.728,0,0,25,0
24,allocate_send_arrival,1,S01,0,switch,0,51726,39,0,0,24,159.728,0,14.932,25,0
24,enqueue_residual,1,S01,0,switch,0,51726,39,0,0,24,159.728,0,0,25,0
24,allocate_send_arrival,13,S40,0,switch,6,51729,26,0,0,24,162.644,0,39.932,0,0
24,allocate_send_arrival,3,S27,0,switch,0,51732,53,0,0,24,119.129,0,6.37633,33.3333,0
24,enqueue_residual,3,S27,0,switch,0,51732,53,0,0,24,119.129,0,0,33.3333,0
24,allocate_send_arrival,3,S27,0,switch,0,51731,66,0,0,24,119.129,0,6.37633,33.3333,0
24,enqueue_residual,3,S27,0,switch,0,51731,66,0,0,24,119.129,0,0,33.3333,0
24,allocate_send_arrival,3,S27,0,switch,0,51735,76,0,0,24,119.129,0,6.37633,33.3333,0
24,enqueue_residual,3,S27,0,switch,0,51735,76,0,0,24,119.129,0,0,33.3333,0
24,allocate_send_arrival,54,S31,1,switch,37,51734,109,0,0,24,242.335,0,62.5,0,0
24,allocate_send_arrival,33,S34,0,switch,26,51731,66,0,0,24,235.741,0,39.7097,0,0
24,allocate_send_arrival,57,S47,1,switch,50,51728,103,0,0,24,259.289,0,40.7016,0,0
24,allocate_send_arrival,57,S47,1,switch,50,51723,15,0,0,24,259.289,0,40.7016,0,0
24,allocate_send_arrival,43,S22,0,switch,0,51720,92,0,0,24,203.304,0,62.5,0,0
24,allocate_send_arrival,43,S22,0,switch,0,51727,98,0,0,24,203.304,0,62.5,0,0
24,allocate_send_arrival,5,S63,0,switch,0,51733,61,0,0,24,259.679,0,62.5,0,0
24,allocate_send_arrival,42,S20,2,switch,3,51735,76,0,0,24,251.806,0,39.7097,0,0
24,allocate_send_arrival,19,S06,3,switch,10,51726,39,0,0,24,169.014,0,39.932,0,0
24,allocate_send_arrival,4,S37,0,switch,0,51725,113,0,0,24,203.508,0,20.7016,20,0
24,enqueue_residual,4,S37,0,switch,0,51725,113,0,0,24,203.508,0,0,20,0
24,allocate_send_arrival,4,S37,0,switch,0,51723,15,0,0,24,203.508,0,20.7016,20,0
24,enqueue_residual,4,S37,0,switch,0,51723,15,0,0,24,203.508,0,0,20,0
24,allocate_send_arrival,4,S37,0,switch,0,51724,112,0,0,24,203.508,0,20.7016,20,0
24,enqueue_residual,4,S37,0,switch,0,51724,112,0,0,24,203.508,0,0,20,0
24,allocate_send_arrival,4,S37,0,switch,0,51730,100,0,0,24,203.508,0,20.7016,20,0
24,enqueue_residual,4,S37,0,switch,0,51730,100,0,0,24,203.508,0,0,20,0
24,allocate_send_arrival,4,S37,0,switch,0,51728,103,0,0,24,203.508,0,20.7016,20,0
24,enqueue_residual,4,S37,0,switch,0,51728,103,0,0,24,203.508,0,0,20,0
24,allocate_send_arrival,7,S45,2,switch,61,51723,15,0,0,24,100.666,0,40.7016,0,0
24,allocate_send_arrival,50,S38,2,switch,4,51730,100,0,0,24,290.506,0,40.7016,0,0
24,allocate_send_arrival,50,S38,2,switch,4,51728,103,0,0,24,290.506,0,40.7016,0,0
24,allocate_send_arrival,50,S38,2,switch,4,51723,15,0,0,24,290.506,0,40.7016,0,0
24,allocate_send_arrival,48,S50,3,switch,10,51722,97,0,0,24,118.54,0,39.932,0,0
24,allocate_send_arrival,44,S23,0,switch,43,51720,92,0,0,24,211.017,0,62.5,0,0
24,allocate_send_arrival,49,S26,0,switch,43,51727,98,0,0,24,126.404,0,62.5,0,0
24,allocate_send_arrival,30,S14,2,switch,31,51733,61,0,0,24,290.433,0,62.5,0,0
24,allocate_send_arrival,56,S36,2,switch,4,51725,113,0,0,24,112.305,0,40.7016,0,0
24,allocate_send_arrival,56,S36,2,switch,4,51724,112,0,0,24,112.305,0,40.7016,0,0
24,allocate_send_arrival,61,S46,1,switch,57,51723,15,0,0,24,199.213,0,40.7016,0,0
24,allocate_send_arrival,46,S24,1,switch,44,51720,92,0,0,24,217.722,0,62.5,0,0
24,allocate_send_arrival,0,S00,5,terminal,0,51725,113,0,0,24,1000,0,40.7016,0,0
24,allocate_send_arrival,0,S00,5,terminal,0,51726,39,0,0,24,1000,0,39.932,0,0
24,allocate_send_arrival,0,S00,5,terminal,0,51729,26,0,0,24,1000,0,39.932,0,0
24,allocate_send_arrival,0,S00,5,terminal,0,51727,98,0,0,24,1000,0,62.5,0,0
24,allocate_send_arrival,0,S00,5,terminal,0,51730,100,0,0,24,1000,0,40.7016,0,0
24,allocate_send_arrival,0,S00,5,terminal,0,51732,53,0,0,24,1000,0,39.7097,0,0
24,allocate_send_arrival,0,S00,5,terminal,0,51735,76,0,0,24,1000,0,39.7097,0,0
24,allocate_send_arrival,0,S00,5,terminal,0,51731,66,0,0,24,1000,0,39.7097,0,0
24,allocate_send_arrival,0,S00,5,terminal,0,51722,97,0,0,24,1000,0,39.932,0,0
24,allocate_send_arrival,0,S00,5,terminal,0,51723,15,0,0,24,1000,0,40.7016,0,0
24,allocate_send_arrival,0,S00,5,terminal,0,51721,16,0,0,24,1000,0,39.932,0,0
24,allocate_send_arrival,0,S00,5,terminal,0,51734,109,0,0,24,1000,0,62.5,0,0
24,allocate_send_arrival,0,S00,5,terminal,0,51728,103,0,0,24,1000,0,40.7016,0,0
24,allocate_send_arrival,0,S00,5,terminal,0,51724,112,0,0,24,1000,0,40.7016,0,0
24,allocate_send_arrival,0,S00,5,terminal,0,51733,61,0,0,24,1000,0,62.5,0,0
24,allocate_send_arrival,0,S00,5,terminal,0,51720,92,0,0,24,1000,0,62.5,0,0
24,allocate_send_arrival,26,S33,0,switch,3,51732,53,0,0,24,174.708,0,39.7097,0,0
24,allocate_send_arrival,26,S33,0,switch,3,51731,66,0,0,24,174.708,0,39.7097,0,0
24,allocate_send_arrival,6,S02,0,switch,1,51729,26,0,0,24,138.732,0,39.932,0,0
24,allocate_send_arrival,8,S52,0,switch,1,51721,16,0,0,24,255.562,0,39.932,0,0
25,allocate_send_buffered,3,S27,0,switch,0,51732,53,0,0,25,119.129,100,33.3333,0,0
25,allocate_send_buffered,3,S27,0,switch,0,51731,66,0,0,25,119.129,100,33.3333,0,0
25,allocate_send_buffered,3,S27,0,switch,0,51735,76,0,0,25,119.129,100,33.3333,0,0
25,allocate_send_buffered,1,S01,0,switch,0,51722,97,0,0,25,159.728,100,25,0,0
25,allocate_send_buffered,1,S01,0,switch,0,51721,16,0,0,25,159.728,100,25,0,0
25,allocate_send_buffered,1,S01,0,switch,0,51729,26,0,0,25,159.728,100,25,0,0
25,allocate_send_buffered,1,S01,0,switch,0,51726,39,0,0,25,159.728,100,25,0,0
25,allocate_send_buffered,4,S37,0,switch,0,51725,113,0,0,25,203.508,100,20,0,0
25,allocate_send_buffered,4,S37,0,switch,0,51723,15,0,0,25,203.508,100,20,0,0
25,allocate_send_buffered,4,S37,0,switch,0,51724,112,0,0,25,203.508,100,20,0,0
25,allocate_send_buffered,4,S37,0,switch,0,51730,100,0,0,25,203.508,100,20,0,0
25,allocate_send_buffered,4,S37,0,switch,0,51728,103,0,0,25,203.508,100,20,0,0
25,stage_arrival,31,S62,3,switch,5,51733,61,0,0,25,238.676,0,0,62.5,0
25,stage_arrival,46,S24,1,switch,44,51720,92,0,0,25,217.722,0,0,62.5,0
25,stage_arrival,0,S00,5,terminal,0,51730,100,0,0,25,1000,0,0,20.7016,0
25,stage_arrival,5,S63,0,switch,0,51733,61,0,0,25,259.679,0,0,62.5,0
25,stage_arrival,61,S46,1,switch,57,51723,15,0,0,25,199.213,0,0,40.7016,0
25,stage_arrival,0,S00,5,terminal,0,51722,97,0,0,25,1000,0,0,14.932,0
25,stage_arrival,3,S27,0,switch,0,51732,53,0,0,25,119.129,0,0,39.7097,0
25,stage_arrival,0,S00,5,terminal,0,51735,76,0,0,25,1000,0,0,33.3333,0
25,stage_arrival,0,S00,5,terminal,0,51720,92,0,0,25,1000,0,0,62.5,0
25,stage_arrival,10,S61,0,switch,1,51726,39,0,0,25,227.172,0,0,39.932,0
25,stage_arrival,4,S37,0,switch,0,51730,100,0,0,25,203.508,0,0,40.7016,0
25,stage_arrival,19,S06,3,switch,10,51726,39,0,0,25,169.014,0,0,39.932,0
25,stage_arrival,33,S34,0,switch,26,51731,66,0,0,25,235.741,0,0,39.7097,0
25,stage_arrival,0,S00,5,terminal,0,51734,109,0,0,25,1000,0,0,62.5,0
25,stage_arrival,50,S38,2,switch,4,51723,15,0,0,25,290.506,0,0,40.7016,0
25,stage_arrival,0,S00,5,terminal,0,51731,66,0,0,25,1000,0,0,6.37633,0
25,stage_arrival,0,S00,5,terminal,0,51729,26,0,0,25,1000,0,0,14.932,0
25,stage_arrival,0,S00,5,terminal,0,51727,98,0,0,25,1000,0,0,62.5,0
25,stage_arrival,7,S45,2,switch,61,51723,15,0,0,25,100.666,0,0,40.7016,0
25,stage_arrival,1,S01,0,switch,0,51726,39,0,0,25,159.728,0,0,39.932,0
25,stage_arrival,50,S38,2,switch,4,51728,103,0,0,25,290.506,0,0,40.7016,0
25,stage_arrival,26,S33,0,switch,3,51731,66,0,0,25,174.708,0,0,39.7097,0
25,stage_arrival,37,S32,0,switch,0,51734,109,0,0,25,103.31,0,0,62.5,0
25,stage_arrival,57,S47,1,switch,50,51728,103,0,0,25,259.289,0,0,40.7016,0
25,stage_arrival,43,S22,0,switch,0,51727,98,0,0,25,203.304,0,0,62.5,0
25,stage_arrival_coalesce,0,S00,5,terminal,0,51730,100,0,0,25,1000,0,0,40.7016,0
25,stage_arrival,0,S00,5,terminal,0,51726,39,0,0,25,1000,0,0,25,0
25,stage_arrival,26,S33,0,switch,3,51732,53,0,0,25,174.708,0,0,39.7097,0
25,stage_arrival,56,S36,2,switch,4,51724,112,0,0,25,112.305,0,0,40.7016,0
25,stage_arrival,44,S23,0,switch,43,51720,92,0,0,25,211.017,0,0,62.5,0
25,stage_arrival,0,S00,5,terminal,0,51728,103,0,0,25,1000,0,0,20.7016,0
25,stage_arrival,1,S01,0,switch,0,51729,26,0,0,25,159.728,0,0,39.932,0
25,stage_arrival,0,S00,5,terminal,0,51721,16,0,0,25,1000,0,0,14.932,0
25,stage_arrival_coalesce,0,S00,5,terminal,0,51721,16,0,0,25,1000,0,0,39.932,0
25,stage_arrival,10,S61,0,switch,1,51722,97,0,0,25,227.172,0,0,39.932,0
25,stage_arrival,54,S31,1,switch,37,51734,109,0,0,25,242.335,0,0,62.5,0
25,stage_arrival,0,S00,5,terminal,0,51725,113,0,0,25,1000,0,0,20,0
25,stage_arrival,0,S00,5,terminal,0,51732,53,0,0,25,1000,0,0,6.37633,0
25,stage_arrival,6,S02,0,switch,1,51729,26,0,0,25,138.732,0,0,39.932,0
25,stage_arrival,42,S20,2,switch,3,51735,76,0,0,25,251.806,0,0,39.7097,0
25,stage_arrival,43,S22,0,switch,0,51720,92,0,0,25,203.304,0,0,62.5,0
25,stage_arrival_coalesce,0,S00,5,terminal,0,51725,113,0,0,25,1000,0,0,40.7016,0
25,stage_arrival,49,S26,0,switch,43,51727,98,0,0,25,126.404,0,0,62.5,0
25,stage_arrival,57,S47,1,switch,50,51723,15,0,0,25,259.289,0,0,40.7016,0
25,stage_arrival,1,S01,0,switch,0,51721,16,0,0,25,159.728,0,0,39.932,0
25,stage_arrival_coalesce,0,S00,5,terminal,0,51729,26,0,0,25,1000,0,0,39.932,0
25,stage_arrival_coalesce,0,S00,5,terminal,0,51728,103,0,0,25,1000,0,0,40.7016,0
25,stage_arrival,4,S37,0,switch,0,51723,15,0,0,25,203.508,0,0,40.7016,0
25,stage_arrival,0,S00,5,terminal,0,51724,112,0,0,25,1000,0,0,20,0
25,stage_arrival_coalesce,0,S00,5,terminal,0,51724,112,0,0,25,1000,0,0,40.7016,0
25,stage_arrival,4,S37,0,switch,0,51724,112,0,0,25,203.508,0,0,40.7016,0
25,stage_arrival_coalesce,0,S00,5,terminal,0,51726,39,0,0,25,1000,0,0,39.932,0
25,stage_arrival,8,S52,0,switch,1,51721,16,0,0,25,255.562,0,0,39.932,0
25,stage_arrival,56,S36,2,switch,4,51725,113,0,0,25,112.305,0,0,40.7016,0
25,stage_arrival,0,S00,5,terminal,0,51733,61,0,0,25,1000,0,0,62.5,0
25,stage_arrival_coalesce,0,S00,5,terminal,0,51732,53,0,0,25,1000,0,0,39.7097,0
25,stage_arrival,50,S38,2,switch,4,51730,100,0,0,25,290.506,0,0,40.7016,0
25,stage_arrival_coalesce,0,S00,5,terminal,0,51735,76,0,0,25,1000,0,0,39.7097,0
25,stage_arrival,0,S00,5,terminal,0,51723,15,0,0,25,1000,0,0,20.7016,0
25,stage_arrival,48,S50,3,switch,10,51722,97,0,0,25,118.54,0,0,39.932,0
25,stage_arrival,51,S48,0,switch,57,51728,103,0,0,25,201.033,0,0,40.7016,0
25,stage_arrival,4,S37,0,switch,0,51728,103,0,0,25,203.508,0,0,40.7016,0
25,stage_arrival_coalesce,0,S00,5,terminal,0,51723,15,0,0,25,1000,0,0,40.7016,0
25,stage_arrival,38,S42,0,switch,42,51735,76,0,0,25,176.64,0,0,39.7097,0
25,stage_arrival,3,S27,0,switch,0,51735,76,0,0,25,119.129,0,0,39.7097,0
25,stage_arrival_coalesce,0,S00,5,terminal,0,51722,97,0,0,25,1000,0,0,39.932,0
25,stage_arrival,4,S37,0,switch,0,51725,113,0,0,25,203.508,0,0,40.7016,0
25,stage_arrival,1,S01,0,switch,0,51722,97,0,0,25,159.728,0,0,39.932,0
25,stage_arrival,13,S40,0,switch,6,51729,26,0,0,25,162.644,0,0,39.932,0
25,stage_arrival_coalesce,0,S00,5,terminal,0,51731,66,0,0,25,1000,0,0,39.7097,0
25,stage_arrival,3,S27,0,switch,0,51731,66,0,0,25,119.129,0,0,39.7097,0
25,stage_arrival,30,S14,2,switch,31,51733,61,0,0,25,290.433,0,0,62.5,0
25,allocate_send_arrival,50,S38,2,switch,4,51723,15,0,0,25,290.506,0,40.7016,0,0
25,allocate_send_arrival,50,S38,2,switch,4,51728,103,0,0,25,290.506,0,40.7016,0,0
25,allocate_send_arrival,50,S38,2,switch,4,51730,100,0,0,25,290.506,0,40.7016,0,0
25,allocate_send_arrival,54,S31,1,switch,37,51734,109,0,0,25,242.335,0,62.5,0,0
25,allocate_send_arrival,38,S42,0,switch,42,51735,76,0,0,25,176.64,0,39.7097,0,0
25,allocate_send_arrival,4,S37,0,switch,0,51730,100,0,0,25,203.508,0,20.7016,20,0
25,enqueue_residual,4,S37,0,switch,0,51730,100,0,0,25,203.508,0,0,20,0
25,allocate_send_arrival,4,S37,0,switch,0,51723,15,0,0,25,203.508,0,20.7016,20,0
25,enqueue_residual,4,S37,0,switch,0,51723,15,0,0,25,203.508,0,0,20,0
25,allocate_send_arrival,4,S37,0,switch,0,51724,112,0,0,25,203.508,0,20.7016,20,0
25,enqueue_residual,4,S37,0,switch,0,51724,112,0,0,25,203.508,0,0,20,0
25,allocate_send_arrival,4,S37,0,switch,0,51728,103,0,0,25,203.508,0,20.7016,20,0
25,enqueue_residual,4,S37,0,switch,0,51728,103,0,0,25,203.508,0,0,20,0
25,allocate_send_arrival,4,S37,0,switch,0,51725,113,0,0,25,203.508,0,20.7016,20,0
25,enqueue_residual,4,S37,0,switch,0,51725,113,0,0,25,203.508,0,0,20,0
25,allocate_send_arrival,37,S32,0,switch,0,51734,109,0,0,25,103.31,0,62.5,0,0
25,allocate_send_arrival,46,S24,1,switch,44,51720,92,0,0,25,217.722,0,62.5,0,0
25,allocate_send_arrival,48,S50,3,switch,10,51722,97,0,0,25,118.54,0,39.932,0,0
25,allocate_send_arrival,49,S26,0,switch,43,51727,98,0,0,25,126.404,0,62.5,0,0
25,allocate_send_arrival,0,S00,5,terminal,0,51730,100,0,0,25,1000,0,40.7016,0,0
25,allocate_send_arrival,0,S00,5,terminal,0,51722,97,0,0,25,1000,0,39.932,0,0
25,allocate_send_arrival,0,S00,5,terminal,0,51735,76,0,0,25,1000,0,39.7097,0,0
25,allocate_send_arrival,0,S00,5,terminal,0,51720,92,0,0,25,1000,0,62.5,7.27596e-15,0
25,allocate_send_arrival,0,S00,5,terminal,0,51734,109,0,0,25,1000,0,62.5,7.27596e-15,0
25,allocate_send_arrival,0,S00,5,terminal,0,51731,66,0,0,25,1000,0,39.7097,0,0
25,allocate_send_arrival,0,S00,5,terminal,0,51729,26,0,0,25,1000,0,39.932,0,0
25,allocate_send_arrival,0,S00,5,terminal,0,51727,98,0,0,25,1000,0,62.5,7.27596e-15,0
25,allocate_send_arrival,0,S00,5,terminal,0,51726,39,0,0,25,1000,0,39.932,0,0
25,allocate_send_arrival,0,S00,5,terminal,0,51728,103,0,0,25,1000,0,40.7016,0,0
25,allocate_send_arrival,0,S00,5,terminal,0,51721,16,0,0,25,1000,0,39.932,0,0
25,allocate_send_arrival,0,S00,5,terminal,0,51725,113,0,0,25,1000,0,40.7016,0,0
25,allocate_send_arrival,0,S00,5,terminal,0,51732,53,0,0,25,1000,0,39.7097,0,0
25,allocate_send_arrival,0,S00,5,terminal,0,51724,112,0,0,25,1000,0,40.7016,0,0
25,allocate_send_arrival,0,S00,5,terminal,0,51733,61,0,0,25,1000,0,62.5,7.27596e-15,0
25,allocate_send_arrival,0,S00,5,terminal,0,51723,15,0,0,25,1000,0,40.7016,0,0
25,allocate_send_arrival,51,S48,0,switch,57,51728,103,0,0,25,201.033,0,40.7016,0,0
25,allocate_send_arrival,1,S01,0,switch,0,51726,39,0,0,25,159.728,0,14.932,25,0
25,enqueue_residual,1,S01,0,switch,0,51726,39,0,0,25,159.728,0,0,25,0
25,allocate_send_arrival,1,S01,0,switch,0,51729,26,0,0,25,159.728,0,14.932,25,0
25,enqueue_residual,1,S01,0,switch,0,51729,26,0,0,25,159.728,0,0,25,0
25,allocate_send_arrival,1,S01,0,switch,0,51721,16,0,0,25,159.728,0,14.932,25,0
25,enqueue_residual,1,S01,0,switch,0,51721,16,0,0,25,159.728,0,0,25,0
25,allocate_send_arrival,1,S01,0,switch,0,51722,97,0,0,25,159.728,0,14.932,25,0
25,enqueue_residual,1,S01,0,switch,0,51722,97,0,0,25,159.728,0,0,25,0
25,allocate_send_arrival,5,S63,0,switch,0,51733,61,0,0,25,259.679,0,62.5,0,0
25,allocate_send_arrival,8,S52,0,switch,1,51721,16,0,0,25,255.562,0,39.932,0,0
25,allocate_send_arrival,6,S02,0,switch,1,51729,26,0,0,25,138.732,0,39.932,0,0
25,allocate_send_arrival,56,S36,2,switch,4,51724,112,0,0,25,112.305,0,40.7016,0,0
25,allocate_send_arrival,56,S36,2,switch,4,51725,113,0,0,25,112.305,0,40.7016,0,0
25,allocate_send_arrival,43,S22,0,switch,0,51727,98,0,0,25,203.304,0,62.5,0,0
25,allocate_send_arrival,43,S22,0,switch,0,51720,92,0,0,25,203.304,0,62.5,0,0
25,allocate_send_arrival,61,S46,1,switch,57,51723,15,0,0,25,199.213,0,40.7016,0,0
25,allocate_send_arrival,33,S34,0,switch,26,51731,66,0,0,25,235.741,0,39.7097,0,0
25,allocate_send_arrival,26,S33,0,switch,3,51731,66,0,0,25,174.708,0,39.7097,0,0
25,allocate_send_arrival,26,S33,0,switch,3,51732,53,0,0,25,174.708,0,39.7097,0,0
25,allocate_send_arrival,10,S61,0,switch,1,51726,39,0,0,25,227.172,0,39.932,0,0
25,allocate_send_arrival,10,S61,0,switch,1,51722,97,0,0,25,227.172,0,39.932,0,0
25,allocate_send_arrival,44,S23,0,switch,43,51720,92,0,0,25,211.017,0,62.5,0,0
25,allocate_send_arrival,3,S27,0,switch,0,51732,53,0,0,25,119.129,0,6.37633,33.3333,0
25,enqueue_residual,3,S27,0,switch,0,51732,53,0,0,25,119.129,0,0,33.3333,0
25,allocate_send_arrival,3,S27,0,switch,0,51735,76,0,0,25,119.129,0,6.37633,33.3333,0
25,enqueue_residual,3,S27,0,switch,0,51735,76,0,0,25,119.129,0,0,33.3333,0
25,allocate_send_arrival,3,S27,0,switch,0,51731,66,0,0,25,119.129,0,6.37633,33.3333,0
25,enqueue_residual,3,S27,0,switch,0,51731,66,0,0,25,119.129,0,0,33.3333,0
25,allocate_send_arrival,30,S14,2,switch,31,51733,61,0,0,25,290.433,0,62.5,0,0
25,allocate_send_arrival,31,S62,3,switch,5,51733,61,0,0,25,238.676,0,62.5,0,0
25,allocate_send_arrival,57,S47,1,switch,50,51728,103,0,0,25,259.289,0,40.7016,0,0
25,allocate_send_arrival,57,S47,1,switch,50,51723,15,0,0,25,259.289,0,40.7016,0,0
25,allocate_send_arrival,19,S06,3,switch,10,51726,39,0,0,25,169.014,0,39.932,0,0
25,allocate_send_arrival,13,S40,0,switch,6,51729,26,0,0,25,162.644,0,39.932,0,0
25,allocate_send_arrival,42,S20,2,switch,3,51735,76,0,0,25,251.806,0,39.7097,0,0
25,allocate_send_arrival,7,S45,2,switch,61,51723,15,0,0,25,100.666,0,40.7016,0,0
26,allocate_send_buffered,4,S37,0,switch,0,51730,100,0,0,26,203.508,100,20,0,0
26,allocate_send_buffered,4,S37,0,switch,0,51723,15,0,0,26,203.508,100,20,0,0
26,allocate_send_buffered,4,S37,0,switch,0,51724,112,0,0,26,203.508,100,20,0,0
26,allocate_send_buffered,4,S37,0,switch,0,51728,103,0,0,26,203.508,100,20,0,0
26,allocate_send_buffered,4,S37,0,switch,0,51725,113,0,0,26,203.508,100,20,0,0
26,allocate_send_buffered,3,S27,0,switch,0,51732,53,0,0,26,119.129,100,33.3333,0,0
26,allocate_send_buffered,3,S27,0,switch,0,51735,76,0,0,26,119.129,100,33.3333,0,0
26,allocate_send_buffered,3,S27,0,switch,0,51731,66,0,0,26,119.129,100,33.3333,0,0
26,allocate_send_buffered,1,S01,0,switch,0,51726,39,0,0,26,159.728,100,25,0,0
26,allocate_send_buffered,1,S01,0,switch,0,51729,26,0,0,26,159.728,100,25,0,0
26,allocate_send_buffered,1,S01,0,switch,0,51721,16,0,0,26,159.728,100,25,0,0
26,allocate_send_buffered,1,S01,0,switch,0,51722,97,0,0,26,159.728,100,25,0,0
26,stage_arrival,33,S34,0,switch,26,51731,66,0,0,26,235.741,0,0,39.7097,0
26,stage_arrival,8,S52,0,switch,1,51721,16,0,0,26,255.562,0,0,39.932,0
26,stage_arrival,38,S42,0,switch,42,51735,76,0,0,26,176.64,0,0,39.7097,0
26,stage_arrival,26,S33,0,switch,3,51731,66,0,0,26,174.708,0,0,39.7097,0
26,stage_arrival,57,S47,1,switch,50,51728,103,0,0,26,259.289,0,0,40.7016,0
26,stage_arrival,44,S23,0,switch,43,51720,92,0,0,26,211.017,0,0,62.5,0
26,stage_arrival,50,S38,2,switch,4,51730,100,0,0,26,290.506,0,0,40.7016,0
26,stage_arrival,1,S01,0,switch,0,51721,16,0,0,26,159.728,0,0,39.932,0
26,stage_arrival,0,S00,5,terminal,0,51721,16,0,0,26,1000,0,0,25,0
26,stage_arrival,3,S27,0,switch,0,51732,53,0,0,26,119.129,0,0,39.7097,0
26,stage_arrival,56,S36,2,switch,4,51725,113,0,0,26,112.305,0,0,40.7016,0
26,stage_arrival,56,S36,2,switch,4,51724,112,0,0,26,112.305,0,0,40.7016,0
26,stage_arrival,0,S00,5,terminal,0,51726,39,0,0,26,1000,0,0,14.932,0
26,stage_arrival,3,S27,0,switch,0,51731,66,0,0,26,119.129,0,0,39.7097,0
26,stage_arrival,10,S61,0,switch,1,51726,39,0,0,26,227.172,0,0,39.932,0
26,stage_arrival,19,S06,3,switch,10,51726,39,0,0,26,169.014,0,0,39.932,0
26,stage_arrival,48,S50,3,switch,10,51722,97,0,0,26,118.54,0,0,39.932,0
26,stage_arrival,54,S31,1,switch,37,51734,109,0,0,26,242.335,0,0,62.5,0
26,stage_arrival,4,S37,0,switch,0,51724,112,0,0,26,203.508,0,0,40.7016,0
26,stage_arrival,7,S45,2,switch,61,51723,15,0,0,26,100.666,0,0,40.7016,0
26,stage_arrival,0,S00,5,terminal,0,51732,53,0,0,26,1000,0,0,33.3333,0
26,stage_arrival,0,S00,5,terminal,0,51730,100,0,0,26,1000,0,0,20,0
26,stage_arrival,3,S27,0,switch,0,51735,76,0,0,26,119.129,0,0,39.7097,0
26,stage_arrival,0,S00,5,terminal,0,51723,15,0,0,26,1000,0,0,20.7016,0
26,stage_arrival,1,S01,0,switch,0,51726,39,0,0,26,159.728,0,0,39.932,0
26,stage_arrival,0,S00,5,terminal,0,51728,103,0,0,26,1000,0,0,20,0
26,stage_arrival,0,S00,5,terminal,0,51722,97,0,0,26,1000,0,0,25,0
26,stage_arrival,4,S37,0,switch,0,51723,15,0,0,26,203.508,0,0,40.7016,0
26,stage_arrival,43,S22,0,switch,0,51720,92,0,0,26,203.304,0,0,62.5,0
26,stage_arrival_coalesce,0,S00,5,terminal,0,51726,39,0,0,26,1000,0,0,39.932,0
26,stage_arrival_coalesce,0,S00,5,terminal,0,51723,15,0,0,26,1000,0,0,40.7016,0
26,stage_arrival,0,S00,5,terminal,0,51720,92,0,0,26,1000,0,0,62.5,0
26,stage_arrival,0,S00,5,terminal,0,51729,26,0,0,26,1000,0,0,14.932,0
26,stage_arrival_coalesce,0,S00,5,terminal,0,51730,100,0,0,26,1000,0,0,40.7016,0
26,stage_arrival,0,S00,5,terminal,0,51731,66,0,0,26,1000,0,0,6.37633,0
26,stage_arrival_coalesce,0,S00,5,terminal,0,51728,103,0,0,26,1000,0,0,40.7016,0
26,stage_arrival_coalesce,0,S00,5,terminal,0,51731,66,0,0,26,1000,0,0,39.7097,0
26,stage_arrival,31,S62,3,switch,5,51733,61,0,0,26,238.676,0,0,62.5,0
26,stage_arrival,43,S22,0,switch,0,51727,98,0,0,26,203.304,0,0,62.5,0
26,stage_arrival_coalesce,0,S00,5,terminal,0,51721,16,0,0,26,1000,0,0,39.932,0
26,stage_arrival,0,S00,5,terminal,0,51734,109,0,0,26,1000,0,0,62.5,0
26,stage_arrival,30,S14,2,switch,31,51733,61,0,0,26,290.433,0,0,62.5,0
26,stage_arrival_coalesce,0,S00,5,terminal,0,51729,26,0,0,26,1000,0,0,39.932,0
26,stage_arrival,0,S00,5,terminal,0,51727,98,0,0,26,1000,0,0,62.5,0
26,stage_arrival,1,S01,0,switch,0,51729,26,0,0,26,159.728,0,0,39.932,0
26,stage_arrival,1,S01,0,switch,0,51722,97,0,0,26,159.728,0,0,39.932,0
26,stage_arrival,50,S38,2,switch,4,51728,103,0,0,26,290.506,0,0,40.7016,0
26,stage_arrival,0,S00,5,terminal,0,51725,113,0,0,26,1000,0,0,20,0
26,stage_arrival,0,S00,5,terminal,0,51733,61,0,0,26,1000,0,0,62.5,0
26,stage_arrival_coalesce,0,S00,5,terminal,0,51732,53,0,0,26,1000,0,0,39.7097,0
26,stage_arrival,4,S37,0,switch,0,51725,113,0,0,26,203.508,0,0,40.7016,0
26,stage_arrival,37,S32,0,switch,0,51734,109,0,0,26,103.31,0,0,62.5,0
26,stage_arrival,4,S37,0,switch,0,51728,103,0,0,26,203.508,0,0,40.7016,0
26,stage_arrival,13,S40,0,switch,6,51729,26,0,0,26,162.644,0,0,39.932,0
26,stage_arrival,6,S02,0,switch,1,51729,26,0,0,26,138.732,0,0,39.932,0
26,stage_arrival,50,S38,2,switch,4,51723,15,0,0,26,290.506,0,0,40.7016,0
26,stage_arrival,0,S00,5,terminal,0,51735,76,0,0,26,1000,0,0,6.37633,0
26,stage_arrival,5,S63,0,switch,0,51733,61,0,0,26,259.679,0,0,62.5,0
26,stage_arrival,0,S00,5,terminal,0,51724,112,0,0,26,1000,0,0,20.7016,0
26,stage_arrival,4,S37,0,switch,0,51730,100,0,0,26,203.508,0,0,40.7016,0
26,stage_arrival,10,S61,0,switch,1,51722,97,0,0,26,227.172,0,0,39.932,0
26,stage_arrival,26,S33,0,switch,3,51732,53,0,0,26,174.708,0,0,39.7097,0
26,stage_arrival_coalesce,0,S00,5,terminal,0,51722,97,0,0,26,1000,0,0,39.932,0
26,stage_arrival_coalesce,0,S00,5,terminal,0,51725,113,0,0,26,1000,0,0,40.7016,0
26,stage_arrival,57,S47,1,switch,50,51723,15,0,0,26,259.289,0,0,40.7016,0
26,stage_arrival,61,S46,1,switch,57,51723,15,0,0,26,199.213,0,0,40.7016,0
26,stage_arrival,49,S26,0,switch,43,51727,98,0,0,26,126.404,0,0,62.5,0
26,stage_arrival,42,S20,2,switch,3,51735,76,0,0,26,251.806,0,0,39.7097,0
26,stage_arrival,46,S24,1,switch,44,51720,92,0,0,26,217.722,0,0,62.5,0
26,stage_arrival,51,S48,0,switch,57,51728,103,0,0,26,201.033,0,0,40.7016,0
26,stage_arrival_coalesce,0,S00,5,terminal,0,51724,112,0,0,26,1000,0,0,40.7016,0
26,stage_arrival_coalesce,0,S00,5,terminal,0,51735,76,0,0,26,1000,0,0,39.7097,0
26,allocate_send_arrival,33,S34,0,switch,26,51731,66,0,0,26,235.741,0,39.7097,0,0
26,allocate_send_arrival,56,S36,2,switch,4,51725,113,0,0,26,112.305,0,40.7016,0,0
26,allocate_send_arrival,56,S36,2,switch,4,51724,112,0,0,26,112.305,0,40.7016,0,0
26,allocate_send_arrival,8,S52,0,switch,1,51721,16,0,0,26,255.562,0,39.932,0,0
26,allocate_send_arrival,61,S46,1,switch,57,51723,15,0,0,26,199.213,0,40.7016,0,0
26,allocate_send_arrival,51,S48,0,switch,57,51728,103,0,0,26,201.033,0,40.7016,0,0
26,allocate_send_arrival,26,S33,0,switch,3,51731,66,0,0,26,174.708,0,39.7097,5.82077e-14,0
26,allocate_send_arrival,26,S33,0,switch,3,51732,53,0,0,26,174.708,0,39.7097,0,0
26,allocate_send_arrival,13,S40,0,switch,6,51729,26,0,0,26,162.644,0,39.932,0,0
26,allocate_send_arrival,38,S42,0,switch,42,51735,76,0,0,26,176.64,0,39.7097,0,0
26,allocate_send_arrival,31,S62,3,switch,5,51733,61,0,0,26,238.676,0,62.5,0,0
26,allocate_send_arrival,6,S02,0,switch,1,51729,26,0,0,26,138.732,0,39.932,0,0
26,allocate_send_arrival,49,S26,0,switch,43,51727,98,0,0,26,126.404,0,62.5,0,0
26,allocate_send_arrival,43,S22,0,switch,0,51720,92,0,0,26,203.304,0,62.5,0,0
26,allocate_send_arrival,43,S22,0,switch,0,51727,98,0,0,26,203.304,0,62.5,0,0
26,allocate_send_arrival,10,S61,0,switch,1,51726,39,0,0,26,227.172,0,39.932,0,0
26,allocate_send_arrival,10,S61,0,switch,1,51722,97,0,0,26,227.172,0,39.932,0,0
26,allocate_send_arrival,44,S23,0,switch,43,51720,92,0,0,26,211.017,0,62.5,0,0
26,allocate_send_arrival,42,S20,2,switch,3,51735,76,0,0,26,251.806,0,39.7097,0,0
26,allocate_send_arrival,37,S32,0,switch,0,51734,109,0,0,26,103.31,0,62.5,0,0
26,allocate_send_arrival,1,S01,0,switch,0,51721,16,0,0,26,159.728,0,14.932,25,0
26,enqueue_residual,1,S01,0,switch,0,51721,16,0,0,26,159.728,0,0,25,0
26,allocate_send_arrival,1,S01,0,switch,0,51726,39,0,0,26,159.728,0,14.932,25,0
26,enqueue_residual,1,S01,0,switch,0,51726,39,0,0,26,159.728,0,0,25,0
26,allocate_send_arrival,1,S01,0,switch,0,51729,26,0,0,26,159.728,0,14.932,25,0
26,enqueue_residual,1,S01,0,switch,0,51729,26,0,0,26,159.728,0,0,25,0
26,allocate_send_arrival,1,S01,0,switch,0,51722,97,0,0,26,159.728,0,14.932,25,0
26,enqueue_residual,1,S01,0,switch,0,51722,97,0,0,26,159.728,0,0,25,0
26,allocate_send_arrival,19,S06,3,switch,10,51726,39,0,0,26,169.014,0,39.932,0,0
26,allocate_send_arrival,5,S63,0,switch,0,51733,61,0,0,26,259.679,0,62.5,0,0
26,allocate_send_arrival,46,S24,1,switch,44,51720,92,0,0,26,217.722,0,62.5,0,0
26,allocate_send_arrival,7,S45,2,switch,61,51723,15,0,0,26,100.666,0,40.7016,0,0
26,allocate_send_arrival,0,S00,5,terminal,0,51721,16,0,0,26,1000,0,39.932,0,0
26,allocate_send_arrival,0,S00,5,terminal,0,51726,39,0,0,26,1000,0,39.932,0,0
26,allocate_send_arrival,0,S00,5,terminal,0,51732,53,0,0,26,1000,0,39.7097,0,0
26,allocate_send_arrival,0,S00,5,terminal,0,51730,100,0,0,26,1000,0,40.7016,0,0
26,allocate_send_arrival,0,S00,5,terminal,0,51723,15,0,0,26,1000,0,40.7016,0,0
26,allocate_send_arrival,0,S00,5,terminal,0,51728,103,0,0,26,1000,0,40.7016,0,0
26,allocate_send_arrival,0,S00,5,terminal,0,51722,97,0,0,26,1000,0,39.932,0,0
26,allocate_send_arrival,0,S00,5,terminal,0,51720,92,0,0,26,1000,0,62.5,3.63798e-14,0
26,allocate_send_arrival,0,S00,5,terminal,0,51729,26,0,0,26,1000,0,39.932,0,0
26,allocate_send_arrival,0,S00,5,terminal,0,51731,66,0,0,26,1000,0,39.7097,0,0
26,allocate_send_arrival,0,S00,5,terminal,0,51734,109,0,0,26,1000,0,62.5,3.63798e-14,0
26,allocate_send_arrival,0,S00,5,terminal,0,51727,98,0,0,26,1000,0,62.5,3.63798e-14,0
26,allocate_send_arrival,0,S00,5,terminal,0,51725,113,0,0,26,1000,0,40.7016,0,0
26,allocate_send_arrival,0,S00,5,terminal,0,51733,61,0,0,26,1000,0,62.5,3.63798e-14,0
26,allocate_send_arrival,0,S00,5,terminal,0,51735,76,0,0,26,1000,0,39.7097,0,0
26,allocate_send_arrival,0,S00,5,terminal,0,51724,112,0,0,26,1000,0,40.7016,0,0
26,allocate_send_arrival,3,S27,0,switch,0,51732,53,0,0,26,119.129,0,6.37633,33.3333,0
26,enqueue_residual,3,S27,0,switch,0,51732,53,0,0,26,119.129,0,0,33.3333,0
26,allocate_send_arrival,3,S27,0,switch,0,51731,66,0,0,26,119.129,0,6.37633,33.3333,0
26,enqueue_residual,3,S27,0,switch,0,51731,66,0,0,26,119.129,0,0,33.3333,0
26,allocate_send_arrival,3,S27,0,switch,0,51735,76,0,0,26,119.129,0,6.37633,33.3333,0
26,enqueue_residual,3,S27,0,switch,0,51735,76,0,0,26,119.129,0,0,33.3333,0
26,allocate_send_arrival,57,S47,1,switch,50,51728,103,0,0,26,259.289,0,40.7016,0,0
26,allocate_send_arrival,57,S47,1,switch,50,51723,15,0,0,26,259.289,0,40.7016,0,0
26,allocate_send_arrival,54,S31,1,switch,37,51734,109,0,0,26,242.335,0,62.5,0,0
26,allocate_send_arrival,50,S38,2,switch,4,51730,100,0,0,26,290.506,0,40.7016,0,0
26,allocate_send_arrival,50,S38,2,switch,4,51728,103,0,0,26,290.506,0,40.7016,4.36557e-14,0
26,allocate_send_arrival,50,S38,2,switch,4,51723,15,0,0,26,290.506,0,40.7016,4.36557e-14,0
26,allocate_send_arrival,30,S14,2,switch,31,51733,61,0,0,26,290.433,0,62.5,0,0
26,allocate_send_arrival,48,S50,3,switch,10,51722,97,0,0,26,118.54,0,39.932,0,0
26,allocate_send_arrival,4,S37,0,switch,0,51724,112,0,0,26,203.508,0,20.7016,20,0
26,enqueue_residual,4,S37,0,switch,0,51724,112,0,0,26,203.508,0,0,20,0
26,allocate_send_arrival,4,S37,0,switch,0,51723,15,0,0,26,203.508,0,20.7016,20,0
26,enqueue_residual,4,S37,0,switch,0,51723,15,0,0,26,203.508,0,0,20,0
26,allocate_send_arrival,4,S37,0,switch,0,51725,113,0,0,26,203.508,0,20.7016,20,0
26,enqueue_residual,4,S37,0,switch,0,51725,113,0,0,26,203.508,0,0,20,0
26,allocate_send_arrival,4,S37,0,switch,0,51728,103,0,0,26,203.508,0,20.7016,20,0
26,enqueue_residual,4,S37,0,switch,0,51728,103,0,0,26,203.508,0,0,20,0
26,allocate_send_arrival,4,S37,0,switch,0,51730,100,0,0,26,203.508,0,20.7016,20,0
26,enqueue_residual,4,S37,0,switch,0,51730,100,0,0,26,203.508,0,0,20,0
27,allocate_send_buffered,4,S37,0,switch,0,51724,112,0,0,27,203.508,100,20,0,0
27,allocate_send_buffered,4,S37,0,switch,0,51723,15,0,0,27,203.508,100,20,0,0
27,allocate_send_buffered,4,S37,0,switch,0,51725,113,0,0,27,203.508,100,20,0,0
27,allocate_send_buffered,4,S37,0,switch,0,51728,103,0,0,27,203.508,100,20,0,0
27,allocate_send_buffered,4,S37,0,switch,0,51730,100,0,0,27,203.508,100,20,0,0
27,allocate_send_buffered,1,S01,0,switch,0,51721,16,0,0,27,159.728,100,25,0,0
27,allocate_send_buffered,1,S01,0,switch,0,51726,39,0,0,27,159.728,100,25,0,0
27,allocate_send_buffered,1,S01,0,switch,0,51729,26,0,0,27,159.728,100,25,0,0
27,allocate_send_buffered,1,S01,0,switch,0,51722,97,0,0,27,159.728,100,25,0,0
27,allocate_send_buffered,3,S27,0,switch,0,51732,53,0,0,27,119.129,100,33.3333,0,0
27,allocate_send_buffered,3,S27,0,switch,0,51731,66,0,0,27,119.129,100,33.3333,0,0
27,allocate_send_buffered,3,S27,0,switch,0,51735,76,0,0,27,119.129,100,33.3333,0,0
27,stage_arrival,56,S36,2,switch,4,51725,113,0,0,27,112.305,0,0,40.7016,0
27,stage_arrival,0,S00,5,terminal,0,51722,97,0,0,27,1000,0,0,14.932,0
27,stage_arrival,61,S46,1,switch,57,51723,15,0,0,27,199.213,0,0,40.7016,0
27,stage_arrival,0,S00,5,terminal,0,51734,109,0,0,27,1000,0,0,62.5,0
27,stage_arrival,13,S40,0,switch,6,51729,26,0,0,27,162.644,0,0,39.932,0
27,stage_arrival,51,S48,0,switch,57,51728,103,0,0,27,201.033,0,0,40.7016,0
27,stage_arrival,10,S61,0,switch,1,51722,97,0,0,27,227.172,0,0,39.932,0
27,stage_arrival,50,S38,2,switch,4,51730,100,0,0,27,290.506,0,0,40.7016,0
27,stage_arrival_coalesce,0,S00,5,terminal,0,51722,97,0,0,27,1000,0,0,39.932,0
27,stage_arrival,8,S52,0,switch,1,51721,16,0,0,27,255.562,0,0,39.932,0
27,stage_arrival,26,S33,0,switch,3,51731,66,0,0,27,174.708,0,0,39.7097,0
27,stage_arrival,0,S00,5,terminal,0,51727,98,0,0,27,1000,0,0,62.5,0
27,stage_arrival,1,S01,0,switch,0,51721,16,0,0,27,159.728,0,0,39.932,0
27,stage_arrival,4,S37,0,switch,0,51724,112,0,0,27,203.508,0,0,40.7016,0
27,stage_arrival,4,S37,0,switch,0,51723,15,0,0,27,203.508,0,0,40.7016,0
27,stage_arrival,3,S27,0,switch,0,51735,76,0,0,27,119.129,0,0,39.7097,0
27,stage_arrival,0,S00,5,terminal,0,51732,53,0,0,27,1000,0,0,33.3333,0
27,stage_arrival,0,S00,5,terminal,0,51726,39,0,0,27,1000,0,0,14.932,0
27,stage_arrival,0,S00,5,terminal,0,51735,76,0,0,27,1000,0,0,6.37633,0
27,stage_arrival_coalesce,0,S00,5,terminal,0,51735,76,0,0,27,1000,0,0,39.7097,0
27,stage_arrival,50,S38,2,switch,4,51728,103,0,0,27,290.506,0,0,40.7016,0
27,stage_arrival,0,S00,5,terminal,0,51729,26,0,0,27,1000,0,0,25,0
27,stage_arrival,42,S20,2,switch,3,51735,76,0,0,27,251.806,0,0,39.7097,0
27,stage_arrival,10,S61,0,switch,1,51726,39,0,0,27,227.172,0,0,39.932,0
27,stage_arrival,44,S23,0,switch,43,51720,92,0,0,27,211.017,0,0,62.5,0
27,stage_arrival,1,S01,0,switch,0,51722,97,0,0,27,159.728,0,0,39.932,0
27,stage_arrival,0,S00,5,terminal,0,51724,112,0,0,27,1000,0,0,20,0
27,stage_arrival,7,S45,2,switch,61,51723,15,0,0,27,100.666,0,0,40.7016,0
27,stage_arrival,38,S42,0,switch,42,51735,76,0,0,27,176.64,0,0,39.7097,0
27,stage_arrival,0,S00,5,terminal,0,51730,100,0,0,27,1000,0,0,20.7016,0
27,stage_arrival,54,S31,1,switch,37,51734,109,0,0,27,242.335,0,0,62.5,0
27,stage_arrival,1,S01,0,switch,0,51726,39,0,0,27,159.728,0,0,39.932,0
27,stage_arrival,37,S32,0,switch,0,51734,109,0,0,27,103.31,0,0,62.5,0
27,stage_arrival,26,S33,0,switch,3,51732,53,0,0,27,174.708,0,0,39.7097,0
27,stage_arrival,0,S00,5,terminal,0,51728,103,0,0,27,1000,0,0,20,0
27,stage_arrival,50,S38,2,switch,4,51723,15,0,0,27,290.506,0,0,40.7016,0
27,stage_arrival_coalesce,0,S00,5,terminal,0,51726,39,0,0,27,1000,0,0,39.932,0
27,stage_arrival,48,S50,3,switch,10,51722,97,0,0,27,118.54,0,0,39.932,0
27,stage_arrival,0,S00,5,terminal,0,51725,113,0,0,27,1000,0,0,20.7016,0
27,stage_arrival,1,S01,0,switch,0,51729,26,0,0,27,159.728,0,0,39.932,0
27,stage_arrival_coalesce,0,S00,5,terminal,0,51725,113,0,0,27,1000,0,0,40.7016,0
27,stage_arrival,30,S14,2,switch,31,51733,61,0,0,27,290.433,0,0,62.5,0
27,stage_arrival,57,S47,1,switch,50,51723,15,0,0,27,259.289,0,0,40.7016,0
27,stage_arrival,49,S26,0,switch,43,51727,98,0,0,27,126.404,0,0,62.5,0
27,stage_arrival_coalesce,0,S00,5,terminal,0,51729,26,0,0,27,1000,0,0,39.932,0
27,stage_arrival,0,S00,5,terminal,0,51721,16,0,0,27,1000,0,0,14.932,0
27,stage_arrival,46,S24,1,switch,44,51720,92,0,0,27,217.722,0,0,62.5,0
27,stage_arrival_coalesce,0,S00,5,terminal,0,51728,103,0,0,27,1000,0,0,40.7016,0
27,stage_arrival,4,S37,0,switch,0,51725,113,0,0,27,203.508,0,0,40.7016,0
27,stage_arrival,43,S22,0,switch,0,51720,92,0,0,27,203.304,0,0,62.5,0
27,stage_arrival,0,S00,5,terminal,0,51733,61,0,0,27,1000,0,0,62.5,0
27,stage_arrival,4,S37,0,switch,0,51728,103,0,0,27,203.508,0,0,40.7016,0
27,stage_arrival_coalesce,0,S00,5,terminal,0,51730,100,0,0,27,1000,0,0,40.7016,0
27,stage_arrival,4,S37,0,switch,0,51730,100,0,0,27,203.508,0,0,40.7016,0
27,stage_arrival,43,S22,0,switch,0,51727,98,0,0,27,203.304,0,0,62.5,0
27,stage_arrival,6,S02,0,switch,1,51729,26,0,0,27,138.732,0,0,39.932,0
27,stage_arrival,19,S06,3,switch,10,51726,39,0,0,27,169.014,0,0,39.932,0
27,stage_arrival,0,S00,5,terminal,0,51731,66,0,0,27,1000,0,0,33.3333,0
27,stage_arrival_coalesce,0,S00,5,terminal,0,51721,16,0,0,27,1000,0,0,39.932,0
27,stage_arrival,3,S27,0,switch,0,51731,66,0,0,27,119.129,0,0,39.7097,0
27,stage_arrival,0,S00,5,terminal,0,51720,92,0,0,27,1000,0,0,62.5,0
27,stage_arrival_coalesce,0,S00,5,terminal,0,51724,112,0,0,27,1000,0,0,40.7016,0
27,stage_arrival,33,S34,0,switch,26,51731,66,0,0,27,235.741,0,0,39.7097,0
27,stage_arrival_coalesce,0,S00,5,terminal,0,51732,53,0,0,27,1000,0,0,39.7097,0
27,stage_arrival,56,S36,2,switch,4,51724,112,0,0,27,112.305,0,0,40.7016,0
27,stage_arrival,0,S00,5,terminal,0,51723,15,0,0,27,1000,0,0,20.7016,0
27,stage_arrival,3,S27,0,switch,0,51732,53,0,0,27,119.129,0,0,39.7097,0
27,stage_arrival,57,S47,1,switch,50,51728,103,0,0,27,259.289,0,0,40.7016,0
27,stage_arrival_coalesce,0,S00,5,terminal,0,51731,66,0,0,27,1000,0,0,39.7097,0
27,stage_arrival,5,S63,0,switch,0,51733,61,0,0,27,259.679,0,0,62.5,0
27,stage_arrival_coalesce,0,S00,5,terminal,0,51723,15,0,0,27,1000,0,0,40.7016,0
27,stage_arrival,31,S62,3,switch,5,51733,61,0,0,27,238.676,0,0,62.5,0
27,allocate_send_arrival,51,S48,0,switch,57,51728,103,0,0,27,201.033,0,40.7016,0,0
27,allocate_send_arrival,8,S52,0,switch,1,51721,16,0,0,27,255.562,0,39.932,0,0
27,allocate_send_arrival,38,S42,0,switch,42,51735,76,0,0,27,176.64,0,39.7097,0,0
27,allocate_send_arrival,61,S46,1,switch,57,51723,15,0,0,27,199.213,0,40.7016,0,0
27,allocate_send_arrival,26,S33,0,switch,3,51731,66,0,0,27,174.708,0,39.7097,0,0
27,allocate_send_arrival,26,S33,0,switch,3,51732,53,0,0,27,174.708,0,39.7097,1.16415e-13,0
27,allocate_send_arrival,49,S26,0,switch,43,51727,98,0,0,27,126.404,0,62.5,0,0
27,allocate_send_arrival,33,S34,0,switch,26,51731,66,0,0,27,235.741,0,39.7097,0,0
27,allocate_send_arrival,4,S37,0,switch,0,51724,112,0,0,27,203.508,0,20.7016,20,0
27,enqueue_residual,4,S37,0,switch,0,51724,112,0,0,27,203.508,0,0,20,0
27,allocate_send_arrival,4,S37,0,switch,0,51723,15,0,0,27,203.508,0,20.7016,20,0
27,enqueue_residual,4,S37,0,switch,0,51723,15,0,0,27,203.508,0,0,20,0
27,allocate_send_arrival,4,S37,0,switch,0,51725,113,0,0,27,203.508,0,20.7016,20,0
27,enqueue_residual,4,S37,0,switch,0,51725,113,0,0,27,203.508,0,0,20,0
27,allocate_send_arrival,4,S37,0,switch,0,51728,103,0,0,27,203.508,0,20.7016,20,0
27,enqueue_residual,4,S37,0,switch,0,51728,103,0,0,27,203.508,0,0,20,0
27,allocate_send_arrival,4,S37,0,switch,0,51730,100,0,0,27,203.508,0,20.7016,20,0
27,enqueue_residual,4,S37,0,switch,0,51730,100,0,0,27,203.508,0,0,20,0
27,allocate_send_arrival,10,S61,0,switch,1,51722,97,0,0,27,227.172,0,39.932,0,0
27,allocate_send_arrival,10,S61,0,switch,1,51726,39,0,0,27,227.172,0,39.932,0,0
27,allocate_send_arrival,3,S27,0,switch,0,51735,76,0,0,27,119.129,0,6.37633,33.3333,0
27,enqueue_residual,3,S27,0,switch,0,51735,76,0,0,27,119.129,0,0,33.3333,0
27,allocate_send_arrival,3,S27,0,switch,0,51731,66,0,0,27,119.129,0,6.37633,33.3333,0
27,enqueue_residual,3,S27,0,switch,0,51731,66,0,0,27,119.129,0,0,33.3333,0
27,allocate_send_arrival,3,S27,0,switch,0,51732,53,0,0,27,119.129,0,6.37633,33.3333,0
27,enqueue_residual,3,S27,0,switch,0,51732,53,0,0,27,119.129,0,0,33.3333,0
27,allocate_send_arrival,6,S02,0,switch,1,51729,26,0,0,27,138.732,0,39.932,0,0
27,allocate_send_arrival,46,S24,1,switch,44,51720,92,0,0,27,217.722,0,62.5,0,0
27,allocate_send_arrival,31,S62,3,switch,5,51733,61,0,0,27,238.676,0,62.5,0,0
27,allocate_send_arrival,19,S06,3,switch,10,51726,39,0,0,27,169.014,0,39.932,0,0
27,allocate_send_arrival,42,S20,2,switch,3,51735,76,0,0,27,251.806,0,39.7097,0,0
27,allocate_send_arrival,48,S50,3,switch,10,51722,97,0,0,27,118.54,0,39.932,0,0
27,allocate_send_arrival,5,S63,0,switch,0,51733,61,0,0,27,259.679,0,62.5,0,0
27,allocate_send_arrival,44,S23,0,switch,43,51720,92,0,0,27,211.017,0,62.5,0,0
27,allocate_send_arrival,50,S38,2,switch,4,51730,100,0,0,27,290.506,0,40.7016,8.00355e-14,0
27,allocate_send_arrival,50,S38,2,switch,4,51728,103,0,0,27,290.506,0,40.7016,0,0
27,allocate_send_arrival,50,S38,2,switch,4,51723,15,0,0,27,290.506,0,40.7016,0,0
27,allocate_send_arrival,43,S22,0,switch,0,51720,92,0,0,27,203.304,0,62.5,9.45874e-14,0
27,allocate_send_arrival,43,S22,0,switch,0,51727,98,0,0,27,203.304,0,62.5,0,0
27,allocate_send_arrival,13,S40,0,switch,6,51729,26,0,0,27,162.644,0,39.932,0,0
27,allocate_send_arrival,56,S36,2,switch,4,51725,113,0,0,27,112.305,0,40.7016,0,0
27,allocate_send_arrival,56,S36,2,switch,4,51724,112,0,0,27,112.305,0,40.7016,0,0
27,allocate_send_arrival,57,S47,1,switch,50,51723,15,0,0,27,259.289,0,40.7016,6.54836e-14,0
27,allocate_send_arrival,57,S47,1,switch,50,51728,103,0,0,27,259.289,0,40.7016,0,0
27,allocate_send_arrival,0,S00,5,terminal,0,51722,97,0,0,27,1000,0,39.932,0,0
27,allocate_send_arrival,0,S00,5,terminal,0,51734,109,0,0,27,1000,0,62.5,1.45519e-14,0
27,allocate_send_arrival,0,S00,5,terminal,0,51727,98,0,0,27,1000,0,62.5,1.45519e-14,0
27,allocate_send_arrival,0,S00,5,terminal,0,51732,53,0,0,27,1000,0,39.7097,0,0
27,allocate_send_arrival,0,S00,5,terminal,0,51726,39,0,0,27,1000,0,39.932,0,0
27,allocate_send_arrival,0,S00,5,terminal,0,51735,76,0,0,27,1000,0,39.7097,0,0
27,allocate_send_arrival,0,S00,5,terminal,0,51729,26,0,0,27,1000,0,39.932,0,0
27,allocate_send_arrival,0,S00,5,terminal,0,51724,112,0,0,27,1000,0,40.7016,0,0
27,allocate_send_arrival,0,S00,5,terminal,0,51730,100,0,0,27,1000,0,40.7016,0,0
27,allocate_send_arrival,0,S00,5,terminal,0,51728,103,0,0,27,1000,0,40.7016,0,0
27,allocate_send_arrival,0,S00,5,terminal,0,51725,113,0,0,27,1000,0,40.7016,0,0
27,allocate_send_arrival,0,S00,5,terminal,0,51721,16,0,0,27,1000,0,39.932,0,0
27,allocate_send_arrival,0,S00,5,terminal,0,51733,61,0,0,27,1000,0,62.5,1.45519e-14,0
27,allocate_send_arrival,0,S00,5,terminal,0,51731,66,0,0,27,1000,0,39.7097,0,0
27,allocate_send_arrival,0,S00,5,terminal,0,51720,92,0,0,27,1000,0,62.5,1.45519e-14,0
27,allocate_send_arrival,0,S00,5,terminal,0,51723,15,0,0,27,1000,0,40.7016,0,0
27,allocate_send_arrival,37,S32,0,switch,0,51734,109,0,0,27,103.31,0,62.5,0,0
27,allocate_send_arrival,54,S31,1,switch,37,51734,109,0,0,27,242.335,0,62.5,0,0
27,allocate_send_arrival,30,S14,2,switch,31,51733,61,0,0,27,290.433,0,62.5,0,0
27,allocate_send_arrival,1,S01,0,switch,0,51721,16,0,0,27,159.728,0,14.932,25,0
27,enqueue_residual,1,S01,0,switch,0,51721,16,0,0,27,159.728,0,0,25,0
27,allocate_send_arrival,1,S01,0,switch,0,51722,97,0,0,27,159.728,0,14.932,25,0
27,enqueue_residual,1,S01,0,switch,0,51722,97,0,0,27,159.728,0,0,25,0
27,allocate_send_arrival,1,S01,0,switch,0,51726,39,0,0,27,159.728,0,14.932,25,0
27,enqueue_residual,1,S01,0,switch,0,51726,39,0,0,27,159.728,0,0,25,0
27,allocate_send_arrival,1,S01,0,switch,0,51729,26,0,0,27,159.728,0,14.932,25,0
27,enqueue_residual,1,S01,0,switch,0,51729,26,0,0,27,159.728,0,0,25,0
27,allocate_send_arrival,7,S45,2,switch,61,51723,15,0,0,27,100.666,0,40.7016,0,0
28,allocate_send_buffered,1,S01,0,switch,0,51721,16,0,0,28,159.728,100,25,0,0
28,allocate_send_buffered,1,S01,0,switch,0,51722,97,0,0,28,159.728,100,25,2.91038e-14,0
28,allocate_send_buffered,1,S01,0,switch,0,51726,39,0,0,28,159.728,100,25,2.91038e-14,0
28,allocate_send_buffered,1,S01,0,switch,0,51729,26,0,0,28,159.728,100,25,2.91038e-14,0
28,allocate_send_buffered,4,S37,0,switch,0,51724,112,0,0,28,203.508,100,20,0,0
28,allocate_send_buffered,4,S37,0,switch,0,51723,15,0,0,28,203.508,100,20,5.09317e-14,0
28,allocate_send_buffered,4,S37,0,switch,0,51725,113,0,0,28,203.508,100,20,0,0
28,allocate_send_buffered,4,S37,0,switch,0,51728,103,0,0,28,203.508,100,20,5.09317e-14,0
28,allocate_send_buffered,4,S37,0,switch,0,51730,100,0,0,28,203.508,100,20,0,0
28,allocate_send_buffered,3,S27,0,switch,0,51735,76,0,0,28,119.129,100,33.3333,5.82077e-14,0
28,allocate_send_buffered,3,S27,0,switch,0,51731,66,0,0,28,119.129,100,33.3333,0,0
28,allocate_send_buffered,3,S27,0,switch,0,51732,53,0,0,28,119.129,100,33.3333,0,0
28,stage_arrival,50,S38,2,switch,4,51730,100,0,0,28,290.506,0,0,40.7016,0
28,stage_arrival,0,S00,5,terminal,0,51732,53,0,0,28,1000,0,0,33.3333,0
28,stage_arrival,48,S50,3,switch,10,51722,97,0,0,28,118.54,0,0,39.932,0
28,stage_arrival,0,S00,5,terminal,0,51724,112,0,0,28,1000,0,0,20.7016,0
28,stage_arrival,56,S36,2,switch,4,51724,112,0,0,28,112.305,0,0,40.7016,0
28,stage_arrival,0,S00,5,terminal,0,51726,39,0,0,28,1000,0,0,14.932,0
28,stage_arrival,4,S37,0,switch,0,51723,15,0,0,28,203.508,0,0,40.7016,0
28,stage_arrival,7,S45,2,switch,61,51723,15,0,0,28,100.666,0,0,40.7016,0
28,stage_arrival,0,S00,5,terminal,0,51730,100,0,0,28,1000,0,0,20.7016,0
28,stage_arrival,51,S48,0,switch,57,51728,103,0,0,28,201.033,0,0,40.7016,0
28,stage_arrival,44,S23,0,switch,43,51720,92,0,0,28,211.017,0,0,62.5,0
28,stage_arrival,50,S38,2,switch,4,51728,103,0,0,28,290.506,0,0,40.7016,0
28,stage_arrival,10,S61,0,switch,1,51722,97,0,0,28,227.172,0,0,39.932,0
28,stage_arrival,0,S00,5,terminal,0,51728,103,0,0,28,1000,0,0,20.7016,0
28,stage_arrival,33,S34,0,switch,26,51731,66,0,0,28,235.741,0,0,39.7097,0
28,stage_arrival,4,S37,0,switch,0,51728,103,0,0,28,203.508,0,0,40.7016,0
28,stage_arrival,1,S01,0,switch,0,51721,16,0,0,28,159.728,0,0,39.932,0
28,stage_arrival,30,S14,2,switch,31,51733,61,0,0,28,290.433,0,0,62.5,0
28,stage_arrival,19,S06,3,switch,10,51726,39,0,0,28,169.014,0,0,39.932,0
28,stage_arrival,1,S01,0,switch,0,51722,97,0,0,28,159.728,0,0,39.932,0
28,stage_arrival,49,S26,0,switch,43,51727,98,0,0,28,126.404,0,0,62.5,0
28,stage_arrival,4,S37,0,switch,0,51725,113,0,0,28,203.508,0,0,40.7016,0
28,stage_arrival,0,S00,5,terminal,0,51720,92,0,0,28,1000,0,0,62.5,0
28,stage_arrival,0,S00,5,terminal,0,51729,26,0,0,28,1000,0,0,14.932,0
28,stage_arrival,1,S01,0,switch,0,51726,39,0,0,28,159.728,0,0,39.932,0
28,stage_arrival,38,S42,0,switch,42,51735,76,0,0,28,176.64,0,0,39.7097,0
28,stage_arrival,0,S00,5,terminal,0,51731,66,0,0,28,1000,0,0,33.3333,0
28,stage_arrival,5,S63,0,switch,0,51733,61,0,0,28,259.679,0,0,62.5,0
28,stage_arrival,1,S01,0,switch,0,51729,26,0,0,28,159.728,0,0,39.932,0
28,stage_arrival,0,S00,5,terminal,0,51735,76,0,0,28,1000,0,0,33.3333,0
28,stage_arrival,0,S00,5,terminal,0,51727,98,0,0,28,1000,0,0,62.5,0
28,stage_arrival,37,S32,0,switch,0,51734,109,0,0,28,103.31,0,0,62.5,0
28,stage_arrival,0,S00,5,terminal,0,51722,97,0,0,28,1000,0,0,25,0
28,stage_arrival_coalesce,0,S00,5,terminal,0,51728,103,0,0,28,1000,0,0,40.7016,0
28,stage_arrival,43,S22,0,switch,0,51720,92,0,0,28,203.304,0,0,62.5,0
28,stage_arrival,6,S02,0,switch,1,51729,26,0,0,28,138.732,0,0,39.932,0
28,stage_arrival,26,S33,0,switch,3,51731,66,0,0,28,174.708,0,0,39.7097,0
28,stage_arrival,31,S62,3,switch,5,51733,61,0,0,28,238.676,0,0,62.5,0
28,stage_arrival,4,S37,0,switch,0,51724,112,0,0,28,203.508,0,0,40.7016,0
28,stage_arrival,13,S40,0,switch,6,51729,26,0,0,28,162.644,0,0,39.932,0
28,stage_arrival_coalesce,0,S00,5,terminal,0,51730,100,0,0,28,1000,0,0,40.7016,0
28,stage_arrival_coalesce,0,S00,5,terminal,0,51729,26,0,0,28,1000,0,0,39.932,0
28,stage_arrival_coalesce,0,S00,5,terminal,0,51724,112,0,0,28,1000,0,0,40.7016,0
28,stage_arrival,43,S22,0,switch,0,51727,98,0,0,28,203.304,0,0,62.5,0
28,stage_arrival,0,S00,5,terminal,0,51733,61,0,0,28,1000,0,0,62.5,0
28,stage_arrival,61,S46,1,switch,57,51723,15,0,0,28,199.213,0,0,40.7016,0
28,stage_arrival,46,S24,1,switch,44,51720,92,0,0,28,217.722,0,0,62.5,0
28,stage_arrival,3,S27,0,switch,0,51735,76,0,0,28,119.129,0,0,39.7097,0
28,stage_arrival,10,S61,0,switch,1,51726,39,0,0,28,227.172,0,0,39.932,0
28,stage_arrival,3,S27,0,switch,0,51731,66,0,0,28,119.129,0,0,39.7097,0
28,stage_arrival,0,S00,5,terminal,0,51725,113,0,0,28,1000,0,0,20.7016,0
28,stage_arrival,3,S27,0,switch,0,51732,53,0,0,28,119.129,0,0,39.7097,0
28,stage_arrival_coalesce,0,S00,5,terminal,0,51735,76,0,0,28,1000,0,0,39.7097,0
28,stage_arrival,0,S00,5,terminal,0,51721,16,0,0,28,1000,0,0,25,0
28,stage_arrival,42,S20,2,switch,3,51735,76,0,0,28,251.806,0,0,39.7097,0
28,stage_arrival_coalesce,0,S00,5,terminal,0,51731,66,0,0,28,1000,0,0,39.7097,0
28,stage_arrival_coalesce,0,S00,5,terminal,0,51721,16,0,0,28,1000,0,0,39.932,0
28,stage_arrival,0,S00,5,terminal,0,51723,15,0,0,28,1000,0,0,20,0
28,stage_arrival,50,S38,2,switch,4,51723,15,0,0,28,290.506,0,0,40.7016,0
28,stage_arrival,8,S52,0,switch,1,51721,16,0,0,28,255.562,0,0,39.932,0
28,stage_arrival,56,S36,2,switch,4,51725,113,0,0,28,112.305,0,0,40.7016,0
28,stage_arrival_coalesce,0,S00,5,terminal,0,51722,97,0,0,28,1000,0,0,39.932,0
28,stage_arrival,54,S31,1,switch,37,51734,109,0,0,28,242.335,0,0,62.5,0
28,stage_arrival,57,S47,1,switch,50,51723,15,0,0,28,259.289,0,0,40.7016,0
28,stage_arrival_coalesce,0,S00,5,terminal,0,51725,113,0,0,28,1000,0,0,40.7016,0
28,stage_arrival,4,S37,0,switch,0,51730,100,0,0,28,203.508,0,0,40.7016,0
28,stage_arrival,57,S47,1,switch,50,51728,103,0,0,28,259.289,0,0,40.7016,0
28,stage_arrival_coalesce,0,S00,5,terminal,0,51726,39,0,0,28,1000,0,0,39.932,0
28,stage_arrival_coalesce,0,S00,5,terminal,0,51723,15,0,0,28,1000,0,0,40.7016,0
28,stage_arrival,0,S00,5,terminal,0,51734,109,0,0,28,1000,0,0,62.5,0
28,stage_arrival,26,S33,0,switch,3,51732,53,0,0,28,174.708,0,0,39.7097,0
28,stage_arrival_coalesce,0,S00,5,terminal,0,51732,53,0,0,28,1000,0,0,39.7097,0
28,allocate_send_arrival,31,S62,3,switch,5,51733,61,0,0,28,238.676,0,62.5,0,0
28,allocate_send_arrival,13,S40,0,switch,6,51729,26,0,0,28,162.644,0,39.932,0,0
28,allocate_send_arrival,3,S27,0,switch,0,51735,76,0,0,28,119.129,0,6.37633,33.3333,0
28,enqueue_residual,3,S27,0,switch,0,51735,76,0,0,28,119.129,0,0,33.3333,0
28,allocate_send_arrival,3,S27,0,switch,0,51731,66,0,0,28,119.129,0,6.37633,33.3333,0
28,enqueue_residual,3,S27,0,switch,0,51731,66,0,0,28,119.129,0,0,33.3333,0
28,allocate_send_arrival,3,S27,0,switch,0,51732,53,0,0,28,119.129,0,6.37633,33.3333,0
28,enqueue_residual,3,S27,0,switch,0,51732,53,0,0,28,119.129,0,0,33.3333,0
28,allocate_send_arrival,37,S32,0,switch,0,51734,109,0,0,28,103.31,0,62.5,0,0
28,allocate_send_arrival,10,S61,0,switch,1,51722,97,0,0,28,227.172,0,39.932,0,0
28,allocate_send_arrival,10,S61,0,switch,1,51726,39,0,0,28,227.172,0,39.932,0,0
28,allocate_send_arrival,56,S36,2,switch,4,51724,112,0,0,28,112.305,0,40.7016,0,0
28,allocate_send_arrival,56,S36,2,switch,4,51725,113,0,0,28,112.305,0,40.7016,0,0
28,allocate_send_arrival,42,S20,2,switch,3,51735,76,0,0,28,251.806,0,39.7097,0,0
28,allocate_send_arrival,57,S47,1,switch,50,51723,15,0,0,28,259.289,0,40.7016,0,0
28,allocate_send_arrival,57,S47,1,switch,50,51728,103,0,0,28,259.289,0,40.7016,1.23691e-13,0
28,allocate_send_arrival,49,S26,0,switch,43,51727,98,0,0,28,126.404,0,62.5,0,0
28,allocate_send_arrival,46,S24,1,switch,44,51720,92,0,0,28,217.722,0,62.5,0,0
28,allocate_send_arrival,44,S23,0,switch,43,51720,92,0,0,28,211.017,0,62.5,0,0
28,allocate_send_arrival,8,S52,0,switch,1,51721,16,0,0,28,255.562,0,39.932,0,0
28,allocate_send_arrival,61,S46,1,switch,57,51723,15,0,0,28,199.213,0,40.7016,0,0
28,allocate_send_arrival,0,S00,5,terminal,0,51732,53,0,0,28,1000,0,39.7097,0,0
28,allocate_send_arrival,0,S00,5,terminal,0,51724,112,0,0,28,1000,0,40.7016,0,0
28,allocate_send_arrival,0,S00,5,terminal,0,51726,39,0,0,28,1000,0,39.932,0,0
28,allocate_send_arrival,0,S00,5,terminal,0,51730,100,0,0,28,1000,0,40.7016,0,0
28,allocate_send_arrival,0,S00,5,terminal,0,51728,103,0,0,28,1000,0,40.7016,0,0
28,allocate_send_arrival,0,S00,5,terminal,0,51720,92,0,0,28,1000,0,62.5,5.09317e-14,0
28,allocate_send_arrival,0,S00,5,terminal,0,51729,26,0,0,28,1000,0,39.932,0,0
28,allocate_send_arrival,0,S00,5,terminal,0,51731,66,0,0,28,1000,0,39.7097,0,0
28,allocate_send_arrival,0,S00,5,terminal,0,51735,76,0,0,28,1000,0,39.7097,0,0
28,allocate_send_arrival,0,S00,5,terminal,0,51727,98,0,0,28,1000,0,62.5,0,0
28,allocate_send_arrival,0,S00,5,terminal,0,51722,97,0,0,28,1000,0,39.932,0,0
28,allocate_send_arrival,0,S00,5,terminal,0,51733,61,0,0,28,1000,0,62.5,1.45519e-13,0
28,allocate_send_arrival,0,S00,5,terminal,0,51725,113,0,0,28,1000,0,40.7016,0,0
28,allocate_send_arrival,0,S00,5,terminal,0,51721,16,0,0,28,1000,0,39.932,0,0
28,allocate_send_arrival,0,S00,5,terminal,0,51723,15,0,0,28,1000,0,40.7016,0,0
28,allocate_send_arrival,0,S00,5,terminal,0,51734,109,0,0,28,1000,0,62.5,0,0
28,allocate_send_arrival,7,S45,2,switch,61,51723,15,0,0,28,100.666,0,40.7016,0,0
28,allocate_send_arrival,51,S48,0,switch,57,51728,103,0,0,28,201.033,0,40.7016,0,0
28,allocate_send_arrival,19,S06,3,switch,10,51726,39,0,0,28,169.014,0,39.932,0,0
28,allocate_send_arrival,6,S02,0,switch,1,51729,26,0,0,28,138.732,0,39.932,0,0
28,allocate_send_arrival,33,S34,0,switch,26,51731,66,0,0,28,235.741,0,39.7097,0,0
28,allocate_send_arrival,50,S38,2,switch,4,51730,100,0,0,28,290.506,0,40.7016,6.54836e-14,0
28,allocate_send_arrival,50,S38,2,switch,4,51728,103,0,0,28,290.506,0,40.7016,0,0
28,allocate_send_arrival,50,S38,2,switch,4,51723,15,0,0,28,290.506,0,40.7016,0,0
28,allocate_send_arrival,4,S37,0,switch,0,51723,15,0,0,28,203.508,0,20.7016,20,0
28,enqueue_residual,4,S37,0,switch,0,51723,15,0,0,28,203.508,0,0,20,0
28,allocate_send_arrival,4,S37,0,switch,0,51728,103,0,0,28,203.508,0,20.7016,20,0
28,enqueue_residual,4,S37,0,switch,0,51728,103,0,0,28,203.508,0,0,20,0
28,allocate_send_arrival,4,S37,0,switch,0,51725,113,0,0,28,203.508,0,20.7016,20,0
28,enqueue_residual,4,S37,0,switch,0,51725,113,0,0,28,203.508,0,0,20,0
28,allocate_send_arrival,4,S37,0,switch,0,51724,112,0,0,28,203.508,0,20.7016,20,0
28,enqueue_residual,4,S37,0,switch,0,51724,112,0,0,28,203.508,0,0,20,0
28,allocate_send_arrival,4,S37,0,switch,0,51730,100,0,0,28,203.508,0,20.7016,20,0
28,enqueue_residual,4,S37,0,switch,0,51730,100,0,0,28,203.508,0,0,20,0
28,allocate_send_arrival,38,S42,0,switch,42,51735,76,0,0,28,176.64,0,39.7097,0,0
28,allocate_send_arrival,43,S22,0,switch,0,51720,92,0,0,28,203.304,0,62.5,0,0
28,allocate_send_arrival,43,S22,0,switch,0,51727,98,0,0,28,203.304,0,62.5,1.89175e-13,0
28,allocate_send_arrival,48,S50,3,switch,10,51722,97,0,0,28,118.54,0,39.932,0,0
28,allocate_send_arrival,30,S14,2,switch,31,51733,61,0,0,28,290.433,0,62.5,0,0
28,allocate_send_arrival,1,S01,0,switch,0,51721,16,0,0,28,159.728,0,14.932,25,0
28,enqueue_residual,1,S01,0,switch,0,51721,16,0,0,28,159.728,0,0,25,0
28,allocate_send_arrival,1,S01,0,switch,0,51722,97,0,0,28,159.728,0,14.932,25,0
28,enqueue_residual,1,S01,0,switch,0,51722,97,0,0,28,159.728,0,0,25,0
28,allocate_send_arrival,1,S01,0,switch,0,51726,39,0,0,28,159.728,0,14.932,25,0
28,enqueue_residual,1,S01,0,switch,0,51726,39,0,0,28,159.728,0,0,25,0
28,allocate_send_arrival,1,S01,0,switch,0,51729,26,0,0,28,159.728,0,14.932,25,0
28,enqueue_residual,1,S01,0,switch,0,51729,26,0,0,28,159.728,0,0,25,0
28,allocate_send_arrival,5,S63,0,switch,0,51733,61,0,0,28,259.679,0,62.5,0,0
28,allocate_send_arrival,54,S31,1,switch,37,51734,109,0,0,28,242.335,0,62.5,0,0
28,allocate_send_arrival,26,S33,0,switch,3,51731,66,0,0,28,174.708,0,39.7097,5.82077e-14,0
28,allocate_send_arrival,26,S33,0,switch,3,51732,53,0,0,28,174.708,0,39.7097,0,0
29,allocate_send_buffered,4,S37,0,switch,0,51723,15,0,0,29,203.508,100,20,0,0
29,allocate_send_buffered,4,S37,0,switch,0,51728,103,0,0,29,203.508,100,20,0,0
29,allocate_send_buffered,4,S37,0,switch,0,51725,113,0,0,29,203.508,100,20,6.54836e-14,0
29,allocate_send_buffered,4,S37,0,switch,0,51724,112,0,0,29,203.508,100,20,6.54836e-14,0
29,allocate_send_buffered,4,S37,0,switch,0,51730,100,0,0,29,203.508,100,20,0,0
29,allocate_send_buffered,3,S27,0,switch,0,51735,76,0,0,29,119.129,100,33.3333,0,0
29,allocate_send_buffered,3,S27,0,switch,0,51731,66,0,0,29,119.129,100,33.3333,0,0
29,allocate_send_buffered,3,S27,0,switch,0,51732,53,0,0,29,119.129,100,33.3333,8.00355e-14,0
29,allocate_send_buffered,1,S01,0,switch,0,51721,16,0,0,29,159.728,100,25,1.81899e-13,0
29,allocate_send_buffered,1,S01,0,switch,0,51722,97,0,0,29,159.728,100,25,0,0
29,allocate_send_buffered,1,S01,0,switch,0,51726,39,0,0,29,159.728,100,25,0,0
29,allocate_send_buffered,1,S01,0,switch,0,51729,26,0,0,29,159.728,100,25,0,0
29,stage_arrival,0,S00,5,terminal,0,51735,76,0,0,29,1000,0,0,33.3333,0
29,stage_arrival,4,S37,0,switch,0,51730,100,0,0,29,203.508,0,0,40.7016,0
29,stage_arrival,46,S24,1,switch,44,51720,92,0,0,29,217.722,0,0,62.5,0
29,stage_arrival,31,S62,3,switch,5,51733,61,0,0,29,238.676,0,0,62.5,0
29,stage_arrival,30,S14,2,switch,31,51733,61,0,0,29,290.433,0,0,62.5,0
29,stage_arrival,0,S00,5,terminal,0,51724,112,0,0,29,1000,0,0,20.7016,0
29,stage_arrival,0,S00,5,terminal,0,51725,113,0,0,29,1000,0,0,20.7016,0
29,stage_arrival,43,S22,0,switch,0,51720,92,0,0,29,203.304,0,0,62.5,0
29,stage_arrival,0,S00,5,terminal,0,51722,97,0,0,29,1000,0,0,14.932,0
29,stage_arrival,0,S00,5,terminal,0,51727,98,0,0,29,1000,0,0,62.5,0
29,stage_arrival,1,S01,0,switch,0,51726,39,0,0,29,159.728,0,0,39.932,0
29,stage_arrival,5,S63,0,switch,0,51733,61,0,0,29,259.679,0,0,62.5,0
29,stage_arrival,7,S45,2,switch,61,51723,15,0,0,29,100.666,0,0,40.7016,0
29,stage_arrival,3,S27,0,switch,0,51731,66,0,0,29,119.129,0,0,39.7097,0
29,stage_arrival_coalesce,0,S00,5,terminal,0,51722,97,0,0,29,1000,0,0,39.932,0
29,stage_arrival,38,S42,0,switch,42,51735,76,0,0,29,176.64,0,0,39.7097,0
29,stage_arrival,0,S00,5,terminal,0,51732,53,0,0,29,1000,0,0,6.37633,0
29,stage_arrival,0,S00,5,terminal,0,51731,66,0,0,29,1000,0,0,33.3333,0
29,stage_arrival,50,S38,2,switch,4,51730,100,0,0,29,290.506,0,0,40.7016,0
29,stage_arrival,0,S00,5,terminal,0,51733,61,0,0,29,1000,0,0,62.5,0
29,stage_arrival,56,S36,2,switch,4,51724,112,0,0,29,112.305,0,0,40.7016,0
29,stage_arrival,0,S00,5,terminal,0,51726,39,0,0,29,1000,0,0,25,0
29,stage_arrival_coalesce,0,S00,5,terminal,0,51726,39,0,0,29,1000,0,0,39.932,0
29,stage_arrival,10,S61,0,switch,1,51726,39,0,0,29,227.172,0,0,39.932,0
29,stage_arrival,50,S38,2,switch,4,51728,103,0,0,29,290.506,0,0,40.7016,0
29,stage_arrival,49,S26,0,switch,43,51727,98,0,0,29,126.404,0,0,62.5,0
29,stage_arrival,0,S00,5,terminal,0,51734,109,0,0,29,1000,0,0,62.5,0
29,stage_arrival,0,S00,5,terminal,0,51728,103,0,0,29,1000,0,0,20.7016,0
29,stage_arrival,0,S00,5,terminal,0,51723,15,0,0,29,1000,0,0,20.7016,0
29,stage_arrival,6,S02,0,switch,1,51729,26,0,0,29,138.732,0,0,39.932,0
29,stage_arrival,4,S37,0,switch,0,51724,112,0,0,29,203.508,0,0,40.7016,0
29,stage_arrival,50,S38,2,switch,4,51723,15,0,0,29,290.506,0,0,40.7016,0
29,stage_arrival,3,S27,0,switch,0,51735,76,0,0,29,119.129,0,0,39.7097,0
29,stage_arrival_coalesce,0,S00,5,terminal,0,51731,66,0,0,29,1000,0,0,39.7097,0
29,stage_arrival,0,S00,5,terminal,0,51721,16,0,0,29,1000,0,0,14.932,0
29,stage_arrival_coalesce,0,S00,5,terminal,0,51732,53,0,0,29,1000,0,0,39.7097,0
29,stage_arrival_coalesce,0,S00,5,terminal,0,51728,103,0,0,29,1000,0,0,40.7016,0
29,stage_arrival,0,S00,5,terminal,0,51729,26,0,0,29,1000,0,0,25,0
29,stage_arrival,44,S23,0,switch,43,51720,92,0,0,29,211.017,0,0,62.5,0
29,stage_arrival,51,S48,0,switch,57,51728,103,0,0,29,201.033,0,0,40.7016,0
29,stage_arrival,48,S50,3,switch,10,51722,97,0,0,29,118.54,0,0,39.932,0
29,stage_arrival,0,S00,5,terminal,0,51730,100,0,0,29,1000,0,0,20.7016,0
29,stage_arrival_coalesce,0,S00,5,terminal,0,51725,113,0,0,29,1000,0,0,40.7016,0
29,stage_arrival,33,S34,0,switch,26,51731,66,0,0,29,235.741,0,0,39.7097,0
29,stage_arrival,4,S37,0,switch,0,51725,113,0,0,29,203.508,0,0,40.7016,0
29,stage_arrival,1,S01,0,switch,0,51722,97,0,0,29,159.728,0,0,39.932,0
29,stage_arrival,4,S37,0,switch,0,51728,103,0,0,29,203.508,0,0,40.7016,0
29,stage_arrival,42,S20,2,switch,3,51735,76,0,0,29,251.806,0,0,39.7097,0
29,stage_arrival,1,S01,0,switch,0,51729,26,0,0,29,159.728,0,0,39.932,0
29,stage_arrival_coalesce,0,S00,5,terminal,0,51730,100,0,0,29,1000,0,0,40.7016,0
29,stage_arrival,26,S33,0,switch,3,51731,66,0,0,29,174.708,0,0,39.7097,0
29,stage_arrival,19,S06,3,switch,10,51726,39,0,0,29,169.014,0,0,39.932,0
29,stage_arrival_coalesce,0,S00,5,terminal,0,51721,16,0,0,29,1000,0,0,39.932,0
29,stage_arrival,57,S47,1,switch,50,51728,103,0,0,29,259.289,0,0,40.7016,0
29,stage_arrival,0,S00,5,terminal,0,51720,92,0,0,29,1000,0,0,62.5,0
29,stage_arrival_coalesce,0,S00,5,terminal,0,51735,76,0,0,29,1000,0,0,39.7097,0
29,stage_arrival,57,S47,1,switch,50,51723,15,0,0,29,259.289,0,0,40.7016,0
29,stage_arrival,4,S37,0,switch,0,51723,15,0,0,29,203.508,0,0,40.7016,0
29,stage_arrival,3,S27,0,switch,0,51732,53,0,0,29,119.129,0,0,39.7097,0
29,stage_arrival_coalesce,0,S00,5,terminal,0,51723,15,0,0,29,1000,0,0,40.7016,0
29,stage_arrival,1,S01,0,switch,0,51721,16,0,0,29,159.728,0,0,39.932,0
29,stage_arrival,56,S36,2,switch,4,51725,113,0,0,29,112.305,0,0,40.7016,0
29,stage_arrival,43,S22,0,switch,0,51727,98,0,0,29,203.304,0,0,62.5,0
29,stage_arrival,8,S52,0,switch,1,51721,16,0,0,29,255.562,0,0,39.932,0
29,stage_arrival,37,S32,0,switch,0,51734,109,0,0,29,103.31,0,0,62.5,0
29,stage_arrival_coalesce,0,S00,5,terminal,0,51724,112,0,0,29,1000,0,0,40.7016,0
29,stage_arrival,54,S31,1,switch,37,51734,109,0,0,29,242.335,0,0,62.5,0
29,stage_arrival,10,S61,0,switch,1,51722,97,0,0,29,227.172,0,0,39.932,0
29,stage_arrival,61,S46,1,switch,57,51723,15,0,0,29,199.213,0,0,40.7016,0
29,stage_arrival_coalesce,0,S00,5,terminal,0,51729,26,0,0,29,1000,0,0,39.932,0
29,stage_arrival,26,S33,0,switch,3,51732,53,0,0,29,174.708,0,0,39.7097,0
29,stage_arrival,13,S40,0,switch,6,51729,26,0,0,29,162.644,0,0,39.932,0
29,allocate_send_arrival,7,S45,2,switch,61,51723,15,0,0,29,100.666,0,40.7016,0,0
29,allocate_send_arrival,44,S23,0,switch,43,51720,92,0,0,29,211.017,0,62.5,0,0
29,allocate_send_arrival,61,S46,1,switch,57,51723,15,0,0,29,199.213,0,40.7016,0,0
29,allocate_send_arrival,51,S48,0,switch,57,51728,103,0,0,29,201.033,0,40.7016,0,0
29,allocate_send_arrival,56,S36,2,switch,4,51724,112,0,0,29,112.305,0,40.7016,0,0
29,allocate_send_arrival,56,S36,2,switch,4,51725,113,0,0,29,112.305,0,40.7016,0,0
29,allocate_send_arrival,38,S42,0,switch,42,51735,76,0,0,29,176.64,0,39.7097,0,0
29,allocate_send_arrival,37,S32,0,switch,0,51734,109,0,0,29,103.31,0,62.5,0,0
29,allocate_send_arrival,31,S62,3,switch,5,51733,61,0,0,29,238.676,0,62.5,0,0
29,allocate_send_arrival,8,S52,0,switch,1,51721,16,0,0,29,255.562,0,39.932,0,0
29,allocate_send_arrival,3,S27,0,switch,0,51731,66,0,0,29,119.129,0,6.37633,33.3333,0
29,enqueue_residual,3,S27,0,switch,0,51731,66,0,0,29,119.129,0,0,33.3333,0
29,allocate_send_arrival,3,S27,0,switch,0,51735,76,0,0,29,119.129,0,6.37633,33.3333,0
29,enqueue_residual,3,S27,0,switch,0,51735,76,0,0,29,119.129,0,0,33.3333,0
29,allocate_send_arrival,3,S27,0,switch,0,51732,53,0,0,29,119.129,0,6.37633,33.3333,0
29,enqueue_residual,3,S27,0,switch,0,51732,53,0,0,29,119.129,0,0,33.3333,0
29,allocate_send_arrival,42,S20,2,switch,3,51735,76,0,0,29,251.806,0,39.7097,0,0
29,allocate_send_arrival,30,S14,2,switch,31,51733,61,0,0,29,290.433,0,62.5,0,0
29,allocate_send_arrival,33,S34,0,switch,26,51731,66,0,0,29,235.741,0,39.7097,0,0
29,allocate_send_arrival,54,S31,1,switch,37,51734,109,0,0,29,242.335,0,62.5,0,0
29,allocate_send_arrival,43,S22,0,switch,0,51720,92,0,0,29,203.304,0,62.5,9.45874e-14,0
29,allocate_send_arrival,43,S22,0,switch,0,51727,98,0,0,29,203.304,0,62.5,0,0
29,allocate_send_arrival,48,S50,3,switch,10,51722,97,0,0,29,118.54,0,39.932,0,0
29,allocate_send_arrival,50,S38,2,switch,4,51730,100,0,0,29,290.506,0,40.7016,4.36557e-14,0
29,allocate_send_arrival,50,S38,2,switch,4,51728,103,0,0,29,290.506,0,40.7016,4.36557e-14,0
29,allocate_send_arrival,50,S38,2,switch,4,51723,15,0,0,29,290.506,0,40.7016,0,0
29,allocate_send_arrival,46,S24,1,switch,44,51720,92,0,0,29,217.722,0,62.5,0,0
29,allocate_send_arrival,49,S26,0,switch,43,51727,98,0,0,29,126.404,0,62.5,0,0
29,allocate_send_arrival,57,S47,1,switch,50,51728,103,0,0,29,259.289,0,40.7016,0,0
29,allocate_send_arrival,57,S47,1,switch,50,51723,15,0,0,29,259.289,0,40.7016,5.82077e-14,0
29,allocate_send_arrival,0,S00,5,terminal,0,51735,76,0,0,29,1000,0,39.7097,0,0
29,allocate_send_arrival,0,S00,5,terminal,0,51724,112,0,0,29,1000,0,40.7016,0,0
29,allocate_send_arrival,0,S00,5,terminal,0,51725,113,0,0,29,1000,0,40.7016,0,0
29,allocate_send_arrival,0,S00,5,terminal,0,51722,97,0,0,29,1000,0,39.932,0,0
29,allocate_send_arrival,0,S00,5,terminal,0,51727,98,0,0,29,1000,0,62.5,8.00355e-14,0
29,allocate_send_arrival,0,S00,5,terminal,0,51732,53,0,0,29,1000,0,39.7097,0,0
29,allocate_send_arrival,0,S00,5,terminal,0,51731,66,0,0,29,1000,0,39.7097,0,0
29,allocate_send_arrival,0,S00,5,terminal,0,51733,61,0,0,29,1000,0,62.5,0,0
29,allocate_send_arrival,0,S00,5,terminal,0,51726,39,0,0,29,1000,0,39.932,0,0
29,allocate_send_arrival,0,S00,5,terminal,0,51734,109,0,0,29,1000,0,62.5,2.6921e-13,0
29,allocate_send_arrival,0,S00,5,terminal,0,51728,103,0,0,29,1000,0,40.7016,0,0
29,allocate_send_arrival,0,S00,5,terminal,0,51723,15,0,0,29,1000,0,40.7016,0,0
29,allocate_send_arrival,0,S00,5,terminal,0,51721,16,0,0,29,1000,0,39.932,0,0
29,allocate_send_arrival,0,S00,5,terminal,0,51729,26,0,0,29,1000,0,39.932,0,0
29,allocate_send_arrival,0,S00,5,terminal,0,51730,100,0,0,29,1000,0,40.7016,0,0
29,allocate_send_arrival,0,S00,5,terminal,0,51720,92,0,0,29,1000,0,62.5,0,0
29,allocate_send_arrival,13,S40,0,switch,6,51729,26,0,0,29,162.644,0,39.932,0,0
29,allocate_send_arrival,6,S02,0,switch,1,51729,26,0,0,29,138.732,0,39.932,0,0
29,allocate_send_arrival,4,S37,0,switch,0,51730,100,0,0,29,203.508,0,20.7016,20,0
29,enqueue_residual,4,S37,0,switch,0,51730,100,0,0,29,203.508,0,0,20,0
29,allocate_send_arrival,4,S37,0,switch,0,51724,112,0,0,29,203.508,0,20.7016,20,0
29,enqueue_residual,4,S37,0,switch,0,51724,112,0,0,29,203.508,0,0,20,0
29,allocate_send_arrival,4,S37,0,switch,0,51725,113,0,0,29,203.508,0,20.7016,20,0
29,enqueue_residual,4,S37,0,switch,0,51725,113,0,0,29,203.508,0,0,20,0
29,allocate_send_arrival,4,S37,0,switch,0,51728,103,0,0,29,203.508,0,20.7016,20,0
29,enqueue_residual,4,S37,0,switch,0,51728,103,0,0,29,203.508,0,0,20,0
29,allocate_send_arrival,4,S37,0,switch,0,51723,15,0,0,29,203.508,0,20.7016,20,0
29,enqueue_residual,4,S37,0,switch,0,51723,15,0,0,29,203.508,0,0,20,0
29,allocate_send_arrival,10,S61,0,switch,1,51726,39,0,0,29,227.172,0,39.932,0,0
29,allocate_send_arrival,10,S61,0,switch,1,51722,97,0,0,29,227.172,0,39.932,0,0
29,allocate_send_arrival,19,S06,3,switch,10,51726,39,0,0,29,169.014,0,39.932,0,0
29,allocate_send_arrival,5,S63,0,switch,0,51733,61,0,0,29,259.679,0,62.5,0,0
29,allocate_send_arrival,1,S01,0,switch,0,51726,39,0,0,29,159.728,0,14.932,25,0
29,enqueue_residual,1,S01,0,switch,0,51726,39,0,0,29,159.728,0,0,25,0
29,allocate_send_arrival,1,S01,0,switch,0,51722,97,0,0,29,159.728,0,14.932,25,0
29,enqueue_residual,1,S01,0,switch,0,51722,97,0,0,29,159.728,0,0,25,0
29,allocate_send_arrival,1,S01,0,switch,0,51729,26,0,0,29,159.728,0,14.932,25,0
29,enqueue_residual,1,S01,0,switch,0,51729,26,0,0,29,159.728,0,0,25,0
29,allocate_send_arrival,1,S01,0,switch,0,51721,16,0,0,29,159.728,0,14.932,25,0
29,enqueue_residual,1,S01,0,switch,0,51721,16,0,0,29,159.728,0,0,25,0
29,allocate_send_arrival,26,S33,0,switch,3,51731,66,0,0,29,174.708,0,39.7097,0,0
29,allocate_send_arrival,26,S33,0,switch,3,51732,53,0,0,29,174.708,0,39.7097,0,0
30,allocate_send_buffered,1,S01,0,switch,0,51726,39,0,0,30,159.728,100,25,2.91038e-14,0
30,allocate_send_buffered,1,S01,0,switch,0,51722,97,0,0,30,159.728,100,25,2.91038e-14,0
30,allocate_send_buffered,1,S01,0,switch,0,51729,26,0,0,30,159.728,100,25,2.91038e-14,0
30,allocate_send_buffered,1,S01,0,switch,0,51721,16,0,0,30,159.728,100,25,0,0
30,allocate_send_buffered,3,S27,0,switch,0,51731,66,0,0,30,119.129,100,33.3333,7.27596e-15,0
30,allocate_send_buffered,3,S27,0,switch,0,51735,76,0,0,30,119.129,100,33.3333,6.54836e-14,0
30,allocate_send_buffered,3,S27,0,switch,0,51732,53,0,0,30,119.129,100,33.3333,0,0
30,allocate_send_buffered,4,S37,0,switch,0,51730,100,0,0,30,203.508,100,20,0,0
30,allocate_send_buffered,4,S37,0,switch,0,51724,112,0,0,30,203.508,100,20,5.09317e-14,0
30,allocate_send_buffered,4,S37,0,switch,0,51725,113,0,0,30,203.508,100,20,5.09317e-14,0
30,allocate_send_buffered,4,S37,0,switch,0,51728,103,0,0,30,203.508,100,20,0,0
30,allocate_send_buffered,4,S37,0,switch,0,51723,15,0,0,30,203.508,100,20,0,0
30,stage_arrival,54,S31,1,switch,37,51734,109,0,0,30,242.335,0,0,24.1762,0
30,stage_arrival,51,S48,0,switch,57,51728,103,0,0,30,201.033,0,0,40.7016,0
30,stage_arrival,43,S22,0,switch,0,51727,98,0,0,30,203.304,0,0,62.5,0
30,stage_arrival,1,S01,0,switch,0,51729,26,0,0,30,159.728,0,0,39.932,0
30,stage_arrival,1,S01,0,switch,0,51721,16,0,0,30,159.728,0,0,39.932,0
30,stage_arrival,0,S00,5,terminal,0,51733,61,0,0,30,1000,0,0,62.5,0
30,stage_arrival,38,S42,0,switch,42,51735,76,0,0,30,176.64,0,0,39.7097,0
30,stage_arrival,1,S01,0,switch,0,51722,97,0,0,30,159.728,0,0,39.932,0
30,stage_arrival,26,S33,0,switch,3,51731,66,0,0,30,174.708,0,0,39.7097,0
30,stage_arrival,0,S00,5,terminal,0,51722,97,0,0,30,1000,0,0,14.932,0
30,stage_arrival,19,S06,3,switch,10,51726,39,0,0,30,169.014,0,0,39.932,0
30,stage_arrival,4,S37,0,switch,0,51725,113,0,0,30,203.508,0,0,40.7016,0
30,stage_arrival,33,S34,0,switch,26,51731,66,0,0,30,235.741,0,0,39.7097,0
30,stage_arrival,0,S00,5,terminal,0,51735,76,0,0,30,1000,0,0,6.37633,0
30,stage_arrival,0,S00,5,terminal,0,51728,103,0,0,30,1000,0,0,20,0
30,stage_arrival,0,S00,5,terminal,0,51720,92,0,0,30,1000,0,0,62.5,0
30,stage_arrival,13,S40,0,switch,6,51729,26,0,0,30,162.644,0,0,39.932,0
30,stage_arrival,3,S27,0,switch,0,51732,53,0,0,30,119.129,0,0,39.7097,0
30,stage_arrival,0,S00,5,terminal,0,51726,39,0,0,30,1000,0,0,25,0
30,stage_arrival,42,S20,2,switch,3,51735,76,0,0,30,251.806,0,0,39.7097,0
30,stage_arrival,7,S45,2,switch,61,51723,15,0,0,30,100.666,0,0,40.7016,0
30,stage_arrival,56,S36,2,switch,4,51725,113,0,0,30,112.305,0,0,40.7016,0
30,stage_arrival,4,S37,0,switch,0,51730,100,0,0,30,203.508,0,0,40.7016,0
30,stage_arrival,49,S26,0,switch,43,51727,98,0,0,30,126.404,0,0,24.1855,0
30,stage_arrival,0,S00,5,terminal,0,51724,112,0,0,30,1000,0,0,20,0
30,stage_arrival,0,S00,5,terminal,0,51723,15,0,0,30,1000,0,0,20,0
30,stage_arrival,26,S33,0,switch,3,51732,53,0,0,30,174.708,0,0,39.7097,0
30,stage_arrival,1,S01,0,switch,0,51726,39,0,0,30,159.728,0,0,39.932,0
30,stage_arrival,0,S00,5,terminal,0,51721,16,0,0,30,1000,0,0,25,0
30,stage_arrival,4,S37,0,switch,0,51728,103,0,0,30,203.508,0,0,40.7016,0
30,stage_arrival,48,S50,3,switch,10,51722,97,0,0,30,118.54,0,0,39.932,0
30,stage_arrival,50,S38,2,switch,4,51728,103,0,0,30,290.506,0,0,40.7016,0
30,stage_arrival,4,S37,0,switch,0,51723,15,0,0,30,203.508,0,0,40.7016,0
30,stage_arrival,50,S38,2,switch,4,51723,15,0,0,30,290.506,0,0,40.7016,0
30,stage_arrival,4,S37,0,switch,0,51724,112,0,0,30,203.508,0,0,40.7016,0
30,stage_arrival,30,S14,2,switch,31,51733,61,0,0,30,290.433,0,0,23.3829,0
30,stage_arrival,0,S00,5,terminal,0,51732,53,0,0,30,1000,0,0,33.3333,0
30,stage_arrival,57,S47,1,switch,50,51728,103,0,0,30,259.289,0,0,40.7016,0
30,stage_arrival,43,S22,0,switch,0,51720,92,0,0,30,203.304,0,0,62.5,0
30,stage_arrival,0,S00,5,terminal,0,51727,98,0,0,30,1000,0,0,62.5,0
30,stage_arrival,57,S47,1,switch,50,51723,15,0,0,30,259.289,0,0,40.7016,0
30,stage_arrival,0,S00,5,terminal,0,51725,113,0,0,30,1000,0,0,20,0
30,stage_arrival_coalesce,0,S00,5,terminal,0,51735,76,0,0,30,1000,0,0,39.7097,0
30,stage_arrival,50,S38,2,switch,4,51730,100,0,0,30,290.506,0,0,40.7016,0
30,stage_arrival,37,S32,0,switch,0,51734,109,0,0,30,103.31,0,0,62.5,0
30,stage_arrival,0,S00,5,terminal,0,51729,26,0,0,30,1000,0,0,14.932,0
30,stage_arrival,0,S00,5,terminal,0,51731,66,0,0,30,1000,0,0,33.3333,0
30,stage_arrival,46,S24,1,switch,44,51720,92,0,0,30,217.722,0,0,24.1777,0
30,stage_arrival,10,S61,0,switch,1,51722,97,0,0,30,227.172,0,0,39.932,0
30,stage_arrival,44,S23,0,switch,43,51720,92,0,0,30,211.017,0,0,62.5,0
30,stage_arrival,0,S00,5,terminal,0,51730,100,0,0,30,1000,0,0,20,0
30,stage_arrival,3,S27,0,switch,0,51735,76,0,0,30,119.129,0,0,39.7097,0
30,stage_arrival_coalesce,0,S00,5,terminal,0,51728,103,0,0,30,1000,0,0,40.7016,0
30,stage_arrival_coalesce,0,S00,5,terminal,0,51729,26,0,0,30,1000,0,0,39.932,0
30,stage_arrival,8,S52,0,switch,1,51721,16,0,0,30,255.562,0,0,39.932,0
30,stage_arrival,10,S61,0,switch,1,51726,39,0,0,30,227.172,0,0,39.932,0
30,stage_arrival_coalesce,0,S00,5,terminal,0,51726,39,0,0,30,1000,0,0,39.932,0
30,stage_arrival_coalesce,0,S00,5,terminal,0,51732,53,0,0,30,1000,0,0,39.7097,0
30,stage_arrival,56,S36,2,switch,4,51724,112,0,0,30,112.305,0,0,40.7016,0
30,stage_arrival,5,S63,0,switch,0,51733,61,0,0,30,259.679,0,0,62.5,0
30,stage_arrival,0,S00,5,terminal,0,51734,109,0,0,30,1000,0,0,62.5,0
30,stage_arrival_coalesce,0,S00,5,terminal,0,51725,113,0,0,30,1000,0,0,40.7016,0
30,stage_arrival_coalesce,0,S00,5,terminal,0,51722,97,0,0,30,1000,0,0,39.932,0
30,stage_arrival_coalesce,0,S00,5,terminal,0,51721,16,0,0,30,1000,0,0,39.932,0
30,stage_arrival,31,S62,3,switch,5,51733,61,0,0,30,238.676,0,0,62.5,0
30,stage_arrival_coalesce,0,S00,5,terminal,0,51724,112,0,0,30,1000,0,0,40.7016,0
30,stage_arrival,3,S27,0,switch,0,51731,66,0,0,30,119.129,0,0,39.7097,0
30,stage_arrival,6,S02,0,switch,1,51729,26,0,0,30,138.732,0,0,39.932,0
30,stage_arrival_coalesce,0,S00,5,terminal,0,51731,66,0,0,30,1000,0,0,39.7097,0
30,stage_arrival_coalesce,0,S00,5,terminal,0,51730,100,0,0,30,1000,0,0,40.7016,0
30,stage_arrival,61,S46,1,switch,57,51723,15,0,0,30,199.213,0,0,40.7016,0
30,stage_arrival_coalesce,0,S00,5,terminal,0,51723,15,0,0,30,1000,0,0,40.7016,0
30,allocate_send_arrival,30,S14,2,switch,31,51733,61,0,0,30,290.433,0,23.3829,0,0
30,allocate_send_arrival,10,S61,0,switch,1,51722,97,0,0,30,227.172,0,39.932,0,0
30,allocate_send_arrival,10,S61,0,switch,1,51726,39,0,0,30,227.172,0,39.932,0,0
30,allocate_send_arrival,43,S22,0,switch,0,51727,98,0,0,30,203.304,0,62.5,0,0
30,allocate_send_arrival,43,S22,0,switch,0,51720,92,0,0,30,203.304,0,62.5,0,0
30,allocate_send_arrival,54,S31,1,switch,37,51734,109,0,0,30,242.335,0,24.1762,0,0
30,allocate_send_arrival,44,S23,0,switch,43,51720,92,0,0,30,211.017,0,62.5,0,0
30,allocate_send_arrival,37,S32,0,switch,0,51734,109,0,0,30,103.31,0,62.5,0,0
30,allocate_send_arrival,6,S02,0,switch,1,51729,26,0,0,30,138.732,0,39.932,0,0
30,allocate_send_arrival,8,S52,0,switch,1,51721,16,0,0,30,255.562,0,39.932,0,0
30,allocate_send_arrival,33,S34,0,switch,26,51731,66,0,0,30,235.741,0,39.7097,0,0
30,allocate_send_arrival,48,S50,3,switch,10,51722,97,0,0,30,118.54,0,39.932,0,0
30,allocate_send_arrival,38,S42,0,switch,42,51735,76,0,0,30,176.64,0,39.7097,0,0
30,allocate_send_arrival,51,S48,0,switch,57,51728,103,0,0,30,201.033,0,40.7016,0,0
30,allocate_send_arrival,3,S27,0,switch,0,51732,53,0,0,30,119.129,0,6.37633,33.3333,0
30,enqueue_residual,3,S27,0,switch,0,51732,53,0,0,30,119.129,0,0,33.3333,0
30,allocate_send_arrival,3,S27,0,switch,0,51735,76,0,0,30,119.129,0,6.37633,33.3333,0
30,enqueue_residual,3,S27,0,switch,0,51735,76,0,0,30,119.129,0,0,33.3333,0
30,allocate_send_arrival,3,S27,0,switch,0,51731,66,0,0,30,119.129,0,6.37633,33.3333,0
30,enqueue_residual,3,S27,0,switch,0,51731,66,0,0,30,119.129,0,0,33.3333,0
30,allocate_send_arrival,31,S62,3,switch,5,51733,61,0,0,30,238.676,0,62.5,0,0
30,allocate_send_arrival,56,S36,2,switch,4,51725,113,0,0,30,112.305,0,40.7016,0,0
30,allocate_send_arrival,56,S36,2,switch,4,51724,112,0,0,30,112.305,0,40.7016,0,0
30,allocate_send_arrival,0,S00,5,terminal,0,51733,61,0,0,30,1000,0,62.5,1.16415e-13,0
30,allocate_send_arrival,0,S00,5,terminal,0,51722,97,0,0,30,1000,0,39.932,0,0
30,allocate_send_arrival,0,S00,5,terminal,0,51735,76,0,0,30,1000,0,39.7097,0,0
30,allocate_send_arrival,0,S00,5,terminal,0,51728,103,0,0,30,1000,0,40.7016,0,0
30,allocate_send_arrival,0,S00,5,terminal,0,51720,92,0,0,30,1000,0,62.5,2.18279e-14,0
30,allocate_send_arrival,0,S00,5,terminal,0,51726,39,0,0,30,1000,0,39.932,0,0
30,allocate_send_arrival,0,S00,5,terminal,0,51724,112,0,0,30,1000,0,40.7016,0,0
30,allocate_send_arrival,0,S00,5,terminal,0,51723,15,0,0,30,1000,0,40.7016,0,0
30,allocate_send_arrival,0,S00,5,terminal,0,51721,16,0,0,30,1000,0,39.932,0,0
30,allocate_send_arrival,0,S00,5,terminal,0,51732,53,0,0,30,1000,0,39.7097,0,0
30,allocate_send_arrival,0,S00,5,terminal,0,51727,98,0,0,30,1000,0,62.5,0,0
30,allocate_send_arrival,0,S00,5,terminal,0,51725,113,0,0,30,1000,0,40.7016,0,0
30,allocate_send_arrival,0,S00,5,terminal,0,51729,26,0,0,30,1000,0,39.932,0,0
30,allocate_send_arrival,0,S00,5,terminal,0,51731,66,0,0,30,1000,0,39.7097,0,0
30,allocate_send_arrival,0,S00,5,terminal,0,51730,100,0,0,30,1000,0,40.7016,0,0
30,allocate_send_arrival,0,S00,5,terminal,0,51734,109,0,0,30,1000,0,62.5,0,0
30,allocate_send_arrival,19,S06,3,switch,10,51726,39,0,0,30,169.014,0,39.932,0,0
30,allocate_send_arrival,1,S01,0,switch,0,51729,26,0,0,30,159.728,0,14.932,25,0
30,enqueue_residual,1,S01,0,switch,0,51729,26,0,0,30,159.728,0,0,25,0
30,allocate_send_arrival,1,S01,0,switch,0,51721,16,0,0,30,159.728,0,14.932,25,0
30,enqueue_residual,1,S01,0,switch,0,51721,16,0,0,30,159.728,0,0,25,0
30,allocate_send_arrival,1,S01,0,switch,0,51722,97,0,0,30,159.728,0,14.932,25,0
30,enqueue_residual,1,S01,0,switch,0,51722,97,0,0,30,159.728,0,0,25,0
30,allocate_send_arrival,1,S01,0,switch,0,51726,39,0,0,30,159.728,0,14.932,25,0
30,enqueue_residual,1,S01,0,switch,0,51726,39,0,0,30,159.728,0,0,25,0
30,allocate_send_arrival,50,S38,2,switch,4,51728,103,0,0,30,290.506,0,40.7016,0,0
30,allocate_send_arrival,50,S38,2,switch,4,51723,15,0,0,30,290.506,0,40.7016,3.63798e-14,0
30,allocate_send_arrival,50,S38,2,switch,4,51730,100,0,0,30,290.506,0,40.7016,0,0
30,allocate_send_arrival,61,S46,1,switch,57,51723,15,0,0,30,199.213,0,40.7016,0,0
30,allocate_send_arrival,5,S63,0,switch,0,51733,61,0,0,30,259.679,0,62.5,0,0
30,allocate_send_arrival,13,S40,0,switch,6,51729,26,0,0,30,162.644,0,39.932,0,0
30,allocate_send_arrival,46,S24,1,switch,44,51720,92,0,0,30,217.722,0,24.1777,0,0
30,allocate_send_arrival,4,S37,0,switch,0,51725,113,0,0,30,203.508,0,20.7016,20,0
30,enqueue_residual,4,S37,0,switch,0,51725,113,0,0,30,203.508,0,0,20,0
30,allocate_send_arrival,4,S37,0,switch,0,51730,100,0,0,30,203.508,0,20.7016,20,0
30,enqueue_residual,4,S37,0,switch,0,51730,100,0,0,30,203.508,0,0,20,0
30,allocate_send_arrival,4,S37,0,switch,0,51728,103,0,0,30,203.508,0,20.7016,20,0
30,enqueue_residual,4,S37,0,switch,0,51728,103,0,0,30,203.508,0,0,20,0
30,allocate_send_arrival,4,S37,0,switch,0,51723,15,0,0,30,203.508,0,20.7016,20,0
30,enqueue_residual,4,S37,0,switch,0,51723,15,0,0,30,203.508,0,0,20,0
30,allocate_send_arrival,4,S37,0,switch,0,51724,112,0,0,30,203.508,0,20.7016,20,0
30,enqueue_residual,4,S37,0,switch,0,51724,112,0,0,30,203.508,0,0,20,0
30,allocate_send_arrival,7,S45,2,switch,61,51723,15,0,0,30,100.666,0,40.7016,0,0
30,allocate_send_arrival,49,S26,0,switch,43,51727,98,0,0,30,126.404,0,24.1855,0,0
30,allocate_send_arrival,42,S20,2,switch,3,51735,76,0,0,30,251.806,0,39.7097,0,0
30,allocate_send_arrival,57,S47,1,switch,50,51728,103,0,0,30,259.289,0,40.7016,0,0
30,allocate_send_arrival,57,S47,1,switch,50,51723,15,0,0,30,259.289,0,40.7016,0,0
30,allocate_send_arrival,26,S33,0,switch,3,51731,66,0,0,30,174.708,0,39.7097,0,0
30,allocate_send_arrival,26,S33,0,switch,3,51732,53,0,0,30,174.708,0,39.7097,0,0
31,allocate_send_buffered,1,S01,0,switch,0,51729,26,0,0,31,159.728,100,25,0,0
31,allocate_send_buffered,1,S01,0,switch,0,51721,16,0,0,31,159.728,100,25,0,0
31,allocate_send_buffered,1,S01,0,switch,0,51722,97,0,0,31,159.728,100,25,0,0
31,allocate_send_buffered,1,S01,0,switch,0,51726,39,0,0,31,159.728,100,25,0,0
31,allocate_send_buffered,3,S27,0,switch,0,51732,53,0,0,31,119.129,100,33.3333,0,0
31,allocate_send_buffered,3,S27,0,switch,0,51735,76,0,0,31,119.129,100,33.3333,0,0
31,allocate_send_buffered,3,S27,0,switch,0,51731,66,0,0,31,119.129,100,33.3333,0,0
31,allocate_send_buffered,4,S37,0,switch,0,51725,113,0,0,31,203.508,100,20,4.00178e-14,0
31,allocate_send_buffered,4,S37,0,switch,0,51730,100,0,0,31,203.508,100,20,0,0
31,allocate_send_buffered,4,S37,0,switch,0,51728,103,0,0,31,203.508,100,20,0,0
31,allocate_send_buffered,4,S37,0,switch,0,51723,15,0,0,31,203.508,100,20,0,0
31,allocate_send_buffered,4,S37,0,switch,0,51724,112,0,0,31,203.508,100,20,4.00178e-14,0
31,stage_arrival,0,S00,5,terminal,0,51725,113,0,0,31,1000,0,0,20.7016,0
31,stage_arrival,61,S46,1,switch,57,51723,15,0,0,31,199.213,0,0,40.7016,0
31,stage_arrival,7,S45,2,switch,61,51723,15,0,0,31,100.666,0,0,40.7016,0
31,stage_arrival,4,S37,0,switch,0,51724,112,0,0,31,203.508,0,0,40.7016,0
31,stage_arrival,1,S01,0,switch,0,51726,39,0,0,31,159.728,0,0,39.932,0
31,stage_arrival,0,S00,5,terminal,0,51723,15,0,0,31,1000,0,0,20.7016,0
31,stage_arrival,0,S00,5,terminal,0,51722,97,0,0,31,1000,0,0,25,0
31,stage_arrival,0,S00,5,terminal,0,51724,112,0,0,31,1000,0,0,20,0
31,stage_arrival,5,S63,0,switch,0,51733,61,0,0,31,259.679,0,0,62.5,0
31,stage_arrival,43,S22,0,switch,0,51727,98,0,0,31,203.304,0,0,24.1855,0
31,stage_arrival,0,S00,5,terminal,0,51735,76,0,0,31,1000,0,0,6.37633,0
31,stage_arrival,42,S20,2,switch,3,51735,76,0,0,31,251.806,0,0,39.7097,0
31,stage_arrival,10,S61,0,switch,1,51722,97,0,0,31,227.172,0,0,39.932,0
31,stage_arrival_coalesce,0,S00,5,terminal,0,51735,76,0,0,31,1000,0,0,39.7097,0
31,stage_arrival,26,S33,0,switch,3,51732,53,0,0,31,174.708,0,0,39.7097,0
31,stage_arrival,3,S27,0,switch,0,51731,66,0,0,31,119.129,0,0,39.7097,0
31,stage_arrival,0,S00,5,terminal,0,51732,53,0,0,31,1000,0,0,6.37633,0
31,stage_arrival,3,S27,0,switch,0,51732,53,0,0,31,119.129,0,0,39.7097,0
31,stage_arrival,0,S00,5,terminal,0,51721,16,0,0,31,1000,0,0,25,0
31,stage_arrival,56,S36,2,switch,4,51725,113,0,0,31,112.305,0,0,40.7016,0
31,stage_arrival,0,S00,5,terminal,0,51729,26,0,0,31,1000,0,0,25,0
31,stage_arrival,3,S27,0,switch,0,51735,76,0,0,31,119.129,0,0,39.7097,0
31,stage_arrival,0,S00,5,terminal,0,51728,103,0,0,31,1000,0,0,20,0
31,stage_arrival,44,S23,0,switch,43,51720,92,0,0,31,211.017,0,0,24.1777,0
31,stage_arrival,26,S33,0,switch,3,51731,66,0,0,31,174.708,0,0,39.7097,0
31,stage_arrival,0,S00,5,terminal,0,51730,100,0,0,31,1000,0,0,20.7016,0
31,stage_arrival,1,S01,0,switch,0,51721,16,0,0,31,159.728,0,0,39.932,0
31,stage_arrival,0,S00,5,terminal,0,51733,61,0,0,31,1000,0,0,62.5,0
31,stage_arrival,0,S00,5,terminal,0,51731,66,0,0,31,1000,0,0,6.37633,0
31,stage_arrival,57,S47,1,switch,50,51723,15,0,0,31,259.289,0,0,40.7016,0
31,stage_arrival,4,S37,0,switch,0,51723,15,0,0,31,203.508,0,0,40.7016,0
31,stage_arrival,0,S00,5,terminal,0,51726,39,0,0,31,1000,0,0,25,0
31,stage_arrival,37,S32,0,switch,0,51734,109,0,0,31,103.31,0,0,24.1762,0
31,stage_arrival,0,S00,5,terminal,0,51727,98,0,0,31,1000,0,0,62.5,0
31,stage_arrival,38,S42,0,switch,42,51735,76,0,0,31,176.64,0,0,39.7097,0
31,stage_arrival,33,S34,0,switch,26,51731,66,0,0,31,235.741,0,0,39.7097,0
31,stage_arrival,31,S62,3,switch,5,51733,61,0,0,31,238.676,0,0,23.3829,0
31,stage_arrival,4,S37,0,switch,0,51725,113,0,0,31,203.508,0,0,40.7016,0
31,stage_arrival,13,S40,0,switch,6,51729,26,0,0,31,162.644,0,0,39.932,0
31,stage_arrival_coalesce,0,S00,5,terminal,0,51732,53,0,0,31,1000,0,0,39.7097,0
31,stage_arrival,19,S06,3,switch,10,51726,39,0,0,31,169.014,0,0,39.932,0
31,stage_arrival_coalesce,0,S00,5,terminal,0,51728,103,0,0,31,1000,0,0,40.7016,0
31,stage_arrival_coalesce,0,S00,5,terminal,0,51721,16,0,0,31,1000,0,0,39.932,0
31,stage_arrival_coalesce,0,S00,5,terminal,0,51722,97,0,0,31,1000,0,0,39.932,0
31,stage_arrival_coalesce,0,S00,5,terminal,0,51731,66,0,0,31,1000,0,0,39.7097,0
31,stage_arrival,48,S50,3,switch,10,51722,97,0,0,31,118.54,0,0,39.932,0
31,stage_arrival_coalesce,0,S00,5,terminal,0,51726,39,0,0,31,1000,0,0,39.932,0
31,stage_arrival,10,S61,0,switch,1,51726,39,0,0,31,227.172,0,0,39.932,0
31,stage_arrival_coalesce,0,S00,5,terminal,0,51725,113,0,0,31,1000,0,0,40.7016,0
31,stage_arrival,6,S02,0,switch,1,51729,26,0,0,31,138.732,0,0,39.932,0
31,stage_arrival,50,S38,2,switch,4,51730,100,0,0,31,290.506,0,0,40.7016,0
31,stage_arrival,57,S47,1,switch,50,51728,103,0,0,31,259.289,0,0,40.7016,0
31,stage_arrival,0,S00,5,terminal,0,51720,92,0,0,31,1000,0,0,62.5,0
31,stage_arrival,1,S01,0,switch,0,51729,26,0,0,31,159.728,0,0,39.932,0
31,stage_arrival,50,S38,2,switch,4,51728,103,0,0,31,290.506,0,0,40.7016,0
31,stage_arrival,4,S37,0,switch,0,51728,103,0,0,31,203.508,0,0,40.7016,0
31,stage_arrival_coalesce,0,S00,5,terminal,0,51724,112,0,0,31,1000,0,0,40.7016,0
31,stage_arrival,51,S48,0,switch,57,51728,103,0,0,31,201.033,0,0,40.7016,0
31,stage_arrival,1,S01,0,switch,0,51722,97,0,0,31,159.728,0,0,39.932,0
31,stage_arrival,50,S38,2,switch,4,51723,15,0,0,31,290.506,0,0,40.7016,0
31,stage_arrival_coalesce,0,S00,5,terminal,0,51730,100,0,0,31,1000,0,0,40.7016,0
31,stage_arrival,0,S00,5,terminal,0,51734,109,0,0,31,1000,0,0,62.5,0
31,stage_arrival,56,S36,2,switch,4,51724,112,0,0,31,112.305,0,0,40.7016,0
31,stage_arrival_coalesce,0,S00,5,terminal,0,51729,26,0,0,31,1000,0,0,39.932,0
31,stage_arrival,8,S52,0,switch,1,51721,16,0,0,31,255.562,0,0,39.932,0
31,stage_arrival,43,S22,0,switch,0,51720,92,0,0,31,203.304,0,0,62.5,0
31,stage_arrival_coalesce,0,S00,5,terminal,0,51723,15,0,0,31,1000,0,0,40.7016,0
31,stage_arrival,4,S37,0,switch,0,51730,100,0,0,31,203.508,0,0,40.7016,0
31,allocate_send_arrival,4,S37,0,switch,0,51724,112,0,0,31,203.508,0,20.7016,20,0
31,enqueue_residual,4,S37,0,switch,0,51724,112,0,0,31,203.508,0,0,20,0
31,allocate_send_arrival,4,S37,0,switch,0,51723,15,0,0,31,203.508,0,20.7016,20,0
31,enqueue_residual,4,S37,0,switch,0,51723,15,0,0,31,203.508,0,0,20,0
31,allocate_send_arrival,4,S37,0,switch,0,51725,113,0,0,31,203.508,0,20.7016,20,0
31,enqueue_residual,4,S37,0,switch,0,51725,113,0,0,31,203.508,0,0,20,0
31,allocate_send_arrival,4,S37,0,switch,0,51728,103,0,0,31,203.508,0,20.7016,20,0
31,enqueue_residual,4,S37,0,switch,0,51728,103,0,0,31,203.508,0,0,20,0
31,allocate_send_arrival,4,S37,0,switch,0,51730,100,0,0,31,203.508,0,20.7016,20,0
31,enqueue_residual,4,S37,0,switch,0,51730,100,0,0,31,203.508,0,0,20,0
31,allocate_send_arrival,3,S27,0,switch,0,51731,66,0,0,31,119.129,0,6.37633,33.3333,0
31,enqueue_residual,3,S27,0,switch,0,51731,66,0,0,31,119.129,0,0,33.3333,0
31,allocate_send_arrival,3,S27,0,switch,0,51732,53,0,0,31,119.129,0,6.37633,33.3333,0
31,enqueue_residual,3,S27,0,switch,0,51732,53,0,0,31,119.129,0,0,33.3333,0
31,allocate_send_arrival,3,S27,0,switch,0,51735,76,0,0,31,119.129,0,6.37633,33.3333,0
31,enqueue_residual,3,S27,0,switch,0,51735,76,0,0,31,119.129,0,0,33.3333,0
31,allocate_send_arrival,42,S20,2,switch,3,51735,76,0,0,31,251.806,0,39.7097,0,0
31,allocate_send_arrival,1,S01,0,switch,0,51726,39,0,0,31,159.728,0,14.932,25,0
31,enqueue_residual,1,S01,0,switch,0,51726,39,0,0,31,159.728,0,0,25,0
31,allocate_send_arrival,1,S01,0,switch,0,51721,16,0,0,31,159.728,0,14.932,25,0
31,enqueue_residual,1,S01,0,switch,0,51721,16,0,0,31,159.728,0,0,25,0
31,allocate_send_arrival,1,S01,0,switch,0,51729,26,0,0,31,159.728,0,14.932,25,0
31,enqueue_residual,1,S01,0,switch,0,51729,26,0,0,31,159.728,0,0,25,0
31,allocate_send_arrival,1,S01,0,switch,0,51722,97,0,0,31,159.728,0,14.932,25,0
31,enqueue_residual,1,S01,0,switch,0,51722,97,0,0,31,159.728,0,0,25,0
31,allocate_send_arrival,6,S02,0,switch,1,51729,26,0,0,31,138.732,0,39.932,0,0
31,allocate_send_arrival,26,S33,0,switch,3,51732,53,0,0,31,174.708,0,39.7097,0,0
31,allocate_send_arrival,26,S33,0,switch,3,51731,66,0,0,31,174.708,0,39.7097,0,0
31,allocate_send_arrival,43,S22,0,switch,0,51727,98,0,0,31,203.304,0,24.1855,0,0
31,allocate_send_arrival,43,S22,0,switch,0,51720,92,0,0,31,203.304,0,62.5,0,0
31,allocate_send_arrival,48,S50,3,switch,10,51722,97,0,0,31,118.54,0,39.932,0,0
31,allocate_send_arrival,19,S06,3,switch,10,51726,39,0,0,31,169.014,0,39.932,0,0
31,allocate_send_arrival,31,S62,3,switch,5,51733,61,0,0,31,238.676,0,23.3829,0,0
31,allocate_send_arrival,10,S61,0,switch,1,51722,97,0,0,31,227.172,0,39.932,0,0
31,allocate_send_arrival,10,S61,0,switch,1,51726,39,0,0,31,227.172,0,39.932,0,0
31,allocate_send_arrival,57,S47,1,switch,50,51723,15,0,0,31,259.289,0,40.7016,0,0
31,allocate_send_arrival,57,S47,1,switch,50,51728,103,0,0,31,259.289,0,40.7016,0,0
31,allocate_send_arrival,50,S38,2,switch,4,51730,100,0,0,31,290.506,0,40.7016,0,0
31,allocate_send_arrival,50,S38,2,switch,4,51728,103,0,0,31,290.506,0,40.7016,0,0
31,allocate_send_arrival,50,S38,2,switch,4,51723,15,0,0,31,290.506,0,40.7016,0,0
31,allocate_send_arrival,56,S36,2,switch,4,51725,113,0,0,31,112.305,0,40.7016,0,0
31,allocate_send_arrival,56,S36,2,switch,4,51724,112,0,0,31,112.305,0,40.7016,0,0
31,allocate_send_arrival,5,S63,0,switch,0,51733,61,0,0,31,259.679,0,62.5,0,0
31,allocate_send_arrival,37,S32,0,switch,0,51734,109,0,0,31,103.31,0,24.1762,0,0
31,allocate_send_arrival,7,S45,2,switch,61,51723,15,0,0,31,100.666,0,40.7016,0,0
31,allocate_send_arrival,44,S23,0,switch,43,51720,92,0,0,31,211.017,0,24.1777,0,0
31,allocate_send_arrival,13,S40,0,switch,6,51729,26,0,0,31,162.644,0,39.932,0,0
31,allocate_send_arrival,51,S48,0,switch,57,51728,103,0,0,31,201.033,0,40.7016,0,0
31,allocate_send_arrival,0,S00,5,terminal,0,51725,113,0,0,31,1000,0,40.7016,0,0
31,allocate_send_arrival,0,S00,5,terminal,0,51723,15,0,0,31,1000,0,40.7016,0,0
31,allocate_send_arrival,0,S00,5,terminal,0,51722,97,0,0,31,1000,0,39.932,0,0
31,allocate_send_arrival,0,S00,5,terminal,0,51724,112,0,0,31,1000,0,40.7016,0,0
31,allocate_send_arrival,0,S00,5,terminal,0,51735,76,0,0,31,1000,0,39.7097,0,0
31,allocate_send_arrival,0,S00,5,terminal,0,51732,53,0,0,31,1000,0,39.7097,0,0
31,allocate_send_arrival,0,S00,5,terminal,0,51721,16,0,0,31,1000,0,39.932,0,0
31,allocate_send_arrival,0,S00,5,terminal,0,51729,26,0,0,31,1000,0,39.932,0,0
31,allocate_send_arrival,0,S00,5,terminal,0,51728,103,0,0,31,1000,0,40.7016,0,0
31,allocate_send_arrival,0,S00,5,terminal,0,51730,100,0,0,31,1000,0,40.7016,0,0
31,allocate_send_arrival,0,S00,5,terminal,0,51733,61,0,0,31,1000,0,62.5,0,0
31,allocate_send_arrival,0,S00,5,terminal,0,51731,66,0,0,31,1000,0,39.7097,0,0
31,allocate_send_arrival,0,S00,5,terminal,0,51726,39,0,0,31,1000,0,39.932,0,0
31,allocate_send_arrival,0,S00,5,terminal,0,51727,98,0,0,31,1000,0,62.5,0,0
31,allocate_send_arrival,0,S00,5,terminal,0,51720,92,0,0,31,1000,0,62.5,0,0
31,allocate_send_arrival,0,S00,5,terminal,0,51734,109,0,0,31,1000,0,62.5,0,0
31,allocate_send_arrival,8,S52,0,switch,1,51721,16,0,0,31,255.562,0,39.932,0,0
31,allocate_send_arrival,38,S42,0,switch,42,51735,76,0,0,31,176.64,0,39.7097,0,0
31,allocate_send_arrival,61,S46,1,switch,57,51723,15,0,0,31,199.213,0,40.7016,0,0
31,allocate_send_arrival,33,S34,0,switch,26,51731,66,0,0,31,235.741,0,39.7097,0,0
32,allocate_send_buffered,1,S01,0,switch,0,51726,39,0,0,32,159.728,100,25,0,0
32,allocate_send_buffered,1,S01,0,switch,0,51721,16,0,0,32,159.728,100,25,0,0
32,allocate_send_buffered,1,S01,0,switch,0,51729,26,0,0,32,159.728,100,25,0,0
32,allocate_send_buffered,1,S01,0,switch,0,51722,97,0,0,32,159.728,100,25,0,0
32,allocate_send_buffered,4,S37,0,switch,0,51724,112,0,0,32,203.508,100,20,0,0
32,allocate_send_buffered,4,S37,0,switch,0,51723,15,0,0,32,203.508,100,20,2.18279e-14,0
32,allocate_send_buffered,4,S37,0,switch,0,51725,113,0,0,32,203.508,100,20,0,0
32,allocate_send_buffered,4,S37,0,switch,0,51728,103,0,0,32,203.508,100,20,0,0
32,allocate_send_buffered,4,S37,0,switch,0,51730,100,0,0,32,203.508,100,20,0,0
32,allocate_send_buffered,3,S27,0,switch,0,51731,66,0,0,32,119.129,100,33.3333,0,0
32,allocate_send_buffered,3,S27,0,switch,0,51732,53,0,0,32,119.129,100,33.3333,0,0
32,allocate_send_buffered,3,S27,0,switch,0,51735,76,0,0,32,119.129,100,33.3333,0,0
32,stage_arrival,0,S00,5,terminal,0,51726,39,0,0,32,1000,0,0,14.932,0
32,stage_arrival,26,S33,0,switch,3,51732,53,0,0,32,174.708,0,0,39.7097,0
32,stage_arrival,4,S37,0,switch,0,51728,103,0,0,32,203.508,0,0,40.7016,0
32,stage_arrival,50,S38,2,switch,4,51730,100,0,0,32,290.506,0,0,40.7016,0
32,stage_arrival,1,S01,0,switch,0,51726,39,0,0,32,159.728,0,0,39.932,0
32,stage_arrival,0,S00,5,terminal,0,51722,97,0,0,32,1000,0,0,14.932,0
32,stage_arrival,6,S02,0,switch,1,51729,26,0,0,32,138.732,0,0,39.932,0
32,stage_arrival,26,S33,0,switch,3,51731,66,0,0,32,174.708,0,0,39.7097,0
32,stage_arrival,0,S00,5,terminal,0,51732,53,0,0,32,1000,0,0,6.37633,0
32,stage_arrival,1,S01,0,switch,0,51729,26,0,0,32,159.728,0,0,39.932,0
32,stage_arrival,0,S00,5,terminal,0,51734,109,0,0,32,1000,0,0,24.1762,0
32,stage_arrival,0,S00,5,terminal,0,51725,113,0,0,32,1000,0,0,20,0
32,stage_arrival_coalesce,0,S00,5,terminal,0,51722,97,0,0,32,1000,0,0,39.932,0
32,stage_arrival,0,S00,5,terminal,0,51721,16,0,0,32,1000,0,0,25,0
32,stage_arrival,19,S06,3,switch,10,51726,39,0,0,32,169.014,0,0,39.932,0
32,stage_arrival,0,S00,5,terminal,0,51723,15,0,0,32,1000,0,0,20,0
32,stage_arrival,50,S38,2,switch,4,51728,103,0,0,32,290.506,0,0,40.7016,0
32,stage_arrival,0,S00,5,terminal,0,51720,92,0,0,32,1000,0,0,62.5,0
32,stage_arrival_coalesce,0,S00,5,terminal,0,51725,113,0,0,32,1000,0,0,40.7016,0
32,stage_arrival_coalesce,0,S00,5,terminal,0,51732,53,0,0,32,1000,0,0,39.7097,0
32,stage_arrival,10,S61,0,switch,1,51722,97,0,0,32,227.172,0,0,39.932,0
32,stage_arrival,4,S37,0,switch,0,51723,15,0,0,32,203.508,0,0,40.7016,0
32,stage_arrival,4,S37,0,switch,0,51730,100,0,0,32,203.508,0,0,40.7016,0
32,stage_arrival,38,S42,0,switch,42,51735,76,0,0,32,176.64,0,0,39.7097,0
32,stage_arrival,0,S00,5,terminal,0,51728,103,0,0,32,1000,0,0,20,0
32,stage_arrival,57,S47,1,switch,50,51723,15,0,0,32,259.289,0,0,40.7016,0
32,stage_arrival,0,S00,5,terminal,0,51724,112,0,0,32,1000,0,0,20.7016,0
32,stage_arrival_coalesce,0,S00,5,terminal,0,51723,15,0,0,32,1000,0,0,40.7016,0
32,stage_arrival,1,S01,0,switch,0,51721,16,0,0,32,159.728,0,0,39.932,0
32,stage_arrival,0,S00,5,terminal,0,51729,26,0,0,32,1000,0,0,25,0
32,stage_arrival_coalesce,0,S00,5,terminal,0,51721,16,0,0,32,1000,0,0,39.932,0
32,stage_arrival,57,S47,1,switch,50,51728,103,0,0,32,259.289,0,0,40.7016,0
32,stage_arrival,5,S63,0,switch,0,51733,61,0,0,32,259.679,0,0,23.3829,0
32,stage_arrival,0,S00,5,terminal,0,51730,100,0,0,32,1000,0,0,20.7016,0
32,stage_arrival_coalesce,0,S00,5,terminal,0,51729,26,0,0,32,1000,0,0,39.932,0
32,stage_arrival,0,S00,5,terminal,0,51735,76,0,0,32,1000,0,0,33.3333,0
32,stage_arrival,42,S20,2,switch,3,51735,76,0,0,32,251.806,0,0,39.7097,0
32,stage_arrival,0,S00,5,terminal,0,51731,66,0,0,32,1000,0,0,6.37633,0
32,stage_arrival,56,S36,2,switch,4,51725,113,0,0,32,112.305,0,0,40.7016,0
32,stage_arrival,48,S50,3,switch,10,51722,97,0,0,32,118.54,0,0,39.932,0
32,stage_arrival,4,S37,0,switch,0,51725,113,0,0,32,203.508,0,0,40.7016,0
32,stage_arrival,56,S36,2,switch,4,51724,112,0,0,32,112.305,0,0,40.7016,0
32,stage_arrival,43,S22,0,switch,0,51720,92,0,0,32,203.304,0,0,24.1777,0
32,stage_arrival_coalesce,0,S00,5,terminal,0,51730,100,0,0,32,1000,0,0,40.7016,0
32,stage_arrival,3,S27,0,switch,0,51731,66,0,0,32,119.129,0,0,39.7097,0
32,stage_arrival,10,S61,0,switch,1,51726,39,0,0,32,227.172,0,0,39.932,0
32,stage_arrival,51,S48,0,switch,57,51728,103,0,0,32,201.033,0,0,40.7016,0
32,stage_arrival_coalesce,0,S00,5,terminal,0,51735,76,0,0,32,1000,0,0,39.7097,0
32,stage_arrival,7,S45,2,switch,61,51723,15,0,0,32,100.666,0,0,40.7016,0
32,stage_arrival,50,S38,2,switch,4,51723,15,0,0,32,290.506,0,0,40.7016,0
32,stage_arrival,8,S52,0,switch,1,51721,16,0,0,32,255.562,0,0,39.932,0
32,stage_arrival_coalesce,0,S00,5,terminal,0,51724,112,0,0,32,1000,0,0,40.7016,0
32,stage_arrival,4,S37,0,switch,0,51724,112,0,0,32,203.508,0,0,40.7016,0
32,stage_arrival,0,S00,5,terminal,0,51733,61,0,0,32,1000,0,0,62.5,0
32,stage_arrival,61,S46,1,switch,57,51723,15,0,0,32,199.213,0,0,40.7016,0
32,stage_arrival,0,S00,5,terminal,0,51727,98,0,0,32,1000,0,0,24.1855,0
32,stage_arrival_coalesce,0,S00,5,terminal,0,51728,103,0,0,32,1000,0,0,40.7016,0
32,stage_arrival_coalesce,0,S00,5,terminal,0,51726,39,0,0,32,1000,0,0,39.932,0
32,stage_arrival,13,S40,0,switch,6,51729,26,0,0,32,162.644,0,0,39.932,0
32,stage_arrival_coalesce,0,S00,5,terminal,0,51731,66,0,0,32,1000,0,0,39.7097,0
32,stage_arrival,3,S27,0,switch,0,51735,76,0,0,32,119.129,0,0,39.7097,0
32,stage_arrival,1,S01,0,switch,0,51722,97,0,0,32,159.728,0,0,39.932,0
32,stage_arrival,3,S27,0,switch,0,51732,53,0,0,32,119.129,0,0,39.7097,0
32,stage_arrival,33,S34,0,switch,26,51731,66,0,0,32,235.741,0,0,39.7097,0
32,allocate_send_arrival,43,S22,0,switch,0,51720,92,0,0,32,203.304,0,24.1777,0,0
32,allocate_send_arrival,48,S50,3,switch,10,51722,97,0,0,32,118.54,0,39.932,0,0
32,allocate_send_arrival,13,S40,0,switch,6,51729,26,0,0,32,162.644,0,39.932,0,0
32,allocate_send_arrival,5,S63,0,switch,0,51733,61,0,0,32,259.679,0,23.3829,0,0
32,allocate_send_arrival,7,S45,2,switch,61,51723,15,0,0,32,100.666,0,40.7016,0,0
32,allocate_send_arrival,26,S33,0,switch,3,51732,53,0,0,32,174.708,0,39.7097,0,0
32,allocate_send_arrival,26,S33,0,switch,3,51731,66,0,0,32,174.708,0,39.7097,0,0
32,allocate_send_arrival,8,S52,0,switch,1,51721,16,0,0,32,255.562,0,39.932,0,0
32,allocate_send_arrival,6,S02,0,switch,1,51729,26,0,0,32,138.732,0,39.932,0,0
32,allocate_send_arrival,38,S42,0,switch,42,51735,76,0,0,32,176.64,0,39.7097,0,0
32,allocate_send_arrival,61,S46,1,switch,57,51723,15,0,0,32,199.213,0,40.7016,0,0
32,allocate_send_arrival,19,S06,3,switch,10,51726,39,0,0,32,169.014,0,39.932,0,0
32,allocate_send_arrival,42,S20,2,switch,3,51735,76,0,0,32,251.806,0,39.7097,0,0
32,allocate_send_arrival,50,S38,2,switch,4,51730,100,0,0,32,290.506,0,40.7016,0,0
32,allocate_send_arrival,50,S38,2,switch,4,51728,103,0,0,32,290.506,0,40.7016,0,0
32,allocate_send_arrival,50,S38,2,switch,4,51723,15,0,0,32,290.506,0,40.7016,0,0
32,allocate_send_arrival,51,S48,0,switch,57,51728,103,0,0,32,201.033,0,40.7016,0,0
32,allocate_send_arrival,1,S01,0,switch,0,51726,39,0,0,32,159.728,0,14.932,25,0
32,enqueue_residual,1,S01,0,switch,0,51726,39,0,0,32,159.728,0,0,25,0
32,allocate_send_arrival,1,S01,0,switch,0,51729,26,0,0,32,159.728,0,14.932,25,0
32,enqueue_residual,1,S01,0,switch,0,51729,26,0,0,32,159.728,0,0,25,0
32,allocate_send_arrival,1,S01,0,switch,0,51721,16,0,0,32,159.728,0,14.932,25,0
32,enqueue_residual,1,S01,0,switch,0,51721,16,0,0,32,159.728,0,0,25,0
32,allocate_send_arrival,1,S01,0,switch,0,51722,97,0,0,32,159.728,0,14.932,25,0
32,enqueue_residual,1,S01,0,switch,0,51722,97,0,0,32,159.728,0,0,25,0
32,allocate_send_arrival,57,S47,1,switch,50,51723,15,0,0,32,259.289,0,40.7016,0,0
32,allocate_send_arrival,57,S47,1,switch,50,51728,103,0,0,32,259.289,0,40.7016,0,0
32,allocate_send_arrival,3,S27,0,switch,0,51731,66,0,0,32,119.129,0,6.37633,33.3333,0
32,enqueue_residual,3,S27,0,switch,0,51731,66,0,0,32,119.129,0,0,33.3333,0
32,allocate_send_arrival,3,S27,0,switch,0,51735,76,0,0,32,119.129,0,6.37633,33.3333,0
32,enqueue_residual,3,S27,0,switch,0,51735,76,0,0,32,119.129,0,0,33.3333,0
32,allocate_send_arrival,3,S27,0,switch,0,51732,53,0,0,32,119.129,0,6.37633,33.3333,0
32,enqueue_residual,3,S27,0,switch,0,51732,53,0,0,32,119.129,0,0,33.3333,0
32,allocate_send_arrival,4,S37,0,switch,0,51728,103,0,0,32,203.508,0,20.7016,20,0
32,enqueue_residual,4,S37,0,switch,0,51728,103,0,0,32,203.508,0,0,20,0
32,allocate_send_arrival,4,S37,0,switch,0,51723,15,0,0,32,203.508,0,20.7016,20,0
32,enqueue_residual,4,S37,0,switch,0,51723,15,0,0,32,203.508,0,0,20,0
32,allocate_send_arrival,4,S37,0,switch,0,51730,100,0,0,32,203.508,0,20.7016,20,0
32,enqueue_residual,4,S37,0,switch,0,51730,100,0,0,32,203.508,0,0,20,0
32,allocate_send_arrival,4,S37,0,switch,0,51725,113,0,0,32,203.508,0,20.7016,20,0
32,enqueue_residual,4,S37,0,switch,0,51725,113,0,0,32,203.508,0,0,20,0
32,allocate_send_arrival,4,S37,0,switch,0,51724,112,0,0,32,203.508,0,20.7016,20,0
32,enqueue_residual,4,S37,0,switch,0,51724,112,0,0,32,203.508,0,0,20,0
32,allocate_send_arrival,56,S36,2,switch,4,51725,113,0,0,32,112.305,0,40.7016,0,0
32,allocate_send_arrival,56,S36,2,switch,4,51724,112,0,0,32,112.305,0,40.7016,0,0
32,allocate_send_arrival,10,S61,0,switch,1,51722,97,0,0,32,227.172,0,39.932,0,0
32,allocate_send_arrival,10,S61,0,switch,1,51726,39,0,0,32,227.172,0,39.932,0,0
32,allocate_send_arrival,0,S00,5,terminal,0,51726,39,0,0,32,1000,0,39.932,0,0
32,allocate_send_arrival,0,S00,5,terminal,0,51722,97,0,0,32,1000,0,39.932,0,0
32,allocate_send_arrival,0,S00,5,terminal,0,51732,53,0,0,32,1000,0,39.7097,0,0
32,allocate_send_arrival,0,S00,5,terminal,0,51734,109,0,0,32,1000,0,24.1762,0,0
32,allocate_send_arrival,0,S00,5,terminal,0,51725,113,0,0,32,1000,0,40.7016,0,0
32,allocate_send_arrival,0,S00,5,terminal,0,51721,16,0,0,32,1000,0,39.932,0,0
32,allocate_send_arrival,0,S00,5,terminal,0,51723,15,0,0,32,1000,0,40.7016,0,0
32,allocate_send_arrival,0,S00,5,terminal,0,51720,92,0,0,32,1000,0,62.5,4.36557e-14,0
32,allocate_send_arrival,0,S00,5,terminal,0,51728,103,0,0,32,1000,0,40.7016,0,0
32,allocate_send_arrival,0,S00,5,terminal,0,51724,112,0,0,32,1000,0,40.7016,0,0
32,allocate_send_arrival,0,S00,5,terminal,0,51729,26,0,0,32,1000,0,39.932,0,0
32,allocate_send_arrival,0,S00,5,terminal,0,51730,100,0,0,32,1000,0,40.7016,0,0
32,allocate_send_arrival,0,S00,5,terminal,0,51735,76,0,0,32,1000,0,39.7097,0,0
32,allocate_send_arrival,0,S00,5,terminal,0,51731,66,0,0,32,1000,0,39.7097,0,0
32,allocate_send_arrival,0,S00,5,terminal,0,51733,61,0,0,32,1000,0,62.5,4.36557e-14,0
32,allocate_send_arrival,0,S00,5,terminal,0,51727,98,0,0,32,1000,0,24.1855,0,0
32,allocate_send_arrival,33,S34,0,switch,26,51731,66,0,0,32,235.741,0,39.7097,0,0
33,allocate_send_buffered,4,S37,0,switch,0,51728,103,0,0,33,203.508,100,20,0,0
33,allocate_send_buffered,4,S37,0,switch,0,51723,15,0,0,33,203.508,100,20,0,0
33,allocate_send_buffered,4,S37,0,switch,0,51730,100,0,0,33,203.508,100,20,0,0
33,allocate_send_buffered,4,S37,0,switch,0,51725,113,0,0,33,203.508,100,20,0,0
33,allocate_send_buffered,4,S37,0,switch,0,51724,112,0,0,33,203.508,100,20,0,0
33,allocate_send_buffered,1,S01,0,switch,0,51726,39,0,0,33,159.728,100,25,0,0
33,allocate_send_buffered,1,S01,0,switch,0,51729,26,0,0,33,159.728,100,25,0,0
33,allocate_send_buffered,1,S01,0,switch,0,51721,16,0,0,33,159.728,100,25,0,0
33,allocate_send_buffered,1,S01,0,switch,0,51722,97,0,0,33,159.728,100,25,0,0
33,allocate_send_buffered,3,S27,0,switch,0,51731,66,0,0,33,119.129,100,33.3333,0,0
33,allocate_send_buffered,3,S27,0,switch,0,51735,76,0,0,33,119.129,100,33.3333,0,0
33,allocate_send_buffered,3,S27,0,switch,0,51732,53,0,0,33,119.129,100,33.3333,0,0
33,stage_arrival,0,S00,5,terminal,0,51732,53,0,0,33,1000,0,0,33.3333,0
33,stage_arrival,0,S00,5,terminal,0,51735,76,0,0,33,1000,0,0,33.3333,0
33,stage_arrival,0,S00,5,terminal,0,51728,103,0,0,33,1000,0,0,20.7016,0
33,stage_arrival,0,S00,5,terminal,0,51731,66,0,0,33,1000,0,0,6.37633,0
33,stage_arrival,0,S00,5,terminal,0,51723,15,0,0,33,1000,0,0,20.7016,0
33,stage_arrival_coalesce,0,S00,5,terminal,0,51723,15,0,0,33,1000,0,0,40.7016,0
33,stage_arrival,38,S42,0,switch,42,51735,76,0,0,33,176.64,0,0,39.7097,0
33,stage_arrival,0,S00,5,terminal,0,51729,26,0,0,33,1000,0,0,25,0
33,stage_arrival_coalesce,0,S00,5,terminal,0,51729,26,0,0,33,1000,0,0,39.932,0
33,stage_arrival,7,S45,2,switch,61,51723,15,0,0,33,100.666,0,0,40.7016,0
33,stage_arrival,4,S37,0,switch,0,51724,112,0,0,33,203.508,0,0,40.7016,0
33,stage_arrival,0,S00,5,terminal,0,51722,97,0,0,33,1000,0,0,25,0
33,stage_arrival,0,S00,5,terminal,0,51733,61,0,0,33,1000,0,0,23.3829,0
33,stage_arrival,6,S02,0,switch,1,51729,26,0,0,33,138.732,0,0,39.932,0
33,stage_arrival,1,S01,0,switch,0,51722,97,0,0,33,159.728,0,0,39.932,0
33,stage_arrival_coalesce,0,S00,5,terminal,0,51735,76,0,0,33,1000,0,0,39.7097,0
33,stage_arrival,57,S47,1,switch,50,51723,15,0,0,33,259.289,0,0,40.7016,0
33,stage_arrival,10,S61,0,switch,1,51726,39,0,0,33,227.172,0,0,39.932,0
33,stage_arrival,0,S00,5,terminal,0,51730,100,0,0,33,1000,0,0,20.7016,0
33,stage_arrival,1,S01,0,switch,0,51726,39,0,0,33,159.728,0,0,39.932,0
33,stage_arrival,4,S37,0,switch,0,51728,103,0,0,33,203.508,0,0,40.7016,0
33,stage_arrival,3,S27,0,switch,0,51731,66,0,0,33,119.129,0,0,39.7097,0
33,stage_arrival,0,S00,5,terminal,0,51725,113,0,0,33,1000,0,0,20,0
33,stage_arrival,42,S20,2,switch,3,51735,76,0,0,33,251.806,0,0,39.7097,0
33,stage_arrival,3,S27,0,switch,0,51732,53,0,0,33,119.129,0,0,39.7097,0
33,stage_arrival,0,S00,5,terminal,0,51724,112,0,0,33,1000,0,0,20,0
33,stage_arrival,0,S00,5,terminal,0,51726,39,0,0,33,1000,0,0,14.932,0
33,stage_arrival,10,S61,0,switch,1,51722,97,0,0,33,227.172,0,0,39.932,0
33,stage_arrival,0,S00,5,terminal,0,51720,92,0,0,33,1000,0,0,24.1777,0
33,stage_arrival,50,S38,2,switch,4,51730,100,0,0,33,290.506,0,0,40.7016,0
33,stage_arrival,8,S52,0,switch,1,51721,16,0,0,33,255.562,0,0,39.932,0
33,stage_arrival,48,S50,3,switch,10,51722,97,0,0,33,118.54,0,0,39.932,0
33,stage_arrival,57,S47,1,switch,50,51728,103,0,0,33,259.289,0,0,40.7016,0
33,stage_arrival_coalesce,0,S00,5,terminal,0,51724,112,0,0,33,1000,0,0,40.7016,0
33,stage_arrival_coalesce,0,S00,5,terminal,0,51726,39,0,0,33,1000,0,0,39.932,0
33,stage_arrival,50,S38,2,switch,4,51723,15,0,0,33,290.506,0,0,40.7016,0
33,stage_arrival,0,S00,5,terminal,0,51721,16,0,0,33,1000,0,0,25,0
33,stage_arrival,51,S48,0,switch,57,51728,103,0,0,33,201.033,0,0,40.7016,0
33,stage_arrival,1,S01,0,switch,0,51721,16,0,0,33,159.728,0,0,39.932,0
33,stage_arrival,4,S37,0,switch,0,51730,100,0,0,33,203.508,0,0,40.7016,0
33,stage_arrival,33,S34,0,switch,26,51731,66,0,0,33,235.741,0,0,39.7097,0
33,stage_arrival,3,S27,0,switch,0,51735,76,0,0,33,119.129,0,0,39.7097,0
33,stage_arrival,1,S01,0,switch,0,51729,26,0,0,33,159.728,0,0,39.932,0
33,stage_arrival,56,S36,2,switch,4,51725,113,0,0,33,112.305,0,0,40.7016,0
33,stage_arrival,19,S06,3,switch,10,51726,39,0,0,33,169.014,0,0,39.932,0
33,stage_arrival,4,S37,0,switch,0,51723,15,0,0,33,203.508,0,0,40.7016,0
33,stage_arrival_coalesce,0,S00,5,terminal,0,51730,100,0,0,33,1000,0,0,40.7016,0
33,stage_arrival,26,S33,0,switch,3,51731,66,0,0,33,174.708,0,0,39.7097,0
33,stage_arrival,56,S36,2,switch,4,51724,112,0,0,33,112.305,0,0,40.7016,0
33,stage_arrival_coalesce,0,S00,5,terminal,0,51731,66,0,0,33,1000,0,0,39.7097,0
33,stage_arrival,4,S37,0,switch,0,51725,113,0,0,33,203.508,0,0,40.7016,0
33,stage_arrival,26,S33,0,switch,3,51732,53,0,0,33,174.708,0,0,39.7097,0
33,stage_arrival_coalesce,0,S00,5,terminal,0,51721,16,0,0,33,1000,0,0,39.932,0
33,stage_arrival,50,S38,2,switch,4,51728,103,0,0,33,290.506,0,0,40.7016,0
33,stage_arrival_coalesce,0,S00,5,terminal,0,51732,53,0,0,33,1000,0,0,39.7097,0
33,stage_arrival,13,S40,0,switch,6,51729,26,0,0,33,162.644,0,0,39.932,0
33,stage_arrival_coalesce,0,S00,5,terminal,0,51722,97,0,0,33,1000,0,0,39.932,0
33,stage_arrival_coalesce,0,S00,5,terminal,0,51728,103,0,0,33,1000,0,0,40.7016,0
33,stage_arrival,61,S46,1,switch,57,51723,15,0,0,33,199.213,0,0,40.7016,0
33,stage_arrival_coalesce,0,S00,5,terminal,0,51725,113,0,0,33,1000,0,0,40.7016,0
33,allocate_send_arrival,56,S36,2,switch,4,51725,113,0,0,33,112.305,0,40.7016,0,0
33,allocate_send_arrival,56,S36,2,switch,4,51724,112,0,0,33,112.305,0,40.7016,0,0
33,allocate_send_arrival,57,S47,1,switch,50,51723,15,0,0,33,259.289,0,40.7016,0,0
33,allocate_send_arrival,57,S47,1,switch,50,51728,103,0,0,33,259.289,0,40.7016,0,0
33,allocate_send_arrival,1,S01,0,switch,0,51722,97,0,0,33,159.728,0,14.932,25,0
33,enqueue_residual,1,S01,0,switch,0,51722,97,0,0,33,159.728,0,0,25,0
33,allocate_send_arrival,1,S01,0,switch,0,51726,39,0,0,33,159.728,0,14.932,25,0
33,enqueue_residual,1,S01,0,switch,0,51726,39,0,0,33,159.728,0,0,25,0
33,allocate_send_arrival,1,S01,0,switch,0,51721,16,0,0,33,159.728,0,14.932,25,0
33,enqueue_residual,1,S01,0,switch,0,51721,16,0,0,33,159.728,0,0,25,0
33,allocate_send_arrival,1,S01,0,switch,0,51729,26,0,0,33,159.728,0,14.932,25,0
33,enqueue_residual,1,S01,0,switch,0,51729,26,0,0,33,159.728,0,0,25,0
33,allocate_send_arrival,19,S06,3,switch,10,51726,39,0,0,33,169.014,0,39.932,0,0
33,allocate_send_arrival,26,S33,0,switch,3,51731,66,0,0,33,174.708,0,39.7097,0,0
33,allocate_send_arrival,26,S33,0,switch,3,51732,53,0,0,33,174.708,0,39.7097,0,0
33,allocate_send_arrival,38,S42,0,switch,42,51735,76,0,0,33,176.64,0,39.7097,0,0
33,allocate_send_arrival,10,S61,0,switch,1,51726,39,0,0,33,227.172,0,39.932,0,0
33,allocate_send_arrival,10,S61,0,switch,1,51722,97,0,0,33,227.172,0,39.932,0,0
33,allocate_send_arrival,3,S27,0,switch,0,51731,66,0,0,33,119.129,0,6.37633,33.3333,0
33,enqueue_residual,3,S27,0,switch,0,51731,66,0,0,33,119.129,0,0,33.3333,0
33,allocate_send_arrival,3,S27,0,switch,0,51732,53,0,0,33,119.129,0,6.37633,33.3333,0
33,enqueue_residual,3,S27,0,switch,0,51732,53,0,0,33,119.129,0,0,33.3333,0
33,allocate_send_arrival,3,S27,0,switch,0,51735,76,0,0,33,119.129,0,6.37633,33.3333,0
33,enqueue_residual,3,S27,0,switch,0,51735,76,0,0,33,119.129,0,0,33.3333,0
33,allocate_send_arrival,4,S37,0,switch,0,51724,112,0,0,33,203.508,0,20.7016,20,0
33,enqueue_residual,4,S37,0,switch,0,51724,112,0,0,33,203.508,0,0,20,0
33,allocate_send_arrival,4,S37,0,switch,0,51728,103,0,0,33,203.508,0,20.7016,20,0
33,enqueue_residual,4,S37,0,switch,0,51728,103,0,0,33,203.508,0,0,20,0
33,allocate_send_arrival,4,S37,0,switch,0,51730,100,0,0,33,203.508,0,20.7016,20,0
33,enqueue_residual,4,S37,0,switch,0,51730,100,0,0,33,203.508,0,0,20,0
33,allocate_send_arrival,4,S37,0,switch,0,51723,15,0,0,33,203.508,0,20.7016,20,0
33,enqueue_residual,4,S37,0,switch,0,51723,15,0,0,33,203.508,0,0,20,0
33,allocate_send_arrival,4,S37,0,switch,0,51725,113,0,0,33,203.508,0,20.7016,20,0
33,enqueue_residual,4,S37,0,switch,0,51725,113,0,0,33,203.508,0,0,20,0
33,allocate_send_arrival,51,S48,0,switch,57,51728,103,0,0,33,201.033,0,40.7016,0,0
33,allocate_send_arrival,48,S50,3,switch,10,51722,97,0,0,33,118.54,0,39.932,0,0
33,allocate_send_arrival,42,S20,2,switch,3,51735,76,0,0,33,251.806,0,39.7097,0,0
33,allocate_send_arrival,13,S40,0,switch,6,51729,26,0,0,33,162.644,0,39.932,0,0
33,allocate_send_arrival,8,S52,0,switch,1,51721,16,0,0,33,255.562,0,39.932,0,0
33,allocate_send_arrival,61,S46,1,switch,57,51723,15,0,0,33,199.213,0,40.7016,0,0
33,allocate_send_arrival,50,S38,2,switch,4,51730,100,0,0,33,290.506,0,40.7016,0,0
33,allocate_send_arrival,50,S38,2,switch,4,51723,15,0,0,33,290.506,0,40.7016,0,0
33,allocate_send_arrival,50,S38,2,switch,4,51728,103,0,0,33,290.506,0,40.7016,0,0
33,allocate_send_arrival,6,S02,0,switch,1,51729,26,0,0,33,138.732,0,39.932,0,0
33,allocate_send_arrival,7,S45,2,switch,61,51723,15,0,0,33,100.666,0,40.7016,0,0
33,allocate_send_arrival,0,S00,5,terminal,0,51732,53,0,0,33,1000,0,39.7097,0,0
33,allocate_send_arrival,0,S00,5,terminal,0,51735,76,0,0,33,1000,0,39.7097,0,0
33,allocate_send_arrival,0,S00,5,terminal,0,51728,103,0,0,33,1000,0,40.7016,0,0
33,allocate_send_arrival,0,S00,5,terminal,0,51731,66,0,0,33,1000,0,39.7097,0,0
33,allocate_send_arrival,0,S00,5,terminal,0,51723,15,0,0,33,1000,0,40.7016,0,0
33,allocate_send_arrival,0,S00,5,terminal,0,51729,26,0,0,33,1000,0,39.932,0,0
33,allocate_send_arrival,0,S00,5,terminal,0,51722,97,0,0,33,1000,0,39.932,0,0
33,allocate_send_arrival,0,S00,5,terminal,0,51733,61,0,0,33,1000,0,23.3829,0,0
33,allocate_send_arrival,0,S00,5,terminal,0,51730,100,0,0,33,1000,0,40.7016,0,0
33,allocate_send_arrival,0,S00,5,terminal,0,51725,113,0,0,33,1000,0,40.7016,0,0
33,allocate_send_arrival,0,S00,5,terminal,0,51724,112,0,0,33,1000,0,40.7016,0,0
33,allocate_send_arrival,0,S00,5,terminal,0,51726,39,0,0,33,1000,0,39.932,0,0
33,allocate_send_arrival,0,S00,5,terminal,0,51720,92,0,0,33,1000,0,24.1777,0,0
33,allocate_send_arrival,0,S00,5,terminal,0,51721,16,0,0,33,1000,0,39.932,0,0
33,allocate_send_arrival,33,S34,0,switch,26,51731,66,0,0,33,235.741,0,39.7097,0,0
34,allocate_send_buffered,4,S37,0,switch,0,51724,112,0,0,34,203.508,100,20,0,0
34,allocate_send_buffered,4,S37,0,switch,0,51728,103,0,0,34,203.508,100,20,0,0
34,allocate_send_buffered,4,S37,0,switch,0,51730,100,0,0,34,203.508,100,20,0,0
34,allocate_send_buffered,4,S37,0,switch,0,51723,15,0,0,34,203.508,100,20,0,0
34,allocate_send_buffered,4,S37,0,switch,0,51725,113,0,0,34,203.508,100,20,0,0
34,allocate_send_buffered,1,S01,0,switch,0,51722,97,0,0,34,159.728,100,25,0,0
34,allocate_send_buffered,1,S01,0,switch,0,51726,39,0,0,34,159.728,100,25,0,0
34,allocate_send_buffered,1,S01,0,switch,0,51721,16,0,0,34,159.728,100,25,0,0
34,allocate_send_buffered,1,S01,0,switch,0,51729,26,0,0,34,159.728,100,25,0,0
34,allocate_send_buffered,3,S27,0,switch,0,51731,66,0,0,34,119.129,100,33.3333,0,0
34,allocate_send_buffered,3,S27,0,switch,0,51732,53,0,0,34,119.129,100,33.3333,0,0
34,allocate_send_buffered,3,S27,0,switch,0,51735,76,0,0,34,119.129,100,33.3333,0,0
34,stage_arrival,3,S27,0,switch,0,51735,76,0,0,34,119.129,0,0,39.7097,0
34,stage_arrival,51,S48,0,switch,57,51728,103,0,0,34,201.033,0,0,40.7016,0
34,stage_arrival,0,S00,5,terminal,0,51729,26,0,0,34,1000,0,0,14.932,0
34,stage_arrival,0,S00,5,terminal,0,51730,100,0,0,34,1000,0,0,20.7016,0
34,stage_arrival,57,S47,1,switch,50,51728,103,0,0,34,259.289,0,0,40.7016,0
34,stage_arrival,4,S37,0,switch,0,51730,100,0,0,34,203.508,0,0,40.7016,0
34,stage_arrival_coalesce,0,S00,5,terminal,0,51730,100,0,0,34,1000,0,0,40.7016,0
34,stage_arrival,19,S06,3,switch,10,51726,39,0,0,34,169.014,0,0,39.932,0
34,stage_arrival,10,S61,0,switch,1,51726,39,0,0,34,227.172,0,0,39.932,0
34,stage_arrival,42,S20,2,switch,3,51735,76,0,0,34,251.806,0,0,39.7097,0
34,stage_arrival,0,S00,5,terminal,0,51725,113,0,0,34,1000,0,0,20,0
34,stage_arrival,4,S37,0,switch,0,51723,15,0,0,34,203.508,0,0,40.7016,0
34,stage_arrival,13,S40,0,switch,6,51729,26,0,0,34,162.644,0,0,39.932,0
34,stage_arrival,48,S50,3,switch,10,51722,97,0,0,34,118.54,0,0,39.932,0
34,stage_arrival,56,S36,2,switch,4,51725,113,0,0,34,112.305,0,0,40.7016,0
34,stage_arrival,4,S37,0,switch,0,51725,113,0,0,34,203.508,0,0,40.7016,0
34,stage_arrival,6,S02,0,switch,1,51729,26,0,0,34,138.732,0,0,39.932,0
34,stage_arrival,0,S00,5,terminal,0,51723,15,0,0,34,1000,0,0,20,0
34,stage_arrival,26,S33,0,switch,3,51732,53,0,0,34,174.708,0,0,39.7097,0
34,stage_arrival,0,S00,5,terminal,0,51735,76,0,0,34,1000,0,0,33.3333,0
34,stage_arrival,0,S00,5,terminal,0,51721,16,0,0,34,1000,0,0,25,0
34,stage_arrival,0,S00,5,terminal,0,51724,112,0,0,34,1000,0,0,20.7016,0
34,stage_arrival,50,S38,2,switch,4,51730,100,0,0,34,290.506,0,0,40.7016,0
34,stage_arrival,10,S61,0,switch,1,51722,97,0,0,34,227.172,0,0,39.932,0
34,stage_arrival,0,S00,5,terminal,0,51722,97,0,0,34,1000,0,0,14.932,0
34,stage_arrival,61,S46,1,switch,57,51723,15,0,0,34,199.213,0,0,40.7016,0
34,stage_arrival,1,S01,0,switch,0,51726,39,0,0,34,159.728,0,0,39.932,0
34,stage_arrival,3,S27,0,switch,0,51732,53,0,0,34,119.129,0,0,39.7097,0
34,stage_arrival_coalesce,0,S00,5,terminal,0,51723,15,0,0,34,1000,0,0,40.7016,0
34,stage_arrival_coalesce,0,S00,5,terminal,0,51721,16,0,0,34,1000,0,0,39.932,0
34,stage_arrival,7,S45,2,switch,61,51723,15,0,0,34,100.666,0,0,40.7016,0
34,stage_arrival,0,S00,5,terminal,0,51726,39,0,0,34,1000,0,0,14.932,0
34,stage_arrival,1,S01,0,switch,0,51721,16,0,0,34,159.728,0,0,39.932,0
34,stage_arrival,56,S36,2,switch,4,51724,112,0,0,34,112.305,0,0,40.7016,0
34,stage_arrival,50,S38,2,switch,4,51723,15,0,0,34,290.506,0,0,40.7016,0
34,stage_arrival_coalesce,0,S00,5,terminal,0,51722,97,0,0,34,1000,0,0,39.932,0
34,stage_arrival,1,S01,0,switch,0,51729,26,0,0,34,159.728,0,0,39.932,0
34,stage_arrival,0,S00,5,terminal,0,51732,53,0,0,34,1000,0,0,6.37633,0
34,stage_arrival_coalesce,0,S00,5,terminal,0,51726,39,0,0,34,1000,0,0,39.932,0
34,stage_arrival_coalesce,0,S00,5,terminal,0,51725,113,0,0,34,1000,0,0,40.7016,0
34,stage_arrival,57,S47,1,switch,50,51723,15,0,0,34,259.289,0,0,40.7016,0
34,stage_arrival,0,S00,5,terminal,0,51731,66,0,0,34,1000,0,0,33.3333,0
34,stage_arrival_coalesce,0,S00,5,terminal,0,51731,66,0,0,34,1000,0,0,39.7097,0
34,stage_arrival,38,S42,0,switch,42,51735,76,0,0,34,176.64,0,0,39.7097,0
34,stage_arrival,1,S01,0,switch,0,51722,97,0,0,34,159.728,0,0,39.932,0
34,stage_arrival,0,S00,5,terminal,0,51728,103,0,0,34,1000,0,0,20.7016,0
34,stage_arrival,4,S37,0,switch,0,51724,112,0,0,34,203.508,0,0,40.7016,0
34,stage_arrival,3,S27,0,switch,0,51731,66,0,0,34,119.129,0,0,39.7097,0
34,stage_arrival,4,S37,0,switch,0,51728,103,0,0,34,203.508,0,0,40.7016,0
34,stage_arrival_coalesce,0,S00,5,terminal,0,51729,26,0,0,34,1000,0,0,39.932,0
34,stage_arrival,50,S38,2,switch,4,51728,103,0,0,34,290.506,0,0,40.7016,0
34,stage_arrival,8,S52,0,switch,1,51721,16,0,0,34,255.562,0,0,39.932,0
34,stage_arrival_coalesce,0,S00,5,terminal,0,51735,76,0,0,34,1000,0,0,39.7097,0
34,stage_arrival,26,S33,0,switch,3,51731,66,0,0,34,174.708,0,0,39.7097,0
34,stage_arrival,33,S34,0,switch,26,51731,66,0,0,34,235.741,0,0,39.7097,0
34,stage_arrival_coalesce,0,S00,5,terminal,0,51728,103,0,0,34,1000,0,0,40.7016,0
34,stage_arrival_coalesce,0,S00,5,terminal,0,51732,53,0,0,34,1000,0,0,39.7097,0
34,stage_arrival_coalesce,0,S00,5,terminal,0,51724,112,0,0,34,1000,0,0,40.7016,0
34,allocate_send_arrival,19,S06,3,switch,10,51726,39,0,0,34,169.014,0,39.932,0,0
34,allocate_send_arrival,33,S34,0,switch,26,51731,66,0,0,34,235.741,0,39.7097,0,0
34,allocate_send_arrival,48,S50,3,switch,10,51722,97,0,0,34,118.54,0,39.932,0,0
34,allocate_send_arrival,4,S37,0,switch,0,51730,100,0,0,34,203.508,0,20.7016,20,0
34,enqueue_residual,4,S37,0,switch,0,51730,100,0,0,34,203.508,0,0,20,0
34,allocate_send_arrival,4,S37,0,switch,0,51723,15,0,0,34,203.508,0,20.7016,20,0
34,enqueue_residual,4,S37,0,switch,0,51723,15,0,0,34,203.508,0,0,20,0
34,allocate_send_arrival,4,S37,0,switch,0,51725,113,0,0,34,203.508,0,20.7016,20,0
34,enqueue_residual,4,S37,0,switch,0,51725,113,0,0,34,203.508,0,0,20,0
34,allocate_send_arrival,4,S37,0,switch,0,51724,112,0,0,34,203.508,0,20.7016,20,0
34,enqueue_residual,4,S37,0,switch,0,51724,112,0,0,34,203.508,0,0,20,0
34,allocate_send_arrival,4,S37,0,switch,0,51728,103,0,0,34,203.508,0,20.7016,20,0
34,enqueue_residual,4,S37,0,switch,0,51728,103,0,0,34,203.508,0,0,20,0
34,allocate_send_arrival,61,S46,1,switch,57,51723,15,0,0,34,199.213,0,40.7016,0,0
34,allocate_send_arrival,7,S45,2,switch,61,51723,15,0,0,34,100.666,0,40.7016,0,0
34,allocate_send_arrival,13,S40,0,switch,6,51729,26,0,0,34,162.644,0,39.932,0,0
34,allocate_send_arrival,26,S33,0,switch,3,51732,53,0,0,34,174.708,0,39.7097,0,0
34,allocate_send_arrival,26,S33,0,switch,3,51731,66,0,0,34,174.708,0,39.7097,0,0
34,allocate_send_arrival,8,S52,0,switch,1,51721,16,0,0,34,255.562,0,39.932,0,0
34,allocate_send_arrival,38,S42,0,switch,42,51735,76,0,0,34,176.64,0,39.7097,0,0
34,allocate_send_arrival,57,S47,1,switch,50,51728,103,0,0,34,259.289,0,40.7016,0,0
34,allocate_send_arrival,57,S47,1,switch,50,51723,15,0,0,34,259.289,0,40.7016,0,0
34,allocate_send_arrival,3,S27,0,switch,0,51735,76,0,0,34,119.129,0,6.37633,33.3333,0
34,enqueue_residual,3,S27,0,switch,0,51735,76,0,0,34,119.129,0,0,33.3333,0
34,allocate_send_arrival,3,S27,0,switch,0,51732,53,0,0,34,119.129,0,6.37633,33.3333,0
34,enqueue_residual,3,S27,0,switch,0,51732,53,0,0,34,119.129,0,0,33.3333,0
34,allocate_send_arrival,3,S27,0,switch,0,51731,66,0,0,34,119.129,0,6.37633,33.3333,0
34,enqueue_residual,3,S27,0,switch,0,51731,66,0,0,34,119.129,0,0,33.3333,0
34,allocate_send_arrival,0,S00,5,terminal,0,51729,26,0,0,34,1000,0,39.932,0,0
34,allocate_send_arrival,0,S00,5,terminal,0,51730,100,0,0,34,1000,0,40.7016,0,0
34,allocate_send_arrival,0,S00,5,terminal,0,51725,113,0,0,34,1000,0,40.7016,0,0
34,allocate_send_arrival,0,S00,5,terminal,0,51723,15,0,0,34,1000,0,40.7016,0,0
34,allocate_send_arrival,0,S00,5,terminal,0,51735,76,0,0,34,1000,0,39.7097,0,0
34,allocate_send_arrival,0,S00,5,terminal,0,51721,16,0,0,34,1000,0,39.932,0,0
34,allocate_send_arrival,0,S00,5,terminal,0,51724,112,0,0,34,1000,0,40.7016,0,0
34,allocate_send_arrival,0,S00,5,terminal,0,51722,97,0,0,34,1000,0,39.932,0,0
34,allocate_send_arrival,0,S00,5,terminal,0,51726,39,0,0,34,1000,0,39.932,0,0
34,allocate_send_arrival,0,S00,5,terminal,0,51732,53,0,0,34,1000,0,39.7097,0,0
34,allocate_send_arrival,0,S00,5,terminal,0,51731,66,0,0,34,1000,0,39.7097,0,0
34,allocate_send_arrival,0,S00,5,terminal,0,51728,103,0,0,34,1000,0,40.7016,0,0
34,allocate_send_arrival,51,S48,0,switch,57,51728,103,0,0,34,201.033,0,40.7016,0,0
34,allocate_send_arrival,1,S01,0,switch,0,51726,39,0,0,34,159.728,0,14.932,25,0
34,enqueue_residual,1,S01,0,switch,0,51726,39,0,0,34,159.728,0,0,25,0
34,allocate_send_arrival,1,S01,0,switch,0,51721,16,0,0,34,159.728,0,14.932,25,0
34,enqueue_residual,1,S01,0,switch,0,51721,16,0,0,34,159.728,0,0,25,0
34,allocate_send_arrival,1,S01,0,switch,0,51729,26,0,0,34,159.728,0,14.932,25,0
34,enqueue_residual,1,S01,0,switch,0,51729,26,0,0,34,159.728,0,0,25,0
34,allocate_send_arrival,1,S01,0,switch,0,51722,97,0,0,34,159.728,0,14.932,25,0
34,enqueue_residual,1,S01,0,switch,0,51722,97,0,0,34,159.728,0,0,25,0
34,allocate_send_arrival,56,S36,2,switch,4,51725,113,0,0,34,112.305,0,40.7016,0,0
34,allocate_send_arrival,56,S36,2,switch,4,51724,112,0,0,34,112.305,0,40.7016,0,0
34,allocate_send_arrival,6,S02,0,switch,1,51729,26,0,0,34,138.732,0,39.932,0,0
34,allocate_send_arrival,10,S61,0,switch,1,51726,39,0,0,34,227.172,0,39.932,0,0
34,allocate_send_arrival,10,S61,0,switch,1,51722,97,0,0,34,227.172,0,39.932,0,0
34,allocate_send_arrival,50,S38,2,switch,4,51730,100,0,0,34,290.506,0,40.7016,0,0
34,allocate_send_arrival,50,S38,2,switch,4,51723,15,0,0,34,290.506,0,40.7016,0,0
34,allocate_send_arrival,50,S38,2,switch,4,51728,103,0,0,34,290.506,0,40.7016,0,0
34,allocate_send_arrival,42,S20,2,switch,3,51735,76,0,0,34,251.806,0,39.7097,0,0
35,allocate_send_buffered,4,S37,0,switch,0,51730,100,0,0,35,203.508,100,20,0,0
35,allocate_send_buffered,4,S37,0,switch,0,51723,15,0,0,35,203.508,100,20,0,0
35,allocate_send_buffered,4,S37,0,switch,0,51725,113,0,0,35,203.508,100,20,0,0
35,allocate_send_buffered,4,S37,0,switch,0,51724,112,0,0,35,203.508,100,20,0,0
35,allocate_send_buffered,4,S37,0,switch,0,51728,103,0,0,35,203.508,100,20,0,0
35,allocate_send_buffered,3,S27,0,switch,0,51735,76,0,0,35,119.129,100,33.3333,0,0
35,allocate_send_buffered,3,S27,0,switch,0,51732,53,0,0,35,119.129,100,33.3333,0,0
35,allocate_send_buffered,3,S27,0,switch,0,51731,66,0,0,35,119.129,100,33.3333,0,0
35,allocate_send_buffered,1,S01,0,switch,0,51726,39,0,0,35,159.728,100,25,0,0
35,allocate_send_buffered,1,S01,0,switch,0,51721,16,0,0,35,159.728,100,25,0,0
35,allocate_send_buffered,1,S01,0,switch,0,51729,26,0,0,35,159.728,100,25,0,0
35,allocate_send_buffered,1,S01,0,switch,0,51722,97,0,0,35,159.728,100,25,0,0
35,stage_arrival,10,S61,0,switch,1,51722,97,0,0,35,227.172,0,0,39.932,0
35,stage_arrival,1,S01,0,switch,0,51722,97,0,0,35,159.728,0,0,39.932,0
35,stage_arrival,0,S00,5,terminal,0,51735,76,0,0,35,1000,0,0,6.37633,0
35,stage_arrival,38,S42,0,switch,42,51735,76,0,0,35,176.64,0,0,39.7097,0
35,stage_arrival,19,S06,3,switch,10,51726,39,0,0,35,169.014,0,0,39.932,0
35,stage_arrival,3,S27,0,switch,0,51731,66,0,0,35,119.129,0,0,39.7097,0
35,stage_arrival,0,S00,5,terminal,0,51732,53,0,0,35,1000,0,0,6.37633,0
35,stage_arrival,0,S00,5,terminal,0,51724,112,0,0,35,1000,0,0,20,0
35,stage_arrival,0,S00,5,terminal,0,51722,97,0,0,35,1000,0,0,25,0
35,stage_arrival,56,S36,2,switch,4,51725,113,0,0,35,112.305,0,0,40.7016,0
35,stage_arrival,0,S00,5,terminal,0,51725,113,0,0,35,1000,0,0,20,0
35,stage_arrival_coalesce,0,S00,5,terminal,0,51722,97,0,0,35,1000,0,0,39.932,0
35,stage_arrival,6,S02,0,switch,1,51729,26,0,0,35,138.732,0,0,39.932,0
35,stage_arrival,10,S61,0,switch,1,51726,39,0,0,35,227.172,0,0,39.932,0
35,stage_arrival,50,S38,2,switch,4,51730,100,0,0,35,290.506,0,0,40.7016,0
35,stage_arrival,4,S37,0,switch,0,51728,103,0,0,35,203.508,0,0,40.7016,0
35,stage_arrival,56,S36,2,switch,4,51724,112,0,0,35,112.305,0,0,40.7016,0
35,stage_arrival,1,S01,0,switch,0,51721,16,0,0,35,159.728,0,0,39.932,0
35,stage_arrival,1,S01,0,switch,0,51729,26,0,0,35,159.728,0,0,39.932,0
35,stage_arrival,50,S38,2,switch,4,51728,103,0,0,35,290.506,0,0,40.7016,0
35,stage_arrival_coalesce,0,S00,5,terminal,0,51735,76,0,0,35,1000,0,0,39.7097,0
35,stage_arrival,4,S37,0,switch,0,51730,100,0,0,35,203.508,0,0,40.7016,0
35,stage_arrival,48,S50,3,switch,10,51722,97,0,0,35,118.54,0,0,39.932,0
35,stage_arrival,1,S01,0,switch,0,51726,39,0,0,35,159.728,0,0,39.932,0
35,stage_arrival,0,S00,5,terminal,0,51721,16,0,0,35,1000,0,0,14.932,0
35,stage_arrival_coalesce,0,S00,5,terminal,0,51724,112,0,0,35,1000,0,0,40.7016,0
35,stage_arrival,3,S27,0,switch,0,51732,53,0,0,35,119.129,0,0,39.7097,0
35,stage_arrival,57,S47,1,switch,50,51723,15,0,0,35,259.289,0,0,40.7016,0
35,stage_arrival,0,S00,5,terminal,0,51731,66,0,0,35,1000,0,0,33.3333,0
35,stage_arrival,0,S00,5,terminal,0,51729,26,0,0,35,1000,0,0,14.932,0
35,stage_arrival,42,S20,2,switch,3,51735,76,0,0,35,251.806,0,0,39.7097,0
35,stage_arrival,0,S00,5,terminal,0,51728,103,0,0,35,1000,0,0,20,0
35,stage_arrival,8,S52,0,switch,1,51721,16,0,0,35,255.562,0,0,39.932,0
35,stage_arrival,4,S37,0,switch,0,51724,112,0,0,35,203.508,0,0,40.7016,0
35,stage_arrival,61,S46,1,switch,57,51723,15,0,0,35,199.213,0,0,40.7016,0
35,stage_arrival,0,S00,5,terminal,0,51723,15,0,0,35,1000,0,0,20,0
35,stage_arrival,0,S00,5,terminal,0,51726,39,0,0,35,1000,0,0,14.932,0
35,stage_arrival,57,S47,1,switch,50,51728,103,0,0,35,259.289,0,0,40.7016,0
35,stage_arrival_coalesce,0,S00,5,terminal,0,51732,53,0,0,35,1000,0,0,39.7097,0
35,stage_arrival_coalesce,0,S00,5,terminal,0,51731,66,0,0,35,1000,0,0,39.7097,0
35,stage_arrival_coalesce,0,S00,5,terminal,0,51725,113,0,0,35,1000,0,0,40.7016,0
35,stage_arrival,51,S48,0,switch,57,51728,103,0,0,35,201.033,0,0,40.7016,0
35,stage_arrival,13,S40,0,switch,6,51729,26,0,0,35,162.644,0,0,39.932,0
35,stage_arrival_coalesce,0,S00,5,terminal,0,51726,39,0,0,35,1000,0,0,39.932,0
35,stage_arrival,0,S00,5,terminal,0,51730,100,0,0,35,1000,0,0,20.7016,0
35,stage_arrival,33,S34,0,switch,26,51731,66,0,0,35,235.741,0,0,39.7097,0
35,stage_arrival,26,S33,0,switch,3,51732,53,0,0,35,174.708,0,0,39.7097,0
35,stage_arrival,4,S37,0,switch,0,51723,15,0,0,35,203.508,0,0,40.7016,0
35,stage_arrival,50,S38,2,switch,4,51723,15,0,0,35,290.506,0,0,40.7016,0
35,stage_arrival,4,S37,0,switch,0,51725,113,0,0,35,203.508,0,0,40.7016,0
35,stage_arrival,3,S27,0,switch,0,51735,76,0,0,35,119.129,0,0,39.7097,0
35,stage_arrival_coalesce,0,S00,5,terminal,0,51721,16,0,0,35,1000,0,0,39.932,0
35,stage_arrival_coalesce,0,S00,5,terminal,0,51723,15,0,0,35,1000,0,0,40.7016,0
35,stage_arrival,26,S33,0,switch,3,51731,66,0,0,35,174.708,0,0,39.7097,0
35,stage_arrival_coalesce,0,S00,5,terminal,0,51728,103,0,0,35,1000,0,0,40.7016,0
35,stage_arrival_coalesce,0,S00,5,terminal,0,51729,26,0,0,35,1000,0,0,39.932,0
35,stage_arrival_coalesce,0,S00,5,terminal,0,51730,100,0,0,35,1000,0,0,40.7016,0
35,stage_arrival,7,S45,2,switch,61,51723,15,0,0,35,100.666,0,0,40.7016,0
35,allocate_send_arrival,3,S27,0,switch,0,51731,66,0,0,35,119.129,0,6.37633,33.3333,0
35,enqueue_residual,3,S27,0,switch,0,51731,66,0,0,35,119.129,0,0,33.3333,0
35,allocate_send_arrival,3,S27,0,switch,0,51732,53,0,0,35,119.129,0,6.37633,33.3333,0
35,enqueue_residual,3,S27,0,switch,0,51732,53,0,0,35,119.129,0,0,33.3333,0
35,allocate_send_arrival,3,S27,0,switch,0,51735,76,0,0,35,119.129,0,6.37633,33.3333,0
35,enqueue_residual,3,S27,0,switch,0,51735,76,0,0,35,119.129,0,0,33.3333,0
35,allocate_send_arrival,1,S01,0,switch,0,51722,97,0,0,35,159.728,0,14.932,25,0
35,enqueue_residual,1,S01,0,switch,0,51722,97,0,0,35,159.728,0,0,25,0
35,allocate_send_arrival,1,S01,0,switch,0,51721,16,0,0,35,159.728,0,14.932,25,0
35,enqueue_residual,1,S01,0,switch,0,51721,16,0,0,35,159.728,0,0,25,0
35,allocate_send_arrival,1,S01,0,switch,0,51729,26,0,0,35,159.728,0,14.932,25,0
35,enqueue_residual,1,S01,0,switch,0,51729,26,0,0,35,159.728,0,0,25,0
35,allocate_send_arrival,1,S01,0,switch,0,51726,39,0,0,35,159.728,0,14.932,25,0
35,enqueue_residual,1,S01,0,switch,0,51726,39,0,0,35,159.728,0,0,25,0
35,allocate_send_arrival,6,S02,0,switch,1,51729,26,0,0,35,138.732,0,39.932,0,0
35,allocate_send_arrival,57,S47,1,switch,50,51723,15,0,0,35,259.289,0,40.7016,0,0
35,allocate_send_arrival,57,S47,1,switch,50,51728,103,0,0,35,259.289,0,40.7016,0,0
35,allocate_send_arrival,50,S38,2,switch,4,51730,100,0,0,35,290.506,0,40.7016,0,0
35,allocate_send_arrival,50,S38,2,switch,4,51728,103,0,0,35,290.506,0,40.7016,0,0
35,allocate_send_arrival,50,S38,2,switch,4,51723,15,0,0,35,290.506,0,40.7016,0,0
35,allocate_send_arrival,10,S61,0,switch,1,51722,97,0,0,35,227.172,0,39.932,0,0
35,allocate_send_arrival,10,S61,0,switch,1,51726,39,0,0,35,227.172,0,39.932,0,0
35,allocate_send_arrival,4,S37,0,switch,0,51728,103,0,0,35,203.508,0,20.7016,20,0
35,enqueue_residual,4,S37,0,switch,0,51728,103,0,0,35,203.508,0,0,20,0
35,allocate_send_arrival,4,S37,0,switch,0,51730,100,0,0,35,203.508,0,20.7016,20,0
35,enqueue_residual,4,S37,0,switch,0,51730,100,0,0,35,203.508,0,0,20,0
35,allocate_send_arrival,4,S37,0,switch,0,51724,112,0,0,35,203.508,0,20.7016,20,0
35,enqueue_residual,4,S37,0,switch,0,51724,112,0,0,35,203.508,0,0,20,0
35,allocate_send_arrival,4,S37,0,switch,0,51723,15,0,0,35,203.508,0,20.7016,20,0
35,enqueue_residual,4,S37,0,switch,0,51723,15,0,0,35,203.508,0,0,20,0
35,allocate_send_arrival,4,S37,0,switch,0,51725,113,0,0,35,203.508,0,20.7016,20,0
35,enqueue_residual,4,S37,0,switch,0,51725,113,0,0,35,203.508,0,0,20,0
35,allocate_send_arrival,26,S33,0,switch,3,51732,53,0,0,35,174.708,0,39.7097,0,0
35,allocate_send_arrival,26,S33,0,switch,3,51731,66,0,0,35,174.708,0,39.7097,0,0
35,allocate_send_arrival,42,S20,2,switch,3,51735,76,0,0,35,251.806,0,39.7097,0,0
35,allocate_send_arrival,38,S42,0,switch,42,51735,76,0,0,35,176.64,0,39.7097,0,0
35,allocate_send_arrival,56,S36,2,switch,4,51725,113,0,0,35,112.305,0,40.7016,0,0
35,allocate_send_arrival,56,S36,2,switch,4,51724,112,0,0,35,112.305,0,40.7016,0,0
35,allocate_send_arrival,33,S34,0,switch,26,51731,66,0,0,35,235.741,0,39.7097,0,0
35,allocate_send_arrival,0,S00,5,terminal,0,51735,76,0,0,35,1000,0,39.7097,0,0
35,allocate_send_arrival,0,S00,5,terminal,0,51732,53,0,0,35,1000,0,39.7097,0,0
35,allocate_send_arrival,0,S00,5,terminal,0,51724,112,0,0,35,1000,0,40.7016,7.27596e-15,0
35,allocate_send_arrival,0,S00,5,terminal,0,51722,97,0,0,35,1000,0,39.932,0,0
35,allocate_send_arrival,0,S00,5,terminal,0,51725,113,0,0,35,1000,0,40.7016,7.27596e-15,0
35,allocate_send_arrival,0,S00,5,terminal,0,51721,16,0,0,35,1000,0,39.932,0,0
35,allocate_send_arrival,0,S00,5,terminal,0,51731,66,0,0,35,1000,0,39.7097,0,0
35,allocate_send_arrival,0,S00,5,terminal,0,51729,26,0,0,35,1000,0,39.932,0,0
35,allocate_send_arrival,0,S00,5,terminal,0,51728,103,0,0,35,1000,0,40.7016,7.27596e-15,0
35,allocate_send_arrival,0,S00,5,terminal,0,51723,15,0,0,35,1000,0,40.7016,7.27596e-15,0
35,allocate_send_arrival,0,S00,5,terminal,0,51726,39,0,0,35,1000,0,39.932,0,0
35,allocate_send_arrival,0,S00,5,terminal,0,51730,100,0,0,35,1000,0,40.7016,7.27596e-15,0
35,allocate_send_arrival,13,S40,0,switch,6,51729,26,0,0,35,162.644,0,39.932,0,0
35,allocate_send_arrival,19,S06,3,switch,10,51726,39,0,0,35,169.014,0,39.932,0,0
35,allocate_send_arrival,61,S46,1,switch,57,51723,15,0,0,35,199.213,0,40.7016,0,0
35,allocate_send_arrival,51,S48,0,switch,57,51728,103,0,0,35,201.033,0,40.7016,0,0
35,allocate_send_arrival,48,S50,3,switch,10,51722,97,0,0,35,118.54,0,39.932,0,0
35,allocate_send_arrival,7,S45,2,switch,61,51723,15,0,0,35,100.666,0,40.7016,0,0
35,allocate_send_arrival,8,S52,0,switch,1,51721,16,0,0,35,255.562,0,39.932,0,0
36,allocate_send_buffered,3,S27,0,switch,0,51731,66,0,0,36,119.129,100,33.3333,0,0
36,allocate_send_buffered,3,S27,0,switch,0,51732,53,0,0,36,119.129,100,33.3333,0,0
36,allocate_send_buffered,3,S27,0,switch,0,51735,76,0,0,36,119.129,100,33.3333,0,0
36,allocate_send_buffered,1,S01,0,switch,0,51722,97,0,0,36,159.728,100,25,0,0
36,allocate_send_buffered,1,S01,0,switch,0,51721,16,0,0,36,159.728,100,25,0,0
36,allocate_send_buffered,1,S01,0,switch,0,51729,26,0,0,36,159.728,100,25,0,0
36,allocate_send_buffered,1,S01,0,switch,0,51726,39,0,0,36,159.728,100,25,0,0
36,allocate_send_buffered,4,S37,0,switch,0,51728,103,0,0,36,203.508,100,20,0,0
36,allocate_send_buffered,4,S37,0,switch,0,51730,100,0,0,36,203.508,100,20,0,0
36,allocate_send_buffered,4,S37,0,switch,0,51724,112,0,0,36,203.508,100,20,0,0
36,allocate_send_buffered,4,S37,0,switch,0,51723,15,0,0,36,203.508,100,20,0,0
36,allocate_send_buffered,4,S37,0,switch,0,51725,113,0,0,36,203.508,100,20,0,0
36,stage_arrival,0,S00,5,terminal,0,51724,112,0,0,36,1000,0,0,20,0
36,stage_arrival,33,S34,0,switch,26,51731,66,0,0,36,235.741,0,0,39.7097,0
36,stage_arrival,6,S02,0,switch,1,51729,26,0,0,36,138.732,0,0,39.932,0
36,stage_arrival,0,S00,5,terminal,0,51723,15,0,0,36,1000,0,0,20,0
36,stage_arrival,4,S37,0,switch,0,51723,15,0,0,36,203.508,0,0,40.7016,0
36,stage_arrival,0,S00,5,terminal,0,51722,97,0,0,36,1000,0,0,14.932,0
36,stage_arrival,0,S00,5,terminal,0,51735,76,0,0,36,1000,0,0,33.3333,0
36,stage_arrival,0,S00,5,terminal,0,51728,103,0,0,36,1000,0,0,20,0
36,stage_arrival,0,S00,5,terminal,0,51721,16,0,0,36,1000,0,0,14.932,0
36,stage_arrival,19,S06,3,switch,10,51726,39,0,0,36,169.014,0,0,39.932,0
36,stage_arrival_coalesce,0,S00,5,terminal,0,51728,103,0,0,36,1000,0,0,40.7016,0
36,stage_arrival,57,S47,1,switch,50,51723,15,0,0,36,259.289,0,0,40.7016,0
36,stage_arrival,1,S01,0,switch,0,51721,16,0,0,36,159.728,0,0,39.932,0
36,stage_arrival,0,S00,5,terminal,0,51726,39,0,0,36,1000,0,0,25,0
36,stage_arrival,50,S38,2,switch,4,51723,15,0,0,36,290.506,0,0,40.7016,0
36,stage_arrival_coalesce,0,S00,5,terminal,0,51724,112,0,0,36,1000,0,0,40.7016,0
36,stage_arrival,0,S00,5,terminal,0,51725,113,0,0,36,1000,0,0,20,0
36,stage_arrival,42,S20,2,switch,3,51735,76,0,0,36,251.806,0,0,39.7097,0
36,stage_arrival,56,S36,2,switch,4,51725,113,0,0,36,112.305,0,0,40.7016,0
36,stage_arrival,0,S00,5,terminal,0,51731,66,0,0,36,1000,0,0,6.37633,0
36,stage_arrival,0,S00,5,terminal,0,51729,26,0,0,36,1000,0,0,14.932,0
36,stage_arrival,7,S45,2,switch,61,51723,15,0,0,36,100.666,0,0,40.7016,0
36,stage_arrival,3,S27,0,switch,0,51731,66,0,0,36,119.129,0,0,39.7097,0
36,stage_arrival,4,S37,0,switch,0,51730,100,0,0,36,203.508,0,0,40.7016,0
36,stage_arrival,0,S00,5,terminal,0,51730,100,0,0,36,1000,0,0,20,0
36,stage_arrival,0,S00,5,terminal,0,51732,53,0,0,36,1000,0,0,6.37633,0
36,stage_arrival_coalesce,0,S00,5,terminal,0,51730,100,0,0,36,1000,0,0,40.7016,0
36,stage_arrival_coalesce,0,S00,5,terminal,0,51723,15,0,0,36,1000,0,0,40.7016,0
36,stage_arrival,4,S37,0,switch,0,51724,112,0,0,36,203.508,0,0,40.7016,0
36,stage_arrival_coalesce,0,S00,5,terminal,0,51731,66,0,0,36,1000,0,0,39.7097,0
36,stage_arrival_coalesce,0,S00,5,terminal,0,51735,76,0,0,36,1000,0,0,39.7097,0
36,stage_arrival,13,S40,0,switch,6,51729,26,0,0,36,162.644,0,0,39.932,0
36,stage_arrival,10,S61,0,switch,1,51722,97,0,0,36,227.172,0,0,39.932,0
36,stage_arrival,50,S38,2,switch,4,51728,103,0,0,36,290.506,0,0,40.7016,0
36,stage_arrival_coalesce,0,S00,5,terminal,0,51729,26,0,0,36,1000,0,0,39.932,0
36,stage_arrival_coalesce,0,S00,5,terminal,0,51732,53,0,0,36,1000,0,0,39.7097,0
36,stage_arrival,26,S33,0,switch,3,51732,53,0,0,36,174.708,0,0,39.7097,0
36,stage_arrival_coalesce,0,S00,5,terminal,0,51725,113,0,0,36,1000,0,0,40.7016,0
36,stage_arrival,1,S01,0,switch,0,51729,26,0,0,36,159.728,0,0,39.932,0
36,stage_arrival,51,S48,0,switch,57,51728,103,0,0,36,201.033,0,0,40.7016,0
36,stage_arrival,26,S33,0,switch,3,51731,66,0,0,36,174.708,0,0,39.7097,0
36,stage_arrival,3,S27,0,switch,0,51735,76,0,0,36,119.129,0,0,39.7097,0
36,stage_arrival_coalesce,0,S00,5,terminal,0,51721,16,0,0,36,1000,0,0,39.932,0
36,stage_arrival_coalesce,0,S00,5,terminal,0,51722,97,0,0,36,1000,0,0,39.932,0
36,stage_arrival,50,S38,2,switch,4,51730,100,0,0,36,290.506,0,0,40.7016,0
36,stage_arrival,8,S52,0,switch,1,51721,16,0,0,36,255.562,0,0,39.932,0
36,stage_arrival,4,S37,0,switch,0,51728,103,0,0,36,203.508,0,0,40.7016,0
36,stage_arrival,1,S01,0,switch,0,51722,97,0,0,36,159.728,0,0,39.932,0
36,stage_arrival_coalesce,0,S00,5,terminal,0,51726,39,0,0,36,1000,0,0,39.932,0
36,stage_arrival,56,S36,2,switch,4,51724,112,0,0,36,112.305,0,0,40.7016,0
36,stage_arrival,48,S50,3,switch,10,51722,97,0,0,36,118.54,0,0,39.932,0
36,stage_arrival,61,S46,1,switch,57,51723,15,0,0,36,199.213,0,0,40.7016,0
36,stage_arrival,38,S42,0,switch,42,51735,76,0,0,36,176.64,0,0,39.7097,0
36,stage_arrival,57,S47,1,switch,50,51728,103,0,0,36,259.289,0,0,40.7016,0
36,stage_arrival,10,S61,0,switch,1,51726,39,0,0,36,227.172,0,0,39.932,0
36,stage_arrival,1,S01,0,switch,0,51726,39,0,0,36,159.728,0,0,39.932,0
36,stage_arrival,3,S27,0,switch,0,51732,53,0,0,36,119.129,0,0,39.7097,0
36,stage_arrival,4,S37,0,switch,0,51725,113,0,0,36,203.508,0,0,40.7016,0
36,allocate_send_arrival,57,S47,1,switch,50,51723,15,0,0,36,259.289,0,40.7016,0,0
36,allocate_send_arrival,57,S47,1,switch,50,51728,103,0,0,36,259.289,0,40.7016,0,0
36,allocate_send_arrival,56,S36,2,switch,4,51725,113,0,0,36,112.305,0,40.7016,0,0
36,allocate_send_arrival,56,S36,2,switch,4,51724,112,0,0,36,112.305,0,40.7016,0,0
36,allocate_send_arrival,7,S45,2,switch,61,51723,15,0,0,36,100.666,0,40.7016,0,0
36,allocate_send_arrival,19,S06,3,switch,10,51726,39,0,0,36,169.014,0,39.932,0,0
36,allocate_send_arrival,33,S34,0,switch,26,51731,66,0,0,36,235.741,0,39.7097,0,0
36,allocate_send_arrival,4,S37,0,switch,0,51723,15,0,0,36,203.508,0,20.7016,20,0
36,enqueue_residual,4,S37,0,switch,0,51723,15,0,0,36,203.508,0,0,20,0
36,allocate_send_arrival,4,S37,0,switch,0,51730,100,0,0,36,203.508,0,20.7016,20,0
36,enqueue_residual,4,S37,0,switch,0,51730,100,0,0,36,203.508,0,0,20,0
36,allocate_send_arrival,4,S37,0,switch,0,51724,112,0,0,36,203.508,0,20.7016,20,0
36,enqueue_residual,4,S37,0,switch,0,51724,112,0,0,36,203.508,0,0,20,0
36,allocate_send_arrival,4,S37,0,switch,0,51728,103,0,0,36,203.508,0,20.7016,20,0
36,enqueue_residual,4,S37,0,switch,0,51728,103,0,0,36,203.508,0,0,20,0
36,allocate_send_arrival,4,S37,0,switch,0,51725,113,0,0,36,203.508,0,20.7016,20,0
36,enqueue_residual,4,S37,0,switch,0,51725,113,0,0,36,203.508,0,0,20,0
36,allocate_send_arrival,13,S40,0,switch,6,51729,26,0,0,36,162.644,0,39.932,0,0
36,allocate_send_arrival,6,S02,0,switch,1,51729,26,0,0,36,138.732,0,39.932,0,0
36,allocate_send_arrival,1,S01,0,switch,0,51721,16,0,0,36,159.728,0,14.932,25,0
36,enqueue_residual,1,S01,0,switch,0,51721,16,0,0,36,159.728,0,0,25,0
36,allocate_send_arrival,1,S01,0,switch,0,51729,26,0,0,36,159.728,0,14.932,25,0
36,enqueue_residual,1,S01,0,switch,0,51729,26,0,0,36,159.728,0,0,25,0
36,allocate_send_arrival,1,S01,0,switch,0,51722,97,0,0,36,159.728,0,14.932,25,0
36,enqueue_residual,1,S01,0,switch,0,51722,97,0,0,36,159.728,0,0,25,0
36,allocate_send_arrival,1,S01,0,switch,0,51726,39,0,0,36,159.728,0,14.932,25,0
36,enqueue_residual,1,S01,0,switch,0,51726,39,0,0,36,159.728,0,0,25,0
36,allocate_send_arrival,50,S38,2,switch,4,51723,15,0,0,36,290.506,0,40.7016,0,0
36,allocate_send_arrival,50,S38,2,switch,4,51728,103,0,0,36,290.506,0,40.7016,0,0
36,allocate_send_arrival,50,S38,2,switch,4,51730,100,0,0,36,290.506,0,40.7016,0,0
36,allocate_send_arrival,51,S48,0,switch,57,51728,103,0,0,36,201.033,0,40.7016,0,0
36,allocate_send_arrival,61,S46,1,switch,57,51723,15,0,0,36,199.213,0,40.7016,0,0
36,allocate_send_arrival,8,S52,0,switch,1,51721,16,0,0,36,255.562,0,39.932,0,0
36,allocate_send_arrival,10,S61,0,switch,1,51722,97,0,0,36,227.172,0,39.932,0,0
36,allocate_send_arrival,10,S61,0,switch,1,51726,39,0,0,36,227.172,0,39.932,0,0
36,allocate_send_arrival,38,S42,0,switch,42,51735,76,0,0,36,176.64,0,39.7097,0,0
36,allocate_send_arrival,48,S50,3,switch,10,51722,97,0,0,36,118.54,0,39.932,0,0
36,allocate_send_arrival,0,S00,5,terminal,0,51724,112,0,0,36,1000,0,40.7016,0,0
36,allocate_send_arrival,0,S00,5,terminal,0,51723,15,0,0,36,1000,0,40.7016,0,0
36,allocate_send_arrival,0,S00,5,terminal,0,51722,97,0,0,36,1000,0,39.932,0,0
36,allocate_send_arrival,0,S00,5,terminal,0,51735,76,0,0,36,1000,0,39.7097,0,0
36,allocate_send_arrival,0,S00,5,terminal,0,51728,103,0,0,36,1000,0,40.7016,0,0
36,allocate_send_arrival,0,S00,5,terminal,0,51721,16,0,0,36,1000,0,39.932,0,0
36,allocate_send_arrival,0,S00,5,terminal,0,51726,39,0,0,36,1000,0,39.932,0,0
36,allocate_send_arrival,0,S00,5,terminal,0,51725,113,0,0,36,1000,0,40.7016,0,0
36,allocate_send_arrival,0,S00,5,terminal,0,51731,66,0,0,36,1000,0,39.7097,0,0
36,allocate_send_arrival,0,S00,5,terminal,0,51729,26,0,0,36,1000,0,39.932,0,0
36,allocate_send_arrival,0,S00,5,terminal,0,51730,100,0,0,36,1000,0,40.7016,0,0
36,allocate_send_arrival,0,S00,5,terminal,0,51732,53,0,0,36,1000,0,39.7097,0,0
36,allocate_send_arrival,42,S20,2,switch,3,51735,76,0,0,36,251.806,0,39.7097,0,0
36,allocate_send_arrival,3,S27,0,switch,0,51731,66,0,0,36,119.129,0,6.37633,33.3333,0
36,enqueue_residual,3,S27,0,switch,0,51731,66,0,0,36,119.129,0,0,33.3333,0
36,allocate_send_arrival,3,S27,0,switch,0,51735,76,0,0,36,119.129,0,6.37633,33.3333,0
36,enqueue_residual,3,S27,0,switch,0,51735,76,0,0,36,119.129,0,0,33.3333,0
36,allocate_send_arrival,3,S27,0,switch,0,51732,53,0,0,36,119.129,0,6.37633,33.3333,0
36,enqueue_residual,3,S27,0,switch,0,51732,53,0,0,36,119.129,0,0,33.3333,0
36,allocate_send_arrival,26,S33,0,switch,3,51732,53,0,0,36,174.708,0,39.7097,0,0
36,allocate_send_arrival,26,S33,0,switch,3,51731,66,0,0,36,174.708,0,39.7097,0,0
37,allocate_send_buffered,1,S01,0,switch,0,51721,16,0,0,37,159.728,100,25,0,0
37,allocate_send_buffered,1,S01,0,switch,0,51729,26,0,0,37,159.728,100,25,0,0
37,allocate_send_buffered,1,S01,0,switch,0,51722,97,0,0,37,159.728,100,25,0,0
37,allocate_send_buffered,1,S01,0,switch,0,51726,39,0,0,37,159.728,100,25,0,0
37,allocate_send_buffered,4,S37,0,switch,0,51723,15,0,0,37,203.508,100,20,0,0
37,allocate_send_buffered,4,S37,0,switch,0,51730,100,0,0,37,203.508,100,20,0,0
37,allocate_send_buffered,4,S37,0,switch,0,51724,112,0,0,37,203.508,100,20,0,0
37,allocate_send_buffered,4,S37,0,switch,0,51728,103,0,0,37,203.508,100,20,0,0
37,allocate_send_buffered,4,S37,0,switch,0,51725,113,0,0,37,203.508,100,20,0,0
37,allocate_send_buffered,3,S27,0,switch,0,51731,66,0,0,37,119.129,100,33.3333,0,0
37,allocate_send_buffered,3,S27,0,switch,0,51735,76,0,0,37,119.129,100,33.3333,0,0
37,allocate_send_buffered,3,S27,0,switch,0,51732,53,0,0,37,119.129,100,33.3333,0,0
37,stage_arrival,0,S00,5,terminal,0,51728,103,0,0,37,1000,0,0,20.7016,0
37,stage_arrival,0,S00,5,terminal,0,51726,39,0,0,37,1000,0,0,25,0
37,stage_arrival,0,S00,5,terminal,0,51732,53,0,0,37,1000,0,0,6.37633,0
37,stage_arrival,0,S00,5,terminal,0,51722,97,0,0,37,1000,0,0,14.932,0
37,stage_arrival,13,S40,0,switch,6,51729,26,0,0,37,162.644,0,0,39.932,0
37,stage_arrival_coalesce,0,S00,5,terminal,0,51728,103,0,0,37,1000,0,0,40.7016,0
37,stage_arrival,0,S00,5,terminal,0,51723,15,0,0,37,1000,0,0,20.7016,0
37,stage_arrival,4,S37,0,switch,0,51723,15,0,0,37,203.508,0,0,40.7016,0
37,stage_arrival,50,S38,2,switch,4,51728,103,0,0,37,290.506,0,0,40.7016,0
37,stage_arrival,7,S45,2,switch,61,51723,15,0,0,37,100.666,0,0,40.7016,0
37,stage_arrival,1,S01,0,switch,0,51722,97,0,0,37,159.728,0,0,39.932,0
37,stage_arrival,42,S20,2,switch,3,51735,76,0,0,37,251.806,0,0,39.7097,0
37,stage_arrival,1,S01,0,switch,0,51726,39,0,0,37,159.728,0,0,39.932,0
37,stage_arrival_coalesce,0,S00,5,terminal,0,51726,39,0,0,37,1000,0,0,39.932,0
37,stage_arrival,0,S00,5,terminal,0,51735,76,0,0,37,1000,0,0,33.3333,0
37,stage_arrival,26,S33,0,switch,3,51732,53,0,0,37,174.708,0,0,39.7097,0
37,stage_arrival,3,S27,0,switch,0,51731,66,0,0,37,119.129,0,0,39.7097,0
37,stage_arrival_coalesce,0,S00,5,terminal,0,51722,97,0,0,37,1000,0,0,39.932,0
37,stage_arrival,10,S61,0,switch,1,51726,39,0,0,37,227.172,0,0,39.932,0
37,stage_arrival,0,S00,5,terminal,0,51729,26,0,0,37,1000,0,0,14.932,0
37,stage_arrival,6,S02,0,switch,1,51729,26,0,0,37,138.732,0,0,39.932,0
37,stage_arrival,56,S36,2,switch,4,51724,112,0,0,37,112.305,0,0,40.7016,0
37,stage_arrival,57,S47,1,switch,50,51723,15,0,0,37,259.289,0,0,40.7016,0
37,stage_arrival,50,S38,2,switch,4,51730,100,0,0,37,290.506,0,0,40.7016,0
37,stage_arrival_coalesce,0,S00,5,terminal,0,51723,15,0,0,37,1000,0,0,40.7016,0
37,stage_arrival,57,S47,1,switch,50,51728,103,0,0,37,259.289,0,0,40.7016,0
37,stage_arrival,1,S01,0,switch,0,51721,16,0,0,37,159.728,0,0,39.932,0
37,stage_arrival,0,S00,5,terminal,0,51721,16,0,0,37,1000,0,0,14.932,0
37,stage_arrival,0,S00,5,terminal,0,51725,113,0,0,37,1000,0,0,20.7016,0
37,stage_arrival,0,S00,5,terminal,0,51730,100,0,0,37,1000,0,0,20.7016,0
37,stage_arrival,33,S34,0,switch,26,51731,66,0,0,37,235.741,0,0,39.7097,0
37,stage_arrival,48,S50,3,switch,10,51722,97,0,0,37,118.54,0,0,39.932,0
37,stage_arrival,61,S46,1,switch,57,51723,15,0,0,37,199.213,0,0,40.7016,0
37,stage_arrival_coalesce,0,S00,5,terminal,0,51729,26,0,0,37,1000,0,0,39.932,0
37,stage_arrival_coalesce,0,S00,5,terminal,0,51732,53,0,0,37,1000,0,0,39.7097,0
37,stage_arrival,50,S38,2,switch,4,51723,15,0,0,37,290.506,0,0,40.7016,0
37,stage_arrival,0,S00,5,terminal,0,51731,66,0,0,37,1000,0,0,33.3333,0
37,stage_arrival,19,S06,3,switch,10,51726,39,0,0,37,169.014,0,0,39.932,0
37,stage_arrival,56,S36,2,switch,4,51725,113,0,0,37,112.305,0,0,40.7016,0
37,stage_arrival,8,S52,0,switch,1,51721,16,0,0,37,255.562,0,0,39.932,0
37,stage_arrival,26,S33,0,switch,3,51731,66,0,0,37,174.708,0,0,39.7097,0
37,stage_arrival_coalesce,0,S00,5,terminal,0,51730,100,0,0,37,1000,0,0,40.7016,0
37,stage_arrival,0,S00,5,terminal,0,51724,112,0,0,37,1000,0,0,20,0
37,stage_arrival,1,S01,0,switch,0,51729,26,0,0,37,159.728,0,0,39.932,0
37,stage_arrival,38,S42,0,switch,42,51735,76,0,0,37,176.64,0,0,39.7097,0
37,stage_arrival,4,S37,0,switch,0,51725,113,0,0,37,203.508,0,0,40.7016,0
37,stage_arrival,51,S48,0,switch,57,51728,103,0,0,37,201.033,0,0,40.7016,0
37,stage_arrival,10,S61,0,switch,1,51722,97,0,0,37,227.172,0,0,39.932,0
37,stage_arrival_coalesce,0,S00,5,terminal,0,51735,76,0,0,37,1000,0,0,39.7097,0
37,stage_arrival_coalesce,0,S00,5,terminal,0,51724,112,0,0,37,1000,0,0,40.7016,0
37,stage_arrival,3,S27,0,switch,0,51735,76,0,0,37,119.129,0,0,39.7097,0
37,stage_arrival_coalesce,0,S00,5,terminal,0,51721,16,0,0,37,1000,0,0,39.932,0
37,stage_arrival_coalesce,0,S00,5,terminal,0,51725,113,0,0,37,1000,0,0,40.7016,0
37,stage_arrival_coalesce,0,S00,5,terminal,0,51731,66,0,0,37,1000,0,0,39.7097,0
37,stage_arrival,3,S27,0,switch,0,51732,53,0,0,37,119.129,0,0,39.7097,0
37,stage_arrival,4,S37,0,switch,0,51724,112,0,0,37,203.508,0,0,40.7016,0
37,stage_arrival,4,S37,0,switch,0,51728,103,0,0,37,203.508,0,0,40.7016,0
37,stage_arrival,4,S37,0,switch,0,51730,100,0,0,37,203.508,0,0,40.7016,0
37,allocate_send_arrival,26,S33,0,switch,3,51732,53,0,0,37,174.708,0,39.7097,0,0
37,allocate_send_arrival,26,S33,0,switch,3,51731,66,0,0,37,174.708,0,39.7097,0,0
37,allocate_send_arrival,4,S37,0,switch,0,51723,15,0,0,37,203.508,0,20.7016,20,0
37,enqueue_residual,4,S37,0,switch,0,51723,15,0,0,37,203.508,0,0,20,0
37,allocate_send_arrival,4,S37,0,switch,0,51725,113,0,0,37,203.508,0,20.7016,20,0
37,enqueue_residual,4,S37,0,switch,0,51725,113,0,0,37,203.508,0,0,20,0
37,allocate_send_arrival,4,S37,0,switch,0,51724,112,0,0,37,203.508,0,20.7016,20,0
37,enqueue_residual,4,S37,0,switch,0,51724,112,0,0,37,203.508,0,0,20,0
37,allocate_send_arrival,4,S37,0,switch,0,51728,103,0,0,37,203.508,0,20.7016,20,0
37,enqueue_residual,4,S37,0,switch,0,51728,103,0,0,37,203.508,0,0,20,0
37,allocate_send_arrival,4,S37,0,switch,0,51730,100,0,0,37,203.508,0,20.7016,20,0
37,enqueue_residual,4,S37,0,switch,0,51730,100,0,0,37,203.508,0,0,20,0
37,allocate_send_arrival,19,S06,3,switch,10,51726,39,0,0,37,169.014,0,39.932,0,0
37,allocate_send_arrival,3,S27,0,switch,0,51731,66,0,0,37,119.129,0,6.37633,33.3333,0
37,enqueue_residual,3,S27,0,switch,0,51731,66,0,0,37,119.129,0,0,33.3333,0
37,allocate_send_arrival,3,S27,0,switch,0,51735,76,0,0,37,119.129,0,6.37633,33.3333,0
37,enqueue_residual,3,S27,0,switch,0,51735,76,0,0,37,119.129,0,0,33.3333,0
37,allocate_send_arrival,3,S27,0,switch,0,51732,53,0,0,37,119.129,0,6.37633,33.3333,0
37,enqueue_residual,3,S27,0,switch,0,51732,53,0,0,37,119.129,0,0,33.3333,0
37,allocate_send_arrival,57,S47,1,switch,50,51723,15,0,0,37,259.289,0,40.7016,0,0
37,allocate_send_arrival,57,S47,1,switch,50,51728,103,0,0,37,259.289,0,40.7016,0,0
37,allocate_send_arrival,51,S48,0,switch,57,51728,103,0,0,37,201.033,0,40.7016,0,0
37,allocate_send_arrival,48,S50,3,switch,10,51722,97,0,0,37,118.54,0,39.932,0,0
37,allocate_send_arrival,1,S01,0,switch,0,51722,97,0,0,37,159.728,0,14.932,25,0
37,enqueue_residual,1,S01,0,switch,0,51722,97,0,0,37,159.728,0,0,25,0
37,allocate_send_arrival,1,S01,0,switch,0,51726,39,0,0,37,159.728,0,14.932,25,0
37,enqueue_residual,1,S01,0,switch,0,51726,39,0,0,37,159.728,0,0,25,0
37,allocate_send_arrival,1,S01,0,switch,0,51721,16,0,0,37,159.728,0,14.932,25,0
37,enqueue_residual,1,S01,0,switch,0,51721,16,0,0,37,159.728,0,0,25,0
37,allocate_send_arrival,1,S01,0,switch,0,51729,26,0,0,37,159.728,0,14.932,25,0
37,enqueue_residual,1,S01,0,switch,0,51729,26,0,0,37,159.728,0,0,25,0
37,allocate_send_arrival,42,S20,2,switch,3,51735,76,0,0,37,251.806,0,39.7097,0,0
37,allocate_send_arrival,61,S46,1,switch,57,51723,15,0,0,37,199.213,0,40.7016,0,0
37,allocate_send_arrival,10,S61,0,switch,1,51726,39,0,0,37,227.172,0,39.932,0,0
37,allocate_send_arrival,10,S61,0,switch,1,51722,97,0,0,37,227.172,0,39.932,0,0
37,allocate_send_arrival,38,S42,0,switch,42,51735,76,0,0,37,176.64,0,39.7097,0,0
37,allocate_send_arrival,56,S36,2,switch,4,51724,112,0,0,37,112.305,0,40.7016,0,0
37,allocate_send_arrival,56,S36,2,switch,4,51725,113,0,0,37,112.305,0,40.7016,0,0
37,allocate_send_arrival,6,S02,0,switch,1,51729,26,0,0,37,138.732,0,39.932,0,0
37,allocate_send_arrival,0,S00,5,terminal,0,51728,103,0,0,37,1000,0,40.7016,7.27596e-15,0
37,allocate_send_arrival,0,S00,5,terminal,0,51726,39,0,0,37,1000,0,39.932,0,0
37,allocate_send_arrival,0,S00,5,terminal,0,51732,53,0,0,37,1000,0,39.7097,0,0
37,allocate_send_arrival,0,S00,5,terminal,0,51722,97,0,0,37,1000,0,39.932,0,0
37,allocate_send_arrival,0,S00,5,terminal,0,51723,15,0,0,37,1000,0,40.7016,7.27596e-15,0
37,allocate_send_arrival,0,S00,5,terminal,0,51735,76,0,0,37,1000,0,39.7097,0,0
37,allocate_send_arrival,0,S00,5,terminal,0,51729,26,0,0,37,1000,0,39.932,0,0
37,allocate_send_arrival,0,S00,5,terminal,0,51721,16,0,0,37,1000,0,39.932,0,0
37,allocate_send_arrival,0,S00,5,terminal,0,51725,113,0,0,37,1000,0,40.7016,7.27596e-15,0
37,allocate_send_arrival,0,S00,5,terminal,0,51730,100,0,0,37,1000,0,40.7016,7.27596e-15,0
37,allocate_send_arrival,0,S00,5,terminal,0,51731,66,0,0,37,1000,0,39.7097,0,0
37,allocate_send_arrival,0,S00,5,terminal,0,51724,112,0,0,37,1000,0,40.7016,7.27596e-15,0
37,allocate_send_arrival,13,S40,0,switch,6,51729,26,0,0,37,162.644,0,39.932,0,0
37,allocate_send_arrival,8,S52,0,switch,1,51721,16,0,0,37,255.562,0,39.932,0,0
37,allocate_send_arrival,50,S38,2,switch,4,51728,103,0,0,37,290.506,0,40.7016,0,0
37,allocate_send_arrival,50,S38,2,switch,4,51730,100,0,0,37,290.506,0,40.7016,0,0
37,allocate_send_arrival,50,S38,2,switch,4,51723,15,0,0,37,290.506,0,40.7016,0,0
37,allocate_send_arrival,33,S34,0,switch,26,51731,66,0,0,37,235.741,0,39.7097,0,0
37,allocate_send_arrival,7,S45,2,switch,61,51723,15,0,0,37,100.666,0,40.7016,0,0
38,allocate_send_buffered,4,S37,0,switch,0,51723,15,0,0,38,203.508,100,20,0,0
38,allocate_send_buffered,4,S37,0,switch,0,51725,113,0,0,38,203.508,100,20,0,0
38,allocate_send_buffered,4,S37,0,switch,0,51724,112,0,0,38,203.508,100,20,0,0
38,allocate_send_buffered,4,S37,0,switch,0,51728,103,0,0,38,203.508,100,20,0,0
38,allocate_send_buffered,4,S37,0,switch,0,51730,100,0,0,38,203.508,100,20,0,0
38,allocate_send_buffered,3,S27,0,switch,0,51731,66,0,0,38,119.129,100,33.3333,0,0
38,allocate_send_buffered,3,S27,0,switch,0,51735,76,0,0,38,119.129,100,33.3333,0,0
38,allocate_send_buffered,3,S27,0,switch,0,51732,53,0,0,38,119.129,100,33.3333,0,0
38,allocate_send_buffered,1,S01,0,switch,0,51722,97,0,0,38,159.728,100,25,0,0
38,allocate_send_buffered,1,S01,0,switch,0,51726,39,0,0,38,159.728,100,25,0,0
38,allocate_send_buffered,1,S01,0,switch,0,51721,16,0,0,38,159.728,100,25,0,0
38,allocate_send_buffered,1,S01,0,switch,0,51729,26,0,0,38,159.728,100,25,0,0
38,stage_arrival,0,S00,5,terminal,0,51732,53,0,0,38,1000,0,0,6.37633,0
38,stage_arrival,56,S36,2,switch,4,51724,112,0,0,38,112.305,0,0,40.7016,0
38,stage_arrival,0,S00,5,terminal,0,51725,113,0,0,38,1000,0,0,20,0
38,stage_arrival,42,S20,2,switch,3,51735,76,0,0,38,251.806,0,0,39.7097,0
38,stage_arrival,1,S01,0,switch,0,51729,26,0,0,38,159.728,0,0,39.932,0
38,stage_arrival,0,S00,5,terminal,0,51726,39,0,0,38,1000,0,0,14.932,0
38,stage_arrival,7,S45,2,switch,61,51723,15,0,0,38,100.666,0,0,40.7016,0
38,stage_arrival,48,S50,3,switch,10,51722,97,0,0,38,118.54,0,0,39.932,0
38,stage_arrival,1,S01,0,switch,0,51722,97,0,0,38,159.728,0,0,39.932,0
38,stage_arrival_coalesce,0,S00,5,terminal,0,51732,53,0,0,38,1000,0,0,39.7097,0
38,stage_arrival,51,S48,0,switch,57,51728,103,0,0,38,201.033,0,0,40.7016,0
38,stage_arrival,56,S36,2,switch,4,51725,113,0,0,38,112.305,0,0,40.7016,0
38,stage_arrival,1,S01,0,switch,0,51721,16,0,0,38,159.728,0,0,39.932,0
38,stage_arrival,8,S52,0,switch,1,51721,16,0,0,38,255.562,0,0,39.932,0
38,stage_arrival,10,S61,0,switch,1,51722,97,0,0,38,227.172,0,0,39.932,0
38,stage_arrival,0,S00,5,terminal,0,51722,97,0,0,38,1000,0,0,14.932,0
38,stage_arrival,26,S33,0,switch,3,51731,66,0,0,38,174.708,0,0,39.7097,0
38,stage_arrival,61,S46,1,switch,57,51723,15,0,0,38,199.213,0,0,40.7016,0
38,stage_arrival,4,S37,0,switch,0,51724,112,0,0,38,203.508,0,0,40.7016,0
38,stage_arrival,19,S06,3,switch,10,51726,39,0,0,38,169.014,0,0,39.932,0
38,stage_arrival_coalesce,0,S00,5,terminal,0,51726,39,0,0,38,1000,0,0,39.932,0
38,stage_arrival,0,S00,5,terminal,0,51723,15,0,0,38,1000,0,0,20.7016,0
38,stage_arrival,0,S00,5,terminal,0,51730,100,0,0,38,1000,0,0,20,0
38,stage_arrival,57,S47,1,switch,50,51728,103,0,0,38,259.289,0,0,40.7016,0
38,stage_arrival,38,S42,0,switch,42,51735,76,0,0,38,176.64,0,0,39.7097,0
38,stage_arrival_coalesce,0,S00,5,terminal,0,51725,113,0,0,38,1000,0,0,40.7016,0
38,stage_arrival,57,S47,1,switch,50,51723,15,0,0,38,259.289,0,0,40.7016,0
38,stage_arrival,0,S00,5,terminal,0,51728,103,0,0,38,1000,0,0,20.7016,0
38,stage_arrival,26,S33,0,switch,3,51732,53,0,0,38,174.708,0,0,39.7097,0
38,stage_arrival,0,S00,5,terminal,0,51724,112,0,0,38,1000,0,0,20.7016,0
38,stage_arrival,13,S40,0,switch,6,51729,26,0,0,38,162.644,0,0,39.932,0
38,stage_arrival,33,S34,0,switch,26,51731,66,0,0,38,235.741,0,0,39.7097,0
38,stage_arrival,1,S01,0,switch,0,51726,39,0,0,38,159.728,0,0,39.932,0
38,stage_arrival,6,S02,0,switch,1,51729,26,0,0,38,138.732,0,0,39.932,0
38,stage_arrival,0,S00,5,terminal,0,51721,16,0,0,38,1000,0,0,14.932,0
38,stage_arrival,50,S38,2,switch,4,51730,100,0,0,38,290.506,0,0,40.7016,0
38,stage_arrival,4,S37,0,switch,0,51725,113,0,0,38,203.508,0,0,40.7016,0
38,stage_arrival,3,S27,0,switch,0,51731,66,0,0,38,119.129,0,0,39.7097,0
38,stage_arrival,50,S38,2,switch,4,51723,15,0,0,38,290.506,0,0,40.7016,0
38,stage_arrival,0,S00,5,terminal,0,51731,66,0,0,38,1000,0,0,33.3333,0
38,stage_arrival,50,S38,2,switch,4,51728,103,0,0,38,290.506,0,0,40.7016,0
38,stage_arrival_coalesce,0,S00,5,terminal,0,51724,112,0,0,38,1000,0,0,40.7016,0
38,stage_arrival,0,S00,5,terminal,0,51729,26,0,0,38,1000,0,0,14.932,0
38,stage_arrival_coalesce,0,S00,5,terminal,0,51731,66,0,0,38,1000,0,0,39.7097,0
38,stage_arrival_coalesce,0,S00,5,terminal,0,51723,15,0,0,38,1000,0,0,40.7016,0
38,stage_arrival_coalesce,0,S00,5,terminal,0,51728,103,0,0,38,1000,0,0,40.7016,0
38,stage_arrival_coalesce,0,S00,5,terminal,0,51722,97,0,0,38,1000,0,0,39.932,0
38,stage_arrival,4,S37,0,switch,0,51730,100,0,0,38,203.508,0,0,40.7016,0
38,stage_arrival_coalesce,0,S00,5,terminal,0,51730,100,0,0,38,1000,0,0,40.7016,0
38,stage_arrival,3,S27,0,switch,0,51732,53,0,0,38,119.129,0,0,39.7097,0
38,stage_arrival_coalesce,0,S00,5,terminal,0,51721,16,0,0,38,1000,0,0,39.932,0
38,stage_arrival,10,S61,0,switch,1,51726,39,0,0,38,227.172,0,0,39.932,0
38,stage_arrival,0,S00,5,terminal,0,51735,76,0,0,38,1000,0,0,33.3333,0
38,stage_arrival,4,S37,0,switch,0,51723,15,0,0,38,203.508,0,0,40.7016,0
38,stage_arrival,3,S27,0,switch,0,51735,76,0,0,38,119.129,0,0,39.7097,0
38,stage_arrival_coalesce,0,S00,5,terminal,0,51729,26,0,0,38,1000,0,0,39.932,0
38,stage_arrival,4,S37,0,switch,0,51728,103,0,0,38,203.508,0,0,40.7016,0
38,stage_arrival_coalesce,0,S00,5,terminal,0,51735,76,0,0,38,1000,0,0,39.7097,0
38,allocate_send_arrival,6,S02,0,switch,1,51729,26,0,0,38,138.732,0,39.932,0,0
38,allocate_send_arrival,42,S20,2,switch,3,51735,76,0,0,38,251.806,0,39.7097,0,0
38,allocate_send_arrival,10,S61,0,switch,1,51722,97,0,0,38,227.172,0,39.932,0,0
38,allocate_send_arrival,10,S61,0,switch,1,51726,39,0,0,38,227.172,0,39.932,0,0
38,allocate_send_arrival,26,S33,0,switch,3,51731,66,0,0,38,174.708,0,39.7097,0,0
38,allocate_send_arrival,26,S33,0,switch,3,51732,53,0,0,38,174.708,0,39.7097,0,0
38,allocate_send_arrival,48,S50,3,switch,10,51722,97,0,0,38,118.54,0,39.932,0,0
38,allocate_send_arrival,50,S38,2,switch,4,51730,100,0,0,38,290.506,0,40.7016,0,0
38,allocate_send_arrival,50,S38,2,switch,4,51723,15,0,0,38,290.506,0,40.7016,0,0
38,allocate_send_arrival,50,S38,2,switch,4,51728,103,0,0,38,290.506,0,40.7016,0,0
38,allocate_send_arrival,3,S27,0,switch,0,51731,66,0,0,38,119.129,0,6.37633,33.3333,0
38,enqueue_residual,3,S27,0,switch,0,51731,66,0,0,38,119.129,0,0,33.3333,0
38,allocate_send_arrival,3,S27,0,switch,0,51732,53,0,0,38,119.129,0,6.37633,33.3333,0
38,enqueue_residual,3,S27,0,switch,0,51732,53,0,0,38,119.129,0,0,33.3333,0
38,allocate_send_arrival,3,S27,0,switch,0,51735,76,0,0,38,119.129,0,6.37633,33.3333,0
38,enqueue_residual,3,S27,0,switch,0,51735,76,0,0,38,119.129,0,0,33.3333,0
38,allocate_send_arrival,56,S36,2,switch,4,51724,112,0,0,38,112.305,0,40.7016,0,0
38,allocate_send_arrival,56,S36,2,switch,4,51725,113,0,0,38,112.305,0,40.7016,0,0
38,allocate_send_arrival,38,S42,0,switch,42,51735,76,0,0,38,176.64,0,39.7097,0,0
38,allocate_send_arrival,0,S00,5,terminal,0,51732,53,0,0,38,1000,0,39.7097,0,0
38,allocate_send_arrival,0,S00,5,terminal,0,51725,113,0,0,38,1000,0,40.7016,0,0
38,allocate_send_arrival,0,S00,5,terminal,0,51726,39,0,0,38,1000,0,39.932,0,0
38,allocate_send_arrival,0,S00,5,terminal,0,51722,97,0,0,38,1000,0,39.932,0,0
38,allocate_send_arrival,0,S00,5,terminal,0,51723,15,0,0,38,1000,0,40.7016,0,0
38,allocate_send_arrival,0,S00,5,terminal,0,51730,100,0,0,38,1000,0,40.7016,0,0
38,allocate_send_arrival,0,S00,5,terminal,0,51728,103,0,0,38,1000,0,40.7016,0,0
38,allocate_send_arrival,0,S00,5,terminal,0,51724,112,0,0,38,1000,0,40.7016,0,0
38,allocate_send_arrival,0,S00,5,terminal,0,51721,16,0,0,38,1000,0,39.932,0,0
38,allocate_send_arrival,0,S00,5,terminal,0,51731,66,0,0,38,1000,0,39.7097,0,0
38,allocate_send_arrival,0,S00,5,terminal,0,51729,26,0,0,38,1000,0,39.932,0,0
38,allocate_send_arrival,0,S00,5,terminal,0,51735,76,0,0,38,1000,0,39.7097,0,0
38,allocate_send_arrival,33,S34,0,switch,26,51731,66,0,0,38,235.741,0,39.7097,0,0
38,allocate_send_arrival,8,S52,0,switch,1,51721,16,0,0,38,255.562,0,39.932,0,0
38,allocate_send_arrival,19,S06,3,switch,10,51726,39,0,0,38,169.014,0,39.932,0,0
38,allocate_send_arrival,7,S45,2,switch,61,51723,15,0,0,38,100.666,0,40.7016,0,0
38,allocate_send_arrival,51,S48,0,switch,57,51728,103,0,0,38,201.033,0,40.7016,0,0
38,allocate_send_arrival,57,S47,1,switch,50,51728,103,0,0,38,259.289,0,40.7016,0,0
38,allocate_send_arrival,57,S47,1,switch,50,51723,15,0,0,38,259.289,0,40.7016,0,0
38,allocate_send_arrival,13,S40,0,switch,6,51729,26,0,0,38,162.644,0,39.932,0,0
38,allocate_send_arrival,61,S46,1,switch,57,51723,15,0,0,38,199.213,0,40.7016,0,0
38,allocate_send_arrival,4,S37,0,switch,0,51724,112,0,0,38,203.508,0,20.7016,20,0
38,enqueue_residual,4,S37,0,switch,0,51724,112,0,0,38,203.508,0,0,20,0
38,allocate_send_arrival,4,S37,0,switch,0,51725,113,0,0,38,203.508,0,20.7016,20,0
38,enqueue_residual,4,S37,0,switch,0,51725,113,0,0,38,203.508,0,0,20,0
38,allocate_send_arrival,4,S37,0,switch,0,51730,100,0,0,38,203.508,0,20.7016,20,0
38,enqueue_residual,4,S37,0,switch,0,51730,100,0,0,38,203.508,0,0,20,0
38,allocate_send_arrival,4,S37,0,switch,0,51723,15,0,0,38,203.508,0,20.7016,20,0
38,enqueue_residual,4,S37,0,switch,0,51723,15,0,0,38,203.508,0,0,20,0
38,allocate_send_arrival,4,S37,0,switch,0,51728,103,0,0,38,203.508,0,20.7016,20,0
38,enqueue_residual,4,S37,0,switch,0,51728,103,0,0,38,203.508,0,0,20,0
38,allocate_send_arrival,1,S01,0,switch,0,51729,26,0,0,38,159.728,0,14.932,25,0
38,enqueue_residual,1,S01,0,switch,0,51729,26,0,0,38,159.728,0,0,25,0
38,allocate_send_arrival,1,S01,0,switch,0,51722,97,0,0,38,159.728,0,14.932,25,0
38,enqueue_residual,1,S01,0,switch,0,51722,97,0,0,38,159.728,0,0,25,0
38,allocate_send_arrival,1,S01,0,switch,0,51721,16,0,0,38,159.728,0,14.932,25,0
38,enqueue_residual,1,S01,0,switch,0,51721,16,0,0,38,159.728,0,0,25,0
38,allocate_send_arrival,1,S01,0,switch,0,51726,39,0,0,38,159.728,0,14.932,25,0
38,enqueue_residual,1,S01,0,switch,0,51726,39,0,0,38,159.728,0,0,25,0
39,allocate_send_buffered,4,S37,0,switch,0,51724,112,0,0,39,203.508,100,20,0,0
39,allocate_send_buffered,4,S37,0,switch,0,51725,113,0,0,39,203.508,100,20,0,0
39,allocate_send_buffered,4,S37,0,switch,0,51730,100,0,0,39,203.508,100,20,0,0
39,allocate_send_buffered,4,S37,0,switch,0,51723,15,0,0,39,203.508,100,20,0,0
39,allocate_send_buffered,4,S37,0,switch,0,51728,103,0,0,39,203.508,100,20,0,0
39,allocate_send_buffered,3,S27,0,switch,0,51731,66,0,0,39,119.129,100,33.3333,0,0
39,allocate_send_buffered,3,S27,0,switch,0,51732,53,0,0,39,119.129,100,33.3333,0,0
39,allocate_send_buffered,3,S27,0,switch,0,51735,76,0,0,39,119.129,100,33.3333,0,0
39,allocate_send_buffered,1,S01,0,switch,0,51729,26,0,0,39,159.728,100,25,0,0
39,allocate_send_buffered,1,S01,0,switch,0,51722,97,0,0,39,159.728,100,25,0,0
39,allocate_send_buffered,1,S01,0,switch,0,51721,16,0,0,39,159.728,100,25,0,0
39,allocate_send_buffered,1,S01,0,switch,0,51726,39,0,0,39,159.728,100,25,0,0
39,stage_arrival,0,S00,5,terminal,0,51726,39,0,0,39,1000,0,0,25,0
39,stage_arrival,50,S38,2,switch,4,51723,15,0,0,39,290.506,0,0,40.7016,0
39,stage_arrival,0,S00,5,terminal,0,51728,103,0,0,39,1000,0,0,20,0
39,stage_arrival,1,S01,0,switch,0,51722,97,0,0,39,159.728,0,0,39.932,0
39,stage_arrival,4,S37,0,switch,0,51724,112,0,0,39,203.508,0,0,40.7016,0
39,stage_arrival,4,S37,0,switch,0,51723,15,0,0,39,203.508,0,0,40.7016,0
39,stage_arrival,0,S00,5,terminal,0,51725,113,0,0,39,1000,0,0,20.7016,0
39,stage_arrival,0,S00,5,terminal,0,51729,26,0,0,39,1000,0,0,25,0
39,stage_arrival,10,S61,0,switch,1,51722,97,0,0,39,227.172,0,0,39.932,0
39,stage_arrival,57,S47,1,switch,50,51723,15,0,0,39,259.289,0,0,40.7016,0
39,stage_arrival,10,S61,0,switch,1,51726,39,0,0,39,227.172,0,0,39.932,0
39,stage_arrival,0,S00,5,terminal,0,51721,16,0,0,39,1000,0,0,25,0
39,stage_arrival,0,S00,5,terminal,0,51724,112,0,0,39,1000,0,0,20.7016,0
39,stage_arrival,0,S00,5,terminal,0,51731,66,0,0,39,1000,0,0,6.37633,0
39,stage_arrival,0,S00,5,terminal,0,51730,100,0,0,39,1000,0,0,20,0
39,stage_arrival,51,S48,0,switch,57,51728,103,0,0,39,201.033,0,0,40.7016,0
39,stage_arrival_coalesce,0,S00,5,terminal,0,51724,112,0,0,39,1000,0,0,40.7016,0
39,stage_arrival,1,S01,0,switch,0,51726,39,0,0,39,159.728,0,0,39.932,0
39,stage_arrival_coalesce,0,S00,5,terminal,0,51726,39,0,0,39,1000,0,0,39.932,0
39,stage_arrival,0,S00,5,terminal,0,51735,76,0,0,39,1000,0,0,6.37633,0
39,stage_arrival,0,S00,5,terminal,0,51722,97,0,0,39,1000,0,0,25,0
39,stage_arrival_coalesce,0,S00,5,terminal,0,51731,66,0,0,39,1000,0,0,39.7097,0
39,stage_arrival,3,S27,0,switch,0,51732,53,0,0,39,119.129,0,0,39.7097,0
39,stage_arrival,6,S02,0,switch,1,51729,26,0,0,39,138.732,0,0,39.932,0
39,stage_arrival,4,S37,0,switch,0,51730,100,0,0,39,203.508,0,0,40.7016,0
39,stage_arrival_coalesce,0,S00,5,terminal,0,51725,113,0,0,39,1000,0,0,40.7016,0
39,stage_arrival,13,S40,0,switch,6,51729,26,0,0,39,162.644,0,0,39.932,0
39,stage_arrival,3,S27,0,switch,0,51731,66,0,0,39,119.129,0,0,39.7097,0
39,stage_arrival,33,S34,0,switch,26,51731,66,0,0,39,235.741,0,0,39.7097,0
39,stage_arrival,19,S06,3,switch,10,51726,39,0,0,39,169.014,0,0,39.932,0
39,stage_arrival_coalesce,0,S00,5,terminal,0,51722,97,0,0,39,1000,0,0,39.932,0
39,stage_arrival,0,S00,5,terminal,0,51723,15,0,0,39,1000,0,0,20.7016,0
39,stage_arrival,50,S38,2,switch,4,51730,100,0,0,39,290.506,0,0,40.7016,0
39,stage_arrival,50,S38,2,switch,4,51728,103,0,0,39,290.506,0,0,40.7016,0
39,stage_arrival,0,S00,5,terminal,0,51732,53,0,0,39,1000,0,0,33.3333,0
39,stage_arrival,4,S37,0,switch,0,51728,103,0,0,39,203.508,0,0,40.7016,0
39,stage_arrival,7,S45,2,switch,61,51723,15,0,0,39,100.666,0,0,40.7016,0
39,stage_arrival,61,S46,1,switch,57,51723,15,0,0,39,199.213,0,0,40.7016,0
39,stage_arrival,4,S37,0,switch,0,51725,113,0,0,39,203.508,0,0,40.7016,0
39,stage_arrival,26,S33,0,switch,3,51732,53,0,0,39,174.708,0,0,39.7097,0
39,stage_arrival_coalesce,0,S00,5,terminal,0,51735,76,0,0,39,1000,0,0,39.7097,0
39,stage_arrival,56,S36,2,switch,4,51724,112,0,0,39,112.305,0,0,40.7016,0
39,stage_arrival,57,S47,1,switch,50,51728,103,0,0,39,259.289,0,0,40.7016,0
39,stage_arrival_coalesce,0,S00,5,terminal,0,51729,26,0,0,39,1000,0,0,39.932,0
39,stage_arrival_coalesce,0,S00,5,terminal,0,51728,103,0,0,39,1000,0,0,40.7016,0
39,stage_arrival_coalesce,0,S00,5,terminal,0,51732,53,0,0,39,1000,0,0,39.7097,0
39,stage_arrival,42,S20,2,switch,3,51735,76,0,0,39,251.806,0,0,39.7097,0
39,stage_arrival,56,S36,2,switch,4,51725,113,0,0,39,112.305,0,0,40.7016,0
39,stage_arrival,26,S33,0,switch,3,51731,66,0,0,39,174.708,0,0,39.7097,0
39,stage_arrival_coalesce,0,S00,5,terminal,0,51723,15,0,0,39,1000,0,0,40.7016,0
39,stage_arrival,38,S42,0,switch,42,51735,76,0,0,39,176.64,0,0,39.7097,0
39,stage_arrival,3,S27,0,switch,0,51735,76,0,0,39,119.129,0,0,39.7097,0
39,stage_arrival,48,S50,3,switch,10,51722,97,0,0,39,118.54,0,0,39.932,0
39,stage_arrival_coalesce,0,S00,5,terminal,0,51730,100,0,0,39,1000,0,0,40.7016,0
39,stage_arrival,1,S01,0,switch,0,51729,26,0,0,39,159.728,0,0,39.932,0
39,stage_arrival,1,S01,0,switch,0,51721,16,0,0,39,159.728,0,0,39.932,0
39,stage_arrival_coalesce,0,S00,5,terminal,0,51721,16,0,0,39,1000,0,0,39.932,0
39,stage_arrival,8,S52,0,switch,1,51721,16,0,0,39,255.562,0,0,39.932,0
39,allocate_send_arrival,51,S48,0,switch,57,51728,103,0,0,39,201.033,0,40.7016,0,0
39,allocate_send_arrival,19,S06,3,switch,10,51726,39,0,0,39,169.014,0,39.932,0,0
39,allocate_send_arrival,7,S45,2,switch,61,51723,15,0,0,39,100.666,0,40.7016,0,0
39,allocate_send_arrival,57,S47,1,switch,50,51723,15,0,0,39,259.289,0,40.7016,0,0
39,allocate_send_arrival,57,S47,1,switch,50,51728,103,0,0,39,259.289,0,40.7016,0,0
39,allocate_send_arrival,1,S01,0,switch,0,51722,97,0,0,39,159.728,0,14.932,25,0
39,enqueue_residual,1,S01,0,switch,0,51722,97,0,0,39,159.728,0,0,25,0
39,allocate_send_arrival,1,S01,0,switch,0,51726,39,0,0,39,159.728,0,14.932,25,0
39,enqueue_residual,1,S01,0,switch,0,51726,39,0,0,39,159.728,0,0,25,0
39,allocate_send_arrival,1,S01,0,switch,0,51729,26,0,0,39,159.728,0,14.932,25,0
39,enqueue_residual,1,S01,0,switch,0,51729,26,0,0,39,159.728,0,0,25,0
39,allocate_send_arrival,1,S01,0,switch,0,51721,16,0,0,39,159.728,0,14.932,25,0
39,enqueue_residual,1,S01,0,switch,0,51721,16,0,0,39,159.728,0,0,25,0
39,allocate_send_arrival,3,S27,0,switch,0,51732,53,0,0,39,119.129,0,6.37633,33.3333,0
39,enqueue_residual,3,S27,0,switch,0,51732,53,0,0,39,119.129,0,0,33.3333,0
39,allocate_send_arrival,3,S27,0,switch,0,51731,66,0,0,39,119.129,0,6.37633,33.3333,0
39,enqueue_residual,3,S27,0,switch,0,51731,66,0,0,39,119.129,0,0,33.3333,0
39,allocate_send_arrival,3,S27,0,switch,0,51735,76,0,0,39,119.129,0,6.37633,33.3333,0
39,enqueue_residual,3,S27,0,switch,0,51735,76,0,0,39,119.129,0,0,33.3333,0
39,allocate_send_arrival,10,S61,0,switch,1,51722,97,0,0,39,227.172,0,39.932,0,0
39,allocate_send_arrival,10,S61,0,switch,1,51726,39,0,0,39,227.172,0,39.932,0,0
39,allocate_send_arrival,8,S52,0,switch,1,51721,16,0,0,39,255.562,0,39.932,0,0
39,allocate_send_arrival,0,S00,5,terminal,0,51726,39,0,0,39,1000,0,39.932,0,0
39,allocate_send_arrival,0,S00,5,terminal,0,51728,103,0,0,39,1000,0,40.7016,0,0
39,allocate_send_arrival,0,S00,5,terminal,0,51725,113,0,0,39,1000,0,40.7016,0,0
39,allocate_send_arrival,0,S00,5,terminal,0,51729,26,0,0,39,1000,0,39.932,0,0
39,allocate_send_arrival,0,S00,5,terminal,0,51721,16,0,0,39,1000,0,39.932,0,0
39,allocate_send_arrival,0,S00,5,terminal,0,51724,112,0,0,39,1000,0,40.7016,0,0
39,allocate_send_arrival,0,S00,5,terminal,0,51731,66,0,0,39,1000,0,39.7097,0,0
39,allocate_send_arrival,0,S00,5,terminal,0,51730,100,0,0,39,1000,0,40.7016,0,0
39,allocate_send_arrival,0,S00,5,terminal,0,51735,76,0,0,39,1000,0,39.7097,0,0
39,allocate_send_arrival,0,S00,5,terminal,0,51722,97,0,0,39,1000,0,39.932,0,0
39,allocate_send_arrival,0,S00,5,terminal,0,51723,15,0,0,39,1000,0,40.7016,0,0
39,allocate_send_arrival,0,S00,5,terminal,0,51732,53,0,0,39,1000,0,39.7097,0,0
39,allocate_send_arrival,4,S37,0,switch,0,51724,112,0,0,39,203.508,0,20.7016,20,0
39,enqueue_residual,4,S37,0,switch,0,51724,112,0,0,39,203.508,0,0,20,0
39,allocate_send_arrival,4,S37,0,switch,0,51723,15,0,0,39,203.508,0,20.7016,20,0
39,enqueue_residual,4,S37,0,switch,0,51723,15,0,0,39,203.508,0,0,20,0
39,allocate_send_arrival,4,S37,0,switch,0,51730,100,0,0,39,203.508,0,20.7016,20,0
39,enqueue_residual,4,S37,0,switch,0,51730,100,0,0,39,203.508,0,0,20,0
39,allocate_send_arrival,4,S37,0,switch,0,51728,103,0,0,39,203.508,0,20.7016,20,0
39,enqueue_residual,4,S37,0,switch,0,51728,103,0,0,39,203.508,0,0,20,0
39,allocate_send_arrival,4,S37,0,switch,0,51725,113,0,0,39,203.508,0,20.7016,20,0
39,enqueue_residual,4,S37,0,switch,0,51725,113,0,0,39,203.508,0,0,20,0
39,allocate_send_arrival,48,S50,3,switch,10,51722,97,0,0,39,118.54,0,39.932,0,0
39,allocate_send_arrival,38,S42,0,switch,42,51735,76,0,0,39,176.64,0,39.7097,0,0
39,allocate_send_arrival,61,S46,1,switch,57,51723,15,0,0,39,199.213,0,40.7016,0,0
39,allocate_send_arrival,6,S02,0,switch,1,51729,26,0,0,39,138.732,0,39.932,0,0
39,allocate_send_arrival,33,S34,0,switch,26,51731,66,0,0,39,235.741,0,39.7097,0,0
39,allocate_send_arrival,56,S36,2,switch,4,51724,112,0,0,39,112.305,0,40.7016,0,0
39,allocate_send_arrival,56,S36,2,switch,4,51725,113,0,0,39,112.305,0,40.7016,0,0
39,allocate_send_arrival,42,S20,2,switch,3,51735,76,0,0,39,251.806,0,39.7097,0,0
39,allocate_send_arrival,13,S40,0,switch,6,51729,26,0,0,39,162.644,0,39.932,0,0
39,allocate_send_arrival,50,S38,2,switch,4,51723,15,0,0,39,290.506,0,40.7016,0,0
39,allocate_send_arrival,50,S38,2,switch,4,51730,100,0,0,39,290.506,0,40.7016,0,0
39,allocate_send_arrival,50,S38,2,switch,4,51728,103,0,0,39,290.506,0,40.7016,0,0
39,allocate_send_arrival,26,S33,0,switch,3,51732,53,0,0,39,174.708,0,39.7097,0,0
39,allocate_send_arrival,26,S33,0,switch,3,51731,66,0,0,39,174.708,0,39.7097,0,0
40,stage_arrival,4,S37,0,switch,0,51724,112,0,0,40,203.508,100,0,40.7016,0
40,stage_arrival,48,S50,3,switch,10,51722,97,0,0,40,118.54,0,0,39.932,0
40,stage_arrival,0,S00,5,terminal,0,51725,113,0,0,40,1000,0,0,20,0
40,stage_arrival,6,S02,0,switch,1,51729,26,0,0,40,138.732,0,0,39.932,0
40,stage_arrival,0,S00,5,terminal,0,51735,76,0,0,40,1000,0,0,33.3333,0
40,stage_arrival,0,S00,5,terminal,0,51730,100,0,0,40,1000,0,0,20.7016,0
40,stage_arrival,10,S61,0,switch,1,51726,39,0,0,40,227.172,0,0,39.932,0
40,stage_arrival,4,S37,0,switch,0,51728,103,0,0,40,203.508,100,0,40.7016,0
40,stage_arrival,4,S37,0,switch,0,51730,100,0,0,40,203.508,100,0,40.7016,0
40,stage_arrival,0,S00,5,terminal,0,51732,53,0,0,40,1000,0,0,6.37633,0
40,stage_arrival,13,S40,0,switch,6,51729,26,0,0,40,162.644,0,0,39.932,0
40,stage_arrival,26,S33,0,switch,3,51731,66,0,0,40,174.708,0,0,39.7097,0
40,stage_arrival,10,S61,0,switch,1,51722,97,0,0,40,227.172,0,0,39.932,0
40,stage_arrival,1,S01,0,switch,0,51721,16,0,0,40,159.728,100,0,39.932,0
40,stage_arrival,3,S27,0,switch,0,51732,53,0,0,40,119.129,100,0,39.7097,0
40,stage_arrival,0,S00,5,terminal,0,51729,26,0,0,40,1000,0,0,25,0
40,stage_arrival,56,S36,2,switch,4,51725,113,0,0,40,112.305,0,0,40.7016,0
40,stage_arrival,0,S00,5,terminal,0,51723,15,0,0,40,1000,0,0,20.7016,0
40,stage_arrival_coalesce,0,S00,5,terminal,0,51729,26,0,0,40,1000,0,0,39.932,0
40,stage_arrival,57,S47,1,switch,50,51723,15,0,0,40,259.289,0,0,40.7016,0
40,stage_arrival,57,S47,1,switch,50,51728,103,0,0,40,259.289,0,0,40.7016,0
40,stage_arrival,61,S46,1,switch,57,51723,15,0,0,40,199.213,0,0,40.7016,0
40,stage_arrival,0,S00,5,terminal,0,51728,103,0,0,40,1000,0,0,20,0
40,stage_arrival,4,S37,0,switch,0,51723,15,0,0,40,203.508,100,0,40.7016,0
40,stage_arrival,50,S38,2,switch,4,51730,100,0,0,40,290.506,0,0,40.7016,0
40,stage_arrival,51,S48,0,switch,57,51728,103,0,0,40,201.033,0,0,40.7016,0
40,stage_arrival,0,S00,5,terminal,0,51722,97,0,0,40,1000,0,0,14.932,0
40,stage_arrival_coalesce,0,S00,5,terminal,0,51723,15,0,0,40,1000,0,0,40.7016,0
40,stage_arrival,4,S37,0,switch,0,51725,113,0,0,40,203.508,100,0,40.7016,0
40,stage_arrival,0,S00,5,terminal,0,51726,39,0,0,40,1000,0,0,14.932,0
40,stage_arrival,50,S38,2,switch,4,51723,15,0,0,40,290.506,0,0,40.7016,0
40,stage_arrival_coalesce,0,S00,5,terminal,0,51732,53,0,0,40,1000,0,0,39.7097,0
40,stage_arrival,56,S36,2,switch,4,51724,112,0,0,40,112.305,0,0,40.7016,0
40,stage_arrival,19,S06,3,switch,10,51726,39,0,0,40,169.014,0,0,39.932,0
40,stage_arrival,26,S33,0,switch,3,51732,53,0,0,40,174.708,0,0,39.7097,0
40,stage_arrival,1,S01,0,switch,0,51729,26,0,0,40,159.728,100,0,39.932,0
40,stage_arrival,33,S34,0,switch,26,51731,66,0,0,40,235.741,0,0,39.7097,0
40,stage_arrival,0,S00,5,terminal,0,51731,66,0,0,40,1000,0,0,33.3333,0
40,stage_arrival,0,S00,5,terminal,0,51721,16,0,0,40,1000,0,0,14.932,0
40,stage_arrival,0,S00,5,terminal,0,51724,112,0,0,40,1000,0,0,20,0
40,stage_arrival_coalesce,0,S00,5,terminal,0,51731,66,0,0,40,1000,0,0,39.7097,0
40,stage_arrival,8,S52,0,switch,1,51721,16,0,0,40,255.562,0,0,39.932,0
40,stage_arrival,42,S20,2,switch,3,51735,76,0,0,40,251.806,0,0,39.7097,0
40,stage_arrival_coalesce,0,S00,5,terminal,0,51724,112,0,0,40,1000,0,0,40.7016,0
40,stage_arrival,1,S01,0,switch,0,51726,39,0,0,40,159.728,100,0,39.932,0
40,stage_arrival,38,S42,0,switch,42,51735,76,0,0,40,176.64,0,0,39.7097,0
40,stage_arrival_coalesce,0,S00,5,terminal,0,51726,39,0,0,40,1000,0,0,39.932,0
40,stage_arrival_coalesce,0,S00,5,terminal,0,51725,113,0,0,40,1000,0,0,40.7016,0
40,stage_arrival,7,S45,2,switch,61,51723,15,0,0,40,100.666,0,0,40.7016,0
40,stage_arrival_coalesce,0,S00,5,terminal,0,51735,76,0,0,40,1000,0,0,39.7097,0
40,stage_arrival_coalesce,0,S00,5,terminal,0,51722,97,0,0,40,1000,0,0,39.932,0
40,stage_arrival_coalesce,0,S00,5,terminal,0,51728,103,0,0,40,1000,0,0,40.7016,0
40,stage_arrival_coalesce,0,S00,5,terminal,0,51721,16,0,0,40,1000,0,0,39.932,0
40,stage_arrival,50,S38,2,switch,4,51728,103,0,0,40,290.506,0,0,40.7016,0
40,stage_arrival_coalesce,0,S00,5,terminal,0,51730,100,0,0,40,1000,0,0,40.7016,0
40,stage_arrival,3,S27,0,switch,0,51731,66,0,0,40,119.129,100,0,39.7097,0
40,stage_arrival,3,S27,0,switch,0,51735,76,0,0,40,119.129,100,0,39.7097,0
40,stage_arrival,1,S01,0,switch,0,51722,97,0,0,40,159.728,100,0,39.932,0
