/workspace/codes/build/src/model-net-synthetic --sync=1 --traffic=2 --num_messages=2 --payload_size=262144 -- config.yaml 

Fri Jul 24 15:03:01 2026

ROSS Version: v8.1.0

tw_net_start: Found world size to be 1 
credit_size not specified, using default: 8
no credit_delay specified - all credit delays set to 1.42
Within-node eager limit (node_eager_limit) not specified, setting to 16000
NIC num injection port not specified, setting to 1
NIC seq delay not specified, setting to 10.000000
NIC num copy queues not specified, setting to 1

 Total nodes 1056 routers 264 groups 33 radix 16 
within node transfer per byte delay is 0.190476

ROSS Core Configuration: 
	Total PEs                                                    1
	Total KPs                                          [Nodes (1) x KPs (16)] 16
	Total LPs                                                 2376
	Simulation End Time                                432000000000000.00
	LP-to-PE Mapping                                   model defined


ROSS Event Memory Allocation:
	Model events                                            608257
	Network events                                              16
	Total events                                            608272

*** START SEQUENTIAL SIMULATION ***

Set num_servers per router 4, servers per injection queue per router 4, servers per node copy queue per node 1, num nics 4
*** END SIMULATION ***

server 0 recvd 524288 bytes in 0.003590 seconds, 139.262023 MiB/s sent_count 2 recvd_count 2 local_count 2 
server 1 recvd 524288 bytes in 0.003589 seconds, 139.310960 MiB/s sent_count 2 recvd_count 2 local_count 2 
server 2 recvd 524288 bytes in 0.003585 seconds, 139.459005 MiB/s sent_count 2 recvd_count 2 local_count 2 
server 3 recvd 524288 bytes in 0.003589 seconds, 139.321251 MiB/s sent_count 2 recvd_count 2 local_count 2 
server 9 recvd 524288 bytes in 0.003591 seconds, 139.236197 MiB/s sent_count 2 recvd_count 2 local_count 2 
server 10 recvd 524288 bytes in 0.003586 seconds, 139.415215 MiB/s sent_count 2 recvd_count 2 local_count 2 
server 11 recvd 524288 bytes in 0.003590 seconds, 139.283677 MiB/s sent_count 2 recvd_count 2 local_count 2 
server 12 recvd 524288 bytes in 0.003590 seconds, 139.279221 MiB/s sent_count 2 recvd_count 2 local_count 2 
server 18 recvd 524288 bytes in 0.003590 seconds, 139.258082 MiB/s sent_count 2 recvd_count 2 local_count 2 
server 19 recvd 524288 bytes in 0.003589 seconds, 139.313915 MiB/s sent_count 2 recvd_count 2 local_count 2 
server 20 recvd 524288 bytes in 0.003589 seconds, 139.332240 MiB/s sent_count 2 recvd_count 2 local_count 2 
server 21 recvd 524288 bytes in 0.003589 seconds, 139.314031 MiB/s sent_count 2 recvd_count 2 local_count 2 
server 27 recvd 524288 bytes in 0.003589 seconds, 139.301483 MiB/s sent_count 2 recvd_count 2 local_count 2 
server 28 recvd 524288 bytes in 0.003590 seconds, 139.289795 MiB/s sent_count 2 recvd_count 2 local_count 2 
server 29 recvd 524288 bytes in 0.003590 seconds, 139.281788 MiB/s sent_count 2 recvd_count 2 local_count 2 
server 30 recvd 524288 bytes in 0.003590 seconds, 139.268908 MiB/s sent_count 2 recvd_count 2 local_count 2 
server 36 recvd 524288 bytes in 0.003589 seconds, 139.325650 MiB/s sent_count 2 recvd_count 2 local_count 2 
server 37 recvd 524288 bytes in 0.003588 seconds, 139.354996 MiB/s sent_count 2 recvd_count 2 local_count 2 
server 38 recvd 524288 bytes in 0.003588 seconds, 139.337585 MiB/s sent_count 2 recvd_count 2 local_count 2 
server 39 recvd 524288 bytes in 0.003588 seconds, 139.339086 MiB/s sent_count 2 recvd_count 2 local_count 2 
server 45 recvd 524288 bytes in 0.003589 seconds, 139.304643 MiB/s sent_count 2 recvd_count 2 local_count 2 
server 46 recvd 524288 bytes in 0.003591 seconds, 139.247723 MiB/s sent_count 2 recvd_count 2 local_count 2 
server 47 recvd 524288 bytes in 0.003584 seconds, 139.501460 MiB/s sent_count 2 recvd_count 2 local_count 2 
server 48 recvd 524288 bytes in 0.003586 seconds, 139.415460 MiB/s sent_count 2 recvd_count 2 local_count 2 
server 54 recvd 524288 bytes in 0.003590 seconds, 139.275198 MiB/s sent_count 2 recvd_count 2 local_count 2 
server 55 recvd 524288 bytes in 0.003590 seconds, 139.291800 MiB/s sent_count 2 recvd_count 2 local_count 2 
server 56 recvd 524288 bytes in 0.003590 seconds, 139.257322 MiB/s sent_count 2 recvd_count 2 local_count 2 
server 57 recvd 524288 bytes in 0.003590 seconds, 139.280953 MiB/s sent_count 2 recvd_count 2 local_count 2 
server 63 recvd 524288 bytes in 0.003589 seconds, 139.297555 MiB/s sent_count 2 recvd_count 2 local_count 2 
server 64 recvd 524288 bytes in 0.003588 seconds, 139.364706 MiB/s sent_count 2 recvd_count 2 local_count 2 
server 65 recvd 524288 bytes in 0.003590 seconds, 139.260031 MiB/s sent_count 2 recvd_count 2 local_count 2 
server 66 recvd 524288 bytes in 0.003585 seconds, 139.461902 MiB/s sent_count 2 recvd_count 2 local_count 2 
server 72 recvd 524288 bytes in 0.003588 seconds, 139.342116 MiB/s sent_count 2 recvd_count 2 local_count 2 
server 73 recvd 524288 bytes in 0.003590 seconds, 139.279750 MiB/s sent_count 2 recvd_count 2 local_count 2 
server 74 recvd 524288 bytes in 0.003589 seconds, 139.330034 MiB/s sent_count 2 recvd_count 2 local_count 2 
server 75 recvd 524288 bytes in 0.003591 seconds, 139.249859 MiB/s sent_count 2 recvd_count 2 local_count 2 
server 81 recvd 524288 bytes in 0.003588 seconds, 139.355026 MiB/s sent_count 2 recvd_count 2 local_count 2 
server 82 recvd 524288 bytes in 0.003589 seconds, 139.314573 MiB/s sent_count 2 recvd_count 2 local_count 2 
server 83 recvd 524288 bytes in 0.003590 seconds, 139.277446 MiB/s sent_count 2 recvd_count 2 local_count 2 
server 84 recvd 524288 bytes in 0.003585 seconds, 139.456221 MiB/s sent_count 2 recvd_count 2 local_count 2 
server 90 recvd 524288 bytes in 0.003590 seconds, 139.272607 MiB/s sent_count 2 recvd_count 2 local_count 2 
server 91 recvd 524288 bytes in 0.003590 seconds, 139.288101 MiB/s sent_count 2 recvd_count 2 local_count 2 
server 92 recvd 524288 bytes in 0.003588 seconds, 139.337540 MiB/s sent_count 2 recvd_count 2 local_count 2 
server 93 recvd 524288 bytes in 0.003586 seconds, 139.431983 MiB/s sent_count 2 recvd_count 2 local_count 2 
server 99 recvd 524288 bytes in 0.003590 seconds, 139.258039 MiB/s sent_count 2 recvd_count 2 local_count 2 
server 100 recvd 524288 bytes in 0.003589 seconds, 139.314299 MiB/s sent_count 2 recvd_count 2 local_count 2 
server 101 recvd 524288 bytes in 0.003590 seconds, 139.264793 MiB/s sent_count 2 recvd_count 2 local_count 2 
server 102 recvd 524288 bytes in 0.003588 seconds, 139.363295 MiB/s sent_count 2 recvd_count 2 local_count 2 
server 108 recvd 524288 bytes in 0.003586 seconds, 139.435072 MiB/s sent_count 2 recvd_count 2 local_count 2 
server 109 recvd 524288 bytes in 0.003588 seconds, 139.343152 MiB/s sent_count 2 recvd_count 2 local_count 2 
server 110 recvd 524288 bytes in 0.003589 seconds, 139.315612 MiB/s sent_count 2 recvd_count 2 local_count 2 
server 111 recvd 524288 bytes in 0.003587 seconds, 139.405384 MiB/s sent_count 2 recvd_count 2 local_count 2 
server 117 recvd 524288 bytes in 0.003591 seconds, 139.243865 MiB/s sent_count 2 recvd_count 2 local_count 2 
server 118 recvd 524288 bytes in 0.003590 seconds, 139.267096 MiB/s sent_count 2 recvd_count 2 local_count 2 
server 119 recvd 524288 bytes in 0.003589 seconds, 139.328377 MiB/s sent_count 2 recvd_count 2 local_count 2 
server 120 recvd 524288 bytes in 0.003589 seconds, 139.298154 MiB/s sent_count 2 recvd_count 2 local_count 2 
server 126 recvd 524288 bytes in 0.003589 seconds, 139.317519 MiB/s sent_count 2 recvd_count 2 local_count 2 
server 127 recvd 524288 bytes in 0.003588 seconds, 139.359223 MiB/s sent_count 2 recvd_count 2 local_count 2 
server 128 recvd 524288 bytes in 0.003589 seconds, 139.310581 MiB/s sent_count 2 recvd_count 2 local_count 2 
server 129 recvd 524288 bytes in 0.003590 seconds, 139.265482 MiB/s sent_count 2 recvd_count 2 local_count 2 
server 135 recvd 524288 bytes in 0.003589 seconds, 139.331138 MiB/s sent_count 2 recvd_count 2 local_count 2 
server 136 recvd 524288 bytes in 0.003591 seconds, 139.242972 MiB/s sent_count 2 recvd_count 2 local_count 2 
server 137 recvd 524288 bytes in 0.003591 seconds, 139.233801 MiB/s sent_count 2 recvd_count 2 local_count 2 
server 138 recvd 524288 bytes in 0.003589 seconds, 139.316120 MiB/s sent_count 2 recvd_count 2 local_count 2 
server 144 recvd 524288 bytes in 0.003589 seconds, 139.298325 MiB/s sent_count 2 recvd_count 2 local_count 2 
server 145 recvd 524288 bytes in 0.003585 seconds, 139.468231 MiB/s sent_count 2 recvd_count 2 local_count 2 
server 146 recvd 524288 bytes in 0.003588 seconds, 139.350194 MiB/s sent_count 2 recvd_count 2 local_count 2 
server 147 recvd 524288 bytes in 0.003589 seconds, 139.313802 MiB/s sent_count 2 recvd_count 2 local_count 2 
server 153 recvd 524288 bytes in 0.003589 seconds, 139.317170 MiB/s sent_count 2 recvd_count 2 local_count 2 
server 154 recvd 524288 bytes in 0.003589 seconds, 139.316115 MiB/s sent_count 2 recvd_count 2 local_count 2 
server 155 recvd 524288 bytes in 0.003591 seconds, 139.256302 MiB/s sent_count 2 recvd_count 2 local_count 2 
server 156 recvd 524288 bytes in 0.003588 seconds, 139.350489 MiB/s sent_count 2 recvd_count 2 local_count 2 
server 162 recvd 524288 bytes in 0.003589 seconds, 139.326906 MiB/s sent_count 2 recvd_count 2 local_count 2 
server 163 recvd 524288 bytes in 0.003590 seconds, 139.273367 MiB/s sent_count 2 recvd_count 2 local_count 2 
server 164 recvd 524288 bytes in 0.003590 seconds, 139.293710 MiB/s sent_count 2 recvd_count 2 local_count 2 
server 165 recvd 524288 bytes in 0.003583 seconds, 139.558640 MiB/s sent_count 2 recvd_count 2 local_count 2 
server 171 recvd 524288 bytes in 0.003590 seconds, 139.287978 MiB/s sent_count 2 recvd_count 2 local_count 2 
server 172 recvd 524288 bytes in 0.003584 seconds, 139.509744 MiB/s sent_count 2 recvd_count 2 local_count 2 
server 173 recvd 524288 bytes in 0.003588 seconds, 139.369605 MiB/s sent_count 2 recvd_count 2 local_count 2 
server 174 recvd 524288 bytes in 0.003585 seconds, 139.477870 MiB/s sent_count 2 recvd_count 2 local_count 2 
server 180 recvd 524288 bytes in 0.003591 seconds, 139.242641 MiB/s sent_count 2 recvd_count 2 local_count 2 
server 181 recvd 524288 bytes in 0.003590 seconds, 139.288989 MiB/s sent_count 2 recvd_count 2 local_count 2 
server 182 recvd 524288 bytes in 0.003587 seconds, 139.404704 MiB/s sent_count 2 recvd_count 2 local_count 2 
server 183 recvd 524288 bytes in 0.003587 seconds, 139.393221 MiB/s sent_count 2 recvd_count 2 local_count 2 
server 189 recvd 524288 bytes in 0.003588 seconds, 139.362891 MiB/s sent_count 2 recvd_count 2 local_count 2 
server 190 recvd 524288 bytes in 0.003590 seconds, 139.256831 MiB/s sent_count 2 recvd_count 2 local_count 2 
server 191 recvd 524288 bytes in 0.003587 seconds, 139.377841 MiB/s sent_count 2 recvd_count 2 local_count 2 
server 192 recvd 524288 bytes in 0.003590 seconds, 139.282808 MiB/s sent_count 2 recvd_count 2 local_count 2 
server 198 recvd 524288 bytes in 0.003591 seconds, 139.242271 MiB/s sent_count 2 recvd_count 2 local_count 2 
server 199 recvd 524288 bytes in 0.003590 seconds, 139.269321 MiB/s sent_count 2 recvd_count 2 local_count 2 
server 200 recvd 524288 bytes in 0.003587 seconds, 139.402584 MiB/s sent_count 2 recvd_count 2 local_count 2 
server 201 recvd 524288 bytes in 0.003590 seconds, 139.285957 MiB/s sent_count 2 recvd_count 2 local_count 2 
server 207 recvd 524288 bytes in 0.003589 seconds, 139.326852 MiB/s sent_count 2 recvd_count 2 local_count 2 
server 208 recvd 524288 bytes in 0.003590 seconds, 139.257477 MiB/s sent_count 2 recvd_count 2 local_count 2 
server 209 recvd 524288 bytes in 0.003589 seconds, 139.313631 MiB/s sent_count 2 recvd_count 2 local_count 2 
server 210 recvd 524288 bytes in 0.003587 seconds, 139.373857 MiB/s sent_count 2 recvd_count 2 local_count 2 
server 216 recvd 524288 bytes in 0.003589 seconds, 139.319724 MiB/s sent_count 2 recvd_count 2 local_count 2 
server 217 recvd 524288 bytes in 0.003586 seconds, 139.419946 MiB/s sent_count 2 recvd_count 2 local_count 2 
server 218 recvd 524288 bytes in 0.003588 seconds, 139.341207 MiB/s sent_count 2 recvd_count 2 local_count 2 
server 219 recvd 524288 bytes in 0.003587 seconds, 139.381740 MiB/s sent_count 2 recvd_count 2 local_count 2 
server 225 recvd 524288 bytes in 0.003587 seconds, 139.393475 MiB/s sent_count 2 recvd_count 2 local_count 2 
server 226 recvd 524288 bytes in 0.003590 seconds, 139.285084 MiB/s sent_count 2 recvd_count 2 local_count 2 
server 227 recvd 524288 bytes in 0.003584 seconds, 139.503417 MiB/s sent_count 2 recvd_count 2 local_count 2 
server 228 recvd 524288 bytes in 0.003590 seconds, 139.287370 MiB/s sent_count 2 recvd_count 2 local_count 2 
server 234 recvd 524288 bytes in 0.003591 seconds, 139.248849 MiB/s sent_count 2 recvd_count 2 local_count 2 
server 235 recvd 524288 bytes in 0.003590 seconds, 139.278475 MiB/s sent_count 2 recvd_count 2 local_count 2 
server 236 recvd 524288 bytes in 0.003591 seconds, 139.242330 MiB/s sent_count 2 recvd_count 2 local_count 2 
server 237 recvd 524288 bytes in 0.003591 seconds, 139.236937 MiB/s sent_count 2 recvd_count 2 local_count 2 
server 243 recvd 524288 bytes in 0.003588 seconds, 139.337486 MiB/s sent_count 2 recvd_count 2 local_count 2 
server 244 recvd 524288 bytes in 0.003590 seconds, 139.280841 MiB/s sent_count 2 recvd_count 2 local_count 2 
server 245 recvd 524288 bytes in 0.003591 seconds, 139.244805 MiB/s sent_count 2 recvd_count 2 local_count 2 
server 246 recvd 524288 bytes in 0.003586 seconds, 139.426123 MiB/s sent_count 2 recvd_count 2 local_count 2 
server 252 recvd 524288 bytes in 0.003589 seconds, 139.321226 MiB/s sent_count 2 recvd_count 2 local_count 2 
server 253 recvd 524288 bytes in 0.003591 seconds, 139.242250 MiB/s sent_count 2 recvd_count 2 local_count 2 
server 254 recvd 524288 bytes in 0.003590 seconds, 139.267234 MiB/s sent_count 2 recvd_count 2 local_count 2 
server 255 recvd 524288 bytes in 0.003590 seconds, 139.291086 MiB/s sent_count 2 recvd_count 2 local_count 2 
server 261 recvd 524288 bytes in 0.003583 seconds, 139.539502 MiB/s sent_count 2 recvd_count 2 local_count 2 
server 262 recvd 524288 bytes in 0.003586 seconds, 139.423467 MiB/s sent_count 2 recvd_count 2 local_count 2 
server 263 recvd 524288 bytes in 0.003588 seconds, 139.345842 MiB/s sent_count 2 recvd_count 2 local_count 2 
server 264 recvd 524288 bytes in 0.003589 seconds, 139.309550 MiB/s sent_count 2 recvd_count 2 local_count 2 
server 270 recvd 524288 bytes in 0.003589 seconds, 139.306771 MiB/s sent_count 2 recvd_count 2 local_count 2 
server 271 recvd 524288 bytes in 0.003591 seconds, 139.244673 MiB/s sent_count 2 recvd_count 2 local_count 2 
server 272 recvd 524288 bytes in 0.003590 seconds, 139.285595 MiB/s sent_count 2 recvd_count 2 local_count 2 
server 273 recvd 524288 bytes in 0.003590 seconds, 139.267563 MiB/s sent_count 2 recvd_count 2 local_count 2 
server 279 recvd 524288 bytes in 0.003588 seconds, 139.337015 MiB/s sent_count 2 recvd_count 2 local_count 2 
server 280 recvd 524288 bytes in 0.003589 seconds, 139.314768 MiB/s sent_count 2 recvd_count 2 local_count 2 
server 281 recvd 524288 bytes in 0.003588 seconds, 139.345884 MiB/s sent_count 2 recvd_count 2 local_count 2 
server 282 recvd 524288 bytes in 0.003590 seconds, 139.290542 MiB/s sent_count 2 recvd_count 2 local_count 2 
server 288 recvd 524288 bytes in 0.003589 seconds, 139.318240 MiB/s sent_count 2 recvd_count 2 local_count 2 
server 289 recvd 524288 bytes in 0.003587 seconds, 139.382344 MiB/s sent_count 2 recvd_count 2 local_count 2 
server 290 recvd 524288 bytes in 0.003590 seconds, 139.257409 MiB/s sent_count 2 recvd_count 2 local_count 2 
server 291 recvd 524288 bytes in 0.003590 seconds, 139.268188 MiB/s sent_count 2 recvd_count 2 local_count 2 
server 297 recvd 524288 bytes in 0.003591 seconds, 139.253835 MiB/s sent_count 2 recvd_count 2 local_count 2 
server 298 recvd 524288 bytes in 0.003590 seconds, 139.274500 MiB/s sent_count 2 recvd_count 2 local_count 2 
server 299 recvd 524288 bytes in 0.003588 seconds, 139.372207 MiB/s sent_count 2 recvd_count 2 local_count 2 
server 300 recvd 524288 bytes in 0.003584 seconds, 139.527198 MiB/s sent_count 2 recvd_count 2 local_count 2 
server 306 recvd 524288 bytes in 0.003586 seconds, 139.421175 MiB/s sent_count 2 recvd_count 2 local_count 2 
server 307 recvd 524288 bytes in 0.003589 seconds, 139.301731 MiB/s sent_count 2 recvd_count 2 local_count 2 
server 308 recvd 524288 bytes in 0.003589 seconds, 139.300395 MiB/s sent_count 2 recvd_count 2 local_count 2 
server 309 recvd 524288 bytes in 0.003590 seconds, 139.277224 MiB/s sent_count 2 recvd_count 2 local_count 2 
server 315 recvd 524288 bytes in 0.003591 seconds, 139.245385 MiB/s sent_count 2 recvd_count 2 local_count 2 
server 316 recvd 524288 bytes in 0.003589 seconds, 139.323326 MiB/s sent_count 2 recvd_count 2 local_count 2 
server 317 recvd 524288 bytes in 0.003588 seconds, 139.359861 MiB/s sent_count 2 recvd_count 2 local_count 2 
server 318 recvd 524288 bytes in 0.003590 seconds, 139.270455 MiB/s sent_count 2 recvd_count 2 local_count 2 
server 324 recvd 524288 bytes in 0.003590 seconds, 139.262187 MiB/s sent_count 2 recvd_count 2 local_count 2 
server 325 recvd 524288 bytes in 0.003589 seconds, 139.325158 MiB/s sent_count 2 recvd_count 2 local_count 2 
server 326 recvd 524288 bytes in 0.003591 seconds, 139.256110 MiB/s sent_count 2 recvd_count 2 local_count 2 
server 327 recvd 524288 bytes in 0.003591 seconds, 139.253512 MiB/s sent_count 2 recvd_count 2 local_count 2 
server 333 recvd 524288 bytes in 0.003588 seconds, 139.341583 MiB/s sent_count 2 recvd_count 2 local_count 2 
server 334 recvd 524288 bytes in 0.003590 seconds, 139.294314 MiB/s sent_count 2 recvd_count 2 local_count 2 
server 335 recvd 524288 bytes in 0.003590 seconds, 139.273574 MiB/s sent_count 2 recvd_count 2 local_count 2 
server 336 recvd 524288 bytes in 0.003589 seconds, 139.298668 MiB/s sent_count 2 recvd_count 2 local_count 2 
server 342 recvd 524288 bytes in 0.003589 seconds, 139.297469 MiB/s sent_count 2 recvd_count 2 local_count 2 
server 343 recvd 524288 bytes in 0.003590 seconds, 139.263808 MiB/s sent_count 2 recvd_count 2 local_count 2 
server 344 recvd 524288 bytes in 0.003589 seconds, 139.317297 MiB/s sent_count 2 recvd_count 2 local_count 2 
server 345 recvd 524288 bytes in 0.003591 seconds, 139.244977 MiB/s sent_count 2 recvd_count 2 local_count 2 
server 351 recvd 524288 bytes in 0.003589 seconds, 139.299933 MiB/s sent_count 2 recvd_count 2 local_count 2 
server 352 recvd 524288 bytes in 0.003589 seconds, 139.320408 MiB/s sent_count 2 recvd_count 2 local_count 2 
server 353 recvd 524288 bytes in 0.003587 seconds, 139.399876 MiB/s sent_count 2 recvd_count 2 local_count 2 
server 354 recvd 524288 bytes in 0.003590 seconds, 139.295126 MiB/s sent_count 2 recvd_count 2 local_count 2 
server 360 recvd 524288 bytes in 0.003589 seconds, 139.323249 MiB/s sent_count 2 recvd_count 2 local_count 2 
server 361 recvd 524288 bytes in 0.003589 seconds, 139.312359 MiB/s sent_count 2 recvd_count 2 local_count 2 
server 362 recvd 524288 bytes in 0.003590 seconds, 139.269386 MiB/s sent_count 2 recvd_count 2 local_count 2 
server 363 recvd 524288 bytes in 0.003590 seconds, 139.280135 MiB/s sent_count 2 recvd_count 2 local_count 2 
server 369 recvd 524288 bytes in 0.003590 seconds, 139.259564 MiB/s sent_count 2 recvd_count 2 local_count 2 
server 370 recvd 524288 bytes in 0.003590 seconds, 139.260688 MiB/s sent_count 2 recvd_count 2 local_count 2 
server 371 recvd 524288 bytes in 0.003590 seconds, 139.258644 MiB/s sent_count 2 recvd_count 2 local_count 2 
server 372 recvd 524288 bytes in 0.003591 seconds, 139.250066 MiB/s sent_count 2 recvd_count 2 local_count 2 
server 378 recvd 524288 bytes in 0.003591 seconds, 139.246769 MiB/s sent_count 2 recvd_count 2 local_count 2 
server 379 recvd 524288 bytes in 0.003589 seconds, 139.326171 MiB/s sent_count 2 recvd_count 2 local_count 2 
server 380 recvd 524288 bytes in 0.003590 seconds, 139.293074 MiB/s sent_count 2 recvd_count 2 local_count 2 
server 381 recvd 524288 bytes in 0.003590 seconds, 139.275979 MiB/s sent_count 2 recvd_count 2 local_count 2 
server 387 recvd 524288 bytes in 0.003589 seconds, 139.297508 MiB/s sent_count 2 recvd_count 2 local_count 2 
server 388 recvd 524288 bytes in 0.003590 seconds, 139.278997 MiB/s sent_count 2 recvd_count 2 local_count 2 
server 389 recvd 524288 bytes in 0.003587 seconds, 139.399869 MiB/s sent_count 2 recvd_count 2 local_count 2 
server 390 recvd 524288 bytes in 0.003590 seconds, 139.261755 MiB/s sent_count 2 recvd_count 2 local_count 2 
server 396 recvd 524288 bytes in 0.003590 seconds, 139.289386 MiB/s sent_count 2 recvd_count 2 local_count 2 
server 397 recvd 524288 bytes in 0.003590 seconds, 139.270510 MiB/s sent_count 2 recvd_count 2 local_count 2 
server 398 recvd 524288 bytes in 0.003590 seconds, 139.270967 MiB/s sent_count 2 recvd_count 2 local_count 2 
server 399 recvd 524288 bytes in 0.003590 seconds, 139.256399 MiB/s sent_count 2 recvd_count 2 local_count 2 
server 405 recvd 524288 bytes in 0.003590 seconds, 139.281107 MiB/s sent_count 2 recvd_count 2 local_count 2 
server 406 recvd 524288 bytes in 0.003590 seconds, 139.277617 MiB/s sent_count 2 recvd_count 2 local_count 2 
server 407 recvd 524288 bytes in 0.003590 seconds, 139.294337 MiB/s sent_count 2 recvd_count 2 local_count 2 
server 408 recvd 524288 bytes in 0.003590 seconds, 139.294779 MiB/s sent_count 2 recvd_count 2 local_count 2 
server 414 recvd 524288 bytes in 0.003591 seconds, 139.239591 MiB/s sent_count 2 recvd_count 2 local_count 2 
server 415 recvd 524288 bytes in 0.003590 seconds, 139.295081 MiB/s sent_count 2 recvd_count 2 local_count 2 
server 416 recvd 524288 bytes in 0.003591 seconds, 139.243089 MiB/s sent_count 2 recvd_count 2 local_count 2 
server 417 recvd 524288 bytes in 0.003589 seconds, 139.297059 MiB/s sent_count 2 recvd_count 2 local_count 2 
server 423 recvd 524288 bytes in 0.003590 seconds, 139.290369 MiB/s sent_count 2 recvd_count 2 local_count 2 
server 424 recvd 524288 bytes in 0.003589 seconds, 139.316125 MiB/s sent_count 2 recvd_count 2 local_count 2 
server 425 recvd 524288 bytes in 0.003590 seconds, 139.257915 MiB/s sent_count 2 recvd_count 2 local_count 2 
server 426 recvd 524288 bytes in 0.003589 seconds, 139.305246 MiB/s sent_count 2 recvd_count 2 local_count 2 
server 432 recvd 524288 bytes in 0.003590 seconds, 139.282408 MiB/s sent_count 2 recvd_count 2 local_count 2 
server 433 recvd 524288 bytes in 0.003591 seconds, 139.240565 MiB/s sent_count 2 recvd_count 2 local_count 2 
server 434 recvd 524288 bytes in 0.003591 seconds, 139.248410 MiB/s sent_count 2 recvd_count 2 local_count 2 
server 435 recvd 524288 bytes in 0.003589 seconds, 139.308043 MiB/s sent_count 2 recvd_count 2 local_count 2 
server 441 recvd 524288 bytes in 0.003589 seconds, 139.321093 MiB/s sent_count 2 recvd_count 2 local_count 2 
server 442 recvd 524288 bytes in 0.003589 seconds, 139.332053 MiB/s sent_count 2 recvd_count 2 local_count 2 
server 443 recvd 524288 bytes in 0.003590 seconds, 139.262694 MiB/s sent_count 2 recvd_count 2 local_count 2 
server 444 recvd 524288 bytes in 0.003587 seconds, 139.375592 MiB/s sent_count 2 recvd_count 2 local_count 2 
server 450 recvd 524288 bytes in 0.003583 seconds, 139.551556 MiB/s sent_count 2 recvd_count 2 local_count 2 
server 451 recvd 524288 bytes in 0.003589 seconds, 139.295656 MiB/s sent_count 2 recvd_count 2 local_count 2 
server 452 recvd 524288 bytes in 0.003589 seconds, 139.298637 MiB/s sent_count 2 recvd_count 2 local_count 2 
server 453 recvd 524288 bytes in 0.003590 seconds, 139.263932 MiB/s sent_count 2 recvd_count 2 local_count 2 
server 459 recvd 524288 bytes in 0.003591 seconds, 139.246249 MiB/s sent_count 2 recvd_count 2 local_count 2 
server 460 recvd 524288 bytes in 0.003590 seconds, 139.263552 MiB/s sent_count 2 recvd_count 2 local_count 2 
server 461 recvd 524288 bytes in 0.003589 seconds, 139.295881 MiB/s sent_count 2 recvd_count 2 local_count 2 
server 462 recvd 524288 bytes in 0.003590 seconds, 139.292345 MiB/s sent_count 2 recvd_count 2 local_count 2 
server 468 recvd 524288 bytes in 0.003590 seconds, 139.269317 MiB/s sent_count 2 recvd_count 2 local_count 2 
server 469 recvd 524288 bytes in 0.003587 seconds, 139.392763 MiB/s sent_count 2 recvd_count 2 local_count 2 
server 470 recvd 524288 bytes in 0.003587 seconds, 139.373813 MiB/s sent_count 2 recvd_count 2 local_count 2 
server 471 recvd 524288 bytes in 0.003589 seconds, 139.295704 MiB/s sent_count 2 recvd_count 2 local_count 2 
server 477 recvd 524288 bytes in 0.003590 seconds, 139.259661 MiB/s sent_count 2 recvd_count 2 local_count 2 
server 478 recvd 524288 bytes in 0.003589 seconds, 139.309471 MiB/s sent_count 2 recvd_count 2 local_count 2 
server 479 recvd 524288 bytes in 0.003589 seconds, 139.315283 MiB/s sent_count 2 recvd_count 2 local_count 2 
server 480 recvd 524288 bytes in 0.003590 seconds, 139.274716 MiB/s sent_count 2 recvd_count 2 local_count 2 
server 486 recvd 524288 bytes in 0.003590 seconds, 139.266506 MiB/s sent_count 2 recvd_count 2 local_count 2 
server 487 recvd 524288 bytes in 0.003590 seconds, 139.260335 MiB/s sent_count 2 recvd_count 2 local_count 2 
server 488 recvd 524288 bytes in 0.003591 seconds, 139.255011 MiB/s sent_count 2 recvd_count 2 local_count 2 
server 489 recvd 524288 bytes in 0.003589 seconds, 139.304914 MiB/s sent_count 2 recvd_count 2 local_count 2 
server 495 recvd 524288 bytes in 0.003590 seconds, 139.273056 MiB/s sent_count 2 recvd_count 2 local_count 2 
server 496 recvd 524288 bytes in 0.003591 seconds, 139.254980 MiB/s sent_count 2 recvd_count 2 local_count 2 
server 497 recvd 524288 bytes in 0.003587 seconds, 139.375268 MiB/s sent_count 2 recvd_count 2 local_count 2 
server 498 recvd 524288 bytes in 0.003589 seconds, 139.327482 MiB/s sent_count 2 recvd_count 2 local_count 2 
server 504 recvd 524288 bytes in 0.003591 seconds, 139.254585 MiB/s sent_count 2 recvd_count 2 local_count 2 
server 505 recvd 524288 bytes in 0.003590 seconds, 139.276044 MiB/s sent_count 2 recvd_count 2 local_count 2 
server 506 recvd 524288 bytes in 0.003589 seconds, 139.300537 MiB/s sent_count 2 recvd_count 2 local_count 2 
server 507 recvd 524288 bytes in 0.003589 seconds, 139.314965 MiB/s sent_count 2 recvd_count 2 local_count 2 
server 513 recvd 524288 bytes in 0.003590 seconds, 139.261160 MiB/s sent_count 2 recvd_count 2 local_count 2 
server 514 recvd 524288 bytes in 0.003590 seconds, 139.291723 MiB/s sent_count 2 recvd_count 2 local_count 2 
server 515 recvd 524288 bytes in 0.003590 seconds, 139.261465 MiB/s sent_count 2 recvd_count 2 local_count 2 
server 516 recvd 524288 bytes in 0.003590 seconds, 139.280784 MiB/s sent_count 2 recvd_count 2 local_count 2 
server 522 recvd 524288 bytes in 0.003591 seconds, 139.253037 MiB/s sent_count 2 recvd_count 2 local_count 2 
server 523 recvd 524288 bytes in 0.003590 seconds, 139.287497 MiB/s sent_count 2 recvd_count 2 local_count 2 
server 524 recvd 524288 bytes in 0.003590 seconds, 139.263929 MiB/s sent_count 2 recvd_count 2 local_count 2 
server 525 recvd 524288 bytes in 0.003591 seconds, 139.255981 MiB/s sent_count 2 recvd_count 2 local_count 2 
server 531 recvd 524288 bytes in 0.003587 seconds, 139.377522 MiB/s sent_count 2 recvd_count 2 local_count 2 
server 532 recvd 524288 bytes in 0.003589 seconds, 139.300963 MiB/s sent_count 2 recvd_count 2 local_count 2 
server 533 recvd 524288 bytes in 0.003585 seconds, 139.450736 MiB/s sent_count 2 recvd_count 2 local_count 2 
server 534 recvd 524288 bytes in 0.003589 seconds, 139.322829 MiB/s sent_count 2 recvd_count 2 local_count 2 
server 540 recvd 524288 bytes in 0.003591 seconds, 139.241754 MiB/s sent_count 2 recvd_count 2 local_count 2 
server 541 recvd 524288 bytes in 0.003591 seconds, 139.239443 MiB/s sent_count 2 recvd_count 2 local_count 2 
server 542 recvd 524288 bytes in 0.003589 seconds, 139.298555 MiB/s sent_count 2 recvd_count 2 local_count 2 
server 543 recvd 524288 bytes in 0.003590 seconds, 139.272305 MiB/s sent_count 2 recvd_count 2 local_count 2 
server 549 recvd 524288 bytes in 0.003590 seconds, 139.283241 MiB/s sent_count 2 recvd_count 2 local_count 2 
server 550 recvd 524288 bytes in 0.003591 seconds, 139.242055 MiB/s sent_count 2 recvd_count 2 local_count 2 
server 551 recvd 524288 bytes in 0.003588 seconds, 139.338250 MiB/s sent_count 2 recvd_count 2 local_count 2 
server 552 recvd 524288 bytes in 0.003590 seconds, 139.260884 MiB/s sent_count 2 recvd_count 2 local_count 2 
server 558 recvd 524288 bytes in 0.003590 seconds, 139.283586 MiB/s sent_count 2 recvd_count 2 local_count 2 
server 559 recvd 524288 bytes in 0.003590 seconds, 139.261561 MiB/s sent_count 2 recvd_count 2 local_count 2 
server 560 recvd 524288 bytes in 0.003588 seconds, 139.372168 MiB/s sent_count 2 recvd_count 2 local_count 2 
server 561 recvd 524288 bytes in 0.003589 seconds, 139.303060 MiB/s sent_count 2 recvd_count 2 local_count 2 
server 567 recvd 524288 bytes in 0.003590 seconds, 139.264874 MiB/s sent_count 2 recvd_count 2 local_count 2 
server 568 recvd 524288 bytes in 0.003589 seconds, 139.319737 MiB/s sent_count 2 recvd_count 2 local_count 2 
server 569 recvd 524288 bytes in 0.003590 seconds, 139.267414 MiB/s sent_count 2 recvd_count 2 local_count 2 
server 570 recvd 524288 bytes in 0.003591 seconds, 139.237246 MiB/s sent_count 2 recvd_count 2 local_count 2 
server 576 recvd 524288 bytes in 0.003589 seconds, 139.309612 MiB/s sent_count 2 recvd_count 2 local_count 2 
server 577 recvd 524288 bytes in 0.003590 seconds, 139.270218 MiB/s sent_count 2 recvd_count 2 local_count 2 
server 578 recvd 524288 bytes in 0.003590 seconds, 139.256401 MiB/s sent_count 2 recvd_count 2 local_count 2 
server 579 recvd 524288 bytes in 0.003589 seconds, 139.312613 MiB/s sent_count 2 recvd_count 2 local_count 2 
server 585 recvd 524288 bytes in 0.003586 seconds, 139.424189 MiB/s sent_count 2 recvd_count 2 local_count 2 
server 586 recvd 524288 bytes in 0.003589 seconds, 139.320480 MiB/s sent_count 2 recvd_count 2 local_count 2 
server 587 recvd 524288 bytes in 0.003591 seconds, 139.245153 MiB/s sent_count 2 recvd_count 2 local_count 2 
server 588 recvd 524288 bytes in 0.003588 seconds, 139.335503 MiB/s sent_count 2 recvd_count 2 local_count 2 
server 594 recvd 524288 bytes in 0.003590 seconds, 139.273348 MiB/s sent_count 2 recvd_count 2 local_count 2 
server 595 recvd 524288 bytes in 0.003590 seconds, 139.274703 MiB/s sent_count 2 recvd_count 2 local_count 2 
server 596 recvd 524288 bytes in 0.003589 seconds, 139.306429 MiB/s sent_count 2 recvd_count 2 local_count 2 
server 597 recvd 524288 bytes in 0.003589 seconds, 139.313940 MiB/s sent_count 2 recvd_count 2 local_count 2 
server 603 recvd 524288 bytes in 0.003588 seconds, 139.372425 MiB/s sent_count 2 recvd_count 2 local_count 2 
server 604 recvd 524288 bytes in 0.003591 seconds, 139.238937 MiB/s sent_count 2 recvd_count 2 local_count 2 
server 605 recvd 524288 bytes in 0.003591 seconds, 139.244120 MiB/s sent_count 2 recvd_count 2 local_count 2 
server 606 recvd 524288 bytes in 0.003590 seconds, 139.281580 MiB/s sent_count 2 recvd_count 2 local_count 2 
server 612 recvd 524288 bytes in 0.003588 seconds, 139.337707 MiB/s sent_count 2 recvd_count 2 local_count 2 
server 613 recvd 524288 bytes in 0.003590 seconds, 139.259894 MiB/s sent_count 2 recvd_count 2 local_count 2 
server 614 recvd 524288 bytes in 0.003586 seconds, 139.425983 MiB/s sent_count 2 recvd_count 2 local_count 2 
server 615 recvd 524288 bytes in 0.003589 seconds, 139.328857 MiB/s sent_count 2 recvd_count 2 local_count 2 
server 621 recvd 524288 bytes in 0.003589 seconds, 139.307250 MiB/s sent_count 2 recvd_count 2 local_count 2 
server 622 recvd 524288 bytes in 0.003589 seconds, 139.311944 MiB/s sent_count 2 recvd_count 2 local_count 2 
server 623 recvd 524288 bytes in 0.003588 seconds, 139.335180 MiB/s sent_count 2 recvd_count 2 local_count 2 
server 624 recvd 524288 bytes in 0.003591 seconds, 139.250005 MiB/s sent_count 2 recvd_count 2 local_count 2 
server 630 recvd 524288 bytes in 0.003589 seconds, 139.298664 MiB/s sent_count 2 recvd_count 2 local_count 2 
server 631 recvd 524288 bytes in 0.003591 seconds, 139.254355 MiB/s sent_count 2 recvd_count 2 local_count 2 
server 632 recvd 524288 bytes in 0.003590 seconds, 139.279924 MiB/s sent_count 2 recvd_count 2 local_count 2 
server 633 recvd 524288 bytes in 0.003589 seconds, 139.302149 MiB/s sent_count 2 recvd_count 2 local_count 2 
server 639 recvd 524288 bytes in 0.003589 seconds, 139.299718 MiB/s sent_count 2 recvd_count 2 local_count 2 
server 640 recvd 524288 bytes in 0.003590 seconds, 139.278836 MiB/s sent_count 2 recvd_count 2 local_count 2 
server 641 recvd 524288 bytes in 0.003590 seconds, 139.261125 MiB/s sent_count 2 recvd_count 2 local_count 2 
server 642 recvd 524288 bytes in 0.003589 seconds, 139.301538 MiB/s sent_count 2 recvd_count 2 local_count 2 
server 648 recvd 524288 bytes in 0.003590 seconds, 139.257335 MiB/s sent_count 2 recvd_count 2 local_count 2 
server 649 recvd 524288 bytes in 0.003587 seconds, 139.399976 MiB/s sent_count 2 recvd_count 2 local_count 2 
server 650 recvd 524288 bytes in 0.003590 seconds, 139.273362 MiB/s sent_count 2 recvd_count 2 local_count 2 
server 651 recvd 524288 bytes in 0.003591 seconds, 139.249717 MiB/s sent_count 2 recvd_count 2 local_count 2 
server 657 recvd 524288 bytes in 0.003589 seconds, 139.302742 MiB/s sent_count 2 recvd_count 2 local_count 2 
server 658 recvd 524288 bytes in 0.003591 seconds, 139.243175 MiB/s sent_count 2 recvd_count 2 local_count 2 
server 659 recvd 524288 bytes in 0.003591 seconds, 139.253553 MiB/s sent_count 2 recvd_count 2 local_count 2 
server 660 recvd 524288 bytes in 0.003589 seconds, 139.308694 MiB/s sent_count 2 recvd_count 2 local_count 2 
server 666 recvd 524288 bytes in 0.003590 seconds, 139.281331 MiB/s sent_count 2 recvd_count 2 local_count 2 
server 667 recvd 524288 bytes in 0.003588 seconds, 139.344088 MiB/s sent_count 2 recvd_count 2 local_count 2 
server 668 recvd 524288 bytes in 0.003589 seconds, 139.325005 MiB/s sent_count 2 recvd_count 2 local_count 2 
server 669 recvd 524288 bytes in 0.003590 seconds, 139.289596 MiB/s sent_count 2 recvd_count 2 local_count 2 
server 675 recvd 524288 bytes in 0.003590 seconds, 139.293355 MiB/s sent_count 2 recvd_count 2 local_count 2 
server 676 recvd 524288 bytes in 0.003590 seconds, 139.286917 MiB/s sent_count 2 recvd_count 2 local_count 2 
server 677 recvd 524288 bytes in 0.003590 seconds, 139.272936 MiB/s sent_count 2 recvd_count 2 local_count 2 
server 678 recvd 524288 bytes in 0.003591 seconds, 139.243201 MiB/s sent_count 2 recvd_count 2 local_count 2 
server 684 recvd 524288 bytes in 0.003589 seconds, 139.295227 MiB/s sent_count 2 recvd_count 2 local_count 2 
server 685 recvd 524288 bytes in 0.003589 seconds, 139.310398 MiB/s sent_count 2 recvd_count 2 local_count 2 
server 686 recvd 524288 bytes in 0.003589 seconds, 139.328221 MiB/s sent_count 2 recvd_count 2 local_count 2 
server 687 recvd 524288 bytes in 0.003588 seconds, 139.349618 MiB/s sent_count 2 recvd_count 2 local_count 2 
server 693 recvd 524288 bytes in 0.003590 seconds, 139.262724 MiB/s sent_count 2 recvd_count 2 local_count 2 
server 694 recvd 524288 bytes in 0.003590 seconds, 139.282961 MiB/s sent_count 2 recvd_count 2 local_count 2 
server 695 recvd 524288 bytes in 0.003590 seconds, 139.269192 MiB/s sent_count 2 recvd_count 2 local_count 2 
server 696 recvd 524288 bytes in 0.003590 seconds, 139.275758 MiB/s sent_count 2 recvd_count 2 local_count 2 
server 702 recvd 524288 bytes in 0.003590 seconds, 139.276705 MiB/s sent_count 2 recvd_count 2 local_count 2 
server 703 recvd 524288 bytes in 0.003590 seconds, 139.274686 MiB/s sent_count 2 recvd_count 2 local_count 2 
server 704 recvd 524288 bytes in 0.003589 seconds, 139.299970 MiB/s sent_count 2 recvd_count 2 local_count 2 
server 705 recvd 524288 bytes in 0.003590 seconds, 139.274859 MiB/s sent_count 2 recvd_count 2 local_count 2 
server 711 recvd 524288 bytes in 0.003587 seconds, 139.374728 MiB/s sent_count 2 recvd_count 2 local_count 2 
server 712 recvd 524288 bytes in 0.003589 seconds, 139.301622 MiB/s sent_count 2 recvd_count 2 local_count 2 
server 713 recvd 524288 bytes in 0.003589 seconds, 139.309124 MiB/s sent_count 2 recvd_count 2 local_count 2 
server 714 recvd 524288 bytes in 0.003589 seconds, 139.299664 MiB/s sent_count 2 recvd_count 2 local_count 2 
server 720 recvd 524288 bytes in 0.003590 seconds, 139.271665 MiB/s sent_count 2 recvd_count 2 local_count 2 
server 721 recvd 524288 bytes in 0.003589 seconds, 139.316914 MiB/s sent_count 2 recvd_count 2 local_count 2 
server 722 recvd 524288 bytes in 0.003589 seconds, 139.299338 MiB/s sent_count 2 recvd_count 2 local_count 2 
server 723 recvd 524288 bytes in 0.003591 seconds, 139.254594 MiB/s sent_count 2 recvd_count 2 local_count 2 
server 729 recvd 524288 bytes in 0.003589 seconds, 139.300548 MiB/s sent_count 2 recvd_count 2 local_count 2 
server 730 recvd 524288 bytes in 0.003590 seconds, 139.292736 MiB/s sent_count 2 recvd_count 2 local_count 2 
server 731 recvd 524288 bytes in 0.003589 seconds, 139.323814 MiB/s sent_count 2 recvd_count 2 local_count 2 
server 732 recvd 524288 bytes in 0.003591 seconds, 139.248923 MiB/s sent_count 2 recvd_count 2 local_count 2 
server 738 recvd 524288 bytes in 0.003586 seconds, 139.427192 MiB/s sent_count 2 recvd_count 2 local_count 2 
server 739 recvd 524288 bytes in 0.003590 seconds, 139.270203 MiB/s sent_count 2 recvd_count 2 local_count 2 
server 740 recvd 524288 bytes in 0.003589 seconds, 139.295484 MiB/s sent_count 2 recvd_count 2 local_count 2 
server 741 recvd 524288 bytes in 0.003590 seconds, 139.294129 MiB/s sent_count 2 recvd_count 2 local_count 2 
server 747 recvd 524288 bytes in 0.003590 seconds, 139.270275 MiB/s sent_count 2 recvd_count 2 local_count 2 
server 748 recvd 524288 bytes in 0.003590 seconds, 139.283659 MiB/s sent_count 2 recvd_count 2 local_count 2 
server 749 recvd 524288 bytes in 0.003587 seconds, 139.388396 MiB/s sent_count 2 recvd_count 2 local_count 2 
server 750 recvd 524288 bytes in 0.003591 seconds, 139.235665 MiB/s sent_count 2 recvd_count 2 local_count 2 
server 756 recvd 524288 bytes in 0.003589 seconds, 139.306945 MiB/s sent_count 2 recvd_count 2 local_count 2 
server 757 recvd 524288 bytes in 0.003590 seconds, 139.292505 MiB/s sent_count 2 recvd_count 2 local_count 2 
server 758 recvd 524288 bytes in 0.003586 seconds, 139.445828 MiB/s sent_count 2 recvd_count 2 local_count 2 
server 759 recvd 524288 bytes in 0.003589 seconds, 139.299815 MiB/s sent_count 2 recvd_count 2 local_count 2 
server 765 recvd 524288 bytes in 0.003588 seconds, 139.346549 MiB/s sent_count 2 recvd_count 2 local_count 2 
server 766 recvd 524288 bytes in 0.003590 seconds, 139.273020 MiB/s sent_count 2 recvd_count 2 local_count 2 
server 767 recvd 524288 bytes in 0.003587 seconds, 139.379835 MiB/s sent_count 2 recvd_count 2 local_count 2 
server 768 recvd 524288 bytes in 0.003588 seconds, 139.356905 MiB/s sent_count 2 recvd_count 2 local_count 2 
server 774 recvd 524288 bytes in 0.003590 seconds, 139.293542 MiB/s sent_count 2 recvd_count 2 local_count 2 
server 775 recvd 524288 bytes in 0.003585 seconds, 139.454200 MiB/s sent_count 2 recvd_count 2 local_count 2 
server 776 recvd 524288 bytes in 0.003588 seconds, 139.355386 MiB/s sent_count 2 recvd_count 2 local_count 2 
server 777 recvd 524288 bytes in 0.003588 seconds, 139.350579 MiB/s sent_count 2 recvd_count 2 local_count 2 
server 783 recvd 524288 bytes in 0.003590 seconds, 139.264611 MiB/s sent_count 2 recvd_count 2 local_count 2 
server 784 recvd 524288 bytes in 0.003589 seconds, 139.329338 MiB/s sent_count 2 recvd_count 2 local_count 2 
server 785 recvd 524288 bytes in 0.003589 seconds, 139.311011 MiB/s sent_count 2 recvd_count 2 local_count 2 
server 786 recvd 524288 bytes in 0.003587 seconds, 139.388304 MiB/s sent_count 2 recvd_count 2 local_count 2 
server 792 recvd 524288 bytes in 0.003590 seconds, 139.268684 MiB/s sent_count 2 recvd_count 2 local_count 2 
server 793 recvd 524288 bytes in 0.003589 seconds, 139.324255 MiB/s sent_count 2 recvd_count 2 local_count 2 
server 794 recvd 524288 bytes in 0.003589 seconds, 139.316307 MiB/s sent_count 2 recvd_count 2 local_count 2 
server 795 recvd 524288 bytes in 0.003591 seconds, 139.253378 MiB/s sent_count 2 recvd_count 2 local_count 2 
server 801 recvd 524288 bytes in 0.003589 seconds, 139.308943 MiB/s sent_count 2 recvd_count 2 local_count 2 
server 802 recvd 524288 bytes in 0.003589 seconds, 139.299229 MiB/s sent_count 2 recvd_count 2 local_count 2 
server 803 recvd 524288 bytes in 0.003591 seconds, 139.252483 MiB/s sent_count 2 recvd_count 2 local_count 2 
server 804 recvd 524288 bytes in 0.003588 seconds, 139.338225 MiB/s sent_count 2 recvd_count 2 local_count 2 
server 810 recvd 524288 bytes in 0.003589 seconds, 139.327692 MiB/s sent_count 2 recvd_count 2 local_count 2 
server 811 recvd 524288 bytes in 0.003588 seconds, 139.358497 MiB/s sent_count 2 recvd_count 2 local_count 2 
server 812 recvd 524288 bytes in 0.003591 seconds, 139.256275 MiB/s sent_count 2 recvd_count 2 local_count 2 
server 813 recvd 524288 bytes in 0.003590 seconds, 139.288814 MiB/s sent_count 2 recvd_count 2 local_count 2 
server 819 recvd 524288 bytes in 0.003585 seconds, 139.457639 MiB/s sent_count 2 recvd_count 2 local_count 2 
server 820 recvd 524288 bytes in 0.003590 seconds, 139.261944 MiB/s sent_count 2 recvd_count 2 local_count 2 
server 821 recvd 524288 bytes in 0.003589 seconds, 139.307729 MiB/s sent_count 2 recvd_count 2 local_count 2 
server 822 recvd 524288 bytes in 0.003589 seconds, 139.320290 MiB/s sent_count 2 recvd_count 2 local_count 2 
server 828 recvd 524288 bytes in 0.003590 seconds, 139.292940 MiB/s sent_count 2 recvd_count 2 local_count 2 
server 829 recvd 524288 bytes in 0.003590 seconds, 139.265198 MiB/s sent_count 2 recvd_count 2 local_count 2 
server 830 recvd 524288 bytes in 0.003588 seconds, 139.347893 MiB/s sent_count 2 recvd_count 2 local_count 2 
server 831 recvd 524288 bytes in 0.003590 seconds, 139.264639 MiB/s sent_count 2 recvd_count 2 local_count 2 
server 837 recvd 524288 bytes in 0.003590 seconds, 139.256491 MiB/s sent_count 2 recvd_count 2 local_count 2 
server 838 recvd 524288 bytes in 0.003582 seconds, 139.570759 MiB/s sent_count 2 recvd_count 2 local_count 2 
server 839 recvd 524288 bytes in 0.003589 seconds, 139.303930 MiB/s sent_count 2 recvd_count 2 local_count 2 
server 840 recvd 524288 bytes in 0.003589 seconds, 139.304063 MiB/s sent_count 2 recvd_count 2 local_count 2 
server 846 recvd 524288 bytes in 0.003589 seconds, 139.331554 MiB/s sent_count 2 recvd_count 2 local_count 2 
server 847 recvd 524288 bytes in 0.003588 seconds, 139.350041 MiB/s sent_count 2 recvd_count 2 local_count 2 
server 848 recvd 524288 bytes in 0.003591 seconds, 139.248351 MiB/s sent_count 2 recvd_count 2 local_count 2 
server 849 recvd 524288 bytes in 0.003590 seconds, 139.268710 MiB/s sent_count 2 recvd_count 2 local_count 2 
server 855 recvd 524288 bytes in 0.003587 seconds, 139.378441 MiB/s sent_count 2 recvd_count 2 local_count 2 
server 856 recvd 524288 bytes in 0.003590 seconds, 139.289620 MiB/s sent_count 2 recvd_count 2 local_count 2 
server 857 recvd 524288 bytes in 0.003584 seconds, 139.500800 MiB/s sent_count 2 recvd_count 2 local_count 2 
server 858 recvd 524288 bytes in 0.003590 seconds, 139.261537 MiB/s sent_count 2 recvd_count 2 local_count 2 
server 864 recvd 524288 bytes in 0.003589 seconds, 139.299550 MiB/s sent_count 2 recvd_count 2 local_count 2 
server 865 recvd 524288 bytes in 0.003588 seconds, 139.360832 MiB/s sent_count 2 recvd_count 2 local_count 2 
server 866 recvd 524288 bytes in 0.003586 seconds, 139.435514 MiB/s sent_count 2 recvd_count 2 local_count 2 
server 867 recvd 524288 bytes in 0.003590 seconds, 139.259943 MiB/s sent_count 2 recvd_count 2 local_count 2 
server 873 recvd 524288 bytes in 0.003589 seconds, 139.330500 MiB/s sent_count 2 recvd_count 2 local_count 2 
server 874 recvd 524288 bytes in 0.003590 seconds, 139.283032 MiB/s sent_count 2 recvd_count 2 local_count 2 
server 875 recvd 524288 bytes in 0.003588 seconds, 139.352087 MiB/s sent_count 2 recvd_count 2 local_count 2 
server 876 recvd 524288 bytes in 0.003589 seconds, 139.297293 MiB/s sent_count 2 recvd_count 2 local_count 2 
server 882 recvd 524288 bytes in 0.003589 seconds, 139.304274 MiB/s sent_count 2 recvd_count 2 local_count 2 
server 883 recvd 524288 bytes in 0.003591 seconds, 139.254401 MiB/s sent_count 2 recvd_count 2 local_count 2 
server 884 recvd 524288 bytes in 0.003591 seconds, 139.250726 MiB/s sent_count 2 recvd_count 2 local_count 2 
server 885 recvd 524288 bytes in 0.003590 seconds, 139.265719 MiB/s sent_count 2 recvd_count 2 local_count 2 
server 891 recvd 524288 bytes in 0.003588 seconds, 139.340670 MiB/s sent_count 2 recvd_count 2 local_count 2 
server 892 recvd 524288 bytes in 0.003589 seconds, 139.327944 MiB/s sent_count 2 recvd_count 2 local_count 2 
server 893 recvd 524288 bytes in 0.003590 seconds, 139.262157 MiB/s sent_count 2 recvd_count 2 local_count 2 
server 894 recvd 524288 bytes in 0.003589 seconds, 139.304094 MiB/s sent_count 2 recvd_count 2 local_count 2 
server 900 recvd 524288 bytes in 0.003586 seconds, 139.421678 MiB/s sent_count 2 recvd_count 2 local_count 2 
server 901 recvd 524288 bytes in 0.003589 seconds, 139.316557 MiB/s sent_count 2 recvd_count 2 local_count 2 
server 902 recvd 524288 bytes in 0.003589 seconds, 139.329103 MiB/s sent_count 2 recvd_count 2 local_count 2 
server 903 recvd 524288 bytes in 0.003588 seconds, 139.344419 MiB/s sent_count 2 recvd_count 2 local_count 2 
server 909 recvd 524288 bytes in 0.003590 seconds, 139.263714 MiB/s sent_count 2 recvd_count 2 local_count 2 
server 910 recvd 524288 bytes in 0.003588 seconds, 139.341712 MiB/s sent_count 2 recvd_count 2 local_count 2 
server 911 recvd 524288 bytes in 0.003589 seconds, 139.308580 MiB/s sent_count 2 recvd_count 2 local_count 2 
server 912 recvd 524288 bytes in 0.003590 seconds, 139.258279 MiB/s sent_count 2 recvd_count 2 local_count 2 
server 918 recvd 524288 bytes in 0.003586 seconds, 139.434032 MiB/s sent_count 2 recvd_count 2 local_count 2 
server 919 recvd 524288 bytes in 0.003590 seconds, 139.291347 MiB/s sent_count 2 recvd_count 2 local_count 2 
server 920 recvd 524288 bytes in 0.003589 seconds, 139.306391 MiB/s sent_count 2 recvd_count 2 local_count 2 
server 921 recvd 524288 bytes in 0.003589 seconds, 139.296221 MiB/s sent_count 2 recvd_count 2 local_count 2 
server 927 recvd 524288 bytes in 0.003588 seconds, 139.347662 MiB/s sent_count 2 recvd_count 2 local_count 2 
server 928 recvd 524288 bytes in 0.003590 seconds, 139.267879 MiB/s sent_count 2 recvd_count 2 local_count 2 
server 929 recvd 524288 bytes in 0.003591 seconds, 139.242396 MiB/s sent_count 2 recvd_count 2 local_count 2 
server 930 recvd 524288 bytes in 0.003590 seconds, 139.275803 MiB/s sent_count 2 recvd_count 2 local_count 2 
server 936 recvd 524288 bytes in 0.003590 seconds, 139.262846 MiB/s sent_count 2 recvd_count 2 local_count 2 
server 937 recvd 524288 bytes in 0.003590 seconds, 139.258582 MiB/s sent_count 2 recvd_count 2 local_count 2 
server 938 recvd 524288 bytes in 0.003590 seconds, 139.258395 MiB/s sent_count 2 recvd_count 2 local_count 2 
server 939 recvd 524288 bytes in 0.003590 seconds, 139.271513 MiB/s sent_count 2 recvd_count 2 local_count 2 
server 945 recvd 524288 bytes in 0.003589 seconds, 139.322352 MiB/s sent_count 2 recvd_count 2 local_count 2 
server 946 recvd 524288 bytes in 0.003587 seconds, 139.378081 MiB/s sent_count 2 recvd_count 2 local_count 2 
server 947 recvd 524288 bytes in 0.003589 seconds, 139.317441 MiB/s sent_count 2 recvd_count 2 local_count 2 
server 948 recvd 524288 bytes in 0.003591 seconds, 139.252377 MiB/s sent_count 2 recvd_count 2 local_count 2 
server 954 recvd 524288 bytes in 0.003590 seconds, 139.288548 MiB/s sent_count 2 recvd_count 2 local_count 2 
server 955 recvd 524288 bytes in 0.003590 seconds, 139.290629 MiB/s sent_count 2 recvd_count 2 local_count 2 
server 956 recvd 524288 bytes in 0.003589 seconds, 139.327664 MiB/s sent_count 2 recvd_count 2 local_count 2 
server 957 recvd 524288 bytes in 0.003589 seconds, 139.308129 MiB/s sent_count 2 recvd_count 2 local_count 2 
server 963 recvd 524288 bytes in 0.003590 seconds, 139.285983 MiB/s sent_count 2 recvd_count 2 local_count 2 
server 964 recvd 524288 bytes in 0.003589 seconds, 139.329614 MiB/s sent_count 2 recvd_count 2 local_count 2 
server 965 recvd 524288 bytes in 0.003589 seconds, 139.332321 MiB/s sent_count 2 recvd_count 2 local_count 2 
server 966 recvd 524288 bytes in 0.003590 seconds, 139.272960 MiB/s sent_count 2 recvd_count 2 local_count 2 
server 972 recvd 524288 bytes in 0.003589 seconds, 139.314790 MiB/s sent_count 2 recvd_count 2 local_count 2 
server 973 recvd 524288 bytes in 0.003590 seconds, 139.294518 MiB/s sent_count 2 recvd_count 2 local_count 2 
server 974 recvd 524288 bytes in 0.003588 seconds, 139.354119 MiB/s sent_count 2 recvd_count 2 local_count 2 
server 975 recvd 524288 bytes in 0.003591 seconds, 139.254802 MiB/s sent_count 2 recvd_count 2 local_count 2 
server 981 recvd 524288 bytes in 0.003590 seconds, 139.275394 MiB/s sent_count 2 recvd_count 2 local_count 2 
server 982 recvd 524288 bytes in 0.003587 seconds, 139.393119 MiB/s sent_count 2 recvd_count 2 local_count 2 
server 983 recvd 524288 bytes in 0.003591 seconds, 139.238707 MiB/s sent_count 2 recvd_count 2 local_count 2 
server 984 recvd 524288 bytes in 0.003586 seconds, 139.417601 MiB/s sent_count 2 recvd_count 2 local_count 2 
server 990 recvd 524288 bytes in 0.003591 seconds, 139.253830 MiB/s sent_count 2 recvd_count 2 local_count 2 
server 991 recvd 524288 bytes in 0.003587 seconds, 139.401992 MiB/s sent_count 2 recvd_count 2 local_count 2 
server 992 recvd 524288 bytes in 0.003589 seconds, 139.317686 MiB/s sent_count 2 recvd_count 2 local_count 2 
server 993 recvd 524288 bytes in 0.003591 seconds, 139.246904 MiB/s sent_count 2 recvd_count 2 local_count 2 
server 999 recvd 524288 bytes in 0.003590 seconds, 139.266870 MiB/s sent_count 2 recvd_count 2 local_count 2 
server 1000 recvd 524288 bytes in 0.003590 seconds, 139.288975 MiB/s sent_count 2 recvd_count 2 local_count 2 
server 1001 recvd 524288 bytes in 0.003591 seconds, 139.255593 MiB/s sent_count 2 recvd_count 2 local_count 2 
server 1002 recvd 524288 bytes in 0.003589 seconds, 139.301059 MiB/s sent_count 2 recvd_count 2 local_count 2 
server 1008 recvd 524288 bytes in 0.003588 seconds, 139.334891 MiB/s sent_count 2 recvd_count 2 local_count 2 
server 1009 recvd 524288 bytes in 0.003589 seconds, 139.331897 MiB/s sent_count 2 recvd_count 2 local_count 2 
server 1010 recvd 524288 bytes in 0.003588 seconds, 139.352380 MiB/s sent_count 2 recvd_count 2 local_count 2 
server 1011 recvd 524288 bytes in 0.003589 seconds, 139.305950 MiB/s sent_count 2 recvd_count 2 local_count 2 
server 1017 recvd 524288 bytes in 0.003591 seconds, 139.247630 MiB/s sent_count 2 recvd_count 2 local_count 2 
server 1018 recvd 524288 bytes in 0.003588 seconds, 139.367946 MiB/s sent_count 2 recvd_count 2 local_count 2 
server 1019 recvd 524288 bytes in 0.003589 seconds, 139.315454 MiB/s sent_count 2 recvd_count 2 local_count 2 
server 1020 recvd 524288 bytes in 0.003590 seconds, 139.267102 MiB/s sent_count 2 recvd_count 2 local_count 2 
server 1026 recvd 524288 bytes in 0.003588 seconds, 139.343358 MiB/s sent_count 2 recvd_count 2 local_count 2 
server 1027 recvd 524288 bytes in 0.003587 seconds, 139.375429 MiB/s sent_count 2 recvd_count 2 local_count 2 
server 1028 recvd 524288 bytes in 0.003590 seconds, 139.281145 MiB/s sent_count 2 recvd_count 2 local_count 2 
server 1029 recvd 524288 bytes in 0.003591 seconds, 139.252973 MiB/s sent_count 2 recvd_count 2 local_count 2 
server 1035 recvd 524288 bytes in 0.003590 seconds, 139.284293 MiB/s sent_count 2 recvd_count 2 local_count 2 
server 1036 recvd 524288 bytes in 0.003585 seconds, 139.486074 MiB/s sent_count 2 recvd_count 2 local_count 2 
server 1037 recvd 524288 bytes in 0.003590 seconds, 139.277708 MiB/s sent_count 2 recvd_count 2 local_count 2 
server 1038 recvd 524288 bytes in 0.003589 seconds, 139.297664 MiB/s sent_count 2 recvd_count 2 local_count 2 
server 1044 recvd 524288 bytes in 0.003590 seconds, 139.282441 MiB/s sent_count 2 recvd_count 2 local_count 2 
server 1045 recvd 524288 bytes in 0.003588 seconds, 139.365494 MiB/s sent_count 2 recvd_count 2 local_count 2 
server 1046 recvd 524288 bytes in 0.003589 seconds, 139.295916 MiB/s sent_count 2 recvd_count 2 local_count 2 
server 1047 recvd 524288 bytes in 0.003588 seconds, 139.365393 MiB/s sent_count 2 recvd_count 2 local_count 2 
server 1053 recvd 524288 bytes in 0.003588 seconds, 139.362605 MiB/s sent_count 2 recvd_count 2 local_count 2 
server 1054 recvd 524288 bytes in 0.003590 seconds, 139.262779 MiB/s sent_count 2 recvd_count 2 local_count 2 
server 1055 recvd 524288 bytes in 0.003589 seconds, 139.320697 MiB/s sent_count 2 recvd_count 2 local_count 2 
server 1056 recvd 524288 bytes in 0.003590 seconds, 139.282128 MiB/s sent_count 2 recvd_count 2 local_count 2 
server 1062 recvd 524288 bytes in 0.003590 seconds, 139.260843 MiB/s sent_count 2 recvd_count 2 local_count 2 
server 1063 recvd 524288 bytes in 0.003590 seconds, 139.262552 MiB/s sent_count 2 recvd_count 2 local_count 2 
server 1064 recvd 524288 bytes in 0.003590 seconds, 139.269785 MiB/s sent_count 2 recvd_count 2 local_count 2 
server 1065 recvd 524288 bytes in 0.003588 seconds, 139.355125 MiB/s sent_count 2 recvd_count 2 local_count 2 
server 1071 recvd 524288 bytes in 0.003589 seconds, 139.312453 MiB/s sent_count 2 recvd_count 2 local_count 2 
server 1072 recvd 524288 bytes in 0.003588 seconds, 139.370856 MiB/s sent_count 2 recvd_count 2 local_count 2 
server 1073 recvd 524288 bytes in 0.003590 seconds, 139.266950 MiB/s sent_count 2 recvd_count 2 local_count 2 
server 1074 recvd 524288 bytes in 0.003589 seconds, 139.328276 MiB/s sent_count 2 recvd_count 2 local_count 2 
server 1080 recvd 524288 bytes in 0.003588 seconds, 139.337649 MiB/s sent_count 2 recvd_count 2 local_count 2 
server 1081 recvd 524288 bytes in 0.003588 seconds, 139.334470 MiB/s sent_count 2 recvd_count 2 local_count 2 
server 1082 recvd 524288 bytes in 0.003588 seconds, 139.351464 MiB/s sent_count 2 recvd_count 2 local_count 2 
server 1083 recvd 524288 bytes in 0.003589 seconds, 139.325236 MiB/s sent_count 2 recvd_count 2 local_count 2 
server 1089 recvd 524288 bytes in 0.003587 seconds, 139.384274 MiB/s sent_count 2 recvd_count 2 local_count 2 
server 1090 recvd 524288 bytes in 0.003589 seconds, 139.315433 MiB/s sent_count 2 recvd_count 2 local_count 2 
server 1091 recvd 524288 bytes in 0.003590 seconds, 139.286192 MiB/s sent_count 2 recvd_count 2 local_count 2 
server 1092 recvd 524288 bytes in 0.003588 seconds, 139.334039 MiB/s sent_count 2 recvd_count 2 local_count 2 
server 1098 recvd 524288 bytes in 0.003590 seconds, 139.289268 MiB/s sent_count 2 recvd_count 2 local_count 2 
server 1099 recvd 524288 bytes in 0.003588 seconds, 139.359833 MiB/s sent_count 2 recvd_count 2 local_count 2 
server 1100 recvd 524288 bytes in 0.003590 seconds, 139.286908 MiB/s sent_count 2 recvd_count 2 local_count 2 
server 1101 recvd 524288 bytes in 0.003589 seconds, 139.312970 MiB/s sent_count 2 recvd_count 2 local_count 2 
server 1107 recvd 524288 bytes in 0.003590 seconds, 139.274885 MiB/s sent_count 2 recvd_count 2 local_count 2 
server 1108 recvd 524288 bytes in 0.003591 seconds, 139.235781 MiB/s sent_count 2 recvd_count 2 local_count 2 
server 1109 recvd 524288 bytes in 0.003590 seconds, 139.276190 MiB/s sent_count 2 recvd_count 2 local_count 2 
server 1110 recvd 524288 bytes in 0.003589 seconds, 139.299559 MiB/s sent_count 2 recvd_count 2 local_count 2 
server 1116 recvd 524288 bytes in 0.003589 seconds, 139.324688 MiB/s sent_count 2 recvd_count 2 local_count 2 
server 1117 recvd 524288 bytes in 0.003589 seconds, 139.310055 MiB/s sent_count 2 recvd_count 2 local_count 2 
server 1118 recvd 524288 bytes in 0.003591 seconds, 139.240850 MiB/s sent_count 2 recvd_count 2 local_count 2 
server 1119 recvd 524288 bytes in 0.003588 seconds, 139.365982 MiB/s sent_count 2 recvd_count 2 local_count 2 
server 1125 recvd 524288 bytes in 0.003587 seconds, 139.401033 MiB/s sent_count 2 recvd_count 2 local_count 2 
server 1126 recvd 524288 bytes in 0.003590 seconds, 139.268639 MiB/s sent_count 2 recvd_count 2 local_count 2 
server 1127 recvd 524288 bytes in 0.003590 seconds, 139.258892 MiB/s sent_count 2 recvd_count 2 local_count 2 
server 1128 recvd 524288 bytes in 0.003591 seconds, 139.248788 MiB/s sent_count 2 recvd_count 2 local_count 2 
server 1134 recvd 524288 bytes in 0.003587 seconds, 139.391067 MiB/s sent_count 2 recvd_count 2 local_count 2 
server 1135 recvd 524288 bytes in 0.003588 seconds, 139.346302 MiB/s sent_count 2 recvd_count 2 local_count 2 
server 1136 recvd 524288 bytes in 0.003591 seconds, 139.252920 MiB/s sent_count 2 recvd_count 2 local_count 2 
server 1137 recvd 524288 bytes in 0.003589 seconds, 139.312877 MiB/s sent_count 2 recvd_count 2 local_count 2 
server 1143 recvd 524288 bytes in 0.003588 seconds, 139.334296 MiB/s sent_count 2 recvd_count 2 local_count 2 
server 1144 recvd 524288 bytes in 0.003588 seconds, 139.334940 MiB/s sent_count 2 recvd_count 2 local_count 2 
server 1145 recvd 524288 bytes in 0.003591 seconds, 139.248139 MiB/s sent_count 2 recvd_count 2 local_count 2 
server 1146 recvd 524288 bytes in 0.003589 seconds, 139.307715 MiB/s sent_count 2 recvd_count 2 local_count 2 
server 1152 recvd 524288 bytes in 0.003590 seconds, 139.258084 MiB/s sent_count 2 recvd_count 2 local_count 2 
server 1153 recvd 524288 bytes in 0.003590 seconds, 139.295108 MiB/s sent_count 2 recvd_count 2 local_count 2 
server 1154 recvd 524288 bytes in 0.003589 seconds, 139.300766 MiB/s sent_count 2 recvd_count 2 local_count 2 
server 1155 recvd 524288 bytes in 0.003591 seconds, 139.232156 MiB/s sent_count 2 recvd_count 2 local_count 2 
server 1161 recvd 524288 bytes in 0.003590 seconds, 139.281575 MiB/s sent_count 2 recvd_count 2 local_count 2 
server 1162 recvd 524288 bytes in 0.003589 seconds, 139.322310 MiB/s sent_count 2 recvd_count 2 local_count 2 
server 1163 recvd 524288 bytes in 0.003590 seconds, 139.283777 MiB/s sent_count 2 recvd_count 2 local_count 2 
server 1164 recvd 524288 bytes in 0.003588 seconds, 139.369423 MiB/s sent_count 2 recvd_count 2 local_count 2 
server 1170 recvd 524288 bytes in 0.003588 seconds, 139.339774 MiB/s sent_count 2 recvd_count 2 local_count 2 
server 1171 recvd 524288 bytes in 0.003588 seconds, 139.350265 MiB/s sent_count 2 recvd_count 2 local_count 2 
server 1172 recvd 524288 bytes in 0.003590 seconds, 139.295096 MiB/s sent_count 2 recvd_count 2 local_count 2 
server 1173 recvd 524288 bytes in 0.003586 seconds, 139.429342 MiB/s sent_count 2 recvd_count 2 local_count 2 
server 1179 recvd 524288 bytes in 0.003587 seconds, 139.400816 MiB/s sent_count 2 recvd_count 2 local_count 2 
server 1180 recvd 524288 bytes in 0.003590 seconds, 139.288776 MiB/s sent_count 2 recvd_count 2 local_count 2 
server 1181 recvd 524288 bytes in 0.003590 seconds, 139.277619 MiB/s sent_count 2 recvd_count 2 local_count 2 
server 1182 recvd 524288 bytes in 0.003591 seconds, 139.245859 MiB/s sent_count 2 recvd_count 2 local_count 2 
server 1188 recvd 524288 bytes in 0.003589 seconds, 139.324272 MiB/s sent_count 2 recvd_count 2 local_count 2 
server 1189 recvd 524288 bytes in 0.003590 seconds, 139.275531 MiB/s sent_count 2 recvd_count 2 local_count 2 
server 1190 recvd 524288 bytes in 0.003590 seconds, 139.265553 MiB/s sent_count 2 recvd_count 2 local_count 2 
server 1191 recvd 524288 bytes in 0.003591 seconds, 139.238783 MiB/s sent_count 2 recvd_count 2 local_count 2 
server 1197 recvd 524288 bytes in 0.003589 seconds, 139.326876 MiB/s sent_count 2 recvd_count 2 local_count 2 
server 1198 recvd 524288 bytes in 0.003590 seconds, 139.289200 MiB/s sent_count 2 recvd_count 2 local_count 2 
server 1199 recvd 524288 bytes in 0.003588 seconds, 139.363583 MiB/s sent_count 2 recvd_count 2 local_count 2 
server 1200 recvd 524288 bytes in 0.003591 seconds, 139.235331 MiB/s sent_count 2 recvd_count 2 local_count 2 
server 1206 recvd 524288 bytes in 0.003590 seconds, 139.293050 MiB/s sent_count 2 recvd_count 2 local_count 2 
server 1207 recvd 524288 bytes in 0.003591 seconds, 139.250386 MiB/s sent_count 2 recvd_count 2 local_count 2 
server 1208 recvd 524288 bytes in 0.003591 seconds, 139.255545 MiB/s sent_count 2 recvd_count 2 local_count 2 
server 1209 recvd 524288 bytes in 0.003589 seconds, 139.297704 MiB/s sent_count 2 recvd_count 2 local_count 2 
server 1215 recvd 524288 bytes in 0.003588 seconds, 139.345637 MiB/s sent_count 2 recvd_count 2 local_count 2 
server 1216 recvd 524288 bytes in 0.003589 seconds, 139.303230 MiB/s sent_count 2 recvd_count 2 local_count 2 
server 1217 recvd 524288 bytes in 0.003589 seconds, 139.310765 MiB/s sent_count 2 recvd_count 2 local_count 2 
server 1218 recvd 524288 bytes in 0.003590 seconds, 139.292345 MiB/s sent_count 2 recvd_count 2 local_count 2 
server 1224 recvd 524288 bytes in 0.003590 seconds, 139.275264 MiB/s sent_count 2 recvd_count 2 local_count 2 
server 1225 recvd 524288 bytes in 0.003590 seconds, 139.261693 MiB/s sent_count 2 recvd_count 2 local_count 2 
server 1226 recvd 524288 bytes in 0.003591 seconds, 139.252557 MiB/s sent_count 2 recvd_count 2 local_count 2 
server 1227 recvd 524288 bytes in 0.003589 seconds, 139.327519 MiB/s sent_count 2 recvd_count 2 local_count 2 
server 1233 recvd 524288 bytes in 0.003589 seconds, 139.330585 MiB/s sent_count 2 recvd_count 2 local_count 2 
server 1234 recvd 524288 bytes in 0.003589 seconds, 139.302061 MiB/s sent_count 2 recvd_count 2 local_count 2 
server 1235 recvd 524288 bytes in 0.003585 seconds, 139.485898 MiB/s sent_count 2 recvd_count 2 local_count 2 
server 1236 recvd 524288 bytes in 0.003591 seconds, 139.239745 MiB/s sent_count 2 recvd_count 2 local_count 2 
server 1242 recvd 524288 bytes in 0.003587 seconds, 139.394218 MiB/s sent_count 2 recvd_count 2 local_count 2 
server 1243 recvd 524288 bytes in 0.003590 seconds, 139.257618 MiB/s sent_count 2 recvd_count 2 local_count 2 
server 1244 recvd 524288 bytes in 0.003588 seconds, 139.342140 MiB/s sent_count 2 recvd_count 2 local_count 2 
server 1245 recvd 524288 bytes in 0.003588 seconds, 139.361318 MiB/s sent_count 2 recvd_count 2 local_count 2 
server 1251 recvd 524288 bytes in 0.003590 seconds, 139.261640 MiB/s sent_count 2 recvd_count 2 local_count 2 
server 1252 recvd 524288 bytes in 0.003591 seconds, 139.246899 MiB/s sent_count 2 recvd_count 2 local_count 2 
server 1253 recvd 524288 bytes in 0.003590 seconds, 139.265890 MiB/s sent_count 2 recvd_count 2 local_count 2 
server 1254 recvd 524288 bytes in 0.003587 seconds, 139.388784 MiB/s sent_count 2 recvd_count 2 local_count 2 
server 1260 recvd 524288 bytes in 0.003588 seconds, 139.342050 MiB/s sent_count 2 recvd_count 2 local_count 2 
server 1261 recvd 524288 bytes in 0.003589 seconds, 139.324764 MiB/s sent_count 2 recvd_count 2 local_count 2 
server 1262 recvd 524288 bytes in 0.003591 seconds, 139.249078 MiB/s sent_count 2 recvd_count 2 local_count 2 
server 1263 recvd 524288 bytes in 0.003587 seconds, 139.393217 MiB/s sent_count 2 recvd_count 2 local_count 2 
server 1269 recvd 524288 bytes in 0.003590 seconds, 139.275426 MiB/s sent_count 2 recvd_count 2 local_count 2 
server 1270 recvd 524288 bytes in 0.003591 seconds, 139.239938 MiB/s sent_count 2 recvd_count 2 local_count 2 
server 1271 recvd 524288 bytes in 0.003586 seconds, 139.448057 MiB/s sent_count 2 recvd_count 2 local_count 2 
server 1272 recvd 524288 bytes in 0.003590 seconds, 139.280521 MiB/s sent_count 2 recvd_count 2 local_count 2 
server 1278 recvd 524288 bytes in 0.003586 seconds, 139.426187 MiB/s sent_count 2 recvd_count 2 local_count 2 
server 1279 recvd 524288 bytes in 0.003590 seconds, 139.287208 MiB/s sent_count 2 recvd_count 2 local_count 2 
server 1280 recvd 524288 bytes in 0.003586 seconds, 139.421741 MiB/s sent_count 2 recvd_count 2 local_count 2 
server 1281 recvd 524288 bytes in 0.003588 seconds, 139.336223 MiB/s sent_count 2 recvd_count 2 local_count 2 
server 1287 recvd 524288 bytes in 0.003587 seconds, 139.404786 MiB/s sent_count 2 recvd_count 2 local_count 2 
server 1288 recvd 524288 bytes in 0.003588 seconds, 139.356010 MiB/s sent_count 2 recvd_count 2 local_count 2 
server 1289 recvd 524288 bytes in 0.003590 seconds, 139.282871 MiB/s sent_count 2 recvd_count 2 local_count 2 
server 1290 recvd 524288 bytes in 0.003585 seconds, 139.468749 MiB/s sent_count 2 recvd_count 2 local_count 2 
server 1296 recvd 524288 bytes in 0.003591 seconds, 139.244189 MiB/s sent_count 2 recvd_count 2 local_count 2 
server 1297 recvd 524288 bytes in 0.003589 seconds, 139.311368 MiB/s sent_count 2 recvd_count 2 local_count 2 
server 1298 recvd 524288 bytes in 0.003588 seconds, 139.340825 MiB/s sent_count 2 recvd_count 2 local_count 2 
server 1299 recvd 524288 bytes in 0.003590 seconds, 139.260554 MiB/s sent_count 2 recvd_count 2 local_count 2 
server 1305 recvd 524288 bytes in 0.003590 seconds, 139.261405 MiB/s sent_count 2 recvd_count 2 local_count 2 
server 1306 recvd 524288 bytes in 0.003591 seconds, 139.248422 MiB/s sent_count 2 recvd_count 2 local_count 2 
server 1307 recvd 524288 bytes in 0.003590 seconds, 139.294350 MiB/s sent_count 2 recvd_count 2 local_count 2 
server 1308 recvd 524288 bytes in 0.003589 seconds, 139.299873 MiB/s sent_count 2 recvd_count 2 local_count 2 
server 1314 recvd 524288 bytes in 0.003589 seconds, 139.325873 MiB/s sent_count 2 recvd_count 2 local_count 2 
server 1315 recvd 524288 bytes in 0.003586 seconds, 139.438626 MiB/s sent_count 2 recvd_count 2 local_count 2 
server 1316 recvd 524288 bytes in 0.003588 seconds, 139.343306 MiB/s sent_count 2 recvd_count 2 local_count 2 
server 1317 recvd 524288 bytes in 0.003590 seconds, 139.266861 MiB/s sent_count 2 recvd_count 2 local_count 2 
server 1323 recvd 524288 bytes in 0.003587 seconds, 139.394630 MiB/s sent_count 2 recvd_count 2 local_count 2 
server 1324 recvd 524288 bytes in 0.003589 seconds, 139.326525 MiB/s sent_count 2 recvd_count 2 local_count 2 
server 1325 recvd 524288 bytes in 0.003586 seconds, 139.429773 MiB/s sent_count 2 recvd_count 2 local_count 2 
server 1326 recvd 524288 bytes in 0.003588 seconds, 139.346687 MiB/s sent_count 2 recvd_count 2 local_count 2 
server 1332 recvd 524288 bytes in 0.003587 seconds, 139.377953 MiB/s sent_count 2 recvd_count 2 local_count 2 
server 1333 recvd 524288 bytes in 0.003589 seconds, 139.324919 MiB/s sent_count 2 recvd_count 2 local_count 2 
server 1334 recvd 524288 bytes in 0.003588 seconds, 139.334664 MiB/s sent_count 2 recvd_count 2 local_count 2 
server 1335 recvd 524288 bytes in 0.003590 seconds, 139.274779 MiB/s sent_count 2 recvd_count 2 local_count 2 
server 1341 recvd 524288 bytes in 0.003590 seconds, 139.280200 MiB/s sent_count 2 recvd_count 2 local_count 2 
server 1342 recvd 524288 bytes in 0.003591 seconds, 139.256313 MiB/s sent_count 2 recvd_count 2 local_count 2 
server 1343 recvd 524288 bytes in 0.003588 seconds, 139.335516 MiB/s sent_count 2 recvd_count 2 local_count 2 
server 1344 recvd 524288 bytes in 0.003590 seconds, 139.279172 MiB/s sent_count 2 recvd_count 2 local_count 2 
server 1350 recvd 524288 bytes in 0.003589 seconds, 139.303760 MiB/s sent_count 2 recvd_count 2 local_count 2 
server 1351 recvd 524288 bytes in 0.003587 seconds, 139.375875 MiB/s sent_count 2 recvd_count 2 local_count 2 
server 1352 recvd 524288 bytes in 0.003590 seconds, 139.279709 MiB/s sent_count 2 recvd_count 2 local_count 2 
server 1353 recvd 524288 bytes in 0.003590 seconds, 139.282943 MiB/s sent_count 2 recvd_count 2 local_count 2 
server 1359 recvd 524288 bytes in 0.003590 seconds, 139.280994 MiB/s sent_count 2 recvd_count 2 local_count 2 
server 1360 recvd 524288 bytes in 0.003589 seconds, 139.297325 MiB/s sent_count 2 recvd_count 2 local_count 2 
server 1361 recvd 524288 bytes in 0.003589 seconds, 139.309367 MiB/s sent_count 2 recvd_count 2 local_count 2 
server 1362 recvd 524288 bytes in 0.003590 seconds, 139.291973 MiB/s sent_count 2 recvd_count 2 local_count 2 
server 1368 recvd 524288 bytes in 0.003590 seconds, 139.278428 MiB/s sent_count 2 recvd_count 2 local_count 2 
server 1369 recvd 524288 bytes in 0.003589 seconds, 139.297594 MiB/s sent_count 2 recvd_count 2 local_count 2 
server 1370 recvd 524288 bytes in 0.003590 seconds, 139.260137 MiB/s sent_count 2 recvd_count 2 local_count 2 
server 1371 recvd 524288 bytes in 0.003591 seconds, 139.241016 MiB/s sent_count 2 recvd_count 2 local_count 2 
server 1377 recvd 524288 bytes in 0.003590 seconds, 139.266739 MiB/s sent_count 2 recvd_count 2 local_count 2 
server 1378 recvd 524288 bytes in 0.003590 seconds, 139.274601 MiB/s sent_count 2 recvd_count 2 local_count 2 
server 1379 recvd 524288 bytes in 0.003589 seconds, 139.315244 MiB/s sent_count 2 recvd_count 2 local_count 2 
server 1380 recvd 524288 bytes in 0.003589 seconds, 139.333011 MiB/s sent_count 2 recvd_count 2 local_count 2 
server 1386 recvd 524288 bytes in 0.003591 seconds, 139.242042 MiB/s sent_count 2 recvd_count 2 local_count 2 
server 1387 recvd 524288 bytes in 0.003589 seconds, 139.307615 MiB/s sent_count 2 recvd_count 2 local_count 2 
server 1388 recvd 524288 bytes in 0.003591 seconds, 139.244642 MiB/s sent_count 2 recvd_count 2 local_count 2 
server 1389 recvd 524288 bytes in 0.003585 seconds, 139.470507 MiB/s sent_count 2 recvd_count 2 local_count 2 
server 1395 recvd 524288 bytes in 0.003590 seconds, 139.276376 MiB/s sent_count 2 recvd_count 2 local_count 2 
server 1396 recvd 524288 bytes in 0.003590 seconds, 139.279367 MiB/s sent_count 2 recvd_count 2 local_count 2 
server 1397 recvd 524288 bytes in 0.003589 seconds, 139.311542 MiB/s sent_count 2 recvd_count 2 local_count 2 
server 1398 recvd 524288 bytes in 0.003590 seconds, 139.265938 MiB/s sent_count 2 recvd_count 2 local_count 2 
server 1404 recvd 524288 bytes in 0.003587 seconds, 139.378225 MiB/s sent_count 2 recvd_count 2 local_count 2 
server 1405 recvd 524288 bytes in 0.003590 seconds, 139.256672 MiB/s sent_count 2 recvd_count 2 local_count 2 
server 1406 recvd 524288 bytes in 0.003590 seconds, 139.268793 MiB/s sent_count 2 recvd_count 2 local_count 2 
server 1407 recvd 524288 bytes in 0.003588 seconds, 139.351885 MiB/s sent_count 2 recvd_count 2 local_count 2 
server 1413 recvd 524288 bytes in 0.003590 seconds, 139.273202 MiB/s sent_count 2 recvd_count 2 local_count 2 
server 1414 recvd 524288 bytes in 0.003590 seconds, 139.285743 MiB/s sent_count 2 recvd_count 2 local_count 2 
server 1415 recvd 524288 bytes in 0.003591 seconds, 139.241569 MiB/s sent_count 2 recvd_count 2 local_count 2 
server 1416 recvd 524288 bytes in 0.003589 seconds, 139.300418 MiB/s sent_count 2 recvd_count 2 local_count 2 
server 1422 recvd 524288 bytes in 0.003589 seconds, 139.304996 MiB/s sent_count 2 recvd_count 2 local_count 2 
server 1423 recvd 524288 bytes in 0.003589 seconds, 139.298288 MiB/s sent_count 2 recvd_count 2 local_count 2 
server 1424 recvd 524288 bytes in 0.003588 seconds, 139.338248 MiB/s sent_count 2 recvd_count 2 local_count 2 
server 1425 recvd 524288 bytes in 0.003590 seconds, 139.288884 MiB/s sent_count 2 recvd_count 2 local_count 2 
server 1431 recvd 524288 bytes in 0.003590 seconds, 139.290797 MiB/s sent_count 2 recvd_count 2 local_count 2 
server 1432 recvd 524288 bytes in 0.003590 seconds, 139.290542 MiB/s sent_count 2 recvd_count 2 local_count 2 
server 1433 recvd 524288 bytes in 0.003588 seconds, 139.368631 MiB/s sent_count 2 recvd_count 2 local_count 2 
server 1434 recvd 524288 bytes in 0.003590 seconds, 139.265115 MiB/s sent_count 2 recvd_count 2 local_count 2 
server 1440 recvd 524288 bytes in 0.003588 seconds, 139.338267 MiB/s sent_count 2 recvd_count 2 local_count 2 
server 1441 recvd 524288 bytes in 0.003590 seconds, 139.257221 MiB/s sent_count 2 recvd_count 2 local_count 2 
server 1442 recvd 524288 bytes in 0.003586 seconds, 139.434516 MiB/s sent_count 2 recvd_count 2 local_count 2 
server 1443 recvd 524288 bytes in 0.003590 seconds, 139.260062 MiB/s sent_count 2 recvd_count 2 local_count 2 
server 1449 recvd 524288 bytes in 0.003587 seconds, 139.383218 MiB/s sent_count 2 recvd_count 2 local_count 2 
server 1450 recvd 524288 bytes in 0.003591 seconds, 139.250775 MiB/s sent_count 2 recvd_count 2 local_count 2 
server 1451 recvd 524288 bytes in 0.003589 seconds, 139.308768 MiB/s sent_count 2 recvd_count 2 local_count 2 
server 1452 recvd 524288 bytes in 0.003591 seconds, 139.252753 MiB/s sent_count 2 recvd_count 2 local_count 2 
server 1458 recvd 524288 bytes in 0.003590 seconds, 139.284545 MiB/s sent_count 2 recvd_count 2 local_count 2 
server 1459 recvd 524288 bytes in 0.003590 seconds, 139.273450 MiB/s sent_count 2 recvd_count 2 local_count 2 
server 1460 recvd 524288 bytes in 0.003589 seconds, 139.314528 MiB/s sent_count 2 recvd_count 2 local_count 2 
server 1461 recvd 524288 bytes in 0.003588 seconds, 139.347043 MiB/s sent_count 2 recvd_count 2 local_count 2 
server 1467 recvd 524288 bytes in 0.003590 seconds, 139.276024 MiB/s sent_count 2 recvd_count 2 local_count 2 
server 1468 recvd 524288 bytes in 0.003585 seconds, 139.477288 MiB/s sent_count 2 recvd_count 2 local_count 2 
server 1469 recvd 524288 bytes in 0.003588 seconds, 139.366199 MiB/s sent_count 2 recvd_count 2 local_count 2 
server 1470 recvd 524288 bytes in 0.003589 seconds, 139.317529 MiB/s sent_count 2 recvd_count 2 local_count 2 
server 1476 recvd 524288 bytes in 0.003588 seconds, 139.343114 MiB/s sent_count 2 recvd_count 2 local_count 2 
server 1477 recvd 524288 bytes in 0.003589 seconds, 139.322621 MiB/s sent_count 2 recvd_count 2 local_count 2 
server 1478 recvd 524288 bytes in 0.003591 seconds, 139.244024 MiB/s sent_count 2 recvd_count 2 local_count 2 
server 1479 recvd 524288 bytes in 0.003588 seconds, 139.342600 MiB/s sent_count 2 recvd_count 2 local_count 2 
server 1485 recvd 524288 bytes in 0.003590 seconds, 139.256625 MiB/s sent_count 2 recvd_count 2 local_count 2 
server 1486 recvd 524288 bytes in 0.003590 seconds, 139.259433 MiB/s sent_count 2 recvd_count 2 local_count 2 
server 1487 recvd 524288 bytes in 0.003591 seconds, 139.239929 MiB/s sent_count 2 recvd_count 2 local_count 2 
server 1488 recvd 524288 bytes in 0.003589 seconds, 139.321005 MiB/s sent_count 2 recvd_count 2 local_count 2 
server 1494 recvd 524288 bytes in 0.003588 seconds, 139.340300 MiB/s sent_count 2 recvd_count 2 local_count 2 
server 1495 recvd 524288 bytes in 0.003590 seconds, 139.287215 MiB/s sent_count 2 recvd_count 2 local_count 2 
server 1496 recvd 524288 bytes in 0.003590 seconds, 139.273824 MiB/s sent_count 2 recvd_count 2 local_count 2 
server 1497 recvd 524288 bytes in 0.003590 seconds, 139.291440 MiB/s sent_count 2 recvd_count 2 local_count 2 
server 1503 recvd 524288 bytes in 0.003591 seconds, 139.238910 MiB/s sent_count 2 recvd_count 2 local_count 2 
server 1504 recvd 524288 bytes in 0.003591 seconds, 139.251431 MiB/s sent_count 2 recvd_count 2 local_count 2 
server 1505 recvd 524288 bytes in 0.003590 seconds, 139.288172 MiB/s sent_count 2 recvd_count 2 local_count 2 
server 1506 recvd 524288 bytes in 0.003590 seconds, 139.284563 MiB/s sent_count 2 recvd_count 2 local_count 2 
server 1512 recvd 524288 bytes in 0.003590 seconds, 139.268713 MiB/s sent_count 2 recvd_count 2 local_count 2 
server 1513 recvd 524288 bytes in 0.003590 seconds, 139.259561 MiB/s sent_count 2 recvd_count 2 local_count 2 
server 1514 recvd 524288 bytes in 0.003589 seconds, 139.324532 MiB/s sent_count 2 recvd_count 2 local_count 2 
server 1515 recvd 524288 bytes in 0.003590 seconds, 139.272891 MiB/s sent_count 2 recvd_count 2 local_count 2 
server 1521 recvd 524288 bytes in 0.003590 seconds, 139.288730 MiB/s sent_count 2 recvd_count 2 local_count 2 
server 1522 recvd 524288 bytes in 0.003584 seconds, 139.511860 MiB/s sent_count 2 recvd_count 2 local_count 2 
server 1523 recvd 524288 bytes in 0.003590 seconds, 139.267176 MiB/s sent_count 2 recvd_count 2 local_count 2 
server 1524 recvd 524288 bytes in 0.003590 seconds, 139.265068 MiB/s sent_count 2 recvd_count 2 local_count 2 
server 1530 recvd 524288 bytes in 0.003591 seconds, 139.243212 MiB/s sent_count 2 recvd_count 2 local_count 2 
server 1531 recvd 524288 bytes in 0.003590 seconds, 139.283429 MiB/s sent_count 2 recvd_count 2 local_count 2 
server 1532 recvd 524288 bytes in 0.003585 seconds, 139.469774 MiB/s sent_count 2 recvd_count 2 local_count 2 
server 1533 recvd 524288 bytes in 0.003590 seconds, 139.284605 MiB/s sent_count 2 recvd_count 2 local_count 2 
server 1539 recvd 524288 bytes in 0.003589 seconds, 139.316831 MiB/s sent_count 2 recvd_count 2 local_count 2 
server 1540 recvd 524288 bytes in 0.003585 seconds, 139.453993 MiB/s sent_count 2 recvd_count 2 local_count 2 
server 1541 recvd 524288 bytes in 0.003590 seconds, 139.289841 MiB/s sent_count 2 recvd_count 2 local_count 2 
server 1542 recvd 524288 bytes in 0.003589 seconds, 139.324392 MiB/s sent_count 2 recvd_count 2 local_count 2 
server 1548 recvd 524288 bytes in 0.003588 seconds, 139.335815 MiB/s sent_count 2 recvd_count 2 local_count 2 
server 1549 recvd 524288 bytes in 0.003591 seconds, 139.248593 MiB/s sent_count 2 recvd_count 2 local_count 2 
server 1550 recvd 524288 bytes in 0.003590 seconds, 139.262976 MiB/s sent_count 2 recvd_count 2 local_count 2 
server 1551 recvd 524288 bytes in 0.003589 seconds, 139.304643 MiB/s sent_count 2 recvd_count 2 local_count 2 
server 1557 recvd 524288 bytes in 0.003587 seconds, 139.409586 MiB/s sent_count 2 recvd_count 2 local_count 2 
server 1558 recvd 524288 bytes in 0.003590 seconds, 139.295020 MiB/s sent_count 2 recvd_count 2 local_count 2 
server 1559 recvd 524288 bytes in 0.003589 seconds, 139.310314 MiB/s sent_count 2 recvd_count 2 local_count 2 
server 1560 recvd 524288 bytes in 0.003590 seconds, 139.256933 MiB/s sent_count 2 recvd_count 2 local_count 2 
server 1566 recvd 524288 bytes in 0.003590 seconds, 139.268117 MiB/s sent_count 2 recvd_count 2 local_count 2 
server 1567 recvd 524288 bytes in 0.003589 seconds, 139.309314 MiB/s sent_count 2 recvd_count 2 local_count 2 
server 1568 recvd 524288 bytes in 0.003590 seconds, 139.290430 MiB/s sent_count 2 recvd_count 2 local_count 2 
server 1569 recvd 524288 bytes in 0.003590 seconds, 139.264796 MiB/s sent_count 2 recvd_count 2 local_count 2 
server 1575 recvd 524288 bytes in 0.003590 seconds, 139.281800 MiB/s sent_count 2 recvd_count 2 local_count 2 
server 1576 recvd 524288 bytes in 0.003587 seconds, 139.394576 MiB/s sent_count 2 recvd_count 2 local_count 2 
server 1577 recvd 524288 bytes in 0.003589 seconds, 139.311434 MiB/s sent_count 2 recvd_count 2 local_count 2 
server 1578 recvd 524288 bytes in 0.003590 seconds, 139.265324 MiB/s sent_count 2 recvd_count 2 local_count 2 
server 1584 recvd 524288 bytes in 0.003588 seconds, 139.342546 MiB/s sent_count 2 recvd_count 2 local_count 2 
server 1585 recvd 524288 bytes in 0.003590 seconds, 139.265915 MiB/s sent_count 2 recvd_count 2 local_count 2 
server 1586 recvd 524288 bytes in 0.003589 seconds, 139.300561 MiB/s sent_count 2 recvd_count 2 local_count 2 
server 1587 recvd 524288 bytes in 0.003590 seconds, 139.263349 MiB/s sent_count 2 recvd_count 2 local_count 2 
server 1593 recvd 524288 bytes in 0.003590 seconds, 139.289390 MiB/s sent_count 2 recvd_count 2 local_count 2 
server 1594 recvd 524288 bytes in 0.003590 seconds, 139.277109 MiB/s sent_count 2 recvd_count 2 local_count 2 
server 1595 recvd 524288 bytes in 0.003590 seconds, 139.267181 MiB/s sent_count 2 recvd_count 2 local_count 2 
server 1596 recvd 524288 bytes in 0.003590 seconds, 139.282614 MiB/s sent_count 2 recvd_count 2 local_count 2 
server 1602 recvd 524288 bytes in 0.003591 seconds, 139.243584 MiB/s sent_count 2 recvd_count 2 local_count 2 
server 1603 recvd 524288 bytes in 0.003589 seconds, 139.321012 MiB/s sent_count 2 recvd_count 2 local_count 2 
server 1604 recvd 524288 bytes in 0.003586 seconds, 139.436829 MiB/s sent_count 2 recvd_count 2 local_count 2 
server 1605 recvd 524288 bytes in 0.003590 seconds, 139.285424 MiB/s sent_count 2 recvd_count 2 local_count 2 
server 1611 recvd 524288 bytes in 0.003586 seconds, 139.416200 MiB/s sent_count 2 recvd_count 2 local_count 2 
server 1612 recvd 524288 bytes in 0.003590 seconds, 139.267442 MiB/s sent_count 2 recvd_count 2 local_count 2 
server 1613 recvd 524288 bytes in 0.003589 seconds, 139.301994 MiB/s sent_count 2 recvd_count 2 local_count 2 
server 1614 recvd 524288 bytes in 0.003590 seconds, 139.265634 MiB/s sent_count 2 recvd_count 2 local_count 2 
server 1620 recvd 524288 bytes in 0.003591 seconds, 139.245427 MiB/s sent_count 2 recvd_count 2 local_count 2 
server 1621 recvd 524288 bytes in 0.003590 seconds, 139.293614 MiB/s sent_count 2 recvd_count 2 local_count 2 
server 1622 recvd 524288 bytes in 0.003589 seconds, 139.296045 MiB/s sent_count 2 recvd_count 2 local_count 2 
server 1623 recvd 524288 bytes in 0.003590 seconds, 139.285460 MiB/s sent_count 2 recvd_count 2 local_count 2 
server 1629 recvd 524288 bytes in 0.003590 seconds, 139.272119 MiB/s sent_count 2 recvd_count 2 local_count 2 
server 1630 recvd 524288 bytes in 0.003587 seconds, 139.379749 MiB/s sent_count 2 recvd_count 2 local_count 2 
server 1631 recvd 524288 bytes in 0.003590 seconds, 139.258574 MiB/s sent_count 2 recvd_count 2 local_count 2 
server 1632 recvd 524288 bytes in 0.003591 seconds, 139.250324 MiB/s sent_count 2 recvd_count 2 local_count 2 
server 1638 recvd 524288 bytes in 0.003589 seconds, 139.309269 MiB/s sent_count 2 recvd_count 2 local_count 2 
server 1639 recvd 524288 bytes in 0.003590 seconds, 139.294584 MiB/s sent_count 2 recvd_count 2 local_count 2 
server 1640 recvd 524288 bytes in 0.003591 seconds, 139.256016 MiB/s sent_count 2 recvd_count 2 local_count 2 
server 1641 recvd 524288 bytes in 0.003590 seconds, 139.275947 MiB/s sent_count 2 recvd_count 2 local_count 2 
server 1647 recvd 524288 bytes in 0.003590 seconds, 139.291412 MiB/s sent_count 2 recvd_count 2 local_count 2 
server 1648 recvd 524288 bytes in 0.003590 seconds, 139.263545 MiB/s sent_count 2 recvd_count 2 local_count 2 
server 1649 recvd 524288 bytes in 0.003589 seconds, 139.322256 MiB/s sent_count 2 recvd_count 2 local_count 2 
server 1650 recvd 524288 bytes in 0.003589 seconds, 139.321485 MiB/s sent_count 2 recvd_count 2 local_count 2 
server 1656 recvd 524288 bytes in 0.003586 seconds, 139.426978 MiB/s sent_count 2 recvd_count 2 local_count 2 
server 1657 recvd 524288 bytes in 0.003589 seconds, 139.321062 MiB/s sent_count 2 recvd_count 2 local_count 2 
server 1658 recvd 524288 bytes in 0.003590 seconds, 139.279336 MiB/s sent_count 2 recvd_count 2 local_count 2 
server 1659 recvd 524288 bytes in 0.003591 seconds, 139.247576 MiB/s sent_count 2 recvd_count 2 local_count 2 
server 1665 recvd 524288 bytes in 0.003589 seconds, 139.303990 MiB/s sent_count 2 recvd_count 2 local_count 2 
server 1666 recvd 524288 bytes in 0.003590 seconds, 139.282441 MiB/s sent_count 2 recvd_count 2 local_count 2 
server 1667 recvd 524288 bytes in 0.003589 seconds, 139.312949 MiB/s sent_count 2 recvd_count 2 local_count 2 
server 1668 recvd 524288 bytes in 0.003589 seconds, 139.333259 MiB/s sent_count 2 recvd_count 2 local_count 2 
server 1674 recvd 524288 bytes in 0.003585 seconds, 139.455441 MiB/s sent_count 2 recvd_count 2 local_count 2 
server 1675 recvd 524288 bytes in 0.003591 seconds, 139.252196 MiB/s sent_count 2 recvd_count 2 local_count 2 
server 1676 recvd 524288 bytes in 0.003590 seconds, 139.267160 MiB/s sent_count 2 recvd_count 2 local_count 2 
server 1677 recvd 524288 bytes in 0.003588 seconds, 139.336296 MiB/s sent_count 2 recvd_count 2 local_count 2 
server 1683 recvd 524288 bytes in 0.003588 seconds, 139.342131 MiB/s sent_count 2 recvd_count 2 local_count 2 
server 1684 recvd 524288 bytes in 0.003586 seconds, 139.415353 MiB/s sent_count 2 recvd_count 2 local_count 2 
server 1685 recvd 524288 bytes in 0.003590 seconds, 139.268611 MiB/s sent_count 2 recvd_count 2 local_count 2 
server 1686 recvd 524288 bytes in 0.003590 seconds, 139.277822 MiB/s sent_count 2 recvd_count 2 local_count 2 
server 1692 recvd 524288 bytes in 0.003590 seconds, 139.261590 MiB/s sent_count 2 recvd_count 2 local_count 2 
server 1693 recvd 524288 bytes in 0.003590 seconds, 139.269241 MiB/s sent_count 2 recvd_count 2 local_count 2 
server 1694 recvd 524288 bytes in 0.003591 seconds, 139.240759 MiB/s sent_count 2 recvd_count 2 local_count 2 
server 1695 recvd 524288 bytes in 0.003590 seconds, 139.293788 MiB/s sent_count 2 recvd_count 2 local_count 2 
server 1701 recvd 524288 bytes in 0.003588 seconds, 139.343184 MiB/s sent_count 2 recvd_count 2 local_count 2 
server 1702 recvd 524288 bytes in 0.003591 seconds, 139.245512 MiB/s sent_count 2 recvd_count 2 local_count 2 
server 1703 recvd 524288 bytes in 0.003590 seconds, 139.269626 MiB/s sent_count 2 recvd_count 2 local_count 2 
server 1704 recvd 524288 bytes in 0.003590 seconds, 139.274336 MiB/s sent_count 2 recvd_count 2 local_count 2 
server 1710 recvd 524288 bytes in 0.003590 seconds, 139.263799 MiB/s sent_count 2 recvd_count 2 local_count 2 
server 1711 recvd 524288 bytes in 0.003591 seconds, 139.240937 MiB/s sent_count 2 recvd_count 2 local_count 2 
server 1712 recvd 524288 bytes in 0.003590 seconds, 139.277707 MiB/s sent_count 2 recvd_count 2 local_count 2 
server 1713 recvd 524288 bytes in 0.003589 seconds, 139.295447 MiB/s sent_count 2 recvd_count 2 local_count 2 
server 1719 recvd 524288 bytes in 0.003590 seconds, 139.262218 MiB/s sent_count 2 recvd_count 2 local_count 2 
server 1720 recvd 524288 bytes in 0.003590 seconds, 139.274992 MiB/s sent_count 2 recvd_count 2 local_count 2 
server 1721 recvd 524288 bytes in 0.003590 seconds, 139.276392 MiB/s sent_count 2 recvd_count 2 local_count 2 
server 1722 recvd 524288 bytes in 0.003589 seconds, 139.302696 MiB/s sent_count 2 recvd_count 2 local_count 2 
server 1728 recvd 524288 bytes in 0.003591 seconds, 139.250096 MiB/s sent_count 2 recvd_count 2 local_count 2 
server 1729 recvd 524288 bytes in 0.003588 seconds, 139.364050 MiB/s sent_count 2 recvd_count 2 local_count 2 
server 1730 recvd 524288 bytes in 0.003588 seconds, 139.362459 MiB/s sent_count 2 recvd_count 2 local_count 2 
server 1731 recvd 524288 bytes in 0.003591 seconds, 139.247155 MiB/s sent_count 2 recvd_count 2 local_count 2 
server 1737 recvd 524288 bytes in 0.003589 seconds, 139.314585 MiB/s sent_count 2 recvd_count 2 local_count 2 
server 1738 recvd 524288 bytes in 0.003589 seconds, 139.306324 MiB/s sent_count 2 recvd_count 2 local_count 2 
server 1739 recvd 524288 bytes in 0.003587 seconds, 139.410821 MiB/s sent_count 2 recvd_count 2 local_count 2 
server 1740 recvd 524288 bytes in 0.003591 seconds, 139.254915 MiB/s sent_count 2 recvd_count 2 local_count 2 
server 1746 recvd 524288 bytes in 0.003591 seconds, 139.251551 MiB/s sent_count 2 recvd_count 2 local_count 2 
server 1747 recvd 524288 bytes in 0.003590 seconds, 139.271094 MiB/s sent_count 2 recvd_count 2 local_count 2 
server 1748 recvd 524288 bytes in 0.003589 seconds, 139.295538 MiB/s sent_count 2 recvd_count 2 local_count 2 
server 1749 recvd 524288 bytes in 0.003590 seconds, 139.277075 MiB/s sent_count 2 recvd_count 2 local_count 2 
server 1755 recvd 524288 bytes in 0.003589 seconds, 139.299523 MiB/s sent_count 2 recvd_count 2 local_count 2 
server 1756 recvd 524288 bytes in 0.003587 seconds, 139.387027 MiB/s sent_count 2 recvd_count 2 local_count 2 
server 1757 recvd 524288 bytes in 0.003589 seconds, 139.323984 MiB/s sent_count 2 recvd_count 2 local_count 2 
server 1758 recvd 524288 bytes in 0.003590 seconds, 139.289025 MiB/s sent_count 2 recvd_count 2 local_count 2 
server 1764 recvd 524288 bytes in 0.003588 seconds, 139.357994 MiB/s sent_count 2 recvd_count 2 local_count 2 
server 1765 recvd 524288 bytes in 0.003591 seconds, 139.248570 MiB/s sent_count 2 recvd_count 2 local_count 2 
server 1766 recvd 524288 bytes in 0.003590 seconds, 139.282861 MiB/s sent_count 2 recvd_count 2 local_count 2 
server 1767 recvd 524288 bytes in 0.003590 seconds, 139.266388 MiB/s sent_count 2 recvd_count 2 local_count 2 
server 1773 recvd 524288 bytes in 0.003589 seconds, 139.297363 MiB/s sent_count 2 recvd_count 2 local_count 2 
server 1774 recvd 524288 bytes in 0.003590 seconds, 139.279993 MiB/s sent_count 2 recvd_count 2 local_count 2 
server 1775 recvd 524288 bytes in 0.003589 seconds, 139.312026 MiB/s sent_count 2 recvd_count 2 local_count 2 
server 1776 recvd 524288 bytes in 0.003590 seconds, 139.294698 MiB/s sent_count 2 recvd_count 2 local_count 2 
server 1782 recvd 524288 bytes in 0.003588 seconds, 139.339583 MiB/s sent_count 2 recvd_count 2 local_count 2 
server 1783 recvd 524288 bytes in 0.003589 seconds, 139.312931 MiB/s sent_count 2 recvd_count 2 local_count 2 
server 1784 recvd 524288 bytes in 0.003590 seconds, 139.261808 MiB/s sent_count 2 recvd_count 2 local_count 2 
server 1785 recvd 524288 bytes in 0.003588 seconds, 139.343949 MiB/s sent_count 2 recvd_count 2 local_count 2 
server 1791 recvd 524288 bytes in 0.003589 seconds, 139.319576 MiB/s sent_count 2 recvd_count 2 local_count 2 
server 1792 recvd 524288 bytes in 0.003588 seconds, 139.353018 MiB/s sent_count 2 recvd_count 2 local_count 2 
server 1793 recvd 524288 bytes in 0.003588 seconds, 139.355220 MiB/s sent_count 2 recvd_count 2 local_count 2 
server 1794 recvd 524288 bytes in 0.003589 seconds, 139.301527 MiB/s sent_count 2 recvd_count 2 local_count 2 
server 1800 recvd 524288 bytes in 0.003591 seconds, 139.250317 MiB/s sent_count 2 recvd_count 2 local_count 2 
server 1801 recvd 524288 bytes in 0.003590 seconds, 139.292002 MiB/s sent_count 2 recvd_count 2 local_count 2 
server 1802 recvd 524288 bytes in 0.003588 seconds, 139.335177 MiB/s sent_count 2 recvd_count 2 local_count 2 
server 1803 recvd 524288 bytes in 0.003591 seconds, 139.250692 MiB/s sent_count 2 recvd_count 2 local_count 2 
server 1809 recvd 524288 bytes in 0.003588 seconds, 139.359889 MiB/s sent_count 2 recvd_count 2 local_count 2 
server 1810 recvd 524288 bytes in 0.003589 seconds, 139.299469 MiB/s sent_count 2 recvd_count 2 local_count 2 
server 1811 recvd 524288 bytes in 0.003589 seconds, 139.329597 MiB/s sent_count 2 recvd_count 2 local_count 2 
server 1812 recvd 524288 bytes in 0.003590 seconds, 139.270923 MiB/s sent_count 2 recvd_count 2 local_count 2 
server 1818 recvd 524288 bytes in 0.003590 seconds, 139.259904 MiB/s sent_count 2 recvd_count 2 local_count 2 
server 1819 recvd 524288 bytes in 0.003590 seconds, 139.282114 MiB/s sent_count 2 recvd_count 2 local_count 2 
server 1820 recvd 524288 bytes in 0.003591 seconds, 139.255247 MiB/s sent_count 2 recvd_count 2 local_count 2 
server 1821 recvd 524288 bytes in 0.003590 seconds, 139.259029 MiB/s sent_count 2 recvd_count 2 local_count 2 
server 1827 recvd 524288 bytes in 0.003590 seconds, 139.260254 MiB/s sent_count 2 recvd_count 2 local_count 2 
server 1828 recvd 524288 bytes in 0.003589 seconds, 139.330716 MiB/s sent_count 2 recvd_count 2 local_count 2 
server 1829 recvd 524288 bytes in 0.003589 seconds, 139.303230 MiB/s sent_count 2 recvd_count 2 local_count 2 
server 1830 recvd 524288 bytes in 0.003590 seconds, 139.270975 MiB/s sent_count 2 recvd_count 2 local_count 2 
server 1836 recvd 524288 bytes in 0.003590 seconds, 139.263273 MiB/s sent_count 2 recvd_count 2 local_count 2 
server 1837 recvd 524288 bytes in 0.003591 seconds, 139.254924 MiB/s sent_count 2 recvd_count 2 local_count 2 
server 1838 recvd 524288 bytes in 0.003589 seconds, 139.332493 MiB/s sent_count 2 recvd_count 2 local_count 2 
server 1839 recvd 524288 bytes in 0.003590 seconds, 139.264060 MiB/s sent_count 2 recvd_count 2 local_count 2 
server 1845 recvd 524288 bytes in 0.003589 seconds, 139.333441 MiB/s sent_count 2 recvd_count 2 local_count 2 
server 1846 recvd 524288 bytes in 0.003590 seconds, 139.281988 MiB/s sent_count 2 recvd_count 2 local_count 2 
server 1847 recvd 524288 bytes in 0.003586 seconds, 139.411937 MiB/s sent_count 2 recvd_count 2 local_count 2 
server 1848 recvd 524288 bytes in 0.003588 seconds, 139.364967 MiB/s sent_count 2 recvd_count 2 local_count 2 
server 1854 recvd 524288 bytes in 0.003590 seconds, 139.259781 MiB/s sent_count 2 recvd_count 2 local_count 2 
server 1855 recvd 524288 bytes in 0.003589 seconds, 139.331078 MiB/s sent_count 2 recvd_count 2 local_count 2 
server 1856 recvd 524288 bytes in 0.003590 seconds, 139.279939 MiB/s sent_count 2 recvd_count 2 local_count 2 
server 1857 recvd 524288 bytes in 0.003589 seconds, 139.306682 MiB/s sent_count 2 recvd_count 2 local_count 2 
server 1863 recvd 524288 bytes in 0.003588 seconds, 139.349236 MiB/s sent_count 2 recvd_count 2 local_count 2 
server 1864 recvd 524288 bytes in 0.003590 seconds, 139.291092 MiB/s sent_count 2 recvd_count 2 local_count 2 
server 1865 recvd 524288 bytes in 0.003587 seconds, 139.386715 MiB/s sent_count 2 recvd_count 2 local_count 2 
server 1866 recvd 524288 bytes in 0.003588 seconds, 139.359400 MiB/s sent_count 2 recvd_count 2 local_count 2 
server 1872 recvd 524288 bytes in 0.003589 seconds, 139.330222 MiB/s sent_count 2 recvd_count 2 local_count 2 
server 1873 recvd 524288 bytes in 0.003591 seconds, 139.244355 MiB/s sent_count 2 recvd_count 2 local_count 2 
server 1874 recvd 524288 bytes in 0.003590 seconds, 139.290285 MiB/s sent_count 2 recvd_count 2 local_count 2 
server 1875 recvd 524288 bytes in 0.003590 seconds, 139.283640 MiB/s sent_count 2 recvd_count 2 local_count 2 
server 1881 recvd 524288 bytes in 0.003589 seconds, 139.318428 MiB/s sent_count 2 recvd_count 2 local_count 2 
server 1882 recvd 524288 bytes in 0.003590 seconds, 139.264140 MiB/s sent_count 2 recvd_count 2 local_count 2 
server 1883 recvd 524288 bytes in 0.003590 seconds, 139.294081 MiB/s sent_count 2 recvd_count 2 local_count 2 
server 1884 recvd 524288 bytes in 0.003588 seconds, 139.368215 MiB/s sent_count 2 recvd_count 2 local_count 2 
server 1890 recvd 524288 bytes in 0.003591 seconds, 139.241717 MiB/s sent_count 2 recvd_count 2 local_count 2 
server 1891 recvd 524288 bytes in 0.003590 seconds, 139.276512 MiB/s sent_count 2 recvd_count 2 local_count 2 
server 1892 recvd 524288 bytes in 0.003590 seconds, 139.275728 MiB/s sent_count 2 recvd_count 2 local_count 2 
server 1893 recvd 524288 bytes in 0.003589 seconds, 139.319323 MiB/s sent_count 2 recvd_count 2 local_count 2 
server 1899 recvd 524288 bytes in 0.003590 seconds, 139.287544 MiB/s sent_count 2 recvd_count 2 local_count 2 
server 1900 recvd 524288 bytes in 0.003590 seconds, 139.274856 MiB/s sent_count 2 recvd_count 2 local_count 2 
server 1901 recvd 524288 bytes in 0.003589 seconds, 139.328658 MiB/s sent_count 2 recvd_count 2 local_count 2 
server 1902 recvd 524288 bytes in 0.003589 seconds, 139.295414 MiB/s sent_count 2 recvd_count 2 local_count 2 
server 1908 recvd 524288 bytes in 0.003586 seconds, 139.421229 MiB/s sent_count 2 recvd_count 2 local_count 2 
server 1909 recvd 524288 bytes in 0.003589 seconds, 139.316417 MiB/s sent_count 2 recvd_count 2 local_count 2 
server 1910 recvd 524288 bytes in 0.003589 seconds, 139.314013 MiB/s sent_count 2 recvd_count 2 local_count 2 
server 1911 recvd 524288 bytes in 0.003591 seconds, 139.250258 MiB/s sent_count 2 recvd_count 2 local_count 2 
server 1917 recvd 524288 bytes in 0.003590 seconds, 139.286381 MiB/s sent_count 2 recvd_count 2 local_count 2 
server 1918 recvd 524288 bytes in 0.003589 seconds, 139.305815 MiB/s sent_count 2 recvd_count 2 local_count 2 
server 1919 recvd 524288 bytes in 0.003590 seconds, 139.275744 MiB/s sent_count 2 recvd_count 2 local_count 2 
server 1920 recvd 524288 bytes in 0.003590 seconds, 139.290956 MiB/s sent_count 2 recvd_count 2 local_count 2 
server 1926 recvd 524288 bytes in 0.003590 seconds, 139.264085 MiB/s sent_count 2 recvd_count 2 local_count 2 
server 1927 recvd 524288 bytes in 0.003588 seconds, 139.344750 MiB/s sent_count 2 recvd_count 2 local_count 2 
server 1928 recvd 524288 bytes in 0.003589 seconds, 139.307957 MiB/s sent_count 2 recvd_count 2 local_count 2 
server 1929 recvd 524288 bytes in 0.003589 seconds, 139.312118 MiB/s sent_count 2 recvd_count 2 local_count 2 
server 1935 recvd 524288 bytes in 0.003591 seconds, 139.245981 MiB/s sent_count 2 recvd_count 2 local_count 2 
server 1936 recvd 524288 bytes in 0.003589 seconds, 139.310989 MiB/s sent_count 2 recvd_count 2 local_count 2 
server 1937 recvd 524288 bytes in 0.003591 seconds, 139.250116 MiB/s sent_count 2 recvd_count 2 local_count 2 
server 1938 recvd 524288 bytes in 0.003590 seconds, 139.263579 MiB/s sent_count 2 recvd_count 2 local_count 2 
server 1944 recvd 524288 bytes in 0.003590 seconds, 139.279390 MiB/s sent_count 2 recvd_count 2 local_count 2 
server 1945 recvd 524288 bytes in 0.003587 seconds, 139.386967 MiB/s sent_count 2 recvd_count 2 local_count 2 
server 1946 recvd 524288 bytes in 0.003591 seconds, 139.237424 MiB/s sent_count 2 recvd_count 2 local_count 2 
server 1947 recvd 524288 bytes in 0.003590 seconds, 139.276558 MiB/s sent_count 2 recvd_count 2 local_count 2 
server 1953 recvd 524288 bytes in 0.003590 seconds, 139.274177 MiB/s sent_count 2 recvd_count 2 local_count 2 
server 1954 recvd 524288 bytes in 0.003587 seconds, 139.393754 MiB/s sent_count 2 recvd_count 2 local_count 2 
server 1955 recvd 524288 bytes in 0.003587 seconds, 139.409086 MiB/s sent_count 2 recvd_count 2 local_count 2 
server 1956 recvd 524288 bytes in 0.003589 seconds, 139.305190 MiB/s sent_count 2 recvd_count 2 local_count 2 
server 1962 recvd 524288 bytes in 0.003588 seconds, 139.362745 MiB/s sent_count 2 recvd_count 2 local_count 2 
server 1963 recvd 524288 bytes in 0.003589 seconds, 139.313444 MiB/s sent_count 2 recvd_count 2 local_count 2 
server 1964 recvd 524288 bytes in 0.003591 seconds, 139.250835 MiB/s sent_count 2 recvd_count 2 local_count 2 
server 1965 recvd 524288 bytes in 0.003589 seconds, 139.320083 MiB/s sent_count 2 recvd_count 2 local_count 2 
server 1971 recvd 524288 bytes in 0.003589 seconds, 139.312902 MiB/s sent_count 2 recvd_count 2 local_count 2 
server 1972 recvd 524288 bytes in 0.003590 seconds, 139.270192 MiB/s sent_count 2 recvd_count 2 local_count 2 
server 1973 recvd 524288 bytes in 0.003587 seconds, 139.374277 MiB/s sent_count 2 recvd_count 2 local_count 2 
server 1974 recvd 524288 bytes in 0.003588 seconds, 139.340430 MiB/s sent_count 2 recvd_count 2 local_count 2 
server 1980 recvd 524288 bytes in 0.003588 seconds, 139.367031 MiB/s sent_count 2 recvd_count 2 local_count 2 
server 1981 recvd 524288 bytes in 0.003590 seconds, 139.278409 MiB/s sent_count 2 recvd_count 2 local_count 2 
server 1982 recvd 524288 bytes in 0.003590 seconds, 139.262215 MiB/s sent_count 2 recvd_count 2 local_count 2 
server 1983 recvd 524288 bytes in 0.003590 seconds, 139.259301 MiB/s sent_count 2 recvd_count 2 local_count 2 
server 1989 recvd 524288 bytes in 0.003589 seconds, 139.330227 MiB/s sent_count 2 recvd_count 2 local_count 2 
server 1990 recvd 524288 bytes in 0.003591 seconds, 139.245755 MiB/s sent_count 2 recvd_count 2 local_count 2 
server 1991 recvd 524288 bytes in 0.003590 seconds, 139.259769 MiB/s sent_count 2 recvd_count 2 local_count 2 
server 1992 recvd 524288 bytes in 0.003589 seconds, 139.314839 MiB/s sent_count 2 recvd_count 2 local_count 2 
server 1998 recvd 524288 bytes in 0.003589 seconds, 139.298554 MiB/s sent_count 2 recvd_count 2 local_count 2 
server 1999 recvd 524288 bytes in 0.003590 seconds, 139.291996 MiB/s sent_count 2 recvd_count 2 local_count 2 
server 2000 recvd 524288 bytes in 0.003589 seconds, 139.306294 MiB/s sent_count 2 recvd_count 2 local_count 2 
server 2001 recvd 524288 bytes in 0.003590 seconds, 139.267704 MiB/s sent_count 2 recvd_count 2 local_count 2 
server 2007 recvd 524288 bytes in 0.003590 seconds, 139.272087 MiB/s sent_count 2 recvd_count 2 local_count 2 
server 2008 recvd 524288 bytes in 0.003587 seconds, 139.381994 MiB/s sent_count 2 recvd_count 2 local_count 2 
server 2009 recvd 524288 bytes in 0.003587 seconds, 139.381253 MiB/s sent_count 2 recvd_count 2 local_count 2 
server 2010 recvd 524288 bytes in 0.003588 seconds, 139.362915 MiB/s sent_count 2 recvd_count 2 local_count 2 
server 2016 recvd 524288 bytes in 0.003590 seconds, 139.275836 MiB/s sent_count 2 recvd_count 2 local_count 2 
server 2017 recvd 524288 bytes in 0.003590 seconds, 139.288005 MiB/s sent_count 2 recvd_count 2 local_count 2 
server 2018 recvd 524288 bytes in 0.003584 seconds, 139.497801 MiB/s sent_count 2 recvd_count 2 local_count 2 
server 2019 recvd 524288 bytes in 0.003589 seconds, 139.297304 MiB/s sent_count 2 recvd_count 2 local_count 2 
server 2025 recvd 524288 bytes in 0.003590 seconds, 139.274780 MiB/s sent_count 2 recvd_count 2 local_count 2 
server 2026 recvd 524288 bytes in 0.003590 seconds, 139.259460 MiB/s sent_count 2 recvd_count 2 local_count 2 
server 2027 recvd 524288 bytes in 0.003591 seconds, 139.252844 MiB/s sent_count 2 recvd_count 2 local_count 2 
server 2028 recvd 524288 bytes in 0.003591 seconds, 139.253512 MiB/s sent_count 2 recvd_count 2 local_count 2 
server 2034 recvd 524288 bytes in 0.003589 seconds, 139.312461 MiB/s sent_count 2 recvd_count 2 local_count 2 
server 2035 recvd 524288 bytes in 0.003590 seconds, 139.277166 MiB/s sent_count 2 recvd_count 2 local_count 2 
server 2036 recvd 524288 bytes in 0.003590 seconds, 139.269979 MiB/s sent_count 2 recvd_count 2 local_count 2 
server 2037 recvd 524288 bytes in 0.003591 seconds, 139.241934 MiB/s sent_count 2 recvd_count 2 local_count 2 
server 2043 recvd 524288 bytes in 0.003588 seconds, 139.346260 MiB/s sent_count 2 recvd_count 2 local_count 2 
server 2044 recvd 524288 bytes in 0.003589 seconds, 139.322132 MiB/s sent_count 2 recvd_count 2 local_count 2 
server 2045 recvd 524288 bytes in 0.003589 seconds, 139.295961 MiB/s sent_count 2 recvd_count 2 local_count 2 
server 2046 recvd 524288 bytes in 0.003589 seconds, 139.325485 MiB/s sent_count 2 recvd_count 2 local_count 2 
server 2052 recvd 524288 bytes in 0.003591 seconds, 139.250655 MiB/s sent_count 2 recvd_count 2 local_count 2 
server 2053 recvd 524288 bytes in 0.003589 seconds, 139.306655 MiB/s sent_count 2 recvd_count 2 local_count 2 
server 2054 recvd 524288 bytes in 0.003589 seconds, 139.311953 MiB/s sent_count 2 recvd_count 2 local_count 2 
server 2055 recvd 524288 bytes in 0.003587 seconds, 139.379928 MiB/s sent_count 2 recvd_count 2 local_count 2 
server 2061 recvd 524288 bytes in 0.003590 seconds, 139.282546 MiB/s sent_count 2 recvd_count 2 local_count 2 
server 2062 recvd 524288 bytes in 0.003589 seconds, 139.313235 MiB/s sent_count 2 recvd_count 2 local_count 2 
server 2063 recvd 524288 bytes in 0.003590 seconds, 139.262554 MiB/s sent_count 2 recvd_count 2 local_count 2 
server 2064 recvd 524288 bytes in 0.003591 seconds, 139.246544 MiB/s sent_count 2 recvd_count 2 local_count 2 
server 2070 recvd 524288 bytes in 0.003589 seconds, 139.306022 MiB/s sent_count 2 recvd_count 2 local_count 2 
server 2071 recvd 524288 bytes in 0.003588 seconds, 139.346891 MiB/s sent_count 2 recvd_count 2 local_count 2 
server 2072 recvd 524288 bytes in 0.003590 seconds, 139.280681 MiB/s sent_count 2 recvd_count 2 local_count 2 
server 2073 recvd 524288 bytes in 0.003590 seconds, 139.294413 MiB/s sent_count 2 recvd_count 2 local_count 2 
server 2079 recvd 524288 bytes in 0.003589 seconds, 139.297210 MiB/s sent_count 2 recvd_count 2 local_count 2 
server 2080 recvd 524288 bytes in 0.003590 seconds, 139.291864 MiB/s sent_count 2 recvd_count 2 local_count 2 
server 2081 recvd 524288 bytes in 0.003589 seconds, 139.308297 MiB/s sent_count 2 recvd_count 2 local_count 2 
server 2082 recvd 524288 bytes in 0.003590 seconds, 139.286074 MiB/s sent_count 2 recvd_count 2 local_count 2 
server 2088 recvd 524288 bytes in 0.003588 seconds, 139.354324 MiB/s sent_count 2 recvd_count 2 local_count 2 
server 2089 recvd 524288 bytes in 0.003590 seconds, 139.285112 MiB/s sent_count 2 recvd_count 2 local_count 2 
server 2090 recvd 524288 bytes in 0.003590 seconds, 139.269752 MiB/s sent_count 2 recvd_count 2 local_count 2 
server 2091 recvd 524288 bytes in 0.003586 seconds, 139.447462 MiB/s sent_count 2 recvd_count 2 local_count 2 
server 2097 recvd 524288 bytes in 0.003587 seconds, 139.395788 MiB/s sent_count 2 recvd_count 2 local_count 2 
server 2098 recvd 524288 bytes in 0.003590 seconds, 139.258151 MiB/s sent_count 2 recvd_count 2 local_count 2 
server 2099 recvd 524288 bytes in 0.003589 seconds, 139.302054 MiB/s sent_count 2 recvd_count 2 local_count 2 
server 2100 recvd 524288 bytes in 0.003590 seconds, 139.286877 MiB/s sent_count 2 recvd_count 2 local_count 2 
server 2106 recvd 524288 bytes in 0.003588 seconds, 139.342886 MiB/s sent_count 2 recvd_count 2 local_count 2 
server 2107 recvd 524288 bytes in 0.003590 seconds, 139.264023 MiB/s sent_count 2 recvd_count 2 local_count 2 
server 2108 recvd 524288 bytes in 0.003590 seconds, 139.293904 MiB/s sent_count 2 recvd_count 2 local_count 2 
server 2109 recvd 524288 bytes in 0.003589 seconds, 139.303926 MiB/s sent_count 2 recvd_count 2 local_count 2 
server 2115 recvd 524288 bytes in 0.003589 seconds, 139.296577 MiB/s sent_count 2 recvd_count 2 local_count 2 
server 2116 recvd 524288 bytes in 0.003590 seconds, 139.287410 MiB/s sent_count 2 recvd_count 2 local_count 2 
server 2117 recvd 524288 bytes in 0.003587 seconds, 139.374302 MiB/s sent_count 2 recvd_count 2 local_count 2 
server 2118 recvd 524288 bytes in 0.003590 seconds, 139.286687 MiB/s sent_count 2 recvd_count 2 local_count 2 
server 2124 recvd 524288 bytes in 0.003587 seconds, 139.401618 MiB/s sent_count 2 recvd_count 2 local_count 2 
server 2125 recvd 524288 bytes in 0.003590 seconds, 139.288159 MiB/s sent_count 2 recvd_count 2 local_count 2 
server 2126 recvd 524288 bytes in 0.003588 seconds, 139.363337 MiB/s sent_count 2 recvd_count 2 local_count 2 
server 2127 recvd 524288 bytes in 0.003590 seconds, 139.289769 MiB/s sent_count 2 recvd_count 2 local_count 2 
server 2133 recvd 524288 bytes in 0.003590 seconds, 139.283796 MiB/s sent_count 2 recvd_count 2 local_count 2 
server 2134 recvd 524288 bytes in 0.003590 seconds, 139.279125 MiB/s sent_count 2 recvd_count 2 local_count 2 
server 2135 recvd 524288 bytes in 0.003589 seconds, 139.299980 MiB/s sent_count 2 recvd_count 2 local_count 2 
server 2136 recvd 524288 bytes in 0.003589 seconds, 139.313063 MiB/s sent_count 2 recvd_count 2 local_count 2 
server 2142 recvd 524288 bytes in 0.003588 seconds, 139.363910 MiB/s sent_count 2 recvd_count 2 local_count 2 
server 2143 recvd 524288 bytes in 0.003590 seconds, 139.261645 MiB/s sent_count 2 recvd_count 2 local_count 2 
server 2144 recvd 524288 bytes in 0.003591 seconds, 139.250580 MiB/s sent_count 2 recvd_count 2 local_count 2 
server 2145 recvd 524288 bytes in 0.003591 seconds, 139.245809 MiB/s sent_count 2 recvd_count 2 local_count 2 
server 2151 recvd 524288 bytes in 0.003590 seconds, 139.271653 MiB/s sent_count 2 recvd_count 2 local_count 2 
server 2152 recvd 524288 bytes in 0.003590 seconds, 139.291349 MiB/s sent_count 2 recvd_count 2 local_count 2 
server 2153 recvd 524288 bytes in 0.003590 seconds, 139.263448 MiB/s sent_count 2 recvd_count 2 local_count 2 
server 2154 recvd 524288 bytes in 0.003589 seconds, 139.318999 MiB/s sent_count 2 recvd_count 2 local_count 2 
server 2160 recvd 524288 bytes in 0.003589 seconds, 139.300377 MiB/s sent_count 2 recvd_count 2 local_count 2 
server 2161 recvd 524288 bytes in 0.003591 seconds, 139.244943 MiB/s sent_count 2 recvd_count 2 local_count 2 
server 2162 recvd 524288 bytes in 0.003591 seconds, 139.252587 MiB/s sent_count 2 recvd_count 2 local_count 2 
server 2163 recvd 524288 bytes in 0.003589 seconds, 139.309525 MiB/s sent_count 2 recvd_count 2 local_count 2 
server 2169 recvd 524288 bytes in 0.003589 seconds, 139.330425 MiB/s sent_count 2 recvd_count 2 local_count 2 
server 2170 recvd 524288 bytes in 0.003588 seconds, 139.357100 MiB/s sent_count 2 recvd_count 2 local_count 2 
server 2171 recvd 524288 bytes in 0.003587 seconds, 139.393576 MiB/s sent_count 2 recvd_count 2 local_count 2 
server 2172 recvd 524288 bytes in 0.003590 seconds, 139.293803 MiB/s sent_count 2 recvd_count 2 local_count 2 
server 2178 recvd 524288 bytes in 0.003591 seconds, 139.234710 MiB/s sent_count 2 recvd_count 2 local_count 2 
server 2179 recvd 524288 bytes in 0.003590 seconds, 139.263612 MiB/s sent_count 2 recvd_count 2 local_count 2 
server 2180 recvd 524288 bytes in 0.003590 seconds, 139.286460 MiB/s sent_count 2 recvd_count 2 local_count 2 
server 2181 recvd 524288 bytes in 0.003590 seconds, 139.290780 MiB/s sent_count 2 recvd_count 2 local_count 2 
server 2187 recvd 524288 bytes in 0.003590 seconds, 139.281307 MiB/s sent_count 2 recvd_count 2 local_count 2 
server 2188 recvd 524288 bytes in 0.003587 seconds, 139.396245 MiB/s sent_count 2 recvd_count 2 local_count 2 
server 2189 recvd 524288 bytes in 0.003585 seconds, 139.486655 MiB/s sent_count 2 recvd_count 2 local_count 2 
server 2190 recvd 524288 bytes in 0.003589 seconds, 139.313987 MiB/s sent_count 2 recvd_count 2 local_count 2 
server 2196 recvd 524288 bytes in 0.003590 seconds, 139.294929 MiB/s sent_count 2 recvd_count 2 local_count 2 
server 2197 recvd 524288 bytes in 0.003589 seconds, 139.298676 MiB/s sent_count 2 recvd_count 2 local_count 2 
server 2198 recvd 524288 bytes in 0.003589 seconds, 139.321125 MiB/s sent_count 2 recvd_count 2 local_count 2 
server 2199 recvd 524288 bytes in 0.003585 seconds, 139.467108 MiB/s sent_count 2 recvd_count 2 local_count 2 
server 2205 recvd 524288 bytes in 0.003588 seconds, 139.346487 MiB/s sent_count 2 recvd_count 2 local_count 2 
server 2206 recvd 524288 bytes in 0.003589 seconds, 139.322505 MiB/s sent_count 2 recvd_count 2 local_count 2 
server 2207 recvd 524288 bytes in 0.003588 seconds, 139.341480 MiB/s sent_count 2 recvd_count 2 local_count 2 
server 2208 recvd 524288 bytes in 0.003591 seconds, 139.238948 MiB/s sent_count 2 recvd_count 2 local_count 2 
server 2214 recvd 524288 bytes in 0.003590 seconds, 139.287273 MiB/s sent_count 2 recvd_count 2 local_count 2 
server 2215 recvd 524288 bytes in 0.003587 seconds, 139.403010 MiB/s sent_count 2 recvd_count 2 local_count 2 
server 2216 recvd 524288 bytes in 0.003589 seconds, 139.310690 MiB/s sent_count 2 recvd_count 2 local_count 2 
server 2217 recvd 524288 bytes in 0.003588 seconds, 139.353143 MiB/s sent_count 2 recvd_count 2 local_count 2 
server 2223 recvd 524288 bytes in 0.003590 seconds, 139.281700 MiB/s sent_count 2 recvd_count 2 local_count 2 
server 2224 recvd 524288 bytes in 0.003589 seconds, 139.321404 MiB/s sent_count 2 recvd_count 2 local_count 2 
server 2225 recvd 524288 bytes in 0.003588 seconds, 139.367288 MiB/s sent_count 2 recvd_count 2 local_count 2 
server 2226 recvd 524288 bytes in 0.003589 seconds, 139.326962 MiB/s sent_count 2 recvd_count 2 local_count 2 
server 2232 recvd 524288 bytes in 0.003588 seconds, 139.336429 MiB/s sent_count 2 recvd_count 2 local_count 2 
server 2233 recvd 524288 bytes in 0.003590 seconds, 139.261454 MiB/s sent_count 2 recvd_count 2 local_count 2 
server 2234 recvd 524288 bytes in 0.003589 seconds, 139.330743 MiB/s sent_count 2 recvd_count 2 local_count 2 
server 2235 recvd 524288 bytes in 0.003589 seconds, 139.319523 MiB/s sent_count 2 recvd_count 2 local_count 2 
server 2241 recvd 524288 bytes in 0.003589 seconds, 139.322553 MiB/s sent_count 2 recvd_count 2 local_count 2 
server 2242 recvd 524288 bytes in 0.003588 seconds, 139.338290 MiB/s sent_count 2 recvd_count 2 local_count 2 
server 2243 recvd 524288 bytes in 0.003586 seconds, 139.424819 MiB/s sent_count 2 recvd_count 2 local_count 2 
server 2244 recvd 524288 bytes in 0.003588 seconds, 139.359690 MiB/s sent_count 2 recvd_count 2 local_count 2 
server 2250 recvd 524288 bytes in 0.003591 seconds, 139.249313 MiB/s sent_count 2 recvd_count 2 local_count 2 
server 2251 recvd 524288 bytes in 0.003588 seconds, 139.355089 MiB/s sent_count 2 recvd_count 2 local_count 2 
server 2252 recvd 524288 bytes in 0.003590 seconds, 139.291725 MiB/s sent_count 2 recvd_count 2 local_count 2 
server 2253 recvd 524288 bytes in 0.003590 seconds, 139.286164 MiB/s sent_count 2 recvd_count 2 local_count 2 
server 2259 recvd 524288 bytes in 0.003590 seconds, 139.294021 MiB/s sent_count 2 recvd_count 2 local_count 2 
server 2260 recvd 524288 bytes in 0.003590 seconds, 139.285851 MiB/s sent_count 2 recvd_count 2 local_count 2 
server 2261 recvd 524288 bytes in 0.003590 seconds, 139.279126 MiB/s sent_count 2 recvd_count 2 local_count 2 
server 2262 recvd 524288 bytes in 0.003588 seconds, 139.349895 MiB/s sent_count 2 recvd_count 2 local_count 2 
server 2268 recvd 524288 bytes in 0.003587 seconds, 139.376449 MiB/s sent_count 2 recvd_count 2 local_count 2 
server 2269 recvd 524288 bytes in 0.003590 seconds, 139.263911 MiB/s sent_count 2 recvd_count 2 local_count 2 
server 2270 recvd 524288 bytes in 0.003590 seconds, 139.278867 MiB/s sent_count 2 recvd_count 2 local_count 2 
server 2271 recvd 524288 bytes in 0.003589 seconds, 139.296437 MiB/s sent_count 2 recvd_count 2 local_count 2 
server 2277 recvd 524288 bytes in 0.003590 seconds, 139.291680 MiB/s sent_count 2 recvd_count 2 local_count 2 
server 2278 recvd 524288 bytes in 0.003591 seconds, 139.239171 MiB/s sent_count 2 recvd_count 2 local_count 2 
server 2279 recvd 524288 bytes in 0.003586 seconds, 139.449482 MiB/s sent_count 2 recvd_count 2 local_count 2 
server 2280 recvd 524288 bytes in 0.003590 seconds, 139.259467 MiB/s sent_count 2 recvd_count 2 local_count 2 
server 2286 recvd 524288 bytes in 0.003591 seconds, 139.235297 MiB/s sent_count 2 recvd_count 2 local_count 2 
server 2287 recvd 524288 bytes in 0.003591 seconds, 139.238720 MiB/s sent_count 2 recvd_count 2 local_count 2 
server 2288 recvd 524288 bytes in 0.003591 seconds, 139.254234 MiB/s sent_count 2 recvd_count 2 local_count 2 
server 2289 recvd 524288 bytes in 0.003586 seconds, 139.440178 MiB/s sent_count 2 recvd_count 2 local_count 2 
server 2295 recvd 524288 bytes in 0.003591 seconds, 139.245296 MiB/s sent_count 2 recvd_count 2 local_count 2 
server 2296 recvd 524288 bytes in 0.003587 seconds, 139.377071 MiB/s sent_count 2 recvd_count 2 local_count 2 
server 2297 recvd 524288 bytes in 0.003591 seconds, 139.244179 MiB/s sent_count 2 recvd_count 2 local_count 2 
server 2298 recvd 524288 bytes in 0.003588 seconds, 139.353331 MiB/s sent_count 2 recvd_count 2 local_count 2 
server 2304 recvd 524288 bytes in 0.003591 seconds, 139.244880 MiB/s sent_count 2 recvd_count 2 local_count 2 
server 2305 recvd 524288 bytes in 0.003586 seconds, 139.445175 MiB/s sent_count 2 recvd_count 2 local_count 2 
server 2306 recvd 524288 bytes in 0.003587 seconds, 139.383865 MiB/s sent_count 2 recvd_count 2 local_count 2 
server 2307 recvd 524288 bytes in 0.003587 seconds, 139.410362 MiB/s sent_count 2 recvd_count 2 local_count 2 
server 2313 recvd 524288 bytes in 0.003588 seconds, 139.371264 MiB/s sent_count 2 recvd_count 2 local_count 2 
server 2314 recvd 524288 bytes in 0.003590 seconds, 139.285696 MiB/s sent_count 2 recvd_count 2 local_count 2 
server 2315 recvd 524288 bytes in 0.003590 seconds, 139.283503 MiB/s sent_count 2 recvd_count 2 local_count 2 
server 2316 recvd 524288 bytes in 0.003590 seconds, 139.281537 MiB/s sent_count 2 recvd_count 2 local_count 2 
server 2322 recvd 524288 bytes in 0.003590 seconds, 139.265328 MiB/s sent_count 2 recvd_count 2 local_count 2 
server 2323 recvd 524288 bytes in 0.003589 seconds, 139.303966 MiB/s sent_count 2 recvd_count 2 local_count 2 
server 2324 recvd 524288 bytes in 0.003590 seconds, 139.274970 MiB/s sent_count 2 recvd_count 2 local_count 2 
server 2325 recvd 524288 bytes in 0.003591 seconds, 139.240325 MiB/s sent_count 2 recvd_count 2 local_count 2 
server 2331 recvd 524288 bytes in 0.003587 seconds, 139.402992 MiB/s sent_count 2 recvd_count 2 local_count 2 
server 2332 recvd 524288 bytes in 0.003588 seconds, 139.339465 MiB/s sent_count 2 recvd_count 2 local_count 2 
server 2333 recvd 524288 bytes in 0.003587 seconds, 139.389783 MiB/s sent_count 2 recvd_count 2 local_count 2 
server 2334 recvd 524288 bytes in 0.003589 seconds, 139.327335 MiB/s sent_count 2 recvd_count 2 local_count 2 
server 2340 recvd 524288 bytes in 0.003588 seconds, 139.355838 MiB/s sent_count 2 recvd_count 2 local_count 2 
server 2341 recvd 524288 bytes in 0.003589 seconds, 139.307843 MiB/s sent_count 2 recvd_count 2 local_count 2 
server 2342 recvd 524288 bytes in 0.003589 seconds, 139.325211 MiB/s sent_count 2 recvd_count 2 local_count 2 
server 2343 recvd 524288 bytes in 0.003591 seconds, 139.249116 MiB/s sent_count 2 recvd_count 2 local_count 2 
server 2349 recvd 524288 bytes in 0.003590 seconds, 139.270579 MiB/s sent_count 2 recvd_count 2 local_count 2 
server 2350 recvd 524288 bytes in 0.003588 seconds, 139.337681 MiB/s sent_count 2 recvd_count 2 local_count 2 
server 2351 recvd 524288 bytes in 0.003589 seconds, 139.332789 MiB/s sent_count 2 recvd_count 2 local_count 2 
server 2352 recvd 524288 bytes in 0.003589 seconds, 139.327884 MiB/s sent_count 2 recvd_count 2 local_count 2 
server 2358 recvd 524288 bytes in 0.003591 seconds, 139.244953 MiB/s sent_count 2 recvd_count 2 local_count 2 
server 2359 recvd 524288 bytes in 0.003590 seconds, 139.294982 MiB/s sent_count 2 recvd_count 2 local_count 2 
server 2360 recvd 524288 bytes in 0.003589 seconds, 139.324234 MiB/s sent_count 2 recvd_count 2 local_count 2 
server 2361 recvd 524288 bytes in 0.003589 seconds, 139.320775 MiB/s sent_count 2 recvd_count 2 local_count 2 
server 2367 recvd 524288 bytes in 0.003589 seconds, 139.297617 MiB/s sent_count 2 recvd_count 2 local_count 2 
server 2368 recvd 524288 bytes in 0.003590 seconds, 139.270711 MiB/s sent_count 2 recvd_count 2 local_count 2 
server 2369 recvd 524288 bytes in 0.003586 seconds, 139.424460 MiB/s sent_count 2 recvd_count 2 local_count 2 
server 2370 recvd 524288 bytes in 0.003589 seconds, 139.309766 MiB/s sent_count 2 recvd_count 2 local_count 2 

	: Running Time = 253.1671 seconds

TW Library Statistics:
	Total Events Processed                               249788683
	Events Aborted (part of RBs)                                 0
	Events Rolled Back                                           0
	Event Ties Detected in PE Queues                             0
	Efficiency                                              100.00 %
	Total Remote (shared mem) Events Processed                   0
	Percent Remote Events                                     0.00 %
	Total Remote (network) Events Processed                      0
	Percent Remote Events                                     0.00 %

	Total Roll Backs                                             0
	Primary Roll Backs                                           0
	Secondary Roll Backs                                         0
	Fossil Collect Attempts                                      0
	Total GVT Computations                                       0

	Net Events Processed                                 249788683
	Event Rate (events/sec)                               986655.5
	Total Events Scheduled Past End Time                         0

TW Memory Statistics:
	Events Allocated                                        608273
	Memory Allocated                                        510663
	Memory Wasted                                              375

TW Data Structure sizes in bytes (sizeof):
	PE struct                                                 1328
	KP struct                                                  320
	LP struct                                                  320
	LP Model struct                                            112
	LP RNGs                                                     80
	Total LP                                                   512
	Event struct                                               344
	Event struct with Model                                    856

TW Clock Cycle Statistics (MAX values in secs at 1.0000 GHz):
	Initialization                                          8.0882
	Priority Queue (enq/deq)                              168.8183
	AVL Tree (insert/delete)                                0.0000
	LZ4 (de)compression                                     0.0000
	Buddy system                                            0.0000
	Event Processing                                      602.8814
	Event Cancel                                            0.0000
	Event Abort                                             0.0000

	GVT                                                     0.0000
	Fossil Collect                                          0.0000
	Primary Rollbacks                                       0.0000
	Network Read                                            0.0000
	Other Network                                           0.0000
	Instrumentation (computation)                           0.0000
	Instrumentation (write)                                 0.0000
	Total Time (Note: Using Running Time above for Speedup)    656.2093

TW GVT Statistics: MPI AllReduce
	GVT Interval                                                16
	GVT Real Time Interval (cycles)                    0
	GVT Real Time Interval (sec)                        0.00000000
	Batch Size                                                  16

	Forced GVT                                                   0
	Total GVT Computations                                       0
	Total All Reduce Calls                                       0
	Average Reduction / GVT                                   -nan
 Average number of hops traversed 3.750000 average chunk latency 1659.830669 us maximum chunk latency 3296.609084 us avg message size 262144.000000 bytes finished messages 2112 finished chunks 17301504 

 Total packets generated 1081344 finished 1081344 
