interval,event,switch,switch_name,port,target_type,target_index,capacity_mbit,queued_before_mbit,sent_mbit,queued_after_mbit,shared_queued_before_mbit,shared_queued_after_mbit,shared_buffer_mbit,dropped_mbit,active_queue_entries
1,egress,0,VLAN4012,3,terminal,3,20000,0,16793.3,0,0,0,909.28,0,0
2,egress,0,VLAN4012,3,terminal,3,20000,0,3358.66,0,0,0,909.28,0,0
3,egress,0,VLAN4012,3,terminal,3,20000,0,0,0,0,0,909.28,0,0
4,egress,0,VLAN4012,3,terminal,3,20000,0,6717.33,0,0,0,909.28,0,0
5,egress,0,VLAN4012,3,terminal,3,20000,0,3358.66,0,0,0,909.28,0,0
6,egress,0,VLAN4012,3,terminal,3,20000,0,3358.66,0,0,0,909.28,0,0
7,egress,0,VLAN4012,3,terminal,3,20000,0,3384.43,0,0,0,909.28,0,0
8,egress,0,VLAN4012,3,terminal,3,20000,0,0,0,0,0,909.28,0,0
9,egress,0,VLAN4012,3,terminal,3,20000,0,3384.43,0,0,0,909.28,0,0
10,egress,0,VLAN4012,3,terminal,3,20000,0,3384.43,0,0,0,909.28,0,0
11,egress,0,VLAN4012,3,terminal,3,20000,0,6768.87,0,0,0,909.28,0,0
12,egress,0,VLAN4012,3,terminal,3,20000,0,3384.43,0,0,0,909.28,0,0
13,egress,0,VLAN4012,3,terminal,3,20000,0,0,0,0,0,909.28,0,0
14,egress,0,VLAN4012,3,terminal,3,20000,0,6768.87,0,0,0,909.28,0,0
15,egress,0,VLAN4012,3,terminal,3,20000,0,3384.43,0,0,0,909.28,0,0
16,egress,0,VLAN4012,3,terminal,3,20000,0,3384.43,0,0,0,909.28,0,0
17,egress,0,VLAN4012,3,terminal,3,20000,0,0,0,0,0,909.28,0,0
18,egress,0,VLAN4012,3,terminal,3,20000,0,3350.07,0,0,0,909.28,0,0
19,egress,0,VLAN4012,3,terminal,3,20000,0,3350.07,0,0,0,909.28,0,0
20,egress,0,VLAN4012,3,terminal,3,20000,0,3350.07,0,0,0,909.28,0,0
21,egress,0,VLAN4012,3,terminal,3,20000,0,6700.15,0,0,0,909.28,0,0
22,egress,0,VLAN4012,3,terminal,3,20000,0,0,0,0,0,909.28,0,0
23,egress,0,VLAN4012,3,terminal,3,20000,0,6700.15,0,0,0,909.28,0,0
24,egress,0,VLAN4012,3,terminal,3,20000,0,0,0,0,0,909.28,0,0
25,egress,0,VLAN4012,3,terminal,3,20000,0,3350.07,0,0,0,909.28,0,0
26,egress,0,VLAN4012,3,terminal,3,20000,0,6700.15,0,0,0,909.28,0,0
27,egress,0,VLAN4012,3,terminal,3,20000,0,3350.07,0,0,0,909.28,0,0
28,egress,0,VLAN4012,3,terminal,3,20000,0,0,0,0,0,909.28,0,0
29,egress,0,VLAN4012,3,terminal,3,20000,0,3350.07,0,0,0,909.28,0,0
30,egress,0,VLAN4012,3,terminal,3,20000,0,3350.07,0,0,0,909.28,0,0
31,egress,0,VLAN4012,3,terminal,3,20000,0,6700.15,0,0,0,909.28,0,0
32,egress,0,VLAN4012,3,terminal,3,20000,0,0,0,0,0,909.28,0,0
33,egress,0,VLAN4012,3,terminal,3,20000,0,6700.15,0,0,0,909.28,0,0
34,egress,0,VLAN4012,3,terminal,3,20000,0,3350.07,0,0,0,909.28,0,0
35,egress,0,VLAN4012,3,terminal,3,20000,0,0,0,0,0,909.28,0,0
36,egress,0,VLAN4012,3,terminal,3,20000,0,3350.07,0,0,0,909.28,0,0
37,egress,0,VLAN4012,3,terminal,3,20000,0,3350.07,0,0,0,909.28,0,0
38,egress,0,VLAN4012,3,terminal,3,20000,0,6700.15,0,0,0,909.28,0,0
39,egress,0,VLAN4012,3,terminal,3,20000,0,3350.07,0,0,0,909.28,0,0
40,egress,0,VLAN4012,3,terminal,3,20000,0,0,0,0,0,909.28,0,0
41,egress,0,VLAN4012,3,terminal,3,20000,0,3350.07,0,0,0,909.28,0,0
42,egress,0,VLAN4012,3,terminal,3,20000,0,3350.07,0,0,0,909.28,0,0
43,egress,0,VLAN4012,3,terminal,3,20000,0,3350.07,0,0,0,909.28,0,0
44,egress,0,VLAN4012,3,terminal,3,20000,0,3350.07,0,0,0,909.28,0,0
45,egress,0,VLAN4012,3,terminal,3,20000,0,3350.07,0,0,0,909.28,0,0
46,egress,0,VLAN4012,3,terminal,3,20000,0,3350.07,0,0,0,909.28,0,0
47,egress,0,VLAN4012,3,terminal,3,20000,0,3350.07,0,0,0,909.28,0,0
48,egress,0,VLAN4012,3,terminal,3,20000,0,3332.89,0,0,0,909.28,0,0
49,egress,0,VLAN4012,3,terminal,3,20000,0,3332.89,0,0,0,909.28,0,0
50,egress,0,VLAN4012,3,terminal,3,20000,0,3332.89,0,0,0,909.28,0,0
51,egress,0,VLAN4012,3,terminal,3,20000,0,3332.89,0,0,0,909.28,0,0
52,egress,0,VLAN4012,3,terminal,3,20000,0,3332.89,0,0,0,909.28,0,0
53,egress,0,VLAN4012,3,terminal,3,20000,0,6665.79,0,0,0,909.28,0,0
54,egress,0,VLAN4012,3,terminal,3,20000,0,0,0,0,0,909.28,0,0
55,egress,0,VLAN4012,3,terminal,3,20000,0,3332.89,0,0,0,909.28,0,0
56,egress,0,VLAN4012,3,terminal,3,20000,0,6665.79,0,0,0,909.28,0,0
57,egress,0,VLAN4012,3,terminal,3,20000,0,0,0,0,0,909.28,0,0
58,egress,0,VLAN4012,3,terminal,3,20000,0,6648.61,0,0,0,909.28,0,0
59,egress,0,VLAN4012,3,terminal,3,20000,0,0,0,0,0,909.28,0,0
60,egress,0,VLAN4012,3,terminal,3,20000,0,3324.3,0,0,0,909.28,0,0
61,egress,0,VLAN4012,3,terminal,3,20000,0,3324.3,0,0,0,909.28,0,0
62,egress,0,VLAN4012,3,terminal,3,20000,0,3324.3,0,0,0,909.28,0,0
63,egress,0,VLAN4012,3,terminal,3,20000,0,6648.61,0,0,0,909.28,0,0
64,egress,0,VLAN4012,3,terminal,3,20000,0,0,0,0,0,909.28,0,0
65,egress,0,VLAN4012,3,terminal,3,20000,0,3324.3,0,0,0,909.28,0,0
66,egress,0,VLAN4012,3,terminal,3,20000,0,6648.61,0,0,0,909.28,0,0
67,egress,0,VLAN4012,3,terminal,3,20000,0,0,0,0,0,909.28,0,0
68,egress,0,VLAN4012,3,terminal,3,20000,0,6614.25,0,0,0,909.28,0,0
69,egress,0,VLAN4012,3,terminal,3,20000,0,0,0,0,0,909.28,0,0
70,egress,0,VLAN4012,3,terminal,3,20000,0,3307.12,0,0,0,909.28,0,0
71,egress,0,VLAN4012,3,terminal,3,20000,0,3307.12,0,0,0,909.28,0,0
72,egress,0,VLAN4012,3,terminal,3,20000,0,3307.12,0,0,0,909.28,0,0
73,egress,0,VLAN4012,3,terminal,3,20000,0,6614.25,0,0,0,909.28,0,0
74,egress,0,VLAN4012,3,terminal,3,20000,0,3307.12,0,0,0,909.28,0,0
75,egress,0,VLAN4012,3,terminal,3,20000,0,0,0,0,0,909.28,0,0
76,egress,0,VLAN4012,3,terminal,3,20000,0,6614.25,0,0,0,909.28,0,0
77,egress,0,VLAN4012,3,terminal,3,20000,0,3272.77,0,0,0,909.28,0,0
78,egress,0,VLAN4012,3,terminal,3,20000,0,0,0,0,0,909.28,0,0
79,egress,0,VLAN4012,3,terminal,3,20000,0,6545.53,0,0,0,909.28,0,0
80,egress,0,VLAN4012,3,terminal,3,20000,0,3272.77,0,0,0,909.28,0,0
81,egress,0,VLAN4012,3,terminal,3,20000,0,0,0,0,0,909.28,0,0
82,egress,0,VLAN4012,3,terminal,3,20000,0,6545.53,0,0,0,909.28,0,0
83,egress,0,VLAN4012,3,terminal,3,20000,0,3272.77,0,0,0,909.28,0,0
84,egress,0,VLAN4012,3,terminal,3,20000,0,0,0,0,0,909.28,0,0
85,egress,0,VLAN4012,3,terminal,3,20000,0,3272.77,0,0,0,909.28,0,0
86,egress,0,VLAN4012,3,terminal,3,20000,0,6545.53,0,0,0,909.28,0,0
87,egress,0,VLAN4012,3,terminal,3,20000,0,3247,0,0,0,909.28,0,0
88,egress,0,VLAN4012,3,terminal,3,20000,0,3247,0,0,0,909.28,0,0
89,egress,0,VLAN4012,3,terminal,3,20000,0,3247,0,0,0,909.28,0,0
90,egress,0,VLAN4012,3,terminal,3,20000,0,3247,0,0,0,909.28,0,0
91,egress,0,VLAN4012,3,terminal,3,20000,0,0,0,0,0,909.28,0,0
92,egress,0,VLAN4012,3,terminal,3,20000,0,3247,0,0,0,909.28,0,0
93,egress,0,VLAN4012,3,terminal,3,20000,0,6493.99,0,0,0,909.28,0,0
94,egress,0,VLAN4012,3,terminal,3,20000,0,0,0,0,0,909.28,0,0
95,egress,0,VLAN4012,3,terminal,3,20000,0,3247,0,0,0,909.28,0,0
96,egress,0,VLAN4012,3,terminal,3,20000,0,6493.99,0,0,0,909.28,0,0
97,egress,0,VLAN4012,3,terminal,3,20000,0,0,0,0,0,909.28,0,0
98,egress,0,VLAN4012,3,terminal,3,20000,0,6493.99,0,0,0,909.28,0,0
99,egress,0,VLAN4012,3,terminal,3,20000,0,3247,0,0,0,909.28,0,0
100,egress,0,VLAN4012,3,terminal,3,20000,0,0,0,0,0,909.28,0,0
101,egress,0,VLAN4012,3,terminal,3,20000,0,6493.99,0,0,0,909.28,0,0
102,egress,0,VLAN4012,3,terminal,3,20000,0,3247,0,0,0,909.28,0,0
103,egress,0,VLAN4012,3,terminal,3,20000,0,3247,0,0,0,909.28,0,0
104,egress,0,VLAN4012,3,terminal,3,20000,0,0,0,0,0,909.28,0,0
105,egress,0,VLAN4012,3,terminal,3,20000,0,3247,0,0,0,909.28,0,0
106,egress,0,VLAN4012,3,terminal,3,20000,0,6493.99,0,0,0,909.28,0,0
107,egress,0,VLAN4012,3,terminal,3,20000,0,3255.59,0,0,0,909.28,0,0
108,egress,0,VLAN4012,3,terminal,3,20000,0,0,0,0,0,909.28,0,0
109,egress,0,VLAN4012,3,terminal,3,20000,0,6511.17,0,0,0,909.28,0,0
110,egress,0,VLAN4012,3,terminal,3,20000,0,0,0,0,0,909.28,0,0
111,egress,0,VLAN4012,3,terminal,3,20000,0,6511.17,0,0,0,909.28,0,0
112,egress,0,VLAN4012,3,terminal,3,20000,0,3255.59,0,0,0,909.28,0,0
113,egress,0,VLAN4012,3,terminal,3,20000,0,0,0,0,0,909.28,0,0
114,egress,0,VLAN4012,3,terminal,3,20000,0,6511.17,0,0,0,909.28,0,0
115,egress,0,VLAN4012,3,terminal,3,20000,0,3255.59,0,0,0,909.28,0,0
116,egress,0,VLAN4012,3,terminal,3,20000,0,3255.59,0,0,0,909.28,0,0
117,egress,0,VLAN4012,3,terminal,3,20000,0,0,0,0,0,909.28,0,0
118,egress,0,VLAN4012,3,terminal,3,20000,0,3229.82,0,0,0,909.28,0,0
119,egress,0,VLAN4012,3,terminal,3,20000,0,6459.63,0,0,0,909.28,0,0
120,egress,0,VLAN4012,3,terminal,3,20000,0,3229.82,0,0,0,909.28,0,0
121,egress,0,VLAN4012,3,terminal,3,20000,0,3229.82,0,0,0,909.28,0,0
122,egress,0,VLAN4012,3,terminal,3,20000,0,3229.82,0,0,0,909.28,0,0
123,egress,0,VLAN4012,3,terminal,3,20000,0,0,0,0,0,909.28,0,0
124,egress,0,VLAN4012,3,terminal,3,20000,0,6459.63,0,0,0,909.28,0,0
125,egress,0,VLAN4012,3,terminal,3,20000,0,3229.82,0,0,0,909.28,0,0
126,egress,0,VLAN4012,3,terminal,3,20000,0,3229.82,0,0,0,909.28,0,0
127,egress,0,VLAN4012,3,terminal,3,20000,0,0,0,0,0,909.28,0,0
128,egress,0,VLAN4012,3,terminal,3,20000,0,6459.63,0,0,0,909.28,0,0
129,egress,0,VLAN4012,3,terminal,3,20000,0,3229.82,0,0,0,909.28,0,0
130,egress,0,VLAN4012,3,terminal,3,20000,0,0,0,0,0,909.28,0,0
131,egress,0,VLAN4012,3,terminal,3,20000,0,6459.63,0,0,0,909.28,0,0
132,egress,0,VLAN4012,3,terminal,3,20000,0,3229.82,0,0,0,909.28,0,0
133,egress,0,VLAN4012,3,terminal,3,20000,0,3229.82,0,0,0,909.28,0,0
134,egress,0,VLAN4012,3,terminal,3,20000,0,0,0,0,0,909.28,0,0
135,egress,0,VLAN4012,3,terminal,3,20000,0,6459.63,0,0,0,909.28,0,0
136,egress,0,VLAN4012,3,terminal,3,20000,0,3229.82,0,0,0,909.28,0,0
137,egress,0,VLAN4012,3,terminal,3,20000,0,0,0,0,0,909.28,0,0
138,egress,0,VLAN4012,3,terminal,3,20000,0,3204.05,0,0,0,909.28,0,0
139,egress,0,VLAN4012,3,terminal,3,20000,0,3204.05,0,0,0,909.28,0,0
140,egress,0,VLAN4012,3,terminal,3,20000,0,3204.05,0,0,0,909.28,0,0
141,egress,0,VLAN4012,3,terminal,3,20000,0,6408.09,0,0,0,909.28,0,0
142,egress,0,VLAN4012,3,terminal,3,20000,0,3204.05,0,0,0,909.28,0,0
143,egress,0,VLAN4012,3,terminal,3,20000,0,0,0,0,0,909.28,0,0
144,egress,0,VLAN4012,3,terminal,3,20000,0,3204.05,0,0,0,909.28,0,0
145,egress,0,VLAN4012,3,terminal,3,20000,0,6408.09,0,0,0,909.28,0,0
146,egress,0,VLAN4012,3,terminal,3,20000,0,3204.05,0,0,0,909.28,0,0
147,egress,0,VLAN4012,3,terminal,3,20000,0,3161.1,0,0,0,909.28,0,0
148,egress,0,VLAN4012,3,terminal,3,20000,0,3161.1,0,0,0,909.28,0,0
149,egress,0,VLAN4012,3,terminal,3,20000,0,3161.1,0,0,0,909.28,0,0
150,egress,0,VLAN4012,3,terminal,3,20000,0,3161.1,0,0,0,909.28,0,0
151,egress,0,VLAN4012,3,terminal,3,20000,0,3161.1,0,0,0,909.28,0,0
152,egress,0,VLAN4012,3,terminal,3,20000,0,3161.1,0,0,0,909.28,0,0
153,egress,0,VLAN4012,3,terminal,3,20000,0,3161.1,0,0,0,909.28,0,0
154,egress,0,VLAN4012,3,terminal,3,20000,0,3161.1,0,0,0,909.28,0,0
155,egress,0,VLAN4012,3,terminal,3,20000,0,3161.1,0,0,0,909.28,0,0
156,egress,0,VLAN4012,3,terminal,3,20000,0,3161.1,0,0,0,909.28,0,0
157,egress,0,VLAN4012,3,terminal,3,20000,0,3152.51,0,0,0,909.28,0,0
158,egress,0,VLAN4012,3,terminal,3,20000,0,3152.51,0,0,0,909.28,0,0
159,egress,0,VLAN4012,3,terminal,3,20000,0,3152.51,0,0,0,909.28,0,0
160,egress,0,VLAN4012,3,terminal,3,20000,0,0,0,0,0,909.28,0,0
161,egress,0,VLAN4012,3,terminal,3,20000,0,6305.01,0,0,0,909.28,0,0
162,egress,0,VLAN4012,3,terminal,3,20000,0,3152.51,0,0,0,909.28,0,0
163,egress,0,VLAN4012,3,terminal,3,20000,0,3152.51,0,0,0,909.28,0,0
164,egress,0,VLAN4012,3,terminal,3,20000,0,3152.51,0,0,0,909.28,0,0
165,egress,0,VLAN4012,3,terminal,3,20000,0,0,0,0,0,909.28,0,0
166,egress,0,VLAN4012,3,terminal,3,20000,0,6305.01,0,0,0,909.28,0,0
167,egress,0,VLAN4012,3,terminal,3,20000,0,0,0,0,0,909.28,0,0
168,egress,0,VLAN4012,3,terminal,3,20000,0,6270.65,0,0,0,909.28,0,0
169,egress,0,VLAN4012,3,terminal,3,20000,0,3135.33,0,0,0,909.28,0,0
170,egress,0,VLAN4012,3,terminal,3,20000,0,0,0,0,0,909.28,0,0
171,egress,0,VLAN4012,3,terminal,3,20000,0,6270.65,0,0,0,909.28,0,0
172,egress,0,VLAN4012,3,terminal,3,20000,0,3135.33,0,0,0,909.28,0,0
173,egress,0,VLAN4012,3,terminal,3,20000,0,3135.33,0,0,0,909.28,0,0
174,egress,0,VLAN4012,3,terminal,3,20000,0,3135.33,0,0,0,909.28,0,0
175,egress,0,VLAN4012,3,terminal,3,20000,0,3135.33,0,0,0,909.28,0,0
176,egress,0,VLAN4012,3,terminal,3,20000,0,3135.33,0,0,0,909.28,0,0
177,egress,0,VLAN4012,3,terminal,3,20000,0,3118.15,0,0,0,909.28,0,0
178,egress,0,VLAN4012,3,terminal,3,20000,0,3118.15,0,0,0,909.28,0,0
179,egress,0,VLAN4012,3,terminal,3,20000,0,3118.15,0,0,0,909.28,0,0
180,egress,0,VLAN4012,3,terminal,3,20000,0,0,0,0,0,909.28,0,0
181,egress,0,VLAN4012,3,terminal,3,20000,0,6236.29,0,0,0,909.28,0,0
182,egress,0,VLAN4012,3,terminal,3,20000,0,3118.15,0,0,0,909.28,0,0
183,egress,0,VLAN4012,3,terminal,3,20000,0,3118.15,0,0,0,909.28,0,0
184,egress,0,VLAN4012,3,terminal,3,20000,0,3118.15,0,0,0,909.28,0,0
185,egress,0,VLAN4012,3,terminal,3,20000,0,0,0,0,0,909.28,0,0
186,egress,0,VLAN4012,3,terminal,3,20000,0,6236.29,0,0,0,909.28,0,0
187,egress,0,VLAN4012,3,terminal,3,20000,0,0,0,0,0,909.28,0,0
188,egress,0,VLAN4012,3,terminal,3,20000,0,6270.65,0,0,0,909.28,0,0
189,egress,0,VLAN4012,3,terminal,3,20000,0,3135.33,0,0,0,909.28,0,0
190,egress,0,VLAN4012,3,terminal,3,20000,0,3135.33,0,0,0,909.28,0,0
191,egress,0,VLAN4012,3,terminal,3,20000,0,3135.33,0,0,0,909.28,0,0
192,egress,0,VLAN4012,3,terminal,3,20000,0,3135.33,0,0,0,909.28,0,0
193,egress,0,VLAN4012,3,terminal,3,20000,0,3135.33,0,0,0,909.28,0,0
194,egress,0,VLAN4012,3,terminal,3,20000,0,3135.33,0,0,0,909.28,0,0
195,egress,0,VLAN4012,3,terminal,3,20000,0,3135.33,0,0,0,909.28,0,0
196,egress,0,VLAN4012,3,terminal,3,20000,0,3135.33,0,0,0,909.28,0,0
197,egress,0,VLAN4012,3,terminal,3,20000,0,3152.51,0,0,0,909.28,0,0
198,egress,0,VLAN4012,3,terminal,3,20000,0,3152.51,0,0,0,909.28,0,0
199,egress,0,VLAN4012,3,terminal,3,20000,0,3152.51,0,0,0,909.28,0,0
200,egress,0,VLAN4012,3,terminal,3,20000,0,3152.51,0,0,0,909.28,0,0
201,egress,0,VLAN4012,3,terminal,3,20000,0,3152.51,0,0,0,909.28,0,0
202,egress,0,VLAN4012,3,terminal,3,20000,0,3152.51,0,0,0,909.28,0,0
203,egress,0,VLAN4012,3,terminal,3,20000,0,3152.51,0,0,0,909.28,0,0
204,egress,0,VLAN4012,3,terminal,3,20000,0,3152.51,0,0,0,909.28,0,0
205,egress,0,VLAN4012,3,terminal,3,20000,0,3152.51,0,0,0,909.28,0,0
206,egress,0,VLAN4012,3,terminal,3,20000,0,3152.51,0,0,0,909.28,0,0
207,egress,0,VLAN4012,3,terminal,3,20000,0,3152.51,0,0,0,909.28,0,0
208,egress,0,VLAN4012,3,terminal,3,20000,0,0,0,0,0,909.28,0,0
209,egress,0,VLAN4012,3,terminal,3,20000,0,6305.01,0,0,0,909.28,0,0
210,egress,0,VLAN4012,3,terminal,3,20000,0,0,0,0,0,909.28,0,0
211,egress,0,VLAN4012,3,terminal,3,20000,0,6305.01,0,0,0,909.28,0,0
212,egress,0,VLAN4012,3,terminal,3,20000,0,3152.51,0,0,0,909.28,0,0
213,egress,0,VLAN4012,3,terminal,3,20000,0,3152.51,0,0,0,909.28,0,0
214,egress,0,VLAN4012,3,terminal,3,20000,0,3152.51,0,0,0,909.28,0,0
215,egress,0,VLAN4012,3,terminal,3,20000,0,3152.51,0,0,0,909.28,0,0
216,egress,0,VLAN4012,3,terminal,3,20000,0,3152.51,0,0,0,909.28,0,0
217,egress,0,VLAN4012,3,terminal,3,20000,0,3143.92,0,0,0,909.28,0,0
218,egress,0,VLAN4012,3,terminal,3,20000,0,3143.92,0,0,0,909.28,0,0
219,egress,0,VLAN4012,3,terminal,3,20000,0,3143.92,0,0,0,909.28,0,0
220,egress,0,VLAN4012,3,terminal,3,20000,0,3143.92,0,0,0,909.28,0,0
221,egress,0,VLAN4012,3,terminal,3,20000,0,3143.92,0,0,0,909.28,0,0
222,egress,0,VLAN4012,3,terminal,3,20000,0,3143.92,0,0,0,909.28,0,0
223,egress,0,VLAN4012,3,terminal,3,20000,0,0,0,0,0,909.28,0,0
224,egress,0,VLAN4012,3,terminal,3,20000,0,6287.83,0,0,0,909.28,0,0
225,egress,0,VLAN4012,3,terminal,3,20000,0,0,0,0,0,909.28,0,0
226,egress,0,VLAN4012,3,terminal,3,20000,0,6287.83,0,0,0,909.28,0,0
227,egress,0,VLAN4012,3,terminal,3,20000,0,3075.2,0,0,0,909.28,0,0
228,egress,0,VLAN4012,3,terminal,3,20000,0,0,0,0,0,909.28,0,0
229,egress,0,VLAN4012,3,terminal,3,20000,0,6150.39,0,0,0,909.28,0,0
230,egress,0,VLAN4012,3,terminal,3,20000,0,3075.2,0,0,0,909.28,0,0
231,egress,0,VLAN4012,3,terminal,3,20000,0,3075.2,0,0,0,909.28,0,0
232,egress,0,VLAN4012,3,terminal,3,20000,0,3075.2,0,0,0,909.28,0,0
233,egress,0,VLAN4012,3,terminal,3,20000,0,3075.2,0,0,0,909.28,0,0
234,egress,0,VLAN4012,3,terminal,3,20000,0,3075.2,0,0,0,909.28,0,0
235,egress,0,VLAN4012,3,terminal,3,20000,0,0,0,0,0,909.28,0,0
236,egress,0,VLAN4012,3,terminal,3,20000,0,6150.39,0,0,0,909.28,0,0
237,egress,0,VLAN4012,3,terminal,3,20000,0,3092.38,0,0,0,909.28,0,0
238,egress,0,VLAN4012,3,terminal,3,20000,0,3092.38,0,0,0,909.28,0,0
239,egress,0,VLAN4012,3,terminal,3,20000,0,3092.38,0,0,0,909.28,0,0
240,egress,0,VLAN4012,3,terminal,3,20000,0,3092.38,0,0,0,909.28,0,0
241,egress,0,VLAN4012,3,terminal,3,20000,0,3092.38,0,0,0,909.28,0,0
242,egress,0,VLAN4012,3,terminal,3,20000,0,3092.38,0,0,0,909.28,0,0
243,egress,0,VLAN4012,3,terminal,3,20000,0,0,0,0,0,909.28,0,0
244,egress,0,VLAN4012,3,terminal,3,20000,0,6184.75,0,0,0,909.28,0,0
245,egress,0,VLAN4012,3,terminal,3,20000,0,0,0,0,0,909.28,0,0
246,egress,0,VLAN4012,3,terminal,3,20000,0,6184.75,0,0,0,909.28,0,0
247,egress,0,VLAN4012,3,terminal,3,20000,0,3092.38,0,0,0,909.28,0,0
248,egress,0,VLAN4012,3,terminal,3,20000,0,3092.38,0,0,0,909.28,0,0
249,egress,0,VLAN4012,3,terminal,3,20000,0,3092.38,0,0,0,909.28,0,0
250,egress,0,VLAN4012,3,terminal,3,20000,0,3092.38,0,0,0,909.28,0,0
251,egress,0,VLAN4012,3,terminal,3,20000,0,3092.38,0,0,0,909.28,0,0
252,egress,0,VLAN4012,3,terminal,3,20000,0,3092.38,0,0,0,909.28,0,0
253,egress,0,VLAN4012,3,terminal,3,20000,0,0,0,0,0,909.28,0,0
254,egress,0,VLAN4012,3,terminal,3,20000,0,6184.75,0,0,0,909.28,0,0
255,egress,0,VLAN4012,3,terminal,3,20000,0,0,0,0,0,909.28,0,0
256,egress,0,VLAN4012,3,terminal,3,20000,0,6184.75,0,0,0,909.28,0,0
257,egress,0,VLAN4012,3,terminal,3,20000,0,3100.97,0,0,0,909.28,0,0
258,egress,0,VLAN4012,3,terminal,3,20000,0,3100.97,0,0,0,909.28,0,0
259,egress,0,VLAN4012,3,terminal,3,20000,0,3100.97,0,0,0,909.28,0,0
260,egress,0,VLAN4012,3,terminal,3,20000,0,0,0,0,0,909.28,0,0
261,egress,0,VLAN4012,3,terminal,3,20000,0,6201.93,0,0,0,909.28,0,0
262,egress,0,VLAN4012,3,terminal,3,20000,0,3100.97,0,0,0,909.28,0,0
263,egress,0,VLAN4012,3,terminal,3,20000,0,3100.97,0,0,0,909.28,0,0
264,egress,0,VLAN4012,3,terminal,3,20000,0,3100.97,0,0,0,909.28,0,0
265,egress,0,VLAN4012,3,terminal,3,20000,0,3100.97,0,0,0,909.28,0,0
266,egress,0,VLAN4012,3,terminal,3,20000,0,3100.97,0,0,0,909.28,0,0
267,egress,0,VLAN4012,3,terminal,3,20000,0,3092.38,0,0,0,909.28,0,0
268,egress,0,VLAN4012,3,terminal,3,20000,0,0,0,0,0,909.28,0,0
269,egress,0,VLAN4012,3,terminal,3,20000,0,6184.75,0,0,0,909.28,0,0
270,egress,0,VLAN4012,3,terminal,3,20000,0,0,0,0,0,909.28,0,0
271,egress,0,VLAN4012,3,terminal,3,20000,0,6184.75,0,0,0,909.28,0,0
272,egress,0,VLAN4012,3,terminal,3,20000,0,3092.38,0,0,0,909.28,0,0
273,egress,0,VLAN4012,3,terminal,3,20000,0,0,0,0,0,909.28,0,0
274,egress,0,VLAN4012,3,terminal,3,20000,0,6184.75,0,0,0,909.28,0,0
275,egress,0,VLAN4012,3,terminal,3,20000,0,3092.38,0,0,0,909.28,0,0
276,egress,0,VLAN4012,3,terminal,3,20000,0,3092.38,0,0,0,909.28,0,0
277,egress,0,VLAN4012,3,terminal,3,20000,0,3100.97,0,0,0,909.28,0,0
278,egress,0,VLAN4012,3,terminal,3,20000,0,3100.97,0,0,0,909.28,0,0
279,egress,0,VLAN4012,3,terminal,3,20000,0,3100.97,0,0,0,909.28,0,0
280,egress,0,VLAN4012,3,terminal,3,20000,0,0,0,0,0,909.28,0,0
281,egress,0,VLAN4012,3,terminal,3,20000,0,6201.93,0,0,0,909.28,0,0
282,egress,0,VLAN4012,3,terminal,3,20000,0,3100.97,0,0,0,909.28,0,0
283,egress,0,VLAN4012,3,terminal,3,20000,0,3100.97,0,0,0,909.28,0,0
284,egress,0,VLAN4012,3,terminal,3,20000,0,3100.97,0,0,0,909.28,0,0
285,egress,0,VLAN4012,3,terminal,3,20000,0,3100.97,0,0,0,909.28,0,0
286,egress,0,VLAN4012,3,terminal,3,20000,0,3100.97,0,0,0,909.28,0,0
287,egress,0,VLAN4012,3,terminal,3,20000,0,3118.15,0,0,0,909.28,0,0
288,egress,0,VLAN4012,3,terminal,3,20000,0,3118.15,0,0,0,909.28,0,0
289,egress,0,VLAN4012,3,terminal,3,20000,0,3118.15,0,0,0,909.28,0,0
290,egress,0,VLAN4012,3,terminal,3,20000,0,0,0,0,0,909.28,0,0
291,egress,0,VLAN4012,3,terminal,3,20000,0,6236.29,0,0,0,909.28,0,0
292,egress,0,VLAN4012,3,terminal,3,20000,0,3118.15,0,0,0,909.28,0,0
293,egress,0,VLAN4012,3,terminal,3,20000,0,0,0,0,0,909.28,0,0
294,egress,0,VLAN4012,3,terminal,3,20000,0,6236.29,0,0,0,909.28,0,0
295,egress,0,VLAN4012,3,terminal,3,20000,0,3118.15,0,0,0,909.28,0,0
296,egress,0,VLAN4012,3,terminal,3,20000,0,3118.15,0,0,0,909.28,0,0
297,egress,0,VLAN4012,3,terminal,3,20000,0,3118.15,0,0,0,909.28,0,0
298,egress,0,VLAN4012,3,terminal,3,20000,0,0,0,0,0,909.28,0,0
299,egress,0,VLAN4012,3,terminal,3,20000,0,6236.29,0,0,0,909.28,0,0
300,egress,0,VLAN4012,3,terminal,3,20000,0,3118.15,0,0,0,909.28,0,0
301,egress,0,VLAN4012,3,terminal,3,20000,0,3118.15,0,0,0,909.28,0,0
302,egress,0,VLAN4012,3,terminal,3,20000,0,3118.15,0,0,0,909.28,0,0
303,egress,0,VLAN4012,3,terminal,3,20000,0,0,0,0,0,909.28,0,0
304,egress,0,VLAN4012,3,terminal,3,20000,0,6236.29,0,0,0,909.28,0,0
305,egress,0,VLAN4012,3,terminal,3,20000,0,0,0,0,0,909.28,0,0
306,egress,0,VLAN4012,3,terminal,3,20000,0,6236.29,0,0,0,909.28,0,0
307,egress,0,VLAN4012,3,terminal,3,20000,0,3126.74,0,0,0,909.28,0,0
308,egress,0,VLAN4012,3,terminal,3,20000,0,0,0,0,0,909.28,0,0
309,egress,0,VLAN4012,3,terminal,3,20000,0,6253.47,0,0,0,909.28,0,0
310,egress,0,VLAN4012,3,terminal,3,20000,0,0,0,0,0,909.28,0,0
311,egress,0,VLAN4012,3,terminal,3,20000,0,6253.47,0,0,0,909.28,0,0
312,egress,0,VLAN4012,3,terminal,3,20000,0,3126.74,0,0,0,909.28,0,0
313,egress,0,VLAN4012,3,terminal,3,20000,0,0,0,0,0,909.28,0,0
314,egress,0,VLAN4012,3,terminal,3,20000,0,6253.47,0,0,0,909.28,0,0
315,egress,0,VLAN4012,3,terminal,3,20000,0,0,0,0,0,909.28,0,0
316,egress,0,VLAN4012,3,terminal,3,20000,0,6253.47,0,0,0,909.28,0,0
317,egress,0,VLAN4012,3,terminal,3,20000,0,3135.33,0,0,0,909.28,0,0
318,egress,0,VLAN4012,3,terminal,3,20000,0,0,0,0,0,909.28,0,0
319,egress,0,VLAN4012,3,terminal,3,20000,0,3135.33,0,0,0,909.28,0,0
320,egress,0,VLAN4012,3,terminal,3,20000,0,3135.33,0,0,0,909.28,0,0
321,egress,0,VLAN4012,3,terminal,3,20000,0,6270.65,0,0,0,909.28,0,0
322,egress,0,VLAN4012,3,terminal,3,20000,0,0,0,0,0,909.28,0,0
323,egress,0,VLAN4012,3,terminal,3,20000,0,3135.33,0,0,0,909.28,0,0
324,egress,0,VLAN4012,3,terminal,3,20000,0,3135.33,0,0,0,909.28,0,0
325,egress,0,VLAN4012,3,terminal,3,20000,0,3135.33,0,0,0,909.28,0,0
326,egress,0,VLAN4012,3,terminal,3,20000,0,6270.65,0,0,0,909.28,0,0
327,egress,0,VLAN4012,3,terminal,3,20000,0,0,0,0,0,909.28,0,0
328,egress,0,VLAN4012,3,terminal,3,20000,0,3109.56,0,0,0,909.28,0,0
329,egress,0,VLAN4012,3,terminal,3,20000,0,3109.56,0,0,0,909.28,0,0
330,egress,0,VLAN4012,3,terminal,3,20000,0,3109.56,0,0,0,909.28,0,0
331,egress,0,VLAN4012,3,terminal,3,20000,0,3109.56,0,0,0,909.28,0,0
332,egress,0,VLAN4012,3,terminal,3,20000,0,6219.11,0,0,0,909.28,0,0
333,egress,0,VLAN4012,3,terminal,3,20000,0,3109.56,0,0,0,909.28,0,0
334,egress,0,VLAN4012,3,terminal,3,20000,0,0,0,0,0,909.28,0,0
335,egress,0,VLAN4012,3,terminal,3,20000,0,6219.11,0,0,0,909.28,0,0
336,egress,0,VLAN4012,3,terminal,3,20000,0,3109.56,0,0,0,909.28,0,0
337,egress,0,VLAN4012,3,terminal,3,20000,0,3083.79,0,0,0,909.28,0,0
338,egress,0,VLAN4012,3,terminal,3,20000,0,0,0,0,0,909.28,0,0
339,egress,0,VLAN4012,3,terminal,3,20000,0,3083.79,0,0,0,909.28,0,0
340,egress,0,VLAN4012,3,terminal,3,20000,0,6167.57,0,0,0,909.28,0,0
341,egress,0,VLAN4012,3,terminal,3,20000,0,3083.79,0,0,0,909.28,0,0
342,egress,0,VLAN4012,3,terminal,3,20000,0,0,0,0,0,909.28,0,0
343,egress,0,VLAN4012,3,terminal,3,20000,0,3083.79,0,0,0,909.28,0,0
344,egress,0,VLAN4012,3,terminal,3,20000,0,3083.79,0,0,0,909.28,0,0
345,egress,0,VLAN4012,3,terminal,3,20000,0,6167.57,0,0,0,909.28,0,0
346,egress,0,VLAN4012,3,terminal,3,20000,0,0,0,0,0,909.28,0,0
347,egress,0,VLAN4012,3,terminal,3,20000,0,3083.79,0,0,0,909.28,0,0
348,egress,0,VLAN4012,3,terminal,3,20000,0,6150.39,0,0,0,909.28,0,0
349,egress,0,VLAN4012,3,terminal,3,20000,0,0,0,0,0,909.28,0,0
350,egress,0,VLAN4012,3,terminal,3,20000,0,3075.2,0,0,0,909.28,0,0
351,egress,0,VLAN4012,3,terminal,3,20000,0,6150.39,0,0,0,909.28,0,0
352,egress,0,VLAN4012,3,terminal,3,20000,0,3075.2,0,0,0,909.28,0,0
353,egress,0,VLAN4012,3,terminal,3,20000,0,3075.2,0,0,0,909.28,0,0
354,egress,0,VLAN4012,3,terminal,3,20000,0,0,0,0,0,909.28,0,0
355,egress,0,VLAN4012,3,terminal,3,20000,0,3075.2,0,0,0,909.28,0,0
356,egress,0,VLAN4012,3,terminal,3,20000,0,6150.39,0,0,0,909.28,0,0
357,egress,0,VLAN4012,3,terminal,3,20000,0,0,0,0,0,909.28,0,0
358,egress,0,VLAN4012,3,terminal,3,20000,0,3040.84,0,0,0,909.28,0,0
359,egress,0,VLAN4012,3,terminal,3,20000,0,3040.84,0,0,0,909.28,0,0
360,egress,0,VLAN4012,3,terminal,3,20000,0,3040.84,0,0,0,909.28,0,0
361,egress,0,VLAN4012,3,terminal,3,20000,0,6081.67,0,0,0,909.28,0,0
362,egress,0,VLAN4012,3,terminal,3,20000,0,0,0,0,0,909.28,0,0
363,egress,0,VLAN4012,3,terminal,3,20000,0,3040.84,0,0,0,909.28,0,0
364,egress,0,VLAN4012,3,terminal,3,20000,0,3040.84,0,0,0,909.28,0,0
365,egress,0,VLAN4012,3,terminal,3,20000,0,3040.84,0,0,0,909.28,0,0
366,egress,0,VLAN4012,3,terminal,3,20000,0,6081.67,0,0,0,909.28,0,0
367,egress,0,VLAN4012,3,terminal,3,20000,0,3032.25,0,0,0,909.28,0,0
368,egress,0,VLAN4012,3,terminal,3,20000,0,0,0,0,0,909.28,0,0
369,egress,0,VLAN4012,3,terminal,3,20000,0,3032.25,0,0,0,909.28,0,0
370,egress,0,VLAN4012,3,terminal,3,20000,0,3032.25,0,0,0,909.28,0,0
371,egress,0,VLAN4012,3,terminal,3,20000,0,3032.25,0,0,0,909.28,0,0
372,egress,0,VLAN4012,3,terminal,3,20000,0,6064.49,0,0,0,909.28,0,0
373,egress,0,VLAN4012,3,terminal,3,20000,0,0,0,0,0,909.28,0,0
374,egress,0,VLAN4012,3,terminal,3,20000,0,3032.25,0,0,0,909.28,0,0
375,egress,0,VLAN4012,3,terminal,3,20000,0,3032.25,0,0,0,909.28,0,0
376,egress,0,VLAN4012,3,terminal,3,20000,0,6064.49,0,0,0,909.28,0,0
377,egress,0,VLAN4012,3,terminal,3,20000,0,3032.25,0,0,0,909.28,0,0
378,egress,0,VLAN4012,3,terminal,3,20000,0,0,0,0,0,909.28,0,0
379,egress,0,VLAN4012,3,terminal,3,20000,0,3032.25,0,0,0,909.28,0,0
380,egress,0,VLAN4012,3,terminal,3,20000,0,3032.25,0,0,0,909.28,0,0
381,egress,0,VLAN4012,3,terminal,3,20000,0,6064.49,0,0,0,909.28,0,0
382,egress,0,VLAN4012,3,terminal,3,20000,0,0,0,0,0,909.28,0,0
383,egress,0,VLAN4012,3,terminal,3,20000,0,6064.49,0,0,0,909.28,0,0
384,egress,0,VLAN4012,3,terminal,3,20000,0,0,0,0,0,909.28,0,0
385,egress,0,VLAN4012,3,terminal,3,20000,0,3032.25,0,0,0,909.28,0,0
386,egress,0,VLAN4012,3,terminal,3,20000,0,6064.49,0,0,0,909.28,0,0
387,egress,0,VLAN4012,3,terminal,3,20000,0,3032.25,0,0,0,909.28,0,0
388,egress,0,VLAN4012,3,terminal,3,20000,0,0,0,0,0,909.28,0,0
389,egress,0,VLAN4012,3,terminal,3,20000,0,6064.49,0,0,0,909.28,0,0
390,egress,0,VLAN4012,3,terminal,3,20000,0,0,0,0,0,909.28,0,0
391,egress,0,VLAN4012,3,terminal,3,20000,0,3032.25,0,0,0,909.28,0,0
392,egress,0,VLAN4012,3,terminal,3,20000,0,3032.25,0,0,0,909.28,0,0
393,egress,0,VLAN4012,3,terminal,3,20000,0,6064.49,0,0,0,909.28,0,0
394,egress,0,VLAN4012,3,terminal,3,20000,0,3032.25,0,0,0,909.28,0,0
395,egress,0,VLAN4012,3,terminal,3,20000,0,0,0,0,0,909.28,0,0
396,egress,0,VLAN4012,3,terminal,3,20000,0,3032.25,0,0,0,909.28,0,0
397,egress,0,VLAN4012,3,terminal,3,20000,0,3032.25,0,0,0,909.28,0,0
398,egress,0,VLAN4012,3,terminal,3,20000,0,6081.67,0,0,0,909.28,0,0
399,egress,0,VLAN4012,3,terminal,3,20000,0,3040.84,0,0,0,909.28,0,0
400,egress,0,VLAN4012,3,terminal,3,20000,0,0,0,0,0,909.28,0,0
401,egress,0,VLAN4012,3,terminal,3,20000,0,3040.84,0,0,0,909.28,0,0
402,egress,0,VLAN4012,3,terminal,3,20000,0,3040.84,0,0,0,909.28,0,0
403,egress,0,VLAN4012,3,terminal,3,20000,0,6081.67,0,0,0,909.28,0,0
404,egress,0,VLAN4012,3,terminal,3,20000,0,0,0,0,0,909.28,0,0
405,egress,0,VLAN4012,3,terminal,3,20000,0,3040.84,0,0,0,909.28,0,0
406,egress,0,VLAN4012,3,terminal,3,20000,0,3040.84,0,0,0,909.28,0,0
407,egress,0,VLAN4012,3,terminal,3,20000,0,6064.49,0,0,0,909.28,0,0
408,egress,0,VLAN4012,3,terminal,3,20000,0,0,0,0,0,909.28,0,0
409,egress,0,VLAN4012,3,terminal,3,20000,0,6047.31,0,0,0,909.28,0,0
410,egress,0,VLAN4012,3,terminal,3,20000,0,0,0,0,0,909.28,0,0
411,egress,0,VLAN4012,3,terminal,3,20000,0,6047.31,0,0,0,909.28,0,0
412,egress,0,VLAN4012,3,terminal,3,20000,0,0,0,0,0,909.28,0,0
413,egress,0,VLAN4012,3,terminal,3,20000,0,6047.31,0,0,0,909.28,0,0
414,egress,0,VLAN4012,3,terminal,3,20000,0,3023.66,0,0,0,909.28,0,0
415,egress,0,VLAN4012,3,terminal,3,20000,0,0,0,0,0,909.28,0,0
416,egress,0,VLAN4012,3,terminal,3,20000,0,3023.66,0,0,0,909.28,0,0
417,egress,0,VLAN4012,3,terminal,3,20000,0,3023.66,0,0,0,909.28,0,0
418,egress,0,VLAN4012,3,terminal,3,20000,0,3023.66,0,0,0,909.28,0,0
419,egress,0,VLAN4012,3,terminal,3,20000,0,3023.66,0,0,0,909.28,0,0
420,egress,0,VLAN4012,3,terminal,3,20000,0,3023.66,0,0,0,909.28,0,0
421,egress,0,VLAN4012,3,terminal,3,20000,0,6047.31,0,0,0,909.28,0,0
422,egress,0,VLAN4012,3,terminal,3,20000,0,0,0,0,0,909.28,0,0
423,egress,0,VLAN4012,3,terminal,3,20000,0,3023.66,0,0,0,909.28,0,0
424,egress,0,VLAN4012,3,terminal,3,20000,0,6047.31,0,0,0,909.28,0,0
425,egress,0,VLAN4012,3,terminal,3,20000,0,0,0,0,0,909.28,0,0
426,egress,0,VLAN4012,3,terminal,3,20000,0,6047.31,0,0,0,909.28,0,0
427,egress,0,VLAN4012,3,terminal,3,20000,0,0,0,0,0,909.28,0,0
428,egress,0,VLAN4012,3,terminal,3,20000,0,5995.77,0,0,0,909.28,0,0
429,egress,0,VLAN4012,3,terminal,3,20000,0,0,0,0,0,909.28,0,0
430,egress,0,VLAN4012,3,terminal,3,20000,0,2997.89,0,0,0,909.28,0,0
431,egress,0,VLAN4012,3,terminal,3,20000,0,2997.89,0,0,0,909.28,0,0
432,egress,0,VLAN4012,3,terminal,3,20000,0,5995.77,0,0,0,909.28,0,0
433,egress,0,VLAN4012,3,terminal,3,20000,0,2997.89,0,0,0,909.28,0,0
434,egress,0,VLAN4012,3,terminal,3,20000,0,2997.89,0,0,0,909.28,0,0
435,egress,0,VLAN4012,3,terminal,3,20000,0,0,0,0,0,909.28,0,0
436,egress,0,VLAN4012,3,terminal,3,20000,0,2997.89,0,0,0,909.28,0,0
437,egress,0,VLAN4012,3,terminal,3,20000,0,5995.77,0,0,0,909.28,0,0
438,egress,0,VLAN4012,3,terminal,3,20000,0,2997.89,0,0,0,909.28,0,0
439,egress,0,VLAN4012,3,terminal,3,20000,0,2997.89,0,0,0,909.28,0,0
440,egress,0,VLAN4012,3,terminal,3,20000,0,0,0,0,0,909.28,0,0
441,egress,0,VLAN4012,3,terminal,3,20000,0,5995.77,0,0,0,909.28,0,0
442,egress,0,VLAN4012,3,terminal,3,20000,0,0,0,0,0,909.28,0,0
443,egress,0,VLAN4012,3,terminal,3,20000,0,5995.77,0,0,0,909.28,0,0
444,egress,0,VLAN4012,3,terminal,3,20000,0,2997.89,0,0,0,909.28,0,0
445,egress,0,VLAN4012,3,terminal,3,20000,0,0,0,0,0,909.28,0,0
446,egress,0,VLAN4012,3,terminal,3,20000,0,5995.77,0,0,0,909.28,0,0
447,egress,0,VLAN4012,3,terminal,3,20000,0,0,0,0,0,909.28,0,0
448,egress,0,VLAN4012,3,terminal,3,20000,0,3006.48,0,0,0,909.28,0,0
449,egress,0,VLAN4012,3,terminal,3,20000,0,3006.48,0,0,0,909.28,0,0
450,egress,0,VLAN4012,3,terminal,3,20000,0,3006.48,0,0,0,909.28,0,0
451,egress,0,VLAN4012,3,terminal,3,20000,0,6012.95,0,0,0,909.28,0,0
452,egress,0,VLAN4012,3,terminal,3,20000,0,3006.48,0,0,0,909.28,0,0
453,egress,0,VLAN4012,3,terminal,3,20000,0,0,0,0,0,909.28,0,0
454,egress,0,VLAN4012,3,terminal,3,20000,0,6012.95,0,0,0,909.28,0,0
455,egress,0,VLAN4012,3,terminal,3,20000,0,0,0,0,0,909.28,0,0
456,egress,0,VLAN4012,3,terminal,3,20000,0,6012.95,0,0,0,909.28,0,0
457,egress,0,VLAN4012,3,terminal,3,20000,0,3015.07,0,0,0,909.28,0,0
458,egress,0,VLAN4012,3,terminal,3,20000,0,0,0,0,0,909.28,0,0
459,egress,0,VLAN4012,3,terminal,3,20000,0,6030.13,0,0,0,909.28,0,0
460,egress,0,VLAN4012,3,terminal,3,20000,0,0,0,0,0,909.28,0,0
461,egress,0,VLAN4012,3,terminal,3,20000,0,6030.13,0,0,0,909.28,0,0
462,egress,0,VLAN4012,3,terminal,3,20000,0,0,0,0,0,909.28,0,0
463,egress,0,VLAN4012,3,terminal,3,20000,0,6030.13,0,0,0,909.28,0,0
464,egress,0,VLAN4012,3,terminal,3,20000,0,0,0,0,0,909.28,0,0
465,egress,0,VLAN4012,3,terminal,3,20000,0,3015.07,0,0,0,909.28,0,0
466,egress,0,VLAN4012,3,terminal,3,20000,0,6030.13,0,0,0,909.28,0,0
467,egress,0,VLAN4012,3,terminal,3,20000,0,2954.94,0,0,0,909.28,0,0
468,egress,0,VLAN4012,3,terminal,3,20000,0,2954.94,0,0,0,909.28,0,0
469,egress,0,VLAN4012,3,terminal,3,20000,0,2954.94,0,0,0,909.28,0,0
470,egress,0,VLAN4012,3,terminal,3,20000,0,0,0,0,0,909.28,0,0
471,egress,0,VLAN4012,3,terminal,3,20000,0,5909.88,0,0,0,909.28,0,0
472,egress,0,VLAN4012,3,terminal,3,20000,0,2954.94,0,0,0,909.28,0,0
473,egress,0,VLAN4012,3,terminal,3,20000,0,0,0,0,0,909.28,0,0
474,egress,0,VLAN4012,3,terminal,3,20000,0,5909.88,0,0,0,909.28,0,0
475,egress,0,VLAN4012,3,terminal,3,20000,0,0,0,0,0,909.28,0,0
476,egress,0,VLAN4012,3,terminal,3,20000,0,2954.94,0,0,0,909.28,0,0
477,egress,0,VLAN4012,3,terminal,3,20000,0,2954.94,0,0,0,909.28,0,0
478,egress,0,VLAN4012,3,terminal,3,20000,0,5875.52,0,0,0,909.28,0,0
479,egress,0,VLAN4012,3,terminal,3,20000,0,0,0,0,0,909.28,0,0
480,egress,0,VLAN4012,3,terminal,3,20000,0,2937.76,0,0,0,909.28,0,0
481,egress,0,VLAN4012,3,terminal,3,20000,0,5875.52,0,0,0,909.28,0,0
482,egress,0,VLAN4012,3,terminal,3,20000,0,0,0,0,0,909.28,0,0
483,egress,0,VLAN4012,3,terminal,3,20000,0,5875.52,0,0,0,909.28,0,0
484,egress,0,VLAN4012,3,terminal,3,20000,0,0,0,0,0,909.28,0,0
485,egress,0,VLAN4012,3,terminal,3,20000,0,2937.76,0,0,0,909.28,0,0
486,egress,0,VLAN4012,3,terminal,3,20000,0,5875.52,0,0,0,909.28,0,0
487,egress,0,VLAN4012,3,terminal,3,20000,0,0,0,0,0,909.28,0,0
488,egress,0,VLAN4012,3,terminal,3,20000,0,2954.94,0,0,0,909.28,0,0
489,egress,0,VLAN4012,3,terminal,3,20000,0,5909.88,0,0,0,909.28,0,0
490,egress,0,VLAN4012,3,terminal,3,20000,0,0,0,0,0,909.28,0,0
491,egress,0,VLAN4012,3,terminal,3,20000,0,5909.88,0,0,0,909.28,0,0
492,egress,0,VLAN4012,3,terminal,3,20000,0,0,0,0,0,909.28,0,0
493,egress,0,VLAN4012,3,terminal,3,20000,0,2954.94,0,0,0,909.28,0,0
494,egress,0,VLAN4012,3,terminal,3,20000,0,5909.88,0,0,0,909.28,0,0
495,egress,0,VLAN4012,3,terminal,3,20000,0,0,0,0,0,909.28,0,0
496,egress,0,VLAN4012,3,terminal,3,20000,0,2954.94,0,0,0,909.28,0,0
497,egress,0,VLAN4012,3,terminal,3,20000,0,5970,0,0,0,909.28,0,0
498,egress,0,VLAN4012,3,terminal,3,20000,0,3015.07,0,0,0,909.28,0,0
499,egress,0,VLAN4012,3,terminal,3,20000,0,0,0,0,0,909.28,0,0
500,egress,0,VLAN4012,3,terminal,3,20000,0,3015.07,0,0,0,909.28,0,0
501,egress,0,VLAN4012,3,terminal,3,20000,0,6030.13,0,0,0,909.28,0,0
502,egress,0,VLAN4012,3,terminal,3,20000,0,3015.07,0,0,0,909.28,0,0
503,egress,0,VLAN4012,3,terminal,3,20000,0,0,0,0,0,909.28,0,0
504,egress,0,VLAN4012,3,terminal,3,20000,0,6030.13,0,0,0,909.28,0,0
505,egress,0,VLAN4012,3,terminal,3,20000,0,0,0,0,0,909.28,0,0
506,egress,0,VLAN4012,3,terminal,3,20000,0,6030.13,0,0,0,909.28,0,0
507,egress,0,VLAN4012,3,terminal,3,20000,0,3006.48,0,0,0,909.28,0,0
508,egress,0,VLAN4012,3,terminal,3,20000,0,0,0,0,0,909.28,0,0
509,egress,0,VLAN4012,3,terminal,3,20000,0,6012.95,0,0,0,909.28,0,0
510,egress,0,VLAN4012,3,terminal,3,20000,0,0,0,0,0,909.28,0,0
511,egress,0,VLAN4012,3,terminal,3,20000,0,6012.95,0,0,0,909.28,0,0
512,egress,0,VLAN4012,3,terminal,3,20000,0,3006.48,0,0,0,909.28,0,0
513,egress,0,VLAN4012,3,terminal,3,20000,0,0,0,0,0,909.28,0,0
514,egress,0,VLAN4012,3,terminal,3,20000,0,3006.48,0,0,0,909.28,0,0
515,egress,0,VLAN4012,3,terminal,3,20000,0,3006.48,0,0,0,909.28,0,0
516,egress,0,VLAN4012,3,terminal,3,20000,0,6012.95,0,0,0,909.28,0,0
517,egress,0,VLAN4012,3,terminal,3,20000,0,0,0,0,0,909.28,0,0
518,egress,0,VLAN4012,3,terminal,3,20000,0,3015.07,0,0,0,909.28,0,0
519,egress,0,VLAN4012,3,terminal,3,20000,0,3015.07,0,0,0,909.28,0,0
520,egress,0,VLAN4012,3,terminal,3,20000,0,3015.07,0,0,0,909.28,0,0
521,egress,0,VLAN4012,3,terminal,3,20000,0,3015.07,0,0,0,909.28,0,0
522,egress,0,VLAN4012,3,terminal,3,20000,0,6030.13,0,0,0,909.28,0,0
523,egress,0,VLAN4012,3,terminal,3,20000,0,0,0,0,0,909.28,0,0
524,egress,0,VLAN4012,3,terminal,3,20000,0,3015.07,0,0,0,909.28,0,0
525,egress,0,VLAN4012,3,terminal,3,20000,0,3015.07,0,0,0,909.28,0,0
526,egress,0,VLAN4012,3,terminal,3,20000,0,6030.13,0,0,0,909.28,0,0
527,egress,0,VLAN4012,3,terminal,3,20000,0,0,0,0,0,909.28,0,0
528,egress,0,VLAN4012,3,terminal,3,20000,0,6012.95,0,0,0,909.28,0,0
529,egress,0,VLAN4012,3,terminal,3,20000,0,0,0,0,0,909.28,0,0
530,egress,0,VLAN4012,3,terminal,3,20000,0,3006.48,0,0,0,909.28,0,0
531,egress,0,VLAN4012,3,terminal,3,20000,0,3006.48,0,0,0,909.28,0,0
532,egress,0,VLAN4012,3,terminal,3,20000,0,6012.95,0,0,0,909.28,0,0
533,egress,0,VLAN4012,3,terminal,3,20000,0,0,0,0,0,909.28,0,0
534,egress,0,VLAN4012,3,terminal,3,20000,0,3006.48,0,0,0,909.28,0,0
535,egress,0,VLAN4012,3,terminal,3,20000,0,3006.48,0,0,0,909.28,0,0
536,egress,0,VLAN4012,3,terminal,3,20000,0,6012.95,0,0,0,909.28,0,0
537,egress,0,VLAN4012,3,terminal,3,20000,0,0,0,0,0,909.28,0,0
538,egress,0,VLAN4012,3,terminal,3,20000,0,3006.48,0,0,0,909.28,0,0
539,egress,0,VLAN4012,3,terminal,3,20000,0,6012.95,0,0,0,909.28,0,0
540,egress,0,VLAN4012,3,terminal,3,20000,0,0,0,0,0,909.28,0,0
541,egress,0,VLAN4012,3,terminal,3,20000,0,3006.48,0,0,0,909.28,0,0
542,egress,0,VLAN4012,3,terminal,3,20000,0,3006.48,0,0,0,909.28,0,0
543,egress,0,VLAN4012,3,terminal,3,20000,0,3006.48,0,0,0,909.28,0,0
544,egress,0,VLAN4012,3,terminal,3,20000,0,3006.48,0,0,0,909.28,0,0
545,egress,0,VLAN4012,3,terminal,3,20000,0,3006.48,0,0,0,909.28,0,0
546,egress,0,VLAN4012,3,terminal,3,20000,0,3006.48,0,0,0,909.28,0,0
547,egress,0,VLAN4012,3,terminal,3,20000,0,3006.48,0,0,0,909.28,0,0
548,egress,0,VLAN4012,3,terminal,3,20000,0,3015.07,0,0,0,909.28,0,0
549,egress,0,VLAN4012,3,terminal,3,20000,0,3015.07,0,0,0,909.28,0,0
550,egress,0,VLAN4012,3,terminal,3,20000,0,3015.07,0,0,0,909.28,0,0
551,egress,0,VLAN4012,3,terminal,3,20000,0,3015.07,0,0,0,909.28,0,0
552,egress,0,VLAN4012,3,terminal,3,20000,0,3015.07,0,0,0,909.28,0,0
553,egress,0,VLAN4012,3,terminal,3,20000,0,6030.13,0,0,0,909.28,0,0
554,egress,0,VLAN4012,3,terminal,3,20000,0,3015.07,0,0,0,909.28,0,0
555,egress,0,VLAN4012,3,terminal,3,20000,0,0,0,0,0,909.28,0,0
556,egress,0,VLAN4012,3,terminal,3,20000,0,6030.13,0,0,0,909.28,0,0
557,egress,0,VLAN4012,3,terminal,3,20000,0,3023.66,0,0,0,909.28,0,0
558,egress,0,VLAN4012,3,terminal,3,20000,0,0,0,0,0,909.28,0,0
559,egress,0,VLAN4012,3,terminal,3,20000,0,6047.31,0,0,0,909.28,0,0
560,egress,0,VLAN4012,3,terminal,3,20000,0,0,0,0,0,909.28,0,0
561,egress,0,VLAN4012,3,terminal,3,20000,0,3023.66,0,0,0,909.28,0,0
562,egress,0,VLAN4012,3,terminal,3,20000,0,3023.66,0,0,0,909.28,0,0
563,egress,0,VLAN4012,3,terminal,3,20000,0,6047.31,0,0,0,909.28,0,0
564,egress,0,VLAN4012,3,terminal,3,20000,0,3023.66,0,0,0,909.28,0,0
565,egress,0,VLAN4012,3,terminal,3,20000,0,0,0,0,0,909.28,0,0
566,egress,0,VLAN4012,3,terminal,3,20000,0,6047.31,0,0,0,909.28,0,0
567,egress,0,VLAN4012,3,terminal,3,20000,0,3040.84,0,0,0,909.28,0,0
568,egress,0,VLAN4012,3,terminal,3,20000,0,3040.84,0,0,0,909.28,0,0
569,egress,0,VLAN4012,3,terminal,3,20000,0,3040.84,0,0,0,909.28,0,0
570,egress,0,VLAN4012,3,terminal,3,20000,0,0,0,0,0,909.28,0,0
571,egress,0,VLAN4012,3,terminal,3,20000,0,6081.67,0,0,0,909.28,0,0
572,egress,0,VLAN4012,3,terminal,3,20000,0,3040.84,0,0,0,909.28,0,0
573,egress,0,VLAN4012,3,terminal,3,20000,0,0,0,0,0,909.28,0,0
574,egress,0,VLAN4012,3,terminal,3,20000,0,6081.67,0,0,0,909.28,0,0
575,egress,0,VLAN4012,3,terminal,3,20000,0,0,0,0,0,909.28,0,0
576,egress,0,VLAN4012,3,terminal,3,20000,0,6081.67,0,0,0,909.28,0,0
577,egress,0,VLAN4012,3,terminal,3,20000,0,3023.66,0,0,0,909.28,0,0
578,egress,0,VLAN4012,3,terminal,3,20000,0,3023.66,0,0,0,909.28,0,0
579,egress,0,VLAN4012,3,terminal,3,20000,0,3023.66,0,0,0,909.28,0,0
580,egress,0,VLAN4012,3,terminal,3,20000,0,0,0,0,0,909.28,0,0
581,egress,0,VLAN4012,3,terminal,3,20000,0,3023.66,0,0,0,909.28,0,0
582,egress,0,VLAN4012,3,terminal,3,20000,0,3023.66,0,0,0,909.28,0,0
583,egress,0,VLAN4012,3,terminal,3,20000,0,6047.31,0,0,0,909.28,0,0
584,egress,0,VLAN4012,3,terminal,3,20000,0,3023.66,0,0,0,909.28,0,0
585,egress,0,VLAN4012,3,terminal,3,20000,0,0,0,0,0,909.28,0,0
586,egress,0,VLAN4012,3,terminal,3,20000,0,6047.31,0,0,0,909.28,0,0
587,egress,0,VLAN4012,3,terminal,3,20000,0,3015.07,0,0,0,909.28,0,0
588,egress,0,VLAN4012,3,terminal,3,20000,0,3015.07,0,0,0,909.28,0,0
589,egress,0,VLAN4012,3,terminal,3,20000,0,3015.07,0,0,0,909.28,0,0
590,egress,0,VLAN4012,3,terminal,3,20000,0,0,0,0,0,909.28,0,0
591,egress,0,VLAN4012,3,terminal,3,20000,0,6030.13,0,0,0,909.28,0,0
592,egress,0,VLAN4012,3,terminal,3,20000,0,3015.07,0,0,0,909.28,0,0
593,egress,0,VLAN4012,3,terminal,3,20000,0,0,0,0,0,909.28,0,0
594,egress,0,VLAN4012,3,terminal,3,20000,0,6030.13,0,0,0,909.28,0,0
595,egress,0,VLAN4012,3,terminal,3,20000,0,0,0,0,0,909.28,0,0
596,egress,0,VLAN4012,3,terminal,3,20000,0,6030.13,0,0,0,909.28,0,0
597,egress,0,VLAN4012,3,terminal,3,20000,0,3006.48,0,0,0,909.28,0,0
598,egress,0,VLAN4012,3,terminal,3,20000,0,0,0,0,0,909.28,0,0
599,egress,0,VLAN4012,3,terminal,3,20000,0,3006.48,0,0,0,909.28,0,0
600,egress,0,VLAN4012,3,terminal,3,20000,0,3006.48,0,0,0,909.28,0,0
601,egress,0,VLAN4012,3,terminal,3,20000,0,3006.48,0,0,0,909.28,0,0
602,egress,0,VLAN4012,3,terminal,3,20000,0,6012.95,0,0,0,909.28,0,0
603,egress,0,VLAN4012,3,terminal,3,20000,0,3006.48,0,0,0,909.28,0,0
604,egress,0,VLAN4012,3,terminal,3,20000,0,0,0,0,0,909.28,0,0
605,egress,0,VLAN4012,3,terminal,3,20000,0,3006.48,0,0,0,909.28,0,0
606,egress,0,VLAN4012,3,terminal,3,20000,0,3006.48,0,0,0,909.28,0,0
607,egress,0,VLAN4012,3,terminal,3,20000,0,6012.95,0,0,0,909.28,0,0
608,egress,0,VLAN4012,3,terminal,3,20000,0,3006.48,0,0,0,909.28,0,0
609,egress,0,VLAN4012,3,terminal,3,20000,0,3006.48,0,0,0,909.28,0,0
610,egress,0,VLAN4012,3,terminal,3,20000,0,0,0,0,0,909.28,0,0
611,egress,0,VLAN4012,3,terminal,3,20000,0,3006.48,0,0,0,909.28,0,0
612,egress,0,VLAN4012,3,terminal,3,20000,0,6012.95,0,0,0,909.28,0,0
613,egress,0,VLAN4012,3,terminal,3,20000,0,0,0,0,0,909.28,0,0
614,egress,0,VLAN4012,3,terminal,3,20000,0,6012.95,0,0,0,909.28,0,0
615,egress,0,VLAN4012,3,terminal,3,20000,0,0,0,0,0,909.28,0,0
616,egress,0,VLAN4012,3,terminal,3,20000,0,3006.48,0,0,0,909.28,0,0
617,egress,0,VLAN4012,3,terminal,3,20000,0,3006.48,0,0,0,909.28,0,0
618,egress,0,VLAN4012,3,terminal,3,20000,0,2997.89,0,0,0,909.28,0,0
619,egress,0,VLAN4012,3,terminal,3,20000,0,5995.77,0,0,0,909.28,0,0
620,egress,0,VLAN4012,3,terminal,3,20000,0,0,0,0,0,909.28,0,0
621,egress,0,VLAN4012,3,terminal,3,20000,0,5995.77,0,0,0,909.28,0,0
622,egress,0,VLAN4012,3,terminal,3,20000,0,0,0,0,0,909.28,0,0
623,egress,0,VLAN4012,3,terminal,3,20000,0,5995.77,0,0,0,909.28,0,0
624,egress,0,VLAN4012,3,terminal,3,20000,0,2997.89,0,0,0,909.28,0,0
625,egress,0,VLAN4012,3,terminal,3,20000,0,0,0,0,0,909.28,0,0
626,egress,0,VLAN4012,3,terminal,3,20000,0,2997.89,0,0,0,909.28,0,0
627,egress,0,VLAN4012,3,terminal,3,20000,0,2997.89,0,0,0,909.28,0,0
628,egress,0,VLAN4012,3,terminal,3,20000,0,6030.13,0,0,0,909.28,0,0
629,egress,0,VLAN4012,3,terminal,3,20000,0,0,0,0,0,909.28,0,0
630,egress,0,VLAN4012,3,terminal,3,20000,0,3015.07,0,0,0,909.28,0,0
631,egress,0,VLAN4012,3,terminal,3,20000,0,6030.13,0,0,0,909.28,0,0
632,egress,0,VLAN4012,3,terminal,3,20000,0,3015.07,0,0,0,909.28,0,0
633,egress,0,VLAN4012,3,terminal,3,20000,0,0,0,0,0,909.28,0,0
634,egress,0,VLAN4012,3,terminal,3,20000,0,3015.07,0,0,0,909.28,0,0
635,egress,0,VLAN4012,3,terminal,3,20000,0,3015.07,0,0,0,909.28,0,0
636,egress,0,VLAN4012,3,terminal,3,20000,0,3015.07,0,0,0,909.28,0,0
637,egress,0,VLAN4012,3,terminal,3,20000,0,3015.07,0,0,0,909.28,0,0
638,egress,0,VLAN4012,3,terminal,3,20000,0,6064.49,0,0,0,909.28,0,0
639,egress,0,VLAN4012,3,terminal,3,20000,0,3032.25,0,0,0,909.28,0,0
640,egress,0,VLAN4012,3,terminal,3,20000,0,0,0,0,0,909.28,0,0
641,egress,0,VLAN4012,3,terminal,3,20000,0,3032.25,0,0,0,909.28,0,0
642,egress,0,VLAN4012,3,terminal,3,20000,0,3032.25,0,0,0,909.28,0,0
643,egress,0,VLAN4012,3,terminal,3,20000,0,3032.25,0,0,0,909.28,0,0
644,egress,0,VLAN4012,3,terminal,3,20000,0,3032.25,0,0,0,909.28,0,0
645,egress,0,VLAN4012,3,terminal,3,20000,0,3032.25,0,0,0,909.28,0,0
646,egress,0,VLAN4012,3,terminal,3,20000,0,3032.25,0,0,0,909.28,0,0
647,egress,0,VLAN4012,3,terminal,3,20000,0,3032.25,0,0,0,909.28,0,0
648,egress,0,VLAN4012,3,terminal,3,20000,0,3032.25,0,0,0,909.28,0,0
649,egress,0,VLAN4012,3,terminal,3,20000,0,6064.49,0,0,0,909.28,0,0
650,egress,0,VLAN4012,3,terminal,3,20000,0,0,0,0,0,909.28,0,0
651,egress,0,VLAN4012,3,terminal,3,20000,0,3032.25,0,0,0,909.28,0,0
652,egress,0,VLAN4012,3,terminal,3,20000,0,3032.25,0,0,0,909.28,0,0
653,egress,0,VLAN4012,3,terminal,3,20000,0,3032.25,0,0,0,909.28,0,0
654,egress,0,VLAN4012,3,terminal,3,20000,0,3032.25,0,0,0,909.28,0,0
655,egress,0,VLAN4012,3,terminal,3,20000,0,3032.25,0,0,0,909.28,0,0
656,egress,0,VLAN4012,3,terminal,3,20000,0,3032.25,0,0,0,909.28,0,0
657,egress,0,VLAN4012,3,terminal,3,20000,0,3032.25,0,0,0,909.28,0,0
658,egress,0,VLAN4012,3,terminal,3,20000,0,3040.84,0,0,0,909.28,0,0
659,egress,0,VLAN4012,3,terminal,3,20000,0,6081.67,0,0,0,909.28,0,0
660,egress,0,VLAN4012,3,terminal,3,20000,0,0,0,0,0,909.28,0,0
661,egress,0,VLAN4012,3,terminal,3,20000,0,6081.67,0,0,0,909.28,0,0
662,egress,0,VLAN4012,3,terminal,3,20000,0,0,0,0,0,909.28,0,0
663,egress,0,VLAN4012,3,terminal,3,20000,0,3040.84,0,0,0,909.28,0,0
664,egress,0,VLAN4012,3,terminal,3,20000,0,6081.67,0,0,0,909.28,0,0
665,egress,0,VLAN4012,3,terminal,3,20000,0,0,0,0,0,909.28,0,0
666,egress,0,VLAN4012,3,terminal,3,20000,0,3040.84,0,0,0,909.28,0,0
667,egress,0,VLAN4012,3,terminal,3,20000,0,3040.84,0,0,0,909.28,0,0
668,egress,0,VLAN4012,3,terminal,3,20000,0,2963.53,0,0,0,909.28,0,0
669,egress,0,VLAN4012,3,terminal,3,20000,0,5927.05,0,0,0,909.28,0,0
670,egress,0,VLAN4012,3,terminal,3,20000,0,0,0,0,0,909.28,0,0
671,egress,0,VLAN4012,3,terminal,3,20000,0,5927.05,0,0,0,909.28,0,0
672,egress,0,VLAN4012,3,terminal,3,20000,0,0,0,0,0,909.28,0,0
673,egress,0,VLAN4012,3,terminal,3,20000,0,2963.53,0,0,0,909.28,0,0
674,egress,0,VLAN4012,3,terminal,3,20000,0,5927.05,0,0,0,909.28,0,0
675,egress,0,VLAN4012,3,terminal,3,20000,0,0,0,0,0,909.28,0,0
676,egress,0,VLAN4012,3,terminal,3,20000,0,5927.05,0,0,0,909.28,0,0
677,egress,0,VLAN4012,3,terminal,3,20000,0,0,0,0,0,909.28,0,0
678,egress,0,VLAN4012,3,terminal,3,20000,0,2954.94,0,0,0,909.28,0,0
679,egress,0,VLAN4012,3,terminal,3,20000,0,5909.88,0,0,0,909.28,0,0
680,egress,0,VLAN4012,3,terminal,3,20000,0,0,0,0,0,909.28,0,0
681,egress,0,VLAN4012,3,terminal,3,20000,0,5909.88,0,0,0,909.28,0,0
682,egress,0,VLAN4012,3,terminal,3,20000,0,0,0,0,0,909.28,0,0
683,egress,0,VLAN4012,3,terminal,3,20000,0,2954.94,0,0,0,909.28,0,0
684,egress,0,VLAN4012,3,terminal,3,20000,0,5909.88,0,0,0,909.28,0,0
685,egress,0,VLAN4012,3,terminal,3,20000,0,0,0,0,0,909.28,0,0
686,egress,0,VLAN4012,3,terminal,3,20000,0,5909.88,0,0,0,909.28,0,0
687,egress,0,VLAN4012,3,terminal,3,20000,0,0,0,0,0,909.28,0,0
688,egress,0,VLAN4012,3,terminal,3,20000,0,2946.35,0,0,0,909.28,0,0
689,egress,0,VLAN4012,3,terminal,3,20000,0,2946.35,0,0,0,909.28,0,0
690,egress,0,VLAN4012,3,terminal,3,20000,0,2946.35,0,0,0,909.28,0,0
691,egress,0,VLAN4012,3,terminal,3,20000,0,5892.7,0,0,0,909.28,0,0
692,egress,0,VLAN4012,3,terminal,3,20000,0,0,0,0,0,909.28,0,0
693,egress,0,VLAN4012,3,terminal,3,20000,0,2946.35,0,0,0,909.28,0,0
694,egress,0,VLAN4012,3,terminal,3,20000,0,2946.35,0,0,0,909.28,0,0
695,egress,0,VLAN4012,3,terminal,3,20000,0,2946.35,0,0,0,909.28,0,0
696,egress,0,VLAN4012,3,terminal,3,20000,0,5892.7,0,0,0,909.28,0,0
697,egress,0,VLAN4012,3,terminal,3,20000,0,0,0,0,0,909.28,0,0
698,egress,0,VLAN4012,3,terminal,3,20000,0,2946.35,0,0,0,909.28,0,0
699,egress,0,VLAN4012,3,terminal,3,20000,0,2946.35,0,0,0,909.28,0,0
700,egress,0,VLAN4012,3,terminal,3,20000,0,2946.35,0,0,0,909.28,0,0
701,egress,0,VLAN4012,3,terminal,3,20000,0,2946.35,0,0,0,909.28,0,0
702,egress,0,VLAN4012,3,terminal,3,20000,0,2946.35,0,0,0,909.28,0,0
703,egress,0,VLAN4012,3,terminal,3,20000,0,2946.35,0,0,0,909.28,0,0
704,egress,0,VLAN4012,3,terminal,3,20000,0,2946.35,0,0,0,909.28,0,0
705,egress,0,VLAN4012,3,terminal,3,20000,0,2946.35,0,0,0,909.28,0,0
706,egress,0,VLAN4012,3,terminal,3,20000,0,5892.7,0,0,0,909.28,0,0
707,egress,0,VLAN4012,3,terminal,3,20000,0,0,0,0,0,909.28,0,0
708,egress,0,VLAN4012,3,terminal,3,20000,0,2929.17,0,0,0,909.28,0,0
709,egress,0,VLAN4012,3,terminal,3,20000,0,5858.34,0,0,0,909.28,0,0
710,egress,0,VLAN4012,3,terminal,3,20000,0,0,0,0,0,909.28,0,0
711,egress,0,VLAN4012,3,terminal,3,20000,0,2929.17,0,0,0,909.28,0,0
712,egress,0,VLAN4012,3,terminal,3,20000,0,2929.17,0,0,0,909.28,0,0
713,egress,0,VLAN4012,3,terminal,3,20000,0,2929.17,0,0,0,909.28,0,0
714,egress,0,VLAN4012,3,terminal,3,20000,0,2929.17,0,0,0,909.28,0,0
715,egress,0,VLAN4012,3,terminal,3,20000,0,2929.17,0,0,0,909.28,0,0
716,egress,0,VLAN4012,3,terminal,3,20000,0,2929.17,0,0,0,909.28,0,0
717,egress,0,VLAN4012,3,terminal,3,20000,0,2929.17,0,0,0,909.28,0,0
718,egress,0,VLAN4012,3,terminal,3,20000,0,2911.99,0,0,0,909.28,0,0
719,egress,0,VLAN4012,3,terminal,3,20000,0,2911.99,0,0,0,909.28,0,0
720,egress,0,VLAN4012,3,terminal,3,20000,0,2911.99,0,0,0,909.28,0,0
721,egress,0,VLAN4012,3,terminal,3,20000,0,5823.98,0,0,0,909.28,0,0
722,egress,0,VLAN4012,3,terminal,3,20000,0,0,0,0,0,909.28,0,0
723,egress,0,VLAN4012,3,terminal,3,20000,0,2911.99,0,0,0,909.28,0,0
724,egress,0,VLAN4012,3,terminal,3,20000,0,5823.98,0,0,0,909.28,0,0
725,egress,0,VLAN4012,3,terminal,3,20000,0,0,0,0,0,909.28,0,0
726,egress,0,VLAN4012,3,terminal,3,20000,0,2911.99,0,0,0,909.28,0,0
727,egress,0,VLAN4012,3,terminal,3,20000,0,2911.99,0,0,0,909.28,0,0
728,egress,0,VLAN4012,3,terminal,3,20000,0,2911.99,0,0,0,909.28,0,0
729,egress,0,VLAN4012,3,terminal,3,20000,0,2911.99,0,0,0,909.28,0,0
730,egress,0,VLAN4012,3,terminal,3,20000,0,2911.99,0,0,0,909.28,0,0
731,egress,0,VLAN4012,3,terminal,3,20000,0,5823.98,0,0,0,909.28,0,0
732,egress,0,VLAN4012,3,terminal,3,20000,0,0,0,0,0,909.28,0,0
733,egress,0,VLAN4012,3,terminal,3,20000,0,2911.99,0,0,0,909.28,0,0
734,egress,0,VLAN4012,3,terminal,3,20000,0,2911.99,0,0,0,909.28,0,0
735,egress,0,VLAN4012,3,terminal,3,20000,0,2911.99,0,0,0,909.28,0,0
736,egress,0,VLAN4012,3,terminal,3,20000,0,2911.99,0,0,0,909.28,0,0
737,egress,0,VLAN4012,3,terminal,3,20000,0,2911.99,0,0,0,909.28,0,0
738,egress,0,VLAN4012,3,terminal,3,20000,0,2920.58,0,0,0,909.28,0,0
739,egress,0,VLAN4012,3,terminal,3,20000,0,5841.16,0,0,0,909.28,0,0
740,egress,0,VLAN4012,3,terminal,3,20000,0,0,0,0,0,909.28,0,0
741,egress,0,VLAN4012,3,terminal,3,20000,0,5841.16,0,0,0,909.28,0,0
742,egress,0,VLAN4012,3,terminal,3,20000,0,0,0,0,0,909.28,0,0
743,egress,0,VLAN4012,3,terminal,3,20000,0,2920.58,0,0,0,909.28,0,0
744,egress,0,VLAN4012,3,terminal,3,20000,0,2920.58,0,0,0,909.28,0,0
745,egress,0,VLAN4012,3,terminal,3,20000,0,2920.58,0,0,0,909.28,0,0
746,egress,0,VLAN4012,3,terminal,3,20000,0,5841.16,0,0,0,909.28,0,0
747,egress,0,VLAN4012,3,terminal,3,20000,0,0,0,0,0,909.28,0,0
748,egress,0,VLAN4012,3,terminal,3,20000,0,2937.76,0,0,0,909.28,0,0
749,egress,0,VLAN4012,3,terminal,3,20000,0,2937.76,0,0,0,909.28,0,0
750,egress,0,VLAN4012,3,terminal,3,20000,0,2937.76,0,0,0,909.28,0,0
751,egress,0,VLAN4012,3,terminal,3,20000,0,2937.76,0,0,0,909.28,0,0
752,egress,0,VLAN4012,3,terminal,3,20000,0,2937.76,0,0,0,909.28,0,0
753,egress,0,VLAN4012,3,terminal,3,20000,0,2937.76,0,0,0,909.28,0,0
754,egress,0,VLAN4012,3,terminal,3,20000,0,5875.52,0,0,0,909.28,0,0
755,egress,0,VLAN4012,3,terminal,3,20000,0,0,0,0,0,909.28,0,0
756,egress,0,VLAN4012,3,terminal,3,20000,0,2937.76,0,0,0,909.28,0,0
757,egress,0,VLAN4012,3,terminal,3,20000,0,2937.76,0,0,0,909.28,0,0
758,egress,0,VLAN4012,3,terminal,3,20000,0,2920.58,0,0,0,909.28,0,0
759,egress,0,VLAN4012,3,terminal,3,20000,0,2920.58,0,0,0,909.28,0,0
760,egress,0,VLAN4012,3,terminal,3,20000,0,2920.58,0,0,0,909.28,0,0
761,egress,0,VLAN4012,3,terminal,3,20000,0,2920.58,0,0,0,909.28,0,0
762,egress,0,VLAN4012,3,terminal,3,20000,0,2920.58,0,0,0,909.28,0,0
763,egress,0,VLAN4012,3,terminal,3,20000,0,2920.58,0,0,0,909.28,0,0
764,egress,0,VLAN4012,3,terminal,3,20000,0,2920.58,0,0,0,909.28,0,0
765,egress,0,VLAN4012,3,terminal,3,20000,0,2920.58,0,0,0,909.28,0,0
766,egress,0,VLAN4012,3,terminal,3,20000,0,2920.58,0,0,0,909.28,0,0
767,egress,0,VLAN4012,3,terminal,3,20000,0,2920.58,0,0,0,909.28,0,0
768,egress,0,VLAN4012,3,terminal,3,20000,0,2911.99,0,0,0,909.28,0,0
769,egress,0,VLAN4012,3,terminal,3,20000,0,2911.99,0,0,0,909.28,0,0
770,egress,0,VLAN4012,3,terminal,3,20000,0,2911.99,0,0,0,909.28,0,0
771,egress,0,VLAN4012,3,terminal,3,20000,0,2911.99,0,0,0,909.28,0,0
772,egress,0,VLAN4012,3,terminal,3,20000,0,2911.99,0,0,0,909.28,0,0
773,egress,0,VLAN4012,3,terminal,3,20000,0,2911.99,0,0,0,909.28,0,0
774,egress,0,VLAN4012,3,terminal,3,20000,0,2911.99,0,0,0,909.28,0,0
775,egress,0,VLAN4012,3,terminal,3,20000,0,2911.99,0,0,0,909.28,0,0
776,egress,0,VLAN4012,3,terminal,3,20000,0,5823.98,0,0,0,909.28,0,0
777,egress,0,VLAN4012,3,terminal,3,20000,0,0,0,0,0,909.28,0,0
778,egress,0,VLAN4012,3,terminal,3,20000,0,5772.44,0,0,0,909.28,0,0
779,egress,0,VLAN4012,3,terminal,3,20000,0,0,0,0,0,909.28,0,0
780,egress,0,VLAN4012,3,terminal,3,20000,0,2886.22,0,0,0,909.28,0,0
781,egress,0,VLAN4012,3,terminal,3,20000,0,5772.44,0,0,0,909.28,0,0
782,egress,0,VLAN4012,3,terminal,3,20000,0,0,0,0,0,909.28,0,0
783,egress,0,VLAN4012,3,terminal,3,20000,0,5772.44,0,0,0,909.28,0,0
784,egress,0,VLAN4012,3,terminal,3,20000,0,0,0,0,0,909.28,0,0
785,egress,0,VLAN4012,3,terminal,3,20000,0,2886.22,0,0,0,909.28,0,0
786,egress,0,VLAN4012,3,terminal,3,20000,0,2886.22,0,0,0,909.28,0,0
787,egress,0,VLAN4012,3,terminal,3,20000,0,2886.22,0,0,0,909.28,0,0
788,egress,0,VLAN4012,3,terminal,3,20000,0,5755.26,0,0,0,909.28,0,0
789,egress,0,VLAN4012,3,terminal,3,20000,0,0,0,0,0,909.28,0,0
790,egress,0,VLAN4012,3,terminal,3,20000,0,2877.63,0,0,0,909.28,0,0
791,egress,0,VLAN4012,3,terminal,3,20000,0,2877.63,0,0,0,909.28,0,0
792,egress,0,VLAN4012,3,terminal,3,20000,0,2877.63,0,0,0,909.28,0,0
793,egress,0,VLAN4012,3,terminal,3,20000,0,2877.63,0,0,0,909.28,0,0
794,egress,0,VLAN4012,3,terminal,3,20000,0,2877.63,0,0,0,909.28,0,0
795,egress,0,VLAN4012,3,terminal,3,20000,0,2877.63,0,0,0,909.28,0,0
796,egress,0,VLAN4012,3,terminal,3,20000,0,5755.26,0,0,0,909.28,0,0
797,egress,0,VLAN4012,3,terminal,3,20000,0,0,0,0,0,909.28,0,0
798,egress,0,VLAN4012,3,terminal,3,20000,0,2894.81,0,0,0,909.28,0,0
799,egress,0,VLAN4012,3,terminal,3,20000,0,2894.81,0,0,0,909.28,0,0
800,egress,0,VLAN4012,3,terminal,3,20000,0,2894.81,0,0,0,909.28,0,0
801,egress,0,VLAN4012,3,terminal,3,20000,0,2894.81,0,0,0,909.28,0,0
802,egress,0,VLAN4012,3,terminal,3,20000,0,2894.81,0,0,0,909.28,0,0
803,egress,0,VLAN4012,3,terminal,3,20000,0,5789.62,0,0,0,909.28,0,0
804,egress,0,VLAN4012,3,terminal,3,20000,0,0,0,0,0,909.28,0,0
805,egress,0,VLAN4012,3,terminal,3,20000,0,2894.81,0,0,0,909.28,0,0
806,egress,0,VLAN4012,3,terminal,3,20000,0,2894.81,0,0,0,909.28,0,0
807,egress,0,VLAN4012,3,terminal,3,20000,0,2894.81,0,0,0,909.28,0,0
808,egress,0,VLAN4012,3,terminal,3,20000,0,5961.41,0,0,0,909.28,0,0
809,egress,0,VLAN4012,3,terminal,3,20000,0,0,0,0,0,909.28,0,0
810,egress,0,VLAN4012,3,terminal,3,20000,0,2980.71,0,0,0,909.28,0,0
811,egress,0,VLAN4012,3,terminal,3,20000,0,5961.41,0,0,0,909.28,0,0
812,egress,0,VLAN4012,3,terminal,3,20000,0,0,0,0,0,909.28,0,0
813,egress,0,VLAN4012,3,terminal,3,20000,0,5961.41,0,0,0,909.28,0,0
814,egress,0,VLAN4012,3,terminal,3,20000,0,0,0,0,0,909.28,0,0
815,egress,0,VLAN4012,3,terminal,3,20000,0,2980.71,0,0,0,909.28,0,0
816,egress,0,VLAN4012,3,terminal,3,20000,0,5961.41,0,0,0,909.28,0,0
817,egress,0,VLAN4012,3,terminal,3,20000,0,0,0,0,0,909.28,0,0
818,egress,0,VLAN4012,3,terminal,3,20000,0,5978.59,0,0,0,909.28,0,0
819,egress,0,VLAN4012,3,terminal,3,20000,0,0,0,0,0,909.28,0,0
820,egress,0,VLAN4012,3,terminal,3,20000,0,2989.3,0,0,0,909.28,0,0
821,egress,0,VLAN4012,3,terminal,3,20000,0,2989.3,0,0,0,909.28,0,0
822,egress,0,VLAN4012,3,terminal,3,20000,0,2989.3,0,0,0,909.28,0,0
823,egress,0,VLAN4012,3,terminal,3,20000,0,2989.3,0,0,0,909.28,0,0
824,egress,0,VLAN4012,3,terminal,3,20000,0,2989.3,0,0,0,909.28,0,0
825,egress,0,VLAN4012,3,terminal,3,20000,0,2989.3,0,0,0,909.28,0,0
826,egress,0,VLAN4012,3,terminal,3,20000,0,2989.3,0,0,0,909.28,0,0
827,egress,0,VLAN4012,3,terminal,3,20000,0,2989.3,0,0,0,909.28,0,0
828,egress,0,VLAN4012,3,terminal,3,20000,0,6012.95,0,0,0,909.28,0,0
829,egress,0,VLAN4012,3,terminal,3,20000,0,0,0,0,0,909.28,0,0
830,egress,0,VLAN4012,3,terminal,3,20000,0,3006.48,0,0,0,909.28,0,0
831,egress,0,VLAN4012,3,terminal,3,20000,0,6012.95,0,0,0,909.28,0,0
832,egress,0,VLAN4012,3,terminal,3,20000,0,0,0,0,0,909.28,0,0
833,egress,0,VLAN4012,3,terminal,3,20000,0,3006.48,0,0,0,909.28,0,0
834,egress,0,VLAN4012,3,terminal,3,20000,0,3006.48,0,0,0,909.28,0,0
835,egress,0,VLAN4012,3,terminal,3,20000,0,3006.48,0,0,0,909.28,0,0
836,egress,0,VLAN4012,3,terminal,3,20000,0,3006.48,0,0,0,909.28,0,0
837,egress,0,VLAN4012,3,terminal,3,20000,0,3006.48,0,0,0,909.28,0,0
838,egress,0,VLAN4012,3,terminal,3,20000,0,5961.41,0,0,0,909.28,0,0
839,egress,0,VLAN4012,3,terminal,3,20000,0,0,0,0,0,909.28,0,0
840,egress,0,VLAN4012,3,terminal,3,20000,0,2980.71,0,0,0,909.28,0,0
841,egress,0,VLAN4012,3,terminal,3,20000,0,5961.41,0,0,0,909.28,0,0
842,egress,0,VLAN4012,3,terminal,3,20000,0,0,0,0,0,909.28,0,0
843,egress,0,VLAN4012,3,terminal,3,20000,0,2980.71,0,0,0,909.28,0,0
844,egress,0,VLAN4012,3,terminal,3,20000,0,2980.71,0,0,0,909.28,0,0
845,egress,0,VLAN4012,3,terminal,3,20000,0,2980.71,0,0,0,909.28,0,0
846,egress,0,VLAN4012,3,terminal,3,20000,0,2980.71,0,0,0,909.28,0,0
847,egress,0,VLAN4012,3,terminal,3,20000,0,2980.71,0,0,0,909.28,0,0
848,egress,0,VLAN4012,3,terminal,3,20000,0,5961.41,0,0,0,909.28,0,0
849,egress,0,VLAN4012,3,terminal,3,20000,0,0,0,0,0,909.28,0,0
850,egress,0,VLAN4012,3,terminal,3,20000,0,2980.71,0,0,0,909.28,0,0
851,egress,0,VLAN4012,3,terminal,3,20000,0,5961.41,0,0,0,909.28,0,0
852,egress,0,VLAN4012,3,terminal,3,20000,0,0,0,0,0,909.28,0,0
853,egress,0,VLAN4012,3,terminal,3,20000,0,5961.41,0,0,0,909.28,0,0
854,egress,0,VLAN4012,3,terminal,3,20000,0,0,0,0,0,909.28,0,0
855,egress,0,VLAN4012,3,terminal,3,20000,0,2980.71,0,0,0,909.28,0,0
856,egress,0,VLAN4012,3,terminal,3,20000,0,2980.71,0,0,0,909.28,0,0
857,egress,0,VLAN4012,3,terminal,3,20000,0,2980.71,0,0,0,909.28,0,0
858,egress,0,VLAN4012,3,terminal,3,20000,0,5944.23,0,0,0,909.28,0,0
859,egress,0,VLAN4012,3,terminal,3,20000,0,0,0,0,0,909.28,0,0
860,egress,0,VLAN4012,3,terminal,3,20000,0,2972.12,0,0,0,909.28,0,0
861,egress,0,VLAN4012,3,terminal,3,20000,0,5944.23,0,0,0,909.28,0,0
862,egress,0,VLAN4012,3,terminal,3,20000,0,0,0,0,0,909.28,0,0
863,egress,0,VLAN4012,3,terminal,3,20000,0,2972.12,0,0,0,909.28,0,0
864,egress,0,VLAN4012,3,terminal,3,20000,0,2972.12,0,0,0,909.28,0,0
865,egress,0,VLAN4012,3,terminal,3,20000,0,2972.12,0,0,0,909.28,0,0
866,egress,0,VLAN4012,3,terminal,3,20000,0,5944.23,0,0,0,909.28,0,0
867,egress,0,VLAN4012,3,terminal,3,20000,0,0,0,0,0,909.28,0,0
868,egress,0,VLAN4012,3,terminal,3,20000,0,2972.12,0,0,0,909.28,0,0
869,egress,0,VLAN4012,3,terminal,3,20000,0,2972.12,0,0,0,909.28,0,0
870,egress,0,VLAN4012,3,terminal,3,20000,0,2972.12,0,0,0,909.28,0,0
871,egress,0,VLAN4012,3,terminal,3,20000,0,2972.12,0,0,0,909.28,0,0
872,egress,0,VLAN4012,3,terminal,3,20000,0,2972.12,0,0,0,909.28,0,0
873,egress,0,VLAN4012,3,terminal,3,20000,0,2972.12,0,0,0,909.28,0,0
874,egress,0,VLAN4012,3,terminal,3,20000,0,2972.12,0,0,0,909.28,0,0
875,egress,0,VLAN4012,3,terminal,3,20000,0,2972.12,0,0,0,909.28,0,0
876,egress,0,VLAN4012,3,terminal,3,20000,0,2972.12,0,0,0,909.28,0,0
877,egress,0,VLAN4012,3,terminal,3,20000,0,2972.12,0,0,0,909.28,0,0
878,egress,0,VLAN4012,3,terminal,3,20000,0,5961.41,0,0,0,909.28,0,0
879,egress,0,VLAN4012,3,terminal,3,20000,0,0,0,0,0,909.28,0,0
880,egress,0,VLAN4012,3,terminal,3,20000,0,2980.71,0,0,0,909.28,0,0
881,egress,0,VLAN4012,3,terminal,3,20000,0,2980.71,0,0,0,909.28,0,0
882,egress,0,VLAN4012,3,terminal,3,20000,0,2980.71,0,0,0,909.28,0,0
883,egress,0,VLAN4012,3,terminal,3,20000,0,2980.71,0,0,0,909.28,0,0
884,egress,0,VLAN4012,3,terminal,3,20000,0,2980.71,0,0,0,909.28,0,0
885,egress,0,VLAN4012,3,terminal,3,20000,0,2980.71,0,0,0,909.28,0,0
886,egress,0,VLAN4012,3,terminal,3,20000,0,2980.71,0,0,0,909.28,0,0
887,egress,0,VLAN4012,3,terminal,3,20000,0,2980.71,0,0,0,909.28,0,0
888,egress,0,VLAN4012,3,terminal,3,20000,0,5978.59,0,0,0,909.28,0,0
889,egress,0,VLAN4012,3,terminal,3,20000,0,0,0,0,0,909.28,0,0
890,egress,0,VLAN4012,3,terminal,3,20000,0,2989.3,0,0,0,909.28,0,0
891,egress,0,VLAN4012,3,terminal,3,20000,0,5978.59,0,0,0,909.28,0,0
892,egress,0,VLAN4012,3,terminal,3,20000,0,0,0,0,0,909.28,0,0
893,egress,0,VLAN4012,3,terminal,3,20000,0,2989.3,0,0,0,909.28,0,0
894,egress,0,VLAN4012,3,terminal,3,20000,0,2989.3,0,0,0,909.28,0,0
895,egress,0,VLAN4012,3,terminal,3,20000,0,2989.3,0,0,0,909.28,0,0
896,egress,0,VLAN4012,3,terminal,3,20000,0,5978.59,0,0,0,909.28,0,0
897,egress,0,VLAN4012,3,terminal,3,20000,0,0,0,0,0,909.28,0,0
898,egress,0,VLAN4012,3,terminal,3,20000,0,2989.3,0,0,0,909.28,0,0
899,egress,0,VLAN4012,3,terminal,3,20000,0,2989.3,0,0,0,909.28,0,0
900,egress,0,VLAN4012,3,terminal,3,20000,0,2989.3,0,0,0,909.28,0,0
901,egress,0,VLAN4012,3,terminal,3,20000,0,2989.3,0,0,0,909.28,0,0
902,egress,0,VLAN4012,3,terminal,3,20000,0,2989.3,0,0,0,909.28,0,0
903,egress,0,VLAN4012,3,terminal,3,20000,0,5978.59,0,0,0,909.28,0,0
904,egress,0,VLAN4012,3,terminal,3,20000,0,0,0,0,0,909.28,0,0
905,egress,0,VLAN4012,3,terminal,3,20000,0,2989.3,0,0,0,909.28,0,0
906,egress,0,VLAN4012,3,terminal,3,20000,0,2989.3,0,0,0,909.28,0,0
907,egress,0,VLAN4012,3,terminal,3,20000,0,2989.3,0,0,0,909.28,0,0
908,egress,0,VLAN4012,3,terminal,3,20000,0,6012.95,0,0,0,909.28,0,0
909,egress,0,VLAN4012,3,terminal,3,20000,0,0,0,0,0,909.28,0,0
910,egress,0,VLAN4012,3,terminal,3,20000,0,3006.48,0,0,0,909.28,0,0
911,egress,0,VLAN4012,3,terminal,3,20000,0,6012.95,0,0,0,909.28,0,0
912,egress,0,VLAN4012,3,terminal,3,20000,0,0,0,0,0,909.28,0,0
913,egress,0,VLAN4012,3,terminal,3,20000,0,3006.48,0,0,0,909.28,0,0
914,egress,0,VLAN4012,3,terminal,3,20000,0,3006.48,0,0,0,909.28,0,0
915,egress,0,VLAN4012,3,terminal,3,20000,0,3006.48,0,0,0,909.28,0,0
916,egress,0,VLAN4012,3,terminal,3,20000,0,6012.95,0,0,0,909.28,0,0
917,egress,0,VLAN4012,3,terminal,3,20000,0,0,0,0,0,909.28,0,0
918,egress,0,VLAN4012,3,terminal,3,20000,0,2997.89,0,0,0,909.28,0,0
919,egress,0,VLAN4012,3,terminal,3,20000,0,2997.89,0,0,0,909.28,0,0
920,egress,0,VLAN4012,3,terminal,3,20000,0,2997.89,0,0,0,909.28,0,0
921,egress,0,VLAN4012,3,terminal,3,20000,0,5995.77,0,0,0,909.28,0,0
922,egress,0,VLAN4012,3,terminal,3,20000,0,0,0,0,0,909.28,0,0
923,egress,0,VLAN4012,3,terminal,3,20000,0,5995.77,0,0,0,909.28,0,0
924,egress,0,VLAN4012,3,terminal,3,20000,0,0,0,0,0,909.28,0,0
925,egress,0,VLAN4012,3,terminal,3,20000,0,2997.89,0,0,0,909.28,0,0
926,egress,0,VLAN4012,3,terminal,3,20000,0,2997.89,0,0,0,909.28,0,0
927,egress,0,VLAN4012,3,terminal,3,20000,0,2997.89,0,0,0,909.28,0,0
928,egress,0,VLAN4012,3,terminal,3,20000,0,5944.23,0,0,0,909.28,0,0
929,egress,0,VLAN4012,3,terminal,3,20000,0,0,0,0,0,909.28,0,0
930,egress,0,VLAN4012,3,terminal,3,20000,0,2972.12,0,0,0,909.28,0,0
931,egress,0,VLAN4012,3,terminal,3,20000,0,5944.23,0,0,0,909.28,0,0
932,egress,0,VLAN4012,3,terminal,3,20000,0,0,0,0,0,909.28,0,0
933,egress,0,VLAN4012,3,terminal,3,20000,0,5944.23,0,0,0,909.28,0,0
934,egress,0,VLAN4012,3,terminal,3,20000,0,0,0,0,0,909.28,0,0
935,egress,0,VLAN4012,3,terminal,3,20000,0,2972.12,0,0,0,909.28,0,0
936,egress,0,VLAN4012,3,terminal,3,20000,0,5944.23,0,0,0,909.28,0,0
937,egress,0,VLAN4012,3,terminal,3,20000,0,0,0,0,0,909.28,0,0
938,egress,0,VLAN4012,3,terminal,3,20000,0,5927.05,0,0,0,909.28,0,0
939,egress,0,VLAN4012,3,terminal,3,20000,0,0,0,0,0,909.28,0,0
940,egress,0,VLAN4012,3,terminal,3,20000,0,2963.53,0,0,0,909.28,0,0
941,egress,0,VLAN4012,3,terminal,3,20000,0,2963.53,0,0,0,909.28,0,0
942,egress,0,VLAN4012,3,terminal,3,20000,0,2963.53,0,0,0,909.28,0,0
943,egress,0,VLAN4012,3,terminal,3,20000,0,2963.53,0,0,0,909.28,0,0
944,egress,0,VLAN4012,3,terminal,3,20000,0,2963.53,0,0,0,909.28,0,0
945,egress,0,VLAN4012,3,terminal,3,20000,0,2963.53,0,0,0,909.28,0,0
946,egress,0,VLAN4012,3,terminal,3,20000,0,5927.05,0,0,0,909.28,0,0
947,egress,0,VLAN4012,3,terminal,3,20000,0,0,0,0,0,909.28,0,0
948,egress,0,VLAN4012,3,terminal,3,20000,0,5927.05,0,0,0,909.28,0,0
949,egress,0,VLAN4012,3,terminal,3,20000,0,0,0,0,0,909.28,0,0
950,egress,0,VLAN4012,3,terminal,3,20000,0,2963.53,0,0,0,909.28,0,0
951,egress,0,VLAN4012,3,terminal,3,20000,0,5927.05,0,0,0,909.28,0,0
952,egress,0,VLAN4012,3,terminal,3,20000,0,0,0,0,0,909.28,0,0
953,egress,0,VLAN4012,3,terminal,3,20000,0,2963.53,0,0,0,909.28,0,0
954,egress,0,VLAN4012,3,terminal,3,20000,0,2963.53,0,0,0,909.28,0,0
955,egress,0,VLAN4012,3,terminal,3,20000,0,2963.53,0,0,0,909.28,0,0
956,egress,0,VLAN4012,3,terminal,3,20000,0,5927.05,0,0,0,909.28,0,0
957,egress,0,VLAN4012,3,terminal,3,20000,0,0,0,0,0,909.28,0,0
958,egress,0,VLAN4012,3,terminal,3,20000,0,2963.53,0,0,0,909.28,0,0
959,egress,0,VLAN4012,3,terminal,3,20000,0,2963.53,0,0,0,909.28,0,0
960,egress,0,VLAN4012,3,terminal,3,20000,0,2963.53,0,0,0,909.28,0,0
961,egress,0,VLAN4012,3,terminal,3,20000,0,2963.53,0,0,0,909.28,0,0
962,egress,0,VLAN4012,3,terminal,3,20000,0,2963.53,0,0,0,909.28,0,0
963,egress,0,VLAN4012,3,terminal,3,20000,0,5927.05,0,0,0,909.28,0,0
964,egress,0,VLAN4012,3,terminal,3,20000,0,0,0,0,0,909.28,0,0
965,egress,0,VLAN4012,3,terminal,3,20000,0,2963.53,0,0,0,909.28,0,0
966,egress,0,VLAN4012,3,terminal,3,20000,0,5927.05,0,0,0,909.28,0,0
967,egress,0,VLAN4012,3,terminal,3,20000,0,0,0,0,0,909.28,0,0
968,egress,0,VLAN4012,3,terminal,3,20000,0,2972.12,0,0,0,909.28,0,0
969,egress,0,VLAN4012,3,terminal,3,20000,0,2972.12,0,0,0,909.28,0,0
970,egress,0,VLAN4012,3,terminal,3,20000,0,2972.12,0,0,0,909.28,0,0
971,egress,0,VLAN4012,3,terminal,3,20000,0,5944.23,0,0,0,909.28,0,0
972,egress,0,VLAN4012,3,terminal,3,20000,0,0,0,0,0,909.28,0,0
973,egress,0,VLAN4012,3,terminal,3,20000,0,5944.23,0,0,0,909.28,0,0
974,egress,0,VLAN4012,3,terminal,3,20000,0,0,0,0,0,909.28,0,0
975,egress,0,VLAN4012,3,terminal,3,20000,0,2972.12,0,0,0,909.28,0,0
976,egress,0,VLAN4012,3,terminal,3,20000,0,2972.12,0,0,0,909.28,0,0
977,egress,0,VLAN4012,3,terminal,3,20000,0,2972.12,0,0,0,909.28,0,0
978,egress,0,VLAN4012,3,terminal,3,20000,0,2980.71,0,0,0,909.28,0,0
979,egress,0,VLAN4012,3,terminal,3,20000,0,2980.71,0,0,0,909.28,0,0
980,egress,0,VLAN4012,3,terminal,3,20000,0,2980.71,0,0,0,909.28,0,0
981,egress,0,VLAN4012,3,terminal,3,20000,0,2980.71,0,0,0,909.28,0,0
982,egress,0,VLAN4012,3,terminal,3,20000,0,2980.71,0,0,0,909.28,0,0
983,egress,0,VLAN4012,3,terminal,3,20000,0,2980.71,0,0,0,909.28,0,0
984,egress,0,VLAN4012,3,terminal,3,20000,0,2980.71,0,0,0,909.28,0,0
985,egress,0,VLAN4012,3,terminal,3,20000,0,2980.71,0,0,0,909.28,0,0
986,egress,0,VLAN4012,3,terminal,3,20000,0,2980.71,0,0,0,909.28,0,0
987,egress,0,VLAN4012,3,terminal,3,20000,0,2980.71,0,0,0,909.28,0,0
988,egress,0,VLAN4012,3,terminal,3,20000,0,2989.3,0,0,0,909.28,0,0
989,egress,0,VLAN4012,3,terminal,3,20000,0,2989.3,0,0,0,909.28,0,0
990,egress,0,VLAN4012,3,terminal,3,20000,0,2989.3,0,0,0,909.28,0,0
991,egress,0,VLAN4012,3,terminal,3,20000,0,5978.59,0,0,0,909.28,0,0
992,egress,0,VLAN4012,3,terminal,3,20000,0,0,0,0,0,909.28,0,0
993,egress,0,VLAN4012,3,terminal,3,20000,0,2989.3,0,0,0,909.28,0,0
994,egress,0,VLAN4012,3,terminal,3,20000,0,2989.3,0,0,0,909.28,0,0
995,egress,0,VLAN4012,3,terminal,3,20000,0,2989.3,0,0,0,909.28,0,0
996,egress,0,VLAN4012,3,terminal,3,20000,0,5978.59,0,0,0,909.28,0,0
997,egress,0,VLAN4012,3,terminal,3,20000,0,0,0,0,0,909.28,0,0
998,egress,0,VLAN4012,3,terminal,3,20000,0,5927.05,0,0,0,909.28,0,0
999,egress,0,VLAN4012,3,terminal,3,20000,0,0,0,0,0,909.28,0,0
1000,egress,0,VLAN4012,3,terminal,3,20000,0,2963.53,0,0,0,909.28,0,0
1001,egress,0,VLAN4012,3,terminal,3,20000,0,5927.05,0,0,0,909.28,0,0
1002,egress,0,VLAN4012,3,terminal,3,20000,0,0,0,0,0,909.28,0,0
1003,egress,0,VLAN4012,3,terminal,3,20000,0,5927.05,0,0,0,909.28,0,0
1004,egress,0,VLAN4012,3,terminal,3,20000,0,0,0,0,0,909.28,0,0
1005,egress,0,VLAN4012,3,terminal,3,20000,0,2963.53,0,0,0,909.28,0,0
1006,egress,0,VLAN4012,3,terminal,3,20000,0,5927.05,0,0,0,909.28,0,0
1007,egress,0,VLAN4012,3,terminal,3,20000,0,0,0,0,0,909.28,0,0
1008,egress,0,VLAN4012,3,terminal,3,20000,0,2963.53,0,0,0,909.28,0,0
1009,egress,0,VLAN4012,3,terminal,3,20000,0,2963.53,0,0,0,909.28,0,0
1010,egress,0,VLAN4012,3,terminal,3,20000,0,2963.53,0,0,0,909.28,0,0
1011,egress,0,VLAN4012,3,terminal,3,20000,0,2963.53,0,0,0,909.28,0,0
1012,egress,0,VLAN4012,3,terminal,3,20000,0,2963.53,0,0,0,909.28,0,0
1013,egress,0,VLAN4012,3,terminal,3,20000,0,5927.05,0,0,0,909.28,0,0
1014,egress,0,VLAN4012,3,terminal,3,20000,0,0,0,0,0,909.28,0,0
1015,egress,0,VLAN4012,3,terminal,3,20000,0,2963.53,0,0,0,909.28,0,0
1016,egress,0,VLAN4012,3,terminal,3,20000,0,2963.53,0,0,0,909.28,0,0
1017,egress,0,VLAN4012,3,terminal,3,20000,0,2963.53,0,0,0,909.28,0,0
1018,egress,0,VLAN4012,3,terminal,3,20000,0,5927.05,0,0,0,909.28,0,0
1019,egress,0,VLAN4012,3,terminal,3,20000,0,0,0,0,0,909.28,0,0
1020,egress,0,VLAN4012,3,terminal,3,20000,0,2963.53,0,0,0,909.28,0,0
1021,egress,0,VLAN4012,3,terminal,3,20000,0,5927.05,0,0,0,909.28,0,0
1022,egress,0,VLAN4012,3,terminal,3,20000,0,0,0,0,0,909.28,0,0
1023,egress,0,VLAN4012,3,terminal,3,20000,0,2963.53,0,0,0,909.28,0,0
1024,egress,0,VLAN4012,3,terminal,3,20000,0,2963.53,0,0,0,909.28,0,0
1025,egress,0,VLAN4012,3,terminal,3,20000,0,2963.53,0,0,0,909.28,0,0
1026,egress,0,VLAN4012,3,terminal,3,20000,0,5927.05,0,0,0,909.28,0,0
1027,egress,0,VLAN4012,3,terminal,3,20000,0,0,0,0,0,909.28,0,0
1028,egress,0,VLAN4012,3,terminal,3,20000,0,2954.94,0,0,0,909.28,0,0
1029,egress,0,VLAN4012,3,terminal,3,20000,0,2954.94,0,0,0,909.28,0,0
1030,egress,0,VLAN4012,3,terminal,3,20000,0,2954.94,0,0,0,909.28,0,0
1031,egress,0,VLAN4012,3,terminal,3,20000,0,5909.88,0,0,0,909.28,0,0
1032,egress,0,VLAN4012,3,terminal,3,20000,0,0,0,0,0,909.28,0,0
1033,egress,0,VLAN4012,3,terminal,3,20000,0,2954.94,0,0,0,909.28,0,0
1034,egress,0,VLAN4012,3,terminal,3,20000,0,2954.94,0,0,0,909.28,0,0
1035,egress,0,VLAN4012,3,terminal,3,20000,0,2954.94,0,0,0,909.28,0,0
1036,egress,0,VLAN4012,3,terminal,3,20000,0,2954.94,0,0,0,909.28,0,0
1037,egress,0,VLAN4012,3,terminal,3,20000,0,2954.94,0,0,0,909.28,0,0
1038,egress,0,VLAN4012,3,terminal,3,20000,0,5927.05,0,0,0,909.28,0,0
1039,egress,0,VLAN4012,3,terminal,3,20000,0,0,0,0,0,909.28,0,0
1040,egress,0,VLAN4012,3,terminal,3,20000,0,2963.53,0,0,0,909.28,0,0
1041,egress,0,VLAN4012,3,terminal,3,20000,0,5927.05,0,0,0,909.28,0,0
1042,egress,0,VLAN4012,3,terminal,3,20000,0,0,0,0,0,909.28,0,0
1043,egress,0,VLAN4012,3,terminal,3,20000,0,2963.53,0,0,0,909.28,0,0
1044,egress,0,VLAN4012,3,terminal,3,20000,0,2963.53,0,0,0,909.28,0,0
1045,egress,0,VLAN4012,3,terminal,3,20000,0,2963.53,0,0,0,909.28,0,0
1046,egress,0,VLAN4012,3,terminal,3,20000,0,5927.05,0,0,0,909.28,0,0
1047,egress,0,VLAN4012,3,terminal,3,20000,0,0,0,0,0,909.28,0,0
1048,egress,0,VLAN4012,3,terminal,3,20000,0,2972.12,0,0,0,909.28,0,0
1049,egress,0,VLAN4012,3,terminal,3,20000,0,2972.12,0,0,0,909.28,0,0
1050,egress,0,VLAN4012,3,terminal,3,20000,0,2972.12,0,0,0,909.28,0,0
1051,egress,0,VLAN4012,3,terminal,3,20000,0,2972.12,0,0,0,909.28,0,0
1052,egress,0,VLAN4012,3,terminal,3,20000,0,2972.12,0,0,0,909.28,0,0
1053,egress,0,VLAN4012,3,terminal,3,20000,0,2972.12,0,0,0,909.28,0,0
1054,egress,0,VLAN4012,3,terminal,3,20000,0,2972.12,0,0,0,909.28,0,0
1055,egress,0,VLAN4012,3,terminal,3,20000,0,2972.12,0,0,0,909.28,0,0
1056,egress,0,VLAN4012,3,terminal,3,20000,0,2972.12,0,0,0,909.28,0,0
1057,egress,0,VLAN4012,3,terminal,3,20000,0,2972.12,0,0,0,909.28,0,0
1058,egress,0,VLAN4012,3,terminal,3,20000,0,5961.41,0,0,0,909.28,0,0
1059,egress,0,VLAN4012,3,terminal,3,20000,0,0,0,0,0,909.28,0,0
1060,egress,0,VLAN4012,3,terminal,3,20000,0,2980.71,0,0,0,909.28,0,0
1061,egress,0,VLAN4012,3,terminal,3,20000,0,5961.41,0,0,0,909.28,0,0
1062,egress,0,VLAN4012,3,terminal,3,20000,0,0,0,0,0,909.28,0,0
1063,egress,0,VLAN4012,3,terminal,3,20000,0,2980.71,0,0,0,909.28,0,0
1064,egress,0,VLAN4012,3,terminal,3,20000,0,2980.71,0,0,0,909.28,0,0
1065,egress,0,VLAN4012,3,terminal,3,20000,0,2980.71,0,0,0,909.28,0,0
1066,egress,0,VLAN4012,3,terminal,3,20000,0,5961.41,0,0,0,909.28,0,0
1067,egress,0,VLAN4012,3,terminal,3,20000,0,0,0,0,0,909.28,0,0
1068,egress,0,VLAN4012,3,terminal,3,20000,0,2989.3,0,0,0,909.28,0,0
1069,egress,0,VLAN4012,3,terminal,3,20000,0,2989.3,0,0,0,909.28,0,0
1070,egress,0,VLAN4012,3,terminal,3,20000,0,2989.3,0,0,0,909.28,0,0
1071,egress,0,VLAN4012,3,terminal,3,20000,0,5978.59,0,0,0,909.28,0,0
1072,egress,0,VLAN4012,3,terminal,3,20000,0,0,0,0,0,909.28,0,0
1073,egress,0,VLAN4012,3,terminal,3,20000,0,2989.3,0,0,0,909.28,0,0
1074,egress,0,VLAN4012,3,terminal,3,20000,0,2989.3,0,0,0,909.28,0,0
1075,egress,0,VLAN4012,3,terminal,3,20000,0,2989.3,0,0,0,909.28,0,0
1076,egress,0,VLAN4012,3,terminal,3,20000,0,2989.3,0,0,0,909.28,0,0
1077,egress,0,VLAN4012,3,terminal,3,20000,0,2989.3,0,0,0,909.28,0,0
1078,egress,0,VLAN4012,3,terminal,3,20000,0,2997.89,0,0,0,909.28,0,0
1079,egress,0,VLAN4012,3,terminal,3,20000,0,2997.89,0,0,0,909.28,0,0
1080,egress,0,VLAN4012,3,terminal,3,20000,0,2997.89,0,0,0,909.28,0,0
1081,egress,0,VLAN4012,3,terminal,3,20000,0,5995.77,0,0,0,909.28,0,0
1082,egress,0,VLAN4012,3,terminal,3,20000,0,0,0,0,0,909.28,0,0
1083,egress,0,VLAN4012,3,terminal,3,20000,0,5995.77,0,0,0,909.28,0,0
1084,egress,0,VLAN4012,3,terminal,3,20000,0,0,0,0,0,909.28,0,0
1085,egress,0,VLAN4012,3,terminal,3,20000,0,2997.89,0,0,0,909.28,0,0
1086,egress,0,VLAN4012,3,terminal,3,20000,0,5995.77,0,0,0,909.28,0,0
1087,egress,0,VLAN4012,3,terminal,3,20000,0,0,0,0,0,909.28,0,0
1088,egress,0,VLAN4012,3,terminal,3,20000,0,2963.53,0,0,0,909.28,0,0
1089,egress,0,VLAN4012,3,terminal,3,20000,0,2963.53,0,0,0,909.28,0,0
1090,egress,0,VLAN4012,3,terminal,3,20000,0,2963.53,0,0,0,909.28,0,0
1091,egress,0,VLAN4012,3,terminal,3,20000,0,2963.53,0,0,0,909.28,0,0
1092,egress,0,VLAN4012,3,terminal,3,20000,0,2963.53,0,0,0,909.28,0,0
1093,egress,0,VLAN4012,3,terminal,3,20000,0,2963.53,0,0,0,909.28,0,0
1094,egress,0,VLAN4012,3,terminal,3,20000,0,2963.53,0,0,0,909.28,0,0
1095,egress,0,VLAN4012,3,terminal,3,20000,0,2963.53,0,0,0,909.28,0,0
1096,egress,0,VLAN4012,3,terminal,3,20000,0,2963.53,0,0,0,909.28,0,0
1097,egress,0,VLAN4012,3,terminal,3,20000,0,2963.53,0,0,0,909.28,0,0
1098,egress,0,VLAN4012,3,terminal,3,20000,0,5944.23,0,0,0,909.28,0,0
1099,egress,0,VLAN4012,3,terminal,3,20000,0,0,0,0,0,909.28,0,0
1100,egress,0,VLAN4012,3,terminal,3,20000,0,2972.12,0,0,0,909.28,0,0
1101,egress,0,VLAN4012,3,terminal,3,20000,0,5944.23,0,0,0,909.28,0,0
1102,egress,0,VLAN4012,3,terminal,3,20000,0,0,0,0,0,909.28,0,0
1103,egress,0,VLAN4012,3,terminal,3,20000,0,2972.12,0,0,0,909.28,0,0
1104,egress,0,VLAN4012,3,terminal,3,20000,0,2972.12,0,0,0,909.28,0,0
1105,egress,0,VLAN4012,3,terminal,3,20000,0,2972.12,0,0,0,909.28,0,0
1106,egress,0,VLAN4012,3,terminal,3,20000,0,2972.12,0,0,0,909.28,0,0
1107,egress,0,VLAN4012,3,terminal,3,20000,0,2972.12,0,0,0,909.28,0,0
1108,egress,0,VLAN4012,3,terminal,3,20000,0,5927.05,0,0,0,909.28,0,0
1109,egress,0,VLAN4012,3,terminal,3,20000,0,0,0,0,0,909.28,0,0
1110,egress,0,VLAN4012,3,terminal,3,20000,0,2963.53,0,0,0,909.28,0,0
1111,egress,0,VLAN4012,3,terminal,3,20000,0,2963.53,0,0,0,909.28,0,0
1112,egress,0,VLAN4012,3,terminal,3,20000,0,2963.53,0,0,0,909.28,0,0
1113,egress,0,VLAN4012,3,terminal,3,20000,0,5927.05,0,0,0,909.28,0,0
1114,egress,0,VLAN4012,3,terminal,3,20000,0,0,0,0,0,909.28,0,0
1115,egress,0,VLAN4012,3,terminal,3,20000,0,2963.53,0,0,0,909.28,0,0
1116,egress,0,VLAN4012,3,terminal,3,20000,0,2963.53,0,0,0,909.28,0,0
1117,egress,0,VLAN4012,3,terminal,3,20000,0,2963.53,0,0,0,909.28,0,0
1118,egress,0,VLAN4012,3,terminal,3,20000,0,2963.53,0,0,0,909.28,0,0
1119,egress,0,VLAN4012,3,terminal,3,20000,0,2963.53,0,0,0,909.28,0,0
1120,egress,0,VLAN4012,3,terminal,3,20000,0,2963.53,0,0,0,909.28,0,0
1121,egress,0,VLAN4012,3,terminal,3,20000,0,5927.05,0,0,0,909.28,0,0
1122,egress,0,VLAN4012,3,terminal,3,20000,0,0,0,0,0,909.28,0,0
1123,egress,0,VLAN4012,3,terminal,3,20000,0,5927.05,0,0,0,909.28,0,0
1124,egress,0,VLAN4012,3,terminal,3,20000,0,0,0,0,0,909.28,0,0
1125,egress,0,VLAN4012,3,terminal,3,20000,0,2963.53,0,0,0,909.28,0,0
1126,egress,0,VLAN4012,3,terminal,3,20000,0,5927.05,0,0,0,909.28,0,0
1127,egress,0,VLAN4012,3,terminal,3,20000,0,0,0,0,0,909.28,0,0
1128,egress,0,VLAN4012,3,terminal,3,20000,0,5944.23,0,0,0,909.28,0,0
1129,egress,0,VLAN4012,3,terminal,3,20000,0,0,0,0,0,909.28,0,0
1130,egress,0,VLAN4012,3,terminal,3,20000,0,2972.12,0,0,0,909.28,0,0
1131,egress,0,VLAN4012,3,terminal,3,20000,0,2972.12,0,0,0,909.28,0,0
1132,egress,0,VLAN4012,3,terminal,3,20000,0,2972.12,0,0,0,909.28,0,0
1133,egress,0,VLAN4012,3,terminal,3,20000,0,5944.23,0,0,0,909.28,0,0
1134,egress,0,VLAN4012,3,terminal,3,20000,0,0,0,0,0,909.28,0,0
1135,egress,0,VLAN4012,3,terminal,3,20000,0,2972.12,0,0,0,909.28,0,0
1136,egress,0,VLAN4012,3,terminal,3,20000,0,2972.12,0,0,0,909.28,0,0
1137,egress,0,VLAN4012,3,terminal,3,20000,0,2972.12,0,0,0,909.28,0,0
1138,egress,0,VLAN4012,3,terminal,3,20000,0,2989.3,0,0,0,909.28,0,0
1139,egress,0,VLAN4012,3,terminal,3,20000,0,2989.3,0,0,0,909.28,0,0
1140,egress,0,VLAN4012,3,terminal,3,20000,0,2989.3,0,0,0,909.28,0,0
1141,egress,0,VLAN4012,3,terminal,3,20000,0,5978.59,0,0,0,909.28,0,0
1142,egress,0,VLAN4012,3,terminal,3,20000,0,0,0,0,0,909.28,0,0
1143,egress,0,VLAN4012,3,terminal,3,20000,0,5978.59,0,0,0,909.28,0,0
1144,egress,0,VLAN4012,3,terminal,3,20000,0,0,0,0,0,909.28,0,0
1145,egress,0,VLAN4012,3,terminal,3,20000,0,2989.3,0,0,0,909.28,0,0
1146,egress,0,VLAN4012,3,terminal,3,20000,0,2989.3,0,0,0,909.28,0,0
1147,egress,0,VLAN4012,3,terminal,3,20000,0,2989.3,0,0,0,909.28,0,0
1148,egress,0,VLAN4012,3,terminal,3,20000,0,5978.59,0,0,0,909.28,0,0
1149,egress,0,VLAN4012,3,terminal,3,20000,0,0,0,0,0,909.28,0,0
1150,egress,0,VLAN4012,3,terminal,3,20000,0,2989.3,0,0,0,909.28,0,0
1151,egress,0,VLAN4012,3,terminal,3,20000,0,2989.3,0,0,0,909.28,0,0
1152,egress,0,VLAN4012,3,terminal,3,20000,0,2989.3,0,0,0,909.28,0,0
1153,egress,0,VLAN4012,3,terminal,3,20000,0,2989.3,0,0,0,909.28,0,0
1154,egress,0,VLAN4012,3,terminal,3,20000,0,2989.3,0,0,0,909.28,0,0
1155,egress,0,VLAN4012,3,terminal,3,20000,0,2989.3,0,0,0,909.28,0,0
1156,egress,0,VLAN4012,3,terminal,3,20000,0,5978.59,0,0,0,909.28,0,0
1157,egress,0,VLAN4012,3,terminal,3,20000,0,0,0,0,0,909.28,0,0
1158,egress,0,VLAN4012,3,terminal,3,20000,0,2997.89,0,0,0,909.28,0,0
1159,egress,0,VLAN4012,3,terminal,3,20000,0,2997.89,0,0,0,909.28,0,0
1160,egress,0,VLAN4012,3,terminal,3,20000,0,2997.89,0,0,0,909.28,0,0
1161,egress,0,VLAN4012,3,terminal,3,20000,0,2997.89,0,0,0,909.28,0,0
1162,egress,0,VLAN4012,3,terminal,3,20000,0,2997.89,0,0,0,909.28,0,0
1163,egress,0,VLAN4012,3,terminal,3,20000,0,2997.89,0,0,0,909.28,0,0
1164,egress,0,VLAN4012,3,terminal,3,20000,0,2997.89,0,0,0,909.28,0,0
1165,egress,0,VLAN4012,3,terminal,3,20000,0,2997.89,0,0,0,909.28,0,0
1166,egress,0,VLAN4012,3,terminal,3,20000,0,2997.89,0,0,0,909.28,0,0
1167,egress,0,VLAN4012,3,terminal,3,20000,0,2997.89,0,0,0,909.28,0,0
1168,egress,0,VLAN4012,3,terminal,3,20000,0,5858.34,0,0,0,909.28,0,0
1169,egress,0,VLAN4012,3,terminal,3,20000,0,0,0,0,0,909.28,0,0
1170,egress,0,VLAN4012,3,terminal,3,20000,0,2929.17,0,0,0,909.28,0,0
1171,egress,0,VLAN4012,3,terminal,3,20000,0,5858.34,0,0,0,909.28,0,0
1172,egress,0,VLAN4012,3,terminal,3,20000,0,0,0,0,0,909.28,0,0
1173,egress,0,VLAN4012,3,terminal,3,20000,0,2929.17,0,0,0,909.28,0,0
1174,egress,0,VLAN4012,3,terminal,3,20000,0,2929.17,0,0,0,909.28,0,0
1175,egress,0,VLAN4012,3,terminal,3,20000,0,2929.17,0,0,0,909.28,0,0
1176,egress,0,VLAN4012,3,terminal,3,20000,0,2929.17,0,0,0,909.28,0,0
1177,egress,0,VLAN4012,3,terminal,3,20000,0,2929.17,0,0,0,909.28,0,0
1178,egress,0,VLAN4012,3,terminal,3,20000,0,5909.88,0,0,0,909.28,0,0
1179,egress,0,VLAN4012,3,terminal,3,20000,0,0,0,0,0,909.28,0,0
1180,egress,0,VLAN4012,3,terminal,3,20000,0,2954.94,0,0,0,909.28,0,0
1181,egress,0,VLAN4012,3,terminal,3,20000,0,5909.88,0,0,0,909.28,0,0
1182,egress,0,VLAN4012,3,terminal,3,20000,0,0,0,0,0,909.28,0,0
1183,egress,0,VLAN4012,3,terminal,3,20000,0,2954.94,0,0,0,909.28,0,0
1184,egress,0,VLAN4012,3,terminal,3,20000,0,2954.94,0,0,0,909.28,0,0
1185,egress,0,VLAN4012,3,terminal,3,20000,0,2954.94,0,0,0,909.28,0,0
1186,egress,0,VLAN4012,3,terminal,3,20000,0,5909.88,0,0,0,909.28,0,0
1187,egress,0,VLAN4012,3,terminal,3,20000,0,0,0,0,0,909.28,0,0
1188,egress,0,VLAN4012,3,terminal,3,20000,0,5909.88,0,0,0,909.28,0,0
1189,egress,0,VLAN4012,3,terminal,3,20000,0,0,0,0,0,909.28,0,0
1190,egress,0,VLAN4012,3,terminal,3,20000,0,2954.94,0,0,0,909.28,0,0
1191,egress,0,VLAN4012,3,terminal,3,20000,0,2954.94,0,0,0,909.28,0,0
1192,egress,0,VLAN4012,3,terminal,3,20000,0,2954.94,0,0,0,909.28,0,0
1193,egress,0,VLAN4012,3,terminal,3,20000,0,2954.94,0,0,0,909.28,0,0
1194,egress,0,VLAN4012,3,terminal,3,20000,0,2954.94,0,0,0,909.28,0,0
1195,egress,0,VLAN4012,3,terminal,3,20000,0,2954.94,0,0,0,909.28,0,0
1196,egress,0,VLAN4012,3,terminal,3,20000,0,5909.88,0,0,0,909.28,0,0
1197,egress,0,VLAN4012,3,terminal,3,20000,0,0,0,0,0,909.28,0,0
1198,egress,0,VLAN4012,3,terminal,3,20000,0,5927.05,0,0,0,909.28,0,0
1199,egress,0,VLAN4012,3,terminal,3,20000,0,0,0,0,0,909.28,0,0
1200,egress,0,VLAN4012,3,terminal,3,20000,0,2963.53,0,0,0,909.28,0,0
1201,egress,0,VLAN4012,3,terminal,3,20000,0,5927.05,0,0,0,909.28,0,0
1202,egress,0,VLAN4012,3,terminal,3,20000,0,0,0,0,0,909.28,0,0
1203,egress,0,VLAN4012,3,terminal,3,20000,0,5927.05,0,0,0,909.28,0,0
1204,egress,0,VLAN4012,3,terminal,3,20000,0,0,0,0,0,909.28,0,0
1205,egress,0,VLAN4012,3,terminal,3,20000,0,2963.53,0,0,0,909.28,0,0
1206,egress,0,VLAN4012,3,terminal,3,20000,0,2963.53,0,0,0,909.28,0,0
1207,egress,0,VLAN4012,3,terminal,3,20000,0,2963.53,0,0,0,909.28,0,0
1208,egress,0,VLAN4012,3,terminal,3,20000,0,2972.12,0,0,0,909.28,0,0
1209,egress,0,VLAN4012,3,terminal,3,20000,0,2972.12,0,0,0,909.28,0,0
1210,egress,0,VLAN4012,3,terminal,3,20000,0,2972.12,0,0,0,909.28,0,0
1211,egress,0,VLAN4012,3,terminal,3,20000,0,2972.12,0,0,0,909.28,0,0
1212,egress,0,VLAN4012,3,terminal,3,20000,0,2972.12,0,0,0,909.28,0,0
1213,egress,0,VLAN4012,3,terminal,3,20000,0,5944.23,0,0,0,909.28,0,0
1214,egress,0,VLAN4012,3,terminal,3,20000,0,0,0,0,0,909.28,0,0
1215,egress,0,VLAN4012,3,terminal,3,20000,0,2972.12,0,0,0,909.28,0,0
1216,egress,0,VLAN4012,3,terminal,3,20000,0,5944.23,0,0,0,909.28,0,0
1217,egress,0,VLAN4012,3,terminal,3,20000,0,0,0,0,0,909.28,0,0
1218,egress,0,VLAN4012,3,terminal,3,20000,0,2980.71,0,0,0,909.28,0,0
1219,egress,0,VLAN4012,3,terminal,3,20000,0,2980.71,0,0,0,909.28,0,0
1220,egress,0,VLAN4012,3,terminal,3,20000,0,2980.71,0,0,0,909.28,0,0
1221,egress,0,VLAN4012,3,terminal,3,20000,0,2980.71,0,0,0,909.28,0,0
1222,egress,0,VLAN4012,3,terminal,3,20000,0,2980.71,0,0,0,909.28,0,0
1223,egress,0,VLAN4012,3,terminal,3,20000,0,5961.41,0,0,0,909.28,0,0
1224,egress,0,VLAN4012,3,terminal,3,20000,0,0,0,0,0,909.28,0,0
1225,egress,0,VLAN4012,3,terminal,3,20000,0,2980.71,0,0,0,909.28,0,0
1226,egress,0,VLAN4012,3,terminal,3,20000,0,2980.71,0,0,0,909.28,0,0
1227,egress,0,VLAN4012,3,terminal,3,20000,0,2980.71,0,0,0,909.28,0,0
1228,egress,0,VLAN4012,3,terminal,3,20000,0,5978.59,0,0,0,909.28,0,0
1229,egress,0,VLAN4012,3,terminal,3,20000,0,0,0,0,0,909.28,0,0
1230,egress,0,VLAN4012,3,terminal,3,20000,0,2989.3,0,0,0,909.28,0,0
1231,egress,0,VLAN4012,3,terminal,3,20000,0,2989.3,0,0,0,909.28,0,0
1232,egress,0,VLAN4012,3,terminal,3,20000,0,2989.3,0,0,0,909.28,0,0
1233,egress,0,VLAN4012,3,terminal,3,20000,0,2989.3,0,0,0,909.28,0,0
1234,egress,0,VLAN4012,3,terminal,3,20000,0,2989.3,0,0,0,909.28,0,0
1235,egress,0,VLAN4012,3,terminal,3,20000,0,2989.3,0,0,0,909.28,0,0
1236,egress,0,VLAN4012,3,terminal,3,20000,0,2989.3,0,0,0,909.28,0,0
1237,egress,0,VLAN4012,3,terminal,3,20000,0,2989.3,0,0,0,909.28,0,0
1238,egress,0,VLAN4012,3,terminal,3,20000,0,6012.95,0,0,0,909.28,0,0
1239,egress,0,VLAN4012,3,terminal,3,20000,0,0,0,0,0,909.28,0,0
1240,egress,0,VLAN4012,3,terminal,3,20000,0,3006.48,0,0,0,909.28,0,0
1241,egress,0,VLAN4012,3,terminal,3,20000,0,3006.48,0,0,0,909.28,0,0
1242,egress,0,VLAN4012,3,terminal,3,20000,0,3006.48,0,0,0,909.28,0,0
1243,egress,0,VLAN4012,3,terminal,3,20000,0,6012.95,0,0,0,909.28,0,0
1244,egress,0,VLAN4012,3,terminal,3,20000,0,0,0,0,0,909.28,0,0
1245,egress,0,VLAN4012,3,terminal,3,20000,0,3006.48,0,0,0,909.28,0,0
1246,egress,0,VLAN4012,3,terminal,3,20000,0,3006.48,0,0,0,909.28,0,0
1247,egress,0,VLAN4012,3,terminal,3,20000,0,3006.48,0,0,0,909.28,0,0
1248,egress,0,VLAN4012,3,terminal,3,20000,0,2972.12,0,0,0,909.28,0,0
1249,egress,0,VLAN4012,3,terminal,3,20000,0,2972.12,0,0,0,909.28,0,0
1250,egress,0,VLAN4012,3,terminal,3,20000,0,2972.12,0,0,0,909.28,0,0
1251,egress,0,VLAN4012,3,terminal,3,20000,0,5944.23,0,0,0,909.28,0,0
1252,egress,0,VLAN4012,3,terminal,3,20000,0,0,0,0,0,909.28,0,0
1253,egress,0,VLAN4012,3,terminal,3,20000,0,2972.12,0,0,0,909.28,0,0
1254,egress,0,VLAN4012,3,terminal,3,20000,0,2972.12,0,0,0,909.28,0,0
1255,egress,0,VLAN4012,3,terminal,3,20000,0,2972.12,0,0,0,909.28,0,0
1256,egress,0,VLAN4012,3,terminal,3,20000,0,5944.23,0,0,0,909.28,0,0
1257,egress,0,VLAN4012,3,terminal,3,20000,0,0,0,0,0,909.28,0,0
1258,egress,0,VLAN4012,3,terminal,3,20000,0,5978.59,0,0,0,909.28,0,0
1259,egress,0,VLAN4012,3,terminal,3,20000,0,0,0,0,0,909.28,0,0
1260,egress,0,VLAN4012,3,terminal,3,20000,0,2989.3,0,0,0,909.28,0,0
1261,egress,0,VLAN4012,3,terminal,3,20000,0,5978.59,0,0,0,909.28,0,0
1262,egress,0,VLAN4012,3,terminal,3,20000,0,0,0,0,0,909.28,0,0
1263,egress,0,VLAN4012,3,terminal,3,20000,0,5978.59,0,0,0,909.28,0,0
1264,egress,0,VLAN4012,3,terminal,3,20000,0,0,0,0,0,909.28,0,0
1265,egress,0,VLAN4012,3,terminal,3,20000,0,2989.3,0,0,0,909.28,0,0
1266,egress,0,VLAN4012,3,terminal,3,20000,0,5978.59,0,0,0,909.28,0,0
1267,egress,0,VLAN4012,3,terminal,3,20000,0,0,0,0,0,909.28,0,0
1268,egress,0,VLAN4012,3,terminal,3,20000,0,2972.12,0,0,0,909.28,0,0
1269,egress,0,VLAN4012,3,terminal,3,20000,0,2972.12,0,0,0,909.28,0,0
1270,egress,0,VLAN4012,3,terminal,3,20000,0,2972.12,0,0,0,909.28,0,0
1271,egress,0,VLAN4012,3,terminal,3,20000,0,2972.12,0,0,0,909.28,0,0
1272,egress,0,VLAN4012,3,terminal,3,20000,0,2972.12,0,0,0,909.28,0,0
1273,egress,0,VLAN4012,3,terminal,3,20000,0,5944.23,0,0,0,909.28,0,0
1274,egress,0,VLAN4012,3,terminal,3,20000,0,2972.12,0,0,0,909.28,0,0
1275,egress,0,VLAN4012,3,terminal,3,20000,0,2972.12,0,0,0,909.28,0,0
1276,egress,0,VLAN4012,3,terminal,3,20000,0,2972.12,0,0,0,909.28,0,0
1277,egress,0,VLAN4012,3,terminal,3,20000,0,2980.71,0,0,0,909.28,0,0
1278,egress,0,VLAN4012,3,terminal,3,20000,0,2980.71,0,0,0,909.28,0,0
1279,egress,0,VLAN4012,3,terminal,3,20000,0,2980.71,0,0,0,909.28,0,0
1280,egress,0,VLAN4012,3,terminal,3,20000,0,2980.71,0,0,0,909.28,0,0
1281,egress,0,VLAN4012,3,terminal,3,20000,0,2980.71,0,0,0,909.28,0,0
1282,egress,0,VLAN4012,3,terminal,3,20000,0,2980.71,0,0,0,909.28,0,0
1283,egress,0,VLAN4012,3,terminal,3,20000,0,2980.71,0,0,0,909.28,0,0
1284,egress,0,VLAN4012,3,terminal,3,20000,0,2980.71,0,0,0,909.28,0,0
1285,egress,0,VLAN4012,3,terminal,3,20000,0,0,0,0,0,909.28,0,0
1286,egress,0,VLAN4012,3,terminal,3,20000,0,2980.71,0,0,0,909.28,0,0
1287,egress,0,VLAN4012,3,terminal,3,20000,0,5961.41,0,0,0,909.28,0,0
1288,egress,0,VLAN4012,3,terminal,3,20000,0,2980.71,0,0,0,909.28,0,0
1289,egress,0,VLAN4012,3,terminal,3,20000,0,2980.71,0,0,0,909.28,0,0
1290,egress,0,VLAN4012,3,terminal,3,20000,0,2980.71,0,0,0,909.28,0,0
1291,egress,0,VLAN4012,3,terminal,3,20000,0,2980.71,0,0,0,909.28,0,0
1292,egress,0,VLAN4012,3,terminal,3,20000,0,2980.71,0,0,0,909.28,0,0
1293,egress,0,VLAN4012,3,terminal,3,20000,0,0,0,0,0,909.28,0,0
1294,egress,0,VLAN4012,3,terminal,3,20000,0,2980.71,0,0,0,909.28,0,0
1295,egress,0,VLAN4012,3,terminal,3,20000,0,5961.41,0,0,0,909.28,0,0
1296,egress,0,VLAN4012,3,terminal,3,20000,0,2980.71,0,0,0,909.28,0,0
1297,egress,0,VLAN4012,3,terminal,3,20000,0,2989.3,0,0,0,909.28,0,0
1298,egress,0,VLAN4012,3,terminal,3,20000,0,2989.3,0,0,0,909.28,0,0
1299,egress,0,VLAN4012,3,terminal,3,20000,0,0,0,0,0,909.28,0,0
1300,egress,0,VLAN4012,3,terminal,3,20000,0,2989.3,0,0,0,909.28,0,0
1301,egress,0,VLAN4012,3,terminal,3,20000,0,2989.3,0,0,0,909.28,0,0
1302,egress,0,VLAN4012,3,terminal,3,20000,0,5978.59,0,0,0,909.28,0,0
1303,egress,0,VLAN4012,3,terminal,3,20000,0,0,0,0,0,909.28,0,0
1304,egress,0,VLAN4012,3,terminal,3,20000,0,2989.3,0,0,0,909.28,0,0
1305,egress,0,VLAN4012,3,terminal,3,20000,0,5978.59,0,0,0,909.28,0,0
1306,egress,0,VLAN4012,3,terminal,3,20000,0,2989.3,0,0,0,909.28,0,0
1307,egress,0,VLAN4012,3,terminal,3,20000,0,2989.3,0,0,0,909.28,0,0
1308,egress,0,VLAN4012,3,terminal,3,20000,0,0,0,0,0,909.28,0,0
1309,egress,0,VLAN4012,3,terminal,3,20000,0,5978.59,0,0,0,909.28,0,0
1310,egress,0,VLAN4012,3,terminal,3,20000,0,2989.3,0,0,0,909.28,0,0
1311,egress,0,VLAN4012,3,terminal,3,20000,0,0,0,0,0,909.28,0,0
1312,egress,0,VLAN4012,3,terminal,3,20000,0,5978.59,0,0,0,909.28,0,0
1313,egress,0,VLAN4012,3,terminal,3,20000,0,0,0,0,0,909.28,0,0
1314,egress,0,VLAN4012,3,terminal,3,20000,0,2989.3,0,0,0,909.28,0,0
1315,egress,0,VLAN4012,3,terminal,3,20000,0,2989.3,0,0,0,909.28,0,0
1316,egress,0,VLAN4012,3,terminal,3,20000,0,2989.3,0,0,0,909.28,0,0
1317,egress,0,VLAN4012,3,terminal,3,20000,0,5995.77,0,0,0,909.28,0,0
1318,egress,0,VLAN4012,3,terminal,3,20000,0,0,0,0,0,909.28,0,0
1319,egress,0,VLAN4012,3,terminal,3,20000,0,3006.48,0,0,0,909.28,0,0
1320,egress,0,VLAN4012,3,terminal,3,20000,0,6012.95,0,0,0,909.28,0,0
1321,egress,0,VLAN4012,3,terminal,3,20000,0,0,0,0,0,909.28,0,0
1322,egress,0,VLAN4012,3,terminal,3,20000,0,6012.95,0,0,0,909.28,0,0
1323,egress,0,VLAN4012,3,terminal,3,20000,0,0,0,0,0,909.28,0,0
1324,egress,0,VLAN4012,3,terminal,3,20000,0,3006.48,0,0,0,909.28,0,0
1325,egress,0,VLAN4012,3,terminal,3,20000,0,6012.95,0,0,0,909.28,0,0
1326,egress,0,VLAN4012,3,terminal,3,20000,0,3006.48,0,0,0,909.28,0,0
1327,egress,0,VLAN4012,3,terminal,3,20000,0,2989.3,0,0,0,909.28,0,0
1328,egress,0,VLAN4012,3,terminal,3,20000,0,0,0,0,0,909.28,0,0
1329,egress,0,VLAN4012,3,terminal,3,20000,0,5978.59,0,0,0,909.28,0,0
1330,egress,0,VLAN4012,3,terminal,3,20000,0,0,0,0,0,909.28,0,0
1331,egress,0,VLAN4012,3,terminal,3,20000,0,5978.59,0,0,0,909.28,0,0
1332,egress,0,VLAN4012,3,terminal,3,20000,0,2989.3,0,0,0,909.28,0,0
1333,egress,0,VLAN4012,3,terminal,3,20000,0,2989.3,0,0,0,909.28,0,0
1334,egress,0,VLAN4012,3,terminal,3,20000,0,2989.3,0,0,0,909.28,0,0
1335,egress,0,VLAN4012,3,terminal,3,20000,0,0,0,0,0,909.28,0,0
1336,egress,0,VLAN4012,3,terminal,3,20000,0,5978.59,0,0,0,909.28,0,0
1337,egress,0,VLAN4012,3,terminal,3,20000,0,2989.3,0,0,0,909.28,0,0
1338,egress,0,VLAN4012,3,terminal,3,20000,0,2989.3,0,0,0,909.28,0,0
1339,egress,0,VLAN4012,3,terminal,3,20000,0,2989.3,0,0,0,909.28,0,0
1340,egress,0,VLAN4012,3,terminal,3,20000,0,2989.3,0,0,0,909.28,0,0
1341,egress,0,VLAN4012,3,terminal,3,20000,0,2989.3,0,0,0,909.28,0,0
1342,egress,0,VLAN4012,3,terminal,3,20000,0,2989.3,0,0,0,909.28,0,0
1343,egress,0,VLAN4012,3,terminal,3,20000,0,0,0,0,0,909.28,0,0
1344,egress,0,VLAN4012,3,terminal,3,20000,0,5978.59,0,0,0,909.28,0,0
1345,egress,0,VLAN4012,3,terminal,3,20000,0,0,0,0,0,909.28,0,0
1346,egress,0,VLAN4012,3,terminal,3,20000,0,2989.3,0,0,0,909.28,0,0
1347,egress,0,VLAN4012,3,terminal,3,20000,0,5961.41,0,0,0,909.28,0,0
1348,egress,0,VLAN4012,3,terminal,3,20000,0,2972.12,0,0,0,909.28,0,0
1349,egress,0,VLAN4012,3,terminal,3,20000,0,0,0,0,0,909.28,0,0
1350,egress,0,VLAN4012,3,terminal,3,20000,0,5944.23,0,0,0,909.28,0,0
1351,egress,0,VLAN4012,3,terminal,3,20000,0,0,0,0,0,909.28,0,0
1352,egress,0,VLAN4012,3,terminal,3,20000,0,5944.23,0,0,0,909.28,0,0
1353,egress,0,VLAN4012,3,terminal,3,20000,0,2972.12,0,0,0,909.28,0,0
1354,egress,0,VLAN4012,3,terminal,3,20000,0,0,0,0,0,909.28,0,0
1355,egress,0,VLAN4012,3,terminal,3,20000,0,5944.23,0,0,0,909.28,0,0
1356,egress,0,VLAN4012,3,terminal,3,20000,0,2972.12,0,0,0,909.28,0,0
1357,egress,0,VLAN4012,3,terminal,3,20000,0,2963.53,0,0,0,909.28,0,0
1358,egress,0,VLAN4012,3,terminal,3,20000,0,2963.53,0,0,0,909.28,0,0
1359,egress,0,VLAN4012,3,terminal,3,20000,0,2963.53,0,0,0,909.28,0,0
1360,egress,0,VLAN4012,3,terminal,3,20000,0,0,0,0,0,909.28,0,0
1361,egress,0,VLAN4012,3,terminal,3,20000,0,5927.05,0,0,0,909.28,0,0
1362,egress,0,VLAN4012,3,terminal,3,20000,0,2963.53,0,0,0,909.28,0,0
1363,egress,0,VLAN4012,3,terminal,3,20000,0,2963.53,0,0,0,909.28,0,0
1364,egress,0,VLAN4012,3,terminal,3,20000,0,2963.53,0,0,0,909.28,0,0
1365,egress,0,VLAN4012,3,terminal,3,20000,0,2963.53,0,0,0,909.28,0,0
1366,egress,0,VLAN4012,3,terminal,3,20000,0,0,0,0,0,909.28,0,0
1367,egress,0,VLAN4012,3,terminal,3,20000,0,5918.46,0,0,0,909.28,0,0
1368,egress,0,VLAN4012,3,terminal,3,20000,0,0,0,0,0,909.28,0,0
1369,egress,0,VLAN4012,3,terminal,3,20000,0,2954.94,0,0,0,909.28,0,0
1370,egress,0,VLAN4012,3,terminal,3,20000,0,2954.94,0,0,0,909.28,0,0
1371,egress,0,VLAN4012,3,terminal,3,20000,0,2954.94,0,0,0,909.28,0,0
1372,egress,0,VLAN4012,3,terminal,3,20000,0,5909.88,0,0,0,909.28,0,0
1373,egress,0,VLAN4012,3,terminal,3,20000,0,2954.94,0,0,0,909.28,0,0
1374,egress,0,VLAN4012,3,terminal,3,20000,0,2954.94,0,0,0,909.28,0,0
1375,egress,0,VLAN4012,3,terminal,3,20000,0,2954.94,0,0,0,909.28,0,0
1376,egress,0,VLAN4012,3,terminal,3,20000,0,0,0,0,0,909.28,0,0
1377,egress,0,VLAN4012,3,terminal,3,20000,0,5909.88,0,0,0,909.28,0,0
1378,egress,0,VLAN4012,3,terminal,3,20000,0,0,0,0,0,909.28,0,0
1379,egress,0,VLAN4012,3,terminal,3,20000,0,5909.88,0,0,0,909.28,0,0
1380,egress,0,VLAN4012,3,terminal,3,20000,0,0,0,0,0,909.28,0,0
1381,egress,0,VLAN4012,3,terminal,3,20000,0,5909.88,0,0,0,909.28,0,0
1382,egress,0,VLAN4012,3,terminal,3,20000,0,2954.94,0,0,0,909.28,0,0
1383,egress,0,VLAN4012,3,terminal,3,20000,0,0,0,0,0,909.28,0,0
1384,egress,0,VLAN4012,3,terminal,3,20000,0,5909.88,0,0,0,909.28,0,0
1385,egress,0,VLAN4012,3,terminal,3,20000,0,0,0,0,0,909.28,0,0
1386,egress,0,VLAN4012,3,terminal,3,20000,0,2954.94,0,0,0,909.28,0,0
1387,egress,0,VLAN4012,3,terminal,3,20000,0,5918.46,0,0,0,909.28,0,0
1388,egress,0,VLAN4012,3,terminal,3,20000,0,0,0,0,0,909.28,0,0
1389,egress,0,VLAN4012,3,terminal,3,20000,0,5927.05,0,0,0,909.28,0,0
1390,egress,0,VLAN4012,3,terminal,3,20000,0,2963.53,0,0,0,909.28,0,0
1391,egress,0,VLAN4012,3,terminal,3,20000,0,2963.53,0,0,0,909.28,0,0
1392,egress,0,VLAN4012,3,terminal,3,20000,0,2963.53,0,0,0,909.28,0,0
1393,egress,0,VLAN4012,3,terminal,3,20000,0,2963.53,0,0,0,909.28,0,0
1394,egress,0,VLAN4012,3,terminal,3,20000,0,0,0,0,0,909.28,0,0
1395,egress,0,VLAN4012,3,terminal,3,20000,0,5927.05,0,0,0,909.28,0,0
1396,egress,0,VLAN4012,3,terminal,3,20000,0,2963.53,0,0,0,909.28,0,0
1397,egress,0,VLAN4012,3,terminal,3,20000,0,2980.71,0,0,0,909.28,0,0
1398,egress,0,VLAN4012,3,terminal,3,20000,0,2980.71,0,0,0,909.28,0,0
1399,egress,0,VLAN4012,3,terminal,3,20000,0,2980.71,0,0,0,909.28,0,0
1400,egress,0,VLAN4012,3,terminal,3,20000,0,0,0,0,0,909.28,0,0
1401,egress,0,VLAN4012,3,terminal,3,20000,0,2980.71,0,0,0,909.28,0,0
1402,egress,0,VLAN4012,3,terminal,3,20000,0,5961.41,0,0,0,909.28,0,0
1403,egress,0,VLAN4012,3,terminal,3,20000,0,0,0,0,0,909.28,0,0
1404,egress,0,VLAN4012,3,terminal,3,20000,0,5961.41,0,0,0,909.28,0,0
1405,egress,0,VLAN4012,3,terminal,3,20000,0,2980.71,0,0,0,909.28,0,0
1406,egress,0,VLAN4012,3,terminal,3,20000,0,2980.71,0,0,0,909.28,0,0
1407,egress,0,VLAN4012,3,terminal,3,20000,0,2937.76,0,0,0,909.28,0,0
1408,egress,0,VLAN4012,3,terminal,3,20000,0,0,0,0,0,909.28,0,0
1409,egress,0,VLAN4012,3,terminal,3,20000,0,5875.52,0,0,0,909.28,0,0
1410,egress,0,VLAN4012,3,terminal,3,20000,0,0,0,0,0,909.28,0,0
1411,egress,0,VLAN4012,3,terminal,3,20000,0,2937.76,0,0,0,909.28,0,0
1412,egress,0,VLAN4012,3,terminal,3,20000,0,5875.52,0,0,0,909.28,0,0
1413,egress,0,VLAN4012,3,terminal,3,20000,0,2937.76,0,0,0,909.28,0,0
1414,egress,0,VLAN4012,3,terminal,3,20000,0,2937.76,0,0,0,909.28,0,0
1415,egress,0,VLAN4012,3,terminal,3,20000,0,2937.76,0,0,0,909.28,0,0
1416,egress,0,VLAN4012,3,terminal,3,20000,0,0,0,0,0,909.28,0,0
1417,egress,0,VLAN4012,3,terminal,3,20000,0,5884.11,0,0,0,909.28,0,0
1418,egress,0,VLAN4012,3,terminal,3,20000,0,2946.35,0,0,0,909.28,0,0
1419,egress,0,VLAN4012,3,terminal,3,20000,0,2946.35,0,0,0,909.28,0,0
1420,egress,0,VLAN4012,3,terminal,3,20000,0,0,0,0,0,909.28,0,0
1421,egress,0,VLAN4012,3,terminal,3,20000,0,2946.35,0,0,0,909.28,0,0
1422,egress,0,VLAN4012,3,terminal,3,20000,0,5892.7,0,0,0,909.28,0,0
1423,egress,0,VLAN4012,3,terminal,3,20000,0,0,0,0,0,909.28,0,0
1424,egress,0,VLAN4012,3,terminal,3,20000,0,2946.35,0,0,0,909.28,0,0
1425,egress,0,VLAN4012,3,terminal,3,20000,0,2946.35,0,0,0,909.28,0,0
1426,egress,0,VLAN4012,3,terminal,3,20000,0,5892.7,0,0,0,909.28,0,0
1427,egress,0,VLAN4012,3,terminal,3,20000,0,2946.35,0,0,0,909.28,0,0
1428,egress,0,VLAN4012,3,terminal,3,20000,0,2946.35,0,0,0,909.28,0,0
1429,egress,0,VLAN4012,3,terminal,3,20000,0,2946.35,0,0,0,909.28,0,0
1430,egress,0,VLAN4012,3,terminal,3,20000,0,0,0,0,0,909.28,0,0
1431,egress,0,VLAN4012,3,terminal,3,20000,0,2946.35,0,0,0,909.28,0,0
1432,egress,0,VLAN4012,3,terminal,3,20000,0,5892.7,0,0,0,909.28,0,0
1433,egress,0,VLAN4012,3,terminal,3,20000,0,0,0,0,0,909.28,0,0
1434,egress,0,VLAN4012,3,terminal,3,20000,0,2946.35,0,0,0,909.28,0,0
1435,egress,0,VLAN4012,3,terminal,3,20000,0,5892.7,0,0,0,909.28,0,0
1436,egress,0,VLAN4012,3,terminal,3,20000,0,2946.35,0,0,0,909.28,0,0
1437,egress,0,VLAN4012,3,terminal,3,20000,0,2946.35,0,0,0,909.28,0,0
1438,egress,0,VLAN4012,3,terminal,3,20000,0,2946.35,0,0,0,909.28,0,0
1439,egress,0,VLAN4012,3,terminal,3,20000,0,2946.35,0,0,0,909.28,0,0
1440,egress,0,VLAN4012,3,terminal,3,20000,0,2946.35,0,0,0,909.28,0,0
1441,egress,0,VLAN4012,3,terminal,3,20000,0,0,0,0,0,909.28,0,0
1442,egress,0,VLAN4012,3,terminal,3,20000,0,5892.7,0,0,0,909.28,0,0
1443,egress,0,VLAN4012,3,terminal,3,20000,0,0,0,0,0,909.28,0,0
1444,egress,0,VLAN4012,3,terminal,3,20000,0,5892.7,0,0,0,909.28,0,0
1445,egress,0,VLAN4012,3,terminal,3,20000,0,0,0,0,0,909.28,0,0
1446,egress,0,VLAN4012,3,terminal,3,20000,0,5892.7,0,0,0,909.28,0,0
1447,egress,0,VLAN4012,3,terminal,3,20000,0,2963.53,0,0,0,909.28,0,0
1448,egress,0,VLAN4012,3,terminal,3,20000,0,0,0,0,0,909.28,0,0
1449,egress,0,VLAN4012,3,terminal,3,20000,0,5927.05,0,0,0,909.28,0,0
1450,egress,0,VLAN4012,3,terminal,3,20000,0,2963.53,0,0,0,909.28,0,0
1451,egress,0,VLAN4012,3,terminal,3,20000,0,0,0,0,0,909.28,0,0
1452,egress,0,VLAN4012,3,terminal,3,20000,0,5927.05,0,0,0,909.28,0,0
1453,egress,0,VLAN4012,3,terminal,3,20000,0,2963.53,0,0,0,909.28,0,0
1454,egress,0,VLAN4012,3,terminal,3,20000,0,0,0,0,0,909.28,0,0
1455,egress,0,VLAN4012,3,terminal,3,20000,0,5927.05,0,0,0,909.28,0,0
1456,egress,0,VLAN4012,3,terminal,3,20000,0,0,0,0,0,909.28,0,0
1457,egress,0,VLAN4012,3,terminal,3,20000,0,5927.05,0,0,0,909.28,0,0
1458,egress,0,VLAN4012,3,terminal,3,20000,0,0,0,0,0,909.28,0,0
1459,egress,0,VLAN4012,3,terminal,3,20000,0,2963.53,0,0,0,909.28,0,0
1460,egress,0,VLAN4012,3,terminal,3,20000,0,2963.53,0,0,0,909.28,0,0
1461,egress,0,VLAN4012,3,terminal,3,20000,0,5927.05,0,0,0,909.28,0,0
1462,egress,0,VLAN4012,3,terminal,3,20000,0,2963.53,0,0,0,909.28,0,0
1463,egress,0,VLAN4012,3,terminal,3,20000,0,0,0,0,0,909.28,0,0
1464,egress,0,VLAN4012,3,terminal,3,20000,0,5927.05,0,0,0,909.28,0,0
1465,egress,0,VLAN4012,3,terminal,3,20000,0,0,0,0,0,909.28,0,0
1466,egress,0,VLAN4012,3,terminal,3,20000,0,5927.05,0,0,0,909.28,0,0
1467,egress,0,VLAN4012,3,terminal,3,20000,0,2972.12,0,0,0,909.28,0,0
1468,egress,0,VLAN4012,3,terminal,3,20000,0,2972.12,0,0,0,909.28,0,0
1469,egress,0,VLAN4012,3,terminal,3,20000,0,2972.12,0,0,0,909.28,0,0
1470,egress,0,VLAN4012,3,terminal,3,20000,0,2972.12,0,0,0,909.28,0,0
1471,egress,0,VLAN4012,3,terminal,3,20000,0,0,0,0,0,909.28,0,0
1472,egress,0,VLAN4012,3,terminal,3,20000,0,5944.23,0,0,0,909.28,0,0
1473,egress,0,VLAN4012,3,terminal,3,20000,0,0,0,0,0,909.28,0,0
1474,egress,0,VLAN4012,3,terminal,3,20000,0,2972.12,0,0,0,909.28,0,0
1475,egress,0,VLAN4012,3,terminal,3,20000,0,5944.23,0,0,0,909.28,0,0
1476,egress,0,VLAN4012,3,terminal,3,20000,0,0,0,0,0,909.28,0,0
1477,egress,0,VLAN4012,3,terminal,3,20000,0,5961.41,0,0,0,909.28,0,0
1478,egress,0,VLAN4012,3,terminal,3,20000,0,0,0,0,0,909.28,0,0
1479,egress,0,VLAN4012,3,terminal,3,20000,0,2989.3,0,0,0,909.28,0,0
1480,egress,0,VLAN4012,3,terminal,3,20000,0,2989.3,0,0,0,909.28,0,0
1481,egress,0,VLAN4012,3,terminal,3,20000,0,5978.59,0,0,0,909.28,0,0
1482,egress,0,VLAN4012,3,terminal,3,20000,0,2989.3,0,0,0,909.28,0,0
1483,egress,0,VLAN4012,3,terminal,3,20000,0,0,0,0,0,909.28,0,0
1484,egress,0,VLAN4012,3,terminal,3,20000,0,5978.59,0,0,0,909.28,0,0
1485,egress,0,VLAN4012,3,terminal,3,20000,0,2989.3,0,0,0,909.28,0,0
1486,egress,0,VLAN4012,3,terminal,3,20000,0,2989.3,0,0,0,909.28,0,0
1487,egress,0,VLAN4012,3,terminal,3,20000,0,2954.94,0,0,0,909.28,0,0
1488,egress,0,VLAN4012,3,terminal,3,20000,0,2954.94,0,0,0,909.28,0,0
1489,egress,0,VLAN4012,3,terminal,3,20000,0,2954.94,0,0,0,909.28,0,0
1490,egress,0,VLAN4012,3,terminal,3,20000,0,0,0,0,0,909.28,0,0
1491,egress,0,VLAN4012,3,terminal,3,20000,0,2954.94,0,0,0,909.28,0,0
1492,egress,0,VLAN4012,3,terminal,3,20000,0,5909.88,0,0,0,909.28,0,0
1493,egress,0,VLAN4012,3,terminal,3,20000,0,2954.94,0,0,0,909.28,0,0
1494,egress,0,VLAN4012,3,terminal,3,20000,0,2954.94,0,0,0,909.28,0,0
1495,egress,0,VLAN4012,3,terminal,3,20000,0,0,0,0,0,909.28,0,0
1496,egress,0,VLAN4012,3,terminal,3,20000,0,2954.94,0,0,0,909.28,0,0
1497,egress,0,VLAN4012,3,terminal,3,20000,0,5909.88,0,0,0,909.28,0,0
1498,egress,0,VLAN4012,3,terminal,3,20000,0,2954.94,0,0,0,909.28,0,0
1499,egress,0,VLAN4012,3,terminal,3,20000,0,0,0,0,0,909.28,0,0
1500,egress,0,VLAN4012,3,terminal,3,20000,0,2954.94,0,0,0,909.28,0,0
1501,egress,0,VLAN4012,3,terminal,3,20000,0,5909.88,0,0,0,909.28,0,0
1502,egress,0,VLAN4012,3,terminal,3,20000,0,2954.94,0,0,0,909.28,0,0
1503,egress,0,VLAN4012,3,terminal,3,20000,0,2954.94,0,0,0,909.28,0,0
1504,egress,0,VLAN4012,3,terminal,3,20000,0,0,0,0,0,909.28,0,0
1505,egress,0,VLAN4012,3,terminal,3,20000,0,2954.94,0,0,0,909.28,0,0
1506,egress,0,VLAN4012,3,terminal,3,20000,0,5909.88,0,0,0,909.28,0,0
1507,egress,0,VLAN4012,3,terminal,3,20000,0,2946.35,0,0,0,909.28,0,0
1508,egress,0,VLAN4012,3,terminal,3,20000,0,2946.35,0,0,0,909.28,0,0
1509,egress,0,VLAN4012,3,terminal,3,20000,0,2946.35,0,0,0,909.28,0,0
1510,egress,0,VLAN4012,3,terminal,3,20000,0,0,0,0,0,909.28,0,0
1511,egress,0,VLAN4012,3,terminal,3,20000,0,2946.35,0,0,0,909.28,0,0
1512,egress,0,VLAN4012,3,terminal,3,20000,0,5892.7,0,0,0,909.28,0,0
1513,egress,0,VLAN4012,3,terminal,3,20000,0,2946.35,0,0,0,909.28,0,0
1514,egress,0,VLAN4012,3,terminal,3,20000,0,2946.35,0,0,0,909.28,0,0
1515,egress,0,VLAN4012,3,terminal,3,20000,0,2946.35,0,0,0,909.28,0,0
1516,egress,0,VLAN4012,3,terminal,3,20000,0,0,0,0,0,909.28,0,0
1517,egress,0,VLAN4012,3,terminal,3,20000,0,5892.7,0,0,0,909.28,0,0
1518,egress,0,VLAN4012,3,terminal,3,20000,0,0,0,0,0,909.28,0,0
1519,egress,0,VLAN4012,3,terminal,3,20000,0,2946.35,0,0,0,909.28,0,0
1520,egress,0,VLAN4012,3,terminal,3,20000,0,2946.35,0,0,0,909.28,0,0
1521,egress,0,VLAN4012,3,terminal,3,20000,0,2946.35,0,0,0,909.28,0,0
1522,egress,0,VLAN4012,3,terminal,3,20000,0,5892.7,0,0,0,909.28,0,0
1523,egress,0,VLAN4012,3,terminal,3,20000,0,2946.35,0,0,0,909.28,0,0
1524,egress,0,VLAN4012,3,terminal,3,20000,0,2946.35,0,0,0,909.28,0,0
1525,egress,0,VLAN4012,3,terminal,3,20000,0,2946.35,0,0,0,909.28,0,0
1526,egress,0,VLAN4012,3,terminal,3,20000,0,0,0,0,0,909.28,0,0
1527,egress,0,VLAN4012,3,terminal,3,20000,0,5901.29,0,0,0,909.28,0,0
1528,egress,0,VLAN4012,3,terminal,3,20000,0,2954.94,0,0,0,909.28,0,0
1529,egress,0,VLAN4012,3,terminal,3,20000,0,2954.94,0,0,0,909.28,0,0
1530,egress,0,VLAN4012,3,terminal,3,20000,0,2954.94,0,0,0,909.28,0,0
1531,egress,0,VLAN4012,3,terminal,3,20000,0,2954.94,0,0,0,909.28,0,0
1532,egress,0,VLAN4012,3,terminal,3,20000,0,0,0,0,0,909.28,0,0
1533,egress,0,VLAN4012,3,terminal,3,20000,0,2954.94,0,0,0,909.28,0,0
1534,egress,0,VLAN4012,3,terminal,3,20000,0,5909.88,0,0,0,909.28,0,0
1535,egress,0,VLAN4012,3,terminal,3,20000,0,0,0,0,0,909.28,0,0
1536,egress,0,VLAN4012,3,terminal,3,20000,0,5909.88,0,0,0,909.28,0,0
1537,egress,0,VLAN4012,3,terminal,3,20000,0,2963.53,0,0,0,909.28,0,0
1538,egress,0,VLAN4012,3,terminal,3,20000,0,2963.53,0,0,0,909.28,0,0
1539,egress,0,VLAN4012,3,terminal,3,20000,0,2963.53,0,0,0,909.28,0,0
1540,egress,0,VLAN4012,3,terminal,3,20000,0,0,0,0,0,909.28,0,0
1541,egress,0,VLAN4012,3,terminal,3,20000,0,5927.05,0,0,0,909.28,0,0
1542,egress,0,VLAN4012,3,terminal,3,20000,0,0,0,0,0,909.28,0,0
1543,egress,0,VLAN4012,3,terminal,3,20000,0,5927.05,0,0,0,909.28,0,0
1544,egress,0,VLAN4012,3,terminal,3,20000,0,0,0,0,0,909.28,0,0
1545,egress,0,VLAN4012,3,terminal,3,20000,0,2963.53,0,0,0,909.28,0,0
1546,egress,0,VLAN4012,3,terminal,3,20000,0,5927.05,0,0,0,909.28,0,0
1547,egress,0,VLAN4012,3,terminal,3,20000,0,2972.12,0,0,0,909.28,0,0
1548,egress,0,VLAN4012,3,terminal,3,20000,0,0,0,0,0,909.28,0,0
1549,egress,0,VLAN4012,3,terminal,3,20000,0,5944.23,0,0,0,909.28,0,0
1550,egress,0,VLAN4012,3,terminal,3,20000,0,2972.12,0,0,0,909.28,0,0
1551,egress,0,VLAN4012,3,terminal,3,20000,0,2972.12,0,0,0,909.28,0,0
1552,egress,0,VLAN4012,3,terminal,3,20000,0,2972.12,0,0,0,909.28,0,0
1553,egress,0,VLAN4012,3,terminal,3,20000,0,0,0,0,0,909.28,0,0
1554,egress,0,VLAN4012,3,terminal,3,20000,0,2972.12,0,0,0,909.28,0,0
1555,egress,0,VLAN4012,3,terminal,3,20000,0,2972.12,0,0,0,909.28,0,0
1556,egress,0,VLAN4012,3,terminal,3,20000,0,5944.23,0,0,0,909.28,0,0
1557,egress,0,VLAN4012,3,terminal,3,20000,0,2997.89,0,0,0,909.28,0,0
1558,egress,0,VLAN4012,3,terminal,3,20000,0,0,0,0,0,909.28,0,0
1559,egress,0,VLAN4012,3,terminal,3,20000,0,5995.77,0,0,0,909.28,0,0
1560,egress,0,VLAN4012,3,terminal,3,20000,0,0,0,0,0,909.28,0,0
1561,egress,0,VLAN4012,3,terminal,3,20000,0,5995.77,0,0,0,909.28,0,0
1562,egress,0,VLAN4012,3,terminal,3,20000,0,2997.89,0,0,0,909.28,0,0
1563,egress,0,VLAN4012,3,terminal,3,20000,0,2997.89,0,0,0,909.28,0,0
1564,egress,0,VLAN4012,3,terminal,3,20000,0,2997.89,0,0,0,909.28,0,0
1565,egress,0,VLAN4012,3,terminal,3,20000,0,2997.89,0,0,0,909.28,0,0
1566,egress,0,VLAN4012,3,terminal,3,20000,0,2997.89,0,0,0,909.28,0,0
1567,egress,0,VLAN4012,3,terminal,3,20000,0,2980.71,0,0,0,909.28,0,0
1568,egress,0,VLAN4012,3,terminal,3,20000,0,2980.71,0,0,0,909.28,0,0
1569,egress,0,VLAN4012,3,terminal,3,20000,0,2980.71,0,0,0,909.28,0,0
1570,egress,0,VLAN4012,3,terminal,3,20000,0,2980.71,0,0,0,909.28,0,0
1571,egress,0,VLAN4012,3,terminal,3,20000,0,2980.71,0,0,0,909.28,0,0
1572,egress,0,VLAN4012,3,terminal,3,20000,0,0,0,0,0,909.28,0,0
1573,egress,0,VLAN4012,3,terminal,3,20000,0,2980.71,0,0,0,909.28,0,0
1574,egress,0,VLAN4012,3,terminal,3,20000,0,5961.41,0,0,0,909.28,0,0
1575,egress,0,VLAN4012,3,terminal,3,20000,0,0,0,0,0,909.28,0,0
1576,egress,0,VLAN4012,3,terminal,3,20000,0,5961.41,0,0,0,909.28,0,0
1577,egress,0,VLAN4012,3,terminal,3,20000,0,2972.12,0,0,0,909.28,0,0
1578,egress,0,VLAN4012,3,terminal,3,20000,0,2972.12,0,0,0,909.28,0,0
1579,egress,0,VLAN4012,3,terminal,3,20000,0,0,0,0,0,909.28,0,0
1580,egress,0,VLAN4012,3,terminal,3,20000,0,2972.12,0,0,0,909.28,0,0
1581,egress,0,VLAN4012,3,terminal,3,20000,0,5944.23,0,0,0,909.28,0,0
1582,egress,0,VLAN4012,3,terminal,3,20000,0,0,0,0,0,909.28,0,0
1583,egress,0,VLAN4012,3,terminal,3,20000,0,5944.23,0,0,0,909.28,0,0
1584,egress,0,VLAN4012,3,terminal,3,20000,0,0,0,0,0,909.28,0,0
1585,egress,0,VLAN4012,3,terminal,3,20000,0,2972.12,0,0,0,909.28,0,0
1586,egress,0,VLAN4012,3,terminal,3,20000,0,5944.23,0,0,0,909.28,0,0
1587,egress,0,VLAN4012,3,terminal,3,20000,0,0,0,0,0,909.28,0,0
1588,egress,0,VLAN4012,3,terminal,3,20000,0,2972.12,0,0,0,909.28,0,0
1589,egress,0,VLAN4012,3,terminal,3,20000,0,5944.23,0,0,0,909.28,0,0
1590,egress,0,VLAN4012,3,terminal,3,20000,0,0,0,0,0,909.28,0,0
1591,egress,0,VLAN4012,3,terminal,3,20000,0,5944.23,0,0,0,909.28,0,0
1592,egress,0,VLAN4012,3,terminal,3,20000,0,2972.12,0,0,0,909.28,0,0
1593,egress,0,VLAN4012,3,terminal,3,20000,0,0,0,0,0,909.28,0,0
1594,egress,0,VLAN4012,3,terminal,3,20000,0,5944.23,0,0,0,909.28,0,0
1595,egress,0,VLAN4012,3,terminal,3,20000,0,0,0,0,0,909.28,0,0
1596,egress,0,VLAN4012,3,terminal,3,20000,0,5944.23,0,0,0,909.28,0,0
1597,egress,0,VLAN4012,3,terminal,3,20000,0,0,0,0,0,909.28,0,0
1598,egress,0,VLAN4012,3,terminal,3,20000,0,2963.53,0,0,0,909.28,0,0
1599,egress,0,VLAN4012,3,terminal,3,20000,0,2963.53,0,0,0,909.28,0,0
1600,egress,0,VLAN4012,3,terminal,3,20000,0,5927.05,0,0,0,909.28,0,0
1601,egress,0,VLAN4012,3,terminal,3,20000,0,2963.53,0,0,0,909.28,0,0
1602,egress,0,VLAN4012,3,terminal,3,20000,0,2963.53,0,0,0,909.28,0,0
1603,egress,0,VLAN4012,3,terminal,3,20000,0,2963.53,0,0,0,909.28,0,0
1604,egress,0,VLAN4012,3,terminal,3,20000,0,0,0,0,0,909.28,0,0
1605,egress,0,VLAN4012,3,terminal,3,20000,0,2963.53,0,0,0,909.28,0,0
1606,egress,0,VLAN4012,3,terminal,3,20000,0,5927.05,0,0,0,909.28,0,0
1607,egress,0,VLAN4012,3,terminal,3,20000,0,0,0,0,0,909.28,0,0
1608,egress,0,VLAN4012,3,terminal,3,20000,0,5892.7,0,0,0,909.28,0,0
1609,egress,0,VLAN4012,3,terminal,3,20000,0,0,0,0,0,909.28,0,0
1610,egress,0,VLAN4012,3,terminal,3,20000,0,5892.7,0,0,0,909.28,0,0
1611,egress,0,VLAN4012,3,terminal,3,20000,0,2946.35,0,0,0,909.28,0,0
1612,egress,0,VLAN4012,3,terminal,3,20000,0,0,0,0,0,909.28,0,0
1613,egress,0,VLAN4012,3,terminal,3,20000,0,2946.35,0,0,0,909.28,0,0
1614,egress,0,VLAN4012,3,terminal,3,20000,0,5892.7,0,0,0,909.28,0,0
1615,egress,0,VLAN4012,3,terminal,3,20000,0,0,0,0,0,909.28,0,0
1616,egress,0,VLAN4012,3,terminal,3,20000,0,5892.7,0,0,0,909.28,0,0
1617,egress,0,VLAN4012,3,terminal,3,20000,0,0,0,0,0,909.28,0,0
1618,egress,0,VLAN4012,3,terminal,3,20000,0,5909.88,0,0,0,909.28,0,0
1619,egress,0,VLAN4012,3,terminal,3,20000,0,0,0,0,0,909.28,0,0
1620,egress,0,VLAN4012,3,terminal,3,20000,0,5909.88,0,0,0,909.28,0,0
1621,egress,0,VLAN4012,3,terminal,3,20000,0,2954.94,0,0,0,909.28,0,0
1622,egress,0,VLAN4012,3,terminal,3,20000,0,2954.94,0,0,0,909.28,0,0
1623,egress,0,VLAN4012,3,terminal,3,20000,0,2954.94,0,0,0,909.28,0,0
1624,egress,0,VLAN4012,3,terminal,3,20000,0,2954.94,0,0,0,909.28,0,0
1625,egress,0,VLAN4012,3,terminal,3,20000,0,2954.94,0,0,0,909.28,0,0
1626,egress,0,VLAN4012,3,terminal,3,20000,0,2954.94,0,0,0,909.28,0,0
1627,egress,0,VLAN4012,3,terminal,3,20000,0,0,0,0,0,909.28,0,0
1628,egress,0,VLAN4012,3,terminal,3,20000,0,5927.05,0,0,0,909.28,0,0
1629,egress,0,VLAN4012,3,terminal,3,20000,0,0,0,0,0,909.28,0,0
1630,egress,0,VLAN4012,3,terminal,3,20000,0,2963.53,0,0,0,909.28,0,0
1631,egress,0,VLAN4012,3,terminal,3,20000,0,5927.05,0,0,0,909.28,0,0
1632,egress,0,VLAN4012,3,terminal,3,20000,0,2963.53,0,0,0,909.28,0,0
1633,egress,0,VLAN4012,3,terminal,3,20000,0,2963.53,0,0,0,909.28,0,0
1634,egress,0,VLAN4012,3,terminal,3,20000,0,0,0,0,0,909.28,0,0
1635,egress,0,VLAN4012,3,terminal,3,20000,0,5927.05,0,0,0,909.28,0,0
1636,egress,0,VLAN4012,3,terminal,3,20000,0,2963.53,0,0,0,909.28,0,0
1637,egress,0,VLAN4012,3,terminal,3,20000,0,2972.12,0,0,0,909.28,0,0
1638,egress,0,VLAN4012,3,terminal,3,20000,0,2972.12,0,0,0,909.28,0,0
1639,egress,0,VLAN4012,3,terminal,3,20000,0,2972.12,0,0,0,909.28,0,0
1640,egress,0,VLAN4012,3,terminal,3,20000,0,0,0,0,0,909.28,0,0
1641,egress,0,VLAN4012,3,terminal,3,20000,0,5944.23,0,0,0,909.28,0,0
1642,egress,0,VLAN4012,3,terminal,3,20000,0,2972.12,0,0,0,909.28,0,0
1643,egress,0,VLAN4012,3,terminal,3,20000,0,0,0,0,0,909.28,0,0
1644,egress,0,VLAN4012,3,terminal,3,20000,0,2972.12,0,0,0,909.28,0,0
1645,egress,0,VLAN4012,3,terminal,3,20000,0,5944.23,0,0,0,909.28,0,0
1646,egress,0,VLAN4012,3,terminal,3,20000,0,2972.12,0,0,0,909.28,0,0
1647,egress,0,VLAN4012,3,terminal,3,20000,0,2946.35,0,0,0,909.28,0,0
1648,egress,0,VLAN4012,3,terminal,3,20000,0,2946.35,0,0,0,909.28,0,0
1649,egress,0,VLAN4012,3,terminal,3,20000,0,2946.35,0,0,0,909.28,0,0
1650,egress,0,VLAN4012,3,terminal,3,20000,0,0,0,0,0,909.28,0,0
1651,egress,0,VLAN4012,3,terminal,3,20000,0,5892.7,0,0,0,909.28,0,0
1652,egress,0,VLAN4012,3,terminal,3,20000,0,2946.35,0,0,0,909.28,0,0
1653,egress,0,VLAN4012,3,terminal,3,20000,0,2946.35,0,0,0,909.28,0,0
1654,egress,0,VLAN4012,3,terminal,3,20000,0,2946.35,0,0,0,909.28,0,0
1655,egress,0,VLAN4012,3,terminal,3,20000,0,2946.35,0,0,0,909.28,0,0
1656,egress,0,VLAN4012,3,terminal,3,20000,0,2946.35,0,0,0,909.28,0,0
1657,egress,0,VLAN4012,3,terminal,3,20000,0,2929.17,0,0,0,909.28,0,0
1658,egress,0,VLAN4012,3,terminal,3,20000,0,2929.17,0,0,0,909.28,0,0
1659,egress,0,VLAN4012,3,terminal,3,20000,0,2929.17,0,0,0,909.28,0,0
1660,egress,0,VLAN4012,3,terminal,3,20000,0,0,0,0,0,909.28,0,0
1661,egress,0,VLAN4012,3,terminal,3,20000,0,5858.34,0,0,0,909.28,0,0
1662,egress,0,VLAN4012,3,terminal,3,20000,0,0,0,0,0,909.28,0,0
1663,egress,0,VLAN4012,3,terminal,3,20000,0,2929.17,0,0,0,909.28,0,0
1664,egress,0,VLAN4012,3,terminal,3,20000,0,2929.17,0,0,0,909.28,0,0
1665,egress,0,VLAN4012,3,terminal,3,20000,0,2929.17,0,0,0,909.28,0,0
1666,egress,0,VLAN4012,3,terminal,3,20000,0,5858.34,0,0,0,909.28,0,0
1667,egress,0,VLAN4012,3,terminal,3,20000,0,2972.12,0,0,0,909.28,0,0
1668,egress,0,VLAN4012,3,terminal,3,20000,0,0,0,0,0,909.28,0,0
1669,egress,0,VLAN4012,3,terminal,3,20000,0,2972.12,0,0,0,909.28,0,0
1670,egress,0,VLAN4012,3,terminal,3,20000,0,2972.12,0,0,0,909.28,0,0
1671,egress,0,VLAN4012,3,terminal,3,20000,0,5944.23,0,0,0,909.28,0,0
1672,egress,0,VLAN4012,3,terminal,3,20000,0,0,0,0,0,909.28,0,0
1673,egress,0,VLAN4012,3,terminal,3,20000,0,2972.12,0,0,0,909.28,0,0
1674,egress,0,VLAN4012,3,terminal,3,20000,0,5944.23,0,0,0,909.28,0,0
1675,egress,0,VLAN4012,3,terminal,3,20000,0,2972.12,0,0,0,909.28,0,0
1676,egress,0,VLAN4012,3,terminal,3,20000,0,2972.12,0,0,0,909.28,0,0
1677,egress,0,VLAN4012,3,terminal,3,20000,0,0,0,0,0,909.28,0,0
1678,egress,0,VLAN4012,3,terminal,3,20000,0,2963.53,0,0,0,909.28,0,0
1679,egress,0,VLAN4012,3,terminal,3,20000,0,5927.05,0,0,0,909.28,0,0
1680,egress,0,VLAN4012,3,terminal,3,20000,0,2963.53,0,0,0,909.28,0,0
1681,egress,0,VLAN4012,3,terminal,3,20000,0,2963.53,0,0,0,909.28,0,0
1682,egress,0,VLAN4012,3,terminal,3,20000,0,2963.53,0,0,0,909.28,0,0
1683,egress,0,VLAN4012,3,terminal,3,20000,0,2963.53,0,0,0,909.28,0,0
1684,egress,0,VLAN4012,3,terminal,3,20000,0,0,0,0,0,909.28,0,0
1685,egress,0,VLAN4012,3,terminal,3,20000,0,5927.05,0,0,0,909.28,0,0
1686,egress,0,VLAN4012,3,terminal,3,20000,0,2963.53,0,0,0,909.28,0,0
1687,egress,0,VLAN4012,3,terminal,3,20000,0,2954.94,0,0,0,909.28,0,0
1688,egress,0,VLAN4012,3,terminal,3,20000,0,2954.94,0,0,0,909.28,0,0
1689,egress,0,VLAN4012,3,terminal,3,20000,0,2954.94,0,0,0,909.28,0,0
1690,egress,0,VLAN4012,3,terminal,3,20000,0,0,0,0,0,909.28,0,0
1691,egress,0,VLAN4012,3,terminal,3,20000,0,5909.88,0,0,0,909.28,0,0
1692,egress,0,VLAN4012,3,terminal,3,20000,0,0,0,0,0,909.28,0,0
1693,egress,0,VLAN4012,3,terminal,3,20000,0,2954.94,0,0,0,909.28,0,0
1694,egress,0,VLAN4012,3,terminal,3,20000,0,2954.94,0,0,0,909.28,0,0
1695,egress,0,VLAN4012,3,terminal,3,20000,0,5909.88,0,0,0,909.28,0,0
1696,egress,0,VLAN4012,3,terminal,3,20000,0,2954.94,0,0,0,909.28,0,0
1697,egress,0,VLAN4012,3,terminal,3,20000,0,2963.53,0,0,0,909.28,0,0
1698,egress,0,VLAN4012,3,terminal,3,20000,0,2963.53,0,0,0,909.28,0,0
1699,egress,0,VLAN4012,3,terminal,3,20000,0,0,0,0,0,909.28,0,0
1700,egress,0,VLAN4012,3,terminal,3,20000,0,2963.53,0,0,0,909.28,0,0
1701,egress,0,VLAN4012,3,terminal,3,20000,0,5927.05,0,0,0,909.28,0,0
1702,egress,0,VLAN4012,3,terminal,3,20000,0,0,0,0,0,909.28,0,0
1703,egress,0,VLAN4012,3,terminal,3,20000,0,5927.05,0,0,0,909.28,0,0
1704,egress,0,VLAN4012,3,terminal,3,20000,0,2963.53,0,0,0,909.28,0,0
1705,egress,0,VLAN4012,3,terminal,3,20000,0,0,0,0,0,909.28,0,0
1706,egress,0,VLAN4012,3,terminal,3,20000,0,5927.05,0,0,0,909.28,0,0
1707,egress,0,VLAN4012,3,terminal,3,20000,0,0,0,0,0,909.28,0,0
1708,egress,0,VLAN4012,3,terminal,3,20000,0,5961.41,0,0,0,909.28,0,0
1709,egress,0,VLAN4012,3,terminal,3,20000,0,0,0,0,0,909.28,0,0
1710,egress,0,VLAN4012,3,terminal,3,20000,0,2980.71,0,0,0,909.28,0,0
1711,egress,0,VLAN4012,3,terminal,3,20000,0,5961.41,0,0,0,909.28,0,0
1712,egress,0,VLAN4012,3,terminal,3,20000,0,2980.71,0,0,0,909.28,0,0
1713,egress,0,VLAN4012,3,terminal,3,20000,0,0,0,0,0,909.28,0,0
1714,egress,0,VLAN4012,3,terminal,3,20000,0,2980.71,0,0,0,909.28,0,0
1715,egress,0,VLAN4012,3,terminal,3,20000,0,5961.41,0,0,0,909.28,0,0
1716,egress,0,VLAN4012,3,terminal,3,20000,0,2980.71,0,0,0,909.28,0,0
1717,egress,0,VLAN4012,3,terminal,3,20000,0,0,0,0,0,909.28,0,0
1718,egress,0,VLAN4012,3,terminal,3,20000,0,5978.59,0,0,0,909.28,0,0
1719,egress,0,VLAN4012,3,terminal,3,20000,0,0,0,0,0,909.28,0,0
1720,egress,0,VLAN4012,3,terminal,3,20000,0,5978.59,0,0,0,909.28,0,0
1721,egress,0,VLAN4012,3,terminal,3,20000,0,2989.3,0,0,0,909.28,0,0
1722,egress,0,VLAN4012,3,terminal,3,20000,0,2989.3,0,0,0,909.28,0,0
1723,egress,0,VLAN4012,3,terminal,3,20000,0,0,0,0,0,909.28,0,0
1724,egress,0,VLAN4012,3,terminal,3,20000,0,2989.3,0,0,0,909.28,0,0
1725,egress,0,VLAN4012,3,terminal,3,20000,0,5978.59,0,0,0,909.28,0,0
1726,egress,0,VLAN4012,3,terminal,3,20000,0,2989.3,0,0,0,909.28,0,0
1727,egress,0,VLAN4012,3,terminal,3,20000,0,2989.3,0,0,0,909.28,0,0
1728,egress,0,VLAN4012,3,terminal,3,20000,0,0,0,0,0,909.28,0,0
1729,egress,0,VLAN4012,3,terminal,3,20000,0,5978.59,0,0,0,909.28,0,0
1730,egress,0,VLAN4012,3,terminal,3,20000,0,0,0,0,0,909.28,0,0
1731,egress,0,VLAN4012,3,terminal,3,20000,0,5978.59,0,0,0,909.28,0,0
1732,egress,0,VLAN4012,3,terminal,3,20000,0,2989.3,0,0,0,909.28,0,0
1733,egress,0,VLAN4012,3,terminal,3,20000,0,0,0,0,0,909.28,0,0
1734,egress,0,VLAN4012,3,terminal,3,20000,0,5978.59,0,0,0,909.28,0,0
1735,egress,0,VLAN4012,3,terminal,3,20000,0,2989.3,0,0,0,909.28,0,0
1736,egress,0,VLAN4012,3,terminal,3,20000,0,2989.3,0,0,0,909.28,0,0
1737,egress,0,VLAN4012,3,terminal,3,20000,0,2980.71,0,0,0,909.28,0,0
1738,egress,0,VLAN4012,3,terminal,3,20000,0,2980.71,0,0,0,909.28,0,0
1739,egress,0,VLAN4012,3,terminal,3,20000,0,2980.71,0,0,0,909.28,0,0
1740,egress,0,VLAN4012,3,terminal,3,20000,0,2980.71,0,0,0,909.28,0,0
1741,egress,0,VLAN4012,3,terminal,3,20000,0,2980.71,0,0,0,909.28,0,0
1742,egress,0,VLAN4012,3,terminal,3,20000,0,2980.71,0,0,0,909.28,0,0
1743,egress,0,VLAN4012,3,terminal,3,20000,0,0,0,0,0,909.28,0,0
1744,egress,0,VLAN4012,3,terminal,3,20000,0,2980.71,0,0,0,909.28,0,0
1745,egress,0,VLAN4012,3,terminal,3,20000,0,5961.41,0,0,0,909.28,0,0
1746,egress,0,VLAN4012,3,terminal,3,20000,0,2980.71,0,0,0,909.28,0,0
1747,egress,0,VLAN4012,3,terminal,3,20000,0,2980.71,0,0,0,909.28,0,0
1748,egress,0,VLAN4012,3,terminal,3,20000,0,2980.71,0,0,0,909.28,0,0
1749,egress,0,VLAN4012,3,terminal,3,20000,0,2980.71,0,0,0,909.28,0,0
1750,egress,0,VLAN4012,3,terminal,3,20000,0,2980.71,0,0,0,909.28,0,0
1751,egress,0,VLAN4012,3,terminal,3,20000,0,2980.71,0,0,0,909.28,0,0
1752,egress,0,VLAN4012,3,terminal,3,20000,0,0,0,0,0,909.28,0,0
1753,egress,0,VLAN4012,3,terminal,3,20000,0,5961.41,0,0,0,909.28,0,0
1754,egress,0,VLAN4012,3,terminal,3,20000,0,2980.71,0,0,0,909.28,0,0
1755,egress,0,VLAN4012,3,terminal,3,20000,0,2980.71,0,0,0,909.28,0,0
1756,egress,0,VLAN4012,3,terminal,3,20000,0,2980.71,0,0,0,909.28,0,0
1757,egress,0,VLAN4012,3,terminal,3,20000,0,2980.71,0,0,0,909.28,0,0
1758,egress,0,VLAN4012,3,terminal,3,20000,0,2980.71,0,0,0,909.28,0,0
1759,egress,0,VLAN4012,3,terminal,3,20000,0,0,0,0,0,909.28,0,0
1760,egress,0,VLAN4012,3,terminal,3,20000,0,5961.41,0,0,0,909.28,0,0
1761,egress,0,VLAN4012,3,terminal,3,20000,0,2980.71,0,0,0,909.28,0,0
1762,egress,0,VLAN4012,3,terminal,3,20000,0,0,0,0,0,909.28,0,0
1763,egress,0,VLAN4012,3,terminal,3,20000,0,2980.71,0,0,0,909.28,0,0
1764,egress,0,VLAN4012,3,terminal,3,20000,0,2980.71,0,0,0,909.28,0,0
1765,egress,0,VLAN4012,3,terminal,3,20000,0,5961.41,0,0,0,909.28,0,0
1766,egress,0,VLAN4012,3,terminal,3,20000,0,2980.71,0,0,0,909.28,0,0
1767,egress,0,VLAN4012,3,terminal,3,20000,0,2963.53,0,0,0,909.28,0,0
1768,egress,0,VLAN4012,3,terminal,3,20000,0,2963.53,0,0,0,909.28,0,0
1769,egress,0,VLAN4012,3,terminal,3,20000,0,2963.53,0,0,0,909.28,0,0
1770,egress,0,VLAN4012,3,terminal,3,20000,0,2963.53,0,0,0,909.28,0,0
1771,egress,0,VLAN4012,3,terminal,3,20000,0,2963.53,0,0,0,909.28,0,0
1772,egress,0,VLAN4012,3,terminal,3,20000,0,2963.53,0,0,0,909.28,0,0
1773,egress,0,VLAN4012,3,terminal,3,20000,0,0,0,0,0,909.28,0,0
1774,egress,0,VLAN4012,3,terminal,3,20000,0,5927.05,0,0,0,909.28,0,0
1775,egress,0,VLAN4012,3,terminal,3,20000,0,0,0,0,0,909.28,0,0
1776,egress,0,VLAN4012,3,terminal,3,20000,0,5927.05,0,0,0,909.28,0,0
1777,egress,0,VLAN4012,3,terminal,3,20000,0,2963.53,0,0,0,909.28,0,0
1778,egress,0,VLAN4012,3,terminal,3,20000,0,0,0,0,0,909.28,0,0
1779,egress,0,VLAN4012,3,terminal,3,20000,0,2963.53,0,0,0,909.28,0,0
1780,egress,0,VLAN4012,3,terminal,3,20000,0,2963.53,0,0,0,909.28,0,0
1781,egress,0,VLAN4012,3,terminal,3,20000,0,5927.05,0,0,0,909.28,0,0
1782,egress,0,VLAN4012,3,terminal,3,20000,0,2963.53,0,0,0,909.28,0,0
1783,egress,0,VLAN4012,3,terminal,3,20000,0,0,0,0,0,909.28,0,0
1784,egress,0,VLAN4012,3,terminal,3,20000,0,5927.05,0,0,0,909.28,0,0
1785,egress,0,VLAN4012,3,terminal,3,20000,0,0,0,0,0,909.28,0,0
1786,egress,0,VLAN4012,3,terminal,3,20000,0,5927.05,0,0,0,909.28,0,0
1787,egress,0,VLAN4012,3,terminal,3,20000,0,2980.71,0,0,0,909.28,0,0
1788,egress,0,VLAN4012,3,terminal,3,20000,0,2980.71,0,0,0,909.28,0,0
1789,egress,0,VLAN4012,3,terminal,3,20000,0,2980.71,0,0,0,909.28,0,0
1790,egress,0,VLAN4012,3,terminal,3,20000,0,2980.71,0,0,0,909.28,0,0
1791,egress,0,VLAN4012,3,terminal,3,20000,0,2980.71,0,0,0,909.28,0,0
1792,egress,0,VLAN4012,3,terminal,3,20000,0,2980.71,0,0,0,909.28,0,0
1793,egress,0,VLAN4012,3,terminal,3,20000,0,2980.71,0,0,0,909.28,0,0
1794,egress,0,VLAN4012,3,terminal,3,20000,0,2980.71,0,0,0,909.28,0,0
1795,egress,0,VLAN4012,3,terminal,3,20000,0,2980.71,0,0,0,909.28,0,0
1796,egress,0,VLAN4012,3,terminal,3,20000,0,2980.71,0,0,0,909.28,0,0
1797,egress,0,VLAN4012,3,terminal,3,20000,0,2980.71,0,0,0,909.28,0,0
1798,egress,0,VLAN4012,3,terminal,3,20000,0,0,0,0,0,909.28,0,0
1799,egress,0,VLAN4012,3,terminal,3,20000,0,5961.41,0,0,0,909.28,0,0
1800,egress,0,VLAN4012,3,terminal,3,20000,0,2980.71,0,0,0,909.28,0,0
1801,egress,0,VLAN4012,3,terminal,3,20000,0,2980.71,0,0,0,909.28,0,0
1802,egress,0,VLAN4012,3,terminal,3,20000,0,2980.71,0,0,0,909.28,0,0
1803,egress,0,VLAN4012,3,terminal,3,20000,0,0,0,0,0,909.28,0,0
1804,egress,0,VLAN4012,3,terminal,3,20000,0,2980.71,0,0,0,909.28,0,0
1805,egress,0,VLAN4012,3,terminal,3,20000,0,2980.71,0,0,0,909.28,0,0
1806,egress,0,VLAN4012,3,terminal,3,20000,0,5961.41,0,0,0,909.28,0,0
1807,egress,0,VLAN4012,3,terminal,3,20000,0,2989.3,0,0,0,909.28,0,0
1808,egress,0,VLAN4012,3,terminal,3,20000,0,0,0,0,0,909.28,0,0
1809,egress,0,VLAN4012,3,terminal,3,20000,0,2989.3,0,0,0,909.28,0,0
1810,egress,0,VLAN4012,3,terminal,3,20000,0,2989.3,0,0,0,909.28,0,0
1811,egress,0,VLAN4012,3,terminal,3,20000,0,5978.59,0,0,0,909.28,0,0
1812,egress,0,VLAN4012,3,terminal,3,20000,0,0,0,0,0,909.28,0,0
1813,egress,0,VLAN4012,3,terminal,3,20000,0,2989.3,0,0,0,909.28,0,0
1814,egress,0,VLAN4012,3,terminal,3,20000,0,2989.3,0,0,0,909.28,0,0
1815,egress,0,VLAN4012,3,terminal,3,20000,0,5978.59,0,0,0,909.28,0,0
1816,egress,0,VLAN4012,3,terminal,3,20000,0,2989.3,0,0,0,909.28,0,0
1817,egress,0,VLAN4012,3,terminal,3,20000,0,2911.99,0,0,0,909.28,0,0
1818,egress,0,VLAN4012,3,terminal,3,20000,0,0,0,0,0,909.28,0,0
1819,egress,0,VLAN4012,3,terminal,3,20000,0,5823.98,0,0,0,909.28,0,0
1820,egress,0,VLAN4012,3,terminal,3,20000,0,0,0,0,0,909.28,0,0
1821,egress,0,VLAN4012,3,terminal,3,20000,0,5823.98,0,0,0,909.28,0,0
1822,egress,0,VLAN4012,3,terminal,3,20000,0,0,0,0,0,909.28,0,0
1823,egress,0,VLAN4012,3,terminal,3,20000,0,5823.98,0,0,0,909.28,0,0
1824,egress,0,VLAN4012,3,terminal,3,20000,0,0,0,0,0,909.28,0,0
1825,egress,0,VLAN4012,3,terminal,3,20000,0,5823.98,0,0,0,909.28,0,0
1826,egress,0,VLAN4012,3,terminal,3,20000,0,2911.99,0,0,0,909.28,0,0
1827,egress,0,VLAN4012,3,terminal,3,20000,0,0,0,0,0,909.28,0,0
1828,egress,0,VLAN4012,3,terminal,3,20000,0,2954.94,0,0,0,909.28,0,0
1829,egress,0,VLAN4012,3,terminal,3,20000,0,5909.88,0,0,0,909.28,0,0
1830,egress,0,VLAN4012,3,terminal,3,20000,0,0,0,0,0,909.28,0,0
1831,egress,0,VLAN4012,3,terminal,3,20000,0,5909.88,0,0,0,909.28,0,0
1832,egress,0,VLAN4012,3,terminal,3,20000,0,2954.94,0,0,0,909.28,0,0
1833,egress,0,VLAN4012,3,terminal,3,20000,0,2954.94,0,0,0,909.28,0,0
1834,egress,0,VLAN4012,3,terminal,3,20000,0,0,0,0,0,909.28,0,0
1835,egress,0,VLAN4012,3,terminal,3,20000,0,2954.94,0,0,0,909.28,0,0
1836,egress,0,VLAN4012,3,terminal,3,20000,0,5909.88,0,0,0,909.28,0,0
1837,egress,0,VLAN4012,3,terminal,3,20000,0,0,0,0,0,909.28,0,0
1838,egress,0,VLAN4012,3,terminal,3,20000,0,2954.94,0,0,0,909.28,0,0
1839,egress,0,VLAN4012,3,terminal,3,20000,0,5909.88,0,0,0,909.28,0,0
1840,egress,0,VLAN4012,3,terminal,3,20000,0,2954.94,0,0,0,909.28,0,0
1841,egress,0,VLAN4012,3,terminal,3,20000,0,2954.94,0,0,0,909.28,0,0
1842,egress,0,VLAN4012,3,terminal,3,20000,0,0,0,0,0,909.28,0,0
1843,egress,0,VLAN4012,3,terminal,3,20000,0,5909.88,0,0,0,909.28,0,0
1844,egress,0,VLAN4012,3,terminal,3,20000,0,2954.94,0,0,0,909.28,0,0
1845,egress,0,VLAN4012,3,terminal,3,20000,0,0,0,0,0,909.28,0,0
1846,egress,0,VLAN4012,3,terminal,3,20000,0,5909.88,0,0,0,909.28,0,0
1847,egress,0,VLAN4012,3,terminal,3,20000,0,0,0,0,0,909.28,0,0
1848,egress,0,VLAN4012,3,terminal,3,20000,0,2946.35,0,0,0,909.28,0,0
1849,egress,0,VLAN4012,3,terminal,3,20000,0,5892.7,0,0,0,909.28,0,0
1850,egress,0,VLAN4012,3,terminal,3,20000,0,0,0,0,0,909.28,0,0
1851,egress,0,VLAN4012,3,terminal,3,20000,0,5892.7,0,0,0,909.28,0,0
1852,egress,0,VLAN4012,3,terminal,3,20000,0,0,0,0,0,909.28,0,0
1853,egress,0,VLAN4012,3,terminal,3,20000,0,5892.7,0,0,0,909.28,0,0
1854,egress,0,VLAN4012,3,terminal,3,20000,0,0,0,0,0,909.28,0,0
1855,egress,0,VLAN4012,3,terminal,3,20000,0,2946.35,0,0,0,909.28,0,0
1856,egress,0,VLAN4012,3,terminal,3,20000,0,5892.7,0,0,0,909.28,0,0
1857,egress,0,VLAN4012,3,terminal,3,20000,0,2946.35,0,0,0,909.28,0,0
1858,egress,0,VLAN4012,3,terminal,3,20000,0,0,0,0,0,909.28,0,0
1859,egress,0,VLAN4012,3,terminal,3,20000,0,2946.35,0,0,0,909.28,0,0
1860,egress,0,VLAN4012,3,terminal,3,20000,0,5892.7,0,0,0,909.28,0,0
1861,egress,0,VLAN4012,3,terminal,3,20000,0,2946.35,0,0,0,909.28,0,0
1862,egress,0,VLAN4012,3,terminal,3,20000,0,0,0,0,0,909.28,0,0
1863,egress,0,VLAN4012,3,terminal,3,20000,0,5892.7,0,0,0,909.28,0,0
1864,egress,0,VLAN4012,3,terminal,3,20000,0,0,0,0,0,909.28,0,0
1865,egress,0,VLAN4012,3,terminal,3,20000,0,2946.35,0,0,0,909.28,0,0
1866,egress,0,VLAN4012,3,terminal,3,20000,0,5892.7,0,0,0,909.28,0,0
1867,egress,0,VLAN4012,3,terminal,3,20000,0,0,0,0,0,909.28,0,0
1868,egress,0,VLAN4012,3,terminal,3,20000,0,5892.7,0,0,0,909.28,0,0
1869,egress,0,VLAN4012,3,terminal,3,20000,0,2946.35,0,0,0,909.28,0,0
1870,egress,0,VLAN4012,3,terminal,3,20000,0,0,0,0,0,909.28,0,0
1871,egress,0,VLAN4012,3,terminal,3,20000,0,5892.7,0,0,0,909.28,0,0
1872,egress,0,VLAN4012,3,terminal,3,20000,0,2946.35,0,0,0,909.28,0,0
1873,egress,0,VLAN4012,3,terminal,3,20000,0,0,0,0,0,909.28,0,0
1874,egress,0,VLAN4012,3,terminal,3,20000,0,2946.35,0,0,0,909.28,0,0
1875,egress,0,VLAN4012,3,terminal,3,20000,0,5892.7,0,0,0,909.28,0,0
1876,egress,0,VLAN4012,3,terminal,3,20000,0,2946.35,0,0,0,909.28,0,0
1877,egress,0,VLAN4012,3,terminal,3,20000,0,0,0,0,0,909.28,0,0
1878,egress,0,VLAN4012,3,terminal,3,20000,0,2954.94,0,0,0,909.28,0,0
1879,egress,0,VLAN4012,3,terminal,3,20000,0,5909.88,0,0,0,909.28,0,0
1880,egress,0,VLAN4012,3,terminal,3,20000,0,0,0,0,0,909.28,0,0
1881,egress,0,VLAN4012,3,terminal,3,20000,0,5909.88,0,0,0,909.28,0,0
1882,egress,0,VLAN4012,3,terminal,3,20000,0,0,0,0,0,909.28,0,0
1883,egress,0,VLAN4012,3,terminal,3,20000,0,5909.88,0,0,0,909.28,0,0
1884,egress,0,VLAN4012,3,terminal,3,20000,0,2954.94,0,0,0,909.28,0,0
1885,egress,0,VLAN4012,3,terminal,3,20000,0,2954.94,0,0,0,909.28,0,0
1886,egress,0,VLAN4012,3,terminal,3,20000,0,2954.94,0,0,0,909.28,0,0
1887,egress,0,VLAN4012,3,terminal,3,20000,0,0,0,0,0,909.28,0,0
1888,egress,0,VLAN4012,3,terminal,3,20000,0,5927.05,0,0,0,909.28,0,0
1889,egress,0,VLAN4012,3,terminal,3,20000,0,2963.53,0,0,0,909.28,0,0
1890,egress,0,VLAN4012,3,terminal,3,20000,0,2963.53,0,0,0,909.28,0,0
1891,egress,0,VLAN4012,3,terminal,3,20000,0,2963.53,0,0,0,909.28,0,0
1892,egress,0,VLAN4012,3,terminal,3,20000,0,2963.53,0,0,0,909.28,0,0
1893,egress,0,VLAN4012,3,terminal,3,20000,0,0,0,0,0,909.28,0,0
1894,egress,0,VLAN4012,3,terminal,3,20000,0,2963.53,0,0,0,909.28,0,0
1895,egress,0,VLAN4012,3,terminal,3,20000,0,5927.05,0,0,0,909.28,0,0
1896,egress,0,VLAN4012,3,terminal,3,20000,0,2963.53,0,0,0,909.28,0,0
1897,egress,0,VLAN4012,3,terminal,3,20000,0,0,0,0,0,909.28,0,0
1898,egress,0,VLAN4012,3,terminal,3,20000,0,5892.7,0,0,0,909.28,0,0
1899,egress,0,VLAN4012,3,terminal,3,20000,0,2946.35,0,0,0,909.28,0,0
1900,egress,0,VLAN4012,3,terminal,3,20000,0,0,0,0,0,909.28,0,0
1901,egress,0,VLAN4012,3,terminal,3,20000,0,5892.7,0,0,0,909.28,0,0
1902,egress,0,VLAN4012,3,terminal,3,20000,0,2946.35,0,0,0,909.28,0,0
1903,egress,0,VLAN4012,3,terminal,3,20000,0,2946.35,0,0,0,909.28,0,0
1904,egress,0,VLAN4012,3,terminal,3,20000,0,2946.35,0,0,0,909.28,0,0
1905,egress,0,VLAN4012,3,terminal,3,20000,0,0,0,0,0,909.28,0,0
1906,egress,0,VLAN4012,3,terminal,3,20000,0,5892.7,0,0,0,909.28,0,0
1907,egress,0,VLAN4012,3,terminal,3,20000,0,0,0,0,0,909.28,0,0
1908,egress,0,VLAN4012,3,terminal,3,20000,0,5823.98,0,0,0,909.28,0,0
1909,egress,0,VLAN4012,3,terminal,3,20000,0,2911.99,0,0,0,909.28,0,0
1910,egress,0,VLAN4012,3,terminal,3,20000,0,2911.99,0,0,0,909.28,0,0
1911,egress,0,VLAN4012,3,terminal,3,20000,0,2911.99,0,0,0,909.28,0,0
1912,egress,0,VLAN4012,3,terminal,3,20000,0,2911.99,0,0,0,909.28,0,0
1913,egress,0,VLAN4012,3,terminal,3,20000,0,0,0,0,0,909.28,0,0
1914,egress,0,VLAN4012,3,terminal,3,20000,0,2911.99,0,0,0,909.28,0,0
1915,egress,0,VLAN4012,3,terminal,3,20000,0,2911.99,0,0,0,909.28,0,0
1916,egress,0,VLAN4012,3,terminal,3,20000,0,5823.98,0,0,0,909.28,0,0
1917,egress,0,VLAN4012,3,terminal,3,20000,0,0,0,0,0,909.28,0,0
1918,egress,0,VLAN4012,3,terminal,3,20000,0,2911.99,0,0,0,909.28,0,0
1919,egress,0,VLAN4012,3,terminal,3,20000,0,5823.98,0,0,0,909.28,0,0
1920,egress,0,VLAN4012,3,terminal,3,20000,0,0,0,0,0,909.28,0,0
1921,egress,0,VLAN4012,3,terminal,3,20000,0,5823.98,0,0,0,909.28,0,0
1922,egress,0,VLAN4012,3,terminal,3,20000,0,0,0,0,0,909.28,0,0
1923,egress,0,VLAN4012,3,terminal,3,20000,0,2911.99,0,0,0,909.28,0,0
1924,egress,0,VLAN4012,3,terminal,3,20000,0,2911.99,0,0,0,909.28,0,0
1925,egress,0,VLAN4012,3,terminal,3,20000,0,2911.99,0,0,0,909.28,0,0
1926,egress,0,VLAN4012,3,terminal,3,20000,0,5823.98,0,0,0,909.28,0,0
1927,egress,0,VLAN4012,3,terminal,3,20000,0,0,0,0,0,909.28,0,0
1928,egress,0,VLAN4012,3,terminal,3,20000,0,5806.8,0,0,0,909.28,0,0
1929,egress,0,VLAN4012,3,terminal,3,20000,0,2903.4,0,0,0,909.28,0,0
1930,egress,0,VLAN4012,3,terminal,3,20000,0,0,0,0,0,909.28,0,0
1931,egress,0,VLAN4012,3,terminal,3,20000,0,5806.8,0,0,0,909.28,0,0
1932,egress,0,VLAN4012,3,terminal,3,20000,0,0,0,0,0,909.28,0,0
1933,egress,0,VLAN4012,3,terminal,3,20000,0,2903.4,0,0,0,909.28,0,0
1934,egress,0,VLAN4012,3,terminal,3,20000,0,5806.8,0,0,0,909.28,0,0
1935,egress,0,VLAN4012,3,terminal,3,20000,0,0,0,0,0,909.28,0,0
1936,egress,0,VLAN4012,3,terminal,3,20000,0,5806.8,0,0,0,909.28,0,0
1937,egress,0,VLAN4012,3,terminal,3,20000,0,2886.22,0,0,0,909.28,0,0
1938,egress,0,VLAN4012,3,terminal,3,20000,0,2886.22,0,0,0,909.28,0,0
1939,egress,0,VLAN4012,3,terminal,3,20000,0,2886.22,0,0,0,909.28,0,0
1940,egress,0,VLAN4012,3,terminal,3,20000,0,0,0,0,0,909.28,0,0
1941,egress,0,VLAN4012,3,terminal,3,20000,0,5772.44,0,0,0,909.28,0,0
1942,egress,0,VLAN4012,3,terminal,3,20000,0,2886.22,0,0,0,909.28,0,0
1943,egress,0,VLAN4012,3,terminal,3,20000,0,2886.22,0,0,0,909.28,0,0
1944,egress,0,VLAN4012,3,terminal,3,20000,0,0,0,0,0,909.28,0,0
1945,egress,0,VLAN4012,3,terminal,3,20000,0,5772.44,0,0,0,909.28,0,0
1946,egress,0,VLAN4012,3,terminal,3,20000,0,2886.22,0,0,0,909.28,0,0
1947,egress,0,VLAN4012,3,terminal,3,20000,0,0,0,0,0,909.28,0,0
1948,egress,0,VLAN4012,3,terminal,3,20000,0,2903.4,0,0,0,909.28,0,0
1949,egress,0,VLAN4012,3,terminal,3,20000,0,2903.4,0,0,0,909.28,0,0
1950,egress,0,VLAN4012,3,terminal,3,20000,0,5806.8,0,0,0,909.28,0,0
1951,egress,0,VLAN4012,3,terminal,3,20000,0,2903.4,0,0,0,909.28,0,0
1952,egress,0,VLAN4012,3,terminal,3,20000,0,0,0,0,0,909.28,0,0
1953,egress,0,VLAN4012,3,terminal,3,20000,0,5806.8,0,0,0,909.28,0,0
1954,egress,0,VLAN4012,3,terminal,3,20000,0,2903.4,0,0,0,909.28,0,0
1955,egress,0,VLAN4012,3,terminal,3,20000,0,2903.4,0,0,0,909.28,0,0
1956,egress,0,VLAN4012,3,terminal,3,20000,0,2903.4,0,0,0,909.28,0,0
1957,egress,0,VLAN4012,3,terminal,3,20000,0,0,0,0,0,909.28,0,0
1958,egress,0,VLAN4012,3,terminal,3,20000,0,5909.88,0,0,0,909.28,0,0
1959,egress,0,VLAN4012,3,terminal,3,20000,0,0,0,0,0,909.28,0,0
1960,egress,0,VLAN4012,3,terminal,3,20000,0,2954.94,0,0,0,909.28,0,0
1961,egress,0,VLAN4012,3,terminal,3,20000,0,5909.88,0,0,0,909.28,0,0
1962,egress,0,VLAN4012,3,terminal,3,20000,0,0,0,0,0,909.28,0,0
1963,egress,0,VLAN4012,3,terminal,3,20000,0,2954.94,0,0,0,909.28,0,0
1964,egress,0,VLAN4012,3,terminal,3,20000,0,2954.94,0,0,0,909.28,0,0
1965,egress,0,VLAN4012,3,terminal,3,20000,0,5909.88,0,0,0,909.28,0,0
1966,egress,0,VLAN4012,3,terminal,3,20000,0,2954.94,0,0,0,909.28,0,0
1967,egress,0,VLAN4012,3,terminal,3,20000,0,0,0,0,0,909.28,0,0
1968,egress,0,VLAN4012,3,terminal,3,20000,0,2954.94,0,0,0,909.28,0,0
1969,egress,0,VLAN4012,3,terminal,3,20000,0,2954.94,0,0,0,909.28,0,0
1970,egress,0,VLAN4012,3,terminal,3,20000,0,5909.88,0,0,0,909.28,0,0
1971,egress,0,VLAN4012,3,terminal,3,20000,0,2954.94,0,0,0,909.28,0,0
1972,egress,0,VLAN4012,3,terminal,3,20000,0,2954.94,0,0,0,909.28,0,0
1973,egress,0,VLAN4012,3,terminal,3,20000,0,0,0,0,0,909.28,0,0
1974,egress,0,VLAN4012,3,terminal,3,20000,0,5909.88,0,0,0,909.28,0,0
1975,egress,0,VLAN4012,3,terminal,3,20000,0,0,0,0,0,909.28,0,0
1976,egress,0,VLAN4012,3,terminal,3,20000,0,5909.88,0,0,0,909.28,0,0
1977,egress,0,VLAN4012,3,terminal,3,20000,0,0,0,0,0,909.28,0,0
1978,egress,0,VLAN4012,3,terminal,3,20000,0,2963.53,0,0,0,909.28,0,0
1979,egress,0,VLAN4012,3,terminal,3,20000,0,5927.05,0,0,0,909.28,0,0
1980,egress,0,VLAN4012,3,terminal,3,20000,0,0,0,0,0,909.28,0,0
1981,egress,0,VLAN4012,3,terminal,3,20000,0,5927.05,0,0,0,909.28,0,0
1982,egress,0,VLAN4012,3,terminal,3,20000,0,2963.53,0,0,0,909.28,0,0
1983,egress,0,VLAN4012,3,terminal,3,20000,0,0,0,0,0,909.28,0,0
1984,egress,0,VLAN4012,3,terminal,3,20000,0,2963.53,0,0,0,909.28,0,0
1985,egress,0,VLAN4012,3,terminal,3,20000,0,5927.05,0,0,0,909.28,0,0
1986,egress,0,VLAN4012,3,terminal,3,20000,0,2963.53,0,0,0,909.28,0,0
1987,egress,0,VLAN4012,3,terminal,3,20000,0,0,0,0,0,909.28,0,0
1988,egress,0,VLAN4012,3,terminal,3,20000,0,5841.16,0,0,0,909.28,0,0
1989,egress,0,VLAN4012,3,terminal,3,20000,0,0,0,0,0,909.28,0,0
1990,egress,0,VLAN4012,3,terminal,3,20000,0,2920.58,0,0,0,909.28,0,0
1991,egress,0,VLAN4012,3,terminal,3,20000,0,5841.16,0,0,0,909.28,0,0
1992,egress,0,VLAN4012,3,terminal,3,20000,0,0,0,0,0,909.28,0,0
1993,egress,0,VLAN4012,3,terminal,3,20000,0,5841.16,0,0,0,909.28,0,0
1994,egress,0,VLAN4012,3,terminal,3,20000,0,2920.58,0,0,0,909.28,0,0
1995,egress,0,VLAN4012,3,terminal,3,20000,0,2920.58,0,0,0,909.28,0,0
1996,egress,0,VLAN4012,3,terminal,3,20000,0,2920.58,0,0,0,909.28,0,0
1997,egress,0,VLAN4012,3,terminal,3,20000,0,2929.17,0,0,0,909.28,0,0
1998,egress,0,VLAN4012,3,terminal,3,20000,0,2929.17,0,0,0,909.28,0,0
1999,egress,0,VLAN4012,3,terminal,3,20000,0,0,0,0,0,909.28,0,0
2000,egress,0,VLAN4012,3,terminal,3,20000,0,2929.17,0,0,0,909.28,0,0
2001,egress,0,VLAN4012,3,terminal,3,20000,0,5858.34,0,0,0,909.28,0,0
2002,egress,0,VLAN4012,3,terminal,3,20000,0,0,0,0,0,909.28,0,0
2003,egress,0,VLAN4012,3,terminal,3,20000,0,2929.17,0,0,0,909.28,0,0
2004,egress,0,VLAN4012,3,terminal,3,20000,0,5858.34,0,0,0,909.28,0,0
2005,egress,0,VLAN4012,3,terminal,3,20000,0,2929.17,0,0,0,909.28,0,0
2006,egress,0,VLAN4012,3,terminal,3,20000,0,2929.17,0,0,0,909.28,0,0
2007,egress,0,VLAN4012,3,terminal,3,20000,0,0,0,0,0,909.28,0,0
2008,egress,0,VLAN4012,3,terminal,3,20000,0,2929.17,0,0,0,909.28,0,0
2009,egress,0,VLAN4012,3,terminal,3,20000,0,5858.34,0,0,0,909.28,0,0
2010,egress,0,VLAN4012,3,terminal,3,20000,0,0,0,0,0,909.28,0,0
2011,egress,0,VLAN4012,3,terminal,3,20000,0,5858.34,0,0,0,909.28,0,0
2012,egress,0,VLAN4012,3,terminal,3,20000,0,2929.17,0,0,0,909.28,0,0
2013,egress,0,VLAN4012,3,terminal,3,20000,0,2929.17,0,0,0,909.28,0,0
2014,egress,0,VLAN4012,3,terminal,3,20000,0,2929.17,0,0,0,909.28,0,0
2015,egress,0,VLAN4012,3,terminal,3,20000,0,2929.17,0,0,0,909.28,0,0
2016,egress,0,VLAN4012,3,terminal,3,20000,0,2929.17,0,0,0,909.28,0,0
2017,egress,0,VLAN4012,3,terminal,3,20000,0,2920.58,0,0,0,909.28,0,0
2018,egress,0,VLAN4012,3,terminal,3,20000,0,2920.58,0,0,0,909.28,0,0
2019,egress,0,VLAN4012,3,terminal,3,20000,0,2920.58,0,0,0,909.28,0,0
2020,egress,0,VLAN4012,3,terminal,3,20000,0,0,0,0,0,909.28,0,0
2021,egress,0,VLAN4012,3,terminal,3,20000,0,5841.16,0,0,0,909.28,0,0
2022,egress,0,VLAN4012,3,terminal,3,20000,0,2920.58,0,0,0,909.28,0,0
2023,egress,0,VLAN4012,3,terminal,3,20000,0,2920.58,0,0,0,909.28,0,0
2024,egress,0,VLAN4012,3,terminal,3,20000,0,0,0,0,0,909.28,0,0
2025,egress,0,VLAN4012,3,terminal,3,20000,0,2920.58,0,0,0,909.28,0,0
2026,egress,0,VLAN4012,3,terminal,3,20000,0,5841.16,0,0,0,909.28,0,0
2027,egress,0,VLAN4012,3,terminal,3,20000,0,2911.99,0,0,0,909.28,0,0
2028,egress,0,VLAN4012,3,terminal,3,20000,0,0,0,0,0,909.28,0,0
2029,egress,0,VLAN4012,3,terminal,3,20000,0,5823.98,0,0,0,909.28,0,0
2030,egress,0,VLAN4012,3,terminal,3,20000,0,2911.99,0,0,0,909.28,0,0
2031,egress,0,VLAN4012,3,terminal,3,20000,0,2911.99,0,0,0,909.28,0,0
2032,egress,0,VLAN4012,3,terminal,3,20000,0,2911.99,0,0,0,909.28,0,0
2033,egress,0,VLAN4012,3,terminal,3,20000,0,2911.99,0,0,0,909.28,0,0
2034,egress,0,VLAN4012,3,terminal,3,20000,0,2911.99,0,0,0,909.28,0,0
2035,egress,0,VLAN4012,3,terminal,3,20000,0,2911.99,0,0,0,909.28,0,0
2036,egress,0,VLAN4012,3,terminal,3,20000,0,2911.99,0,0,0,909.28,0,0
2037,egress,0,VLAN4012,3,terminal,3,20000,0,0,0,0,0,909.28,0,0
2038,egress,0,VLAN4012,3,terminal,3,20000,0,5858.34,0,0,0,909.28,0,0
2039,egress,0,VLAN4012,3,terminal,3,20000,0,2929.17,0,0,0,909.28,0,0
2040,egress,0,VLAN4012,3,terminal,3,20000,0,2929.17,0,0,0,909.28,0,0
2041,egress,0,VLAN4012,3,terminal,3,20000,0,2929.17,0,0,0,909.28,0,0
2042,egress,0,VLAN4012,3,terminal,3,20000,0,2929.17,0,0,0,909.28,0,0
2043,egress,0,VLAN4012,3,terminal,3,20000,0,0,0,0,0,909.28,0,0
2044,egress,0,VLAN4012,3,terminal,3,20000,0,2929.17,0,0,0,909.28,0,0
2045,egress,0,VLAN4012,3,terminal,3,20000,0,2929.17,0,0,0,909.28,0,0
2046,egress,0,VLAN4012,3,terminal,3,20000,0,5858.34,0,0,0,909.28,0,0
2047,egress,0,VLAN4012,3,terminal,3,20000,0,0,0,0,0,909.28,0,0
2048,egress,0,VLAN4012,3,terminal,3,20000,0,5858.34,0,0,0,909.28,0,0
2049,egress,0,VLAN4012,3,terminal,3,20000,0,0,0,0,0,909.28,0,0
2050,egress,0,VLAN4012,3,terminal,3,20000,0,5858.34,0,0,0,909.28,0,0
2051,egress,0,VLAN4012,3,terminal,3,20000,0,2929.17,0,0,0,909.28,0,0
2052,egress,0,VLAN4012,3,terminal,3,20000,0,2929.17,0,0,0,909.28,0,0
2053,egress,0,VLAN4012,3,terminal,3,20000,0,0,0,0,0,909.28,0,0
2054,egress,0,VLAN4012,3,terminal,3,20000,0,2929.17,0,0,0,909.28,0,0
2055,egress,0,VLAN4012,3,terminal,3,20000,0,2929.17,0,0,0,909.28,0,0
2056,egress,0,VLAN4012,3,terminal,3,20000,0,5858.34,0,0,0,909.28,0,0
2057,egress,0,VLAN4012,3,terminal,3,20000,0,0,0,0,0,909.28,0,0
2058,egress,0,VLAN4012,3,terminal,3,20000,0,2937.76,0,0,0,909.28,0,0
2059,egress,0,VLAN4012,3,terminal,3,20000,0,2937.76,0,0,0,909.28,0,0
2060,egress,0,VLAN4012,3,terminal,3,20000,0,5875.52,0,0,0,909.28,0,0
2061,egress,0,VLAN4012,3,terminal,3,20000,0,2937.76,0,0,0,909.28,0,0
2062,egress,0,VLAN4012,3,terminal,3,20000,0,0,0,0,0,909.28,0,0
2063,egress,0,VLAN4012,3,terminal,3,20000,0,5875.52,0,0,0,909.28,0,0
2064,egress,0,VLAN4012,3,terminal,3,20000,0,0,0,0,0,909.28,0,0
2065,egress,0,VLAN4012,3,terminal,3,20000,0,2937.76,0,0,0,909.28,0,0
2066,egress,0,VLAN4012,3,terminal,3,20000,0,5875.52,0,0,0,909.28,0,0
2067,egress,0,VLAN4012,3,terminal,3,20000,0,0,0,0,0,909.28,0,0
2068,egress,0,VLAN4012,3,terminal,3,20000,0,5858.34,0,0,0,909.28,0,0
2069,egress,0,VLAN4012,3,terminal,3,20000,0,2929.17,0,0,0,909.28,0,0
2070,egress,0,VLAN4012,3,terminal,3,20000,0,0,0,0,0,909.28,0,0
2071,egress,0,VLAN4012,3,terminal,3,20000,0,5858.34,0,0,0,909.28,0,0
2072,egress,0,VLAN4012,3,terminal,3,20000,0,2929.17,0,0,0,909.28,0,0
2073,egress,0,VLAN4012,3,terminal,3,20000,0,0,0,0,0,909.28,0,0
2074,egress,0,VLAN4012,3,terminal,3,20000,0,5858.34,0,0,0,909.28,0,0
2075,egress,0,VLAN4012,3,terminal,3,20000,0,0,0,0,0,909.28,0,0
2076,egress,0,VLAN4012,3,terminal,3,20000,0,5858.34,0,0,0,909.28,0,0
2077,egress,0,VLAN4012,3,terminal,3,20000,0,2929.17,0,0,0,909.28,0,0
2078,egress,0,VLAN4012,3,terminal,3,20000,0,2929.17,0,0,0,909.28,0,0
2079,egress,0,VLAN4012,3,terminal,3,20000,0,2929.17,0,0,0,909.28,0,0
2080,egress,0,VLAN4012,3,terminal,3,20000,0,0,0,0,0,909.28,0,0
2081,egress,0,VLAN4012,3,terminal,3,20000,0,5858.34,0,0,0,909.28,0,0
2082,egress,0,VLAN4012,3,terminal,3,20000,0,0,0,0,0,909.28,0,0
2083,egress,0,VLAN4012,3,terminal,3,20000,0,2929.17,0,0,0,909.28,0,0
2084,egress,0,VLAN4012,3,terminal,3,20000,0,5858.34,0,0,0,909.28,0,0
2085,egress,0,VLAN4012,3,terminal,3,20000,0,2929.17,0,0,0,909.28,0,0
2086,egress,0,VLAN4012,3,terminal,3,20000,0,2929.17,0,0,0,909.28,0,0
2087,egress,0,VLAN4012,3,terminal,3,20000,0,0,0,0,0,909.28,0,0
2088,egress,0,VLAN4012,3,terminal,3,20000,0,5858.34,0,0,0,909.28,0,0
2089,egress,0,VLAN4012,3,terminal,3,20000,0,0,0,0,0,909.28,0,0
2090,egress,0,VLAN4012,3,terminal,3,20000,0,5858.34,0,0,0,909.28,0,0
2091,egress,0,VLAN4012,3,terminal,3,20000,0,2929.17,0,0,0,909.28,0,0
2092,egress,0,VLAN4012,3,terminal,3,20000,0,0,0,0,0,909.28,0,0
2093,egress,0,VLAN4012,3,terminal,3,20000,0,5858.34,0,0,0,909.28,0,0
2094,egress,0,VLAN4012,3,terminal,3,20000,0,2929.17,0,0,0,909.28,0,0
2095,egress,0,VLAN4012,3,terminal,3,20000,0,2929.17,0,0,0,909.28,0,0
2096,egress,0,VLAN4012,3,terminal,3,20000,0,2929.17,0,0,0,909.28,0,0
2097,egress,0,VLAN4012,3,terminal,3,20000,0,2911.99,0,0,0,909.28,0,0
2098,egress,0,VLAN4012,3,terminal,3,20000,0,0,0,0,0,909.28,0,0
2099,egress,0,VLAN4012,3,terminal,3,20000,0,5823.98,0,0,0,909.28,0,0
2100,egress,0,VLAN4012,3,terminal,3,20000,0,2911.99,0,0,0,909.28,0,0
2101,egress,0,VLAN4012,3,terminal,3,20000,0,2911.99,0,0,0,909.28,0,0
2102,egress,0,VLAN4012,3,terminal,3,20000,0,2911.99,0,0,0,909.28,0,0
2103,egress,0,VLAN4012,3,terminal,3,20000,0,0,0,0,0,909.28,0,0
2104,egress,0,VLAN4012,3,terminal,3,20000,0,2911.99,0,0,0,909.28,0,0
2105,egress,0,VLAN4012,3,terminal,3,20000,0,5823.98,0,0,0,909.28,0,0
2106,egress,0,VLAN4012,3,terminal,3,20000,0,2911.99,0,0,0,909.28,0,0
2107,egress,0,VLAN4012,3,terminal,3,20000,0,0,0,0,0,909.28,0,0
2108,egress,0,VLAN4012,3,terminal,3,20000,0,5806.8,0,0,0,909.28,0,0
2109,egress,0,VLAN4012,3,terminal,3,20000,0,0,0,0,0,909.28,0,0
2110,egress,0,VLAN4012,3,terminal,3,20000,0,2903.4,0,0,0,909.28,0,0
2111,egress,0,VLAN4012,3,terminal,3,20000,0,5806.8,0,0,0,909.28,0,0
2112,egress,0,VLAN4012,3,terminal,3,20000,0,0,0,0,0,909.28,0,0
2113,egress,0,VLAN4012,3,terminal,3,20000,0,2903.4,0,0,0,909.28,0,0
2114,egress,0,VLAN4012,3,terminal,3,20000,0,2903.4,0,0,0,909.28,0,0
2115,egress,0,VLAN4012,3,terminal,3,20000,0,5806.8,0,0,0,909.28,0,0
2116,egress,0,VLAN4012,3,terminal,3,20000,0,2903.4,0,0,0,909.28,0,0
2117,egress,0,VLAN4012,3,terminal,3,20000,0,0,0,0,0,909.28,0,0
2118,egress,0,VLAN4012,3,terminal,3,20000,0,5841.16,0,0,0,909.28,0,0
2119,egress,0,VLAN4012,3,terminal,3,20000,0,0,0,0,0,909.28,0,0
2120,egress,0,VLAN4012,3,terminal,3,20000,0,2920.58,0,0,0,909.28,0,0
2121,egress,0,VLAN4012,3,terminal,3,20000,0,5841.16,0,0,0,909.28,0,0
2122,egress,0,VLAN4012,3,terminal,3,20000,0,0,0,0,0,909.28,0,0
2123,egress,0,VLAN4012,3,terminal,3,20000,0,5841.16,0,0,0,909.28,0,0
2124,egress,0,VLAN4012,3,terminal,3,20000,0,0,0,0,0,909.28,0,0
2125,egress,0,VLAN4012,3,terminal,3,20000,0,5841.16,0,0,0,909.28,0,0
2126,egress,0,VLAN4012,3,terminal,3,20000,0,2920.58,0,0,0,909.28,0,0
2127,egress,0,VLAN4012,3,terminal,3,20000,0,2937.76,0,0,0,909.28,0,0
2128,egress,0,VLAN4012,3,terminal,3,20000,0,2937.76,0,0,0,909.28,0,0
2129,egress,0,VLAN4012,3,terminal,3,20000,0,2937.76,0,0,0,909.28,0,0
2130,egress,0,VLAN4012,3,terminal,3,20000,0,0,0,0,0,909.28,0,0
2131,egress,0,VLAN4012,3,terminal,3,20000,0,5875.52,0,0,0,909.28,0,0
2132,egress,0,VLAN4012,3,terminal,3,20000,0,2937.76,0,0,0,909.28,0,0
2133,egress,0,VLAN4012,3,terminal,3,20000,0,2937.76,0,0,0,909.28,0,0
2134,egress,0,VLAN4012,3,terminal,3,20000,0,2937.76,0,0,0,909.28,0,0
2135,egress,0,VLAN4012,3,terminal,3,20000,0,2937.76,0,0,0,909.28,0,0
2136,egress,0,VLAN4012,3,terminal,3,20000,0,2937.76,0,0,0,909.28,0,0
2137,egress,0,VLAN4012,3,terminal,3,20000,0,0,0,0,0,909.28,0,0
2138,egress,0,VLAN4012,3,terminal,3,20000,0,5858.34,0,0,0,909.28,0,0
2139,egress,0,VLAN4012,3,terminal,3,20000,0,2929.17,0,0,0,909.28,0,0
2140,egress,0,VLAN4012,3,terminal,3,20000,0,2929.17,0,0,0,909.28,0,0
2141,egress,0,VLAN4012,3,terminal,3,20000,0,2929.17,0,0,0,909.28,0,0
2142,egress,0,VLAN4012,3,terminal,3,20000,0,0,0,0,0,909.28,0,0
2143,egress,0,VLAN4012,3,terminal,3,20000,0,2929.17,0,0,0,909.28,0,0
2144,egress,0,VLAN4012,3,terminal,3,20000,0,5858.34,0,0,0,909.28,0,0
2145,egress,0,VLAN4012,3,terminal,3,20000,0,0,0,0,0,909.28,0,0
2146,egress,0,VLAN4012,3,terminal,3,20000,0,5858.34,0,0,0,909.28,0,0
2147,egress,0,VLAN4012,3,terminal,3,20000,0,0,0,0,0,909.28,0,0
2148,egress,0,VLAN4012,3,terminal,3,20000,0,2929.17,0,0,0,909.28,0,0
2149,egress,0,VLAN4012,3,terminal,3,20000,0,2929.17,0,0,0,909.28,0,0
2150,egress,0,VLAN4012,3,terminal,3,20000,0,5858.34,0,0,0,909.28,0,0
2151,egress,0,VLAN4012,3,terminal,3,20000,0,2929.17,0,0,0,909.28,0,0
2152,egress,0,VLAN4012,3,terminal,3,20000,0,2929.17,0,0,0,909.28,0,0
2153,egress,0,VLAN4012,3,terminal,3,20000,0,0,0,0,0,909.28,0,0
2154,egress,0,VLAN4012,3,terminal,3,20000,0,5858.34,0,0,0,909.28,0,0
2155,egress,0,VLAN4012,3,terminal,3,20000,0,2929.17,0,0,0,909.28,0,0
2156,egress,0,VLAN4012,3,terminal,3,20000,0,2929.17,0,0,0,909.28,0,0
2157,egress,0,VLAN4012,3,terminal,3,20000,0,0,0,0,0,909.28,0,0
2158,egress,0,VLAN4012,3,terminal,3,20000,0,5806.8,0,0,0,909.28,0,0
2159,egress,0,VLAN4012,3,terminal,3,20000,0,2903.4,0,0,0,909.28,0,0
2160,egress,0,VLAN4012,3,terminal,3,20000,0,0,0,0,0,909.28,0,0
2161,egress,0,VLAN4012,3,terminal,3,20000,0,5806.8,0,0,0,909.28,0,0
2162,egress,0,VLAN4012,3,terminal,3,20000,0,2903.4,0,0,0,909.28,0,0
2163,egress,0,VLAN4012,3,terminal,3,20000,0,2903.4,0,0,0,909.28,0,0
2164,egress,0,VLAN4012,3,terminal,3,20000,0,2903.4,0,0,0,909.28,0,0
2165,egress,0,VLAN4012,3,terminal,3,20000,0,0,0,0,0,909.28,0,0
2166,egress,0,VLAN4012,3,terminal,3,20000,0,5806.8,0,0,0,909.28,0,0
2167,egress,0,VLAN4012,3,terminal,3,20000,0,2894.81,0,0,0,909.28,0,0
2168,egress,0,VLAN4012,3,terminal,3,20000,0,2894.81,0,0,0,909.28,0,0
2169,egress,0,VLAN4012,3,terminal,3,20000,0,0,0,0,0,909.28,0,0
2170,egress,0,VLAN4012,3,terminal,3,20000,0,5789.62,0,0,0,909.28,0,0
2171,egress,0,VLAN4012,3,terminal,3,20000,0,2894.81,0,0,0,909.28,0,0
2172,egress,0,VLAN4012,3,terminal,3,20000,0,2894.81,0,0,0,909.28,0,0
2173,egress,0,VLAN4012,3,terminal,3,20000,0,0,0,0,0,909.28,0,0
2174,egress,0,VLAN4012,3,terminal,3,20000,0,5789.62,0,0,0,909.28,0,0
2175,egress,0,VLAN4012,3,terminal,3,20000,0,2894.81,0,0,0,909.28,0,0
2176,egress,0,VLAN4012,3,terminal,3,20000,0,2894.81,0,0,0,909.28,0,0
2177,egress,0,VLAN4012,3,terminal,3,20000,0,2877.63,0,0,0,909.28,0,0
2178,egress,0,VLAN4012,3,terminal,3,20000,0,0,0,0,0,909.28,0,0
2179,egress,0,VLAN4012,3,terminal,3,20000,0,2877.63,0,0,0,909.28,0,0
2180,egress,0,VLAN4012,3,terminal,3,20000,0,2877.63,0,0,0,909.28,0,0
2181,egress,0,VLAN4012,3,terminal,3,20000,0,5755.26,0,0,0,909.28,0,0
2182,egress,0,VLAN4012,3,terminal,3,20000,0,0,0,0,0,909.28,0,0
2183,egress,0,VLAN4012,3,terminal,3,20000,0,5755.26,0,0,0,909.28,0,0
2184,egress,0,VLAN4012,3,terminal,3,20000,0,2877.63,0,0,0,909.28,0,0
2185,egress,0,VLAN4012,3,terminal,3,20000,0,2877.63,0,0,0,909.28,0,0
2186,egress,0,VLAN4012,3,terminal,3,20000,0,2877.63,0,0,0,909.28,0,0
2187,egress,0,VLAN4012,3,terminal,3,20000,0,0,0,0,0,909.28,0,0
2188,egress,0,VLAN4012,3,terminal,3,20000,0,2886.22,0,0,0,909.28,0,0
2189,egress,0,VLAN4012,3,terminal,3,20000,0,5772.44,0,0,0,909.28,0,0
2190,egress,0,VLAN4012,3,terminal,3,20000,0,0,0,0,0,909.28,0,0
2191,egress,0,VLAN4012,3,terminal,3,20000,0,5772.44,0,0,0,909.28,0,0
2192,egress,0,VLAN4012,3,terminal,3,20000,0,2886.22,0,0,0,909.28,0,0
2193,egress,0,VLAN4012,3,terminal,3,20000,0,2886.22,0,0,0,909.28,0,0
2194,egress,0,VLAN4012,3,terminal,3,20000,0,0,0,0,0,909.28,0,0
2195,egress,0,VLAN4012,3,terminal,3,20000,0,5772.44,0,0,0,909.28,0,0
2196,egress,0,VLAN4012,3,terminal,3,20000,0,2886.22,0,0,0,909.28,0,0
2197,egress,0,VLAN4012,3,terminal,3,20000,0,2937.76,0,0,0,909.28,0,0
2198,egress,0,VLAN4012,3,terminal,3,20000,0,2937.76,0,0,0,909.28,0,0
2199,egress,0,VLAN4012,3,terminal,3,20000,0,0,0,0,0,909.28,0,0
2200,egress,0,VLAN4012,3,terminal,3,20000,0,2937.76,0,0,0,909.28,0,0
2201,egress,0,VLAN4012,3,terminal,3,20000,0,5875.52,0,0,0,909.28,0,0
2202,egress,0,VLAN4012,3,terminal,3,20000,0,2937.76,0,0,0,909.28,0,0
2203,egress,0,VLAN4012,3,terminal,3,20000,0,0,0,0,0,909.28,0,0
2204,egress,0,VLAN4012,3,terminal,3,20000,0,5875.52,0,0,0,909.28,0,0
2205,egress,0,VLAN4012,3,terminal,3,20000,0,2937.76,0,0,0,909.28,0,0
2206,egress,0,VLAN4012,3,terminal,3,20000,0,2937.76,0,0,0,909.28,0,0
2207,egress,0,VLAN4012,3,terminal,3,20000,0,0,0,0,0,909.28,0,0
2208,egress,0,VLAN4012,3,terminal,3,20000,0,5892.7,0,0,0,909.28,0,0
2209,egress,0,VLAN4012,3,terminal,3,20000,0,2946.35,0,0,0,909.28,0,0
2210,egress,0,VLAN4012,3,terminal,3,20000,0,0,0,0,0,909.28,0,0
2211,egress,0,VLAN4012,3,terminal,3,20000,0,5892.7,0,0,0,909.28,0,0
2212,egress,0,VLAN4012,3,terminal,3,20000,0,0,0,0,0,909.28,0,0
2213,egress,0,VLAN4012,3,terminal,3,20000,0,5892.7,0,0,0,909.28,0,0
2214,egress,0,VLAN4012,3,terminal,3,20000,0,2946.35,0,0,0,909.28,0,0
2215,egress,0,VLAN4012,3,terminal,3,20000,0,0,0,0,0,909.28,0,0
2216,egress,0,VLAN4012,3,terminal,3,20000,0,5892.7,0,0,0,909.28,0,0
2217,egress,0,VLAN4012,3,terminal,3,20000,0,0,0,0,0,909.28,0,0
2218,egress,0,VLAN4012,3,terminal,3,20000,0,2963.53,0,0,0,909.28,0,0
2219,egress,0,VLAN4012,3,terminal,3,20000,0,2963.53,0,0,0,909.28,0,0
2220,egress,0,VLAN4012,3,terminal,3,20000,0,2963.53,0,0,0,909.28,0,0
2221,egress,0,VLAN4012,3,terminal,3,20000,0,5927.05,0,0,0,909.28,0,0
2222,egress,0,VLAN4012,3,terminal,3,20000,0,0,0,0,0,909.28,0,0
2223,egress,0,VLAN4012,3,terminal,3,20000,0,2963.53,0,0,0,909.28,0,0
2224,egress,0,VLAN4012,3,terminal,3,20000,0,5927.05,0,0,0,909.28,0,0
2225,egress,0,VLAN4012,3,terminal,3,20000,0,2963.53,0,0,0,909.28,0,0
2226,egress,0,VLAN4012,3,terminal,3,20000,0,2963.53,0,0,0,909.28,0,0
2227,egress,0,VLAN4012,3,terminal,3,20000,0,0,0,0,0,909.28,0,0
2228,egress,0,VLAN4012,3,terminal,3,20000,0,2963.53,0,0,0,909.28,0,0
2229,egress,0,VLAN4012,3,terminal,3,20000,0,2963.53,0,0,0,909.28,0,0
2230,egress,0,VLAN4012,3,terminal,3,20000,0,2963.53,0,0,0,909.28,0,0
2231,egress,0,VLAN4012,3,terminal,3,20000,0,5927.05,0,0,0,909.28,0,0
2232,egress,0,VLAN4012,3,terminal,3,20000,0,0,0,0,0,909.28,0,0
2233,egress,0,VLAN4012,3,terminal,3,20000,0,5927.05,0,0,0,909.28,0,0
2234,egress,0,VLAN4012,3,terminal,3,20000,0,2963.53,0,0,0,909.28,0,0
2235,egress,0,VLAN4012,3,terminal,3,20000,0,2963.53,0,0,0,909.28,0,0
2236,egress,0,VLAN4012,3,terminal,3,20000,0,2963.53,0,0,0,909.28,0,0
2237,egress,0,VLAN4012,3,terminal,3,20000,0,2946.35,0,0,0,909.28,0,0
2238,egress,0,VLAN4012,3,terminal,3,20000,0,2946.35,0,0,0,909.28,0,0
2239,egress,0,VLAN4012,3,terminal,3,20000,0,0,0,0,0,909.28,0,0
2240,egress,0,VLAN4012,3,terminal,3,20000,0,2946.35,0,0,0,909.28,0,0
2241,egress,0,VLAN4012,3,terminal,3,20000,0,5892.7,0,0,0,909.28,0,0
2242,egress,0,VLAN4012,3,terminal,3,20000,0,2946.35,0,0,0,909.28,0,0
2243,egress,0,VLAN4012,3,terminal,3,20000,0,0,0,0,0,909.28,0,0
2244,egress,0,VLAN4012,3,terminal,3,20000,0,5892.7,0,0,0,909.28,0,0
2245,egress,0,VLAN4012,3,terminal,3,20000,0,0,0,0,0,909.28,0,0
2246,egress,0,VLAN4012,3,terminal,3,20000,0,5892.7,0,0,0,909.28,0,0
2247,egress,0,VLAN4012,3,terminal,3,20000,0,0,0,0,0,909.28,0,0
2248,egress,0,VLAN4012,3,terminal,3,20000,0,5909.88,0,0,0,909.28,0,0
2249,egress,0,VLAN4012,3,terminal,3,20000,0,2954.94,0,0,0,909.28,0,0
2250,egress,0,VLAN4012,3,terminal,3,20000,0,0,0,0,0,909.28,0,0
2251,egress,0,VLAN4012,3,terminal,3,20000,0,5909.88,0,0,0,909.28,0,0
2252,egress,0,VLAN4012,3,terminal,3,20000,0,0,0,0,0,909.28,0,0
2253,egress,0,VLAN4012,3,terminal,3,20000,0,5909.88,0,0,0,909.28,0,0
2254,egress,0,VLAN4012,3,terminal,3,20000,0,2954.94,0,0,0,909.28,0,0
2255,egress,0,VLAN4012,3,terminal,3,20000,0,0,0,0,0,909.28,0,0
2256,egress,0,VLAN4012,3,terminal,3,20000,0,5909.88,0,0,0,909.28,0,0
2257,egress,0,VLAN4012,3,terminal,3,20000,0,2937.76,0,0,0,909.28,0,0
2258,egress,0,VLAN4012,3,terminal,3,20000,0,0,0,0,0,909.28,0,0
2259,egress,0,VLAN4012,3,terminal,3,20000,0,5875.52,0,0,0,909.28,0,0
2260,egress,0,VLAN4012,3,terminal,3,20000,0,2937.76,0,0,0,909.28,0,0
2261,egress,0,VLAN4012,3,terminal,3,20000,0,2937.76,0,0,0,909.28,0,0
2262,egress,0,VLAN4012,3,terminal,3,20000,0,2937.76,0,0,0,909.28,0,0
2263,egress,0,VLAN4012,3,terminal,3,20000,0,0,0,0,0,909.28,0,0
2264,egress,0,VLAN4012,3,terminal,3,20000,0,2937.76,0,0,0,909.28,0,0
2265,egress,0,VLAN4012,3,terminal,3,20000,0,2937.76,0,0,0,909.28,0,0
2266,egress,0,VLAN4012,3,terminal,3,20000,0,5875.52,0,0,0,909.28,0,0
2267,egress,0,VLAN4012,3,terminal,3,20000,0,0,0,0,0,909.28,0,0
2268,egress,0,VLAN4012,3,terminal,3,20000,0,2946.35,0,0,0,909.28,0,0
2269,egress,0,VLAN4012,3,terminal,3,20000,0,5892.7,0,0,0,909.28,0,0
2270,egress,0,VLAN4012,3,terminal,3,20000,0,0,0,0,0,909.28,0,0
2271,egress,0,VLAN4012,3,terminal,3,20000,0,5892.7,0,0,0,909.28,0,0
2272,egress,0,VLAN4012,3,terminal,3,20000,0,2946.35,0,0,0,909.28,0,0
2273,egress,0,VLAN4012,3,terminal,3,20000,0,0,0,0,0,909.28,0,0
2274,egress,0,VLAN4012,3,terminal,3,20000,0,5892.7,0,0,0,909.28,0,0
2275,egress,0,VLAN4012,3,terminal,3,20000,0,0,0,0,0,909.28,0,0
2276,egress,0,VLAN4012,3,terminal,3,20000,0,5892.7,0,0,0,909.28,0,0
2277,egress,0,VLAN4012,3,terminal,3,20000,0,0,0,0,0,909.28,0,0
2278,egress,0,VLAN4012,3,terminal,3,20000,0,2954.94,0,0,0,909.28,0,0
2279,egress,0,VLAN4012,3,terminal,3,20000,0,5909.88,0,0,0,909.28,0,0
2280,egress,0,VLAN4012,3,terminal,3,20000,0,2954.94,0,0,0,909.28,0,0
2281,egress,0,VLAN4012,3,terminal,3,20000,0,2954.94,0,0,0,909.28,0,0
2282,egress,0,VLAN4012,3,terminal,3,20000,0,2954.94,0,0,0,909.28,0,0
2283,egress,0,VLAN4012,3,terminal,3,20000,0,0,0,0,0,909.28,0,0
2284,egress,0,VLAN4012,3,terminal,3,20000,0,5909.88,0,0,0,909.28,0,0
2285,egress,0,VLAN4012,3,terminal,3,20000,0,2954.94,0,0,0,909.28,0,0
2286,egress,0,VLAN4012,3,terminal,3,20000,0,2954.94,0,0,0,909.28,0,0
2287,egress,0,VLAN4012,3,terminal,3,20000,0,2963.53,0,0,0,909.28,0,0
2288,egress,0,VLAN4012,3,terminal,3,20000,0,2963.53,0,0,0,909.28,0,0
2289,egress,0,VLAN4012,3,terminal,3,20000,0,2963.53,0,0,0,909.28,0,0
2290,egress,0,VLAN4012,3,terminal,3,20000,0,2963.53,0,0,0,909.28,0,0
2291,egress,0,VLAN4012,3,terminal,3,20000,0,2963.53,0,0,0,909.28,0,0
2292,egress,0,VLAN4012,3,terminal,3,20000,0,2963.53,0,0,0,909.28,0,0
2293,egress,0,VLAN4012,3,terminal,3,20000,0,0,0,0,0,909.28,0,0
2294,egress,0,VLAN4012,3,terminal,3,20000,0,2963.53,0,0,0,909.28,0,0
2295,egress,0,VLAN4012,3,terminal,3,20000,0,5927.05,0,0,0,909.28,0,0
2296,egress,0,VLAN4012,3,terminal,3,20000,0,2963.53,0,0,0,909.28,0,0
2297,egress,0,VLAN4012,3,terminal,3,20000,0,0,0,0,0,909.28,0,0
2298,egress,0,VLAN4012,3,terminal,3,20000,0,5927.05,0,0,0,909.28,0,0
2299,egress,0,VLAN4012,3,terminal,3,20000,0,0,0,0,0,909.28,0,0
2300,egress,0,VLAN4012,3,terminal,3,20000,0,5927.05,0,0,0,909.28,0,0
2301,egress,0,VLAN4012,3,terminal,3,20000,0,2963.53,0,0,0,909.28,0,0
2302,egress,0,VLAN4012,3,terminal,3,20000,0,0,0,0,0,909.28,0,0
2303,egress,0,VLAN4012,3,terminal,3,20000,0,2963.53,0,0,0,909.28,0,0
2304,egress,0,VLAN4012,3,terminal,3,20000,0,2963.53,0,0,0,909.28,0,0
2305,egress,0,VLAN4012,3,terminal,3,20000,0,5927.05,0,0,0,909.28,0,0
2306,egress,0,VLAN4012,3,terminal,3,20000,0,2963.53,0,0,0,909.28,0,0
2307,egress,0,VLAN4012,3,terminal,3,20000,0,0,0,0,0,909.28,0,0
2308,egress,0,VLAN4012,3,terminal,3,20000,0,5961.41,0,0,0,909.28,0,0
2309,egress,0,VLAN4012,3,terminal,3,20000,0,0,0,0,0,909.28,0,0
2310,egress,0,VLAN4012,3,terminal,3,20000,0,2980.71,0,0,0,909.28,0,0
2311,egress,0,VLAN4012,3,terminal,3,20000,0,5961.41,0,0,0,909.28,0,0
2312,egress,0,VLAN4012,3,terminal,3,20000,0,0,0,0,0,909.28,0,0
2313,egress,0,VLAN4012,3,terminal,3,20000,0,2980.71,0,0,0,909.28,0,0
2314,egress,0,VLAN4012,3,terminal,3,20000,0,2980.71,0,0,0,909.28,0,0
2315,egress,0,VLAN4012,3,terminal,3,20000,0,2980.71,0,0,0,909.28,0,0
2316,egress,0,VLAN4012,3,terminal,3,20000,0,5961.41,0,0,0,909.28,0,0
2317,egress,0,VLAN4012,3,terminal,3,20000,0,2989.3,0,0,0,909.28,0,0
2318,egress,0,VLAN4012,3,terminal,3,20000,0,2989.3,0,0,0,909.28,0,0
2319,egress,0,VLAN4012,3,terminal,3,20000,0,2989.3,0,0,0,909.28,0,0
2320,egress,0,VLAN4012,3,terminal,3,20000,0,2989.3,0,0,0,909.28,0,0
2321,egress,0,VLAN4012,3,terminal,3,20000,0,2989.3,0,0,0,909.28,0,0
2322,egress,0,VLAN4012,3,terminal,3,20000,0,0,0,0,0,909.28,0,0
2323,egress,0,VLAN4012,3,terminal,3,20000,0,5978.59,0,0,0,909.28,0,0
2324,egress,0,VLAN4012,3,terminal,3,20000,0,2989.3,0,0,0,909.28,0,0
2325,egress,0,VLAN4012,3,terminal,3,20000,0,0,0,0,0,909.28,0,0
2326,egress,0,VLAN4012,3,terminal,3,20000,0,5978.59,0,0,0,909.28,0,0
2327,egress,0,VLAN4012,3,terminal,3,20000,0,2937.76,0,0,0,909.28,0,0
2328,egress,0,VLAN4012,3,terminal,3,20000,0,2937.76,0,0,0,909.28,0,0
2329,egress,0,VLAN4012,3,terminal,3,20000,0,2937.76,0,0,0,909.28,0,0
2330,egress,0,VLAN4012,3,terminal,3,20000,0,2937.76,0,0,0,909.28,0,0
2331,egress,0,VLAN4012,3,terminal,3,20000,0,2937.76,0,0,0,909.28,0,0
2332,egress,0,VLAN4012,3,terminal,3,20000,0,2937.76,0,0,0,909.28,0,0
2333,egress,0,VLAN4012,3,terminal,3,20000,0,2937.76,0,0,0,909.28,0,0
2334,egress,0,VLAN4012,3,terminal,3,20000,0,2937.76,0,0,0,909.28,0,0
2335,egress,0,VLAN4012,3,terminal,3,20000,0,2937.76,0,0,0,909.28,0,0
2336,egress,0,VLAN4012,3,terminal,3,20000,0,2937.76,0,0,0,909.28,0,0
2337,egress,0,VLAN4012,3,terminal,3,20000,0,0,0,0,0,909.28,0,0
2338,egress,0,VLAN4012,3,terminal,3,20000,0,2920.58,0,0,0,909.28,0,0
2339,egress,0,VLAN4012,3,terminal,3,20000,0,2920.58,0,0,0,909.28,0,0
2340,egress,0,VLAN4012,3,terminal,3,20000,0,5841.16,0,0,0,909.28,0,0
2341,egress,0,VLAN4012,3,terminal,3,20000,0,2920.58,0,0,0,909.28,0,0
2342,egress,0,VLAN4012,3,terminal,3,20000,0,2920.58,0,0,0,909.28,0,0
2343,egress,0,VLAN4012,3,terminal,3,20000,0,0,0,0,0,909.28,0,0
2344,egress,0,VLAN4012,3,terminal,3,20000,0,2920.58,0,0,0,909.28,0,0
2345,egress,0,VLAN4012,3,terminal,3,20000,0,5841.16,0,0,0,909.28,0,0
2346,egress,0,VLAN4012,3,terminal,3,20000,0,2920.58,0,0,0,909.28,0,0
2347,egress,0,VLAN4012,3,terminal,3,20000,0,2911.99,0,0,0,909.28,0,0
2348,egress,0,VLAN4012,3,terminal,3,20000,0,0,0,0,0,909.28,0,0
2349,egress,0,VLAN4012,3,terminal,3,20000,0,5823.98,0,0,0,909.28,0,0
2350,egress,0,VLAN4012,3,terminal,3,20000,0,0,0,0,0,909.28,0,0
2351,egress,0,VLAN4012,3,terminal,3,20000,0,5823.98,0,0,0,909.28,0,0
2352,egress,0,VLAN4012,3,terminal,3,20000,0,2911.99,0,0,0,909.28,0,0
2353,egress,0,VLAN4012,3,terminal,3,20000,0,0,0,0,0,909.28,0,0
2354,egress,0,VLAN4012,3,terminal,3,20000,0,5823.98,0,0,0,909.28,0,0
2355,egress,0,VLAN4012,3,terminal,3,20000,0,0,0,0,0,909.28,0,0
2356,egress,0,VLAN4012,3,terminal,3,20000,0,5823.98,0,0,0,909.28,0,0
2357,egress,0,VLAN4012,3,terminal,3,20000,0,2911.99,0,0,0,909.28,0,0
2358,egress,0,VLAN4012,3,terminal,3,20000,0,0,0,0,0,909.28,0,0
2359,egress,0,VLAN4012,3,terminal,3,20000,0,2911.99,0,0,0,909.28,0,0
2360,egress,0,VLAN4012,3,terminal,3,20000,0,2911.99,0,0,0,909.28,0,0
2361,egress,0,VLAN4012,3,terminal,3,20000,0,5823.98,0,0,0,909.28,0,0
2362,egress,0,VLAN4012,3,terminal,3,20000,0,2911.99,0,0,0,909.28,0,0
2363,egress,0,VLAN4012,3,terminal,3,20000,0,2911.99,0,0,0,909.28,0,0
2364,egress,0,VLAN4012,3,terminal,3,20000,0,0,0,0,0,909.28,0,0
2365,egress,0,VLAN4012,3,terminal,3,20000,0,2911.99,0,0,0,909.28,0,0
2366,egress,0,VLAN4012,3,terminal,3,20000,0,5823.98,0,0,0,909.28,0,0
2367,egress,0,VLAN4012,3,terminal,3,20000,0,0,0,0,0,909.28,0,0
2368,egress,0,VLAN4012,3,terminal,3,20000,0,5892.7,0,0,0,909.28,0,0
2369,egress,0,VLAN4012,3,terminal,3,20000,0,0,0,0,0,909.28,0,0
2370,egress,0,VLAN4012,3,terminal,3,20000,0,5892.7,0,0,0,909.28,0,0
2371,egress,0,VLAN4012,3,terminal,3,20000,0,2946.35,0,0,0,909.28,0,0
2372,egress,0,VLAN4012,3,terminal,3,20000,0,0,0,0,0,909.28,0,0
2373,egress,0,VLAN4012,3,terminal,3,20000,0,2946.35,0,0,0,909.28,0,0
2374,egress,0,VLAN4012,3,terminal,3,20000,0,2946.35,0,0,0,909.28,0,0
2375,egress,0,VLAN4012,3,terminal,3,20000,0,5892.7,0,0,0,909.28,0,0
2376,egress,0,VLAN4012,3,terminal,3,20000,0,2946.35,0,0,0,909.28,0,0
2377,egress,0,VLAN4012,3,terminal,3,20000,0,2972.12,0,0,0,909.28,0,0
2378,egress,0,VLAN4012,3,terminal,3,20000,0,2972.12,0,0,0,909.28,0,0
2379,egress,0,VLAN4012,3,terminal,3,20000,0,0,0,0,0,909.28,0,0
2380,egress,0,VLAN4012,3,terminal,3,20000,0,5944.23,0,0,0,909.28,0,0
2381,egress,0,VLAN4012,3,terminal,3,20000,0,2972.12,0,0,0,909.28,0,0
2382,egress,0,VLAN4012,3,terminal,3,20000,0,2972.12,0,0,0,909.28,0,0
2383,egress,0,VLAN4012,3,terminal,3,20000,0,2972.12,0,0,0,909.28,0,0
2384,egress,0,VLAN4012,3,terminal,3,20000,0,2972.12,0,0,0,909.28,0,0
2385,egress,0,VLAN4012,3,terminal,3,20000,0,2972.12,0,0,0,909.28,0,0
2386,egress,0,VLAN4012,3,terminal,3,20000,0,2972.12,0,0,0,909.28,0,0
2387,egress,0,VLAN4012,3,terminal,3,20000,0,0,0,0,0,909.28,0,0
2388,egress,0,VLAN4012,3,terminal,3,20000,0,5944.23,0,0,0,909.28,0,0
2389,egress,0,VLAN4012,3,terminal,3,20000,0,0,0,0,0,909.28,0,0
2390,egress,0,VLAN4012,3,terminal,3,20000,0,5944.23,0,0,0,909.28,0,0
2391,egress,0,VLAN4012,3,terminal,3,20000,0,2972.12,0,0,0,909.28,0,0
2392,egress,0,VLAN4012,3,terminal,3,20000,0,0,0,0,0,909.28,0,0
2393,egress,0,VLAN4012,3,terminal,3,20000,0,2972.12,0,0,0,909.28,0,0
2394,egress,0,VLAN4012,3,terminal,3,20000,0,2972.12,0,0,0,909.28,0,0
2395,egress,0,VLAN4012,3,terminal,3,20000,0,5944.23,0,0,0,909.28,0,0
2396,egress,0,VLAN4012,3,terminal,3,20000,0,2972.12,0,0,0,909.28,0,0
2397,egress,0,VLAN4012,3,terminal,3,20000,0,0,0,0,0,909.28,0,0
2398,egress,0,VLAN4012,3,terminal,3,20000,0,2989.3,0,0,0,909.28,0,0
2399,egress,0,VLAN4012,3,terminal,3,20000,0,5978.59,0,0,0,909.28,0,0
2400,egress,0,VLAN4012,3,terminal,3,20000,0,2989.3,0,0,0,909.28,0,0
2401,egress,0,VLAN4012,3,terminal,3,20000,0,2989.3,0,0,0,909.28,0,0
2402,egress,0,VLAN4012,3,terminal,3,20000,0,0,0,0,0,909.28,0,0
2403,egress,0,VLAN4012,3,terminal,3,20000,0,2989.3,0,0,0,909.28,0,0
2404,egress,0,VLAN4012,3,terminal,3,20000,0,2989.3,0,0,0,909.28,0,0
2405,egress,0,VLAN4012,3,terminal,3,20000,0,5978.59,0,0,0,909.28,0,0
2406,egress,0,VLAN4012,3,terminal,3,20000,0,2989.3,0,0,0,909.28,0,0
2407,egress,0,VLAN4012,3,terminal,3,20000,0,0,0,0,0,909.28,0,0
2408,egress,0,VLAN4012,3,terminal,3,20000,0,5875.52,0,0,0,909.28,0,0
2409,egress,0,VLAN4012,3,terminal,3,20000,0,2937.76,0,0,0,909.28,0,0
2410,egress,0,VLAN4012,3,terminal,3,20000,0,0,0,0,0,909.28,0,0
2411,egress,0,VLAN4012,3,terminal,3,20000,0,5875.52,0,0,0,909.28,0,0
2412,egress,0,VLAN4012,3,terminal,3,20000,0,0,0,0,0,909.28,0,0
2413,egress,0,VLAN4012,3,terminal,3,20000,0,2937.76,0,0,0,909.28,0,0
2414,egress,0,VLAN4012,3,terminal,3,20000,0,2937.76,0,0,0,909.28,0,0
2415,egress,0,VLAN4012,3,terminal,3,20000,0,2937.76,0,0,0,909.28,0,0
2416,egress,0,VLAN4012,3,terminal,3,20000,0,5875.52,0,0,0,909.28,0,0
2417,egress,0,VLAN4012,3,terminal,3,20000,0,0,0,0,0,909.28,0,0
2418,egress,0,VLAN4012,3,terminal,3,20000,0,5927.05,0,0,0,909.28,0,0
2419,egress,0,VLAN4012,3,terminal,3,20000,0,0,0,0,0,909.28,0,0
2420,egress,0,VLAN4012,3,terminal,3,20000,0,2963.53,0,0,0,909.28,0,0
2421,egress,0,VLAN4012,3,terminal,3,20000,0,5927.05,0,0,0,909.28,0,0
2422,egress,0,VLAN4012,3,terminal,3,20000,0,2963.53,0,0,0,909.28,0,0
2423,egress,0,VLAN4012,3,terminal,3,20000,0,0,0,0,0,909.28,0,0
2424,egress,0,VLAN4012,3,terminal,3,20000,0,2963.53,0,0,0,909.28,0,0
2425,egress,0,VLAN4012,3,terminal,3,20000,0,2963.53,0,0,0,909.28,0,0
2426,egress,0,VLAN4012,3,terminal,3,20000,0,5927.05,0,0,0,909.28,0,0
2427,egress,0,VLAN4012,3,terminal,3,20000,0,2963.53,0,0,0,909.28,0,0
2428,egress,0,VLAN4012,3,terminal,3,20000,0,0,0,0,0,909.28,0,0
2429,egress,0,VLAN4012,3,terminal,3,20000,0,5927.05,0,0,0,909.28,0,0
2430,egress,0,VLAN4012,3,terminal,3,20000,0,2963.53,0,0,0,909.28,0,0
2431,egress,0,VLAN4012,3,terminal,3,20000,0,2963.53,0,0,0,909.28,0,0
2432,egress,0,VLAN4012,3,terminal,3,20000,0,2963.53,0,0,0,909.28,0,0
2433,egress,0,VLAN4012,3,terminal,3,20000,0,0,0,0,0,909.28,0,0
2434,egress,0,VLAN4012,3,terminal,3,20000,0,2963.53,0,0,0,909.28,0,0
2435,egress,0,VLAN4012,3,terminal,3,20000,0,2963.53,0,0,0,909.28,0,0
2436,egress,0,VLAN4012,3,terminal,3,20000,0,5927.05,0,0,0,909.28,0,0
2437,egress,0,VLAN4012,3,terminal,3,20000,0,0,0,0,0,909.28,0,0
2438,egress,0,VLAN4012,3,terminal,3,20000,0,5927.05,0,0,0,909.28,0,0
2439,egress,0,VLAN4012,3,terminal,3,20000,0,2963.53,0,0,0,909.28,0,0
2440,egress,0,VLAN4012,3,terminal,3,20000,0,2963.53,0,0,0,909.28,0,0
2441,egress,0,VLAN4012,3,terminal,3,20000,0,2963.53,0,0,0,909.28,0,0
2442,egress,0,VLAN4012,3,terminal,3,20000,0,0,0,0,0,909.28,0,0
2443,egress,0,VLAN4012,3,terminal,3,20000,0,2963.53,0,0,0,909.28,0,0
2444,egress,0,VLAN4012,3,terminal,3,20000,0,5927.05,0,0,0,909.28,0,0
2445,egress,0,VLAN4012,3,terminal,3,20000,0,0,0,0,0,909.28,0,0
2446,egress,0,VLAN4012,3,terminal,3,20000,0,5927.05,0,0,0,909.28,0,0
2447,egress,0,VLAN4012,3,terminal,3,20000,0,0,0,0,0,909.28,0,0
2448,egress,0,VLAN4012,3,terminal,3,20000,0,5909.88,0,0,0,909.28,0,0
2449,egress,0,VLAN4012,3,terminal,3,20000,0,0,0,0,0,909.28,0,0
2450,egress,0,VLAN4012,3,terminal,3,20000,0,5909.88,0,0,0,909.28,0,0
2451,egress,0,VLAN4012,3,terminal,3,20000,0,2954.94,0,0,0,909.28,0,0
2452,egress,0,VLAN4012,3,terminal,3,20000,0,0,0,0,0,909.28,0,0
2453,egress,0,VLAN4012,3,terminal,3,20000,0,5909.88,0,0,0,909.28,0,0
2454,egress,0,VLAN4012,3,terminal,3,20000,0,2954.94,0,0,0,909.28,0,0
2455,egress,0,VLAN4012,3,terminal,3,20000,0,2954.94,0,0,0,909.28,0,0
2456,egress,0,VLAN4012,3,terminal,3,20000,0,2954.94,0,0,0,909.28,0,0
2457,egress,0,VLAN4012,3,terminal,3,20000,0,2963.53,0,0,0,909.28,0,0
2458,egress,0,VLAN4012,3,terminal,3,20000,0,2963.53,0,0,0,909.28,0,0
2459,egress,0,VLAN4012,3,terminal,3,20000,0,0,0,0,0,909.28,0,0
2460,egress,0,VLAN4012,3,terminal,3,20000,0,2963.53,0,0,0,909.28,0,0
2461,egress,0,VLAN4012,3,terminal,3,20000,0,5927.05,0,0,0,909.28,0,0
2462,egress,0,VLAN4012,3,terminal,3,20000,0,0,0,0,0,909.28,0,0
2463,egress,0,VLAN4012,3,terminal,3,20000,0,5927.05,0,0,0,909.28,0,0
2464,egress,0,VLAN4012,3,terminal,3,20000,0,2963.53,0,0,0,909.28,0,0
2465,egress,0,VLAN4012,3,terminal,3,20000,0,2963.53,0,0,0,909.28,0,0
2466,egress,0,VLAN4012,3,terminal,3,20000,0,2963.53,0,0,0,909.28,0,0
2467,egress,0,VLAN4012,3,terminal,3,20000,0,2972.12,0,0,0,909.28,0,0
2468,egress,0,VLAN4012,3,terminal,3,20000,0,2972.12,0,0,0,909.28,0,0
2469,egress,0,VLAN4012,3,terminal,3,20000,0,0,0,0,0,909.28,0,0
2470,egress,0,VLAN4012,3,terminal,3,20000,0,5944.23,0,0,0,909.28,0,0
2471,egress,0,VLAN4012,3,terminal,3,20000,0,2972.12,0,0,0,909.28,0,0
2472,egress,0,VLAN4012,3,terminal,3,20000,0,0,0,0,0,909.28,0,0
2473,egress,0,VLAN4012,3,terminal,3,20000,0,2972.12,0,0,0,909.28,0,0
2474,egress,0,VLAN4012,3,terminal,3,20000,0,5944.23,0,0,0,909.28,0,0
2475,egress,0,VLAN4012,3,terminal,3,20000,0,2972.12,0,0,0,909.28,0,0
2476,egress,0,VLAN4012,3,terminal,3,20000,0,2972.12,0,0,0,909.28,0,0
2477,egress,0,VLAN4012,3,terminal,3,20000,0,0,0,0,0,909.28,0,0
2478,egress,0,VLAN4012,3,terminal,3,20000,0,5978.59,0,0,0,909.28,0,0
2479,egress,0,VLAN4012,3,terminal,3,20000,0,0,0,0,0,909.28,0,0
2480,egress,0,VLAN4012,3,terminal,3,20000,0,2989.3,0,0,0,909.28,0,0
2481,egress,0,VLAN4012,3,terminal,3,20000,0,5978.59,0,0,0,909.28,0,0
2482,egress,0,VLAN4012,3,terminal,3,20000,0,0,0,0,0,909.28,0,0
2483,egress,0,VLAN4012,3,terminal,3,20000,0,2989.3,0,0,0,909.28,0,0
2484,egress,0,VLAN4012,3,terminal,3,20000,0,5978.59,0,0,0,909.28,0,0
2485,egress,0,VLAN4012,3,terminal,3,20000,0,0,0,0,0,909.28,0,0
2486,egress,0,VLAN4012,3,terminal,3,20000,0,5978.59,0,0,0,909.28,0,0
2487,egress,0,VLAN4012,3,terminal,3,20000,0,2963.53,0,0,0,909.28,0,0
2488,egress,0,VLAN4012,3,terminal,3,20000,0,2963.53,0,0,0,909.28,0,0
2489,egress,0,VLAN4012,3,terminal,3,20000,0,2963.53,0,0,0,909.28,0,0
2490,egress,0,VLAN4012,3,terminal,3,20000,0,2963.53,0,0,0,909.28,0,0
2491,egress,0,VLAN4012,3,terminal,3,20000,0,2963.53,0,0,0,909.28,0,0
2492,egress,0,VLAN4012,3,terminal,3,20000,0,2963.53,0,0,0,909.28,0,0
2493,egress,0,VLAN4012,3,terminal,3,20000,0,0,0,0,0,909.28,0,0
2494,egress,0,VLAN4012,3,terminal,3,20000,0,5927.05,0,0,0,909.28,0,0
2495,egress,0,VLAN4012,3,terminal,3,20000,0,2963.53,0,0,0,909.28,0,0
2496,egress,0,VLAN4012,3,terminal,3,20000,0,2963.53,0,0,0,909.28,0,0
2497,egress,0,VLAN4012,3,terminal,3,20000,0,2954.94,0,0,0,909.28,0,0
2498,egress,0,VLAN4012,3,terminal,3,20000,0,0,0,0,0,909.28,0,0
2499,egress,0,VLAN4012,3,terminal,3,20000,0,5909.88,0,0,0,909.28,0,0
2500,egress,0,VLAN4012,3,terminal,3,20000,0,2954.94,0,0,0,909.28,0,0
2501,egress,0,VLAN4012,3,terminal,3,20000,0,2954.94,0,0,0,909.28,0,0
2502,egress,0,VLAN4012,3,terminal,3,20000,0,0,0,0,0,909.28,0,0
2503,egress,0,VLAN4012,3,terminal,3,20000,0,5909.88,0,0,0,909.28,0,0
2504,egress,0,VLAN4012,3,terminal,3,20000,0,2954.94,0,0,0,909.28,0,0
2505,egress,0,VLAN4012,3,terminal,3,20000,0,2954.94,0,0,0,909.28,0,0
2506,egress,0,VLAN4012,3,terminal,3,20000,0,2954.94,0,0,0,909.28,0,0
2507,egress,0,VLAN4012,3,terminal,3,20000,0,2946.35,0,0,0,909.28,0,0
2508,egress,0,VLAN4012,3,terminal,3,20000,0,2946.35,0,0,0,909.28,0,0
2509,egress,0,VLAN4012,3,terminal,3,20000,0,2946.35,0,0,0,909.28,0,0
2510,egress,0,VLAN4012,3,terminal,3,20000,0,0,0,0,0,909.28,0,0
2511,egress,0,VLAN4012,3,terminal,3,20000,0,5892.7,0,0,0,909.28,0,0
2512,egress,0,VLAN4012,3,terminal,3,20000,0,2946.35,0,0,0,909.28,0,0
2513,egress,0,VLAN4012,3,terminal,3,20000,0,2946.35,0,0,0,909.28,0,0
2514,egress,0,VLAN4012,3,terminal,3,20000,0,0,0,0,0,909.28,0,0
2515,egress,0,VLAN4012,3,terminal,3,20000,0,5892.7,0,0,0,909.28,0,0
2516,egress,0,VLAN4012,3,terminal,3,20000,0,2946.35,0,0,0,909.28,0,0
2517,egress,0,VLAN4012,3,terminal,3,20000,0,2937.76,0,0,0,909.28,0,0
2518,egress,0,VLAN4012,3,terminal,3,20000,0,0,0,0,0,909.28,0,0
2519,egress,0,VLAN4012,3,terminal,3,20000,0,5875.52,0,0,0,909.28,0,0
2520,egress,0,VLAN4012,3,terminal,3,20000,0,0,0,0,0,909.28,0,0
2521,egress,0,VLAN4012,3,terminal,3,20000,0,5875.52,0,0,0,909.28,0,0
2522,egress,0,VLAN4012,3,terminal,3,20000,0,2937.76,0,0,0,909.28,0,0
2523,egress,0,VLAN4012,3,terminal,3,20000,0,0,0,0,0,909.28,0,0
2524,egress,0,VLAN4012,3,terminal,3,20000,0,5875.52,0,0,0,909.28,0,0
2525,egress,0,VLAN4012,3,terminal,3,20000,0,2937.76,0,0,0,909.28,0,0
2526,egress,0,VLAN4012,3,terminal,3,20000,0,2937.76,0,0,0,909.28,0,0
2527,egress,0,VLAN4012,3,terminal,3,20000,0,0,0,0,0,909.28,0,0
2528,egress,0,VLAN4012,3,terminal,3,20000,0,5875.52,0,0,0,909.28,0,0
2529,egress,0,VLAN4012,3,terminal,3,20000,0,0,0,0,0,909.28,0,0
2530,egress,0,VLAN4012,3,terminal,3,20000,0,5875.52,0,0,0,909.28,0,0
2531,egress,0,VLAN4012,3,terminal,3,20000,0,2937.76,0,0,0,909.28,0,0
2532,egress,0,VLAN4012,3,terminal,3,20000,0,2937.76,0,0,0,909.28,0,0
2533,egress,0,VLAN4012,3,terminal,3,20000,0,2937.76,0,0,0,909.28,0,0
2534,egress,0,VLAN4012,3,terminal,3,20000,0,0,0,0,0,909.28,0,0
2535,egress,0,VLAN4012,3,terminal,3,20000,0,5875.52,0,0,0,909.28,0,0
2536,egress,0,VLAN4012,3,terminal,3,20000,0,2937.76,0,0,0,909.28,0,0
2537,egress,0,VLAN4012,3,terminal,3,20000,0,2937.76,0,0,0,909.28,0,0
2538,egress,0,VLAN4012,3,terminal,3,20000,0,2937.76,0,0,0,909.28,0,0
2539,egress,0,VLAN4012,3,terminal,3,20000,0,2937.76,0,0,0,909.28,0,0
2540,egress,0,VLAN4012,3,terminal,3,20000,0,2937.76,0,0,0,909.28,0,0
2541,egress,0,VLAN4012,3,terminal,3,20000,0,2937.76,0,0,0,909.28,0,0
2542,egress,0,VLAN4012,3,terminal,3,20000,0,2937.76,0,0,0,909.28,0,0
2543,egress,0,VLAN4012,3,terminal,3,20000,0,0,0,0,0,909.28,0,0
2544,egress,0,VLAN4012,3,terminal,3,20000,0,2937.76,0,0,0,909.28,0,0
2545,egress,0,VLAN4012,3,terminal,3,20000,0,5875.52,0,0,0,909.28,0,0
2546,egress,0,VLAN4012,3,terminal,3,20000,0,2937.76,0,0,0,909.28,0,0
2547,egress,0,VLAN4012,3,terminal,3,20000,0,0,0,0,0,909.28,0,0
2548,egress,0,VLAN4012,3,terminal,3,20000,0,5909.88,0,0,0,909.28,0,0
2549,egress,0,VLAN4012,3,terminal,3,20000,0,0,0,0,0,909.28,0,0
2550,egress,0,VLAN4012,3,terminal,3,20000,0,2954.94,0,0,0,909.28,0,0
2551,egress,0,VLAN4012,3,terminal,3,20000,0,5909.88,0,0,0,909.28,0,0
2552,egress,0,VLAN4012,3,terminal,3,20000,0,2954.94,0,0,0,909.28,0,0
2553,egress,0,VLAN4012,3,terminal,3,20000,0,0,0,0,0,909.28,0,0
2554,egress,0,VLAN4012,3,terminal,3,20000,0,5909.88,0,0,0,909.28,0,0
2555,egress,0,VLAN4012,3,terminal,3,20000,0,2954.94,0,0,0,909.28,0,0
2556,egress,0,VLAN4012,3,terminal,3,20000,0,2954.94,0,0,0,909.28,0,0
2557,egress,0,VLAN4012,3,terminal,3,20000,0,2963.53,0,0,0,909.28,0,0
2558,egress,0,VLAN4012,3,terminal,3,20000,0,2963.53,0,0,0,909.28,0,0
2559,egress,0,VLAN4012,3,terminal,3,20000,0,0,0,0,0,909.28,0,0
2560,egress,0,VLAN4012,3,terminal,3,20000,0,2963.53,0,0,0,909.28,0,0
2561,egress,0,VLAN4012,3,terminal,3,20000,0,5927.05,0,0,0,909.28,0,0
2562,egress,0,VLAN4012,3,terminal,3,20000,0,0,0,0,0,909.28,0,0
2563,egress,0,VLAN4012,3,terminal,3,20000,0,5927.05,0,0,0,909.28,0,0
2564,egress,0,VLAN4012,3,terminal,3,20000,0,2963.53,0,0,0,909.28,0,0
2565,egress,0,VLAN4012,3,terminal,3,20000,0,2963.53,0,0,0,909.28,0,0
2566,egress,0,VLAN4012,3,terminal,3,20000,0,2963.53,0,0,0,909.28,0,0
2567,egress,0,VLAN4012,3,terminal,3,20000,0,0,0,0,0,909.28,0,0
2568,egress,0,VLAN4012,3,terminal,3,20000,0,5858.34,0,0,0,909.28,0,0
2569,egress,0,VLAN4012,3,terminal,3,20000,0,2929.17,0,0,0,909.28,0,0
2570,egress,0,VLAN4012,3,terminal,3,20000,0,2929.17,0,0,0,909.28,0,0
2571,egress,0,VLAN4012,3,terminal,3,20000,0,2929.17,0,0,0,909.28,0,0
2572,egress,0,VLAN4012,3,terminal,3,20000,0,0,0,0,0,909.28,0,0
2573,egress,0,VLAN4012,3,terminal,3,20000,0,5858.34,0,0,0,909.28,0,0
2574,egress,0,VLAN4012,3,terminal,3,20000,0,2929.17,0,0,0,909.28,0,0
2575,egress,0,VLAN4012,3,terminal,3,20000,0,0,0,0,0,909.28,0,0
2576,egress,0,VLAN4012,3,terminal,3,20000,0,5858.34,0,0,0,909.28,0,0
2577,egress,0,VLAN4012,3,terminal,3,20000,0,2903.4,0,0,0,909.28,0,0
2578,egress,0,VLAN4012,3,terminal,3,20000,0,2903.4,0,0,0,909.28,0,0
2579,egress,0,VLAN4012,3,terminal,3,20000,0,2903.4,0,0,0,909.28,0,0
2580,egress,0,VLAN4012,3,terminal,3,20000,0,0,0,0,0,909.28,0,0
2581,egress,0,VLAN4012,3,terminal,3,20000,0,5806.8,0,0,0,909.28,0,0
2582,egress,0,VLAN4012,3,terminal,3,20000,0,2903.4,0,0,0,909.28,0,0
2583,egress,0,VLAN4012,3,terminal,3,20000,0,2903.4,0,0,0,909.28,0,0
2584,egress,0,VLAN4012,3,terminal,3,20000,0,2903.4,0,0,0,909.28,0,0
2585,egress,0,VLAN4012,3,terminal,3,20000,0,0,0,0,0,909.28,0,0
2586,egress,0,VLAN4012,3,terminal,3,20000,0,5806.8,0,0,0,909.28,0,0
2587,egress,0,VLAN4012,3,terminal,3,20000,0,0,0,0,0,909.28,0,0
2588,egress,0,VLAN4012,3,terminal,3,20000,0,5806.8,0,0,0,909.28,0,0
2589,egress,0,VLAN4012,3,terminal,3,20000,0,2903.4,0,0,0,909.28,0,0
2590,egress,0,VLAN4012,3,terminal,3,20000,0,2903.4,0,0,0,909.28,0,0
2591,egress,0,VLAN4012,3,terminal,3,20000,0,2903.4,0,0,0,909.28,0,0
2592,egress,0,VLAN4012,3,terminal,3,20000,0,2903.4,0,0,0,909.28,0,0
2593,egress,0,VLAN4012,3,terminal,3,20000,0,2903.4,0,0,0,909.28,0,0
2594,egress,0,VLAN4012,3,terminal,3,20000,0,2903.4,0,0,0,909.28,0,0
2595,egress,0,VLAN4012,3,terminal,3,20000,0,0,0,0,0,909.28,0,0
2596,egress,0,VLAN4012,3,terminal,3,20000,0,5806.8,0,0,0,909.28,0,0
2597,egress,0,VLAN4012,3,terminal,3,20000,0,0,0,0,0,909.28,0,0
2598,egress,0,VLAN4012,3,terminal,3,20000,0,5772.44,0,0,0,909.28,0,0
2599,egress,0,VLAN4012,3,terminal,3,20000,0,2886.22,0,0,0,909.28,0,0
2600,egress,0,VLAN4012,3,terminal,3,20000,0,0,0,0,0,909.28,0,0
2601,egress,0,VLAN4012,3,terminal,3,20000,0,5772.44,0,0,0,909.28,0,0
2602,egress,0,VLAN4012,3,terminal,3,20000,0,0,0,0,0,909.28,0,0
2603,egress,0,VLAN4012,3,terminal,3,20000,0,5772.44,0,0,0,909.28,0,0
2604,egress,0,VLAN4012,3,terminal,3,20000,0,2886.22,0,0,0,909.28,0,0
2605,egress,0,VLAN4012,3,terminal,3,20000,0,0,0,0,0,909.28,0,0
2606,egress,0,VLAN4012,3,terminal,3,20000,0,5772.44,0,0,0,909.28,0,0
2607,egress,0,VLAN4012,3,terminal,3,20000,0,2894.81,0,0,0,909.28,0,0
2608,egress,0,VLAN4012,3,terminal,3,20000,0,2894.81,0,0,0,909.28,0,0
2609,egress,0,VLAN4012,3,terminal,3,20000,0,2894.81,0,0,0,909.28,0,0
2610,egress,0,VLAN4012,3,terminal,3,20000,0,2894.81,0,0,0,909.28,0,0
2611,egress,0,VLAN4012,3,terminal,3,20000,0,2894.81,0,0,0,909.28,0,0
2612,egress,0,VLAN4012,3,terminal,3,20000,0,2894.81,0,0,0,909.28,0,0
2613,egress,0,VLAN4012,3,terminal,3,20000,0,2894.81,0,0,0,909.28,0,0
2614,egress,0,VLAN4012,3,terminal,3,20000,0,2894.81,0,0,0,909.28,0,0
2615,egress,0,VLAN4012,3,terminal,3,20000,0,2894.81,0,0,0,909.28,0,0
2616,egress,0,VLAN4012,3,terminal,3,20000,0,2894.81,0,0,0,909.28,0,0
2617,egress,0,VLAN4012,3,terminal,3,20000,0,0,0,0,0,909.28,0,0
2618,egress,0,VLAN4012,3,terminal,3,20000,0,5738.08,0,0,0,909.28,0,0
2619,egress,0,VLAN4012,3,terminal,3,20000,0,2869.04,0,0,0,909.28,0,0
2620,egress,0,VLAN4012,3,terminal,3,20000,0,2869.04,0,0,0,909.28,0,0
2621,egress,0,VLAN4012,3,terminal,3,20000,0,2869.04,0,0,0,909.28,0,0
2622,egress,0,VLAN4012,3,terminal,3,20000,0,2869.04,0,0,0,909.28,0,0
2623,egress,0,VLAN4012,3,terminal,3,20000,0,2869.04,0,0,0,909.28,0,0
2624,egress,0,VLAN4012,3,terminal,3,20000,0,2869.04,0,0,0,909.28,0,0
2625,egress,0,VLAN4012,3,terminal,3,20000,0,2869.04,0,0,0,909.28,0,0
2626,egress,0,VLAN4012,3,terminal,3,20000,0,2869.04,0,0,0,909.28,0,0
2627,egress,0,VLAN4012,3,terminal,3,20000,0,0,0,0,0,909.28,0,0
2628,egress,0,VLAN4012,3,terminal,3,20000,0,5909.88,0,0,0,909.28,0,0
2629,egress,0,VLAN4012,3,terminal,3,20000,0,2954.94,0,0,0,909.28,0,0
2630,egress,0,VLAN4012,3,terminal,3,20000,0,0,0,0,0,909.28,0,0
2631,egress,0,VLAN4012,3,terminal,3,20000,0,5909.88,0,0,0,909.28,0,0
2632,egress,0,VLAN4012,3,terminal,3,20000,0,2954.94,0,0,0,909.28,0,0
2633,egress,0,VLAN4012,3,terminal,3,20000,0,2954.94,0,0,0,909.28,0,0
2634,egress,0,VLAN4012,3,terminal,3,20000,0,2954.94,0,0,0,909.28,0,0
2635,egress,0,VLAN4012,3,terminal,3,20000,0,2954.94,0,0,0,909.28,0,0
2636,egress,0,VLAN4012,3,terminal,3,20000,0,2954.94,0,0,0,909.28,0,0
2637,egress,0,VLAN4012,3,terminal,3,20000,0,2980.71,0,0,0,909.28,0,0
2638,egress,0,VLAN4012,3,terminal,3,20000,0,2980.71,0,0,0,909.28,0,0
2639,egress,0,VLAN4012,3,terminal,3,20000,0,2980.71,0,0,0,909.28,0,0
2640,egress,0,VLAN4012,3,terminal,3,20000,0,0,0,0,0,909.28,0,0
2641,egress,0,VLAN4012,3,terminal,3,20000,0,5961.41,0,0,0,909.28,0,0
2642,egress,0,VLAN4012,3,terminal,3,20000,0,2980.71,0,0,0,909.28,0,0
2643,egress,0,VLAN4012,3,terminal,3,20000,0,2980.71,0,0,0,909.28,0,0
2644,egress,0,VLAN4012,3,terminal,3,20000,0,2980.71,0,0,0,909.28,0,0
2645,egress,0,VLAN4012,3,terminal,3,20000,0,0,0,0,0,909.28,0,0
2646,egress,0,VLAN4012,3,terminal,3,20000,0,5961.41,0,0,0,909.28,0,0
2647,egress,0,VLAN4012,3,terminal,3,20000,0,2929.17,0,0,0,909.28,0,0
2648,egress,0,VLAN4012,3,terminal,3,20000,0,2929.17,0,0,0,909.28,0,0
2649,egress,0,VLAN4012,3,terminal,3,20000,0,2929.17,0,0,0,909.28,0,0
2650,egress,0,VLAN4012,3,terminal,3,20000,0,0,0,0,0,909.28,0,0
2651,egress,0,VLAN4012,3,terminal,3,20000,0,5858.34,0,0,0,909.28,0,0
2652,egress,0,VLAN4012,3,terminal,3,20000,0,2929.17,0,0,0,909.28,0,0
2653,egress,0,VLAN4012,3,terminal,3,20000,0,2929.17,0,0,0,909.28,0,0
2654,egress,0,VLAN4012,3,terminal,3,20000,0,2929.17,0,0,0,909.28,0,0
2655,egress,0,VLAN4012,3,terminal,3,20000,0,0,0,0,0,909.28,0,0
2656,egress,0,VLAN4012,3,terminal,3,20000,0,5858.34,0,0,0,909.28,0,0
2657,egress,0,VLAN4012,3,terminal,3,20000,0,2946.35,0,0,0,909.28,0,0
2658,egress,0,VLAN4012,3,terminal,3,20000,0,2946.35,0,0,0,909.28,0,0
2659,egress,0,VLAN4012,3,terminal,3,20000,0,2946.35,0,0,0,909.28,0,0
2660,egress,0,VLAN4012,3,terminal,3,20000,0,2946.35,0,0,0,909.28,0,0
2661,egress,0,VLAN4012,3,terminal,3,20000,0,2946.35,0,0,0,909.28,0,0
2662,egress,0,VLAN4012,3,terminal,3,20000,0,0,0,0,0,909.28,0,0
2663,egress,0,VLAN4012,3,terminal,3,20000,0,5892.7,0,0,0,909.28,0,0
2664,egress,0,VLAN4012,3,terminal,3,20000,0,2946.35,0,0,0,909.28,0,0
2665,egress,0,VLAN4012,3,terminal,3,20000,0,0,0,0,0,909.28,0,0
2666,egress,0,VLAN4012,3,terminal,3,20000,0,5892.7,0,0,0,909.28,0,0
2667,egress,0,VLAN4012,3,terminal,3,20000,0,0,0,0,0,909.28,0,0
2668,egress,0,VLAN4012,3,terminal,3,20000,0,5909.88,0,0,0,909.28,0,0
2669,egress,0,VLAN4012,3,terminal,3,20000,0,2954.94,0,0,0,909.28,0,0
2670,egress,0,VLAN4012,3,terminal,3,20000,0,0,0,0,0,909.28,0,0
2671,egress,0,VLAN4012,3,terminal,3,20000,0,5909.88,0,0,0,909.28,0,0
2672,egress,0,VLAN4012,3,terminal,3,20000,0,2954.94,0,0,0,909.28,0,0
2673,egress,0,VLAN4012,3,terminal,3,20000,0,2954.94,0,0,0,909.28,0,0
2674,egress,0,VLAN4012,3,terminal,3,20000,0,2954.94,0,0,0,909.28,0,0
2675,egress,0,VLAN4012,3,terminal,3,20000,0,2954.94,0,0,0,909.28,0,0
2676,egress,0,VLAN4012,3,terminal,3,20000,0,2954.94,0,0,0,909.28,0,0
2677,egress,0,VLAN4012,3,terminal,3,20000,0,2946.35,0,0,0,909.28,0,0
2678,egress,0,VLAN4012,3,terminal,3,20000,0,2946.35,0,0,0,909.28,0,0
2679,egress,0,VLAN4012,3,terminal,3,20000,0,2946.35,0,0,0,909.28,0,0
2680,egress,0,VLAN4012,3,terminal,3,20000,0,2946.35,0,0,0,909.28,0,0
2681,egress,0,VLAN4012,3,terminal,3,20000,0,2946.35,0,0,0,909.28,0,0
2682,egress,0,VLAN4012,3,terminal,3,20000,0,2946.35,0,0,0,909.28,0,0
2683,egress,0,VLAN4012,3,terminal,3,20000,0,2946.35,0,0,0,909.28,0,0
2684,egress,0,VLAN4012,3,terminal,3,20000,0,2946.35,0,0,0,909.28,0,0
2685,egress,0,VLAN4012,3,terminal,3,20000,0,0,0,0,0,909.28,0,0
2686,egress,0,VLAN4012,3,terminal,3,20000,0,5892.7,0,0,0,909.28,0,0
2687,egress,0,VLAN4012,3,terminal,3,20000,0,2937.76,0,0,0,909.28,0,0
2688,egress,0,VLAN4012,3,terminal,3,20000,0,2937.76,0,0,0,909.28,0,0
2689,egress,0,VLAN4012,3,terminal,3,20000,0,2937.76,0,0,0,909.28,0,0
2690,egress,0,VLAN4012,3,terminal,3,20000,0,0,0,0,0,909.28,0,0
2691,egress,0,VLAN4012,3,terminal,3,20000,0,5875.52,0,0,0,909.28,0,0
2692,egress,0,VLAN4012,3,terminal,3,20000,0,2937.76,0,0,0,909.28,0,0
2693,egress,0,VLAN4012,3,terminal,3,20000,0,2937.76,0,0,0,909.28,0,0
2694,egress,0,VLAN4012,3,terminal,3,20000,0,2937.76,0,0,0,909.28,0,0
2695,egress,0,VLAN4012,3,terminal,3,20000,0,0,0,0,0,909.28,0,0
2696,egress,0,VLAN4012,3,terminal,3,20000,0,5875.52,0,0,0,909.28,0,0
2697,egress,0,VLAN4012,3,terminal,3,20000,0,0,0,0,0,909.28,0,0
2698,egress,0,VLAN4012,3,terminal,3,20000,0,5892.7,0,0,0,909.28,0,0
2699,egress,0,VLAN4012,3,terminal,3,20000,0,2946.35,0,0,0,909.28,0,0
2700,egress,0,VLAN4012,3,terminal,3,20000,0,0,0,0,0,909.28,0,0
2701,egress,0,VLAN4012,3,terminal,3,20000,0,5892.7,0,0,0,909.28,0,0
2702,egress,0,VLAN4012,3,terminal,3,20000,0,2946.35,0,0,0,909.28,0,0
2703,egress,0,VLAN4012,3,terminal,3,20000,0,2946.35,0,0,0,909.28,0,0
2704,egress,0,VLAN4012,3,terminal,3,20000,0,2946.35,0,0,0,909.28,0,0
2705,egress,0,VLAN4012,3,terminal,3,20000,0,2946.35,0,0,0,909.28,0,0
2706,egress,0,VLAN4012,3,terminal,3,20000,0,2946.35,0,0,0,909.28,0,0
2707,egress,0,VLAN4012,3,terminal,3,20000,0,2946.35,0,0,0,909.28,0,0
2708,egress,0,VLAN4012,3,terminal,3,20000,0,2946.35,0,0,0,909.28,0,0
2709,egress,0,VLAN4012,3,terminal,3,20000,0,2946.35,0,0,0,909.28,0,0
2710,egress,0,VLAN4012,3,terminal,3,20000,0,2946.35,0,0,0,909.28,0,0
2711,egress,0,VLAN4012,3,terminal,3,20000,0,2946.35,0,0,0,909.28,0,0
2712,egress,0,VLAN4012,3,terminal,3,20000,0,2946.35,0,0,0,909.28,0,0
2713,egress,0,VLAN4012,3,terminal,3,20000,0,2946.35,0,0,0,909.28,0,0
2714,egress,0,VLAN4012,3,terminal,3,20000,0,2946.35,0,0,0,909.28,0,0
2715,egress,0,VLAN4012,3,terminal,3,20000,0,2946.35,0,0,0,909.28,0,0
2716,egress,0,VLAN4012,3,terminal,3,20000,0,2946.35,0,0,0,909.28,0,0
2717,egress,0,VLAN4012,3,terminal,3,20000,0,2954.94,0,0,0,909.28,0,0
2718,egress,0,VLAN4012,3,terminal,3,20000,0,2954.94,0,0,0,909.28,0,0
2719,egress,0,VLAN4012,3,terminal,3,20000,0,2954.94,0,0,0,909.28,0,0
2720,egress,0,VLAN4012,3,terminal,3,20000,0,2954.94,0,0,0,909.28,0,0
2721,egress,0,VLAN4012,3,terminal,3,20000,0,2954.94,0,0,0,909.28,0,0
2722,egress,0,VLAN4012,3,terminal,3,20000,0,0,0,0,0,909.28,0,0
2723,egress,0,VLAN4012,3,terminal,3,20000,0,5909.88,0,0,0,909.28,0,0
2724,egress,0,VLAN4012,3,terminal,3,20000,0,2954.94,0,0,0,909.28,0,0
2725,egress,0,VLAN4012,3,terminal,3,20000,0,2954.94,0,0,0,909.28,0,0
2726,egress,0,VLAN4012,3,terminal,3,20000,0,2954.94,0,0,0,909.28,0,0
2727,egress,0,VLAN4012,3,terminal,3,20000,0,2946.35,0,0,0,909.28,0,0
2728,egress,0,VLAN4012,3,terminal,3,20000,0,2946.35,0,0,0,909.28,0,0
2729,egress,0,VLAN4012,3,terminal,3,20000,0,2946.35,0,0,0,909.28,0,0
2730,egress,0,VLAN4012,3,terminal,3,20000,0,2946.35,0,0,0,909.28,0,0
2731,egress,0,VLAN4012,3,terminal,3,20000,0,2946.35,0,0,0,909.28,0,0
2732,egress,0,VLAN4012,3,terminal,3,20000,0,2946.35,0,0,0,909.28,0,0
2733,egress,0,VLAN4012,3,terminal,3,20000,0,2946.35,0,0,0,909.28,0,0
2734,egress,0,VLAN4012,3,terminal,3,20000,0,2946.35,0,0,0,909.28,0,0
2735,egress,0,VLAN4012,3,terminal,3,20000,0,0,0,0,0,909.28,0,0
2736,egress,0,VLAN4012,3,terminal,3,20000,0,5892.7,0,0,0,909.28,0,0
2737,egress,0,VLAN4012,3,terminal,3,20000,0,0,0,0,0,909.28,0,0
2738,egress,0,VLAN4012,3,terminal,3,20000,0,5892.7,0,0,0,909.28,0,0
2739,egress,0,VLAN4012,3,terminal,3,20000,0,2946.35,0,0,0,909.28,0,0
2740,egress,0,VLAN4012,3,terminal,3,20000,0,2946.35,0,0,0,909.28,0,0
2741,egress,0,VLAN4012,3,terminal,3,20000,0,2946.35,0,0,0,909.28,0,0
2742,egress,0,VLAN4012,3,terminal,3,20000,0,2946.35,0,0,0,909.28,0,0
2743,egress,0,VLAN4012,3,terminal,3,20000,0,2946.35,0,0,0,909.28,0,0
2744,egress,0,VLAN4012,3,terminal,3,20000,0,2946.35,0,0,0,909.28,0,0
2745,egress,0,VLAN4012,3,terminal,3,20000,0,2946.35,0,0,0,909.28,0,0
2746,egress,0,VLAN4012,3,terminal,3,20000,0,2946.35,0,0,0,909.28,0,0
2747,egress,0,VLAN4012,3,terminal,3,20000,0,0,0,0,0,909.28,0,0
2748,egress,0,VLAN4012,3,terminal,3,20000,0,5858.34,0,0,0,909.28,0,0
2749,egress,0,VLAN4012,3,terminal,3,20000,0,2929.17,0,0,0,909.28,0,0
2750,egress,0,VLAN4012,3,terminal,3,20000,0,2929.17,0,0,0,909.28,0,0
2751,egress,0,VLAN4012,3,terminal,3,20000,0,2929.17,0,0,0,909.28,0,0
2752,egress,0,VLAN4012,3,terminal,3,20000,0,0,0,0,0,909.28,0,0
2753,egress,0,VLAN4012,3,terminal,3,20000,0,5858.34,0,0,0,909.28,0,0
2754,egress,0,VLAN4012,3,terminal,3,20000,0,2929.17,0,0,0,909.28,0,0
2755,egress,0,VLAN4012,3,terminal,3,20000,0,0,0,0,0,909.28,0,0
2756,egress,0,VLAN4012,3,terminal,3,20000,0,5858.34,0,0,0,909.28,0,0
2757,egress,0,VLAN4012,3,terminal,3,20000,0,0,0,0,0,909.28,0,0
2758,egress,0,VLAN4012,3,terminal,3,20000,0,5858.34,0,0,0,909.28,0,0
2759,egress,0,VLAN4012,3,terminal,3,20000,0,2929.17,0,0,0,909.28,0,0
2760,egress,0,VLAN4012,3,terminal,3,20000,0,0,0,0,0,909.28,0,0
2761,egress,0,VLAN4012,3,terminal,3,20000,0,5858.34,0,0,0,909.28,0,0
2762,egress,0,VLAN4012,3,terminal,3,20000,0,2929.17,0,0,0,909.28,0,0
2763,egress,0,VLAN4012,3,terminal,3,20000,0,2929.17,0,0,0,909.28,0,0
2764,egress,0,VLAN4012,3,terminal,3,20000,0,2929.17,0,0,0,909.28,0,0
2765,egress,0,VLAN4012,3,terminal,3,20000,0,0,0,0,0,909.28,0,0
2766,egress,0,VLAN4012,3,terminal,3,20000,0,5858.34,0,0,0,909.28,0,0
2767,egress,0,VLAN4012,3,terminal,3,20000,0,0,0,0,0,909.28,0,0
2768,egress,0,VLAN4012,3,terminal,3,20000,0,5858.34,0,0,0,909.28,0,0
2769,egress,0,VLAN4012,3,terminal,3,20000,0,2929.17,0,0,0,909.28,0,0
2770,egress,0,VLAN4012,3,terminal,3,20000,0,2929.17,0,0,0,909.28,0,0
2771,egress,0,VLAN4012,3,terminal,3,20000,0,2929.17,0,0,0,909.28,0,0
2772,egress,0,VLAN4012,3,terminal,3,20000,0,2929.17,0,0,0,909.28,0,0
2773,egress,0,VLAN4012,3,terminal,3,20000,0,2929.17,0,0,0,909.28,0,0
2774,egress,0,VLAN4012,3,terminal,3,20000,0,2929.17,0,0,0,909.28,0,0
2775,egress,0,VLAN4012,3,terminal,3,20000,0,2929.17,0,0,0,909.28,0,0
2776,egress,0,VLAN4012,3,terminal,3,20000,0,2929.17,0,0,0,909.28,0,0
2777,egress,0,VLAN4012,3,terminal,3,20000,0,2937.76,0,0,0,909.28,0,0
2778,egress,0,VLAN4012,3,terminal,3,20000,0,2937.76,0,0,0,909.28,0,0
2779,egress,0,VLAN4012,3,terminal,3,20000,0,2937.76,0,0,0,909.28,0,0
2780,egress,0,VLAN4012,3,terminal,3,20000,0,2937.76,0,0,0,909.28,0,0
2781,egress,0,VLAN4012,3,terminal,3,20000,0,2937.76,0,0,0,909.28,0,0
2782,egress,0,VLAN4012,3,terminal,3,20000,0,2937.76,0,0,0,909.28,0,0
2783,egress,0,VLAN4012,3,terminal,3,20000,0,2937.76,0,0,0,909.28,0,0
2784,egress,0,VLAN4012,3,terminal,3,20000,0,2937.76,0,0,0,909.28,0,0
2785,egress,0,VLAN4012,3,terminal,3,20000,0,2937.76,0,0,0,909.28,0,0
2786,egress,0,VLAN4012,3,terminal,3,20000,0,2937.76,0,0,0,909.28,0,0
2787,egress,0,VLAN4012,3,terminal,3,20000,0,0,0,0,0,909.28,0,0
2788,egress,0,VLAN4012,3,terminal,3,20000,0,5892.7,0,0,0,909.28,0,0
2789,egress,0,VLAN4012,3,terminal,3,20000,0,2946.35,0,0,0,909.28,0,0
2790,egress,0,VLAN4012,3,terminal,3,20000,0,2946.35,0,0,0,909.28,0,0
2791,egress,0,VLAN4012,3,terminal,3,20000,0,2946.35,0,0,0,909.28,0,0
2792,egress,0,VLAN4012,3,terminal,3,20000,0,2946.35,0,0,0,909.28,0,0
2793,egress,0,VLAN4012,3,terminal,3,20000,0,2946.35,0,0,0,909.28,0,0
2794,egress,0,VLAN4012,3,terminal,3,20000,0,2946.35,0,0,0,909.28,0,0
2795,egress,0,VLAN4012,3,terminal,3,20000,0,2946.35,0,0,0,909.28,0,0
2796,egress,0,VLAN4012,3,terminal,3,20000,0,2946.35,0,0,0,909.28,0,0
2797,egress,0,VLAN4012,3,terminal,3,20000,0,0,0,0,0,909.28,0,0
2798,egress,0,VLAN4012,3,terminal,3,20000,0,5909.88,0,0,0,909.28,0,0
2799,egress,0,VLAN4012,3,terminal,3,20000,0,2954.94,0,0,0,909.28,0,0
2800,egress,0,VLAN4012,3,terminal,3,20000,0,2954.94,0,0,0,909.28,0,0
2801,egress,0,VLAN4012,3,terminal,3,20000,0,2954.94,0,0,0,909.28,0,0
2802,egress,0,VLAN4012,3,terminal,3,20000,0,0,0,0,0,909.28,0,0
2803,egress,0,VLAN4012,3,terminal,3,20000,0,5909.88,0,0,0,909.28,0,0
2804,egress,0,VLAN4012,3,terminal,3,20000,0,2954.94,0,0,0,909.28,0,0
2805,egress,0,VLAN4012,3,terminal,3,20000,0,0,0,0,0,909.28,0,0
2806,egress,0,VLAN4012,3,terminal,3,20000,0,5909.88,0,0,0,909.28,0,0
2807,egress,0,VLAN4012,3,terminal,3,20000,0,2963.53,0,0,0,909.28,0,0
2808,egress,0,VLAN4012,3,terminal,3,20000,0,2963.53,0,0,0,909.28,0,0
2809,egress,0,VLAN4012,3,terminal,3,20000,0,2963.53,0,0,0,909.28,0,0
2810,egress,0,VLAN4012,3,terminal,3,20000,0,0,0,0,0,909.28,0,0
2811,egress,0,VLAN4012,3,terminal,3,20000,0,5927.05,0,0,0,909.28,0,0
2812,egress,0,VLAN4012,3,terminal,3,20000,0,0,0,0,0,909.28,0,0
2813,egress,0,VLAN4012,3,terminal,3,20000,0,5927.05,0,0,0,909.28,0,0
2814,egress,0,VLAN4012,3,terminal,3,20000,0,2963.53,0,0,0,909.28,0,0
2815,egress,0,VLAN4012,3,terminal,3,20000,0,0,0,0,0,909.28,0,0
2816,egress,0,VLAN4012,3,terminal,3,20000,0,5927.05,0,0,0,909.28,0,0
2817,egress,0,VLAN4012,3,terminal,3,20000,0,0,0,0,0,909.28,0,0
2818,egress,0,VLAN4012,3,terminal,3,20000,0,5858.34,0,0,0,909.28,0,0
2819,egress,0,VLAN4012,3,terminal,3,20000,0,2929.17,0,0,0,909.28,0,0
2820,egress,0,VLAN4012,3,terminal,3,20000,0,2929.17,0,0,0,909.28,0,0
2821,egress,0,VLAN4012,3,terminal,3,20000,0,2929.17,0,0,0,909.28,0,0
2822,egress,0,VLAN4012,3,terminal,3,20000,0,2929.17,0,0,0,909.28,0,0
2823,egress,0,VLAN4012,3,terminal,3,20000,0,2929.17,0,0,0,909.28,0,0
2824,egress,0,VLAN4012,3,terminal,3,20000,0,2929.17,0,0,0,909.28,0,0
2825,egress,0,VLAN4012,3,terminal,3,20000,0,2929.17,0,0,0,909.28,0,0
2826,egress,0,VLAN4012,3,terminal,3,20000,0,2929.17,0,0,0,909.28,0,0
2827,egress,0,VLAN4012,3,terminal,3,20000,0,0,0,0,0,909.28,0,0
2828,egress,0,VLAN4012,3,terminal,3,20000,0,5806.8,0,0,0,909.28,0,0
2829,egress,0,VLAN4012,3,terminal,3,20000,0,2903.4,0,0,0,909.28,0,0
2830,egress,0,VLAN4012,3,terminal,3,20000,0,2903.4,0,0,0,909.28,0,0
2831,egress,0,VLAN4012,3,terminal,3,20000,0,2903.4,0,0,0,909.28,0,0
2832,egress,0,VLAN4012,3,terminal,3,20000,0,0,0,0,0,909.28,0,0
2833,egress,0,VLAN4012,3,terminal,3,20000,0,5806.8,0,0,0,909.28,0,0
2834,egress,0,VLAN4012,3,terminal,3,20000,0,2903.4,0,0,0,909.28,0,0
2835,egress,0,VLAN4012,3,terminal,3,20000,0,0,0,0,0,909.28,0,0
2836,egress,0,VLAN4012,3,terminal,3,20000,0,5806.8,0,0,0,909.28,0,0
2837,egress,0,VLAN4012,3,terminal,3,20000,0,0,0,0,0,909.28,0,0
2838,egress,0,VLAN4012,3,terminal,3,20000,0,5806.8,0,0,0,909.28,0,0
2839,egress,0,VLAN4012,3,terminal,3,20000,0,2903.4,0,0,0,909.28,0,0
2840,egress,0,VLAN4012,3,terminal,3,20000,0,0,0,0,0,909.28,0,0
2841,egress,0,VLAN4012,3,terminal,3,20000,0,5806.8,0,0,0,909.28,0,0
2842,egress,0,VLAN4012,3,terminal,3,20000,0,2903.4,0,0,0,909.28,0,0
2843,egress,0,VLAN4012,3,terminal,3,20000,0,2903.4,0,0,0,909.28,0,0
2844,egress,0,VLAN4012,3,terminal,3,20000,0,2903.4,0,0,0,909.28,0,0
2845,egress,0,VLAN4012,3,terminal,3,20000,0,2903.4,0,0,0,909.28,0,0
2846,egress,0,VLAN4012,3,terminal,3,20000,0,2903.4,0,0,0,909.28,0,0
2847,egress,0,VLAN4012,3,terminal,3,20000,0,2894.81,0,0,0,909.28,0,0
2848,egress,0,VLAN4012,3,terminal,3,20000,0,2894.81,0,0,0,909.28,0,0
2849,egress,0,VLAN4012,3,terminal,3,20000,0,2894.81,0,0,0,909.28,0,0
2850,egress,0,VLAN4012,3,terminal,3,20000,0,2894.81,0,0,0,909.28,0,0
2851,egress,0,VLAN4012,3,terminal,3,20000,0,2894.81,0,0,0,909.28,0,0
2852,egress,0,VLAN4012,3,terminal,3,20000,0,2894.81,0,0,0,909.28,0,0
2853,egress,0,VLAN4012,3,terminal,3,20000,0,2894.81,0,0,0,909.28,0,0
2854,egress,0,VLAN4012,3,terminal,3,20000,0,2894.81,0,0,0,909.28,0,0
2855,egress,0,VLAN4012,3,terminal,3,20000,0,0,0,0,0,909.28,0,0
2856,egress,0,VLAN4012,3,terminal,3,20000,0,5789.62,0,0,0,909.28,0,0
2857,egress,0,VLAN4012,3,terminal,3,20000,0,0,0,0,0,909.28,0,0
2858,egress,0,VLAN4012,3,terminal,3,20000,0,5789.62,0,0,0,909.28,0,0
2859,egress,0,VLAN4012,3,terminal,3,20000,0,2894.81,0,0,0,909.28,0,0
2860,egress,0,VLAN4012,3,terminal,3,20000,0,0,0,0,0,909.28,0,0
2861,egress,0,VLAN4012,3,terminal,3,20000,0,5789.62,0,0,0,909.28,0,0
2862,egress,0,VLAN4012,3,terminal,3,20000,0,2894.81,0,0,0,909.28,0,0
2863,egress,0,VLAN4012,3,terminal,3,20000,0,2894.81,0,0,0,909.28,0,0
2864,egress,0,VLAN4012,3,terminal,3,20000,0,2894.81,0,0,0,909.28,0,0
2865,egress,0,VLAN4012,3,terminal,3,20000,0,0,0,0,0,909.28,0,0
2866,egress,0,VLAN4012,3,terminal,3,20000,0,5789.62,0,0,0,909.28,0,0
2867,egress,0,VLAN4012,3,terminal,3,20000,0,2903.4,0,0,0,909.28,0,0
2868,egress,0,VLAN4012,3,terminal,3,20000,0,2903.4,0,0,0,909.28,0,0
2869,egress,0,VLAN4012,3,terminal,3,20000,0,2903.4,0,0,0,909.28,0,0
2870,egress,0,VLAN4012,3,terminal,3,20000,0,0,0,0,0,909.28,0,0
2871,egress,0,VLAN4012,3,terminal,3,20000,0,5806.8,0,0,0,909.28,0,0
2872,egress,0,VLAN4012,3,terminal,3,20000,0,0,0,0,0,909.28,0,0
2873,egress,0,VLAN4012,3,terminal,3,20000,0,5806.8,0,0,0,909.28,0,0
2874,egress,0,VLAN4012,3,terminal,3,20000,0,2903.4,0,0,0,909.28,0,0
2875,egress,0,VLAN4012,3,terminal,3,20000,0,2903.4,0,0,0,909.28,0,0
2876,egress,0,VLAN4012,3,terminal,3,20000,0,2903.4,0,0,0,909.28,0,0
2877,egress,0,VLAN4012,3,terminal,3,20000,0,0,0,0,0,909.28,0,0
2878,egress,0,VLAN4012,3,terminal,3,20000,0,5858.34,0,0,0,909.28,0,0
2879,egress,0,VLAN4012,3,terminal,3,20000,0,2929.17,0,0,0,909.28,0,0
2880,egress,0,VLAN4012,3,terminal,3,20000,0,0,0,0,0,909.28,0,0
2881,egress,0,VLAN4012,3,terminal,3,20000,0,5858.34,0,0,0,909.28,0,0
2882,egress,0,VLAN4012,3,terminal,3,20000,0,0,0,0,0,909.28,0,0
2883,egress,0,VLAN4012,3,terminal,3,20000,0,5858.34,0,0,0,909.28,0,0
2884,egress,0,VLAN4012,3,terminal,3,20000,0,2929.17,0,0,0,909.28,0,0
2885,egress,0,VLAN4012,3,terminal,3,20000,0,2929.17,0,0,0,909.28,0,0
2886,egress,0,VLAN4012,3,terminal,3,20000,0,2929.17,0,0,0,909.28,0,0
2887,egress,0,VLAN4012,3,terminal,3,20000,0,0,0,0,0,909.28,0,0
2888,egress,0,VLAN4012,3,terminal,3,20000,0,5909.88,0,0,0,909.28,0,0
2889,egress,0,VLAN4012,3,terminal,3,20000,0,2954.94,0,0,0,909.28,0,0
2890,egress,0,VLAN4012,3,terminal,3,20000,0,0,0,0,0,909.28,0,0
2891,egress,0,VLAN4012,3,terminal,3,20000,0,5909.88,0,0,0,909.28,0,0
2892,egress,0,VLAN4012,3,terminal,3,20000,0,0,0,0,0,909.28,0,0
2893,egress,0,VLAN4012,3,terminal,3,20000,0,5909.88,0,0,0,909.28,0,0
2894,egress,0,VLAN4012,3,terminal,3,20000,0,2954.94,0,0,0,909.28,0,0
2895,egress,0,VLAN4012,3,terminal,3,20000,0,2954.94,0,0,0,909.28,0,0
2896,egress,0,VLAN4012,3,terminal,3,20000,0,2954.94,0,0,0,909.28,0,0
2897,egress,0,VLAN4012,3,terminal,3,20000,0,0,0,0,0,909.28,0,0
2898,egress,0,VLAN4012,3,terminal,3,20000,0,5927.05,0,0,0,909.28,0,0
2899,egress,0,VLAN4012,3,terminal,3,20000,0,2963.53,0,0,0,909.28,0,0
2900,egress,0,VLAN4012,3,terminal,3,20000,0,2963.53,0,0,0,909.28,0,0
2901,egress,0,VLAN4012,3,terminal,3,20000,0,2963.53,0,0,0,909.28,0,0
2902,egress,0,VLAN4012,3,terminal,3,20000,0,0,0,0,0,909.28,0,0
2903,egress,0,VLAN4012,3,terminal,3,20000,0,5927.05,0,0,0,909.28,0,0
2904,egress,0,VLAN4012,3,terminal,3,20000,0,2963.53,0,0,0,909.28,0,0
2905,egress,0,VLAN4012,3,terminal,3,20000,0,0,0,0,0,909.28,0,0
2906,egress,0,VLAN4012,3,terminal,3,20000,0,5927.05,0,0,0,909.28,0,0
2907,egress,0,VLAN4012,3,terminal,3,20000,0,0,0,0,0,909.28,0,0
2908,egress,0,VLAN4012,3,terminal,3,20000,0,5909.88,0,0,0,909.28,0,0
2909,egress,0,VLAN4012,3,terminal,3,20000,0,2954.94,0,0,0,909.28,0,0
2910,egress,0,VLAN4012,3,terminal,3,20000,0,2954.94,0,0,0,909.28,0,0
2911,egress,0,VLAN4012,3,terminal,3,20000,0,2954.94,0,0,0,909.28,0,0
2912,egress,0,VLAN4012,3,terminal,3,20000,0,0,0,0,0,909.28,0,0
2913,egress,0,VLAN4012,3,terminal,3,20000,0,5909.88,0,0,0,909.28,0,0
2914,egress,0,VLAN4012,3,terminal,3,20000,0,2954.94,0,0,0,909.28,0,0
2915,egress,0,VLAN4012,3,terminal,3,20000,0,0,0,0,0,909.28,0,0
2916,egress,0,VLAN4012,3,terminal,3,20000,0,5909.88,0,0,0,909.28,0,0
2917,egress,0,VLAN4012,3,terminal,3,20000,0,2946.35,0,0,0,909.28,0,0
2918,egress,0,VLAN4012,3,terminal,3,20000,0,2946.35,0,0,0,909.28,0,0
2919,egress,0,VLAN4012,3,terminal,3,20000,0,2946.35,0,0,0,909.28,0,0
2920,egress,0,VLAN4012,3,terminal,3,20000,0,2946.35,0,0,0,909.28,0,0
2921,egress,0,VLAN4012,3,terminal,3,20000,0,2946.35,0,0,0,909.28,0,0
2922,egress,0,VLAN4012,3,terminal,3,20000,0,0,0,0,0,909.28,0,0
2923,egress,0,VLAN4012,3,terminal,3,20000,0,5892.7,0,0,0,909.28,0,0
2924,egress,0,VLAN4012,3,terminal,3,20000,0,2946.35,0,0,0,909.28,0,0
2925,egress,0,VLAN4012,3,terminal,3,20000,0,2946.35,0,0,0,909.28,0,0
2926,egress,0,VLAN4012,3,terminal,3,20000,0,2946.35,0,0,0,909.28,0,0
2927,egress,0,VLAN4012,3,terminal,3,20000,0,0,0,0,0,909.28,0,0
2928,egress,0,VLAN4012,3,terminal,3,20000,0,5892.7,0,0,0,909.28,0,0
2929,egress,0,VLAN4012,3,terminal,3,20000,0,2946.35,0,0,0,909.28,0,0
2930,egress,0,VLAN4012,3,terminal,3,20000,0,2946.35,0,0,0,909.28,0,0
2931,egress,0,VLAN4012,3,terminal,3,20000,0,2946.35,0,0,0,909.28,0,0
2932,egress,0,VLAN4012,3,terminal,3,20000,0,0,0,0,0,909.28,0,0
2933,egress,0,VLAN4012,3,terminal,3,20000,0,5892.7,0,0,0,909.28,0,0
2934,egress,0,VLAN4012,3,terminal,3,20000,0,2946.35,0,0,0,909.28,0,0
2935,egress,0,VLAN4012,3,terminal,3,20000,0,2946.35,0,0,0,909.28,0,0
2936,egress,0,VLAN4012,3,terminal,3,20000,0,2946.35,0,0,0,909.28,0,0
2937,egress,0,VLAN4012,3,terminal,3,20000,0,0,0,0,0,909.28,0,0
2938,egress,0,VLAN4012,3,terminal,3,20000,0,5875.52,0,0,0,909.28,0,0
2939,egress,0,VLAN4012,3,terminal,3,20000,0,2937.76,0,0,0,909.28,0,0
2940,egress,0,VLAN4012,3,terminal,3,20000,0,2937.76,0,0,0,909.28,0,0
2941,egress,0,VLAN4012,3,terminal,3,20000,0,2937.76,0,0,0,909.28,0,0
2942,egress,0,VLAN4012,3,terminal,3,20000,0,0,0,0,0,909.28,0,0
2943,egress,0,VLAN4012,3,terminal,3,20000,0,5875.52,0,0,0,909.28,0,0
2944,egress,0,VLAN4012,3,terminal,3,20000,0,2937.76,0,0,0,909.28,0,0
2945,egress,0,VLAN4012,3,terminal,3,20000,0,0,0,0,0,909.28,0,0
2946,egress,0,VLAN4012,3,terminal,3,20000,0,5875.52,0,0,0,909.28,0,0
2947,egress,0,VLAN4012,3,terminal,3,20000,0,0,0,0,0,909.28,0,0
2948,egress,0,VLAN4012,3,terminal,3,20000,0,5858.34,0,0,0,909.28,0,0
2949,egress,0,VLAN4012,3,terminal,3,20000,0,2929.17,0,0,0,909.28,0,0
2950,egress,0,VLAN4012,3,terminal,3,20000,0,0,0,0,0,909.28,0,0
2951,egress,0,VLAN4012,3,terminal,3,20000,0,5858.34,0,0,0,909.28,0,0
2952,egress,0,VLAN4012,3,terminal,3,20000,0,0,0,0,0,909.28,0,0
2953,egress,0,VLAN4012,3,terminal,3,20000,0,5858.34,0,0,0,909.28,0,0
2954,egress,0,VLAN4012,3,terminal,3,20000,0,2929.17,0,0,0,909.28,0,0
2955,egress,0,VLAN4012,3,terminal,3,20000,0,2929.17,0,0,0,909.28,0,0
2956,egress,0,VLAN4012,3,terminal,3,20000,0,2929.17,0,0,0,909.28,0,0
2957,egress,0,VLAN4012,3,terminal,3,20000,0,0,0,0,0,909.28,0,0
2958,egress,0,VLAN4012,3,terminal,3,20000,0,5892.7,0,0,0,909.28,0,0
2959,egress,0,VLAN4012,3,terminal,3,20000,0,2946.35,0,0,0,909.28,0,0
2960,egress,0,VLAN4012,3,terminal,3,20000,0,2946.35,0,0,0,909.28,0,0
2961,egress,0,VLAN4012,3,terminal,3,20000,0,2946.35,0,0,0,909.28,0,0
2962,egress,0,VLAN4012,3,terminal,3,20000,0,0,0,0,0,909.28,0,0
2963,egress,0,VLAN4012,3,terminal,3,20000,0,5892.7,0,0,0,909.28,0,0
2964,egress,0,VLAN4012,3,terminal,3,20000,0,2946.35,0,0,0,909.28,0,0
2965,egress,0,VLAN4012,3,terminal,3,20000,0,0,0,0,0,909.28,0,0
2966,egress,0,VLAN4012,3,terminal,3,20000,0,5892.7,0,0,0,909.28,0,0
2967,egress,0,VLAN4012,3,terminal,3,20000,0,0,0,0,0,909.28,0,0
2968,egress,0,VLAN4012,3,terminal,3,20000,0,5909.88,0,0,0,909.28,0,0
2969,egress,0,VLAN4012,3,terminal,3,20000,0,2954.94,0,0,0,909.28,0,0
2970,egress,0,VLAN4012,3,terminal,3,20000,0,2954.94,0,0,0,909.28,0,0
2971,egress,0,VLAN4012,3,terminal,3,20000,0,2954.94,0,0,0,909.28,0,0
2972,egress,0,VLAN4012,3,terminal,3,20000,0,0,0,0,0,909.28,0,0
2973,egress,0,VLAN4012,3,terminal,3,20000,0,5909.88,0,0,0,909.28,0,0
2974,egress,0,VLAN4012,3,terminal,3,20000,0,2954.94,0,0,0,909.28,0,0
2975,egress,0,VLAN4012,3,terminal,3,20000,0,0,0,0,0,909.28,0,0
2976,egress,0,VLAN4012,3,terminal,3,20000,0,5909.88,0,0,0,909.28,0,0
2977,egress,0,VLAN4012,3,terminal,3,20000,0,2963.53,0,0,0,909.28,0,0
2978,egress,0,VLAN4012,3,terminal,3,20000,0,2963.53,0,0,0,909.28,0,0
2979,egress,0,VLAN4012,3,terminal,3,20000,0,2963.53,0,0,0,909.28,0,0
2980,egress,0,VLAN4012,3,terminal,3,20000,0,2963.53,0,0,0,909.28,0,0
2981,egress,0,VLAN4012,3,terminal,3,20000,0,2963.53,0,0,0,909.28,0,0
2982,egress,0,VLAN4012,3,terminal,3,20000,0,0,0,0,0,909.28,0,0
2983,egress,0,VLAN4012,3,terminal,3,20000,0,5927.05,0,0,0,909.28,0,0
2984,egress,0,VLAN4012,3,terminal,3,20000,0,2963.53,0,0,0,909.28,0,0
2985,egress,0,VLAN4012,3,terminal,3,20000,0,0,0,0,0,909.28,0,0
2986,egress,0,VLAN4012,3,terminal,3,20000,0,5927.05,0,0,0,909.28,0,0
2987,egress,0,VLAN4012,3,terminal,3,20000,0,0,0,0,0,909.28,0,0
2988,egress,0,VLAN4012,3,terminal,3,20000,0,5944.23,0,0,0,909.28,0,0
2989,egress,0,VLAN4012,3,terminal,3,20000,0,2972.12,0,0,0,909.28,0,0
2990,egress,0,VLAN4012,3,terminal,3,20000,0,2972.12,0,0,0,909.28,0,0
2991,egress,0,VLAN4012,3,terminal,3,20000,0,2972.12,0,0,0,909.28,0,0
2992,egress,0,VLAN4012,3,terminal,3,20000,0,2972.12,0,0,0,909.28,0,0
2993,egress,0,VLAN4012,3,terminal,3,20000,0,2972.12,0,0,0,909.28,0,0
2994,egress,0,VLAN4012,3,terminal,3,20000,0,2972.12,0,0,0,909.28,0,0
2995,egress,0,VLAN4012,3,terminal,3,20000,0,2972.12,0,0,0,909.28,0,0
2996,egress,0,VLAN4012,3,terminal,3,20000,0,2972.12,0,0,0,909.28,0,0
2997,egress,0,VLAN4012,3,terminal,3,20000,0,0,0,0,0,909.28,0,0
2998,egress,0,VLAN4012,3,terminal,3,20000,0,0,0,0,0,909.28,0,0
2999,egress,0,VLAN4012,3,terminal,3,20000,0,0,0,0,0,909.28,0,0
3000,egress,0,VLAN4012,3,terminal,3,20000,0,0,0,0,0,909.28,0,0
