interval,event,switch,switch_name,port,target_type,target_index,flowlet_id,source_terminal,destination_terminal,creation_interval,age_intervals,capacity_gbit,queued_before_gbit,send_gbit,remaining_after_gbit,dropped_gbit
1,stage_arrival,0,VLAN4012,3,terminal,3,1001,2,3,0,1,10,0,0,1.97568,0
2,stage_arrival,0,VLAN4012,3,terminal,3,1001,2,3,0,2,10,0,0,1.97568,0
3,stage_arrival,0,VLAN4012,3,terminal,3,1001,2,3,0,3,10,0,0,1.97568,0
4,stage_arrival,0,VLAN4012,3,terminal,3,1001,2,3,0,4,10,0,0,1.97568,0
5,stage_arrival,0,VLAN4012,3,terminal,3,1001,2,3,0,5,10,0,0,1.97568,0
1,allocate_send_arrival,0,VLAN4012,3,terminal,3,1001,2,3,0,1,10,0,1.97568,0,0
1,allocate_send_arrival,0,VLAN4012,3,terminal,3,1001,2,3,0,1,10,0,1.97568,0,0
1,allocate_send_arrival,0,VLAN4012,3,terminal,3,1001,2,3,0,1,10,0,1.97568,0,0
1,allocate_send_arrival,0,VLAN4012,3,terminal,3,1001,2,3,0,1,10,0,1.97568,0,0
1,allocate_send_arrival,0,VLAN4012,3,terminal,3,1001,2,3,0,1,10,0,1.97568,0,0
6,stage_arrival,0,VLAN4012,3,terminal,3,1001,2,3,0,6,10,0,0,1.97568,0
2,allocate_send_arrival,0,VLAN4012,3,terminal,3,1001,2,3,0,2,10,0,1.97568,0,0
7,stage_arrival,0,VLAN4012,3,terminal,3,1001,2,3,0,7,10,0,0,1.97568,0
8,stage_arrival,0,VLAN4012,3,terminal,3,1001,2,3,0,8,10,0,0,1.97568,0
4,allocate_send_arrival,0,VLAN4012,3,terminal,3,1001,2,3,0,4,10,0,1.97568,0,0
4,allocate_send_arrival,0,VLAN4012,3,terminal,3,1001,2,3,0,4,10,0,1.97568,0,0
9,stage_arrival,0,VLAN4012,3,terminal,3,1001,2,3,0,9,10,0,0,1.97568,0
5,allocate_send_arrival,0,VLAN4012,3,terminal,3,1001,2,3,0,5,10,0,1.97568,0,0
10,stage_arrival,0,VLAN4012,3,terminal,3,1001,2,3,0,10,10,0,0,1.97568,0
6,allocate_send_arrival,0,VLAN4012,3,terminal,3,1001,2,3,0,6,10,0,1.97568,0,0
11,stage_arrival,0,VLAN4012,3,terminal,3,1001,2,3,0,11,10,0,0,1.99286,0
7,allocate_send_arrival,0,VLAN4012,3,terminal,3,1001,2,3,0,7,10,0,1.99286,0,0
12,stage_arrival,0,VLAN4012,3,terminal,3,1001,2,3,0,12,10,0,0,1.99286,0
9,allocate_send_arrival,0,VLAN4012,3,terminal,3,1001,2,3,0,9,10,0,1.99286,0,0
13,stage_arrival,0,VLAN4012,3,terminal,3,1001,2,3,0,13,10,0,0,1.99286,0
14,stage_arrival,0,VLAN4012,3,terminal,3,1001,2,3,0,14,10,0,0,1.99286,0
10,allocate_send_arrival,0,VLAN4012,3,terminal,3,1001,2,3,0,10,10,0,1.99286,0,0
10,allocate_send_arrival,0,VLAN4012,3,terminal,3,1001,2,3,0,10,10,0,1.99286,0,0
15,stage_arrival,0,VLAN4012,3,terminal,3,1001,2,3,0,15,10,0,0,1.99286,0
11,allocate_send_arrival,0,VLAN4012,3,terminal,3,1001,2,3,0,11,10,0,1.99286,0,0
16,stage_arrival,0,VLAN4012,3,terminal,3,1001,2,3,0,16,10,0,0,1.99286,0
12,allocate_send_arrival,0,VLAN4012,3,terminal,3,1001,2,3,0,12,10,0,1.99286,0,0
17,stage_arrival,0,VLAN4012,3,terminal,3,1001,2,3,0,17,10,0,0,1.99286,0
18,stage_arrival,0,VLAN4012,3,terminal,3,1001,2,3,0,18,10,0,0,1.99286,0
14,allocate_send_arrival,0,VLAN4012,3,terminal,3,1001,2,3,0,14,10,0,1.99286,0,0
14,allocate_send_arrival,0,VLAN4012,3,terminal,3,1001,2,3,0,14,10,0,1.99286,0,0
19,stage_arrival,0,VLAN4012,3,terminal,3,1001,2,3,0,19,10,0,0,1.99286,0
16,allocate_send_arrival,0,VLAN4012,3,terminal,3,1001,2,3,0,16,10,0,1.99286,0,0
20,stage_arrival,0,VLAN4012,3,terminal,3,1001,2,3,0,20,10,0,0,1.99286,0
21,stage_arrival,0,VLAN4012,3,terminal,3,1001,2,3,0,21,10,0,0,2.01004,0
17,allocate_send_arrival,0,VLAN4012,3,terminal,3,1001,2,3,0,17,10,0,1.99286,0,0
17,allocate_send_arrival,0,VLAN4012,3,terminal,3,1001,2,3,0,17,10,0,2.01004,0,0
22,stage_arrival,0,VLAN4012,3,terminal,3,1001,2,3,0,22,10,0,0,2.01004,0
19,allocate_send_arrival,0,VLAN4012,3,terminal,3,1001,2,3,0,19,10,0,2.01004,0,0
23,stage_arrival,0,VLAN4012,3,terminal,3,1001,2,3,0,23,10,0,0,2.01004,0
20,allocate_send_arrival,0,VLAN4012,3,terminal,3,1001,2,3,0,20,10,0,2.01004,0,0
24,stage_arrival,0,VLAN4012,3,terminal,3,1001,2,3,0,24,10,0,0,2.01004,0
21,allocate_send_arrival,0,VLAN4012,3,terminal,3,1001,2,3,0,21,10,0,2.01004,0,0
25,stage_arrival,0,VLAN4012,3,terminal,3,1001,2,3,0,25,10,0,0,2.01004,0
26,stage_arrival,0,VLAN4012,3,terminal,3,1001,2,3,0,26,10,0,0,2.01004,0
22,allocate_send_arrival,0,VLAN4012,3,terminal,3,1001,2,3,0,22,10,0,2.01004,0,0
22,allocate_send_arrival,0,VLAN4012,3,terminal,3,1001,2,3,0,22,10,0,2.01004,0,0
27,stage_arrival,0,VLAN4012,3,terminal,3,1001,2,3,0,27,10,0,0,2.01004,0
23,allocate_send_arrival,0,VLAN4012,3,terminal,3,1001,2,3,0,23,10,0,2.01004,0,0
28,stage_arrival,0,VLAN4012,3,terminal,3,1001,2,3,0,28,10,0,0,2.01004,0
25,allocate_send_arrival,0,VLAN4012,3,terminal,3,1001,2,3,0,25,10,0,2.01004,0,0
29,stage_arrival,0,VLAN4012,3,terminal,3,1001,2,3,0,29,10,0,0,2.01004,0
26,allocate_send_arrival,0,VLAN4012,3,terminal,3,1001,2,3,0,26,10,0,2.01004,0,0
30,stage_arrival,0,VLAN4012,3,terminal,3,1001,2,3,0,30,10,0,0,2.01004,0
31,stage_arrival,0,VLAN4012,3,terminal,3,1001,2,3,0,31,10,0,0,1.91556,0
27,allocate_send_arrival,0,VLAN4012,3,terminal,3,1001,2,3,0,27,10,0,2.01004,0,0
27,allocate_send_arrival,0,VLAN4012,3,terminal,3,1001,2,3,0,27,10,0,1.91556,0,0
32,stage_arrival,0,VLAN4012,3,terminal,3,1001,2,3,0,32,10,0,0,1.91556,0
28,allocate_send_arrival,0,VLAN4012,3,terminal,3,1001,2,3,0,28,10,0,1.91556,0,0
33,stage_arrival,0,VLAN4012,3,terminal,3,1001,2,3,0,33,10,0,0,1.91556,0
30,allocate_send_arrival,0,VLAN4012,3,terminal,3,1001,2,3,0,30,10,0,1.91556,0,0
34,stage_arrival,0,VLAN4012,3,terminal,3,1001,2,3,0,34,10,0,0,1.91556,0
31,allocate_send_arrival,0,VLAN4012,3,terminal,3,1001,2,3,0,31,10,0,1.91556,0,0
35,stage_arrival,0,VLAN4012,3,terminal,3,1001,2,3,0,35,10,0,0,1.91556,0
32,allocate_send_arrival,0,VLAN4012,3,terminal,3,1001,2,3,0,32,10,0,1.91556,0,0
36,stage_arrival,0,VLAN4012,3,terminal,3,1001,2,3,0,36,10,0,0,1.91556,0
33,allocate_send_arrival,0,VLAN4012,3,terminal,3,1001,2,3,0,33,10,0,1.91556,0,0
37,stage_arrival,0,VLAN4012,3,terminal,3,1001,2,3,0,37,10,0,0,1.91556,0
38,stage_arrival,0,VLAN4012,3,terminal,3,1001,2,3,0,38,10,0,0,1.91556,0
34,allocate_send_arrival,0,VLAN4012,3,terminal,3,1001,2,3,0,34,10,0,1.91556,0,0
34,allocate_send_arrival,0,VLAN4012,3,terminal,3,1001,2,3,0,34,10,0,1.91556,0,0
39,stage_arrival,0,VLAN4012,3,terminal,3,1001,2,3,0,39,10,0,0,1.91556,0
40,stage_arrival,0,VLAN4012,3,terminal,3,1001,2,3,0,40,10,0,0,1.91556,0
36,allocate_send_arrival,0,VLAN4012,3,terminal,3,1001,2,3,0,36,10,0,1.91556,0,0
36,allocate_send_arrival,0,VLAN4012,3,terminal,3,1001,2,3,0,36,10,0,1.91556,0,0
41,stage_arrival,0,VLAN4012,3,terminal,3,1001,2,3,0,41,10,0,0,1.92415,0
38,allocate_send_arrival,0,VLAN4012,3,terminal,3,1001,2,3,0,38,10,0,1.92415,0,0
42,stage_arrival,0,VLAN4012,3,terminal,3,1001,2,3,0,42,10,0,0,1.92415,0
39,allocate_send_arrival,0,VLAN4012,3,terminal,3,1001,2,3,0,39,10,0,1.92415,0,0
43,stage_arrival,0,VLAN4012,3,terminal,3,1001,2,3,0,43,10,0,0,1.92415,0
40,allocate_send_arrival,0,VLAN4012,3,terminal,3,1001,2,3,0,40,10,0,1.92415,0,0
44,stage_arrival,0,VLAN4012,3,terminal,3,1001,2,3,0,44,10,0,0,1.92415,0
41,allocate_send_arrival,0,VLAN4012,3,terminal,3,1001,2,3,0,41,10,0,1.92415,0,0
45,stage_arrival,0,VLAN4012,3,terminal,3,1001,2,3,0,45,10,0,0,1.92415,0
42,allocate_send_arrival,0,VLAN4012,3,terminal,3,1001,2,3,0,42,10,0,1.92415,0,0
46,stage_arrival,0,VLAN4012,3,terminal,3,1001,2,3,0,46,10,0,0,1.92415,0
43,allocate_send_arrival,0,VLAN4012,3,terminal,3,1001,2,3,0,43,10,0,1.92415,0,0
47,stage_arrival,0,VLAN4012,3,terminal,3,1001,2,3,0,47,10,0,0,1.92415,0
44,allocate_send_arrival,0,VLAN4012,3,terminal,3,1001,2,3,0,44,10,0,1.92415,0,0
48,stage_arrival,0,VLAN4012,3,terminal,3,1001,2,3,0,48,10,0,0,1.92415,0
45,allocate_send_arrival,0,VLAN4012,3,terminal,3,1001,2,3,0,45,10,0,1.92415,0,0
49,stage_arrival,0,VLAN4012,3,terminal,3,1001,2,3,0,49,10,0,0,1.92415,0
46,allocate_send_arrival,0,VLAN4012,3,terminal,3,1001,2,3,0,46,10,0,1.92415,0,0
50,stage_arrival,0,VLAN4012,3,terminal,3,1001,2,3,0,50,10,0,0,1.92415,0
47,allocate_send_arrival,0,VLAN4012,3,terminal,3,1001,2,3,0,47,10,0,1.92415,0,0
51,stage_arrival,0,VLAN4012,3,terminal,3,1001,2,3,0,51,10,0,0,1.94133,0
52,stage_arrival,0,VLAN4012,3,terminal,3,1001,2,3,0,52,10,0,0,1.94133,0
48,allocate_send_arrival,0,VLAN4012,3,terminal,3,1001,2,3,0,48,10,0,1.94133,0,0
48,allocate_send_arrival,0,VLAN4012,3,terminal,3,1001,2,3,0,48,10,0,1.94133,0,0
53,stage_arrival,0,VLAN4012,3,terminal,3,1001,2,3,0,53,10,0,0,1.94133,0
50,allocate_send_arrival,0,VLAN4012,3,terminal,3,1001,2,3,0,50,10,0,1.94133,0,0
54,stage_arrival,0,VLAN4012,3,terminal,3,1001,2,3,0,54,10,0,0,1.94133,0
51,allocate_send_arrival,0,VLAN4012,3,terminal,3,1001,2,3,0,51,10,0,1.94133,0,0
55,stage_arrival,0,VLAN4012,3,terminal,3,1001,2,3,0,55,10,0,0,1.94133,0
52,allocate_send_arrival,0,VLAN4012,3,terminal,3,1001,2,3,0,52,10,0,1.94133,0,0
56,stage_arrival,0,VLAN4012,3,terminal,3,1001,2,3,0,56,10,0,0,1.94133,0
57,stage_arrival,0,VLAN4012,3,terminal,3,1001,2,3,0,57,10,0,0,1.94133,0
53,allocate_send_arrival,0,VLAN4012,3,terminal,3,1001,2,3,0,53,10,0,1.94133,0,0
53,allocate_send_arrival,0,VLAN4012,3,terminal,3,1001,2,3,0,53,10,0,1.94133,0,0
58,stage_arrival,0,VLAN4012,3,terminal,3,1001,2,3,0,58,10,0,0,1.94133,0
55,allocate_send_arrival,0,VLAN4012,3,terminal,3,1001,2,3,0,55,10,0,1.94133,0,0
59,stage_arrival,0,VLAN4012,3,terminal,3,1001,2,3,0,59,10,0,0,1.94133,0
60,stage_arrival,0,VLAN4012,3,terminal,3,1001,2,3,0,60,10,0,0,1.94133,0
56,allocate_send_arrival,0,VLAN4012,3,terminal,3,1001,2,3,0,56,10,0,1.94133,0,0
56,allocate_send_arrival,0,VLAN4012,3,terminal,3,1001,2,3,0,56,10,0,1.94133,0,0
61,stage_arrival,0,VLAN4012,3,terminal,3,1001,2,3,0,61,10,0,0,2.00145,0
62,stage_arrival,0,VLAN4012,3,terminal,3,1001,2,3,0,62,10,0,0,2.00145,0
58,allocate_send_arrival,0,VLAN4012,3,terminal,3,1001,2,3,0,58,10,0,2.00145,0,0
58,allocate_send_arrival,0,VLAN4012,3,terminal,3,1001,2,3,0,58,10,0,2.00145,0,0
63,stage_arrival,0,VLAN4012,3,terminal,3,1001,2,3,0,63,10,0,0,2.00145,0
60,allocate_send_arrival,0,VLAN4012,3,terminal,3,1001,2,3,0,60,10,0,2.00145,0,0
64,stage_arrival,0,VLAN4012,3,terminal,3,1001,2,3,0,64,10,0,0,2.00145,0
61,allocate_send_arrival,0,VLAN4012,3,terminal,3,1001,2,3,0,61,10,0,2.00145,0,0
65,stage_arrival,0,VLAN4012,3,terminal,3,1001,2,3,0,65,10,0,0,2.00145,0
62,allocate_send_arrival,0,VLAN4012,3,terminal,3,1001,2,3,0,62,10,0,2.00145,0,0
66,stage_arrival,0,VLAN4012,3,terminal,3,1001,2,3,0,66,10,0,0,2.00145,0
67,stage_arrival,0,VLAN4012,3,terminal,3,1001,2,3,0,67,10,0,0,2.00145,0
63,allocate_send_arrival,0,VLAN4012,3,terminal,3,1001,2,3,0,63,10,0,2.00145,0,0
63,allocate_send_arrival,0,VLAN4012,3,terminal,3,1001,2,3,0,63,10,0,2.00145,0,0
68,stage_arrival,0,VLAN4012,3,terminal,3,1001,2,3,0,68,10,0,0,2.00145,0
65,allocate_send_arrival,0,VLAN4012,3,terminal,3,1001,2,3,0,65,10,0,2.00145,0,0
69,stage_arrival,0,VLAN4012,3,terminal,3,1001,2,3,0,69,10,0,0,2.00145,0
70,stage_arrival,0,VLAN4012,3,terminal,3,1001,2,3,0,70,10,0,0,2.00145,0
66,allocate_send_arrival,0,VLAN4012,3,terminal,3,1001,2,3,0,66,10,0,2.00145,0,0
66,allocate_send_arrival,0,VLAN4012,3,terminal,3,1001,2,3,0,66,10,0,2.00145,0,0
71,stage_arrival,0,VLAN4012,3,terminal,3,1001,2,3,0,71,10,0,0,1.98427,0
72,stage_arrival,0,VLAN4012,3,terminal,3,1001,2,3,0,72,10,0,0,1.98427,0
68,allocate_send_arrival,0,VLAN4012,3,terminal,3,1001,2,3,0,68,10,0,1.98427,0,0
68,allocate_send_arrival,0,VLAN4012,3,terminal,3,1001,2,3,0,68,10,0,1.98427,0,0
73,stage_arrival,0,VLAN4012,3,terminal,3,1001,2,3,0,73,10,0,0,1.98427,0
70,allocate_send_arrival,0,VLAN4012,3,terminal,3,1001,2,3,0,70,10,0,1.98427,0,0
74,stage_arrival,0,VLAN4012,3,terminal,3,1001,2,3,0,74,10,0,0,1.98427,0
71,allocate_send_arrival,0,VLAN4012,3,terminal,3,1001,2,3,0,71,10,0,1.98427,0,0
75,stage_arrival,0,VLAN4012,3,terminal,3,1001,2,3,0,75,10,0,0,1.98427,0
72,allocate_send_arrival,0,VLAN4012,3,terminal,3,1001,2,3,0,72,10,0,1.98427,0,0
76,stage_arrival,0,VLAN4012,3,terminal,3,1001,2,3,0,76,10,0,0,1.98427,0
77,stage_arrival,0,VLAN4012,3,terminal,3,1001,2,3,0,77,10,0,0,1.98427,0
73,allocate_send_arrival,0,VLAN4012,3,terminal,3,1001,2,3,0,73,10,0,1.98427,0,0
73,allocate_send_arrival,0,VLAN4012,3,terminal,3,1001,2,3,0,73,10,0,1.98427,0,0
78,stage_arrival,0,VLAN4012,3,terminal,3,1001,2,3,0,78,10,0,0,1.98427,0
74,allocate_send_arrival,0,VLAN4012,3,terminal,3,1001,2,3,0,74,10,0,1.98427,0,0
79,stage_arrival,0,VLAN4012,3,terminal,3,1001,2,3,0,79,10,0,0,1.98427,0
80,stage_arrival,0,VLAN4012,3,terminal,3,1001,2,3,0,80,10,0,0,1.98427,0
76,allocate_send_arrival,0,VLAN4012,3,terminal,3,1001,2,3,0,76,10,0,1.98427,0,0
76,allocate_send_arrival,0,VLAN4012,3,terminal,3,1001,2,3,0,76,10,0,1.98427,0,0
81,stage_arrival,0,VLAN4012,3,terminal,3,1001,2,3,0,81,10,0,0,1.95851,0
77,allocate_send_arrival,0,VLAN4012,3,terminal,3,1001,2,3,0,77,10,0,1.95851,0,0
82,stage_arrival,0,VLAN4012,3,terminal,3,1001,2,3,0,82,10,0,0,1.95851,0
78,allocate_send_arrival,0,VLAN4012,3,terminal,3,1001,2,3,0,78,10,0,1.95851,0,0
83,stage_arrival,0,VLAN4012,3,terminal,3,1001,2,3,0,83,10,0,0,1.95851,0
84,stage_arrival,0,VLAN4012,3,terminal,3,1001,2,3,0,84,10,0,0,1.95851,0
80,allocate_send_arrival,0,VLAN4012,3,terminal,3,1001,2,3,0,80,10,0,1.95851,0,0
80,allocate_send_arrival,0,VLAN4012,3,terminal,3,1001,2,3,0,80,10,0,1.95851,0,0
85,stage_arrival,0,VLAN4012,3,terminal,3,1001,2,3,0,85,10,0,0,1.95851,0
81,allocate_send_arrival,0,VLAN4012,3,terminal,3,1001,2,3,0,81,10,0,1.95851,0,0
86,stage_arrival,0,VLAN4012,3,terminal,3,1001,2,3,0,86,10,0,0,1.95851,0
82,allocate_send_arrival,0,VLAN4012,3,terminal,3,1001,2,3,0,82,10,0,1.95851,0,0
87,stage_arrival,0,VLAN4012,3,terminal,3,1001,2,3,0,87,10,0,0,1.95851,0
83,allocate_send_arrival,0,VLAN4012,3,terminal,3,1001,2,3,0,83,10,0,1.95851,0,0
88,stage_arrival,0,VLAN4012,3,terminal,3,1001,2,3,0,88,10,0,0,1.95851,0
84,allocate_send_arrival,0,VLAN4012,3,terminal,3,1001,2,3,0,84,10,0,1.95851,0,0
89,stage_arrival,0,VLAN4012,3,terminal,3,1001,2,3,0,89,10,0,0,1.95851,0
90,stage_arrival,0,VLAN4012,3,terminal,3,1001,2,3,0,90,10,0,0,1.95851,0
86,allocate_send_arrival,0,VLAN4012,3,terminal,3,1001,2,3,0,86,10,0,1.95851,0,0
86,allocate_send_arrival,0,VLAN4012,3,terminal,3,1001,2,3,0,86,10,0,1.95851,0,0
91,stage_arrival,0,VLAN4012,3,terminal,3,1001,2,3,0,91,10,0,0,1.9671,0
87,allocate_send_arrival,0,VLAN4012,3,terminal,3,1001,2,3,0,87,10,0,1.9671,0,0
92,stage_arrival,0,VLAN4012,3,terminal,3,1001,2,3,0,92,10,0,0,1.9671,0
93,stage_arrival,0,VLAN4012,3,terminal,3,1001,2,3,0,93,10,0,0,1.9671,0
89,allocate_send_arrival,0,VLAN4012,3,terminal,3,1001,2,3,0,89,10,0,1.9671,0,0
89,allocate_send_arrival,0,VLAN4012,3,terminal,3,1001,2,3,0,89,10,0,1.9671,0,0
94,stage_arrival,0,VLAN4012,3,terminal,3,1001,2,3,0,94,10,0,0,1.9671,0
90,allocate_send_arrival,0,VLAN4012,3,terminal,3,1001,2,3,0,90,10,0,1.9671,0,0
95,stage_arrival,0,VLAN4012,3,terminal,3,1001,2,3,0,95,10,0,0,1.9671,0
91,allocate_send_arrival,0,VLAN4012,3,terminal,3,1001,2,3,0,91,10,0,1.9671,0,0
96,stage_arrival,0,VLAN4012,3,terminal,3,1001,2,3,0,96,10,0,0,1.9671,0
97,stage_arrival,0,VLAN4012,3,terminal,3,1001,2,3,0,97,10,0,0,1.9671,0
93,allocate_send_arrival,0,VLAN4012,3,terminal,3,1001,2,3,0,93,10,0,1.9671,0,0
93,allocate_send_arrival,0,VLAN4012,3,terminal,3,1001,2,3,0,93,10,0,1.9671,0,0
98,stage_arrival,0,VLAN4012,3,terminal,3,1001,2,3,0,98,10,0,0,1.9671,0
94,allocate_send_arrival,0,VLAN4012,3,terminal,3,1001,2,3,0,94,10,0,1.9671,0,0
99,stage_arrival,0,VLAN4012,3,terminal,3,1001,2,3,0,99,10,0,0,1.9671,0
100,stage_arrival,0,VLAN4012,3,terminal,3,1001,2,3,0,100,10,0,0,1.9671,0
96,allocate_send_arrival,0,VLAN4012,3,terminal,3,1001,2,3,0,96,10,0,1.9671,0,0
96,allocate_send_arrival,0,VLAN4012,3,terminal,3,1001,2,3,0,96,10,0,1.9671,0,0
101,stage_arrival,0,VLAN4012,3,terminal,3,1001,2,3,0,101,10,0,0,1.95851,0
102,stage_arrival,0,VLAN4012,3,terminal,3,1001,2,3,0,102,10,0,0,1.95851,0
98,allocate_send_arrival,0,VLAN4012,3,terminal,3,1001,2,3,0,98,10,0,1.95851,0,0
98,allocate_send_arrival,0,VLAN4012,3,terminal,3,1001,2,3,0,98,10,0,1.95851,0,0
103,stage_arrival,0,VLAN4012,3,terminal,3,1001,2,3,0,103,10,0,0,1.95851,0
99,allocate_send_arrival,0,VLAN4012,3,terminal,3,1001,2,3,0,99,10,0,1.95851,0,0
104,stage_arrival,0,VLAN4012,3,terminal,3,1001,2,3,0,104,10,0,0,1.95851,0
100,allocate_send_arrival,0,VLAN4012,3,terminal,3,1001,2,3,0,100,10,0,1.95851,0,0
105,stage_arrival,0,VLAN4012,3,terminal,3,1001,2,3,0,105,10,0,0,1.95851,0
101,allocate_send_arrival,0,VLAN4012,3,terminal,3,1001,2,3,0,101,10,0,1.95851,0,0
106,stage_arrival,0,VLAN4012,3,terminal,3,1001,2,3,0,106,10,0,0,1.95851,0
103,allocate_send_arrival,0,VLAN4012,3,terminal,3,1001,2,3,0,103,10,0,1.95851,0,0
107,stage_arrival,0,VLAN4012,3,terminal,3,1001,2,3,0,107,10,0,0,1.95851,0
104,allocate_send_arrival,0,VLAN4012,3,terminal,3,1001,2,3,0,104,10,0,1.95851,0,0
108,stage_arrival,0,VLAN4012,3,terminal,3,1001,2,3,0,108,10,0,0,1.95851,0
109,stage_arrival,0,VLAN4012,3,terminal,3,1001,2,3,0,109,10,0,0,1.95851,0
105,allocate_send_arrival,0,VLAN4012,3,terminal,3,1001,2,3,0,105,10,0,1.95851,0,0
105,allocate_send_arrival,0,VLAN4012,3,terminal,3,1001,2,3,0,105,10,0,1.95851,0,0
110,stage_arrival,0,VLAN4012,3,terminal,3,1001,2,3,0,110,10,0,0,1.95851,0
106,allocate_send_arrival,0,VLAN4012,3,terminal,3,1001,2,3,0,106,10,0,1.95851,0,0
111,stage_arrival,0,VLAN4012,3,terminal,3,1001,2,3,0,111,10,0,0,1.99286,0
107,allocate_send_arrival,0,VLAN4012,3,terminal,3,1001,2,3,0,107,10,0,1.99286,0,0
112,stage_arrival,0,VLAN4012,3,terminal,3,1001,2,3,0,112,10,0,0,1.99286,0
113,stage_arrival,0,VLAN4012,3,terminal,3,1001,2,3,0,113,10,0,0,1.99286,0
109,allocate_send_arrival,0,VLAN4012,3,terminal,3,1001,2,3,0,109,10,0,1.99286,0,0
109,allocate_send_arrival,0,VLAN4012,3,terminal,3,1001,2,3,0,109,10,0,1.99286,0,0
114,stage_arrival,0,VLAN4012,3,terminal,3,1001,2,3,0,114,10,0,0,1.99286,0
115,stage_arrival,0,VLAN4012,3,terminal,3,1001,2,3,0,115,10,0,0,1.99286,0
111,allocate_send_arrival,0,VLAN4012,3,terminal,3,1001,2,3,0,111,10,0,1.99286,0,0
111,allocate_send_arrival,0,VLAN4012,3,terminal,3,1001,2,3,0,111,10,0,1.99286,0,0
116,stage_arrival,0,VLAN4012,3,terminal,3,1001,2,3,0,116,10,0,0,1.99286,0
112,allocate_send_arrival,0,VLAN4012,3,terminal,3,1001,2,3,0,112,10,0,1.99286,0,0
117,stage_arrival,0,VLAN4012,3,terminal,3,1001,2,3,0,117,10,0,0,1.99286,0
118,stage_arrival,0,VLAN4012,3,terminal,3,1001,2,3,0,118,10,0,0,1.99286,0
114,allocate_send_arrival,0,VLAN4012,3,terminal,3,1001,2,3,0,114,10,0,1.99286,0,0
114,allocate_send_arrival,0,VLAN4012,3,terminal,3,1001,2,3,0,114,10,0,1.99286,0,0
119,stage_arrival,0,VLAN4012,3,terminal,3,1001,2,3,0,119,10,0,0,1.99286,0
115,allocate_send_arrival,0,VLAN4012,3,terminal,3,1001,2,3,0,115,10,0,1.99286,0,0
120,stage_arrival,0,VLAN4012,3,terminal,3,1001,2,3,0,120,10,0,0,1.99286,0
116,allocate_send_arrival,0,VLAN4012,3,terminal,3,1001,2,3,0,116,10,0,1.99286,0,0
121,stage_arrival,0,VLAN4012,3,terminal,3,1001,2,3,0,121,10,0,0,1.95851,0
118,allocate_send_arrival,0,VLAN4012,3,terminal,3,1001,2,3,0,118,10,0,1.95851,0,0
122,stage_arrival,0,VLAN4012,3,terminal,3,1001,2,3,0,122,10,0,0,1.95851,0
119,allocate_send_arrival,0,VLAN4012,3,terminal,3,1001,2,3,0,119,10,0,1.95851,0,0
123,stage_arrival,0,VLAN4012,3,terminal,3,1001,2,3,0,123,10,0,0,1.95851,0
120,allocate_send_arrival,0,VLAN4012,3,terminal,3,1001,2,3,0,120,10,0,1.95851,0,0
124,stage_arrival,0,VLAN4012,3,terminal,3,1001,2,3,0,124,10,0,0,1.95851,0
125,stage_arrival,0,VLAN4012,3,terminal,3,1001,2,3,0,125,10,0,0,1.95851,0
121,allocate_send_arrival,0,VLAN4012,3,terminal,3,1001,2,3,0,121,10,0,1.95851,0,0
121,allocate_send_arrival,0,VLAN4012,3,terminal,3,1001,2,3,0,121,10,0,1.95851,0,0
126,stage_arrival,0,VLAN4012,3,terminal,3,1001,2,3,0,126,10,0,0,1.95851,0
127,stage_arrival,0,VLAN4012,3,terminal,3,1001,2,3,0,127,10,0,0,1.95851,0
123,allocate_send_arrival,0,VLAN4012,3,terminal,3,1001,2,3,0,123,10,0,1.95851,0,0
123,allocate_send_arrival,0,VLAN4012,3,terminal,3,1001,2,3,0,123,10,0,1.95851,0,0
128,stage_arrival,0,VLAN4012,3,terminal,3,1001,2,3,0,128,10,0,0,1.95851,0
124,allocate_send_arrival,0,VLAN4012,3,terminal,3,1001,2,3,0,124,10,0,1.95851,0,0
129,stage_arrival,0,VLAN4012,3,terminal,3,1001,2,3,0,129,10,0,0,1.95851,0
130,stage_arrival,0,VLAN4012,3,terminal,3,1001,2,3,0,130,10,0,0,1.95851,0
126,allocate_send_arrival,0,VLAN4012,3,terminal,3,1001,2,3,0,126,10,0,1.95851,0,0
126,allocate_send_arrival,0,VLAN4012,3,terminal,3,1001,2,3,0,126,10,0,1.95851,0,0
131,stage_arrival,0,VLAN4012,3,terminal,3,1001,2,3,0,131,10,0,0,1.95851,0
128,allocate_send_arrival,0,VLAN4012,3,terminal,3,1001,2,3,0,128,10,0,1.95851,0,0
132,stage_arrival,0,VLAN4012,3,terminal,3,1001,2,3,0,132,10,0,0,1.95851,0
133,stage_arrival,0,VLAN4012,3,terminal,3,1001,2,3,0,133,10,0,0,1.95851,0
129,allocate_send_arrival,0,VLAN4012,3,terminal,3,1001,2,3,0,129,10,0,1.95851,0,0
129,allocate_send_arrival,0,VLAN4012,3,terminal,3,1001,2,3,0,129,10,0,1.95851,0,0
134,stage_arrival,0,VLAN4012,3,terminal,3,1001,2,3,0,134,10,0,0,1.95851,0
130,allocate_send_arrival,0,VLAN4012,3,terminal,3,1001,2,3,0,130,10,0,1.95851,0,0
135,stage_arrival,0,VLAN4012,3,terminal,3,1001,2,3,0,135,10,0,0,1.95851,0
131,allocate_send_arrival,0,VLAN4012,3,terminal,3,1001,2,3,0,131,10,0,1.95851,0,0
136,stage_arrival,0,VLAN4012,3,terminal,3,1001,2,3,0,136,10,0,0,1.95851,0
132,allocate_send_arrival,0,VLAN4012,3,terminal,3,1001,2,3,0,132,10,0,1.95851,0,0
137,stage_arrival,0,VLAN4012,3,terminal,3,1001,2,3,0,137,10,0,0,1.95851,0
138,stage_arrival,0,VLAN4012,3,terminal,3,1001,2,3,0,138,10,0,0,1.95851,0
134,allocate_send_arrival,0,VLAN4012,3,terminal,3,1001,2,3,0,134,10,0,1.95851,0,0
134,allocate_send_arrival,0,VLAN4012,3,terminal,3,1001,2,3,0,134,10,0,1.95851,0,0
139,stage_arrival,0,VLAN4012,3,terminal,3,1001,2,3,0,139,10,0,0,1.95851,0
140,stage_arrival,0,VLAN4012,3,terminal,3,1001,2,3,0,140,10,0,0,1.95851,0
136,allocate_send_arrival,0,VLAN4012,3,terminal,3,1001,2,3,0,136,10,0,1.95851,0,0
136,allocate_send_arrival,0,VLAN4012,3,terminal,3,1001,2,3,0,136,10,0,1.95851,0,0
141,stage_arrival,0,VLAN4012,3,terminal,3,1001,2,3,0,141,10,0,0,1.95851,0
138,allocate_send_arrival,0,VLAN4012,3,terminal,3,1001,2,3,0,138,10,0,1.95851,0,0
142,stage_arrival,0,VLAN4012,3,terminal,3,1001,2,3,0,142,10,0,0,1.95851,0
143,stage_arrival,0,VLAN4012,3,terminal,3,1001,2,3,0,143,10,0,0,1.95851,0
139,allocate_send_arrival,0,VLAN4012,3,terminal,3,1001,2,3,0,139,10,0,1.95851,0,0
139,allocate_send_arrival,0,VLAN4012,3,terminal,3,1001,2,3,0,139,10,0,1.95851,0,0
144,stage_arrival,0,VLAN4012,3,terminal,3,1001,2,3,0,144,10,0,0,1.95851,0
145,stage_arrival,0,VLAN4012,3,terminal,3,1001,2,3,0,145,10,0,0,1.95851,0
141,allocate_send_arrival,0,VLAN4012,3,terminal,3,1001,2,3,0,141,10,0,1.95851,0,0
141,allocate_send_arrival,0,VLAN4012,3,terminal,3,1001,2,3,0,141,10,0,1.95851,0,0
146,stage_arrival,0,VLAN4012,3,terminal,3,1001,2,3,0,146,10,0,0,1.95851,0
142,allocate_send_arrival,0,VLAN4012,3,terminal,3,1001,2,3,0,142,10,0,1.95851,0,0
147,stage_arrival,0,VLAN4012,3,terminal,3,1001,2,3,0,147,10,0,0,1.95851,0
144,allocate_send_arrival,0,VLAN4012,3,terminal,3,1001,2,3,0,144,10,0,1.95851,0,0
148,stage_arrival,0,VLAN4012,3,terminal,3,1001,2,3,0,148,10,0,0,1.95851,0
149,stage_arrival,0,VLAN4012,3,terminal,3,1001,2,3,0,149,10,0,0,1.95851,0
145,allocate_send_arrival,0,VLAN4012,3,terminal,3,1001,2,3,0,145,10,0,1.95851,0,0
145,allocate_send_arrival,0,VLAN4012,3,terminal,3,1001,2,3,0,145,10,0,1.95851,0,0
150,stage_arrival,0,VLAN4012,3,terminal,3,1001,2,3,0,150,10,0,0,1.95851,0
146,allocate_send_arrival,0,VLAN4012,3,terminal,3,1001,2,3,0,146,10,0,1.95851,0,0
151,stage_arrival,0,VLAN4012,3,terminal,3,1001,2,3,0,151,10,0,0,2.00145,0
147,allocate_send_arrival,0,VLAN4012,3,terminal,3,1001,2,3,0,147,10,0,2.00145,0,0
152,stage_arrival,0,VLAN4012,3,terminal,3,1001,2,3,0,152,10,0,0,2.00145,0
149,allocate_send_arrival,0,VLAN4012,3,terminal,3,1001,2,3,0,149,10,0,2.00145,0,0
153,stage_arrival,0,VLAN4012,3,terminal,3,1001,2,3,0,153,10,0,0,2.00145,0
150,allocate_send_arrival,0,VLAN4012,3,terminal,3,1001,2,3,0,150,10,0,2.00145,0,0
154,stage_arrival,0,VLAN4012,3,terminal,3,1001,2,3,0,154,10,0,0,2.00145,0
155,stage_arrival,0,VLAN4012,3,terminal,3,1001,2,3,0,155,10,0,0,2.00145,0
151,allocate_send_arrival,0,VLAN4012,3,terminal,3,1001,2,3,0,151,10,0,2.00145,0,0
151,allocate_send_arrival,0,VLAN4012,3,terminal,3,1001,2,3,0,151,10,0,2.00145,0,0
156,stage_arrival,0,VLAN4012,3,terminal,3,1001,2,3,0,156,10,0,0,2.00145,0
157,stage_arrival,0,VLAN4012,3,terminal,3,1001,2,3,0,157,10,0,0,2.00145,0
153,allocate_send_arrival,0,VLAN4012,3,terminal,3,1001,2,3,0,153,10,0,2.00145,0,0
153,allocate_send_arrival,0,VLAN4012,3,terminal,3,1001,2,3,0,153,10,0,2.00145,0,0
158,stage_arrival,0,VLAN4012,3,terminal,3,1001,2,3,0,158,10,0,0,2.00145,0
154,allocate_send_arrival,0,VLAN4012,3,terminal,3,1001,2,3,0,154,10,0,2.00145,0,0
159,stage_arrival,0,VLAN4012,3,terminal,3,1001,2,3,0,159,10,0,0,2.00145,0
155,allocate_send_arrival,0,VLAN4012,3,terminal,3,1001,2,3,0,155,10,0,2.00145,0,0
160,stage_arrival,0,VLAN4012,3,terminal,3,1001,2,3,0,160,10,0,0,2.00145,0
156,allocate_send_arrival,0,VLAN4012,3,terminal,3,1001,2,3,0,156,10,0,2.00145,0,0
161,stage_arrival,0,VLAN4012,3,terminal,3,1001,2,3,0,161,10,0,0,1.97568,0
157,allocate_send_arrival,0,VLAN4012,3,terminal,3,1001,2,3,0,157,10,0,1.97568,0,0
162,stage_arrival,0,VLAN4012,3,terminal,3,1001,2,3,0,162,10,0,0,1.97568,0
158,allocate_send_arrival,0,VLAN4012,3,terminal,3,1001,2,3,0,158,10,0,1.97568,0,0
163,stage_arrival,0,VLAN4012,3,terminal,3,1001,2,3,0,163,10,0,0,1.97568,0
164,stage_arrival,0,VLAN4012,3,terminal,3,1001,2,3,0,164,10,0,0,1.97568,0
160,allocate_send_arrival,0,VLAN4012,3,terminal,3,1001,2,3,0,160,10,0,1.97568,0,0
160,allocate_send_arrival,0,VLAN4012,3,terminal,3,1001,2,3,0,160,10,0,1.97568,0,0
165,stage_arrival,0,VLAN4012,3,terminal,3,1001,2,3,0,165,10,0,0,1.97568,0
161,allocate_send_arrival,0,VLAN4012,3,terminal,3,1001,2,3,0,161,10,0,1.97568,0,0
166,stage_arrival,0,VLAN4012,3,terminal,3,1001,2,3,0,166,10,0,0,1.97568,0
167,stage_arrival,0,VLAN4012,3,terminal,3,1001,2,3,0,167,10,0,0,1.97568,0
163,allocate_send_arrival,0,VLAN4012,3,terminal,3,1001,2,3,0,163,10,0,1.97568,0,0
163,allocate_send_arrival,0,VLAN4012,3,terminal,3,1001,2,3,0,163,10,0,1.97568,0,0
168,stage_arrival,0,VLAN4012,3,terminal,3,1001,2,3,0,168,10,0,0,1.97568,0
164,allocate_send_arrival,0,VLAN4012,3,terminal,3,1001,2,3,0,164,10,0,1.97568,0,0
169,stage_arrival,0,VLAN4012,3,terminal,3,1001,2,3,0,169,10,0,0,1.97568,0
165,allocate_send_arrival,0,VLAN4012,3,terminal,3,1001,2,3,0,165,10,0,1.97568,0,0
170,stage_arrival,0,VLAN4012,3,terminal,3,1001,2,3,0,170,10,0,0,1.97568,0
166,allocate_send_arrival,0,VLAN4012,3,terminal,3,1001,2,3,0,166,10,0,1.97568,0,0
171,stage_arrival,0,VLAN4012,3,terminal,3,1001,2,3,0,171,10,0,0,1.97568,0
172,stage_arrival,0,VLAN4012,3,terminal,3,1001,2,3,0,172,10,0,0,1.97568,0
168,allocate_send_arrival,0,VLAN4012,3,terminal,3,1001,2,3,0,168,10,0,1.97568,0,0
168,allocate_send_arrival,0,VLAN4012,3,terminal,3,1001,2,3,0,168,10,0,1.97568,0,0
173,stage_arrival,0,VLAN4012,3,terminal,3,1001,2,3,0,173,10,0,0,1.97568,0
169,allocate_send_arrival,0,VLAN4012,3,terminal,3,1001,2,3,0,169,10,0,1.97568,0,0
174,stage_arrival,0,VLAN4012,3,terminal,3,1001,2,3,0,174,10,0,0,1.97568,0
175,stage_arrival,0,VLAN4012,3,terminal,3,1001,2,3,0,175,10,0,0,1.97568,0
171,allocate_send_arrival,0,VLAN4012,3,terminal,3,1001,2,3,0,171,10,0,1.97568,0,0
171,allocate_send_arrival,0,VLAN4012,3,terminal,3,1001,2,3,0,171,10,0,1.97568,0,0
176,stage_arrival,0,VLAN4012,3,terminal,3,1001,2,3,0,176,10,0,0,1.97568,0
172,allocate_send_arrival,0,VLAN4012,3,terminal,3,1001,2,3,0,172,10,0,1.97568,0,0
177,stage_arrival,0,VLAN4012,3,terminal,3,1001,2,3,0,177,10,0,0,1.97568,0
173,allocate_send_arrival,0,VLAN4012,3,terminal,3,1001,2,3,0,173,10,0,1.97568,0,0
178,stage_arrival,0,VLAN4012,3,terminal,3,1001,2,3,0,178,10,0,0,1.97568,0
174,allocate_send_arrival,0,VLAN4012,3,terminal,3,1001,2,3,0,174,10,0,1.97568,0,0
179,stage_arrival,0,VLAN4012,3,terminal,3,1001,2,3,0,179,10,0,0,1.97568,0
175,allocate_send_arrival,0,VLAN4012,3,terminal,3,1001,2,3,0,175,10,0,1.97568,0,0
180,stage_arrival,0,VLAN4012,3,terminal,3,1001,2,3,0,180,10,0,0,1.97568,0
176,allocate_send_arrival,0,VLAN4012,3,terminal,3,1001,2,3,0,176,10,0,1.97568,0,0
181,stage_arrival,0,VLAN4012,3,terminal,3,1001,2,3,0,181,10,0,0,1.94133,0
177,allocate_send_arrival,0,VLAN4012,3,terminal,3,1001,2,3,0,177,10,0,1.94133,0,0
182,stage_arrival,0,VLAN4012,3,terminal,3,1001,2,3,0,182,10,0,0,1.94133,0
178,allocate_send_arrival,0,VLAN4012,3,terminal,3,1001,2,3,0,178,10,0,1.94133,0,0
183,stage_arrival,0,VLAN4012,3,terminal,3,1001,2,3,0,183,10,0,0,1.94133,0
179,allocate_send_arrival,0,VLAN4012,3,terminal,3,1001,2,3,0,179,10,0,1.94133,0,0
184,stage_arrival,0,VLAN4012,3,terminal,3,1001,2,3,0,184,10,0,0,1.94133,0
180,allocate_send_arrival,0,VLAN4012,3,terminal,3,1001,2,3,0,180,10,0,1.94133,0,0
185,stage_arrival,0,VLAN4012,3,terminal,3,1001,2,3,0,185,10,0,0,1.94133,0
181,allocate_send_arrival,0,VLAN4012,3,terminal,3,1001,2,3,0,181,10,0,1.94133,0,0
186,stage_arrival,0,VLAN4012,3,terminal,3,1001,2,3,0,186,10,0,0,1.94133,0
182,allocate_send_arrival,0,VLAN4012,3,terminal,3,1001,2,3,0,182,10,0,1.94133,0,0
187,stage_arrival,0,VLAN4012,3,terminal,3,1001,2,3,0,187,10,0,0,1.94133,0
183,allocate_send_arrival,0,VLAN4012,3,terminal,3,1001,2,3,0,183,10,0,1.94133,0,0
188,stage_arrival,0,VLAN4012,3,terminal,3,1001,2,3,0,188,10,0,0,1.94133,0
184,allocate_send_arrival,0,VLAN4012,3,terminal,3,1001,2,3,0,184,10,0,1.94133,0,0
189,stage_arrival,0,VLAN4012,3,terminal,3,1001,2,3,0,189,10,0,0,1.94133,0
190,stage_arrival,0,VLAN4012,3,terminal,3,1001,2,3,0,190,10,0,0,1.94133,0
186,allocate_send_arrival,0,VLAN4012,3,terminal,3,1001,2,3,0,186,10,0,1.94133,0,0
186,allocate_send_arrival,0,VLAN4012,3,terminal,3,1001,2,3,0,186,10,0,1.94133,0,0
191,stage_arrival,0,VLAN4012,3,terminal,3,1001,2,3,0,191,10,0,0,1.97568,0
192,stage_arrival,0,VLAN4012,3,terminal,3,1001,2,3,0,192,10,0,0,1.97568,0
188,allocate_send_arrival,0,VLAN4012,3,terminal,3,1001,2,3,0,188,10,0,1.97568,0,0
188,allocate_send_arrival,0,VLAN4012,3,terminal,3,1001,2,3,0,188,10,0,1.97568,0,0
193,stage_arrival,0,VLAN4012,3,terminal,3,1001,2,3,0,193,10,0,0,1.97568,0
189,allocate_send_arrival,0,VLAN4012,3,terminal,3,1001,2,3,0,189,10,0,1.97568,0,0
194,stage_arrival,0,VLAN4012,3,terminal,3,1001,2,3,0,194,10,0,0,1.97568,0
190,allocate_send_arrival,0,VLAN4012,3,terminal,3,1001,2,3,0,190,10,0,1.97568,0,0
195,stage_arrival,0,VLAN4012,3,terminal,3,1001,2,3,0,195,10,0,0,1.97568,0
191,allocate_send_arrival,0,VLAN4012,3,terminal,3,1001,2,3,0,191,10,0,1.97568,0,0
196,stage_arrival,0,VLAN4012,3,terminal,3,1001,2,3,0,196,10,0,0,1.97568,0
192,allocate_send_arrival,0,VLAN4012,3,terminal,3,1001,2,3,0,192,10,0,1.97568,0,0
197,stage_arrival,0,VLAN4012,3,terminal,3,1001,2,3,0,197,10,0,0,1.97568,0
193,allocate_send_arrival,0,VLAN4012,3,terminal,3,1001,2,3,0,193,10,0,1.97568,0,0
198,stage_arrival,0,VLAN4012,3,terminal,3,1001,2,3,0,198,10,0,0,1.97568,0
194,allocate_send_arrival,0,VLAN4012,3,terminal,3,1001,2,3,0,194,10,0,1.97568,0,0
199,stage_arrival,0,VLAN4012,3,terminal,3,1001,2,3,0,199,10,0,0,1.97568,0
195,allocate_send_arrival,0,VLAN4012,3,terminal,3,1001,2,3,0,195,10,0,1.97568,0,0
200,stage_arrival,0,VLAN4012,3,terminal,3,1001,2,3,0,200,10,0,0,1.97568,0
196,allocate_send_arrival,0,VLAN4012,3,terminal,3,1001,2,3,0,196,10,0,1.97568,0,0
201,stage_arrival,0,VLAN4012,3,terminal,3,1001,2,3,0,201,10,0,0,1.98427,0
197,allocate_send_arrival,0,VLAN4012,3,terminal,3,1001,2,3,0,197,10,0,1.98427,0,0
202,stage_arrival,0,VLAN4012,3,terminal,3,1001,2,3,0,202,10,0,0,1.98427,0
198,allocate_send_arrival,0,VLAN4012,3,terminal,3,1001,2,3,0,198,10,0,1.98427,0,0
203,stage_arrival,0,VLAN4012,3,terminal,3,1001,2,3,0,203,10,0,0,1.98427,0
199,allocate_send_arrival,0,VLAN4012,3,terminal,3,1001,2,3,0,199,10,0,1.98427,0,0
204,stage_arrival,0,VLAN4012,3,terminal,3,1001,2,3,0,204,10,0,0,1.98427,0
200,allocate_send_arrival,0,VLAN4012,3,terminal,3,1001,2,3,0,200,10,0,1.98427,0,0
205,stage_arrival,0,VLAN4012,3,terminal,3,1001,2,3,0,205,10,0,0,1.98427,0
201,allocate_send_arrival,0,VLAN4012,3,terminal,3,1001,2,3,0,201,10,0,1.98427,0,0
206,stage_arrival,0,VLAN4012,3,terminal,3,1001,2,3,0,206,10,0,0,1.98427,0
202,allocate_send_arrival,0,VLAN4012,3,terminal,3,1001,2,3,0,202,10,0,1.98427,0,0
207,stage_arrival,0,VLAN4012,3,terminal,3,1001,2,3,0,207,10,0,0,1.98427,0
203,allocate_send_arrival,0,VLAN4012,3,terminal,3,1001,2,3,0,203,10,0,1.98427,0,0
208,stage_arrival,0,VLAN4012,3,terminal,3,1001,2,3,0,208,10,0,0,1.98427,0
204,allocate_send_arrival,0,VLAN4012,3,terminal,3,1001,2,3,0,204,10,0,1.98427,0,0
209,stage_arrival,0,VLAN4012,3,terminal,3,1001,2,3,0,209,10,0,0,1.98427,0
210,stage_arrival,0,VLAN4012,3,terminal,3,1001,2,3,0,210,10,0,0,1.98427,0
206,allocate_send_arrival,0,VLAN4012,3,terminal,3,1001,2,3,0,206,10,0,1.98427,0,0
206,allocate_send_arrival,0,VLAN4012,3,terminal,3,1001,2,3,0,206,10,0,1.98427,0,0
211,stage_arrival,0,VLAN4012,3,terminal,3,1001,2,3,0,211,10,0,0,1.93274,0
207,allocate_send_arrival,0,VLAN4012,3,terminal,3,1001,2,3,0,207,10,0,1.93274,0,0
212,stage_arrival,0,VLAN4012,3,terminal,3,1001,2,3,0,212,10,0,0,1.93274,0
213,stage_arrival,0,VLAN4012,3,terminal,3,1001,2,3,0,213,10,0,0,1.93274,0
209,allocate_send_arrival,0,VLAN4012,3,terminal,3,1001,2,3,0,209,10,0,1.93274,0,0
209,allocate_send_arrival,0,VLAN4012,3,terminal,3,1001,2,3,0,209,10,0,1.93274,0,0
214,stage_arrival,0,VLAN4012,3,terminal,3,1001,2,3,0,214,10,0,0,1.93274,0
210,allocate_send_arrival,0,VLAN4012,3,terminal,3,1001,2,3,0,210,10,0,1.93274,0,0
215,stage_arrival,0,VLAN4012,3,terminal,3,1001,2,3,0,215,10,0,0,1.93274,0
211,allocate_send_arrival,0,VLAN4012,3,terminal,3,1001,2,3,0,211,10,0,1.93274,0,0
216,stage_arrival,0,VLAN4012,3,terminal,3,1001,2,3,0,216,10,0,0,1.93274,0
212,allocate_send_arrival,0,VLAN4012,3,terminal,3,1001,2,3,0,212,10,0,1.93274,0,0
217,stage_arrival,0,VLAN4012,3,terminal,3,1001,2,3,0,217,10,0,0,1.93274,0
213,allocate_send_arrival,0,VLAN4012,3,terminal,3,1001,2,3,0,213,10,0,1.93274,0,0
218,stage_arrival,0,VLAN4012,3,terminal,3,1001,2,3,0,218,10,0,0,1.93274,0
214,allocate_send_arrival,0,VLAN4012,3,terminal,3,1001,2,3,0,214,10,0,1.93274,0,0
219,stage_arrival,0,VLAN4012,3,terminal,3,1001,2,3,0,219,10,0,0,1.93274,0
220,stage_arrival,0,VLAN4012,3,terminal,3,1001,2,3,0,220,10,0,0,1.93274,0
216,allocate_send_arrival,0,VLAN4012,3,terminal,3,1001,2,3,0,216,10,0,1.93274,0,0
216,allocate_send_arrival,0,VLAN4012,3,terminal,3,1001,2,3,0,216,10,0,1.93274,0,0
221,stage_arrival,0,VLAN4012,3,terminal,3,1001,2,3,0,221,10,0,0,1.95851,0
217,allocate_send_arrival,0,VLAN4012,3,terminal,3,1001,2,3,0,217,10,0,1.95851,0,0
222,stage_arrival,0,VLAN4012,3,terminal,3,1001,2,3,0,222,10,0,0,1.95851,0
218,allocate_send_arrival,0,VLAN4012,3,terminal,3,1001,2,3,0,218,10,0,1.95851,0,0
223,stage_arrival,0,VLAN4012,3,terminal,3,1001,2,3,0,223,10,0,0,1.95851,0
219,allocate_send_arrival,0,VLAN4012,3,terminal,3,1001,2,3,0,219,10,0,1.95851,0,0
224,stage_arrival,0,VLAN4012,3,terminal,3,1001,2,3,0,224,10,0,0,1.95851,0
225,stage_arrival,0,VLAN4012,3,terminal,3,1001,2,3,0,225,10,0,0,1.95851,0
221,allocate_send_arrival,0,VLAN4012,3,terminal,3,1001,2,3,0,221,10,0,1.95851,0,0
221,allocate_send_arrival,0,VLAN4012,3,terminal,3,1001,2,3,0,221,10,0,1.95851,0,0
226,stage_arrival,0,VLAN4012,3,terminal,3,1001,2,3,0,226,10,0,0,1.95851,0
222,allocate_send_arrival,0,VLAN4012,3,terminal,3,1001,2,3,0,222,10,0,1.95851,0,0
227,stage_arrival,0,VLAN4012,3,terminal,3,1001,2,3,0,227,10,0,0,1.95851,0
228,stage_arrival,0,VLAN4012,3,terminal,3,1001,2,3,0,228,10,0,0,1.95851,0
224,allocate_send_arrival,0,VLAN4012,3,terminal,3,1001,2,3,0,224,10,0,1.95851,0,0
224,allocate_send_arrival,0,VLAN4012,3,terminal,3,1001,2,3,0,224,10,0,1.95851,0,0
229,stage_arrival,0,VLAN4012,3,terminal,3,1001,2,3,0,229,10,0,0,1.95851,0
225,allocate_send_arrival,0,VLAN4012,3,terminal,3,1001,2,3,0,225,10,0,1.95851,0,0
230,stage_arrival,0,VLAN4012,3,terminal,3,1001,2,3,0,230,10,0,0,1.95851,0
226,allocate_send_arrival,0,VLAN4012,3,terminal,3,1001,2,3,0,226,10,0,1.95851,0,0
231,stage_arrival,0,VLAN4012,3,terminal,3,1001,2,3,0,231,10,0,0,1.90697,0
227,allocate_send_arrival,0,VLAN4012,3,terminal,3,1001,2,3,0,227,10,0,1.90697,0,0
232,stage_arrival,0,VLAN4012,3,terminal,3,1001,2,3,0,232,10,0,0,1.90697,0
233,stage_arrival,0,VLAN4012,3,terminal,3,1001,2,3,0,233,10,0,0,1.90697,0
229,allocate_send_arrival,0,VLAN4012,3,terminal,3,1001,2,3,0,229,10,0,1.90697,0,0
229,allocate_send_arrival,0,VLAN4012,3,terminal,3,1001,2,3,0,229,10,0,1.90697,0,0
234,stage_arrival,0,VLAN4012,3,terminal,3,1001,2,3,0,234,10,0,0,1.90697,0
230,allocate_send_arrival,0,VLAN4012,3,terminal,3,1001,2,3,0,230,10,0,1.90697,0,0
235,stage_arrival,0,VLAN4012,3,terminal,3,1001,2,3,0,235,10,0,0,1.90697,0
231,allocate_send_arrival,0,VLAN4012,3,terminal,3,1001,2,3,0,231,10,0,1.90697,0,0
236,stage_arrival,0,VLAN4012,3,terminal,3,1001,2,3,0,236,10,0,0,1.90697,0
232,allocate_send_arrival,0,VLAN4012,3,terminal,3,1001,2,3,0,232,10,0,1.90697,0,0
237,stage_arrival,0,VLAN4012,3,terminal,3,1001,2,3,0,237,10,0,0,1.90697,0
238,stage_arrival,0,VLAN4012,3,terminal,3,1001,2,3,0,238,10,0,0,1.90697,0
234,allocate_send_arrival,0,VLAN4012,3,terminal,3,1001,2,3,0,234,10,0,1.90697,0,0
234,allocate_send_arrival,0,VLAN4012,3,terminal,3,1001,2,3,0,234,10,0,1.90697,0,0
239,stage_arrival,0,VLAN4012,3,terminal,3,1001,2,3,0,239,10,0,0,1.90697,0
235,allocate_send_arrival,0,VLAN4012,3,terminal,3,1001,2,3,0,235,10,0,1.90697,0,0
240,stage_arrival,0,VLAN4012,3,terminal,3,1001,2,3,0,240,10,0,0,1.90697,0
236,allocate_send_arrival,0,VLAN4012,3,terminal,3,1001,2,3,0,236,10,0,1.90697,0,0
241,stage_arrival,0,VLAN4012,3,terminal,3,1001,2,3,0,241,10,0,0,1.87261,0
237,allocate_send_arrival,0,VLAN4012,3,terminal,3,1001,2,3,0,237,10,0,1.87261,0,0
242,stage_arrival,0,VLAN4012,3,terminal,3,1001,2,3,0,242,10,0,0,1.87261,0
238,allocate_send_arrival,0,VLAN4012,3,terminal,3,1001,2,3,0,238,10,0,1.87261,0,0
243,stage_arrival,0,VLAN4012,3,terminal,3,1001,2,3,0,243,10,0,0,1.87261,0
239,allocate_send_arrival,0,VLAN4012,3,terminal,3,1001,2,3,0,239,10,0,1.87261,0,0
244,stage_arrival,0,VLAN4012,3,terminal,3,1001,2,3,0,244,10,0,0,1.87261,0
240,allocate_send_arrival,0,VLAN4012,3,terminal,3,1001,2,3,0,240,10,0,1.87261,0,0
245,stage_arrival,0,VLAN4012,3,terminal,3,1001,2,3,0,245,10,0,0,1.87261,0
241,allocate_send_arrival,0,VLAN4012,3,terminal,3,1001,2,3,0,241,10,0,1.87261,0,0
246,stage_arrival,0,VLAN4012,3,terminal,3,1001,2,3,0,246,10,0,0,1.87261,0
242,allocate_send_arrival,0,VLAN4012,3,terminal,3,1001,2,3,0,242,10,0,1.87261,0,0
247,stage_arrival,0,VLAN4012,3,terminal,3,1001,2,3,0,247,10,0,0,1.87261,0
248,stage_arrival,0,VLAN4012,3,terminal,3,1001,2,3,0,248,10,0,0,1.87261,0
244,allocate_send_arrival,0,VLAN4012,3,terminal,3,1001,2,3,0,244,10,0,1.87261,0,0
244,allocate_send_arrival,0,VLAN4012,3,terminal,3,1001,2,3,0,244,10,0,1.87261,0,0
249,stage_arrival,0,VLAN4012,3,terminal,3,1001,2,3,0,249,10,0,0,1.87261,0
245,allocate_send_arrival,0,VLAN4012,3,terminal,3,1001,2,3,0,245,10,0,1.87261,0,0
250,stage_arrival,0,VLAN4012,3,terminal,3,1001,2,3,0,250,10,0,0,1.87261,0
246,allocate_send_arrival,0,VLAN4012,3,terminal,3,1001,2,3,0,246,10,0,1.87261,0,0
251,stage_arrival,0,VLAN4012,3,terminal,3,1001,2,3,0,251,10,0,0,1.92415,0
247,allocate_send_arrival,0,VLAN4012,3,terminal,3,1001,2,3,0,247,10,0,1.92415,0,0
252,stage_arrival,0,VLAN4012,3,terminal,3,1001,2,3,0,252,10,0,0,1.92415,0
248,allocate_send_arrival,0,VLAN4012,3,terminal,3,1001,2,3,0,248,10,0,1.92415,0,0
253,stage_arrival,0,VLAN4012,3,terminal,3,1001,2,3,0,253,10,0,0,1.92415,0
249,allocate_send_arrival,0,VLAN4012,3,terminal,3,1001,2,3,0,249,10,0,1.92415,0,0
254,stage_arrival,0,VLAN4012,3,terminal,3,1001,2,3,0,254,10,0,0,1.92415,0
250,allocate_send_arrival,0,VLAN4012,3,terminal,3,1001,2,3,0,250,10,0,1.92415,0,0
255,stage_arrival,0,VLAN4012,3,terminal,3,1001,2,3,0,255,10,0,0,1.92415,0
251,allocate_send_arrival,0,VLAN4012,3,terminal,3,1001,2,3,0,251,10,0,1.92415,0,0
256,stage_arrival,0,VLAN4012,3,terminal,3,1001,2,3,0,256,10,0,0,1.92415,0
252,allocate_send_arrival,0,VLAN4012,3,terminal,3,1001,2,3,0,252,10,0,1.92415,0,0
257,stage_arrival,0,VLAN4012,3,terminal,3,1001,2,3,0,257,10,0,0,1.92415,0
258,stage_arrival,0,VLAN4012,3,terminal,3,1001,2,3,0,258,10,0,0,1.92415,0
254,allocate_send_arrival,0,VLAN4012,3,terminal,3,1001,2,3,0,254,10,0,1.92415,0,0
254,allocate_send_arrival,0,VLAN4012,3,terminal,3,1001,2,3,0,254,10,0,1.92415,0,0
259,stage_arrival,0,VLAN4012,3,terminal,3,1001,2,3,0,259,10,0,0,1.92415,0
260,stage_arrival,0,VLAN4012,3,terminal,3,1001,2,3,0,260,10,0,0,1.92415,0
256,allocate_send_arrival,0,VLAN4012,3,terminal,3,1001,2,3,0,256,10,0,1.92415,0,0
256,allocate_send_arrival,0,VLAN4012,3,terminal,3,1001,2,3,0,256,10,0,1.92415,0,0
261,stage_arrival,0,VLAN4012,3,terminal,3,1001,2,3,0,261,10,0,0,2.00145,0
257,allocate_send_arrival,0,VLAN4012,3,terminal,3,1001,2,3,0,257,10,0,2.00145,0,0
262,stage_arrival,0,VLAN4012,3,terminal,3,1001,2,3,0,262,10,0,0,2.00145,0
263,stage_arrival,0,VLAN4012,3,terminal,3,1001,2,3,0,263,10,0,0,2.00145,0
259,allocate_send_arrival,0,VLAN4012,3,terminal,3,1001,2,3,0,259,10,0,2.00145,0,0
259,allocate_send_arrival,0,VLAN4012,3,terminal,3,1001,2,3,0,259,10,0,2.00145,0,0
264,stage_arrival,0,VLAN4012,3,terminal,3,1001,2,3,0,264,10,0,0,2.00145,0
265,stage_arrival,0,VLAN4012,3,terminal,3,1001,2,3,0,265,10,0,0,2.00145,0
261,allocate_send_arrival,0,VLAN4012,3,terminal,3,1001,2,3,0,261,10,0,2.00145,0,0
261,allocate_send_arrival,0,VLAN4012,3,terminal,3,1001,2,3,0,261,10,0,2.00145,0,0
266,stage_arrival,0,VLAN4012,3,terminal,3,1001,2,3,0,266,10,0,0,2.00145,0
262,allocate_send_arrival,0,VLAN4012,3,terminal,3,1001,2,3,0,262,10,0,2.00145,0,0
267,stage_arrival,0,VLAN4012,3,terminal,3,1001,2,3,0,267,10,0,0,2.00145,0
268,stage_arrival,0,VLAN4012,3,terminal,3,1001,2,3,0,268,10,0,0,2.00145,0
264,allocate_send_arrival,0,VLAN4012,3,terminal,3,1001,2,3,0,264,10,0,2.00145,0,0
264,allocate_send_arrival,0,VLAN4012,3,terminal,3,1001,2,3,0,264,10,0,2.00145,0,0
269,stage_arrival,0,VLAN4012,3,terminal,3,1001,2,3,0,269,10,0,0,2.00145,0
265,allocate_send_arrival,0,VLAN4012,3,terminal,3,1001,2,3,0,265,10,0,2.00145,0,0
270,stage_arrival,0,VLAN4012,3,terminal,3,1001,2,3,0,270,10,0,0,2.00145,0
266,allocate_send_arrival,0,VLAN4012,3,terminal,3,1001,2,3,0,266,10,0,2.00145,0,0
271,stage_arrival,0,VLAN4012,3,terminal,3,1001,2,3,0,271,10,0,0,1.93274,0
267,allocate_send_arrival,0,VLAN4012,3,terminal,3,1001,2,3,0,267,10,0,1.93274,0,0
272,stage_arrival,0,VLAN4012,3,terminal,3,1001,2,3,0,272,10,0,0,1.93274,0
268,allocate_send_arrival,0,VLAN4012,3,terminal,3,1001,2,3,0,268,10,0,1.93274,0,0
273,stage_arrival,0,VLAN4012,3,terminal,3,1001,2,3,0,273,10,0,0,1.93274,0
269,allocate_send_arrival,0,VLAN4012,3,terminal,3,1001,2,3,0,269,10,0,1.93274,0,0
274,stage_arrival,0,VLAN4012,3,terminal,3,1001,2,3,0,274,10,0,0,1.93274,0
275,stage_arrival,0,VLAN4012,3,terminal,3,1001,2,3,0,275,10,0,0,1.93274,0
271,allocate_send_arrival,0,VLAN4012,3,terminal,3,1001,2,3,0,271,10,0,1.93274,0,0
271,allocate_send_arrival,0,VLAN4012,3,terminal,3,1001,2,3,0,271,10,0,1.93274,0,0
276,stage_arrival,0,VLAN4012,3,terminal,3,1001,2,3,0,276,10,0,0,1.93274,0
272,allocate_send_arrival,0,VLAN4012,3,terminal,3,1001,2,3,0,272,10,0,1.93274,0,0
277,stage_arrival,0,VLAN4012,3,terminal,3,1001,2,3,0,277,10,0,0,1.93274,0
278,stage_arrival,0,VLAN4012,3,terminal,3,1001,2,3,0,278,10,0,0,1.93274,0
274,allocate_send_arrival,0,VLAN4012,3,terminal,3,1001,2,3,0,274,10,0,1.93274,0,0
274,allocate_send_arrival,0,VLAN4012,3,terminal,3,1001,2,3,0,274,10,0,1.93274,0,0
279,stage_arrival,0,VLAN4012,3,terminal,3,1001,2,3,0,279,10,0,0,1.93274,0
275,allocate_send_arrival,0,VLAN4012,3,terminal,3,1001,2,3,0,275,10,0,1.93274,0,0
280,stage_arrival,0,VLAN4012,3,terminal,3,1001,2,3,0,280,10,0,0,1.93274,0
276,allocate_send_arrival,0,VLAN4012,3,terminal,3,1001,2,3,0,276,10,0,1.93274,0,0
281,stage_arrival,0,VLAN4012,3,terminal,3,1001,2,3,0,281,10,0,0,1.94992,0
277,allocate_send_arrival,0,VLAN4012,3,terminal,3,1001,2,3,0,277,10,0,1.94992,0,0
282,stage_arrival,0,VLAN4012,3,terminal,3,1001,2,3,0,282,10,0,0,1.94992,0
278,allocate_send_arrival,0,VLAN4012,3,terminal,3,1001,2,3,0,278,10,0,1.94992,0,0
283,stage_arrival,0,VLAN4012,3,terminal,3,1001,2,3,0,283,10,0,0,1.94992,0
279,allocate_send_arrival,0,VLAN4012,3,terminal,3,1001,2,3,0,279,10,0,1.94992,0,0
284,stage_arrival,0,VLAN4012,3,terminal,3,1001,2,3,0,284,10,0,0,1.94992,0
285,stage_arrival,0,VLAN4012,3,terminal,3,1001,2,3,0,285,10,0,0,1.94992,0
281,allocate_send_arrival,0,VLAN4012,3,terminal,3,1001,2,3,0,281,10,0,1.94992,0,0
281,allocate_send_arrival,0,VLAN4012,3,terminal,3,1001,2,3,0,281,10,0,1.94992,0,0
286,stage_arrival,0,VLAN4012,3,terminal,3,1001,2,3,0,286,10,0,0,1.94992,0
282,allocate_send_arrival,0,VLAN4012,3,terminal,3,1001,2,3,0,282,10,0,1.94992,0,0
287,stage_arrival,0,VLAN4012,3,terminal,3,1001,2,3,0,287,10,0,0,1.94992,0
283,allocate_send_arrival,0,VLAN4012,3,terminal,3,1001,2,3,0,283,10,0,1.94992,0,0
288,stage_arrival,0,VLAN4012,3,terminal,3,1001,2,3,0,288,10,0,0,1.94992,0
284,allocate_send_arrival,0,VLAN4012,3,terminal,3,1001,2,3,0,284,10,0,1.94992,0,0
289,stage_arrival,0,VLAN4012,3,terminal,3,1001,2,3,0,289,10,0,0,1.94992,0
285,allocate_send_arrival,0,VLAN4012,3,terminal,3,1001,2,3,0,285,10,0,1.94992,0,0
290,stage_arrival,0,VLAN4012,3,terminal,3,1001,2,3,0,290,10,0,0,1.94992,0
286,allocate_send_arrival,0,VLAN4012,3,terminal,3,1001,2,3,0,286,10,0,1.94992,0,0
291,stage_arrival,0,VLAN4012,3,terminal,3,1001,2,3,0,291,10,0,0,1.93274,0
287,allocate_send_arrival,0,VLAN4012,3,terminal,3,1001,2,3,0,287,10,0,1.93274,0,0
292,stage_arrival,0,VLAN4012,3,terminal,3,1001,2,3,0,292,10,0,0,1.93274,0
293,stage_arrival,0,VLAN4012,3,terminal,3,1001,2,3,0,293,10,0,0,1.93274,0
289,allocate_send_arrival,0,VLAN4012,3,terminal,3,1001,2,3,0,289,10,0,1.93274,0,0
289,allocate_send_arrival,0,VLAN4012,3,terminal,3,1001,2,3,0,289,10,0,1.93274,0,0
294,stage_arrival,0,VLAN4012,3,terminal,3,1001,2,3,0,294,10,0,0,1.93274,0
290,allocate_send_arrival,0,VLAN4012,3,terminal,3,1001,2,3,0,290,10,0,1.93274,0,0
295,stage_arrival,0,VLAN4012,3,terminal,3,1001,2,3,0,295,10,0,0,1.93274,0
291,allocate_send_arrival,0,VLAN4012,3,terminal,3,1001,2,3,0,291,10,0,1.93274,0,0
296,stage_arrival,0,VLAN4012,3,terminal,3,1001,2,3,0,296,10,0,0,1.93274,0
292,allocate_send_arrival,0,VLAN4012,3,terminal,3,1001,2,3,0,292,10,0,1.93274,0,0
297,stage_arrival,0,VLAN4012,3,terminal,3,1001,2,3,0,297,10,0,0,1.93274,0
298,stage_arrival,0,VLAN4012,3,terminal,3,1001,2,3,0,298,10,0,0,1.93274,0
294,allocate_send_arrival,0,VLAN4012,3,terminal,3,1001,2,3,0,294,10,0,1.93274,0,0
294,allocate_send_arrival,0,VLAN4012,3,terminal,3,1001,2,3,0,294,10,0,1.93274,0,0
299,stage_arrival,0,VLAN4012,3,terminal,3,1001,2,3,0,299,10,0,0,1.93274,0
300,stage_arrival,0,VLAN4012,3,terminal,3,1001,2,3,0,300,10,0,0,1.93274,0
296,allocate_send_arrival,0,VLAN4012,3,terminal,3,1001,2,3,0,296,10,0,1.93274,0,0
296,allocate_send_arrival,0,VLAN4012,3,terminal,3,1001,2,3,0,296,10,0,1.93274,0,0
301,stage_arrival,0,VLAN4012,3,terminal,3,1001,2,3,0,301,10,0,0,1.94992,0
297,allocate_send_arrival,0,VLAN4012,3,terminal,3,1001,2,3,0,297,10,0,1.94992,0,0
302,stage_arrival,0,VLAN4012,3,terminal,3,1001,2,3,0,302,10,0,0,1.94992,0
298,allocate_send_arrival,0,VLAN4012,3,terminal,3,1001,2,3,0,298,10,0,1.94992,0,0
303,stage_arrival,0,VLAN4012,3,terminal,3,1001,2,3,0,303,10,0,0,1.94992,0
299,allocate_send_arrival,0,VLAN4012,3,terminal,3,1001,2,3,0,299,10,0,1.94992,0,0
304,stage_arrival,0,VLAN4012,3,terminal,3,1001,2,3,0,304,10,0,0,1.94992,0
305,stage_arrival,0,VLAN4012,3,terminal,3,1001,2,3,0,305,10,0,0,1.94992,0
301,allocate_send_arrival,0,VLAN4012,3,terminal,3,1001,2,3,0,301,10,0,1.94992,0,0
301,allocate_send_arrival,0,VLAN4012,3,terminal,3,1001,2,3,0,301,10,0,1.94992,0,0
306,stage_arrival,0,VLAN4012,3,terminal,3,1001,2,3,0,306,10,0,0,1.94992,0
302,allocate_send_arrival,0,VLAN4012,3,terminal,3,1001,2,3,0,302,10,0,1.94992,0,0
307,stage_arrival,0,VLAN4012,3,terminal,3,1001,2,3,0,307,10,0,0,1.94992,0
303,allocate_send_arrival,0,VLAN4012,3,terminal,3,1001,2,3,0,303,10,0,1.94992,0,0
308,stage_arrival,0,VLAN4012,3,terminal,3,1001,2,3,0,308,10,0,0,1.94992,0
304,allocate_send_arrival,0,VLAN4012,3,terminal,3,1001,2,3,0,304,10,0,1.94992,0,0
309,stage_arrival,0,VLAN4012,3,terminal,3,1001,2,3,0,309,10,0,0,1.94992,0
305,allocate_send_arrival,0,VLAN4012,3,terminal,3,1001,2,3,0,305,10,0,1.94992,0,0
310,stage_arrival,0,VLAN4012,3,terminal,3,1001,2,3,0,310,10,0,0,1.94992,0
306,allocate_send_arrival,0,VLAN4012,3,terminal,3,1001,2,3,0,306,10,0,1.94992,0,0
311,stage_arrival,0,VLAN4012,3,terminal,3,1001,2,3,0,311,10,0,0,1.94992,0
307,allocate_send_arrival,0,VLAN4012,3,terminal,3,1001,2,3,0,307,10,0,1.94992,0,0
312,stage_arrival,0,VLAN4012,3,terminal,3,1001,2,3,0,312,10,0,0,1.94992,0
313,stage_arrival,0,VLAN4012,3,terminal,3,1001,2,3,0,313,10,0,0,1.94992,0
309,allocate_send_arrival,0,VLAN4012,3,terminal,3,1001,2,3,0,309,10,0,1.94992,0,0
309,allocate_send_arrival,0,VLAN4012,3,terminal,3,1001,2,3,0,309,10,0,1.94992,0,0
314,stage_arrival,0,VLAN4012,3,terminal,3,1001,2,3,0,314,10,0,0,1.94992,0
315,stage_arrival,0,VLAN4012,3,terminal,3,1001,2,3,0,315,10,0,0,1.94992,0
311,allocate_send_arrival,0,VLAN4012,3,terminal,3,1001,2,3,0,311,10,0,1.94992,0,0
311,allocate_send_arrival,0,VLAN4012,3,terminal,3,1001,2,3,0,311,10,0,1.94992,0,0
316,stage_arrival,0,VLAN4012,3,terminal,3,1001,2,3,0,316,10,0,0,1.94992,0
312,allocate_send_arrival,0,VLAN4012,3,terminal,3,1001,2,3,0,312,10,0,1.94992,0,0
317,stage_arrival,0,VLAN4012,3,terminal,3,1001,2,3,0,317,10,0,0,1.94992,0
314,allocate_send_arrival,0,VLAN4012,3,terminal,3,1001,2,3,0,314,10,0,1.94992,0,0
318,stage_arrival,0,VLAN4012,3,terminal,3,1001,2,3,0,318,10,0,0,1.94992,0
315,allocate_send_arrival,0,VLAN4012,3,terminal,3,1001,2,3,0,315,10,0,1.94992,0,0
319,stage_arrival,0,VLAN4012,3,terminal,3,1001,2,3,0,319,10,0,0,1.94992,0
320,stage_arrival,0,VLAN4012,3,terminal,3,1001,2,3,0,320,10,0,0,1.94992,0
316,allocate_send_arrival,0,VLAN4012,3,terminal,3,1001,2,3,0,316,10,0,1.94992,0,0
316,allocate_send_arrival,0,VLAN4012,3,terminal,3,1001,2,3,0,316,10,0,1.94992,0,0
321,stage_arrival,0,VLAN4012,3,terminal,3,1001,2,3,0,321,10,0,0,1.99286,0
317,allocate_send_arrival,0,VLAN4012,3,terminal,3,1001,2,3,0,317,10,0,1.99286,0,0
322,stage_arrival,0,VLAN4012,3,terminal,3,1001,2,3,0,322,10,0,0,1.99286,0
319,allocate_send_arrival,0,VLAN4012,3,terminal,3,1001,2,3,0,319,10,0,1.99286,0,0
323,stage_arrival,0,VLAN4012,3,terminal,3,1001,2,3,0,323,10,0,0,1.99286,0
324,stage_arrival,0,VLAN4012,3,terminal,3,1001,2,3,0,324,10,0,0,1.99286,0
320,allocate_send_arrival,0,VLAN4012,3,terminal,3,1001,2,3,0,320,10,0,1.99286,0,0
320,allocate_send_arrival,0,VLAN4012,3,terminal,3,1001,2,3,0,320,10,0,1.99286,0,0
325,stage_arrival,0,VLAN4012,3,terminal,3,1001,2,3,0,325,10,0,0,1.99286,0
321,allocate_send_arrival,0,VLAN4012,3,terminal,3,1001,2,3,0,321,10,0,1.99286,0,0
326,stage_arrival,0,VLAN4012,3,terminal,3,1001,2,3,0,326,10,0,0,1.99286,0
323,allocate_send_arrival,0,VLAN4012,3,terminal,3,1001,2,3,0,323,10,0,1.99286,0,0
327,stage_arrival,0,VLAN4012,3,terminal,3,1001,2,3,0,327,10,0,0,1.99286,0
324,allocate_send_arrival,0,VLAN4012,3,terminal,3,1001,2,3,0,324,10,0,1.99286,0,0
328,stage_arrival,0,VLAN4012,3,terminal,3,1001,2,3,0,328,10,0,0,1.99286,0
325,allocate_send_arrival,0,VLAN4012,3,terminal,3,1001,2,3,0,325,10,0,1.99286,0,0
329,stage_arrival,0,VLAN4012,3,terminal,3,1001,2,3,0,329,10,0,0,1.99286,0
326,allocate_send_arrival,0,VLAN4012,3,terminal,3,1001,2,3,0,326,10,0,1.99286,0,0
330,stage_arrival,0,VLAN4012,3,terminal,3,1001,2,3,0,330,10,0,0,1.99286,0
331,stage_arrival,0,VLAN4012,3,terminal,3,1001,2,3,0,331,10,0,0,1.9671,0
327,allocate_send_arrival,0,VLAN4012,3,terminal,3,1001,2,3,0,327,10,0,1.99286,0,0
327,allocate_send_arrival,0,VLAN4012,3,terminal,3,1001,2,3,0,327,10,0,1.9671,0,0
332,stage_arrival,0,VLAN4012,3,terminal,3,1001,2,3,0,332,10,0,0,1.9671,0
329,allocate_send_arrival,0,VLAN4012,3,terminal,3,1001,2,3,0,329,10,0,1.9671,0,0
333,stage_arrival,0,VLAN4012,3,terminal,3,1001,2,3,0,333,10,0,0,1.9671,0
330,allocate_send_arrival,0,VLAN4012,3,terminal,3,1001,2,3,0,330,10,0,1.9671,0,0
334,stage_arrival,0,VLAN4012,3,terminal,3,1001,2,3,0,334,10,0,0,1.9671,0
331,allocate_send_arrival,0,VLAN4012,3,terminal,3,1001,2,3,0,331,10,0,1.9671,0,0
335,stage_arrival,0,VLAN4012,3,terminal,3,1001,2,3,0,335,10,0,0,1.9671,0
332,allocate_send_arrival,0,VLAN4012,3,terminal,3,1001,2,3,0,332,10,0,1.9671,0,0
336,stage_arrival,0,VLAN4012,3,terminal,3,1001,2,3,0,336,10,0,0,1.9671,0
337,stage_arrival,0,VLAN4012,3,terminal,3,1001,2,3,0,337,10,0,0,1.9671,0
333,allocate_send_arrival,0,VLAN4012,3,terminal,3,1001,2,3,0,333,10,0,1.9671,0,0
333,allocate_send_arrival,0,VLAN4012,3,terminal,3,1001,2,3,0,333,10,0,1.9671,0,0
338,stage_arrival,0,VLAN4012,3,terminal,3,1001,2,3,0,338,10,0,0,1.9671,0
339,stage_arrival,0,VLAN4012,3,terminal,3,1001,2,3,0,339,10,0,0,1.9671,0
335,allocate_send_arrival,0,VLAN4012,3,terminal,3,1001,2,3,0,335,10,0,1.9671,0,0
335,allocate_send_arrival,0,VLAN4012,3,terminal,3,1001,2,3,0,335,10,0,1.9671,0,0
340,stage_arrival,0,VLAN4012,3,terminal,3,1001,2,3,0,340,10,0,0,1.9671,0
336,allocate_send_arrival,0,VLAN4012,3,terminal,3,1001,2,3,0,336,10,0,1.9671,0,0
341,stage_arrival,0,VLAN4012,3,terminal,3,1001,2,3,0,341,10,0,0,1.9671,0
337,allocate_send_arrival,0,VLAN4012,3,terminal,3,1001,2,3,0,337,10,0,1.9671,0,0
342,stage_arrival,0,VLAN4012,3,terminal,3,1001,2,3,0,342,10,0,0,1.9671,0
339,allocate_send_arrival,0,VLAN4012,3,terminal,3,1001,2,3,0,339,10,0,1.9671,0,0
343,stage_arrival,0,VLAN4012,3,terminal,3,1001,2,3,0,343,10,0,0,1.9671,0
344,stage_arrival,0,VLAN4012,3,terminal,3,1001,2,3,0,344,10,0,0,1.9671,0
340,allocate_send_arrival,0,VLAN4012,3,terminal,3,1001,2,3,0,340,10,0,1.9671,0,0
340,allocate_send_arrival,0,VLAN4012,3,terminal,3,1001,2,3,0,340,10,0,1.9671,0,0
345,stage_arrival,0,VLAN4012,3,terminal,3,1001,2,3,0,345,10,0,0,1.9671,0
342,allocate_send_arrival,0,VLAN4012,3,terminal,3,1001,2,3,0,342,10,0,1.9671,0,0
346,stage_arrival,0,VLAN4012,3,terminal,3,1001,2,3,0,346,10,0,0,1.9671,0
343,allocate_send_arrival,0,VLAN4012,3,terminal,3,1001,2,3,0,343,10,0,1.9671,0,0
347,stage_arrival,0,VLAN4012,3,terminal,3,1001,2,3,0,347,10,0,0,1.9671,0
344,allocate_send_arrival,0,VLAN4012,3,terminal,3,1001,2,3,0,344,10,0,1.9671,0,0
348,stage_arrival,0,VLAN4012,3,terminal,3,1001,2,3,0,348,10,0,0,1.9671,0
345,allocate_send_arrival,0,VLAN4012,3,terminal,3,1001,2,3,0,345,10,0,1.9671,0,0
349,stage_arrival,0,VLAN4012,3,terminal,3,1001,2,3,0,349,10,0,0,1.9671,0
350,stage_arrival,0,VLAN4012,3,terminal,3,1001,2,3,0,350,10,0,0,1.9671,0
346,allocate_send_arrival,0,VLAN4012,3,terminal,3,1001,2,3,0,346,10,0,1.9671,0,0
346,allocate_send_arrival,0,VLAN4012,3,terminal,3,1001,2,3,0,346,10,0,1.9671,0,0
351,stage_arrival,0,VLAN4012,3,terminal,3,1001,2,3,0,351,10,0,0,1.99286,0
352,stage_arrival,0,VLAN4012,3,terminal,3,1001,2,3,0,352,10,0,0,1.99286,0
348,allocate_send_arrival,0,VLAN4012,3,terminal,3,1001,2,3,0,348,10,0,1.99286,0,0
348,allocate_send_arrival,0,VLAN4012,3,terminal,3,1001,2,3,0,348,10,0,1.99286,0,0
353,stage_arrival,0,VLAN4012,3,terminal,3,1001,2,3,0,353,10,0,0,1.99286,0
354,stage_arrival,0,VLAN4012,3,terminal,3,1001,2,3,0,354,10,0,0,1.99286,0
350,allocate_send_arrival,0,VLAN4012,3,terminal,3,1001,2,3,0,350,10,0,1.99286,0,0
350,allocate_send_arrival,0,VLAN4012,3,terminal,3,1001,2,3,0,350,10,0,1.99286,0,0
355,stage_arrival,0,VLAN4012,3,terminal,3,1001,2,3,0,355,10,0,0,1.99286,0
351,allocate_send_arrival,0,VLAN4012,3,terminal,3,1001,2,3,0,351,10,0,1.99286,0,0
356,stage_arrival,0,VLAN4012,3,terminal,3,1001,2,3,0,356,10,0,0,1.99286,0
357,stage_arrival,0,VLAN4012,3,terminal,3,1001,2,3,0,357,10,0,0,1.99286,0
353,allocate_send_arrival,0,VLAN4012,3,terminal,3,1001,2,3,0,353,10,0,1.99286,0,0
353,allocate_send_arrival,0,VLAN4012,3,terminal,3,1001,2,3,0,353,10,0,1.99286,0,0
358,stage_arrival,0,VLAN4012,3,terminal,3,1001,2,3,0,358,10,0,0,1.99286,0
355,allocate_send_arrival,0,VLAN4012,3,terminal,3,1001,2,3,0,355,10,0,1.99286,0,0
359,stage_arrival,0,VLAN4012,3,terminal,3,1001,2,3,0,359,10,0,0,1.99286,0
360,stage_arrival,0,VLAN4012,3,terminal,3,1001,2,3,0,360,10,0,0,1.99286,0
356,allocate_send_arrival,0,VLAN4012,3,terminal,3,1001,2,3,0,356,10,0,1.99286,0,0
356,allocate_send_arrival,0,VLAN4012,3,terminal,3,1001,2,3,0,356,10,0,1.99286,0,0
361,stage_arrival,0,VLAN4012,3,terminal,3,1001,2,3,0,361,10,0,0,1.9671,0
357,allocate_send_arrival,0,VLAN4012,3,terminal,3,1001,2,3,0,357,10,0,1.9671,0,0
362,stage_arrival,0,VLAN4012,3,terminal,3,1001,2,3,0,362,10,0,0,1.9671,0
359,allocate_send_arrival,0,VLAN4012,3,terminal,3,1001,2,3,0,359,10,0,1.9671,0,0
363,stage_arrival,0,VLAN4012,3,terminal,3,1001,2,3,0,363,10,0,0,1.9671,0
364,stage_arrival,0,VLAN4012,3,terminal,3,1001,2,3,0,364,10,0,0,1.9671,0
360,allocate_send_arrival,0,VLAN4012,3,terminal,3,1001,2,3,0,360,10,0,1.9671,0,0
360,allocate_send_arrival,0,VLAN4012,3,terminal,3,1001,2,3,0,360,10,0,1.9671,0,0
365,stage_arrival,0,VLAN4012,3,terminal,3,1001,2,3,0,365,10,0,0,1.9671,0
361,allocate_send_arrival,0,VLAN4012,3,terminal,3,1001,2,3,0,361,10,0,1.9671,0,0
366,stage_arrival,0,VLAN4012,3,terminal,3,1001,2,3,0,366,10,0,0,1.9671,0
362,allocate_send_arrival,0,VLAN4012,3,terminal,3,1001,2,3,0,362,10,0,1.9671,0,0
367,stage_arrival,0,VLAN4012,3,terminal,3,1001,2,3,0,367,10,0,0,1.9671,0
364,allocate_send_arrival,0,VLAN4012,3,terminal,3,1001,2,3,0,364,10,0,1.9671,0,0
368,stage_arrival,0,VLAN4012,3,terminal,3,1001,2,3,0,368,10,0,0,1.9671,0
369,stage_arrival,0,VLAN4012,3,terminal,3,1001,2,3,0,369,10,0,0,1.9671,0
365,allocate_send_arrival,0,VLAN4012,3,terminal,3,1001,2,3,0,365,10,0,1.9671,0,0
365,allocate_send_arrival,0,VLAN4012,3,terminal,3,1001,2,3,0,365,10,0,1.9671,0,0
370,stage_arrival,0,VLAN4012,3,terminal,3,1001,2,3,0,370,10,0,0,1.9671,0
366,allocate_send_arrival,0,VLAN4012,3,terminal,3,1001,2,3,0,366,10,0,1.9671,0,0
371,stage_arrival,0,VLAN4012,3,terminal,3,1001,2,3,0,371,10,0,0,2.01004,0
372,stage_arrival,0,VLAN4012,3,terminal,3,1001,2,3,0,372,10,0,0,2.01004,0
368,allocate_send_arrival,0,VLAN4012,3,terminal,3,1001,2,3,0,368,10,0,2.01004,0,0
368,allocate_send_arrival,0,VLAN4012,3,terminal,3,1001,2,3,0,368,10,0,2.01004,0,0
373,stage_arrival,0,VLAN4012,3,terminal,3,1001,2,3,0,373,10,0,0,2.01004,0
374,stage_arrival,0,VLAN4012,3,terminal,3,1001,2,3,0,374,10,0,0,2.01004,0
370,allocate_send_arrival,0,VLAN4012,3,terminal,3,1001,2,3,0,370,10,0,2.01004,0,0
370,allocate_send_arrival,0,VLAN4012,3,terminal,3,1001,2,3,0,370,10,0,2.01004,0,0
375,stage_arrival,0,VLAN4012,3,terminal,3,1001,2,3,0,375,10,0,0,2.01004,0
376,stage_arrival,0,VLAN4012,3,terminal,3,1001,2,3,0,376,10,0,0,2.01004,0
372,allocate_send_arrival,0,VLAN4012,3,terminal,3,1001,2,3,0,372,10,0,2.01004,0,0
372,allocate_send_arrival,0,VLAN4012,3,terminal,3,1001,2,3,0,372,10,0,2.01004,0,0
377,stage_arrival,0,VLAN4012,3,terminal,3,1001,2,3,0,377,10,0,0,2.01004,0
373,allocate_send_arrival,0,VLAN4012,3,terminal,3,1001,2,3,0,373,10,0,2.01004,0,0
378,stage_arrival,0,VLAN4012,3,terminal,3,1001,2,3,0,378,10,0,0,2.01004,0
379,stage_arrival,0,VLAN4012,3,terminal,3,1001,2,3,0,379,10,0,0,2.01004,0
375,allocate_send_arrival,0,VLAN4012,3,terminal,3,1001,2,3,0,375,10,0,2.01004,0,0
375,allocate_send_arrival,0,VLAN4012,3,terminal,3,1001,2,3,0,375,10,0,2.01004,0,0
380,stage_arrival,0,VLAN4012,3,terminal,3,1001,2,3,0,380,10,0,0,2.01004,0
376,allocate_send_arrival,0,VLAN4012,3,terminal,3,1001,2,3,0,376,10,0,2.01004,0,0
381,stage_arrival,0,VLAN4012,3,terminal,3,1001,2,3,0,381,10,0,0,1.99286,0
377,allocate_send_arrival,0,VLAN4012,3,terminal,3,1001,2,3,0,377,10,0,1.99286,0,0
382,stage_arrival,0,VLAN4012,3,terminal,3,1001,2,3,0,382,10,0,0,1.99286,0
379,allocate_send_arrival,0,VLAN4012,3,terminal,3,1001,2,3,0,379,10,0,1.99286,0,0
383,stage_arrival,0,VLAN4012,3,terminal,3,1001,2,3,0,383,10,0,0,1.99286,0
380,allocate_send_arrival,0,VLAN4012,3,terminal,3,1001,2,3,0,380,10,0,1.99286,0,0
384,stage_arrival,0,VLAN4012,3,terminal,3,1001,2,3,0,384,10,0,0,1.99286,0
385,stage_arrival,0,VLAN4012,3,terminal,3,1001,2,3,0,385,10,0,0,1.99286,0
381,allocate_send_arrival,0,VLAN4012,3,terminal,3,1001,2,3,0,381,10,0,1.99286,0,0
381,allocate_send_arrival,0,VLAN4012,3,terminal,3,1001,2,3,0,381,10,0,1.99286,0,0
386,stage_arrival,0,VLAN4012,3,terminal,3,1001,2,3,0,386,10,0,0,1.99286,0
387,stage_arrival,0,VLAN4012,3,terminal,3,1001,2,3,0,387,10,0,0,1.99286,0
383,allocate_send_arrival,0,VLAN4012,3,terminal,3,1001,2,3,0,383,10,0,1.99286,0,0
383,allocate_send_arrival,0,VLAN4012,3,terminal,3,1001,2,3,0,383,10,0,1.99286,0,0
388,stage_arrival,0,VLAN4012,3,terminal,3,1001,2,3,0,388,10,0,0,1.99286,0
385,allocate_send_arrival,0,VLAN4012,3,terminal,3,1001,2,3,0,385,10,0,1.99286,0,0
389,stage_arrival,0,VLAN4012,3,terminal,3,1001,2,3,0,389,10,0,0,1.99286,0
390,stage_arrival,0,VLAN4012,3,terminal,3,1001,2,3,0,390,10,0,0,1.99286,0
386,allocate_send_arrival,0,VLAN4012,3,terminal,3,1001,2,3,0,386,10,0,1.99286,0,0
386,allocate_send_arrival,0,VLAN4012,3,terminal,3,1001,2,3,0,386,10,0,1.99286,0,0
391,stage_arrival,0,VLAN4012,3,terminal,3,1001,2,3,0,391,10,0,0,1.9671,0
387,allocate_send_arrival,0,VLAN4012,3,terminal,3,1001,2,3,0,387,10,0,1.9671,0,0
392,stage_arrival,0,VLAN4012,3,terminal,3,1001,2,3,0,392,10,0,0,1.9671,0
393,stage_arrival,0,VLAN4012,3,terminal,3,1001,2,3,0,393,10,0,0,1.9671,0
389,allocate_send_arrival,0,VLAN4012,3,terminal,3,1001,2,3,0,389,10,0,1.9671,0,0
389,allocate_send_arrival,0,VLAN4012,3,terminal,3,1001,2,3,0,389,10,0,1.9671,0,0
394,stage_arrival,0,VLAN4012,3,terminal,3,1001,2,3,0,394,10,0,0,1.9671,0
391,allocate_send_arrival,0,VLAN4012,3,terminal,3,1001,2,3,0,391,10,0,1.9671,0,0
395,stage_arrival,0,VLAN4012,3,terminal,3,1001,2,3,0,395,10,0,0,1.9671,0
396,stage_arrival,0,VLAN4012,3,terminal,3,1001,2,3,0,396,10,0,0,1.9671,0
392,allocate_send_arrival,0,VLAN4012,3,terminal,3,1001,2,3,0,392,10,0,1.9671,0,0
392,allocate_send_arrival,0,VLAN4012,3,terminal,3,1001,2,3,0,392,10,0,1.9671,0,0
397,stage_arrival,0,VLAN4012,3,terminal,3,1001,2,3,0,397,10,0,0,1.9671,0
393,allocate_send_arrival,0,VLAN4012,3,terminal,3,1001,2,3,0,393,10,0,1.9671,0,0
398,stage_arrival,0,VLAN4012,3,terminal,3,1001,2,3,0,398,10,0,0,1.9671,0
394,allocate_send_arrival,0,VLAN4012,3,terminal,3,1001,2,3,0,394,10,0,1.9671,0,0
399,stage_arrival,0,VLAN4012,3,terminal,3,1001,2,3,0,399,10,0,0,1.9671,0
396,allocate_send_arrival,0,VLAN4012,3,terminal,3,1001,2,3,0,396,10,0,1.9671,0,0
400,stage_arrival,0,VLAN4012,3,terminal,3,1001,2,3,0,400,10,0,0,1.9671,0
401,stage_arrival,0,VLAN4012,3,terminal,3,1001,2,3,0,401,10,0,0,1.94133,0
397,allocate_send_arrival,0,VLAN4012,3,terminal,3,1001,2,3,0,397,10,0,1.9671,0,0
397,allocate_send_arrival,0,VLAN4012,3,terminal,3,1001,2,3,0,397,10,0,1.94133,0,0
402,stage_arrival,0,VLAN4012,3,terminal,3,1001,2,3,0,402,10,0,0,1.94133,0
403,stage_arrival,0,VLAN4012,3,terminal,3,1001,2,3,0,403,10,0,0,1.94133,0
399,allocate_send_arrival,0,VLAN4012,3,terminal,3,1001,2,3,0,399,10,0,1.94133,0,0
399,allocate_send_arrival,0,VLAN4012,3,terminal,3,1001,2,3,0,399,10,0,1.94133,0,0
404,stage_arrival,0,VLAN4012,3,terminal,3,1001,2,3,0,404,10,0,0,1.94133,0
401,allocate_send_arrival,0,VLAN4012,3,terminal,3,1001,2,3,0,401,10,0,1.94133,0,0
405,stage_arrival,0,VLAN4012,3,terminal,3,1001,2,3,0,405,10,0,0,1.94133,0
406,stage_arrival,0,VLAN4012,3,terminal,3,1001,2,3,0,406,10,0,0,1.94133,0
402,allocate_send_arrival,0,VLAN4012,3,terminal,3,1001,2,3,0,402,10,0,1.94133,0,0
402,allocate_send_arrival,0,VLAN4012,3,terminal,3,1001,2,3,0,402,10,0,1.94133,0,0
407,stage_arrival,0,VLAN4012,3,terminal,3,1001,2,3,0,407,10,0,0,1.94133,0
403,allocate_send_arrival,0,VLAN4012,3,terminal,3,1001,2,3,0,403,10,0,1.94133,0,0
408,stage_arrival,0,VLAN4012,3,terminal,3,1001,2,3,0,408,10,0,0,1.94133,0
404,allocate_send_arrival,0,VLAN4012,3,terminal,3,1001,2,3,0,404,10,0,1.94133,0,0
409,stage_arrival,0,VLAN4012,3,terminal,3,1001,2,3,0,409,10,0,0,1.94133,0
410,stage_arrival,0,VLAN4012,3,terminal,3,1001,2,3,0,410,10,0,0,1.94133,0
406,allocate_send_arrival,0,VLAN4012,3,terminal,3,1001,2,3,0,406,10,0,1.94133,0,0
406,allocate_send_arrival,0,VLAN4012,3,terminal,3,1001,2,3,0,406,10,0,1.94133,0,0
411,stage_arrival,0,VLAN4012,3,terminal,3,1001,2,3,0,411,10,0,0,1.94133,0
408,allocate_send_arrival,0,VLAN4012,3,terminal,3,1001,2,3,0,408,10,0,1.94133,0,0
412,stage_arrival,0,VLAN4012,3,terminal,3,1001,2,3,0,412,10,0,0,1.94133,0
413,stage_arrival,0,VLAN4012,3,terminal,3,1001,2,3,0,413,10,0,0,1.94133,0
409,allocate_send_arrival,0,VLAN4012,3,terminal,3,1001,2,3,0,409,10,0,1.94133,0,0
409,allocate_send_arrival,0,VLAN4012,3,terminal,3,1001,2,3,0,409,10,0,1.94133,0,0
414,stage_arrival,0,VLAN4012,3,terminal,3,1001,2,3,0,414,10,0,0,1.94133,0
415,stage_arrival,0,VLAN4012,3,terminal,3,1001,2,3,0,415,10,0,0,1.94133,0
411,allocate_send_arrival,0,VLAN4012,3,terminal,3,1001,2,3,0,411,10,0,1.94133,0,0
411,allocate_send_arrival,0,VLAN4012,3,terminal,3,1001,2,3,0,411,10,0,1.94133,0,0
416,stage_arrival,0,VLAN4012,3,terminal,3,1001,2,3,0,416,10,0,0,1.94133,0
413,allocate_send_arrival,0,VLAN4012,3,terminal,3,1001,2,3,0,413,10,0,1.94133,0,0
417,stage_arrival,0,VLAN4012,3,terminal,3,1001,2,3,0,417,10,0,0,1.94133,0
418,stage_arrival,0,VLAN4012,3,terminal,3,1001,2,3,0,418,10,0,0,1.94133,0
414,allocate_send_arrival,0,VLAN4012,3,terminal,3,1001,2,3,0,414,10,0,1.94133,0,0
414,allocate_send_arrival,0,VLAN4012,3,terminal,3,1001,2,3,0,414,10,0,1.94133,0,0
419,stage_arrival,0,VLAN4012,3,terminal,3,1001,2,3,0,419,10,0,0,1.94133,0
416,allocate_send_arrival,0,VLAN4012,3,terminal,3,1001,2,3,0,416,10,0,1.94133,0,0
420,stage_arrival,0,VLAN4012,3,terminal,3,1001,2,3,0,420,10,0,0,1.94133,0
417,allocate_send_arrival,0,VLAN4012,3,terminal,3,1001,2,3,0,417,10,0,1.94133,0,0
421,stage_arrival,0,VLAN4012,3,terminal,3,1001,2,3,0,421,10,0,0,1.94133,0
418,allocate_send_arrival,0,VLAN4012,3,terminal,3,1001,2,3,0,418,10,0,1.94133,0,0
422,stage_arrival,0,VLAN4012,3,terminal,3,1001,2,3,0,422,10,0,0,1.94133,0
423,stage_arrival,0,VLAN4012,3,terminal,3,1001,2,3,0,423,10,0,0,1.94133,0
419,allocate_send_arrival,0,VLAN4012,3,terminal,3,1001,2,3,0,419,10,0,1.94133,0,0
419,allocate_send_arrival,0,VLAN4012,3,terminal,3,1001,2,3,0,419,10,0,1.94133,0,0
424,stage_arrival,0,VLAN4012,3,terminal,3,1001,2,3,0,424,10,0,0,1.94133,0
425,stage_arrival,0,VLAN4012,3,terminal,3,1001,2,3,0,425,10,0,0,1.94133,0
421,allocate_send_arrival,0,VLAN4012,3,terminal,3,1001,2,3,0,421,10,0,1.94133,0,0
421,allocate_send_arrival,0,VLAN4012,3,terminal,3,1001,2,3,0,421,10,0,1.94133,0,0
426,stage_arrival,0,VLAN4012,3,terminal,3,1001,2,3,0,426,10,0,0,1.94133,0
427,stage_arrival,0,VLAN4012,3,terminal,3,1001,2,3,0,427,10,0,0,1.94133,0
423,allocate_send_arrival,0,VLAN4012,3,terminal,3,1001,2,3,0,423,10,0,1.94133,0,0
423,allocate_send_arrival,0,VLAN4012,3,terminal,3,1001,2,3,0,423,10,0,1.94133,0,0
428,stage_arrival,0,VLAN4012,3,terminal,3,1001,2,3,0,428,10,0,0,1.94133,0
424,allocate_send_arrival,0,VLAN4012,3,terminal,3,1001,2,3,0,424,10,0,1.94133,0,0
429,stage_arrival,0,VLAN4012,3,terminal,3,1001,2,3,0,429,10,0,0,1.94133,0
426,allocate_send_arrival,0,VLAN4012,3,terminal,3,1001,2,3,0,426,10,0,1.94133,0,0
430,stage_arrival,0,VLAN4012,3,terminal,3,1001,2,3,0,430,10,0,0,1.94133,0
427,allocate_send_arrival,0,VLAN4012,3,terminal,3,1001,2,3,0,427,10,0,1.94133,0,0
431,stage_arrival,0,VLAN4012,3,terminal,3,1001,2,3,0,431,10,0,0,1.9671,0
428,allocate_send_arrival,0,VLAN4012,3,terminal,3,1001,2,3,0,428,10,0,1.9671,0,0
432,stage_arrival,0,VLAN4012,3,terminal,3,1001,2,3,0,432,10,0,0,1.9671,0
429,allocate_send_arrival,0,VLAN4012,3,terminal,3,1001,2,3,0,429,10,0,1.9671,0,0
433,stage_arrival,0,VLAN4012,3,terminal,3,1001,2,3,0,433,10,0,0,1.9671,0
430,allocate_send_arrival,0,VLAN4012,3,terminal,3,1001,2,3,0,430,10,0,1.9671,0,0
434,stage_arrival,0,VLAN4012,3,terminal,3,1001,2,3,0,434,10,0,0,1.9671,0
435,stage_arrival,0,VLAN4012,3,terminal,3,1001,2,3,0,435,10,0,0,1.9671,0
431,allocate_send_arrival,0,VLAN4012,3,terminal,3,1001,2,3,0,431,10,0,1.9671,0,0
431,allocate_send_arrival,0,VLAN4012,3,terminal,3,1001,2,3,0,431,10,0,1.9671,0,0
436,stage_arrival,0,VLAN4012,3,terminal,3,1001,2,3,0,436,10,0,0,1.9671,0
432,allocate_send_arrival,0,VLAN4012,3,terminal,3,1001,2,3,0,432,10,0,1.9671,0,0
437,stage_arrival,0,VLAN4012,3,terminal,3,1001,2,3,0,437,10,0,0,1.9671,0
433,allocate_send_arrival,0,VLAN4012,3,terminal,3,1001,2,3,0,433,10,0,1.9671,0,0
438,stage_arrival,0,VLAN4012,3,terminal,3,1001,2,3,0,438,10,0,0,1.9671,0
434,allocate_send_arrival,0,VLAN4012,3,terminal,3,1001,2,3,0,434,10,0,1.9671,0,0
439,stage_arrival,0,VLAN4012,3,terminal,3,1001,2,3,0,439,10,0,0,1.9671,0
436,allocate_send_arrival,0,VLAN4012,3,terminal,3,1001,2,3,0,436,10,0,1.9671,0,0
440,stage_arrival,0,VLAN4012,3,terminal,3,1001,2,3,0,440,10,0,0,1.9671,0
441,stage_arrival,0,VLAN4012,3,terminal,3,1001,2,3,0,441,10,0,0,1.91556,0
437,allocate_send_arrival,0,VLAN4012,3,terminal,3,1001,2,3,0,437,10,0,1.9671,0,0
437,allocate_send_arrival,0,VLAN4012,3,terminal,3,1001,2,3,0,437,10,0,1.91556,0,0
442,stage_arrival,0,VLAN4012,3,terminal,3,1001,2,3,0,442,10,0,0,1.91556,0
438,allocate_send_arrival,0,VLAN4012,3,terminal,3,1001,2,3,0,438,10,0,1.91556,0,0
443,stage_arrival,0,VLAN4012,3,terminal,3,1001,2,3,0,443,10,0,0,1.91556,0
440,allocate_send_arrival,0,VLAN4012,3,terminal,3,1001,2,3,0,440,10,0,1.91556,0,0
444,stage_arrival,0,VLAN4012,3,terminal,3,1001,2,3,0,444,10,0,0,1.91556,0
441,allocate_send_arrival,0,VLAN4012,3,terminal,3,1001,2,3,0,441,10,0,1.91556,0,0
445,stage_arrival,0,VLAN4012,3,terminal,3,1001,2,3,0,445,10,0,0,1.91556,0
442,allocate_send_arrival,0,VLAN4012,3,terminal,3,1001,2,3,0,442,10,0,1.91556,0,0
446,stage_arrival,0,VLAN4012,3,terminal,3,1001,2,3,0,446,10,0,0,1.91556,0
443,allocate_send_arrival,0,VLAN4012,3,terminal,3,1001,2,3,0,443,10,0,1.91556,0,0
447,stage_arrival,0,VLAN4012,3,terminal,3,1001,2,3,0,447,10,0,0,1.91556,0
444,allocate_send_arrival,0,VLAN4012,3,terminal,3,1001,2,3,0,444,10,0,1.91556,0,0
448,stage_arrival,0,VLAN4012,3,terminal,3,1001,2,3,0,448,10,0,0,1.91556,0
445,allocate_send_arrival,0,VLAN4012,3,terminal,3,1001,2,3,0,445,10,0,1.91556,0,0
449,stage_arrival,0,VLAN4012,3,terminal,3,1001,2,3,0,449,10,0,0,1.91556,0
446,allocate_send_arrival,0,VLAN4012,3,terminal,3,1001,2,3,0,446,10,0,1.91556,0,0
450,stage_arrival,0,VLAN4012,3,terminal,3,1001,2,3,0,450,10,0,0,1.91556,0
451,stage_arrival,0,VLAN4012,3,terminal,3,1001,2,3,0,451,10,0,0,1.94992,0
447,allocate_send_arrival,0,VLAN4012,3,terminal,3,1001,2,3,0,447,10,0,1.91556,0,0
447,allocate_send_arrival,0,VLAN4012,3,terminal,3,1001,2,3,0,447,10,0,1.94992,0,0
452,stage_arrival,0,VLAN4012,3,terminal,3,1001,2,3,0,452,10,0,0,1.94992,0
449,allocate_send_arrival,0,VLAN4012,3,terminal,3,1001,2,3,0,449,10,0,1.94992,0,0
453,stage_arrival,0,VLAN4012,3,terminal,3,1001,2,3,0,453,10,0,0,1.94992,0
450,allocate_send_arrival,0,VLAN4012,3,terminal,3,1001,2,3,0,450,10,0,1.94992,0,0
454,stage_arrival,0,VLAN4012,3,terminal,3,1001,2,3,0,454,10,0,0,1.94992,0
455,stage_arrival,0,VLAN4012,3,terminal,3,1001,2,3,0,455,10,0,0,1.94992,0
451,allocate_send_arrival,0,VLAN4012,3,terminal,3,1001,2,3,0,451,10,0,1.94992,0,0
451,allocate_send_arrival,0,VLAN4012,3,terminal,3,1001,2,3,0,451,10,0,1.94992,0,0
456,stage_arrival,0,VLAN4012,3,terminal,3,1001,2,3,0,456,10,0,0,1.94992,0
452,allocate_send_arrival,0,VLAN4012,3,terminal,3,1001,2,3,0,452,10,0,1.94992,0,0
457,stage_arrival,0,VLAN4012,3,terminal,3,1001,2,3,0,457,10,0,0,1.94992,0
453,allocate_send_arrival,0,VLAN4012,3,terminal,3,1001,2,3,0,453,10,0,1.94992,0,0
458,stage_arrival,0,VLAN4012,3,terminal,3,1001,2,3,0,458,10,0,0,1.94992,0
455,allocate_send_arrival,0,VLAN4012,3,terminal,3,1001,2,3,0,455,10,0,1.94992,0,0
459,stage_arrival,0,VLAN4012,3,terminal,3,1001,2,3,0,459,10,0,0,1.94992,0
456,allocate_send_arrival,0,VLAN4012,3,terminal,3,1001,2,3,0,456,10,0,1.94992,0,0
460,stage_arrival,0,VLAN4012,3,terminal,3,1001,2,3,0,460,10,0,0,1.94992,0
457,allocate_send_arrival,0,VLAN4012,3,terminal,3,1001,2,3,0,457,10,0,1.94992,0,0
461,stage_arrival,0,VLAN4012,3,terminal,3,1001,2,3,0,461,10,0,0,1.93274,0
462,stage_arrival,0,VLAN4012,3,terminal,3,1001,2,3,0,462,10,0,0,1.93274,0
458,allocate_send_arrival,0,VLAN4012,3,terminal,3,1001,2,3,0,458,10,0,1.93274,0,0
458,allocate_send_arrival,0,VLAN4012,3,terminal,3,1001,2,3,0,458,10,0,1.93274,0,0
463,stage_arrival,0,VLAN4012,3,terminal,3,1001,2,3,0,463,10,0,0,1.93274,0
459,allocate_send_arrival,0,VLAN4012,3,terminal,3,1001,2,3,0,459,10,0,1.93274,0,0
464,stage_arrival,0,VLAN4012,3,terminal,3,1001,2,3,0,464,10,0,0,1.93274,0
465,stage_arrival,0,VLAN4012,3,terminal,3,1001,2,3,0,465,10,0,0,1.93274,0
461,allocate_send_arrival,0,VLAN4012,3,terminal,3,1001,2,3,0,461,10,0,1.93274,0,0
461,allocate_send_arrival,0,VLAN4012,3,terminal,3,1001,2,3,0,461,10,0,1.93274,0,0
466,stage_arrival,0,VLAN4012,3,terminal,3,1001,2,3,0,466,10,0,0,1.93274,0
462,allocate_send_arrival,0,VLAN4012,3,terminal,3,1001,2,3,0,462,10,0,1.93274,0,0
467,stage_arrival,0,VLAN4012,3,terminal,3,1001,2,3,0,467,10,0,0,1.93274,0
463,allocate_send_arrival,0,VLAN4012,3,terminal,3,1001,2,3,0,463,10,0,1.93274,0,0
468,stage_arrival,0,VLAN4012,3,terminal,3,1001,2,3,0,468,10,0,0,1.93274,0
465,allocate_send_arrival,0,VLAN4012,3,terminal,3,1001,2,3,0,465,10,0,1.93274,0,0
469,stage_arrival,0,VLAN4012,3,terminal,3,1001,2,3,0,469,10,0,0,1.93274,0
466,allocate_send_arrival,0,VLAN4012,3,terminal,3,1001,2,3,0,466,10,0,1.93274,0,0
470,stage_arrival,0,VLAN4012,3,terminal,3,1001,2,3,0,470,10,0,0,1.93274,0
467,allocate_send_arrival,0,VLAN4012,3,terminal,3,1001,2,3,0,467,10,0,1.93274,0,0
471,stage_arrival,0,VLAN4012,3,terminal,3,1001,2,3,0,471,10,0,0,1.94992,0
468,allocate_send_arrival,0,VLAN4012,3,terminal,3,1001,2,3,0,468,10,0,1.94992,0,0
472,stage_arrival,0,VLAN4012,3,terminal,3,1001,2,3,0,472,10,0,0,1.94992,0
473,stage_arrival,0,VLAN4012,3,terminal,3,1001,2,3,0,473,10,0,0,1.94992,0
469,allocate_send_arrival,0,VLAN4012,3,terminal,3,1001,2,3,0,469,10,0,1.94992,0,0
469,allocate_send_arrival,0,VLAN4012,3,terminal,3,1001,2,3,0,469,10,0,1.94992,0,0
474,stage_arrival,0,VLAN4012,3,terminal,3,1001,2,3,0,474,10,0,0,1.94992,0
475,stage_arrival,0,VLAN4012,3,terminal,3,1001,2,3,0,475,10,0,0,1.94992,0
471,allocate_send_arrival,0,VLAN4012,3,terminal,3,1001,2,3,0,471,10,0,1.94992,0,0
471,allocate_send_arrival,0,VLAN4012,3,terminal,3,1001,2,3,0,471,10,0,1.94992,0,0
476,stage_arrival,0,VLAN4012,3,terminal,3,1001,2,3,0,476,10,0,0,1.94992,0
477,stage_arrival,0,VLAN4012,3,terminal,3,1001,2,3,0,477,10,0,0,1.94992,0
473,allocate_send_arrival,0,VLAN4012,3,terminal,3,1001,2,3,0,473,10,0,1.94992,0,0
473,allocate_send_arrival,0,VLAN4012,3,terminal,3,1001,2,3,0,473,10,0,1.94992,0,0
478,stage_arrival,0,VLAN4012,3,terminal,3,1001,2,3,0,478,10,0,0,1.94992,0
474,allocate_send_arrival,0,VLAN4012,3,terminal,3,1001,2,3,0,474,10,0,1.94992,0,0
479,stage_arrival,0,VLAN4012,3,terminal,3,1001,2,3,0,479,10,0,0,1.94992,0
480,stage_arrival,0,VLAN4012,3,terminal,3,1001,2,3,0,480,10,0,0,1.94992,0
476,allocate_send_arrival,0,VLAN4012,3,terminal,3,1001,2,3,0,476,10,0,1.94992,0,0
476,allocate_send_arrival,0,VLAN4012,3,terminal,3,1001,2,3,0,476,10,0,1.94992,0,0
481,stage_arrival,0,VLAN4012,3,terminal,3,1001,2,3,0,481,10,0,0,1.94133,0
477,allocate_send_arrival,0,VLAN4012,3,terminal,3,1001,2,3,0,477,10,0,1.94133,0,0
482,stage_arrival,0,VLAN4012,3,terminal,3,1001,2,3,0,482,10,0,0,1.94133,0
483,stage_arrival,0,VLAN4012,3,terminal,3,1001,2,3,0,483,10,0,0,1.94133,0
479,allocate_send_arrival,0,VLAN4012,3,terminal,3,1001,2,3,0,479,10,0,1.94133,0,0
479,allocate_send_arrival,0,VLAN4012,3,terminal,3,1001,2,3,0,479,10,0,1.94133,0,0
484,stage_arrival,0,VLAN4012,3,terminal,3,1001,2,3,0,484,10,0,0,1.94133,0
481,allocate_send_arrival,0,VLAN4012,3,terminal,3,1001,2,3,0,481,10,0,1.94133,0,0
485,stage_arrival,0,VLAN4012,3,terminal,3,1001,2,3,0,485,10,0,0,1.94133,0
482,allocate_send_arrival,0,VLAN4012,3,terminal,3,1001,2,3,0,482,10,0,1.94133,0,0
486,stage_arrival,0,VLAN4012,3,terminal,3,1001,2,3,0,486,10,0,0,1.94133,0
483,allocate_send_arrival,0,VLAN4012,3,terminal,3,1001,2,3,0,483,10,0,1.94133,0,0
487,stage_arrival,0,VLAN4012,3,terminal,3,1001,2,3,0,487,10,0,0,1.94133,0
484,allocate_send_arrival,0,VLAN4012,3,terminal,3,1001,2,3,0,484,10,0,1.94133,0,0
488,stage_arrival,0,VLAN4012,3,terminal,3,1001,2,3,0,488,10,0,0,1.94133,0
485,allocate_send_arrival,0,VLAN4012,3,terminal,3,1001,2,3,0,485,10,0,1.94133,0,0
489,stage_arrival,0,VLAN4012,3,terminal,3,1001,2,3,0,489,10,0,0,1.94133,0
490,stage_arrival,0,VLAN4012,3,terminal,3,1001,2,3,0,490,10,0,0,1.94133,0
486,allocate_send_arrival,0,VLAN4012,3,terminal,3,1001,2,3,0,486,10,0,1.94133,0,0
486,allocate_send_arrival,0,VLAN4012,3,terminal,3,1001,2,3,0,486,10,0,1.94133,0,0
491,stage_arrival,0,VLAN4012,3,terminal,3,1001,2,3,0,491,10,0,0,1.93274,0
488,allocate_send_arrival,0,VLAN4012,3,terminal,3,1001,2,3,0,488,10,0,1.93274,0,0
492,stage_arrival,0,VLAN4012,3,terminal,3,1001,2,3,0,492,10,0,0,1.93274,0
489,allocate_send_arrival,0,VLAN4012,3,terminal,3,1001,2,3,0,489,10,0,1.93274,0,0
493,stage_arrival,0,VLAN4012,3,terminal,3,1001,2,3,0,493,10,0,0,1.93274,0
490,allocate_send_arrival,0,VLAN4012,3,terminal,3,1001,2,3,0,490,10,0,1.93274,0,0
494,stage_arrival,0,VLAN4012,3,terminal,3,1001,2,3,0,494,10,0,0,1.93274,0
491,allocate_send_arrival,0,VLAN4012,3,terminal,3,1001,2,3,0,491,10,0,1.93274,0,0
495,stage_arrival,0,VLAN4012,3,terminal,3,1001,2,3,0,495,10,0,0,1.93274,0
492,allocate_send_arrival,0,VLAN4012,3,terminal,3,1001,2,3,0,492,10,0,1.93274,0,0
496,stage_arrival,0,VLAN4012,3,terminal,3,1001,2,3,0,496,10,0,0,1.93274,0
493,allocate_send_arrival,0,VLAN4012,3,terminal,3,1001,2,3,0,493,10,0,1.93274,0,0
497,stage_arrival,0,VLAN4012,3,terminal,3,1001,2,3,0,497,10,0,0,1.93274,0
498,stage_arrival,0,VLAN4012,3,terminal,3,1001,2,3,0,498,10,0,0,1.93274,0
494,allocate_send_arrival,0,VLAN4012,3,terminal,3,1001,2,3,0,494,10,0,1.93274,0,0
494,allocate_send_arrival,0,VLAN4012,3,terminal,3,1001,2,3,0,494,10,0,1.93274,0,0
499,stage_arrival,0,VLAN4012,3,terminal,3,1001,2,3,0,499,10,0,0,1.93274,0
496,allocate_send_arrival,0,VLAN4012,3,terminal,3,1001,2,3,0,496,10,0,1.93274,0,0
500,stage_arrival,0,VLAN4012,3,terminal,3,1001,2,3,0,500,10,0,0,1.93274,0
501,stage_arrival,0,VLAN4012,3,terminal,3,1001,2,3,0,501,10,0,0,1.93274,0
497,allocate_send_arrival,0,VLAN4012,3,terminal,3,1001,2,3,0,497,10,0,1.93274,0,0
497,allocate_send_arrival,0,VLAN4012,3,terminal,3,1001,2,3,0,497,10,0,1.93274,0,0
502,stage_arrival,0,VLAN4012,3,terminal,3,1001,2,3,0,502,10,0,0,1.93274,0
499,allocate_send_arrival,0,VLAN4012,3,terminal,3,1001,2,3,0,499,10,0,1.93274,0,0
503,stage_arrival,0,VLAN4012,3,terminal,3,1001,2,3,0,503,10,0,0,1.93274,0
500,allocate_send_arrival,0,VLAN4012,3,terminal,3,1001,2,3,0,500,10,0,1.93274,0,0
504,stage_arrival,0,VLAN4012,3,terminal,3,1001,2,3,0,504,10,0,0,1.93274,0
505,stage_arrival,0,VLAN4012,3,terminal,3,1001,2,3,0,505,10,0,0,1.93274,0
501,allocate_send_arrival,0,VLAN4012,3,terminal,3,1001,2,3,0,501,10,0,1.93274,0,0
501,allocate_send_arrival,0,VLAN4012,3,terminal,3,1001,2,3,0,501,10,0,1.93274,0,0
506,stage_arrival,0,VLAN4012,3,terminal,3,1001,2,3,0,506,10,0,0,1.93274,0
502,allocate_send_arrival,0,VLAN4012,3,terminal,3,1001,2,3,0,502,10,0,1.93274,0,0
507,stage_arrival,0,VLAN4012,3,terminal,3,1001,2,3,0,507,10,0,0,1.93274,0
503,allocate_send_arrival,0,VLAN4012,3,terminal,3,1001,2,3,0,503,10,0,1.93274,0,0
508,stage_arrival,0,VLAN4012,3,terminal,3,1001,2,3,0,508,10,0,0,1.93274,0
505,allocate_send_arrival,0,VLAN4012,3,terminal,3,1001,2,3,0,505,10,0,1.93274,0,0
509,stage_arrival,0,VLAN4012,3,terminal,3,1001,2,3,0,509,10,0,0,1.93274,0
510,stage_arrival,0,VLAN4012,3,terminal,3,1001,2,3,0,510,10,0,0,1.93274,0
506,allocate_send_arrival,0,VLAN4012,3,terminal,3,1001,2,3,0,506,10,0,1.93274,0,0
506,allocate_send_arrival,0,VLAN4012,3,terminal,3,1001,2,3,0,506,10,0,1.93274,0,0
511,stage_arrival,0,VLAN4012,3,terminal,3,1001,2,3,0,511,10,0,0,1.95851,0
512,stage_arrival,0,VLAN4012,3,terminal,3,1001,2,3,0,512,10,0,0,1.95851,0
508,allocate_send_arrival,0,VLAN4012,3,terminal,3,1001,2,3,0,508,10,0,1.95851,0,0
508,allocate_send_arrival,0,VLAN4012,3,terminal,3,1001,2,3,0,508,10,0,1.95851,0,0
513,stage_arrival,0,VLAN4012,3,terminal,3,1001,2,3,0,513,10,0,0,1.95851,0
510,allocate_send_arrival,0,VLAN4012,3,terminal,3,1001,2,3,0,510,10,0,1.95851,0,0
514,stage_arrival,0,VLAN4012,3,terminal,3,1001,2,3,0,514,10,0,0,1.95851,0
511,allocate_send_arrival,0,VLAN4012,3,terminal,3,1001,2,3,0,511,10,0,1.95851,0,0
515,stage_arrival,0,VLAN4012,3,terminal,3,1001,2,3,0,515,10,0,0,1.95851,0
512,allocate_send_arrival,0,VLAN4012,3,terminal,3,1001,2,3,0,512,10,0,1.95851,0,0
516,stage_arrival,0,VLAN4012,3,terminal,3,1001,2,3,0,516,10,0,0,1.95851,0
513,allocate_send_arrival,0,VLAN4012,3,terminal,3,1001,2,3,0,513,10,0,1.95851,0,0
517,stage_arrival,0,VLAN4012,3,terminal,3,1001,2,3,0,517,10,0,0,1.95851,0
518,stage_arrival,0,VLAN4012,3,terminal,3,1001,2,3,0,518,10,0,0,1.95851,0
514,allocate_send_arrival,0,VLAN4012,3,terminal,3,1001,2,3,0,514,10,0,1.95851,0,0
514,allocate_send_arrival,0,VLAN4012,3,terminal,3,1001,2,3,0,514,10,0,1.95851,0,0
519,stage_arrival,0,VLAN4012,3,terminal,3,1001,2,3,0,519,10,0,0,1.95851,0
520,stage_arrival,0,VLAN4012,3,terminal,3,1001,2,3,0,520,10,0,0,1.95851,0
516,allocate_send_arrival,0,VLAN4012,3,terminal,3,1001,2,3,0,516,10,0,1.95851,0,0
516,allocate_send_arrival,0,VLAN4012,3,terminal,3,1001,2,3,0,516,10,0,1.95851,0,0
521,stage_arrival,0,VLAN4012,3,terminal,3,1001,2,3,0,521,10,0,0,1.94992,0
518,allocate_send_arrival,0,VLAN4012,3,terminal,3,1001,2,3,0,518,10,0,1.94992,0,0
522,stage_arrival,0,VLAN4012,3,terminal,3,1001,2,3,0,522,10,0,0,1.94992,0
519,allocate_send_arrival,0,VLAN4012,3,terminal,3,1001,2,3,0,519,10,0,1.94992,0,0
523,stage_arrival,0,VLAN4012,3,terminal,3,1001,2,3,0,523,10,0,0,1.94992,0
520,allocate_send_arrival,0,VLAN4012,3,terminal,3,1001,2,3,0,520,10,0,1.94992,0,0
524,stage_arrival,0,VLAN4012,3,terminal,3,1001,2,3,0,524,10,0,0,1.94992,0
521,allocate_send_arrival,0,VLAN4012,3,terminal,3,1001,2,3,0,521,10,0,1.94992,0,0
525,stage_arrival,0,VLAN4012,3,terminal,3,1001,2,3,0,525,10,0,0,1.94992,0
522,allocate_send_arrival,0,VLAN4012,3,terminal,3,1001,2,3,0,522,10,0,1.94992,0,0
526,stage_arrival,0,VLAN4012,3,terminal,3,1001,2,3,0,526,10,0,0,1.94992,0
523,allocate_send_arrival,0,VLAN4012,3,terminal,3,1001,2,3,0,523,10,0,1.94992,0,0
527,stage_arrival,0,VLAN4012,3,terminal,3,1001,2,3,0,527,10,0,0,1.94992,0
524,allocate_send_arrival,0,VLAN4012,3,terminal,3,1001,2,3,0,524,10,0,1.94992,0,0
528,stage_arrival,0,VLAN4012,3,terminal,3,1001,2,3,0,528,10,0,0,1.94992,0
525,allocate_send_arrival,0,VLAN4012,3,terminal,3,1001,2,3,0,525,10,0,1.94992,0,0
529,stage_arrival,0,VLAN4012,3,terminal,3,1001,2,3,0,529,10,0,0,1.94992,0
526,allocate_send_arrival,0,VLAN4012,3,terminal,3,1001,2,3,0,526,10,0,1.94992,0,0
530,stage_arrival,0,VLAN4012,3,terminal,3,1001,2,3,0,530,10,0,0,1.94992,0
527,allocate_send_arrival,0,VLAN4012,3,terminal,3,1001,2,3,0,527,10,0,1.94992,0,0
531,stage_arrival,0,VLAN4012,3,terminal,3,1001,2,3,0,531,10,0,0,1.94992,0
528,allocate_send_arrival,0,VLAN4012,3,terminal,3,1001,2,3,0,528,10,0,1.94992,0,0
532,stage_arrival,0,VLAN4012,3,terminal,3,1001,2,3,0,532,10,0,0,1.94992,0
533,stage_arrival,0,VLAN4012,3,terminal,3,1001,2,3,0,533,10,0,0,1.94992,0
529,allocate_send_arrival,0,VLAN4012,3,terminal,3,1001,2,3,0,529,10,0,1.94992,0,0
529,allocate_send_arrival,0,VLAN4012,3,terminal,3,1001,2,3,0,529,10,0,1.94992,0,0
534,stage_arrival,0,VLAN4012,3,terminal,3,1001,2,3,0,534,10,0,0,1.94992,0
531,allocate_send_arrival,0,VLAN4012,3,terminal,3,1001,2,3,0,531,10,0,1.94992,0,0
535,stage_arrival,0,VLAN4012,3,terminal,3,1001,2,3,0,535,10,0,0,1.94992,0
532,allocate_send_arrival,0,VLAN4012,3,terminal,3,1001,2,3,0,532,10,0,1.94992,0,0
536,stage_arrival,0,VLAN4012,3,terminal,3,1001,2,3,0,536,10,0,0,1.94992,0
533,allocate_send_arrival,0,VLAN4012,3,terminal,3,1001,2,3,0,533,10,0,1.94992,0,0
537,stage_arrival,0,VLAN4012,3,terminal,3,1001,2,3,0,537,10,0,0,1.94992,0
534,allocate_send_arrival,0,VLAN4012,3,terminal,3,1001,2,3,0,534,10,0,1.94992,0,0
538,stage_arrival,0,VLAN4012,3,terminal,3,1001,2,3,0,538,10,0,0,1.94992,0
535,allocate_send_arrival,0,VLAN4012,3,terminal,3,1001,2,3,0,535,10,0,1.94992,0,0
539,stage_arrival,0,VLAN4012,3,terminal,3,1001,2,3,0,539,10,0,0,1.94992,0
540,stage_arrival,0,VLAN4012,3,terminal,3,1001,2,3,0,540,10,0,0,1.94992,0
536,allocate_send_arrival,0,VLAN4012,3,terminal,3,1001,2,3,0,536,10,0,1.94992,0,0
536,allocate_send_arrival,0,VLAN4012,3,terminal,3,1001,2,3,0,536,10,0,1.94992,0,0
541,stage_arrival,0,VLAN4012,3,terminal,3,1001,2,3,0,541,10,0,0,1.93274,0
538,allocate_send_arrival,0,VLAN4012,3,terminal,3,1001,2,3,0,538,10,0,1.93274,0,0
542,stage_arrival,0,VLAN4012,3,terminal,3,1001,2,3,0,542,10,0,0,1.93274,0
543,stage_arrival,0,VLAN4012,3,terminal,3,1001,2,3,0,543,10,0,0,1.93274,0
539,allocate_send_arrival,0,VLAN4012,3,terminal,3,1001,2,3,0,539,10,0,1.93274,0,0
539,allocate_send_arrival,0,VLAN4012,3,terminal,3,1001,2,3,0,539,10,0,1.93274,0,0
544,stage_arrival,0,VLAN4012,3,terminal,3,1001,2,3,0,544,10,0,0,1.93274,0
541,allocate_send_arrival,0,VLAN4012,3,terminal,3,1001,2,3,0,541,10,0,1.93274,0,0
545,stage_arrival,0,VLAN4012,3,terminal,3,1001,2,3,0,545,10,0,0,1.93274,0
542,allocate_send_arrival,0,VLAN4012,3,terminal,3,1001,2,3,0,542,10,0,1.93274,0,0
546,stage_arrival,0,VLAN4012,3,terminal,3,1001,2,3,0,546,10,0,0,1.93274,0
543,allocate_send_arrival,0,VLAN4012,3,terminal,3,1001,2,3,0,543,10,0,1.93274,0,0
547,stage_arrival,0,VLAN4012,3,terminal,3,1001,2,3,0,547,10,0,0,1.93274,0
544,allocate_send_arrival,0,VLAN4012,3,terminal,3,1001,2,3,0,544,10,0,1.93274,0,0
548,stage_arrival,0,VLAN4012,3,terminal,3,1001,2,3,0,548,10,0,0,1.93274,0
545,allocate_send_arrival,0,VLAN4012,3,terminal,3,1001,2,3,0,545,10,0,1.93274,0,0
549,stage_arrival,0,VLAN4012,3,terminal,3,1001,2,3,0,549,10,0,0,1.93274,0
546,allocate_send_arrival,0,VLAN4012,3,terminal,3,1001,2,3,0,546,10,0,1.93274,0,0
550,stage_arrival,0,VLAN4012,3,terminal,3,1001,2,3,0,550,10,0,0,1.93274,0
547,allocate_send_arrival,0,VLAN4012,3,terminal,3,1001,2,3,0,547,10,0,1.93274,0,0
551,stage_arrival,0,VLAN4012,3,terminal,3,1001,2,3,0,551,10,0,0,1.91556,0
548,allocate_send_arrival,0,VLAN4012,3,terminal,3,1001,2,3,0,548,10,0,1.91556,0,0
552,stage_arrival,0,VLAN4012,3,terminal,3,1001,2,3,0,552,10,0,0,1.91556,0
549,allocate_send_arrival,0,VLAN4012,3,terminal,3,1001,2,3,0,549,10,0,1.91556,0,0
553,stage_arrival,0,VLAN4012,3,terminal,3,1001,2,3,0,553,10,0,0,1.91556,0
550,allocate_send_arrival,0,VLAN4012,3,terminal,3,1001,2,3,0,550,10,0,1.91556,0,0
554,stage_arrival,0,VLAN4012,3,terminal,3,1001,2,3,0,554,10,0,0,1.91556,0
551,allocate_send_arrival,0,VLAN4012,3,terminal,3,1001,2,3,0,551,10,0,1.91556,0,0
555,stage_arrival,0,VLAN4012,3,terminal,3,1001,2,3,0,555,10,0,0,1.91556,0
552,allocate_send_arrival,0,VLAN4012,3,terminal,3,1001,2,3,0,552,10,0,1.91556,0,0
556,stage_arrival,0,VLAN4012,3,terminal,3,1001,2,3,0,556,10,0,0,1.91556,0
553,allocate_send_arrival,0,VLAN4012,3,terminal,3,1001,2,3,0,553,10,0,1.91556,0,0
557,stage_arrival,0,VLAN4012,3,terminal,3,1001,2,3,0,557,10,0,0,1.91556,0
558,stage_arrival,0,VLAN4012,3,terminal,3,1001,2,3,0,558,10,0,0,1.91556,0
554,allocate_send_arrival,0,VLAN4012,3,terminal,3,1001,2,3,0,554,10,0,1.91556,0,0
554,allocate_send_arrival,0,VLAN4012,3,terminal,3,1001,2,3,0,554,10,0,1.91556,0,0
559,stage_arrival,0,VLAN4012,3,terminal,3,1001,2,3,0,559,10,0,0,1.91556,0
560,stage_arrival,0,VLAN4012,3,terminal,3,1001,2,3,0,560,10,0,0,1.91556,0
556,allocate_send_arrival,0,VLAN4012,3,terminal,3,1001,2,3,0,556,10,0,1.91556,0,0
556,allocate_send_arrival,0,VLAN4012,3,terminal,3,1001,2,3,0,556,10,0,1.91556,0,0
561,stage_arrival,0,VLAN4012,3,terminal,3,1001,2,3,0,561,10,0,0,1.89838,0
562,stage_arrival,0,VLAN4012,3,terminal,3,1001,2,3,0,562,10,0,0,1.89838,0
558,allocate_send_arrival,0,VLAN4012,3,terminal,3,1001,2,3,0,558,10,0,1.89838,0,0
558,allocate_send_arrival,0,VLAN4012,3,terminal,3,1001,2,3,0,558,10,0,1.89838,0,0
563,stage_arrival,0,VLAN4012,3,terminal,3,1001,2,3,0,563,10,0,0,1.89838,0
559,allocate_send_arrival,0,VLAN4012,3,terminal,3,1001,2,3,0,559,10,0,1.89838,0,0
564,stage_arrival,0,VLAN4012,3,terminal,3,1001,2,3,0,564,10,0,0,1.89838,0
565,stage_arrival,0,VLAN4012,3,terminal,3,1001,2,3,0,565,10,0,0,1.89838,0
561,allocate_send_arrival,0,VLAN4012,3,terminal,3,1001,2,3,0,561,10,0,1.89838,0,0
561,allocate_send_arrival,0,VLAN4012,3,terminal,3,1001,2,3,0,561,10,0,1.89838,0,0
566,stage_arrival,0,VLAN4012,3,terminal,3,1001,2,3,0,566,10,0,0,1.89838,0
567,stage_arrival,0,VLAN4012,3,terminal,3,1001,2,3,0,567,10,0,0,1.89838,0
563,allocate_send_arrival,0,VLAN4012,3,terminal,3,1001,2,3,0,563,10,0,1.89838,0,0
563,allocate_send_arrival,0,VLAN4012,3,terminal,3,1001,2,3,0,563,10,0,1.89838,0,0
568,stage_arrival,0,VLAN4012,3,terminal,3,1001,2,3,0,568,10,0,0,1.89838,0
564,allocate_send_arrival,0,VLAN4012,3,terminal,3,1001,2,3,0,564,10,0,1.89838,0,0
569,stage_arrival,0,VLAN4012,3,terminal,3,1001,2,3,0,569,10,0,0,1.89838,0
566,allocate_send_arrival,0,VLAN4012,3,terminal,3,1001,2,3,0,566,10,0,1.89838,0,0
570,stage_arrival,0,VLAN4012,3,terminal,3,1001,2,3,0,570,10,0,0,1.89838,0
571,stage_arrival,0,VLAN4012,3,terminal,3,1001,2,3,0,571,10,0,0,1.94133,0
567,allocate_send_arrival,0,VLAN4012,3,terminal,3,1001,2,3,0,567,10,0,1.89838,0,0
567,allocate_send_arrival,0,VLAN4012,3,terminal,3,1001,2,3,0,567,10,0,1.94133,0,0
572,stage_arrival,0,VLAN4012,3,terminal,3,1001,2,3,0,572,10,0,0,1.94133,0
569,allocate_send_arrival,0,VLAN4012,3,terminal,3,1001,2,3,0,569,10,0,1.94133,0,0
573,stage_arrival,0,VLAN4012,3,terminal,3,1001,2,3,0,573,10,0,0,1.94133,0
570,allocate_send_arrival,0,VLAN4012,3,terminal,3,1001,2,3,0,570,10,0,1.94133,0,0
574,stage_arrival,0,VLAN4012,3,terminal,3,1001,2,3,0,574,10,0,0,1.94133,0
571,allocate_send_arrival,0,VLAN4012,3,terminal,3,1001,2,3,0,571,10,0,1.94133,0,0
575,stage_arrival,0,VLAN4012,3,terminal,3,1001,2,3,0,575,10,0,0,1.94133,0
576,stage_arrival,0,VLAN4012,3,terminal,3,1001,2,3,0,576,10,0,0,1.94133,0
572,allocate_send_arrival,0,VLAN4012,3,terminal,3,1001,2,3,0,572,10,0,1.94133,0,0
572,allocate_send_arrival,0,VLAN4012,3,terminal,3,1001,2,3,0,572,10,0,1.94133,0,0
577,stage_arrival,0,VLAN4012,3,terminal,3,1001,2,3,0,577,10,0,0,1.94133,0
578,stage_arrival,0,VLAN4012,3,terminal,3,1001,2,3,0,578,10,0,0,1.94133,0
574,allocate_send_arrival,0,VLAN4012,3,terminal,3,1001,2,3,0,574,10,0,1.94133,0,0
574,allocate_send_arrival,0,VLAN4012,3,terminal,3,1001,2,3,0,574,10,0,1.94133,0,0
579,stage_arrival,0,VLAN4012,3,terminal,3,1001,2,3,0,579,10,0,0,1.94133,0
576,allocate_send_arrival,0,VLAN4012,3,terminal,3,1001,2,3,0,576,10,0,1.94133,0,0
580,stage_arrival,0,VLAN4012,3,terminal,3,1001,2,3,0,580,10,0,0,1.94133,0
581,stage_arrival,0,VLAN4012,3,terminal,3,1001,2,3,0,581,10,0,0,1.93274,0
577,allocate_send_arrival,0,VLAN4012,3,terminal,3,1001,2,3,0,577,10,0,1.94133,0,0
577,allocate_send_arrival,0,VLAN4012,3,terminal,3,1001,2,3,0,577,10,0,1.93274,0,0
582,stage_arrival,0,VLAN4012,3,terminal,3,1001,2,3,0,582,10,0,0,1.93274,0
578,allocate_send_arrival,0,VLAN4012,3,terminal,3,1001,2,3,0,578,10,0,1.93274,0,0
583,stage_arrival,0,VLAN4012,3,terminal,3,1001,2,3,0,583,10,0,0,1.93274,0
580,allocate_send_arrival,0,VLAN4012,3,terminal,3,1001,2,3,0,580,10,0,1.93274,0,0
584,stage_arrival,0,VLAN4012,3,terminal,3,1001,2,3,0,584,10,0,0,1.93274,0
581,allocate_send_arrival,0,VLAN4012,3,terminal,3,1001,2,3,0,581,10,0,1.93274,0,0
585,stage_arrival,0,VLAN4012,3,terminal,3,1001,2,3,0,585,10,0,0,1.93274,0
582,allocate_send_arrival,0,VLAN4012,3,terminal,3,1001,2,3,0,582,10,0,1.93274,0,0
586,stage_arrival,0,VLAN4012,3,terminal,3,1001,2,3,0,586,10,0,0,1.93274,0
587,stage_arrival,0,VLAN4012,3,terminal,3,1001,2,3,0,587,10,0,0,1.93274,0
583,allocate_send_arrival,0,VLAN4012,3,terminal,3,1001,2,3,0,583,10,0,1.93274,0,0
583,allocate_send_arrival,0,VLAN4012,3,terminal,3,1001,2,3,0,583,10,0,1.93274,0,0
588,stage_arrival,0,VLAN4012,3,terminal,3,1001,2,3,0,588,10,0,0,1.93274,0
585,allocate_send_arrival,0,VLAN4012,3,terminal,3,1001,2,3,0,585,10,0,1.93274,0,0
589,stage_arrival,0,VLAN4012,3,terminal,3,1001,2,3,0,589,10,0,0,1.93274,0
586,allocate_send_arrival,0,VLAN4012,3,terminal,3,1001,2,3,0,586,10,0,1.93274,0,0
590,stage_arrival,0,VLAN4012,3,terminal,3,1001,2,3,0,590,10,0,0,1.93274,0
587,allocate_send_arrival,0,VLAN4012,3,terminal,3,1001,2,3,0,587,10,0,1.93274,0,0
591,stage_arrival,0,VLAN4012,3,terminal,3,1001,2,3,0,591,10,0,0,1.93274,0
588,allocate_send_arrival,0,VLAN4012,3,terminal,3,1001,2,3,0,588,10,0,1.93274,0,0
592,stage_arrival,0,VLAN4012,3,terminal,3,1001,2,3,0,592,10,0,0,1.93274,0
593,stage_arrival,0,VLAN4012,3,terminal,3,1001,2,3,0,593,10,0,0,1.93274,0
589,allocate_send_arrival,0,VLAN4012,3,terminal,3,1001,2,3,0,589,10,0,1.93274,0,0
589,allocate_send_arrival,0,VLAN4012,3,terminal,3,1001,2,3,0,589,10,0,1.93274,0,0
594,stage_arrival,0,VLAN4012,3,terminal,3,1001,2,3,0,594,10,0,0,1.93274,0
595,stage_arrival,0,VLAN4012,3,terminal,3,1001,2,3,0,595,10,0,0,1.93274,0
591,allocate_send_arrival,0,VLAN4012,3,terminal,3,1001,2,3,0,591,10,0,1.93274,0,0
591,allocate_send_arrival,0,VLAN4012,3,terminal,3,1001,2,3,0,591,10,0,1.93274,0,0
596,stage_arrival,0,VLAN4012,3,terminal,3,1001,2,3,0,596,10,0,0,1.93274,0
592,allocate_send_arrival,0,VLAN4012,3,terminal,3,1001,2,3,0,592,10,0,1.93274,0,0
597,stage_arrival,0,VLAN4012,3,terminal,3,1001,2,3,0,597,10,0,0,1.93274,0
598,stage_arrival,0,VLAN4012,3,terminal,3,1001,2,3,0,598,10,0,0,1.93274,0
594,allocate_send_arrival,0,VLAN4012,3,terminal,3,1001,2,3,0,594,10,0,1.93274,0,0
594,allocate_send_arrival,0,VLAN4012,3,terminal,3,1001,2,3,0,594,10,0,1.93274,0,0
599,stage_arrival,0,VLAN4012,3,terminal,3,1001,2,3,0,599,10,0,0,1.93274,0
600,stage_arrival,0,VLAN4012,3,terminal,3,1001,2,3,0,600,10,0,0,1.93274,0
596,allocate_send_arrival,0,VLAN4012,3,terminal,3,1001,2,3,0,596,10,0,1.93274,0,0
596,allocate_send_arrival,0,VLAN4012,3,terminal,3,1001,2,3,0,596,10,0,1.93274,0,0
601,stage_arrival,0,VLAN4012,3,terminal,3,1001,2,3,0,601,10,0,0,1.94992,0
598,allocate_send_arrival,0,VLAN4012,3,terminal,3,1001,2,3,0,598,10,0,1.94992,0,0
602,stage_arrival,0,VLAN4012,3,terminal,3,1001,2,3,0,602,10,0,0,1.94992,0
603,stage_arrival,0,VLAN4012,3,terminal,3,1001,2,3,0,603,10,0,0,1.94992,0
599,allocate_send_arrival,0,VLAN4012,3,terminal,3,1001,2,3,0,599,10,0,1.94992,0,0
599,allocate_send_arrival,0,VLAN4012,3,terminal,3,1001,2,3,0,599,10,0,1.94992,0,0
604,stage_arrival,0,VLAN4012,3,terminal,3,1001,2,3,0,604,10,0,0,1.94992,0
601,allocate_send_arrival,0,VLAN4012,3,terminal,3,1001,2,3,0,601,10,0,1.94992,0,0
605,stage_arrival,0,VLAN4012,3,terminal,3,1001,2,3,0,605,10,0,0,1.94992,0
606,stage_arrival,0,VLAN4012,3,terminal,3,1001,2,3,0,606,10,0,0,1.94992,0
602,allocate_send_arrival,0,VLAN4012,3,terminal,3,1001,2,3,0,602,10,0,1.94992,0,0
602,allocate_send_arrival,0,VLAN4012,3,terminal,3,1001,2,3,0,602,10,0,1.94992,0,0
607,stage_arrival,0,VLAN4012,3,terminal,3,1001,2,3,0,607,10,0,0,1.94992,0
604,allocate_send_arrival,0,VLAN4012,3,terminal,3,1001,2,3,0,604,10,0,1.94992,0,0
608,stage_arrival,0,VLAN4012,3,terminal,3,1001,2,3,0,608,10,0,0,1.94992,0
605,allocate_send_arrival,0,VLAN4012,3,terminal,3,1001,2,3,0,605,10,0,1.94992,0,0
609,stage_arrival,0,VLAN4012,3,terminal,3,1001,2,3,0,609,10,0,0,1.94992,0
610,stage_arrival,0,VLAN4012,3,terminal,3,1001,2,3,0,610,10,0,0,1.94992,0
606,allocate_send_arrival,0,VLAN4012,3,terminal,3,1001,2,3,0,606,10,0,1.94992,0,0
606,allocate_send_arrival,0,VLAN4012,3,terminal,3,1001,2,3,0,606,10,0,1.94992,0,0
611,stage_arrival,0,VLAN4012,3,terminal,3,1001,2,3,0,611,10,0,0,1.94133,0
607,allocate_send_arrival,0,VLAN4012,3,terminal,3,1001,2,3,0,607,10,0,1.94133,0,0
612,stage_arrival,0,VLAN4012,3,terminal,3,1001,2,3,0,612,10,0,0,1.94133,0
608,allocate_send_arrival,0,VLAN4012,3,terminal,3,1001,2,3,0,608,10,0,1.94133,0,0
613,stage_arrival,0,VLAN4012,3,terminal,3,1001,2,3,0,613,10,0,0,1.94133,0
609,allocate_send_arrival,0,VLAN4012,3,terminal,3,1001,2,3,0,609,10,0,1.94133,0,0
614,stage_arrival,0,VLAN4012,3,terminal,3,1001,2,3,0,614,10,0,0,1.94133,0
615,stage_arrival,0,VLAN4012,3,terminal,3,1001,2,3,0,615,10,0,0,1.94133,0
611,allocate_send_arrival,0,VLAN4012,3,terminal,3,1001,2,3,0,611,10,0,1.94133,0,0
611,allocate_send_arrival,0,VLAN4012,3,terminal,3,1001,2,3,0,611,10,0,1.94133,0,0
616,stage_arrival,0,VLAN4012,3,terminal,3,1001,2,3,0,616,10,0,0,1.94133,0
612,allocate_send_arrival,0,VLAN4012,3,terminal,3,1001,2,3,0,612,10,0,1.94133,0,0
617,stage_arrival,0,VLAN4012,3,terminal,3,1001,2,3,0,617,10,0,0,1.94133,0
618,stage_arrival,0,VLAN4012,3,terminal,3,1001,2,3,0,618,10,0,0,1.94133,0
614,allocate_send_arrival,0,VLAN4012,3,terminal,3,1001,2,3,0,614,10,0,1.94133,0,0
614,allocate_send_arrival,0,VLAN4012,3,terminal,3,1001,2,3,0,614,10,0,1.94133,0,0
619,stage_arrival,0,VLAN4012,3,terminal,3,1001,2,3,0,619,10,0,0,1.94133,0
620,stage_arrival,0,VLAN4012,3,terminal,3,1001,2,3,0,620,10,0,0,1.94133,0
616,allocate_send_arrival,0,VLAN4012,3,terminal,3,1001,2,3,0,616,10,0,1.94133,0,0
616,allocate_send_arrival,0,VLAN4012,3,terminal,3,1001,2,3,0,616,10,0,1.94133,0,0
621,stage_arrival,0,VLAN4012,3,terminal,3,1001,2,3,0,621,10,0,0,1.92415,0
617,allocate_send_arrival,0,VLAN4012,3,terminal,3,1001,2,3,0,617,10,0,1.92415,0,0
622,stage_arrival,0,VLAN4012,3,terminal,3,1001,2,3,0,622,10,0,0,1.92415,0
623,stage_arrival,0,VLAN4012,3,terminal,3,1001,2,3,0,623,10,0,0,1.92415,0
619,allocate_send_arrival,0,VLAN4012,3,terminal,3,1001,2,3,0,619,10,0,1.92415,0,0
619,allocate_send_arrival,0,VLAN4012,3,terminal,3,1001,2,3,0,619,10,0,1.92415,0,0
624,stage_arrival,0,VLAN4012,3,terminal,3,1001,2,3,0,624,10,0,0,1.92415,0
621,allocate_send_arrival,0,VLAN4012,3,terminal,3,1001,2,3,0,621,10,0,1.92415,0,0
625,stage_arrival,0,VLAN4012,3,terminal,3,1001,2,3,0,625,10,0,0,1.92415,0
622,allocate_send_arrival,0,VLAN4012,3,terminal,3,1001,2,3,0,622,10,0,1.92415,0,0
626,stage_arrival,0,VLAN4012,3,terminal,3,1001,2,3,0,626,10,0,0,1.92415,0
627,stage_arrival,0,VLAN4012,3,terminal,3,1001,2,3,0,627,10,0,0,1.92415,0
623,allocate_send_arrival,0,VLAN4012,3,terminal,3,1001,2,3,0,623,10,0,1.92415,0,0
623,allocate_send_arrival,0,VLAN4012,3,terminal,3,1001,2,3,0,623,10,0,1.92415,0,0
628,stage_arrival,0,VLAN4012,3,terminal,3,1001,2,3,0,628,10,0,0,1.92415,0
624,allocate_send_arrival,0,VLAN4012,3,terminal,3,1001,2,3,0,624,10,0,1.92415,0,0
629,stage_arrival,0,VLAN4012,3,terminal,3,1001,2,3,0,629,10,0,0,1.92415,0
626,allocate_send_arrival,0,VLAN4012,3,terminal,3,1001,2,3,0,626,10,0,1.92415,0,0
630,stage_arrival,0,VLAN4012,3,terminal,3,1001,2,3,0,630,10,0,0,1.92415,0
631,stage_arrival,0,VLAN4012,3,terminal,3,1001,2,3,0,631,10,0,0,1.95851,0
627,allocate_send_arrival,0,VLAN4012,3,terminal,3,1001,2,3,0,627,10,0,1.92415,0,0
627,allocate_send_arrival,0,VLAN4012,3,terminal,3,1001,2,3,0,627,10,0,1.95851,0,0
632,stage_arrival,0,VLAN4012,3,terminal,3,1001,2,3,0,632,10,0,0,1.95851,0
628,allocate_send_arrival,0,VLAN4012,3,terminal,3,1001,2,3,0,628,10,0,1.95851,0,0
633,stage_arrival,0,VLAN4012,3,terminal,3,1001,2,3,0,633,10,0,0,1.95851,0
630,allocate_send_arrival,0,VLAN4012,3,terminal,3,1001,2,3,0,630,10,0,1.95851,0,0
634,stage_arrival,0,VLAN4012,3,terminal,3,1001,2,3,0,634,10,0,0,1.95851,0
631,allocate_send_arrival,0,VLAN4012,3,terminal,3,1001,2,3,0,631,10,0,1.95851,0,0
635,stage_arrival,0,VLAN4012,3,terminal,3,1001,2,3,0,635,10,0,0,1.95851,0
632,allocate_send_arrival,0,VLAN4012,3,terminal,3,1001,2,3,0,632,10,0,1.95851,0,0
636,stage_arrival,0,VLAN4012,3,terminal,3,1001,2,3,0,636,10,0,0,1.95851,0
637,stage_arrival,0,VLAN4012,3,terminal,3,1001,2,3,0,637,10,0,0,1.95851,0
633,allocate_send_arrival,0,VLAN4012,3,terminal,3,1001,2,3,0,633,10,0,1.95851,0,0
633,allocate_send_arrival,0,VLAN4012,3,terminal,3,1001,2,3,0,633,10,0,1.95851,0,0
638,stage_arrival,0,VLAN4012,3,terminal,3,1001,2,3,0,638,10,0,0,1.95851,0
635,allocate_send_arrival,0,VLAN4012,3,terminal,3,1001,2,3,0,635,10,0,1.95851,0,0
639,stage_arrival,0,VLAN4012,3,terminal,3,1001,2,3,0,639,10,0,0,1.95851,0
640,stage_arrival,0,VLAN4012,3,terminal,3,1001,2,3,0,640,10,0,0,1.95851,0
636,allocate_send_arrival,0,VLAN4012,3,terminal,3,1001,2,3,0,636,10,0,1.95851,0,0
636,allocate_send_arrival,0,VLAN4012,3,terminal,3,1001,2,3,0,636,10,0,1.95851,0,0
641,stage_arrival,0,VLAN4012,3,terminal,3,1001,2,3,0,641,10,0,0,1.95851,0
638,allocate_send_arrival,0,VLAN4012,3,terminal,3,1001,2,3,0,638,10,0,1.95851,0,0
642,stage_arrival,0,VLAN4012,3,terminal,3,1001,2,3,0,642,10,0,0,1.95851,0
643,stage_arrival,0,VLAN4012,3,terminal,3,1001,2,3,0,643,10,0,0,1.95851,0
639,allocate_send_arrival,0,VLAN4012,3,terminal,3,1001,2,3,0,639,10,0,1.95851,0,0
639,allocate_send_arrival,0,VLAN4012,3,terminal,3,1001,2,3,0,639,10,0,1.95851,0,0
644,stage_arrival,0,VLAN4012,3,terminal,3,1001,2,3,0,644,10,0,0,1.95851,0
645,stage_arrival,0,VLAN4012,3,terminal,3,1001,2,3,0,645,10,0,0,1.95851,0
641,allocate_send_arrival,0,VLAN4012,3,terminal,3,1001,2,3,0,641,10,0,1.95851,0,0
641,allocate_send_arrival,0,VLAN4012,3,terminal,3,1001,2,3,0,641,10,0,1.95851,0,0
646,stage_arrival,0,VLAN4012,3,terminal,3,1001,2,3,0,646,10,0,0,1.95851,0
643,allocate_send_arrival,0,VLAN4012,3,terminal,3,1001,2,3,0,643,10,0,1.95851,0,0
647,stage_arrival,0,VLAN4012,3,terminal,3,1001,2,3,0,647,10,0,0,1.95851,0
644,allocate_send_arrival,0,VLAN4012,3,terminal,3,1001,2,3,0,644,10,0,1.95851,0,0
648,stage_arrival,0,VLAN4012,3,terminal,3,1001,2,3,0,648,10,0,0,1.95851,0
645,allocate_send_arrival,0,VLAN4012,3,terminal,3,1001,2,3,0,645,10,0,1.95851,0,0
649,stage_arrival,0,VLAN4012,3,terminal,3,1001,2,3,0,649,10,0,0,1.95851,0
646,allocate_send_arrival,0,VLAN4012,3,terminal,3,1001,2,3,0,646,10,0,1.95851,0,0
650,stage_arrival,0,VLAN4012,3,terminal,3,1001,2,3,0,650,10,0,0,1.95851,0
647,allocate_send_arrival,0,VLAN4012,3,terminal,3,1001,2,3,0,647,10,0,1.95851,0,0
651,stage_arrival,0,VLAN4012,3,terminal,3,1001,2,3,0,651,10,0,0,1.95851,0
648,allocate_send_arrival,0,VLAN4012,3,terminal,3,1001,2,3,0,648,10,0,1.95851,0,0
652,stage_arrival,0,VLAN4012,3,terminal,3,1001,2,3,0,652,10,0,0,1.95851,0
653,stage_arrival,0,VLAN4012,3,terminal,3,1001,2,3,0,653,10,0,0,1.95851,0
649,allocate_send_arrival,0,VLAN4012,3,terminal,3,1001,2,3,0,649,10,0,1.95851,0,0
649,allocate_send_arrival,0,VLAN4012,3,terminal,3,1001,2,3,0,649,10,0,1.95851,0,0
654,stage_arrival,0,VLAN4012,3,terminal,3,1001,2,3,0,654,10,0,0,1.95851,0
651,allocate_send_arrival,0,VLAN4012,3,terminal,3,1001,2,3,0,651,10,0,1.95851,0,0
655,stage_arrival,0,VLAN4012,3,terminal,3,1001,2,3,0,655,10,0,0,1.95851,0
652,allocate_send_arrival,0,VLAN4012,3,terminal,3,1001,2,3,0,652,10,0,1.95851,0,0
656,stage_arrival,0,VLAN4012,3,terminal,3,1001,2,3,0,656,10,0,0,1.95851,0
653,allocate_send_arrival,0,VLAN4012,3,terminal,3,1001,2,3,0,653,10,0,1.95851,0,0
657,stage_arrival,0,VLAN4012,3,terminal,3,1001,2,3,0,657,10,0,0,1.95851,0
654,allocate_send_arrival,0,VLAN4012,3,terminal,3,1001,2,3,0,654,10,0,1.95851,0,0
658,stage_arrival,0,VLAN4012,3,terminal,3,1001,2,3,0,658,10,0,0,1.95851,0
655,allocate_send_arrival,0,VLAN4012,3,terminal,3,1001,2,3,0,655,10,0,1.95851,0,0
659,stage_arrival,0,VLAN4012,3,terminal,3,1001,2,3,0,659,10,0,0,1.95851,0
656,allocate_send_arrival,0,VLAN4012,3,terminal,3,1001,2,3,0,656,10,0,1.95851,0,0
660,stage_arrival,0,VLAN4012,3,terminal,3,1001,2,3,0,660,10,0,0,1.95851,0
657,allocate_send_arrival,0,VLAN4012,3,terminal,3,1001,2,3,0,657,10,0,1.95851,0,0
661,stage_arrival,0,VLAN4012,3,terminal,3,1001,2,3,0,661,10,0,0,1.94133,0
658,allocate_send_arrival,0,VLAN4012,3,terminal,3,1001,2,3,0,658,10,0,1.94133,0,0
662,stage_arrival,0,VLAN4012,3,terminal,3,1001,2,3,0,662,10,0,0,1.94133,0
663,stage_arrival,0,VLAN4012,3,terminal,3,1001,2,3,0,663,10,0,0,1.94133,0
659,allocate_send_arrival,0,VLAN4012,3,terminal,3,1001,2,3,0,659,10,0,1.94133,0,0
659,allocate_send_arrival,0,VLAN4012,3,terminal,3,1001,2,3,0,659,10,0,1.94133,0,0
664,stage_arrival,0,VLAN4012,3,terminal,3,1001,2,3,0,664,10,0,0,1.94133,0
665,stage_arrival,0,VLAN4012,3,terminal,3,1001,2,3,0,665,10,0,0,1.94133,0
661,allocate_send_arrival,0,VLAN4012,3,terminal,3,1001,2,3,0,661,10,0,1.94133,0,0
661,allocate_send_arrival,0,VLAN4012,3,terminal,3,1001,2,3,0,661,10,0,1.94133,0,0
666,stage_arrival,0,VLAN4012,3,terminal,3,1001,2,3,0,666,10,0,0,1.94133,0
663,allocate_send_arrival,0,VLAN4012,3,terminal,3,1001,2,3,0,663,10,0,1.94133,0,0
667,stage_arrival,0,VLAN4012,3,terminal,3,1001,2,3,0,667,10,0,0,1.94133,0
664,allocate_send_arrival,0,VLAN4012,3,terminal,3,1001,2,3,0,664,10,0,1.94133,0,0
668,stage_arrival,0,VLAN4012,3,terminal,3,1001,2,3,0,668,10,0,0,1.94133,0
665,allocate_send_arrival,0,VLAN4012,3,terminal,3,1001,2,3,0,665,10,0,1.94133,0,0
669,stage_arrival,0,VLAN4012,3,terminal,3,1001,2,3,0,669,10,0,0,1.94133,0
666,allocate_send_arrival,0,VLAN4012,3,terminal,3,1001,2,3,0,666,10,0,1.94133,0,0
670,stage_arrival,0,VLAN4012,3,terminal,3,1001,2,3,0,670,10,0,0,1.94133,0
667,allocate_send_arrival,0,VLAN4012,3,terminal,3,1001,2,3,0,667,10,0,1.94133,0,0
671,stage_arrival,0,VLAN4012,3,terminal,3,1001,2,3,0,671,10,0,0,1.98427,0
668,allocate_send_arrival,0,VLAN4012,3,terminal,3,1001,2,3,0,668,10,0,1.98427,0,0
672,stage_arrival,0,VLAN4012,3,terminal,3,1001,2,3,0,672,10,0,0,1.98427,0
673,stage_arrival,0,VLAN4012,3,terminal,3,1001,2,3,0,673,10,0,0,1.98427,0
669,allocate_send_arrival,0,VLAN4012,3,terminal,3,1001,2,3,0,669,10,0,1.98427,0,0
669,allocate_send_arrival,0,VLAN4012,3,terminal,3,1001,2,3,0,669,10,0,1.98427,0,0
674,stage_arrival,0,VLAN4012,3,terminal,3,1001,2,3,0,674,10,0,0,1.98427,0
675,stage_arrival,0,VLAN4012,3,terminal,3,1001,2,3,0,675,10,0,0,1.98427,0
671,allocate_send_arrival,0,VLAN4012,3,terminal,3,1001,2,3,0,671,10,0,1.98427,0,0
671,allocate_send_arrival,0,VLAN4012,3,terminal,3,1001,2,3,0,671,10,0,1.98427,0,0
676,stage_arrival,0,VLAN4012,3,terminal,3,1001,2,3,0,676,10,0,0,1.98427,0
673,allocate_send_arrival,0,VLAN4012,3,terminal,3,1001,2,3,0,673,10,0,1.98427,0,0
677,stage_arrival,0,VLAN4012,3,terminal,3,1001,2,3,0,677,10,0,0,1.98427,0
674,allocate_send_arrival,0,VLAN4012,3,terminal,3,1001,2,3,0,674,10,0,1.98427,0,0
678,stage_arrival,0,VLAN4012,3,terminal,3,1001,2,3,0,678,10,0,0,1.98427,0
675,allocate_send_arrival,0,VLAN4012,3,terminal,3,1001,2,3,0,675,10,0,1.98427,0,0
679,stage_arrival,0,VLAN4012,3,terminal,3,1001,2,3,0,679,10,0,0,1.98427,0
676,allocate_send_arrival,0,VLAN4012,3,terminal,3,1001,2,3,0,676,10,0,1.98427,0,0
680,stage_arrival,0,VLAN4012,3,terminal,3,1001,2,3,0,680,10,0,0,1.98427,0
677,allocate_send_arrival,0,VLAN4012,3,terminal,3,1001,2,3,0,677,10,0,1.98427,0,0
681,stage_arrival,0,VLAN4012,3,terminal,3,1001,2,3,0,681,10,0,0,1.94133,0
678,allocate_send_arrival,0,VLAN4012,3,terminal,3,1001,2,3,0,678,10,0,1.94133,0,0
682,stage_arrival,0,VLAN4012,3,terminal,3,1001,2,3,0,682,10,0,0,1.94133,0
683,stage_arrival,0,VLAN4012,3,terminal,3,1001,2,3,0,683,10,0,0,1.94133,0
679,allocate_send_arrival,0,VLAN4012,3,terminal,3,1001,2,3,0,679,10,0,1.94133,0,0
679,allocate_send_arrival,0,VLAN4012,3,terminal,3,1001,2,3,0,679,10,0,1.94133,0,0
684,stage_arrival,0,VLAN4012,3,terminal,3,1001,2,3,0,684,10,0,0,1.94133,0
685,stage_arrival,0,VLAN4012,3,terminal,3,1001,2,3,0,685,10,0,0,1.94133,0
681,allocate_send_arrival,0,VLAN4012,3,terminal,3,1001,2,3,0,681,10,0,1.94133,0,0
681,allocate_send_arrival,0,VLAN4012,3,terminal,3,1001,2,3,0,681,10,0,1.94133,0,0
686,stage_arrival,0,VLAN4012,3,terminal,3,1001,2,3,0,686,10,0,0,1.94133,0
683,allocate_send_arrival,0,VLAN4012,3,terminal,3,1001,2,3,0,683,10,0,1.94133,0,0
687,stage_arrival,0,VLAN4012,3,terminal,3,1001,2,3,0,687,10,0,0,1.94133,0
684,allocate_send_arrival,0,VLAN4012,3,terminal,3,1001,2,3,0,684,10,0,1.94133,0,0
688,stage_arrival,0,VLAN4012,3,terminal,3,1001,2,3,0,688,10,0,0,1.94133,0
685,allocate_send_arrival,0,VLAN4012,3,terminal,3,1001,2,3,0,685,10,0,1.94133,0,0
689,stage_arrival,0,VLAN4012,3,terminal,3,1001,2,3,0,689,10,0,0,1.94133,0
686,allocate_send_arrival,0,VLAN4012,3,terminal,3,1001,2,3,0,686,10,0,1.94133,0,0
690,stage_arrival,0,VLAN4012,3,terminal,3,1001,2,3,0,690,10,0,0,1.94133,0
687,allocate_send_arrival,0,VLAN4012,3,terminal,3,1001,2,3,0,687,10,0,1.94133,0,0
691,stage_arrival,0,VLAN4012,3,terminal,3,1001,2,3,0,691,10,0,0,1.91556,0
688,allocate_send_arrival,0,VLAN4012,3,terminal,3,1001,2,3,0,688,10,0,1.91556,0,0
692,stage_arrival,0,VLAN4012,3,terminal,3,1001,2,3,0,692,10,0,0,1.91556,0
689,allocate_send_arrival,0,VLAN4012,3,terminal,3,1001,2,3,0,689,10,0,1.91556,0,0
693,stage_arrival,0,VLAN4012,3,terminal,3,1001,2,3,0,693,10,0,0,1.91556,0
690,allocate_send_arrival,0,VLAN4012,3,terminal,3,1001,2,3,0,690,10,0,1.91556,0,0
694,stage_arrival,0,VLAN4012,3,terminal,3,1001,2,3,0,694,10,0,0,1.91556,0
695,stage_arrival,0,VLAN4012,3,terminal,3,1001,2,3,0,695,10,0,0,1.91556,0
691,allocate_send_arrival,0,VLAN4012,3,terminal,3,1001,2,3,0,691,10,0,1.91556,0,0
691,allocate_send_arrival,0,VLAN4012,3,terminal,3,1001,2,3,0,691,10,0,1.91556,0,0
696,stage_arrival,0,VLAN4012,3,terminal,3,1001,2,3,0,696,10,0,0,1.91556,0
693,allocate_send_arrival,0,VLAN4012,3,terminal,3,1001,2,3,0,693,10,0,1.91556,0,0
697,stage_arrival,0,VLAN4012,3,terminal,3,1001,2,3,0,697,10,0,0,1.91556,0
698,stage_arrival,0,VLAN4012,3,terminal,3,1001,2,3,0,698,10,0,0,1.91556,0
694,allocate_send_arrival,0,VLAN4012,3,terminal,3,1001,2,3,0,694,10,0,1.91556,0,0
694,allocate_send_arrival,0,VLAN4012,3,terminal,3,1001,2,3,0,694,10,0,1.91556,0,0
699,stage_arrival,0,VLAN4012,3,terminal,3,1001,2,3,0,699,10,0,0,1.91556,0
696,allocate_send_arrival,0,VLAN4012,3,terminal,3,1001,2,3,0,696,10,0,1.91556,0,0
700,stage_arrival,0,VLAN4012,3,terminal,3,1001,2,3,0,700,10,0,0,1.91556,0
697,allocate_send_arrival,0,VLAN4012,3,terminal,3,1001,2,3,0,697,10,0,1.91556,0,0
701,stage_arrival,0,VLAN4012,3,terminal,3,1001,2,3,0,701,10,0,0,1.95851,0
698,allocate_send_arrival,0,VLAN4012,3,terminal,3,1001,2,3,0,698,10,0,1.95851,0,0
702,stage_arrival,0,VLAN4012,3,terminal,3,1001,2,3,0,702,10,0,0,1.95851,0
699,allocate_send_arrival,0,VLAN4012,3,terminal,3,1001,2,3,0,699,10,0,1.95851,0,0
703,stage_arrival,0,VLAN4012,3,terminal,3,1001,2,3,0,703,10,0,0,1.95851,0
700,allocate_send_arrival,0,VLAN4012,3,terminal,3,1001,2,3,0,700,10,0,1.95851,0,0
704,stage_arrival,0,VLAN4012,3,terminal,3,1001,2,3,0,704,10,0,0,1.95851,0
705,stage_arrival,0,VLAN4012,3,terminal,3,1001,2,3,0,705,10,0,0,1.95851,0
701,allocate_send_arrival,0,VLAN4012,3,terminal,3,1001,2,3,0,701,10,0,1.95851,0,0
701,allocate_send_arrival,0,VLAN4012,3,terminal,3,1001,2,3,0,701,10,0,1.95851,0,0
706,stage_arrival,0,VLAN4012,3,terminal,3,1001,2,3,0,706,10,0,0,1.95851,0
703,allocate_send_arrival,0,VLAN4012,3,terminal,3,1001,2,3,0,703,10,0,1.95851,0,0
707,stage_arrival,0,VLAN4012,3,terminal,3,1001,2,3,0,707,10,0,0,1.95851,0
704,allocate_send_arrival,0,VLAN4012,3,terminal,3,1001,2,3,0,704,10,0,1.95851,0,0
708,stage_arrival,0,VLAN4012,3,terminal,3,1001,2,3,0,708,10,0,0,1.95851,0
705,allocate_send_arrival,0,VLAN4012,3,terminal,3,1001,2,3,0,705,10,0,1.95851,0,0
709,stage_arrival,0,VLAN4012,3,terminal,3,1001,2,3,0,709,10,0,0,1.95851,0
710,stage_arrival,0,VLAN4012,3,terminal,3,1001,2,3,0,710,10,0,0,1.95851,0
706,allocate_send_arrival,0,VLAN4012,3,terminal,3,1001,2,3,0,706,10,0,1.95851,0,0
706,allocate_send_arrival,0,VLAN4012,3,terminal,3,1001,2,3,0,706,10,0,1.95851,0,0
711,stage_arrival,0,VLAN4012,3,terminal,3,1001,2,3,0,711,10,0,0,1.94992,0
708,allocate_send_arrival,0,VLAN4012,3,terminal,3,1001,2,3,0,708,10,0,1.94992,0,0
712,stage_arrival,0,VLAN4012,3,terminal,3,1001,2,3,0,712,10,0,0,1.94992,0
713,stage_arrival,0,VLAN4012,3,terminal,3,1001,2,3,0,713,10,0,0,1.94992,0
709,allocate_send_arrival,0,VLAN4012,3,terminal,3,1001,2,3,0,709,10,0,1.94992,0,0
709,allocate_send_arrival,0,VLAN4012,3,terminal,3,1001,2,3,0,709,10,0,1.94992,0,0
714,stage_arrival,0,VLAN4012,3,terminal,3,1001,2,3,0,714,10,0,0,1.94992,0
715,stage_arrival,0,VLAN4012,3,terminal,3,1001,2,3,0,715,10,0,0,1.94992,0
711,allocate_send_arrival,0,VLAN4012,3,terminal,3,1001,2,3,0,711,10,0,1.94992,0,0
711,allocate_send_arrival,0,VLAN4012,3,terminal,3,1001,2,3,0,711,10,0,1.94992,0,0
716,stage_arrival,0,VLAN4012,3,terminal,3,1001,2,3,0,716,10,0,0,1.94992,0
713,allocate_send_arrival,0,VLAN4012,3,terminal,3,1001,2,3,0,713,10,0,1.94992,0,0
717,stage_arrival,0,VLAN4012,3,terminal,3,1001,2,3,0,717,10,0,0,1.94992,0
714,allocate_send_arrival,0,VLAN4012,3,terminal,3,1001,2,3,0,714,10,0,1.94992,0,0
718,stage_arrival,0,VLAN4012,3,terminal,3,1001,2,3,0,718,10,0,0,1.94992,0
715,allocate_send_arrival,0,VLAN4012,3,terminal,3,1001,2,3,0,715,10,0,1.94992,0,0
719,stage_arrival,0,VLAN4012,3,terminal,3,1001,2,3,0,719,10,0,0,1.94992,0
716,allocate_send_arrival,0,VLAN4012,3,terminal,3,1001,2,3,0,716,10,0,1.94992,0,0
720,stage_arrival,0,VLAN4012,3,terminal,3,1001,2,3,0,720,10,0,0,1.94992,0
717,allocate_send_arrival,0,VLAN4012,3,terminal,3,1001,2,3,0,717,10,0,1.94992,0,0
721,stage_arrival,0,VLAN4012,3,terminal,3,1001,2,3,0,721,10,0,0,1.95851,0
718,allocate_send_arrival,0,VLAN4012,3,terminal,3,1001,2,3,0,718,10,0,1.95851,0,0
722,stage_arrival,0,VLAN4012,3,terminal,3,1001,2,3,0,722,10,0,0,1.95851,0
719,allocate_send_arrival,0,VLAN4012,3,terminal,3,1001,2,3,0,719,10,0,1.95851,0,0
723,stage_arrival,0,VLAN4012,3,terminal,3,1001,2,3,0,723,10,0,0,1.95851,0
720,allocate_send_arrival,0,VLAN4012,3,terminal,3,1001,2,3,0,720,10,0,1.95851,0,0
724,stage_arrival,0,VLAN4012,3,terminal,3,1001,2,3,0,724,10,0,0,1.95851,0
725,stage_arrival,0,VLAN4012,3,terminal,3,1001,2,3,0,725,10,0,0,1.95851,0
721,allocate_send_arrival,0,VLAN4012,3,terminal,3,1001,2,3,0,721,10,0,1.95851,0,0
721,allocate_send_arrival,0,VLAN4012,3,terminal,3,1001,2,3,0,721,10,0,1.95851,0,0
726,stage_arrival,0,VLAN4012,3,terminal,3,1001,2,3,0,726,10,0,0,1.95851,0
723,allocate_send_arrival,0,VLAN4012,3,terminal,3,1001,2,3,0,723,10,0,1.95851,0,0
727,stage_arrival,0,VLAN4012,3,terminal,3,1001,2,3,0,727,10,0,0,1.95851,0
724,allocate_send_arrival,0,VLAN4012,3,terminal,3,1001,2,3,0,724,10,0,1.95851,0,0
728,stage_arrival,0,VLAN4012,3,terminal,3,1001,2,3,0,728,10,0,0,1.95851,0
725,allocate_send_arrival,0,VLAN4012,3,terminal,3,1001,2,3,0,725,10,0,1.95851,0,0
729,stage_arrival,0,VLAN4012,3,terminal,3,1001,2,3,0,729,10,0,0,1.95851,0
730,stage_arrival,0,VLAN4012,3,terminal,3,1001,2,3,0,730,10,0,0,1.95851,0
726,allocate_send_arrival,0,VLAN4012,3,terminal,3,1001,2,3,0,726,10,0,1.95851,0,0
726,allocate_send_arrival,0,VLAN4012,3,terminal,3,1001,2,3,0,726,10,0,1.95851,0,0
731,stage_arrival,0,VLAN4012,3,terminal,3,1001,2,3,0,731,10,0,0,1.90697,0
728,allocate_send_arrival,0,VLAN4012,3,terminal,3,1001,2,3,0,728,10,0,1.90697,0,0
732,stage_arrival,0,VLAN4012,3,terminal,3,1001,2,3,0,732,10,0,0,1.90697,0
729,allocate_send_arrival,0,VLAN4012,3,terminal,3,1001,2,3,0,729,10,0,1.90697,0,0
733,stage_arrival,0,VLAN4012,3,terminal,3,1001,2,3,0,733,10,0,0,1.90697,0
730,allocate_send_arrival,0,VLAN4012,3,terminal,3,1001,2,3,0,730,10,0,1.90697,0,0
734,stage_arrival,0,VLAN4012,3,terminal,3,1001,2,3,0,734,10,0,0,1.90697,0
735,stage_arrival,0,VLAN4012,3,terminal,3,1001,2,3,0,735,10,0,0,1.90697,0
731,allocate_send_arrival,0,VLAN4012,3,terminal,3,1001,2,3,0,731,10,0,1.90697,0,0
731,allocate_send_arrival,0,VLAN4012,3,terminal,3,1001,2,3,0,731,10,0,1.90697,0,0
736,stage_arrival,0,VLAN4012,3,terminal,3,1001,2,3,0,736,10,0,0,1.90697,0
733,allocate_send_arrival,0,VLAN4012,3,terminal,3,1001,2,3,0,733,10,0,1.90697,0,0
737,stage_arrival,0,VLAN4012,3,terminal,3,1001,2,3,0,737,10,0,0,1.90697,0
734,allocate_send_arrival,0,VLAN4012,3,terminal,3,1001,2,3,0,734,10,0,1.90697,0,0
738,stage_arrival,0,VLAN4012,3,terminal,3,1001,2,3,0,738,10,0,0,1.90697,0
735,allocate_send_arrival,0,VLAN4012,3,terminal,3,1001,2,3,0,735,10,0,1.90697,0,0
739,stage_arrival,0,VLAN4012,3,terminal,3,1001,2,3,0,739,10,0,0,1.90697,0
736,allocate_send_arrival,0,VLAN4012,3,terminal,3,1001,2,3,0,736,10,0,1.90697,0,0
740,stage_arrival,0,VLAN4012,3,terminal,3,1001,2,3,0,740,10,0,0,1.90697,0
737,allocate_send_arrival,0,VLAN4012,3,terminal,3,1001,2,3,0,737,10,0,1.90697,0,0
741,stage_arrival,0,VLAN4012,3,terminal,3,1001,2,3,0,741,10,0,0,1.93274,0
738,allocate_send_arrival,0,VLAN4012,3,terminal,3,1001,2,3,0,738,10,0,1.93274,0,0
742,stage_arrival,0,VLAN4012,3,terminal,3,1001,2,3,0,742,10,0,0,1.93274,0
743,stage_arrival,0,VLAN4012,3,terminal,3,1001,2,3,0,743,10,0,0,1.93274,0
739,allocate_send_arrival,0,VLAN4012,3,terminal,3,1001,2,3,0,739,10,0,1.93274,0,0
739,allocate_send_arrival,0,VLAN4012,3,terminal,3,1001,2,3,0,739,10,0,1.93274,0,0
744,stage_arrival,0,VLAN4012,3,terminal,3,1001,2,3,0,744,10,0,0,1.93274,0
745,stage_arrival,0,VLAN4012,3,terminal,3,1001,2,3,0,745,10,0,0,1.93274,0
741,allocate_send_arrival,0,VLAN4012,3,terminal,3,1001,2,3,0,741,10,0,1.93274,0,0
741,allocate_send_arrival,0,VLAN4012,3,terminal,3,1001,2,3,0,741,10,0,1.93274,0,0
746,stage_arrival,0,VLAN4012,3,terminal,3,1001,2,3,0,746,10,0,0,1.93274,0
743,allocate_send_arrival,0,VLAN4012,3,terminal,3,1001,2,3,0,743,10,0,1.93274,0,0
747,stage_arrival,0,VLAN4012,3,terminal,3,1001,2,3,0,747,10,0,0,1.93274,0
748,stage_arrival,0,VLAN4012,3,terminal,3,1001,2,3,0,748,10,0,0,1.93274,0
744,allocate_send_arrival,0,VLAN4012,3,terminal,3,1001,2,3,0,744,10,0,1.93274,0,0
744,allocate_send_arrival,0,VLAN4012,3,terminal,3,1001,2,3,0,744,10,0,1.93274,0,0
749,stage_arrival,0,VLAN4012,3,terminal,3,1001,2,3,0,749,10,0,0,1.93274,0
750,stage_arrival,0,VLAN4012,3,terminal,3,1001,2,3,0,750,10,0,0,1.93274,0
746,allocate_send_arrival,0,VLAN4012,3,terminal,3,1001,2,3,0,746,10,0,1.93274,0,0
746,allocate_send_arrival,0,VLAN4012,3,terminal,3,1001,2,3,0,746,10,0,1.93274,0,0
751,stage_arrival,0,VLAN4012,3,terminal,3,1001,2,3,0,751,10,0,0,1.94992,0
748,allocate_send_arrival,0,VLAN4012,3,terminal,3,1001,2,3,0,748,10,0,1.94992,0,0
752,stage_arrival,0,VLAN4012,3,terminal,3,1001,2,3,0,752,10,0,0,1.94992,0
749,allocate_send_arrival,0,VLAN4012,3,terminal,3,1001,2,3,0,749,10,0,1.94992,0,0
753,stage_arrival,0,VLAN4012,3,terminal,3,1001,2,3,0,753,10,0,0,1.94992,0
750,allocate_send_arrival,0,VLAN4012,3,terminal,3,1001,2,3,0,750,10,0,1.94992,0,0
754,stage_arrival,0,VLAN4012,3,terminal,3,1001,2,3,0,754,10,0,0,1.94992,0
755,stage_arrival,0,VLAN4012,3,terminal,3,1001,2,3,0,755,10,0,0,1.94992,0
751,allocate_send_arrival,0,VLAN4012,3,terminal,3,1001,2,3,0,751,10,0,1.94992,0,0
751,allocate_send_arrival,0,VLAN4012,3,terminal,3,1001,2,3,0,751,10,0,1.94992,0,0
756,stage_arrival,0,VLAN4012,3,terminal,3,1001,2,3,0,756,10,0,0,1.94992,0
753,allocate_send_arrival,0,VLAN4012,3,terminal,3,1001,2,3,0,753,10,0,1.94992,0,0
757,stage_arrival,0,VLAN4012,3,terminal,3,1001,2,3,0,757,10,0,0,1.94992,0
758,stage_arrival,0,VLAN4012,3,terminal,3,1001,2,3,0,758,10,0,0,1.94992,0
754,allocate_send_arrival,0,VLAN4012,3,terminal,3,1001,2,3,0,754,10,0,1.94992,0,0
754,allocate_send_arrival,0,VLAN4012,3,terminal,3,1001,2,3,0,754,10,0,1.94992,0,0
759,stage_arrival,0,VLAN4012,3,terminal,3,1001,2,3,0,759,10,0,0,1.94992,0
760,stage_arrival,0,VLAN4012,3,terminal,3,1001,2,3,0,760,10,0,0,1.94992,0
756,allocate_send_arrival,0,VLAN4012,3,terminal,3,1001,2,3,0,756,10,0,1.94992,0,0
756,allocate_send_arrival,0,VLAN4012,3,terminal,3,1001,2,3,0,756,10,0,1.94992,0,0
761,stage_arrival,0,VLAN4012,3,terminal,3,1001,2,3,0,761,10,0,0,1.94133,0
758,allocate_send_arrival,0,VLAN4012,3,terminal,3,1001,2,3,0,758,10,0,1.94133,0,0
762,stage_arrival,0,VLAN4012,3,terminal,3,1001,2,3,0,762,10,0,0,1.94133,0
759,allocate_send_arrival,0,VLAN4012,3,terminal,3,1001,2,3,0,759,10,0,1.94133,0,0
763,stage_arrival,0,VLAN4012,3,terminal,3,1001,2,3,0,763,10,0,0,1.94133,0
760,allocate_send_arrival,0,VLAN4012,3,terminal,3,1001,2,3,0,760,10,0,1.94133,0,0
764,stage_arrival,0,VLAN4012,3,terminal,3,1001,2,3,0,764,10,0,0,1.94133,0
761,allocate_send_arrival,0,VLAN4012,3,terminal,3,1001,2,3,0,761,10,0,1.94133,0,0
765,stage_arrival,0,VLAN4012,3,terminal,3,1001,2,3,0,765,10,0,0,1.94133,0
762,allocate_send_arrival,0,VLAN4012,3,terminal,3,1001,2,3,0,762,10,0,1.94133,0,0
766,stage_arrival,0,VLAN4012,3,terminal,3,1001,2,3,0,766,10,0,0,1.94133,0
763,allocate_send_arrival,0,VLAN4012,3,terminal,3,1001,2,3,0,763,10,0,1.94133,0,0
767,stage_arrival,0,VLAN4012,3,terminal,3,1001,2,3,0,767,10,0,0,1.94133,0
764,allocate_send_arrival,0,VLAN4012,3,terminal,3,1001,2,3,0,764,10,0,1.94133,0,0
768,stage_arrival,0,VLAN4012,3,terminal,3,1001,2,3,0,768,10,0,0,1.94133,0
765,allocate_send_arrival,0,VLAN4012,3,terminal,3,1001,2,3,0,765,10,0,1.94133,0,0
769,stage_arrival,0,VLAN4012,3,terminal,3,1001,2,3,0,769,10,0,0,1.94133,0
766,allocate_send_arrival,0,VLAN4012,3,terminal,3,1001,2,3,0,766,10,0,1.94133,0,0
770,stage_arrival,0,VLAN4012,3,terminal,3,1001,2,3,0,770,10,0,0,1.94133,0
767,allocate_send_arrival,0,VLAN4012,3,terminal,3,1001,2,3,0,767,10,0,1.94133,0,0
771,stage_arrival,0,VLAN4012,3,terminal,3,1001,2,3,0,771,10,0,0,1.9671,0
768,allocate_send_arrival,0,VLAN4012,3,terminal,3,1001,2,3,0,768,10,0,1.9671,0,0
772,stage_arrival,0,VLAN4012,3,terminal,3,1001,2,3,0,772,10,0,0,1.9671,0
769,allocate_send_arrival,0,VLAN4012,3,terminal,3,1001,2,3,0,769,10,0,1.9671,0,0
773,stage_arrival,0,VLAN4012,3,terminal,3,1001,2,3,0,773,10,0,0,1.9671,0
770,allocate_send_arrival,0,VLAN4012,3,terminal,3,1001,2,3,0,770,10,0,1.9671,0,0
774,stage_arrival,0,VLAN4012,3,terminal,3,1001,2,3,0,774,10,0,0,1.9671,0
771,allocate_send_arrival,0,VLAN4012,3,terminal,3,1001,2,3,0,771,10,0,1.9671,0,0
775,stage_arrival,0,VLAN4012,3,terminal,3,1001,2,3,0,775,10,0,0,1.9671,0
772,allocate_send_arrival,0,VLAN4012,3,terminal,3,1001,2,3,0,772,10,0,1.9671,0,0
776,stage_arrival,0,VLAN4012,3,terminal,3,1001,2,3,0,776,10,0,0,1.9671,0
777,stage_arrival,0,VLAN4012,3,terminal,3,1001,2,3,0,777,10,0,0,1.9671,0
773,allocate_send_arrival,0,VLAN4012,3,terminal,3,1001,2,3,0,773,10,0,1.9671,0,0
773,allocate_send_arrival,0,VLAN4012,3,terminal,3,1001,2,3,0,773,10,0,1.9671,0,0
778,stage_arrival,0,VLAN4012,3,terminal,3,1001,2,3,0,778,10,0,0,1.9671,0
775,allocate_send_arrival,0,VLAN4012,3,terminal,3,1001,2,3,0,775,10,0,1.9671,0,0
779,stage_arrival,0,VLAN4012,3,terminal,3,1001,2,3,0,779,10,0,0,1.9671,0
780,stage_arrival,0,VLAN4012,3,terminal,3,1001,2,3,0,780,10,0,0,1.9671,0
776,allocate_send_arrival,0,VLAN4012,3,terminal,3,1001,2,3,0,776,10,0,1.9671,0,0
776,allocate_send_arrival,0,VLAN4012,3,terminal,3,1001,2,3,0,776,10,0,1.9671,0,0
781,stage_arrival,0,VLAN4012,3,terminal,3,1001,2,3,0,781,10,0,0,1.92415,0
782,stage_arrival,0,VLAN4012,3,terminal,3,1001,2,3,0,782,10,0,0,1.92415,0
778,allocate_send_arrival,0,VLAN4012,3,terminal,3,1001,2,3,0,778,10,0,1.92415,0,0
778,allocate_send_arrival,0,VLAN4012,3,terminal,3,1001,2,3,0,778,10,0,1.92415,0,0
783,stage_arrival,0,VLAN4012,3,terminal,3,1001,2,3,0,783,10,0,0,1.92415,0
780,allocate_send_arrival,0,VLAN4012,3,terminal,3,1001,2,3,0,780,10,0,1.92415,0,0
784,stage_arrival,0,VLAN4012,3,terminal,3,1001,2,3,0,784,10,0,0,1.92415,0
785,stage_arrival,0,VLAN4012,3,terminal,3,1001,2,3,0,785,10,0,0,1.92415,0
781,allocate_send_arrival,0,VLAN4012,3,terminal,3,1001,2,3,0,781,10,0,1.92415,0,0
781,allocate_send_arrival,0,VLAN4012,3,terminal,3,1001,2,3,0,781,10,0,1.92415,0,0
786,stage_arrival,0,VLAN4012,3,terminal,3,1001,2,3,0,786,10,0,0,1.92415,0
787,stage_arrival,0,VLAN4012,3,terminal,3,1001,2,3,0,787,10,0,0,1.92415,0
783,allocate_send_arrival,0,VLAN4012,3,terminal,3,1001,2,3,0,783,10,0,1.92415,0,0
783,allocate_send_arrival,0,VLAN4012,3,terminal,3,1001,2,3,0,783,10,0,1.92415,0,0
788,stage_arrival,0,VLAN4012,3,terminal,3,1001,2,3,0,788,10,0,0,1.92415,0
785,allocate_send_arrival,0,VLAN4012,3,terminal,3,1001,2,3,0,785,10,0,1.92415,0,0
789,stage_arrival,0,VLAN4012,3,terminal,3,1001,2,3,0,789,10,0,0,1.92415,0
786,allocate_send_arrival,0,VLAN4012,3,terminal,3,1001,2,3,0,786,10,0,1.92415,0,0
790,stage_arrival,0,VLAN4012,3,terminal,3,1001,2,3,0,790,10,0,0,1.92415,0
787,allocate_send_arrival,0,VLAN4012,3,terminal,3,1001,2,3,0,787,10,0,1.92415,0,0
791,stage_arrival,0,VLAN4012,3,terminal,3,1001,2,3,0,791,10,0,0,1.97568,0
792,stage_arrival,0,VLAN4012,3,terminal,3,1001,2,3,0,792,10,0,0,1.97568,0
788,allocate_send_arrival,0,VLAN4012,3,terminal,3,1001,2,3,0,788,10,0,1.97568,0,0
788,allocate_send_arrival,0,VLAN4012,3,terminal,3,1001,2,3,0,788,10,0,1.97568,0,0
793,stage_arrival,0,VLAN4012,3,terminal,3,1001,2,3,0,793,10,0,0,1.97568,0
790,allocate_send_arrival,0,VLAN4012,3,terminal,3,1001,2,3,0,790,10,0,1.97568,0,0
794,stage_arrival,0,VLAN4012,3,terminal,3,1001,2,3,0,794,10,0,0,1.97568,0
791,allocate_send_arrival,0,VLAN4012,3,terminal,3,1001,2,3,0,791,10,0,1.97568,0,0
795,stage_arrival,0,VLAN4012,3,terminal,3,1001,2,3,0,795,10,0,0,1.97568,0
792,allocate_send_arrival,0,VLAN4012,3,terminal,3,1001,2,3,0,792,10,0,1.97568,0,0
796,stage_arrival,0,VLAN4012,3,terminal,3,1001,2,3,0,796,10,0,0,1.97568,0
797,stage_arrival,0,VLAN4012,3,terminal,3,1001,2,3,0,797,10,0,0,1.97568,0
793,allocate_send_arrival,0,VLAN4012,3,terminal,3,1001,2,3,0,793,10,0,1.97568,0,0
793,allocate_send_arrival,0,VLAN4012,3,terminal,3,1001,2,3,0,793,10,0,1.97568,0,0
798,stage_arrival,0,VLAN4012,3,terminal,3,1001,2,3,0,798,10,0,0,1.97568,0
795,allocate_send_arrival,0,VLAN4012,3,terminal,3,1001,2,3,0,795,10,0,1.97568,0,0
799,stage_arrival,0,VLAN4012,3,terminal,3,1001,2,3,0,799,10,0,0,1.97568,0
800,stage_arrival,0,VLAN4012,3,terminal,3,1001,2,3,0,800,10,0,0,1.97568,0
796,allocate_send_arrival,0,VLAN4012,3,terminal,3,1001,2,3,0,796,10,0,1.97568,0,0
796,allocate_send_arrival,0,VLAN4012,3,terminal,3,1001,2,3,0,796,10,0,1.97568,0,0
801,stage_arrival,0,VLAN4012,3,terminal,3,1001,2,3,0,801,10,0,0,1.94133,0
802,stage_arrival,0,VLAN4012,3,terminal,3,1001,2,3,0,802,10,0,0,1.94133,0
798,allocate_send_arrival,0,VLAN4012,3,terminal,3,1001,2,3,0,798,10,0,1.94133,0,0
798,allocate_send_arrival,0,VLAN4012,3,terminal,3,1001,2,3,0,798,10,0,1.94133,0,0
803,stage_arrival,0,VLAN4012,3,terminal,3,1001,2,3,0,803,10,0,0,1.94133,0
800,allocate_send_arrival,0,VLAN4012,3,terminal,3,1001,2,3,0,800,10,0,1.94133,0,0
804,stage_arrival,0,VLAN4012,3,terminal,3,1001,2,3,0,804,10,0,0,1.94133,0
801,allocate_send_arrival,0,VLAN4012,3,terminal,3,1001,2,3,0,801,10,0,1.94133,0,0
805,stage_arrival,0,VLAN4012,3,terminal,3,1001,2,3,0,805,10,0,0,1.94133,0
802,allocate_send_arrival,0,VLAN4012,3,terminal,3,1001,2,3,0,802,10,0,1.94133,0,0
806,stage_arrival,0,VLAN4012,3,terminal,3,1001,2,3,0,806,10,0,0,1.94133,0
807,stage_arrival,0,VLAN4012,3,terminal,3,1001,2,3,0,807,10,0,0,1.94133,0
803,allocate_send_arrival,0,VLAN4012,3,terminal,3,1001,2,3,0,803,10,0,1.94133,0,0
803,allocate_send_arrival,0,VLAN4012,3,terminal,3,1001,2,3,0,803,10,0,1.94133,0,0
808,stage_arrival,0,VLAN4012,3,terminal,3,1001,2,3,0,808,10,0,0,1.94133,0
805,allocate_send_arrival,0,VLAN4012,3,terminal,3,1001,2,3,0,805,10,0,1.94133,0,0
809,stage_arrival,0,VLAN4012,3,terminal,3,1001,2,3,0,809,10,0,0,1.94133,0
806,allocate_send_arrival,0,VLAN4012,3,terminal,3,1001,2,3,0,806,10,0,1.94133,0,0
810,stage_arrival,0,VLAN4012,3,terminal,3,1001,2,3,0,810,10,0,0,1.94133,0
807,allocate_send_arrival,0,VLAN4012,3,terminal,3,1001,2,3,0,807,10,0,1.94133,0,0
811,stage_arrival,0,VLAN4012,3,terminal,3,1001,2,3,0,811,10,0,0,1.94992,0
812,stage_arrival,0,VLAN4012,3,terminal,3,1001,2,3,0,812,10,0,0,1.94992,0
808,allocate_send_arrival,0,VLAN4012,3,terminal,3,1001,2,3,0,808,10,0,1.94992,0,0
808,allocate_send_arrival,0,VLAN4012,3,terminal,3,1001,2,3,0,808,10,0,1.94992,0,0
813,stage_arrival,0,VLAN4012,3,terminal,3,1001,2,3,0,813,10,0,0,1.94992,0
810,allocate_send_arrival,0,VLAN4012,3,terminal,3,1001,2,3,0,810,10,0,1.94992,0,0
814,stage_arrival,0,VLAN4012,3,terminal,3,1001,2,3,0,814,10,0,0,1.94992,0
815,stage_arrival,0,VLAN4012,3,terminal,3,1001,2,3,0,815,10,0,0,1.94992,0
811,allocate_send_arrival,0,VLAN4012,3,terminal,3,1001,2,3,0,811,10,0,1.94992,0,0
811,allocate_send_arrival,0,VLAN4012,3,terminal,3,1001,2,3,0,811,10,0,1.94992,0,0
816,stage_arrival,0,VLAN4012,3,terminal,3,1001,2,3,0,816,10,0,0,1.94992,0
813,allocate_send_arrival,0,VLAN4012,3,terminal,3,1001,2,3,0,813,10,0,1.94992,0,0
817,stage_arrival,0,VLAN4012,3,terminal,3,1001,2,3,0,817,10,0,0,1.94992,0
814,allocate_send_arrival,0,VLAN4012,3,terminal,3,1001,2,3,0,814,10,0,1.94992,0,0
818,stage_arrival,0,VLAN4012,3,terminal,3,1001,2,3,0,818,10,0,0,1.94992,0
815,allocate_send_arrival,0,VLAN4012,3,terminal,3,1001,2,3,0,815,10,0,1.94992,0,0
819,stage_arrival,0,VLAN4012,3,terminal,3,1001,2,3,0,819,10,0,0,1.94992,0
816,allocate_send_arrival,0,VLAN4012,3,terminal,3,1001,2,3,0,816,10,0,1.94992,0,0
820,stage_arrival,0,VLAN4012,3,terminal,3,1001,2,3,0,820,10,0,0,1.94992,0
817,allocate_send_arrival,0,VLAN4012,3,terminal,3,1001,2,3,0,817,10,0,1.94992,0,0
821,stage_arrival,0,VLAN4012,3,terminal,3,1001,2,3,0,821,10,0,0,1.94133,0
818,allocate_send_arrival,0,VLAN4012,3,terminal,3,1001,2,3,0,818,10,0,1.94133,0,0
822,stage_arrival,0,VLAN4012,3,terminal,3,1001,2,3,0,822,10,0,0,1.94133,0
819,allocate_send_arrival,0,VLAN4012,3,terminal,3,1001,2,3,0,819,10,0,1.94133,0,0
823,stage_arrival,0,VLAN4012,3,terminal,3,1001,2,3,0,823,10,0,0,1.94133,0
820,allocate_send_arrival,0,VLAN4012,3,terminal,3,1001,2,3,0,820,10,0,1.94133,0,0
824,stage_arrival,0,VLAN4012,3,terminal,3,1001,2,3,0,824,10,0,0,1.94133,0
825,stage_arrival,0,VLAN4012,3,terminal,3,1001,2,3,0,825,10,0,0,1.94133,0
821,allocate_send_arrival,0,VLAN4012,3,terminal,3,1001,2,3,0,821,10,0,1.94133,0,0
821,allocate_send_arrival,0,VLAN4012,3,terminal,3,1001,2,3,0,821,10,0,1.94133,0,0
826,stage_arrival,0,VLAN4012,3,terminal,3,1001,2,3,0,826,10,0,0,1.94133,0
823,allocate_send_arrival,0,VLAN4012,3,terminal,3,1001,2,3,0,823,10,0,1.94133,0,0
827,stage_arrival,0,VLAN4012,3,terminal,3,1001,2,3,0,827,10,0,0,1.94133,0
824,allocate_send_arrival,0,VLAN4012,3,terminal,3,1001,2,3,0,824,10,0,1.94133,0,0
828,stage_arrival,0,VLAN4012,3,terminal,3,1001,2,3,0,828,10,0,0,1.94133,0
825,allocate_send_arrival,0,VLAN4012,3,terminal,3,1001,2,3,0,825,10,0,1.94133,0,0
829,stage_arrival,0,VLAN4012,3,terminal,3,1001,2,3,0,829,10,0,0,1.94133,0
826,allocate_send_arrival,0,VLAN4012,3,terminal,3,1001,2,3,0,826,10,0,1.94133,0,0
830,stage_arrival,0,VLAN4012,3,terminal,3,1001,2,3,0,830,10,0,0,1.94133,0
827,allocate_send_arrival,0,VLAN4012,3,terminal,3,1001,2,3,0,827,10,0,1.94133,0,0
831,stage_arrival,0,VLAN4012,3,terminal,3,1001,2,3,0,831,10,0,0,1.92415,0
832,stage_arrival,0,VLAN4012,3,terminal,3,1001,2,3,0,832,10,0,0,1.92415,0
828,allocate_send_arrival,0,VLAN4012,3,terminal,3,1001,2,3,0,828,10,0,1.92415,0,0
828,allocate_send_arrival,0,VLAN4012,3,terminal,3,1001,2,3,0,828,10,0,1.92415,0,0
833,stage_arrival,0,VLAN4012,3,terminal,3,1001,2,3,0,833,10,0,0,1.92415,0
830,allocate_send_arrival,0,VLAN4012,3,terminal,3,1001,2,3,0,830,10,0,1.92415,0,0
834,stage_arrival,0,VLAN4012,3,terminal,3,1001,2,3,0,834,10,0,0,1.92415,0
835,stage_arrival,0,VLAN4012,3,terminal,3,1001,2,3,0,835,10,0,0,1.92415,0
831,allocate_send_arrival,0,VLAN4012,3,terminal,3,1001,2,3,0,831,10,0,1.92415,0,0
831,allocate_send_arrival,0,VLAN4012,3,terminal,3,1001,2,3,0,831,10,0,1.92415,0,0
836,stage_arrival,0,VLAN4012,3,terminal,3,1001,2,3,0,836,10,0,0,1.92415,0
833,allocate_send_arrival,0,VLAN4012,3,terminal,3,1001,2,3,0,833,10,0,1.92415,0,0
837,stage_arrival,0,VLAN4012,3,terminal,3,1001,2,3,0,837,10,0,0,1.92415,0
834,allocate_send_arrival,0,VLAN4012,3,terminal,3,1001,2,3,0,834,10,0,1.92415,0,0
838,stage_arrival,0,VLAN4012,3,terminal,3,1001,2,3,0,838,10,0,0,1.92415,0
835,allocate_send_arrival,0,VLAN4012,3,terminal,3,1001,2,3,0,835,10,0,1.92415,0,0
839,stage_arrival,0,VLAN4012,3,terminal,3,1001,2,3,0,839,10,0,0,1.92415,0
836,allocate_send_arrival,0,VLAN4012,3,terminal,3,1001,2,3,0,836,10,0,1.92415,0,0
840,stage_arrival,0,VLAN4012,3,terminal,3,1001,2,3,0,840,10,0,0,1.92415,0
837,allocate_send_arrival,0,VLAN4012,3,terminal,3,1001,2,3,0,837,10,0,1.92415,0,0
841,stage_arrival,0,VLAN4012,3,terminal,3,1001,2,3,0,841,10,0,0,1.95851,0
842,stage_arrival,0,VLAN4012,3,terminal,3,1001,2,3,0,842,10,0,0,1.95851,0
838,allocate_send_arrival,0,VLAN4012,3,terminal,3,1001,2,3,0,838,10,0,1.95851,0,0
838,allocate_send_arrival,0,VLAN4012,3,terminal,3,1001,2,3,0,838,10,0,1.95851,0,0
843,stage_arrival,0,VLAN4012,3,terminal,3,1001,2,3,0,843,10,0,0,1.95851,0
840,allocate_send_arrival,0,VLAN4012,3,terminal,3,1001,2,3,0,840,10,0,1.95851,0,0
844,stage_arrival,0,VLAN4012,3,terminal,3,1001,2,3,0,844,10,0,0,1.95851,0
845,stage_arrival,0,VLAN4012,3,terminal,3,1001,2,3,0,845,10,0,0,1.95851,0
841,allocate_send_arrival,0,VLAN4012,3,terminal,3,1001,2,3,0,841,10,0,1.95851,0,0
841,allocate_send_arrival,0,VLAN4012,3,terminal,3,1001,2,3,0,841,10,0,1.95851,0,0
846,stage_arrival,0,VLAN4012,3,terminal,3,1001,2,3,0,846,10,0,0,1.95851,0
843,allocate_send_arrival,0,VLAN4012,3,terminal,3,1001,2,3,0,843,10,0,1.95851,0,0
847,stage_arrival,0,VLAN4012,3,terminal,3,1001,2,3,0,847,10,0,0,1.95851,0
844,allocate_send_arrival,0,VLAN4012,3,terminal,3,1001,2,3,0,844,10,0,1.95851,0,0
848,stage_arrival,0,VLAN4012,3,terminal,3,1001,2,3,0,848,10,0,0,1.95851,0
845,allocate_send_arrival,0,VLAN4012,3,terminal,3,1001,2,3,0,845,10,0,1.95851,0,0
849,stage_arrival,0,VLAN4012,3,terminal,3,1001,2,3,0,849,10,0,0,1.95851,0
846,allocate_send_arrival,0,VLAN4012,3,terminal,3,1001,2,3,0,846,10,0,1.95851,0,0
850,stage_arrival,0,VLAN4012,3,terminal,3,1001,2,3,0,850,10,0,0,1.95851,0
847,allocate_send_arrival,0,VLAN4012,3,terminal,3,1001,2,3,0,847,10,0,1.95851,0,0
851,stage_arrival,0,VLAN4012,3,terminal,3,1001,2,3,0,851,10,0,0,1.95851,0
848,allocate_send_arrival,0,VLAN4012,3,terminal,3,1001,2,3,0,848,10,0,1.95851,0,0
852,stage_arrival,0,VLAN4012,3,terminal,3,1001,2,3,0,852,10,0,0,1.95851,0
849,allocate_send_arrival,0,VLAN4012,3,terminal,3,1001,2,3,0,849,10,0,1.95851,0,0
853,stage_arrival,0,VLAN4012,3,terminal,3,1001,2,3,0,853,10,0,0,1.95851,0
850,allocate_send_arrival,0,VLAN4012,3,terminal,3,1001,2,3,0,850,10,0,1.95851,0,0
854,stage_arrival,0,VLAN4012,3,terminal,3,1001,2,3,0,854,10,0,0,1.95851,0
851,allocate_send_arrival,0,VLAN4012,3,terminal,3,1001,2,3,0,851,10,0,1.95851,0,0
855,stage_arrival,0,VLAN4012,3,terminal,3,1001,2,3,0,855,10,0,0,1.95851,0
852,allocate_send_arrival,0,VLAN4012,3,terminal,3,1001,2,3,0,852,10,0,1.95851,0,0
856,stage_arrival,0,VLAN4012,3,terminal,3,1001,2,3,0,856,10,0,0,1.95851,0
857,stage_arrival,0,VLAN4012,3,terminal,3,1001,2,3,0,857,10,0,0,1.95851,0
853,allocate_send_arrival,0,VLAN4012,3,terminal,3,1001,2,3,0,853,10,0,1.95851,0,0
853,allocate_send_arrival,0,VLAN4012,3,terminal,3,1001,2,3,0,853,10,0,1.95851,0,0
858,stage_arrival,0,VLAN4012,3,terminal,3,1001,2,3,0,858,10,0,0,1.95851,0
855,allocate_send_arrival,0,VLAN4012,3,terminal,3,1001,2,3,0,855,10,0,1.95851,0,0
859,stage_arrival,0,VLAN4012,3,terminal,3,1001,2,3,0,859,10,0,0,1.95851,0
856,allocate_send_arrival,0,VLAN4012,3,terminal,3,1001,2,3,0,856,10,0,1.95851,0,0
860,stage_arrival,0,VLAN4012,3,terminal,3,1001,2,3,0,860,10,0,0,1.95851,0
857,allocate_send_arrival,0,VLAN4012,3,terminal,3,1001,2,3,0,857,10,0,1.95851,0,0
861,stage_arrival,0,VLAN4012,3,terminal,3,1001,2,3,0,861,10,0,0,1.93274,0
862,stage_arrival,0,VLAN4012,3,terminal,3,1001,2,3,0,862,10,0,0,1.93274,0
858,allocate_send_arrival,0,VLAN4012,3,terminal,3,1001,2,3,0,858,10,0,1.93274,0,0
858,allocate_send_arrival,0,VLAN4012,3,terminal,3,1001,2,3,0,858,10,0,1.93274,0,0
863,stage_arrival,0,VLAN4012,3,terminal,3,1001,2,3,0,863,10,0,0,1.93274,0
860,allocate_send_arrival,0,VLAN4012,3,terminal,3,1001,2,3,0,860,10,0,1.93274,0,0
864,stage_arrival,0,VLAN4012,3,terminal,3,1001,2,3,0,864,10,0,0,1.93274,0
861,allocate_send_arrival,0,VLAN4012,3,terminal,3,1001,2,3,0,861,10,0,1.93274,0,0
865,stage_arrival,0,VLAN4012,3,terminal,3,1001,2,3,0,865,10,0,0,1.93274,0
862,allocate_send_arrival,0,VLAN4012,3,terminal,3,1001,2,3,0,862,10,0,1.93274,0,0
866,stage_arrival,0,VLAN4012,3,terminal,3,1001,2,3,0,866,10,0,0,1.93274,0
863,allocate_send_arrival,0,VLAN4012,3,terminal,3,1001,2,3,0,863,10,0,1.93274,0,0
867,stage_arrival,0,VLAN4012,3,terminal,3,1001,2,3,0,867,10,0,0,1.93274,0
864,allocate_send_arrival,0,VLAN4012,3,terminal,3,1001,2,3,0,864,10,0,1.93274,0,0
868,stage_arrival,0,VLAN4012,3,terminal,3,1001,2,3,0,868,10,0,0,1.93274,0
865,allocate_send_arrival,0,VLAN4012,3,terminal,3,1001,2,3,0,865,10,0,1.93274,0,0
869,stage_arrival,0,VLAN4012,3,terminal,3,1001,2,3,0,869,10,0,0,1.93274,0
866,allocate_send_arrival,0,VLAN4012,3,terminal,3,1001,2,3,0,866,10,0,1.93274,0,0
870,stage_arrival,0,VLAN4012,3,terminal,3,1001,2,3,0,870,10,0,0,1.93274,0
867,allocate_send_arrival,0,VLAN4012,3,terminal,3,1001,2,3,0,867,10,0,1.93274,0,0
871,stage_arrival,0,VLAN4012,3,terminal,3,1001,2,3,0,871,10,0,0,1.95851,0
868,allocate_send_arrival,0,VLAN4012,3,terminal,3,1001,2,3,0,868,10,0,1.95851,0,0
872,stage_arrival,0,VLAN4012,3,terminal,3,1001,2,3,0,872,10,0,0,1.95851,0
869,allocate_send_arrival,0,VLAN4012,3,terminal,3,1001,2,3,0,869,10,0,1.95851,0,0
873,stage_arrival,0,VLAN4012,3,terminal,3,1001,2,3,0,873,10,0,0,1.95851,0
870,allocate_send_arrival,0,VLAN4012,3,terminal,3,1001,2,3,0,870,10,0,1.95851,0,0
874,stage_arrival,0,VLAN4012,3,terminal,3,1001,2,3,0,874,10,0,0,1.95851,0
871,allocate_send_arrival,0,VLAN4012,3,terminal,3,1001,2,3,0,871,10,0,1.95851,0,0
875,stage_arrival,0,VLAN4012,3,terminal,3,1001,2,3,0,875,10,0,0,1.95851,0
872,allocate_send_arrival,0,VLAN4012,3,terminal,3,1001,2,3,0,872,10,0,1.95851,0,0
876,stage_arrival,0,VLAN4012,3,terminal,3,1001,2,3,0,876,10,0,0,1.95851,0
877,stage_arrival,0,VLAN4012,3,terminal,3,1001,2,3,0,877,10,0,0,1.95851,0
873,allocate_send_arrival,0,VLAN4012,3,terminal,3,1001,2,3,0,873,10,0,1.95851,0,0
873,allocate_send_arrival,0,VLAN4012,3,terminal,3,1001,2,3,0,873,10,0,1.95851,0,0
878,stage_arrival,0,VLAN4012,3,terminal,3,1001,2,3,0,878,10,0,0,1.95851,0
875,allocate_send_arrival,0,VLAN4012,3,terminal,3,1001,2,3,0,875,10,0,1.95851,0,0
879,stage_arrival,0,VLAN4012,3,terminal,3,1001,2,3,0,879,10,0,0,1.95851,0
876,allocate_send_arrival,0,VLAN4012,3,terminal,3,1001,2,3,0,876,10,0,1.95851,0,0
880,stage_arrival,0,VLAN4012,3,terminal,3,1001,2,3,0,880,10,0,0,1.95851,0
877,allocate_send_arrival,0,VLAN4012,3,terminal,3,1001,2,3,0,877,10,0,1.95851,0,0
881,stage_arrival,0,VLAN4012,3,terminal,3,1001,2,3,0,881,10,0,0,1.93274,0
878,allocate_send_arrival,0,VLAN4012,3,terminal,3,1001,2,3,0,878,10,0,1.93274,0,0
882,stage_arrival,0,VLAN4012,3,terminal,3,1001,2,3,0,882,10,0,0,1.93274,0
879,allocate_send_arrival,0,VLAN4012,3,terminal,3,1001,2,3,0,879,10,0,1.93274,0,0
883,stage_arrival,0,VLAN4012,3,terminal,3,1001,2,3,0,883,10,0,0,1.93274,0
880,allocate_send_arrival,0,VLAN4012,3,terminal,3,1001,2,3,0,880,10,0,1.93274,0,0
884,stage_arrival,0,VLAN4012,3,terminal,3,1001,2,3,0,884,10,0,0,1.93274,0
885,stage_arrival,0,VLAN4012,3,terminal,3,1001,2,3,0,885,10,0,0,1.93274,0
881,allocate_send_arrival,0,VLAN4012,3,terminal,3,1001,2,3,0,881,10,0,1.93274,0,0
881,allocate_send_arrival,0,VLAN4012,3,terminal,3,1001,2,3,0,881,10,0,1.93274,0,0
886,stage_arrival,0,VLAN4012,3,terminal,3,1001,2,3,0,886,10,0,0,1.93274,0
883,allocate_send_arrival,0,VLAN4012,3,terminal,3,1001,2,3,0,883,10,0,1.93274,0,0
887,stage_arrival,0,VLAN4012,3,terminal,3,1001,2,3,0,887,10,0,0,1.93274,0
884,allocate_send_arrival,0,VLAN4012,3,terminal,3,1001,2,3,0,884,10,0,1.93274,0,0
888,stage_arrival,0,VLAN4012,3,terminal,3,1001,2,3,0,888,10,0,0,1.93274,0
885,allocate_send_arrival,0,VLAN4012,3,terminal,3,1001,2,3,0,885,10,0,1.93274,0,0
889,stage_arrival,0,VLAN4012,3,terminal,3,1001,2,3,0,889,10,0,0,1.93274,0
890,stage_arrival,0,VLAN4012,3,terminal,3,1001,2,3,0,890,10,0,0,1.93274,0
886,allocate_send_arrival,0,VLAN4012,3,terminal,3,1001,2,3,0,886,10,0,1.93274,0,0
886,allocate_send_arrival,0,VLAN4012,3,terminal,3,1001,2,3,0,886,10,0,1.93274,0,0
891,stage_arrival,0,VLAN4012,3,terminal,3,1001,2,3,0,891,10,0,0,1.95851,0
892,stage_arrival,0,VLAN4012,3,terminal,3,1001,2,3,0,892,10,0,0,1.95851,0
888,allocate_send_arrival,0,VLAN4012,3,terminal,3,1001,2,3,0,888,10,0,1.95851,0,0
888,allocate_send_arrival,0,VLAN4012,3,terminal,3,1001,2,3,0,888,10,0,1.95851,0,0
893,stage_arrival,0,VLAN4012,3,terminal,3,1001,2,3,0,893,10,0,0,1.95851,0
890,allocate_send_arrival,0,VLAN4012,3,terminal,3,1001,2,3,0,890,10,0,1.95851,0,0
894,stage_arrival,0,VLAN4012,3,terminal,3,1001,2,3,0,894,10,0,0,1.95851,0
895,stage_arrival,0,VLAN4012,3,terminal,3,1001,2,3,0,895,10,0,0,1.95851,0
891,allocate_send_arrival,0,VLAN4012,3,terminal,3,1001,2,3,0,891,10,0,1.95851,0,0
891,allocate_send_arrival,0,VLAN4012,3,terminal,3,1001,2,3,0,891,10,0,1.95851,0,0
896,stage_arrival,0,VLAN4012,3,terminal,3,1001,2,3,0,896,10,0,0,1.95851,0
897,stage_arrival,0,VLAN4012,3,terminal,3,1001,2,3,0,897,10,0,0,1.95851,0
893,allocate_send_arrival,0,VLAN4012,3,terminal,3,1001,2,3,0,893,10,0,1.95851,0,0
893,allocate_send_arrival,0,VLAN4012,3,terminal,3,1001,2,3,0,893,10,0,1.95851,0,0
898,stage_arrival,0,VLAN4012,3,terminal,3,1001,2,3,0,898,10,0,0,1.95851,0
895,allocate_send_arrival,0,VLAN4012,3,terminal,3,1001,2,3,0,895,10,0,1.95851,0,0
899,stage_arrival,0,VLAN4012,3,terminal,3,1001,2,3,0,899,10,0,0,1.95851,0
900,stage_arrival,0,VLAN4012,3,terminal,3,1001,2,3,0,900,10,0,0,1.95851,0
896,allocate_send_arrival,0,VLAN4012,3,terminal,3,1001,2,3,0,896,10,0,1.95851,0,0
896,allocate_send_arrival,0,VLAN4012,3,terminal,3,1001,2,3,0,896,10,0,1.95851,0,0
901,stage_arrival,0,VLAN4012,3,terminal,3,1001,2,3,0,901,10,0,0,1.9671,0
898,allocate_send_arrival,0,VLAN4012,3,terminal,3,1001,2,3,0,898,10,0,1.9671,0,0
902,stage_arrival,0,VLAN4012,3,terminal,3,1001,2,3,0,902,10,0,0,1.9671,0
899,allocate_send_arrival,0,VLAN4012,3,terminal,3,1001,2,3,0,899,10,0,1.9671,0,0
903,stage_arrival,0,VLAN4012,3,terminal,3,1001,2,3,0,903,10,0,0,1.9671,0
900,allocate_send_arrival,0,VLAN4012,3,terminal,3,1001,2,3,0,900,10,0,1.9671,0,0
904,stage_arrival,0,VLAN4012,3,terminal,3,1001,2,3,0,904,10,0,0,1.9671,0
901,allocate_send_arrival,0,VLAN4012,3,terminal,3,1001,2,3,0,901,10,0,1.9671,0,0
905,stage_arrival,0,VLAN4012,3,terminal,3,1001,2,3,0,905,10,0,0,1.9671,0
902,allocate_send_arrival,0,VLAN4012,3,terminal,3,1001,2,3,0,902,10,0,1.9671,0,0
906,stage_arrival,0,VLAN4012,3,terminal,3,1001,2,3,0,906,10,0,0,1.9671,0
903,allocate_send_arrival,0,VLAN4012,3,terminal,3,1001,2,3,0,903,10,0,1.9671,0,0
907,stage_arrival,0,VLAN4012,3,terminal,3,1001,2,3,0,907,10,0,0,1.9671,0
904,allocate_send_arrival,0,VLAN4012,3,terminal,3,1001,2,3,0,904,10,0,1.9671,0,0
908,stage_arrival,0,VLAN4012,3,terminal,3,1001,2,3,0,908,10,0,0,1.9671,0
905,allocate_send_arrival,0,VLAN4012,3,terminal,3,1001,2,3,0,905,10,0,1.9671,0,0
909,stage_arrival,0,VLAN4012,3,terminal,3,1001,2,3,0,909,10,0,0,1.9671,0
910,stage_arrival,0,VLAN4012,3,terminal,3,1001,2,3,0,910,10,0,0,1.9671,0
906,allocate_send_arrival,0,VLAN4012,3,terminal,3,1001,2,3,0,906,10,0,1.9671,0,0
906,allocate_send_arrival,0,VLAN4012,3,terminal,3,1001,2,3,0,906,10,0,1.9671,0,0
911,stage_arrival,0,VLAN4012,3,terminal,3,1001,2,3,0,911,10,0,0,1.95851,0
912,stage_arrival,0,VLAN4012,3,terminal,3,1001,2,3,0,912,10,0,0,1.95851,0
908,allocate_send_arrival,0,VLAN4012,3,terminal,3,1001,2,3,0,908,10,0,1.95851,0,0
908,allocate_send_arrival,0,VLAN4012,3,terminal,3,1001,2,3,0,908,10,0,1.95851,0,0
913,stage_arrival,0,VLAN4012,3,terminal,3,1001,2,3,0,913,10,0,0,1.95851,0
910,allocate_send_arrival,0,VLAN4012,3,terminal,3,1001,2,3,0,910,10,0,1.95851,0,0
914,stage_arrival,0,VLAN4012,3,terminal,3,1001,2,3,0,914,10,0,0,1.95851,0
911,allocate_send_arrival,0,VLAN4012,3,terminal,3,1001,2,3,0,911,10,0,1.95851,0,0
915,stage_arrival,0,VLAN4012,3,terminal,3,1001,2,3,0,915,10,0,0,1.95851,0
912,allocate_send_arrival,0,VLAN4012,3,terminal,3,1001,2,3,0,912,10,0,1.95851,0,0
916,stage_arrival,0,VLAN4012,3,terminal,3,1001,2,3,0,916,10,0,0,1.95851,0
913,allocate_send_arrival,0,VLAN4012,3,terminal,3,1001,2,3,0,913,10,0,1.95851,0,0
917,stage_arrival,0,VLAN4012,3,terminal,3,1001,2,3,0,917,10,0,0,1.95851,0
914,allocate_send_arrival,0,VLAN4012,3,terminal,3,1001,2,3,0,914,10,0,1.95851,0,0
918,stage_arrival,0,VLAN4012,3,terminal,3,1001,2,3,0,918,10,0,0,1.95851,0
915,allocate_send_arrival,0,VLAN4012,3,terminal,3,1001,2,3,0,915,10,0,1.95851,0,0
919,stage_arrival,0,VLAN4012,3,terminal,3,1001,2,3,0,919,10,0,0,1.95851,0
916,allocate_send_arrival,0,VLAN4012,3,terminal,3,1001,2,3,0,916,10,0,1.95851,0,0
920,stage_arrival,0,VLAN4012,3,terminal,3,1001,2,3,0,920,10,0,0,1.95851,0
917,allocate_send_arrival,0,VLAN4012,3,terminal,3,1001,2,3,0,917,10,0,1.95851,0,0
921,stage_arrival,0,VLAN4012,3,terminal,3,1001,2,3,0,921,10,0,0,1.94992,0
918,allocate_send_arrival,0,VLAN4012,3,terminal,3,1001,2,3,0,918,10,0,1.94992,0,0
922,stage_arrival,0,VLAN4012,3,terminal,3,1001,2,3,0,922,10,0,0,1.94992,0
919,allocate_send_arrival,0,VLAN4012,3,terminal,3,1001,2,3,0,919,10,0,1.94992,0,0
923,stage_arrival,0,VLAN4012,3,terminal,3,1001,2,3,0,923,10,0,0,1.94992,0
920,allocate_send_arrival,0,VLAN4012,3,terminal,3,1001,2,3,0,920,10,0,1.94992,0,0
924,stage_arrival,0,VLAN4012,3,terminal,3,1001,2,3,0,924,10,0,0,1.94992,0
925,stage_arrival,0,VLAN4012,3,terminal,3,1001,2,3,0,925,10,0,0,1.94992,0
921,allocate_send_arrival,0,VLAN4012,3,terminal,3,1001,2,3,0,921,10,0,1.94992,0,0
921,allocate_send_arrival,0,VLAN4012,3,terminal,3,1001,2,3,0,921,10,0,1.94992,0,0
926,stage_arrival,0,VLAN4012,3,terminal,3,1001,2,3,0,926,10,0,0,1.94992,0
927,stage_arrival,0,VLAN4012,3,terminal,3,1001,2,3,0,927,10,0,0,1.94992,0
923,allocate_send_arrival,0,VLAN4012,3,terminal,3,1001,2,3,0,923,10,0,1.94992,0,0
923,allocate_send_arrival,0,VLAN4012,3,terminal,3,1001,2,3,0,923,10,0,1.94992,0,0
928,stage_arrival,0,VLAN4012,3,terminal,3,1001,2,3,0,928,10,0,0,1.94992,0
925,allocate_send_arrival,0,VLAN4012,3,terminal,3,1001,2,3,0,925,10,0,1.94992,0,0
929,stage_arrival,0,VLAN4012,3,terminal,3,1001,2,3,0,929,10,0,0,1.94992,0
926,allocate_send_arrival,0,VLAN4012,3,terminal,3,1001,2,3,0,926,10,0,1.94992,0,0
930,stage_arrival,0,VLAN4012,3,terminal,3,1001,2,3,0,930,10,0,0,1.94992,0
927,allocate_send_arrival,0,VLAN4012,3,terminal,3,1001,2,3,0,927,10,0,1.94992,0,0
931,stage_arrival,0,VLAN4012,3,terminal,3,1001,2,3,0,931,10,0,0,1.94133,0
932,stage_arrival,0,VLAN4012,3,terminal,3,1001,2,3,0,932,10,0,0,1.94133,0
928,allocate_send_arrival,0,VLAN4012,3,terminal,3,1001,2,3,0,928,10,0,1.94133,0,0
928,allocate_send_arrival,0,VLAN4012,3,terminal,3,1001,2,3,0,928,10,0,1.94133,0,0
933,stage_arrival,0,VLAN4012,3,terminal,3,1001,2,3,0,933,10,0,0,1.94133,0
930,allocate_send_arrival,0,VLAN4012,3,terminal,3,1001,2,3,0,930,10,0,1.94133,0,0
934,stage_arrival,0,VLAN4012,3,terminal,3,1001,2,3,0,934,10,0,0,1.94133,0
935,stage_arrival,0,VLAN4012,3,terminal,3,1001,2,3,0,935,10,0,0,1.94133,0
931,allocate_send_arrival,0,VLAN4012,3,terminal,3,1001,2,3,0,931,10,0,1.94133,0,0
931,allocate_send_arrival,0,VLAN4012,3,terminal,3,1001,2,3,0,931,10,0,1.94133,0,0
936,stage_arrival,0,VLAN4012,3,terminal,3,1001,2,3,0,936,10,0,0,1.94133,0
937,stage_arrival,0,VLAN4012,3,terminal,3,1001,2,3,0,937,10,0,0,1.94133,0
933,allocate_send_arrival,0,VLAN4012,3,terminal,3,1001,2,3,0,933,10,0,1.94133,0,0
933,allocate_send_arrival,0,VLAN4012,3,terminal,3,1001,2,3,0,933,10,0,1.94133,0,0
938,stage_arrival,0,VLAN4012,3,terminal,3,1001,2,3,0,938,10,0,0,1.94133,0
935,allocate_send_arrival,0,VLAN4012,3,terminal,3,1001,2,3,0,935,10,0,1.94133,0,0
939,stage_arrival,0,VLAN4012,3,terminal,3,1001,2,3,0,939,10,0,0,1.94133,0
936,allocate_send_arrival,0,VLAN4012,3,terminal,3,1001,2,3,0,936,10,0,1.94133,0,0
940,stage_arrival,0,VLAN4012,3,terminal,3,1001,2,3,0,940,10,0,0,1.94133,0
937,allocate_send_arrival,0,VLAN4012,3,terminal,3,1001,2,3,0,937,10,0,1.94133,0,0
941,stage_arrival,0,VLAN4012,3,terminal,3,1001,2,3,0,941,10,0,0,1.95851,0
942,stage_arrival,0,VLAN4012,3,terminal,3,1001,2,3,0,942,10,0,0,1.95851,0
938,allocate_send_arrival,0,VLAN4012,3,terminal,3,1001,2,3,0,938,10,0,1.95851,0,0
938,allocate_send_arrival,0,VLAN4012,3,terminal,3,1001,2,3,0,938,10,0,1.95851,0,0
943,stage_arrival,0,VLAN4012,3,terminal,3,1001,2,3,0,943,10,0,0,1.95851,0
940,allocate_send_arrival,0,VLAN4012,3,terminal,3,1001,2,3,0,940,10,0,1.95851,0,0
944,stage_arrival,0,VLAN4012,3,terminal,3,1001,2,3,0,944,10,0,0,1.95851,0
945,stage_arrival,0,VLAN4012,3,terminal,3,1001,2,3,0,945,10,0,0,1.95851,0
941,allocate_send_arrival,0,VLAN4012,3,terminal,3,1001,2,3,0,941,10,0,1.95851,0,0
941,allocate_send_arrival,0,VLAN4012,3,terminal,3,1001,2,3,0,941,10,0,1.95851,0,0
946,stage_arrival,0,VLAN4012,3,terminal,3,1001,2,3,0,946,10,0,0,1.95851,0
943,allocate_send_arrival,0,VLAN4012,3,terminal,3,1001,2,3,0,943,10,0,1.95851,0,0
947,stage_arrival,0,VLAN4012,3,terminal,3,1001,2,3,0,947,10,0,0,1.95851,0
944,allocate_send_arrival,0,VLAN4012,3,terminal,3,1001,2,3,0,944,10,0,1.95851,0,0
948,stage_arrival,0,VLAN4012,3,terminal,3,1001,2,3,0,948,10,0,0,1.95851,0
945,allocate_send_arrival,0,VLAN4012,3,terminal,3,1001,2,3,0,945,10,0,1.95851,0,0
949,stage_arrival,0,VLAN4012,3,terminal,3,1001,2,3,0,949,10,0,0,1.95851,0
950,stage_arrival,0,VLAN4012,3,terminal,3,1001,2,3,0,950,10,0,0,1.95851,0
946,allocate_send_arrival,0,VLAN4012,3,terminal,3,1001,2,3,0,946,10,0,1.95851,0,0
946,allocate_send_arrival,0,VLAN4012,3,terminal,3,1001,2,3,0,946,10,0,1.95851,0,0
951,stage_arrival,0,VLAN4012,3,terminal,3,1001,2,3,0,951,10,0,0,1.97568,0
948,allocate_send_arrival,0,VLAN4012,3,terminal,3,1001,2,3,0,948,10,0,1.97568,0,0
952,stage_arrival,0,VLAN4012,3,terminal,3,1001,2,3,0,952,10,0,0,1.97568,0
949,allocate_send_arrival,0,VLAN4012,3,terminal,3,1001,2,3,0,949,10,0,1.97568,0,0
953,stage_arrival,0,VLAN4012,3,terminal,3,1001,2,3,0,953,10,0,0,1.97568,0
950,allocate_send_arrival,0,VLAN4012,3,terminal,3,1001,2,3,0,950,10,0,1.97568,0,0
954,stage_arrival,0,VLAN4012,3,terminal,3,1001,2,3,0,954,10,0,0,1.97568,0
955,stage_arrival,0,VLAN4012,3,terminal,3,1001,2,3,0,955,10,0,0,1.97568,0
951,allocate_send_arrival,0,VLAN4012,3,terminal,3,1001,2,3,0,951,10,0,1.97568,0,0
951,allocate_send_arrival,0,VLAN4012,3,terminal,3,1001,2,3,0,951,10,0,1.97568,0,0
956,stage_arrival,0,VLAN4012,3,terminal,3,1001,2,3,0,956,10,0,0,1.97568,0
953,allocate_send_arrival,0,VLAN4012,3,terminal,3,1001,2,3,0,953,10,0,1.97568,0,0
957,stage_arrival,0,VLAN4012,3,terminal,3,1001,2,3,0,957,10,0,0,1.97568,0
954,allocate_send_arrival,0,VLAN4012,3,terminal,3,1001,2,3,0,954,10,0,1.97568,0,0
958,stage_arrival,0,VLAN4012,3,terminal,3,1001,2,3,0,958,10,0,0,1.97568,0
955,allocate_send_arrival,0,VLAN4012,3,terminal,3,1001,2,3,0,955,10,0,1.97568,0,0
959,stage_arrival,0,VLAN4012,3,terminal,3,1001,2,3,0,959,10,0,0,1.97568,0
956,allocate_send_arrival,0,VLAN4012,3,terminal,3,1001,2,3,0,956,10,0,1.97568,0,0
960,stage_arrival,0,VLAN4012,3,terminal,3,1001,2,3,0,960,10,0,0,1.97568,0
957,allocate_send_arrival,0,VLAN4012,3,terminal,3,1001,2,3,0,957,10,0,1.97568,0,0
961,stage_arrival,0,VLAN4012,3,terminal,3,1001,2,3,0,961,10,0,0,1.90697,0
962,stage_arrival,0,VLAN4012,3,terminal,3,1001,2,3,0,962,10,0,0,1.90697,0
958,allocate_send_arrival,0,VLAN4012,3,terminal,3,1001,2,3,0,958,10,0,1.90697,0,0
958,allocate_send_arrival,0,VLAN4012,3,terminal,3,1001,2,3,0,958,10,0,1.90697,0,0
963,stage_arrival,0,VLAN4012,3,terminal,3,1001,2,3,0,963,10,0,0,1.90697,0
960,allocate_send_arrival,0,VLAN4012,3,terminal,3,1001,2,3,0,960,10,0,1.90697,0,0
964,stage_arrival,0,VLAN4012,3,terminal,3,1001,2,3,0,964,10,0,0,1.90697,0
965,stage_arrival,0,VLAN4012,3,terminal,3,1001,2,3,0,965,10,0,0,1.90697,0
961,allocate_send_arrival,0,VLAN4012,3,terminal,3,1001,2,3,0,961,10,0,1.90697,0,0
961,allocate_send_arrival,0,VLAN4012,3,terminal,3,1001,2,3,0,961,10,0,1.90697,0,0
966,stage_arrival,0,VLAN4012,3,terminal,3,1001,2,3,0,966,10,0,0,1.90697,0
967,stage_arrival,0,VLAN4012,3,terminal,3,1001,2,3,0,967,10,0,0,1.90697,0
963,allocate_send_arrival,0,VLAN4012,3,terminal,3,1001,2,3,0,963,10,0,1.90697,0,0
963,allocate_send_arrival,0,VLAN4012,3,terminal,3,1001,2,3,0,963,10,0,1.90697,0,0
968,stage_arrival,0,VLAN4012,3,terminal,3,1001,2,3,0,968,10,0,0,1.90697,0
965,allocate_send_arrival,0,VLAN4012,3,terminal,3,1001,2,3,0,965,10,0,1.90697,0,0
969,stage_arrival,0,VLAN4012,3,terminal,3,1001,2,3,0,969,10,0,0,1.90697,0
970,stage_arrival,0,VLAN4012,3,terminal,3,1001,2,3,0,970,10,0,0,1.90697,0
966,allocate_send_arrival,0,VLAN4012,3,terminal,3,1001,2,3,0,966,10,0,1.90697,0,0
966,allocate_send_arrival,0,VLAN4012,3,terminal,3,1001,2,3,0,966,10,0,1.90697,0,0
971,stage_arrival,0,VLAN4012,3,terminal,3,1001,2,3,0,971,10,0,0,1.8812,0
968,allocate_send_arrival,0,VLAN4012,3,terminal,3,1001,2,3,0,968,10,0,1.8812,0,0
972,stage_arrival,0,VLAN4012,3,terminal,3,1001,2,3,0,972,10,0,0,1.8812,0
969,allocate_send_arrival,0,VLAN4012,3,terminal,3,1001,2,3,0,969,10,0,1.8812,0,0
973,stage_arrival,0,VLAN4012,3,terminal,3,1001,2,3,0,973,10,0,0,1.8812,0
970,allocate_send_arrival,0,VLAN4012,3,terminal,3,1001,2,3,0,970,10,0,1.8812,0,0
974,stage_arrival,0,VLAN4012,3,terminal,3,1001,2,3,0,974,10,0,0,1.8812,0
975,stage_arrival,0,VLAN4012,3,terminal,3,1001,2,3,0,975,10,0,0,1.8812,0
971,allocate_send_arrival,0,VLAN4012,3,terminal,3,1001,2,3,0,971,10,0,1.8812,0,0
971,allocate_send_arrival,0,VLAN4012,3,terminal,3,1001,2,3,0,971,10,0,1.8812,0,0
976,stage_arrival,0,VLAN4012,3,terminal,3,1001,2,3,0,976,10,0,0,1.8812,0
977,stage_arrival,0,VLAN4012,3,terminal,3,1001,2,3,0,977,10,0,0,1.8812,0
973,allocate_send_arrival,0,VLAN4012,3,terminal,3,1001,2,3,0,973,10,0,1.8812,0,0
973,allocate_send_arrival,0,VLAN4012,3,terminal,3,1001,2,3,0,973,10,0,1.8812,0,0
978,stage_arrival,0,VLAN4012,3,terminal,3,1001,2,3,0,978,10,0,0,1.8812,0
975,allocate_send_arrival,0,VLAN4012,3,terminal,3,1001,2,3,0,975,10,0,1.8812,0,0
979,stage_arrival,0,VLAN4012,3,terminal,3,1001,2,3,0,979,10,0,0,1.8812,0
976,allocate_send_arrival,0,VLAN4012,3,terminal,3,1001,2,3,0,976,10,0,1.8812,0,0
980,stage_arrival,0,VLAN4012,3,terminal,3,1001,2,3,0,980,10,0,0,1.8812,0
977,allocate_send_arrival,0,VLAN4012,3,terminal,3,1001,2,3,0,977,10,0,1.8812,0,0
981,stage_arrival,0,VLAN4012,3,terminal,3,1001,2,3,0,981,10,0,0,1.8812,0
982,stage_arrival,0,VLAN4012,3,terminal,3,1001,2,3,0,982,10,0,0,1.8812,0
978,allocate_send_arrival,0,VLAN4012,3,terminal,3,1001,2,3,0,978,10,0,1.8812,0,0
978,allocate_send_arrival,0,VLAN4012,3,terminal,3,1001,2,3,0,978,10,0,1.8812,0,0
983,stage_arrival,0,VLAN4012,3,terminal,3,1001,2,3,0,983,10,0,0,1.8812,0
980,allocate_send_arrival,0,VLAN4012,3,terminal,3,1001,2,3,0,980,10,0,1.8812,0,0
984,stage_arrival,0,VLAN4012,3,terminal,3,1001,2,3,0,984,10,0,0,1.8812,0
981,allocate_send_arrival,0,VLAN4012,3,terminal,3,1001,2,3,0,981,10,0,1.8812,0,0
985,stage_arrival,0,VLAN4012,3,terminal,3,1001,2,3,0,985,10,0,0,1.8812,0
982,allocate_send_arrival,0,VLAN4012,3,terminal,3,1001,2,3,0,982,10,0,1.8812,0,0
986,stage_arrival,0,VLAN4012,3,terminal,3,1001,2,3,0,986,10,0,0,1.8812,0
983,allocate_send_arrival,0,VLAN4012,3,terminal,3,1001,2,3,0,983,10,0,1.8812,0,0
987,stage_arrival,0,VLAN4012,3,terminal,3,1001,2,3,0,987,10,0,0,1.8812,0
984,allocate_send_arrival,0,VLAN4012,3,terminal,3,1001,2,3,0,984,10,0,1.8812,0,0
988,stage_arrival,0,VLAN4012,3,terminal,3,1001,2,3,0,988,10,0,0,1.8812,0
985,allocate_send_arrival,0,VLAN4012,3,terminal,3,1001,2,3,0,985,10,0,1.8812,0,0
989,stage_arrival,0,VLAN4012,3,terminal,3,1001,2,3,0,989,10,0,0,1.8812,0
990,stage_arrival,0,VLAN4012,3,terminal,3,1001,2,3,0,990,10,0,0,1.8812,0
986,allocate_send_arrival,0,VLAN4012,3,terminal,3,1001,2,3,0,986,10,0,1.8812,0,0
986,allocate_send_arrival,0,VLAN4012,3,terminal,3,1001,2,3,0,986,10,0,1.8812,0,0
991,stage_arrival,0,VLAN4012,3,terminal,3,1001,2,3,0,991,10,0,0,1.91556,0
988,allocate_send_arrival,0,VLAN4012,3,terminal,3,1001,2,3,0,988,10,0,1.91556,0,0
992,stage_arrival,0,VLAN4012,3,terminal,3,1001,2,3,0,992,10,0,0,1.91556,0
989,allocate_send_arrival,0,VLAN4012,3,terminal,3,1001,2,3,0,989,10,0,1.91556,0,0
993,stage_arrival,0,VLAN4012,3,terminal,3,1001,2,3,0,993,10,0,0,1.91556,0
990,allocate_send_arrival,0,VLAN4012,3,terminal,3,1001,2,3,0,990,10,0,1.91556,0,0
994,stage_arrival,0,VLAN4012,3,terminal,3,1001,2,3,0,994,10,0,0,1.91556,0
991,allocate_send_arrival,0,VLAN4012,3,terminal,3,1001,2,3,0,991,10,0,1.91556,0,0
995,stage_arrival,0,VLAN4012,3,terminal,3,1001,2,3,0,995,10,0,0,1.91556,0
992,allocate_send_arrival,0,VLAN4012,3,terminal,3,1001,2,3,0,992,10,0,1.91556,0,0
996,stage_arrival,0,VLAN4012,3,terminal,3,1001,2,3,0,996,10,0,0,1.91556,0
993,allocate_send_arrival,0,VLAN4012,3,terminal,3,1001,2,3,0,993,10,0,1.91556,0,0
997,stage_arrival,0,VLAN4012,3,terminal,3,1001,2,3,0,997,10,0,0,1.91556,0
994,allocate_send_arrival,0,VLAN4012,3,terminal,3,1001,2,3,0,994,10,0,1.91556,0,0
998,stage_arrival,0,VLAN4012,3,terminal,3,1001,2,3,0,998,10,0,0,1.91556,0
995,allocate_send_arrival,0,VLAN4012,3,terminal,3,1001,2,3,0,995,10,0,1.91556,0,0
999,stage_arrival,0,VLAN4012,3,terminal,3,1001,2,3,0,999,10,0,0,1.91556,0
996,allocate_send_arrival,0,VLAN4012,3,terminal,3,1001,2,3,0,996,10,0,1.91556,0,0
1000,stage_arrival,0,VLAN4012,3,terminal,3,1001,2,3,0,1000,10,0,0,1.91556,0
997,allocate_send_arrival,0,VLAN4012,3,terminal,3,1001,2,3,0,997,10,0,1.91556,0,0
1001,stage_arrival,0,VLAN4012,3,terminal,3,1001,2,3,0,1001,10,0,0,1.95851,0
998,allocate_send_arrival,0,VLAN4012,3,terminal,3,1001,2,3,0,998,10,0,1.95851,0,0
1002,stage_arrival,0,VLAN4012,3,terminal,3,1001,2,3,0,1002,10,0,0,1.95851,0
999,allocate_send_arrival,0,VLAN4012,3,terminal,3,1001,2,3,0,999,10,0,1.95851,0,0
1003,stage_arrival,0,VLAN4012,3,terminal,3,1001,2,3,0,1003,10,0,0,1.95851,0
1000,allocate_send_arrival,0,VLAN4012,3,terminal,3,1001,2,3,0,1000,10,0,1.95851,0,0
1004,stage_arrival,0,VLAN4012,3,terminal,3,1001,2,3,0,1004,10,0,0,1.95851,0
1005,stage_arrival,0,VLAN4012,3,terminal,3,1001,2,3,0,1005,10,0,0,1.95851,0
1001,allocate_send_arrival,0,VLAN4012,3,terminal,3,1001,2,3,0,1001,10,0,1.95851,0,0
1001,allocate_send_arrival,0,VLAN4012,3,terminal,3,1001,2,3,0,1001,10,0,1.95851,0,0
1006,stage_arrival,0,VLAN4012,3,terminal,3,1001,2,3,0,1006,10,0,0,1.95851,0
1007,stage_arrival,0,VLAN4012,3,terminal,3,1001,2,3,0,1007,10,0,0,1.95851,0
1003,allocate_send_arrival,0,VLAN4012,3,terminal,3,1001,2,3,0,1003,10,0,1.95851,0,0
1003,allocate_send_arrival,0,VLAN4012,3,terminal,3,1001,2,3,0,1003,10,0,1.95851,0,0
1008,stage_arrival,0,VLAN4012,3,terminal,3,1001,2,3,0,1008,10,0,0,1.95851,0
1005,allocate_send_arrival,0,VLAN4012,3,terminal,3,1001,2,3,0,1005,10,0,1.95851,0,0
1009,stage_arrival,0,VLAN4012,3,terminal,3,1001,2,3,0,1009,10,0,0,1.95851,0
1010,stage_arrival,0,VLAN4012,3,terminal,3,1001,2,3,0,1010,10,0,0,1.95851,0
1006,allocate_send_arrival,0,VLAN4012,3,terminal,3,1001,2,3,0,1006,10,0,1.95851,0,0
1006,allocate_send_arrival,0,VLAN4012,3,terminal,3,1001,2,3,0,1006,10,0,1.95851,0,0
1011,stage_arrival,0,VLAN4012,3,terminal,3,1001,2,3,0,1011,10,0,0,1.95851,0
1008,allocate_send_arrival,0,VLAN4012,3,terminal,3,1001,2,3,0,1008,10,0,1.95851,0,0
1012,stage_arrival,0,VLAN4012,3,terminal,3,1001,2,3,0,1012,10,0,0,1.95851,0
1009,allocate_send_arrival,0,VLAN4012,3,terminal,3,1001,2,3,0,1009,10,0,1.95851,0,0
1013,stage_arrival,0,VLAN4012,3,terminal,3,1001,2,3,0,1013,10,0,0,1.95851,0
1010,allocate_send_arrival,0,VLAN4012,3,terminal,3,1001,2,3,0,1010,10,0,1.95851,0,0
1014,stage_arrival,0,VLAN4012,3,terminal,3,1001,2,3,0,1014,10,0,0,1.95851,0
1015,stage_arrival,0,VLAN4012,3,terminal,3,1001,2,3,0,1015,10,0,0,1.95851,0
1011,allocate_send_arrival,0,VLAN4012,3,terminal,3,1001,2,3,0,1011,10,0,1.95851,0,0
1011,allocate_send_arrival,0,VLAN4012,3,terminal,3,1001,2,3,0,1011,10,0,1.95851,0,0
1016,stage_arrival,0,VLAN4012,3,terminal,3,1001,2,3,0,1016,10,0,0,1.95851,0
1017,stage_arrival,0,VLAN4012,3,terminal,3,1001,2,3,0,1017,10,0,0,1.95851,0
1013,allocate_send_arrival,0,VLAN4012,3,terminal,3,1001,2,3,0,1013,10,0,1.95851,0,0
1013,allocate_send_arrival,0,VLAN4012,3,terminal,3,1001,2,3,0,1013,10,0,1.95851,0,0
1018,stage_arrival,0,VLAN4012,3,terminal,3,1001,2,3,0,1018,10,0,0,1.95851,0
1015,allocate_send_arrival,0,VLAN4012,3,terminal,3,1001,2,3,0,1015,10,0,1.95851,0,0
1019,stage_arrival,0,VLAN4012,3,terminal,3,1001,2,3,0,1019,10,0,0,1.95851,0
1020,stage_arrival,0,VLAN4012,3,terminal,3,1001,2,3,0,1020,10,0,0,1.95851,0
1016,allocate_send_arrival,0,VLAN4012,3,terminal,3,1001,2,3,0,1016,10,0,1.95851,0,0
1016,allocate_send_arrival,0,VLAN4012,3,terminal,3,1001,2,3,0,1016,10,0,1.95851,0,0
1021,stage_arrival,0,VLAN4012,3,terminal,3,1001,2,3,0,1021,10,0,0,1.93274,0
1018,allocate_send_arrival,0,VLAN4012,3,terminal,3,1001,2,3,0,1018,10,0,1.93274,0,0
1022,stage_arrival,0,VLAN4012,3,terminal,3,1001,2,3,0,1022,10,0,0,1.93274,0
1019,allocate_send_arrival,0,VLAN4012,3,terminal,3,1001,2,3,0,1019,10,0,1.93274,0,0
1023,stage_arrival,0,VLAN4012,3,terminal,3,1001,2,3,0,1023,10,0,0,1.93274,0
1020,allocate_send_arrival,0,VLAN4012,3,terminal,3,1001,2,3,0,1020,10,0,1.93274,0,0
1024,stage_arrival,0,VLAN4012,3,terminal,3,1001,2,3,0,1024,10,0,0,1.93274,0
1025,stage_arrival,0,VLAN4012,3,terminal,3,1001,2,3,0,1025,10,0,0,1.93274,0
1021,allocate_send_arrival,0,VLAN4012,3,terminal,3,1001,2,3,0,1021,10,0,1.93274,0,0
1021,allocate_send_arrival,0,VLAN4012,3,terminal,3,1001,2,3,0,1021,10,0,1.93274,0,0
1026,stage_arrival,0,VLAN4012,3,terminal,3,1001,2,3,0,1026,10,0,0,1.93274,0
1023,allocate_send_arrival,0,VLAN4012,3,terminal,3,1001,2,3,0,1023,10,0,1.93274,0,0
1027,stage_arrival,0,VLAN4012,3,terminal,3,1001,2,3,0,1027,10,0,0,1.93274,0
1024,allocate_send_arrival,0,VLAN4012,3,terminal,3,1001,2,3,0,1024,10,0,1.93274,0,0
1028,stage_arrival,0,VLAN4012,3,terminal,3,1001,2,3,0,1028,10,0,0,1.93274,0
1025,allocate_send_arrival,0,VLAN4012,3,terminal,3,1001,2,3,0,1025,10,0,1.93274,0,0
1029,stage_arrival,0,VLAN4012,3,terminal,3,1001,2,3,0,1029,10,0,0,1.93274,0
1030,stage_arrival,0,VLAN4012,3,terminal,3,1001,2,3,0,1030,10,0,0,1.93274,0
1026,allocate_send_arrival,0,VLAN4012,3,terminal,3,1001,2,3,0,1026,10,0,1.93274,0,0
1026,allocate_send_arrival,0,VLAN4012,3,terminal,3,1001,2,3,0,1026,10,0,1.93274,0,0
1031,stage_arrival,0,VLAN4012,3,terminal,3,1001,2,3,0,1031,10,0,0,1.94992,0
1032,stage_arrival,0,VLAN4012,3,terminal,3,1001,2,3,0,1032,10,0,0,1.94992,0
1028,allocate_send_arrival,0,VLAN4012,3,terminal,3,1001,2,3,0,1028,10,0,1.94992,0,0
1028,allocate_send_arrival,0,VLAN4012,3,terminal,3,1001,2,3,0,1028,10,0,1.94992,0,0
1033,stage_arrival,0,VLAN4012,3,terminal,3,1001,2,3,0,1033,10,0,0,1.94992,0
1030,allocate_send_arrival,0,VLAN4012,3,terminal,3,1001,2,3,0,1030,10,0,1.94992,0,0
1034,stage_arrival,0,VLAN4012,3,terminal,3,1001,2,3,0,1034,10,0,0,1.94992,0
1035,stage_arrival,0,VLAN4012,3,terminal,3,1001,2,3,0,1035,10,0,0,1.94992,0
1031,allocate_send_arrival,0,VLAN4012,3,terminal,3,1001,2,3,0,1031,10,0,1.94992,0,0
1031,allocate_send_arrival,0,VLAN4012,3,terminal,3,1001,2,3,0,1031,10,0,1.94992,0,0
1036,stage_arrival,0,VLAN4012,3,terminal,3,1001,2,3,0,1036,10,0,0,1.94992,0
1037,stage_arrival,0,VLAN4012,3,terminal,3,1001,2,3,0,1037,10,0,0,1.94992,0
1033,allocate_send_arrival,0,VLAN4012,3,terminal,3,1001,2,3,0,1033,10,0,1.94992,0,0
1033,allocate_send_arrival,0,VLAN4012,3,terminal,3,1001,2,3,0,1033,10,0,1.94992,0,0
1038,stage_arrival,0,VLAN4012,3,terminal,3,1001,2,3,0,1038,10,0,0,1.94992,0
1035,allocate_send_arrival,0,VLAN4012,3,terminal,3,1001,2,3,0,1035,10,0,1.94992,0,0
1039,stage_arrival,0,VLAN4012,3,terminal,3,1001,2,3,0,1039,10,0,0,1.94992,0
1036,allocate_send_arrival,0,VLAN4012,3,terminal,3,1001,2,3,0,1036,10,0,1.94992,0,0
1040,stage_arrival,0,VLAN4012,3,terminal,3,1001,2,3,0,1040,10,0,0,1.94992,0
1037,allocate_send_arrival,0,VLAN4012,3,terminal,3,1001,2,3,0,1037,10,0,1.94992,0,0
1041,stage_arrival,0,VLAN4012,3,terminal,3,1001,2,3,0,1041,10,0,0,1.95851,0
1038,allocate_send_arrival,0,VLAN4012,3,terminal,3,1001,2,3,0,1038,10,0,1.95851,0,0
1042,stage_arrival,0,VLAN4012,3,terminal,3,1001,2,3,0,1042,10,0,0,1.95851,0
1039,allocate_send_arrival,0,VLAN4012,3,terminal,3,1001,2,3,0,1039,10,0,1.95851,0,0
1043,stage_arrival,0,VLAN4012,3,terminal,3,1001,2,3,0,1043,10,0,0,1.95851,0
1040,allocate_send_arrival,0,VLAN4012,3,terminal,3,1001,2,3,0,1040,10,0,1.95851,0,0
1044,stage_arrival,0,VLAN4012,3,terminal,3,1001,2,3,0,1044,10,0,0,1.95851,0
1041,allocate_send_arrival,0,VLAN4012,3,terminal,3,1001,2,3,0,1041,10,0,1.95851,0,0
1045,stage_arrival,0,VLAN4012,3,terminal,3,1001,2,3,0,1045,10,0,0,1.95851,0
1042,allocate_send_arrival,0,VLAN4012,3,terminal,3,1001,2,3,0,1042,10,0,1.95851,0,0
1046,stage_arrival,0,VLAN4012,3,terminal,3,1001,2,3,0,1046,10,0,0,1.95851,0
1043,allocate_send_arrival,0,VLAN4012,3,terminal,3,1001,2,3,0,1043,10,0,1.95851,0,0
1047,stage_arrival,0,VLAN4012,3,terminal,3,1001,2,3,0,1047,10,0,0,1.95851,0
1044,allocate_send_arrival,0,VLAN4012,3,terminal,3,1001,2,3,0,1044,10,0,1.95851,0,0
1048,stage_arrival,0,VLAN4012,3,terminal,3,1001,2,3,0,1048,10,0,0,1.95851,0
1045,allocate_send_arrival,0,VLAN4012,3,terminal,3,1001,2,3,0,1045,10,0,1.95851,0,0
1049,stage_arrival,0,VLAN4012,3,terminal,3,1001,2,3,0,1049,10,0,0,1.95851,0
1050,stage_arrival,0,VLAN4012,3,terminal,3,1001,2,3,0,1050,10,0,0,1.95851,0
1046,allocate_send_arrival,0,VLAN4012,3,terminal,3,1001,2,3,0,1046,10,0,1.95851,0,0
1046,allocate_send_arrival,0,VLAN4012,3,terminal,3,1001,2,3,0,1046,10,0,1.95851,0,0
1051,stage_arrival,0,VLAN4012,3,terminal,3,1001,2,3,0,1051,10,0,0,1.95851,0
1052,stage_arrival,0,VLAN4012,3,terminal,3,1001,2,3,0,1052,10,0,0,1.95851,0
1048,allocate_send_arrival,0,VLAN4012,3,terminal,3,1001,2,3,0,1048,10,0,1.95851,0,0
1048,allocate_send_arrival,0,VLAN4012,3,terminal,3,1001,2,3,0,1048,10,0,1.95851,0,0
1053,stage_arrival,0,VLAN4012,3,terminal,3,1001,2,3,0,1053,10,0,0,1.95851,0
1050,allocate_send_arrival,0,VLAN4012,3,terminal,3,1001,2,3,0,1050,10,0,1.95851,0,0
1054,stage_arrival,0,VLAN4012,3,terminal,3,1001,2,3,0,1054,10,0,0,1.95851,0
1051,allocate_send_arrival,0,VLAN4012,3,terminal,3,1001,2,3,0,1051,10,0,1.95851,0,0
1055,stage_arrival,0,VLAN4012,3,terminal,3,1001,2,3,0,1055,10,0,0,1.95851,0
1052,allocate_send_arrival,0,VLAN4012,3,terminal,3,1001,2,3,0,1052,10,0,1.95851,0,0
1056,stage_arrival,0,VLAN4012,3,terminal,3,1001,2,3,0,1056,10,0,0,1.95851,0
1053,allocate_send_arrival,0,VLAN4012,3,terminal,3,1001,2,3,0,1053,10,0,1.95851,0,0
1057,stage_arrival,0,VLAN4012,3,terminal,3,1001,2,3,0,1057,10,0,0,1.95851,0
1054,allocate_send_arrival,0,VLAN4012,3,terminal,3,1001,2,3,0,1054,10,0,1.95851,0,0
1058,stage_arrival,0,VLAN4012,3,terminal,3,1001,2,3,0,1058,10,0,0,1.95851,0
1055,allocate_send_arrival,0,VLAN4012,3,terminal,3,1001,2,3,0,1055,10,0,1.95851,0,0
1059,stage_arrival,0,VLAN4012,3,terminal,3,1001,2,3,0,1059,10,0,0,1.95851,0
1056,allocate_send_arrival,0,VLAN4012,3,terminal,3,1001,2,3,0,1056,10,0,1.95851,0,0
1060,stage_arrival,0,VLAN4012,3,terminal,3,1001,2,3,0,1060,10,0,0,1.95851,0
1057,allocate_send_arrival,0,VLAN4012,3,terminal,3,1001,2,3,0,1057,10,0,1.95851,0,0
1061,stage_arrival,0,VLAN4012,3,terminal,3,1001,2,3,0,1061,10,0,0,1.9671,0
1058,allocate_send_arrival,0,VLAN4012,3,terminal,3,1001,2,3,0,1058,10,0,1.9671,0,0
1062,stage_arrival,0,VLAN4012,3,terminal,3,1001,2,3,0,1062,10,0,0,1.9671,0
1059,allocate_send_arrival,0,VLAN4012,3,terminal,3,1001,2,3,0,1059,10,0,1.9671,0,0
1063,stage_arrival,0,VLAN4012,3,terminal,3,1001,2,3,0,1063,10,0,0,1.9671,0
1060,allocate_send_arrival,0,VLAN4012,3,terminal,3,1001,2,3,0,1060,10,0,1.9671,0,0
1064,stage_arrival,0,VLAN4012,3,terminal,3,1001,2,3,0,1064,10,0,0,1.9671,0
1061,allocate_send_arrival,0,VLAN4012,3,terminal,3,1001,2,3,0,1061,10,0,1.9671,0,0
1065,stage_arrival,0,VLAN4012,3,terminal,3,1001,2,3,0,1065,10,0,0,1.9671,0
1062,allocate_send_arrival,0,VLAN4012,3,terminal,3,1001,2,3,0,1062,10,0,1.9671,0,0
1066,stage_arrival,0,VLAN4012,3,terminal,3,1001,2,3,0,1066,10,0,0,1.9671,0
1063,allocate_send_arrival,0,VLAN4012,3,terminal,3,1001,2,3,0,1063,10,0,1.9671,0,0
1067,stage_arrival,0,VLAN4012,3,terminal,3,1001,2,3,0,1067,10,0,0,1.9671,0
1064,allocate_send_arrival,0,VLAN4012,3,terminal,3,1001,2,3,0,1064,10,0,1.9671,0,0
1068,stage_arrival,0,VLAN4012,3,terminal,3,1001,2,3,0,1068,10,0,0,1.9671,0
1065,allocate_send_arrival,0,VLAN4012,3,terminal,3,1001,2,3,0,1065,10,0,1.9671,0,0
1069,stage_arrival,0,VLAN4012,3,terminal,3,1001,2,3,0,1069,10,0,0,1.9671,0
1070,stage_arrival,0,VLAN4012,3,terminal,3,1001,2,3,0,1070,10,0,0,1.9671,0
1066,allocate_send_arrival,0,VLAN4012,3,terminal,3,1001,2,3,0,1066,10,0,1.9671,0,0
1066,allocate_send_arrival,0,VLAN4012,3,terminal,3,1001,2,3,0,1066,10,0,1.9671,0,0
1071,stage_arrival,0,VLAN4012,3,terminal,3,1001,2,3,0,1071,10,0,0,1.94992,0
1068,allocate_send_arrival,0,VLAN4012,3,terminal,3,1001,2,3,0,1068,10,0,1.94992,0,0
1072,stage_arrival,0,VLAN4012,3,terminal,3,1001,2,3,0,1072,10,0,0,1.94992,0
1069,allocate_send_arrival,0,VLAN4012,3,terminal,3,1001,2,3,0,1069,10,0,1.94992,0,0
1073,stage_arrival,0,VLAN4012,3,terminal,3,1001,2,3,0,1073,10,0,0,1.94992,0
1070,allocate_send_arrival,0,VLAN4012,3,terminal,3,1001,2,3,0,1070,10,0,1.94992,0,0
1074,stage_arrival,0,VLAN4012,3,terminal,3,1001,2,3,0,1074,10,0,0,1.94992,0
1075,stage_arrival,0,VLAN4012,3,terminal,3,1001,2,3,0,1075,10,0,0,1.94992,0
1071,allocate_send_arrival,0,VLAN4012,3,terminal,3,1001,2,3,0,1071,10,0,1.94992,0,0
1071,allocate_send_arrival,0,VLAN4012,3,terminal,3,1001,2,3,0,1071,10,0,1.94992,0,0
1076,stage_arrival,0,VLAN4012,3,terminal,3,1001,2,3,0,1076,10,0,0,1.94992,0
1077,stage_arrival,0,VLAN4012,3,terminal,3,1001,2,3,0,1077,10,0,0,1.94992,0
1073,allocate_send_arrival,0,VLAN4012,3,terminal,3,1001,2,3,0,1073,10,0,1.94992,0,0
1073,allocate_send_arrival,0,VLAN4012,3,terminal,3,1001,2,3,0,1073,10,0,1.94992,0,0
1078,stage_arrival,0,VLAN4012,3,terminal,3,1001,2,3,0,1078,10,0,0,1.94992,0
1075,allocate_send_arrival,0,VLAN4012,3,terminal,3,1001,2,3,0,1075,10,0,1.94992,0,0
1079,stage_arrival,0,VLAN4012,3,terminal,3,1001,2,3,0,1079,10,0,0,1.94992,0
1076,allocate_send_arrival,0,VLAN4012,3,terminal,3,1001,2,3,0,1076,10,0,1.94992,0,0
1080,stage_arrival,0,VLAN4012,3,terminal,3,1001,2,3,0,1080,10,0,0,1.94992,0
1077,allocate_send_arrival,0,VLAN4012,3,terminal,3,1001,2,3,0,1077,10,0,1.94992,0,0
1081,stage_arrival,0,VLAN4012,3,terminal,3,1001,2,3,0,1081,10,0,0,1.94992,0
1078,allocate_send_arrival,0,VLAN4012,3,terminal,3,1001,2,3,0,1078,10,0,1.94992,0,0
1082,stage_arrival,0,VLAN4012,3,terminal,3,1001,2,3,0,1082,10,0,0,1.94992,0
1079,allocate_send_arrival,0,VLAN4012,3,terminal,3,1001,2,3,0,1079,10,0,1.94992,0,0
1083,stage_arrival,0,VLAN4012,3,terminal,3,1001,2,3,0,1083,10,0,0,1.94992,0
1080,allocate_send_arrival,0,VLAN4012,3,terminal,3,1001,2,3,0,1080,10,0,1.94992,0,0
1084,stage_arrival,0,VLAN4012,3,terminal,3,1001,2,3,0,1084,10,0,0,1.94992,0
1085,stage_arrival,0,VLAN4012,3,terminal,3,1001,2,3,0,1085,10,0,0,1.94992,0
1081,allocate_send_arrival,0,VLAN4012,3,terminal,3,1001,2,3,0,1081,10,0,1.94992,0,0
1081,allocate_send_arrival,0,VLAN4012,3,terminal,3,1001,2,3,0,1081,10,0,1.94992,0,0
1086,stage_arrival,0,VLAN4012,3,terminal,3,1001,2,3,0,1086,10,0,0,1.94992,0
1087,stage_arrival,0,VLAN4012,3,terminal,3,1001,2,3,0,1087,10,0,0,1.94992,0
1083,allocate_send_arrival,0,VLAN4012,3,terminal,3,1001,2,3,0,1083,10,0,1.94992,0,0
1083,allocate_send_arrival,0,VLAN4012,3,terminal,3,1001,2,3,0,1083,10,0,1.94992,0,0
1088,stage_arrival,0,VLAN4012,3,terminal,3,1001,2,3,0,1088,10,0,0,1.94992,0
1085,allocate_send_arrival,0,VLAN4012,3,terminal,3,1001,2,3,0,1085,10,0,1.94992,0,0
1089,stage_arrival,0,VLAN4012,3,terminal,3,1001,2,3,0,1089,10,0,0,1.94992,0
1090,stage_arrival,0,VLAN4012,3,terminal,3,1001,2,3,0,1090,10,0,0,1.94992,0
1086,allocate_send_arrival,0,VLAN4012,3,terminal,3,1001,2,3,0,1086,10,0,1.94992,0,0
1086,allocate_send_arrival,0,VLAN4012,3,terminal,3,1001,2,3,0,1086,10,0,1.94992,0,0
1091,stage_arrival,0,VLAN4012,3,terminal,3,1001,2,3,0,1091,10,0,0,1.9671,0
1092,stage_arrival,0,VLAN4012,3,terminal,3,1001,2,3,0,1092,10,0,0,1.9671,0
1088,allocate_send_arrival,0,VLAN4012,3,terminal,3,1001,2,3,0,1088,10,0,1.9671,0,0
1088,allocate_send_arrival,0,VLAN4012,3,terminal,3,1001,2,3,0,1088,10,0,1.9671,0,0
1093,stage_arrival,0,VLAN4012,3,terminal,3,1001,2,3,0,1093,10,0,0,1.9671,0
1090,allocate_send_arrival,0,VLAN4012,3,terminal,3,1001,2,3,0,1090,10,0,1.9671,0,0
1094,stage_arrival,0,VLAN4012,3,terminal,3,1001,2,3,0,1094,10,0,0,1.9671,0
1091,allocate_send_arrival,0,VLAN4012,3,terminal,3,1001,2,3,0,1091,10,0,1.9671,0,0
1095,stage_arrival,0,VLAN4012,3,terminal,3,1001,2,3,0,1095,10,0,0,1.9671,0
1092,allocate_send_arrival,0,VLAN4012,3,terminal,3,1001,2,3,0,1092,10,0,1.9671,0,0
1096,stage_arrival,0,VLAN4012,3,terminal,3,1001,2,3,0,1096,10,0,0,1.9671,0
1093,allocate_send_arrival,0,VLAN4012,3,terminal,3,1001,2,3,0,1093,10,0,1.9671,0,0
1097,stage_arrival,0,VLAN4012,3,terminal,3,1001,2,3,0,1097,10,0,0,1.9671,0
1094,allocate_send_arrival,0,VLAN4012,3,terminal,3,1001,2,3,0,1094,10,0,1.9671,0,0
1098,stage_arrival,0,VLAN4012,3,terminal,3,1001,2,3,0,1098,10,0,0,1.9671,0
1095,allocate_send_arrival,0,VLAN4012,3,terminal,3,1001,2,3,0,1095,10,0,1.9671,0,0
1099,stage_arrival,0,VLAN4012,3,terminal,3,1001,2,3,0,1099,10,0,0,1.9671,0
1096,allocate_send_arrival,0,VLAN4012,3,terminal,3,1001,2,3,0,1096,10,0,1.9671,0,0
1100,stage_arrival,0,VLAN4012,3,terminal,3,1001,2,3,0,1100,10,0,0,1.9671,0
1097,allocate_send_arrival,0,VLAN4012,3,terminal,3,1001,2,3,0,1097,10,0,1.9671,0,0
1101,stage_arrival,0,VLAN4012,3,terminal,3,1001,2,3,0,1101,10,0,0,1.98427,0
1098,allocate_send_arrival,0,VLAN4012,3,terminal,3,1001,2,3,0,1098,10,0,1.98427,0,0
1102,stage_arrival,0,VLAN4012,3,terminal,3,1001,2,3,0,1102,10,0,0,1.98427,0
1099,allocate_send_arrival,0,VLAN4012,3,terminal,3,1001,2,3,0,1099,10,0,1.98427,0,0
1103,stage_arrival,0,VLAN4012,3,terminal,3,1001,2,3,0,1103,10,0,0,1.98427,0
1100,allocate_send_arrival,0,VLAN4012,3,terminal,3,1001,2,3,0,1100,10,0,1.98427,0,0
1104,stage_arrival,0,VLAN4012,3,terminal,3,1001,2,3,0,1104,10,0,0,1.98427,0
1101,allocate_send_arrival,0,VLAN4012,3,terminal,3,1001,2,3,0,1101,10,0,1.98427,0,0
1105,stage_arrival,0,VLAN4012,3,terminal,3,1001,2,3,0,1105,10,0,0,1.98427,0
1102,allocate_send_arrival,0,VLAN4012,3,terminal,3,1001,2,3,0,1102,10,0,1.98427,0,0
1106,stage_arrival,0,VLAN4012,3,terminal,3,1001,2,3,0,1106,10,0,0,1.98427,0
1103,allocate_send_arrival,0,VLAN4012,3,terminal,3,1001,2,3,0,1103,10,0,1.98427,0,0
1107,stage_arrival,0,VLAN4012,3,terminal,3,1001,2,3,0,1107,10,0,0,1.98427,0
1104,allocate_send_arrival,0,VLAN4012,3,terminal,3,1001,2,3,0,1104,10,0,1.98427,0,0
1108,stage_arrival,0,VLAN4012,3,terminal,3,1001,2,3,0,1108,10,0,0,1.98427,0
1105,allocate_send_arrival,0,VLAN4012,3,terminal,3,1001,2,3,0,1105,10,0,1.98427,0,0
1109,stage_arrival,0,VLAN4012,3,terminal,3,1001,2,3,0,1109,10,0,0,1.98427,0
1106,allocate_send_arrival,0,VLAN4012,3,terminal,3,1001,2,3,0,1106,10,0,1.98427,0,0
1110,stage_arrival,0,VLAN4012,3,terminal,3,1001,2,3,0,1110,10,0,0,1.98427,0
1107,allocate_send_arrival,0,VLAN4012,3,terminal,3,1001,2,3,0,1107,10,0,1.98427,0,0
1111,stage_arrival,0,VLAN4012,3,terminal,3,1001,2,3,0,1111,10,0,0,1.94992,0
1112,stage_arrival,0,VLAN4012,3,terminal,3,1001,2,3,0,1112,10,0,0,1.94992,0
1108,allocate_send_arrival,0,VLAN4012,3,terminal,3,1001,2,3,0,1108,10,0,1.94992,0,0
1108,allocate_send_arrival,0,VLAN4012,3,terminal,3,1001,2,3,0,1108,10,0,1.94992,0,0
1113,stage_arrival,0,VLAN4012,3,terminal,3,1001,2,3,0,1113,10,0,0,1.94992,0
1110,allocate_send_arrival,0,VLAN4012,3,terminal,3,1001,2,3,0,1110,10,0,1.94992,0,0
1114,stage_arrival,0,VLAN4012,3,terminal,3,1001,2,3,0,1114,10,0,0,1.94992,0
1111,allocate_send_arrival,0,VLAN4012,3,terminal,3,1001,2,3,0,1111,10,0,1.94992,0,0
1115,stage_arrival,0,VLAN4012,3,terminal,3,1001,2,3,0,1115,10,0,0,1.94992,0
1112,allocate_send_arrival,0,VLAN4012,3,terminal,3,1001,2,3,0,1112,10,0,1.94992,0,0
1116,stage_arrival,0,VLAN4012,3,terminal,3,1001,2,3,0,1116,10,0,0,1.94992,0
1113,allocate_send_arrival,0,VLAN4012,3,terminal,3,1001,2,3,0,1113,10,0,1.94992,0,0
1117,stage_arrival,0,VLAN4012,3,terminal,3,1001,2,3,0,1117,10,0,0,1.94992,0
1114,allocate_send_arrival,0,VLAN4012,3,terminal,3,1001,2,3,0,1114,10,0,1.94992,0,0
1118,stage_arrival,0,VLAN4012,3,terminal,3,1001,2,3,0,1118,10,0,0,1.94992,0
1115,allocate_send_arrival,0,VLAN4012,3,terminal,3,1001,2,3,0,1115,10,0,1.94992,0,0
1119,stage_arrival,0,VLAN4012,3,terminal,3,1001,2,3,0,1119,10,0,0,1.94992,0
1120,stage_arrival,0,VLAN4012,3,terminal,3,1001,2,3,0,1120,10,0,0,1.94992,0
1116,allocate_send_arrival,0,VLAN4012,3,terminal,3,1001,2,3,0,1116,10,0,1.94992,0,0
1116,allocate_send_arrival,0,VLAN4012,3,terminal,3,1001,2,3,0,1116,10,0,1.94992,0,0
1121,stage_arrival,0,VLAN4012,3,terminal,3,1001,2,3,0,1121,10,0,0,1.94992,0
1122,stage_arrival,0,VLAN4012,3,terminal,3,1001,2,3,0,1122,10,0,0,1.94992,0
1118,allocate_send_arrival,0,VLAN4012,3,terminal,3,1001,2,3,0,1118,10,0,1.94992,0,0
1118,allocate_send_arrival,0,VLAN4012,3,terminal,3,1001,2,3,0,1118,10,0,1.94992,0,0
1123,stage_arrival,0,VLAN4012,3,terminal,3,1001,2,3,0,1123,10,0,0,1.94992,0
1120,allocate_send_arrival,0,VLAN4012,3,terminal,3,1001,2,3,0,1120,10,0,1.94992,0,0
1124,stage_arrival,0,VLAN4012,3,terminal,3,1001,2,3,0,1124,10,0,0,1.94992,0
1125,stage_arrival,0,VLAN4012,3,terminal,3,1001,2,3,0,1125,10,0,0,1.94992,0
1121,allocate_send_arrival,0,VLAN4012,3,terminal,3,1001,2,3,0,1121,10,0,1.94992,0,0
1121,allocate_send_arrival,0,VLAN4012,3,terminal,3,1001,2,3,0,1121,10,0,1.94992,0,0
1126,stage_arrival,0,VLAN4012,3,terminal,3,1001,2,3,0,1126,10,0,0,1.94992,0
1127,stage_arrival,0,VLAN4012,3,terminal,3,1001,2,3,0,1127,10,0,0,1.94992,0
1123,allocate_send_arrival,0,VLAN4012,3,terminal,3,1001,2,3,0,1123,10,0,1.94992,0,0
1123,allocate_send_arrival,0,VLAN4012,3,terminal,3,1001,2,3,0,1123,10,0,1.94992,0,0
1128,stage_arrival,0,VLAN4012,3,terminal,3,1001,2,3,0,1128,10,0,0,1.94992,0
1125,allocate_send_arrival,0,VLAN4012,3,terminal,3,1001,2,3,0,1125,10,0,1.94992,0,0
1129,stage_arrival,0,VLAN4012,3,terminal,3,1001,2,3,0,1129,10,0,0,1.94992,0
1130,stage_arrival,0,VLAN4012,3,terminal,3,1001,2,3,0,1130,10,0,0,1.94992,0
1126,allocate_send_arrival,0,VLAN4012,3,terminal,3,1001,2,3,0,1126,10,0,1.94992,0,0
1126,allocate_send_arrival,0,VLAN4012,3,terminal,3,1001,2,3,0,1126,10,0,1.94992,0,0
1131,stage_arrival,0,VLAN4012,3,terminal,3,1001,2,3,0,1131,10,0,0,1.94133,0
1128,allocate_send_arrival,0,VLAN4012,3,terminal,3,1001,2,3,0,1128,10,0,1.94133,0,0
1132,stage_arrival,0,VLAN4012,3,terminal,3,1001,2,3,0,1132,10,0,0,1.94133,0
1129,allocate_send_arrival,0,VLAN4012,3,terminal,3,1001,2,3,0,1129,10,0,1.94133,0,0
1133,stage_arrival,0,VLAN4012,3,terminal,3,1001,2,3,0,1133,10,0,0,1.94133,0
1130,allocate_send_arrival,0,VLAN4012,3,terminal,3,1001,2,3,0,1130,10,0,1.94133,0,0
1134,stage_arrival,0,VLAN4012,3,terminal,3,1001,2,3,0,1134,10,0,0,1.94133,0
1131,allocate_send_arrival,0,VLAN4012,3,terminal,3,1001,2,3,0,1131,10,0,1.94133,0,0
1135,stage_arrival,0,VLAN4012,3,terminal,3,1001,2,3,0,1135,10,0,0,1.94133,0
1132,allocate_send_arrival,0,VLAN4012,3,terminal,3,1001,2,3,0,1132,10,0,1.94133,0,0
1136,stage_arrival,0,VLAN4012,3,terminal,3,1001,2,3,0,1136,10,0,0,1.94133,0
1133,allocate_send_arrival,0,VLAN4012,3,terminal,3,1001,2,3,0,1133,10,0,1.94133,0,0
1137,stage_arrival,0,VLAN4012,3,terminal,3,1001,2,3,0,1137,10,0,0,1.94133,0
1134,allocate_send_arrival,0,VLAN4012,3,terminal,3,1001,2,3,0,1134,10,0,1.94133,0,0
1138,stage_arrival,0,VLAN4012,3,terminal,3,1001,2,3,0,1138,10,0,0,1.94133,0
1135,allocate_send_arrival,0,VLAN4012,3,terminal,3,1001,2,3,0,1135,10,0,1.94133,0,0
1139,stage_arrival,0,VLAN4012,3,terminal,3,1001,2,3,0,1139,10,0,0,1.94133,0
1136,allocate_send_arrival,0,VLAN4012,3,terminal,3,1001,2,3,0,1136,10,0,1.94133,0,0
1140,stage_arrival,0,VLAN4012,3,terminal,3,1001,2,3,0,1140,10,0,0,1.94133,0
1137,allocate_send_arrival,0,VLAN4012,3,terminal,3,1001,2,3,0,1137,10,0,1.94133,0,0
1141,stage_arrival,0,VLAN4012,3,terminal,3,1001,2,3,0,1141,10,0,0,1.97568,0
1138,allocate_send_arrival,0,VLAN4012,3,terminal,3,1001,2,3,0,1138,10,0,1.97568,0,0
1142,stage_arrival,0,VLAN4012,3,terminal,3,1001,2,3,0,1142,10,0,0,1.97568,0
1139,allocate_send_arrival,0,VLAN4012,3,terminal,3,1001,2,3,0,1139,10,0,1.97568,0,0
1143,stage_arrival,0,VLAN4012,3,terminal,3,1001,2,3,0,1143,10,0,0,1.97568,0
1140,allocate_send_arrival,0,VLAN4012,3,terminal,3,1001,2,3,0,1140,10,0,1.97568,0,0
1144,stage_arrival,0,VLAN4012,3,terminal,3,1001,2,3,0,1144,10,0,0,1.97568,0
1145,stage_arrival,0,VLAN4012,3,terminal,3,1001,2,3,0,1145,10,0,0,1.97568,0
1141,allocate_send_arrival,0,VLAN4012,3,terminal,3,1001,2,3,0,1141,10,0,1.97568,0,0
1141,allocate_send_arrival,0,VLAN4012,3,terminal,3,1001,2,3,0,1141,10,0,1.97568,0,0
1146,stage_arrival,0,VLAN4012,3,terminal,3,1001,2,3,0,1146,10,0,0,1.97568,0
1147,stage_arrival,0,VLAN4012,3,terminal,3,1001,2,3,0,1147,10,0,0,1.97568,0
1143,allocate_send_arrival,0,VLAN4012,3,terminal,3,1001,2,3,0,1143,10,0,1.97568,0,0
1143,allocate_send_arrival,0,VLAN4012,3,terminal,3,1001,2,3,0,1143,10,0,1.97568,0,0
1148,stage_arrival,0,VLAN4012,3,terminal,3,1001,2,3,0,1148,10,0,0,1.97568,0
1145,allocate_send_arrival,0,VLAN4012,3,terminal,3,1001,2,3,0,1145,10,0,1.97568,0,0
1149,stage_arrival,0,VLAN4012,3,terminal,3,1001,2,3,0,1149,10,0,0,1.97568,0
1146,allocate_send_arrival,0,VLAN4012,3,terminal,3,1001,2,3,0,1146,10,0,1.97568,0,0
1150,stage_arrival,0,VLAN4012,3,terminal,3,1001,2,3,0,1150,10,0,0,1.97568,0
1147,allocate_send_arrival,0,VLAN4012,3,terminal,3,1001,2,3,0,1147,10,0,1.97568,0,0
1151,stage_arrival,0,VLAN4012,3,terminal,3,1001,2,3,0,1151,10,0,0,1.93274,0
1152,stage_arrival,0,VLAN4012,3,terminal,3,1001,2,3,0,1152,10,0,0,1.93274,0
1148,allocate_send_arrival,0,VLAN4012,3,terminal,3,1001,2,3,0,1148,10,0,1.93274,0,0
1148,allocate_send_arrival,0,VLAN4012,3,terminal,3,1001,2,3,0,1148,10,0,1.93274,0,0
1153,stage_arrival,0,VLAN4012,3,terminal,3,1001,2,3,0,1153,10,0,0,1.93274,0
1150,allocate_send_arrival,0,VLAN4012,3,terminal,3,1001,2,3,0,1150,10,0,1.93274,0,0
1154,stage_arrival,0,VLAN4012,3,terminal,3,1001,2,3,0,1154,10,0,0,1.93274,0
1155,stage_arrival,0,VLAN4012,3,terminal,3,1001,2,3,0,1155,10,0,0,1.93274,0
1151,allocate_send_arrival,0,VLAN4012,3,terminal,3,1001,2,3,0,1151,10,0,1.93274,0,0
1151,allocate_send_arrival,0,VLAN4012,3,terminal,3,1001,2,3,0,1151,10,0,1.93274,0,0
1156,stage_arrival,0,VLAN4012,3,terminal,3,1001,2,3,0,1156,10,0,0,1.93274,0
1157,stage_arrival,0,VLAN4012,3,terminal,3,1001,2,3,0,1157,10,0,0,1.93274,0
1153,allocate_send_arrival,0,VLAN4012,3,terminal,3,1001,2,3,0,1153,10,0,1.93274,0,0
1153,allocate_send_arrival,0,VLAN4012,3,terminal,3,1001,2,3,0,1153,10,0,1.93274,0,0
1158,stage_arrival,0,VLAN4012,3,terminal,3,1001,2,3,0,1158,10,0,0,1.93274,0
1155,allocate_send_arrival,0,VLAN4012,3,terminal,3,1001,2,3,0,1155,10,0,1.93274,0,0
1159,stage_arrival,0,VLAN4012,3,terminal,3,1001,2,3,0,1159,10,0,0,1.93274,0
1156,allocate_send_arrival,0,VLAN4012,3,terminal,3,1001,2,3,0,1156,10,0,1.93274,0,0
1160,stage_arrival,0,VLAN4012,3,terminal,3,1001,2,3,0,1160,10,0,0,1.93274,0
1157,allocate_send_arrival,0,VLAN4012,3,terminal,3,1001,2,3,0,1157,10,0,1.93274,0,0
1161,stage_arrival,0,VLAN4012,3,terminal,3,1001,2,3,0,1161,10,0,0,1.94992,0
1162,stage_arrival,0,VLAN4012,3,terminal,3,1001,2,3,0,1162,10,0,0,1.94992,0
1158,allocate_send_arrival,0,VLAN4012,3,terminal,3,1001,2,3,0,1158,10,0,1.94992,0,0
1158,allocate_send_arrival,0,VLAN4012,3,terminal,3,1001,2,3,0,1158,10,0,1.94992,0,0
1163,stage_arrival,0,VLAN4012,3,terminal,3,1001,2,3,0,1163,10,0,0,1.94992,0
1160,allocate_send_arrival,0,VLAN4012,3,terminal,3,1001,2,3,0,1160,10,0,1.94992,0,0
1164,stage_arrival,0,VLAN4012,3,terminal,3,1001,2,3,0,1164,10,0,0,1.94992,0
1161,allocate_send_arrival,0,VLAN4012,3,terminal,3,1001,2,3,0,1161,10,0,1.94992,0,0
1165,stage_arrival,0,VLAN4012,3,terminal,3,1001,2,3,0,1165,10,0,0,1.94992,0
1162,allocate_send_arrival,0,VLAN4012,3,terminal,3,1001,2,3,0,1162,10,0,1.94992,0,0
1166,stage_arrival,0,VLAN4012,3,terminal,3,1001,2,3,0,1166,10,0,0,1.94992,0
1163,allocate_send_arrival,0,VLAN4012,3,terminal,3,1001,2,3,0,1163,10,0,1.94992,0,0
1167,stage_arrival,0,VLAN4012,3,terminal,3,1001,2,3,0,1167,10,0,0,1.94992,0
1164,allocate_send_arrival,0,VLAN4012,3,terminal,3,1001,2,3,0,1164,10,0,1.94992,0,0
1168,stage_arrival,0,VLAN4012,3,terminal,3,1001,2,3,0,1168,10,0,0,1.94992,0
1165,allocate_send_arrival,0,VLAN4012,3,terminal,3,1001,2,3,0,1165,10,0,1.94992,0,0
1169,stage_arrival,0,VLAN4012,3,terminal,3,1001,2,3,0,1169,10,0,0,1.94992,0
1166,allocate_send_arrival,0,VLAN4012,3,terminal,3,1001,2,3,0,1166,10,0,1.94992,0,0
1170,stage_arrival,0,VLAN4012,3,terminal,3,1001,2,3,0,1170,10,0,0,1.94992,0
1167,allocate_send_arrival,0,VLAN4012,3,terminal,3,1001,2,3,0,1167,10,0,1.94992,0,0
1171,stage_arrival,0,VLAN4012,3,terminal,3,1001,2,3,0,1171,10,0,0,1.94133,0
1172,stage_arrival,0,VLAN4012,3,terminal,3,1001,2,3,0,1172,10,0,0,1.94133,0
1168,allocate_send_arrival,0,VLAN4012,3,terminal,3,1001,2,3,0,1168,10,0,1.94133,0,0
1168,allocate_send_arrival,0,VLAN4012,3,terminal,3,1001,2,3,0,1168,10,0,1.94133,0,0
1173,stage_arrival,0,VLAN4012,3,terminal,3,1001,2,3,0,1173,10,0,0,1.94133,0
1170,allocate_send_arrival,0,VLAN4012,3,terminal,3,1001,2,3,0,1170,10,0,1.94133,0,0
1174,stage_arrival,0,VLAN4012,3,terminal,3,1001,2,3,0,1174,10,0,0,1.94133,0
1175,stage_arrival,0,VLAN4012,3,terminal,3,1001,2,3,0,1175,10,0,0,1.94133,0
1171,allocate_send_arrival,0,VLAN4012,3,terminal,3,1001,2,3,0,1171,10,0,1.94133,0,0
1171,allocate_send_arrival,0,VLAN4012,3,terminal,3,1001,2,3,0,1171,10,0,1.94133,0,0
1176,stage_arrival,0,VLAN4012,3,terminal,3,1001,2,3,0,1176,10,0,0,1.94133,0
1173,allocate_send_arrival,0,VLAN4012,3,terminal,3,1001,2,3,0,1173,10,0,1.94133,0,0
1177,stage_arrival,0,VLAN4012,3,terminal,3,1001,2,3,0,1177,10,0,0,1.94133,0
1174,allocate_send_arrival,0,VLAN4012,3,terminal,3,1001,2,3,0,1174,10,0,1.94133,0,0
1178,stage_arrival,0,VLAN4012,3,terminal,3,1001,2,3,0,1178,10,0,0,1.94133,0
1175,allocate_send_arrival,0,VLAN4012,3,terminal,3,1001,2,3,0,1175,10,0,1.94133,0,0
1179,stage_arrival,0,VLAN4012,3,terminal,3,1001,2,3,0,1179,10,0,0,1.94133,0
1176,allocate_send_arrival,0,VLAN4012,3,terminal,3,1001,2,3,0,1176,10,0,1.94133,0,0
1180,stage_arrival,0,VLAN4012,3,terminal,3,1001,2,3,0,1180,10,0,0,1.94133,0
1177,allocate_send_arrival,0,VLAN4012,3,terminal,3,1001,2,3,0,1177,10,0,1.94133,0,0
1181,stage_arrival,0,VLAN4012,3,terminal,3,1001,2,3,0,1181,10,0,0,1.97568,0
1182,stage_arrival,0,VLAN4012,3,terminal,3,1001,2,3,0,1182,10,0,0,1.97568,0
1178,allocate_send_arrival,0,VLAN4012,3,terminal,3,1001,2,3,0,1178,10,0,1.97568,0,0
1178,allocate_send_arrival,0,VLAN4012,3,terminal,3,1001,2,3,0,1178,10,0,1.97568,0,0
1183,stage_arrival,0,VLAN4012,3,terminal,3,1001,2,3,0,1183,10,0,0,1.97568,0
1180,allocate_send_arrival,0,VLAN4012,3,terminal,3,1001,2,3,0,1180,10,0,1.97568,0,0
1184,stage_arrival,0,VLAN4012,3,terminal,3,1001,2,3,0,1184,10,0,0,1.97568,0
1185,stage_arrival,0,VLAN4012,3,terminal,3,1001,2,3,0,1185,10,0,0,1.97568,0
1181,allocate_send_arrival,0,VLAN4012,3,terminal,3,1001,2,3,0,1181,10,0,1.97568,0,0
1181,allocate_send_arrival,0,VLAN4012,3,terminal,3,1001,2,3,0,1181,10,0,1.97568,0,0
1186,stage_arrival,0,VLAN4012,3,terminal,3,1001,2,3,0,1186,10,0,0,1.97568,0
1187,stage_arrival,0,VLAN4012,3,terminal,3,1001,2,3,0,1187,10,0,0,1.97568,0
1183,allocate_send_arrival,0,VLAN4012,3,terminal,3,1001,2,3,0,1183,10,0,1.97568,0,0
1183,allocate_send_arrival,0,VLAN4012,3,terminal,3,1001,2,3,0,1183,10,0,1.97568,0,0
1188,stage_arrival,0,VLAN4012,3,terminal,3,1001,2,3,0,1188,10,0,0,1.97568,0
1185,allocate_send_arrival,0,VLAN4012,3,terminal,3,1001,2,3,0,1185,10,0,1.97568,0,0
1189,stage_arrival,0,VLAN4012,3,terminal,3,1001,2,3,0,1189,10,0,0,1.97568,0
1190,stage_arrival,0,VLAN4012,3,terminal,3,1001,2,3,0,1190,10,0,0,1.97568,0
1186,allocate_send_arrival,0,VLAN4012,3,terminal,3,1001,2,3,0,1186,10,0,1.97568,0,0
1186,allocate_send_arrival,0,VLAN4012,3,terminal,3,1001,2,3,0,1186,10,0,1.97568,0,0
1191,stage_arrival,0,VLAN4012,3,terminal,3,1001,2,3,0,1191,10,0,0,2.00145,0
1192,stage_arrival,0,VLAN4012,3,terminal,3,1001,2,3,0,1192,10,0,0,2.00145,0
1188,allocate_send_arrival,0,VLAN4012,3,terminal,3,1001,2,3,0,1188,10,0,2.00145,0,0
1188,allocate_send_arrival,0,VLAN4012,3,terminal,3,1001,2,3,0,1188,10,0,2.00145,0,0
1193,stage_arrival,0,VLAN4012,3,terminal,3,1001,2,3,0,1193,10,0,0,2.00145,0
1190,allocate_send_arrival,0,VLAN4012,3,terminal,3,1001,2,3,0,1190,10,0,2.00145,0,0
1194,stage_arrival,0,VLAN4012,3,terminal,3,1001,2,3,0,1194,10,0,0,2.00145,0
1191,allocate_send_arrival,0,VLAN4012,3,terminal,3,1001,2,3,0,1191,10,0,2.00145,0,0
1195,stage_arrival,0,VLAN4012,3,terminal,3,1001,2,3,0,1195,10,0,0,2.00145,0
1192,allocate_send_arrival,0,VLAN4012,3,terminal,3,1001,2,3,0,1192,10,0,2.00145,0,0
1196,stage_arrival,0,VLAN4012,3,terminal,3,1001,2,3,0,1196,10,0,0,2.00145,0
1193,allocate_send_arrival,0,VLAN4012,3,terminal,3,1001,2,3,0,1193,10,0,2.00145,0,0
1197,stage_arrival,0,VLAN4012,3,terminal,3,1001,2,3,0,1197,10,0,0,2.00145,0
1194,allocate_send_arrival,0,VLAN4012,3,terminal,3,1001,2,3,0,1194,10,0,2.00145,0,0
1198,stage_arrival,0,VLAN4012,3,terminal,3,1001,2,3,0,1198,10,0,0,2.00145,0
1195,allocate_send_arrival,0,VLAN4012,3,terminal,3,1001,2,3,0,1195,10,0,2.00145,0,0
1199,stage_arrival,0,VLAN4012,3,terminal,3,1001,2,3,0,1199,10,0,0,2.00145,0
1200,stage_arrival,0,VLAN4012,3,terminal,3,1001,2,3,0,1200,10,0,0,2.00145,0
1196,allocate_send_arrival,0,VLAN4012,3,terminal,3,1001,2,3,0,1196,10,0,2.00145,0,0
1196,allocate_send_arrival,0,VLAN4012,3,terminal,3,1001,2,3,0,1196,10,0,2.00145,0,0
1201,stage_arrival,0,VLAN4012,3,terminal,3,1001,2,3,0,1201,10,0,0,1.95851,0
1198,allocate_send_arrival,0,VLAN4012,3,terminal,3,1001,2,3,0,1198,10,0,1.95851,0,0
1202,stage_arrival,0,VLAN4012,3,terminal,3,1001,2,3,0,1202,10,0,0,1.95851,0
1199,allocate_send_arrival,0,VLAN4012,3,terminal,3,1001,2,3,0,1199,10,0,1.95851,0,0
1203,stage_arrival,0,VLAN4012,3,terminal,3,1001,2,3,0,1203,10,0,0,1.95851,0
1200,allocate_send_arrival,0,VLAN4012,3,terminal,3,1001,2,3,0,1200,10,0,1.95851,0,0
1204,stage_arrival,0,VLAN4012,3,terminal,3,1001,2,3,0,1204,10,0,0,1.95851,0
1205,stage_arrival,0,VLAN4012,3,terminal,3,1001,2,3,0,1205,10,0,0,1.95851,0
1201,allocate_send_arrival,0,VLAN4012,3,terminal,3,1001,2,3,0,1201,10,0,1.95851,0,0
1201,allocate_send_arrival,0,VLAN4012,3,terminal,3,1001,2,3,0,1201,10,0,1.95851,0,0
1206,stage_arrival,0,VLAN4012,3,terminal,3,1001,2,3,0,1206,10,0,0,1.95851,0
1203,allocate_send_arrival,0,VLAN4012,3,terminal,3,1001,2,3,0,1203,10,0,1.95851,0,0
1207,stage_arrival,0,VLAN4012,3,terminal,3,1001,2,3,0,1207,10,0,0,1.95851,0
1204,allocate_send_arrival,0,VLAN4012,3,terminal,3,1001,2,3,0,1204,10,0,1.95851,0,0
1208,stage_arrival,0,VLAN4012,3,terminal,3,1001,2,3,0,1208,10,0,0,1.95851,0
1205,allocate_send_arrival,0,VLAN4012,3,terminal,3,1001,2,3,0,1205,10,0,1.95851,0,0
1209,stage_arrival,0,VLAN4012,3,terminal,3,1001,2,3,0,1209,10,0,0,1.95851,0
1210,stage_arrival,0,VLAN4012,3,terminal,3,1001,2,3,0,1210,10,0,0,1.95851,0
1206,allocate_send_arrival,0,VLAN4012,3,terminal,3,1001,2,3,0,1206,10,0,1.95851,0,0
1206,allocate_send_arrival,0,VLAN4012,3,terminal,3,1001,2,3,0,1206,10,0,1.95851,0,0
1211,stage_arrival,0,VLAN4012,3,terminal,3,1001,2,3,0,1211,10,0,0,1.95851,0
1212,stage_arrival,0,VLAN4012,3,terminal,3,1001,2,3,0,1212,10,0,0,1.95851,0
1208,allocate_send_arrival,0,VLAN4012,3,terminal,3,1001,2,3,0,1208,10,0,1.95851,0,0
1208,allocate_send_arrival,0,VLAN4012,3,terminal,3,1001,2,3,0,1208,10,0,1.95851,0,0
1213,stage_arrival,0,VLAN4012,3,terminal,3,1001,2,3,0,1213,10,0,0,1.95851,0
1210,allocate_send_arrival,0,VLAN4012,3,terminal,3,1001,2,3,0,1210,10,0,1.95851,0,0
1214,stage_arrival,0,VLAN4012,3,terminal,3,1001,2,3,0,1214,10,0,0,1.95851,0
1215,stage_arrival,0,VLAN4012,3,terminal,3,1001,2,3,0,1215,10,0,0,1.95851,0
1211,allocate_send_arrival,0,VLAN4012,3,terminal,3,1001,2,3,0,1211,10,0,1.95851,0,0
1211,allocate_send_arrival,0,VLAN4012,3,terminal,3,1001,2,3,0,1211,10,0,1.95851,0,0
1216,stage_arrival,0,VLAN4012,3,terminal,3,1001,2,3,0,1216,10,0,0,1.95851,0
1213,allocate_send_arrival,0,VLAN4012,3,terminal,3,1001,2,3,0,1213,10,0,1.95851,0,0
1217,stage_arrival,0,VLAN4012,3,terminal,3,1001,2,3,0,1217,10,0,0,1.95851,0
1214,allocate_send_arrival,0,VLAN4012,3,terminal,3,1001,2,3,0,1214,10,0,1.95851,0,0
1218,stage_arrival,0,VLAN4012,3,terminal,3,1001,2,3,0,1218,10,0,0,1.95851,0
1215,allocate_send_arrival,0,VLAN4012,3,terminal,3,1001,2,3,0,1215,10,0,1.95851,0,0
1219,stage_arrival,0,VLAN4012,3,terminal,3,1001,2,3,0,1219,10,0,0,1.95851,0
1216,allocate_send_arrival,0,VLAN4012,3,terminal,3,1001,2,3,0,1216,10,0,1.95851,0,0
1220,stage_arrival,0,VLAN4012,3,terminal,3,1001,2,3,0,1220,10,0,0,1.95851,0
1217,allocate_send_arrival,0,VLAN4012,3,terminal,3,1001,2,3,0,1217,10,0,1.95851,0,0
1221,stage_arrival,0,VLAN4012,3,terminal,3,1001,2,3,0,1221,10,0,0,1.94992,0
1222,stage_arrival,0,VLAN4012,3,terminal,3,1001,2,3,0,1222,10,0,0,1.94992,0
1218,allocate_send_arrival,0,VLAN4012,3,terminal,3,1001,2,3,0,1218,10,0,1.94992,0,0
1218,allocate_send_arrival,0,VLAN4012,3,terminal,3,1001,2,3,0,1218,10,0,1.94992,0,0
1223,stage_arrival,0,VLAN4012,3,terminal,3,1001,2,3,0,1223,10,0,0,1.94992,0
1220,allocate_send_arrival,0,VLAN4012,3,terminal,3,1001,2,3,0,1220,10,0,1.94992,0,0
1224,stage_arrival,0,VLAN4012,3,terminal,3,1001,2,3,0,1224,10,0,0,1.94992,0
1221,allocate_send_arrival,0,VLAN4012,3,terminal,3,1001,2,3,0,1221,10,0,1.94992,0,0
1225,stage_arrival,0,VLAN4012,3,terminal,3,1001,2,3,0,1225,10,0,0,1.94992,0
1222,allocate_send_arrival,0,VLAN4012,3,terminal,3,1001,2,3,0,1222,10,0,1.94992,0,0
1226,stage_arrival,0,VLAN4012,3,terminal,3,1001,2,3,0,1226,10,0,0,1.94992,0
1227,stage_arrival,0,VLAN4012,3,terminal,3,1001,2,3,0,1227,10,0,0,1.94992,0
1223,allocate_send_arrival,0,VLAN4012,3,terminal,3,1001,2,3,0,1223,10,0,1.94992,0,0
1223,allocate_send_arrival,0,VLAN4012,3,terminal,3,1001,2,3,0,1223,10,0,1.94992,0,0
1228,stage_arrival,0,VLAN4012,3,terminal,3,1001,2,3,0,1228,10,0,0,1.94992,0
1225,allocate_send_arrival,0,VLAN4012,3,terminal,3,1001,2,3,0,1225,10,0,1.94992,0,0
1229,stage_arrival,0,VLAN4012,3,terminal,3,1001,2,3,0,1229,10,0,0,1.94992,0
1230,stage_arrival,0,VLAN4012,3,terminal,3,1001,2,3,0,1230,10,0,0,1.94992,0
1226,allocate_send_arrival,0,VLAN4012,3,terminal,3,1001,2,3,0,1226,10,0,1.94992,0,0
1226,allocate_send_arrival,0,VLAN4012,3,terminal,3,1001,2,3,0,1226,10,0,1.94992,0,0
1231,stage_arrival,0,VLAN4012,3,terminal,3,1001,2,3,0,1231,10,0,0,1.94133,0
1232,stage_arrival,0,VLAN4012,3,terminal,3,1001,2,3,0,1232,10,0,0,1.94133,0
1228,allocate_send_arrival,0,VLAN4012,3,terminal,3,1001,2,3,0,1228,10,0,1.94133,0,0
1228,allocate_send_arrival,0,VLAN4012,3,terminal,3,1001,2,3,0,1228,10,0,1.94133,0,0
1233,stage_arrival,0,VLAN4012,3,terminal,3,1001,2,3,0,1233,10,0,0,1.94133,0
1230,allocate_send_arrival,0,VLAN4012,3,terminal,3,1001,2,3,0,1230,10,0,1.94133,0,0
1234,stage_arrival,0,VLAN4012,3,terminal,3,1001,2,3,0,1234,10,0,0,1.94133,0
1231,allocate_send_arrival,0,VLAN4012,3,terminal,3,1001,2,3,0,1231,10,0,1.94133,0,0
1235,stage_arrival,0,VLAN4012,3,terminal,3,1001,2,3,0,1235,10,0,0,1.94133,0
1232,allocate_send_arrival,0,VLAN4012,3,terminal,3,1001,2,3,0,1232,10,0,1.94133,0,0
1236,stage_arrival,0,VLAN4012,3,terminal,3,1001,2,3,0,1236,10,0,0,1.94133,0
1237,stage_arrival,0,VLAN4012,3,terminal,3,1001,2,3,0,1237,10,0,0,1.94133,0
1233,allocate_send_arrival,0,VLAN4012,3,terminal,3,1001,2,3,0,1233,10,0,1.94133,0,0
1233,allocate_send_arrival,0,VLAN4012,3,terminal,3,1001,2,3,0,1233,10,0,1.94133,0,0
1238,stage_arrival,0,VLAN4012,3,terminal,3,1001,2,3,0,1238,10,0,0,1.94133,0
1235,allocate_send_arrival,0,VLAN4012,3,terminal,3,1001,2,3,0,1235,10,0,1.94133,0,0
1239,stage_arrival,0,VLAN4012,3,terminal,3,1001,2,3,0,1239,10,0,0,1.94133,0
1236,allocate_send_arrival,0,VLAN4012,3,terminal,3,1001,2,3,0,1236,10,0,1.94133,0,0
1240,stage_arrival,0,VLAN4012,3,terminal,3,1001,2,3,0,1240,10,0,0,1.94133,0
1237,allocate_send_arrival,0,VLAN4012,3,terminal,3,1001,2,3,0,1237,10,0,1.94133,0,0
1241,stage_arrival,0,VLAN4012,3,terminal,3,1001,2,3,0,1241,10,0,0,1.91556,0
1238,allocate_send_arrival,0,VLAN4012,3,terminal,3,1001,2,3,0,1238,10,0,1.91556,0,0
1242,stage_arrival,0,VLAN4012,3,terminal,3,1001,2,3,0,1242,10,0,0,1.91556,0
1239,allocate_send_arrival,0,VLAN4012,3,terminal,3,1001,2,3,0,1239,10,0,1.91556,0,0
1243,stage_arrival,0,VLAN4012,3,terminal,3,1001,2,3,0,1243,10,0,0,1.91556,0
1240,allocate_send_arrival,0,VLAN4012,3,terminal,3,1001,2,3,0,1240,10,0,1.91556,0,0
1244,stage_arrival,0,VLAN4012,3,terminal,3,1001,2,3,0,1244,10,0,0,1.91556,0
1241,allocate_send_arrival,0,VLAN4012,3,terminal,3,1001,2,3,0,1241,10,0,1.91556,0,0
1245,stage_arrival,0,VLAN4012,3,terminal,3,1001,2,3,0,1245,10,0,0,1.91556,0
1242,allocate_send_arrival,0,VLAN4012,3,terminal,3,1001,2,3,0,1242,10,0,1.91556,0,0
1246,stage_arrival,0,VLAN4012,3,terminal,3,1001,2,3,0,1246,10,0,0,1.91556,0
1247,stage_arrival,0,VLAN4012,3,terminal,3,1001,2,3,0,1247,10,0,0,1.91556,0
1243,allocate_send_arrival,0,VLAN4012,3,terminal,3,1001,2,3,0,1243,10,0,1.91556,0,0
1243,allocate_send_arrival,0,VLAN4012,3,terminal,3,1001,2,3,0,1243,10,0,1.91556,0,0
1248,stage_arrival,0,VLAN4012,3,terminal,3,1001,2,3,0,1248,10,0,0,1.91556,0
1245,allocate_send_arrival,0,VLAN4012,3,terminal,3,1001,2,3,0,1245,10,0,1.91556,0,0
1249,stage_arrival,0,VLAN4012,3,terminal,3,1001,2,3,0,1249,10,0,0,1.91556,0
1246,allocate_send_arrival,0,VLAN4012,3,terminal,3,1001,2,3,0,1246,10,0,1.91556,0,0
1250,stage_arrival,0,VLAN4012,3,terminal,3,1001,2,3,0,1250,10,0,0,1.91556,0
1247,allocate_send_arrival,0,VLAN4012,3,terminal,3,1001,2,3,0,1247,10,0,1.91556,0,0
1251,stage_arrival,0,VLAN4012,3,terminal,3,1001,2,3,0,1251,10,0,0,1.89838,0
1248,allocate_send_arrival,0,VLAN4012,3,terminal,3,1001,2,3,0,1248,10,0,1.89838,0,0
1252,stage_arrival,0,VLAN4012,3,terminal,3,1001,2,3,0,1252,10,0,0,1.89838,0
1249,allocate_send_arrival,0,VLAN4012,3,terminal,3,1001,2,3,0,1249,10,0,1.89838,0,0
1253,stage_arrival,0,VLAN4012,3,terminal,3,1001,2,3,0,1253,10,0,0,1.89838,0
1250,allocate_send_arrival,0,VLAN4012,3,terminal,3,1001,2,3,0,1250,10,0,1.89838,0,0
1254,stage_arrival,0,VLAN4012,3,terminal,3,1001,2,3,0,1254,10,0,0,1.89838,0
1255,stage_arrival,0,VLAN4012,3,terminal,3,1001,2,3,0,1255,10,0,0,1.89838,0
1251,allocate_send_arrival,0,VLAN4012,3,terminal,3,1001,2,3,0,1251,10,0,1.89838,0,0
1251,allocate_send_arrival,0,VLAN4012,3,terminal,3,1001,2,3,0,1251,10,0,1.89838,0,0
1256,stage_arrival,0,VLAN4012,3,terminal,3,1001,2,3,0,1256,10,0,0,1.89838,0
1253,allocate_send_arrival,0,VLAN4012,3,terminal,3,1001,2,3,0,1253,10,0,1.89838,0,0
1257,stage_arrival,0,VLAN4012,3,terminal,3,1001,2,3,0,1257,10,0,0,1.89838,0
1254,allocate_send_arrival,0,VLAN4012,3,terminal,3,1001,2,3,0,1254,10,0,1.89838,0,0
1258,stage_arrival,0,VLAN4012,3,terminal,3,1001,2,3,0,1258,10,0,0,1.89838,0
1255,allocate_send_arrival,0,VLAN4012,3,terminal,3,1001,2,3,0,1255,10,0,1.89838,0,0
1259,stage_arrival,0,VLAN4012,3,terminal,3,1001,2,3,0,1259,10,0,0,1.89838,0
1256,allocate_send_arrival,0,VLAN4012,3,terminal,3,1001,2,3,0,1256,10,0,1.89838,0,0
1260,stage_arrival,0,VLAN4012,3,terminal,3,1001,2,3,0,1260,10,0,0,1.89838,0
1257,allocate_send_arrival,0,VLAN4012,3,terminal,3,1001,2,3,0,1257,10,0,1.89838,0,0
1261,stage_arrival,0,VLAN4012,3,terminal,3,1001,2,3,0,1261,10,0,0,1.95851,0
1262,stage_arrival,0,VLAN4012,3,terminal,3,1001,2,3,0,1262,10,0,0,1.95851,0
1258,allocate_send_arrival,0,VLAN4012,3,terminal,3,1001,2,3,0,1258,10,0,1.95851,0,0
1258,allocate_send_arrival,0,VLAN4012,3,terminal,3,1001,2,3,0,1258,10,0,1.95851,0,0
1263,stage_arrival,0,VLAN4012,3,terminal,3,1001,2,3,0,1263,10,0,0,1.95851,0
1260,allocate_send_arrival,0,VLAN4012,3,terminal,3,1001,2,3,0,1260,10,0,1.95851,0,0
1264,stage_arrival,0,VLAN4012,3,terminal,3,1001,2,3,0,1264,10,0,0,1.95851,0
1265,stage_arrival,0,VLAN4012,3,terminal,3,1001,2,3,0,1265,10,0,0,1.95851,0
1261,allocate_send_arrival,0,VLAN4012,3,terminal,3,1001,2,3,0,1261,10,0,1.95851,0,0
1261,allocate_send_arrival,0,VLAN4012,3,terminal,3,1001,2,3,0,1261,10,0,1.95851,0,0
1266,stage_arrival,0,VLAN4012,3,terminal,3,1001,2,3,0,1266,10,0,0,1.95851,0
1267,stage_arrival,0,VLAN4012,3,terminal,3,1001,2,3,0,1267,10,0,0,1.95851,0
1263,allocate_send_arrival,0,VLAN4012,3,terminal,3,1001,2,3,0,1263,10,0,1.95851,0,0
1263,allocate_send_arrival,0,VLAN4012,3,terminal,3,1001,2,3,0,1263,10,0,1.95851,0,0
1268,stage_arrival,0,VLAN4012,3,terminal,3,1001,2,3,0,1268,10,0,0,1.95851,0
1265,allocate_send_arrival,0,VLAN4012,3,terminal,3,1001,2,3,0,1265,10,0,1.95851,0,0
1269,stage_arrival,0,VLAN4012,3,terminal,3,1001,2,3,0,1269,10,0,0,1.95851,0
1270,stage_arrival,0,VLAN4012,3,terminal,3,1001,2,3,0,1270,10,0,0,1.95851,0
1266,allocate_send_arrival,0,VLAN4012,3,terminal,3,1001,2,3,0,1266,10,0,1.95851,0,0
1266,allocate_send_arrival,0,VLAN4012,3,terminal,3,1001,2,3,0,1266,10,0,1.95851,0,0
1271,stage_arrival,0,VLAN4012,3,terminal,3,1001,2,3,0,1271,10,0,0,1.9671,0
1268,allocate_send_arrival,0,VLAN4012,3,terminal,3,1001,2,3,0,1268,10,0,1.9671,0,0
1272,stage_arrival,0,VLAN4012,3,terminal,3,1001,2,3,0,1272,10,0,0,1.9671,0
1269,allocate_send_arrival,0,VLAN4012,3,terminal,3,1001,2,3,0,1269,10,0,1.9671,0,0
1273,stage_arrival,0,VLAN4012,3,terminal,3,1001,2,3,0,1273,10,0,0,1.9671,0
1270,allocate_send_arrival,0,VLAN4012,3,terminal,3,1001,2,3,0,1270,10,0,1.9671,0,0
1274,stage_arrival,0,VLAN4012,3,terminal,3,1001,2,3,0,1274,10,0,0,1.9671,0
1275,stage_arrival,0,VLAN4012,3,terminal,3,1001,2,3,0,1275,10,0,0,1.9671,0
1271,allocate_send_arrival,0,VLAN4012,3,terminal,3,1001,2,3,0,1271,10,0,1.9671,0,0
1271,allocate_send_arrival,0,VLAN4012,3,terminal,3,1001,2,3,0,1271,10,0,1.9671,0,0
1276,stage_arrival,0,VLAN4012,3,terminal,3,1001,2,3,0,1276,10,0,0,1.9671,0
1273,allocate_send_arrival,0,VLAN4012,3,terminal,3,1001,2,3,0,1273,10,0,1.9671,0,0
1277,stage_arrival,0,VLAN4012,3,terminal,3,1001,2,3,0,1277,10,0,0,1.9671,0
1274,allocate_send_arrival,0,VLAN4012,3,terminal,3,1001,2,3,0,1274,10,0,1.9671,0,0
1278,stage_arrival,0,VLAN4012,3,terminal,3,1001,2,3,0,1278,10,0,0,1.9671,0
1275,allocate_send_arrival,0,VLAN4012,3,terminal,3,1001,2,3,0,1275,10,0,1.9671,0,0
1279,stage_arrival,0,VLAN4012,3,terminal,3,1001,2,3,0,1279,10,0,0,1.9671,0
1280,stage_arrival,0,VLAN4012,3,terminal,3,1001,2,3,0,1280,10,0,0,1.9671,0
1276,allocate_send_arrival,0,VLAN4012,3,terminal,3,1001,2,3,0,1276,10,0,1.9671,0,0
1276,allocate_send_arrival,0,VLAN4012,3,terminal,3,1001,2,3,0,1276,10,0,1.9671,0,0
1281,stage_arrival,0,VLAN4012,3,terminal,3,1001,2,3,0,1281,10,0,0,1.94992,0
1277,allocate_send_arrival,0,VLAN4012,3,terminal,3,1001,2,3,0,1277,10,0,1.94992,0,0
1282,stage_arrival,0,VLAN4012,3,terminal,3,1001,2,3,0,1282,10,0,0,1.94992,0
1278,allocate_send_arrival,0,VLAN4012,3,terminal,3,1001,2,3,0,1278,10,0,1.94992,0,0
1283,stage_arrival,0,VLAN4012,3,terminal,3,1001,2,3,0,1283,10,0,0,1.94992,0
1284,stage_arrival,0,VLAN4012,3,terminal,3,1001,2,3,0,1284,10,0,0,1.94992,0
1280,allocate_send_arrival,0,VLAN4012,3,terminal,3,1001,2,3,0,1280,10,0,1.94992,0,0
1280,allocate_send_arrival,0,VLAN4012,3,terminal,3,1001,2,3,0,1280,10,0,1.94992,0,0
1285,stage_arrival,0,VLAN4012,3,terminal,3,1001,2,3,0,1285,10,0,0,1.94992,0
1281,allocate_send_arrival,0,VLAN4012,3,terminal,3,1001,2,3,0,1281,10,0,1.94992,0,0
1286,stage_arrival,0,VLAN4012,3,terminal,3,1001,2,3,0,1286,10,0,0,1.94992,0
1282,allocate_send_arrival,0,VLAN4012,3,terminal,3,1001,2,3,0,1282,10,0,1.94992,0,0
1287,stage_arrival,0,VLAN4012,3,terminal,3,1001,2,3,0,1287,10,0,0,1.94992,0
1283,allocate_send_arrival,0,VLAN4012,3,terminal,3,1001,2,3,0,1283,10,0,1.94992,0,0
1288,stage_arrival,0,VLAN4012,3,terminal,3,1001,2,3,0,1288,10,0,0,1.94992,0
1285,allocate_send_arrival,0,VLAN4012,3,terminal,3,1001,2,3,0,1285,10,0,1.94992,0,0
1289,stage_arrival,0,VLAN4012,3,terminal,3,1001,2,3,0,1289,10,0,0,1.94992,0
1290,stage_arrival,0,VLAN4012,3,terminal,3,1001,2,3,0,1290,10,0,0,1.94992,0
1286,allocate_send_arrival,0,VLAN4012,3,terminal,3,1001,2,3,0,1286,10,0,1.94992,0,0
1286,allocate_send_arrival,0,VLAN4012,3,terminal,3,1001,2,3,0,1286,10,0,1.94992,0,0
1291,stage_arrival,0,VLAN4012,3,terminal,3,1001,2,3,0,1291,10,0,0,1.94992,0
1287,allocate_send_arrival,0,VLAN4012,3,terminal,3,1001,2,3,0,1287,10,0,1.94992,0,0
1292,stage_arrival,0,VLAN4012,3,terminal,3,1001,2,3,0,1292,10,0,0,1.94992,0
1288,allocate_send_arrival,0,VLAN4012,3,terminal,3,1001,2,3,0,1288,10,0,1.94992,0,0
1293,stage_arrival,0,VLAN4012,3,terminal,3,1001,2,3,0,1293,10,0,0,1.94992,0
1289,allocate_send_arrival,0,VLAN4012,3,terminal,3,1001,2,3,0,1289,10,0,1.94992,0,0
1294,stage_arrival,0,VLAN4012,3,terminal,3,1001,2,3,0,1294,10,0,0,1.94992,0
1295,stage_arrival,0,VLAN4012,3,terminal,3,1001,2,3,0,1295,10,0,0,1.94992,0
1291,allocate_send_arrival,0,VLAN4012,3,terminal,3,1001,2,3,0,1291,10,0,1.94992,0,0
1291,allocate_send_arrival,0,VLAN4012,3,terminal,3,1001,2,3,0,1291,10,0,1.94992,0,0
1296,stage_arrival,0,VLAN4012,3,terminal,3,1001,2,3,0,1296,10,0,0,1.94992,0
1292,allocate_send_arrival,0,VLAN4012,3,terminal,3,1001,2,3,0,1292,10,0,1.94992,0,0
1297,stage_arrival,0,VLAN4012,3,terminal,3,1001,2,3,0,1297,10,0,0,1.94992,0
1293,allocate_send_arrival,0,VLAN4012,3,terminal,3,1001,2,3,0,1293,10,0,1.94992,0,0
1298,stage_arrival,0,VLAN4012,3,terminal,3,1001,2,3,0,1298,10,0,0,1.94992,0
1299,stage_arrival,0,VLAN4012,3,terminal,3,1001,2,3,0,1299,10,0,0,1.94992,0
1295,allocate_send_arrival,0,VLAN4012,3,terminal,3,1001,2,3,0,1295,10,0,1.94992,0,0
1295,allocate_send_arrival,0,VLAN4012,3,terminal,3,1001,2,3,0,1295,10,0,1.94992,0,0
1300,stage_arrival,0,VLAN4012,3,terminal,3,1001,2,3,0,1300,10,0,0,1.94992,0
1296,allocate_send_arrival,0,VLAN4012,3,terminal,3,1001,2,3,0,1296,10,0,1.94992,0,0
1301,stage_arrival,0,VLAN4012,3,terminal,3,1001,2,3,0,1301,10,0,0,1.91556,0
1297,allocate_send_arrival,0,VLAN4012,3,terminal,3,1001,2,3,0,1297,10,0,1.91556,0,0
1302,stage_arrival,0,VLAN4012,3,terminal,3,1001,2,3,0,1302,10,0,0,1.91556,0
1298,allocate_send_arrival,0,VLAN4012,3,terminal,3,1001,2,3,0,1298,10,0,1.91556,0,0
1303,stage_arrival,0,VLAN4012,3,terminal,3,1001,2,3,0,1303,10,0,0,1.91556,0
1299,allocate_send_arrival,0,VLAN4012,3,terminal,3,1001,2,3,0,1299,10,0,1.91556,0,0
1304,stage_arrival,0,VLAN4012,3,terminal,3,1001,2,3,0,1304,10,0,0,1.91556,0
1300,allocate_send_arrival,0,VLAN4012,3,terminal,3,1001,2,3,0,1300,10,0,1.91556,0,0
1305,stage_arrival,0,VLAN4012,3,terminal,3,1001,2,3,0,1305,10,0,0,1.91556,0
1306,stage_arrival,0,VLAN4012,3,terminal,3,1001,2,3,0,1306,10,0,0,1.91556,0
1302,allocate_send_arrival,0,VLAN4012,3,terminal,3,1001,2,3,0,1302,10,0,1.91556,0,0
1302,allocate_send_arrival,0,VLAN4012,3,terminal,3,1001,2,3,0,1302,10,0,1.91556,0,0
1307,stage_arrival,0,VLAN4012,3,terminal,3,1001,2,3,0,1307,10,0,0,1.91556,0
1304,allocate_send_arrival,0,VLAN4012,3,terminal,3,1001,2,3,0,1304,10,0,1.91556,0,0
1308,stage_arrival,0,VLAN4012,3,terminal,3,1001,2,3,0,1308,10,0,0,1.91556,0
1309,stage_arrival,0,VLAN4012,3,terminal,3,1001,2,3,0,1309,10,0,0,1.91556,0
1305,allocate_send_arrival,0,VLAN4012,3,terminal,3,1001,2,3,0,1305,10,0,1.91556,0,0
1305,allocate_send_arrival,0,VLAN4012,3,terminal,3,1001,2,3,0,1305,10,0,1.91556,0,0
1310,stage_arrival,0,VLAN4012,3,terminal,3,1001,2,3,0,1310,10,0,0,1.91556,0
1311,stage_arrival,0,VLAN4012,3,terminal,3,1001,2,3,0,1311,10,0,0,1.93274,0
1307,allocate_send_arrival,0,VLAN4012,3,terminal,3,1001,2,3,0,1307,10,0,1.91556,0,0
1307,allocate_send_arrival,0,VLAN4012,3,terminal,3,1001,2,3,0,1307,10,0,1.93274,0,0
1312,stage_arrival,0,VLAN4012,3,terminal,3,1001,2,3,0,1312,10,0,0,1.93274,0
1313,stage_arrival,0,VLAN4012,3,terminal,3,1001,2,3,0,1313,10,0,0,1.93274,0
1309,allocate_send_arrival,0,VLAN4012,3,terminal,3,1001,2,3,0,1309,10,0,1.93274,0,0
1309,allocate_send_arrival,0,VLAN4012,3,terminal,3,1001,2,3,0,1309,10,0,1.93274,0,0
1314,stage_arrival,0,VLAN4012,3,terminal,3,1001,2,3,0,1314,10,0,0,1.93274,0
1310,allocate_send_arrival,0,VLAN4012,3,terminal,3,1001,2,3,0,1310,10,0,1.93274,0,0
1315,stage_arrival,0,VLAN4012,3,terminal,3,1001,2,3,0,1315,10,0,0,1.93274,0
1316,stage_arrival,0,VLAN4012,3,terminal,3,1001,2,3,0,1316,10,0,0,1.93274,0
1312,allocate_send_arrival,0,VLAN4012,3,terminal,3,1001,2,3,0,1312,10,0,1.93274,0,0
1312,allocate_send_arrival,0,VLAN4012,3,terminal,3,1001,2,3,0,1312,10,0,1.93274,0,0
1317,stage_arrival,0,VLAN4012,3,terminal,3,1001,2,3,0,1317,10,0,0,1.93274,0
1318,stage_arrival,0,VLAN4012,3,terminal,3,1001,2,3,0,1318,10,0,0,1.93274,0
1314,allocate_send_arrival,0,VLAN4012,3,terminal,3,1001,2,3,0,1314,10,0,1.93274,0,0
1314,allocate_send_arrival,0,VLAN4012,3,terminal,3,1001,2,3,0,1314,10,0,1.93274,0,0
1319,stage_arrival,0,VLAN4012,3,terminal,3,1001,2,3,0,1319,10,0,0,1.93274,0
1316,allocate_send_arrival,0,VLAN4012,3,terminal,3,1001,2,3,0,1316,10,0,1.93274,0,0
1320,stage_arrival,0,VLAN4012,3,terminal,3,1001,2,3,0,1320,10,0,0,1.93274,0
1321,stage_arrival,0,VLAN4012,3,terminal,3,1001,2,3,0,1321,10,0,0,1.95851,0
1317,allocate_send_arrival,0,VLAN4012,3,terminal,3,1001,2,3,0,1317,10,0,1.93274,0,0
1317,allocate_send_arrival,0,VLAN4012,3,terminal,3,1001,2,3,0,1317,10,0,1.95851,0,0
1322,stage_arrival,0,VLAN4012,3,terminal,3,1001,2,3,0,1322,10,0,0,1.95851,0
1318,allocate_send_arrival,0,VLAN4012,3,terminal,3,1001,2,3,0,1318,10,0,1.95851,0,0
1323,stage_arrival,0,VLAN4012,3,terminal,3,1001,2,3,0,1323,10,0,0,1.95851,0
1324,stage_arrival,0,VLAN4012,3,terminal,3,1001,2,3,0,1324,10,0,0,1.95851,0
1320,allocate_send_arrival,0,VLAN4012,3,terminal,3,1001,2,3,0,1320,10,0,1.95851,0,0
1320,allocate_send_arrival,0,VLAN4012,3,terminal,3,1001,2,3,0,1320,10,0,1.95851,0,0
1325,stage_arrival,0,VLAN4012,3,terminal,3,1001,2,3,0,1325,10,0,0,1.95851,0
1326,stage_arrival,0,VLAN4012,3,terminal,3,1001,2,3,0,1326,10,0,0,1.95851,0
1322,allocate_send_arrival,0,VLAN4012,3,terminal,3,1001,2,3,0,1322,10,0,1.95851,0,0
1322,allocate_send_arrival,0,VLAN4012,3,terminal,3,1001,2,3,0,1322,10,0,1.95851,0,0
1327,stage_arrival,0,VLAN4012,3,terminal,3,1001,2,3,0,1327,10,0,0,1.95851,0
1324,allocate_send_arrival,0,VLAN4012,3,terminal,3,1001,2,3,0,1324,10,0,1.95851,0,0
1328,stage_arrival,0,VLAN4012,3,terminal,3,1001,2,3,0,1328,10,0,0,1.95851,0
1329,stage_arrival,0,VLAN4012,3,terminal,3,1001,2,3,0,1329,10,0,0,1.95851,0
1325,allocate_send_arrival,0,VLAN4012,3,terminal,3,1001,2,3,0,1325,10,0,1.95851,0,0
1325,allocate_send_arrival,0,VLAN4012,3,terminal,3,1001,2,3,0,1325,10,0,1.95851,0,0
1330,stage_arrival,0,VLAN4012,3,terminal,3,1001,2,3,0,1330,10,0,0,1.95851,0
1331,stage_arrival,0,VLAN4012,3,terminal,3,1001,2,3,0,1331,10,0,0,1.9671,0
1327,allocate_send_arrival,0,VLAN4012,3,terminal,3,1001,2,3,0,1327,10,0,1.95851,0,0
1327,allocate_send_arrival,0,VLAN4012,3,terminal,3,1001,2,3,0,1327,10,0,1.9671,0,0
1332,stage_arrival,0,VLAN4012,3,terminal,3,1001,2,3,0,1332,10,0,0,1.9671,0
1328,allocate_send_arrival,0,VLAN4012,3,terminal,3,1001,2,3,0,1328,10,0,1.9671,0,0
1333,stage_arrival,0,VLAN4012,3,terminal,3,1001,2,3,0,1333,10,0,0,1.9671,0
1329,allocate_send_arrival,0,VLAN4012,3,terminal,3,1001,2,3,0,1329,10,0,1.9671,0,0
1334,stage_arrival,0,VLAN4012,3,terminal,3,1001,2,3,0,1334,10,0,0,1.9671,0
1331,allocate_send_arrival,0,VLAN4012,3,terminal,3,1001,2,3,0,1331,10,0,1.9671,0,0
1335,stage_arrival,0,VLAN4012,3,terminal,3,1001,2,3,0,1335,10,0,0,1.9671,0
1336,stage_arrival,0,VLAN4012,3,terminal,3,1001,2,3,0,1336,10,0,0,1.9671,0
1332,allocate_send_arrival,0,VLAN4012,3,terminal,3,1001,2,3,0,1332,10,0,1.9671,0,0
1332,allocate_send_arrival,0,VLAN4012,3,terminal,3,1001,2,3,0,1332,10,0,1.9671,0,0
1337,stage_arrival,0,VLAN4012,3,terminal,3,1001,2,3,0,1337,10,0,0,1.9671,0
1333,allocate_send_arrival,0,VLAN4012,3,terminal,3,1001,2,3,0,1333,10,0,1.9671,0,0
1338,stage_arrival,0,VLAN4012,3,terminal,3,1001,2,3,0,1338,10,0,0,1.9671,0
1339,stage_arrival,0,VLAN4012,3,terminal,3,1001,2,3,0,1339,10,0,0,1.9671,0
1335,allocate_send_arrival,0,VLAN4012,3,terminal,3,1001,2,3,0,1335,10,0,1.9671,0,0
1335,allocate_send_arrival,0,VLAN4012,3,terminal,3,1001,2,3,0,1335,10,0,1.9671,0,0
1340,stage_arrival,0,VLAN4012,3,terminal,3,1001,2,3,0,1340,10,0,0,1.9671,0
1336,allocate_send_arrival,0,VLAN4012,3,terminal,3,1001,2,3,0,1336,10,0,1.9671,0,0
1341,stage_arrival,0,VLAN4012,3,terminal,3,1001,2,3,0,1341,10,0,0,1.98427,0
1337,allocate_send_arrival,0,VLAN4012,3,terminal,3,1001,2,3,0,1337,10,0,1.98427,0,0
1342,stage_arrival,0,VLAN4012,3,terminal,3,1001,2,3,0,1342,10,0,0,1.98427,0
1338,allocate_send_arrival,0,VLAN4012,3,terminal,3,1001,2,3,0,1338,10,0,1.98427,0,0
1343,stage_arrival,0,VLAN4012,3,terminal,3,1001,2,3,0,1343,10,0,0,1.98427,0
1339,allocate_send_arrival,0,VLAN4012,3,terminal,3,1001,2,3,0,1339,10,0,1.98427,0,0
1344,stage_arrival,0,VLAN4012,3,terminal,3,1001,2,3,0,1344,10,0,0,1.98427,0
1340,allocate_send_arrival,0,VLAN4012,3,terminal,3,1001,2,3,0,1340,10,0,1.98427,0,0
1345,stage_arrival,0,VLAN4012,3,terminal,3,1001,2,3,0,1345,10,0,0,1.98427,0
1341,allocate_send_arrival,0,VLAN4012,3,terminal,3,1001,2,3,0,1341,10,0,1.98427,0,0
1346,stage_arrival,0,VLAN4012,3,terminal,3,1001,2,3,0,1346,10,0,0,1.98427,0
1342,allocate_send_arrival,0,VLAN4012,3,terminal,3,1001,2,3,0,1342,10,0,1.98427,0,0
1347,stage_arrival,0,VLAN4012,3,terminal,3,1001,2,3,0,1347,10,0,0,1.98427,0
1343,allocate_send_arrival,0,VLAN4012,3,terminal,3,1001,2,3,0,1343,10,0,1.98427,0,0
1348,stage_arrival,0,VLAN4012,3,terminal,3,1001,2,3,0,1348,10,0,0,1.98427,0
1345,allocate_send_arrival,0,VLAN4012,3,terminal,3,1001,2,3,0,1345,10,0,1.98427,0,0
1349,stage_arrival,0,VLAN4012,3,terminal,3,1001,2,3,0,1349,10,0,0,1.98427,0
1346,allocate_send_arrival,0,VLAN4012,3,terminal,3,1001,2,3,0,1346,10,0,1.98427,0,0
1350,stage_arrival,0,VLAN4012,3,terminal,3,1001,2,3,0,1350,10,0,0,1.98427,0
1351,stage_arrival,0,VLAN4012,3,terminal,3,1001,2,3,0,1351,10,0,0,1.94992,0
1347,allocate_send_arrival,0,VLAN4012,3,terminal,3,1001,2,3,0,1347,10,0,1.98427,0,0
1347,allocate_send_arrival,0,VLAN4012,3,terminal,3,1001,2,3,0,1347,10,0,1.94992,0,0
1352,stage_arrival,0,VLAN4012,3,terminal,3,1001,2,3,0,1352,10,0,0,1.94992,0
1353,stage_arrival,0,VLAN4012,3,terminal,3,1001,2,3,0,1353,10,0,0,1.94992,0
1349,allocate_send_arrival,0,VLAN4012,3,terminal,3,1001,2,3,0,1349,10,0,1.94992,0,0
1349,allocate_send_arrival,0,VLAN4012,3,terminal,3,1001,2,3,0,1349,10,0,1.94992,0,0
1354,stage_arrival,0,VLAN4012,3,terminal,3,1001,2,3,0,1354,10,0,0,1.94992,0
1350,allocate_send_arrival,0,VLAN4012,3,terminal,3,1001,2,3,0,1350,10,0,1.94992,0,0
1355,stage_arrival,0,VLAN4012,3,terminal,3,1001,2,3,0,1355,10,0,0,1.94992,0
1351,allocate_send_arrival,0,VLAN4012,3,terminal,3,1001,2,3,0,1351,10,0,1.94992,0,0
1356,stage_arrival,0,VLAN4012,3,terminal,3,1001,2,3,0,1356,10,0,0,1.94992,0
1352,allocate_send_arrival,0,VLAN4012,3,terminal,3,1001,2,3,0,1352,10,0,1.94992,0,0
1357,stage_arrival,0,VLAN4012,3,terminal,3,1001,2,3,0,1357,10,0,0,1.94992,0
1358,stage_arrival,0,VLAN4012,3,terminal,3,1001,2,3,0,1358,10,0,0,1.94992,0
1354,allocate_send_arrival,0,VLAN4012,3,terminal,3,1001,2,3,0,1354,10,0,1.94992,0,0
1354,allocate_send_arrival,0,VLAN4012,3,terminal,3,1001,2,3,0,1354,10,0,1.94992,0,0
1359,stage_arrival,0,VLAN4012,3,terminal,3,1001,2,3,0,1359,10,0,0,1.94992,0
1355,allocate_send_arrival,0,VLAN4012,3,terminal,3,1001,2,3,0,1355,10,0,1.94992,0,0
1360,stage_arrival,0,VLAN4012,3,terminal,3,1001,2,3,0,1360,10,0,0,1.94992,0
1361,stage_arrival,0,VLAN4012,3,terminal,3,1001,2,3,0,1361,10,0,0,1.98427,0
1357,allocate_send_arrival,0,VLAN4012,3,terminal,3,1001,2,3,0,1357,10,0,1.94992,0,0
1357,allocate_send_arrival,0,VLAN4012,3,terminal,3,1001,2,3,0,1357,10,0,1.98427,0,0
1362,stage_arrival,0,VLAN4012,3,terminal,3,1001,2,3,0,1362,10,0,0,1.98427,0
1363,stage_arrival,0,VLAN4012,3,terminal,3,1001,2,3,0,1363,10,0,0,1.98427,0
1359,allocate_send_arrival,0,VLAN4012,3,terminal,3,1001,2,3,0,1359,10,0,1.98427,0,0
1359,allocate_send_arrival,0,VLAN4012,3,terminal,3,1001,2,3,0,1359,10,0,1.98427,0,0
1364,stage_arrival,0,VLAN4012,3,terminal,3,1001,2,3,0,1364,10,0,0,1.98427,0
1360,allocate_send_arrival,0,VLAN4012,3,terminal,3,1001,2,3,0,1360,10,0,1.98427,0,0
1365,stage_arrival,0,VLAN4012,3,terminal,3,1001,2,3,0,1365,10,0,0,1.98427,0
1366,stage_arrival,0,VLAN4012,3,terminal,3,1001,2,3,0,1366,10,0,0,1.98427,0
1362,allocate_send_arrival,0,VLAN4012,3,terminal,3,1001,2,3,0,1362,10,0,1.98427,0,0
1362,allocate_send_arrival,0,VLAN4012,3,terminal,3,1001,2,3,0,1362,10,0,1.98427,0,0
1367,stage_arrival,0,VLAN4012,3,terminal,3,1001,2,3,0,1367,10,0,0,1.98427,0
1363,allocate_send_arrival,0,VLAN4012,3,terminal,3,1001,2,3,0,1363,10,0,1.98427,0,0
1368,stage_arrival,0,VLAN4012,3,terminal,3,1001,2,3,0,1368,10,0,0,1.98427,0
1364,allocate_send_arrival,0,VLAN4012,3,terminal,3,1001,2,3,0,1364,10,0,1.98427,0,0
1369,stage_arrival,0,VLAN4012,3,terminal,3,1001,2,3,0,1369,10,0,0,1.98427,0
1365,allocate_send_arrival,0,VLAN4012,3,terminal,3,1001,2,3,0,1365,10,0,1.98427,0,0
1370,stage_arrival,0,VLAN4012,3,terminal,3,1001,2,3,0,1370,10,0,0,1.98427,0
1366,allocate_send_arrival,0,VLAN4012,3,terminal,3,1001,2,3,0,1366,10,0,1.98427,0,0
1371,stage_arrival,0,VLAN4012,3,terminal,3,1001,2,3,0,1371,10,0,0,1.95851,0
1367,allocate_send_arrival,0,VLAN4012,3,terminal,3,1001,2,3,0,1367,10,0,1.95851,0,0
1372,stage_arrival,0,VLAN4012,3,terminal,3,1001,2,3,0,1372,10,0,0,1.95851,0
1368,allocate_send_arrival,0,VLAN4012,3,terminal,3,1001,2,3,0,1368,10,0,1.95851,0,0
1373,stage_arrival,0,VLAN4012,3,terminal,3,1001,2,3,0,1373,10,0,0,1.95851,0
1369,allocate_send_arrival,0,VLAN4012,3,terminal,3,1001,2,3,0,1369,10,0,1.95851,0,0
1374,stage_arrival,0,VLAN4012,3,terminal,3,1001,2,3,0,1374,10,0,0,1.95851,0
1370,allocate_send_arrival,0,VLAN4012,3,terminal,3,1001,2,3,0,1370,10,0,1.95851,0,0
1375,stage_arrival,0,VLAN4012,3,terminal,3,1001,2,3,0,1375,10,0,0,1.95851,0
1376,stage_arrival,0,VLAN4012,3,terminal,3,1001,2,3,0,1376,10,0,0,1.95851,0
1372,allocate_send_arrival,0,VLAN4012,3,terminal,3,1001,2,3,0,1372,10,0,1.95851,0,0
1372,allocate_send_arrival,0,VLAN4012,3,terminal,3,1001,2,3,0,1372,10,0,1.95851,0,0
1377,stage_arrival,0,VLAN4012,3,terminal,3,1001,2,3,0,1377,10,0,0,1.95851,0
1373,allocate_send_arrival,0,VLAN4012,3,terminal,3,1001,2,3,0,1373,10,0,1.95851,0,0
1378,stage_arrival,0,VLAN4012,3,terminal,3,1001,2,3,0,1378,10,0,0,1.95851,0
1374,allocate_send_arrival,0,VLAN4012,3,terminal,3,1001,2,3,0,1374,10,0,1.95851,0,0
1379,stage_arrival,0,VLAN4012,3,terminal,3,1001,2,3,0,1379,10,0,0,1.95851,0
1375,allocate_send_arrival,0,VLAN4012,3,terminal,3,1001,2,3,0,1375,10,0,1.95851,0,0
1380,stage_arrival,0,VLAN4012,3,terminal,3,1001,2,3,0,1380,10,0,0,1.95851,0
1381,stage_arrival,0,VLAN4012,3,terminal,3,1001,2,3,0,1381,10,0,0,1.94133,0
1377,allocate_send_arrival,0,VLAN4012,3,terminal,3,1001,2,3,0,1377,10,0,1.95851,0,0
1377,allocate_send_arrival,0,VLAN4012,3,terminal,3,1001,2,3,0,1377,10,0,1.94133,0,0
1382,stage_arrival,0,VLAN4012,3,terminal,3,1001,2,3,0,1382,10,0,0,1.94133,0
1383,stage_arrival,0,VLAN4012,3,terminal,3,1001,2,3,0,1383,10,0,0,1.94133,0
1379,allocate_send_arrival,0,VLAN4012,3,terminal,3,1001,2,3,0,1379,10,0,1.94133,0,0
1379,allocate_send_arrival,0,VLAN4012,3,terminal,3,1001,2,3,0,1379,10,0,1.94133,0,0
1384,stage_arrival,0,VLAN4012,3,terminal,3,1001,2,3,0,1384,10,0,0,1.94133,0
1385,stage_arrival,0,VLAN4012,3,terminal,3,1001,2,3,0,1385,10,0,0,1.94133,0
1381,allocate_send_arrival,0,VLAN4012,3,terminal,3,1001,2,3,0,1381,10,0,1.94133,0,0
1381,allocate_send_arrival,0,VLAN4012,3,terminal,3,1001,2,3,0,1381,10,0,1.94133,0,0
1386,stage_arrival,0,VLAN4012,3,terminal,3,1001,2,3,0,1386,10,0,0,1.94133,0
1382,allocate_send_arrival,0,VLAN4012,3,terminal,3,1001,2,3,0,1382,10,0,1.94133,0,0
1387,stage_arrival,0,VLAN4012,3,terminal,3,1001,2,3,0,1387,10,0,0,1.94133,0
1388,stage_arrival,0,VLAN4012,3,terminal,3,1001,2,3,0,1388,10,0,0,1.94133,0
1384,allocate_send_arrival,0,VLAN4012,3,terminal,3,1001,2,3,0,1384,10,0,1.94133,0,0
1384,allocate_send_arrival,0,VLAN4012,3,terminal,3,1001,2,3,0,1384,10,0,1.94133,0,0
1389,stage_arrival,0,VLAN4012,3,terminal,3,1001,2,3,0,1389,10,0,0,1.94133,0
1386,allocate_send_arrival,0,VLAN4012,3,terminal,3,1001,2,3,0,1386,10,0,1.94133,0,0
1390,stage_arrival,0,VLAN4012,3,terminal,3,1001,2,3,0,1390,10,0,0,1.94133,0
1391,stage_arrival,0,VLAN4012,3,terminal,3,1001,2,3,0,1391,10,0,0,2.00145,0
1387,allocate_send_arrival,0,VLAN4012,3,terminal,3,1001,2,3,0,1387,10,0,1.94133,0,0
1387,allocate_send_arrival,0,VLAN4012,3,terminal,3,1001,2,3,0,1387,10,0,2.00145,2.27374e-16,0
1392,stage_arrival,0,VLAN4012,3,terminal,3,1001,2,3,0,1392,10,0,0,2.00145,0
1393,stage_arrival,0,VLAN4012,3,terminal,3,1001,2,3,0,1393,10,0,0,2.00145,0
1389,allocate_send_arrival,0,VLAN4012,3,terminal,3,1001,2,3,0,1389,10,0,2.00145,0,0
1389,allocate_send_arrival,0,VLAN4012,3,terminal,3,1001,2,3,0,1389,10,0,2.00145,0,0
1394,stage_arrival,0,VLAN4012,3,terminal,3,1001,2,3,0,1394,10,0,0,2.00145,0
1395,stage_arrival,0,VLAN4012,3,terminal,3,1001,2,3,0,1395,10,0,0,2.00145,0
1391,allocate_send_arrival,0,VLAN4012,3,terminal,3,1001,2,3,0,1391,10,0,2.00145,0,0
1391,allocate_send_arrival,0,VLAN4012,3,terminal,3,1001,2,3,0,1391,10,0,2.00145,0,0
1396,stage_arrival,0,VLAN4012,3,terminal,3,1001,2,3,0,1396,10,0,0,2.00145,0
1392,allocate_send_arrival,0,VLAN4012,3,terminal,3,1001,2,3,0,1392,10,0,2.00145,0,0
1397,stage_arrival,0,VLAN4012,3,terminal,3,1001,2,3,0,1397,10,0,0,2.00145,0
1394,allocate_send_arrival,0,VLAN4012,3,terminal,3,1001,2,3,0,1394,10,0,2.00145,0,0
1398,stage_arrival,0,VLAN4012,3,terminal,3,1001,2,3,0,1398,10,0,0,2.00145,0
1399,stage_arrival,0,VLAN4012,3,terminal,3,1001,2,3,0,1399,10,0,0,2.00145,0
1395,allocate_send_arrival,0,VLAN4012,3,terminal,3,1001,2,3,0,1395,10,0,2.00145,0,0
1395,allocate_send_arrival,0,VLAN4012,3,terminal,3,1001,2,3,0,1395,10,0,2.00145,0,0
1400,stage_arrival,0,VLAN4012,3,terminal,3,1001,2,3,0,1400,10,0,0,2.00145,0
1396,allocate_send_arrival,0,VLAN4012,3,terminal,3,1001,2,3,0,1396,10,0,2.00145,0,0
1401,stage_arrival,0,VLAN4012,3,terminal,3,1001,2,3,0,1401,10,0,0,1.9671,0
1397,allocate_send_arrival,0,VLAN4012,3,terminal,3,1001,2,3,0,1397,10,0,1.9671,0,0
1402,stage_arrival,0,VLAN4012,3,terminal,3,1001,2,3,0,1402,10,0,0,1.9671,0
1398,allocate_send_arrival,0,VLAN4012,3,terminal,3,1001,2,3,0,1398,10,0,1.9671,0,0
1403,stage_arrival,0,VLAN4012,3,terminal,3,1001,2,3,0,1403,10,0,0,1.9671,0
1399,allocate_send_arrival,0,VLAN4012,3,terminal,3,1001,2,3,0,1399,10,0,1.9671,0,0
1404,stage_arrival,0,VLAN4012,3,terminal,3,1001,2,3,0,1404,10,0,0,1.9671,0
1400,allocate_send_arrival,0,VLAN4012,3,terminal,3,1001,2,3,0,1400,10,0,1.9671,0,0
1405,stage_arrival,0,VLAN4012,3,terminal,3,1001,2,3,0,1405,10,0,0,1.9671,0
1406,stage_arrival,0,VLAN4012,3,terminal,3,1001,2,3,0,1406,10,0,0,1.9671,0
1402,allocate_send_arrival,0,VLAN4012,3,terminal,3,1001,2,3,0,1402,10,0,1.9671,0,0
1402,allocate_send_arrival,0,VLAN4012,3,terminal,3,1001,2,3,0,1402,10,0,1.9671,0,0
1407,stage_arrival,0,VLAN4012,3,terminal,3,1001,2,3,0,1407,10,0,0,1.9671,0
1404,allocate_send_arrival,0,VLAN4012,3,terminal,3,1001,2,3,0,1404,10,0,1.9671,0,0
1408,stage_arrival,0,VLAN4012,3,terminal,3,1001,2,3,0,1408,10,0,0,1.9671,0
1409,stage_arrival,0,VLAN4012,3,terminal,3,1001,2,3,0,1409,10,0,0,1.9671,0
1405,allocate_send_arrival,0,VLAN4012,3,terminal,3,1001,2,3,0,1405,10,0,1.9671,0,0
1405,allocate_send_arrival,0,VLAN4012,3,terminal,3,1001,2,3,0,1405,10,0,1.9671,0,0
1410,stage_arrival,0,VLAN4012,3,terminal,3,1001,2,3,0,1410,10,0,0,1.9671,0
1406,allocate_send_arrival,0,VLAN4012,3,terminal,3,1001,2,3,0,1406,10,0,1.9671,0,0
1411,stage_arrival,0,VLAN4012,3,terminal,3,1001,2,3,0,1411,10,0,0,1.94992,0
1407,allocate_send_arrival,0,VLAN4012,3,terminal,3,1001,2,3,0,1407,10,0,1.94992,0,0
1412,stage_arrival,0,VLAN4012,3,terminal,3,1001,2,3,0,1412,10,0,0,1.94992,0
1408,allocate_send_arrival,0,VLAN4012,3,terminal,3,1001,2,3,0,1408,10,0,1.94992,0,0
1413,stage_arrival,0,VLAN4012,3,terminal,3,1001,2,3,0,1413,10,0,0,1.94992,0
1414,stage_arrival,0,VLAN4012,3,terminal,3,1001,2,3,0,1414,10,0,0,1.94992,0
1410,allocate_send_arrival,0,VLAN4012,3,terminal,3,1001,2,3,0,1410,10,0,1.94992,0,0
1410,allocate_send_arrival,0,VLAN4012,3,terminal,3,1001,2,3,0,1410,10,0,1.94992,0,0
1415,stage_arrival,0,VLAN4012,3,terminal,3,1001,2,3,0,1415,10,0,0,1.94992,0
1411,allocate_send_arrival,0,VLAN4012,3,terminal,3,1001,2,3,0,1411,10,0,1.94992,0,0
1416,stage_arrival,0,VLAN4012,3,terminal,3,1001,2,3,0,1416,10,0,0,1.94992,0
1412,allocate_send_arrival,0,VLAN4012,3,terminal,3,1001,2,3,0,1412,10,0,1.94992,0,0
1417,stage_arrival,0,VLAN4012,3,terminal,3,1001,2,3,0,1417,10,0,0,1.94992,0
1413,allocate_send_arrival,0,VLAN4012,3,terminal,3,1001,2,3,0,1413,10,0,1.94992,0,0
1418,stage_arrival,0,VLAN4012,3,terminal,3,1001,2,3,0,1418,10,0,0,1.94992,0
1414,allocate_send_arrival,0,VLAN4012,3,terminal,3,1001,2,3,0,1414,10,0,1.94992,0,0
1419,stage_arrival,0,VLAN4012,3,terminal,3,1001,2,3,0,1419,10,0,0,1.94992,0
1416,allocate_send_arrival,0,VLAN4012,3,terminal,3,1001,2,3,0,1416,10,0,1.94992,0,0
1420,stage_arrival,0,VLAN4012,3,terminal,3,1001,2,3,0,1420,10,0,0,1.94992,0
1421,stage_arrival,0,VLAN4012,3,terminal,3,1001,2,3,0,1421,10,0,0,1.99286,0
1417,allocate_send_arrival,0,VLAN4012,3,terminal,3,1001,2,3,0,1417,10,0,1.94992,0,0
1417,allocate_send_arrival,0,VLAN4012,3,terminal,3,1001,2,3,0,1417,10,0,1.99286,0,0
1422,stage_arrival,0,VLAN4012,3,terminal,3,1001,2,3,0,1422,10,0,0,1.99286,0
1418,allocate_send_arrival,0,VLAN4012,3,terminal,3,1001,2,3,0,1418,10,0,1.99286,0,0
1423,stage_arrival,0,VLAN4012,3,terminal,3,1001,2,3,0,1423,10,0,0,1.99286,0
1419,allocate_send_arrival,0,VLAN4012,3,terminal,3,1001,2,3,0,1419,10,0,1.99286,0,0
1424,stage_arrival,0,VLAN4012,3,terminal,3,1001,2,3,0,1424,10,0,0,1.99286,0
1421,allocate_send_arrival,0,VLAN4012,3,terminal,3,1001,2,3,0,1421,10,0,1.99286,0,0
1425,stage_arrival,0,VLAN4012,3,terminal,3,1001,2,3,0,1425,10,0,0,1.99286,0
1426,stage_arrival,0,VLAN4012,3,terminal,3,1001,2,3,0,1426,10,0,0,1.99286,0
1422,allocate_send_arrival,0,VLAN4012,3,terminal,3,1001,2,3,0,1422,10,0,1.99286,0,0
1422,allocate_send_arrival,0,VLAN4012,3,terminal,3,1001,2,3,0,1422,10,0,1.99286,0,0
1427,stage_arrival,0,VLAN4012,3,terminal,3,1001,2,3,0,1427,10,0,0,1.99286,0
1424,allocate_send_arrival,0,VLAN4012,3,terminal,3,1001,2,3,0,1424,10,0,1.99286,0,0
1428,stage_arrival,0,VLAN4012,3,terminal,3,1001,2,3,0,1428,10,0,0,1.99286,0
1425,allocate_send_arrival,0,VLAN4012,3,terminal,3,1001,2,3,0,1425,10,0,1.99286,0,0
1429,stage_arrival,0,VLAN4012,3,terminal,3,1001,2,3,0,1429,10,0,0,1.99286,0
1426,allocate_send_arrival,0,VLAN4012,3,terminal,3,1001,2,3,0,1426,10,0,1.99286,0,0
1430,stage_arrival,0,VLAN4012,3,terminal,3,1001,2,3,0,1430,10,0,0,1.99286,0
1431,stage_arrival,0,VLAN4012,3,terminal,3,1001,2,3,0,1431,10,0,0,1.9671,0
1427,allocate_send_arrival,0,VLAN4012,3,terminal,3,1001,2,3,0,1427,10,0,1.99286,0,0
1427,allocate_send_arrival,0,VLAN4012,3,terminal,3,1001,2,3,0,1427,10,0,1.9671,0,0
1432,stage_arrival,0,VLAN4012,3,terminal,3,1001,2,3,0,1432,10,0,0,1.9671,0
1428,allocate_send_arrival,0,VLAN4012,3,terminal,3,1001,2,3,0,1428,10,0,1.9671,0,0
1433,stage_arrival,0,VLAN4012,3,terminal,3,1001,2,3,0,1433,10,0,0,1.9671,0
1429,allocate_send_arrival,0,VLAN4012,3,terminal,3,1001,2,3,0,1429,10,0,1.9671,0,0
1434,stage_arrival,0,VLAN4012,3,terminal,3,1001,2,3,0,1434,10,0,0,1.9671,0
1430,allocate_send_arrival,0,VLAN4012,3,terminal,3,1001,2,3,0,1430,10,0,1.9671,0,0
1435,stage_arrival,0,VLAN4012,3,terminal,3,1001,2,3,0,1435,10,0,0,1.9671,0
1431,allocate_send_arrival,0,VLAN4012,3,terminal,3,1001,2,3,0,1431,10,0,1.9671,0,0
1436,stage_arrival,0,VLAN4012,3,terminal,3,1001,2,3,0,1436,10,0,0,1.9671,0
1432,allocate_send_arrival,0,VLAN4012,3,terminal,3,1001,2,3,0,1432,10,0,1.9671,0,0
1437,stage_arrival,0,VLAN4012,3,terminal,3,1001,2,3,0,1437,10,0,0,1.9671,0
1434,allocate_send_arrival,0,VLAN4012,3,terminal,3,1001,2,3,0,1434,10,0,1.9671,0,0
1438,stage_arrival,0,VLAN4012,3,terminal,3,1001,2,3,0,1438,10,0,0,1.9671,0
1439,stage_arrival,0,VLAN4012,3,terminal,3,1001,2,3,0,1439,10,0,0,1.9671,0
1435,allocate_send_arrival,0,VLAN4012,3,terminal,3,1001,2,3,0,1435,10,0,1.9671,0,0
1435,allocate_send_arrival,0,VLAN4012,3,terminal,3,1001,2,3,0,1435,10,0,1.9671,0,0
1440,stage_arrival,0,VLAN4012,3,terminal,3,1001,2,3,0,1440,10,0,0,1.9671,0
1441,stage_arrival,0,VLAN4012,3,terminal,3,1001,2,3,0,1441,10,0,0,1.97568,0
1437,allocate_send_arrival,0,VLAN4012,3,terminal,3,1001,2,3,0,1437,10,0,1.9671,0,0
1437,allocate_send_arrival,0,VLAN4012,3,terminal,3,1001,2,3,0,1437,10,0,1.97568,0,0
1442,stage_arrival,0,VLAN4012,3,terminal,3,1001,2,3,0,1442,10,0,0,1.97568,0
1438,allocate_send_arrival,0,VLAN4012,3,terminal,3,1001,2,3,0,1438,10,0,1.97568,0,0
1443,stage_arrival,0,VLAN4012,3,terminal,3,1001,2,3,0,1443,10,0,0,1.97568,0
1440,allocate_send_arrival,0,VLAN4012,3,terminal,3,1001,2,3,0,1440,10,0,1.97568,0,0
1444,stage_arrival,0,VLAN4012,3,terminal,3,1001,2,3,0,1444,10,0,0,1.97568,0
1441,allocate_send_arrival,0,VLAN4012,3,terminal,3,1001,2,3,0,1441,10,0,1.97568,0,0
1445,stage_arrival,0,VLAN4012,3,terminal,3,1001,2,3,0,1445,10,0,0,1.97568,0
1446,stage_arrival,0,VLAN4012,3,terminal,3,1001,2,3,0,1446,10,0,0,1.97568,0
1442,allocate_send_arrival,0,VLAN4012,3,terminal,3,1001,2,3,0,1442,10,0,1.97568,0,0
1442,allocate_send_arrival,0,VLAN4012,3,terminal,3,1001,2,3,0,1442,10,0,1.97568,0,0
1447,stage_arrival,0,VLAN4012,3,terminal,3,1001,2,3,0,1447,10,0,0,1.97568,0
1448,stage_arrival,0,VLAN4012,3,terminal,3,1001,2,3,0,1448,10,0,0,1.97568,0
1444,allocate_send_arrival,0,VLAN4012,3,terminal,3,1001,2,3,0,1444,10,0,1.97568,0,0
1444,allocate_send_arrival,0,VLAN4012,3,terminal,3,1001,2,3,0,1444,10,0,1.97568,0,0
1449,stage_arrival,0,VLAN4012,3,terminal,3,1001,2,3,0,1449,10,0,0,1.97568,0
1450,stage_arrival,0,VLAN4012,3,terminal,3,1001,2,3,0,1450,10,0,0,1.97568,0
1446,allocate_send_arrival,0,VLAN4012,3,terminal,3,1001,2,3,0,1446,10,0,1.97568,0,0
1446,allocate_send_arrival,0,VLAN4012,3,terminal,3,1001,2,3,0,1446,10,0,1.97568,0,0
1451,stage_arrival,0,VLAN4012,3,terminal,3,1001,2,3,0,1451,10,0,0,1.94133,0
1447,allocate_send_arrival,0,VLAN4012,3,terminal,3,1001,2,3,0,1447,10,0,1.94133,0,0
1452,stage_arrival,0,VLAN4012,3,terminal,3,1001,2,3,0,1452,10,0,0,1.94133,0
1449,allocate_send_arrival,0,VLAN4012,3,terminal,3,1001,2,3,0,1449,10,0,1.94133,0,0
1453,stage_arrival,0,VLAN4012,3,terminal,3,1001,2,3,0,1453,10,0,0,1.94133,0
1454,stage_arrival,0,VLAN4012,3,terminal,3,1001,2,3,0,1454,10,0,0,1.94133,0
1450,allocate_send_arrival,0,VLAN4012,3,terminal,3,1001,2,3,0,1450,10,0,1.94133,0,0
1450,allocate_send_arrival,0,VLAN4012,3,terminal,3,1001,2,3,0,1450,10,0,1.94133,0,0
1455,stage_arrival,0,VLAN4012,3,terminal,3,1001,2,3,0,1455,10,0,0,1.94133,0
1456,stage_arrival,0,VLAN4012,3,terminal,3,1001,2,3,0,1456,10,0,0,1.94133,0
1452,allocate_send_arrival,0,VLAN4012,3,terminal,3,1001,2,3,0,1452,10,0,1.94133,0,0
1452,allocate_send_arrival,0,VLAN4012,3,terminal,3,1001,2,3,0,1452,10,0,1.94133,0,0
1457,stage_arrival,0,VLAN4012,3,terminal,3,1001,2,3,0,1457,10,0,0,1.94133,0
1458,stage_arrival,0,VLAN4012,3,terminal,3,1001,2,3,0,1458,10,0,0,1.94133,0
1454,allocate_send_arrival,0,VLAN4012,3,terminal,3,1001,2,3,0,1454,10,0,1.94133,0,0
1454,allocate_send_arrival,0,VLAN4012,3,terminal,3,1001,2,3,0,1454,10,0,1.94133,0,0
1459,stage_arrival,0,VLAN4012,3,terminal,3,1001,2,3,0,1459,10,0,0,1.94133,0
1456,allocate_send_arrival,0,VLAN4012,3,terminal,3,1001,2,3,0,1456,10,0,1.94133,0,0
1460,stage_arrival,0,VLAN4012,3,terminal,3,1001,2,3,0,1460,10,0,0,1.94133,0
1461,stage_arrival,0,VLAN4012,3,terminal,3,1001,2,3,0,1461,10,0,0,1.9671,0
1457,allocate_send_arrival,0,VLAN4012,3,terminal,3,1001,2,3,0,1457,10,0,1.94133,0,0
1457,allocate_send_arrival,0,VLAN4012,3,terminal,3,1001,2,3,0,1457,10,0,1.9671,0,0
1462,stage_arrival,0,VLAN4012,3,terminal,3,1001,2,3,0,1462,10,0,0,1.9671,0
1458,allocate_send_arrival,0,VLAN4012,3,terminal,3,1001,2,3,0,1458,10,0,1.9671,0,0
1463,stage_arrival,0,VLAN4012,3,terminal,3,1001,2,3,0,1463,10,0,0,1.9671,0
1459,allocate_send_arrival,0,VLAN4012,3,terminal,3,1001,2,3,0,1459,10,0,1.9671,0,0
1464,stage_arrival,0,VLAN4012,3,terminal,3,1001,2,3,0,1464,10,0,0,1.9671,0
1465,stage_arrival,0,VLAN4012,3,terminal,3,1001,2,3,0,1465,10,0,0,1.9671,0
1461,allocate_send_arrival,0,VLAN4012,3,terminal,3,1001,2,3,0,1461,10,0,1.9671,0,0
1461,allocate_send_arrival,0,VLAN4012,3,terminal,3,1001,2,3,0,1461,10,0,1.9671,0,0
1466,stage_arrival,0,VLAN4012,3,terminal,3,1001,2,3,0,1466,10,0,0,1.9671,0
1462,allocate_send_arrival,0,VLAN4012,3,terminal,3,1001,2,3,0,1462,10,0,1.9671,0,0
1467,stage_arrival,0,VLAN4012,3,terminal,3,1001,2,3,0,1467,10,0,0,1.9671,0
1468,stage_arrival,0,VLAN4012,3,terminal,3,1001,2,3,0,1468,10,0,0,1.9671,0
1464,allocate_send_arrival,0,VLAN4012,3,terminal,3,1001,2,3,0,1464,10,0,1.9671,0,0
1464,allocate_send_arrival,0,VLAN4012,3,terminal,3,1001,2,3,0,1464,10,0,1.9671,0,0
1469,stage_arrival,0,VLAN4012,3,terminal,3,1001,2,3,0,1469,10,0,0,1.9671,0
1470,stage_arrival,0,VLAN4012,3,terminal,3,1001,2,3,0,1470,10,0,0,1.9671,0
1466,allocate_send_arrival,0,VLAN4012,3,terminal,3,1001,2,3,0,1466,10,0,1.9671,0,0
1466,allocate_send_arrival,0,VLAN4012,3,terminal,3,1001,2,3,0,1466,10,0,1.9671,0,0
1471,stage_arrival,0,VLAN4012,3,terminal,3,1001,2,3,0,1471,10,0,0,1.97568,0
1467,allocate_send_arrival,0,VLAN4012,3,terminal,3,1001,2,3,0,1467,10,0,1.97568,0,0
1472,stage_arrival,0,VLAN4012,3,terminal,3,1001,2,3,0,1472,10,0,0,1.97568,0
1468,allocate_send_arrival,0,VLAN4012,3,terminal,3,1001,2,3,0,1468,10,0,1.97568,0,0
1473,stage_arrival,0,VLAN4012,3,terminal,3,1001,2,3,0,1473,10,0,0,1.97568,0
1469,allocate_send_arrival,0,VLAN4012,3,terminal,3,1001,2,3,0,1469,10,0,1.97568,0,0
1474,stage_arrival,0,VLAN4012,3,terminal,3,1001,2,3,0,1474,10,0,0,1.97568,0
1471,allocate_send_arrival,0,VLAN4012,3,terminal,3,1001,2,3,0,1471,10,0,1.97568,0,0
1475,stage_arrival,0,VLAN4012,3,terminal,3,1001,2,3,0,1475,10,0,0,1.97568,0
1476,stage_arrival,0,VLAN4012,3,terminal,3,1001,2,3,0,1476,10,0,0,1.97568,0
1472,allocate_send_arrival,0,VLAN4012,3,terminal,3,1001,2,3,0,1472,10,0,1.97568,0,0
1472,allocate_send_arrival,0,VLAN4012,3,terminal,3,1001,2,3,0,1472,10,0,1.97568,0,0
1477,stage_arrival,0,VLAN4012,3,terminal,3,1001,2,3,0,1477,10,0,0,1.97568,0
1478,stage_arrival,0,VLAN4012,3,terminal,3,1001,2,3,0,1478,10,0,0,1.97568,0
1474,allocate_send_arrival,0,VLAN4012,3,terminal,3,1001,2,3,0,1474,10,0,1.97568,0,0
1474,allocate_send_arrival,0,VLAN4012,3,terminal,3,1001,2,3,0,1474,10,0,1.97568,0,0
1479,stage_arrival,0,VLAN4012,3,terminal,3,1001,2,3,0,1479,10,0,0,1.97568,0
1475,allocate_send_arrival,0,VLAN4012,3,terminal,3,1001,2,3,0,1475,10,0,1.97568,0,0
1480,stage_arrival,0,VLAN4012,3,terminal,3,1001,2,3,0,1480,10,0,0,1.97568,0
1476,allocate_send_arrival,0,VLAN4012,3,terminal,3,1001,2,3,0,1476,10,0,1.97568,0,0
1481,stage_arrival,0,VLAN4012,3,terminal,3,1001,2,3,0,1481,10,0,0,1.95851,0
1477,allocate_send_arrival,0,VLAN4012,3,terminal,3,1001,2,3,0,1477,10,0,1.95851,0,0
1482,stage_arrival,0,VLAN4012,3,terminal,3,1001,2,3,0,1482,10,0,0,1.95851,0
1478,allocate_send_arrival,0,VLAN4012,3,terminal,3,1001,2,3,0,1478,10,0,1.95851,0,0
1483,stage_arrival,0,VLAN4012,3,terminal,3,1001,2,3,0,1483,10,0,0,1.95851,0
1479,allocate_send_arrival,0,VLAN4012,3,terminal,3,1001,2,3,0,1479,10,0,1.95851,0,0
1484,stage_arrival,0,VLAN4012,3,terminal,3,1001,2,3,0,1484,10,0,0,1.95851,0
1485,stage_arrival,0,VLAN4012,3,terminal,3,1001,2,3,0,1485,10,0,0,1.95851,0
1481,allocate_send_arrival,0,VLAN4012,3,terminal,3,1001,2,3,0,1481,10,0,1.95851,0,0
1481,allocate_send_arrival,0,VLAN4012,3,terminal,3,1001,2,3,0,1481,10,0,1.95851,0,0
1486,stage_arrival,0,VLAN4012,3,terminal,3,1001,2,3,0,1486,10,0,0,1.95851,0
1482,allocate_send_arrival,0,VLAN4012,3,terminal,3,1001,2,3,0,1482,10,0,1.95851,0,0
1487,stage_arrival,0,VLAN4012,3,terminal,3,1001,2,3,0,1487,10,0,0,1.95851,0
1483,allocate_send_arrival,0,VLAN4012,3,terminal,3,1001,2,3,0,1483,10,0,1.95851,0,0
1488,stage_arrival,0,VLAN4012,3,terminal,3,1001,2,3,0,1488,10,0,0,1.95851,0
1484,allocate_send_arrival,0,VLAN4012,3,terminal,3,1001,2,3,0,1484,10,0,1.95851,0,0
1489,stage_arrival,0,VLAN4012,3,terminal,3,1001,2,3,0,1489,10,0,0,1.95851,0
1485,allocate_send_arrival,0,VLAN4012,3,terminal,3,1001,2,3,0,1485,10,0,1.95851,0,0
1490,stage_arrival,0,VLAN4012,3,terminal,3,1001,2,3,0,1490,10,0,0,1.95851,0
1486,allocate_send_arrival,0,VLAN4012,3,terminal,3,1001,2,3,0,1486,10,0,1.95851,0,0
1491,stage_arrival,0,VLAN4012,3,terminal,3,1001,2,3,0,1491,10,0,0,1.94133,0
1487,allocate_send_arrival,0,VLAN4012,3,terminal,3,1001,2,3,0,1487,10,0,1.94133,0,0
1492,stage_arrival,0,VLAN4012,3,terminal,3,1001,2,3,0,1492,10,0,0,1.94133,0
1489,allocate_send_arrival,0,VLAN4012,3,terminal,3,1001,2,3,0,1489,10,0,1.94133,0,0
1493,stage_arrival,0,VLAN4012,3,terminal,3,1001,2,3,0,1493,10,0,0,1.94133,0
1494,stage_arrival,0,VLAN4012,3,terminal,3,1001,2,3,0,1494,10,0,0,1.94133,0
1490,allocate_send_arrival,0,VLAN4012,3,terminal,3,1001,2,3,0,1490,10,0,1.94133,0,0
1490,allocate_send_arrival,0,VLAN4012,3,terminal,3,1001,2,3,0,1490,10,0,1.94133,0,0
1495,stage_arrival,0,VLAN4012,3,terminal,3,1001,2,3,0,1495,10,0,0,1.94133,0
1491,allocate_send_arrival,0,VLAN4012,3,terminal,3,1001,2,3,0,1491,10,0,1.94133,0,0
1496,stage_arrival,0,VLAN4012,3,terminal,3,1001,2,3,0,1496,10,0,0,1.94133,0
1492,allocate_send_arrival,0,VLAN4012,3,terminal,3,1001,2,3,0,1492,10,0,1.94133,0,0
1497,stage_arrival,0,VLAN4012,3,terminal,3,1001,2,3,0,1497,10,0,0,1.94133,0
1494,allocate_send_arrival,0,VLAN4012,3,terminal,3,1001,2,3,0,1494,10,0,1.94133,0,0
1498,stage_arrival,0,VLAN4012,3,terminal,3,1001,2,3,0,1498,10,0,0,1.94133,0
1495,allocate_send_arrival,0,VLAN4012,3,terminal,3,1001,2,3,0,1495,10,0,1.94133,0,0
1499,stage_arrival,0,VLAN4012,3,terminal,3,1001,2,3,0,1499,10,0,0,1.94133,0
1500,stage_arrival,0,VLAN4012,3,terminal,3,1001,2,3,0,1500,10,0,0,1.94133,0
1496,allocate_send_arrival,0,VLAN4012,3,terminal,3,1001,2,3,0,1496,10,0,1.94133,0,0
1496,allocate_send_arrival,0,VLAN4012,3,terminal,3,1001,2,3,0,1496,10,0,1.94133,0,0
1501,stage_arrival,0,VLAN4012,3,terminal,3,1001,2,3,0,1501,10,0,0,1.95851,0
1497,allocate_send_arrival,0,VLAN4012,3,terminal,3,1001,2,3,0,1497,10,0,1.95851,0,0
1502,stage_arrival,0,VLAN4012,3,terminal,3,1001,2,3,0,1502,10,0,0,1.95851,0
1498,allocate_send_arrival,0,VLAN4012,3,terminal,3,1001,2,3,0,1498,10,0,1.95851,0,0
1503,stage_arrival,0,VLAN4012,3,terminal,3,1001,2,3,0,1503,10,0,0,1.95851,0
1499,allocate_send_arrival,0,VLAN4012,3,terminal,3,1001,2,3,0,1499,10,0,1.95851,0,0
1504,stage_arrival,0,VLAN4012,3,terminal,3,1001,2,3,0,1504,10,0,0,1.95851,0
1505,stage_arrival,0,VLAN4012,3,terminal,3,1001,2,3,0,1505,10,0,0,1.95851,0
1501,allocate_send_arrival,0,VLAN4012,3,terminal,3,1001,2,3,0,1501,10,0,1.95851,0,0
1501,allocate_send_arrival,0,VLAN4012,3,terminal,3,1001,2,3,0,1501,10,0,1.95851,0,0
1506,stage_arrival,0,VLAN4012,3,terminal,3,1001,2,3,0,1506,10,0,0,1.95851,0
1502,allocate_send_arrival,0,VLAN4012,3,terminal,3,1001,2,3,0,1502,10,0,1.95851,0,0
1507,stage_arrival,0,VLAN4012,3,terminal,3,1001,2,3,0,1507,10,0,0,1.95851,0
1504,allocate_send_arrival,0,VLAN4012,3,terminal,3,1001,2,3,0,1504,10,0,1.95851,0,0
1508,stage_arrival,0,VLAN4012,3,terminal,3,1001,2,3,0,1508,10,0,0,1.95851,0
1505,allocate_send_arrival,0,VLAN4012,3,terminal,3,1001,2,3,0,1505,10,0,1.95851,0,0
1509,stage_arrival,0,VLAN4012,3,terminal,3,1001,2,3,0,1509,10,0,0,1.95851,0
1506,allocate_send_arrival,0,VLAN4012,3,terminal,3,1001,2,3,0,1506,10,0,1.95851,0,0
1510,stage_arrival,0,VLAN4012,3,terminal,3,1001,2,3,0,1510,10,0,0,1.95851,0
1511,stage_arrival,0,VLAN4012,3,terminal,3,1001,2,3,0,1511,10,0,0,1.98427,0
1507,allocate_send_arrival,0,VLAN4012,3,terminal,3,1001,2,3,0,1507,10,0,1.95851,0,0
1507,allocate_send_arrival,0,VLAN4012,3,terminal,3,1001,2,3,0,1507,10,0,1.98427,0,0
1512,stage_arrival,0,VLAN4012,3,terminal,3,1001,2,3,0,1512,10,0,0,1.98427,0
1513,stage_arrival,0,VLAN4012,3,terminal,3,1001,2,3,0,1513,10,0,0,1.98427,0
1509,allocate_send_arrival,0,VLAN4012,3,terminal,3,1001,2,3,0,1509,10,0,1.98427,0,0
1509,allocate_send_arrival,0,VLAN4012,3,terminal,3,1001,2,3,0,1509,10,0,1.98427,0,0
1514,stage_arrival,0,VLAN4012,3,terminal,3,1001,2,3,0,1514,10,0,0,1.98427,0
1510,allocate_send_arrival,0,VLAN4012,3,terminal,3,1001,2,3,0,1510,10,0,1.98427,0,0
1515,stage_arrival,0,VLAN4012,3,terminal,3,1001,2,3,0,1515,10,0,0,1.98427,0
1516,stage_arrival,0,VLAN4012,3,terminal,3,1001,2,3,0,1516,10,0,0,1.98427,0
1512,allocate_send_arrival,0,VLAN4012,3,terminal,3,1001,2,3,0,1512,10,0,1.98427,0,0
1512,allocate_send_arrival,0,VLAN4012,3,terminal,3,1001,2,3,0,1512,10,0,1.98427,0,0
1517,stage_arrival,0,VLAN4012,3,terminal,3,1001,2,3,0,1517,10,0,0,1.98427,0
1513,allocate_send_arrival,0,VLAN4012,3,terminal,3,1001,2,3,0,1513,10,0,1.98427,0,0
1518,stage_arrival,0,VLAN4012,3,terminal,3,1001,2,3,0,1518,10,0,0,1.98427,0
1514,allocate_send_arrival,0,VLAN4012,3,terminal,3,1001,2,3,0,1514,10,0,1.98427,0,0
1519,stage_arrival,0,VLAN4012,3,terminal,3,1001,2,3,0,1519,10,0,0,1.98427,0
1515,allocate_send_arrival,0,VLAN4012,3,terminal,3,1001,2,3,0,1515,10,0,1.98427,0,0
1520,stage_arrival,0,VLAN4012,3,terminal,3,1001,2,3,0,1520,10,0,0,1.98427,0
1521,stage_arrival,0,VLAN4012,3,terminal,3,1001,2,3,0,1521,10,0,0,1.94133,0
1517,allocate_send_arrival,0,VLAN4012,3,terminal,3,1001,2,3,0,1517,10,0,1.98427,0,0
1517,allocate_send_arrival,0,VLAN4012,3,terminal,3,1001,2,3,0,1517,10,0,1.94133,0,0
1522,stage_arrival,0,VLAN4012,3,terminal,3,1001,2,3,0,1522,10,0,0,1.94133,0
1519,allocate_send_arrival,0,VLAN4012,3,terminal,3,1001,2,3,0,1519,10,0,1.94133,0,0
1523,stage_arrival,0,VLAN4012,3,terminal,3,1001,2,3,0,1523,10,0,0,1.94133,0
1524,stage_arrival,0,VLAN4012,3,terminal,3,1001,2,3,0,1524,10,0,0,1.94133,0
1520,allocate_send_arrival,0,VLAN4012,3,terminal,3,1001,2,3,0,1520,10,0,1.94133,0,0
1520,allocate_send_arrival,0,VLAN4012,3,terminal,3,1001,2,3,0,1520,10,0,1.94133,0,0
1525,stage_arrival,0,VLAN4012,3,terminal,3,1001,2,3,0,1525,10,0,0,1.94133,0
1521,allocate_send_arrival,0,VLAN4012,3,terminal,3,1001,2,3,0,1521,10,0,1.94133,0,0
1526,stage_arrival,0,VLAN4012,3,terminal,3,1001,2,3,0,1526,10,0,0,1.94133,0
1522,allocate_send_arrival,0,VLAN4012,3,terminal,3,1001,2,3,0,1522,10,0,1.94133,0,0
1527,stage_arrival,0,VLAN4012,3,terminal,3,1001,2,3,0,1527,10,0,0,1.94133,0
1523,allocate_send_arrival,0,VLAN4012,3,terminal,3,1001,2,3,0,1523,10,0,1.94133,0,0
1528,stage_arrival,0,VLAN4012,3,terminal,3,1001,2,3,0,1528,10,0,0,1.94133,0
1529,stage_arrival,0,VLAN4012,3,terminal,3,1001,2,3,0,1529,10,0,0,1.94133,0
1525,allocate_send_arrival,0,VLAN4012,3,terminal,3,1001,2,3,0,1525,10,0,1.94133,0,0
1525,allocate_send_arrival,0,VLAN4012,3,terminal,3,1001,2,3,0,1525,10,0,1.94133,0,0
1530,stage_arrival,0,VLAN4012,3,terminal,3,1001,2,3,0,1530,10,0,0,1.94133,0
1531,stage_arrival,0,VLAN4012,3,terminal,3,1001,2,3,0,1531,10,0,0,1.98427,0
1527,allocate_send_arrival,0,VLAN4012,3,terminal,3,1001,2,3,0,1527,10,0,1.94133,0,0
1527,allocate_send_arrival,0,VLAN4012,3,terminal,3,1001,2,3,0,1527,10,0,1.98427,0,0
1532,stage_arrival,0,VLAN4012,3,terminal,3,1001,2,3,0,1532,10,0,0,1.98427,0
1529,allocate_send_arrival,0,VLAN4012,3,terminal,3,1001,2,3,0,1529,10,0,1.98427,0,0
1533,stage_arrival,0,VLAN4012,3,terminal,3,1001,2,3,0,1533,10,0,0,1.98427,0
1534,stage_arrival,0,VLAN4012,3,terminal,3,1001,2,3,0,1534,10,0,0,1.98427,0
1530,allocate_send_arrival,0,VLAN4012,3,terminal,3,1001,2,3,0,1530,10,0,1.98427,0,0
1530,allocate_send_arrival,0,VLAN4012,3,terminal,3,1001,2,3,0,1530,10,0,1.98427,0,0
1535,stage_arrival,0,VLAN4012,3,terminal,3,1001,2,3,0,1535,10,0,0,1.98427,0
1536,stage_arrival,0,VLAN4012,3,terminal,3,1001,2,3,0,1536,10,0,0,1.98427,0
1532,allocate_send_arrival,0,VLAN4012,3,terminal,3,1001,2,3,0,1532,10,0,1.98427,0,0
1532,allocate_send_arrival,0,VLAN4012,3,terminal,3,1001,2,3,0,1532,10,0,1.98427,0,0
1537,stage_arrival,0,VLAN4012,3,terminal,3,1001,2,3,0,1537,10,0,0,1.98427,0
1538,stage_arrival,0,VLAN4012,3,terminal,3,1001,2,3,0,1538,10,0,0,1.98427,0
1534,allocate_send_arrival,0,VLAN4012,3,terminal,3,1001,2,3,0,1534,10,0,1.98427,0,0
1534,allocate_send_arrival,0,VLAN4012,3,terminal,3,1001,2,3,0,1534,10,0,1.98427,0,0
1539,stage_arrival,0,VLAN4012,3,terminal,3,1001,2,3,0,1539,10,0,0,1.98427,0
1540,stage_arrival,0,VLAN4012,3,terminal,3,1001,2,3,0,1540,10,0,0,1.98427,0
1536,allocate_send_arrival,0,VLAN4012,3,terminal,3,1001,2,3,0,1536,10,0,1.98427,0,0
1536,allocate_send_arrival,0,VLAN4012,3,terminal,3,1001,2,3,0,1536,10,0,1.98427,0,0
1541,stage_arrival,0,VLAN4012,3,terminal,3,1001,2,3,0,1541,10,0,0,1.9671,0
1542,stage_arrival,0,VLAN4012,3,terminal,3,1001,2,3,0,1542,10,0,0,1.9671,0
1538,allocate_send_arrival,0,VLAN4012,3,terminal,3,1001,2,3,0,1538,10,0,1.9671,0,0
1538,allocate_send_arrival,0,VLAN4012,3,terminal,3,1001,2,3,0,1538,10,0,1.9671,0,0
1543,stage_arrival,0,VLAN4012,3,terminal,3,1001,2,3,0,1543,10,0,0,1.9671,0
1539,allocate_send_arrival,0,VLAN4012,3,terminal,3,1001,2,3,0,1539,10,0,1.9671,0,0
1544,stage_arrival,0,VLAN4012,3,terminal,3,1001,2,3,0,1544,10,0,0,1.9671,0
1540,allocate_send_arrival,0,VLAN4012,3,terminal,3,1001,2,3,0,1540,10,0,1.9671,0,0
1545,stage_arrival,0,VLAN4012,3,terminal,3,1001,2,3,0,1545,10,0,0,1.9671,0
1541,allocate_send_arrival,0,VLAN4012,3,terminal,3,1001,2,3,0,1541,10,0,1.9671,0,0
1546,stage_arrival,0,VLAN4012,3,terminal,3,1001,2,3,0,1546,10,0,0,1.9671,0
1547,stage_arrival,0,VLAN4012,3,terminal,3,1001,2,3,0,1547,10,0,0,1.9671,0
1543,allocate_send_arrival,0,VLAN4012,3,terminal,3,1001,2,3,0,1543,10,0,1.9671,0,0
1543,allocate_send_arrival,0,VLAN4012,3,terminal,3,1001,2,3,0,1543,10,0,1.9671,0,0
1548,stage_arrival,0,VLAN4012,3,terminal,3,1001,2,3,0,1548,10,0,0,1.9671,0
1544,allocate_send_arrival,0,VLAN4012,3,terminal,3,1001,2,3,0,1544,10,0,1.9671,0,0
1549,stage_arrival,0,VLAN4012,3,terminal,3,1001,2,3,0,1549,10,0,0,1.9671,0
1545,allocate_send_arrival,0,VLAN4012,3,terminal,3,1001,2,3,0,1545,10,0,1.9671,0,0
1550,stage_arrival,0,VLAN4012,3,terminal,3,1001,2,3,0,1550,10,0,0,1.9671,0
1546,allocate_send_arrival,0,VLAN4012,3,terminal,3,1001,2,3,0,1546,10,0,1.9671,0,0
1551,stage_arrival,0,VLAN4012,3,terminal,3,1001,2,3,0,1551,10,0,0,2.01004,0
1547,allocate_send_arrival,0,VLAN4012,3,terminal,3,1001,2,3,0,1547,10,0,2.01004,0,0
1552,stage_arrival,0,VLAN4012,3,terminal,3,1001,2,3,0,1552,10,0,0,2.01004,0
1553,stage_arrival,0,VLAN4012,3,terminal,3,1001,2,3,0,1553,10,0,0,2.01004,0
1549,allocate_send_arrival,0,VLAN4012,3,terminal,3,1001,2,3,0,1549,10,0,2.01004,0,0
1549,allocate_send_arrival,0,VLAN4012,3,terminal,3,1001,2,3,0,1549,10,0,2.01004,0,0
1554,stage_arrival,0,VLAN4012,3,terminal,3,1001,2,3,0,1554,10,0,0,2.01004,0
1550,allocate_send_arrival,0,VLAN4012,3,terminal,3,1001,2,3,0,1550,10,0,2.01004,0,0
1555,stage_arrival,0,VLAN4012,3,terminal,3,1001,2,3,0,1555,10,0,0,2.01004,0
1551,allocate_send_arrival,0,VLAN4012,3,terminal,3,1001,2,3,0,1551,10,0,2.01004,0,0
1556,stage_arrival,0,VLAN4012,3,terminal,3,1001,2,3,0,1556,10,0,0,2.01004,0
1552,allocate_send_arrival,0,VLAN4012,3,terminal,3,1001,2,3,0,1552,10,0,2.01004,0,0
1557,stage_arrival,0,VLAN4012,3,terminal,3,1001,2,3,0,1557,10,0,0,2.01004,0
1554,allocate_send_arrival,0,VLAN4012,3,terminal,3,1001,2,3,0,1554,10,0,2.01004,0,0
1558,stage_arrival,0,VLAN4012,3,terminal,3,1001,2,3,0,1558,10,0,0,2.01004,0
1555,allocate_send_arrival,0,VLAN4012,3,terminal,3,1001,2,3,0,1555,10,0,2.01004,0,0
1559,stage_arrival,0,VLAN4012,3,terminal,3,1001,2,3,0,1559,10,0,0,2.01004,0
1560,stage_arrival,0,VLAN4012,3,terminal,3,1001,2,3,0,1560,10,0,0,2.01004,0
1556,allocate_send_arrival,0,VLAN4012,3,terminal,3,1001,2,3,0,1556,10,0,2.01004,0,0
1556,allocate_send_arrival,0,VLAN4012,3,terminal,3,1001,2,3,0,1556,10,0,2.01004,0,0
1561,stage_arrival,0,VLAN4012,3,terminal,3,1001,2,3,0,1561,10,0,0,1.95851,0
1557,allocate_send_arrival,0,VLAN4012,3,terminal,3,1001,2,3,0,1557,10,0,1.95851,0,0
1562,stage_arrival,0,VLAN4012,3,terminal,3,1001,2,3,0,1562,10,0,0,1.95851,0
1563,stage_arrival,0,VLAN4012,3,terminal,3,1001,2,3,0,1563,10,0,0,1.95851,0
1559,allocate_send_arrival,0,VLAN4012,3,terminal,3,1001,2,3,0,1559,10,0,1.95851,0,0
1559,allocate_send_arrival,0,VLAN4012,3,terminal,3,1001,2,3,0,1559,10,0,1.95851,0,0
1564,stage_arrival,0,VLAN4012,3,terminal,3,1001,2,3,0,1564,10,0,0,1.95851,0
1565,stage_arrival,0,VLAN4012,3,terminal,3,1001,2,3,0,1565,10,0,0,1.95851,0
1561,allocate_send_arrival,0,VLAN4012,3,terminal,3,1001,2,3,0,1561,10,0,1.95851,0,0
1561,allocate_send_arrival,0,VLAN4012,3,terminal,3,1001,2,3,0,1561,10,0,1.95851,0,0
1566,stage_arrival,0,VLAN4012,3,terminal,3,1001,2,3,0,1566,10,0,0,1.95851,0
1562,allocate_send_arrival,0,VLAN4012,3,terminal,3,1001,2,3,0,1562,10,0,1.95851,0,0
1567,stage_arrival,0,VLAN4012,3,terminal,3,1001,2,3,0,1567,10,0,0,1.95851,0
1563,allocate_send_arrival,0,VLAN4012,3,terminal,3,1001,2,3,0,1563,10,0,1.95851,0,0
1568,stage_arrival,0,VLAN4012,3,terminal,3,1001,2,3,0,1568,10,0,0,1.95851,0
1564,allocate_send_arrival,0,VLAN4012,3,terminal,3,1001,2,3,0,1564,10,0,1.95851,0,0
1569,stage_arrival,0,VLAN4012,3,terminal,3,1001,2,3,0,1569,10,0,0,1.95851,0
1565,allocate_send_arrival,0,VLAN4012,3,terminal,3,1001,2,3,0,1565,10,0,1.95851,0,0
1570,stage_arrival,0,VLAN4012,3,terminal,3,1001,2,3,0,1570,10,0,0,1.95851,0
1566,allocate_send_arrival,0,VLAN4012,3,terminal,3,1001,2,3,0,1566,10,0,1.95851,0,0
1571,stage_arrival,0,VLAN4012,3,terminal,3,1001,2,3,0,1571,10,0,0,1.94992,0
1568,allocate_send_arrival,0,VLAN4012,3,terminal,3,1001,2,3,0,1568,10,0,1.94992,0,0
1572,stage_arrival,0,VLAN4012,3,terminal,3,1001,2,3,0,1572,10,0,0,1.94992,0
1569,allocate_send_arrival,0,VLAN4012,3,terminal,3,1001,2,3,0,1569,10,0,1.94992,0,0
1573,stage_arrival,0,VLAN4012,3,terminal,3,1001,2,3,0,1573,10,0,0,1.94992,0
1574,stage_arrival,0,VLAN4012,3,terminal,3,1001,2,3,0,1574,10,0,0,1.94992,0
1570,allocate_send_arrival,0,VLAN4012,3,terminal,3,1001,2,3,0,1570,10,0,1.94992,0,0
1570,allocate_send_arrival,0,VLAN4012,3,terminal,3,1001,2,3,0,1570,10,0,1.94992,0,0
1575,stage_arrival,0,VLAN4012,3,terminal,3,1001,2,3,0,1575,10,0,0,1.94992,0
1571,allocate_send_arrival,0,VLAN4012,3,terminal,3,1001,2,3,0,1571,10,0,1.94992,0,0
1576,stage_arrival,0,VLAN4012,3,terminal,3,1001,2,3,0,1576,10,0,0,1.94992,0
1577,stage_arrival,0,VLAN4012,3,terminal,3,1001,2,3,0,1577,10,0,0,1.94992,0
1573,allocate_send_arrival,0,VLAN4012,3,terminal,3,1001,2,3,0,1573,10,0,1.94992,0,0
1573,allocate_send_arrival,0,VLAN4012,3,terminal,3,1001,2,3,0,1573,10,0,1.94992,0,0
1578,stage_arrival,0,VLAN4012,3,terminal,3,1001,2,3,0,1578,10,0,0,1.94992,0
1574,allocate_send_arrival,0,VLAN4012,3,terminal,3,1001,2,3,0,1574,10,0,1.94992,0,0
1579,stage_arrival,0,VLAN4012,3,terminal,3,1001,2,3,0,1579,10,0,0,1.94992,0
1580,stage_arrival,0,VLAN4012,3,terminal,3,1001,2,3,0,1580,10,0,0,1.94992,0
1576,allocate_send_arrival,0,VLAN4012,3,terminal,3,1001,2,3,0,1576,10,0,1.94992,0,0
1576,allocate_send_arrival,0,VLAN4012,3,terminal,3,1001,2,3,0,1576,10,0,1.94992,0,0
1581,stage_arrival,0,VLAN4012,3,terminal,3,1001,2,3,0,1581,10,0,0,1.94992,0
1582,stage_arrival,0,VLAN4012,3,terminal,3,1001,2,3,0,1582,10,0,0,1.94992,0
1578,allocate_send_arrival,0,VLAN4012,3,terminal,3,1001,2,3,0,1578,10,0,1.94992,0,0
1578,allocate_send_arrival,0,VLAN4012,3,terminal,3,1001,2,3,0,1578,10,0,1.94992,0,0
1583,stage_arrival,0,VLAN4012,3,terminal,3,1001,2,3,0,1583,10,0,0,1.94992,0
1579,allocate_send_arrival,0,VLAN4012,3,terminal,3,1001,2,3,0,1579,10,0,1.94992,0,0
1584,stage_arrival,0,VLAN4012,3,terminal,3,1001,2,3,0,1584,10,0,0,1.94992,0
1585,stage_arrival,0,VLAN4012,3,terminal,3,1001,2,3,0,1585,10,0,0,1.94992,0
1581,allocate_send_arrival,0,VLAN4012,3,terminal,3,1001,2,3,0,1581,10,0,1.94992,0,0
1581,allocate_send_arrival,0,VLAN4012,3,terminal,3,1001,2,3,0,1581,10,0,1.94992,0,0
1586,stage_arrival,0,VLAN4012,3,terminal,3,1001,2,3,0,1586,10,0,0,1.94992,0
1587,stage_arrival,0,VLAN4012,3,terminal,3,1001,2,3,0,1587,10,0,0,1.94992,0
1583,allocate_send_arrival,0,VLAN4012,3,terminal,3,1001,2,3,0,1583,10,0,1.94992,0,0
1583,allocate_send_arrival,0,VLAN4012,3,terminal,3,1001,2,3,0,1583,10,0,1.94992,0,0
1588,stage_arrival,0,VLAN4012,3,terminal,3,1001,2,3,0,1588,10,0,0,1.94992,0
1585,allocate_send_arrival,0,VLAN4012,3,terminal,3,1001,2,3,0,1585,10,0,1.94992,0,0
1589,stage_arrival,0,VLAN4012,3,terminal,3,1001,2,3,0,1589,10,0,0,1.94992,0
1590,stage_arrival,0,VLAN4012,3,terminal,3,1001,2,3,0,1590,10,0,0,1.94992,0
1586,allocate_send_arrival,0,VLAN4012,3,terminal,3,1001,2,3,0,1586,10,0,1.94992,0,0
1586,allocate_send_arrival,0,VLAN4012,3,terminal,3,1001,2,3,0,1586,10,0,1.94992,0,0
1591,stage_arrival,0,VLAN4012,3,terminal,3,1001,2,3,0,1591,10,0,0,1.95851,0
1588,allocate_send_arrival,0,VLAN4012,3,terminal,3,1001,2,3,0,1588,10,0,1.95851,0,0
1592,stage_arrival,0,VLAN4012,3,terminal,3,1001,2,3,0,1592,10,0,0,1.95851,0
1593,stage_arrival,0,VLAN4012,3,terminal,3,1001,2,3,0,1593,10,0,0,1.95851,0
1589,allocate_send_arrival,0,VLAN4012,3,terminal,3,1001,2,3,0,1589,10,0,1.95851,0,0
1589,allocate_send_arrival,0,VLAN4012,3,terminal,3,1001,2,3,0,1589,10,0,1.95851,0,0
1594,stage_arrival,0,VLAN4012,3,terminal,3,1001,2,3,0,1594,10,0,0,1.95851,0
1595,stage_arrival,0,VLAN4012,3,terminal,3,1001,2,3,0,1595,10,0,0,1.95851,0
1591,allocate_send_arrival,0,VLAN4012,3,terminal,3,1001,2,3,0,1591,10,0,1.95851,0,0
1591,allocate_send_arrival,0,VLAN4012,3,terminal,3,1001,2,3,0,1591,10,0,1.95851,0,0
1596,stage_arrival,0,VLAN4012,3,terminal,3,1001,2,3,0,1596,10,0,0,1.95851,0
1597,stage_arrival,0,VLAN4012,3,terminal,3,1001,2,3,0,1597,10,0,0,1.95851,0
1593,allocate_send_arrival,0,VLAN4012,3,terminal,3,1001,2,3,0,1593,10,0,1.95851,0,0
1593,allocate_send_arrival,0,VLAN4012,3,terminal,3,1001,2,3,0,1593,10,0,1.95851,0,0
1598,stage_arrival,0,VLAN4012,3,terminal,3,1001,2,3,0,1598,10,0,0,1.95851,0
1599,stage_arrival,0,VLAN4012,3,terminal,3,1001,2,3,0,1599,10,0,0,1.95851,0
1595,allocate_send_arrival,0,VLAN4012,3,terminal,3,1001,2,3,0,1595,10,0,1.95851,0,0
1595,allocate_send_arrival,0,VLAN4012,3,terminal,3,1001,2,3,0,1595,10,0,1.95851,0,0
1600,stage_arrival,0,VLAN4012,3,terminal,3,1001,2,3,0,1600,10,0,0,1.95851,0
1596,allocate_send_arrival,0,VLAN4012,3,terminal,3,1001,2,3,0,1596,10,0,1.95851,0,0
1601,stage_arrival,0,VLAN4012,3,terminal,3,1001,2,3,0,1601,10,0,0,1.94992,0
1597,allocate_send_arrival,0,VLAN4012,3,terminal,3,1001,2,3,0,1597,10,0,1.94992,0,0
1602,stage_arrival,0,VLAN4012,3,terminal,3,1001,2,3,0,1602,10,0,0,1.94992,0
1603,stage_arrival,0,VLAN4012,3,terminal,3,1001,2,3,0,1603,10,0,0,1.94992,0
1599,allocate_send_arrival,0,VLAN4012,3,terminal,3,1001,2,3,0,1599,10,0,1.94992,0,0
1599,allocate_send_arrival,0,VLAN4012,3,terminal,3,1001,2,3,0,1599,10,0,1.94992,0,0
1604,stage_arrival,0,VLAN4012,3,terminal,3,1001,2,3,0,1604,10,0,0,1.94992,0
1605,stage_arrival,0,VLAN4012,3,terminal,3,1001,2,3,0,1605,10,0,0,1.94992,0
1601,allocate_send_arrival,0,VLAN4012,3,terminal,3,1001,2,3,0,1601,10,0,1.94992,0,0
1601,allocate_send_arrival,0,VLAN4012,3,terminal,3,1001,2,3,0,1601,10,0,1.94992,0,0
1606,stage_arrival,0,VLAN4012,3,terminal,3,1001,2,3,0,1606,10,0,0,1.94992,0
1607,stage_arrival,0,VLAN4012,3,terminal,3,1001,2,3,0,1607,10,0,0,1.94992,0
1603,allocate_send_arrival,0,VLAN4012,3,terminal,3,1001,2,3,0,1603,10,0,1.94992,0,0
1603,allocate_send_arrival,0,VLAN4012,3,terminal,3,1001,2,3,0,1603,10,0,1.94992,0,0
1608,stage_arrival,0,VLAN4012,3,terminal,3,1001,2,3,0,1608,10,0,0,1.94992,0
1605,allocate_send_arrival,0,VLAN4012,3,terminal,3,1001,2,3,0,1605,10,0,1.94992,0,0
1609,stage_arrival,0,VLAN4012,3,terminal,3,1001,2,3,0,1609,10,0,0,1.94992,0
1610,stage_arrival,0,VLAN4012,3,terminal,3,1001,2,3,0,1610,10,0,0,1.94992,0
1606,allocate_send_arrival,0,VLAN4012,3,terminal,3,1001,2,3,0,1606,10,0,1.94992,0,0
1606,allocate_send_arrival,0,VLAN4012,3,terminal,3,1001,2,3,0,1606,10,0,1.94992,0,0
1611,stage_arrival,0,VLAN4012,3,terminal,3,1001,2,3,0,1611,10,0,0,1.95851,0
1607,allocate_send_arrival,0,VLAN4012,3,terminal,3,1001,2,3,0,1607,10,0,1.95851,0,0
1612,stage_arrival,0,VLAN4012,3,terminal,3,1001,2,3,0,1612,10,0,0,1.95851,0
1608,allocate_send_arrival,0,VLAN4012,3,terminal,3,1001,2,3,0,1608,10,0,1.95851,0,0
1613,stage_arrival,0,VLAN4012,3,terminal,3,1001,2,3,0,1613,10,0,0,1.95851,0
1614,stage_arrival,0,VLAN4012,3,terminal,3,1001,2,3,0,1614,10,0,0,1.95851,0
1610,allocate_send_arrival,0,VLAN4012,3,terminal,3,1001,2,3,0,1610,10,0,1.95851,0,0
1610,allocate_send_arrival,0,VLAN4012,3,terminal,3,1001,2,3,0,1610,10,0,1.95851,0,0
1615,stage_arrival,0,VLAN4012,3,terminal,3,1001,2,3,0,1615,10,0,0,1.95851,0
1611,allocate_send_arrival,0,VLAN4012,3,terminal,3,1001,2,3,0,1611,10,0,1.95851,0,0
1616,stage_arrival,0,VLAN4012,3,terminal,3,1001,2,3,0,1616,10,0,0,1.95851,0
1613,allocate_send_arrival,0,VLAN4012,3,terminal,3,1001,2,3,0,1613,10,0,1.95851,0,0
1617,stage_arrival,0,VLAN4012,3,terminal,3,1001,2,3,0,1617,10,0,0,1.95851,0
1614,allocate_send_arrival,0,VLAN4012,3,terminal,3,1001,2,3,0,1614,10,0,1.95851,0,0
1618,stage_arrival,0,VLAN4012,3,terminal,3,1001,2,3,0,1618,10,0,0,1.95851,0
1615,allocate_send_arrival,0,VLAN4012,3,terminal,3,1001,2,3,0,1615,10,0,1.95851,0,0
1619,stage_arrival,0,VLAN4012,3,terminal,3,1001,2,3,0,1619,10,0,0,1.95851,0
1620,stage_arrival,0,VLAN4012,3,terminal,3,1001,2,3,0,1620,10,0,0,1.95851,0
1616,allocate_send_arrival,0,VLAN4012,3,terminal,3,1001,2,3,0,1616,10,0,1.95851,0,0
1616,allocate_send_arrival,0,VLAN4012,3,terminal,3,1001,2,3,0,1616,10,0,1.95851,0,0
1621,stage_arrival,0,VLAN4012,3,terminal,3,1001,2,3,0,1621,10,0,0,1.94992,0
1622,stage_arrival,0,VLAN4012,3,terminal,3,1001,2,3,0,1622,10,0,0,1.94992,0
1618,allocate_send_arrival,0,VLAN4012,3,terminal,3,1001,2,3,0,1618,10,0,1.94992,0,0
1618,allocate_send_arrival,0,VLAN4012,3,terminal,3,1001,2,3,0,1618,10,0,1.94992,0,0
1623,stage_arrival,0,VLAN4012,3,terminal,3,1001,2,3,0,1623,10,0,0,1.94992,0
1619,allocate_send_arrival,0,VLAN4012,3,terminal,3,1001,2,3,0,1619,10,0,1.94992,0,0
1624,stage_arrival,0,VLAN4012,3,terminal,3,1001,2,3,0,1624,10,0,0,1.94992,0
1625,stage_arrival,0,VLAN4012,3,terminal,3,1001,2,3,0,1625,10,0,0,1.94992,0
1621,allocate_send_arrival,0,VLAN4012,3,terminal,3,1001,2,3,0,1621,10,0,1.94992,0,0
1621,allocate_send_arrival,0,VLAN4012,3,terminal,3,1001,2,3,0,1621,10,0,1.94992,0,0
1626,stage_arrival,0,VLAN4012,3,terminal,3,1001,2,3,0,1626,10,0,0,1.94992,0
1622,allocate_send_arrival,0,VLAN4012,3,terminal,3,1001,2,3,0,1622,10,0,1.94992,0,0
1627,stage_arrival,0,VLAN4012,3,terminal,3,1001,2,3,0,1627,10,0,0,1.94992,0
1624,allocate_send_arrival,0,VLAN4012,3,terminal,3,1001,2,3,0,1624,10,0,1.94992,0,0
1628,stage_arrival,0,VLAN4012,3,terminal,3,1001,2,3,0,1628,10,0,0,1.94992,0
1625,allocate_send_arrival,0,VLAN4012,3,terminal,3,1001,2,3,0,1625,10,0,1.94992,0,0
1629,stage_arrival,0,VLAN4012,3,terminal,3,1001,2,3,0,1629,10,0,0,1.94992,0
1630,stage_arrival,0,VLAN4012,3,terminal,3,1001,2,3,0,1630,10,0,0,1.94992,0
1626,allocate_send_arrival,0,VLAN4012,3,terminal,3,1001,2,3,0,1626,10,0,1.94992,0,0
1626,allocate_send_arrival,0,VLAN4012,3,terminal,3,1001,2,3,0,1626,10,0,1.94992,0,0
1631,stage_arrival,0,VLAN4012,3,terminal,3,1001,2,3,0,1631,10,0,0,1.97568,0
1627,allocate_send_arrival,0,VLAN4012,3,terminal,3,1001,2,3,0,1627,10,0,1.97568,0,0
1632,stage_arrival,0,VLAN4012,3,terminal,3,1001,2,3,0,1632,10,0,0,1.97568,0
1628,allocate_send_arrival,0,VLAN4012,3,terminal,3,1001,2,3,0,1628,10,0,1.97568,0,0
1633,stage_arrival,0,VLAN4012,3,terminal,3,1001,2,3,0,1633,10,0,0,1.97568,0
1630,allocate_send_arrival,0,VLAN4012,3,terminal,3,1001,2,3,0,1630,10,0,1.97568,0,0
1634,stage_arrival,0,VLAN4012,3,terminal,3,1001,2,3,0,1634,10,0,0,1.97568,0
1635,stage_arrival,0,VLAN4012,3,terminal,3,1001,2,3,0,1635,10,0,0,1.97568,0
1631,allocate_send_arrival,0,VLAN4012,3,terminal,3,1001,2,3,0,1631,10,0,1.97568,0,0
1631,allocate_send_arrival,0,VLAN4012,3,terminal,3,1001,2,3,0,1631,10,0,1.97568,0,0
1636,stage_arrival,0,VLAN4012,3,terminal,3,1001,2,3,0,1636,10,0,0,1.97568,0
1637,stage_arrival,0,VLAN4012,3,terminal,3,1001,2,3,0,1637,10,0,0,1.97568,0
1633,allocate_send_arrival,0,VLAN4012,3,terminal,3,1001,2,3,0,1633,10,0,1.97568,0,0
1633,allocate_send_arrival,0,VLAN4012,3,terminal,3,1001,2,3,0,1633,10,0,1.97568,0,0
1638,stage_arrival,0,VLAN4012,3,terminal,3,1001,2,3,0,1638,10,0,0,1.97568,0
1634,allocate_send_arrival,0,VLAN4012,3,terminal,3,1001,2,3,0,1634,10,0,1.97568,0,0
1639,stage_arrival,0,VLAN4012,3,terminal,3,1001,2,3,0,1639,10,0,0,1.97568,0
1635,allocate_send_arrival,0,VLAN4012,3,terminal,3,1001,2,3,0,1635,10,0,1.97568,0,0
1640,stage_arrival,0,VLAN4012,3,terminal,3,1001,2,3,0,1640,10,0,0,1.97568,0
1636,allocate_send_arrival,0,VLAN4012,3,terminal,3,1001,2,3,0,1636,10,0,1.97568,0,0
1641,stage_arrival,0,VLAN4012,3,terminal,3,1001,2,3,0,1641,10,0,0,1.94133,0
1642,stage_arrival,0,VLAN4012,3,terminal,3,1001,2,3,0,1642,10,0,0,1.94133,0
1638,allocate_send_arrival,0,VLAN4012,3,terminal,3,1001,2,3,0,1638,10,0,1.94133,0,0
1638,allocate_send_arrival,0,VLAN4012,3,terminal,3,1001,2,3,0,1638,10,0,1.94133,0,0
1643,stage_arrival,0,VLAN4012,3,terminal,3,1001,2,3,0,1643,10,0,0,1.94133,0
1639,allocate_send_arrival,0,VLAN4012,3,terminal,3,1001,2,3,0,1639,10,0,1.94133,0,0
1644,stage_arrival,0,VLAN4012,3,terminal,3,1001,2,3,0,1644,10,0,0,1.94133,0
1640,allocate_send_arrival,0,VLAN4012,3,terminal,3,1001,2,3,0,1640,10,0,1.94133,0,0
1645,stage_arrival,0,VLAN4012,3,terminal,3,1001,2,3,0,1645,10,0,0,1.94133,0
1641,allocate_send_arrival,0,VLAN4012,3,terminal,3,1001,2,3,0,1641,10,0,1.94133,0,0
1646,stage_arrival,0,VLAN4012,3,terminal,3,1001,2,3,0,1646,10,0,0,1.94133,0
1642,allocate_send_arrival,0,VLAN4012,3,terminal,3,1001,2,3,0,1642,10,0,1.94133,0,0
1647,stage_arrival,0,VLAN4012,3,terminal,3,1001,2,3,0,1647,10,0,0,1.94133,0
1648,stage_arrival,0,VLAN4012,3,terminal,3,1001,2,3,0,1648,10,0,0,1.94133,0
1644,allocate_send_arrival,0,VLAN4012,3,terminal,3,1001,2,3,0,1644,10,0,1.94133,0,0
1644,allocate_send_arrival,0,VLAN4012,3,terminal,3,1001,2,3,0,1644,10,0,1.94133,0,0
1649,stage_arrival,0,VLAN4012,3,terminal,3,1001,2,3,0,1649,10,0,0,1.94133,0
1645,allocate_send_arrival,0,VLAN4012,3,terminal,3,1001,2,3,0,1645,10,0,1.94133,0,0
1650,stage_arrival,0,VLAN4012,3,terminal,3,1001,2,3,0,1650,10,0,0,1.94133,0
1646,allocate_send_arrival,0,VLAN4012,3,terminal,3,1001,2,3,0,1646,10,0,1.94133,0,0
1651,stage_arrival,0,VLAN4012,3,terminal,3,1001,2,3,0,1651,10,0,0,1.9671,0
1647,allocate_send_arrival,0,VLAN4012,3,terminal,3,1001,2,3,0,1647,10,0,1.9671,0,0
1652,stage_arrival,0,VLAN4012,3,terminal,3,1001,2,3,0,1652,10,0,0,1.9671,0
1653,stage_arrival,0,VLAN4012,3,terminal,3,1001,2,3,0,1653,10,0,0,1.9671,0
1649,allocate_send_arrival,0,VLAN4012,3,terminal,3,1001,2,3,0,1649,10,0,1.9671,0,0
1649,allocate_send_arrival,0,VLAN4012,3,terminal,3,1001,2,3,0,1649,10,0,1.9671,0,0
1654,stage_arrival,0,VLAN4012,3,terminal,3,1001,2,3,0,1654,10,0,0,1.9671,0
1655,stage_arrival,0,VLAN4012,3,terminal,3,1001,2,3,0,1655,10,0,0,1.9671,0
1651,allocate_send_arrival,0,VLAN4012,3,terminal,3,1001,2,3,0,1651,10,0,1.9671,0,0
1651,allocate_send_arrival,0,VLAN4012,3,terminal,3,1001,2,3,0,1651,10,0,1.9671,0,0
1656,stage_arrival,0,VLAN4012,3,terminal,3,1001,2,3,0,1656,10,0,0,1.9671,0
1652,allocate_send_arrival,0,VLAN4012,3,terminal,3,1001,2,3,0,1652,10,0,1.9671,0,0
1657,stage_arrival,0,VLAN4012,3,terminal,3,1001,2,3,0,1657,10,0,0,1.9671,0
1658,stage_arrival,0,VLAN4012,3,terminal,3,1001,2,3,0,1658,10,0,0,1.9671,0
1654,allocate_send_arrival,0,VLAN4012,3,terminal,3,1001,2,3,0,1654,10,0,1.9671,0,0
1654,allocate_send_arrival,0,VLAN4012,3,terminal,3,1001,2,3,0,1654,10,0,1.9671,0,0
1659,stage_arrival,0,VLAN4012,3,terminal,3,1001,2,3,0,1659,10,0,0,1.9671,0
1655,allocate_send_arrival,0,VLAN4012,3,terminal,3,1001,2,3,0,1655,10,0,1.9671,0,0
1660,stage_arrival,0,VLAN4012,3,terminal,3,1001,2,3,0,1660,10,0,0,1.9671,0
1656,allocate_send_arrival,0,VLAN4012,3,terminal,3,1001,2,3,0,1656,10,0,1.9671,0,0
1661,stage_arrival,0,VLAN4012,3,terminal,3,1001,2,3,0,1661,10,0,0,1.98427,0
1657,allocate_send_arrival,0,VLAN4012,3,terminal,3,1001,2,3,0,1657,10,0,1.98427,0,0
1662,stage_arrival,0,VLAN4012,3,terminal,3,1001,2,3,0,1662,10,0,0,1.98427,0
1659,allocate_send_arrival,0,VLAN4012,3,terminal,3,1001,2,3,0,1659,10,0,1.98427,0,0
1663,stage_arrival,0,VLAN4012,3,terminal,3,1001,2,3,0,1663,10,0,0,1.98427,0
1660,allocate_send_arrival,0,VLAN4012,3,terminal,3,1001,2,3,0,1660,10,0,1.98427,0,0
1664,stage_arrival,0,VLAN4012,3,terminal,3,1001,2,3,0,1664,10,0,0,1.98427,0
1665,stage_arrival,0,VLAN4012,3,terminal,3,1001,2,3,0,1665,10,0,0,1.98427,0
1661,allocate_send_arrival,0,VLAN4012,3,terminal,3,1001,2,3,0,1661,10,0,1.98427,0,0
1661,allocate_send_arrival,0,VLAN4012,3,terminal,3,1001,2,3,0,1661,10,0,1.98427,0,0
1666,stage_arrival,0,VLAN4012,3,terminal,3,1001,2,3,0,1666,10,0,0,1.98427,0
1667,stage_arrival,0,VLAN4012,3,terminal,3,1001,2,3,0,1667,10,0,0,1.98427,0
1663,allocate_send_arrival,0,VLAN4012,3,terminal,3,1001,2,3,0,1663,10,0,1.98427,0,0
1663,allocate_send_arrival,0,VLAN4012,3,terminal,3,1001,2,3,0,1663,10,0,1.98427,0,0
1668,stage_arrival,0,VLAN4012,3,terminal,3,1001,2,3,0,1668,10,0,0,1.98427,0
1665,allocate_send_arrival,0,VLAN4012,3,terminal,3,1001,2,3,0,1665,10,0,1.98427,0,0
1669,stage_arrival,0,VLAN4012,3,terminal,3,1001,2,3,0,1669,10,0,0,1.98427,0
1670,stage_arrival,0,VLAN4012,3,terminal,3,1001,2,3,0,1670,10,0,0,1.98427,0
1666,allocate_send_arrival,0,VLAN4012,3,terminal,3,1001,2,3,0,1666,10,0,1.98427,0,0
1666,allocate_send_arrival,0,VLAN4012,3,terminal,3,1001,2,3,0,1666,10,0,1.98427,0,0
1671,stage_arrival,0,VLAN4012,3,terminal,3,1001,2,3,0,1671,10,0,0,1.97568,0
1667,allocate_send_arrival,0,VLAN4012,3,terminal,3,1001,2,3,0,1667,10,0,1.97568,0,0
1672,stage_arrival,0,VLAN4012,3,terminal,3,1001,2,3,0,1672,10,0,0,1.97568,0
1669,allocate_send_arrival,0,VLAN4012,3,terminal,3,1001,2,3,0,1669,10,0,1.97568,0,0
1673,stage_arrival,0,VLAN4012,3,terminal,3,1001,2,3,0,1673,10,0,0,1.97568,0
1670,allocate_send_arrival,0,VLAN4012,3,terminal,3,1001,2,3,0,1670,10,0,1.97568,0,0
1674,stage_arrival,0,VLAN4012,3,terminal,3,1001,2,3,0,1674,10,0,0,1.97568,0
1675,stage_arrival,0,VLAN4012,3,terminal,3,1001,2,3,0,1675,10,0,0,1.97568,0
1671,allocate_send_arrival,0,VLAN4012,3,terminal,3,1001,2,3,0,1671,10,0,1.97568,0,0
1671,allocate_send_arrival,0,VLAN4012,3,terminal,3,1001,2,3,0,1671,10,0,1.97568,0,0
1676,stage_arrival,0,VLAN4012,3,terminal,3,1001,2,3,0,1676,10,0,0,1.97568,0
1673,allocate_send_arrival,0,VLAN4012,3,terminal,3,1001,2,3,0,1673,10,0,1.97568,0,0
1677,stage_arrival,0,VLAN4012,3,terminal,3,1001,2,3,0,1677,10,0,0,1.97568,0
1678,stage_arrival,0,VLAN4012,3,terminal,3,1001,2,3,0,1678,10,0,0,1.97568,0
1674,allocate_send_arrival,0,VLAN4012,3,terminal,3,1001,2,3,0,1674,10,0,1.97568,0,0
1674,allocate_send_arrival,0,VLAN4012,3,terminal,3,1001,2,3,0,1674,10,0,1.97568,0,0
1679,stage_arrival,0,VLAN4012,3,terminal,3,1001,2,3,0,1679,10,0,0,1.97568,0
1675,allocate_send_arrival,0,VLAN4012,3,terminal,3,1001,2,3,0,1675,10,0,1.97568,0,0
1680,stage_arrival,0,VLAN4012,3,terminal,3,1001,2,3,0,1680,10,0,0,1.97568,0
1676,allocate_send_arrival,0,VLAN4012,3,terminal,3,1001,2,3,0,1676,10,0,1.97568,0,0
1681,stage_arrival,0,VLAN4012,3,terminal,3,1001,2,3,0,1681,10,0,0,1.93274,0
1677,allocate_send_arrival,0,VLAN4012,3,terminal,3,1001,2,3,0,1677,10,0,1.93274,0,0
1682,stage_arrival,0,VLAN4012,3,terminal,3,1001,2,3,0,1682,10,0,0,1.93274,0
1683,stage_arrival,0,VLAN4012,3,terminal,3,1001,2,3,0,1683,10,0,0,1.93274,0
1679,allocate_send_arrival,0,VLAN4012,3,terminal,3,1001,2,3,0,1679,10,0,1.93274,0,0
1679,allocate_send_arrival,0,VLAN4012,3,terminal,3,1001,2,3,0,1679,10,0,1.93274,0,0
1684,stage_arrival,0,VLAN4012,3,terminal,3,1001,2,3,0,1684,10,0,0,1.93274,0
1680,allocate_send_arrival,0,VLAN4012,3,terminal,3,1001,2,3,0,1680,10,0,1.93274,0,0
1685,stage_arrival,0,VLAN4012,3,terminal,3,1001,2,3,0,1685,10,0,0,1.93274,0
1681,allocate_send_arrival,0,VLAN4012,3,terminal,3,1001,2,3,0,1681,10,0,1.93274,0,0
1686,stage_arrival,0,VLAN4012,3,terminal,3,1001,2,3,0,1686,10,0,0,1.93274,0
1682,allocate_send_arrival,0,VLAN4012,3,terminal,3,1001,2,3,0,1682,10,0,1.93274,0,0
1687,stage_arrival,0,VLAN4012,3,terminal,3,1001,2,3,0,1687,10,0,0,1.93274,0
1683,allocate_send_arrival,0,VLAN4012,3,terminal,3,1001,2,3,0,1683,10,0,1.93274,0,0
1688,stage_arrival,0,VLAN4012,3,terminal,3,1001,2,3,0,1688,10,0,0,1.93274,0
1689,stage_arrival,0,VLAN4012,3,terminal,3,1001,2,3,0,1689,10,0,0,1.93274,0
1685,allocate_send_arrival,0,VLAN4012,3,terminal,3,1001,2,3,0,1685,10,0,1.93274,0,0
1685,allocate_send_arrival,0,VLAN4012,3,terminal,3,1001,2,3,0,1685,10,0,1.93274,0,0
1690,stage_arrival,0,VLAN4012,3,terminal,3,1001,2,3,0,1690,10,0,0,1.93274,0
1686,allocate_send_arrival,0,VLAN4012,3,terminal,3,1001,2,3,0,1686,10,0,1.93274,0,0
1691,stage_arrival,0,VLAN4012,3,terminal,3,1001,2,3,0,1691,10,0,0,1.94992,0
1687,allocate_send_arrival,0,VLAN4012,3,terminal,3,1001,2,3,0,1687,10,0,1.94992,0,0
1692,stage_arrival,0,VLAN4012,3,terminal,3,1001,2,3,0,1692,10,0,0,1.94992,0
1693,stage_arrival,0,VLAN4012,3,terminal,3,1001,2,3,0,1693,10,0,0,1.94992,0
1689,allocate_send_arrival,0,VLAN4012,3,terminal,3,1001,2,3,0,1689,10,0,1.94992,0,0
1689,allocate_send_arrival,0,VLAN4012,3,terminal,3,1001,2,3,0,1689,10,0,1.94992,0,0
1694,stage_arrival,0,VLAN4012,3,terminal,3,1001,2,3,0,1694,10,0,0,1.94992,0
1690,allocate_send_arrival,0,VLAN4012,3,terminal,3,1001,2,3,0,1690,10,0,1.94992,0,0
1695,stage_arrival,0,VLAN4012,3,terminal,3,1001,2,3,0,1695,10,0,0,1.94992,0
1691,allocate_send_arrival,0,VLAN4012,3,terminal,3,1001,2,3,0,1691,10,0,1.94992,0,0
1696,stage_arrival,0,VLAN4012,3,terminal,3,1001,2,3,0,1696,10,0,0,1.94992,0
1693,allocate_send_arrival,0,VLAN4012,3,terminal,3,1001,2,3,0,1693,10,0,1.94992,0,0
1697,stage_arrival,0,VLAN4012,3,terminal,3,1001,2,3,0,1697,10,0,0,1.94992,0
1698,stage_arrival,0,VLAN4012,3,terminal,3,1001,2,3,0,1698,10,0,0,1.94992,0
1694,allocate_send_arrival,0,VLAN4012,3,terminal,3,1001,2,3,0,1694,10,0,1.94992,0,0
1694,allocate_send_arrival,0,VLAN4012,3,terminal,3,1001,2,3,0,1694,10,0,1.94992,0,0
1699,stage_arrival,0,VLAN4012,3,terminal,3,1001,2,3,0,1699,10,0,0,1.94992,0
1695,allocate_send_arrival,0,VLAN4012,3,terminal,3,1001,2,3,0,1695,10,0,1.94992,0,0
1700,stage_arrival,0,VLAN4012,3,terminal,3,1001,2,3,0,1700,10,0,0,1.94992,0
1696,allocate_send_arrival,0,VLAN4012,3,terminal,3,1001,2,3,0,1696,10,0,1.94992,0,0
1701,stage_arrival,0,VLAN4012,3,terminal,3,1001,2,3,0,1701,10,0,0,1.94992,0
1702,stage_arrival,0,VLAN4012,3,terminal,3,1001,2,3,0,1702,10,0,0,1.94992,0
1698,allocate_send_arrival,0,VLAN4012,3,terminal,3,1001,2,3,0,1698,10,0,1.94992,0,0
1698,allocate_send_arrival,0,VLAN4012,3,terminal,3,1001,2,3,0,1698,10,0,1.94992,0,0
1703,stage_arrival,0,VLAN4012,3,terminal,3,1001,2,3,0,1703,10,0,0,1.94992,0
1704,stage_arrival,0,VLAN4012,3,terminal,3,1001,2,3,0,1704,10,0,0,1.94992,0
1700,allocate_send_arrival,0,VLAN4012,3,terminal,3,1001,2,3,0,1700,10,0,1.94992,0,0
1700,allocate_send_arrival,0,VLAN4012,3,terminal,3,1001,2,3,0,1700,10,0,1.94992,0,0
1705,stage_arrival,0,VLAN4012,3,terminal,3,1001,2,3,0,1705,10,0,0,1.94992,0
1701,allocate_send_arrival,0,VLAN4012,3,terminal,3,1001,2,3,0,1701,10,0,1.94992,0,0
1706,stage_arrival,0,VLAN4012,3,terminal,3,1001,2,3,0,1706,10,0,0,1.94992,0
1707,stage_arrival,0,VLAN4012,3,terminal,3,1001,2,3,0,1707,10,0,0,1.94992,0
1703,allocate_send_arrival,0,VLAN4012,3,terminal,3,1001,2,3,0,1703,10,0,1.94992,0,0
1703,allocate_send_arrival,0,VLAN4012,3,terminal,3,1001,2,3,0,1703,10,0,1.94992,0,0
1708,stage_arrival,0,VLAN4012,3,terminal,3,1001,2,3,0,1708,10,0,0,1.94992,0
1704,allocate_send_arrival,0,VLAN4012,3,terminal,3,1001,2,3,0,1704,10,0,1.94992,0,0
1709,stage_arrival,0,VLAN4012,3,terminal,3,1001,2,3,0,1709,10,0,0,1.94992,0
1705,allocate_send_arrival,0,VLAN4012,3,terminal,3,1001,2,3,0,1705,10,0,1.94992,0,0
1710,stage_arrival,0,VLAN4012,3,terminal,3,1001,2,3,0,1710,10,0,0,1.94992,0
1706,allocate_send_arrival,0,VLAN4012,3,terminal,3,1001,2,3,0,1706,10,0,1.94992,0,0
1711,stage_arrival,0,VLAN4012,3,terminal,3,1001,2,3,0,1711,10,0,0,1.9671,0
1712,stage_arrival,0,VLAN4012,3,terminal,3,1001,2,3,0,1712,10,0,0,1.9671,0
1708,allocate_send_arrival,0,VLAN4012,3,terminal,3,1001,2,3,0,1708,10,0,1.9671,0,0
1708,allocate_send_arrival,0,VLAN4012,3,terminal,3,1001,2,3,0,1708,10,0,1.9671,0,0
1713,stage_arrival,0,VLAN4012,3,terminal,3,1001,2,3,0,1713,10,0,0,1.9671,0
1710,allocate_send_arrival,0,VLAN4012,3,terminal,3,1001,2,3,0,1710,10,0,1.9671,0,0
1714,stage_arrival,0,VLAN4012,3,terminal,3,1001,2,3,0,1714,10,0,0,1.9671,0
1715,stage_arrival,0,VLAN4012,3,terminal,3,1001,2,3,0,1715,10,0,0,1.9671,0
1711,allocate_send_arrival,0,VLAN4012,3,terminal,3,1001,2,3,0,1711,10,0,1.9671,0,0
1711,allocate_send_arrival,0,VLAN4012,3,terminal,3,1001,2,3,0,1711,10,0,1.9671,0,0
1716,stage_arrival,0,VLAN4012,3,terminal,3,1001,2,3,0,1716,10,0,0,1.9671,0
1717,stage_arrival,0,VLAN4012,3,terminal,3,1001,2,3,0,1717,10,0,0,1.9671,0
1713,allocate_send_arrival,0,VLAN4012,3,terminal,3,1001,2,3,0,1713,10,0,1.9671,0,0
1713,allocate_send_arrival,0,VLAN4012,3,terminal,3,1001,2,3,0,1713,10,0,1.9671,0,0
1718,stage_arrival,0,VLAN4012,3,terminal,3,1001,2,3,0,1718,10,0,0,1.9671,0
1719,stage_arrival,0,VLAN4012,3,terminal,3,1001,2,3,0,1719,10,0,0,1.9671,0
1715,allocate_send_arrival,0,VLAN4012,3,terminal,3,1001,2,3,0,1715,10,0,1.9671,0,0
1715,allocate_send_arrival,0,VLAN4012,3,terminal,3,1001,2,3,0,1715,10,0,1.9671,0,0
1720,stage_arrival,0,VLAN4012,3,terminal,3,1001,2,3,0,1720,10,0,0,1.9671,0
1716,allocate_send_arrival,0,VLAN4012,3,terminal,3,1001,2,3,0,1716,10,0,1.9671,0,0
1721,stage_arrival,0,VLAN4012,3,terminal,3,1001,2,3,0,1721,10,0,0,1.9671,0
1717,allocate_send_arrival,0,VLAN4012,3,terminal,3,1001,2,3,0,1717,10,0,1.9671,0,0
1722,stage_arrival,0,VLAN4012,3,terminal,3,1001,2,3,0,1722,10,0,0,1.9671,0
1723,stage_arrival,0,VLAN4012,3,terminal,3,1001,2,3,0,1723,10,0,0,1.9671,0
1719,allocate_send_arrival,0,VLAN4012,3,terminal,3,1001,2,3,0,1719,10,0,1.9671,0,0
1719,allocate_send_arrival,0,VLAN4012,3,terminal,3,1001,2,3,0,1719,10,0,1.9671,0,0
1724,stage_arrival,0,VLAN4012,3,terminal,3,1001,2,3,0,1724,10,0,0,1.9671,0
1720,allocate_send_arrival,0,VLAN4012,3,terminal,3,1001,2,3,0,1720,10,0,1.9671,0,0
1725,stage_arrival,0,VLAN4012,3,terminal,3,1001,2,3,0,1725,10,0,0,1.9671,0
1721,allocate_send_arrival,0,VLAN4012,3,terminal,3,1001,2,3,0,1721,10,0,1.9671,0,0
1726,stage_arrival,0,VLAN4012,3,terminal,3,1001,2,3,0,1726,10,0,0,1.9671,0
1723,allocate_send_arrival,0,VLAN4012,3,terminal,3,1001,2,3,0,1723,10,0,1.9671,0,0
1727,stage_arrival,0,VLAN4012,3,terminal,3,1001,2,3,0,1727,10,0,0,1.9671,0
1728,stage_arrival,0,VLAN4012,3,terminal,3,1001,2,3,0,1728,10,0,0,1.9671,0
1724,allocate_send_arrival,0,VLAN4012,3,terminal,3,1001,2,3,0,1724,10,0,1.9671,0,0
1724,allocate_send_arrival,0,VLAN4012,3,terminal,3,1001,2,3,0,1724,10,0,1.9671,0,0
1729,stage_arrival,0,VLAN4012,3,terminal,3,1001,2,3,0,1729,10,0,0,1.9671,0
1730,stage_arrival,0,VLAN4012,3,terminal,3,1001,2,3,0,1730,10,0,0,1.9671,0
1726,allocate_send_arrival,0,VLAN4012,3,terminal,3,1001,2,3,0,1726,10,0,1.9671,0,0
1726,allocate_send_arrival,0,VLAN4012,3,terminal,3,1001,2,3,0,1726,10,0,1.9671,0,0
1731,stage_arrival,0,VLAN4012,3,terminal,3,1001,2,3,0,1731,10,0,0,1.93274,0
1727,allocate_send_arrival,0,VLAN4012,3,terminal,3,1001,2,3,0,1727,10,0,1.93274,0,0
1732,stage_arrival,0,VLAN4012,3,terminal,3,1001,2,3,0,1732,10,0,0,1.93274,0
1729,allocate_send_arrival,0,VLAN4012,3,terminal,3,1001,2,3,0,1729,10,0,1.93274,0,0
1733,stage_arrival,0,VLAN4012,3,terminal,3,1001,2,3,0,1733,10,0,0,1.93274,0
1734,stage_arrival,0,VLAN4012,3,terminal,3,1001,2,3,0,1734,10,0,0,1.93274,0
1730,allocate_send_arrival,0,VLAN4012,3,terminal,3,1001,2,3,0,1730,10,0,1.93274,0,0
1730,allocate_send_arrival,0,VLAN4012,3,terminal,3,1001,2,3,0,1730,10,0,1.93274,0,0
1735,stage_arrival,0,VLAN4012,3,terminal,3,1001,2,3,0,1735,10,0,0,1.93274,0
1731,allocate_send_arrival,0,VLAN4012,3,terminal,3,1001,2,3,0,1731,10,0,1.93274,0,0
1736,stage_arrival,0,VLAN4012,3,terminal,3,1001,2,3,0,1736,10,0,0,1.93274,0
1732,allocate_send_arrival,0,VLAN4012,3,terminal,3,1001,2,3,0,1732,10,0,1.93274,0,0
1737,stage_arrival,0,VLAN4012,3,terminal,3,1001,2,3,0,1737,10,0,0,1.93274,0
1738,stage_arrival,0,VLAN4012,3,terminal,3,1001,2,3,0,1738,10,0,0,1.93274,0
1734,allocate_send_arrival,0,VLAN4012,3,terminal,3,1001,2,3,0,1734,10,0,1.93274,0,0
1734,allocate_send_arrival,0,VLAN4012,3,terminal,3,1001,2,3,0,1734,10,0,1.93274,0,0
1739,stage_arrival,0,VLAN4012,3,terminal,3,1001,2,3,0,1739,10,0,0,1.93274,0
1740,stage_arrival,0,VLAN4012,3,terminal,3,1001,2,3,0,1740,10,0,0,1.93274,0
1736,allocate_send_arrival,0,VLAN4012,3,terminal,3,1001,2,3,0,1736,10,0,1.93274,0,0
1736,allocate_send_arrival,0,VLAN4012,3,terminal,3,1001,2,3,0,1736,10,0,1.93274,0,0
1741,stage_arrival,0,VLAN4012,3,terminal,3,1001,2,3,0,1741,10,0,0,1.94133,0
1737,allocate_send_arrival,0,VLAN4012,3,terminal,3,1001,2,3,0,1737,10,0,1.94133,0,0
1742,stage_arrival,0,VLAN4012,3,terminal,3,1001,2,3,0,1742,10,0,0,1.94133,0
1738,allocate_send_arrival,0,VLAN4012,3,terminal,3,1001,2,3,0,1738,10,0,1.94133,0,0
1743,stage_arrival,0,VLAN4012,3,terminal,3,1001,2,3,0,1743,10,0,0,1.94133,0
1744,stage_arrival,0,VLAN4012,3,terminal,3,1001,2,3,0,1744,10,0,0,1.94133,0
1740,allocate_send_arrival,0,VLAN4012,3,terminal,3,1001,2,3,0,1740,10,0,1.94133,0,0
1740,allocate_send_arrival,0,VLAN4012,3,terminal,3,1001,2,3,0,1740,10,0,1.94133,0,0
1745,stage_arrival,0,VLAN4012,3,terminal,3,1001,2,3,0,1745,10,0,0,1.94133,0
1741,allocate_send_arrival,0,VLAN4012,3,terminal,3,1001,2,3,0,1741,10,0,1.94133,0,0
1746,stage_arrival,0,VLAN4012,3,terminal,3,1001,2,3,0,1746,10,0,0,1.94133,0
1742,allocate_send_arrival,0,VLAN4012,3,terminal,3,1001,2,3,0,1742,10,0,1.94133,0,0
1747,stage_arrival,0,VLAN4012,3,terminal,3,1001,2,3,0,1747,10,0,0,1.94133,0
1744,allocate_send_arrival,0,VLAN4012,3,terminal,3,1001,2,3,0,1744,10,0,1.94133,0,0
1748,stage_arrival,0,VLAN4012,3,terminal,3,1001,2,3,0,1748,10,0,0,1.94133,0
1749,stage_arrival,0,VLAN4012,3,terminal,3,1001,2,3,0,1749,10,0,0,1.94133,0
1745,allocate_send_arrival,0,VLAN4012,3,terminal,3,1001,2,3,0,1745,10,0,1.94133,0,0
1745,allocate_send_arrival,0,VLAN4012,3,terminal,3,1001,2,3,0,1745,10,0,1.94133,0,0
1750,stage_arrival,0,VLAN4012,3,terminal,3,1001,2,3,0,1750,10,0,0,1.94133,0
1746,allocate_send_arrival,0,VLAN4012,3,terminal,3,1001,2,3,0,1746,10,0,1.94133,0,0
1751,stage_arrival,0,VLAN4012,3,terminal,3,1001,2,3,0,1751,10,0,0,1.94133,0
1748,allocate_send_arrival,0,VLAN4012,3,terminal,3,1001,2,3,0,1748,10,0,1.94133,0,0
1752,stage_arrival,0,VLAN4012,3,terminal,3,1001,2,3,0,1752,10,0,0,1.94133,0
1753,stage_arrival,0,VLAN4012,3,terminal,3,1001,2,3,0,1753,10,0,0,1.94133,0
1749,allocate_send_arrival,0,VLAN4012,3,terminal,3,1001,2,3,0,1749,10,0,1.94133,0,0
1749,allocate_send_arrival,0,VLAN4012,3,terminal,3,1001,2,3,0,1749,10,0,1.94133,0,0
1754,stage_arrival,0,VLAN4012,3,terminal,3,1001,2,3,0,1754,10,0,0,1.94133,0
1750,allocate_send_arrival,0,VLAN4012,3,terminal,3,1001,2,3,0,1750,10,0,1.94133,0,0
1755,stage_arrival,0,VLAN4012,3,terminal,3,1001,2,3,0,1755,10,0,0,1.94133,0
1751,allocate_send_arrival,0,VLAN4012,3,terminal,3,1001,2,3,0,1751,10,0,1.94133,0,0
1756,stage_arrival,0,VLAN4012,3,terminal,3,1001,2,3,0,1756,10,0,0,1.94133,0
1753,allocate_send_arrival,0,VLAN4012,3,terminal,3,1001,2,3,0,1753,10,0,1.94133,0,0
1757,stage_arrival,0,VLAN4012,3,terminal,3,1001,2,3,0,1757,10,0,0,1.94133,0
1754,allocate_send_arrival,0,VLAN4012,3,terminal,3,1001,2,3,0,1754,10,0,1.94133,0,0
1758,stage_arrival,0,VLAN4012,3,terminal,3,1001,2,3,0,1758,10,0,0,1.94133,0
1755,allocate_send_arrival,0,VLAN4012,3,terminal,3,1001,2,3,0,1755,10,0,1.94133,0,0
1759,stage_arrival,0,VLAN4012,3,terminal,3,1001,2,3,0,1759,10,0,0,1.94133,0
1760,stage_arrival,0,VLAN4012,3,terminal,3,1001,2,3,0,1760,10,0,0,1.94133,0
1756,allocate_send_arrival,0,VLAN4012,3,terminal,3,1001,2,3,0,1756,10,0,1.94133,0,0
1756,allocate_send_arrival,0,VLAN4012,3,terminal,3,1001,2,3,0,1756,10,0,1.94133,0,0
1761,stage_arrival,0,VLAN4012,3,terminal,3,1001,2,3,0,1761,10,0,0,1.9671,0
1762,stage_arrival,0,VLAN4012,3,terminal,3,1001,2,3,0,1762,10,0,0,1.9671,0
1758,allocate_send_arrival,0,VLAN4012,3,terminal,3,1001,2,3,0,1758,10,0,1.9671,0,0
1758,allocate_send_arrival,0,VLAN4012,3,terminal,3,1001,2,3,0,1758,10,0,1.9671,0,0
1763,stage_arrival,0,VLAN4012,3,terminal,3,1001,2,3,0,1763,10,0,0,1.9671,0
1760,allocate_send_arrival,0,VLAN4012,3,terminal,3,1001,2,3,0,1760,10,0,1.9671,0,0
1764,stage_arrival,0,VLAN4012,3,terminal,3,1001,2,3,0,1764,10,0,0,1.9671,0
1765,stage_arrival,0,VLAN4012,3,terminal,3,1001,2,3,0,1765,10,0,0,1.9671,0
1761,allocate_send_arrival,0,VLAN4012,3,terminal,3,1001,2,3,0,1761,10,0,1.9671,0,0
1761,allocate_send_arrival,0,VLAN4012,3,terminal,3,1001,2,3,0,1761,10,0,1.9671,0,0
1766,stage_arrival,0,VLAN4012,3,terminal,3,1001,2,3,0,1766,10,0,0,1.9671,0
1763,allocate_send_arrival,0,VLAN4012,3,terminal,3,1001,2,3,0,1763,10,0,1.9671,0,0
1767,stage_arrival,0,VLAN4012,3,terminal,3,1001,2,3,0,1767,10,0,0,1.9671,0
1764,allocate_send_arrival,0,VLAN4012,3,terminal,3,1001,2,3,0,1764,10,0,1.9671,0,0
1768,stage_arrival,0,VLAN4012,3,terminal,3,1001,2,3,0,1768,10,0,0,1.9671,0
1769,stage_arrival,0,VLAN4012,3,terminal,3,1001,2,3,0,1769,10,0,0,1.9671,0
1765,allocate_send_arrival,0,VLAN4012,3,terminal,3,1001,2,3,0,1765,10,0,1.9671,0,0
1765,allocate_send_arrival,0,VLAN4012,3,terminal,3,1001,2,3,0,1765,10,0,1.9671,0,0
1770,stage_arrival,0,VLAN4012,3,terminal,3,1001,2,3,0,1770,10,0,0,1.9671,0
1766,allocate_send_arrival,0,VLAN4012,3,terminal,3,1001,2,3,0,1766,10,0,1.9671,0,0
1771,stage_arrival,0,VLAN4012,3,terminal,3,1001,2,3,0,1771,10,0,0,1.9671,0
1768,allocate_send_arrival,0,VLAN4012,3,terminal,3,1001,2,3,0,1768,10,0,1.9671,0,0
1772,stage_arrival,0,VLAN4012,3,terminal,3,1001,2,3,0,1772,10,0,0,1.9671,0
1769,allocate_send_arrival,0,VLAN4012,3,terminal,3,1001,2,3,0,1769,10,0,1.9671,0,0
1773,stage_arrival,0,VLAN4012,3,terminal,3,1001,2,3,0,1773,10,0,0,1.9671,0
1774,stage_arrival,0,VLAN4012,3,terminal,3,1001,2,3,0,1774,10,0,0,1.9671,0
1770,allocate_send_arrival,0,VLAN4012,3,terminal,3,1001,2,3,0,1770,10,0,1.9671,0,0
1770,allocate_send_arrival,0,VLAN4012,3,terminal,3,1001,2,3,0,1770,10,0,1.9671,0,0
1775,stage_arrival,0,VLAN4012,3,terminal,3,1001,2,3,0,1775,10,0,0,1.9671,0
1771,allocate_send_arrival,0,VLAN4012,3,terminal,3,1001,2,3,0,1771,10,0,1.9671,0,0
1776,stage_arrival,0,VLAN4012,3,terminal,3,1001,2,3,0,1776,10,0,0,1.9671,0
1772,allocate_send_arrival,0,VLAN4012,3,terminal,3,1001,2,3,0,1772,10,0,1.9671,0,0
1777,stage_arrival,0,VLAN4012,3,terminal,3,1001,2,3,0,1777,10,0,0,1.9671,0
1773,allocate_send_arrival,0,VLAN4012,3,terminal,3,1001,2,3,0,1773,10,0,1.9671,0,0
1778,stage_arrival,0,VLAN4012,3,terminal,3,1001,2,3,0,1778,10,0,0,1.9671,0
1775,allocate_send_arrival,0,VLAN4012,3,terminal,3,1001,2,3,0,1775,10,0,1.9671,0,0
1779,stage_arrival,0,VLAN4012,3,terminal,3,1001,2,3,0,1779,10,0,0,1.9671,0
1780,stage_arrival,0,VLAN4012,3,terminal,3,1001,2,3,0,1780,10,0,0,1.9671,0
1776,allocate_send_arrival,0,VLAN4012,3,terminal,3,1001,2,3,0,1776,10,0,1.9671,0,0
1776,allocate_send_arrival,0,VLAN4012,3,terminal,3,1001,2,3,0,1776,10,0,1.9671,0,0
1781,stage_arrival,0,VLAN4012,3,terminal,3,1001,2,3,0,1781,10,0,0,1.93274,0
1782,stage_arrival,0,VLAN4012,3,terminal,3,1001,2,3,0,1782,10,0,0,1.93274,0
1778,allocate_send_arrival,0,VLAN4012,3,terminal,3,1001,2,3,0,1778,10,0,1.93274,0,0
1778,allocate_send_arrival,0,VLAN4012,3,terminal,3,1001,2,3,0,1778,10,0,1.93274,0,0
1783,stage_arrival,0,VLAN4012,3,terminal,3,1001,2,3,0,1783,10,0,0,1.93274,0
1780,allocate_send_arrival,0,VLAN4012,3,terminal,3,1001,2,3,0,1780,10,0,1.93274,0,0
1784,stage_arrival,0,VLAN4012,3,terminal,3,1001,2,3,0,1784,10,0,0,1.93274,0
1785,stage_arrival,0,VLAN4012,3,terminal,3,1001,2,3,0,1785,10,0,0,1.93274,0
1781,allocate_send_arrival,0,VLAN4012,3,terminal,3,1001,2,3,0,1781,10,0,1.93274,0,0
1781,allocate_send_arrival,0,VLAN4012,3,terminal,3,1001,2,3,0,1781,10,0,1.93274,0,0
1786,stage_arrival,0,VLAN4012,3,terminal,3,1001,2,3,0,1786,10,0,0,1.93274,0
1782,allocate_send_arrival,0,VLAN4012,3,terminal,3,1001,2,3,0,1782,10,0,1.93274,0,0
1787,stage_arrival,0,VLAN4012,3,terminal,3,1001,2,3,0,1787,10,0,0,1.93274,0
1788,stage_arrival,0,VLAN4012,3,terminal,3,1001,2,3,0,1788,10,0,0,1.93274,0
1784,allocate_send_arrival,0,VLAN4012,3,terminal,3,1001,2,3,0,1784,10,0,1.93274,0,0
1784,allocate_send_arrival,0,VLAN4012,3,terminal,3,1001,2,3,0,1784,10,0,1.93274,0,0
1789,stage_arrival,0,VLAN4012,3,terminal,3,1001,2,3,0,1789,10,0,0,1.93274,0
1785,allocate_send_arrival,0,VLAN4012,3,terminal,3,1001,2,3,0,1785,10,0,1.93274,0,0
1790,stage_arrival,0,VLAN4012,3,terminal,3,1001,2,3,0,1790,10,0,0,1.93274,0
1786,allocate_send_arrival,0,VLAN4012,3,terminal,3,1001,2,3,0,1786,10,0,1.93274,0,0
1791,stage_arrival,0,VLAN4012,3,terminal,3,1001,2,3,0,1791,10,0,0,1.94992,0
1787,allocate_send_arrival,0,VLAN4012,3,terminal,3,1001,2,3,0,1787,10,0,1.94992,0,0
1792,stage_arrival,0,VLAN4012,3,terminal,3,1001,2,3,0,1792,10,0,0,1.94992,0
1788,allocate_send_arrival,0,VLAN4012,3,terminal,3,1001,2,3,0,1788,10,0,1.94992,0,0
1793,stage_arrival,0,VLAN4012,3,terminal,3,1001,2,3,0,1793,10,0,0,1.94992,0
1789,allocate_send_arrival,0,VLAN4012,3,terminal,3,1001,2,3,0,1789,10,0,1.94992,0,0
1794,stage_arrival,0,VLAN4012,3,terminal,3,1001,2,3,0,1794,10,0,0,1.94992,0
1795,stage_arrival,0,VLAN4012,3,terminal,3,1001,2,3,0,1795,10,0,0,1.94992,0
1791,allocate_send_arrival,0,VLAN4012,3,terminal,3,1001,2,3,0,1791,10,0,1.94992,0,0
1791,allocate_send_arrival,0,VLAN4012,3,terminal,3,1001,2,3,0,1791,10,0,1.94992,0,0
1796,stage_arrival,0,VLAN4012,3,terminal,3,1001,2,3,0,1796,10,0,0,1.94992,0
1792,allocate_send_arrival,0,VLAN4012,3,terminal,3,1001,2,3,0,1792,10,0,1.94992,0,0
1797,stage_arrival,0,VLAN4012,3,terminal,3,1001,2,3,0,1797,10,0,0,1.94992,0
1793,allocate_send_arrival,0,VLAN4012,3,terminal,3,1001,2,3,0,1793,10,0,1.94992,0,0
1798,stage_arrival,0,VLAN4012,3,terminal,3,1001,2,3,0,1798,10,0,0,1.94992,0
1795,allocate_send_arrival,0,VLAN4012,3,terminal,3,1001,2,3,0,1795,10,0,1.94992,0,0
1799,stage_arrival,0,VLAN4012,3,terminal,3,1001,2,3,0,1799,10,0,0,1.94992,0
1800,stage_arrival,0,VLAN4012,3,terminal,3,1001,2,3,0,1800,10,0,0,1.94992,0
1796,allocate_send_arrival,0,VLAN4012,3,terminal,3,1001,2,3,0,1796,10,0,1.94992,0,0
1796,allocate_send_arrival,0,VLAN4012,3,terminal,3,1001,2,3,0,1796,10,0,1.94992,0,0
1801,stage_arrival,0,VLAN4012,3,terminal,3,1001,2,3,0,1801,10,0,0,1.94992,0
1797,allocate_send_arrival,0,VLAN4012,3,terminal,3,1001,2,3,0,1797,10,0,1.94992,0,0
1802,stage_arrival,0,VLAN4012,3,terminal,3,1001,2,3,0,1802,10,0,0,1.94992,0
1803,stage_arrival,0,VLAN4012,3,terminal,3,1001,2,3,0,1803,10,0,0,1.94992,0
1799,allocate_send_arrival,0,VLAN4012,3,terminal,3,1001,2,3,0,1799,10,0,1.94992,0,0
1799,allocate_send_arrival,0,VLAN4012,3,terminal,3,1001,2,3,0,1799,10,0,1.94992,0,0
1804,stage_arrival,0,VLAN4012,3,terminal,3,1001,2,3,0,1804,10,0,0,1.94992,0
1805,stage_arrival,0,VLAN4012,3,terminal,3,1001,2,3,0,1805,10,0,0,1.94992,0
1801,allocate_send_arrival,0,VLAN4012,3,terminal,3,1001,2,3,0,1801,10,0,1.94992,0,0
1801,allocate_send_arrival,0,VLAN4012,3,terminal,3,1001,2,3,0,1801,10,0,1.94992,0,0
1806,stage_arrival,0,VLAN4012,3,terminal,3,1001,2,3,0,1806,10,0,0,1.94992,0
1802,allocate_send_arrival,0,VLAN4012,3,terminal,3,1001,2,3,0,1802,10,0,1.94992,0,0
1807,stage_arrival,0,VLAN4012,3,terminal,3,1001,2,3,0,1807,10,0,0,1.94992,0
1804,allocate_send_arrival,0,VLAN4012,3,terminal,3,1001,2,3,0,1804,10,0,1.94992,0,0
1808,stage_arrival,0,VLAN4012,3,terminal,3,1001,2,3,0,1808,10,0,0,1.94992,0
1809,stage_arrival,0,VLAN4012,3,terminal,3,1001,2,3,0,1809,10,0,0,1.94992,0
1805,allocate_send_arrival,0,VLAN4012,3,terminal,3,1001,2,3,0,1805,10,0,1.94992,0,0
1805,allocate_send_arrival,0,VLAN4012,3,terminal,3,1001,2,3,0,1805,10,0,1.94992,0,0
1810,stage_arrival,0,VLAN4012,3,terminal,3,1001,2,3,0,1810,10,0,0,1.94992,0
1806,allocate_send_arrival,0,VLAN4012,3,terminal,3,1001,2,3,0,1806,10,0,1.94992,0,0
1811,stage_arrival,0,VLAN4012,3,terminal,3,1001,2,3,0,1811,10,0,0,1.9671,0
1807,allocate_send_arrival,0,VLAN4012,3,terminal,3,1001,2,3,0,1807,10,0,1.9671,0,0
1812,stage_arrival,0,VLAN4012,3,terminal,3,1001,2,3,0,1812,10,0,0,1.9671,0
1813,stage_arrival,0,VLAN4012,3,terminal,3,1001,2,3,0,1813,10,0,0,1.9671,0
1809,allocate_send_arrival,0,VLAN4012,3,terminal,3,1001,2,3,0,1809,10,0,1.9671,0,0
1809,allocate_send_arrival,0,VLAN4012,3,terminal,3,1001,2,3,0,1809,10,0,1.9671,0,0
1814,stage_arrival,0,VLAN4012,3,terminal,3,1001,2,3,0,1814,10,0,0,1.9671,0
1815,stage_arrival,0,VLAN4012,3,terminal,3,1001,2,3,0,1815,10,0,0,1.9671,0
1811,allocate_send_arrival,0,VLAN4012,3,terminal,3,1001,2,3,0,1811,10,0,1.9671,0,0
1811,allocate_send_arrival,0,VLAN4012,3,terminal,3,1001,2,3,0,1811,10,0,1.9671,0,0
1816,stage_arrival,0,VLAN4012,3,terminal,3,1001,2,3,0,1816,10,0,0,1.9671,0
1817,stage_arrival,0,VLAN4012,3,terminal,3,1001,2,3,0,1817,10,0,0,1.9671,0
1813,allocate_send_arrival,0,VLAN4012,3,terminal,3,1001,2,3,0,1813,10,0,1.9671,0,0
1813,allocate_send_arrival,0,VLAN4012,3,terminal,3,1001,2,3,0,1813,10,0,1.9671,0,0
1818,stage_arrival,0,VLAN4012,3,terminal,3,1001,2,3,0,1818,10,0,0,1.9671,0
1819,stage_arrival,0,VLAN4012,3,terminal,3,1001,2,3,0,1819,10,0,0,1.9671,0
1815,allocate_send_arrival,0,VLAN4012,3,terminal,3,1001,2,3,0,1815,10,0,1.9671,0,0
1815,allocate_send_arrival,0,VLAN4012,3,terminal,3,1001,2,3,0,1815,10,0,1.9671,0,0
1820,stage_arrival,0,VLAN4012,3,terminal,3,1001,2,3,0,1820,10,0,0,1.9671,0
1816,allocate_send_arrival,0,VLAN4012,3,terminal,3,1001,2,3,0,1816,10,0,1.9671,0,0
1821,stage_arrival,0,VLAN4012,3,terminal,3,1001,2,3,0,1821,10,0,0,1.93274,0
1818,allocate_send_arrival,0,VLAN4012,3,terminal,3,1001,2,3,0,1818,10,0,1.93274,0,0
1822,stage_arrival,0,VLAN4012,3,terminal,3,1001,2,3,0,1822,10,0,0,1.93274,0
1819,allocate_send_arrival,0,VLAN4012,3,terminal,3,1001,2,3,0,1819,10,0,1.93274,0,0
1823,stage_arrival,0,VLAN4012,3,terminal,3,1001,2,3,0,1823,10,0,0,1.93274,0
1820,allocate_send_arrival,0,VLAN4012,3,terminal,3,1001,2,3,0,1820,10,0,1.93274,0,0
1824,stage_arrival,0,VLAN4012,3,terminal,3,1001,2,3,0,1824,10,0,0,1.93274,0
1825,stage_arrival,0,VLAN4012,3,terminal,3,1001,2,3,0,1825,10,0,0,1.93274,0
1821,allocate_send_arrival,0,VLAN4012,3,terminal,3,1001,2,3,0,1821,10,0,1.93274,0,0
1821,allocate_send_arrival,0,VLAN4012,3,terminal,3,1001,2,3,0,1821,10,0,1.93274,0,0
1826,stage_arrival,0,VLAN4012,3,terminal,3,1001,2,3,0,1826,10,0,0,1.93274,0
1823,allocate_send_arrival,0,VLAN4012,3,terminal,3,1001,2,3,0,1823,10,0,1.93274,0,0
1827,stage_arrival,0,VLAN4012,3,terminal,3,1001,2,3,0,1827,10,0,0,1.93274,0
1828,stage_arrival,0,VLAN4012,3,terminal,3,1001,2,3,0,1828,10,0,0,1.93274,0
1824,allocate_send_arrival,0,VLAN4012,3,terminal,3,1001,2,3,0,1824,10,0,1.93274,0,0
1824,allocate_send_arrival,0,VLAN4012,3,terminal,3,1001,2,3,0,1824,10,0,1.93274,0,0
1829,stage_arrival,0,VLAN4012,3,terminal,3,1001,2,3,0,1829,10,0,0,1.93274,0
1825,allocate_send_arrival,0,VLAN4012,3,terminal,3,1001,2,3,0,1825,10,0,1.93274,0,0
1830,stage_arrival,0,VLAN4012,3,terminal,3,1001,2,3,0,1830,10,0,0,1.93274,0
1826,allocate_send_arrival,0,VLAN4012,3,terminal,3,1001,2,3,0,1826,10,0,1.93274,0,0
1831,stage_arrival,0,VLAN4012,3,terminal,3,1001,2,3,0,1831,10,0,0,1.94133,0
1832,stage_arrival,0,VLAN4012,3,terminal,3,1001,2,3,0,1832,10,0,0,1.94133,0
1828,allocate_send_arrival,0,VLAN4012,3,terminal,3,1001,2,3,0,1828,10,0,1.94133,0,0
1828,allocate_send_arrival,0,VLAN4012,3,terminal,3,1001,2,3,0,1828,10,0,1.94133,0,0
1833,stage_arrival,0,VLAN4012,3,terminal,3,1001,2,3,0,1833,10,0,0,1.94133,0
1830,allocate_send_arrival,0,VLAN4012,3,terminal,3,1001,2,3,0,1830,10,0,1.94133,0,0
1834,stage_arrival,0,VLAN4012,3,terminal,3,1001,2,3,0,1834,10,0,0,1.94133,0
1835,stage_arrival,0,VLAN4012,3,terminal,3,1001,2,3,0,1835,10,0,0,1.94133,0
1831,allocate_send_arrival,0,VLAN4012,3,terminal,3,1001,2,3,0,1831,10,0,1.94133,0,0
1831,allocate_send_arrival,0,VLAN4012,3,terminal,3,1001,2,3,0,1831,10,0,1.94133,0,0
1836,stage_arrival,0,VLAN4012,3,terminal,3,1001,2,3,0,1836,10,0,0,1.94133,0
1833,allocate_send_arrival,0,VLAN4012,3,terminal,3,1001,2,3,0,1833,10,0,1.94133,0,0
1837,stage_arrival,0,VLAN4012,3,terminal,3,1001,2,3,0,1837,10,0,0,1.94133,0
1838,stage_arrival,0,VLAN4012,3,terminal,3,1001,2,3,0,1838,10,0,0,1.94133,0
1834,allocate_send_arrival,0,VLAN4012,3,terminal,3,1001,2,3,0,1834,10,0,1.94133,0,0
1834,allocate_send_arrival,0,VLAN4012,3,terminal,3,1001,2,3,0,1834,10,0,1.94133,0,0
1839,stage_arrival,0,VLAN4012,3,terminal,3,1001,2,3,0,1839,10,0,0,1.94133,0
1840,stage_arrival,0,VLAN4012,3,terminal,3,1001,2,3,0,1840,10,0,0,1.94133,0
1836,allocate_send_arrival,0,VLAN4012,3,terminal,3,1001,2,3,0,1836,10,0,1.94133,0,0
1836,allocate_send_arrival,0,VLAN4012,3,terminal,3,1001,2,3,0,1836,10,0,1.94133,0,0
1841,stage_arrival,0,VLAN4012,3,terminal,3,1001,2,3,0,1841,10,0,0,1.98427,0
1838,allocate_send_arrival,0,VLAN4012,3,terminal,3,1001,2,3,0,1838,10,0,1.98427,0,0
1842,stage_arrival,0,VLAN4012,3,terminal,3,1001,2,3,0,1842,10,0,0,1.98427,0
1843,stage_arrival,0,VLAN4012,3,terminal,3,1001,2,3,0,1843,10,0,0,1.98427,0
1839,allocate_send_arrival,0,VLAN4012,3,terminal,3,1001,2,3,0,1839,10,0,1.98427,0,0
1839,allocate_send_arrival,0,VLAN4012,3,terminal,3,1001,2,3,0,1839,10,0,1.98427,0,0
1844,stage_arrival,0,VLAN4012,3,terminal,3,1001,2,3,0,1844,10,0,0,1.98427,0
1840,allocate_send_arrival,0,VLAN4012,3,terminal,3,1001,2,3,0,1840,10,0,1.98427,0,0
1845,stage_arrival,0,VLAN4012,3,terminal,3,1001,2,3,0,1845,10,0,0,1.98427,0
1841,allocate_send_arrival,0,VLAN4012,3,terminal,3,1001,2,3,0,1841,10,0,1.98427,0,0
1846,stage_arrival,0,VLAN4012,3,terminal,3,1001,2,3,0,1846,10,0,0,1.98427,0
1847,stage_arrival,0,VLAN4012,3,terminal,3,1001,2,3,0,1847,10,0,0,1.98427,0
1843,allocate_send_arrival,0,VLAN4012,3,terminal,3,1001,2,3,0,1843,10,0,1.98427,0,0
1843,allocate_send_arrival,0,VLAN4012,3,terminal,3,1001,2,3,0,1843,10,0,1.98427,0,0
1848,stage_arrival,0,VLAN4012,3,terminal,3,1001,2,3,0,1848,10,0,0,1.98427,0
1844,allocate_send_arrival,0,VLAN4012,3,terminal,3,1001,2,3,0,1844,10,0,1.98427,0,0
1849,stage_arrival,0,VLAN4012,3,terminal,3,1001,2,3,0,1849,10,0,0,1.98427,0
1845,allocate_send_arrival,0,VLAN4012,3,terminal,3,1001,2,3,0,1845,10,0,1.98427,0,0
1850,stage_arrival,0,VLAN4012,3,terminal,3,1001,2,3,0,1850,10,0,0,1.98427,0
1846,allocate_send_arrival,0,VLAN4012,3,terminal,3,1001,2,3,0,1846,10,0,1.98427,0,0
1851,stage_arrival,0,VLAN4012,3,terminal,3,1001,2,3,0,1851,10,0,0,1.97568,0
1852,stage_arrival,0,VLAN4012,3,terminal,3,1001,2,3,0,1852,10,0,0,1.97568,0
1848,allocate_send_arrival,0,VLAN4012,3,terminal,3,1001,2,3,0,1848,10,0,1.97568,0,0
1848,allocate_send_arrival,0,VLAN4012,3,terminal,3,1001,2,3,0,1848,10,0,1.97568,0,0
1853,stage_arrival,0,VLAN4012,3,terminal,3,1001,2,3,0,1853,10,0,0,1.97568,0
1849,allocate_send_arrival,0,VLAN4012,3,terminal,3,1001,2,3,0,1849,10,0,1.97568,0,0
1854,stage_arrival,0,VLAN4012,3,terminal,3,1001,2,3,0,1854,10,0,0,1.97568,0
1855,stage_arrival,0,VLAN4012,3,terminal,3,1001,2,3,0,1855,10,0,0,1.97568,0
1851,allocate_send_arrival,0,VLAN4012,3,terminal,3,1001,2,3,0,1851,10,0,1.97568,0,0
1851,allocate_send_arrival,0,VLAN4012,3,terminal,3,1001,2,3,0,1851,10,0,1.97568,0,0
1856,stage_arrival,0,VLAN4012,3,terminal,3,1001,2,3,0,1856,10,0,0,1.97568,0
1852,allocate_send_arrival,0,VLAN4012,3,terminal,3,1001,2,3,0,1852,10,0,1.97568,0,0
1857,stage_arrival,0,VLAN4012,3,terminal,3,1001,2,3,0,1857,10,0,0,1.97568,0
1854,allocate_send_arrival,0,VLAN4012,3,terminal,3,1001,2,3,0,1854,10,0,1.97568,0,0
1858,stage_arrival,0,VLAN4012,3,terminal,3,1001,2,3,0,1858,10,0,0,1.97568,0
1859,stage_arrival,0,VLAN4012,3,terminal,3,1001,2,3,0,1859,10,0,0,1.97568,0
1855,allocate_send_arrival,0,VLAN4012,3,terminal,3,1001,2,3,0,1855,10,0,1.97568,0,0
1855,allocate_send_arrival,0,VLAN4012,3,terminal,3,1001,2,3,0,1855,10,0,1.97568,0,0
1860,stage_arrival,0,VLAN4012,3,terminal,3,1001,2,3,0,1860,10,0,0,1.97568,0
1856,allocate_send_arrival,0,VLAN4012,3,terminal,3,1001,2,3,0,1856,10,0,1.97568,0,0
1861,stage_arrival,0,VLAN4012,3,terminal,3,1001,2,3,0,1861,10,0,0,1.99286,0
1858,allocate_send_arrival,0,VLAN4012,3,terminal,3,1001,2,3,0,1858,10,0,1.99286,0,0
1862,stage_arrival,0,VLAN4012,3,terminal,3,1001,2,3,0,1862,10,0,0,1.99286,0
1863,stage_arrival,0,VLAN4012,3,terminal,3,1001,2,3,0,1863,10,0,0,1.99286,0
1859,allocate_send_arrival,0,VLAN4012,3,terminal,3,1001,2,3,0,1859,10,0,1.99286,0,0
1859,allocate_send_arrival,0,VLAN4012,3,terminal,3,1001,2,3,0,1859,10,0,1.99286,0,0
1864,stage_arrival,0,VLAN4012,3,terminal,3,1001,2,3,0,1864,10,0,0,1.99286,0
1865,stage_arrival,0,VLAN4012,3,terminal,3,1001,2,3,0,1865,10,0,0,1.99286,0
1861,allocate_send_arrival,0,VLAN4012,3,terminal,3,1001,2,3,0,1861,10,0,1.99286,0,0
1861,allocate_send_arrival,0,VLAN4012,3,terminal,3,1001,2,3,0,1861,10,0,1.99286,0,0
1866,stage_arrival,0,VLAN4012,3,terminal,3,1001,2,3,0,1866,10,0,0,1.99286,0
1863,allocate_send_arrival,0,VLAN4012,3,terminal,3,1001,2,3,0,1863,10,0,1.99286,0,0
1867,stage_arrival,0,VLAN4012,3,terminal,3,1001,2,3,0,1867,10,0,0,1.99286,0
1864,allocate_send_arrival,0,VLAN4012,3,terminal,3,1001,2,3,0,1864,10,0,1.99286,0,0
1868,stage_arrival,0,VLAN4012,3,terminal,3,1001,2,3,0,1868,10,0,0,1.99286,0
1865,allocate_send_arrival,0,VLAN4012,3,terminal,3,1001,2,3,0,1865,10,0,1.99286,0,0
1869,stage_arrival,0,VLAN4012,3,terminal,3,1001,2,3,0,1869,10,0,0,1.99286,0
1870,stage_arrival,0,VLAN4012,3,terminal,3,1001,2,3,0,1870,10,0,0,1.99286,0
1866,allocate_send_arrival,0,VLAN4012,3,terminal,3,1001,2,3,0,1866,10,0,1.99286,0,0
1866,allocate_send_arrival,0,VLAN4012,3,terminal,3,1001,2,3,0,1866,10,0,1.99286,0,0
1871,stage_arrival,0,VLAN4012,3,terminal,3,1001,2,3,0,1871,10,0,0,1.98427,0
1872,stage_arrival,0,VLAN4012,3,terminal,3,1001,2,3,0,1872,10,0,0,1.98427,0
1868,allocate_send_arrival,0,VLAN4012,3,terminal,3,1001,2,3,0,1868,10,0,1.98427,0,0
1868,allocate_send_arrival,0,VLAN4012,3,terminal,3,1001,2,3,0,1868,10,0,1.98427,0,0
1873,stage_arrival,0,VLAN4012,3,terminal,3,1001,2,3,0,1873,10,0,0,1.98427,0
1874,stage_arrival,0,VLAN4012,3,terminal,3,1001,2,3,0,1874,10,0,0,1.98427,0
1870,allocate_send_arrival,0,VLAN4012,3,terminal,3,1001,2,3,0,1870,10,0,1.98427,0,0
1870,allocate_send_arrival,0,VLAN4012,3,terminal,3,1001,2,3,0,1870,10,0,1.98427,0,0
1875,stage_arrival,0,VLAN4012,3,terminal,3,1001,2,3,0,1875,10,0,0,1.98427,0
1871,allocate_send_arrival,0,VLAN4012,3,terminal,3,1001,2,3,0,1871,10,0,1.98427,0,0
1876,stage_arrival,0,VLAN4012,3,terminal,3,1001,2,3,0,1876,10,0,0,1.98427,0
1872,allocate_send_arrival,0,VLAN4012,3,terminal,3,1001,2,3,0,1872,10,0,1.98427,0,0
1877,stage_arrival,0,VLAN4012,3,terminal,3,1001,2,3,0,1877,10,0,0,1.98427,0
1873,allocate_send_arrival,0,VLAN4012,3,terminal,3,1001,2,3,0,1873,10,0,1.98427,0,0
1878,stage_arrival,0,VLAN4012,3,terminal,3,1001,2,3,0,1878,10,0,0,1.98427,0
1874,allocate_send_arrival,0,VLAN4012,3,terminal,3,1001,2,3,0,1874,10,0,1.98427,0,0
1879,stage_arrival,0,VLAN4012,3,terminal,3,1001,2,3,0,1879,10,0,0,1.98427,0
1880,stage_arrival,0,VLAN4012,3,terminal,3,1001,2,3,0,1880,10,0,0,1.98427,0
1876,allocate_send_arrival,0,VLAN4012,3,terminal,3,1001,2,3,0,1876,10,0,1.98427,0,0
1876,allocate_send_arrival,0,VLAN4012,3,terminal,3,1001,2,3,0,1876,10,0,1.98427,0,0
1881,stage_arrival,0,VLAN4012,3,terminal,3,1001,2,3,0,1881,10,0,0,1.9671,0
1877,allocate_send_arrival,0,VLAN4012,3,terminal,3,1001,2,3,0,1877,10,0,1.9671,0,0
1882,stage_arrival,0,VLAN4012,3,terminal,3,1001,2,3,0,1882,10,0,0,1.9671,0
1883,stage_arrival,0,VLAN4012,3,terminal,3,1001,2,3,0,1883,10,0,0,1.9671,0
1879,allocate_send_arrival,0,VLAN4012,3,terminal,3,1001,2,3,0,1879,10,0,1.9671,0,0
1879,allocate_send_arrival,0,VLAN4012,3,terminal,3,1001,2,3,0,1879,10,0,1.9671,0,0
1884,stage_arrival,0,VLAN4012,3,terminal,3,1001,2,3,0,1884,10,0,0,1.9671,0
1885,stage_arrival,0,VLAN4012,3,terminal,3,1001,2,3,0,1885,10,0,0,1.9671,0
1881,allocate_send_arrival,0,VLAN4012,3,terminal,3,1001,2,3,0,1881,10,0,1.9671,0,0
1881,allocate_send_arrival,0,VLAN4012,3,terminal,3,1001,2,3,0,1881,10,0,1.9671,0,0
1886,stage_arrival,0,VLAN4012,3,terminal,3,1001,2,3,0,1886,10,0,0,1.9671,0
1887,stage_arrival,0,VLAN4012,3,terminal,3,1001,2,3,0,1887,10,0,0,1.9671,0
1883,allocate_send_arrival,0,VLAN4012,3,terminal,3,1001,2,3,0,1883,10,0,1.9671,0,0
1883,allocate_send_arrival,0,VLAN4012,3,terminal,3,1001,2,3,0,1883,10,0,1.9671,0,0
1888,stage_arrival,0,VLAN4012,3,terminal,3,1001,2,3,0,1888,10,0,0,1.9671,0
1889,stage_arrival,0,VLAN4012,3,terminal,3,1001,2,3,0,1889,10,0,0,1.9671,0
1885,allocate_send_arrival,0,VLAN4012,3,terminal,3,1001,2,3,0,1885,10,0,1.9671,0,0
1885,allocate_send_arrival,0,VLAN4012,3,terminal,3,1001,2,3,0,1885,10,0,1.9671,0,0
1890,stage_arrival,0,VLAN4012,3,terminal,3,1001,2,3,0,1890,10,0,0,1.9671,0
1886,allocate_send_arrival,0,VLAN4012,3,terminal,3,1001,2,3,0,1886,10,0,1.9671,0,0
1891,stage_arrival,0,VLAN4012,3,terminal,3,1001,2,3,0,1891,10,0,0,1.95851,0
1887,allocate_send_arrival,0,VLAN4012,3,terminal,3,1001,2,3,0,1887,10,0,1.95851,0,0
1892,stage_arrival,0,VLAN4012,3,terminal,3,1001,2,3,0,1892,10,0,0,1.95851,0
1888,allocate_send_arrival,0,VLAN4012,3,terminal,3,1001,2,3,0,1888,10,0,1.95851,0,0
1893,stage_arrival,0,VLAN4012,3,terminal,3,1001,2,3,0,1893,10,0,0,1.95851,0
1894,stage_arrival,0,VLAN4012,3,terminal,3,1001,2,3,0,1894,10,0,0,1.95851,0
1890,allocate_send_arrival,0,VLAN4012,3,terminal,3,1001,2,3,0,1890,10,0,1.95851,0,0
1890,allocate_send_arrival,0,VLAN4012,3,terminal,3,1001,2,3,0,1890,10,0,1.95851,0,0
1895,stage_arrival,0,VLAN4012,3,terminal,3,1001,2,3,0,1895,10,0,0,1.95851,0
1891,allocate_send_arrival,0,VLAN4012,3,terminal,3,1001,2,3,0,1891,10,0,1.95851,0,0
1896,stage_arrival,0,VLAN4012,3,terminal,3,1001,2,3,0,1896,10,0,0,1.95851,0
1892,allocate_send_arrival,0,VLAN4012,3,terminal,3,1001,2,3,0,1892,10,0,1.95851,0,0
1897,stage_arrival,0,VLAN4012,3,terminal,3,1001,2,3,0,1897,10,0,0,1.95851,0
1898,stage_arrival,0,VLAN4012,3,terminal,3,1001,2,3,0,1898,10,0,0,1.95851,0
1894,allocate_send_arrival,0,VLAN4012,3,terminal,3,1001,2,3,0,1894,10,0,1.95851,0,0
1894,allocate_send_arrival,0,VLAN4012,3,terminal,3,1001,2,3,0,1894,10,0,1.95851,0,0
1899,stage_arrival,0,VLAN4012,3,terminal,3,1001,2,3,0,1899,10,0,0,1.95851,0
1895,allocate_send_arrival,0,VLAN4012,3,terminal,3,1001,2,3,0,1895,10,0,1.95851,0,0
1900,stage_arrival,0,VLAN4012,3,terminal,3,1001,2,3,0,1900,10,0,0,1.95851,0
1896,allocate_send_arrival,0,VLAN4012,3,terminal,3,1001,2,3,0,1896,10,0,1.95851,0,0
1901,stage_arrival,0,VLAN4012,3,terminal,3,1001,2,3,0,1901,10,0,0,1.9671,0
1902,stage_arrival,0,VLAN4012,3,terminal,3,1001,2,3,0,1902,10,0,0,1.9671,0
1898,allocate_send_arrival,0,VLAN4012,3,terminal,3,1001,2,3,0,1898,10,0,1.9671,0,0
1898,allocate_send_arrival,0,VLAN4012,3,terminal,3,1001,2,3,0,1898,10,0,1.9671,0,0
1903,stage_arrival,0,VLAN4012,3,terminal,3,1001,2,3,0,1903,10,0,0,1.9671,0
1899,allocate_send_arrival,0,VLAN4012,3,terminal,3,1001,2,3,0,1899,10,0,1.9671,0,0
1904,stage_arrival,0,VLAN4012,3,terminal,3,1001,2,3,0,1904,10,0,0,1.9671,0
1905,stage_arrival,0,VLAN4012,3,terminal,3,1001,2,3,0,1905,10,0,0,1.9671,0
1901,allocate_send_arrival,0,VLAN4012,3,terminal,3,1001,2,3,0,1901,10,0,1.9671,0,0
1901,allocate_send_arrival,0,VLAN4012,3,terminal,3,1001,2,3,0,1901,10,0,1.9671,0,0
1906,stage_arrival,0,VLAN4012,3,terminal,3,1001,2,3,0,1906,10,0,0,1.9671,0
1902,allocate_send_arrival,0,VLAN4012,3,terminal,3,1001,2,3,0,1902,10,0,1.9671,0,0
1907,stage_arrival,0,VLAN4012,3,terminal,3,1001,2,3,0,1907,10,0,0,1.9671,0
1904,allocate_send_arrival,0,VLAN4012,3,terminal,3,1001,2,3,0,1904,10,0,1.9671,0,0
1908,stage_arrival,0,VLAN4012,3,terminal,3,1001,2,3,0,1908,10,0,0,1.9671,0
1905,allocate_send_arrival,0,VLAN4012,3,terminal,3,1001,2,3,0,1905,10,0,1.9671,0,0
1909,stage_arrival,0,VLAN4012,3,terminal,3,1001,2,3,0,1909,10,0,0,1.9671,0
1910,stage_arrival,0,VLAN4012,3,terminal,3,1001,2,3,0,1910,10,0,0,1.9671,0
1906,allocate_send_arrival,0,VLAN4012,3,terminal,3,1001,2,3,0,1906,10,0,1.9671,0,0
1906,allocate_send_arrival,0,VLAN4012,3,terminal,3,1001,2,3,0,1906,10,0,1.9671,0,0
1911,stage_arrival,0,VLAN4012,3,terminal,3,1001,2,3,0,1911,10,0,0,1.94992,0
1912,stage_arrival,0,VLAN4012,3,terminal,3,1001,2,3,0,1912,10,0,0,1.94992,0
1908,allocate_send_arrival,0,VLAN4012,3,terminal,3,1001,2,3,0,1908,10,0,1.94992,0,0
1908,allocate_send_arrival,0,VLAN4012,3,terminal,3,1001,2,3,0,1908,10,0,1.94992,0,0
1913,stage_arrival,0,VLAN4012,3,terminal,3,1001,2,3,0,1913,10,0,0,1.94992,0
1914,stage_arrival,0,VLAN4012,3,terminal,3,1001,2,3,0,1914,10,0,0,1.94992,0
1910,allocate_send_arrival,0,VLAN4012,3,terminal,3,1001,2,3,0,1910,10,0,1.94992,0,0
1910,allocate_send_arrival,0,VLAN4012,3,terminal,3,1001,2,3,0,1910,10,0,1.94992,0,0
1915,stage_arrival,0,VLAN4012,3,terminal,3,1001,2,3,0,1915,10,0,0,1.94992,0
1911,allocate_send_arrival,0,VLAN4012,3,terminal,3,1001,2,3,0,1911,10,0,1.94992,0,0
1916,stage_arrival,0,VLAN4012,3,terminal,3,1001,2,3,0,1916,10,0,0,1.94992,0
1912,allocate_send_arrival,0,VLAN4012,3,terminal,3,1001,2,3,0,1912,10,0,1.94992,0,0
1917,stage_arrival,0,VLAN4012,3,terminal,3,1001,2,3,0,1917,10,0,0,1.94992,0
1914,allocate_send_arrival,0,VLAN4012,3,terminal,3,1001,2,3,0,1914,10,0,1.94992,0,0
1918,stage_arrival,0,VLAN4012,3,terminal,3,1001,2,3,0,1918,10,0,0,1.94992,0
1915,allocate_send_arrival,0,VLAN4012,3,terminal,3,1001,2,3,0,1915,10,0,1.94992,0,0
1919,stage_arrival,0,VLAN4012,3,terminal,3,1001,2,3,0,1919,10,0,0,1.94992,0
1920,stage_arrival,0,VLAN4012,3,terminal,3,1001,2,3,0,1920,10,0,0,1.94992,0
1916,allocate_send_arrival,0,VLAN4012,3,terminal,3,1001,2,3,0,1916,10,0,1.94992,0,0
1916,allocate_send_arrival,0,VLAN4012,3,terminal,3,1001,2,3,0,1916,10,0,1.94992,0,0
1921,stage_arrival,0,VLAN4012,3,terminal,3,1001,2,3,0,1921,10,0,0,1.9671,0
1918,allocate_send_arrival,0,VLAN4012,3,terminal,3,1001,2,3,0,1918,10,0,1.9671,0,0
1922,stage_arrival,0,VLAN4012,3,terminal,3,1001,2,3,0,1922,10,0,0,1.9671,0
1923,stage_arrival,0,VLAN4012,3,terminal,3,1001,2,3,0,1923,10,0,0,1.9671,0
1919,allocate_send_arrival,0,VLAN4012,3,terminal,3,1001,2,3,0,1919,10,0,1.9671,0,0
1919,allocate_send_arrival,0,VLAN4012,3,terminal,3,1001,2,3,0,1919,10,0,1.9671,0,0
1924,stage_arrival,0,VLAN4012,3,terminal,3,1001,2,3,0,1924,10,0,0,1.9671,0
1925,stage_arrival,0,VLAN4012,3,terminal,3,1001,2,3,0,1925,10,0,0,1.9671,0
1921,allocate_send_arrival,0,VLAN4012,3,terminal,3,1001,2,3,0,1921,10,0,1.9671,0,0
1921,allocate_send_arrival,0,VLAN4012,3,terminal,3,1001,2,3,0,1921,10,0,1.9671,0,0
1926,stage_arrival,0,VLAN4012,3,terminal,3,1001,2,3,0,1926,10,0,0,1.9671,0
1923,allocate_send_arrival,0,VLAN4012,3,terminal,3,1001,2,3,0,1923,10,0,1.9671,0,0
1927,stage_arrival,0,VLAN4012,3,terminal,3,1001,2,3,0,1927,10,0,0,1.9671,0
1928,stage_arrival,0,VLAN4012,3,terminal,3,1001,2,3,0,1928,10,0,0,1.9671,0
1924,allocate_send_arrival,0,VLAN4012,3,terminal,3,1001,2,3,0,1924,10,0,1.9671,0,0
1924,allocate_send_arrival,0,VLAN4012,3,terminal,3,1001,2,3,0,1924,10,0,1.9671,0,0
1929,stage_arrival,0,VLAN4012,3,terminal,3,1001,2,3,0,1929,10,0,0,1.9671,0
1930,stage_arrival,0,VLAN4012,3,terminal,3,1001,2,3,0,1930,10,0,0,1.9671,0
1926,allocate_send_arrival,0,VLAN4012,3,terminal,3,1001,2,3,0,1926,10,0,1.9671,0,0
1926,allocate_send_arrival,0,VLAN4012,3,terminal,3,1001,2,3,0,1926,10,0,1.9671,0,0
1931,stage_arrival,0,VLAN4012,3,terminal,3,1001,2,3,0,1931,10,0,0,1.9671,0
1928,allocate_send_arrival,0,VLAN4012,3,terminal,3,1001,2,3,0,1928,10,0,1.9671,0,0
1932,stage_arrival,0,VLAN4012,3,terminal,3,1001,2,3,0,1932,10,0,0,1.9671,0
1933,stage_arrival,0,VLAN4012,3,terminal,3,1001,2,3,0,1933,10,0,0,1.9671,0
1929,allocate_send_arrival,0,VLAN4012,3,terminal,3,1001,2,3,0,1929,10,0,1.9671,0,0
1929,allocate_send_arrival,0,VLAN4012,3,terminal,3,1001,2,3,0,1929,10,0,1.9671,0,0
1934,stage_arrival,0,VLAN4012,3,terminal,3,1001,2,3,0,1934,10,0,0,1.9671,0
1930,allocate_send_arrival,0,VLAN4012,3,terminal,3,1001,2,3,0,1930,10,0,1.9671,0,0
1935,stage_arrival,0,VLAN4012,3,terminal,3,1001,2,3,0,1935,10,0,0,1.9671,0
1931,allocate_send_arrival,0,VLAN4012,3,terminal,3,1001,2,3,0,1931,10,0,1.9671,0,0
1936,stage_arrival,0,VLAN4012,3,terminal,3,1001,2,3,0,1936,10,0,0,1.9671,0
1937,stage_arrival,0,VLAN4012,3,terminal,3,1001,2,3,0,1937,10,0,0,1.9671,0
1933,allocate_send_arrival,0,VLAN4012,3,terminal,3,1001,2,3,0,1933,10,0,1.9671,0,0
1933,allocate_send_arrival,0,VLAN4012,3,terminal,3,1001,2,3,0,1933,10,0,1.9671,0,0
1938,stage_arrival,0,VLAN4012,3,terminal,3,1001,2,3,0,1938,10,0,0,1.9671,0
1934,allocate_send_arrival,0,VLAN4012,3,terminal,3,1001,2,3,0,1934,10,0,1.9671,0,0
1939,stage_arrival,0,VLAN4012,3,terminal,3,1001,2,3,0,1939,10,0,0,1.9671,0
1940,stage_arrival,0,VLAN4012,3,terminal,3,1001,2,3,0,1940,10,0,0,1.9671,0
1936,allocate_send_arrival,0,VLAN4012,3,terminal,3,1001,2,3,0,1936,10,0,1.9671,0,0
1936,allocate_send_arrival,0,VLAN4012,3,terminal,3,1001,2,3,0,1936,10,0,1.9671,0,0
1941,stage_arrival,0,VLAN4012,3,terminal,3,1001,2,3,0,1941,10,0,0,1.9671,0
1937,allocate_send_arrival,0,VLAN4012,3,terminal,3,1001,2,3,0,1937,10,0,1.9671,0,0
1942,stage_arrival,0,VLAN4012,3,terminal,3,1001,2,3,0,1942,10,0,0,1.9671,0
1943,stage_arrival,0,VLAN4012,3,terminal,3,1001,2,3,0,1943,10,0,0,1.9671,0
1939,allocate_send_arrival,0,VLAN4012,3,terminal,3,1001,2,3,0,1939,10,0,1.9671,0,0
1939,allocate_send_arrival,0,VLAN4012,3,terminal,3,1001,2,3,0,1939,10,0,1.9671,0,0
1944,stage_arrival,0,VLAN4012,3,terminal,3,1001,2,3,0,1944,10,0,0,1.9671,0
1940,allocate_send_arrival,0,VLAN4012,3,terminal,3,1001,2,3,0,1940,10,0,1.9671,0,0
1945,stage_arrival,0,VLAN4012,3,terminal,3,1001,2,3,0,1945,10,0,0,1.9671,0
1941,allocate_send_arrival,0,VLAN4012,3,terminal,3,1001,2,3,0,1941,10,0,1.9671,0,0
1946,stage_arrival,0,VLAN4012,3,terminal,3,1001,2,3,0,1946,10,0,0,1.9671,0
1947,stage_arrival,0,VLAN4012,3,terminal,3,1001,2,3,0,1947,10,0,0,1.9671,0
1943,allocate_send_arrival,0,VLAN4012,3,terminal,3,1001,2,3,0,1943,10,0,1.9671,0,0
1943,allocate_send_arrival,0,VLAN4012,3,terminal,3,1001,2,3,0,1943,10,0,1.9671,0,0
1948,stage_arrival,0,VLAN4012,3,terminal,3,1001,2,3,0,1948,10,0,0,1.9671,0
1945,allocate_send_arrival,0,VLAN4012,3,terminal,3,1001,2,3,0,1945,10,0,1.9671,0,0
1949,stage_arrival,0,VLAN4012,3,terminal,3,1001,2,3,0,1949,10,0,0,1.9671,0
1950,stage_arrival,0,VLAN4012,3,terminal,3,1001,2,3,0,1950,10,0,0,1.9671,0
1946,allocate_send_arrival,0,VLAN4012,3,terminal,3,1001,2,3,0,1946,10,0,1.9671,0,0
1946,allocate_send_arrival,0,VLAN4012,3,terminal,3,1001,2,3,0,1946,10,0,1.9671,0,0
1951,stage_arrival,0,VLAN4012,3,terminal,3,1001,2,3,0,1951,10,0,0,1.9671,0
1948,allocate_send_arrival,0,VLAN4012,3,terminal,3,1001,2,3,0,1948,10,0,1.9671,0,0
1952,stage_arrival,0,VLAN4012,3,terminal,3,1001,2,3,0,1952,10,0,0,1.9671,0
1949,allocate_send_arrival,0,VLAN4012,3,terminal,3,1001,2,3,0,1949,10,0,1.9671,0,0
1953,stage_arrival,0,VLAN4012,3,terminal,3,1001,2,3,0,1953,10,0,0,1.9671,0
1954,stage_arrival,0,VLAN4012,3,terminal,3,1001,2,3,0,1954,10,0,0,1.9671,0
1950,allocate_send_arrival,0,VLAN4012,3,terminal,3,1001,2,3,0,1950,10,0,1.9671,0,0
1950,allocate_send_arrival,0,VLAN4012,3,terminal,3,1001,2,3,0,1950,10,0,1.9671,0,0
1955,stage_arrival,0,VLAN4012,3,terminal,3,1001,2,3,0,1955,10,0,0,1.9671,0
1951,allocate_send_arrival,0,VLAN4012,3,terminal,3,1001,2,3,0,1951,10,0,1.9671,0,0
1956,stage_arrival,0,VLAN4012,3,terminal,3,1001,2,3,0,1956,10,0,0,1.9671,0
1952,allocate_send_arrival,0,VLAN4012,3,terminal,3,1001,2,3,0,1952,10,0,1.9671,0,0
1957,stage_arrival,0,VLAN4012,3,terminal,3,1001,2,3,0,1957,10,0,0,1.9671,0
1953,allocate_send_arrival,0,VLAN4012,3,terminal,3,1001,2,3,0,1953,10,0,1.9671,0,0
1958,stage_arrival,0,VLAN4012,3,terminal,3,1001,2,3,0,1958,10,0,0,1.9671,0
1954,allocate_send_arrival,0,VLAN4012,3,terminal,3,1001,2,3,0,1954,10,0,1.9671,0,0
1959,stage_arrival,0,VLAN4012,3,terminal,3,1001,2,3,0,1959,10,0,0,1.9671,0
1960,stage_arrival,0,VLAN4012,3,terminal,3,1001,2,3,0,1960,10,0,0,1.9671,0
1956,allocate_send_arrival,0,VLAN4012,3,terminal,3,1001,2,3,0,1956,10,0,1.9671,0,0
1956,allocate_send_arrival,0,VLAN4012,3,terminal,3,1001,2,3,0,1956,10,0,1.9671,0,0
1961,stage_arrival,0,VLAN4012,3,terminal,3,1001,2,3,0,1961,10,0,0,1.95851,0
1958,allocate_send_arrival,0,VLAN4012,3,terminal,3,1001,2,3,0,1958,10,0,1.95851,0,0
1962,stage_arrival,0,VLAN4012,3,terminal,3,1001,2,3,0,1962,10,0,0,1.95851,0
1959,allocate_send_arrival,0,VLAN4012,3,terminal,3,1001,2,3,0,1959,10,0,1.95851,0,0
1963,stage_arrival,0,VLAN4012,3,terminal,3,1001,2,3,0,1963,10,0,0,1.95851,0
1960,allocate_send_arrival,0,VLAN4012,3,terminal,3,1001,2,3,0,1960,10,0,1.95851,0,0
1964,stage_arrival,0,VLAN4012,3,terminal,3,1001,2,3,0,1964,10,0,0,1.95851,0
1965,stage_arrival,0,VLAN4012,3,terminal,3,1001,2,3,0,1965,10,0,0,1.95851,0
1961,allocate_send_arrival,0,VLAN4012,3,terminal,3,1001,2,3,0,1961,10,0,1.95851,0,0
1961,allocate_send_arrival,0,VLAN4012,3,terminal,3,1001,2,3,0,1961,10,0,1.95851,0,0
1966,stage_arrival,0,VLAN4012,3,terminal,3,1001,2,3,0,1966,10,0,0,1.95851,0
1962,allocate_send_arrival,0,VLAN4012,3,terminal,3,1001,2,3,0,1962,10,0,1.95851,0,0
1967,stage_arrival,0,VLAN4012,3,terminal,3,1001,2,3,0,1967,10,0,0,1.95851,0
1964,allocate_send_arrival,0,VLAN4012,3,terminal,3,1001,2,3,0,1964,10,0,1.95851,0,0
1968,stage_arrival,0,VLAN4012,3,terminal,3,1001,2,3,0,1968,10,0,0,1.95851,0
1969,stage_arrival,0,VLAN4012,3,terminal,3,1001,2,3,0,1969,10,0,0,1.95851,0
1965,allocate_send_arrival,0,VLAN4012,3,terminal,3,1001,2,3,0,1965,10,0,1.95851,0,0
1965,allocate_send_arrival,0,VLAN4012,3,terminal,3,1001,2,3,0,1965,10,0,1.95851,0,0
1970,stage_arrival,0,VLAN4012,3,terminal,3,1001,2,3,0,1970,10,0,0,1.95851,0
1966,allocate_send_arrival,0,VLAN4012,3,terminal,3,1001,2,3,0,1966,10,0,1.95851,0,0
1971,stage_arrival,0,VLAN4012,3,terminal,3,1001,2,3,0,1971,10,0,0,1.94992,0
1972,stage_arrival,0,VLAN4012,3,terminal,3,1001,2,3,0,1972,10,0,0,1.94992,0
1968,allocate_send_arrival,0,VLAN4012,3,terminal,3,1001,2,3,0,1968,10,0,1.94992,0,0
1968,allocate_send_arrival,0,VLAN4012,3,terminal,3,1001,2,3,0,1968,10,0,1.94992,0,0
1973,stage_arrival,0,VLAN4012,3,terminal,3,1001,2,3,0,1973,10,0,0,1.94992,0
1974,stage_arrival,0,VLAN4012,3,terminal,3,1001,2,3,0,1974,10,0,0,1.94992,0
1970,allocate_send_arrival,0,VLAN4012,3,terminal,3,1001,2,3,0,1970,10,0,1.94992,0,0
1970,allocate_send_arrival,0,VLAN4012,3,terminal,3,1001,2,3,0,1970,10,0,1.94992,0,0
1975,stage_arrival,0,VLAN4012,3,terminal,3,1001,2,3,0,1975,10,0,0,1.94992,0
1971,allocate_send_arrival,0,VLAN4012,3,terminal,3,1001,2,3,0,1971,10,0,1.94992,0,0
1976,stage_arrival,0,VLAN4012,3,terminal,3,1001,2,3,0,1976,10,0,0,1.94992,0
1977,stage_arrival,0,VLAN4012,3,terminal,3,1001,2,3,0,1977,10,0,0,1.94992,0
1973,allocate_send_arrival,0,VLAN4012,3,terminal,3,1001,2,3,0,1973,10,0,1.94992,0,0
1973,allocate_send_arrival,0,VLAN4012,3,terminal,3,1001,2,3,0,1973,10,0,1.94992,0,0
1978,stage_arrival,0,VLAN4012,3,terminal,3,1001,2,3,0,1978,10,0,0,1.94992,0
1974,allocate_send_arrival,0,VLAN4012,3,terminal,3,1001,2,3,0,1974,10,0,1.94992,0,0
1979,stage_arrival,0,VLAN4012,3,terminal,3,1001,2,3,0,1979,10,0,0,1.94992,0
1980,stage_arrival,0,VLAN4012,3,terminal,3,1001,2,3,0,1980,10,0,0,1.94992,0
1976,allocate_send_arrival,0,VLAN4012,3,terminal,3,1001,2,3,0,1976,10,0,1.94992,0,0
1976,allocate_send_arrival,0,VLAN4012,3,terminal,3,1001,2,3,0,1976,10,0,1.94992,0,0
1981,stage_arrival,0,VLAN4012,3,terminal,3,1001,2,3,0,1981,10,0,0,1.9671,0
1977,allocate_send_arrival,0,VLAN4012,3,terminal,3,1001,2,3,0,1977,10,0,1.9671,0,0
1982,stage_arrival,0,VLAN4012,3,terminal,3,1001,2,3,0,1982,10,0,0,1.9671,0
1978,allocate_send_arrival,0,VLAN4012,3,terminal,3,1001,2,3,0,1978,10,0,1.9671,0,0
1983,stage_arrival,0,VLAN4012,3,terminal,3,1001,2,3,0,1983,10,0,0,1.9671,0
1979,allocate_send_arrival,0,VLAN4012,3,terminal,3,1001,2,3,0,1979,10,0,1.9671,0,0
1984,stage_arrival,0,VLAN4012,3,terminal,3,1001,2,3,0,1984,10,0,0,1.9671,0
1985,stage_arrival,0,VLAN4012,3,terminal,3,1001,2,3,0,1985,10,0,0,1.9671,0
1981,allocate_send_arrival,0,VLAN4012,3,terminal,3,1001,2,3,0,1981,10,0,1.9671,0,0
1981,allocate_send_arrival,0,VLAN4012,3,terminal,3,1001,2,3,0,1981,10,0,1.9671,0,0
1986,stage_arrival,0,VLAN4012,3,terminal,3,1001,2,3,0,1986,10,0,0,1.9671,0
1982,allocate_send_arrival,0,VLAN4012,3,terminal,3,1001,2,3,0,1982,10,0,1.9671,0,0
1987,stage_arrival,0,VLAN4012,3,terminal,3,1001,2,3,0,1987,10,0,0,1.9671,0
1984,allocate_send_arrival,0,VLAN4012,3,terminal,3,1001,2,3,0,1984,10,0,1.9671,0,0
1988,stage_arrival,0,VLAN4012,3,terminal,3,1001,2,3,0,1988,10,0,0,1.9671,0
1989,stage_arrival,0,VLAN4012,3,terminal,3,1001,2,3,0,1989,10,0,0,1.9671,0
1985,allocate_send_arrival,0,VLAN4012,3,terminal,3,1001,2,3,0,1985,10,0,1.9671,0,0
1985,allocate_send_arrival,0,VLAN4012,3,terminal,3,1001,2,3,0,1985,10,0,1.9671,0,0
1990,stage_arrival,0,VLAN4012,3,terminal,3,1001,2,3,0,1990,10,0,0,1.9671,0
1986,allocate_send_arrival,0,VLAN4012,3,terminal,3,1001,2,3,0,1986,10,0,1.9671,0,0
1991,stage_arrival,0,VLAN4012,3,terminal,3,1001,2,3,0,1991,10,0,0,1.99286,0
1987,allocate_send_arrival,0,VLAN4012,3,terminal,3,1001,2,3,0,1987,10,0,1.99286,0,0
1992,stage_arrival,0,VLAN4012,3,terminal,3,1001,2,3,0,1992,10,0,0,1.99286,0
1989,allocate_send_arrival,0,VLAN4012,3,terminal,3,1001,2,3,0,1989,10,0,1.99286,0,0
1993,stage_arrival,0,VLAN4012,3,terminal,3,1001,2,3,0,1993,10,0,0,1.99286,0
1994,stage_arrival,0,VLAN4012,3,terminal,3,1001,2,3,0,1994,10,0,0,1.99286,0
1990,allocate_send_arrival,0,VLAN4012,3,terminal,3,1001,2,3,0,1990,10,0,1.99286,0,0
1990,allocate_send_arrival,0,VLAN4012,3,terminal,3,1001,2,3,0,1990,10,0,1.99286,0,0
1995,stage_arrival,0,VLAN4012,3,terminal,3,1001,2,3,0,1995,10,0,0,1.99286,0
1991,allocate_send_arrival,0,VLAN4012,3,terminal,3,1001,2,3,0,1991,10,0,1.99286,0,0
1996,stage_arrival,0,VLAN4012,3,terminal,3,1001,2,3,0,1996,10,0,0,1.99286,0
1997,stage_arrival,0,VLAN4012,3,terminal,3,1001,2,3,0,1997,10,0,0,1.99286,0
1993,allocate_send_arrival,0,VLAN4012,3,terminal,3,1001,2,3,0,1993,10,0,1.99286,0,0
1993,allocate_send_arrival,0,VLAN4012,3,terminal,3,1001,2,3,0,1993,10,0,1.99286,0,0
1998,stage_arrival,0,VLAN4012,3,terminal,3,1001,2,3,0,1998,10,0,0,1.99286,0
1995,allocate_send_arrival,0,VLAN4012,3,terminal,3,1001,2,3,0,1995,10,0,1.99286,0,0
1999,stage_arrival,0,VLAN4012,3,terminal,3,1001,2,3,0,1999,10,0,0,1.99286,0
2000,stage_arrival,0,VLAN4012,3,terminal,3,1001,2,3,0,2000,10,0,0,1.99286,0
1996,allocate_send_arrival,0,VLAN4012,3,terminal,3,1001,2,3,0,1996,10,0,1.99286,0,0
1996,allocate_send_arrival,0,VLAN4012,3,terminal,3,1001,2,3,0,1996,10,0,1.99286,0,0
2001,stage_arrival,0,VLAN4012,3,terminal,3,1001,2,3,0,2001,10,0,0,1.97568,0
1997,allocate_send_arrival,0,VLAN4012,3,terminal,3,1001,2,3,0,1997,10,0,1.97568,0,0
2002,stage_arrival,0,VLAN4012,3,terminal,3,1001,2,3,0,2002,10,0,0,1.97568,0
1998,allocate_send_arrival,0,VLAN4012,3,terminal,3,1001,2,3,0,1998,10,0,1.97568,0,0
2003,stage_arrival,0,VLAN4012,3,terminal,3,1001,2,3,0,2003,10,0,0,1.97568,0
2000,allocate_send_arrival,0,VLAN4012,3,terminal,3,1001,2,3,0,2000,10,0,1.97568,0,0
2004,stage_arrival,0,VLAN4012,3,terminal,3,1001,2,3,0,2004,10,0,0,1.97568,0
2005,stage_arrival,0,VLAN4012,3,terminal,3,1001,2,3,0,2005,10,0,0,1.97568,0
2001,allocate_send_arrival,0,VLAN4012,3,terminal,3,1001,2,3,0,2001,10,0,1.97568,0,0
2001,allocate_send_arrival,0,VLAN4012,3,terminal,3,1001,2,3,0,2001,10,0,1.97568,0,0
2006,stage_arrival,0,VLAN4012,3,terminal,3,1001,2,3,0,2006,10,0,0,1.97568,0
2003,allocate_send_arrival,0,VLAN4012,3,terminal,3,1001,2,3,0,2003,10,0,1.97568,0,0
2007,stage_arrival,0,VLAN4012,3,terminal,3,1001,2,3,0,2007,10,0,0,1.97568,0
2008,stage_arrival,0,VLAN4012,3,terminal,3,1001,2,3,0,2008,10,0,0,1.97568,0
2004,allocate_send_arrival,0,VLAN4012,3,terminal,3,1001,2,3,0,2004,10,0,1.97568,0,0
2004,allocate_send_arrival,0,VLAN4012,3,terminal,3,1001,2,3,0,2004,10,0,1.97568,0,0
2009,stage_arrival,0,VLAN4012,3,terminal,3,1001,2,3,0,2009,10,0,0,1.97568,0
2005,allocate_send_arrival,0,VLAN4012,3,terminal,3,1001,2,3,0,2005,10,0,1.97568,0,0
2010,stage_arrival,0,VLAN4012,3,terminal,3,1001,2,3,0,2010,10,0,0,1.97568,0
2006,allocate_send_arrival,0,VLAN4012,3,terminal,3,1001,2,3,0,2006,10,0,1.97568,0,0
2011,stage_arrival,0,VLAN4012,3,terminal,3,1001,2,3,0,2011,10,0,0,1.98427,0
2008,allocate_send_arrival,0,VLAN4012,3,terminal,3,1001,2,3,0,2008,10,0,1.98427,0,0
2012,stage_arrival,0,VLAN4012,3,terminal,3,1001,2,3,0,2012,10,0,0,1.98427,0
2013,stage_arrival,0,VLAN4012,3,terminal,3,1001,2,3,0,2013,10,0,0,1.98427,0
2009,allocate_send_arrival,0,VLAN4012,3,terminal,3,1001,2,3,0,2009,10,0,1.98427,0,0
2009,allocate_send_arrival,0,VLAN4012,3,terminal,3,1001,2,3,0,2009,10,0,1.98427,0,0
2014,stage_arrival,0,VLAN4012,3,terminal,3,1001,2,3,0,2014,10,0,0,1.98427,0
2015,stage_arrival,0,VLAN4012,3,terminal,3,1001,2,3,0,2015,10,0,0,1.98427,0
2011,allocate_send_arrival,0,VLAN4012,3,terminal,3,1001,2,3,0,2011,10,0,1.98427,0,0
2011,allocate_send_arrival,0,VLAN4012,3,terminal,3,1001,2,3,0,2011,10,0,1.98427,0,0
2016,stage_arrival,0,VLAN4012,3,terminal,3,1001,2,3,0,2016,10,0,0,1.98427,0
2013,allocate_send_arrival,0,VLAN4012,3,terminal,3,1001,2,3,0,2013,10,0,1.98427,0,0
2017,stage_arrival,0,VLAN4012,3,terminal,3,1001,2,3,0,2017,10,0,0,1.98427,0
2018,stage_arrival,0,VLAN4012,3,terminal,3,1001,2,3,0,2018,10,0,0,1.98427,0
2014,allocate_send_arrival,0,VLAN4012,3,terminal,3,1001,2,3,0,2014,10,0,1.98427,0,0
2014,allocate_send_arrival,0,VLAN4012,3,terminal,3,1001,2,3,0,2014,10,0,1.98427,0,0
2019,stage_arrival,0,VLAN4012,3,terminal,3,1001,2,3,0,2019,10,0,0,1.98427,0
2015,allocate_send_arrival,0,VLAN4012,3,terminal,3,1001,2,3,0,2015,10,0,1.98427,0,0
2020,stage_arrival,0,VLAN4012,3,terminal,3,1001,2,3,0,2020,10,0,0,1.98427,0
2016,allocate_send_arrival,0,VLAN4012,3,terminal,3,1001,2,3,0,2016,10,0,1.98427,0,0
2021,stage_arrival,0,VLAN4012,3,terminal,3,1001,2,3,0,2021,10,0,0,1.98427,0
2017,allocate_send_arrival,0,VLAN4012,3,terminal,3,1001,2,3,0,2017,10,0,1.98427,0,0
2022,stage_arrival,0,VLAN4012,3,terminal,3,1001,2,3,0,2022,10,0,0,1.98427,0
2023,stage_arrival,0,VLAN4012,3,terminal,3,1001,2,3,0,2023,10,0,0,1.98427,0
2019,allocate_send_arrival,0,VLAN4012,3,terminal,3,1001,2,3,0,2019,10,0,1.98427,0,0
2019,allocate_send_arrival,0,VLAN4012,3,terminal,3,1001,2,3,0,2019,10,0,1.98427,0,0
2024,stage_arrival,0,VLAN4012,3,terminal,3,1001,2,3,0,2024,10,0,0,1.98427,0
2025,stage_arrival,0,VLAN4012,3,terminal,3,1001,2,3,0,2025,10,0,0,1.98427,0
2021,allocate_send_arrival,0,VLAN4012,3,terminal,3,1001,2,3,0,2021,10,0,1.98427,0,0
2021,allocate_send_arrival,0,VLAN4012,3,terminal,3,1001,2,3,0,2021,10,0,1.98427,0,0
2026,stage_arrival,0,VLAN4012,3,terminal,3,1001,2,3,0,2026,10,0,0,1.98427,0
2022,allocate_send_arrival,0,VLAN4012,3,terminal,3,1001,2,3,0,2022,10,0,1.98427,0,0
2027,stage_arrival,0,VLAN4012,3,terminal,3,1001,2,3,0,2027,10,0,0,1.98427,0
2023,allocate_send_arrival,0,VLAN4012,3,terminal,3,1001,2,3,0,2023,10,0,1.98427,0,0
2028,stage_arrival,0,VLAN4012,3,terminal,3,1001,2,3,0,2028,10,0,0,1.98427,0
2024,allocate_send_arrival,0,VLAN4012,3,terminal,3,1001,2,3,0,2024,10,0,1.98427,0,0
2029,stage_arrival,0,VLAN4012,3,terminal,3,1001,2,3,0,2029,10,0,0,1.98427,0
2030,stage_arrival,0,VLAN4012,3,terminal,3,1001,2,3,0,2030,10,0,0,1.98427,0
2026,allocate_send_arrival,0,VLAN4012,3,terminal,3,1001,2,3,0,2026,10,0,1.98427,0,0
2026,allocate_send_arrival,0,VLAN4012,3,terminal,3,1001,2,3,0,2026,10,0,1.98427,0,0
2031,stage_arrival,0,VLAN4012,3,terminal,3,1001,2,3,0,2031,10,0,0,1.94133,0
2027,allocate_send_arrival,0,VLAN4012,3,terminal,3,1001,2,3,0,2027,10,0,1.94133,0,0
2032,stage_arrival,0,VLAN4012,3,terminal,3,1001,2,3,0,2032,10,0,0,1.94133,0
2029,allocate_send_arrival,0,VLAN4012,3,terminal,3,1001,2,3,0,2029,10,0,1.94133,0,0
2033,stage_arrival,0,VLAN4012,3,terminal,3,1001,2,3,0,2033,10,0,0,1.94133,0
2034,stage_arrival,0,VLAN4012,3,terminal,3,1001,2,3,0,2034,10,0,0,1.94133,0
2030,allocate_send_arrival,0,VLAN4012,3,terminal,3,1001,2,3,0,2030,10,0,1.94133,0,0
2030,allocate_send_arrival,0,VLAN4012,3,terminal,3,1001,2,3,0,2030,10,0,1.94133,0,0
2035,stage_arrival,0,VLAN4012,3,terminal,3,1001,2,3,0,2035,10,0,0,1.94133,0
2031,allocate_send_arrival,0,VLAN4012,3,terminal,3,1001,2,3,0,2031,10,0,1.94133,0,0
2036,stage_arrival,0,VLAN4012,3,terminal,3,1001,2,3,0,2036,10,0,0,1.94133,0
2032,allocate_send_arrival,0,VLAN4012,3,terminal,3,1001,2,3,0,2032,10,0,1.94133,0,0
2037,stage_arrival,0,VLAN4012,3,terminal,3,1001,2,3,0,2037,10,0,0,1.94133,0
2034,allocate_send_arrival,0,VLAN4012,3,terminal,3,1001,2,3,0,2034,10,0,1.94133,0,0
2038,stage_arrival,0,VLAN4012,3,terminal,3,1001,2,3,0,2038,10,0,0,1.94133,0
2035,allocate_send_arrival,0,VLAN4012,3,terminal,3,1001,2,3,0,2035,10,0,1.94133,0,0
2039,stage_arrival,0,VLAN4012,3,terminal,3,1001,2,3,0,2039,10,0,0,1.94133,0
2040,stage_arrival,0,VLAN4012,3,terminal,3,1001,2,3,0,2040,10,0,0,1.94133,0
2036,allocate_send_arrival,0,VLAN4012,3,terminal,3,1001,2,3,0,2036,10,0,1.94133,0,0
2036,allocate_send_arrival,0,VLAN4012,3,terminal,3,1001,2,3,0,2036,10,0,1.94133,0,0
2041,stage_arrival,0,VLAN4012,3,terminal,3,1001,2,3,0,2041,10,0,0,1.97568,0
2038,allocate_send_arrival,0,VLAN4012,3,terminal,3,1001,2,3,0,2038,10,0,1.97568,0,0
2042,stage_arrival,0,VLAN4012,3,terminal,3,1001,2,3,0,2042,10,0,0,1.97568,0
2043,stage_arrival,0,VLAN4012,3,terminal,3,1001,2,3,0,2043,10,0,0,1.97568,0
2039,allocate_send_arrival,0,VLAN4012,3,terminal,3,1001,2,3,0,2039,10,0,1.97568,0,0
2039,allocate_send_arrival,0,VLAN4012,3,terminal,3,1001,2,3,0,2039,10,0,1.97568,0,0
2044,stage_arrival,0,VLAN4012,3,terminal,3,1001,2,3,0,2044,10,0,0,1.97568,0
2045,stage_arrival,0,VLAN4012,3,terminal,3,1001,2,3,0,2045,10,0,0,1.97568,0
2041,allocate_send_arrival,0,VLAN4012,3,terminal,3,1001,2,3,0,2041,10,0,1.97568,0,0
2041,allocate_send_arrival,0,VLAN4012,3,terminal,3,1001,2,3,0,2041,10,0,1.97568,0,0
2046,stage_arrival,0,VLAN4012,3,terminal,3,1001,2,3,0,2046,10,0,0,1.97568,0
2047,stage_arrival,0,VLAN4012,3,terminal,3,1001,2,3,0,2047,10,0,0,1.97568,0
2043,allocate_send_arrival,0,VLAN4012,3,terminal,3,1001,2,3,0,2043,10,0,1.97568,0,0
2043,allocate_send_arrival,0,VLAN4012,3,terminal,3,1001,2,3,0,2043,10,0,1.97568,0,0
2048,stage_arrival,0,VLAN4012,3,terminal,3,1001,2,3,0,2048,10,0,0,1.97568,0
2045,allocate_send_arrival,0,VLAN4012,3,terminal,3,1001,2,3,0,2045,10,0,1.97568,0,0
2049,stage_arrival,0,VLAN4012,3,terminal,3,1001,2,3,0,2049,10,0,0,1.97568,0
2050,stage_arrival,0,VLAN4012,3,terminal,3,1001,2,3,0,2050,10,0,0,1.97568,0
2046,allocate_send_arrival,0,VLAN4012,3,terminal,3,1001,2,3,0,2046,10,0,1.97568,0,0
2046,allocate_send_arrival,0,VLAN4012,3,terminal,3,1001,2,3,0,2046,10,0,1.97568,0,0
2051,stage_arrival,0,VLAN4012,3,terminal,3,1001,2,3,0,2051,10,0,0,1.94992,0
2047,allocate_send_arrival,0,VLAN4012,3,terminal,3,1001,2,3,0,2047,10,0,1.94992,0,0
2052,stage_arrival,0,VLAN4012,3,terminal,3,1001,2,3,0,2052,10,0,0,1.94992,0
2048,allocate_send_arrival,0,VLAN4012,3,terminal,3,1001,2,3,0,2048,10,0,1.94992,0,0
2053,stage_arrival,0,VLAN4012,3,terminal,3,1001,2,3,0,2053,10,0,0,1.94992,0
2054,stage_arrival,0,VLAN4012,3,terminal,3,1001,2,3,0,2054,10,0,0,1.94992,0
2050,allocate_send_arrival,0,VLAN4012,3,terminal,3,1001,2,3,0,2050,10,0,1.94992,0,0
2050,allocate_send_arrival,0,VLAN4012,3,terminal,3,1001,2,3,0,2050,10,0,1.94992,0,0
2055,stage_arrival,0,VLAN4012,3,terminal,3,1001,2,3,0,2055,10,0,0,1.94992,0
2051,allocate_send_arrival,0,VLAN4012,3,terminal,3,1001,2,3,0,2051,10,0,1.94992,0,0
2056,stage_arrival,0,VLAN4012,3,terminal,3,1001,2,3,0,2056,10,0,0,1.94992,0
2052,allocate_send_arrival,0,VLAN4012,3,terminal,3,1001,2,3,0,2052,10,0,1.94992,0,0
2057,stage_arrival,0,VLAN4012,3,terminal,3,1001,2,3,0,2057,10,0,0,1.94992,0
2058,stage_arrival,0,VLAN4012,3,terminal,3,1001,2,3,0,2058,10,0,0,1.94992,0
2054,allocate_send_arrival,0,VLAN4012,3,terminal,3,1001,2,3,0,2054,10,0,1.94992,0,0
2054,allocate_send_arrival,0,VLAN4012,3,terminal,3,1001,2,3,0,2054,10,0,1.94992,0,0
2059,stage_arrival,0,VLAN4012,3,terminal,3,1001,2,3,0,2059,10,0,0,1.94992,0
2060,stage_arrival,0,VLAN4012,3,terminal,3,1001,2,3,0,2060,10,0,0,1.94992,0
2056,allocate_send_arrival,0,VLAN4012,3,terminal,3,1001,2,3,0,2056,10,0,1.94992,0,0
2056,allocate_send_arrival,0,VLAN4012,3,terminal,3,1001,2,3,0,2056,10,0,1.94992,0,0
2061,stage_arrival,0,VLAN4012,3,terminal,3,1001,2,3,0,2061,10,0,0,1.94133,0
2058,allocate_send_arrival,0,VLAN4012,3,terminal,3,1001,2,3,0,2058,10,0,1.94133,0,0
2062,stage_arrival,0,VLAN4012,3,terminal,3,1001,2,3,0,2062,10,0,0,1.94133,0
2059,allocate_send_arrival,0,VLAN4012,3,terminal,3,1001,2,3,0,2059,10,0,1.94133,0,0
2063,stage_arrival,0,VLAN4012,3,terminal,3,1001,2,3,0,2063,10,0,0,1.94133,0
2064,stage_arrival,0,VLAN4012,3,terminal,3,1001,2,3,0,2064,10,0,0,1.94133,0
2060,allocate_send_arrival,0,VLAN4012,3,terminal,3,1001,2,3,0,2060,10,0,1.94133,0,0
2060,allocate_send_arrival,0,VLAN4012,3,terminal,3,1001,2,3,0,2060,10,0,1.94133,0,0
2065,stage_arrival,0,VLAN4012,3,terminal,3,1001,2,3,0,2065,10,0,0,1.94133,0
2061,allocate_send_arrival,0,VLAN4012,3,terminal,3,1001,2,3,0,2061,10,0,1.94133,0,0
2066,stage_arrival,0,VLAN4012,3,terminal,3,1001,2,3,0,2066,10,0,0,1.94133,0
2063,allocate_send_arrival,0,VLAN4012,3,terminal,3,1001,2,3,0,2063,10,0,1.94133,0,0
2067,stage_arrival,0,VLAN4012,3,terminal,3,1001,2,3,0,2067,10,0,0,1.94133,0
2064,allocate_send_arrival,0,VLAN4012,3,terminal,3,1001,2,3,0,2064,10,0,1.94133,0,0
2068,stage_arrival,0,VLAN4012,3,terminal,3,1001,2,3,0,2068,10,0,0,1.94133,0
2065,allocate_send_arrival,0,VLAN4012,3,terminal,3,1001,2,3,0,2065,10,0,1.94133,0,0
2069,stage_arrival,0,VLAN4012,3,terminal,3,1001,2,3,0,2069,10,0,0,1.94133,0
2070,stage_arrival,0,VLAN4012,3,terminal,3,1001,2,3,0,2070,10,0,0,1.94133,0
2066,allocate_send_arrival,0,VLAN4012,3,terminal,3,1001,2,3,0,2066,10,0,1.94133,0,0
2066,allocate_send_arrival,0,VLAN4012,3,terminal,3,1001,2,3,0,2066,10,0,1.94133,0,0
2071,stage_arrival,0,VLAN4012,3,terminal,3,1001,2,3,0,2071,10,0,0,1.94133,0
2067,allocate_send_arrival,0,VLAN4012,3,terminal,3,1001,2,3,0,2067,10,0,1.94133,0,0
2072,stage_arrival,0,VLAN4012,3,terminal,3,1001,2,3,0,2072,10,0,0,1.94133,0
2069,allocate_send_arrival,0,VLAN4012,3,terminal,3,1001,2,3,0,2069,10,0,1.94133,0,0
2073,stage_arrival,0,VLAN4012,3,terminal,3,1001,2,3,0,2073,10,0,0,1.94133,0
2070,allocate_send_arrival,0,VLAN4012,3,terminal,3,1001,2,3,0,2070,10,0,1.94133,0,0
2074,stage_arrival,0,VLAN4012,3,terminal,3,1001,2,3,0,2074,10,0,0,1.94133,0
2075,stage_arrival,0,VLAN4012,3,terminal,3,1001,2,3,0,2075,10,0,0,1.94133,0
2071,allocate_send_arrival,0,VLAN4012,3,terminal,3,1001,2,3,0,2071,10,0,1.94133,0,0
2071,allocate_send_arrival,0,VLAN4012,3,terminal,3,1001,2,3,0,2071,10,0,1.94133,0,0
2076,stage_arrival,0,VLAN4012,3,terminal,3,1001,2,3,0,2076,10,0,0,1.94133,0
2077,stage_arrival,0,VLAN4012,3,terminal,3,1001,2,3,0,2077,10,0,0,1.94133,0
2073,allocate_send_arrival,0,VLAN4012,3,terminal,3,1001,2,3,0,2073,10,0,1.94133,0,0
2073,allocate_send_arrival,0,VLAN4012,3,terminal,3,1001,2,3,0,2073,10,0,1.94133,0,0
2078,stage_arrival,0,VLAN4012,3,terminal,3,1001,2,3,0,2078,10,0,0,1.94133,0
2074,allocate_send_arrival,0,VLAN4012,3,terminal,3,1001,2,3,0,2074,10,0,1.94133,0,0
2079,stage_arrival,0,VLAN4012,3,terminal,3,1001,2,3,0,2079,10,0,0,1.94133,0
2075,allocate_send_arrival,0,VLAN4012,3,terminal,3,1001,2,3,0,2075,10,0,1.94133,0,0
2080,stage_arrival,0,VLAN4012,3,terminal,3,1001,2,3,0,2080,10,0,0,1.94133,0
2076,allocate_send_arrival,0,VLAN4012,3,terminal,3,1001,2,3,0,2076,10,0,1.94133,0,0
2081,stage_arrival,0,VLAN4012,3,terminal,3,1001,2,3,0,2081,10,0,0,1.95851,0
2077,allocate_send_arrival,0,VLAN4012,3,terminal,3,1001,2,3,0,2077,10,0,1.95851,0,0
2082,stage_arrival,0,VLAN4012,3,terminal,3,1001,2,3,0,2082,10,0,0,1.95851,0
2078,allocate_send_arrival,0,VLAN4012,3,terminal,3,1001,2,3,0,2078,10,0,1.95851,0,0
2083,stage_arrival,0,VLAN4012,3,terminal,3,1001,2,3,0,2083,10,0,0,1.95851,0
2084,stage_arrival,0,VLAN4012,3,terminal,3,1001,2,3,0,2084,10,0,0,1.95851,0
2080,allocate_send_arrival,0,VLAN4012,3,terminal,3,1001,2,3,0,2080,10,0,1.95851,0,0
2080,allocate_send_arrival,0,VLAN4012,3,terminal,3,1001,2,3,0,2080,10,0,1.95851,0,0
2085,stage_arrival,0,VLAN4012,3,terminal,3,1001,2,3,0,2085,10,0,0,1.95851,0
2081,allocate_send_arrival,0,VLAN4012,3,terminal,3,1001,2,3,0,2081,10,0,1.95851,0,0
2086,stage_arrival,0,VLAN4012,3,terminal,3,1001,2,3,0,2086,10,0,0,1.95851,0
2083,allocate_send_arrival,0,VLAN4012,3,terminal,3,1001,2,3,0,2083,10,0,1.95851,0,0
2087,stage_arrival,0,VLAN4012,3,terminal,3,1001,2,3,0,2087,10,0,0,1.95851,0
2088,stage_arrival,0,VLAN4012,3,terminal,3,1001,2,3,0,2088,10,0,0,1.95851,0
2084,allocate_send_arrival,0,VLAN4012,3,terminal,3,1001,2,3,0,2084,10,0,1.95851,0,0
2084,allocate_send_arrival,0,VLAN4012,3,terminal,3,1001,2,3,0,2084,10,0,1.95851,0,0
2089,stage_arrival,0,VLAN4012,3,terminal,3,1001,2,3,0,2089,10,0,0,1.95851,0
2090,stage_arrival,0,VLAN4012,3,terminal,3,1001,2,3,0,2090,10,0,0,1.95851,0
2086,allocate_send_arrival,0,VLAN4012,3,terminal,3,1001,2,3,0,2086,10,0,1.95851,0,0
2086,allocate_send_arrival,0,VLAN4012,3,terminal,3,1001,2,3,0,2086,10,0,1.95851,0,0
2091,stage_arrival,0,VLAN4012,3,terminal,3,1001,2,3,0,2091,10,0,0,1.94992,0
2087,allocate_send_arrival,0,VLAN4012,3,terminal,3,1001,2,3,0,2087,10,0,1.94992,0,0
2092,stage_arrival,0,VLAN4012,3,terminal,3,1001,2,3,0,2092,10,0,0,1.94992,0
2088,allocate_send_arrival,0,VLAN4012,3,terminal,3,1001,2,3,0,2088,10,0,1.94992,0,0
2093,stage_arrival,0,VLAN4012,3,terminal,3,1001,2,3,0,2093,10,0,0,1.94992,0
2089,allocate_send_arrival,0,VLAN4012,3,terminal,3,1001,2,3,0,2089,10,0,1.94992,0,0
2094,stage_arrival,0,VLAN4012,3,terminal,3,1001,2,3,0,2094,10,0,0,1.94992,0
2090,allocate_send_arrival,0,VLAN4012,3,terminal,3,1001,2,3,0,2090,10,0,1.94992,0,0
2095,stage_arrival,0,VLAN4012,3,terminal,3,1001,2,3,0,2095,10,0,0,1.94992,0
2091,allocate_send_arrival,0,VLAN4012,3,terminal,3,1001,2,3,0,2091,10,0,1.94992,0,0
2096,stage_arrival,0,VLAN4012,3,terminal,3,1001,2,3,0,2096,10,0,0,1.94992,0
2092,allocate_send_arrival,0,VLAN4012,3,terminal,3,1001,2,3,0,2092,10,0,1.94992,0,0
2097,stage_arrival,0,VLAN4012,3,terminal,3,1001,2,3,0,2097,10,0,0,1.94992,0
2093,allocate_send_arrival,0,VLAN4012,3,terminal,3,1001,2,3,0,2093,10,0,1.94992,0,0
2098,stage_arrival,0,VLAN4012,3,terminal,3,1001,2,3,0,2098,10,0,0,1.94992,0
2094,allocate_send_arrival,0,VLAN4012,3,terminal,3,1001,2,3,0,2094,10,0,1.94992,0,0
2099,stage_arrival,0,VLAN4012,3,terminal,3,1001,2,3,0,2099,10,0,0,1.94992,0
2095,allocate_send_arrival,0,VLAN4012,3,terminal,3,1001,2,3,0,2095,10,0,1.94992,0,0
2100,stage_arrival,0,VLAN4012,3,terminal,3,1001,2,3,0,2100,10,0,0,1.94992,0
2096,allocate_send_arrival,0,VLAN4012,3,terminal,3,1001,2,3,0,2096,10,0,1.94992,0,0
2101,stage_arrival,0,VLAN4012,3,terminal,3,1001,2,3,0,2101,10,0,0,1.94992,0
2102,stage_arrival,0,VLAN4012,3,terminal,3,1001,2,3,0,2102,10,0,0,1.94992,0
2098,allocate_send_arrival,0,VLAN4012,3,terminal,3,1001,2,3,0,2098,10,0,1.94992,0,0
2098,allocate_send_arrival,0,VLAN4012,3,terminal,3,1001,2,3,0,2098,10,0,1.94992,0,0
2103,stage_arrival,0,VLAN4012,3,terminal,3,1001,2,3,0,2103,10,0,0,1.94992,0
2099,allocate_send_arrival,0,VLAN4012,3,terminal,3,1001,2,3,0,2099,10,0,1.94992,0,0
2104,stage_arrival,0,VLAN4012,3,terminal,3,1001,2,3,0,2104,10,0,0,1.94992,0
2105,stage_arrival,0,VLAN4012,3,terminal,3,1001,2,3,0,2105,10,0,0,1.94992,0
2101,allocate_send_arrival,0,VLAN4012,3,terminal,3,1001,2,3,0,2101,10,0,1.94992,0,0
2101,allocate_send_arrival,0,VLAN4012,3,terminal,3,1001,2,3,0,2101,10,0,1.94992,0,0
2106,stage_arrival,0,VLAN4012,3,terminal,3,1001,2,3,0,2106,10,0,0,1.94992,0
2107,stage_arrival,0,VLAN4012,3,terminal,3,1001,2,3,0,2107,10,0,0,1.94992,0
2103,allocate_send_arrival,0,VLAN4012,3,terminal,3,1001,2,3,0,2103,10,0,1.94992,0,0
2103,allocate_send_arrival,0,VLAN4012,3,terminal,3,1001,2,3,0,2103,10,0,1.94992,0,0
2108,stage_arrival,0,VLAN4012,3,terminal,3,1001,2,3,0,2108,10,0,0,1.94992,0
2109,stage_arrival,0,VLAN4012,3,terminal,3,1001,2,3,0,2109,10,0,0,1.94992,0
2105,allocate_send_arrival,0,VLAN4012,3,terminal,3,1001,2,3,0,2105,10,0,1.94992,0,0
2105,allocate_send_arrival,0,VLAN4012,3,terminal,3,1001,2,3,0,2105,10,0,1.94992,0,0
2110,stage_arrival,0,VLAN4012,3,terminal,3,1001,2,3,0,2110,10,0,0,1.94992,0
2106,allocate_send_arrival,0,VLAN4012,3,terminal,3,1001,2,3,0,2106,10,0,1.94992,0,0
2111,stage_arrival,0,VLAN4012,3,terminal,3,1001,2,3,0,2111,10,0,0,1.9671,0
2107,allocate_send_arrival,0,VLAN4012,3,terminal,3,1001,2,3,0,2107,10,0,1.9671,0,0
2112,stage_arrival,0,VLAN4012,3,terminal,3,1001,2,3,0,2112,10,0,0,1.9671,0
2108,allocate_send_arrival,0,VLAN4012,3,terminal,3,1001,2,3,0,2108,10,0,1.9671,0,0
2113,stage_arrival,0,VLAN4012,3,terminal,3,1001,2,3,0,2113,10,0,0,1.9671,0
2110,allocate_send_arrival,0,VLAN4012,3,terminal,3,1001,2,3,0,2110,10,0,1.9671,0,0
2114,stage_arrival,0,VLAN4012,3,terminal,3,1001,2,3,0,2114,10,0,0,1.9671,0
2115,stage_arrival,0,VLAN4012,3,terminal,3,1001,2,3,0,2115,10,0,0,1.9671,0
2111,allocate_send_arrival,0,VLAN4012,3,terminal,3,1001,2,3,0,2111,10,0,1.9671,0,0
2111,allocate_send_arrival,0,VLAN4012,3,terminal,3,1001,2,3,0,2111,10,0,1.9671,0,0
2116,stage_arrival,0,VLAN4012,3,terminal,3,1001,2,3,0,2116,10,0,0,1.9671,0
2112,allocate_send_arrival,0,VLAN4012,3,terminal,3,1001,2,3,0,2112,10,0,1.9671,0,0
2117,stage_arrival,0,VLAN4012,3,terminal,3,1001,2,3,0,2117,10,0,0,1.9671,0
2114,allocate_send_arrival,0,VLAN4012,3,terminal,3,1001,2,3,0,2114,10,0,1.9671,0,0
2118,stage_arrival,0,VLAN4012,3,terminal,3,1001,2,3,0,2118,10,0,0,1.9671,0
2119,stage_arrival,0,VLAN4012,3,terminal,3,1001,2,3,0,2119,10,0,0,1.9671,0
2115,allocate_send_arrival,0,VLAN4012,3,terminal,3,1001,2,3,0,2115,10,0,1.9671,0,0
2115,allocate_send_arrival,0,VLAN4012,3,terminal,3,1001,2,3,0,2115,10,0,1.9671,0,0
2120,stage_arrival,0,VLAN4012,3,terminal,3,1001,2,3,0,2120,10,0,0,1.9671,0
2116,allocate_send_arrival,0,VLAN4012,3,terminal,3,1001,2,3,0,2116,10,0,1.9671,0,0
2121,stage_arrival,0,VLAN4012,3,terminal,3,1001,2,3,0,2121,10,0,0,1.92415,0
2117,allocate_send_arrival,0,VLAN4012,3,terminal,3,1001,2,3,0,2117,10,0,1.92415,0,0
2122,stage_arrival,0,VLAN4012,3,terminal,3,1001,2,3,0,2122,10,0,0,1.92415,0
2118,allocate_send_arrival,0,VLAN4012,3,terminal,3,1001,2,3,0,2118,10,0,1.92415,0,0
2123,stage_arrival,0,VLAN4012,3,terminal,3,1001,2,3,0,2123,10,0,0,1.92415,0
2120,allocate_send_arrival,0,VLAN4012,3,terminal,3,1001,2,3,0,2120,10,0,1.92415,0,0
2124,stage_arrival,0,VLAN4012,3,terminal,3,1001,2,3,0,2124,10,0,0,1.92415,0
2125,stage_arrival,0,VLAN4012,3,terminal,3,1001,2,3,0,2125,10,0,0,1.92415,0
2121,allocate_send_arrival,0,VLAN4012,3,terminal,3,1001,2,3,0,2121,10,0,1.92415,0,0
2121,allocate_send_arrival,0,VLAN4012,3,terminal,3,1001,2,3,0,2121,10,0,1.92415,0,0
2126,stage_arrival,0,VLAN4012,3,terminal,3,1001,2,3,0,2126,10,0,0,1.92415,0
2122,allocate_send_arrival,0,VLAN4012,3,terminal,3,1001,2,3,0,2122,10,0,1.92415,0,0
2127,stage_arrival,0,VLAN4012,3,terminal,3,1001,2,3,0,2127,10,0,0,1.92415,0
2124,allocate_send_arrival,0,VLAN4012,3,terminal,3,1001,2,3,0,2124,10,0,1.92415,0,0
2128,stage_arrival,0,VLAN4012,3,terminal,3,1001,2,3,0,2128,10,0,0,1.92415,0
2129,stage_arrival,0,VLAN4012,3,terminal,3,1001,2,3,0,2129,10,0,0,1.92415,0
2125,allocate_send_arrival,0,VLAN4012,3,terminal,3,1001,2,3,0,2125,10,0,1.92415,0,0
2125,allocate_send_arrival,0,VLAN4012,3,terminal,3,1001,2,3,0,2125,10,0,1.92415,0,0
2130,stage_arrival,0,VLAN4012,3,terminal,3,1001,2,3,0,2130,10,0,0,1.92415,0
2126,allocate_send_arrival,0,VLAN4012,3,terminal,3,1001,2,3,0,2126,10,0,1.92415,0,0
2131,stage_arrival,0,VLAN4012,3,terminal,3,1001,2,3,0,2131,10,0,0,1.94133,0
2132,stage_arrival,0,VLAN4012,3,terminal,3,1001,2,3,0,2132,10,0,0,1.94133,0
2128,allocate_send_arrival,0,VLAN4012,3,terminal,3,1001,2,3,0,2128,10,0,1.94133,0,0
2128,allocate_send_arrival,0,VLAN4012,3,terminal,3,1001,2,3,0,2128,10,0,1.94133,0,0
2133,stage_arrival,0,VLAN4012,3,terminal,3,1001,2,3,0,2133,10,0,0,1.94133,0
2129,allocate_send_arrival,0,VLAN4012,3,terminal,3,1001,2,3,0,2129,10,0,1.94133,0,0
2134,stage_arrival,0,VLAN4012,3,terminal,3,1001,2,3,0,2134,10,0,0,1.94133,0
2135,stage_arrival,0,VLAN4012,3,terminal,3,1001,2,3,0,2135,10,0,0,1.94133,0
2131,allocate_send_arrival,0,VLAN4012,3,terminal,3,1001,2,3,0,2131,10,0,1.94133,0,0
2131,allocate_send_arrival,0,VLAN4012,3,terminal,3,1001,2,3,0,2131,10,0,1.94133,0,0
2136,stage_arrival,0,VLAN4012,3,terminal,3,1001,2,3,0,2136,10,0,0,1.94133,0
2137,stage_arrival,0,VLAN4012,3,terminal,3,1001,2,3,0,2137,10,0,0,1.94133,0
2133,allocate_send_arrival,0,VLAN4012,3,terminal,3,1001,2,3,0,2133,10,0,1.94133,0,0
2133,allocate_send_arrival,0,VLAN4012,3,terminal,3,1001,2,3,0,2133,10,0,1.94133,0,0
2138,stage_arrival,0,VLAN4012,3,terminal,3,1001,2,3,0,2138,10,0,0,1.94133,0
2134,allocate_send_arrival,0,VLAN4012,3,terminal,3,1001,2,3,0,2134,10,0,1.94133,0,0
2139,stage_arrival,0,VLAN4012,3,terminal,3,1001,2,3,0,2139,10,0,0,1.94133,0
2135,allocate_send_arrival,0,VLAN4012,3,terminal,3,1001,2,3,0,2135,10,0,1.94133,0,0
2140,stage_arrival,0,VLAN4012,3,terminal,3,1001,2,3,0,2140,10,0,0,1.94133,0
2136,allocate_send_arrival,0,VLAN4012,3,terminal,3,1001,2,3,0,2136,10,0,1.94133,0,0
2141,stage_arrival,0,VLAN4012,3,terminal,3,1001,2,3,0,2141,10,0,0,1.98427,0
2142,stage_arrival,0,VLAN4012,3,terminal,3,1001,2,3,0,2142,10,0,0,1.98427,0
2138,allocate_send_arrival,0,VLAN4012,3,terminal,3,1001,2,3,0,2138,10,0,1.98427,0,0
2138,allocate_send_arrival,0,VLAN4012,3,terminal,3,1001,2,3,0,2138,10,0,1.98427,0,0
2143,stage_arrival,0,VLAN4012,3,terminal,3,1001,2,3,0,2143,10,0,0,1.98427,0
2140,allocate_send_arrival,0,VLAN4012,3,terminal,3,1001,2,3,0,2140,10,0,1.98427,0,0
2144,stage_arrival,0,VLAN4012,3,terminal,3,1001,2,3,0,2144,10,0,0,1.98427,0
2145,stage_arrival,0,VLAN4012,3,terminal,3,1001,2,3,0,2145,10,0,0,1.98427,0
2141,allocate_send_arrival,0,VLAN4012,3,terminal,3,1001,2,3,0,2141,10,0,1.98427,0,0
2141,allocate_send_arrival,0,VLAN4012,3,terminal,3,1001,2,3,0,2141,10,0,1.98427,0,0
2146,stage_arrival,0,VLAN4012,3,terminal,3,1001,2,3,0,2146,10,0,0,1.98427,0
2143,allocate_send_arrival,0,VLAN4012,3,terminal,3,1001,2,3,0,2143,10,0,1.98427,0,0
2147,stage_arrival,0,VLAN4012,3,terminal,3,1001,2,3,0,2147,10,0,0,1.98427,0
2148,stage_arrival,0,VLAN4012,3,terminal,3,1001,2,3,0,2148,10,0,0,1.98427,0
2144,allocate_send_arrival,0,VLAN4012,3,terminal,3,1001,2,3,0,2144,10,0,1.98427,0,0
2144,allocate_send_arrival,0,VLAN4012,3,terminal,3,1001,2,3,0,2144,10,0,1.98427,0,0
2149,stage_arrival,0,VLAN4012,3,terminal,3,1001,2,3,0,2149,10,0,0,1.98427,0
2145,allocate_send_arrival,0,VLAN4012,3,terminal,3,1001,2,3,0,2145,10,0,1.98427,0,0
2150,stage_arrival,0,VLAN4012,3,terminal,3,1001,2,3,0,2150,10,0,0,1.98427,0
2146,allocate_send_arrival,0,VLAN4012,3,terminal,3,1001,2,3,0,2146,10,0,1.98427,0,0
2151,stage_arrival,0,VLAN4012,3,terminal,3,1001,2,3,0,2151,10,0,0,1.95851,0
2152,stage_arrival,0,VLAN4012,3,terminal,3,1001,2,3,0,2152,10,0,0,1.95851,0
2148,allocate_send_arrival,0,VLAN4012,3,terminal,3,1001,2,3,0,2148,10,0,1.95851,0,0
2148,allocate_send_arrival,0,VLAN4012,3,terminal,3,1001,2,3,0,2148,10,0,1.95851,0,0
2153,stage_arrival,0,VLAN4012,3,terminal,3,1001,2,3,0,2153,10,0,0,1.95851,0
2150,allocate_send_arrival,0,VLAN4012,3,terminal,3,1001,2,3,0,2150,10,0,1.95851,0,0
2154,stage_arrival,0,VLAN4012,3,terminal,3,1001,2,3,0,2154,10,0,0,1.95851,0
2155,stage_arrival,0,VLAN4012,3,terminal,3,1001,2,3,0,2155,10,0,0,1.95851,0
2151,allocate_send_arrival,0,VLAN4012,3,terminal,3,1001,2,3,0,2151,10,0,1.95851,0,0
2151,allocate_send_arrival,0,VLAN4012,3,terminal,3,1001,2,3,0,2151,10,0,1.95851,0,0
2156,stage_arrival,0,VLAN4012,3,terminal,3,1001,2,3,0,2156,10,0,0,1.95851,0
2157,stage_arrival,0,VLAN4012,3,terminal,3,1001,2,3,0,2157,10,0,0,1.95851,0
2153,allocate_send_arrival,0,VLAN4012,3,terminal,3,1001,2,3,0,2153,10,0,1.95851,0,0
2153,allocate_send_arrival,0,VLAN4012,3,terminal,3,1001,2,3,0,2153,10,0,1.95851,0,0
2158,stage_arrival,0,VLAN4012,3,terminal,3,1001,2,3,0,2158,10,0,0,1.95851,0
2155,allocate_send_arrival,0,VLAN4012,3,terminal,3,1001,2,3,0,2155,10,0,1.95851,0,0
2159,stage_arrival,0,VLAN4012,3,terminal,3,1001,2,3,0,2159,10,0,0,1.95851,0
2160,stage_arrival,0,VLAN4012,3,terminal,3,1001,2,3,0,2160,10,0,0,1.95851,0
2156,allocate_send_arrival,0,VLAN4012,3,terminal,3,1001,2,3,0,2156,10,0,1.95851,0,0
2156,allocate_send_arrival,0,VLAN4012,3,terminal,3,1001,2,3,0,2156,10,0,1.95851,0,0
2161,stage_arrival,0,VLAN4012,3,terminal,3,1001,2,3,0,2161,10,0,0,1.93274,0
2157,allocate_send_arrival,0,VLAN4012,3,terminal,3,1001,2,3,0,2157,10,0,1.93274,0,0
2162,stage_arrival,0,VLAN4012,3,terminal,3,1001,2,3,0,2162,10,0,0,1.93274,0
2158,allocate_send_arrival,0,VLAN4012,3,terminal,3,1001,2,3,0,2158,10,0,1.93274,0,0
2163,stage_arrival,0,VLAN4012,3,terminal,3,1001,2,3,0,2163,10,0,0,1.93274,0
2164,stage_arrival,0,VLAN4012,3,terminal,3,1001,2,3,0,2164,10,0,0,1.93274,0
2160,allocate_send_arrival,0,VLAN4012,3,terminal,3,1001,2,3,0,2160,10,0,1.93274,0,0
2160,allocate_send_arrival,0,VLAN4012,3,terminal,3,1001,2,3,0,2160,10,0,1.93274,0,0
2165,stage_arrival,0,VLAN4012,3,terminal,3,1001,2,3,0,2165,10,0,0,1.93274,0
2161,allocate_send_arrival,0,VLAN4012,3,terminal,3,1001,2,3,0,2161,10,0,1.93274,0,0
2166,stage_arrival,0,VLAN4012,3,terminal,3,1001,2,3,0,2166,10,0,0,1.93274,0
2167,stage_arrival,0,VLAN4012,3,terminal,3,1001,2,3,0,2167,10,0,0,1.93274,0
2163,allocate_send_arrival,0,VLAN4012,3,terminal,3,1001,2,3,0,2163,10,0,1.93274,0,0
2163,allocate_send_arrival,0,VLAN4012,3,terminal,3,1001,2,3,0,2163,10,0,1.93274,0,0
2168,stage_arrival,0,VLAN4012,3,terminal,3,1001,2,3,0,2168,10,0,0,1.93274,0
2165,allocate_send_arrival,0,VLAN4012,3,terminal,3,1001,2,3,0,2165,10,0,1.93274,0,0
2169,stage_arrival,0,VLAN4012,3,terminal,3,1001,2,3,0,2169,10,0,0,1.93274,0
2170,stage_arrival,0,VLAN4012,3,terminal,3,1001,2,3,0,2170,10,0,0,1.93274,0
2166,allocate_send_arrival,0,VLAN4012,3,terminal,3,1001,2,3,0,2166,10,0,1.93274,0,0
2166,allocate_send_arrival,0,VLAN4012,3,terminal,3,1001,2,3,0,2166,10,0,1.93274,0,0
2171,stage_arrival,0,VLAN4012,3,terminal,3,1001,2,3,0,2171,10,0,0,1.94133,0
2172,stage_arrival,0,VLAN4012,3,terminal,3,1001,2,3,0,2172,10,0,0,1.94133,0
2168,allocate_send_arrival,0,VLAN4012,3,terminal,3,1001,2,3,0,2168,10,0,1.94133,0,0
2168,allocate_send_arrival,0,VLAN4012,3,terminal,3,1001,2,3,0,2168,10,0,1.94133,0,0
2173,stage_arrival,0,VLAN4012,3,terminal,3,1001,2,3,0,2173,10,0,0,1.94133,0
2170,allocate_send_arrival,0,VLAN4012,3,terminal,3,1001,2,3,0,2170,10,0,1.94133,0,0
2174,stage_arrival,0,VLAN4012,3,terminal,3,1001,2,3,0,2174,10,0,0,1.94133,0
2175,stage_arrival,0,VLAN4012,3,terminal,3,1001,2,3,0,2175,10,0,0,1.94133,0
2171,allocate_send_arrival,0,VLAN4012,3,terminal,3,1001,2,3,0,2171,10,0,1.94133,0,0
2171,allocate_send_arrival,0,VLAN4012,3,terminal,3,1001,2,3,0,2171,10,0,1.94133,0,0
2176,stage_arrival,0,VLAN4012,3,terminal,3,1001,2,3,0,2176,10,0,0,1.94133,0
2172,allocate_send_arrival,0,VLAN4012,3,terminal,3,1001,2,3,0,2172,10,0,1.94133,0,0
2177,stage_arrival,0,VLAN4012,3,terminal,3,1001,2,3,0,2177,10,0,0,1.94133,0
2173,allocate_send_arrival,0,VLAN4012,3,terminal,3,1001,2,3,0,2173,10,0,1.94133,0,0
2178,stage_arrival,0,VLAN4012,3,terminal,3,1001,2,3,0,2178,10,0,0,1.94133,0
2174,allocate_send_arrival,0,VLAN4012,3,terminal,3,1001,2,3,0,2174,10,0,1.94133,0,0
2179,stage_arrival,0,VLAN4012,3,terminal,3,1001,2,3,0,2179,10,0,0,1.94133,0
2175,allocate_send_arrival,0,VLAN4012,3,terminal,3,1001,2,3,0,2175,10,0,1.94133,0,0
2180,stage_arrival,0,VLAN4012,3,terminal,3,1001,2,3,0,2180,10,0,0,1.94133,0
2176,allocate_send_arrival,0,VLAN4012,3,terminal,3,1001,2,3,0,2176,10,0,1.94133,0,0
2181,stage_arrival,0,VLAN4012,3,terminal,3,1001,2,3,0,2181,10,0,0,1.94133,0
2177,allocate_send_arrival,0,VLAN4012,3,terminal,3,1001,2,3,0,2177,10,0,1.94133,0,0
2182,stage_arrival,0,VLAN4012,3,terminal,3,1001,2,3,0,2182,10,0,0,1.94133,0
2178,allocate_send_arrival,0,VLAN4012,3,terminal,3,1001,2,3,0,2178,10,0,1.94133,0,0
2183,stage_arrival,0,VLAN4012,3,terminal,3,1001,2,3,0,2183,10,0,0,1.94133,0
2180,allocate_send_arrival,0,VLAN4012,3,terminal,3,1001,2,3,0,2180,10,0,1.94133,0,0
2184,stage_arrival,0,VLAN4012,3,terminal,3,1001,2,3,0,2184,10,0,0,1.94133,0
2185,stage_arrival,0,VLAN4012,3,terminal,3,1001,2,3,0,2185,10,0,0,1.94133,0
2181,allocate_send_arrival,0,VLAN4012,3,terminal,3,1001,2,3,0,2181,10,0,1.94133,0,0
2181,allocate_send_arrival,0,VLAN4012,3,terminal,3,1001,2,3,0,2181,10,0,1.94133,0,0
2186,stage_arrival,0,VLAN4012,3,terminal,3,1001,2,3,0,2186,10,0,0,1.94133,0
2182,allocate_send_arrival,0,VLAN4012,3,terminal,3,1001,2,3,0,2182,10,0,1.94133,0,0
2187,stage_arrival,0,VLAN4012,3,terminal,3,1001,2,3,0,2187,10,0,0,1.94133,0
2184,allocate_send_arrival,0,VLAN4012,3,terminal,3,1001,2,3,0,2184,10,0,1.94133,0,0
2188,stage_arrival,0,VLAN4012,3,terminal,3,1001,2,3,0,2188,10,0,0,1.94133,0
2189,stage_arrival,0,VLAN4012,3,terminal,3,1001,2,3,0,2189,10,0,0,1.94133,0
2185,allocate_send_arrival,0,VLAN4012,3,terminal,3,1001,2,3,0,2185,10,0,1.94133,0,0
2185,allocate_send_arrival,0,VLAN4012,3,terminal,3,1001,2,3,0,2185,10,0,1.94133,0,0
2190,stage_arrival,0,VLAN4012,3,terminal,3,1001,2,3,0,2190,10,0,0,1.94133,0
2186,allocate_send_arrival,0,VLAN4012,3,terminal,3,1001,2,3,0,2186,10,0,1.94133,0,0
2191,stage_arrival,0,VLAN4012,3,terminal,3,1001,2,3,0,2191,10,0,0,1.93274,0
2188,allocate_send_arrival,0,VLAN4012,3,terminal,3,1001,2,3,0,2188,10,0,1.93274,0,0
2192,stage_arrival,0,VLAN4012,3,terminal,3,1001,2,3,0,2192,10,0,0,1.93274,0
2193,stage_arrival,0,VLAN4012,3,terminal,3,1001,2,3,0,2193,10,0,0,1.93274,0
2189,allocate_send_arrival,0,VLAN4012,3,terminal,3,1001,2,3,0,2189,10,0,1.93274,0,0
2189,allocate_send_arrival,0,VLAN4012,3,terminal,3,1001,2,3,0,2189,10,0,1.93274,0,0
2194,stage_arrival,0,VLAN4012,3,terminal,3,1001,2,3,0,2194,10,0,0,1.93274,0
2195,stage_arrival,0,VLAN4012,3,terminal,3,1001,2,3,0,2195,10,0,0,1.93274,0
2191,allocate_send_arrival,0,VLAN4012,3,terminal,3,1001,2,3,0,2191,10,0,1.93274,0,0
2191,allocate_send_arrival,0,VLAN4012,3,terminal,3,1001,2,3,0,2191,10,0,1.93274,0,0
2196,stage_arrival,0,VLAN4012,3,terminal,3,1001,2,3,0,2196,10,0,0,1.93274,0
2197,stage_arrival,0,VLAN4012,3,terminal,3,1001,2,3,0,2197,10,0,0,1.93274,0
2193,allocate_send_arrival,0,VLAN4012,3,terminal,3,1001,2,3,0,2193,10,0,1.93274,0,0
2193,allocate_send_arrival,0,VLAN4012,3,terminal,3,1001,2,3,0,2193,10,0,1.93274,0,0
2198,stage_arrival,0,VLAN4012,3,terminal,3,1001,2,3,0,2198,10,0,0,1.93274,0
2199,stage_arrival,0,VLAN4012,3,terminal,3,1001,2,3,0,2199,10,0,0,1.93274,0
2195,allocate_send_arrival,0,VLAN4012,3,terminal,3,1001,2,3,0,2195,10,0,1.93274,0,0
2195,allocate_send_arrival,0,VLAN4012,3,terminal,3,1001,2,3,0,2195,10,0,1.93274,0,0
2200,stage_arrival,0,VLAN4012,3,terminal,3,1001,2,3,0,2200,10,0,0,1.93274,0
2196,allocate_send_arrival,0,VLAN4012,3,terminal,3,1001,2,3,0,2196,10,0,1.93274,0,0
2201,stage_arrival,0,VLAN4012,3,terminal,3,1001,2,3,0,2201,10,0,0,1.97568,0
2198,allocate_send_arrival,0,VLAN4012,3,terminal,3,1001,2,3,0,2198,10,0,1.97568,0,0
2202,stage_arrival,0,VLAN4012,3,terminal,3,1001,2,3,0,2202,10,0,0,1.97568,0
2203,stage_arrival,0,VLAN4012,3,terminal,3,1001,2,3,0,2203,10,0,0,1.97568,0
2199,allocate_send_arrival,0,VLAN4012,3,terminal,3,1001,2,3,0,2199,10,0,1.97568,0,0
2199,allocate_send_arrival,0,VLAN4012,3,terminal,3,1001,2,3,0,2199,10,0,1.97568,0,0
2204,stage_arrival,0,VLAN4012,3,terminal,3,1001,2,3,0,2204,10,0,0,1.97568,0
2205,stage_arrival,0,VLAN4012,3,terminal,3,1001,2,3,0,2205,10,0,0,1.97568,0
2201,allocate_send_arrival,0,VLAN4012,3,terminal,3,1001,2,3,0,2201,10,0,1.97568,0,0
2201,allocate_send_arrival,0,VLAN4012,3,terminal,3,1001,2,3,0,2201,10,0,1.97568,0,0
2206,stage_arrival,0,VLAN4012,3,terminal,3,1001,2,3,0,2206,10,0,0,1.97568,0
2202,allocate_send_arrival,0,VLAN4012,3,terminal,3,1001,2,3,0,2202,10,0,1.97568,0,0
2207,stage_arrival,0,VLAN4012,3,terminal,3,1001,2,3,0,2207,10,0,0,1.97568,0
2208,stage_arrival,0,VLAN4012,3,terminal,3,1001,2,3,0,2208,10,0,0,1.97568,0
2204,allocate_send_arrival,0,VLAN4012,3,terminal,3,1001,2,3,0,2204,10,0,1.97568,0,0
2204,allocate_send_arrival,0,VLAN4012,3,terminal,3,1001,2,3,0,2204,10,0,1.97568,0,0
2209,stage_arrival,0,VLAN4012,3,terminal,3,1001,2,3,0,2209,10,0,0,1.97568,0
2205,allocate_send_arrival,0,VLAN4012,3,terminal,3,1001,2,3,0,2205,10,0,1.97568,0,0
2210,stage_arrival,0,VLAN4012,3,terminal,3,1001,2,3,0,2210,10,0,0,1.97568,0
2206,allocate_send_arrival,0,VLAN4012,3,terminal,3,1001,2,3,0,2206,10,0,1.97568,0,0
2211,stage_arrival,0,VLAN4012,3,terminal,3,1001,2,3,0,2211,10,0,0,1.94992,0
2212,stage_arrival,0,VLAN4012,3,terminal,3,1001,2,3,0,2212,10,0,0,1.94992,0
2208,allocate_send_arrival,0,VLAN4012,3,terminal,3,1001,2,3,0,2208,10,0,1.94992,0,0
2208,allocate_send_arrival,0,VLAN4012,3,terminal,3,1001,2,3,0,2208,10,0,1.94992,0,0
2213,stage_arrival,0,VLAN4012,3,terminal,3,1001,2,3,0,2213,10,0,0,1.94992,0
2209,allocate_send_arrival,0,VLAN4012,3,terminal,3,1001,2,3,0,2209,10,0,1.94992,0,0
2214,stage_arrival,0,VLAN4012,3,terminal,3,1001,2,3,0,2214,10,0,0,1.94992,0
2215,stage_arrival,0,VLAN4012,3,terminal,3,1001,2,3,0,2215,10,0,0,1.94992,0
2211,allocate_send_arrival,0,VLAN4012,3,terminal,3,1001,2,3,0,2211,10,0,1.94992,0,0
2211,allocate_send_arrival,0,VLAN4012,3,terminal,3,1001,2,3,0,2211,10,0,1.94992,0,0
2216,stage_arrival,0,VLAN4012,3,terminal,3,1001,2,3,0,2216,10,0,0,1.94992,0
2213,allocate_send_arrival,0,VLAN4012,3,terminal,3,1001,2,3,0,2213,10,0,1.94992,0,0
2217,stage_arrival,0,VLAN4012,3,terminal,3,1001,2,3,0,2217,10,0,0,1.94992,0
2214,allocate_send_arrival,0,VLAN4012,3,terminal,3,1001,2,3,0,2214,10,0,1.94992,0,0
2218,stage_arrival,0,VLAN4012,3,terminal,3,1001,2,3,0,2218,10,0,0,1.94992,0
2215,allocate_send_arrival,0,VLAN4012,3,terminal,3,1001,2,3,0,2215,10,0,1.94992,0,0
2219,stage_arrival,0,VLAN4012,3,terminal,3,1001,2,3,0,2219,10,0,0,1.94992,0
2220,stage_arrival,0,VLAN4012,3,terminal,3,1001,2,3,0,2220,10,0,0,1.94992,0
2216,allocate_send_arrival,0,VLAN4012,3,terminal,3,1001,2,3,0,2216,10,0,1.94992,0,0
2216,allocate_send_arrival,0,VLAN4012,3,terminal,3,1001,2,3,0,2216,10,0,1.94992,0,0
2221,stage_arrival,0,VLAN4012,3,terminal,3,1001,2,3,0,2221,10,0,0,1.98427,0
2222,stage_arrival,0,VLAN4012,3,terminal,3,1001,2,3,0,2222,10,0,0,1.98427,0
2218,allocate_send_arrival,0,VLAN4012,3,terminal,3,1001,2,3,0,2218,10,0,1.98427,0,0
2218,allocate_send_arrival,0,VLAN4012,3,terminal,3,1001,2,3,0,2218,10,0,1.98427,0,0
2223,stage_arrival,0,VLAN4012,3,terminal,3,1001,2,3,0,2223,10,0,0,1.98427,0
2219,allocate_send_arrival,0,VLAN4012,3,terminal,3,1001,2,3,0,2219,10,0,1.98427,0,0
2224,stage_arrival,0,VLAN4012,3,terminal,3,1001,2,3,0,2224,10,0,0,1.98427,0
2225,stage_arrival,0,VLAN4012,3,terminal,3,1001,2,3,0,2225,10,0,0,1.98427,0
2221,allocate_send_arrival,0,VLAN4012,3,terminal,3,1001,2,3,0,2221,10,0,1.98427,0,0
2221,allocate_send_arrival,0,VLAN4012,3,terminal,3,1001,2,3,0,2221,10,0,1.98427,0,0
2226,stage_arrival,0,VLAN4012,3,terminal,3,1001,2,3,0,2226,10,0,0,1.98427,0
2222,allocate_send_arrival,0,VLAN4012,3,terminal,3,1001,2,3,0,2222,10,0,1.98427,0,0
2227,stage_arrival,0,VLAN4012,3,terminal,3,1001,2,3,0,2227,10,0,0,1.98427,0
2228,stage_arrival,0,VLAN4012,3,terminal,3,1001,2,3,0,2228,10,0,0,1.98427,0
2224,allocate_send_arrival,0,VLAN4012,3,terminal,3,1001,2,3,0,2224,10,0,1.98427,0,0
2224,allocate_send_arrival,0,VLAN4012,3,terminal,3,1001,2,3,0,2224,10,0,1.98427,0,0
2229,stage_arrival,0,VLAN4012,3,terminal,3,1001,2,3,0,2229,10,0,0,1.98427,0
2225,allocate_send_arrival,0,VLAN4012,3,terminal,3,1001,2,3,0,2225,10,0,1.98427,0,0
2230,stage_arrival,0,VLAN4012,3,terminal,3,1001,2,3,0,2230,10,0,0,1.98427,0
2226,allocate_send_arrival,0,VLAN4012,3,terminal,3,1001,2,3,0,2226,10,0,1.98427,0,0
2231,stage_arrival,0,VLAN4012,3,terminal,3,1001,2,3,0,2231,10,0,0,1.94992,0
2228,allocate_send_arrival,0,VLAN4012,3,terminal,3,1001,2,3,0,2228,10,0,1.94992,0,0
2232,stage_arrival,0,VLAN4012,3,terminal,3,1001,2,3,0,2232,10,0,0,1.94992,0
2229,allocate_send_arrival,0,VLAN4012,3,terminal,3,1001,2,3,0,2229,10,0,1.94992,0,0
2233,stage_arrival,0,VLAN4012,3,terminal,3,1001,2,3,0,2233,10,0,0,1.94992,0
2230,allocate_send_arrival,0,VLAN4012,3,terminal,3,1001,2,3,0,2230,10,0,1.94992,0,0
2234,stage_arrival,0,VLAN4012,3,terminal,3,1001,2,3,0,2234,10,0,0,1.94992,0
2235,stage_arrival,0,VLAN4012,3,terminal,3,1001,2,3,0,2235,10,0,0,1.94992,0
2231,allocate_send_arrival,0,VLAN4012,3,terminal,3,1001,2,3,0,2231,10,0,1.94992,0,0
2231,allocate_send_arrival,0,VLAN4012,3,terminal,3,1001,2,3,0,2231,10,0,1.94992,0,0
2236,stage_arrival,0,VLAN4012,3,terminal,3,1001,2,3,0,2236,10,0,0,1.94992,0
2232,allocate_send_arrival,0,VLAN4012,3,terminal,3,1001,2,3,0,2232,10,0,1.94992,0,0
2237,stage_arrival,0,VLAN4012,3,terminal,3,1001,2,3,0,2237,10,0,0,1.94992,0
2233,allocate_send_arrival,0,VLAN4012,3,terminal,3,1001,2,3,0,2233,10,0,1.94992,0,0
2238,stage_arrival,0,VLAN4012,3,terminal,3,1001,2,3,0,2238,10,0,0,1.94992,0
2234,allocate_send_arrival,0,VLAN4012,3,terminal,3,1001,2,3,0,2234,10,0,1.94992,0,0
2239,stage_arrival,0,VLAN4012,3,terminal,3,1001,2,3,0,2239,10,0,0,1.94992,0
2235,allocate_send_arrival,0,VLAN4012,3,terminal,3,1001,2,3,0,2235,10,0,1.94992,0,0
2240,stage_arrival,0,VLAN4012,3,terminal,3,1001,2,3,0,2240,10,0,0,1.94992,0
2236,allocate_send_arrival,0,VLAN4012,3,terminal,3,1001,2,3,0,2236,10,0,1.94992,0,0
2241,stage_arrival,0,VLAN4012,3,terminal,3,1001,2,3,0,2241,10,0,0,1.9671,0
2238,allocate_send_arrival,0,VLAN4012,3,terminal,3,1001,2,3,0,2238,10,0,1.9671,0,0
2242,stage_arrival,0,VLAN4012,3,terminal,3,1001,2,3,0,2242,10,0,0,1.9671,0
2239,allocate_send_arrival,0,VLAN4012,3,terminal,3,1001,2,3,0,2239,10,0,1.9671,0,0
2243,stage_arrival,0,VLAN4012,3,terminal,3,1001,2,3,0,2243,10,0,0,1.9671,0
2240,allocate_send_arrival,0,VLAN4012,3,terminal,3,1001,2,3,0,2240,10,0,1.9671,0,0
2244,stage_arrival,0,VLAN4012,3,terminal,3,1001,2,3,0,2244,10,0,0,1.9671,0
2245,stage_arrival,0,VLAN4012,3,terminal,3,1001,2,3,0,2245,10,0,0,1.9671,0
2241,allocate_send_arrival,0,VLAN4012,3,terminal,3,1001,2,3,0,2241,10,0,1.9671,0,0
2241,allocate_send_arrival,0,VLAN4012,3,terminal,3,1001,2,3,0,2241,10,0,1.9671,0,0
2246,stage_arrival,0,VLAN4012,3,terminal,3,1001,2,3,0,2246,10,0,0,1.9671,0
2242,allocate_send_arrival,0,VLAN4012,3,terminal,3,1001,2,3,0,2242,10,0,1.9671,0,0
2247,stage_arrival,0,VLAN4012,3,terminal,3,1001,2,3,0,2247,10,0,0,1.9671,0
2243,allocate_send_arrival,0,VLAN4012,3,terminal,3,1001,2,3,0,2243,10,0,1.9671,0,0
2248,stage_arrival,0,VLAN4012,3,terminal,3,1001,2,3,0,2248,10,0,0,1.9671,0
2249,stage_arrival,0,VLAN4012,3,terminal,3,1001,2,3,0,2249,10,0,0,1.9671,0
2245,allocate_send_arrival,0,VLAN4012,3,terminal,3,1001,2,3,0,2245,10,0,1.9671,0,0
2245,allocate_send_arrival,0,VLAN4012,3,terminal,3,1001,2,3,0,2245,10,0,1.9671,0,0
2250,stage_arrival,0,VLAN4012,3,terminal,3,1001,2,3,0,2250,10,0,0,1.9671,0
2246,allocate_send_arrival,0,VLAN4012,3,terminal,3,1001,2,3,0,2246,10,0,1.9671,0,0
2251,stage_arrival,0,VLAN4012,3,terminal,3,1001,2,3,0,2251,10,0,0,1.9671,0
2247,allocate_send_arrival,0,VLAN4012,3,terminal,3,1001,2,3,0,2247,10,0,1.9671,0,0
2252,stage_arrival,0,VLAN4012,3,terminal,3,1001,2,3,0,2252,10,0,0,1.9671,0
2248,allocate_send_arrival,0,VLAN4012,3,terminal,3,1001,2,3,0,2248,10,0,1.9671,0,0
2253,stage_arrival,0,VLAN4012,3,terminal,3,1001,2,3,0,2253,10,0,0,1.9671,0
2250,allocate_send_arrival,0,VLAN4012,3,terminal,3,1001,2,3,0,2250,10,0,1.9671,0,0
2254,stage_arrival,0,VLAN4012,3,terminal,3,1001,2,3,0,2254,10,0,0,1.9671,0
2255,stage_arrival,0,VLAN4012,3,terminal,3,1001,2,3,0,2255,10,0,0,1.9671,0
2251,allocate_send_arrival,0,VLAN4012,3,terminal,3,1001,2,3,0,2251,10,0,1.9671,0,0
2251,allocate_send_arrival,0,VLAN4012,3,terminal,3,1001,2,3,0,2251,10,0,1.9671,0,0
2256,stage_arrival,0,VLAN4012,3,terminal,3,1001,2,3,0,2256,10,0,0,1.9671,0
2257,stage_arrival,0,VLAN4012,3,terminal,3,1001,2,3,0,2257,10,0,0,1.9671,0
2253,allocate_send_arrival,0,VLAN4012,3,terminal,3,1001,2,3,0,2253,10,0,1.9671,0,0
2253,allocate_send_arrival,0,VLAN4012,3,terminal,3,1001,2,3,0,2253,10,0,1.9671,0,0
2258,stage_arrival,0,VLAN4012,3,terminal,3,1001,2,3,0,2258,10,0,0,1.9671,0
2254,allocate_send_arrival,0,VLAN4012,3,terminal,3,1001,2,3,0,2254,10,0,1.9671,0,0
2259,stage_arrival,0,VLAN4012,3,terminal,3,1001,2,3,0,2259,10,0,0,1.9671,0
2260,stage_arrival,0,VLAN4012,3,terminal,3,1001,2,3,0,2260,10,0,0,1.9671,0
2256,allocate_send_arrival,0,VLAN4012,3,terminal,3,1001,2,3,0,2256,10,0,1.9671,0,0
2256,allocate_send_arrival,0,VLAN4012,3,terminal,3,1001,2,3,0,2256,10,0,1.9671,0,0
2261,stage_arrival,0,VLAN4012,3,terminal,3,1001,2,3,0,2261,10,0,0,1.94133,0
2257,allocate_send_arrival,0,VLAN4012,3,terminal,3,1001,2,3,0,2257,10,0,1.94133,0,0
2262,stage_arrival,0,VLAN4012,3,terminal,3,1001,2,3,0,2262,10,0,0,1.94133,0
2258,allocate_send_arrival,0,VLAN4012,3,terminal,3,1001,2,3,0,2258,10,0,1.94133,0,0
2263,stage_arrival,0,VLAN4012,3,terminal,3,1001,2,3,0,2263,10,0,0,1.94133,0
2259,allocate_send_arrival,0,VLAN4012,3,terminal,3,1001,2,3,0,2259,10,0,1.94133,0,0
2264,stage_arrival,0,VLAN4012,3,terminal,3,1001,2,3,0,2264,10,0,0,1.94133,0
2260,allocate_send_arrival,0,VLAN4012,3,terminal,3,1001,2,3,0,2260,10,0,1.94133,0,0
2265,stage_arrival,0,VLAN4012,3,terminal,3,1001,2,3,0,2265,10,0,0,1.94133,0
2261,allocate_send_arrival,0,VLAN4012,3,terminal,3,1001,2,3,0,2261,10,0,1.94133,0,0
2266,stage_arrival,0,VLAN4012,3,terminal,3,1001,2,3,0,2266,10,0,0,1.94133,0
2262,allocate_send_arrival,0,VLAN4012,3,terminal,3,1001,2,3,0,2262,10,0,1.94133,0,0
2267,stage_arrival,0,VLAN4012,3,terminal,3,1001,2,3,0,2267,10,0,0,1.94133,0
2263,allocate_send_arrival,0,VLAN4012,3,terminal,3,1001,2,3,0,2263,10,0,1.94133,0,0
2268,stage_arrival,0,VLAN4012,3,terminal,3,1001,2,3,0,2268,10,0,0,1.94133,0
2264,allocate_send_arrival,0,VLAN4012,3,terminal,3,1001,2,3,0,2264,10,0,1.94133,0,0
2269,stage_arrival,0,VLAN4012,3,terminal,3,1001,2,3,0,2269,10,0,0,1.94133,0
2270,stage_arrival,0,VLAN4012,3,terminal,3,1001,2,3,0,2270,10,0,0,1.94133,0
2266,allocate_send_arrival,0,VLAN4012,3,terminal,3,1001,2,3,0,2266,10,0,1.94133,0,0
2266,allocate_send_arrival,0,VLAN4012,3,terminal,3,1001,2,3,0,2266,10,0,1.94133,0,0
2271,stage_arrival,0,VLAN4012,3,terminal,3,1001,2,3,0,2271,10,0,0,1.94133,0
2272,stage_arrival,0,VLAN4012,3,terminal,3,1001,2,3,0,2272,10,0,0,1.94133,0
2268,allocate_send_arrival,0,VLAN4012,3,terminal,3,1001,2,3,0,2268,10,0,1.94133,0,0
2268,allocate_send_arrival,0,VLAN4012,3,terminal,3,1001,2,3,0,2268,10,0,1.94133,0,0
2273,stage_arrival,0,VLAN4012,3,terminal,3,1001,2,3,0,2273,10,0,0,1.94133,0
2270,allocate_send_arrival,0,VLAN4012,3,terminal,3,1001,2,3,0,2270,10,0,1.94133,0,0
2274,stage_arrival,0,VLAN4012,3,terminal,3,1001,2,3,0,2274,10,0,0,1.94133,0
2275,stage_arrival,0,VLAN4012,3,terminal,3,1001,2,3,0,2275,10,0,0,1.94133,0
2271,allocate_send_arrival,0,VLAN4012,3,terminal,3,1001,2,3,0,2271,10,0,1.94133,0,0
2271,allocate_send_arrival,0,VLAN4012,3,terminal,3,1001,2,3,0,2271,10,0,1.94133,0,0
2276,stage_arrival,0,VLAN4012,3,terminal,3,1001,2,3,0,2276,10,0,0,1.94133,0
2272,allocate_send_arrival,0,VLAN4012,3,terminal,3,1001,2,3,0,2272,10,0,1.94133,0,0
2277,stage_arrival,0,VLAN4012,3,terminal,3,1001,2,3,0,2277,10,0,0,1.94133,0
2273,allocate_send_arrival,0,VLAN4012,3,terminal,3,1001,2,3,0,2273,10,0,1.94133,0,0
2278,stage_arrival,0,VLAN4012,3,terminal,3,1001,2,3,0,2278,10,0,0,1.94133,0
2279,stage_arrival,0,VLAN4012,3,terminal,3,1001,2,3,0,2279,10,0,0,1.94133,0
2275,allocate_send_arrival,0,VLAN4012,3,terminal,3,1001,2,3,0,2275,10,0,1.94133,0,0
2275,allocate_send_arrival,0,VLAN4012,3,terminal,3,1001,2,3,0,2275,10,0,1.94133,0,0
2280,stage_arrival,0,VLAN4012,3,terminal,3,1001,2,3,0,2280,10,0,0,1.94133,0
2276,allocate_send_arrival,0,VLAN4012,3,terminal,3,1001,2,3,0,2276,10,0,1.94133,0,0
2281,stage_arrival,0,VLAN4012,3,terminal,3,1001,2,3,0,2281,10,0,0,1.93274,0
2282,stage_arrival,0,VLAN4012,3,terminal,3,1001,2,3,0,2282,10,0,0,1.93274,0
2278,allocate_send_arrival,0,VLAN4012,3,terminal,3,1001,2,3,0,2278,10,0,1.93274,0,0
2278,allocate_send_arrival,0,VLAN4012,3,terminal,3,1001,2,3,0,2278,10,0,1.93274,0,0
2283,stage_arrival,0,VLAN4012,3,terminal,3,1001,2,3,0,2283,10,0,0,1.93274,0
2279,allocate_send_arrival,0,VLAN4012,3,terminal,3,1001,2,3,0,2279,10,0,1.93274,0,0
2284,stage_arrival,0,VLAN4012,3,terminal,3,1001,2,3,0,2284,10,0,0,1.93274,0
2285,stage_arrival,0,VLAN4012,3,terminal,3,1001,2,3,0,2285,10,0,0,1.93274,0
2281,allocate_send_arrival,0,VLAN4012,3,terminal,3,1001,2,3,0,2281,10,0,1.93274,0,0
2281,allocate_send_arrival,0,VLAN4012,3,terminal,3,1001,2,3,0,2281,10,0,1.93274,0,0
2286,stage_arrival,0,VLAN4012,3,terminal,3,1001,2,3,0,2286,10,0,0,1.93274,0
2287,stage_arrival,0,VLAN4012,3,terminal,3,1001,2,3,0,2287,10,0,0,1.93274,0
2283,allocate_send_arrival,0,VLAN4012,3,terminal,3,1001,2,3,0,2283,10,0,1.93274,0,0
2283,allocate_send_arrival,0,VLAN4012,3,terminal,3,1001,2,3,0,2283,10,0,1.93274,0,0
2288,stage_arrival,0,VLAN4012,3,terminal,3,1001,2,3,0,2288,10,0,0,1.93274,0
2289,stage_arrival,0,VLAN4012,3,terminal,3,1001,2,3,0,2289,10,0,0,1.93274,0
2285,allocate_send_arrival,0,VLAN4012,3,terminal,3,1001,2,3,0,2285,10,0,1.93274,0,0
2285,allocate_send_arrival,0,VLAN4012,3,terminal,3,1001,2,3,0,2285,10,0,1.93274,0,0
2290,stage_arrival,0,VLAN4012,3,terminal,3,1001,2,3,0,2290,10,0,0,1.93274,0
2286,allocate_send_arrival,0,VLAN4012,3,terminal,3,1001,2,3,0,2286,10,0,1.93274,0,0
2291,stage_arrival,0,VLAN4012,3,terminal,3,1001,2,3,0,2291,10,0,0,1.9671,0
2287,allocate_send_arrival,0,VLAN4012,3,terminal,3,1001,2,3,0,2287,10,0,1.9671,0,0
2292,stage_arrival,0,VLAN4012,3,terminal,3,1001,2,3,0,2292,10,0,0,1.9671,0
2293,stage_arrival,0,VLAN4012,3,terminal,3,1001,2,3,0,2293,10,0,0,1.9671,0
2289,allocate_send_arrival,0,VLAN4012,3,terminal,3,1001,2,3,0,2289,10,0,1.9671,0,0
2289,allocate_send_arrival,0,VLAN4012,3,terminal,3,1001,2,3,0,2289,10,0,1.9671,0,0
2294,stage_arrival,0,VLAN4012,3,terminal,3,1001,2,3,0,2294,10,0,0,1.9671,0
2290,allocate_send_arrival,0,VLAN4012,3,terminal,3,1001,2,3,0,2290,10,0,1.9671,0,0
2295,stage_arrival,0,VLAN4012,3,terminal,3,1001,2,3,0,2295,10,0,0,1.9671,0
2291,allocate_send_arrival,0,VLAN4012,3,terminal,3,1001,2,3,0,2291,10,0,1.9671,0,0
2296,stage_arrival,0,VLAN4012,3,terminal,3,1001,2,3,0,2296,10,0,0,1.9671,0
2297,stage_arrival,0,VLAN4012,3,terminal,3,1001,2,3,0,2297,10,0,0,1.9671,0
2293,allocate_send_arrival,0,VLAN4012,3,terminal,3,1001,2,3,0,2293,10,0,1.9671,0,0
2293,allocate_send_arrival,0,VLAN4012,3,terminal,3,1001,2,3,0,2293,10,0,1.9671,0,0
2298,stage_arrival,0,VLAN4012,3,terminal,3,1001,2,3,0,2298,10,0,0,1.9671,0
2299,stage_arrival,0,VLAN4012,3,terminal,3,1001,2,3,0,2299,10,0,0,1.9671,0
2295,allocate_send_arrival,0,VLAN4012,3,terminal,3,1001,2,3,0,2295,10,0,1.9671,0,0
2295,allocate_send_arrival,0,VLAN4012,3,terminal,3,1001,2,3,0,2295,10,0,1.9671,0,0
2300,stage_arrival,0,VLAN4012,3,terminal,3,1001,2,3,0,2300,10,0,0,1.9671,0
2296,allocate_send_arrival,0,VLAN4012,3,terminal,3,1001,2,3,0,2296,10,0,1.9671,0,0
2301,stage_arrival,0,VLAN4012,3,terminal,3,1001,2,3,0,2301,10,0,0,1.95851,0
2302,stage_arrival,0,VLAN4012,3,terminal,3,1001,2,3,0,2302,10,0,0,1.95851,0
2298,allocate_send_arrival,0,VLAN4012,3,terminal,3,1001,2,3,0,2298,10,0,1.95851,0,0
2298,allocate_send_arrival,0,VLAN4012,3,terminal,3,1001,2,3,0,2298,10,0,1.95851,0,0
2303,stage_arrival,0,VLAN4012,3,terminal,3,1001,2,3,0,2303,10,0,0,1.95851,0
2304,stage_arrival,0,VLAN4012,3,terminal,3,1001,2,3,0,2304,10,0,0,1.95851,0
2300,allocate_send_arrival,0,VLAN4012,3,terminal,3,1001,2,3,0,2300,10,0,1.95851,0,0
2300,allocate_send_arrival,0,VLAN4012,3,terminal,3,1001,2,3,0,2300,10,0,1.95851,0,0
2305,stage_arrival,0,VLAN4012,3,terminal,3,1001,2,3,0,2305,10,0,0,1.95851,0
2301,allocate_send_arrival,0,VLAN4012,3,terminal,3,1001,2,3,0,2301,10,0,1.95851,0,0
2306,stage_arrival,0,VLAN4012,3,terminal,3,1001,2,3,0,2306,10,0,0,1.95851,0
2302,allocate_send_arrival,0,VLAN4012,3,terminal,3,1001,2,3,0,2302,10,0,1.95851,0,0
2307,stage_arrival,0,VLAN4012,3,terminal,3,1001,2,3,0,2307,10,0,0,1.95851,0
2304,allocate_send_arrival,0,VLAN4012,3,terminal,3,1001,2,3,0,2304,10,0,1.95851,0,0
2308,stage_arrival,0,VLAN4012,3,terminal,3,1001,2,3,0,2308,10,0,0,1.95851,0
2305,allocate_send_arrival,0,VLAN4012,3,terminal,3,1001,2,3,0,2305,10,0,1.95851,0,0
2309,stage_arrival,0,VLAN4012,3,terminal,3,1001,2,3,0,2309,10,0,0,1.95851,0
2310,stage_arrival,0,VLAN4012,3,terminal,3,1001,2,3,0,2310,10,0,0,1.95851,0
2306,allocate_send_arrival,0,VLAN4012,3,terminal,3,1001,2,3,0,2306,10,0,1.95851,0,0
2306,allocate_send_arrival,0,VLAN4012,3,terminal,3,1001,2,3,0,2306,10,0,1.95851,0,0
2311,stage_arrival,0,VLAN4012,3,terminal,3,1001,2,3,0,2311,10,0,0,1.94992,0
2312,stage_arrival,0,VLAN4012,3,terminal,3,1001,2,3,0,2312,10,0,0,1.94992,0
2308,allocate_send_arrival,0,VLAN4012,3,terminal,3,1001,2,3,0,2308,10,0,1.94992,0,0
2308,allocate_send_arrival,0,VLAN4012,3,terminal,3,1001,2,3,0,2308,10,0,1.94992,0,0
2313,stage_arrival,0,VLAN4012,3,terminal,3,1001,2,3,0,2313,10,0,0,1.94992,0
2314,stage_arrival,0,VLAN4012,3,terminal,3,1001,2,3,0,2314,10,0,0,1.94992,0
2310,allocate_send_arrival,0,VLAN4012,3,terminal,3,1001,2,3,0,2310,10,0,1.94992,0,0
2310,allocate_send_arrival,0,VLAN4012,3,terminal,3,1001,2,3,0,2310,10,0,1.94992,0,0
2315,stage_arrival,0,VLAN4012,3,terminal,3,1001,2,3,0,2315,10,0,0,1.94992,0
2311,allocate_send_arrival,0,VLAN4012,3,terminal,3,1001,2,3,0,2311,10,0,1.94992,0,0
2316,stage_arrival,0,VLAN4012,3,terminal,3,1001,2,3,0,2316,10,0,0,1.94992,0
2317,stage_arrival,0,VLAN4012,3,terminal,3,1001,2,3,0,2317,10,0,0,1.94992,0
2313,allocate_send_arrival,0,VLAN4012,3,terminal,3,1001,2,3,0,2313,10,0,1.94992,0,0
2313,allocate_send_arrival,0,VLAN4012,3,terminal,3,1001,2,3,0,2313,10,0,1.94992,0,0
2318,stage_arrival,0,VLAN4012,3,terminal,3,1001,2,3,0,2318,10,0,0,1.94992,0
2314,allocate_send_arrival,0,VLAN4012,3,terminal,3,1001,2,3,0,2314,10,0,1.94992,0,0
2319,stage_arrival,0,VLAN4012,3,terminal,3,1001,2,3,0,2319,10,0,0,1.94992,0
2320,stage_arrival,0,VLAN4012,3,terminal,3,1001,2,3,0,2320,10,0,0,1.94992,0
2316,allocate_send_arrival,0,VLAN4012,3,terminal,3,1001,2,3,0,2316,10,0,1.94992,0,0
2316,allocate_send_arrival,0,VLAN4012,3,terminal,3,1001,2,3,0,2316,10,0,1.94992,0,0
2321,stage_arrival,0,VLAN4012,3,terminal,3,1001,2,3,0,2321,10,0,0,1.95851,0
2318,allocate_send_arrival,0,VLAN4012,3,terminal,3,1001,2,3,0,2318,10,0,1.95851,0,0
2322,stage_arrival,0,VLAN4012,3,terminal,3,1001,2,3,0,2322,10,0,0,1.95851,0
2323,stage_arrival,0,VLAN4012,3,terminal,3,1001,2,3,0,2323,10,0,0,1.95851,0
2319,allocate_send_arrival,0,VLAN4012,3,terminal,3,1001,2,3,0,2319,10,0,1.95851,0,0
2319,allocate_send_arrival,0,VLAN4012,3,terminal,3,1001,2,3,0,2319,10,0,1.95851,0,0
2324,stage_arrival,0,VLAN4012,3,terminal,3,1001,2,3,0,2324,10,0,0,1.95851,0
2320,allocate_send_arrival,0,VLAN4012,3,terminal,3,1001,2,3,0,2320,10,0,1.95851,0,0
2325,stage_arrival,0,VLAN4012,3,terminal,3,1001,2,3,0,2325,10,0,0,1.95851,0
2321,allocate_send_arrival,0,VLAN4012,3,terminal,3,1001,2,3,0,2321,10,0,1.95851,0,0
2326,stage_arrival,0,VLAN4012,3,terminal,3,1001,2,3,0,2326,10,0,0,1.95851,0
2322,allocate_send_arrival,0,VLAN4012,3,terminal,3,1001,2,3,0,2322,10,0,1.95851,0,0
2327,stage_arrival,0,VLAN4012,3,terminal,3,1001,2,3,0,2327,10,0,0,1.95851,0
2328,stage_arrival,0,VLAN4012,3,terminal,3,1001,2,3,0,2328,10,0,0,1.95851,0
2324,allocate_send_arrival,0,VLAN4012,3,terminal,3,1001,2,3,0,2324,10,0,1.95851,0,0
2324,allocate_send_arrival,0,VLAN4012,3,terminal,3,1001,2,3,0,2324,10,0,1.95851,0,0
2329,stage_arrival,0,VLAN4012,3,terminal,3,1001,2,3,0,2329,10,0,0,1.95851,0
2330,stage_arrival,0,VLAN4012,3,terminal,3,1001,2,3,0,2330,10,0,0,1.95851,0
2326,allocate_send_arrival,0,VLAN4012,3,terminal,3,1001,2,3,0,2326,10,0,1.95851,0,0
2326,allocate_send_arrival,0,VLAN4012,3,terminal,3,1001,2,3,0,2326,10,0,1.95851,0,0
2331,stage_arrival,0,VLAN4012,3,terminal,3,1001,2,3,0,2331,10,0,0,1.93274,0
2327,allocate_send_arrival,0,VLAN4012,3,terminal,3,1001,2,3,0,2327,10,0,1.93274,0,0
2332,stage_arrival,0,VLAN4012,3,terminal,3,1001,2,3,0,2332,10,0,0,1.93274,0
2333,stage_arrival,0,VLAN4012,3,terminal,3,1001,2,3,0,2333,10,0,0,1.93274,0
2329,allocate_send_arrival,0,VLAN4012,3,terminal,3,1001,2,3,0,2329,10,0,1.93274,0,0
2329,allocate_send_arrival,0,VLAN4012,3,terminal,3,1001,2,3,0,2329,10,0,1.93274,0,0
2334,stage_arrival,0,VLAN4012,3,terminal,3,1001,2,3,0,2334,10,0,0,1.93274,0
2335,stage_arrival,0,VLAN4012,3,terminal,3,1001,2,3,0,2335,10,0,0,1.93274,0
2331,allocate_send_arrival,0,VLAN4012,3,terminal,3,1001,2,3,0,2331,10,0,1.93274,0,0
2331,allocate_send_arrival,0,VLAN4012,3,terminal,3,1001,2,3,0,2331,10,0,1.93274,0,0
2336,stage_arrival,0,VLAN4012,3,terminal,3,1001,2,3,0,2336,10,0,0,1.93274,0
2332,allocate_send_arrival,0,VLAN4012,3,terminal,3,1001,2,3,0,2332,10,0,1.93274,0,0
2337,stage_arrival,0,VLAN4012,3,terminal,3,1001,2,3,0,2337,10,0,0,1.93274,0
2333,allocate_send_arrival,0,VLAN4012,3,terminal,3,1001,2,3,0,2333,10,0,1.93274,0,0
2338,stage_arrival,0,VLAN4012,3,terminal,3,1001,2,3,0,2338,10,0,0,1.93274,0
2335,allocate_send_arrival,0,VLAN4012,3,terminal,3,1001,2,3,0,2335,10,0,1.93274,0,0
2339,stage_arrival,0,VLAN4012,3,terminal,3,1001,2,3,0,2339,10,0,0,1.93274,0
2340,stage_arrival,0,VLAN4012,3,terminal,3,1001,2,3,0,2340,10,0,0,1.93274,0
2336,allocate_send_arrival,0,VLAN4012,3,terminal,3,1001,2,3,0,2336,10,0,1.93274,0,0
2336,allocate_send_arrival,0,VLAN4012,3,terminal,3,1001,2,3,0,2336,10,0,1.93274,0,0
2341,stage_arrival,0,VLAN4012,3,terminal,3,1001,2,3,0,2341,10,0,0,1.92415,0
2337,allocate_send_arrival,0,VLAN4012,3,terminal,3,1001,2,3,0,2337,10,0,1.92415,0,0
2342,stage_arrival,0,VLAN4012,3,terminal,3,1001,2,3,0,2342,10,0,0,1.92415,0
2343,stage_arrival,0,VLAN4012,3,terminal,3,1001,2,3,0,2343,10,0,0,1.92415,0
2339,allocate_send_arrival,0,VLAN4012,3,terminal,3,1001,2,3,0,2339,10,0,1.92415,0,0
2339,allocate_send_arrival,0,VLAN4012,3,terminal,3,1001,2,3,0,2339,10,0,1.92415,0,0
2344,stage_arrival,0,VLAN4012,3,terminal,3,1001,2,3,0,2344,10,0,0,1.92415,0
2340,allocate_send_arrival,0,VLAN4012,3,terminal,3,1001,2,3,0,2340,10,0,1.92415,0,0
2345,stage_arrival,0,VLAN4012,3,terminal,3,1001,2,3,0,2345,10,0,0,1.92415,0
2341,allocate_send_arrival,0,VLAN4012,3,terminal,3,1001,2,3,0,2341,10,0,1.92415,0,0
2346,stage_arrival,0,VLAN4012,3,terminal,3,1001,2,3,0,2346,10,0,0,1.92415,0
2342,allocate_send_arrival,0,VLAN4012,3,terminal,3,1001,2,3,0,2342,10,0,1.92415,0,0
2347,stage_arrival,0,VLAN4012,3,terminal,3,1001,2,3,0,2347,10,0,0,1.92415,0
2343,allocate_send_arrival,0,VLAN4012,3,terminal,3,1001,2,3,0,2343,10,0,1.92415,0,0
2348,stage_arrival,0,VLAN4012,3,terminal,3,1001,2,3,0,2348,10,0,0,1.92415,0
2349,stage_arrival,0,VLAN4012,3,terminal,3,1001,2,3,0,2349,10,0,0,1.92415,0
2345,allocate_send_arrival,0,VLAN4012,3,terminal,3,1001,2,3,0,2345,10,0,1.92415,0,0
2345,allocate_send_arrival,0,VLAN4012,3,terminal,3,1001,2,3,0,2345,10,0,1.92415,0,0
2350,stage_arrival,0,VLAN4012,3,terminal,3,1001,2,3,0,2350,10,0,0,1.92415,0
2346,allocate_send_arrival,0,VLAN4012,3,terminal,3,1001,2,3,0,2346,10,0,1.92415,0,0
2351,stage_arrival,0,VLAN4012,3,terminal,3,1001,2,3,0,2351,10,0,0,1.94992,0
2352,stage_arrival,0,VLAN4012,3,terminal,3,1001,2,3,0,2352,10,0,0,1.94992,0
2348,allocate_send_arrival,0,VLAN4012,3,terminal,3,1001,2,3,0,2348,10,0,1.94992,0,0
2348,allocate_send_arrival,0,VLAN4012,3,terminal,3,1001,2,3,0,2348,10,0,1.94992,0,0
2353,stage_arrival,0,VLAN4012,3,terminal,3,1001,2,3,0,2353,10,0,0,1.94992,0
2350,allocate_send_arrival,0,VLAN4012,3,terminal,3,1001,2,3,0,2350,10,0,1.94992,0,0
2354,stage_arrival,0,VLAN4012,3,terminal,3,1001,2,3,0,2354,10,0,0,1.94992,0
2355,stage_arrival,0,VLAN4012,3,terminal,3,1001,2,3,0,2355,10,0,0,1.94992,0
2351,allocate_send_arrival,0,VLAN4012,3,terminal,3,1001,2,3,0,2351,10,0,1.94992,0,0
2351,allocate_send_arrival,0,VLAN4012,3,terminal,3,1001,2,3,0,2351,10,0,1.94992,0,0
2356,stage_arrival,0,VLAN4012,3,terminal,3,1001,2,3,0,2356,10,0,0,1.94992,0
2352,allocate_send_arrival,0,VLAN4012,3,terminal,3,1001,2,3,0,2352,10,0,1.94992,0,0
2357,stage_arrival,0,VLAN4012,3,terminal,3,1001,2,3,0,2357,10,0,0,1.94992,0
2353,allocate_send_arrival,0,VLAN4012,3,terminal,3,1001,2,3,0,2353,10,0,1.94992,0,0
2358,stage_arrival,0,VLAN4012,3,terminal,3,1001,2,3,0,2358,10,0,0,1.94992,0
2354,allocate_send_arrival,0,VLAN4012,3,terminal,3,1001,2,3,0,2354,10,0,1.94992,0,0
2359,stage_arrival,0,VLAN4012,3,terminal,3,1001,2,3,0,2359,10,0,0,1.94992,0
2360,stage_arrival,0,VLAN4012,3,terminal,3,1001,2,3,0,2360,10,0,0,1.94992,0
2356,allocate_send_arrival,0,VLAN4012,3,terminal,3,1001,2,3,0,2356,10,0,1.94992,0,0
2356,allocate_send_arrival,0,VLAN4012,3,terminal,3,1001,2,3,0,2356,10,0,1.94992,0,0
2361,stage_arrival,0,VLAN4012,3,terminal,3,1001,2,3,0,2361,10,0,0,1.94992,0
2358,allocate_send_arrival,0,VLAN4012,3,terminal,3,1001,2,3,0,2358,10,0,1.94992,0,0
2362,stage_arrival,0,VLAN4012,3,terminal,3,1001,2,3,0,2362,10,0,0,1.94992,0
2363,stage_arrival,0,VLAN4012,3,terminal,3,1001,2,3,0,2363,10,0,0,1.94992,0
2359,allocate_send_arrival,0,VLAN4012,3,terminal,3,1001,2,3,0,2359,10,0,1.94992,0,0
2359,allocate_send_arrival,0,VLAN4012,3,terminal,3,1001,2,3,0,2359,10,0,1.94992,0,0
2364,stage_arrival,0,VLAN4012,3,terminal,3,1001,2,3,0,2364,10,0,0,1.94992,0
2360,allocate_send_arrival,0,VLAN4012,3,terminal,3,1001,2,3,0,2360,10,0,1.94992,0,0
2365,stage_arrival,0,VLAN4012,3,terminal,3,1001,2,3,0,2365,10,0,0,1.94992,0
2361,allocate_send_arrival,0,VLAN4012,3,terminal,3,1001,2,3,0,2361,10,0,1.94992,0,0
2366,stage_arrival,0,VLAN4012,3,terminal,3,1001,2,3,0,2366,10,0,0,1.94992,0
2367,stage_arrival,0,VLAN4012,3,terminal,3,1001,2,3,0,2367,10,0,0,1.94992,0
2363,allocate_send_arrival,0,VLAN4012,3,terminal,3,1001,2,3,0,2363,10,0,1.94992,0,0
2363,allocate_send_arrival,0,VLAN4012,3,terminal,3,1001,2,3,0,2363,10,0,1.94992,0,0
2368,stage_arrival,0,VLAN4012,3,terminal,3,1001,2,3,0,2368,10,0,0,1.94992,0
2364,allocate_send_arrival,0,VLAN4012,3,terminal,3,1001,2,3,0,2364,10,0,1.94992,0,0
2369,stage_arrival,0,VLAN4012,3,terminal,3,1001,2,3,0,2369,10,0,0,1.94992,0
2370,stage_arrival,0,VLAN4012,3,terminal,3,1001,2,3,0,2370,10,0,0,1.94992,0
2366,allocate_send_arrival,0,VLAN4012,3,terminal,3,1001,2,3,0,2366,10,0,1.94992,0,0
2366,allocate_send_arrival,0,VLAN4012,3,terminal,3,1001,2,3,0,2366,10,0,1.94992,0,0
2371,stage_arrival,0,VLAN4012,3,terminal,3,1001,2,3,0,2371,10,0,0,1.9671,0
2367,allocate_send_arrival,0,VLAN4012,3,terminal,3,1001,2,3,0,2367,10,0,1.9671,0,0
2372,stage_arrival,0,VLAN4012,3,terminal,3,1001,2,3,0,2372,10,0,0,1.9671,0
2369,allocate_send_arrival,0,VLAN4012,3,terminal,3,1001,2,3,0,2369,10,0,1.9671,0,0
2373,stage_arrival,0,VLAN4012,3,terminal,3,1001,2,3,0,2373,10,0,0,1.9671,0
2374,stage_arrival,0,VLAN4012,3,terminal,3,1001,2,3,0,2374,10,0,0,1.9671,0
2370,allocate_send_arrival,0,VLAN4012,3,terminal,3,1001,2,3,0,2370,10,0,1.9671,0,0
2370,allocate_send_arrival,0,VLAN4012,3,terminal,3,1001,2,3,0,2370,10,0,1.9671,0,0
2375,stage_arrival,0,VLAN4012,3,terminal,3,1001,2,3,0,2375,10,0,0,1.9671,0
2371,allocate_send_arrival,0,VLAN4012,3,terminal,3,1001,2,3,0,2371,10,0,1.9671,0,0
2376,stage_arrival,0,VLAN4012,3,terminal,3,1001,2,3,0,2376,10,0,0,1.9671,0
2372,allocate_send_arrival,0,VLAN4012,3,terminal,3,1001,2,3,0,2372,10,0,1.9671,0,0
2377,stage_arrival,0,VLAN4012,3,terminal,3,1001,2,3,0,2377,10,0,0,1.9671,0
2374,allocate_send_arrival,0,VLAN4012,3,terminal,3,1001,2,3,0,2374,10,0,1.9671,0,0
2378,stage_arrival,0,VLAN4012,3,terminal,3,1001,2,3,0,2378,10,0,0,1.9671,0
2375,allocate_send_arrival,0,VLAN4012,3,terminal,3,1001,2,3,0,2375,10,0,1.9671,0,0
2379,stage_arrival,0,VLAN4012,3,terminal,3,1001,2,3,0,2379,10,0,0,1.9671,0
2380,stage_arrival,0,VLAN4012,3,terminal,3,1001,2,3,0,2380,10,0,0,1.9671,0
2376,allocate_send_arrival,0,VLAN4012,3,terminal,3,1001,2,3,0,2376,10,0,1.9671,0,0
2376,allocate_send_arrival,0,VLAN4012,3,terminal,3,1001,2,3,0,2376,10,0,1.9671,0,0
2381,stage_arrival,0,VLAN4012,3,terminal,3,1001,2,3,0,2381,10,0,0,1.93274,0
2377,allocate_send_arrival,0,VLAN4012,3,terminal,3,1001,2,3,0,2377,10,0,1.93274,0,0
2382,stage_arrival,0,VLAN4012,3,terminal,3,1001,2,3,0,2382,10,0,0,1.93274,0
2378,allocate_send_arrival,0,VLAN4012,3,terminal,3,1001,2,3,0,2378,10,0,1.93274,0,0
2383,stage_arrival,0,VLAN4012,3,terminal,3,1001,2,3,0,2383,10,0,0,1.93274,0
2379,allocate_send_arrival,0,VLAN4012,3,terminal,3,1001,2,3,0,2379,10,0,1.93274,0,0
2384,stage_arrival,0,VLAN4012,3,terminal,3,1001,2,3,0,2384,10,0,0,1.93274,0
2380,allocate_send_arrival,0,VLAN4012,3,terminal,3,1001,2,3,0,2380,10,0,1.93274,0,0
2385,stage_arrival,0,VLAN4012,3,terminal,3,1001,2,3,0,2385,10,0,0,1.93274,0
2381,allocate_send_arrival,0,VLAN4012,3,terminal,3,1001,2,3,0,2381,10,0,1.93274,0,0
2386,stage_arrival,0,VLAN4012,3,terminal,3,1001,2,3,0,2386,10,0,0,1.93274,0
2382,allocate_send_arrival,0,VLAN4012,3,terminal,3,1001,2,3,0,2382,10,0,1.93274,0,0
2387,stage_arrival,0,VLAN4012,3,terminal,3,1001,2,3,0,2387,10,0,0,1.93274,0
2383,allocate_send_arrival,0,VLAN4012,3,terminal,3,1001,2,3,0,2383,10,0,1.93274,0,0
2388,stage_arrival,0,VLAN4012,3,terminal,3,1001,2,3,0,2388,10,0,0,1.93274,0
2384,allocate_send_arrival,0,VLAN4012,3,terminal,3,1001,2,3,0,2384,10,0,1.93274,0,0
2389,stage_arrival,0,VLAN4012,3,terminal,3,1001,2,3,0,2389,10,0,0,1.93274,0
2385,allocate_send_arrival,0,VLAN4012,3,terminal,3,1001,2,3,0,2385,10,0,1.93274,0,0
2390,stage_arrival,0,VLAN4012,3,terminal,3,1001,2,3,0,2390,10,0,0,1.93274,0
2386,allocate_send_arrival,0,VLAN4012,3,terminal,3,1001,2,3,0,2386,10,0,1.93274,0,0
2391,stage_arrival,0,VLAN4012,3,terminal,3,1001,2,3,0,2391,10,0,0,1.92415,0
2392,stage_arrival,0,VLAN4012,3,terminal,3,1001,2,3,0,2392,10,0,0,1.92415,0
2388,allocate_send_arrival,0,VLAN4012,3,terminal,3,1001,2,3,0,2388,10,0,1.92415,0,0
2388,allocate_send_arrival,0,VLAN4012,3,terminal,3,1001,2,3,0,2388,10,0,1.92415,0,0
2393,stage_arrival,0,VLAN4012,3,terminal,3,1001,2,3,0,2393,10,0,0,1.92415,0
2390,allocate_send_arrival,0,VLAN4012,3,terminal,3,1001,2,3,0,2390,10,0,1.92415,0,0
2394,stage_arrival,0,VLAN4012,3,terminal,3,1001,2,3,0,2394,10,0,0,1.92415,0
2395,stage_arrival,0,VLAN4012,3,terminal,3,1001,2,3,0,2395,10,0,0,1.92415,0
2391,allocate_send_arrival,0,VLAN4012,3,terminal,3,1001,2,3,0,2391,10,0,1.92415,0,0
2391,allocate_send_arrival,0,VLAN4012,3,terminal,3,1001,2,3,0,2391,10,0,1.92415,0,0
2396,stage_arrival,0,VLAN4012,3,terminal,3,1001,2,3,0,2396,10,0,0,1.92415,0
2392,allocate_send_arrival,0,VLAN4012,3,terminal,3,1001,2,3,0,2392,10,0,1.92415,0,0
2397,stage_arrival,0,VLAN4012,3,terminal,3,1001,2,3,0,2397,10,0,0,1.92415,0
2393,allocate_send_arrival,0,VLAN4012,3,terminal,3,1001,2,3,0,2393,10,0,1.92415,0,0
2398,stage_arrival,0,VLAN4012,3,terminal,3,1001,2,3,0,2398,10,0,0,1.92415,0
2394,allocate_send_arrival,0,VLAN4012,3,terminal,3,1001,2,3,0,2394,10,0,1.92415,0,0
2399,stage_arrival,0,VLAN4012,3,terminal,3,1001,2,3,0,2399,10,0,0,1.92415,0
2400,stage_arrival,0,VLAN4012,3,terminal,3,1001,2,3,0,2400,10,0,0,1.92415,0
2396,allocate_send_arrival,0,VLAN4012,3,terminal,3,1001,2,3,0,2396,10,0,1.92415,0,0
2396,allocate_send_arrival,0,VLAN4012,3,terminal,3,1001,2,3,0,2396,10,0,1.92415,0,0
2401,stage_arrival,0,VLAN4012,3,terminal,3,1001,2,3,0,2401,10,0,0,1.92415,0
2402,stage_arrival,0,VLAN4012,3,terminal,3,1001,2,3,0,2402,10,0,0,1.92415,0
2398,allocate_send_arrival,0,VLAN4012,3,terminal,3,1001,2,3,0,2398,10,0,1.92415,0,0
2398,allocate_send_arrival,0,VLAN4012,3,terminal,3,1001,2,3,0,2398,10,0,1.92415,0,0
2403,stage_arrival,0,VLAN4012,3,terminal,3,1001,2,3,0,2403,10,0,0,1.92415,0
2400,allocate_send_arrival,0,VLAN4012,3,terminal,3,1001,2,3,0,2400,10,0,1.92415,0,0
2404,stage_arrival,0,VLAN4012,3,terminal,3,1001,2,3,0,2404,10,0,0,1.92415,0
2405,stage_arrival,0,VLAN4012,3,terminal,3,1001,2,3,0,2405,10,0,0,1.92415,0
2401,allocate_send_arrival,0,VLAN4012,3,terminal,3,1001,2,3,0,2401,10,0,1.92415,0,0
2401,allocate_send_arrival,0,VLAN4012,3,terminal,3,1001,2,3,0,2401,10,0,1.92415,0,0
2406,stage_arrival,0,VLAN4012,3,terminal,3,1001,2,3,0,2406,10,0,0,1.92415,0
2403,allocate_send_arrival,0,VLAN4012,3,terminal,3,1001,2,3,0,2403,10,0,1.92415,0,0
2407,stage_arrival,0,VLAN4012,3,terminal,3,1001,2,3,0,2407,10,0,0,1.92415,0
2404,allocate_send_arrival,0,VLAN4012,3,terminal,3,1001,2,3,0,2404,10,0,1.92415,0,0
2408,stage_arrival,0,VLAN4012,3,terminal,3,1001,2,3,0,2408,10,0,0,1.92415,0
2409,stage_arrival,0,VLAN4012,3,terminal,3,1001,2,3,0,2409,10,0,0,1.92415,0
2405,allocate_send_arrival,0,VLAN4012,3,terminal,3,1001,2,3,0,2405,10,0,1.92415,0,0
2405,allocate_send_arrival,0,VLAN4012,3,terminal,3,1001,2,3,0,2405,10,0,1.92415,0,0
2410,stage_arrival,0,VLAN4012,3,terminal,3,1001,2,3,0,2410,10,0,0,1.92415,0
2406,allocate_send_arrival,0,VLAN4012,3,terminal,3,1001,2,3,0,2406,10,0,1.92415,0,0
2411,stage_arrival,0,VLAN4012,3,terminal,3,1001,2,3,0,2411,10,0,0,1.94133,0
2412,stage_arrival,0,VLAN4012,3,terminal,3,1001,2,3,0,2412,10,0,0,1.94133,0
2408,allocate_send_arrival,0,VLAN4012,3,terminal,3,1001,2,3,0,2408,10,0,1.94133,0,0
2408,allocate_send_arrival,0,VLAN4012,3,terminal,3,1001,2,3,0,2408,10,0,1.94133,0,0
2413,stage_arrival,0,VLAN4012,3,terminal,3,1001,2,3,0,2413,10,0,0,1.94133,0
2409,allocate_send_arrival,0,VLAN4012,3,terminal,3,1001,2,3,0,2409,10,0,1.94133,0,0
2414,stage_arrival,0,VLAN4012,3,terminal,3,1001,2,3,0,2414,10,0,0,1.94133,0
2415,stage_arrival,0,VLAN4012,3,terminal,3,1001,2,3,0,2415,10,0,0,1.94133,0
2411,allocate_send_arrival,0,VLAN4012,3,terminal,3,1001,2,3,0,2411,10,0,1.94133,0,0
2411,allocate_send_arrival,0,VLAN4012,3,terminal,3,1001,2,3,0,2411,10,0,1.94133,0,0
2416,stage_arrival,0,VLAN4012,3,terminal,3,1001,2,3,0,2416,10,0,0,1.94133,0
2413,allocate_send_arrival,0,VLAN4012,3,terminal,3,1001,2,3,0,2413,10,0,1.94133,0,0
2417,stage_arrival,0,VLAN4012,3,terminal,3,1001,2,3,0,2417,10,0,0,1.94133,0
2418,stage_arrival,0,VLAN4012,3,terminal,3,1001,2,3,0,2418,10,0,0,1.94133,0
2414,allocate_send_arrival,0,VLAN4012,3,terminal,3,1001,2,3,0,2414,10,0,1.94133,0,0
2414,allocate_send_arrival,0,VLAN4012,3,terminal,3,1001,2,3,0,2414,10,0,1.94133,0,0
2419,stage_arrival,0,VLAN4012,3,terminal,3,1001,2,3,0,2419,10,0,0,1.94133,0
2420,stage_arrival,0,VLAN4012,3,terminal,3,1001,2,3,0,2420,10,0,0,1.94133,0
2416,allocate_send_arrival,0,VLAN4012,3,terminal,3,1001,2,3,0,2416,10,0,1.94133,0,0
2416,allocate_send_arrival,0,VLAN4012,3,terminal,3,1001,2,3,0,2416,10,0,1.94133,0,0
2421,stage_arrival,0,VLAN4012,3,terminal,3,1001,2,3,0,2421,10,0,0,1.94992,0
2422,stage_arrival,0,VLAN4012,3,terminal,3,1001,2,3,0,2422,10,0,0,1.94992,0
2418,allocate_send_arrival,0,VLAN4012,3,terminal,3,1001,2,3,0,2418,10,0,1.94992,0,0
2418,allocate_send_arrival,0,VLAN4012,3,terminal,3,1001,2,3,0,2418,10,0,1.94992,0,0
2423,stage_arrival,0,VLAN4012,3,terminal,3,1001,2,3,0,2423,10,0,0,1.94992,0
2419,allocate_send_arrival,0,VLAN4012,3,terminal,3,1001,2,3,0,2419,10,0,1.94992,0,0
2424,stage_arrival,0,VLAN4012,3,terminal,3,1001,2,3,0,2424,10,0,0,1.94992,0
2425,stage_arrival,0,VLAN4012,3,terminal,3,1001,2,3,0,2425,10,0,0,1.94992,0
2421,allocate_send_arrival,0,VLAN4012,3,terminal,3,1001,2,3,0,2421,10,0,1.94992,0,0
2421,allocate_send_arrival,0,VLAN4012,3,terminal,3,1001,2,3,0,2421,10,0,1.94992,0,0
2426,stage_arrival,0,VLAN4012,3,terminal,3,1001,2,3,0,2426,10,0,0,1.94992,0
2422,allocate_send_arrival,0,VLAN4012,3,terminal,3,1001,2,3,0,2422,10,0,1.94992,0,0
2427,stage_arrival,0,VLAN4012,3,terminal,3,1001,2,3,0,2427,10,0,0,1.94992,0
2423,allocate_send_arrival,0,VLAN4012,3,terminal,3,1001,2,3,0,2423,10,0,1.94992,0,0
2428,stage_arrival,0,VLAN4012,3,terminal,3,1001,2,3,0,2428,10,0,0,1.94992,0
2425,allocate_send_arrival,0,VLAN4012,3,terminal,3,1001,2,3,0,2425,10,0,1.94992,0,0
2429,stage_arrival,0,VLAN4012,3,terminal,3,1001,2,3,0,2429,10,0,0,1.94992,0
2430,stage_arrival,0,VLAN4012,3,terminal,3,1001,2,3,0,2430,10,0,0,1.94992,0
2426,allocate_send_arrival,0,VLAN4012,3,terminal,3,1001,2,3,0,2426,10,0,1.94992,0,0
2426,allocate_send_arrival,0,VLAN4012,3,terminal,3,1001,2,3,0,2426,10,0,1.94992,0,0
2431,stage_arrival,0,VLAN4012,3,terminal,3,1001,2,3,0,2431,10,0,0,1.9671,0
2428,allocate_send_arrival,0,VLAN4012,3,terminal,3,1001,2,3,0,2428,10,0,1.9671,0,0
2432,stage_arrival,0,VLAN4012,3,terminal,3,1001,2,3,0,2432,10,0,0,1.9671,0
2429,allocate_send_arrival,0,VLAN4012,3,terminal,3,1001,2,3,0,2429,10,0,1.9671,0,0
2433,stage_arrival,0,VLAN4012,3,terminal,3,1001,2,3,0,2433,10,0,0,1.9671,0
2434,stage_arrival,0,VLAN4012,3,terminal,3,1001,2,3,0,2434,10,0,0,1.9671,0
2430,allocate_send_arrival,0,VLAN4012,3,terminal,3,1001,2,3,0,2430,10,0,1.9671,0,0
2430,allocate_send_arrival,0,VLAN4012,3,terminal,3,1001,2,3,0,2430,10,0,1.9671,0,0
2435,stage_arrival,0,VLAN4012,3,terminal,3,1001,2,3,0,2435,10,0,0,1.9671,0
2431,allocate_send_arrival,0,VLAN4012,3,terminal,3,1001,2,3,0,2431,10,0,1.9671,0,0
2436,stage_arrival,0,VLAN4012,3,terminal,3,1001,2,3,0,2436,10,0,0,1.9671,0
2432,allocate_send_arrival,0,VLAN4012,3,terminal,3,1001,2,3,0,2432,10,0,1.9671,0,0
2437,stage_arrival,0,VLAN4012,3,terminal,3,1001,2,3,0,2437,10,0,0,1.9671,0
2438,stage_arrival,0,VLAN4012,3,terminal,3,1001,2,3,0,2438,10,0,0,1.9671,0
2434,allocate_send_arrival,0,VLAN4012,3,terminal,3,1001,2,3,0,2434,10,0,1.9671,0,0
2434,allocate_send_arrival,0,VLAN4012,3,terminal,3,1001,2,3,0,2434,10,0,1.9671,0,0
2439,stage_arrival,0,VLAN4012,3,terminal,3,1001,2,3,0,2439,10,0,0,1.9671,0
2440,stage_arrival,0,VLAN4012,3,terminal,3,1001,2,3,0,2440,10,0,0,1.9671,0
2436,allocate_send_arrival,0,VLAN4012,3,terminal,3,1001,2,3,0,2436,10,0,1.9671,0,0
2436,allocate_send_arrival,0,VLAN4012,3,terminal,3,1001,2,3,0,2436,10,0,1.9671,0,0
2441,stage_arrival,0,VLAN4012,3,terminal,3,1001,2,3,0,2441,10,0,0,1.94133,0
2438,allocate_send_arrival,0,VLAN4012,3,terminal,3,1001,2,3,0,2438,10,0,1.94133,0,0
2442,stage_arrival,0,VLAN4012,3,terminal,3,1001,2,3,0,2442,10,0,0,1.94133,0
2443,stage_arrival,0,VLAN4012,3,terminal,3,1001,2,3,0,2443,10,0,0,1.94133,0
2439,allocate_send_arrival,0,VLAN4012,3,terminal,3,1001,2,3,0,2439,10,0,1.94133,0,0
2439,allocate_send_arrival,0,VLAN4012,3,terminal,3,1001,2,3,0,2439,10,0,1.94133,0,0
2444,stage_arrival,0,VLAN4012,3,terminal,3,1001,2,3,0,2444,10,0,0,1.94133,0
2440,allocate_send_arrival,0,VLAN4012,3,terminal,3,1001,2,3,0,2440,10,0,1.94133,0,0
2445,stage_arrival,0,VLAN4012,3,terminal,3,1001,2,3,0,2445,10,0,0,1.94133,0
2441,allocate_send_arrival,0,VLAN4012,3,terminal,3,1001,2,3,0,2441,10,0,1.94133,0,0
2446,stage_arrival,0,VLAN4012,3,terminal,3,1001,2,3,0,2446,10,0,0,1.94133,0
2447,stage_arrival,0,VLAN4012,3,terminal,3,1001,2,3,0,2447,10,0,0,1.94133,0
2443,allocate_send_arrival,0,VLAN4012,3,terminal,3,1001,2,3,0,2443,10,0,1.94133,0,0
2443,allocate_send_arrival,0,VLAN4012,3,terminal,3,1001,2,3,0,2443,10,0,1.94133,0,0
2448,stage_arrival,0,VLAN4012,3,terminal,3,1001,2,3,0,2448,10,0,0,1.94133,0
2445,allocate_send_arrival,0,VLAN4012,3,terminal,3,1001,2,3,0,2445,10,0,1.94133,0,0
2449,stage_arrival,0,VLAN4012,3,terminal,3,1001,2,3,0,2449,10,0,0,1.94133,0
2450,stage_arrival,0,VLAN4012,3,terminal,3,1001,2,3,0,2450,10,0,0,1.94133,0
2446,allocate_send_arrival,0,VLAN4012,3,terminal,3,1001,2,3,0,2446,10,0,1.94133,0,0
2446,allocate_send_arrival,0,VLAN4012,3,terminal,3,1001,2,3,0,2446,10,0,1.94133,0,0
2451,stage_arrival,0,VLAN4012,3,terminal,3,1001,2,3,0,2451,10,0,0,1.94992,0
2452,stage_arrival,0,VLAN4012,3,terminal,3,1001,2,3,0,2452,10,0,0,1.94992,0
2448,allocate_send_arrival,0,VLAN4012,3,terminal,3,1001,2,3,0,2448,10,0,1.94992,0,0
2448,allocate_send_arrival,0,VLAN4012,3,terminal,3,1001,2,3,0,2448,10,0,1.94992,0,0
2453,stage_arrival,0,VLAN4012,3,terminal,3,1001,2,3,0,2453,10,0,0,1.94992,0
2454,stage_arrival,0,VLAN4012,3,terminal,3,1001,2,3,0,2454,10,0,0,1.94992,0
2450,allocate_send_arrival,0,VLAN4012,3,terminal,3,1001,2,3,0,2450,10,0,1.94992,0,0
2450,allocate_send_arrival,0,VLAN4012,3,terminal,3,1001,2,3,0,2450,10,0,1.94992,0,0
2455,stage_arrival,0,VLAN4012,3,terminal,3,1001,2,3,0,2455,10,0,0,1.94992,0
2451,allocate_send_arrival,0,VLAN4012,3,terminal,3,1001,2,3,0,2451,10,0,1.94992,0,0
2456,stage_arrival,0,VLAN4012,3,terminal,3,1001,2,3,0,2456,10,0,0,1.94992,0
2452,allocate_send_arrival,0,VLAN4012,3,terminal,3,1001,2,3,0,2452,10,0,1.94992,0,0
2457,stage_arrival,0,VLAN4012,3,terminal,3,1001,2,3,0,2457,10,0,0,1.94992,0
2453,allocate_send_arrival,0,VLAN4012,3,terminal,3,1001,2,3,0,2453,10,0,1.94992,0,0
2458,stage_arrival,0,VLAN4012,3,terminal,3,1001,2,3,0,2458,10,0,0,1.94992,0
2454,allocate_send_arrival,0,VLAN4012,3,terminal,3,1001,2,3,0,2454,10,0,1.94992,0,0
2459,stage_arrival,0,VLAN4012,3,terminal,3,1001,2,3,0,2459,10,0,0,1.94992,0
2460,stage_arrival,0,VLAN4012,3,terminal,3,1001,2,3,0,2460,10,0,0,1.94992,0
2456,allocate_send_arrival,0,VLAN4012,3,terminal,3,1001,2,3,0,2456,10,0,1.94992,0,0
2456,allocate_send_arrival,0,VLAN4012,3,terminal,3,1001,2,3,0,2456,10,0,1.94992,0,0
2461,stage_arrival,0,VLAN4012,3,terminal,3,1001,2,3,0,2461,10,0,0,1.93274,0
2462,stage_arrival,0,VLAN4012,3,terminal,3,1001,2,3,0,2462,10,0,0,1.93274,0
2458,allocate_send_arrival,0,VLAN4012,3,terminal,3,1001,2,3,0,2458,10,0,1.93274,0,0
2458,allocate_send_arrival,0,VLAN4012,3,terminal,3,1001,2,3,0,2458,10,0,1.93274,0,0
2463,stage_arrival,0,VLAN4012,3,terminal,3,1001,2,3,0,2463,10,0,0,1.93274,0
2464,stage_arrival,0,VLAN4012,3,terminal,3,1001,2,3,0,2464,10,0,0,1.93274,0
2460,allocate_send_arrival,0,VLAN4012,3,terminal,3,1001,2,3,0,2460,10,0,1.93274,0,0
2460,allocate_send_arrival,0,VLAN4012,3,terminal,3,1001,2,3,0,2460,10,0,1.93274,0,0
2465,stage_arrival,0,VLAN4012,3,terminal,3,1001,2,3,0,2465,10,0,0,1.93274,0
2461,allocate_send_arrival,0,VLAN4012,3,terminal,3,1001,2,3,0,2461,10,0,1.93274,0,0
2466,stage_arrival,0,VLAN4012,3,terminal,3,1001,2,3,0,2466,10,0,0,1.93274,0
2462,allocate_send_arrival,0,VLAN4012,3,terminal,3,1001,2,3,0,2462,10,0,1.93274,0,0
2467,stage_arrival,0,VLAN4012,3,terminal,3,1001,2,3,0,2467,10,0,0,1.93274,0
2463,allocate_send_arrival,0,VLAN4012,3,terminal,3,1001,2,3,0,2463,10,0,1.93274,0,0
2468,stage_arrival,0,VLAN4012,3,terminal,3,1001,2,3,0,2468,10,0,0,1.93274,0
2464,allocate_send_arrival,0,VLAN4012,3,terminal,3,1001,2,3,0,2464,10,0,1.93274,0,0
2469,stage_arrival,0,VLAN4012,3,terminal,3,1001,2,3,0,2469,10,0,0,1.93274,0
2465,allocate_send_arrival,0,VLAN4012,3,terminal,3,1001,2,3,0,2465,10,0,1.93274,0,0
2470,stage_arrival,0,VLAN4012,3,terminal,3,1001,2,3,0,2470,10,0,0,1.93274,0
2466,allocate_send_arrival,0,VLAN4012,3,terminal,3,1001,2,3,0,2466,10,0,1.93274,0,0
2471,stage_arrival,0,VLAN4012,3,terminal,3,1001,2,3,0,2471,10,0,0,1.94992,0
2467,allocate_send_arrival,0,VLAN4012,3,terminal,3,1001,2,3,0,2467,10,0,1.94992,0,0
2472,stage_arrival,0,VLAN4012,3,terminal,3,1001,2,3,0,2472,10,0,0,1.94992,0
2473,stage_arrival,0,VLAN4012,3,terminal,3,1001,2,3,0,2473,10,0,0,1.94992,0
2469,allocate_send_arrival,0,VLAN4012,3,terminal,3,1001,2,3,0,2469,10,0,1.94992,0,0
2469,allocate_send_arrival,0,VLAN4012,3,terminal,3,1001,2,3,0,2469,10,0,1.94992,0,0
2474,stage_arrival,0,VLAN4012,3,terminal,3,1001,2,3,0,2474,10,0,0,1.94992,0
2470,allocate_send_arrival,0,VLAN4012,3,terminal,3,1001,2,3,0,2470,10,0,1.94992,0,0
2475,stage_arrival,0,VLAN4012,3,terminal,3,1001,2,3,0,2475,10,0,0,1.94992,0
2471,allocate_send_arrival,0,VLAN4012,3,terminal,3,1001,2,3,0,2471,10,0,1.94992,0,0
2476,stage_arrival,0,VLAN4012,3,terminal,3,1001,2,3,0,2476,10,0,0,1.94992,0
2472,allocate_send_arrival,0,VLAN4012,3,terminal,3,1001,2,3,0,2472,10,0,1.94992,0,0
2477,stage_arrival,0,VLAN4012,3,terminal,3,1001,2,3,0,2477,10,0,0,1.94992,0
2473,allocate_send_arrival,0,VLAN4012,3,terminal,3,1001,2,3,0,2473,10,0,1.94992,0,0
2478,stage_arrival,0,VLAN4012,3,terminal,3,1001,2,3,0,2478,10,0,0,1.94992,0
2479,stage_arrival,0,VLAN4012,3,terminal,3,1001,2,3,0,2479,10,0,0,1.94992,0
2475,allocate_send_arrival,0,VLAN4012,3,terminal,3,1001,2,3,0,2475,10,0,1.94992,0,0
2475,allocate_send_arrival,0,VLAN4012,3,terminal,3,1001,2,3,0,2475,10,0,1.94992,0,0
2480,stage_arrival,0,VLAN4012,3,terminal,3,1001,2,3,0,2480,10,0,0,1.94992,0
2476,allocate_send_arrival,0,VLAN4012,3,terminal,3,1001,2,3,0,2476,10,0,1.94992,0,0
2481,stage_arrival,0,VLAN4012,3,terminal,3,1001,2,3,0,2481,10,0,0,1.90697,0
2477,allocate_send_arrival,0,VLAN4012,3,terminal,3,1001,2,3,0,2477,10,0,1.90697,0,0
2482,stage_arrival,0,VLAN4012,3,terminal,3,1001,2,3,0,2482,10,0,0,1.90697,0
2478,allocate_send_arrival,0,VLAN4012,3,terminal,3,1001,2,3,0,2478,10,0,1.90697,0,0
2483,stage_arrival,0,VLAN4012,3,terminal,3,1001,2,3,0,2483,10,0,0,1.90697,0
2479,allocate_send_arrival,0,VLAN4012,3,terminal,3,1001,2,3,0,2479,10,0,1.90697,0,0
2484,stage_arrival,0,VLAN4012,3,terminal,3,1001,2,3,0,2484,10,0,0,1.90697,0
2485,stage_arrival,0,VLAN4012,3,terminal,3,1001,2,3,0,2485,10,0,0,1.90697,0
2481,allocate_send_arrival,0,VLAN4012,3,terminal,3,1001,2,3,0,2481,10,0,1.90697,0,0
2481,allocate_send_arrival,0,VLAN4012,3,terminal,3,1001,2,3,0,2481,10,0,1.90697,0,0
2486,stage_arrival,0,VLAN4012,3,terminal,3,1001,2,3,0,2486,10,0,0,1.90697,0
2483,allocate_send_arrival,0,VLAN4012,3,terminal,3,1001,2,3,0,2483,10,0,1.90697,0,0
2487,stage_arrival,0,VLAN4012,3,terminal,3,1001,2,3,0,2487,10,0,0,1.90697,0
2488,stage_arrival,0,VLAN4012,3,terminal,3,1001,2,3,0,2488,10,0,0,1.90697,0
2484,allocate_send_arrival,0,VLAN4012,3,terminal,3,1001,2,3,0,2484,10,0,1.90697,0,0
2484,allocate_send_arrival,0,VLAN4012,3,terminal,3,1001,2,3,0,2484,10,0,1.90697,0,0
2489,stage_arrival,0,VLAN4012,3,terminal,3,1001,2,3,0,2489,10,0,0,1.90697,0
2485,allocate_send_arrival,0,VLAN4012,3,terminal,3,1001,2,3,0,2485,10,0,1.90697,0,0
2490,stage_arrival,0,VLAN4012,3,terminal,3,1001,2,3,0,2490,10,0,0,1.90697,0
2486,allocate_send_arrival,0,VLAN4012,3,terminal,3,1001,2,3,0,2486,10,0,1.90697,0,0
2491,stage_arrival,0,VLAN4012,3,terminal,3,1001,2,3,0,2491,10,0,0,1.93274,0
2487,allocate_send_arrival,0,VLAN4012,3,terminal,3,1001,2,3,0,2487,10,0,1.93274,0,0
2492,stage_arrival,0,VLAN4012,3,terminal,3,1001,2,3,0,2492,10,0,0,1.93274,0
2488,allocate_send_arrival,0,VLAN4012,3,terminal,3,1001,2,3,0,2488,10,0,1.93274,0,0
2493,stage_arrival,0,VLAN4012,3,terminal,3,1001,2,3,0,2493,10,0,0,1.93274,0
2489,allocate_send_arrival,0,VLAN4012,3,terminal,3,1001,2,3,0,2489,10,0,1.93274,0,0
2494,stage_arrival,0,VLAN4012,3,terminal,3,1001,2,3,0,2494,10,0,0,1.93274,0
2490,allocate_send_arrival,0,VLAN4012,3,terminal,3,1001,2,3,0,2490,10,0,1.93274,0,0
2495,stage_arrival,0,VLAN4012,3,terminal,3,1001,2,3,0,2495,10,0,0,1.93274,0
2491,allocate_send_arrival,0,VLAN4012,3,terminal,3,1001,2,3,0,2491,10,0,1.93274,0,0
2496,stage_arrival,0,VLAN4012,3,terminal,3,1001,2,3,0,2496,10,0,0,1.93274,0
2492,allocate_send_arrival,0,VLAN4012,3,terminal,3,1001,2,3,0,2492,10,0,1.93274,0,0
2497,stage_arrival,0,VLAN4012,3,terminal,3,1001,2,3,0,2497,10,0,0,1.93274,0
2494,allocate_send_arrival,0,VLAN4012,3,terminal,3,1001,2,3,0,2494,10,0,1.93274,0,0
2498,stage_arrival,0,VLAN4012,3,terminal,3,1001,2,3,0,2498,10,0,0,1.93274,0
2495,allocate_send_arrival,0,VLAN4012,3,terminal,3,1001,2,3,0,2495,10,0,1.93274,0,0
2499,stage_arrival,0,VLAN4012,3,terminal,3,1001,2,3,0,2499,10,0,0,1.93274,0
2500,stage_arrival,0,VLAN4012,3,terminal,3,1001,2,3,0,2500,10,0,0,1.93274,0
2496,allocate_send_arrival,0,VLAN4012,3,terminal,3,1001,2,3,0,2496,10,0,1.93274,0,0
2496,allocate_send_arrival,0,VLAN4012,3,terminal,3,1001,2,3,0,2496,10,0,1.93274,0,0
2501,stage_arrival,0,VLAN4012,3,terminal,3,1001,2,3,0,2501,10,0,0,1.94133,0
2502,stage_arrival,0,VLAN4012,3,terminal,3,1001,2,3,0,2502,10,0,0,1.94133,0
2498,allocate_send_arrival,0,VLAN4012,3,terminal,3,1001,2,3,0,2498,10,0,1.94133,0,0
2498,allocate_send_arrival,0,VLAN4012,3,terminal,3,1001,2,3,0,2498,10,0,1.94133,0,0
2503,stage_arrival,0,VLAN4012,3,terminal,3,1001,2,3,0,2503,10,0,0,1.94133,0
2504,stage_arrival,0,VLAN4012,3,terminal,3,1001,2,3,0,2504,10,0,0,1.94133,0
2500,allocate_send_arrival,0,VLAN4012,3,terminal,3,1001,2,3,0,2500,10,0,1.94133,0,0
2500,allocate_send_arrival,0,VLAN4012,3,terminal,3,1001,2,3,0,2500,10,0,1.94133,0,0
2505,stage_arrival,0,VLAN4012,3,terminal,3,1001,2,3,0,2505,10,0,0,1.94133,0
2501,allocate_send_arrival,0,VLAN4012,3,terminal,3,1001,2,3,0,2501,10,0,1.94133,0,0
2506,stage_arrival,0,VLAN4012,3,terminal,3,1001,2,3,0,2506,10,0,0,1.94133,0
2502,allocate_send_arrival,0,VLAN4012,3,terminal,3,1001,2,3,0,2502,10,0,1.94133,0,0
2507,stage_arrival,0,VLAN4012,3,terminal,3,1001,2,3,0,2507,10,0,0,1.94133,0
2503,allocate_send_arrival,0,VLAN4012,3,terminal,3,1001,2,3,0,2503,10,0,1.94133,0,0
2508,stage_arrival,0,VLAN4012,3,terminal,3,1001,2,3,0,2508,10,0,0,1.94133,0
2504,allocate_send_arrival,0,VLAN4012,3,terminal,3,1001,2,3,0,2504,10,0,1.94133,0,0
2509,stage_arrival,0,VLAN4012,3,terminal,3,1001,2,3,0,2509,10,0,0,1.94133,0
2510,stage_arrival,0,VLAN4012,3,terminal,3,1001,2,3,0,2510,10,0,0,1.94133,0
2506,allocate_send_arrival,0,VLAN4012,3,terminal,3,1001,2,3,0,2506,10,0,1.94133,0,0
2506,allocate_send_arrival,0,VLAN4012,3,terminal,3,1001,2,3,0,2506,10,0,1.94133,0,0
2511,stage_arrival,0,VLAN4012,3,terminal,3,1001,2,3,0,2511,10,0,0,1.92415,0
2507,allocate_send_arrival,0,VLAN4012,3,terminal,3,1001,2,3,0,2507,10,0,1.92415,0,0
2512,stage_arrival,0,VLAN4012,3,terminal,3,1001,2,3,0,2512,10,0,0,1.92415,0
2509,allocate_send_arrival,0,VLAN4012,3,terminal,3,1001,2,3,0,2509,10,0,1.92415,0,0
2513,stage_arrival,0,VLAN4012,3,terminal,3,1001,2,3,0,2513,10,0,0,1.92415,0
2514,stage_arrival,0,VLAN4012,3,terminal,3,1001,2,3,0,2514,10,0,0,1.92415,0
2510,allocate_send_arrival,0,VLAN4012,3,terminal,3,1001,2,3,0,2510,10,0,1.92415,0,0
2510,allocate_send_arrival,0,VLAN4012,3,terminal,3,1001,2,3,0,2510,10,0,1.92415,0,0
2515,stage_arrival,0,VLAN4012,3,terminal,3,1001,2,3,0,2515,10,0,0,1.92415,0
2511,allocate_send_arrival,0,VLAN4012,3,terminal,3,1001,2,3,0,2511,10,0,1.92415,0,0
2516,stage_arrival,0,VLAN4012,3,terminal,3,1001,2,3,0,2516,10,0,0,1.92415,0
2512,allocate_send_arrival,0,VLAN4012,3,terminal,3,1001,2,3,0,2512,10,0,1.92415,0,0
2517,stage_arrival,0,VLAN4012,3,terminal,3,1001,2,3,0,2517,10,0,0,1.92415,0
2514,allocate_send_arrival,0,VLAN4012,3,terminal,3,1001,2,3,0,2514,10,0,1.92415,0,0
2518,stage_arrival,0,VLAN4012,3,terminal,3,1001,2,3,0,2518,10,0,0,1.92415,0
2519,stage_arrival,0,VLAN4012,3,terminal,3,1001,2,3,0,2519,10,0,0,1.92415,0
2515,allocate_send_arrival,0,VLAN4012,3,terminal,3,1001,2,3,0,2515,10,0,1.92415,0,0
2515,allocate_send_arrival,0,VLAN4012,3,terminal,3,1001,2,3,0,2515,10,0,1.92415,0,0
2520,stage_arrival,0,VLAN4012,3,terminal,3,1001,2,3,0,2520,10,0,0,1.92415,0
2516,allocate_send_arrival,0,VLAN4012,3,terminal,3,1001,2,3,0,2516,10,0,1.92415,0,0
2521,stage_arrival,0,VLAN4012,3,terminal,3,1001,2,3,0,2521,10,0,0,1.98427,0
2517,allocate_send_arrival,0,VLAN4012,3,terminal,3,1001,2,3,0,2517,10,0,1.98427,0,0
2522,stage_arrival,0,VLAN4012,3,terminal,3,1001,2,3,0,2522,10,0,0,1.98427,0
2518,allocate_send_arrival,0,VLAN4012,3,terminal,3,1001,2,3,0,2518,10,0,1.98427,0,0
2523,stage_arrival,0,VLAN4012,3,terminal,3,1001,2,3,0,2523,10,0,0,1.98427,0
2519,allocate_send_arrival,0,VLAN4012,3,terminal,3,1001,2,3,0,2519,10,0,1.98427,0,0
2524,stage_arrival,0,VLAN4012,3,terminal,3,1001,2,3,0,2524,10,0,0,1.98427,0
2520,allocate_send_arrival,0,VLAN4012,3,terminal,3,1001,2,3,0,2520,10,0,1.98427,0,0
2525,stage_arrival,0,VLAN4012,3,terminal,3,1001,2,3,0,2525,10,0,0,1.98427,0
2521,allocate_send_arrival,0,VLAN4012,3,terminal,3,1001,2,3,0,2521,10,0,1.98427,0,0
2526,stage_arrival,0,VLAN4012,3,terminal,3,1001,2,3,0,2526,10,0,0,1.98427,0
2523,allocate_send_arrival,0,VLAN4012,3,terminal,3,1001,2,3,0,2523,10,0,1.98427,0,0
2527,stage_arrival,0,VLAN4012,3,terminal,3,1001,2,3,0,2527,10,0,0,1.98427,0
2528,stage_arrival,0,VLAN4012,3,terminal,3,1001,2,3,0,2528,10,0,0,1.98427,0
2524,allocate_send_arrival,0,VLAN4012,3,terminal,3,1001,2,3,0,2524,10,0,1.98427,0,0
2524,allocate_send_arrival,0,VLAN4012,3,terminal,3,1001,2,3,0,2524,10,0,1.98427,0,0
2529,stage_arrival,0,VLAN4012,3,terminal,3,1001,2,3,0,2529,10,0,0,1.98427,0
2525,allocate_send_arrival,0,VLAN4012,3,terminal,3,1001,2,3,0,2525,10,0,1.98427,0,0
2530,stage_arrival,0,VLAN4012,3,terminal,3,1001,2,3,0,2530,10,0,0,1.98427,0
2526,allocate_send_arrival,0,VLAN4012,3,terminal,3,1001,2,3,0,2526,10,0,1.98427,0,0
2531,stage_arrival,0,VLAN4012,3,terminal,3,1001,2,3,0,2531,10,0,0,1.93274,0
2532,stage_arrival,0,VLAN4012,3,terminal,3,1001,2,3,0,2532,10,0,0,1.93274,0
2528,allocate_send_arrival,0,VLAN4012,3,terminal,3,1001,2,3,0,2528,10,0,1.93274,0,0
2528,allocate_send_arrival,0,VLAN4012,3,terminal,3,1001,2,3,0,2528,10,0,1.93274,0,0
2533,stage_arrival,0,VLAN4012,3,terminal,3,1001,2,3,0,2533,10,0,0,1.93274,0
2534,stage_arrival,0,VLAN4012,3,terminal,3,1001,2,3,0,2534,10,0,0,1.93274,0
2530,allocate_send_arrival,0,VLAN4012,3,terminal,3,1001,2,3,0,2530,10,0,1.93274,0,0
2530,allocate_send_arrival,0,VLAN4012,3,terminal,3,1001,2,3,0,2530,10,0,1.93274,0,0
2535,stage_arrival,0,VLAN4012,3,terminal,3,1001,2,3,0,2535,10,0,0,1.93274,0
2531,allocate_send_arrival,0,VLAN4012,3,terminal,3,1001,2,3,0,2531,10,0,1.93274,0,0
2536,stage_arrival,0,VLAN4012,3,terminal,3,1001,2,3,0,2536,10,0,0,1.93274,0
2532,allocate_send_arrival,0,VLAN4012,3,terminal,3,1001,2,3,0,2532,10,0,1.93274,0,0
2537,stage_arrival,0,VLAN4012,3,terminal,3,1001,2,3,0,2537,10,0,0,1.93274,0
2534,allocate_send_arrival,0,VLAN4012,3,terminal,3,1001,2,3,0,2534,10,0,1.93274,0,0
2538,stage_arrival,0,VLAN4012,3,terminal,3,1001,2,3,0,2538,10,0,0,1.93274,0
2539,stage_arrival,0,VLAN4012,3,terminal,3,1001,2,3,0,2539,10,0,0,1.93274,0
2535,allocate_send_arrival,0,VLAN4012,3,terminal,3,1001,2,3,0,2535,10,0,1.93274,0,0
2535,allocate_send_arrival,0,VLAN4012,3,terminal,3,1001,2,3,0,2535,10,0,1.93274,0,0
2540,stage_arrival,0,VLAN4012,3,terminal,3,1001,2,3,0,2540,10,0,0,1.93274,0
2536,allocate_send_arrival,0,VLAN4012,3,terminal,3,1001,2,3,0,2536,10,0,1.93274,0,0
2541,stage_arrival,0,VLAN4012,3,terminal,3,1001,2,3,0,2541,10,0,0,1.97568,0
2537,allocate_send_arrival,0,VLAN4012,3,terminal,3,1001,2,3,0,2537,10,0,1.97568,0,0
2542,stage_arrival,0,VLAN4012,3,terminal,3,1001,2,3,0,2542,10,0,0,1.97568,0
2538,allocate_send_arrival,0,VLAN4012,3,terminal,3,1001,2,3,0,2538,10,0,1.97568,0,0
2543,stage_arrival,0,VLAN4012,3,terminal,3,1001,2,3,0,2543,10,0,0,1.97568,0
2544,stage_arrival,0,VLAN4012,3,terminal,3,1001,2,3,0,2544,10,0,0,1.97568,0
2540,allocate_send_arrival,0,VLAN4012,3,terminal,3,1001,2,3,0,2540,10,0,1.97568,0,0
2540,allocate_send_arrival,0,VLAN4012,3,terminal,3,1001,2,3,0,2540,10,0,1.97568,0,0
2545,stage_arrival,0,VLAN4012,3,terminal,3,1001,2,3,0,2545,10,0,0,1.97568,0
2541,allocate_send_arrival,0,VLAN4012,3,terminal,3,1001,2,3,0,2541,10,0,1.97568,0,0
2546,stage_arrival,0,VLAN4012,3,terminal,3,1001,2,3,0,2546,10,0,0,1.97568,0
2542,allocate_send_arrival,0,VLAN4012,3,terminal,3,1001,2,3,0,2542,10,0,1.97568,0,0
2547,stage_arrival,0,VLAN4012,3,terminal,3,1001,2,3,0,2547,10,0,0,1.97568,0
2543,allocate_send_arrival,0,VLAN4012,3,terminal,3,1001,2,3,0,2543,10,0,1.97568,0,0
2548,stage_arrival,0,VLAN4012,3,terminal,3,1001,2,3,0,2548,10,0,0,1.97568,0
2544,allocate_send_arrival,0,VLAN4012,3,terminal,3,1001,2,3,0,2544,10,0,1.97568,0,0
2549,stage_arrival,0,VLAN4012,3,terminal,3,1001,2,3,0,2549,10,0,0,1.97568,0
2545,allocate_send_arrival,0,VLAN4012,3,terminal,3,1001,2,3,0,2545,10,0,1.97568,0,0
2550,stage_arrival,0,VLAN4012,3,terminal,3,1001,2,3,0,2550,10,0,0,1.97568,0
2546,allocate_send_arrival,0,VLAN4012,3,terminal,3,1001,2,3,0,2546,10,0,1.97568,0,0
2551,stage_arrival,0,VLAN4012,3,terminal,3,1001,2,3,0,2551,10,0,0,1.93274,0
2547,allocate_send_arrival,0,VLAN4012,3,terminal,3,1001,2,3,0,2547,10,0,1.93274,0,0
2552,stage_arrival,0,VLAN4012,3,terminal,3,1001,2,3,0,2552,10,0,0,1.93274,0
2549,allocate_send_arrival,0,VLAN4012,3,terminal,3,1001,2,3,0,2549,10,0,1.93274,0,0
2553,stage_arrival,0,VLAN4012,3,terminal,3,1001,2,3,0,2553,10,0,0,1.93274,0
2554,stage_arrival,0,VLAN4012,3,terminal,3,1001,2,3,0,2554,10,0,0,1.93274,0
2550,allocate_send_arrival,0,VLAN4012,3,terminal,3,1001,2,3,0,2550,10,0,1.93274,0,0
2550,allocate_send_arrival,0,VLAN4012,3,terminal,3,1001,2,3,0,2550,10,0,1.93274,0,0
2555,stage_arrival,0,VLAN4012,3,terminal,3,1001,2,3,0,2555,10,0,0,1.93274,0
2551,allocate_send_arrival,0,VLAN4012,3,terminal,3,1001,2,3,0,2551,10,0,1.93274,0,0
2556,stage_arrival,0,VLAN4012,3,terminal,3,1001,2,3,0,2556,10,0,0,1.93274,0
2553,allocate_send_arrival,0,VLAN4012,3,terminal,3,1001,2,3,0,2553,10,0,1.93274,0,0
2557,stage_arrival,0,VLAN4012,3,terminal,3,1001,2,3,0,2557,10,0,0,1.93274,0
2558,stage_arrival,0,VLAN4012,3,terminal,3,1001,2,3,0,2558,10,0,0,1.93274,0
2554,allocate_send_arrival,0,VLAN4012,3,terminal,3,1001,2,3,0,2554,10,0,1.93274,0,0
2554,allocate_send_arrival,0,VLAN4012,3,terminal,3,1001,2,3,0,2554,10,0,1.93274,0,0
2559,stage_arrival,0,VLAN4012,3,terminal,3,1001,2,3,0,2559,10,0,0,1.93274,0
2560,stage_arrival,0,VLAN4012,3,terminal,3,1001,2,3,0,2560,10,0,0,1.93274,0
2556,allocate_send_arrival,0,VLAN4012,3,terminal,3,1001,2,3,0,2556,10,0,1.93274,0,0
2556,allocate_send_arrival,0,VLAN4012,3,terminal,3,1001,2,3,0,2556,10,0,1.93274,0,0
2561,stage_arrival,0,VLAN4012,3,terminal,3,1001,2,3,0,2561,10,0,0,1.95851,0
2557,allocate_send_arrival,0,VLAN4012,3,terminal,3,1001,2,3,0,2557,10,0,1.95851,0,0
2562,stage_arrival,0,VLAN4012,3,terminal,3,1001,2,3,0,2562,10,0,0,1.95851,0
2558,allocate_send_arrival,0,VLAN4012,3,terminal,3,1001,2,3,0,2558,10,0,1.95851,0,0
2563,stage_arrival,0,VLAN4012,3,terminal,3,1001,2,3,0,2563,10,0,0,1.95851,0
2560,allocate_send_arrival,0,VLAN4012,3,terminal,3,1001,2,3,0,2560,10,0,1.95851,0,0
2564,stage_arrival,0,VLAN4012,3,terminal,3,1001,2,3,0,2564,10,0,0,1.95851,0
2565,stage_arrival,0,VLAN4012,3,terminal,3,1001,2,3,0,2565,10,0,0,1.95851,0
2561,allocate_send_arrival,0,VLAN4012,3,terminal,3,1001,2,3,0,2561,10,0,1.95851,0,0
2561,allocate_send_arrival,0,VLAN4012,3,terminal,3,1001,2,3,0,2561,10,0,1.95851,0,0
2566,stage_arrival,0,VLAN4012,3,terminal,3,1001,2,3,0,2566,10,0,0,1.95851,0
2567,stage_arrival,0,VLAN4012,3,terminal,3,1001,2,3,0,2567,10,0,0,1.95851,0
2563,allocate_send_arrival,0,VLAN4012,3,terminal,3,1001,2,3,0,2563,10,0,1.95851,0,0
2563,allocate_send_arrival,0,VLAN4012,3,terminal,3,1001,2,3,0,2563,10,0,1.95851,0,0
2568,stage_arrival,0,VLAN4012,3,terminal,3,1001,2,3,0,2568,10,0,0,1.95851,0
2564,allocate_send_arrival,0,VLAN4012,3,terminal,3,1001,2,3,0,2564,10,0,1.95851,0,0
2569,stage_arrival,0,VLAN4012,3,terminal,3,1001,2,3,0,2569,10,0,0,1.95851,0
2565,allocate_send_arrival,0,VLAN4012,3,terminal,3,1001,2,3,0,2565,10,0,1.95851,0,0
2570,stage_arrival,0,VLAN4012,3,terminal,3,1001,2,3,0,2570,10,0,0,1.95851,0
2566,allocate_send_arrival,0,VLAN4012,3,terminal,3,1001,2,3,0,2566,10,0,1.95851,0,0
2571,stage_arrival,0,VLAN4012,3,terminal,3,1001,2,3,0,2571,10,0,0,1.90697,0
2572,stage_arrival,0,VLAN4012,3,terminal,3,1001,2,3,0,2572,10,0,0,1.90697,0
2568,allocate_send_arrival,0,VLAN4012,3,terminal,3,1001,2,3,0,2568,10,0,1.90697,0,0
2568,allocate_send_arrival,0,VLAN4012,3,terminal,3,1001,2,3,0,2568,10,0,1.90697,0,0
2573,stage_arrival,0,VLAN4012,3,terminal,3,1001,2,3,0,2573,10,0,0,1.90697,0
2569,allocate_send_arrival,0,VLAN4012,3,terminal,3,1001,2,3,0,2569,10,0,1.90697,0,0
2574,stage_arrival,0,VLAN4012,3,terminal,3,1001,2,3,0,2574,10,0,0,1.90697,0
2570,allocate_send_arrival,0,VLAN4012,3,terminal,3,1001,2,3,0,2570,10,0,1.90697,0,0
2575,stage_arrival,0,VLAN4012,3,terminal,3,1001,2,3,0,2575,10,0,0,1.90697,0
2571,allocate_send_arrival,0,VLAN4012,3,terminal,3,1001,2,3,0,2571,10,0,1.90697,0,0
2576,stage_arrival,0,VLAN4012,3,terminal,3,1001,2,3,0,2576,10,0,0,1.90697,0
2572,allocate_send_arrival,0,VLAN4012,3,terminal,3,1001,2,3,0,2572,10,0,1.90697,0,0
2577,stage_arrival,0,VLAN4012,3,terminal,3,1001,2,3,0,2577,10,0,0,1.90697,0
2573,allocate_send_arrival,0,VLAN4012,3,terminal,3,1001,2,3,0,2573,10,0,1.90697,0,0
2578,stage_arrival,0,VLAN4012,3,terminal,3,1001,2,3,0,2578,10,0,0,1.90697,0
2574,allocate_send_arrival,0,VLAN4012,3,terminal,3,1001,2,3,0,2574,10,0,1.90697,0,0
2579,stage_arrival,0,VLAN4012,3,terminal,3,1001,2,3,0,2579,10,0,0,1.90697,0
2580,stage_arrival,0,VLAN4012,3,terminal,3,1001,2,3,0,2580,10,0,0,1.90697,0
2576,allocate_send_arrival,0,VLAN4012,3,terminal,3,1001,2,3,0,2576,10,0,1.90697,0,0
2576,allocate_send_arrival,0,VLAN4012,3,terminal,3,1001,2,3,0,2576,10,0,1.90697,0,0
2581,stage_arrival,0,VLAN4012,3,terminal,3,1001,2,3,0,2581,10,0,0,1.94133,0
2577,allocate_send_arrival,0,VLAN4012,3,terminal,3,1001,2,3,0,2577,10,0,1.94133,0,0
2582,stage_arrival,0,VLAN4012,3,terminal,3,1001,2,3,0,2582,10,0,0,1.94133,0
2578,allocate_send_arrival,0,VLAN4012,3,terminal,3,1001,2,3,0,2578,10,0,1.94133,0,0
2583,stage_arrival,0,VLAN4012,3,terminal,3,1001,2,3,0,2583,10,0,0,1.94133,0
2579,allocate_send_arrival,0,VLAN4012,3,terminal,3,1001,2,3,0,2579,10,0,1.94133,0,0
2584,stage_arrival,0,VLAN4012,3,terminal,3,1001,2,3,0,2584,10,0,0,1.94133,0
2585,stage_arrival,0,VLAN4012,3,terminal,3,1001,2,3,0,2585,10,0,0,1.94133,0
2581,allocate_send_arrival,0,VLAN4012,3,terminal,3,1001,2,3,0,2581,10,0,1.94133,0,0
2581,allocate_send_arrival,0,VLAN4012,3,terminal,3,1001,2,3,0,2581,10,0,1.94133,0,0
2586,stage_arrival,0,VLAN4012,3,terminal,3,1001,2,3,0,2586,10,0,0,1.94133,0
2587,stage_arrival,0,VLAN4012,3,terminal,3,1001,2,3,0,2587,10,0,0,1.94133,0
2583,allocate_send_arrival,0,VLAN4012,3,terminal,3,1001,2,3,0,2583,10,0,1.94133,0,0
2583,allocate_send_arrival,0,VLAN4012,3,terminal,3,1001,2,3,0,2583,10,0,1.94133,0,0
2588,stage_arrival,0,VLAN4012,3,terminal,3,1001,2,3,0,2588,10,0,0,1.94133,0
2584,allocate_send_arrival,0,VLAN4012,3,terminal,3,1001,2,3,0,2584,10,0,1.94133,0,0
2589,stage_arrival,0,VLAN4012,3,terminal,3,1001,2,3,0,2589,10,0,0,1.94133,0
2590,stage_arrival,0,VLAN4012,3,terminal,3,1001,2,3,0,2590,10,0,0,1.94133,0
2586,allocate_send_arrival,0,VLAN4012,3,terminal,3,1001,2,3,0,2586,10,0,1.94133,0,0
2586,allocate_send_arrival,0,VLAN4012,3,terminal,3,1001,2,3,0,2586,10,0,1.94133,0,0
2591,stage_arrival,0,VLAN4012,3,terminal,3,1001,2,3,0,2591,10,0,0,1.99286,0
2592,stage_arrival,0,VLAN4012,3,terminal,3,1001,2,3,0,2592,10,0,0,1.99286,0
2588,allocate_send_arrival,0,VLAN4012,3,terminal,3,1001,2,3,0,2588,10,0,1.99286,0,0
2588,allocate_send_arrival,0,VLAN4012,3,terminal,3,1001,2,3,0,2588,10,0,1.99286,0,0
2593,stage_arrival,0,VLAN4012,3,terminal,3,1001,2,3,0,2593,10,0,0,1.99286,0
2589,allocate_send_arrival,0,VLAN4012,3,terminal,3,1001,2,3,0,2589,10,0,1.99286,0,0
2594,stage_arrival,0,VLAN4012,3,terminal,3,1001,2,3,0,2594,10,0,0,1.99286,0
2595,stage_arrival,0,VLAN4012,3,terminal,3,1001,2,3,0,2595,10,0,0,1.99286,0
2591,allocate_send_arrival,0,VLAN4012,3,terminal,3,1001,2,3,0,2591,10,0,1.99286,0,0
2591,allocate_send_arrival,0,VLAN4012,3,terminal,3,1001,2,3,0,2591,10,0,1.99286,0,0
2596,stage_arrival,0,VLAN4012,3,terminal,3,1001,2,3,0,2596,10,0,0,1.99286,0
2597,stage_arrival,0,VLAN4012,3,terminal,3,1001,2,3,0,2597,10,0,0,1.99286,0
2593,allocate_send_arrival,0,VLAN4012,3,terminal,3,1001,2,3,0,2593,10,0,1.99286,0,0
2593,allocate_send_arrival,0,VLAN4012,3,terminal,3,1001,2,3,0,2593,10,0,1.99286,0,0
2598,stage_arrival,0,VLAN4012,3,terminal,3,1001,2,3,0,2598,10,0,0,1.99286,0
2594,allocate_send_arrival,0,VLAN4012,3,terminal,3,1001,2,3,0,2594,10,0,1.99286,0,0
2599,stage_arrival,0,VLAN4012,3,terminal,3,1001,2,3,0,2599,10,0,0,1.99286,0
2595,allocate_send_arrival,0,VLAN4012,3,terminal,3,1001,2,3,0,2595,10,0,1.99286,0,0
2600,stage_arrival,0,VLAN4012,3,terminal,3,1001,2,3,0,2600,10,0,0,1.99286,0
2596,allocate_send_arrival,0,VLAN4012,3,terminal,3,1001,2,3,0,2596,10,0,1.99286,0,0
2601,stage_arrival,0,VLAN4012,3,terminal,3,1001,2,3,0,2601,10,0,0,1.92415,0
2597,allocate_send_arrival,0,VLAN4012,3,terminal,3,1001,2,3,0,2597,10,0,1.92415,0,0
2602,stage_arrival,0,VLAN4012,3,terminal,3,1001,2,3,0,2602,10,0,0,1.92415,0
2598,allocate_send_arrival,0,VLAN4012,3,terminal,3,1001,2,3,0,2598,10,0,1.92415,0,0
2603,stage_arrival,0,VLAN4012,3,terminal,3,1001,2,3,0,2603,10,0,0,1.92415,0
2599,allocate_send_arrival,0,VLAN4012,3,terminal,3,1001,2,3,0,2599,10,0,1.92415,0,0
2604,stage_arrival,0,VLAN4012,3,terminal,3,1001,2,3,0,2604,10,0,0,1.92415,0
2605,stage_arrival,0,VLAN4012,3,terminal,3,1001,2,3,0,2605,10,0,0,1.92415,0
2601,allocate_send_arrival,0,VLAN4012,3,terminal,3,1001,2,3,0,2601,10,0,1.92415,0,0
2601,allocate_send_arrival,0,VLAN4012,3,terminal,3,1001,2,3,0,2601,10,0,1.92415,0,0
2606,stage_arrival,0,VLAN4012,3,terminal,3,1001,2,3,0,2606,10,0,0,1.92415,0
2602,allocate_send_arrival,0,VLAN4012,3,terminal,3,1001,2,3,0,2602,10,0,1.92415,0,0
2607,stage_arrival,0,VLAN4012,3,terminal,3,1001,2,3,0,2607,10,0,0,1.92415,0
2603,allocate_send_arrival,0,VLAN4012,3,terminal,3,1001,2,3,0,2603,10,0,1.92415,0,0
2608,stage_arrival,0,VLAN4012,3,terminal,3,1001,2,3,0,2608,10,0,0,1.92415,0
2604,allocate_send_arrival,0,VLAN4012,3,terminal,3,1001,2,3,0,2604,10,0,1.92415,0,0
2609,stage_arrival,0,VLAN4012,3,terminal,3,1001,2,3,0,2609,10,0,0,1.92415,0
2605,allocate_send_arrival,0,VLAN4012,3,terminal,3,1001,2,3,0,2605,10,0,1.92415,0,0
2610,stage_arrival,0,VLAN4012,3,terminal,3,1001,2,3,0,2610,10,0,0,1.92415,0
2606,allocate_send_arrival,0,VLAN4012,3,terminal,3,1001,2,3,0,2606,10,0,1.92415,0,0
2611,stage_arrival,0,VLAN4012,3,terminal,3,1001,2,3,0,2611,10,0,0,1.92415,0
2612,stage_arrival,0,VLAN4012,3,terminal,3,1001,2,3,0,2612,10,0,0,1.92415,0
2608,allocate_send_arrival,0,VLAN4012,3,terminal,3,1001,2,3,0,2608,10,0,1.92415,0,0
2608,allocate_send_arrival,0,VLAN4012,3,terminal,3,1001,2,3,0,2608,10,0,1.92415,0,0
2613,stage_arrival,0,VLAN4012,3,terminal,3,1001,2,3,0,2613,10,0,0,1.92415,0
2609,allocate_send_arrival,0,VLAN4012,3,terminal,3,1001,2,3,0,2609,10,0,1.92415,0,0
2614,stage_arrival,0,VLAN4012,3,terminal,3,1001,2,3,0,2614,10,0,0,1.92415,0
2615,stage_arrival,0,VLAN4012,3,terminal,3,1001,2,3,0,2615,10,0,0,1.92415,0
2611,allocate_send_arrival,0,VLAN4012,3,terminal,3,1001,2,3,0,2611,10,0,1.92415,0,0
2611,allocate_send_arrival,0,VLAN4012,3,terminal,3,1001,2,3,0,2611,10,0,1.92415,0,0
2616,stage_arrival,0,VLAN4012,3,terminal,3,1001,2,3,0,2616,10,0,0,1.92415,0
2612,allocate_send_arrival,0,VLAN4012,3,terminal,3,1001,2,3,0,2612,10,0,1.92415,0,0
2617,stage_arrival,0,VLAN4012,3,terminal,3,1001,2,3,0,2617,10,0,0,1.92415,0
2613,allocate_send_arrival,0,VLAN4012,3,terminal,3,1001,2,3,0,2613,10,0,1.92415,0,0
2618,stage_arrival,0,VLAN4012,3,terminal,3,1001,2,3,0,2618,10,0,0,1.92415,0
2614,allocate_send_arrival,0,VLAN4012,3,terminal,3,1001,2,3,0,2614,10,0,1.92415,0,0
2619,stage_arrival,0,VLAN4012,3,terminal,3,1001,2,3,0,2619,10,0,0,1.92415,0
2615,allocate_send_arrival,0,VLAN4012,3,terminal,3,1001,2,3,0,2615,10,0,1.92415,0,0
2620,stage_arrival,0,VLAN4012,3,terminal,3,1001,2,3,0,2620,10,0,0,1.92415,0
2616,allocate_send_arrival,0,VLAN4012,3,terminal,3,1001,2,3,0,2616,10,0,1.92415,0,0
2621,stage_arrival,0,VLAN4012,3,terminal,3,1001,2,3,0,2621,10,0,0,1.95851,0
2622,stage_arrival,0,VLAN4012,3,terminal,3,1001,2,3,0,2622,10,0,0,1.95851,0
2618,allocate_send_arrival,0,VLAN4012,3,terminal,3,1001,2,3,0,2618,10,0,1.95851,0,0
2618,allocate_send_arrival,0,VLAN4012,3,terminal,3,1001,2,3,0,2618,10,0,1.95851,0,0
2623,stage_arrival,0,VLAN4012,3,terminal,3,1001,2,3,0,2623,10,0,0,1.95851,0
2619,allocate_send_arrival,0,VLAN4012,3,terminal,3,1001,2,3,0,2619,10,0,1.95851,0,0
2624,stage_arrival,0,VLAN4012,3,terminal,3,1001,2,3,0,2624,10,0,0,1.95851,0
2625,stage_arrival,0,VLAN4012,3,terminal,3,1001,2,3,0,2625,10,0,0,1.95851,0
2621,allocate_send_arrival,0,VLAN4012,3,terminal,3,1001,2,3,0,2621,10,0,1.95851,0,0
2621,allocate_send_arrival,0,VLAN4012,3,terminal,3,1001,2,3,0,2621,10,0,1.95851,0,0
2626,stage_arrival,0,VLAN4012,3,terminal,3,1001,2,3,0,2626,10,0,0,1.95851,0
2622,allocate_send_arrival,0,VLAN4012,3,terminal,3,1001,2,3,0,2622,10,0,1.95851,0,0
2627,stage_arrival,0,VLAN4012,3,terminal,3,1001,2,3,0,2627,10,0,0,1.95851,0
2623,allocate_send_arrival,0,VLAN4012,3,terminal,3,1001,2,3,0,2623,10,0,1.95851,0,0
2628,stage_arrival,0,VLAN4012,3,terminal,3,1001,2,3,0,2628,10,0,0,1.95851,0
2624,allocate_send_arrival,0,VLAN4012,3,terminal,3,1001,2,3,0,2624,10,0,1.95851,0,0
2629,stage_arrival,0,VLAN4012,3,terminal,3,1001,2,3,0,2629,10,0,0,1.95851,0
2630,stage_arrival,0,VLAN4012,3,terminal,3,1001,2,3,0,2630,10,0,0,1.95851,0
2626,allocate_send_arrival,0,VLAN4012,3,terminal,3,1001,2,3,0,2626,10,0,1.95851,0,0
2626,allocate_send_arrival,0,VLAN4012,3,terminal,3,1001,2,3,0,2626,10,0,1.95851,0,0
2631,stage_arrival,0,VLAN4012,3,terminal,3,1001,2,3,0,2631,10,0,0,1.97568,0
2632,stage_arrival,0,VLAN4012,3,terminal,3,1001,2,3,0,2632,10,0,0,1.97568,0
2628,allocate_send_arrival,0,VLAN4012,3,terminal,3,1001,2,3,0,2628,10,0,1.97568,0,0
2628,allocate_send_arrival,0,VLAN4012,3,terminal,3,1001,2,3,0,2628,10,0,1.97568,0,0
2633,stage_arrival,0,VLAN4012,3,terminal,3,1001,2,3,0,2633,10,0,0,1.97568,0
2629,allocate_send_arrival,0,VLAN4012,3,terminal,3,1001,2,3,0,2629,10,0,1.97568,0,0
2634,stage_arrival,0,VLAN4012,3,terminal,3,1001,2,3,0,2634,10,0,0,1.97568,0
2630,allocate_send_arrival,0,VLAN4012,3,terminal,3,1001,2,3,0,2630,10,0,1.97568,0,0
2635,stage_arrival,0,VLAN4012,3,terminal,3,1001,2,3,0,2635,10,0,0,1.97568,0
2631,allocate_send_arrival,0,VLAN4012,3,terminal,3,1001,2,3,0,2631,10,0,1.97568,0,0
2636,stage_arrival,0,VLAN4012,3,terminal,3,1001,2,3,0,2636,10,0,0,1.97568,0
2632,allocate_send_arrival,0,VLAN4012,3,terminal,3,1001,2,3,0,2632,10,0,1.97568,0,0
2637,stage_arrival,0,VLAN4012,3,terminal,3,1001,2,3,0,2637,10,0,0,1.97568,0
2633,allocate_send_arrival,0,VLAN4012,3,terminal,3,1001,2,3,0,2633,10,0,1.97568,0,0
2638,stage_arrival,0,VLAN4012,3,terminal,3,1001,2,3,0,2638,10,0,0,1.97568,0
2634,allocate_send_arrival,0,VLAN4012,3,terminal,3,1001,2,3,0,2634,10,0,1.97568,0,0
2639,stage_arrival,0,VLAN4012,3,terminal,3,1001,2,3,0,2639,10,0,0,1.97568,0
2640,stage_arrival,0,VLAN4012,3,terminal,3,1001,2,3,0,2640,10,0,0,1.97568,0
2636,allocate_send_arrival,0,VLAN4012,3,terminal,3,1001,2,3,0,2636,10,0,1.97568,0,0
2636,allocate_send_arrival,0,VLAN4012,3,terminal,3,1001,2,3,0,2636,10,0,1.97568,0,0
2641,stage_arrival,0,VLAN4012,3,terminal,3,1001,2,3,0,2641,10,0,0,1.94133,0
2637,allocate_send_arrival,0,VLAN4012,3,terminal,3,1001,2,3,0,2637,10,0,1.94133,0,0
2642,stage_arrival,0,VLAN4012,3,terminal,3,1001,2,3,0,2642,10,0,0,1.94133,0
2638,allocate_send_arrival,0,VLAN4012,3,terminal,3,1001,2,3,0,2638,10,0,1.94133,0,0
2643,stage_arrival,0,VLAN4012,3,terminal,3,1001,2,3,0,2643,10,0,0,1.94133,0
2639,allocate_send_arrival,0,VLAN4012,3,terminal,3,1001,2,3,0,2639,10,0,1.94133,0,0
2644,stage_arrival,0,VLAN4012,3,terminal,3,1001,2,3,0,2644,10,0,0,1.94133,0
2645,stage_arrival,0,VLAN4012,3,terminal,3,1001,2,3,0,2645,10,0,0,1.94133,0
2641,allocate_send_arrival,0,VLAN4012,3,terminal,3,1001,2,3,0,2641,10,0,1.94133,0,0
2641,allocate_send_arrival,0,VLAN4012,3,terminal,3,1001,2,3,0,2641,10,0,1.94133,0,0
2646,stage_arrival,0,VLAN4012,3,terminal,3,1001,2,3,0,2646,10,0,0,1.94133,0
2647,stage_arrival,0,VLAN4012,3,terminal,3,1001,2,3,0,2647,10,0,0,1.94133,0
2643,allocate_send_arrival,0,VLAN4012,3,terminal,3,1001,2,3,0,2643,10,0,1.94133,0,0
2643,allocate_send_arrival,0,VLAN4012,3,terminal,3,1001,2,3,0,2643,10,0,1.94133,0,0
2648,stage_arrival,0,VLAN4012,3,terminal,3,1001,2,3,0,2648,10,0,0,1.94133,0
2644,allocate_send_arrival,0,VLAN4012,3,terminal,3,1001,2,3,0,2644,10,0,1.94133,0,0
2649,stage_arrival,0,VLAN4012,3,terminal,3,1001,2,3,0,2649,10,0,0,1.94133,0
2645,allocate_send_arrival,0,VLAN4012,3,terminal,3,1001,2,3,0,2645,10,0,1.94133,0,0
2650,stage_arrival,0,VLAN4012,3,terminal,3,1001,2,3,0,2650,10,0,0,1.94133,0
2646,allocate_send_arrival,0,VLAN4012,3,terminal,3,1001,2,3,0,2646,10,0,1.94133,0,0
2651,stage_arrival,0,VLAN4012,3,terminal,3,1001,2,3,0,2651,10,0,0,1.94992,0
2647,allocate_send_arrival,0,VLAN4012,3,terminal,3,1001,2,3,0,2647,10,0,1.94992,0,0
2652,stage_arrival,0,VLAN4012,3,terminal,3,1001,2,3,0,2652,10,0,0,1.94992,0
2648,allocate_send_arrival,0,VLAN4012,3,terminal,3,1001,2,3,0,2648,10,0,1.94992,0,0
2653,stage_arrival,0,VLAN4012,3,terminal,3,1001,2,3,0,2653,10,0,0,1.94992,0
2649,allocate_send_arrival,0,VLAN4012,3,terminal,3,1001,2,3,0,2649,10,0,1.94992,0,0
2654,stage_arrival,0,VLAN4012,3,terminal,3,1001,2,3,0,2654,10,0,0,1.94992,0
2655,stage_arrival,0,VLAN4012,3,terminal,3,1001,2,3,0,2655,10,0,0,1.94992,0
2651,allocate_send_arrival,0,VLAN4012,3,terminal,3,1001,2,3,0,2651,10,0,1.94992,0,0
2651,allocate_send_arrival,0,VLAN4012,3,terminal,3,1001,2,3,0,2651,10,0,1.94992,0,0
2656,stage_arrival,0,VLAN4012,3,terminal,3,1001,2,3,0,2656,10,0,0,1.94992,0
2657,stage_arrival,0,VLAN4012,3,terminal,3,1001,2,3,0,2657,10,0,0,1.94992,0
2653,allocate_send_arrival,0,VLAN4012,3,terminal,3,1001,2,3,0,2653,10,0,1.94992,0,0
2653,allocate_send_arrival,0,VLAN4012,3,terminal,3,1001,2,3,0,2653,10,0,1.94992,0,0
2658,stage_arrival,0,VLAN4012,3,terminal,3,1001,2,3,0,2658,10,0,0,1.94992,0
2654,allocate_send_arrival,0,VLAN4012,3,terminal,3,1001,2,3,0,2654,10,0,1.94992,0,0
2659,stage_arrival,0,VLAN4012,3,terminal,3,1001,2,3,0,2659,10,0,0,1.94992,0
2655,allocate_send_arrival,0,VLAN4012,3,terminal,3,1001,2,3,0,2655,10,0,1.94992,0,0
2660,stage_arrival,0,VLAN4012,3,terminal,3,1001,2,3,0,2660,10,0,0,1.94992,0
2656,allocate_send_arrival,0,VLAN4012,3,terminal,3,1001,2,3,0,2656,10,0,1.94992,0,0
2661,stage_arrival,0,VLAN4012,3,terminal,3,1001,2,3,0,2661,10,0,0,1.97568,0
2657,allocate_send_arrival,0,VLAN4012,3,terminal,3,1001,2,3,0,2657,10,0,1.97568,0,0
2662,stage_arrival,0,VLAN4012,3,terminal,3,1001,2,3,0,2662,10,0,0,1.97568,0
2658,allocate_send_arrival,0,VLAN4012,3,terminal,3,1001,2,3,0,2658,10,0,1.97568,0,0
2663,stage_arrival,0,VLAN4012,3,terminal,3,1001,2,3,0,2663,10,0,0,1.97568,0
2659,allocate_send_arrival,0,VLAN4012,3,terminal,3,1001,2,3,0,2659,10,0,1.97568,0,0
2664,stage_arrival,0,VLAN4012,3,terminal,3,1001,2,3,0,2664,10,0,0,1.97568,0
2660,allocate_send_arrival,0,VLAN4012,3,terminal,3,1001,2,3,0,2660,10,0,1.97568,0,0
2665,stage_arrival,0,VLAN4012,3,terminal,3,1001,2,3,0,2665,10,0,0,1.97568,0
2661,allocate_send_arrival,0,VLAN4012,3,terminal,3,1001,2,3,0,2661,10,0,1.97568,0,0
2666,stage_arrival,0,VLAN4012,3,terminal,3,1001,2,3,0,2666,10,0,0,1.97568,0
2667,stage_arrival,0,VLAN4012,3,terminal,3,1001,2,3,0,2667,10,0,0,1.97568,0
2663,allocate_send_arrival,0,VLAN4012,3,terminal,3,1001,2,3,0,2663,10,0,1.97568,0,0
2663,allocate_send_arrival,0,VLAN4012,3,terminal,3,1001,2,3,0,2663,10,0,1.97568,0,0
2668,stage_arrival,0,VLAN4012,3,terminal,3,1001,2,3,0,2668,10,0,0,1.97568,0
2664,allocate_send_arrival,0,VLAN4012,3,terminal,3,1001,2,3,0,2664,10,0,1.97568,0,0
2669,stage_arrival,0,VLAN4012,3,terminal,3,1001,2,3,0,2669,10,0,0,1.97568,0
2665,allocate_send_arrival,0,VLAN4012,3,terminal,3,1001,2,3,0,2665,10,0,1.97568,0,0
2670,stage_arrival,0,VLAN4012,3,terminal,3,1001,2,3,0,2670,10,0,0,1.97568,0
2666,allocate_send_arrival,0,VLAN4012,3,terminal,3,1001,2,3,0,2666,10,0,1.97568,0,0
2671,stage_arrival,0,VLAN4012,3,terminal,3,1001,2,3,0,2671,10,0,0,1.97568,0
2667,allocate_send_arrival,0,VLAN4012,3,terminal,3,1001,2,3,0,2667,10,0,1.97568,0,0
2672,stage_arrival,0,VLAN4012,3,terminal,3,1001,2,3,0,2672,10,0,0,1.97568,0
2668,allocate_send_arrival,0,VLAN4012,3,terminal,3,1001,2,3,0,2668,10,0,1.97568,0,0
2673,stage_arrival,0,VLAN4012,3,terminal,3,1001,2,3,0,2673,10,0,0,1.97568,0
2669,allocate_send_arrival,0,VLAN4012,3,terminal,3,1001,2,3,0,2669,10,0,1.97568,0,0
2674,stage_arrival,0,VLAN4012,3,terminal,3,1001,2,3,0,2674,10,0,0,1.97568,0
2675,stage_arrival,0,VLAN4012,3,terminal,3,1001,2,3,0,2675,10,0,0,1.97568,0
2671,allocate_send_arrival,0,VLAN4012,3,terminal,3,1001,2,3,0,2671,10,0,1.97568,0,0
2671,allocate_send_arrival,0,VLAN4012,3,terminal,3,1001,2,3,0,2671,10,0,1.97568,0,0
2676,stage_arrival,0,VLAN4012,3,terminal,3,1001,2,3,0,2676,10,0,0,1.97568,0
2672,allocate_send_arrival,0,VLAN4012,3,terminal,3,1001,2,3,0,2672,10,0,1.97568,0,0
2677,stage_arrival,0,VLAN4012,3,terminal,3,1001,2,3,0,2677,10,0,0,1.97568,0
2673,allocate_send_arrival,0,VLAN4012,3,terminal,3,1001,2,3,0,2673,10,0,1.97568,0,0
2678,stage_arrival,0,VLAN4012,3,terminal,3,1001,2,3,0,2678,10,0,0,1.97568,0
2674,allocate_send_arrival,0,VLAN4012,3,terminal,3,1001,2,3,0,2674,10,0,1.97568,0,0
2679,stage_arrival,0,VLAN4012,3,terminal,3,1001,2,3,0,2679,10,0,0,1.97568,0
2675,allocate_send_arrival,0,VLAN4012,3,terminal,3,1001,2,3,0,2675,10,0,1.97568,0,0
2680,stage_arrival,0,VLAN4012,3,terminal,3,1001,2,3,0,2680,10,0,0,1.97568,0
2676,allocate_send_arrival,0,VLAN4012,3,terminal,3,1001,2,3,0,2676,10,0,1.97568,0,0
2681,stage_arrival,0,VLAN4012,3,terminal,3,1001,2,3,0,2681,10,0,0,1.98427,0
2682,stage_arrival,0,VLAN4012,3,terminal,3,1001,2,3,0,2682,10,0,0,1.98427,0
2678,allocate_send_arrival,0,VLAN4012,3,terminal,3,1001,2,3,0,2678,10,0,1.98427,0,0
2678,allocate_send_arrival,0,VLAN4012,3,terminal,3,1001,2,3,0,2678,10,0,1.98427,0,0
2683,stage_arrival,0,VLAN4012,3,terminal,3,1001,2,3,0,2683,10,0,0,1.98427,0
2679,allocate_send_arrival,0,VLAN4012,3,terminal,3,1001,2,3,0,2679,10,0,1.98427,0,0
2684,stage_arrival,0,VLAN4012,3,terminal,3,1001,2,3,0,2684,10,0,0,1.98427,0
2680,allocate_send_arrival,0,VLAN4012,3,terminal,3,1001,2,3,0,2680,10,0,1.98427,0,0
2685,stage_arrival,0,VLAN4012,3,terminal,3,1001,2,3,0,2685,10,0,0,1.98427,0
2681,allocate_send_arrival,0,VLAN4012,3,terminal,3,1001,2,3,0,2681,10,0,1.98427,0,0
2686,stage_arrival,0,VLAN4012,3,terminal,3,1001,2,3,0,2686,10,0,0,1.98427,0
2682,allocate_send_arrival,0,VLAN4012,3,terminal,3,1001,2,3,0,2682,10,0,1.98427,0,0
2687,stage_arrival,0,VLAN4012,3,terminal,3,1001,2,3,0,2687,10,0,0,1.98427,0
2683,allocate_send_arrival,0,VLAN4012,3,terminal,3,1001,2,3,0,2683,10,0,1.98427,0,0
2688,stage_arrival,0,VLAN4012,3,terminal,3,1001,2,3,0,2688,10,0,0,1.98427,0
2684,allocate_send_arrival,0,VLAN4012,3,terminal,3,1001,2,3,0,2684,10,0,1.98427,0,0
2689,stage_arrival,0,VLAN4012,3,terminal,3,1001,2,3,0,2689,10,0,0,1.98427,0
2690,stage_arrival,0,VLAN4012,3,terminal,3,1001,2,3,0,2690,10,0,0,1.98427,0
2686,allocate_send_arrival,0,VLAN4012,3,terminal,3,1001,2,3,0,2686,10,0,1.98427,0,0
2686,allocate_send_arrival,0,VLAN4012,3,terminal,3,1001,2,3,0,2686,10,0,1.98427,0,0
2691,stage_arrival,0,VLAN4012,3,terminal,3,1001,2,3,0,2691,10,0,0,2.00145,0
2687,allocate_send_arrival,0,VLAN4012,3,terminal,3,1001,2,3,0,2687,10,0,2.00145,0,0
2692,stage_arrival,0,VLAN4012,3,terminal,3,1001,2,3,0,2692,10,0,0,2.00145,0
2688,allocate_send_arrival,0,VLAN4012,3,terminal,3,1001,2,3,0,2688,10,0,2.00145,0,0
2693,stage_arrival,0,VLAN4012,3,terminal,3,1001,2,3,0,2693,10,0,0,2.00145,0
2689,allocate_send_arrival,0,VLAN4012,3,terminal,3,1001,2,3,0,2689,10,0,2.00145,0,0
2694,stage_arrival,0,VLAN4012,3,terminal,3,1001,2,3,0,2694,10,0,0,2.00145,0
2695,stage_arrival,0,VLAN4012,3,terminal,3,1001,2,3,0,2695,10,0,0,2.00145,0
2691,allocate_send_arrival,0,VLAN4012,3,terminal,3,1001,2,3,0,2691,10,0,2.00145,0,0
2691,allocate_send_arrival,0,VLAN4012,3,terminal,3,1001,2,3,0,2691,10,0,2.00145,0,0
2696,stage_arrival,0,VLAN4012,3,terminal,3,1001,2,3,0,2696,10,0,0,2.00145,0
2692,allocate_send_arrival,0,VLAN4012,3,terminal,3,1001,2,3,0,2692,10,0,2.00145,0,0
2697,stage_arrival,0,VLAN4012,3,terminal,3,1001,2,3,0,2697,10,0,0,2.00145,0
2693,allocate_send_arrival,0,VLAN4012,3,terminal,3,1001,2,3,0,2693,10,0,2.00145,0,0
2698,stage_arrival,0,VLAN4012,3,terminal,3,1001,2,3,0,2698,10,0,0,2.00145,0
2694,allocate_send_arrival,0,VLAN4012,3,terminal,3,1001,2,3,0,2694,10,0,2.00145,0,0
2699,stage_arrival,0,VLAN4012,3,terminal,3,1001,2,3,0,2699,10,0,0,2.00145,0
2700,stage_arrival,0,VLAN4012,3,terminal,3,1001,2,3,0,2700,10,0,0,2.00145,0
2696,allocate_send_arrival,0,VLAN4012,3,terminal,3,1001,2,3,0,2696,10,0,2.00145,0,0
2696,allocate_send_arrival,0,VLAN4012,3,terminal,3,1001,2,3,0,2696,10,0,2.00145,0,0
2701,stage_arrival,0,VLAN4012,3,terminal,3,1001,2,3,0,2701,10,0,0,1.95851,0
2697,allocate_send_arrival,0,VLAN4012,3,terminal,3,1001,2,3,0,2697,10,0,1.95851,0,0
2702,stage_arrival,0,VLAN4012,3,terminal,3,1001,2,3,0,2702,10,0,0,1.95851,0
2698,allocate_send_arrival,0,VLAN4012,3,terminal,3,1001,2,3,0,2698,10,0,1.95851,0,0
2703,stage_arrival,0,VLAN4012,3,terminal,3,1001,2,3,0,2703,10,0,0,1.95851,0
2699,allocate_send_arrival,0,VLAN4012,3,terminal,3,1001,2,3,0,2699,10,0,1.95851,0,0
2704,stage_arrival,0,VLAN4012,3,terminal,3,1001,2,3,0,2704,10,0,0,1.95851,0
2700,allocate_send_arrival,0,VLAN4012,3,terminal,3,1001,2,3,0,2700,10,0,1.95851,0,0
2705,stage_arrival,0,VLAN4012,3,terminal,3,1001,2,3,0,2705,10,0,0,1.95851,0
2701,allocate_send_arrival,0,VLAN4012,3,terminal,3,1001,2,3,0,2701,10,0,1.95851,0,0
2706,stage_arrival,0,VLAN4012,3,terminal,3,1001,2,3,0,2706,10,0,0,1.95851,0
2702,allocate_send_arrival,0,VLAN4012,3,terminal,3,1001,2,3,0,2702,10,0,1.95851,0,0
2707,stage_arrival,0,VLAN4012,3,terminal,3,1001,2,3,0,2707,10,0,0,1.95851,0
2703,allocate_send_arrival,0,VLAN4012,3,terminal,3,1001,2,3,0,2703,10,0,1.95851,0,0
2708,stage_arrival,0,VLAN4012,3,terminal,3,1001,2,3,0,2708,10,0,0,1.95851,0
2704,allocate_send_arrival,0,VLAN4012,3,terminal,3,1001,2,3,0,2704,10,0,1.95851,0,0
2709,stage_arrival,0,VLAN4012,3,terminal,3,1001,2,3,0,2709,10,0,0,1.95851,0
2705,allocate_send_arrival,0,VLAN4012,3,terminal,3,1001,2,3,0,2705,10,0,1.95851,0,0
2710,stage_arrival,0,VLAN4012,3,terminal,3,1001,2,3,0,2710,10,0,0,1.95851,0
2706,allocate_send_arrival,0,VLAN4012,3,terminal,3,1001,2,3,0,2706,10,0,1.95851,0,0
2711,stage_arrival,0,VLAN4012,3,terminal,3,1001,2,3,0,2711,10,0,0,1.9671,0
2707,allocate_send_arrival,0,VLAN4012,3,terminal,3,1001,2,3,0,2707,10,0,1.9671,0,0
2712,stage_arrival,0,VLAN4012,3,terminal,3,1001,2,3,0,2712,10,0,0,1.9671,0
2708,allocate_send_arrival,0,VLAN4012,3,terminal,3,1001,2,3,0,2708,10,0,1.9671,0,0
2713,stage_arrival,0,VLAN4012,3,terminal,3,1001,2,3,0,2713,10,0,0,1.9671,0
2709,allocate_send_arrival,0,VLAN4012,3,terminal,3,1001,2,3,0,2709,10,0,1.9671,0,0
2714,stage_arrival,0,VLAN4012,3,terminal,3,1001,2,3,0,2714,10,0,0,1.9671,0
2715,stage_arrival,0,VLAN4012,3,terminal,3,1001,2,3,0,2715,10,0,0,1.9671,0
2711,allocate_send_arrival,0,VLAN4012,3,terminal,3,1001,2,3,0,2711,10,0,1.9671,0,0
2711,allocate_send_arrival,0,VLAN4012,3,terminal,3,1001,2,3,0,2711,10,0,1.9671,0,0
2716,stage_arrival,0,VLAN4012,3,terminal,3,1001,2,3,0,2716,10,0,0,1.9671,0
2717,stage_arrival,0,VLAN4012,3,terminal,3,1001,2,3,0,2717,10,0,0,1.9671,0
2713,allocate_send_arrival,0,VLAN4012,3,terminal,3,1001,2,3,0,2713,10,0,1.9671,0,0
2713,allocate_send_arrival,0,VLAN4012,3,terminal,3,1001,2,3,0,2713,10,0,1.9671,0,0
2718,stage_arrival,0,VLAN4012,3,terminal,3,1001,2,3,0,2718,10,0,0,1.9671,0
2714,allocate_send_arrival,0,VLAN4012,3,terminal,3,1001,2,3,0,2714,10,0,1.9671,0,0
2719,stage_arrival,0,VLAN4012,3,terminal,3,1001,2,3,0,2719,10,0,0,1.9671,0
2715,allocate_send_arrival,0,VLAN4012,3,terminal,3,1001,2,3,0,2715,10,0,1.9671,0,0
2720,stage_arrival,0,VLAN4012,3,terminal,3,1001,2,3,0,2720,10,0,0,1.9671,0
2716,allocate_send_arrival,0,VLAN4012,3,terminal,3,1001,2,3,0,2716,10,0,1.9671,0,0
2721,stage_arrival,0,VLAN4012,3,terminal,3,1001,2,3,0,2721,10,0,0,1.9671,0
2717,allocate_send_arrival,0,VLAN4012,3,terminal,3,1001,2,3,0,2717,10,0,1.9671,0,0
2722,stage_arrival,0,VLAN4012,3,terminal,3,1001,2,3,0,2722,10,0,0,1.9671,0
2718,allocate_send_arrival,0,VLAN4012,3,terminal,3,1001,2,3,0,2718,10,0,1.9671,0,0
2723,stage_arrival,0,VLAN4012,3,terminal,3,1001,2,3,0,2723,10,0,0,1.9671,0
2719,allocate_send_arrival,0,VLAN4012,3,terminal,3,1001,2,3,0,2719,10,0,1.9671,0,0
2724,stage_arrival,0,VLAN4012,3,terminal,3,1001,2,3,0,2724,10,0,0,1.9671,0
2725,stage_arrival,0,VLAN4012,3,terminal,3,1001,2,3,0,2725,10,0,0,1.9671,0
2721,allocate_send_arrival,0,VLAN4012,3,terminal,3,1001,2,3,0,2721,10,0,1.9671,0,0
2721,allocate_send_arrival,0,VLAN4012,3,terminal,3,1001,2,3,0,2721,10,0,1.9671,0,0
2726,stage_arrival,0,VLAN4012,3,terminal,3,1001,2,3,0,2726,10,0,0,1.9671,0
2722,allocate_send_arrival,0,VLAN4012,3,terminal,3,1001,2,3,0,2722,10,0,1.9671,0,0
2727,stage_arrival,0,VLAN4012,3,terminal,3,1001,2,3,0,2727,10,0,0,1.9671,0
2723,allocate_send_arrival,0,VLAN4012,3,terminal,3,1001,2,3,0,2723,10,0,1.9671,0,0
2728,stage_arrival,0,VLAN4012,3,terminal,3,1001,2,3,0,2728,10,0,0,1.9671,0
2724,allocate_send_arrival,0,VLAN4012,3,terminal,3,1001,2,3,0,2724,10,0,1.9671,0,0
2729,stage_arrival,0,VLAN4012,3,terminal,3,1001,2,3,0,2729,10,0,0,1.9671,0
2730,stage_arrival,0,VLAN4012,3,terminal,3,1001,2,3,0,2730,10,0,0,1.9671,0
2726,allocate_send_arrival,0,VLAN4012,3,terminal,3,1001,2,3,0,2726,10,0,1.9671,0,0
2726,allocate_send_arrival,0,VLAN4012,3,terminal,3,1001,2,3,0,2726,10,0,1.9671,0,0
2731,stage_arrival,0,VLAN4012,3,terminal,3,1001,2,3,0,2731,10,0,0,2.00145,0
2732,stage_arrival,0,VLAN4012,3,terminal,3,1001,2,3,0,2732,10,0,0,2.00145,0
2728,allocate_send_arrival,0,VLAN4012,3,terminal,3,1001,2,3,0,2728,10,0,2.00145,0,0
2728,allocate_send_arrival,0,VLAN4012,3,terminal,3,1001,2,3,0,2728,10,0,2.00145,0,0
2733,stage_arrival,0,VLAN4012,3,terminal,3,1001,2,3,0,2733,10,0,0,2.00145,0
2729,allocate_send_arrival,0,VLAN4012,3,terminal,3,1001,2,3,0,2729,10,0,2.00145,0,0
2734,stage_arrival,0,VLAN4012,3,terminal,3,1001,2,3,0,2734,10,0,0,2.00145,0
2735,stage_arrival,0,VLAN4012,3,terminal,3,1001,2,3,0,2735,10,0,0,2.00145,0
2731,allocate_send_arrival,0,VLAN4012,3,terminal,3,1001,2,3,0,2731,10,0,2.00145,0,0
2731,allocate_send_arrival,0,VLAN4012,3,terminal,3,1001,2,3,0,2731,10,0,2.00145,0,0
2736,stage_arrival,0,VLAN4012,3,terminal,3,1001,2,3,0,2736,10,0,0,2.00145,0
2737,stage_arrival,0,VLAN4012,3,terminal,3,1001,2,3,0,2737,10,0,0,2.00145,0
2733,allocate_send_arrival,0,VLAN4012,3,terminal,3,1001,2,3,0,2733,10,0,2.00145,0,0
2733,allocate_send_arrival,0,VLAN4012,3,terminal,3,1001,2,3,0,2733,10,0,2.00145,0,0
2738,stage_arrival,0,VLAN4012,3,terminal,3,1001,2,3,0,2738,10,0,0,2.00145,0
2734,allocate_send_arrival,0,VLAN4012,3,terminal,3,1001,2,3,0,2734,10,0,2.00145,0,0
2739,stage_arrival,0,VLAN4012,3,terminal,3,1001,2,3,0,2739,10,0,0,2.00145,0
2735,allocate_send_arrival,0,VLAN4012,3,terminal,3,1001,2,3,0,2735,10,0,2.00145,0,0
2740,stage_arrival,0,VLAN4012,3,terminal,3,1001,2,3,0,2740,10,0,0,2.00145,0
2736,allocate_send_arrival,0,VLAN4012,3,terminal,3,1001,2,3,0,2736,10,0,2.00145,0,0
2741,stage_arrival,0,VLAN4012,3,terminal,3,1001,2,3,0,2741,10,0,0,1.97568,0
2742,stage_arrival,0,VLAN4012,3,terminal,3,1001,2,3,0,2742,10,0,0,1.97568,0
2738,allocate_send_arrival,0,VLAN4012,3,terminal,3,1001,2,3,0,2738,10,0,1.97568,0,0
2738,allocate_send_arrival,0,VLAN4012,3,terminal,3,1001,2,3,0,2738,10,0,1.97568,0,0
2743,stage_arrival,0,VLAN4012,3,terminal,3,1001,2,3,0,2743,10,0,0,1.97568,0
2739,allocate_send_arrival,0,VLAN4012,3,terminal,3,1001,2,3,0,2739,10,0,1.97568,0,0
2744,stage_arrival,0,VLAN4012,3,terminal,3,1001,2,3,0,2744,10,0,0,1.97568,0
2740,allocate_send_arrival,0,VLAN4012,3,terminal,3,1001,2,3,0,2740,10,0,1.97568,0,0
2745,stage_arrival,0,VLAN4012,3,terminal,3,1001,2,3,0,2745,10,0,0,1.97568,0
2741,allocate_send_arrival,0,VLAN4012,3,terminal,3,1001,2,3,0,2741,10,0,1.97568,0,0
2746,stage_arrival,0,VLAN4012,3,terminal,3,1001,2,3,0,2746,10,0,0,1.97568,0
2747,stage_arrival,0,VLAN4012,3,terminal,3,1001,2,3,0,2747,10,0,0,1.97568,0
2743,allocate_send_arrival,0,VLAN4012,3,terminal,3,1001,2,3,0,2743,10,0,1.97568,0,0
2743,allocate_send_arrival,0,VLAN4012,3,terminal,3,1001,2,3,0,2743,10,0,1.97568,0,0
2748,stage_arrival,0,VLAN4012,3,terminal,3,1001,2,3,0,2748,10,0,0,1.97568,0
2744,allocate_send_arrival,0,VLAN4012,3,terminal,3,1001,2,3,0,2744,10,0,1.97568,0,0
2749,stage_arrival,0,VLAN4012,3,terminal,3,1001,2,3,0,2749,10,0,0,1.97568,0
2745,allocate_send_arrival,0,VLAN4012,3,terminal,3,1001,2,3,0,2745,10,0,1.97568,0,0
2750,stage_arrival,0,VLAN4012,3,terminal,3,1001,2,3,0,2750,10,0,0,1.97568,0
2746,allocate_send_arrival,0,VLAN4012,3,terminal,3,1001,2,3,0,2746,10,0,1.97568,0,0
2751,stage_arrival,0,VLAN4012,3,terminal,3,1001,2,3,0,2751,10,0,0,2.01004,0
2752,stage_arrival,0,VLAN4012,3,terminal,3,1001,2,3,0,2752,10,0,0,2.01004,0
2748,allocate_send_arrival,0,VLAN4012,3,terminal,3,1001,2,3,0,2748,10,0,2.01004,0,0
2748,allocate_send_arrival,0,VLAN4012,3,terminal,3,1001,2,3,0,2748,10,0,2.01004,0,0
2753,stage_arrival,0,VLAN4012,3,terminal,3,1001,2,3,0,2753,10,0,0,2.01004,0
2749,allocate_send_arrival,0,VLAN4012,3,terminal,3,1001,2,3,0,2749,10,0,2.01004,0,0
2754,stage_arrival,0,VLAN4012,3,terminal,3,1001,2,3,0,2754,10,0,0,2.01004,0
2750,allocate_send_arrival,0,VLAN4012,3,terminal,3,1001,2,3,0,2750,10,0,2.01004,0,0
2755,stage_arrival,0,VLAN4012,3,terminal,3,1001,2,3,0,2755,10,0,0,2.01004,0
2751,allocate_send_arrival,0,VLAN4012,3,terminal,3,1001,2,3,0,2751,10,0,2.01004,0,0
2756,stage_arrival,0,VLAN4012,3,terminal,3,1001,2,3,0,2756,10,0,0,2.01004,0
2757,stage_arrival,0,VLAN4012,3,terminal,3,1001,2,3,0,2757,10,0,0,2.01004,0
2753,allocate_send_arrival,0,VLAN4012,3,terminal,3,1001,2,3,0,2753,10,0,2.01004,0,0
2753,allocate_send_arrival,0,VLAN4012,3,terminal,3,1001,2,3,0,2753,10,0,2.01004,0,0
2758,stage_arrival,0,VLAN4012,3,terminal,3,1001,2,3,0,2758,10,0,0,2.01004,0
2754,allocate_send_arrival,0,VLAN4012,3,terminal,3,1001,2,3,0,2754,10,0,2.01004,0,0
2759,stage_arrival,0,VLAN4012,3,terminal,3,1001,2,3,0,2759,10,0,0,2.01004,0
2760,stage_arrival,0,VLAN4012,3,terminal,3,1001,2,3,0,2760,10,0,0,2.01004,0
2756,allocate_send_arrival,0,VLAN4012,3,terminal,3,1001,2,3,0,2756,10,0,2.01004,0,0
2756,allocate_send_arrival,0,VLAN4012,3,terminal,3,1001,2,3,0,2756,10,0,2.01004,0,0
2761,stage_arrival,0,VLAN4012,3,terminal,3,1001,2,3,0,2761,10,0,0,1.95851,0
2762,stage_arrival,0,VLAN4012,3,terminal,3,1001,2,3,0,2762,10,0,0,1.95851,0
2758,allocate_send_arrival,0,VLAN4012,3,terminal,3,1001,2,3,0,2758,10,0,1.95851,0,0
2758,allocate_send_arrival,0,VLAN4012,3,terminal,3,1001,2,3,0,2758,10,0,1.95851,0,0
2763,stage_arrival,0,VLAN4012,3,terminal,3,1001,2,3,0,2763,10,0,0,1.95851,0
2759,allocate_send_arrival,0,VLAN4012,3,terminal,3,1001,2,3,0,2759,10,0,1.95851,0,0
2764,stage_arrival,0,VLAN4012,3,terminal,3,1001,2,3,0,2764,10,0,0,1.95851,0
2765,stage_arrival,0,VLAN4012,3,terminal,3,1001,2,3,0,2765,10,0,0,1.95851,0
2761,allocate_send_arrival,0,VLAN4012,3,terminal,3,1001,2,3,0,2761,10,0,1.95851,0,0
2761,allocate_send_arrival,0,VLAN4012,3,terminal,3,1001,2,3,0,2761,10,0,1.95851,0,0
2766,stage_arrival,0,VLAN4012,3,terminal,3,1001,2,3,0,2766,10,0,0,1.95851,0
2762,allocate_send_arrival,0,VLAN4012,3,terminal,3,1001,2,3,0,2762,10,0,1.95851,0,0
2767,stage_arrival,0,VLAN4012,3,terminal,3,1001,2,3,0,2767,10,0,0,1.95851,0
2763,allocate_send_arrival,0,VLAN4012,3,terminal,3,1001,2,3,0,2763,10,0,1.95851,0,0
2768,stage_arrival,0,VLAN4012,3,terminal,3,1001,2,3,0,2768,10,0,0,1.95851,0
2764,allocate_send_arrival,0,VLAN4012,3,terminal,3,1001,2,3,0,2764,10,0,1.95851,0,0
2769,stage_arrival,0,VLAN4012,3,terminal,3,1001,2,3,0,2769,10,0,0,1.95851,0
2770,stage_arrival,0,VLAN4012,3,terminal,3,1001,2,3,0,2770,10,0,0,1.95851,0
2766,allocate_send_arrival,0,VLAN4012,3,terminal,3,1001,2,3,0,2766,10,0,1.95851,0,0
2766,allocate_send_arrival,0,VLAN4012,3,terminal,3,1001,2,3,0,2766,10,0,1.95851,0,0
2771,stage_arrival,0,VLAN4012,3,terminal,3,1001,2,3,0,2771,10,0,0,1.94992,0
2772,stage_arrival,0,VLAN4012,3,terminal,3,1001,2,3,0,2772,10,0,0,1.94992,0
2768,allocate_send_arrival,0,VLAN4012,3,terminal,3,1001,2,3,0,2768,10,0,1.94992,0,0
2768,allocate_send_arrival,0,VLAN4012,3,terminal,3,1001,2,3,0,2768,10,0,1.94992,0,0
2773,stage_arrival,0,VLAN4012,3,terminal,3,1001,2,3,0,2773,10,0,0,1.94992,0
2769,allocate_send_arrival,0,VLAN4012,3,terminal,3,1001,2,3,0,2769,10,0,1.94992,0,0
2774,stage_arrival,0,VLAN4012,3,terminal,3,1001,2,3,0,2774,10,0,0,1.94992,0
2770,allocate_send_arrival,0,VLAN4012,3,terminal,3,1001,2,3,0,2770,10,0,1.94992,0,0
2775,stage_arrival,0,VLAN4012,3,terminal,3,1001,2,3,0,2775,10,0,0,1.94992,0
2771,allocate_send_arrival,0,VLAN4012,3,terminal,3,1001,2,3,0,2771,10,0,1.94992,0,0
2776,stage_arrival,0,VLAN4012,3,terminal,3,1001,2,3,0,2776,10,0,0,1.94992,0
2772,allocate_send_arrival,0,VLAN4012,3,terminal,3,1001,2,3,0,2772,10,0,1.94992,0,0
2777,stage_arrival,0,VLAN4012,3,terminal,3,1001,2,3,0,2777,10,0,0,1.94992,0
2773,allocate_send_arrival,0,VLAN4012,3,terminal,3,1001,2,3,0,2773,10,0,1.94992,0,0
2778,stage_arrival,0,VLAN4012,3,terminal,3,1001,2,3,0,2778,10,0,0,1.94992,0
2774,allocate_send_arrival,0,VLAN4012,3,terminal,3,1001,2,3,0,2774,10,0,1.94992,0,0
2779,stage_arrival,0,VLAN4012,3,terminal,3,1001,2,3,0,2779,10,0,0,1.94992,0
2775,allocate_send_arrival,0,VLAN4012,3,terminal,3,1001,2,3,0,2775,10,0,1.94992,0,0
2780,stage_arrival,0,VLAN4012,3,terminal,3,1001,2,3,0,2780,10,0,0,1.94992,0
2776,allocate_send_arrival,0,VLAN4012,3,terminal,3,1001,2,3,0,2776,10,0,1.94992,0,0
2781,stage_arrival,0,VLAN4012,3,terminal,3,1001,2,3,0,2781,10,0,0,1.94992,0
2782,stage_arrival,0,VLAN4012,3,terminal,3,1001,2,3,0,2782,10,0,0,1.94992,0
2778,allocate_send_arrival,0,VLAN4012,3,terminal,3,1001,2,3,0,2778,10,0,1.94992,0,0
2778,allocate_send_arrival,0,VLAN4012,3,terminal,3,1001,2,3,0,2778,10,0,1.94992,0,0
2783,stage_arrival,0,VLAN4012,3,terminal,3,1001,2,3,0,2783,10,0,0,1.94992,0
2779,allocate_send_arrival,0,VLAN4012,3,terminal,3,1001,2,3,0,2779,10,0,1.94992,0,0
2784,stage_arrival,0,VLAN4012,3,terminal,3,1001,2,3,0,2784,10,0,0,1.94992,0
2785,stage_arrival,0,VLAN4012,3,terminal,3,1001,2,3,0,2785,10,0,0,1.94992,0
2781,allocate_send_arrival,0,VLAN4012,3,terminal,3,1001,2,3,0,2781,10,0,1.94992,0,0
2781,allocate_send_arrival,0,VLAN4012,3,terminal,3,1001,2,3,0,2781,10,0,1.94992,0,0
2786,stage_arrival,0,VLAN4012,3,terminal,3,1001,2,3,0,2786,10,0,0,1.94992,0
2782,allocate_send_arrival,0,VLAN4012,3,terminal,3,1001,2,3,0,2782,10,0,1.94992,0,0
2787,stage_arrival,0,VLAN4012,3,terminal,3,1001,2,3,0,2787,10,0,0,1.94992,0
2783,allocate_send_arrival,0,VLAN4012,3,terminal,3,1001,2,3,0,2783,10,0,1.94992,0,0
2788,stage_arrival,0,VLAN4012,3,terminal,3,1001,2,3,0,2788,10,0,0,1.94992,0
2784,allocate_send_arrival,0,VLAN4012,3,terminal,3,1001,2,3,0,2784,10,0,1.94992,0,0
2789,stage_arrival,0,VLAN4012,3,terminal,3,1001,2,3,0,2789,10,0,0,1.94992,0
2785,allocate_send_arrival,0,VLAN4012,3,terminal,3,1001,2,3,0,2785,10,0,1.94992,0,0
2790,stage_arrival,0,VLAN4012,3,terminal,3,1001,2,3,0,2790,10,0,0,1.94992,0
2786,allocate_send_arrival,0,VLAN4012,3,terminal,3,1001,2,3,0,2786,10,0,1.94992,0,0
2791,stage_arrival,0,VLAN4012,3,terminal,3,1001,2,3,0,2791,10,0,0,1.94133,0
2787,allocate_send_arrival,0,VLAN4012,3,terminal,3,1001,2,3,0,2787,10,0,1.94133,0,0
2792,stage_arrival,0,VLAN4012,3,terminal,3,1001,2,3,0,2792,10,0,0,1.94133,0
2788,allocate_send_arrival,0,VLAN4012,3,terminal,3,1001,2,3,0,2788,10,0,1.94133,0,0
2793,stage_arrival,0,VLAN4012,3,terminal,3,1001,2,3,0,2793,10,0,0,1.94133,0
2789,allocate_send_arrival,0,VLAN4012,3,terminal,3,1001,2,3,0,2789,10,0,1.94133,0,0
2794,stage_arrival,0,VLAN4012,3,terminal,3,1001,2,3,0,2794,10,0,0,1.94133,0
2790,allocate_send_arrival,0,VLAN4012,3,terminal,3,1001,2,3,0,2790,10,0,1.94133,0,0
2795,stage_arrival,0,VLAN4012,3,terminal,3,1001,2,3,0,2795,10,0,0,1.94133,0
2791,allocate_send_arrival,0,VLAN4012,3,terminal,3,1001,2,3,0,2791,10,0,1.94133,0,0
2796,stage_arrival,0,VLAN4012,3,terminal,3,1001,2,3,0,2796,10,0,0,1.94133,0
2792,allocate_send_arrival,0,VLAN4012,3,terminal,3,1001,2,3,0,2792,10,0,1.94133,0,0
2797,stage_arrival,0,VLAN4012,3,terminal,3,1001,2,3,0,2797,10,0,0,1.94133,0
2793,allocate_send_arrival,0,VLAN4012,3,terminal,3,1001,2,3,0,2793,10,0,1.94133,0,0
2798,stage_arrival,0,VLAN4012,3,terminal,3,1001,2,3,0,2798,10,0,0,1.94133,0
2794,allocate_send_arrival,0,VLAN4012,3,terminal,3,1001,2,3,0,2794,10,0,1.94133,0,0
2799,stage_arrival,0,VLAN4012,3,terminal,3,1001,2,3,0,2799,10,0,0,1.94133,0
2795,allocate_send_arrival,0,VLAN4012,3,terminal,3,1001,2,3,0,2795,10,0,1.94133,0,0
2800,stage_arrival,0,VLAN4012,3,terminal,3,1001,2,3,0,2800,10,0,0,1.94133,0
2796,allocate_send_arrival,0,VLAN4012,3,terminal,3,1001,2,3,0,2796,10,0,1.94133,0,0
2801,stage_arrival,0,VLAN4012,3,terminal,3,1001,2,3,0,2801,10,0,0,1.94992,0
2802,stage_arrival,0,VLAN4012,3,terminal,3,1001,2,3,0,2802,10,0,0,1.94992,0
2798,allocate_send_arrival,0,VLAN4012,3,terminal,3,1001,2,3,0,2798,10,0,1.94992,0,0
2798,allocate_send_arrival,0,VLAN4012,3,terminal,3,1001,2,3,0,2798,10,0,1.94992,0,0
2803,stage_arrival,0,VLAN4012,3,terminal,3,1001,2,3,0,2803,10,0,0,1.94992,0
2799,allocate_send_arrival,0,VLAN4012,3,terminal,3,1001,2,3,0,2799,10,0,1.94992,0,0
2804,stage_arrival,0,VLAN4012,3,terminal,3,1001,2,3,0,2804,10,0,0,1.94992,0
2800,allocate_send_arrival,0,VLAN4012,3,terminal,3,1001,2,3,0,2800,10,0,1.94992,0,0
2805,stage_arrival,0,VLAN4012,3,terminal,3,1001,2,3,0,2805,10,0,0,1.94992,0
2801,allocate_send_arrival,0,VLAN4012,3,terminal,3,1001,2,3,0,2801,10,0,1.94992,0,0
2806,stage_arrival,0,VLAN4012,3,terminal,3,1001,2,3,0,2806,10,0,0,1.94992,0
2807,stage_arrival,0,VLAN4012,3,terminal,3,1001,2,3,0,2807,10,0,0,1.94992,0
2803,allocate_send_arrival,0,VLAN4012,3,terminal,3,1001,2,3,0,2803,10,0,1.94992,0,0
2803,allocate_send_arrival,0,VLAN4012,3,terminal,3,1001,2,3,0,2803,10,0,1.94992,0,0
2808,stage_arrival,0,VLAN4012,3,terminal,3,1001,2,3,0,2808,10,0,0,1.94992,0
2804,allocate_send_arrival,0,VLAN4012,3,terminal,3,1001,2,3,0,2804,10,0,1.94992,0,0
2809,stage_arrival,0,VLAN4012,3,terminal,3,1001,2,3,0,2809,10,0,0,1.94992,0
2810,stage_arrival,0,VLAN4012,3,terminal,3,1001,2,3,0,2810,10,0,0,1.94992,0
2806,allocate_send_arrival,0,VLAN4012,3,terminal,3,1001,2,3,0,2806,10,0,1.94992,0,0
2806,allocate_send_arrival,0,VLAN4012,3,terminal,3,1001,2,3,0,2806,10,0,1.94992,0,0
2811,stage_arrival,0,VLAN4012,3,terminal,3,1001,2,3,0,2811,10,0,0,1.94133,0
2807,allocate_send_arrival,0,VLAN4012,3,terminal,3,1001,2,3,0,2807,10,0,1.94133,0,0
2812,stage_arrival,0,VLAN4012,3,terminal,3,1001,2,3,0,2812,10,0,0,1.94133,0
2808,allocate_send_arrival,0,VLAN4012,3,terminal,3,1001,2,3,0,2808,10,0,1.94133,0,0
2813,stage_arrival,0,VLAN4012,3,terminal,3,1001,2,3,0,2813,10,0,0,1.94133,0
2809,allocate_send_arrival,0,VLAN4012,3,terminal,3,1001,2,3,0,2809,10,0,1.94133,0,0
2814,stage_arrival,0,VLAN4012,3,terminal,3,1001,2,3,0,2814,10,0,0,1.94133,0
2815,stage_arrival,0,VLAN4012,3,terminal,3,1001,2,3,0,2815,10,0,0,1.94133,0
2811,allocate_send_arrival,0,VLAN4012,3,terminal,3,1001,2,3,0,2811,10,0,1.94133,0,0
2811,allocate_send_arrival,0,VLAN4012,3,terminal,3,1001,2,3,0,2811,10,0,1.94133,0,0
2816,stage_arrival,0,VLAN4012,3,terminal,3,1001,2,3,0,2816,10,0,0,1.94133,0
2812,allocate_send_arrival,0,VLAN4012,3,terminal,3,1001,2,3,0,2812,10,0,1.94133,0,0
2817,stage_arrival,0,VLAN4012,3,terminal,3,1001,2,3,0,2817,10,0,0,1.94133,0
2813,allocate_send_arrival,0,VLAN4012,3,terminal,3,1001,2,3,0,2813,10,0,1.94133,0,0
2818,stage_arrival,0,VLAN4012,3,terminal,3,1001,2,3,0,2818,10,0,0,1.94133,0
2814,allocate_send_arrival,0,VLAN4012,3,terminal,3,1001,2,3,0,2814,10,0,1.94133,0,0
2819,stage_arrival,0,VLAN4012,3,terminal,3,1001,2,3,0,2819,10,0,0,1.94133,0
2815,allocate_send_arrival,0,VLAN4012,3,terminal,3,1001,2,3,0,2815,10,0,1.94133,0,0
2820,stage_arrival,0,VLAN4012,3,terminal,3,1001,2,3,0,2820,10,0,0,1.94133,0
2816,allocate_send_arrival,0,VLAN4012,3,terminal,3,1001,2,3,0,2816,10,0,1.94133,0,0
2821,stage_arrival,0,VLAN4012,3,terminal,3,1001,2,3,0,2821,10,0,0,1.9671,0
2822,stage_arrival,0,VLAN4012,3,terminal,3,1001,2,3,0,2822,10,0,0,1.9671,0
2818,allocate_send_arrival,0,VLAN4012,3,terminal,3,1001,2,3,0,2818,10,0,1.9671,0,0
2818,allocate_send_arrival,0,VLAN4012,3,terminal,3,1001,2,3,0,2818,10,0,1.9671,0,0
2823,stage_arrival,0,VLAN4012,3,terminal,3,1001,2,3,0,2823,10,0,0,1.9671,0
2819,allocate_send_arrival,0,VLAN4012,3,terminal,3,1001,2,3,0,2819,10,0,1.9671,0,0
2824,stage_arrival,0,VLAN4012,3,terminal,3,1001,2,3,0,2824,10,0,0,1.9671,0
2825,stage_arrival,0,VLAN4012,3,terminal,3,1001,2,3,0,2825,10,0,0,1.9671,0
2821,allocate_send_arrival,0,VLAN4012,3,terminal,3,1001,2,3,0,2821,10,0,1.9671,0,0
2821,allocate_send_arrival,0,VLAN4012,3,terminal,3,1001,2,3,0,2821,10,0,1.9671,0,0
2826,stage_arrival,0,VLAN4012,3,terminal,3,1001,2,3,0,2826,10,0,0,1.9671,0
2827,stage_arrival,0,VLAN4012,3,terminal,3,1001,2,3,0,2827,10,0,0,1.9671,0
2823,allocate_send_arrival,0,VLAN4012,3,terminal,3,1001,2,3,0,2823,10,0,1.9671,0,0
2823,allocate_send_arrival,0,VLAN4012,3,terminal,3,1001,2,3,0,2823,10,0,1.9671,0,0
2828,stage_arrival,0,VLAN4012,3,terminal,3,1001,2,3,0,2828,10,0,0,1.9671,0
2824,allocate_send_arrival,0,VLAN4012,3,terminal,3,1001,2,3,0,2824,10,0,1.9671,0,0
2829,stage_arrival,0,VLAN4012,3,terminal,3,1001,2,3,0,2829,10,0,0,1.9671,0
2825,allocate_send_arrival,0,VLAN4012,3,terminal,3,1001,2,3,0,2825,10,0,1.9671,0,0
2830,stage_arrival,0,VLAN4012,3,terminal,3,1001,2,3,0,2830,10,0,0,1.9671,0
2826,allocate_send_arrival,0,VLAN4012,3,terminal,3,1001,2,3,0,2826,10,0,1.9671,0,0
2831,stage_arrival,0,VLAN4012,3,terminal,3,1001,2,3,0,2831,10,0,0,1.94133,0
2827,allocate_send_arrival,0,VLAN4012,3,terminal,3,1001,2,3,0,2827,10,0,1.94133,0,0
2832,stage_arrival,0,VLAN4012,3,terminal,3,1001,2,3,0,2832,10,0,0,1.94133,0
2828,allocate_send_arrival,0,VLAN4012,3,terminal,3,1001,2,3,0,2828,10,0,1.94133,0,0
2833,stage_arrival,0,VLAN4012,3,terminal,3,1001,2,3,0,2833,10,0,0,1.94133,0
2829,allocate_send_arrival,0,VLAN4012,3,terminal,3,1001,2,3,0,2829,10,0,1.94133,0,0
2834,stage_arrival,0,VLAN4012,3,terminal,3,1001,2,3,0,2834,10,0,0,1.94133,0
2830,allocate_send_arrival,0,VLAN4012,3,terminal,3,1001,2,3,0,2830,10,0,1.94133,0,0
2835,stage_arrival,0,VLAN4012,3,terminal,3,1001,2,3,0,2835,10,0,0,1.94133,0
2831,allocate_send_arrival,0,VLAN4012,3,terminal,3,1001,2,3,0,2831,10,0,1.94133,0,0
2836,stage_arrival,0,VLAN4012,3,terminal,3,1001,2,3,0,2836,10,0,0,1.94133,0
2837,stage_arrival,0,VLAN4012,3,terminal,3,1001,2,3,0,2837,10,0,0,1.94133,0
2833,allocate_send_arrival,0,VLAN4012,3,terminal,3,1001,2,3,0,2833,10,0,1.94133,0,0
2833,allocate_send_arrival,0,VLAN4012,3,terminal,3,1001,2,3,0,2833,10,0,1.94133,0,0
2838,stage_arrival,0,VLAN4012,3,terminal,3,1001,2,3,0,2838,10,0,0,1.94133,0
2834,allocate_send_arrival,0,VLAN4012,3,terminal,3,1001,2,3,0,2834,10,0,1.94133,0,0
2839,stage_arrival,0,VLAN4012,3,terminal,3,1001,2,3,0,2839,10,0,0,1.94133,0
2840,stage_arrival,0,VLAN4012,3,terminal,3,1001,2,3,0,2840,10,0,0,1.94133,0
2836,allocate_send_arrival,0,VLAN4012,3,terminal,3,1001,2,3,0,2836,10,0,1.94133,0,0
2836,allocate_send_arrival,0,VLAN4012,3,terminal,3,1001,2,3,0,2836,10,0,1.94133,0,0
2841,stage_arrival,0,VLAN4012,3,terminal,3,1001,2,3,0,2841,10,0,0,1.93274,0
2842,stage_arrival,0,VLAN4012,3,terminal,3,1001,2,3,0,2842,10,0,0,1.93274,0
2838,allocate_send_arrival,0,VLAN4012,3,terminal,3,1001,2,3,0,2838,10,0,1.93274,0,0
2838,allocate_send_arrival,0,VLAN4012,3,terminal,3,1001,2,3,0,2838,10,0,1.93274,0,0
2843,stage_arrival,0,VLAN4012,3,terminal,3,1001,2,3,0,2843,10,0,0,1.93274,0
2839,allocate_send_arrival,0,VLAN4012,3,terminal,3,1001,2,3,0,2839,10,0,1.93274,0,0
2844,stage_arrival,0,VLAN4012,3,terminal,3,1001,2,3,0,2844,10,0,0,1.93274,0
2845,stage_arrival,0,VLAN4012,3,terminal,3,1001,2,3,0,2845,10,0,0,1.93274,0
2841,allocate_send_arrival,0,VLAN4012,3,terminal,3,1001,2,3,0,2841,10,0,1.93274,0,0
2841,allocate_send_arrival,0,VLAN4012,3,terminal,3,1001,2,3,0,2841,10,0,1.93274,0,0
2846,stage_arrival,0,VLAN4012,3,terminal,3,1001,2,3,0,2846,10,0,0,1.93274,0
2842,allocate_send_arrival,0,VLAN4012,3,terminal,3,1001,2,3,0,2842,10,0,1.93274,0,0
2847,stage_arrival,0,VLAN4012,3,terminal,3,1001,2,3,0,2847,10,0,0,1.93274,0
2843,allocate_send_arrival,0,VLAN4012,3,terminal,3,1001,2,3,0,2843,10,0,1.93274,0,0
2848,stage_arrival,0,VLAN4012,3,terminal,3,1001,2,3,0,2848,10,0,0,1.93274,0
2844,allocate_send_arrival,0,VLAN4012,3,terminal,3,1001,2,3,0,2844,10,0,1.93274,0,0
2849,stage_arrival,0,VLAN4012,3,terminal,3,1001,2,3,0,2849,10,0,0,1.93274,0
2845,allocate_send_arrival,0,VLAN4012,3,terminal,3,1001,2,3,0,2845,10,0,1.93274,0,0
2850,stage_arrival,0,VLAN4012,3,terminal,3,1001,2,3,0,2850,10,0,0,1.93274,0
2846,allocate_send_arrival,0,VLAN4012,3,terminal,3,1001,2,3,0,2846,10,0,1.93274,0,0
2851,stage_arrival,0,VLAN4012,3,terminal,3,1001,2,3,0,2851,10,0,0,1.95851,0
2847,allocate_send_arrival,0,VLAN4012,3,terminal,3,1001,2,3,0,2847,10,0,1.95851,0,0
2852,stage_arrival,0,VLAN4012,3,terminal,3,1001,2,3,0,2852,10,0,0,1.95851,0
2848,allocate_send_arrival,0,VLAN4012,3,terminal,3,1001,2,3,0,2848,10,0,1.95851,0,0
2853,stage_arrival,0,VLAN4012,3,terminal,3,1001,2,3,0,2853,10,0,0,1.95851,0
2849,allocate_send_arrival,0,VLAN4012,3,terminal,3,1001,2,3,0,2849,10,0,1.95851,0,0
2854,stage_arrival,0,VLAN4012,3,terminal,3,1001,2,3,0,2854,10,0,0,1.95851,0
2855,stage_arrival,0,VLAN4012,3,terminal,3,1001,2,3,0,2855,10,0,0,1.95851,0
2851,allocate_send_arrival,0,VLAN4012,3,terminal,3,1001,2,3,0,2851,10,0,1.95851,0,0
2851,allocate_send_arrival,0,VLAN4012,3,terminal,3,1001,2,3,0,2851,10,0,1.95851,0,0
2856,stage_arrival,0,VLAN4012,3,terminal,3,1001,2,3,0,2856,10,0,0,1.95851,0
2857,stage_arrival,0,VLAN4012,3,terminal,3,1001,2,3,0,2857,10,0,0,1.95851,0
2853,allocate_send_arrival,0,VLAN4012,3,terminal,3,1001,2,3,0,2853,10,0,1.95851,0,0
2853,allocate_send_arrival,0,VLAN4012,3,terminal,3,1001,2,3,0,2853,10,0,1.95851,0,0
2858,stage_arrival,0,VLAN4012,3,terminal,3,1001,2,3,0,2858,10,0,0,1.95851,0
2854,allocate_send_arrival,0,VLAN4012,3,terminal,3,1001,2,3,0,2854,10,0,1.95851,0,0
2859,stage_arrival,0,VLAN4012,3,terminal,3,1001,2,3,0,2859,10,0,0,1.95851,0
2860,stage_arrival,0,VLAN4012,3,terminal,3,1001,2,3,0,2860,10,0,0,1.95851,0
2856,allocate_send_arrival,0,VLAN4012,3,terminal,3,1001,2,3,0,2856,10,0,1.95851,0,0
2856,allocate_send_arrival,0,VLAN4012,3,terminal,3,1001,2,3,0,2856,10,0,1.95851,0,0
2861,stage_arrival,0,VLAN4012,3,terminal,3,1001,2,3,0,2861,10,0,0,1.9671,0
2857,allocate_send_arrival,0,VLAN4012,3,terminal,3,1001,2,3,0,2857,10,0,1.9671,0,0
2862,stage_arrival,0,VLAN4012,3,terminal,3,1001,2,3,0,2862,10,0,0,1.9671,0
2858,allocate_send_arrival,0,VLAN4012,3,terminal,3,1001,2,3,0,2858,10,0,1.9671,0,0
2863,stage_arrival,0,VLAN4012,3,terminal,3,1001,2,3,0,2863,10,0,0,1.9671,0
2859,allocate_send_arrival,0,VLAN4012,3,terminal,3,1001,2,3,0,2859,10,0,1.9671,0,0
2864,stage_arrival,0,VLAN4012,3,terminal,3,1001,2,3,0,2864,10,0,0,1.9671,0
2865,stage_arrival,0,VLAN4012,3,terminal,3,1001,2,3,0,2865,10,0,0,1.9671,0
2861,allocate_send_arrival,0,VLAN4012,3,terminal,3,1001,2,3,0,2861,10,0,1.9671,0,0
2861,allocate_send_arrival,0,VLAN4012,3,terminal,3,1001,2,3,0,2861,10,0,1.9671,0,0
2866,stage_arrival,0,VLAN4012,3,terminal,3,1001,2,3,0,2866,10,0,0,1.9671,0
2867,stage_arrival,0,VLAN4012,3,terminal,3,1001,2,3,0,2867,10,0,0,1.9671,0
2863,allocate_send_arrival,0,VLAN4012,3,terminal,3,1001,2,3,0,2863,10,0,1.9671,0,0
2863,allocate_send_arrival,0,VLAN4012,3,terminal,3,1001,2,3,0,2863,10,0,1.9671,0,0
2868,stage_arrival,0,VLAN4012,3,terminal,3,1001,2,3,0,2868,10,0,0,1.9671,0
2864,allocate_send_arrival,0,VLAN4012,3,terminal,3,1001,2,3,0,2864,10,0,1.9671,0,0
2869,stage_arrival,0,VLAN4012,3,terminal,3,1001,2,3,0,2869,10,0,0,1.9671,0
2870,stage_arrival,0,VLAN4012,3,terminal,3,1001,2,3,0,2870,10,0,0,1.9671,0
2866,allocate_send_arrival,0,VLAN4012,3,terminal,3,1001,2,3,0,2866,10,0,1.9671,0,0
2866,allocate_send_arrival,0,VLAN4012,3,terminal,3,1001,2,3,0,2866,10,0,1.9671,0,0
2871,stage_arrival,0,VLAN4012,3,terminal,3,1001,2,3,0,2871,10,0,0,1.94992,0
2872,stage_arrival,0,VLAN4012,3,terminal,3,1001,2,3,0,2872,10,0,0,1.94992,0
2868,allocate_send_arrival,0,VLAN4012,3,terminal,3,1001,2,3,0,2868,10,0,1.94992,0,0
2868,allocate_send_arrival,0,VLAN4012,3,terminal,3,1001,2,3,0,2868,10,0,1.94992,0,0
2873,stage_arrival,0,VLAN4012,3,terminal,3,1001,2,3,0,2873,10,0,0,1.94992,0
2869,allocate_send_arrival,0,VLAN4012,3,terminal,3,1001,2,3,0,2869,10,0,1.94992,0,0
2874,stage_arrival,0,VLAN4012,3,terminal,3,1001,2,3,0,2874,10,0,0,1.94992,0
2875,stage_arrival,0,VLAN4012,3,terminal,3,1001,2,3,0,2875,10,0,0,1.94992,0
2871,allocate_send_arrival,0,VLAN4012,3,terminal,3,1001,2,3,0,2871,10,0,1.94992,0,0
2871,allocate_send_arrival,0,VLAN4012,3,terminal,3,1001,2,3,0,2871,10,0,1.94992,0,0
2876,stage_arrival,0,VLAN4012,3,terminal,3,1001,2,3,0,2876,10,0,0,1.94992,0
2877,stage_arrival,0,VLAN4012,3,terminal,3,1001,2,3,0,2877,10,0,0,1.94992,0
2873,allocate_send_arrival,0,VLAN4012,3,terminal,3,1001,2,3,0,2873,10,0,1.94992,0,0
2873,allocate_send_arrival,0,VLAN4012,3,terminal,3,1001,2,3,0,2873,10,0,1.94992,0,0
2878,stage_arrival,0,VLAN4012,3,terminal,3,1001,2,3,0,2878,10,0,0,1.94992,0
2874,allocate_send_arrival,0,VLAN4012,3,terminal,3,1001,2,3,0,2874,10,0,1.94992,0,0
2879,stage_arrival,0,VLAN4012,3,terminal,3,1001,2,3,0,2879,10,0,0,1.94992,0
2875,allocate_send_arrival,0,VLAN4012,3,terminal,3,1001,2,3,0,2875,10,0,1.94992,0,0
2880,stage_arrival,0,VLAN4012,3,terminal,3,1001,2,3,0,2880,10,0,0,1.94992,0
2876,allocate_send_arrival,0,VLAN4012,3,terminal,3,1001,2,3,0,2876,10,0,1.94992,0,0
2881,stage_arrival,0,VLAN4012,3,terminal,3,1001,2,3,0,2881,10,0,0,1.98427,0
2882,stage_arrival,0,VLAN4012,3,terminal,3,1001,2,3,0,2882,10,0,0,1.98427,0
2878,allocate_send_arrival,0,VLAN4012,3,terminal,3,1001,2,3,0,2878,10,0,1.98427,0,0
2878,allocate_send_arrival,0,VLAN4012,3,terminal,3,1001,2,3,0,2878,10,0,1.98427,0,0
2883,stage_arrival,0,VLAN4012,3,terminal,3,1001,2,3,0,2883,10,0,0,1.98427,0
2879,allocate_send_arrival,0,VLAN4012,3,terminal,3,1001,2,3,0,2879,10,0,1.98427,0,0
2884,stage_arrival,0,VLAN4012,3,terminal,3,1001,2,3,0,2884,10,0,0,1.98427,0
2885,stage_arrival,0,VLAN4012,3,terminal,3,1001,2,3,0,2885,10,0,0,1.98427,0
2881,allocate_send_arrival,0,VLAN4012,3,terminal,3,1001,2,3,0,2881,10,0,1.98427,0,0
2881,allocate_send_arrival,0,VLAN4012,3,terminal,3,1001,2,3,0,2881,10,0,1.98427,0,0
2886,stage_arrival,0,VLAN4012,3,terminal,3,1001,2,3,0,2886,10,0,0,1.98427,0
2887,stage_arrival,0,VLAN4012,3,terminal,3,1001,2,3,0,2887,10,0,0,1.98427,0
2883,allocate_send_arrival,0,VLAN4012,3,terminal,3,1001,2,3,0,2883,10,0,1.98427,0,0
2883,allocate_send_arrival,0,VLAN4012,3,terminal,3,1001,2,3,0,2883,10,0,1.98427,0,0
2888,stage_arrival,0,VLAN4012,3,terminal,3,1001,2,3,0,2888,10,0,0,1.98427,0
2884,allocate_send_arrival,0,VLAN4012,3,terminal,3,1001,2,3,0,2884,10,0,1.98427,0,0
2889,stage_arrival,0,VLAN4012,3,terminal,3,1001,2,3,0,2889,10,0,0,1.98427,0
2885,allocate_send_arrival,0,VLAN4012,3,terminal,3,1001,2,3,0,2885,10,0,1.98427,0,0
2890,stage_arrival,0,VLAN4012,3,terminal,3,1001,2,3,0,2890,10,0,0,1.98427,0
2886,allocate_send_arrival,0,VLAN4012,3,terminal,3,1001,2,3,0,2886,10,0,1.98427,0,0
2891,stage_arrival,0,VLAN4012,3,terminal,3,1001,2,3,0,2891,10,0,0,2.00145,0
2892,stage_arrival,0,VLAN4012,3,terminal,3,1001,2,3,0,2892,10,0,0,2.00145,0
2888,allocate_send_arrival,0,VLAN4012,3,terminal,3,1001,2,3,0,2888,10,0,2.00145,0,0
2888,allocate_send_arrival,0,VLAN4012,3,terminal,3,1001,2,3,0,2888,10,0,2.00145,0,0
2893,stage_arrival,0,VLAN4012,3,terminal,3,1001,2,3,0,2893,10,0,0,2.00145,0
2889,allocate_send_arrival,0,VLAN4012,3,terminal,3,1001,2,3,0,2889,10,0,2.00145,0,0
2894,stage_arrival,0,VLAN4012,3,terminal,3,1001,2,3,0,2894,10,0,0,2.00145,0
2895,stage_arrival,0,VLAN4012,3,terminal,3,1001,2,3,0,2895,10,0,0,2.00145,0
2891,allocate_send_arrival,0,VLAN4012,3,terminal,3,1001,2,3,0,2891,10,0,2.00145,0,0
2891,allocate_send_arrival,0,VLAN4012,3,terminal,3,1001,2,3,0,2891,10,0,2.00145,0,0
2896,stage_arrival,0,VLAN4012,3,terminal,3,1001,2,3,0,2896,10,0,0,2.00145,0
2892,allocate_send_arrival,0,VLAN4012,3,terminal,3,1001,2,3,0,2892,10,0,2.00145,0,0
2897,stage_arrival,0,VLAN4012,3,terminal,3,1001,2,3,0,2897,10,0,0,2.00145,0
2893,allocate_send_arrival,0,VLAN4012,3,terminal,3,1001,2,3,0,2893,10,0,2.00145,0,0
2898,stage_arrival,0,VLAN4012,3,terminal,3,1001,2,3,0,2898,10,0,0,2.00145,0
2894,allocate_send_arrival,0,VLAN4012,3,terminal,3,1001,2,3,0,2894,10,0,2.00145,0,0
2899,stage_arrival,0,VLAN4012,3,terminal,3,1001,2,3,0,2899,10,0,0,2.00145,0
2900,stage_arrival,0,VLAN4012,3,terminal,3,1001,2,3,0,2900,10,0,0,2.00145,0
2896,allocate_send_arrival,0,VLAN4012,3,terminal,3,1001,2,3,0,2896,10,0,2.00145,0,0
2896,allocate_send_arrival,0,VLAN4012,3,terminal,3,1001,2,3,0,2896,10,0,2.00145,0,0
2901,stage_arrival,0,VLAN4012,3,terminal,3,1001,2,3,0,2901,10,0,0,2.00145,0
2902,stage_arrival,0,VLAN4012,3,terminal,3,1001,2,3,0,2902,10,0,0,2.00145,0
2898,allocate_send_arrival,0,VLAN4012,3,terminal,3,1001,2,3,0,2898,10,0,2.00145,0,0
2898,allocate_send_arrival,0,VLAN4012,3,terminal,3,1001,2,3,0,2898,10,0,2.00145,0,0
2903,stage_arrival,0,VLAN4012,3,terminal,3,1001,2,3,0,2903,10,0,0,2.00145,0
2899,allocate_send_arrival,0,VLAN4012,3,terminal,3,1001,2,3,0,2899,10,0,2.00145,0,0
2904,stage_arrival,0,VLAN4012,3,terminal,3,1001,2,3,0,2904,10,0,0,2.00145,0
2900,allocate_send_arrival,0,VLAN4012,3,terminal,3,1001,2,3,0,2900,10,0,2.00145,0,0
2905,stage_arrival,0,VLAN4012,3,terminal,3,1001,2,3,0,2905,10,0,0,2.00145,0
2901,allocate_send_arrival,0,VLAN4012,3,terminal,3,1001,2,3,0,2901,10,0,2.00145,0,0
2906,stage_arrival,0,VLAN4012,3,terminal,3,1001,2,3,0,2906,10,0,0,2.00145,0
2907,stage_arrival,0,VLAN4012,3,terminal,3,1001,2,3,0,2907,10,0,0,2.00145,0
2903,allocate_send_arrival,0,VLAN4012,3,terminal,3,1001,2,3,0,2903,10,0,2.00145,0,0
2903,allocate_send_arrival,0,VLAN4012,3,terminal,3,1001,2,3,0,2903,10,0,2.00145,0,0
2908,stage_arrival,0,VLAN4012,3,terminal,3,1001,2,3,0,2908,10,0,0,2.00145,0
2904,allocate_send_arrival,0,VLAN4012,3,terminal,3,1001,2,3,0,2904,10,0,2.00145,0,0
2909,stage_arrival,0,VLAN4012,3,terminal,3,1001,2,3,0,2909,10,0,0,2.00145,0
2910,stage_arrival,0,VLAN4012,3,terminal,3,1001,2,3,0,2910,10,0,0,2.00145,0
2906,allocate_send_arrival,0,VLAN4012,3,terminal,3,1001,2,3,0,2906,10,0,2.00145,0,0
2906,allocate_send_arrival,0,VLAN4012,3,terminal,3,1001,2,3,0,2906,10,0,2.00145,0,0
2911,stage_arrival,0,VLAN4012,3,terminal,3,1001,2,3,0,2911,10,0,0,2.01004,0
2907,allocate_send_arrival,0,VLAN4012,3,terminal,3,1001,2,3,0,2907,10,0,2.01004,0,0
2912,stage_arrival,0,VLAN4012,3,terminal,3,1001,2,3,0,2912,10,0,0,2.01004,0
2908,allocate_send_arrival,0,VLAN4012,3,terminal,3,1001,2,3,0,2908,10,0,2.01004,0,0
2913,stage_arrival,0,VLAN4012,3,terminal,3,1001,2,3,0,2913,10,0,0,2.01004,0
2909,allocate_send_arrival,0,VLAN4012,3,terminal,3,1001,2,3,0,2909,10,0,2.01004,0,0
2914,stage_arrival,0,VLAN4012,3,terminal,3,1001,2,3,0,2914,10,0,0,2.01004,0
2910,allocate_send_arrival,0,VLAN4012,3,terminal,3,1001,2,3,0,2910,10,0,2.01004,0,0
2915,stage_arrival,0,VLAN4012,3,terminal,3,1001,2,3,0,2915,10,0,0,2.01004,0
2911,allocate_send_arrival,0,VLAN4012,3,terminal,3,1001,2,3,0,2911,10,0,2.01004,0,0
2916,stage_arrival,0,VLAN4012,3,terminal,3,1001,2,3,0,2916,10,0,0,2.01004,0
2912,allocate_send_arrival,0,VLAN4012,3,terminal,3,1001,2,3,0,2912,10,0,2.01004,0,0
2917,stage_arrival,0,VLAN4012,3,terminal,3,1001,2,3,0,2917,10,0,0,2.01004,0
2913,allocate_send_arrival,0,VLAN4012,3,terminal,3,1001,2,3,0,2913,10,0,2.01004,0,0
2918,stage_arrival,0,VLAN4012,3,terminal,3,1001,2,3,0,2918,10,0,0,2.01004,0
2914,allocate_send_arrival,0,VLAN4012,3,terminal,3,1001,2,3,0,2914,10,0,2.01004,0,0
2919,stage_arrival,0,VLAN4012,3,terminal,3,1001,2,3,0,2919,10,0,0,2.01004,0
2920,stage_arrival,0,VLAN4012,3,terminal,3,1001,2,3,0,2920,10,0,0,2.01004,0
2916,allocate_send_arrival,0,VLAN4012,3,terminal,3,1001,2,3,0,2916,10,0,2.01004,0,0
2916,allocate_send_arrival,0,VLAN4012,3,terminal,3,1001,2,3,0,2916,10,0,2.01004,0,0
2921,stage_arrival,0,VLAN4012,3,terminal,3,1001,2,3,0,2921,10,0,0,1.95851,0
2922,stage_arrival,0,VLAN4012,3,terminal,3,1001,2,3,0,2922,10,0,0,1.95851,0
2918,allocate_send_arrival,0,VLAN4012,3,terminal,3,1001,2,3,0,2918,10,0,1.95851,0,0
2918,allocate_send_arrival,0,VLAN4012,3,terminal,3,1001,2,3,0,2918,10,0,1.95851,0,0
2923,stage_arrival,0,VLAN4012,3,terminal,3,1001,2,3,0,2923,10,0,0,1.95851,0
2919,allocate_send_arrival,0,VLAN4012,3,terminal,3,1001,2,3,0,2919,10,0,1.95851,0,0
2924,stage_arrival,0,VLAN4012,3,terminal,3,1001,2,3,0,2924,10,0,0,1.95851,0
2920,allocate_send_arrival,0,VLAN4012,3,terminal,3,1001,2,3,0,2920,10,0,1.95851,0,0
2925,stage_arrival,0,VLAN4012,3,terminal,3,1001,2,3,0,2925,10,0,0,1.95851,0
2921,allocate_send_arrival,0,VLAN4012,3,terminal,3,1001,2,3,0,2921,10,0,1.95851,0,0
2926,stage_arrival,0,VLAN4012,3,terminal,3,1001,2,3,0,2926,10,0,0,1.95851,0
2927,stage_arrival,0,VLAN4012,3,terminal,3,1001,2,3,0,2927,10,0,0,1.95851,0
2923,allocate_send_arrival,0,VLAN4012,3,terminal,3,1001,2,3,0,2923,10,0,1.95851,0,0
2923,allocate_send_arrival,0,VLAN4012,3,terminal,3,1001,2,3,0,2923,10,0,1.95851,0,0
2928,stage_arrival,0,VLAN4012,3,terminal,3,1001,2,3,0,2928,10,0,0,1.95851,0
2924,allocate_send_arrival,0,VLAN4012,3,terminal,3,1001,2,3,0,2924,10,0,1.95851,0,0
2929,stage_arrival,0,VLAN4012,3,terminal,3,1001,2,3,0,2929,10,0,0,1.95851,0
2930,stage_arrival,0,VLAN4012,3,terminal,3,1001,2,3,0,2930,10,0,0,1.95851,0
2926,allocate_send_arrival,0,VLAN4012,3,terminal,3,1001,2,3,0,2926,10,0,1.95851,0,0
2926,allocate_send_arrival,0,VLAN4012,3,terminal,3,1001,2,3,0,2926,10,0,1.95851,0,0
2931,stage_arrival,0,VLAN4012,3,terminal,3,1001,2,3,0,2931,10,0,0,1.95851,0
2932,stage_arrival,0,VLAN4012,3,terminal,3,1001,2,3,0,2932,10,0,0,1.95851,0
2928,allocate_send_arrival,0,VLAN4012,3,terminal,3,1001,2,3,0,2928,10,0,1.95851,0,0
2928,allocate_send_arrival,0,VLAN4012,3,terminal,3,1001,2,3,0,2928,10,0,1.95851,0,0
2933,stage_arrival,0,VLAN4012,3,terminal,3,1001,2,3,0,2933,10,0,0,1.95851,0
2929,allocate_send_arrival,0,VLAN4012,3,terminal,3,1001,2,3,0,2929,10,0,1.95851,0,0
2934,stage_arrival,0,VLAN4012,3,terminal,3,1001,2,3,0,2934,10,0,0,1.95851,0
2935,stage_arrival,0,VLAN4012,3,terminal,3,1001,2,3,0,2935,10,0,0,1.95851,0
2931,allocate_send_arrival,0,VLAN4012,3,terminal,3,1001,2,3,0,2931,10,0,1.95851,0,0
2931,allocate_send_arrival,0,VLAN4012,3,terminal,3,1001,2,3,0,2931,10,0,1.95851,0,0
2936,stage_arrival,0,VLAN4012,3,terminal,3,1001,2,3,0,2936,10,0,0,1.95851,0
2937,stage_arrival,0,VLAN4012,3,terminal,3,1001,2,3,0,2937,10,0,0,1.95851,0
2933,allocate_send_arrival,0,VLAN4012,3,terminal,3,1001,2,3,0,2933,10,0,1.95851,0,0
2933,allocate_send_arrival,0,VLAN4012,3,terminal,3,1001,2,3,0,2933,10,0,1.95851,0,0
2938,stage_arrival,0,VLAN4012,3,terminal,3,1001,2,3,0,2938,10,0,0,1.95851,0
2934,allocate_send_arrival,0,VLAN4012,3,terminal,3,1001,2,3,0,2934,10,0,1.95851,0,0
2939,stage_arrival,0,VLAN4012,3,terminal,3,1001,2,3,0,2939,10,0,0,1.95851,0
2940,stage_arrival,0,VLAN4012,3,terminal,3,1001,2,3,0,2940,10,0,0,1.95851,0
2936,allocate_send_arrival,0,VLAN4012,3,terminal,3,1001,2,3,0,2936,10,0,1.95851,0,0
2936,allocate_send_arrival,0,VLAN4012,3,terminal,3,1001,2,3,0,2936,10,0,1.95851,0,0
2941,stage_arrival,0,VLAN4012,3,terminal,3,1001,2,3,0,2941,10,0,0,1.93274,0
2942,stage_arrival,0,VLAN4012,3,terminal,3,1001,2,3,0,2942,10,0,0,1.93274,0
2938,allocate_send_arrival,0,VLAN4012,3,terminal,3,1001,2,3,0,2938,10,0,1.93274,0,0
2938,allocate_send_arrival,0,VLAN4012,3,terminal,3,1001,2,3,0,2938,10,0,1.93274,0,0
2943,stage_arrival,0,VLAN4012,3,terminal,3,1001,2,3,0,2943,10,0,0,1.93274,0
2939,allocate_send_arrival,0,VLAN4012,3,terminal,3,1001,2,3,0,2939,10,0,1.93274,0,0
2944,stage_arrival,0,VLAN4012,3,terminal,3,1001,2,3,0,2944,10,0,0,1.93274,0
2940,allocate_send_arrival,0,VLAN4012,3,terminal,3,1001,2,3,0,2940,10,0,1.93274,0,0
2945,stage_arrival,0,VLAN4012,3,terminal,3,1001,2,3,0,2945,10,0,0,1.93274,0
2941,allocate_send_arrival,0,VLAN4012,3,terminal,3,1001,2,3,0,2941,10,0,1.93274,0,0
2946,stage_arrival,0,VLAN4012,3,terminal,3,1001,2,3,0,2946,10,0,0,1.93274,0
2947,stage_arrival,0,VLAN4012,3,terminal,3,1001,2,3,0,2947,10,0,0,1.93274,0
2943,allocate_send_arrival,0,VLAN4012,3,terminal,3,1001,2,3,0,2943,10,0,1.93274,0,0
2943,allocate_send_arrival,0,VLAN4012,3,terminal,3,1001,2,3,0,2943,10,0,1.93274,0,0
2948,stage_arrival,0,VLAN4012,3,terminal,3,1001,2,3,0,2948,10,0,0,1.93274,0
2944,allocate_send_arrival,0,VLAN4012,3,terminal,3,1001,2,3,0,2944,10,0,1.93274,0,0
2949,stage_arrival,0,VLAN4012,3,terminal,3,1001,2,3,0,2949,10,0,0,1.93274,0
2945,allocate_send_arrival,0,VLAN4012,3,terminal,3,1001,2,3,0,2945,10,0,1.93274,0,0
2950,stage_arrival,0,VLAN4012,3,terminal,3,1001,2,3,0,2950,10,0,0,1.93274,0
2946,allocate_send_arrival,0,VLAN4012,3,terminal,3,1001,2,3,0,2946,10,0,1.93274,0,0
2951,stage_arrival,0,VLAN4012,3,terminal,3,1001,2,3,0,2951,10,0,0,1.97568,0
2952,stage_arrival,0,VLAN4012,3,terminal,3,1001,2,3,0,2952,10,0,0,1.97568,0
2948,allocate_send_arrival,0,VLAN4012,3,terminal,3,1001,2,3,0,2948,10,0,1.97568,0,0
2948,allocate_send_arrival,0,VLAN4012,3,terminal,3,1001,2,3,0,2948,10,0,1.97568,0,0
2953,stage_arrival,0,VLAN4012,3,terminal,3,1001,2,3,0,2953,10,0,0,1.97568,0
2949,allocate_send_arrival,0,VLAN4012,3,terminal,3,1001,2,3,0,2949,10,0,1.97568,0,0
2954,stage_arrival,0,VLAN4012,3,terminal,3,1001,2,3,0,2954,10,0,0,1.97568,0
2950,allocate_send_arrival,0,VLAN4012,3,terminal,3,1001,2,3,0,2950,10,0,1.97568,0,0
2955,stage_arrival,0,VLAN4012,3,terminal,3,1001,2,3,0,2955,10,0,0,1.97568,0
2951,allocate_send_arrival,0,VLAN4012,3,terminal,3,1001,2,3,0,2951,10,0,1.97568,0,0
2956,stage_arrival,0,VLAN4012,3,terminal,3,1001,2,3,0,2956,10,0,0,1.97568,0
2957,stage_arrival,0,VLAN4012,3,terminal,3,1001,2,3,0,2957,10,0,0,1.97568,0
2953,allocate_send_arrival,0,VLAN4012,3,terminal,3,1001,2,3,0,2953,10,0,1.97568,0,0
2953,allocate_send_arrival,0,VLAN4012,3,terminal,3,1001,2,3,0,2953,10,0,1.97568,0,0
2958,stage_arrival,0,VLAN4012,3,terminal,3,1001,2,3,0,2958,10,0,0,1.97568,0
2954,allocate_send_arrival,0,VLAN4012,3,terminal,3,1001,2,3,0,2954,10,0,1.97568,0,0
2959,stage_arrival,0,VLAN4012,3,terminal,3,1001,2,3,0,2959,10,0,0,1.97568,0
2960,stage_arrival,0,VLAN4012,3,terminal,3,1001,2,3,0,2960,10,0,0,1.97568,0
2956,allocate_send_arrival,0,VLAN4012,3,terminal,3,1001,2,3,0,2956,10,0,1.97568,0,0
2956,allocate_send_arrival,0,VLAN4012,3,terminal,3,1001,2,3,0,2956,10,0,1.97568,0,0
2961,stage_arrival,0,VLAN4012,3,terminal,3,1001,2,3,0,2961,10,0,0,1.97568,0
2957,allocate_send_arrival,0,VLAN4012,3,terminal,3,1001,2,3,0,2957,10,0,1.97568,0,0
2962,stage_arrival,0,VLAN4012,3,terminal,3,1001,2,3,0,2962,10,0,0,1.97568,0
2958,allocate_send_arrival,0,VLAN4012,3,terminal,3,1001,2,3,0,2958,10,0,1.97568,0,0
2963,stage_arrival,0,VLAN4012,3,terminal,3,1001,2,3,0,2963,10,0,0,1.97568,0
2959,allocate_send_arrival,0,VLAN4012,3,terminal,3,1001,2,3,0,2959,10,0,1.97568,0,0
2964,stage_arrival,0,VLAN4012,3,terminal,3,1001,2,3,0,2964,10,0,0,1.97568,0
2960,allocate_send_arrival,0,VLAN4012,3,terminal,3,1001,2,3,0,2960,10,0,1.97568,0,0
2965,stage_arrival,0,VLAN4012,3,terminal,3,1001,2,3,0,2965,10,0,0,1.97568,0
2961,allocate_send_arrival,0,VLAN4012,3,terminal,3,1001,2,3,0,2961,10,0,1.97568,0,0
2966,stage_arrival,0,VLAN4012,3,terminal,3,1001,2,3,0,2966,10,0,0,1.97568,0
2962,allocate_send_arrival,0,VLAN4012,3,terminal,3,1001,2,3,0,2962,10,0,1.97568,0,0
2967,stage_arrival,0,VLAN4012,3,terminal,3,1001,2,3,0,2967,10,0,0,1.97568,0
2963,allocate_send_arrival,0,VLAN4012,3,terminal,3,1001,2,3,0,2963,10,0,1.97568,0,0
2968,stage_arrival,0,VLAN4012,3,terminal,3,1001,2,3,0,2968,10,0,0,1.97568,0
2964,allocate_send_arrival,0,VLAN4012,3,terminal,3,1001,2,3,0,2964,10,0,1.97568,0,0
2969,stage_arrival,0,VLAN4012,3,terminal,3,1001,2,3,0,2969,10,0,0,1.97568,0
2965,allocate_send_arrival,0,VLAN4012,3,terminal,3,1001,2,3,0,2965,10,0,1.97568,0,0
2970,stage_arrival,0,VLAN4012,3,terminal,3,1001,2,3,0,2970,10,0,0,1.97568,0
2966,allocate_send_arrival,0,VLAN4012,3,terminal,3,1001,2,3,0,2966,10,0,1.97568,0,0
2971,stage_arrival,0,VLAN4012,3,terminal,3,1001,2,3,0,2971,10,0,0,1.95851,0
2972,stage_arrival,0,VLAN4012,3,terminal,3,1001,2,3,0,2972,10,0,0,1.95851,0
2968,allocate_send_arrival,0,VLAN4012,3,terminal,3,1001,2,3,0,2968,10,0,1.95851,0,0
2968,allocate_send_arrival,0,VLAN4012,3,terminal,3,1001,2,3,0,2968,10,0,1.95851,0,0
2973,stage_arrival,0,VLAN4012,3,terminal,3,1001,2,3,0,2973,10,0,0,1.95851,0
2969,allocate_send_arrival,0,VLAN4012,3,terminal,3,1001,2,3,0,2969,10,0,1.95851,0,0
2974,stage_arrival,0,VLAN4012,3,terminal,3,1001,2,3,0,2974,10,0,0,1.95851,0
2975,stage_arrival,0,VLAN4012,3,terminal,3,1001,2,3,0,2975,10,0,0,1.95851,0
2971,allocate_send_arrival,0,VLAN4012,3,terminal,3,1001,2,3,0,2971,10,0,1.95851,0,0
2971,allocate_send_arrival,0,VLAN4012,3,terminal,3,1001,2,3,0,2971,10,0,1.95851,0,0
2976,stage_arrival,0,VLAN4012,3,terminal,3,1001,2,3,0,2976,10,0,0,1.95851,0
2977,stage_arrival,0,VLAN4012,3,terminal,3,1001,2,3,0,2977,10,0,0,1.95851,0
2973,allocate_send_arrival,0,VLAN4012,3,terminal,3,1001,2,3,0,2973,10,0,1.95851,0,0
2973,allocate_send_arrival,0,VLAN4012,3,terminal,3,1001,2,3,0,2973,10,0,1.95851,0,0
2978,stage_arrival,0,VLAN4012,3,terminal,3,1001,2,3,0,2978,10,0,0,1.95851,0
2974,allocate_send_arrival,0,VLAN4012,3,terminal,3,1001,2,3,0,2974,10,0,1.95851,0,0
2979,stage_arrival,0,VLAN4012,3,terminal,3,1001,2,3,0,2979,10,0,0,1.95851,0
2980,stage_arrival,0,VLAN4012,3,terminal,3,1001,2,3,0,2980,10,0,0,1.95851,0
2976,allocate_send_arrival,0,VLAN4012,3,terminal,3,1001,2,3,0,2976,10,0,1.95851,0,0
2976,allocate_send_arrival,0,VLAN4012,3,terminal,3,1001,2,3,0,2976,10,0,1.95851,0,0
2981,stage_arrival,0,VLAN4012,3,terminal,3,1001,2,3,0,2981,10,0,0,1.94992,0
2982,stage_arrival,0,VLAN4012,3,terminal,3,1001,2,3,0,2982,10,0,0,1.94992,0
2978,allocate_send_arrival,0,VLAN4012,3,terminal,3,1001,2,3,0,2978,10,0,1.94992,0,0
2978,allocate_send_arrival,0,VLAN4012,3,terminal,3,1001,2,3,0,2978,10,0,1.94992,0,0
2983,stage_arrival,0,VLAN4012,3,terminal,3,1001,2,3,0,2983,10,0,0,1.94992,0
2979,allocate_send_arrival,0,VLAN4012,3,terminal,3,1001,2,3,0,2979,10,0,1.94992,0,0
2984,stage_arrival,0,VLAN4012,3,terminal,3,1001,2,3,0,2984,10,0,0,1.94992,0
2980,allocate_send_arrival,0,VLAN4012,3,terminal,3,1001,2,3,0,2980,10,0,1.94992,0,0
2985,stage_arrival,0,VLAN4012,3,terminal,3,1001,2,3,0,2985,10,0,0,1.94992,0
2981,allocate_send_arrival,0,VLAN4012,3,terminal,3,1001,2,3,0,2981,10,0,1.94992,0,0
2986,stage_arrival,0,VLAN4012,3,terminal,3,1001,2,3,0,2986,10,0,0,1.94992,0
2982,allocate_send_arrival,0,VLAN4012,3,terminal,3,1001,2,3,0,2982,10,0,1.94992,0,0
2987,stage_arrival,0,VLAN4012,3,terminal,3,1001,2,3,0,2987,10,0,0,1.94992,0
2983,allocate_send_arrival,0,VLAN4012,3,terminal,3,1001,2,3,0,2983,10,0,1.94992,0,0
2988,stage_arrival,0,VLAN4012,3,terminal,3,1001,2,3,0,2988,10,0,0,1.94992,0
2984,allocate_send_arrival,0,VLAN4012,3,terminal,3,1001,2,3,0,2984,10,0,1.94992,0,0
2989,stage_arrival,0,VLAN4012,3,terminal,3,1001,2,3,0,2989,10,0,0,1.94992,0
2990,stage_arrival,0,VLAN4012,3,terminal,3,1001,2,3,0,2990,10,0,0,1.94992,0
2986,allocate_send_arrival,0,VLAN4012,3,terminal,3,1001,2,3,0,2986,10,0,1.94992,0,0
2986,allocate_send_arrival,0,VLAN4012,3,terminal,3,1001,2,3,0,2986,10,0,1.94992,0,0
2991,stage_arrival,0,VLAN4012,3,terminal,3,1001,2,3,0,2991,10,0,0,1.97568,0
2987,allocate_send_arrival,0,VLAN4012,3,terminal,3,1001,2,3,0,2987,10,0,1.97568,0,0
2992,stage_arrival,0,VLAN4012,3,terminal,3,1001,2,3,0,2992,10,0,0,1.97568,0
2988,allocate_send_arrival,0,VLAN4012,3,terminal,3,1001,2,3,0,2988,10,0,1.97568,0,0
2993,stage_arrival,0,VLAN4012,3,terminal,3,1001,2,3,0,2993,10,0,0,1.97568,0
2989,allocate_send_arrival,0,VLAN4012,3,terminal,3,1001,2,3,0,2989,10,0,1.97568,0,0
2994,stage_arrival,0,VLAN4012,3,terminal,3,1001,2,3,0,2994,10,0,0,1.97568,0
2990,allocate_send_arrival,0,VLAN4012,3,terminal,3,1001,2,3,0,2990,10,0,1.97568,0,0
2995,stage_arrival,0,VLAN4012,3,terminal,3,1001,2,3,0,2995,10,0,0,1.97568,0
2991,allocate_send_arrival,0,VLAN4012,3,terminal,3,1001,2,3,0,2991,10,0,1.97568,0,0
2996,stage_arrival,0,VLAN4012,3,terminal,3,1001,2,3,0,2996,10,0,0,1.97568,0
2997,stage_arrival,0,VLAN4012,3,terminal,3,1001,2,3,0,2997,10,0,0,1.97568,0
2993,allocate_send_arrival,0,VLAN4012,3,terminal,3,1001,2,3,0,2993,10,0,1.97568,0,0
2993,allocate_send_arrival,0,VLAN4012,3,terminal,3,1001,2,3,0,2993,10,0,1.97568,0,0
2998,stage_arrival,0,VLAN4012,3,terminal,3,1001,2,3,0,2998,10,0,0,1.97568,0
2994,allocate_send_arrival,0,VLAN4012,3,terminal,3,1001,2,3,0,2994,10,0,1.97568,0,0
2999,stage_arrival,0,VLAN4012,3,terminal,3,1001,2,3,0,2999,10,0,0,1.97568,0
2995,allocate_send_arrival,0,VLAN4012,3,terminal,3,1001,2,3,0,2995,10,0,1.97568,0,0
3000,stage_arrival,0,VLAN4012,3,terminal,3,1001,2,3,0,3000,10,0,0,1.97568,0
2996,allocate_send_arrival,0,VLAN4012,3,terminal,3,1001,2,3,0,2996,10,0,1.97568,0,0
