interval,event,switch,switch_name,port,target_type,target_index,flowlet_id,source_terminal,destination_terminal,creation_interval,age_intervals,capacity_gbit,queued_before_gbit,send_gbit,remaining_after_gbit,dropped_gbit
1,stage_arrival,10,S61,0,switch,1,51647,21,0,0,1,227.172,0,0,100,0
1,stage_arrival,51,S48,0,switch,57,51645,103,0,0,1,201.033,0,0,100,0
1,stage_arrival,61,S46,1,switch,57,51652,122,0,0,1,199.213,0,0,100,0
1,stage_arrival,43,S22,0,switch,0,51651,87,0,0,1,203.304,0,0,100,0
1,stage_arrival,7,S45,2,switch,61,51653,15,0,0,1,100.666,0,0,100,0
1,stage_arrival,48,S50,3,switch,10,51641,96,0,0,1,118.54,0,0,100,0
1,stage_arrival,60,S44,0,switch,18,51655,120,0,0,1,203.923,0,0,100,0
1,stage_arrival,6,S02,0,switch,1,51649,12,0,0,1,138.732,0,0,100,0
1,stage_arrival,10,S61,0,switch,1,51650,20,0,0,1,227.172,0,0,100,0
1,stage_arrival,62,S56,1,switch,34,51648,125,0,0,1,238.377,0,0,100,0
1,stage_arrival,52,S30,2,switch,54,51654,104,0,0,1,164.752,0,0,100,0
1,stage_arrival,17,S35,1,switch,56,51640,34,0,0,1,252.252,0,0,100,0
1,stage_arrival,14,S58,4,switch,5,51644,28,0,0,1,193.819,0,0,100,0
1,stage_arrival,17,S35,1,switch,56,51643,35,0,0,1,252.252,0,0,100,0
1,stage_arrival,28,S12,1,switch,29,51646,57,0,0,1,167.904,0,0,100,0
1,stage_arrival,3,S27,0,switch,0,51642,6,0,0,1,119.129,0,0,100,0
1,allocate_send_arrival,14,S58,4,switch,5,51644,28,0,0,1,193.819,0,100,0,0
1,allocate_send_arrival,61,S46,1,switch,57,51652,122,0,0,1,199.213,0,100,0,0
1,allocate_send_arrival,52,S30,2,switch,54,51654,104,0,0,1,164.752,0,100,0,0
1,allocate_send_arrival,51,S48,0,switch,57,51645,103,0,0,1,201.033,0,100,0,0
1,allocate_send_arrival,7,S45,2,switch,61,51653,15,0,0,1,100.666,0,100,0,0
1,allocate_send_arrival,48,S50,3,switch,10,51641,96,0,0,1,118.54,0,100,0,0
1,allocate_send_arrival,3,S27,0,switch,0,51642,6,0,0,1,119.129,0,100,0,0
1,allocate_send_arrival,10,S61,0,switch,1,51647,21,0,0,1,227.172,0,100,0,0
1,allocate_send_arrival,10,S61,0,switch,1,51650,20,0,0,1,227.172,0,100,0,0
1,allocate_send_arrival,62,S56,1,switch,34,51648,125,0,0,1,238.377,0,100,0,0
1,allocate_send_arrival,60,S44,0,switch,18,51655,120,0,0,1,203.923,0,100,0,0
1,allocate_send_arrival,28,S12,1,switch,29,51646,57,0,0,1,167.904,0,100,0,0
1,allocate_send_arrival,6,S02,0,switch,1,51649,12,0,0,1,138.732,0,100,0,0
1,allocate_send_arrival,43,S22,0,switch,0,51651,87,0,0,1,203.304,0,100,0,0
1,allocate_send_arrival,17,S35,1,switch,56,51640,34,0,0,1,252.252,0,100,0,0
1,allocate_send_arrival,17,S35,1,switch,56,51643,35,0,0,1,252.252,0,100,0,0
2,stage_arrival,0,S00,5,terminal,0,51642,6,0,0,2,1000,0,0,100,0
2,stage_arrival,48,S50,3,switch,10,51641,96,0,0,2,118.54,0,0,100,0
2,stage_arrival,51,S48,0,switch,57,51645,103,0,0,2,201.033,0,0,100,0
2,stage_arrival,56,S36,2,switch,4,51643,35,0,0,2,112.305,0,0,100,0
2,stage_arrival,1,S01,0,switch,0,51649,12,0,0,2,159.728,0,0,100,0
2,stage_arrival,29,S13,5,switch,31,51646,57,0,0,2,131.191,0,0,100,0
2,stage_arrival,17,S35,1,switch,56,51643,35,0,0,2,252.252,0,0,100,0
2,stage_arrival,57,S47,1,switch,50,51652,122,0,0,2,259.289,0,0,100,0
2,stage_arrival,5,S63,0,switch,0,51644,28,0,0,2,259.679,0,0,100,0
2,stage_arrival,17,S35,1,switch,56,51640,34,0,0,2,252.252,0,0,100,0
2,stage_arrival,1,S01,0,switch,0,51647,21,0,0,2,159.728,0,0,100,0
2,stage_arrival,14,S58,4,switch,5,51644,28,0,0,2,193.819,0,0,100,0
2,stage_arrival,60,S44,0,switch,18,51655,120,0,0,2,203.923,0,0,100,0
2,stage_arrival,61,S46,1,switch,57,51653,15,0,0,2,199.213,0,0,100,0
2,stage_arrival,61,S46,1,switch,57,51652,122,0,0,2,199.213,0,0,100,0
2,stage_arrival,10,S61,0,switch,1,51641,96,0,0,2,227.172,0,0,100,0
2,stage_arrival,62,S56,1,switch,34,51648,125,0,0,2,238.377,0,0,100,0
2,stage_arrival,52,S30,2,switch,54,51654,104,0,0,2,164.752,0,0,100,0
2,stage_arrival,57,S47,1,switch,50,51645,103,0,0,2,259.289,0,0,100,0
2,stage_arrival,7,S45,2,switch,61,51653,15,0,0,2,100.666,0,0,100,0
2,stage_arrival,34,S57,2,switch,14,51648,125,0,0,2,113.541,0,0,100,0
2,stage_arrival,3,S27,0,switch,0,51642,6,0,0,2,119.129,0,0,100,0
2,stage_arrival,18,S43,0,switch,38,51655,120,0,0,2,157.659,0,0,100,0
2,stage_arrival,54,S31,1,switch,37,51654,104,0,0,2,242.335,0,0,100,0
2,stage_arrival,43,S22,0,switch,0,51651,87,0,0,2,203.304,0,0,100,0
2,stage_arrival,6,S02,0,switch,1,51649,12,0,0,2,138.732,0,0,100,0
2,stage_arrival,10,S61,0,switch,1,51650,20,0,0,2,227.172,0,0,100,0
2,stage_arrival,56,S36,2,switch,4,51640,34,0,0,2,112.305,0,0,100,0
2,stage_arrival,28,S12,1,switch,29,51646,57,0,0,2,167.904,0,0,100,0
2,stage_arrival,1,S01,0,switch,0,51650,20,0,0,2,159.728,0,0,100,0
2,stage_arrival,0,S00,5,terminal,0,51651,87,0,0,2,1000,0,0,100,0
2,stage_arrival,10,S61,0,switch,1,51647,21,0,0,2,227.172,0,0,100,0
2,allocate_send_arrival,51,S48,0,switch,57,51645,103,0,0,2,201.033,0,100,0,0
2,allocate_send_arrival,0,S00,5,terminal,0,51642,6,0,0,2,1000,0,100,0,0
2,allocate_send_arrival,0,S00,5,terminal,0,51651,87,0,0,2,1000,0,100,0,0
2,allocate_send_arrival,5,S63,0,switch,0,51644,28,0,0,2,259.679,0,100,0,0
2,allocate_send_arrival,34,S57,2,switch,14,51648,125,0,0,2,113.541,0,100,0,0
2,allocate_send_arrival,7,S45,2,switch,61,51653,15,0,0,2,100.666,0,100,0,0
2,allocate_send_arrival,43,S22,0,switch,0,51651,87,0,0,2,203.304,0,100,0,0
2,allocate_send_arrival,10,S61,0,switch,1,51641,96,0,0,2,227.172,0,75.724,24.276,0
2,enqueue_residual,10,S61,0,switch,1,51641,96,0,0,2,227.172,0,0,24.276,0
2,allocate_send_arrival,10,S61,0,switch,1,51650,20,0,0,2,227.172,0,75.724,24.276,0
2,enqueue_residual,10,S61,0,switch,1,51650,20,0,0,2,227.172,0,0,24.276,0
2,allocate_send_arrival,10,S61,0,switch,1,51647,21,0,0,2,227.172,0,75.724,24.276,0
2,enqueue_residual,10,S61,0,switch,1,51647,21,0,0,2,227.172,0,0,24.276,0
2,allocate_send_arrival,6,S02,0,switch,1,51649,12,0,0,2,138.732,0,100,0,0
2,allocate_send_arrival,48,S50,3,switch,10,51641,96,0,0,2,118.54,0,100,0,0
2,allocate_send_arrival,18,S43,0,switch,38,51655,120,0,0,2,157.659,0,100,0,0
2,allocate_send_arrival,54,S31,1,switch,37,51654,104,0,0,2,242.335,0,100,0,0
2,allocate_send_arrival,62,S56,1,switch,34,51648,125,0,0,2,238.377,0,100,0,0
2,allocate_send_arrival,1,S01,0,switch,0,51649,12,0,0,2,159.728,0,53.2427,46.7573,0
2,enqueue_residual,1,S01,0,switch,0,51649,12,0,0,2,159.728,0,0,46.7573,0
2,allocate_send_arrival,1,S01,0,switch,0,51647,21,0,0,2,159.728,0,53.2427,46.7573,0
2,enqueue_residual,1,S01,0,switch,0,51647,21,0,0,2,159.728,0,0,46.7573,0
2,allocate_send_arrival,1,S01,0,switch,0,51650,20,0,0,2,159.728,0,53.2427,46.7573,0
2,enqueue_residual,1,S01,0,switch,0,51650,20,0,0,2,159.728,0,0,6.48533,0
2,drop_shared_buffer_overflow,1,S01,0,switch,0,51650,20,0,0,2,159.728,0,0,0,40.272
2,allocate_send_arrival,52,S30,2,switch,54,51654,104,0,0,2,164.752,0,100,0,0
2,allocate_send_arrival,29,S13,5,switch,31,51646,57,0,0,2,131.191,0,100,0,0
2,allocate_send_arrival,60,S44,0,switch,18,51655,120,0,0,2,203.923,0,100,0,0
2,allocate_send_arrival,57,S47,1,switch,50,51652,122,0,0,2,259.289,0,100,0,0
2,allocate_send_arrival,57,S47,1,switch,50,51645,103,0,0,2,259.289,0,100,0,0
2,allocate_send_arrival,61,S46,1,switch,57,51653,15,0,0,2,199.213,0,99.6065,0.3935,0
2,enqueue_residual,61,S46,1,switch,57,51653,15,0,0,2,199.213,0,0,0.3935,0
2,allocate_send_arrival,61,S46,1,switch,57,51652,122,0,0,2,199.213,0,99.6065,0.3935,0
2,enqueue_residual,61,S46,1,switch,57,51652,122,0,0,2,199.213,0,0,0.3935,0
2,allocate_send_arrival,3,S27,0,switch,0,51642,6,0,0,2,119.129,0,100,0,0
2,allocate_send_arrival,56,S36,2,switch,4,51643,35,0,0,2,112.305,0,56.1525,43.8475,0
2,enqueue_residual,56,S36,2,switch,4,51643,35,0,0,2,112.305,0,0,43.8475,0
2,allocate_send_arrival,56,S36,2,switch,4,51640,34,0,0,2,112.305,0,56.1525,43.8475,0
2,enqueue_residual,56,S36,2,switch,4,51640,34,0,0,2,112.305,0,0,43.8475,0
2,allocate_send_arrival,28,S12,1,switch,29,51646,57,0,0,2,167.904,0,100,0,0
2,allocate_send_arrival,14,S58,4,switch,5,51644,28,0,0,2,193.819,0,100,0,0
2,allocate_send_arrival,17,S35,1,switch,56,51643,35,0,0,2,252.252,0,100,0,0
2,allocate_send_arrival,17,S35,1,switch,56,51640,34,0,0,2,252.252,0,100,0,0
3,allocate_send_buffered,61,S46,1,switch,57,51653,15,0,0,3,199.213,0.787,0.3935,0,0
3,allocate_send_buffered,61,S46,1,switch,57,51652,122,0,0,3,199.213,0.787,0.3935,0,0
3,allocate_send_buffered,1,S01,0,switch,0,51649,12,0,0,3,159.728,100,46.7573,0,0
3,allocate_send_buffered,1,S01,0,switch,0,51647,21,0,0,3,159.728,100,46.7573,0,0
3,allocate_send_buffered,1,S01,0,switch,0,51650,20,0,0,3,159.728,100,6.48533,0,0
3,allocate_send_buffered,56,S36,2,switch,4,51643,35,0,0,3,112.305,87.695,43.8475,0,0
3,allocate_send_buffered,56,S36,2,switch,4,51640,34,0,0,3,112.305,87.695,43.8475,0,0
3,stage_arrival,1,S01,0,switch,0,51649,12,0,0,3,159.728,0,0,100,0
3,stage_arrival,43,S22,0,switch,0,51651,87,0,0,3,203.304,0,0,100,0
3,stage_arrival,28,S12,1,switch,29,51646,57,0,0,3,167.904,0,0,100,0
3,stage_arrival,50,S38,2,switch,4,51652,122,0,0,3,290.506,0,0,100,0
3,stage_arrival,62,S56,1,switch,34,51648,125,0,0,3,238.377,0,0,100,0
3,stage_arrival,10,S61,0,switch,1,51641,96,0,0,3,227.172,72.828,0,100,0
3,stage_arrival,61,S46,1,switch,57,51653,15,0,0,3,199.213,0,0,100,0
3,stage_arrival,10,S61,0,switch,1,51647,21,0,0,3,227.172,72.828,0,53.5609,0
3,stage_arrival,4,S37,0,switch,0,51643,35,0,0,3,203.508,0,0,56.1525,0
3,stage_arrival,17,S35,1,switch,56,51640,34,0,0,3,252.252,0,0,56.5304,0
3,stage_arrival,31,S62,3,switch,5,51646,57,0,0,3,238.676,0,0,100,0
3,stage_arrival,7,S45,2,switch,61,51653,15,0,0,3,100.666,0,0,99.6122,0
3,stage_arrival,14,S58,4,switch,5,51644,28,0,0,3,193.819,0,0,100,0
3,stage_arrival,34,S57,2,switch,14,51648,125,0,0,3,113.541,0,0,100,0
3,stage_arrival,18,S43,0,switch,38,51655,120,0,0,3,157.659,0,0,100,0
3,stage_arrival,60,S44,0,switch,18,51655,120,0,0,3,203.923,0,0,100,0
3,stage_arrival,52,S30,2,switch,54,51654,104,0,0,3,164.752,0,0,100,0
3,stage_arrival,54,S31,1,switch,37,51654,104,0,0,3,242.335,0,0,100,0
3,stage_arrival,0,S00,5,terminal,0,51642,6,0,0,3,1000,0,0,100,0
3,stage_arrival,29,S13,5,switch,31,51646,57,0,0,3,131.191,0,0,100,0
3,stage_arrival,57,S47,1,switch,50,51652,122,0,0,3,259.289,0,0,99.6065,0
3,stage_arrival,57,S47,1,switch,50,51645,103,0,0,3,259.289,0,0,100,0
3,stage_arrival,1,S01,0,switch,0,51641,96,0,0,3,159.728,0,0,75.724,0
3,stage_arrival,1,S01,0,switch,0,51647,21,0,0,3,159.728,0,0,75.724,0
3,stage_arrival,0,S00,5,terminal,0,51649,12,0,0,3,1000,0,0,53.2427,0
3,stage_arrival,56,S36,2,switch,4,51640,34,0,0,3,112.305,0,0,100,0
3,stage_arrival,56,S36,2,switch,4,51643,35,0,0,3,112.305,0,0,100,0
3,stage_arrival,0,S00,5,terminal,0,51651,87,0,0,3,1000,0,0,100,0
3,stage_arrival,3,S27,0,switch,0,51642,6,0,0,3,119.129,0,0,100,0
3,stage_arrival,10,S61,0,switch,1,51650,20,0,0,3,227.172,72.828,0,53.5609,0
3,stage_arrival,37,S32,0,switch,0,51654,104,0,0,3,103.31,0,0,100,0
3,stage_arrival,6,S02,0,switch,1,51649,12,0,0,3,138.732,0,0,53.7043,0
3,stage_arrival,50,S38,2,switch,4,51645,103,0,0,3,290.506,0,0,100,0
3,stage_arrival,0,S00,5,terminal,0,51647,21,0,0,3,1000,0,0,53.2427,0
3,stage_arrival,38,S42,0,switch,42,51655,120,0,0,3,176.64,0,0,100,0
3,stage_arrival,0,S00,5,terminal,0,51650,20,0,0,3,1000,0,0,53.2427,0
3,stage_arrival,1,S01,0,switch,0,51650,20,0,0,3,159.728,0,0,75.724,0
3,stage_arrival,51,S48,0,switch,57,51645,103,0,0,3,201.033,0,0,100,0
3,stage_arrival,48,S50,3,switch,10,51641,96,0,0,3,118.54,0,0,100,0
3,stage_arrival,0,S00,5,terminal,0,51644,28,0,0,3,1000,0,0,100,0
3,stage_arrival,17,S35,1,switch,56,51643,35,0,0,3,252.252,0,0,56.5304,0
3,stage_arrival,5,S63,0,switch,0,51644,28,0,0,3,259.679,0,0,100,0
3,stage_arrival,14,S58,4,switch,5,51648,125,0,0,3,193.819,0,0,100,0
3,stage_arrival,57,S47,1,switch,50,51653,15,0,0,3,259.289,0,0,99.6065,0
3,stage_arrival,61,S46,1,switch,57,51652,122,0,0,3,199.213,0,0,100,0
3,stage_arrival,4,S37,0,switch,0,51640,34,0,0,3,203.508,0,0,56.1525,0
3,allocate_send_arrival,31,S62,3,switch,5,51646,57,0,0,3,238.676,0,100,0,0
3,allocate_send_arrival,18,S43,0,switch,38,51655,120,0,0,3,157.659,0,100,0,0
3,allocate_send_arrival,37,S32,0,switch,0,51654,104,0,0,3,103.31,0,100,0,0
3,allocate_send_arrival,38,S42,0,switch,42,51655,120,0,0,3,176.64,0,100,0,0
3,allocate_send_arrival,28,S12,1,switch,29,51646,57,0,0,3,167.904,0,100,0,0
3,allocate_send_arrival,17,S35,1,switch,56,51640,34,0,0,3,252.252,0,56.5304,0,0
3,allocate_send_arrival,17,S35,1,switch,56,51643,35,0,0,3,252.252,0,56.5304,0,0
3,allocate_send_arrival,62,S56,1,switch,34,51648,125,0,0,3,238.377,0,100,0,0
3,allocate_send_arrival,51,S48,0,switch,57,51645,103,0,0,3,201.033,0,100,0,0
3,allocate_send_arrival,54,S31,1,switch,37,51654,104,0,0,3,242.335,0,100,0,0
3,allocate_send_arrival,29,S13,5,switch,31,51646,57,0,0,3,131.191,0,100,0,0
3,allocate_send_arrival,1,S01,0,switch,0,51649,12,0,0,3,159.728,0,14.932,85.068,0
3,enqueue_residual,1,S01,0,switch,0,51649,12,0,0,3,159.728,0,0,85.068,0
3,allocate_send_arrival,1,S01,0,switch,0,51641,96,0,0,3,159.728,0,14.932,60.792,0
3,enqueue_residual,1,S01,0,switch,0,51641,96,0,0,3,159.728,0,0,14.932,0
3,drop_shared_buffer_overflow,1,S01,0,switch,0,51641,96,0,0,3,159.728,0,0,0,45.86
3,allocate_send_arrival,1,S01,0,switch,0,51647,21,0,0,3,159.728,0,14.932,60.792,0
3,drop_shared_buffer_overflow,1,S01,0,switch,0,51647,21,0,0,3,159.728,0,0,0,60.792
3,allocate_send_arrival,1,S01,0,switch,0,51650,20,0,0,3,159.728,0,14.932,60.792,0
3,drop_shared_buffer_overflow,1,S01,0,switch,0,51650,20,0,0,3,159.728,0,0,0,60.792
3,allocate_send_arrival,5,S63,0,switch,0,51644,28,0,0,3,259.679,0,100,0,0
3,allocate_send_arrival,56,S36,2,switch,4,51640,34,0,0,3,112.305,0,12.305,87.695,0
3,enqueue_residual,56,S36,2,switch,4,51640,34,0,0,3,112.305,0,0,87.695,0
3,allocate_send_arrival,56,S36,2,switch,4,51643,35,0,0,3,112.305,0,12.305,87.695,0
3,enqueue_residual,56,S36,2,switch,4,51643,35,0,0,3,112.305,0,0,12.305,0
3,drop_shared_buffer_overflow,56,S36,2,switch,4,51643,35,0,0,3,112.305,0,0,0,75.39
3,allocate_send_arrival,34,S57,2,switch,14,51648,125,0,0,3,113.541,0,100,0,0
3,allocate_send_arrival,43,S22,0,switch,0,51651,87,0,0,3,203.304,0,100,0,0
3,allocate_send_arrival,7,S45,2,switch,61,51653,15,0,0,3,100.666,0,99.6122,0,0
3,allocate_send_arrival,57,S47,1,switch,50,51652,122,0,0,3,259.289,0,86.4297,13.1768,0
3,enqueue_residual,57,S47,1,switch,50,51652,122,0,0,3,259.289,0,0,13.1768,0
3,allocate_send_arrival,57,S47,1,switch,50,51645,103,0,0,3,259.289,0,86.4297,13.5703,0
3,enqueue_residual,57,S47,1,switch,50,51645,103,0,0,3,259.289,0,0,13.5703,0
3,allocate_send_arrival,57,S47,1,switch,50,51653,15,0,0,3,259.289,0,86.4297,13.1768,0
3,enqueue_residual,57,S47,1,switch,50,51653,15,0,0,3,259.289,0,0,13.1768,0
3,allocate_send_arrival,14,S58,4,switch,5,51644,28,0,0,3,193.819,0,96.9095,3.0905,0
3,enqueue_residual,14,S58,4,switch,5,51644,28,0,0,3,193.819,0,0,3.0905,0
3,allocate_send_arrival,14,S58,4,switch,5,51648,125,0,0,3,193.819,0,96.9095,3.0905,0
3,enqueue_residual,14,S58,4,switch,5,51648,125,0,0,3,193.819,0,0,3.0905,0
3,allocate_send_arrival,10,S61,0,switch,1,51641,96,0,0,3,227.172,72.828,100,0,0
3,allocate_send_arrival,10,S61,0,switch,1,51647,21,0,0,3,227.172,72.828,53.5609,0,0
3,allocate_send_arrival,10,S61,0,switch,1,51650,20,0,0,3,227.172,72.828,53.5609,0,0
3,allocate_send_arrival,3,S27,0,switch,0,51642,6,0,0,3,119.129,0,100,0,0
3,allocate_send_arrival,50,S38,2,switch,4,51652,122,0,0,3,290.506,0,100,0,0
3,allocate_send_arrival,50,S38,2,switch,4,51645,103,0,0,3,290.506,0,100,0,0
3,allocate_send_arrival,0,S00,5,terminal,0,51642,6,0,0,3,1000,0,100,0,0
3,allocate_send_arrival,0,S00,5,terminal,0,51649,12,0,0,3,1000,0,53.2427,0,0
3,allocate_send_arrival,0,S00,5,terminal,0,51651,87,0,0,3,1000,0,100,0,0
3,allocate_send_arrival,0,S00,5,terminal,0,51647,21,0,0,3,1000,0,53.2427,0,0
3,allocate_send_arrival,0,S00,5,terminal,0,51650,20,0,0,3,1000,0,53.2427,0,0
3,allocate_send_arrival,0,S00,5,terminal,0,51644,28,0,0,3,1000,0,100,0,0
3,allocate_send_arrival,61,S46,1,switch,57,51653,15,0,0,3,199.213,0,99.213,0.787,0
3,enqueue_residual,61,S46,1,switch,57,51653,15,0,0,3,199.213,0,0,0.787,0
3,allocate_send_arrival,61,S46,1,switch,57,51652,122,0,0,3,199.213,0,99.213,0.787,0
3,enqueue_residual,61,S46,1,switch,57,51652,122,0,0,3,199.213,0,0,0.787,0
3,allocate_send_arrival,52,S30,2,switch,54,51654,104,0,0,3,164.752,0,100,0,0
3,allocate_send_arrival,4,S37,0,switch,0,51643,35,0,0,3,203.508,0,56.1525,0,0
3,allocate_send_arrival,4,S37,0,switch,0,51640,34,0,0,3,203.508,0,56.1525,0,0
3,allocate_send_arrival,6,S02,0,switch,1,51649,12,0,0,3,138.732,0,53.7043,0,0
3,allocate_send_arrival,60,S44,0,switch,18,51655,120,0,0,3,203.923,0,100,0,0
3,allocate_send_arrival,48,S50,3,switch,10,51641,96,0,0,3,118.54,0,100,0,0
4,allocate_send_buffered,10,S61,0,switch,1,51641,96,0,0,4,227.172,72.828,24.276,0,0
4,allocate_send_buffered,10,S61,0,switch,1,51650,20,0,0,4,227.172,72.828,24.276,0,0
4,allocate_send_buffered,10,S61,0,switch,1,51647,21,0,0,4,227.172,72.828,24.276,0,0
4,allocate_send_buffered,56,S36,2,switch,4,51640,34,0,0,4,112.305,100,87.695,0,0
4,allocate_send_buffered,56,S36,2,switch,4,51643,35,0,0,4,112.305,100,12.305,0,0
4,allocate_send_buffered,14,S58,4,switch,5,51644,28,0,0,4,193.819,6.181,3.0905,0,0
4,allocate_send_buffered,14,S58,4,switch,5,51648,125,0,0,4,193.819,6.181,3.0905,0,0
4,allocate_send_buffered,61,S46,1,switch,57,51653,15,0,0,4,199.213,1.574,0.787,0,0
4,allocate_send_buffered,61,S46,1,switch,57,51652,122,0,0,4,199.213,1.574,0.787,0,0
4,allocate_send_buffered,1,S01,0,switch,0,51649,12,0,0,4,159.728,100,85.068,0,0
4,allocate_send_buffered,1,S01,0,switch,0,51641,96,0,0,4,159.728,100,14.932,0,0
4,allocate_send_buffered,57,S47,1,switch,50,51652,122,0,0,4,259.289,39.924,13.1768,0,0
4,allocate_send_buffered,57,S47,1,switch,50,51645,103,0,0,4,259.289,39.924,13.5703,0,0
4,allocate_send_buffered,57,S47,1,switch,50,51653,15,0,0,4,259.289,39.924,13.1768,0,0
4,stage_arrival,56,S36,2,switch,4,51643,35,0,0,4,112.305,0,0,56.5304,0
4,stage_arrival,14,S58,4,switch,5,51648,125,0,0,4,193.819,0,0,100,0
4,stage_arrival,57,S47,1,switch,50,51653,15,0,0,4,259.289,0,0,0.3935,0
4,stage_arrival,17,S35,1,switch,56,51640,34,0,0,4,252.252,0,0,56.1525,0
4,stage_arrival,61,S46,1,switch,57,51652,122,0,0,4,199.213,0,0,86.5008,0
4,stage_arrival,43,S22,0,switch,0,51651,87,0,0,4,203.304,0,0,100,0
4,stage_arrival,0,S00,5,terminal,0,51651,87,0,0,4,1000,0,0,100,0
4,stage_arrival,0,S00,5,terminal,0,51640,34,0,0,4,1000,0,0,56.1525,0
4,stage_arrival,28,S12,1,switch,29,51646,57,0,0,4,167.904,0,0,100,0
4,stage_arrival,4,S37,0,switch,0,51643,35,0,0,4,203.508,0,0,12.305,0
4,stage_arrival,0,S00,5,terminal,0,51649,12,0,0,4,1000,0,0,14.932,0
4,stage_arrival,60,S44,0,switch,18,51655,120,0,0,4,203.923,0,0,100,0
4,stage_arrival,1,S01,0,switch,0,51641,96,0,0,4,159.728,0,0,100,0
4,stage_arrival,1,S01,0,switch,0,51649,12,0,0,4,159.728,0,0,53.7043,0
4,stage_arrival,56,S36,2,switch,4,51640,34,0,0,4,112.305,0,0,56.5304,0
4,stage_arrival_coalesce,57,S47,1,switch,50,51653,15,0,0,4,259.289,0,0,99.6065,0
4,stage_arrival,51,S48,0,switch,57,51645,103,0,0,4,201.033,0,0,86.663,0
4,stage_arrival,50,S38,2,switch,4,51645,103,0,0,4,290.506,0,0,86.4297,0
4,stage_arrival,5,S63,0,switch,0,51648,125,0,0,4,259.679,0,0,96.9095,0
4,stage_arrival,62,S56,1,switch,34,51648,125,0,0,4,238.377,0,0,97.0026,0
4,stage_arrival,3,S27,0,switch,0,51642,6,0,0,4,119.129,0,0,100,0
4,stage_arrival,0,S00,5,terminal,0,51641,96,0,0,4,1000,0,0,14.932,0
4,stage_arrival,1,S01,0,switch,0,51650,20,0,0,4,159.728,0,0,53.5609,0
4,stage_arrival_coalesce,0,S00,5,terminal,0,51649,12,0,0,4,1000,0,0,61.6893,0
4,stage_arrival,29,S13,5,switch,31,51646,57,0,0,4,131.191,0,0,100,0
4,stage_arrival,0,S00,5,terminal,0,51647,21,0,0,4,1000,0,0,14.932,0
4,stage_arrival,4,S37,0,switch,0,51640,34,0,0,4,203.508,0,0,12.305,0
4,stage_arrival,61,S46,1,switch,57,51653,15,0,0,4,199.213,0,0,99.6122,0
4,stage_arrival,31,S62,3,switch,5,51646,57,0,0,4,238.676,0,0,100,0
4,stage_arrival_coalesce,4,S37,0,switch,0,51643,35,0,0,4,203.508,0,0,56.1525,0
4,stage_arrival,7,S45,2,switch,61,51653,15,0,0,4,100.666,0,0,86.5035,0
4,stage_arrival,10,S61,0,switch,1,51647,21,0,0,4,227.172,0,0,40.0039,0
4,stage_arrival,38,S42,0,switch,42,51655,120,0,0,4,176.64,0,0,100,0
4,stage_arrival,48,S50,3,switch,10,51641,96,0,0,4,118.54,0,0,40.3722,0
4,stage_arrival,0,S00,5,terminal,0,51644,28,0,0,4,1000,0,0,100,0
4,stage_arrival,42,S20,2,switch,3,51655,120,0,0,4,251.806,0,0,100,0
4,stage_arrival,5,S63,0,switch,0,51644,28,0,0,4,259.679,0,0,96.9095,0
4,stage_arrival,0,S00,5,terminal,0,51650,20,0,0,4,1000,0,0,14.932,0
4,stage_arrival_coalesce,0,S00,5,terminal,0,51647,21,0,0,4,1000,0,0,61.6893,0
4,stage_arrival,50,S38,2,switch,4,51653,15,0,0,4,290.506,0,0,86.4297,0
4,stage_arrival,57,S47,1,switch,50,51645,103,0,0,4,259.289,0,0,100,0
4,stage_arrival,17,S35,1,switch,56,51643,35,0,0,4,252.252,0,0,56.1525,0
4,stage_arrival,10,S61,0,switch,1,51650,20,0,0,4,227.172,0,0,40.0039,0
4,stage_arrival,10,S61,0,switch,1,51641,96,0,0,4,227.172,0,0,100,0
4,stage_arrival,0,S00,5,terminal,0,51643,35,0,0,4,1000,0,0,56.1525,0
4,stage_arrival,54,S31,1,switch,37,51654,104,0,0,4,242.335,0,0,100,0
4,stage_arrival,57,S47,1,switch,50,51652,122,0,0,4,259.289,0,0,99.213,0
4,stage_arrival,37,S32,0,switch,0,51654,104,0,0,4,103.31,0,0,100,0
4,stage_arrival_coalesce,4,S37,0,switch,0,51640,34,0,0,4,203.508,0,0,56.1525,0
4,stage_arrival_coalesce,0,S00,5,terminal,0,51650,20,0,0,4,1000,0,0,21.4173,0
4,stage_arrival,4,S37,0,switch,0,51645,103,0,0,4,203.508,0,0,100,0
4,stage_arrival,4,S37,0,switch,0,51652,122,0,0,4,203.508,0,0,100,0
4,stage_arrival,52,S30,2,switch,54,51654,104,0,0,4,164.752,0,0,100,0
4,stage_arrival,18,S43,0,switch,38,51655,120,0,0,4,157.659,0,0,100,0
4,stage_arrival,0,S00,5,terminal,0,51642,6,0,0,4,1000,0,0,100,0
4,stage_arrival,34,S57,2,switch,14,51648,125,0,0,4,113.541,0,0,100,0
4,stage_arrival,6,S02,0,switch,1,51649,12,0,0,4,138.732,0,0,40.0039,0
4,stage_arrival,1,S01,0,switch,0,51647,21,0,0,4,159.728,0,0,53.5609,0
4,stage_arrival,50,S38,2,switch,4,51652,122,0,0,4,290.506,0,0,86.4297,0
4,stage_arrival,0,S00,5,terminal,0,51654,104,0,0,4,1000,0,0,100,0
4,stage_arrival_coalesce,57,S47,1,switch,50,51652,122,0,0,4,259.289,0,0,99.6065,0
4,stage_arrival,14,S58,4,switch,5,51644,28,0,0,4,193.819,0,0,97.4134,0
4,stage_arrival,5,S63,0,switch,0,51646,57,0,0,4,259.679,0,0,100,0
4,allocate_send_arrival,31,S62,3,switch,5,51646,57,0,0,4,238.676,0,100,0,0
4,allocate_send_arrival,34,S57,2,switch,14,51648,125,0,0,4,113.541,0,100,0,0
4,allocate_send_arrival,62,S56,1,switch,34,51648,125,0,0,4,238.377,0,97.0026,0,0
4,allocate_send_arrival,28,S12,1,switch,29,51646,57,0,0,4,167.904,0,100,0,0
4,allocate_send_arrival,1,S01,0,switch,0,51641,96,0,0,4,159.728,0,14.932,85.068,0
4,enqueue_residual,1,S01,0,switch,0,51641,96,0,0,4,159.728,0,0,85.068,0
4,allocate_send_arrival,1,S01,0,switch,0,51649,12,0,0,4,159.728,0,14.932,38.7723,0
4,enqueue_residual,1,S01,0,switch,0,51649,12,0,0,4,159.728,0,0,14.932,0
4,drop_shared_buffer_overflow,1,S01,0,switch,0,51649,12,0,0,4,159.728,0,0,0,23.8403
4,allocate_send_arrival,1,S01,0,switch,0,51650,20,0,0,4,159.728,0,14.932,38.6289,0
4,drop_shared_buffer_overflow,1,S01,0,switch,0,51650,20,0,0,4,159.728,0,0,0,38.6289
4,allocate_send_arrival,1,S01,0,switch,0,51647,21,0,0,4,159.728,0,14.932,38.6289,0
4,drop_shared_buffer_overflow,1,S01,0,switch,0,51647,21,0,0,4,159.728,0,0,0,38.6289
4,allocate_send_arrival,14,S58,4,switch,5,51648,125,0,0,4,193.819,0,93.819,6.181,0
4,enqueue_residual,14,S58,4,switch,5,51648,125,0,0,4,193.819,0,0,6.181,0
4,allocate_send_arrival,14,S58,4,switch,5,51644,28,0,0,4,193.819,0,93.819,3.59443,0
4,enqueue_residual,14,S58,4,switch,5,51644,28,0,0,4,193.819,0,0,3.59443,0
4,allocate_send_arrival,60,S44,0,switch,18,51655,120,0,0,4,203.923,0,100,0,0
4,allocate_send_arrival,51,S48,0,switch,57,51645,103,0,0,4,201.033,0,86.663,0,0
4,allocate_send_arrival,10,S61,0,switch,1,51647,21,0,0,4,227.172,0,40.0039,0,0
4,allocate_send_arrival,10,S61,0,switch,1,51650,20,0,0,4,227.172,0,40.0039,0,0
4,allocate_send_arrival,10,S61,0,switch,1,51641,96,0,0,4,227.172,0,74.3362,25.6638,0
4,enqueue_residual,10,S61,0,switch,1,51641,96,0,0,4,227.172,0,0,25.6638,0
4,allocate_send_arrival,38,S42,0,switch,42,51655,120,0,0,4,176.64,0,100,0,0
4,allocate_send_arrival,17,S35,1,switch,56,51640,34,0,0,4,252.252,0,56.1525,0,0
4,allocate_send_arrival,17,S35,1,switch,56,51643,35,0,0,4,252.252,0,56.1525,0,0
4,allocate_send_arrival,50,S38,2,switch,4,51645,103,0,0,4,290.506,0,86.4297,0,0
4,allocate_send_arrival,50,S38,2,switch,4,51653,15,0,0,4,290.506,0,86.4297,0,0
4,allocate_send_arrival,50,S38,2,switch,4,51652,122,0,0,4,290.506,0,86.4297,0,0
4,allocate_send_arrival,52,S30,2,switch,54,51654,104,0,0,4,164.752,0,100,0,0
4,allocate_send_arrival,5,S63,0,switch,0,51648,125,0,0,4,259.679,0,86.5597,10.3498,0
4,enqueue_residual,5,S63,0,switch,0,51648,125,0,0,4,259.679,0,0,10.3498,0
4,allocate_send_arrival,5,S63,0,switch,0,51644,28,0,0,4,259.679,0,86.5597,10.3498,0
4,enqueue_residual,5,S63,0,switch,0,51644,28,0,0,4,259.679,0,0,10.3498,0
4,allocate_send_arrival,5,S63,0,switch,0,51646,57,0,0,4,259.679,0,86.5597,13.4403,0
4,enqueue_residual,5,S63,0,switch,0,51646,57,0,0,4,259.679,0,0,13.4403,0
4,allocate_send_arrival,57,S47,1,switch,50,51653,15,0,0,4,259.289,0,73.1217,26.4848,0
4,enqueue_residual,57,S47,1,switch,50,51653,15,0,0,4,259.289,0,0,26.4848,0
4,allocate_send_arrival,57,S47,1,switch,50,51645,103,0,0,4,259.289,0,73.1217,26.8783,0
4,enqueue_residual,57,S47,1,switch,50,51645,103,0,0,4,259.289,0,0,26.8783,0
4,allocate_send_arrival,57,S47,1,switch,50,51652,122,0,0,4,259.289,0,73.1217,26.4848,0
4,enqueue_residual,57,S47,1,switch,50,51652,122,0,0,4,259.289,0,0,26.4848,0
4,allocate_send_arrival,37,S32,0,switch,0,51654,104,0,0,4,103.31,0,100,0,0
4,allocate_send_arrival,61,S46,1,switch,57,51652,122,0,0,4,199.213,0,86.5008,0,0
4,allocate_send_arrival,61,S46,1,switch,57,51653,15,0,0,4,199.213,0,99.6122,1.45519e-14,0
4,allocate_send_arrival,0,S00,5,terminal,0,51651,87,0,0,4,1000,0,100,0,0
4,allocate_send_arrival,0,S00,5,terminal,0,51640,34,0,0,4,1000,0,56.1525,0,0
4,allocate_send_arrival,0,S00,5,terminal,0,51649,12,0,0,4,1000,0,61.6893,0,0
4,allocate_send_arrival,0,S00,5,terminal,0,51641,96,0,0,4,1000,0,14.932,0,0
4,allocate_send_arrival,0,S00,5,terminal,0,51647,21,0,0,4,1000,0,61.6893,0,0
4,allocate_send_arrival,0,S00,5,terminal,0,51644,28,0,0,4,1000,0,100,0,0
4,allocate_send_arrival,0,S00,5,terminal,0,51650,20,0,0,4,1000,0,21.4173,0,0
4,allocate_send_arrival,0,S00,5,terminal,0,51643,35,0,0,4,1000,0,56.1525,0,0
4,allocate_send_arrival,0,S00,5,terminal,0,51642,6,0,0,4,1000,0,100,0,0
4,allocate_send_arrival,0,S00,5,terminal,0,51654,104,0,0,4,1000,0,100,0,0
4,allocate_send_arrival,48,S50,3,switch,10,51641,96,0,0,4,118.54,0,40.3722,0,0
4,allocate_send_arrival,56,S36,2,switch,4,51643,35,0,0,4,112.305,0,6.1525,50.3779,0
4,enqueue_residual,56,S36,2,switch,4,51643,35,0,0,4,112.305,0,0,50.3779,0
4,allocate_send_arrival,56,S36,2,switch,4,51640,34,0,0,4,112.305,0,6.1525,50.3779,0
4,enqueue_residual,56,S36,2,switch,4,51640,34,0,0,4,112.305,0,0,49.6221,0
4,drop_shared_buffer_overflow,56,S36,2,switch,4,51640,34,0,0,4,112.305,0,0,0,0.755714
4,allocate_send_arrival,43,S22,0,switch,0,51651,87,0,0,4,203.304,0,100,0,0
4,allocate_send_arrival,18,S43,0,switch,38,51655,120,0,0,4,157.659,0,100,0,0
4,allocate_send_arrival,4,S37,0,switch,0,51643,35,0,0,4,203.508,0,50.877,5.2755,0
4,enqueue_residual,4,S37,0,switch,0,51643,35,0,0,4,203.508,0,0,5.2755,0
4,allocate_send_arrival,4,S37,0,switch,0,51640,34,0,0,4,203.508,0,50.877,5.2755,0
4,enqueue_residual,4,S37,0,switch,0,51640,34,0,0,4,203.508,0,0,5.2755,0
4,allocate_send_arrival,4,S37,0,switch,0,51645,103,0,0,4,203.508,0,50.877,49.123,0
4,enqueue_residual,4,S37,0,switch,0,51645,103,0,0,4,203.508,0,0,49.123,0
4,allocate_send_arrival,4,S37,0,switch,0,51652,122,0,0,4,203.508,0,50.877,49.123,0
4,enqueue_residual,4,S37,0,switch,0,51652,122,0,0,4,203.508,0,0,40.326,0
4,drop_shared_buffer_overflow,4,S37,0,switch,0,51652,122,0,0,4,203.508,0,0,0,8.797
4,allocate_send_arrival,29,S13,5,switch,31,51646,57,0,0,4,131.191,0,100,0,0
4,allocate_send_arrival,42,S20,2,switch,3,51655,120,0,0,4,251.806,0,100,0,0
4,allocate_send_arrival,7,S45,2,switch,61,51653,15,0,0,4,100.666,0,86.5035,0,0
4,allocate_send_arrival,6,S02,0,switch,1,51649,12,0,0,4,138.732,0,40.0039,0,0
4,allocate_send_arrival,3,S27,0,switch,0,51642,6,0,0,4,119.129,0,100,0,0
4,allocate_send_arrival,54,S31,1,switch,37,51654,104,0,0,4,242.335,0,100,0,0
5,allocate_send_buffered,1,S01,0,switch,0,51641,96,0,0,5,159.728,100,85.068,0,0
5,allocate_send_buffered,1,S01,0,switch,0,51649,12,0,0,5,159.728,100,14.932,0,0
5,allocate_send_buffered,14,S58,4,switch,5,51648,125,0,0,5,193.819,9.77543,6.181,0,0
5,allocate_send_buffered,14,S58,4,switch,5,51644,28,0,0,5,193.819,9.77543,3.59443,0,0
5,allocate_send_buffered,57,S47,1,switch,50,51653,15,0,0,5,259.289,79.848,26.4848,0,0
5,allocate_send_buffered,57,S47,1,switch,50,51645,103,0,0,5,259.289,79.848,26.8783,3.63798e-15,0
5,allocate_send_buffered,57,S47,1,switch,50,51652,122,0,0,5,259.289,79.848,26.4848,0,0
5,allocate_send_buffered,4,S37,0,switch,0,51643,35,0,0,5,203.508,100,5.2755,0,0
5,allocate_send_buffered,4,S37,0,switch,0,51640,34,0,0,5,203.508,100,5.2755,0,0
5,allocate_send_buffered,4,S37,0,switch,0,51645,103,0,0,5,203.508,100,49.123,0,0
5,allocate_send_buffered,4,S37,0,switch,0,51652,122,0,0,5,203.508,100,40.326,0,0
5,allocate_send_buffered,5,S63,0,switch,0,51648,125,0,0,5,259.679,34.14,10.3498,0,0
5,allocate_send_buffered,5,S63,0,switch,0,51644,28,0,0,5,259.679,34.14,10.3498,0,0
5,allocate_send_buffered,5,S63,0,switch,0,51646,57,0,0,5,259.679,34.14,13.4403,0,0
5,allocate_send_buffered,56,S36,2,switch,4,51643,35,0,0,5,112.305,100,50.3779,7.27596e-15,0
5,allocate_send_buffered,56,S36,2,switch,4,51640,34,0,0,5,112.305,100,49.6221,0,0
5,stage_arrival,42,S20,2,switch,3,51655,120,0,0,5,251.806,0,0,100,0
5,stage_arrival,0,S00,5,terminal,0,51645,103,0,0,5,1000,0,0,50.877,0
5,stage_arrival,1,S01,0,switch,0,51641,96,0,0,5,159.728,0,0,74.3362,0
5,stage_arrival,5,S63,0,switch,0,51646,57,0,0,5,259.679,0,0,100,0
5,stage_arrival,57,S47,1,switch,50,51645,103,0,0,5,259.289,0,0,86.663,0
5,stage_arrival,17,S35,1,switch,56,51640,34,0,0,5,252.252,0,0,50.9065,0
5,stage_arrival,56,S36,2,switch,4,51643,35,0,0,5,112.305,0,0,56.1525,0
5,stage_arrival,5,S63,0,switch,0,51648,125,0,0,5,259.679,0,0,3.0905,0
5,stage_arrival,0,S00,5,terminal,0,51649,12,0,0,5,1000,0,0,14.932,0
5,stage_arrival,0,S00,5,terminal,0,51647,21,0,0,5,1000,0,0,14.932,0
5,stage_arrival,14,S58,4,switch,5,51644,28,0,0,5,193.819,0,0,86.6156,0
5,stage_arrival,10,S61,0,switch,1,51650,20,0,0,5,227.172,25.6638,0,39.932,0
5,stage_arrival,1,S01,0,switch,0,51650,20,0,0,5,159.728,0,0,24.276,0
5,stage_arrival,0,S00,5,terminal,0,51646,57,0,0,5,1000,0,0,86.5597,0
5,stage_arrival,0,S00,5,terminal,0,51648,125,0,0,5,1000,0,0,86.5597,0
5,stage_arrival,34,S57,2,switch,14,51648,125,0,0,5,113.541,0,0,97.0026,0
5,stage_arrival,50,S38,2,switch,4,51645,103,0,0,5,290.506,0,0,13.5703,0
5,stage_arrival,0,S00,5,terminal,0,51652,122,0,0,5,1000,0,0,50.877,0
5,stage_arrival,57,S47,1,switch,50,51653,15,0,0,5,259.289,0,0,99.6122,0
5,stage_arrival_coalesce,5,S63,0,switch,0,51648,125,0,0,5,259.679,0,0,96.9095,0
5,stage_arrival,60,S44,0,switch,18,51655,120,0,0,5,203.923,0,0,100,0
5,stage_arrival,1,S01,0,switch,0,51647,21,0,0,5,159.728,0,0,24.276,0
5,stage_arrival,31,S62,3,switch,5,51646,57,0,0,5,238.676,0,0,100,0
5,stage_arrival,1,S01,0,switch,0,51649,12,0,0,5,159.728,0,0,40.0039,0
5,stage_arrival,0,S00,5,terminal,0,51651,87,0,0,5,1000,0,0,100,0
5,stage_arrival,57,S47,1,switch,50,51652,122,0,0,5,259.289,0,0,86.5008,0
5,stage_arrival,5,S63,0,switch,0,51644,28,0,0,5,259.679,0,0,93.819,0
5,stage_arrival,0,S00,5,terminal,0,51650,20,0,0,5,1000,0,0,14.932,0
5,stage_arrival,50,S38,2,switch,4,51652,122,0,0,5,290.506,0,0,13.1768,0
5,stage_arrival_coalesce,57,S47,1,switch,50,51652,122,0,0,5,259.289,0,0,87.2878,0
5,stage_arrival,51,S48,0,switch,57,51645,103,0,0,5,201.033,0,0,51.0832,0
5,stage_arrival,29,S13,5,switch,31,51646,57,0,0,5,131.191,0,0,100,0
5,stage_arrival_coalesce,1,S01,0,switch,0,51641,96,0,0,5,159.728,0,0,98.6122,0
5,stage_arrival,61,S46,1,switch,57,51653,15,0,0,5,199.213,0,0,86.5035,0
5,stage_arrival,10,S61,0,switch,1,51647,21,0,0,5,227.172,25.6638,0,39.932,0
5,stage_arrival_coalesce,50,S38,2,switch,4,51652,122,0,0,5,290.506,0,0,86.2985,0
5,stage_arrival,4,S37,0,switch,0,51643,35,0,0,5,203.508,0,0,12.305,0
5,stage_arrival,4,S37,0,switch,0,51640,34,0,0,5,203.508,0,0,6.1525,0
5,stage_arrival,3,S27,0,switch,0,51655,120,0,0,5,119.129,0,0,100,0
5,stage_arrival,43,S22,0,switch,0,51651,87,0,0,5,203.304,0,0,100,0
5,stage_arrival,18,S43,0,switch,38,51655,120,0,0,5,157.659,0,0,100,0
5,stage_arrival_coalesce,5,S63,0,switch,0,51644,28,0,0,5,259.679,0,0,96.9095,0
5,stage_arrival,4,S37,0,switch,0,51652,122,0,0,5,203.508,0,0,86.4297,0
5,stage_arrival_coalesce,4,S37,0,switch,0,51640,34,0,0,5,203.508,0,0,93.8475,0
5,stage_arrival_coalesce,50,S38,2,switch,4,51645,103,0,0,5,290.506,0,0,86.692,0
5,stage_arrival,0,S00,5,terminal,0,51641,96,0,0,5,1000,0,0,14.932,0
5,stage_arrival,28,S12,1,switch,29,51646,57,0,0,5,167.904,0,0,86.8185,0
5,stage_arrival_coalesce,4,S37,0,switch,0,51643,35,0,0,5,203.508,0,0,18.4575,0
5,stage_arrival,3,S27,0,switch,0,51642,6,0,0,5,119.129,0,0,100,0
5,stage_arrival,62,S56,1,switch,34,51648,125,0,0,5,238.377,0,0,86.6197,0
5,stage_arrival,0,S00,5,terminal,0,51640,34,0,0,5,1000,0,0,50.877,0
5,stage_arrival,0,S00,5,terminal,0,51644,28,0,0,5,1000,0,0,86.5597,0
5,stage_arrival,0,S00,5,terminal,0,51643,35,0,0,5,1000,0,0,50.877,0
5,stage_arrival,50,S38,2,switch,4,51653,15,0,0,5,290.506,0,0,73.1217,0
5,stage_arrival,10,S61,0,switch,1,51641,96,0,0,5,227.172,25.6638,0,40.3722,0
5,stage_arrival,38,S42,0,switch,42,51655,120,0,0,5,176.64,0,0,100,0
5,stage_arrival_coalesce,50,S38,2,switch,4,51653,15,0,0,5,290.506,0,0,86.2985,0
5,stage_arrival,17,S35,1,switch,56,51643,35,0,0,5,252.252,0,0,50.9065,0
5,stage_arrival,56,S36,2,switch,4,51640,34,0,0,5,112.305,0,0,56.1525,0
5,stage_arrival_coalesce,57,S47,1,switch,50,51653,15,0,0,5,259.289,0,0,100.399,0
5,stage_arrival,14,S58,4,switch,5,51648,125,0,0,5,193.819,0,0,100,0
5,stage_arrival,7,S45,2,switch,61,51653,15,0,0,5,100.666,0,0,100.581,0
5,stage_arrival,4,S37,0,switch,0,51645,103,0,0,5,203.508,0,0,86.4297,0
5,stage_arrival,0,S00,5,terminal,0,51654,104,0,0,5,1000,0,0,100,0
5,stage_arrival,4,S37,0,switch,0,51653,15,0,0,5,203.508,0,0,86.4297,0
5,stage_arrival,0,S00,5,terminal,0,51642,6,0,0,5,1000,0,0,100,0
5,stage_arrival,48,S50,3,switch,10,51641,96,0,0,5,118.54,0,0,39.932,0
5,stage_arrival,52,S30,2,switch,54,51654,104,0,0,5,164.752,0,0,100,0
5,stage_arrival_coalesce,0,S00,5,terminal,0,51649,12,0,0,5,1000,0,0,100,0
5,stage_arrival,61,S46,1,switch,57,51652,122,0,0,5,199.213,0,0,51.0832,0
5,stage_arrival_coalesce,1,S01,0,switch,0,51650,20,0,0,5,159.728,0,0,64.2799,0
5,stage_arrival,37,S32,0,switch,0,51654,104,0,0,5,103.31,0,0,100,0
5,stage_arrival_coalesce,0,S00,5,terminal,0,51641,96,0,0,5,1000,0,0,29.864,0
5,stage_arrival,6,S02,0,switch,1,51649,12,0,0,5,138.732,0,0,39.932,0
5,stage_arrival,54,S31,1,switch,37,51654,104,0,0,5,242.335,0,0,100,0
5,stage_arrival_coalesce,1,S01,0,switch,0,51647,21,0,0,5,159.728,0,0,64.2799,0
5,allocate_send_arrival,28,S12,1,switch,29,51646,57,0,0,5,167.904,0,86.8185,0,0
5,allocate_send_arrival,10,S61,0,switch,1,51650,20,0,0,5,227.172,25.6638,39.932,0,0
5,allocate_send_arrival,10,S61,0,switch,1,51647,21,0,0,5,227.172,25.6638,39.932,0,0
5,allocate_send_arrival,10,S61,0,switch,1,51641,96,0,0,5,227.172,25.6638,40.3722,0,0
5,allocate_send_arrival,51,S48,0,switch,57,51645,103,0,0,5,201.033,0,51.0832,0,0
5,allocate_send_arrival,43,S22,0,switch,0,51651,87,0,0,5,203.304,0,100,0,0
5,allocate_send_arrival,57,S47,1,switch,50,51645,103,0,0,5,259.289,0,59.8137,26.8494,0
5,enqueue_residual,57,S47,1,switch,50,51645,103,0,0,5,259.289,0,0,26.8494,0
5,allocate_send_arrival,57,S47,1,switch,50,51653,15,0,0,5,259.289,0,59.8137,40.5856,0
5,enqueue_residual,57,S47,1,switch,50,51653,15,0,0,5,259.289,0,0,40.5856,0
5,allocate_send_arrival,57,S47,1,switch,50,51652,122,0,0,5,259.289,0,59.8137,27.4742,0
5,enqueue_residual,57,S47,1,switch,50,51652,122,0,0,5,259.289,0,0,27.4742,0
5,allocate_send_arrival,18,S43,0,switch,38,51655,120,0,0,5,157.659,0,100,0,0
5,allocate_send_arrival,48,S50,3,switch,10,51641,96,0,0,5,118.54,0,39.932,0,0
5,allocate_send_arrival,7,S45,2,switch,61,51653,15,0,0,5,100.666,0,100.581,0,0
5,allocate_send_arrival,3,S27,0,switch,0,51655,120,0,0,5,119.129,0,59.5645,40.4355,0
5,enqueue_residual,3,S27,0,switch,0,51655,120,0,0,5,119.129,0,0,40.4355,0
5,allocate_send_arrival,3,S27,0,switch,0,51642,6,0,0,5,119.129,0,59.5645,40.4355,0
5,enqueue_residual,3,S27,0,switch,0,51642,6,0,0,5,119.129,0,0,40.4355,0
5,allocate_send_arrival,4,S37,0,switch,0,51643,35,0,0,5,203.508,0,18.4575,0,0
5,allocate_send_arrival,4,S37,0,switch,0,51640,34,0,0,5,203.508,0,21.2626,72.5849,0
5,enqueue_residual,4,S37,0,switch,0,51640,34,0,0,5,203.508,0,0,72.5849,0
5,allocate_send_arrival,4,S37,0,switch,0,51652,122,0,0,5,203.508,0,21.2626,65.167,0
5,enqueue_residual,4,S37,0,switch,0,51652,122,0,0,5,203.508,0,0,27.4151,0
5,drop_shared_buffer_overflow,4,S37,0,switch,0,51652,122,0,0,5,203.508,0,0,0,37.7519
5,allocate_send_arrival,4,S37,0,switch,0,51645,103,0,0,5,203.508,0,21.2626,65.167,0
5,drop_shared_buffer_overflow,4,S37,0,switch,0,51645,103,0,0,5,203.508,0,0,0,65.167
5,allocate_send_arrival,4,S37,0,switch,0,51653,15,0,0,5,203.508,0,21.2626,65.167,0
5,drop_shared_buffer_overflow,4,S37,0,switch,0,51653,15,0,0,5,203.508,0,0,0,65.167
5,allocate_send_arrival,56,S36,2,switch,4,51643,35,0,0,5,112.305,0,6.1525,50,0
5,enqueue_residual,56,S36,2,switch,4,51643,35,0,0,5,112.305,0,0,50,0
5,allocate_send_arrival,56,S36,2,switch,4,51640,34,0,0,5,112.305,0,6.1525,50,0
5,enqueue_residual,56,S36,2,switch,4,51640,34,0,0,5,112.305,0,0,50,0
5,allocate_send_arrival,37,S32,0,switch,0,51654,104,0,0,5,103.31,0,100,0,0
5,allocate_send_arrival,0,S00,5,terminal,0,51645,103,0,0,5,1000,0,50.877,0,0
5,allocate_send_arrival,0,S00,5,terminal,0,51649,12,0,0,5,1000,0,100,0,0
5,allocate_send_arrival,0,S00,5,terminal,0,51647,21,0,0,5,1000,0,14.932,0,0
5,allocate_send_arrival,0,S00,5,terminal,0,51646,57,0,0,5,1000,0,86.5597,0,0
5,allocate_send_arrival,0,S00,5,terminal,0,51648,125,0,0,5,1000,0,86.5597,0,0
5,allocate_send_arrival,0,S00,5,terminal,0,51652,122,0,0,5,1000,0,50.877,0,0
5,allocate_send_arrival,0,S00,5,terminal,0,51651,87,0,0,5,1000,0,100,0,0
5,allocate_send_arrival,0,S00,5,terminal,0,51650,20,0,0,5,1000,0,14.932,0,0
5,allocate_send_arrival,0,S00,5,terminal,0,51641,96,0,0,5,1000,0,29.864,0,0
5,allocate_send_arrival,0,S00,5,terminal,0,51640,34,0,0,5,1000,0,50.877,0,0
5,allocate_send_arrival,0,S00,5,terminal,0,51644,28,0,0,5,1000,0,86.5597,0,0
5,allocate_send_arrival,0,S00,5,terminal,0,51643,35,0,0,5,1000,0,50.877,0,0
5,allocate_send_arrival,0,S00,5,terminal,0,51654,104,0,0,5,1000,0,100,0,0
5,allocate_send_arrival,0,S00,5,terminal,0,51642,6,0,0,5,1000,0,100,0,0
5,allocate_send_arrival,42,S20,2,switch,3,51655,120,0,0,5,251.806,0,100,0,0
5,allocate_send_arrival,61,S46,1,switch,57,51653,15,0,0,5,199.213,0,86.5035,0,0
5,allocate_send_arrival,61,S46,1,switch,57,51652,122,0,0,5,199.213,0,51.0832,0,0
5,allocate_send_arrival,1,S01,0,switch,0,51641,96,0,0,5,159.728,0,14.932,83.6802,0
5,enqueue_residual,1,S01,0,switch,0,51641,96,0,0,5,159.728,0,0,83.6802,0
5,allocate_send_arrival,1,S01,0,switch,0,51650,20,0,0,5,159.728,0,14.932,49.3479,0
5,enqueue_residual,1,S01,0,switch,0,51650,20,0,0,5,159.728,0,0,16.3198,0
5,drop_shared_buffer_overflow,1,S01,0,switch,0,51650,20,0,0,5,159.728,0,0,0,33.0281
5,allocate_send_arrival,1,S01,0,switch,0,51647,21,0,0,5,159.728,0,14.932,49.3479,0
5,drop_shared_buffer_overflow,1,S01,0,switch,0,51647,21,0,0,5,159.728,0,0,0,49.3479
5,allocate_send_arrival,1,S01,0,switch,0,51649,12,0,0,5,159.728,0,14.932,25.0719,0
5,drop_shared_buffer_overflow,1,S01,0,switch,0,51649,12,0,0,5,159.728,0,0,0,25.0719
5,allocate_send_arrival,38,S42,0,switch,42,51655,120,0,0,5,176.64,0,100,0,0
5,allocate_send_arrival,14,S58,4,switch,5,51644,28,0,0,5,193.819,0,86.6156,0,0
5,allocate_send_arrival,14,S58,4,switch,5,51648,125,0,0,5,193.819,0,97.428,2.57199,0
5,enqueue_residual,14,S58,4,switch,5,51648,125,0,0,5,193.819,0,0,2.57199,0
5,allocate_send_arrival,50,S38,2,switch,4,51645,103,0,0,5,290.506,0,86.692,2.91038e-14,0
5,allocate_send_arrival,50,S38,2,switch,4,51652,122,0,0,5,290.506,0,86.2985,0,0
5,allocate_send_arrival,50,S38,2,switch,4,51653,15,0,0,5,290.506,0,86.2985,0,0
5,allocate_send_arrival,17,S35,1,switch,56,51640,34,0,0,5,252.252,0,50.9065,0,0
5,allocate_send_arrival,17,S35,1,switch,56,51643,35,0,0,5,252.252,0,50.9065,0,0
5,allocate_send_arrival,29,S13,5,switch,31,51646,57,0,0,5,131.191,0,100,0,0
5,allocate_send_arrival,31,S62,3,switch,5,51646,57,0,0,5,238.676,0,100,0,0
5,allocate_send_arrival,5,S63,0,switch,0,51646,57,0,0,5,259.679,0,75.1797,24.8203,0
5,enqueue_residual,5,S63,0,switch,0,51646,57,0,0,5,259.679,0,0,24.8203,0
5,allocate_send_arrival,5,S63,0,switch,0,51648,125,0,0,5,259.679,0,75.1797,21.7298,0
5,enqueue_residual,5,S63,0,switch,0,51648,125,0,0,5,259.679,0,0,21.7298,0
5,allocate_send_arrival,5,S63,0,switch,0,51644,28,0,0,5,259.679,0,75.1797,21.7298,0
5,enqueue_residual,5,S63,0,switch,0,51644,28,0,0,5,259.679,0,0,21.7298,0
5,allocate_send_arrival,52,S30,2,switch,54,51654,104,0,0,5,164.752,0,100,0,0
5,allocate_send_arrival,34,S57,2,switch,14,51648,125,0,0,5,113.541,0,97.0026,0,0
5,allocate_send_arrival,54,S31,1,switch,37,51654,104,0,0,5,242.335,0,100,0,0
5,allocate_send_arrival,6,S02,0,switch,1,51649,12,0,0,5,138.732,0,39.932,0,0
5,allocate_send_arrival,62,S56,1,switch,34,51648,125,0,0,5,238.377,0,86.6197,0,0
5,allocate_send_arrival,60,S44,0,switch,18,51655,120,0,0,5,203.923,0,100,0,0
6,allocate_send_buffered,5,S63,0,switch,0,51646,57,0,0,6,259.679,68.28,24.8203,3.63798e-15,0
6,allocate_send_buffered,5,S63,0,switch,0,51648,125,0,0,6,259.679,68.28,21.7298,0,0
6,allocate_send_buffered,5,S63,0,switch,0,51644,28,0,0,6,259.679,68.28,21.7298,0,0
6,allocate_send_buffered,4,S37,0,switch,0,51640,34,0,0,6,203.508,100,72.5849,0,0
6,allocate_send_buffered,4,S37,0,switch,0,51652,122,0,0,6,203.508,100,27.4151,0,0
6,allocate_send_buffered,14,S58,4,switch,5,51648,125,0,0,6,193.819,2.57199,2.57199,0,0
6,allocate_send_buffered,3,S27,0,switch,0,51655,120,0,0,6,119.129,80.871,40.4355,0,0
6,allocate_send_buffered,3,S27,0,switch,0,51642,6,0,0,6,119.129,80.871,40.4355,0,0
6,allocate_send_buffered,57,S47,1,switch,50,51645,103,0,0,6,259.289,94.9091,26.8494,0,0
6,allocate_send_buffered,57,S47,1,switch,50,51653,15,0,0,6,259.289,94.9091,40.5856,0,0
6,allocate_send_buffered,57,S47,1,switch,50,51652,122,0,0,6,259.289,94.9091,27.4742,0,0
6,allocate_send_buffered,1,S01,0,switch,0,51641,96,0,0,6,159.728,100,83.6802,0,0
6,allocate_send_buffered,1,S01,0,switch,0,51650,20,0,0,6,159.728,100,16.3198,0,0
6,stage_arrival,4,S37,0,switch,0,51640,34,0,0,6,203.508,0,0,49.6221,0
6,stage_arrival,6,S02,0,switch,1,51649,12,0,0,6,138.732,0,0,39.932,0
6,stage_arrival,4,S37,0,switch,0,51643,35,0,0,6,203.508,0,0,50.3779,0
6,stage_arrival,50,S38,2,switch,4,51645,103,0,0,6,290.506,0,0,59.8137,0
6,stage_arrival,0,S00,5,terminal,0,51645,103,0,0,6,1000,0,0,21.2626,0
6,stage_arrival,48,S50,3,switch,10,51641,96,0,0,6,118.54,0,0,39.932,0
6,stage_arrival,0,S00,5,terminal,0,51653,15,0,0,6,1000,0,0,21.2626,0
6,stage_arrival,0,S00,5,terminal,0,51654,104,0,0,6,1000,0,0,100,0
6,stage_arrival,0,S00,5,terminal,0,51644,28,0,0,6,1000,0,0,75.1797,0
6,stage_arrival,3,S27,0,switch,0,51642,6,0,0,6,119.129,0,0,3.48631,0
6,stage_arrival,5,S63,0,switch,0,51644,28,0,0,6,259.679,0,0,86.6156,0
6,stage_arrival,5,S63,0,switch,0,51648,125,0,0,6,259.679,0,0,6.181,0
6,stage_arrival,61,S46,1,switch,57,51653,15,0,0,6,199.213,0,0,100.581,0
6,stage_arrival,54,S31,1,switch,37,51654,104,0,0,6,242.335,0,0,100,0
6,stage_arrival,0,S00,5,terminal,0,51647,21,0,0,6,1000,0,0,14.932,0
6,stage_arrival,50,S38,2,switch,4,51652,122,0,0,6,290.506,0,0,59.8137,0
6,stage_arrival,7,S45,2,switch,61,51653,15,0,0,6,100.666,0,0,41.0614,0
6,stage_arrival,17,S35,1,switch,56,51640,34,0,0,6,252.252,0,0,40.7586,0
6,stage_arrival,57,S47,1,switch,50,51653,15,0,0,6,259.289,0,0,86.5035,0
6,stage_arrival_coalesce,5,S63,0,switch,0,51648,125,0,0,6,259.679,0,0,103.609,0
6,stage_arrival,52,S30,2,switch,54,51654,104,0,0,6,164.752,0,0,71.5943,0
6,stage_arrival,38,S42,0,switch,42,51655,120,0,0,6,176.64,0,0,100,0
6,stage_arrival_coalesce,0,S00,5,terminal,0,51645,103,0,0,6,1000,0,0,70.3856,0
6,stage_arrival,29,S13,5,switch,31,51646,57,0,0,6,131.191,0,0,86.8185,0
6,stage_arrival,61,S46,1,switch,57,51652,122,0,0,6,199.213,0,0,40.7606,0
6,stage_arrival,56,S36,2,switch,4,51643,35,0,0,6,112.305,100,0,50.9065,0
6,stage_arrival,0,S00,5,terminal,0,51655,120,0,0,6,1000,0,0,59.5645,0
6,stage_arrival,1,S01,0,switch,0,51647,21,0,0,6,159.728,0,0,39.932,0
6,stage_arrival_coalesce,0,S00,5,terminal,0,51644,28,0,0,6,1000,0,0,85.5295,0
6,stage_arrival,4,S37,0,switch,0,51653,15,0,0,6,203.508,0,0,86.2985,0
6,stage_arrival,0,S00,5,terminal,0,51640,34,0,0,6,1000,0,0,21.2626,0
6,stage_arrival_coalesce,4,S37,0,switch,0,51640,34,0,0,6,203.508,0,0,55.7746,0
6,stage_arrival,17,S35,1,switch,56,51643,35,0,0,6,252.252,0,0,40.7586,0
6,stage_arrival,51,S48,0,switch,57,51645,103,0,0,6,201.033,0,0,40.7606,0
6,stage_arrival,0,S00,5,terminal,0,51652,122,0,0,6,1000,0,0,21.2626,0
6,stage_arrival,42,S20,2,switch,3,51655,120,0,0,6,251.806,0,0,100,0
6,stage_arrival,50,S38,2,switch,4,51653,15,0,0,6,290.506,0,0,59.8137,0
6,stage_arrival,14,S58,4,switch,5,51644,28,0,0,6,193.819,0,0,71.5133,0
6,stage_arrival_coalesce,50,S38,2,switch,4,51645,103,0,0,6,290.506,0,0,86.692,0
6,stage_arrival,0,S00,5,terminal,0,51641,96,0,0,6,1000,0,0,85.068,0
6,stage_arrival,0,S00,5,terminal,0,51650,20,0,0,6,1000,0,0,14.932,0
6,stage_arrival,1,S01,0,switch,0,51650,20,0,0,6,159.728,0,0,39.932,0
6,stage_arrival,0,S00,5,terminal,0,51642,6,0,0,6,1000,0,0,59.5645,0
6,stage_arrival,0,S00,5,terminal,0,51651,87,0,0,6,1000,0,0,100,0
6,stage_arrival,0,S00,5,terminal,0,51648,125,0,0,6,1000,0,0,75.1797,0
6,stage_arrival_coalesce,0,S00,5,terminal,0,51652,122,0,0,6,1000,0,0,61.5886,0
6,stage_arrival,14,S58,4,switch,5,51648,125,0,0,6,193.819,0,0,97.0026,0
6,stage_arrival_coalesce,5,S63,0,switch,0,51644,28,0,0,6,259.679,0,0,90.21,0
6,stage_arrival,0,S00,5,terminal,0,51649,12,0,0,6,1000,0,0,14.932,0
6,stage_arrival,56,S36,2,switch,4,51640,34,0,0,6,112.305,100,0,50.9065,0
6,stage_arrival_coalesce,50,S38,2,switch,4,51653,15,0,0,6,290.506,0,0,86.2985,0
6,stage_arrival,1,S01,0,switch,0,51641,96,0,0,6,159.728,0,0,40.3722,0
6,stage_arrival,0,S00,5,terminal,0,51643,35,0,0,6,1000,0,0,18.4575,0
6,stage_arrival,37,S32,0,switch,0,51654,104,0,0,6,103.31,0,0,100,0
6,stage_arrival_coalesce,0,S00,5,terminal,0,51640,34,0,0,6,1000,0,0,26.5381,0
6,stage_arrival,4,S37,0,switch,0,51645,103,0,0,6,203.508,0,0,86.692,0
6,stage_arrival,10,S61,0,switch,1,51647,21,0,0,6,227.172,25.6638,0,39.932,0
6,stage_arrival,18,S43,0,switch,38,51655,120,0,0,6,157.659,0,0,100,0
6,stage_arrival,60,S44,0,switch,18,51655,120,0,0,6,203.923,0,0,60.1531,0
6,stage_arrival,10,S61,0,switch,1,51650,20,0,0,6,227.172,25.6638,0,39.932,0
6,stage_arrival,4,S37,0,switch,0,51652,122,0,0,6,203.508,0,0,86.2985,0
6,stage_arrival_coalesce,0,S00,5,terminal,0,51648,125,0,0,6,1000,0,0,85.5295,0
6,stage_arrival_coalesce,0,S00,5,terminal,0,51641,96,0,0,6,1000,0,0,100,0
6,stage_arrival_coalesce,0,S00,5,terminal,0,51649,12,0,0,6,1000,0,0,29.864,0
6,stage_arrival,28,S12,1,switch,29,51646,57,0,0,6,167.904,0,0,71.5194,0
6,stage_arrival,57,S47,1,switch,50,51652,122,0,0,6,259.289,0,0,51.0832,0
6,stage_arrival_coalesce,0,S00,5,terminal,0,51643,35,0,0,6,1000,0,0,23.733,0
6,stage_arrival,43,S22,0,switch,0,51651,87,0,0,6,203.304,0,0,71.5829,0
6,stage_arrival,0,S00,5,terminal,0,51646,57,0,0,6,1000,0,0,13.4403,0
6,stage_arrival_coalesce,50,S38,2,switch,4,51652,122,0,0,6,290.506,0,0,86.2985,0
6,stage_arrival,10,S61,0,switch,1,51641,96,0,0,6,227.172,25.6638,0,39.932,0
6,stage_arrival,57,S47,1,switch,50,51645,103,0,0,6,259.289,0,0,51.0832,0
6,stage_arrival,34,S57,2,switch,14,51648,125,0,0,6,113.541,0,0,86.6197,0
6,stage_arrival,5,S63,0,switch,0,51646,57,0,0,6,259.679,0,0,100,0
6,stage_arrival_coalesce,0,S00,5,terminal,0,51646,57,0,0,6,1000,0,0,88.62,0
6,stage_arrival,31,S62,3,switch,5,51646,57,0,0,6,238.676,0,0,100,0
6,stage_arrival,3,S27,0,switch,0,51655,120,0,0,6,119.129,0,0,100,0
6,stage_arrival,62,S56,1,switch,34,51648,125,0,0,6,238.377,0,0,71.5194,0
6,stage_arrival,1,S01,0,switch,0,51649,12,0,0,6,159.728,0,0,39.932,0
6,stage_arrival_coalesce,4,S37,0,switch,0,51643,35,0,0,6,203.508,0,0,56.5304,0
6,allocate_send_arrival,52,S30,2,switch,54,51654,104,0,0,6,164.752,0,71.5943,0,0
6,allocate_send_arrival,5,S63,0,switch,0,51644,28,0,0,6,259.679,0,63.7997,26.4103,0
6,enqueue_residual,5,S63,0,switch,0,51644,28,0,0,6,259.679,0,0,26.4103,0
6,allocate_send_arrival,5,S63,0,switch,0,51648,125,0,0,6,259.679,0,63.7997,39.8093,0
6,enqueue_residual,5,S63,0,switch,0,51648,125,0,0,6,259.679,0,0,39.8093,0
6,allocate_send_arrival,5,S63,0,switch,0,51646,57,0,0,6,259.679,0,63.7997,36.2003,0
6,enqueue_residual,5,S63,0,switch,0,51646,57,0,0,6,259.679,0,0,33.7803,0
6,drop_shared_buffer_overflow,5,S63,0,switch,0,51646,57,0,0,6,259.679,0,0,0,2.42
6,allocate_send_arrival,61,S46,1,switch,57,51653,15,0,0,6,199.213,0,100.581,0,0
6,allocate_send_arrival,61,S46,1,switch,57,51652,122,0,0,6,199.213,0,40.7606,0,0
6,allocate_send_arrival,34,S57,2,switch,14,51648,125,0,0,6,113.541,0,86.6197,0,0
6,allocate_send_arrival,4,S37,0,switch,0,51640,34,0,0,6,203.508,0,20.7016,35.073,0
6,enqueue_residual,4,S37,0,switch,0,51640,34,0,0,6,203.508,0,0,35.073,0
6,allocate_send_arrival,4,S37,0,switch,0,51643,35,0,0,6,203.508,0,20.7016,35.8288,0
6,enqueue_residual,4,S37,0,switch,0,51643,35,0,0,6,203.508,0,0,35.8288,0
6,allocate_send_arrival,4,S37,0,switch,0,51653,15,0,0,6,203.508,0,20.7016,65.5969,0
6,enqueue_residual,4,S37,0,switch,0,51653,15,0,0,6,203.508,0,0,29.0982,0
6,drop_shared_buffer_overflow,4,S37,0,switch,0,51653,15,0,0,6,203.508,0,0,0,36.4987
6,allocate_send_arrival,4,S37,0,switch,0,51645,103,0,0,6,203.508,0,20.7016,65.9904,0
6,drop_shared_buffer_overflow,4,S37,0,switch,0,51645,103,0,0,6,203.508,0,0,0,65.9904
6,allocate_send_arrival,4,S37,0,switch,0,51652,122,0,0,6,203.508,0,20.7016,65.5969,0
6,drop_shared_buffer_overflow,4,S37,0,switch,0,51652,122,0,0,6,203.508,0,0,0,65.5969
6,allocate_send_arrival,42,S20,2,switch,3,51655,120,0,0,6,251.806,0,100,0,0
6,allocate_send_arrival,38,S42,0,switch,42,51655,120,0,0,6,176.64,0,100,0,0
6,allocate_send_arrival,56,S36,2,switch,4,51643,35,0,0,6,112.305,100,50.9065,0,0
6,allocate_send_arrival,56,S36,2,switch,4,51640,34,0,0,6,112.305,100,50.9065,0,0
6,allocate_send_arrival,43,S22,0,switch,0,51651,87,0,0,6,203.304,0,71.5829,0,0
6,allocate_send_arrival,31,S62,3,switch,5,51646,57,0,0,6,238.676,0,100,0,0
6,allocate_send_arrival,29,S13,5,switch,31,51646,57,0,0,6,131.191,0,86.8185,0,0
6,allocate_send_arrival,7,S45,2,switch,61,51653,15,0,0,6,100.666,0,41.0614,0,0
6,allocate_send_arrival,51,S48,0,switch,57,51645,103,0,0,6,201.033,0,40.7606,0,0
6,allocate_send_arrival,62,S56,1,switch,34,51648,125,0,0,6,238.377,0,71.5194,0,0
6,allocate_send_arrival,57,S47,1,switch,50,51653,15,0,0,6,259.289,0,62.2135,24.2899,0
6,enqueue_residual,57,S47,1,switch,50,51653,15,0,0,6,259.289,0,0,24.2899,0
6,allocate_send_arrival,57,S47,1,switch,50,51652,122,0,0,6,259.289,0,51.0832,0,0
6,allocate_send_arrival,57,S47,1,switch,50,51645,103,0,0,6,259.289,0,51.0832,0,0
6,allocate_send_arrival,0,S00,5,terminal,0,51645,103,0,0,6,1000,0,70.3856,0,0
6,allocate_send_arrival,0,S00,5,terminal,0,51653,15,0,0,6,1000,0,21.2626,0,0
6,allocate_send_arrival,0,S00,5,terminal,0,51654,104,0,0,6,1000,0,100,0,0
6,allocate_send_arrival,0,S00,5,terminal,0,51644,28,0,0,6,1000,0,85.5295,0,0
6,allocate_send_arrival,0,S00,5,terminal,0,51647,21,0,0,6,1000,0,14.932,0,0
6,allocate_send_arrival,0,S00,5,terminal,0,51655,120,0,0,6,1000,0,59.5645,0,0
6,allocate_send_arrival,0,S00,5,terminal,0,51640,34,0,0,6,1000,0,26.5381,0,0
6,allocate_send_arrival,0,S00,5,terminal,0,51652,122,0,0,6,1000,0,61.5886,0,0
6,allocate_send_arrival,0,S00,5,terminal,0,51641,96,0,0,6,1000,0,100,0,0
6,allocate_send_arrival,0,S00,5,terminal,0,51650,20,0,0,6,1000,0,14.932,0,0
6,allocate_send_arrival,0,S00,5,terminal,0,51642,6,0,0,6,1000,0,59.5645,0,0
6,allocate_send_arrival,0,S00,5,terminal,0,51651,87,0,0,6,1000,0,100,0,0
6,allocate_send_arrival,0,S00,5,terminal,0,51648,125,0,0,6,1000,0,85.5295,0,0
6,allocate_send_arrival,0,S00,5,terminal,0,51649,12,0,0,6,1000,0,29.864,0,0
6,allocate_send_arrival,0,S00,5,terminal,0,51643,35,0,0,6,1000,0,23.733,0,0
6,allocate_send_arrival,0,S00,5,terminal,0,51646,57,0,0,6,1000,0,88.62,0,0
6,allocate_send_arrival,6,S02,0,switch,1,51649,12,0,0,6,138.732,0,39.932,0,0
6,allocate_send_arrival,14,S58,4,switch,5,51644,28,0,0,6,193.819,0,71.5133,0,0
6,allocate_send_arrival,14,S58,4,switch,5,51648,125,0,0,6,193.819,0,97.0026,0,0
6,allocate_send_arrival,1,S01,0,switch,0,51647,21,0,0,6,159.728,0,14.932,25,0
6,enqueue_residual,1,S01,0,switch,0,51647,21,0,0,6,159.728,0,0,25,0
6,allocate_send_arrival,1,S01,0,switch,0,51650,20,0,0,6,159.728,0,14.932,25,0
6,enqueue_residual,1,S01,0,switch,0,51650,20,0,0,6,159.728,0,0,25,0
6,allocate_send_arrival,1,S01,0,switch,0,51641,96,0,0,6,159.728,0,14.932,25.4402,0
6,enqueue_residual,1,S01,0,switch,0,51641,96,0,0,6,159.728,0,0,25.4402,0
6,allocate_send_arrival,1,S01,0,switch,0,51649,12,0,0,6,159.728,0,14.932,25,0
6,enqueue_residual,1,S01,0,switch,0,51649,12,0,0,6,159.728,0,0,24.5598,0
6,drop_shared_buffer_overflow,1,S01,0,switch,0,51649,12,0,0,6,159.728,0,0,0,0.440205
6,allocate_send_arrival,50,S38,2,switch,4,51645,103,0,0,6,290.506,0,86.692,2.91038e-14,0
6,allocate_send_arrival,50,S38,2,switch,4,51652,122,0,0,6,290.506,0,86.2985,0,0
6,allocate_send_arrival,50,S38,2,switch,4,51653,15,0,0,6,290.506,0,86.2985,0,0
6,enqueue_residual,17,S35,1,switch,56,51640,34,0,0,6,252.252,0,0,40.7586,0
6,enqueue_residual,17,S35,1,switch,56,51643,35,0,0,6,252.252,0,0,40.7586,0
6,allocate_send_arrival,54,S31,1,switch,37,51654,104,0,0,6,242.335,0,100,0,0
6,allocate_send_arrival,28,S12,1,switch,29,51646,57,0,0,6,167.904,0,71.5194,0,0
6,allocate_send_arrival,10,S61,0,switch,1,51647,21,0,0,6,227.172,25.6638,39.932,0,0
6,allocate_send_arrival,10,S61,0,switch,1,51650,20,0,0,6,227.172,25.6638,39.932,0,0
6,allocate_send_arrival,10,S61,0,switch,1,51641,96,0,0,6,227.172,25.6638,39.932,0,0
6,allocate_send_arrival,3,S27,0,switch,0,51642,6,0,0,6,119.129,0,3.48631,0,0
6,allocate_send_arrival,3,S27,0,switch,0,51655,120,0,0,6,119.129,0,34.7717,65.2283,0
6,enqueue_residual,3,S27,0,switch,0,51655,120,0,0,6,119.129,0,0,65.2283,0
6,allocate_send_arrival,48,S50,3,switch,10,51641,96,0,0,6,118.54,0,39.932,0,0
6,allocate_send_arrival,18,S43,0,switch,38,51655,120,0,0,6,157.659,0,100,0,0
6,allocate_send_arrival,37,S32,0,switch,0,51654,104,0,0,6,103.31,0,100,0,0
6,allocate_send_arrival,60,S44,0,switch,18,51655,120,0,0,6,203.923,0,60.1531,0,0
7,allocate_send_buffered,5,S63,0,switch,0,51644,28,0,0,7,259.679,100,26.4103,0,0
7,allocate_send_buffered,5,S63,0,switch,0,51648,125,0,0,7,259.679,100,39.8093,7.27596e-15,0
7,allocate_send_buffered,5,S63,0,switch,0,51646,57,0,0,7,259.679,100,33.7803,0,0
7,allocate_send_buffered,3,S27,0,switch,0,51655,120,0,0,7,119.129,65.2283,65.2283,0,0
7,allocate_send_buffered,1,S01,0,switch,0,51647,21,0,0,7,159.728,100,25,0,0
7,allocate_send_buffered,1,S01,0,switch,0,51650,20,0,0,7,159.728,100,25,0,0
7,allocate_send_buffered,1,S01,0,switch,0,51641,96,0,0,7,159.728,100,25.4402,0,0
7,allocate_send_buffered,1,S01,0,switch,0,51649,12,0,0,7,159.728,100,24.5598,0,0
7,allocate_send_buffered,57,S47,1,switch,50,51653,15,0,0,7,259.289,24.2899,24.2899,0,0
7,allocate_send_buffered,4,S37,0,switch,0,51640,34,0,0,7,203.508,100,35.073,0,0
7,allocate_send_buffered,4,S37,0,switch,0,51643,35,0,0,7,203.508,100,35.8288,7.27596e-15,0
7,allocate_send_buffered,4,S37,0,switch,0,51653,15,0,0,7,203.508,100,29.0982,0,0
7,stage_arrival,3,S27,0,switch,0,51642,6,0,0,7,119.129,0,0,59.5645,0
7,stage_arrival,50,S38,2,switch,4,51645,103,0,0,7,290.506,0,0,26.8494,0
7,stage_arrival,1,S01,0,switch,0,51641,96,0,0,7,159.728,0,0,39.932,0
7,stage_arrival,4,S37,0,switch,0,51653,15,0,0,7,203.508,0,0,86.2985,0
7,stage_arrival,1,S01,0,switch,0,51649,12,0,0,7,159.728,0,0,39.932,0
7,stage_arrival,0,S00,5,terminal,0,51645,103,0,0,7,1000,0,0,20.7016,0
7,stage_arrival,0,S00,5,terminal,0,51646,57,0,0,7,1000,0,0,63.7997,0
7,stage_arrival,0,S00,5,terminal,0,51647,21,0,0,7,1000,0,0,14.932,0
7,stage_arrival,18,S43,0,switch,38,51655,120,0,0,7,157.659,0,0,60.1531,0
7,stage_arrival,51,S48,0,switch,57,51645,103,0,0,7,201.033,0,0,40.7016,0
7,stage_arrival,0,S00,5,terminal,0,51652,122,0,0,7,1000,0,0,20.7016,0
7,stage_arrival,38,S42,0,switch,42,51655,120,0,0,7,176.64,0,0,100,0
7,stage_arrival,0,S00,5,terminal,0,51654,104,0,0,7,1000,0,0,100,0
7,stage_arrival_coalesce,50,S38,2,switch,4,51645,103,0,0,7,290.506,0,0,77.9326,0
7,stage_arrival,43,S22,0,switch,0,51651,87,0,0,7,203.304,0,0,62.5482,0
7,stage_arrival,0,S00,5,terminal,0,51653,15,0,0,7,1000,0,0,20.7016,0
7,stage_arrival,31,S62,3,switch,5,51646,57,0,0,7,238.676,0,0,86.8185,0
7,stage_arrival,4,S37,0,switch,0,51643,35,0,0,7,203.508,0,0,50.9065,0
7,stage_arrival,0,S00,5,terminal,0,51642,6,0,0,7,1000,0,0,40.4355,0
7,stage_arrival,6,S02,0,switch,1,51649,12,0,0,7,138.732,0,0,39.932,0
7,stage_arrival,0,S00,5,terminal,0,51650,20,0,0,7,1000,0,0,16.3198,0
7,stage_arrival_coalesce,0,S00,5,terminal,0,51652,122,0,0,7,1000,0,0,48.1167,0
7,stage_arrival_coalesce,0,S00,5,terminal,0,51650,20,0,0,7,1000,0,0,31.2518,0
7,stage_arrival,4,S37,0,switch,0,51640,34,0,0,7,203.508,0,0,50.9065,0
7,stage_arrival,28,S12,1,switch,29,51646,57,0,0,7,167.904,0,0,62.5536,0
7,stage_arrival,0,S00,5,terminal,0,51644,28,0,0,7,1000,0,0,21.7298,0
7,stage_arrival,14,S58,4,switch,5,51644,28,0,0,7,193.819,0,0,62.55,0
7,stage_arrival,0,S00,5,terminal,0,51640,34,0,0,7,1000,0,0,20.7016,0
7,stage_arrival,5,S63,0,switch,0,51644,28,0,0,7,259.679,0,0,71.5133,0
7,stage_arrival,62,S56,1,switch,34,51648,125,0,0,7,238.377,0,0,62.5536,0
7,stage_arrival,29,S13,5,switch,31,51646,57,0,0,7,131.191,0,0,71.5194,0
7,stage_arrival,10,S61,0,switch,1,51641,96,0,0,7,227.172,25.6638,0,39.932,0
7,stage_arrival,0,S00,5,terminal,0,51648,125,0,0,7,1000,0,0,63.7997,0
7,stage_arrival_coalesce,0,S00,5,terminal,0,51648,125,0,0,7,1000,0,0,85.5295,0
7,stage_arrival,5,S63,0,switch,0,51648,125,0,0,7,259.679,0,0,2.57199,0
7,stage_arrival_coalesce,5,S63,0,switch,0,51648,125,0,0,7,259.679,0,0,99.5746,0
7,stage_arrival,52,S30,2,switch,54,51654,104,0,0,7,164.752,0,0,62.5518,0
7,stage_arrival,57,S47,1,switch,50,51645,103,0,0,7,259.289,0,0,40.7606,0
7,stage_arrival,0,S00,5,terminal,0,51643,35,0,0,7,1000,0,0,20.7016,0
7,stage_arrival,3,S27,0,switch,0,51655,120,0,0,7,119.129,0,0,100,0
7,stage_arrival_coalesce,0,S00,5,terminal,0,51644,28,0,0,7,1000,0,0,85.5295,0
7,stage_arrival,14,S58,4,switch,5,51648,125,0,0,7,193.819,0,0,86.6197,0
7,stage_arrival,17,S35,1,switch,56,51640,34,0,0,7,252.252,81.5172,0,1.83971,0
7,stage_arrival,37,S32,0,switch,0,51654,104,0,0,7,103.31,0,0,100,0
7,stage_arrival,57,S47,1,switch,50,51652,122,0,0,7,259.289,0,0,40.7606,0
7,stage_arrival,54,S31,1,switch,37,51654,104,0,0,7,242.335,0,0,71.5943,0
7,stage_arrival,0,S00,5,terminal,0,51649,12,0,0,7,1000,0,0,14.932,0
7,stage_arrival_coalesce,0,S00,5,terminal,0,51640,34,0,0,7,1000,0,0,93.2865,0
7,stage_arrival,17,S35,1,switch,56,51643,35,0,0,7,252.252,81.5172,0,40.7016,0
7,stage_arrival,50,S38,2,switch,4,51653,15,0,0,7,290.506,0,0,40.5856,0
7,stage_arrival,10,S61,0,switch,1,51650,20,0,0,7,227.172,25.6638,0,39.932,0
7,stage_arrival,0,S00,5,terminal,0,51651,87,0,0,7,1000,0,0,71.5829,0
7,stage_arrival,48,S50,3,switch,10,51641,96,0,0,7,118.54,0,0,39.932,0
7,stage_arrival,0,S00,5,terminal,0,51641,96,0,0,7,1000,0,0,83.6802,0
7,stage_arrival,7,S45,2,switch,61,51653,15,0,0,7,100.666,0,0,40.7016,0
7,stage_arrival_coalesce,0,S00,5,terminal,0,51641,96,0,0,7,1000,0,0,98.6122,0
7,stage_arrival,61,S46,1,switch,57,51653,15,0,0,7,199.213,0,0,41.0614,0
7,stage_arrival,1,S01,0,switch,0,51650,20,0,0,7,159.728,0,0,39.932,0
7,stage_arrival_coalesce,0,S00,5,terminal,0,51646,57,0,0,7,1000,0,0,88.62,0
7,stage_arrival_coalesce,0,S00,5,terminal,0,51642,6,0,0,7,1000,0,0,43.9218,0
7,stage_arrival,50,S38,2,switch,4,51652,122,0,0,7,290.506,0,0,27.4742,0
7,stage_arrival,0,S00,5,terminal,0,51655,120,0,0,7,1000,0,0,40.4355,0
7,stage_arrival,42,S20,2,switch,3,51655,120,0,0,7,251.806,0,0,100,0
7,stage_arrival,60,S44,0,switch,18,51655,120,0,0,7,203.923,0,0,59.5645,0
7,stage_arrival,57,S47,1,switch,50,51653,15,0,0,7,259.289,0,0,100.581,0
7,stage_arrival,5,S63,0,switch,0,51646,57,0,0,7,259.679,0,0,100,0
7,stage_arrival,1,S01,0,switch,0,51647,21,0,0,7,159.728,0,0,39.932,0
7,stage_arrival_coalesce,50,S38,2,switch,4,51653,15,0,0,7,290.506,0,0,102.799,0
7,stage_arrival_coalesce,50,S38,2,switch,4,51652,122,0,0,7,290.506,0,0,78.5574,0
7,stage_arrival,34,S57,2,switch,14,51648,125,0,0,7,113.541,0,0,71.5194,0
7,stage_arrival_coalesce,0,S00,5,terminal,0,51655,120,0,0,7,1000,0,0,75.2072,0
7,stage_arrival,4,S37,0,switch,0,51652,122,0,0,7,203.508,0,0,86.2985,0
7,stage_arrival,61,S46,1,switch,57,51652,122,0,0,7,199.213,0,0,40.7016,0
7,stage_arrival,4,S37,0,switch,0,51645,103,0,0,7,203.508,0,0,86.692,0
7,stage_arrival,10,S61,0,switch,1,51647,21,0,0,7,227.172,25.6638,0,39.932,0
7,allocate_send_arrival,0,S00,5,terminal,0,51645,103,0,0,7,1000,0,20.7016,0,0
7,allocate_send_arrival,0,S00,5,terminal,0,51646,57,0,0,7,1000,0,88.62,0,0
7,allocate_send_arrival,0,S00,5,terminal,0,51647,21,0,0,7,1000,0,14.932,0,0
7,allocate_send_arrival,0,S00,5,terminal,0,51652,122,0,0,7,1000,0,48.1167,0,0
7,allocate_send_arrival,0,S00,5,terminal,0,51654,104,0,0,7,1000,0,100,1.45519e-13,0
7,allocate_send_arrival,0,S00,5,terminal,0,51653,15,0,0,7,1000,0,20.7016,0,0
7,allocate_send_arrival,0,S00,5,terminal,0,51642,6,0,0,7,1000,0,43.9218,0,0
7,allocate_send_arrival,0,S00,5,terminal,0,51650,20,0,0,7,1000,0,31.2518,0,0
7,allocate_send_arrival,0,S00,5,terminal,0,51644,28,0,0,7,1000,0,85.5295,0,0
7,allocate_send_arrival,0,S00,5,terminal,0,51640,34,0,0,7,1000,0,93.2865,0,0
7,allocate_send_arrival,0,S00,5,terminal,0,51648,125,0,0,7,1000,0,85.5295,0,0
7,allocate_send_arrival,0,S00,5,terminal,0,51643,35,0,0,7,1000,0,20.7016,0,0
7,allocate_send_arrival,0,S00,5,terminal,0,51649,12,0,0,7,1000,0,14.932,0,0
7,allocate_send_arrival,0,S00,5,terminal,0,51651,87,0,0,7,1000,0,71.5829,0,0
7,allocate_send_arrival,0,S00,5,terminal,0,51641,96,0,0,7,1000,0,98.6122,0,0
7,allocate_send_arrival,0,S00,5,terminal,0,51655,120,0,0,7,1000,0,75.2072,0,0
7,allocate_send_arrival,6,S02,0,switch,1,51649,12,0,0,7,138.732,0,39.932,0,0
7,allocate_send_arrival,52,S30,2,switch,54,51654,104,0,0,7,164.752,0,62.5518,0,0
7,allocate_send_arrival,48,S50,3,switch,10,51641,96,0,0,7,118.54,0,39.932,0,0
7,allocate_send_arrival,7,S45,2,switch,61,51653,15,0,0,7,100.666,0,40.7016,0,0
7,allocate_send_arrival,3,S27,0,switch,0,51642,6,0,0,7,119.129,0,26.9503,32.6142,0
7,enqueue_residual,3,S27,0,switch,0,51642,6,0,0,7,119.129,0,0,32.6142,0
7,allocate_send_arrival,3,S27,0,switch,0,51655,120,0,0,7,119.129,0,26.9503,73.0497,0
7,enqueue_residual,3,S27,0,switch,0,51655,120,0,0,7,119.129,0,0,67.3858,0
7,drop_shared_buffer_overflow,3,S27,0,switch,0,51655,120,0,0,7,119.129,0,0,0,5.66381
7,allocate_send_arrival,34,S57,2,switch,14,51648,125,0,0,7,113.541,0,71.5194,0,0
7,allocate_send_arrival,60,S44,0,switch,18,51655,120,0,0,7,203.923,0,59.5645,0,0
7,allocate_send_arrival,14,S58,4,switch,5,51644,28,0,0,7,193.819,0,62.55,0,0
7,allocate_send_arrival,14,S58,4,switch,5,51648,125,0,0,7,193.819,0,86.6197,1.45519e-14,0
7,allocate_send_arrival,42,S20,2,switch,3,51655,120,0,0,7,251.806,0,100,0,0
7,allocate_send_arrival,18,S43,0,switch,38,51655,120,0,0,7,157.659,0,60.1531,0,0
7,allocate_send_arrival,57,S47,1,switch,50,51645,103,0,0,7,259.289,0,40.7606,0,0
7,allocate_send_arrival,57,S47,1,switch,50,51652,122,0,0,7,259.289,0,40.7606,0,0
7,allocate_send_arrival,57,S47,1,switch,50,51653,15,0,0,7,259.289,0,100.581,1.45519e-14,0
7,allocate_send_arrival,1,S01,0,switch,0,51641,96,0,0,7,159.728,0,14.932,25,0
7,enqueue_residual,1,S01,0,switch,0,51641,96,0,0,7,159.728,0,0,25,0
7,allocate_send_arrival,1,S01,0,switch,0,51649,12,0,0,7,159.728,0,14.932,25,0
7,enqueue_residual,1,S01,0,switch,0,51649,12,0,0,7,159.728,0,0,25,0
7,allocate_send_arrival,1,S01,0,switch,0,51650,20,0,0,7,159.728,0,14.932,25,0
7,enqueue_residual,1,S01,0,switch,0,51650,20,0,0,7,159.728,0,0,25,0
7,allocate_send_arrival,1,S01,0,switch,0,51647,21,0,0,7,159.728,0,14.932,25,0
7,enqueue_residual,1,S01,0,switch,0,51647,21,0,0,7,159.728,0,0,25,0
7,allocate_send_arrival,51,S48,0,switch,57,51645,103,0,0,7,201.033,0,40.7016,0,0
7,allocate_send_arrival,37,S32,0,switch,0,51654,104,0,0,7,103.31,0,100,0,0
7,allocate_send_arrival,50,S38,2,switch,4,51645,103,0,0,7,290.506,0,77.9326,0,0
7,allocate_send_arrival,50,S38,2,switch,4,51653,15,0,0,7,290.506,0,102.799,0,0
7,allocate_send_arrival,50,S38,2,switch,4,51652,122,0,0,7,290.506,0,78.5574,0,0
7,allocate_send_arrival,4,S37,0,switch,0,51653,15,0,0,7,203.508,0,20.7016,65.5969,0
7,enqueue_residual,4,S37,0,switch,0,51653,15,0,0,7,203.508,0,0,65.5969,0
7,allocate_send_arrival,4,S37,0,switch,0,51643,35,0,0,7,203.508,0,20.7016,30.2049,0
7,enqueue_residual,4,S37,0,switch,0,51643,35,0,0,7,203.508,0,0,30.2049,0
7,allocate_send_arrival,4,S37,0,switch,0,51640,34,0,0,7,203.508,0,20.7016,30.2049,0
7,enqueue_residual,4,S37,0,switch,0,51640,34,0,0,7,203.508,0,0,4.19816,0
7,drop_shared_buffer_overflow,4,S37,0,switch,0,51640,34,0,0,7,203.508,0,0,0,26.0068
7,allocate_send_arrival,4,S37,0,switch,0,51652,122,0,0,7,203.508,0,20.7016,65.5969,0
7,drop_shared_buffer_overflow,4,S37,0,switch,0,51652,122,0,0,7,203.508,0,0,0,65.5969
7,allocate_send_arrival,4,S37,0,switch,0,51645,103,0,0,7,203.508,0,20.7016,65.9904,0
7,drop_shared_buffer_overflow,4,S37,0,switch,0,51645,103,0,0,7,203.508,0,0,0,65.9904
7,allocate_send_arrival,43,S22,0,switch,0,51651,87,0,0,7,203.304,0,62.5482,0,0
7,allocate_send_arrival,54,S31,1,switch,37,51654,104,0,0,7,242.335,0,71.5943,0,0
7,allocate_send_arrival,31,S62,3,switch,5,51646,57,0,0,7,238.676,0,86.8185,0,0
7,allocate_send_arrival,5,S63,0,switch,0,51644,28,0,0,7,259.679,0,53.2263,18.287,0
7,enqueue_residual,5,S63,0,switch,0,51644,28,0,0,7,259.679,0,0,18.287,0
7,allocate_send_arrival,5,S63,0,switch,0,51648,125,0,0,7,259.679,0,53.2263,46.3483,0
7,enqueue_residual,5,S63,0,switch,0,51648,125,0,0,7,259.679,0,0,46.3483,0
7,allocate_send_arrival,5,S63,0,switch,0,51646,57,0,0,7,259.679,0,53.2263,46.7737,0
7,enqueue_residual,5,S63,0,switch,0,51646,57,0,0,7,259.679,0,0,35.3647,0
7,drop_shared_buffer_overflow,5,S63,0,switch,0,51646,57,0,0,7,259.679,0,0,0,11.4089
7,allocate_send_arrival,28,S12,1,switch,29,51646,57,0,0,7,167.904,0,62.5536,0,0
7,enqueue_residual,17,S35,1,switch,56,51640,34,0,0,7,252.252,81.5172,0,1.83971,0
7,enqueue_residual,17,S35,1,switch,56,51643,35,0,0,7,252.252,81.5172,0,16.6431,0
7,drop_shared_buffer_overflow,17,S35,1,switch,56,51643,35,0,0,7,252.252,81.5172,0,0,24.0585
7,allocate_send_arrival,10,S61,0,switch,1,51641,96,0,0,7,227.172,25.6638,39.932,0,0
7,allocate_send_arrival,10,S61,0,switch,1,51650,20,0,0,7,227.172,25.6638,39.932,0,0
7,allocate_send_arrival,10,S61,0,switch,1,51647,21,0,0,7,227.172,25.6638,39.932,0,0
7,allocate_send_arrival,61,S46,1,switch,57,51653,15,0,0,7,199.213,0,41.0614,7.27596e-15,0
7,allocate_send_arrival,61,S46,1,switch,57,51652,122,0,0,7,199.213,0,40.7016,0,0
7,allocate_send_arrival,38,S42,0,switch,42,51655,120,0,0,7,176.64,0,100,0,0
7,allocate_send_arrival,29,S13,5,switch,31,51646,57,0,0,7,131.191,0,71.5194,0,0
7,allocate_send_arrival,62,S56,1,switch,34,51648,125,0,0,7,238.377,0,62.5536,0,0
8,allocate_send_buffered,3,S27,0,switch,0,51642,6,0,0,8,119.129,100,32.6142,0,0
8,allocate_send_buffered,3,S27,0,switch,0,51655,120,0,0,8,119.129,100,67.3858,0,0
8,allocate_send_buffered,1,S01,0,switch,0,51641,96,0,0,8,159.728,100,25,0,0
8,allocate_send_buffered,1,S01,0,switch,0,51649,12,0,0,8,159.728,100,25,0,0
8,allocate_send_buffered,1,S01,0,switch,0,51650,20,0,0,8,159.728,100,25,0,0
8,allocate_send_buffered,1,S01,0,switch,0,51647,21,0,0,8,159.728,100,25,0,0
8,allocate_send_buffered,4,S37,0,switch,0,51653,15,0,0,8,203.508,100,65.5969,0,0
8,allocate_send_buffered,4,S37,0,switch,0,51643,35,0,0,8,203.508,100,30.2049,0,0
8,allocate_send_buffered,4,S37,0,switch,0,51640,34,0,0,8,203.508,100,4.19816,0,0
8,allocate_send_buffered,5,S63,0,switch,0,51644,28,0,0,8,259.679,100,18.287,0,0
8,allocate_send_buffered,5,S63,0,switch,0,51648,125,0,0,8,259.679,100,46.3483,7.27596e-15,0
8,allocate_send_buffered,5,S63,0,switch,0,51646,57,0,0,8,259.679,100,35.3647,0,0
8,allocate_send_buffered,56,S36,2,switch,4,51643,35,0,0,8,112.305,100,50,0,0
8,allocate_send_buffered,56,S36,2,switch,4,51640,34,0,0,8,112.305,100,50,0,0
8,stage_arrival,31,S62,3,switch,5,51646,57,0,0,8,238.676,0,0,71.5194,0
8,stage_arrival,4,S37,0,switch,0,51653,15,0,0,8,203.508,0,0,102.799,0
8,stage_arrival,0,S00,5,terminal,0,51649,12,0,0,8,1000,0,0,24.5598,0
8,stage_arrival,1,S01,0,switch,0,51650,20,0,0,8,159.728,0,0,39.932,0
8,stage_arrival,3,S27,0,switch,0,51655,120,0,0,8,119.129,0,0,100,0
8,stage_arrival,0,S00,5,terminal,0,51641,96,0,0,8,1000,0,0,14.932,0
8,stage_arrival,0,S00,5,terminal,0,51645,103,0,0,8,1000,0,0,20.7016,0
8,stage_arrival_coalesce,0,S00,5,terminal,0,51649,12,0,0,8,1000,0,0,39.4918,0
8,stage_arrival,10,S61,0,switch,1,51641,96,0,0,8,227.172,25.6638,0,39.932,0
8,stage_arrival_coalesce,0,S00,5,terminal,0,51641,96,0,0,8,1000,0,0,40.3722,0
8,stage_arrival,4,S37,0,switch,0,51652,122,0,0,8,203.508,0,0,78.5574,0
8,stage_arrival,0,S00,5,terminal,0,51640,34,0,0,8,1000,0,0,20.7016,0
8,stage_arrival,0,S00,5,terminal,0,51653,15,0,0,8,1000,0,0,29.0982,0
8,stage_arrival,57,S47,1,switch,50,51645,103,0,0,8,259.289,0,0,40.7016,0
8,stage_arrival,50,S38,2,switch,4,51653,15,0,0,8,290.506,0,0,100.581,0
8,stage_arrival,48,S50,3,switch,10,51641,96,0,0,8,118.54,0,0,39.932,0
8,stage_arrival,1,S01,0,switch,0,51649,12,0,0,8,159.728,0,0,39.932,0
8,stage_arrival,1,S01,0,switch,0,51641,96,0,0,8,159.728,0,0,39.932,0
8,stage_arrival,0,S00,5,terminal,0,51643,35,0,0,8,1000,0,0,35.8288,0
8,stage_arrival,18,S43,0,switch,38,51655,120,0,0,8,157.659,0,0,59.5645,0
8,stage_arrival,42,S20,2,switch,3,51655,120,0,0,8,251.806,0,0,100,0
8,stage_arrival_coalesce,50,S38,2,switch,4,51653,15,0,0,8,290.506,0,0,124.871,0
8,stage_arrival,0,S00,5,terminal,0,51642,6,0,0,8,1000,0,0,26.9503,0
8,stage_arrival,0,S00,5,terminal,0,51655,120,0,0,8,1000,0,0,65.2283,0
8,stage_arrival,62,S56,1,switch,34,51648,125,0,0,8,238.377,0,0,62.5,0
8,stage_arrival,0,S00,5,terminal,0,51651,87,0,0,8,1000,0,0,62.5482,0
8,stage_arrival,14,S58,4,switch,5,51644,28,0,0,8,193.819,0,0,62.5,0
8,stage_arrival,50,S38,2,switch,4,51652,122,0,0,8,290.506,0,0,40.7606,0
8,stage_arrival,60,S44,0,switch,18,51655,120,0,0,8,203.923,0,0,59.5645,0
8,stage_arrival,0,S00,5,terminal,0,51646,57,0,0,8,1000,0,0,33.7803,0
8,stage_arrival,0,S00,5,terminal,0,51647,21,0,0,8,1000,0,0,25,0
8,stage_arrival,0,S00,5,terminal,0,51644,28,0,0,8,1000,0,0,53.2263,0
8,stage_arrival,6,S02,0,switch,1,51649,12,0,0,8,138.732,0,0,39.932,0
8,stage_arrival,5,S63,0,switch,0,51646,57,0,0,8,259.679,0,0,86.8185,0
8,stage_arrival,34,S57,2,switch,14,51648,125,0,0,8,113.541,0,0,62.5536,0
8,stage_arrival_coalesce,0,S00,5,terminal,0,51643,35,0,0,8,1000,0,0,56.5304,0
8,stage_arrival_coalesce,0,S00,5,terminal,0,51646,57,0,0,8,1000,0,0,87.0067,0
8,stage_arrival,38,S42,0,switch,42,51655,120,0,0,8,176.64,0,0,60.1531,0
8,stage_arrival_coalesce,0,S00,5,terminal,0,51640,34,0,0,8,1000,0,0,55.7746,0
8,stage_arrival,1,S01,0,switch,0,51647,21,0,0,8,159.728,0,0,39.932,0
8,stage_arrival,29,S13,5,switch,31,51646,57,0,0,8,131.191,0,0,62.5536,0
8,stage_arrival,37,S32,0,switch,0,51654,104,0,0,8,103.31,0,0,71.5943,0
8,stage_arrival,0,S00,5,terminal,0,51648,125,0,0,8,1000,0,0,53.2263,0
8,stage_arrival,17,S35,1,switch,56,51643,35,0,0,8,252.252,100,0,40.7016,0
8,stage_arrival,61,S46,1,switch,57,51653,15,0,0,8,199.213,0,0,40.7016,0
8,stage_arrival,52,S30,2,switch,54,51654,104,0,0,8,164.752,0,0,62.5,0
8,stage_arrival,5,S63,0,switch,0,51648,125,0,0,8,259.679,0,0,86.6197,0
8,stage_arrival,0,S00,5,terminal,0,51650,20,0,0,8,1000,0,0,25,0
8,stage_arrival,5,S63,0,switch,0,51644,28,0,0,8,259.679,0,0,62.55,0
8,stage_arrival_coalesce,0,S00,5,terminal,0,51647,21,0,0,8,1000,0,0,39.932,0
8,stage_arrival,51,S48,0,switch,57,51645,103,0,0,8,201.033,0,0,40.7016,0
8,stage_arrival_coalesce,0,S00,5,terminal,0,51648,125,0,0,8,1000,0,0,93.0357,0
8,stage_arrival,54,S31,1,switch,37,51654,104,0,0,8,242.335,0,0,62.5518,0
8,stage_arrival_coalesce,0,S00,5,terminal,0,51653,15,0,0,8,1000,0,0,49.7998,0
8,stage_arrival,10,S61,0,switch,1,51650,20,0,0,8,227.172,25.6638,0,39.932,0
8,stage_arrival,57,S47,1,switch,50,51652,122,0,0,8,259.289,0,0,40.7016,0
8,stage_arrival,3,S27,0,switch,0,51642,6,0,0,8,119.129,0,0,59.5645,0
8,stage_arrival,4,S37,0,switch,0,51645,103,0,0,8,203.508,0,0,77.9326,0
8,stage_arrival,7,S45,2,switch,61,51653,15,0,0,8,100.666,0,0,40.7016,0
8,stage_arrival_coalesce,0,S00,5,terminal,0,51655,120,0,0,8,1000,0,0,92.1787,0
8,stage_arrival,14,S58,4,switch,5,51648,125,0,0,8,193.819,0,0,71.5194,0
8,stage_arrival,0,S00,5,terminal,0,51652,122,0,0,8,1000,0,0,20.7016,0
8,stage_arrival,0,S00,5,terminal,0,51654,104,0,0,8,1000,0,0,100,0
8,stage_arrival,10,S61,0,switch,1,51647,21,0,0,8,227.172,25.6638,0,39.932,0
8,stage_arrival,43,S22,0,switch,0,51651,87,0,0,8,203.304,0,0,62.5,0
8,stage_arrival,57,S47,1,switch,50,51653,15,0,0,8,259.289,0,0,41.0614,0
8,stage_arrival_coalesce,0,S00,5,terminal,0,51644,28,0,0,8,1000,0,0,79.6367,0
8,stage_arrival,50,S38,2,switch,4,51645,103,0,0,8,290.506,0,0,40.7606,0
8,stage_arrival,61,S46,1,switch,57,51652,122,0,0,8,199.213,0,0,40.7016,0
8,stage_arrival,28,S12,1,switch,29,51646,57,0,0,8,167.904,0,0,62.5,0
8,stage_arrival_coalesce,0,S00,5,terminal,0,51650,20,0,0,8,1000,0,0,39.932,0
8,allocate_send_arrival,18,S43,0,switch,38,51655,120,0,0,8,157.659,0,59.5645,0,0
8,allocate_send_arrival,51,S48,0,switch,57,51645,103,0,0,8,201.033,0,40.7016,0,0
8,allocate_send_arrival,60,S44,0,switch,18,51655,120,0,0,8,203.923,0,59.5645,0,0
8,allocate_send_arrival,43,S22,0,switch,0,51651,87,0,0,8,203.304,0,62.5,0,0
8,allocate_send_arrival,31,S62,3,switch,5,51646,57,0,0,8,238.676,0,71.5194,0,0
8,allocate_send_arrival,54,S31,1,switch,37,51654,104,0,0,8,242.335,0,62.5518,0,0
8,allocate_send_arrival,52,S30,2,switch,54,51654,104,0,0,8,164.752,0,62.5,0,0
8,allocate_send_arrival,29,S13,5,switch,31,51646,57,0,0,8,131.191,0,62.5536,0,0
8,allocate_send_arrival,10,S61,0,switch,1,51641,96,0,0,8,227.172,25.6638,39.932,0,0
8,allocate_send_arrival,10,S61,0,switch,1,51650,20,0,0,8,227.172,25.6638,39.932,0,0
8,allocate_send_arrival,10,S61,0,switch,1,51647,21,0,0,8,227.172,25.6638,39.932,0,0
8,allocate_send_arrival,17,S35,1,switch,56,51643,35,0,0,8,252.252,100,40.7016,0,0
8,allocate_send_arrival,38,S42,0,switch,42,51655,120,0,0,8,176.64,0,60.1531,0,0
8,allocate_send_arrival,28,S12,1,switch,29,51646,57,0,0,8,167.904,0,62.5,0,0
8,allocate_send_arrival,0,S00,5,terminal,0,51649,12,0,0,8,1000,0,39.4918,0,0
8,allocate_send_arrival,0,S00,5,terminal,0,51641,96,0,0,8,1000,0,40.3722,0,0
8,allocate_send_arrival,0,S00,5,terminal,0,51645,103,0,0,8,1000,0,20.7016,0,0
8,allocate_send_arrival,0,S00,5,terminal,0,51640,34,0,0,8,1000,0,55.7746,0,0
8,allocate_send_arrival,0,S00,5,terminal,0,51653,15,0,0,8,1000,0,49.7998,0,0
8,allocate_send_arrival,0,S00,5,terminal,0,51643,35,0,0,8,1000,0,56.5304,0,0
8,allocate_send_arrival,0,S00,5,terminal,0,51642,6,0,0,8,1000,0,26.9503,0,0
8,allocate_send_arrival,0,S00,5,terminal,0,51655,120,0,0,8,1000,0,92.1787,0,0
8,allocate_send_arrival,0,S00,5,terminal,0,51651,87,0,0,8,1000,0,62.5482,0,0
8,allocate_send_arrival,0,S00,5,terminal,0,51646,57,0,0,8,1000,0,87.0067,0,0
8,allocate_send_arrival,0,S00,5,terminal,0,51647,21,0,0,8,1000,0,39.932,0,0
8,allocate_send_arrival,0,S00,5,terminal,0,51644,28,0,0,8,1000,0,79.6367,0,0
8,allocate_send_arrival,0,S00,5,terminal,0,51648,125,0,0,8,1000,0,93.0357,0,0
8,allocate_send_arrival,0,S00,5,terminal,0,51650,20,0,0,8,1000,0,39.932,0,0
8,allocate_send_arrival,0,S00,5,terminal,0,51652,122,0,0,8,1000,0,20.7016,0,0
8,allocate_send_arrival,0,S00,5,terminal,0,51654,104,0,0,8,1000,0,100,1.01863e-13,0
8,allocate_send_arrival,50,S38,2,switch,4,51653,15,0,0,8,290.506,0,124.871,0,0
8,allocate_send_arrival,50,S38,2,switch,4,51652,122,0,0,8,290.506,0,40.7606,0,0
8,allocate_send_arrival,50,S38,2,switch,4,51645,103,0,0,8,290.506,0,40.7606,0,0
8,allocate_send_arrival,6,S02,0,switch,1,51649,12,0,0,8,138.732,0,39.932,0,0
8,allocate_send_arrival,48,S50,3,switch,10,51641,96,0,0,8,118.54,0,39.932,0,0
8,allocate_send_arrival,1,S01,0,switch,0,51650,20,0,0,8,159.728,0,14.932,25,0
8,enqueue_residual,1,S01,0,switch,0,51650,20,0,0,8,159.728,0,0,25,0
8,allocate_send_arrival,1,S01,0,switch,0,51649,12,0,0,8,159.728,0,14.932,25,0
8,enqueue_residual,1,S01,0,switch,0,51649,12,0,0,8,159.728,0,0,25,0
8,allocate_send_arrival,1,S01,0,switch,0,51641,96,0,0,8,159.728,0,14.932,25,0
8,enqueue_residual,1,S01,0,switch,0,51641,96,0,0,8,159.728,0,0,25,0
8,allocate_send_arrival,1,S01,0,switch,0,51647,21,0,0,8,159.728,0,14.932,25,0
8,enqueue_residual,1,S01,0,switch,0,51647,21,0,0,8,159.728,0,0,25,0
8,allocate_send_arrival,34,S57,2,switch,14,51648,125,0,0,8,113.541,0,62.5536,0,0
8,allocate_send_arrival,14,S58,4,switch,5,51644,28,0,0,8,193.819,0,62.5,0,0
8,allocate_send_arrival,14,S58,4,switch,5,51648,125,0,0,8,193.819,0,71.5194,0,0
8,allocate_send_arrival,42,S20,2,switch,3,51655,120,0,0,8,251.806,0,100,0,0
8,allocate_send_arrival,7,S45,2,switch,61,51653,15,0,0,8,100.666,0,40.7016,0,0
8,allocate_send_arrival,62,S56,1,switch,34,51648,125,0,0,8,238.377,0,62.5,0,0
8,allocate_send_arrival,4,S37,0,switch,0,51653,15,0,0,8,203.508,0,34.5027,68.2964,0
8,enqueue_residual,4,S37,0,switch,0,51653,15,0,0,8,203.508,0,0,68.2964,0
8,allocate_send_arrival,4,S37,0,switch,0,51652,122,0,0,8,203.508,0,34.5027,44.0547,0
8,enqueue_residual,4,S37,0,switch,0,51652,122,0,0,8,203.508,0,0,31.7036,0
8,drop_shared_buffer_overflow,4,S37,0,switch,0,51652,122,0,0,8,203.508,0,0,0,12.3511
8,allocate_send_arrival,4,S37,0,switch,0,51645,103,0,0,8,203.508,0,34.5027,43.4299,0
8,drop_shared_buffer_overflow,4,S37,0,switch,0,51645,103,0,0,8,203.508,0,0,0,43.4299
8,allocate_send_arrival,5,S63,0,switch,0,51646,57,0,0,8,259.679,0,53.2263,33.5922,0
8,enqueue_residual,5,S63,0,switch,0,51646,57,0,0,8,259.679,0,0,33.5922,0
8,allocate_send_arrival,5,S63,0,switch,0,51648,125,0,0,8,259.679,0,53.2263,33.3934,0
8,enqueue_residual,5,S63,0,switch,0,51648,125,0,0,8,259.679,0,0,33.3934,0
8,allocate_send_arrival,5,S63,0,switch,0,51644,28,0,0,8,259.679,0,53.2263,9.32367,0
8,enqueue_residual,5,S63,0,switch,0,51644,28,0,0,8,259.679,0,0,9.32367,0
8,allocate_send_arrival,37,S32,0,switch,0,51654,104,0,0,8,103.31,0,71.5943,0,0
8,allocate_send_arrival,57,S47,1,switch,50,51645,103,0,0,8,259.289,0,40.7016,0,0
8,allocate_send_arrival,57,S47,1,switch,50,51652,122,0,0,8,259.289,0,40.7016,0,0
8,allocate_send_arrival,57,S47,1,switch,50,51653,15,0,0,8,259.289,0,41.0614,0,0
8,allocate_send_arrival,3,S27,0,switch,0,51655,120,0,0,8,119.129,0,9.5645,90.4355,0
8,enqueue_residual,3,S27,0,switch,0,51655,120,0,0,8,119.129,0,0,90.4355,0
8,allocate_send_arrival,3,S27,0,switch,0,51642,6,0,0,8,119.129,0,9.5645,50,0
8,enqueue_residual,3,S27,0,switch,0,51642,6,0,0,8,119.129,0,0,9.5645,0
8,drop_shared_buffer_overflow,3,S27,0,switch,0,51642,6,0,0,8,119.129,0,0,0,40.4355
8,allocate_send_arrival,61,S46,1,switch,57,51653,15,0,0,8,199.213,0,40.7016,0,0
8,allocate_send_arrival,61,S46,1,switch,57,51652,122,0,0,8,199.213,0,40.7016,0,0
9,allocate_send_buffered,1,S01,0,switch,0,51650,20,0,0,9,159.728,100,25,0,0
9,allocate_send_buffered,1,S01,0,switch,0,51649,12,0,0,9,159.728,100,25,0,0
9,allocate_send_buffered,1,S01,0,switch,0,51641,96,0,0,9,159.728,100,25,0,0
9,allocate_send_buffered,1,S01,0,switch,0,51647,21,0,0,9,159.728,100,25,0,0
9,allocate_send_buffered,5,S63,0,switch,0,51646,57,0,0,9,259.679,76.3092,33.5922,0,0
9,allocate_send_buffered,5,S63,0,switch,0,51648,125,0,0,9,259.679,76.3092,33.3934,0,0
9,allocate_send_buffered,5,S63,0,switch,0,51644,28,0,0,9,259.679,76.3092,9.32367,0,0
9,allocate_send_buffered,3,S27,0,switch,0,51655,120,0,0,9,119.129,100,90.4355,0,0
9,allocate_send_buffered,3,S27,0,switch,0,51642,6,0,0,9,119.129,100,9.5645,0,0
9,allocate_send_buffered,17,S35,1,switch,56,51640,34,0,0,9,252.252,100,42.5983,0,0
9,allocate_send_buffered,17,S35,1,switch,56,51643,35,0,0,9,252.252,100,57.4017,1.45519e-14,0
9,allocate_send_buffered,4,S37,0,switch,0,51653,15,0,0,9,203.508,100,68.2964,0,0
9,allocate_send_buffered,4,S37,0,switch,0,51652,122,0,0,9,203.508,100,31.7036,0,0
9,stage_arrival,29,S13,5,switch,31,51646,57,0,0,9,131.191,0,0,62.5,0
9,stage_arrival,48,S50,3,switch,10,51641,96,0,0,9,118.54,0,0,39.932,0
9,stage_arrival,0,S00,5,terminal,0,51653,15,0,0,9,1000,0,0,65.5969,0
9,stage_arrival,50,S38,2,switch,4,51645,103,0,0,9,290.506,0,0,40.7016,0
9,stage_arrival,6,S02,0,switch,1,51649,12,0,0,9,138.732,0,0,39.932,0
9,stage_arrival,0,S00,5,terminal,0,51648,125,0,0,9,1000,0,0,46.3483,0
9,stage_arrival,14,S58,4,switch,5,51644,28,0,0,9,193.819,0,0,62.5,0
9,stage_arrival_coalesce,0,S00,5,terminal,0,51653,15,0,0,9,1000,0,0,100.1,0
9,stage_arrival,0,S00,5,terminal,0,51644,28,0,0,9,1000,0,0,53.2263,0
9,stage_arrival,51,S48,0,switch,57,51645,103,0,0,9,201.033,0,0,40.7016,0
9,stage_arrival,0,S00,5,terminal,0,51646,57,0,0,9,1000,0,0,53.2263,0
9,stage_arrival,54,S31,1,switch,37,51654,104,0,0,9,242.335,0,0,62.5,0
9,stage_arrival,0,S00,5,terminal,0,51649,12,0,0,9,1000,0,0,25,0
9,stage_arrival,37,S32,0,switch,0,51654,104,0,0,9,103.31,0,0,62.5518,0
9,stage_arrival,62,S56,1,switch,34,51648,125,0,0,9,238.377,0,0,62.5,0
9,stage_arrival_coalesce,0,S00,5,terminal,0,51648,125,0,0,9,1000,0,0,99.5746,0
9,stage_arrival,4,S37,0,switch,0,51652,122,0,0,9,203.508,0,0,40.7606,0
9,stage_arrival,0,S00,5,terminal,0,51655,120,0,0,9,1000,0,0,9.5645,0
9,stage_arrival,1,S01,0,switch,0,51641,96,0,0,9,159.728,0,0,39.932,0
9,stage_arrival,61,S46,1,switch,57,51652,122,0,0,9,199.213,0,0,40.7016,0
9,stage_arrival,4,S37,0,switch,0,51640,34,0,0,9,203.508,0,0,50,0
9,stage_arrival,52,S30,2,switch,54,51654,104,0,0,9,164.752,0,0,62.5,0
9,stage_arrival,57,S47,1,switch,50,51653,15,0,0,9,259.289,0,0,40.7016,0
9,stage_arrival,5,S63,0,switch,0,51648,125,0,0,9,259.679,0,0,71.5194,0
9,stage_arrival,56,S36,2,switch,4,51643,35,0,0,9,112.305,0,0,40.7016,0
9,stage_arrival,60,S44,0,switch,18,51655,120,0,0,9,203.923,0,0,59.5645,0
9,stage_arrival_coalesce,0,S00,5,terminal,0,51655,120,0,0,9,1000,0,0,76.9503,0
9,stage_arrival,5,S63,0,switch,0,51644,28,0,0,9,259.679,0,0,62.5,0
9,stage_arrival,38,S42,0,switch,42,51655,120,0,0,9,176.64,0,0,59.5645,0
9,stage_arrival,0,S00,5,terminal,0,51652,122,0,0,9,1000,0,0,34.5027,0
9,stage_arrival,10,S61,0,switch,1,51647,21,0,0,9,227.172,25.6638,0,39.932,0
9,stage_arrival,28,S12,1,switch,29,51646,57,0,0,9,167.904,0,0,62.5,0
9,stage_arrival,17,S35,1,switch,56,51640,34,0,0,9,252.252,0,0,0.398876,0
9,stage_arrival,50,S38,2,switch,4,51652,122,0,0,9,290.506,0,0,40.7016,0
9,stage_arrival,57,S47,1,switch,50,51645,103,0,0,9,259.289,0,0,40.7016,0
9,stage_arrival,3,S27,0,switch,0,51642,6,0,0,9,119.129,0,0,59.5645,0
9,stage_arrival,0,S00,5,terminal,0,51642,6,0,0,9,1000,0,0,32.6142,0
9,stage_arrival,0,S00,5,terminal,0,51641,96,0,0,9,1000,0,0,14.932,0
9,stage_arrival,57,S47,1,switch,50,51652,122,0,0,9,259.289,0,0,40.7016,0
9,stage_arrival,10,S61,0,switch,1,51641,96,0,0,9,227.172,25.6638,0,39.932,0
9,stage_arrival,4,S37,0,switch,0,51645,103,0,0,9,203.508,0,0,40.7606,0
9,stage_arrival,0,S00,5,terminal,0,51647,21,0,0,9,1000,0,0,14.932,0
9,stage_arrival,1,S01,0,switch,0,51649,12,0,0,9,159.728,0,0,39.932,0
9,stage_arrival,4,S37,0,switch,0,51653,15,0,0,9,203.508,0,0,124.871,0
9,stage_arrival,0,S00,5,terminal,0,51650,20,0,0,9,1000,0,0,14.932,0
9,stage_arrival,14,S58,4,switch,5,51648,125,0,0,9,193.819,0,0,62.5536,0
9,stage_arrival,1,S01,0,switch,0,51647,21,0,0,9,159.728,0,0,39.932,0
9,stage_arrival,43,S22,0,switch,0,51651,87,0,0,9,203.304,0,0,62.5,0
9,stage_arrival,61,S46,1,switch,57,51653,15,0,0,9,199.213,0,0,40.7016,0
9,stage_arrival,42,S20,2,switch,3,51655,120,0,0,9,251.806,0,0,60.1531,0
9,stage_arrival,3,S27,0,switch,0,51655,120,0,0,9,119.129,0,0,100,0
9,stage_arrival_coalesce,0,S00,5,terminal,0,51649,12,0,0,9,1000,0,0,39.932,0
9,stage_arrival,17,S35,1,switch,56,51643,35,0,0,9,252.252,0,0,40.7016,0
9,stage_arrival,0,S00,5,terminal,0,51654,104,0,0,9,1000,0,0,71.5943,0
9,stage_arrival,0,S00,5,terminal,0,51651,87,0,0,9,1000,0,0,62.5,0
9,stage_arrival,0,S00,5,terminal,0,51640,34,0,0,9,1000,0,0,4.19816,0
9,stage_arrival,34,S57,2,switch,14,51648,125,0,0,9,113.541,0,0,62.5,0
9,stage_arrival,0,S00,5,terminal,0,51645,103,0,0,9,1000,0,0,34.5027,0
9,stage_arrival,0,S00,5,terminal,0,51643,35,0,0,9,1000,0,0,30.2049,0
9,stage_arrival,1,S01,0,switch,0,51650,20,0,0,9,159.728,0,0,39.932,0
9,stage_arrival_coalesce,0,S00,5,terminal,0,51646,57,0,0,9,1000,0,0,88.5911,0
9,stage_arrival_coalesce,0,S00,5,terminal,0,51641,96,0,0,9,1000,0,0,39.932,0
9,stage_arrival,18,S43,0,switch,38,51655,120,0,0,9,157.659,0,0,59.5645,0
9,stage_arrival_coalesce,0,S00,5,terminal,0,51650,20,0,0,9,1000,0,0,39.932,0
9,stage_arrival_coalesce,0,S00,5,terminal,0,51644,28,0,0,9,1000,0,0,71.5133,0
9,stage_arrival,4,S37,0,switch,0,51643,35,0,0,9,203.508,0,0,50,0
9,stage_arrival_coalesce,0,S00,5,terminal,0,51642,6,0,0,9,1000,0,0,42.1787,0
9,stage_arrival,50,S38,2,switch,4,51653,15,0,0,9,290.506,0,0,41.0614,0
9,stage_arrival,10,S61,0,switch,1,51650,20,0,0,9,227.172,25.6638,0,39.932,0
9,stage_arrival,5,S63,0,switch,0,51646,57,0,0,9,259.679,0,0,71.5194,0
9,stage_arrival,31,S62,3,switch,5,51646,57,0,0,9,238.676,0,0,62.5536,0
9,stage_arrival,7,S45,2,switch,61,51653,15,0,0,9,100.666,0,0,40.7016,0
9,stage_arrival_coalesce,0,S00,5,terminal,0,51647,21,0,0,9,1000,0,0,39.932,0
9,allocate_send_arrival,56,S36,2,switch,4,51643,35,0,0,9,112.305,0,40.7016,0,0
9,allocate_send_arrival,54,S31,1,switch,37,51654,104,0,0,9,242.335,0,62.5,0,0
9,allocate_send_arrival,61,S46,1,switch,57,51652,122,0,0,9,199.213,0,40.7016,0,0
9,allocate_send_arrival,61,S46,1,switch,57,51653,15,0,0,9,199.213,0,40.7016,0,0
9,allocate_send_arrival,5,S63,0,switch,0,51648,125,0,0,9,259.679,0,61.1233,10.3961,0
9,enqueue_residual,5,S63,0,switch,0,51648,125,0,0,9,259.679,0,0,10.3961,0
9,allocate_send_arrival,5,S63,0,switch,0,51644,28,0,0,9,259.679,0,61.1233,1.37674,0
9,enqueue_residual,5,S63,0,switch,0,51644,28,0,0,9,259.679,0,0,1.37674,0
9,allocate_send_arrival,5,S63,0,switch,0,51646,57,0,0,9,259.679,0,61.1233,10.3961,0
9,enqueue_residual,5,S63,0,switch,0,51646,57,0,0,9,259.679,0,0,10.3961,0
9,allocate_send_arrival,18,S43,0,switch,38,51655,120,0,0,9,157.659,0,59.5645,0,0
9,allocate_send_arrival,48,S50,3,switch,10,51641,96,0,0,9,118.54,0,39.932,0,0
9,allocate_send_arrival,3,S27,0,switch,0,51642,6,0,0,9,119.129,0,9.5645,50,0
9,enqueue_residual,3,S27,0,switch,0,51642,6,0,0,9,119.129,0,0,50,0
9,allocate_send_arrival,3,S27,0,switch,0,51655,120,0,0,9,119.129,0,9.5645,90.4355,0
9,enqueue_residual,3,S27,0,switch,0,51655,120,0,0,9,119.129,0,0,50,0
9,drop_shared_buffer_overflow,3,S27,0,switch,0,51655,120,0,0,9,119.129,0,0,0,40.4355
9,allocate_send_arrival,50,S38,2,switch,4,51645,103,0,0,9,290.506,0,40.7016,0,0
9,allocate_send_arrival,50,S38,2,switch,4,51652,122,0,0,9,290.506,0,40.7016,0,0
9,allocate_send_arrival,50,S38,2,switch,4,51653,15,0,0,9,290.506,0,41.0614,0,0
9,allocate_send_arrival,1,S01,0,switch,0,51641,96,0,0,9,159.728,0,14.932,25,0
9,enqueue_residual,1,S01,0,switch,0,51641,96,0,0,9,159.728,0,0,25,0
9,allocate_send_arrival,1,S01,0,switch,0,51649,12,0,0,9,159.728,0,14.932,25,0
9,enqueue_residual,1,S01,0,switch,0,51649,12,0,0,9,159.728,0,0,25,0
9,allocate_send_arrival,1,S01,0,switch,0,51647,21,0,0,9,159.728,0,14.932,25,0
9,enqueue_residual,1,S01,0,switch,0,51647,21,0,0,9,159.728,0,0,25,0
9,allocate_send_arrival,1,S01,0,switch,0,51650,20,0,0,9,159.728,0,14.932,25,0
9,enqueue_residual,1,S01,0,switch,0,51650,20,0,0,9,159.728,0,0,25,0
9,allocate_send_arrival,52,S30,2,switch,54,51654,104,0,0,9,164.752,0,62.5,0,0
9,allocate_send_arrival,57,S47,1,switch,50,51653,15,0,0,9,259.289,0,40.7016,0,0
9,allocate_send_arrival,57,S47,1,switch,50,51645,103,0,0,9,259.289,0,40.7016,0,0
9,allocate_send_arrival,57,S47,1,switch,50,51652,122,0,0,9,259.289,0,40.7016,0,0
9,allocate_send_arrival,6,S02,0,switch,1,51649,12,0,0,9,138.732,0,39.932,0,0
9,allocate_send_arrival,28,S12,1,switch,29,51646,57,0,0,9,167.904,0,62.5,0,0
9,allocate_send_arrival,51,S48,0,switch,57,51645,103,0,0,9,201.033,0,40.7016,0,0
9,allocate_send_arrival,14,S58,4,switch,5,51644,28,0,0,9,193.819,0,62.5,0,0
9,allocate_send_arrival,14,S58,4,switch,5,51648,125,0,0,9,193.819,0,62.5536,7.27596e-15,0
9,allocate_send_arrival,0,S00,5,terminal,0,51653,15,0,0,9,1000,0,100.1,0,0
9,allocate_send_arrival,0,S00,5,terminal,0,51648,125,0,0,9,1000,0,99.5746,0,0
9,allocate_send_arrival,0,S00,5,terminal,0,51644,28,0,0,9,1000,0,71.5133,0,0
9,allocate_send_arrival,0,S00,5,terminal,0,51646,57,0,0,9,1000,0,88.5911,0,0
9,allocate_send_arrival,0,S00,5,terminal,0,51649,12,0,0,9,1000,0,39.932,0,0
9,allocate_send_arrival,0,S00,5,terminal,0,51655,120,0,0,9,1000,0,76.9503,0,0
9,allocate_send_arrival,0,S00,5,terminal,0,51652,122,0,0,9,1000,0,34.5027,0,0
9,allocate_send_arrival,0,S00,5,terminal,0,51642,6,0,0,9,1000,0,42.1787,0,0
9,allocate_send_arrival,0,S00,5,terminal,0,51641,96,0,0,9,1000,0,39.932,0,0
9,allocate_send_arrival,0,S00,5,terminal,0,51647,21,0,0,9,1000,0,39.932,0,0
9,allocate_send_arrival,0,S00,5,terminal,0,51650,20,0,0,9,1000,0,39.932,0,0
9,allocate_send_arrival,0,S00,5,terminal,0,51654,104,0,0,9,1000,0,71.5943,0,0
9,allocate_send_arrival,0,S00,5,terminal,0,51651,87,0,0,9,1000,0,62.5,0,0
9,allocate_send_arrival,0,S00,5,terminal,0,51640,34,0,0,9,1000,0,4.19816,0,0
9,allocate_send_arrival,0,S00,5,terminal,0,51645,103,0,0,9,1000,0,34.5027,0,0
9,allocate_send_arrival,0,S00,5,terminal,0,51643,35,0,0,9,1000,0,30.2049,0,0
9,allocate_send_arrival,62,S56,1,switch,34,51648,125,0,0,9,238.377,0,62.5,0,0
9,allocate_send_arrival,43,S22,0,switch,0,51651,87,0,0,9,203.304,0,62.5,0,0
9,allocate_send_arrival,17,S35,1,switch,56,51640,34,0,0,9,252.252,0,0.398876,0,0
9,allocate_send_arrival,17,S35,1,switch,56,51643,35,0,0,9,252.252,0,40.7016,7.27596e-15,0
9,allocate_send_arrival,60,S44,0,switch,18,51655,120,0,0,9,203.923,0,59.5645,0,0
9,allocate_send_arrival,31,S62,3,switch,5,51646,57,0,0,9,238.676,0,62.5536,0,0
9,allocate_send_arrival,10,S61,0,switch,1,51647,21,0,0,9,227.172,25.6638,39.932,0,0
9,allocate_send_arrival,10,S61,0,switch,1,51641,96,0,0,9,227.172,25.6638,39.932,0,0
9,allocate_send_arrival,10,S61,0,switch,1,51650,20,0,0,9,227.172,25.6638,39.932,0,0
9,allocate_send_arrival,38,S42,0,switch,42,51655,120,0,0,9,176.64,0,59.5645,0,0
9,allocate_send_arrival,7,S45,2,switch,61,51653,15,0,0,9,100.666,0,40.7016,0,0
9,allocate_send_arrival,29,S13,5,switch,31,51646,57,0,0,9,131.191,0,62.5,0,0
9,allocate_send_arrival,34,S57,2,switch,14,51648,125,0,0,9,113.541,0,62.5,0,0
9,allocate_send_arrival,4,S37,0,switch,0,51652,122,0,0,9,203.508,0,20.7016,20.059,0
9,enqueue_residual,4,S37,0,switch,0,51652,122,0,0,9,203.508,0,0,20.059,0
9,allocate_send_arrival,4,S37,0,switch,0,51640,34,0,0,9,203.508,0,20.7016,29.2984,0
9,enqueue_residual,4,S37,0,switch,0,51640,34,0,0,9,203.508,0,0,29.2984,0
9,allocate_send_arrival,4,S37,0,switch,0,51645,103,0,0,9,203.508,0,20.7016,20.059,0
9,enqueue_residual,4,S37,0,switch,0,51645,103,0,0,9,203.508,0,0,20.059,0
9,allocate_send_arrival,4,S37,0,switch,0,51653,15,0,0,9,203.508,0,20.7016,104.169,0
9,enqueue_residual,4,S37,0,switch,0,51653,15,0,0,9,203.508,0,0,30.5836,0
9,drop_shared_buffer_overflow,4,S37,0,switch,0,51653,15,0,0,9,203.508,0,0,0,73.5854
9,allocate_send_arrival,4,S37,0,switch,0,51643,35,0,0,9,203.508,0,20.7016,29.2984,0
9,drop_shared_buffer_overflow,4,S37,0,switch,0,51643,35,0,0,9,203.508,0,0,0,29.2984
9,allocate_send_arrival,37,S32,0,switch,0,51654,104,0,0,9,103.31,0,62.5518,0,0
9,allocate_send_arrival,42,S20,2,switch,3,51655,120,0,0,9,251.806,0,60.1531,0,0
10,allocate_send_buffered,3,S27,0,switch,0,51642,6,0,0,10,119.129,100,50,0,0
10,allocate_send_buffered,3,S27,0,switch,0,51655,120,0,0,10,119.129,100,50,0,0
10,allocate_send_buffered,5,S63,0,switch,0,51648,125,0,0,10,259.679,22.1689,10.3961,0,0
10,allocate_send_buffered,5,S63,0,switch,0,51644,28,0,0,10,259.679,22.1689,1.37674,0,0
10,allocate_send_buffered,5,S63,0,switch,0,51646,57,0,0,10,259.679,22.1689,10.3961,0,0
10,allocate_send_buffered,4,S37,0,switch,0,51652,122,0,0,10,203.508,100,20.059,0,0
10,allocate_send_buffered,4,S37,0,switch,0,51640,34,0,0,10,203.508,100,29.2984,0,0
10,allocate_send_buffered,4,S37,0,switch,0,51645,103,0,0,10,203.508,100,20.059,0,0
10,allocate_send_buffered,4,S37,0,switch,0,51653,15,0,0,10,203.508,100,30.5836,0,0
10,allocate_send_buffered,1,S01,0,switch,0,51641,96,0,0,10,159.728,100,25,0,0
10,allocate_send_buffered,1,S01,0,switch,0,51649,12,0,0,10,159.728,100,25,0,0
10,allocate_send_buffered,1,S01,0,switch,0,51647,21,0,0,10,159.728,100,25,0,0
10,allocate_send_buffered,1,S01,0,switch,0,51650,20,0,0,10,159.728,100,25,0,0
10,stage_arrival,14,S58,4,switch,5,51644,28,0,0,10,193.819,0,0,62.5,0
10,stage_arrival,31,S62,3,switch,5,51646,57,0,0,10,238.676,0,0,62.5,0
10,stage_arrival,10,S61,0,switch,1,51641,96,0,0,10,227.172,25.6638,0,39.932,0
10,stage_arrival,62,S56,1,switch,34,51648,125,0,0,10,238.377,0,0,62.5,0
10,stage_arrival,17,S35,1,switch,56,51643,35,0,0,10,252.252,0,0,40.7016,0
10,stage_arrival,0,S00,5,terminal,0,51642,6,0,0,10,1000,0,0,9.5645,0
10,stage_arrival,0,S00,5,terminal,0,51652,122,0,0,10,1000,0,0,31.7036,0
10,stage_arrival,4,S37,0,switch,0,51652,122,0,0,10,203.508,0,0,40.7016,0
10,stage_arrival,29,S13,5,switch,31,51646,57,0,0,10,131.191,0,0,62.5,0
10,stage_arrival,3,S27,0,switch,0,51642,6,0,0,10,119.129,0,0,3.27605,0
10,stage_arrival,10,S61,0,switch,1,51647,21,0,0,10,227.172,25.6638,0,39.932,0
10,stage_arrival,50,S38,2,switch,4,51653,15,0,0,10,290.506,0,0,40.7016,0
10,stage_arrival,57,S47,1,switch,50,51652,122,0,0,10,259.289,0,0,40.7016,0
10,stage_arrival,1,S01,0,switch,0,51649,12,0,0,10,159.728,0,0,39.932,0
10,stage_arrival,18,S43,0,switch,38,51655,120,0,0,10,157.659,0,0,59.5645,0
10,stage_arrival,7,S45,2,switch,61,51653,15,0,0,10,100.666,0,0,40.7016,0
10,stage_arrival,0,S00,5,terminal,0,51654,104,0,0,10,1000,0,0,62.5518,0
10,stage_arrival,0,S00,5,terminal,0,51653,15,0,0,10,1000,0,0,20.7016,0
10,stage_arrival,38,S42,0,switch,42,51655,120,0,0,10,176.64,0,0,59.5645,0
10,stage_arrival,4,S37,0,switch,0,51645,103,0,0,10,203.508,0,0,40.7016,0
10,stage_arrival,0,S00,5,terminal,0,51641,96,0,0,10,1000,0,0,25,0
10,stage_arrival,10,S61,0,switch,1,51650,20,0,0,10,227.172,25.6638,0,39.932,0
10,stage_arrival,54,S31,1,switch,37,51654,104,0,0,10,242.335,0,0,62.5,0
10,stage_arrival,0,S00,5,terminal,0,51655,120,0,0,10,1000,0,0,9.5645,0
10,stage_arrival,0,S00,5,terminal,0,51649,12,0,0,10,1000,0,0,14.932,0
10,stage_arrival,0,S00,5,terminal,0,51646,57,0,0,10,1000,0,0,33.5922,0
10,stage_arrival,17,S35,1,switch,56,51640,34,0,0,10,252.252,0,0,40.7016,0
10,stage_arrival,6,S02,0,switch,1,51649,12,0,0,10,138.732,0,0,39.932,0
10,stage_arrival,43,S22,0,switch,0,51651,87,0,0,10,203.304,0,0,62.5,0
10,stage_arrival,3,S27,0,switch,0,51655,120,0,0,10,119.129,0,0,60.1531,0
10,stage_arrival,51,S48,0,switch,57,51645,103,0,0,10,201.033,0,0,40.7016,0
10,stage_arrival_coalesce,0,S00,5,terminal,0,51649,12,0,0,10,1000,0,0,39.932,0
10,stage_arrival_coalesce,0,S00,5,terminal,0,51646,57,0,0,10,1000,0,0,94.7155,0
10,stage_arrival_coalesce,0,S00,5,terminal,0,51653,15,0,0,10,1000,0,0,88.998,0
10,stage_arrival,28,S12,1,switch,29,51646,57,0,0,10,167.904,0,0,62.5,0
10,stage_arrival,1,S01,0,switch,0,51647,21,0,0,10,159.728,0,0,39.932,0
10,stage_arrival,37,S32,0,switch,0,51654,104,0,0,10,103.31,0,0,62.5,0
10,stage_arrival,50,S38,2,switch,4,51645,103,0,0,10,290.506,0,0,40.7016,0
10,stage_arrival_coalesce,0,S00,5,terminal,0,51641,96,0,0,10,1000,0,0,39.932,0
10,stage_arrival,56,S36,2,switch,4,51643,35,0,0,10,112.305,0,0,40.7016,0
10,stage_arrival_coalesce,0,S00,5,terminal,0,51642,6,0,0,10,1000,0,0,19.129,0
10,stage_arrival,0,S00,5,terminal,0,51650,20,0,0,10,1000,0,0,14.932,0
10,stage_arrival,48,S50,3,switch,10,51641,96,0,0,10,118.54,0,0,39.932,0
10,stage_arrival_coalesce,56,S36,2,switch,4,51643,35,0,0,10,112.305,0,0,98.1033,0
10,stage_arrival,56,S36,2,switch,4,51640,34,0,0,10,112.305,0,0,0.398876,0
10,stage_arrival_coalesce,0,S00,5,terminal,0,51652,122,0,0,10,1000,0,0,52.4052,0
10,stage_arrival,57,S47,1,switch,50,51645,103,0,0,10,259.289,0,0,40.7016,0
10,stage_arrival,61,S46,1,switch,57,51653,15,0,0,10,199.213,0,0,40.7016,0
10,stage_arrival_coalesce,0,S00,5,terminal,0,51655,120,0,0,10,1000,0,0,100,0
10,stage_arrival_coalesce,56,S36,2,switch,4,51640,34,0,0,10,112.305,0,0,42.9972,0
10,stage_arrival,1,S01,0,switch,0,51650,20,0,0,10,159.728,0,0,39.932,0
10,stage_arrival,61,S46,1,switch,57,51652,122,0,0,10,199.213,0,0,40.7016,0
10,stage_arrival,0,S00,5,terminal,0,51648,125,0,0,10,1000,0,0,33.3934,0
10,stage_arrival,0,S00,5,terminal,0,51651,87,0,0,10,1000,0,0,62.5,0
10,stage_arrival,14,S58,4,switch,5,51648,125,0,0,10,193.819,0,0,62.5,0
10,stage_arrival,5,S63,0,switch,0,51646,57,0,0,10,259.679,0,0,62.5536,0
10,stage_arrival,0,S00,5,terminal,0,51644,28,0,0,10,1000,0,0,61.1233,0
10,stage_arrival,4,S37,0,switch,0,51643,35,0,0,10,203.508,0,0,40.7016,0
10,stage_arrival,0,S00,5,terminal,0,51647,21,0,0,10,1000,0,0,14.932,0
10,stage_arrival,57,S47,1,switch,50,51653,15,0,0,10,259.289,0,0,40.7016,0
10,stage_arrival_coalesce,0,S00,5,terminal,0,51644,28,0,0,10,1000,0,0,70.4469,0
10,stage_arrival_coalesce,0,S00,5,terminal,0,51648,125,0,0,10,1000,0,0,94.5166,0
10,stage_arrival,1,S01,0,switch,0,51641,96,0,0,10,159.728,0,0,39.932,0
10,stage_arrival,42,S20,2,switch,3,51655,120,0,0,10,251.806,0,0,59.5645,0
10,stage_arrival,60,S44,0,switch,18,51655,120,0,0,10,203.923,0,0,59.5645,0
10,stage_arrival,4,S37,0,switch,0,51653,15,0,0,10,203.508,0,0,41.0614,0
10,stage_arrival,34,S57,2,switch,14,51648,125,0,0,10,113.541,0,0,62.5,0
10,stage_arrival,0,S00,5,terminal,0,51643,35,0,0,10,1000,0,0,20.7016,0
10,stage_arrival_coalesce,0,S00,5,terminal,0,51647,21,0,0,10,1000,0,0,39.932,0
10,stage_arrival,5,S63,0,switch,0,51644,28,0,0,10,259.679,0,0,62.5,0
10,stage_arrival,52,S30,2,switch,54,51654,104,0,0,10,164.752,0,0,62.5,0
10,stage_arrival,5,S63,0,switch,0,51648,125,0,0,10,259.679,0,0,62.5536,0
10,stage_arrival,0,S00,5,terminal,0,51640,34,0,0,10,1000,0,0,20.7016,0
10,stage_arrival,50,S38,2,switch,4,51652,122,0,0,10,290.506,0,0,40.7016,0
10,stage_arrival,0,S00,5,terminal,0,51645,103,0,0,10,1000,0,0,20.7016,0
10,stage_arrival_coalesce,0,S00,5,terminal,0,51650,20,0,0,10,1000,0,0,39.932,0
10,allocate_send_arrival,10,S61,0,switch,1,51641,96,0,0,10,227.172,25.6638,39.932,0,0
10,allocate_send_arrival,10,S61,0,switch,1,51647,21,0,0,10,227.172,25.6638,39.932,0,0
10,allocate_send_arrival,10,S61,0,switch,1,51650,20,0,0,10,227.172,25.6638,39.932,0,0
10,allocate_send_arrival,62,S56,1,switch,34,51648,125,0,0,10,238.377,0,62.5,0,0
10,allocate_send_arrival,5,S63,0,switch,0,51646,57,0,0,10,259.679,0,62.5536,1.45519e-14,0
10,allocate_send_arrival,5,S63,0,switch,0,51644,28,0,0,10,259.679,0,62.5,0,0
10,allocate_send_arrival,5,S63,0,switch,0,51648,125,0,0,10,259.679,0,62.5536,7.27596e-15,0
10,allocate_send_arrival,56,S36,2,switch,4,51643,35,0,0,10,112.305,0,69.3078,28.7955,0
10,enqueue_residual,56,S36,2,switch,4,51643,35,0,0,10,112.305,0,0,28.7955,0
10,allocate_send_arrival,56,S36,2,switch,4,51640,34,0,0,10,112.305,0,42.9972,0,0
10,allocate_send_arrival,4,S37,0,switch,0,51652,122,0,0,10,203.508,0,25.877,14.8246,0
10,enqueue_residual,4,S37,0,switch,0,51652,122,0,0,10,203.508,0,0,14.8246,0
10,allocate_send_arrival,4,S37,0,switch,0,51645,103,0,0,10,203.508,0,25.877,14.8246,0
10,enqueue_residual,4,S37,0,switch,0,51645,103,0,0,10,203.508,0,0,14.8246,0
10,allocate_send_arrival,4,S37,0,switch,0,51643,35,0,0,10,203.508,0,25.877,14.8246,0
10,enqueue_residual,4,S37,0,switch,0,51643,35,0,0,10,203.508,0,0,14.8246,0
10,allocate_send_arrival,4,S37,0,switch,0,51653,15,0,0,10,203.508,0,25.877,15.1844,0
10,enqueue_residual,4,S37,0,switch,0,51653,15,0,0,10,203.508,0,0,15.1844,0
10,allocate_send_arrival,17,S35,1,switch,56,51643,35,0,0,10,252.252,0,40.7016,0,0
10,allocate_send_arrival,17,S35,1,switch,56,51640,34,0,0,10,252.252,0,40.7016,0,0
10,allocate_send_arrival,7,S45,2,switch,61,51653,15,0,0,10,100.666,0,40.7016,0,0
10,allocate_send_arrival,3,S27,0,switch,0,51642,6,0,0,10,119.129,0,3.27605,0,0
10,allocate_send_arrival,3,S27,0,switch,0,51655,120,0,0,10,119.129,0,15.853,44.3001,0
10,enqueue_residual,3,S27,0,switch,0,51655,120,0,0,10,119.129,0,0,44.3001,0
10,allocate_send_arrival,52,S30,2,switch,54,51654,104,0,0,10,164.752,0,62.5,0,0
10,allocate_send_arrival,60,S44,0,switch,18,51655,120,0,0,10,203.923,0,59.5645,0,0
10,allocate_send_arrival,6,S02,0,switch,1,51649,12,0,0,10,138.732,0,39.932,0,0
10,allocate_send_arrival,28,S12,1,switch,29,51646,57,0,0,10,167.904,0,62.5,0,0
10,allocate_send_arrival,48,S50,3,switch,10,51641,96,0,0,10,118.54,0,39.932,0,0
10,allocate_send_arrival,29,S13,5,switch,31,51646,57,0,0,10,131.191,0,62.5,0,0
10,allocate_send_arrival,1,S01,0,switch,0,51649,12,0,0,10,159.728,0,14.932,25,0
10,enqueue_residual,1,S01,0,switch,0,51649,12,0,0,10,159.728,0,0,25,0
10,allocate_send_arrival,1,S01,0,switch,0,51647,21,0,0,10,159.728,0,14.932,25,0
10,enqueue_residual,1,S01,0,switch,0,51647,21,0,0,10,159.728,0,0,25,0
10,allocate_send_arrival,1,S01,0,switch,0,51650,20,0,0,10,159.728,0,14.932,25,0
10,enqueue_residual,1,S01,0,switch,0,51650,20,0,0,10,159.728,0,0,25,0
10,allocate_send_arrival,1,S01,0,switch,0,51641,96,0,0,10,159.728,0,14.932,25,0
10,enqueue_residual,1,S01,0,switch,0,51641,96,0,0,10,159.728,0,0,25,0
10,allocate_send_arrival,43,S22,0,switch,0,51651,87,0,0,10,203.304,0,62.5,0,0
10,allocate_send_arrival,57,S47,1,switch,50,51652,122,0,0,10,259.289,0,40.7016,0,0
10,allocate_send_arrival,57,S47,1,switch,50,51645,103,0,0,10,259.289,0,40.7016,0,0
10,allocate_send_arrival,57,S47,1,switch,50,51653,15,0,0,10,259.289,0,40.7016,0,0
10,allocate_send_arrival,51,S48,0,switch,57,51645,103,0,0,10,201.033,0,40.7016,0,0
10,allocate_send_arrival,31,S62,3,switch,5,51646,57,0,0,10,238.676,0,62.5,0,0
10,allocate_send_arrival,14,S58,4,switch,5,51644,28,0,0,10,193.819,0,62.5,0,0
10,allocate_send_arrival,14,S58,4,switch,5,51648,125,0,0,10,193.819,0,62.5,0,0
10,allocate_send_arrival,38,S42,0,switch,42,51655,120,0,0,10,176.64,0,59.5645,0,0
10,allocate_send_arrival,0,S00,5,terminal,0,51642,6,0,0,10,1000,0,19.129,0,0
10,allocate_send_arrival,0,S00,5,terminal,0,51652,122,0,0,10,1000,0,52.4052,0,0
10,allocate_send_arrival,0,S00,5,terminal,0,51654,104,0,0,10,1000,0,62.5518,0,0
10,allocate_send_arrival,0,S00,5,terminal,0,51653,15,0,0,10,1000,0,88.998,0,0
10,allocate_send_arrival,0,S00,5,terminal,0,51641,96,0,0,10,1000,0,39.932,0,0
10,allocate_send_arrival,0,S00,5,terminal,0,51655,120,0,0,10,1000,0,100,0,0
10,allocate_send_arrival,0,S00,5,terminal,0,51649,12,0,0,10,1000,0,39.932,0,0
10,allocate_send_arrival,0,S00,5,terminal,0,51646,57,0,0,10,1000,0,94.7155,0,0
10,allocate_send_arrival,0,S00,5,terminal,0,51650,20,0,0,10,1000,0,39.932,0,0
10,allocate_send_arrival,0,S00,5,terminal,0,51648,125,0,0,10,1000,0,94.5166,0,0
10,allocate_send_arrival,0,S00,5,terminal,0,51651,87,0,0,10,1000,0,62.5,0,0
10,allocate_send_arrival,0,S00,5,terminal,0,51644,28,0,0,10,1000,0,70.4469,0,0
10,allocate_send_arrival,0,S00,5,terminal,0,51647,21,0,0,10,1000,0,39.932,0,0
10,allocate_send_arrival,0,S00,5,terminal,0,51643,35,0,0,10,1000,0,20.7016,0,0
10,allocate_send_arrival,0,S00,5,terminal,0,51640,34,0,0,10,1000,0,20.7016,0,0
10,allocate_send_arrival,0,S00,5,terminal,0,51645,103,0,0,10,1000,0,20.7016,0,0
10,allocate_send_arrival,18,S43,0,switch,38,51655,120,0,0,10,157.659,0,59.5645,0,0
10,allocate_send_arrival,42,S20,2,switch,3,51655,120,0,0,10,251.806,0,59.5645,0,0
10,allocate_send_arrival,54,S31,1,switch,37,51654,104,0,0,10,242.335,0,62.5,0,0
10,allocate_send_arrival,37,S32,0,switch,0,51654,104,0,0,10,103.31,0,62.5,0,0
10,allocate_send_arrival,34,S57,2,switch,14,51648,125,0,0,10,113.541,0,62.5,0,0
10,allocate_send_arrival,61,S46,1,switch,57,51653,15,0,0,10,199.213,0,40.7016,0,0
10,allocate_send_arrival,61,S46,1,switch,57,51652,122,0,0,10,199.213,0,40.7016,0,0
10,allocate_send_arrival,50,S38,2,switch,4,51653,15,0,0,10,290.506,0,40.7016,0,0
10,allocate_send_arrival,50,S38,2,switch,4,51645,103,0,0,10,290.506,0,40.7016,0,0
10,allocate_send_arrival,50,S38,2,switch,4,51652,122,0,0,10,290.506,0,40.7016,0,0
11,allocate_send_buffered,3,S27,0,switch,0,51655,120,0,0,11,119.129,44.3001,44.3001,0,0
11,allocate_send_buffered,4,S37,0,switch,0,51652,122,0,0,11,203.508,59.6582,14.8246,0,0
11,allocate_send_buffered,4,S37,0,switch,0,51645,103,0,0,11,203.508,59.6582,14.8246,0,0
11,allocate_send_buffered,4,S37,0,switch,0,51643,35,0,0,11,203.508,59.6582,14.8246,0,0
11,allocate_send_buffered,4,S37,0,switch,0,51653,15,0,0,11,203.508,59.6582,15.1844,0,0
11,allocate_send_buffered,56,S36,2,switch,4,51643,35,0,0,11,112.305,28.7955,28.7955,0,0
11,allocate_send_buffered,1,S01,0,switch,0,51649,12,0,0,11,159.728,100,25,0,0
11,allocate_send_buffered,1,S01,0,switch,0,51647,21,0,0,11,159.728,100,25,0,0
11,allocate_send_buffered,1,S01,0,switch,0,51650,20,0,0,11,159.728,100,25,0,0
11,allocate_send_buffered,1,S01,0,switch,0,51641,96,0,0,11,159.728,100,25,0,0
11,stage_arrival,7,S45,2,switch,61,51653,15,0,0,11,100.666,0,0,40.7016,0
11,stage_arrival,34,S57,2,switch,14,51648,125,0,0,11,113.541,0,0,62.5,0
11,stage_arrival,3,S27,0,switch,0,51642,6,0,0,11,119.129,0,0,59.5645,0
11,stage_arrival,0,S00,5,terminal,0,51650,20,0,0,11,1000,0,0,25,0
11,stage_arrival,17,S35,1,switch,56,51643,35,0,0,11,252.252,0,0,40.7016,0
11,stage_arrival,0,S00,5,terminal,0,51645,103,0,0,11,1000,0,0,25.877,0
11,stage_arrival,57,S47,1,switch,50,51653,15,0,0,11,259.289,0,0,40.7016,0
11,stage_arrival,10,S61,0,switch,1,51647,21,0,0,11,227.172,25.6638,0,39.932,0
11,stage_arrival,62,S56,1,switch,34,51648,125,0,0,11,238.377,0,0,62.5,0
11,stage_arrival,4,S37,0,switch,0,51640,34,0,0,11,203.508,0,0,42.9972,0
11,stage_arrival,61,S46,1,switch,57,51653,15,0,0,11,199.213,0,0,40.7016,0
11,stage_arrival,50,S38,2,switch,4,51645,103,0,0,11,290.506,0,0,40.7016,0
11,stage_arrival,56,S36,2,switch,4,51640,34,0,0,11,112.305,0,0,40.7016,0
11,stage_arrival,61,S46,1,switch,57,51652,122,0,0,11,199.213,0,0,40.7016,0
11,stage_arrival,0,S00,5,terminal,0,51644,28,0,0,11,1000,0,0,62.5,0
11,stage_arrival,0,S00,5,terminal,0,51653,15,0,0,11,1000,0,0,25.877,0
11,stage_arrival,1,S01,0,switch,0,51647,21,0,0,11,159.728,0,0,39.932,0
11,stage_arrival,4,S37,0,switch,0,51653,15,0,0,11,203.508,0,0,40.7016,0
11,stage_arrival,0,S00,5,terminal,0,51642,6,0,0,11,1000,0,0,50,0
11,stage_arrival,0,S00,5,terminal,0,51646,57,0,0,11,1000,0,0,62.5536,0
11,stage_arrival,0,S00,5,terminal,0,51655,120,0,0,11,1000,0,0,15.853,0
11,stage_arrival,18,S43,0,switch,38,51655,120,0,0,11,157.659,0,0,59.5645,0
11,stage_arrival_coalesce,0,S00,5,terminal,0,51655,120,0,0,11,1000,0,0,65.853,0
11,stage_arrival_coalesce,0,S00,5,terminal,0,51645,103,0,0,11,1000,0,0,45.936,0
11,stage_arrival,31,S62,3,switch,5,51646,57,0,0,11,238.676,0,0,62.5,0
11,stage_arrival,0,S00,5,terminal,0,51649,12,0,0,11,1000,0,0,25,0
11,stage_arrival,0,S00,5,terminal,0,51640,34,0,0,11,1000,0,0,29.2984,0
11,stage_arrival,0,S00,5,terminal,0,51647,21,0,0,11,1000,0,0,25,0
11,stage_arrival,17,S35,1,switch,56,51640,34,0,0,11,252.252,0,0,40.7016,0
11,stage_arrival,0,S00,5,terminal,0,51651,87,0,0,11,1000,0,0,62.5,0
11,stage_arrival,28,S12,1,switch,29,51646,57,0,0,11,167.904,0,0,62.5,0
11,stage_arrival,0,S00,5,terminal,0,51654,104,0,0,11,1000,0,0,62.5,0
11,stage_arrival,14,S58,4,switch,5,51644,28,0,0,11,193.819,0,0,62.5,0
11,stage_arrival,48,S50,3,switch,10,51641,96,0,0,11,118.54,0,0,39.932,0
11,stage_arrival,5,S63,0,switch,0,51644,28,0,0,11,259.679,0,0,62.5,0
11,stage_arrival,5,S63,0,switch,0,51646,57,0,0,11,259.679,0,0,62.5,0
11,stage_arrival,56,S36,2,switch,4,51643,35,0,0,11,112.305,0,0,40.7016,0
11,stage_arrival,10,S61,0,switch,1,51650,20,0,0,11,227.172,25.6638,0,39.932,0
11,stage_arrival_coalesce,0,S00,5,terminal,0,51650,20,0,0,11,1000,0,0,39.932,0
11,stage_arrival,0,S00,5,terminal,0,51648,125,0,0,11,1000,0,0,62.5536,0
11,stage_arrival_coalesce,0,S00,5,terminal,0,51644,28,0,0,11,1000,0,0,63.8767,0
11,stage_arrival,50,S38,2,switch,4,51653,15,0,0,11,290.506,0,0,40.7016,0
11,stage_arrival,43,S22,0,switch,0,51651,87,0,0,11,203.304,0,0,62.5,0
11,stage_arrival,5,S63,0,switch,0,51648,125,0,0,11,259.679,0,0,62.5,0
11,stage_arrival,42,S20,2,switch,3,51655,120,0,0,11,251.806,0,0,59.5645,0
11,stage_arrival_coalesce,0,S00,5,terminal,0,51653,15,0,0,11,1000,0,0,56.4606,0
11,stage_arrival,0,S00,5,terminal,0,51652,122,0,0,11,1000,0,0,20.059,0
11,stage_arrival,6,S02,0,switch,1,51649,12,0,0,11,138.732,0,0,39.932,0
11,stage_arrival,50,S38,2,switch,4,51652,122,0,0,11,290.506,0,0,40.7016,0
11,stage_arrival,4,S37,0,switch,0,51652,122,0,0,11,203.508,0,0,40.7016,0
11,stage_arrival,3,S27,0,switch,0,51655,120,0,0,11,119.129,0,0,59.5645,0
11,stage_arrival,38,S42,0,switch,42,51655,120,0,0,11,176.64,0,0,59.5645,0
11,stage_arrival_coalesce,0,S00,5,terminal,0,51652,122,0,0,11,1000,0,0,45.936,0
11,stage_arrival,10,S61,0,switch,1,51641,96,0,0,11,227.172,25.6638,0,39.932,0
11,stage_arrival,0,S00,5,terminal,0,51641,96,0,0,11,1000,0,0,25,0
11,stage_arrival_coalesce,0,S00,5,terminal,0,51649,12,0,0,11,1000,0,0,39.932,0
11,stage_arrival,1,S01,0,switch,0,51641,96,0,0,11,159.728,0,0,39.932,0
11,stage_arrival,29,S13,5,switch,31,51646,57,0,0,11,131.191,0,0,62.5,0
11,stage_arrival,37,S32,0,switch,0,51654,104,0,0,11,103.31,0,0,62.5,0
11,stage_arrival,57,S47,1,switch,50,51645,103,0,0,11,259.289,0,0,40.7016,0
11,stage_arrival_coalesce,0,S00,5,terminal,0,51641,96,0,0,11,1000,0,0,39.932,0
11,stage_arrival,57,S47,1,switch,50,51652,122,0,0,11,259.289,0,0,40.7016,0
11,stage_arrival,1,S01,0,switch,0,51649,12,0,0,11,159.728,0,0,39.932,0
11,stage_arrival_coalesce,0,S00,5,terminal,0,51642,6,0,0,11,1000,0,0,53.276,0
11,stage_arrival,60,S44,0,switch,18,51655,120,0,0,11,203.923,0,0,59.5645,0
11,stage_arrival_coalesce,0,S00,5,terminal,0,51647,21,0,0,11,1000,0,0,39.932,0
11,stage_arrival,52,S30,2,switch,54,51654,104,0,0,11,164.752,0,0,62.5,0
11,stage_arrival,0,S00,5,terminal,0,51643,35,0,0,11,1000,0,0,25.877,0
11,stage_arrival,54,S31,1,switch,37,51654,104,0,0,11,242.335,0,0,62.5,0
11,stage_arrival,14,S58,4,switch,5,51648,125,0,0,11,193.819,0,0,62.5,0
11,stage_arrival_coalesce,0,S00,5,terminal,0,51648,125,0,0,11,1000,0,0,72.9497,0
11,stage_arrival,51,S48,0,switch,57,51645,103,0,0,11,201.033,0,0,40.7016,0
11,stage_arrival,4,S37,0,switch,0,51643,35,0,0,11,203.508,0,0,69.3078,0
11,stage_arrival_coalesce,0,S00,5,terminal,0,51646,57,0,0,11,1000,0,0,72.9497,0
11,stage_arrival,1,S01,0,switch,0,51650,20,0,0,11,159.728,0,0,39.932,0
11,stage_arrival,4,S37,0,switch,0,51645,103,0,0,11,203.508,0,0,40.7016,0
11,allocate_send_arrival,62,S56,1,switch,34,51648,125,0,0,11,238.377,0,62.5,0,0
11,allocate_send_arrival,42,S20,2,switch,3,51655,120,0,0,11,251.806,0,59.5645,0,0
11,allocate_send_arrival,31,S62,3,switch,5,51646,57,0,0,11,238.676,0,62.5,0,0
11,allocate_send_arrival,1,S01,0,switch,0,51647,21,0,0,11,159.728,0,14.932,25,0
11,enqueue_residual,1,S01,0,switch,0,51647,21,0,0,11,159.728,0,0,25,0
11,allocate_send_arrival,1,S01,0,switch,0,51641,96,0,0,11,159.728,0,14.932,25,0
11,enqueue_residual,1,S01,0,switch,0,51641,96,0,0,11,159.728,0,0,25,0
11,allocate_send_arrival,1,S01,0,switch,0,51649,12,0,0,11,159.728,0,14.932,25,0
11,enqueue_residual,1,S01,0,switch,0,51649,12,0,0,11,159.728,0,0,25,0
11,allocate_send_arrival,1,S01,0,switch,0,51650,20,0,0,11,159.728,0,14.932,25,0
11,enqueue_residual,1,S01,0,switch,0,51650,20,0,0,11,159.728,0,0,25,0
11,allocate_send_arrival,14,S58,4,switch,5,51644,28,0,0,11,193.819,0,62.5,0,0
11,allocate_send_arrival,14,S58,4,switch,5,51648,125,0,0,11,193.819,0,62.5,0,0
11,allocate_send_arrival,34,S57,2,switch,14,51648,125,0,0,11,113.541,0,62.5,0,0
11,allocate_send_arrival,5,S63,0,switch,0,51644,28,0,0,11,259.679,0,62.5,0,0
11,allocate_send_arrival,5,S63,0,switch,0,51646,57,0,0,11,259.679,0,62.5,0,0
11,allocate_send_arrival,5,S63,0,switch,0,51648,125,0,0,11,259.679,0,62.5,0,0
11,allocate_send_arrival,38,S42,0,switch,42,51655,120,0,0,11,176.64,0,59.5645,0,0
11,allocate_send_arrival,10,S61,0,switch,1,51647,21,0,0,11,227.172,25.6638,39.932,0,0
11,allocate_send_arrival,10,S61,0,switch,1,51650,20,0,0,11,227.172,25.6638,39.932,0,0
11,allocate_send_arrival,10,S61,0,switch,1,51641,96,0,0,11,227.172,25.6638,39.932,0,0
11,allocate_send_arrival,60,S44,0,switch,18,51655,120,0,0,11,203.923,0,59.5645,0,0
11,allocate_send_arrival,50,S38,2,switch,4,51645,103,0,0,11,290.506,0,40.7016,0,0
11,allocate_send_arrival,50,S38,2,switch,4,51653,15,0,0,11,290.506,0,40.7016,0,0
11,allocate_send_arrival,50,S38,2,switch,4,51652,122,0,0,11,290.506,0,40.7016,0,0
11,allocate_send_arrival,54,S31,1,switch,37,51654,104,0,0,11,242.335,0,62.5,0,0
11,allocate_send_arrival,0,S00,5,terminal,0,51650,20,0,0,11,1000,0,39.932,0,0
11,allocate_send_arrival,0,S00,5,terminal,0,51645,103,0,0,11,1000,0,45.936,0,0
11,allocate_send_arrival,0,S00,5,terminal,0,51644,28,0,0,11,1000,0,63.8767,0,0
11,allocate_send_arrival,0,S00,5,terminal,0,51653,15,0,0,11,1000,0,56.4606,0,0
11,allocate_send_arrival,0,S00,5,terminal,0,51642,6,0,0,11,1000,0,53.276,0,0
11,allocate_send_arrival,0,S00,5,terminal,0,51646,57,0,0,11,1000,0,72.9497,0,0
11,allocate_send_arrival,0,S00,5,terminal,0,51655,120,0,0,11,1000,0,65.853,0,0
11,allocate_send_arrival,0,S00,5,terminal,0,51649,12,0,0,11,1000,0,39.932,0,0
11,allocate_send_arrival,0,S00,5,terminal,0,51640,34,0,0,11,1000,0,29.2984,0,0
11,allocate_send_arrival,0,S00,5,terminal,0,51647,21,0,0,11,1000,0,39.932,0,0
11,allocate_send_arrival,0,S00,5,terminal,0,51651,87,0,0,11,1000,0,62.5,0,0
11,allocate_send_arrival,0,S00,5,terminal,0,51654,104,0,0,11,1000,0,62.5,0,0
11,allocate_send_arrival,0,S00,5,terminal,0,51648,125,0,0,11,1000,0,72.9497,0,0
11,allocate_send_arrival,0,S00,5,terminal,0,51652,122,0,0,11,1000,0,45.936,0,0
11,allocate_send_arrival,0,S00,5,terminal,0,51641,96,0,0,11,1000,0,39.932,0,0
11,allocate_send_arrival,0,S00,5,terminal,0,51643,35,0,0,11,1000,0,25.877,0,0
11,allocate_send_arrival,51,S48,0,switch,57,51645,103,0,0,11,201.033,0,40.7016,0,0
11,allocate_send_arrival,37,S32,0,switch,0,51654,104,0,0,11,103.31,0,62.5,0,0
11,allocate_send_arrival,4,S37,0,switch,0,51640,34,0,0,11,203.508,0,28.77,14.2272,0
11,enqueue_residual,4,S37,0,switch,0,51640,34,0,0,11,203.508,0,0,14.2272,0
11,allocate_send_arrival,4,S37,0,switch,0,51653,15,0,0,11,203.508,0,28.77,11.9316,0
11,enqueue_residual,4,S37,0,switch,0,51653,15,0,0,11,203.508,0,0,11.9316,0
11,allocate_send_arrival,4,S37,0,switch,0,51652,122,0,0,11,203.508,0,28.77,11.9316,0
11,enqueue_residual,4,S37,0,switch,0,51652,122,0,0,11,203.508,0,0,11.9316,0
11,allocate_send_arrival,4,S37,0,switch,0,51643,35,0,0,11,203.508,0,28.77,40.5379,0
11,enqueue_residual,4,S37,0,switch,0,51643,35,0,0,11,203.508,0,0,40.5379,0
11,allocate_send_arrival,4,S37,0,switch,0,51645,103,0,0,11,203.508,0,28.77,11.9316,0
11,enqueue_residual,4,S37,0,switch,0,51645,103,0,0,11,203.508,0,0,11.9316,0
11,allocate_send_arrival,3,S27,0,switch,0,51642,6,0,0,11,119.129,0,37.4144,22.1501,0
11,enqueue_residual,3,S27,0,switch,0,51642,6,0,0,11,119.129,0,0,22.1501,0
11,allocate_send_arrival,3,S27,0,switch,0,51655,120,0,0,11,119.129,0,37.4144,22.1501,0
11,enqueue_residual,3,S27,0,switch,0,51655,120,0,0,11,119.129,0,0,22.1501,0
11,allocate_send_arrival,48,S50,3,switch,10,51641,96,0,0,11,118.54,0,39.932,0,0
11,allocate_send_arrival,17,S35,1,switch,56,51643,35,0,0,11,252.252,0,40.7016,0,0
11,allocate_send_arrival,17,S35,1,switch,56,51640,34,0,0,11,252.252,0,40.7016,0,0
11,allocate_send_arrival,18,S43,0,switch,38,51655,120,0,0,11,157.659,0,59.5645,0,0
11,allocate_send_arrival,56,S36,2,switch,4,51640,34,0,0,11,112.305,0,40.7016,0,0
11,allocate_send_arrival,56,S36,2,switch,4,51643,35,0,0,11,112.305,0,40.7016,0,0
11,allocate_send_arrival,57,S47,1,switch,50,51653,15,0,0,11,259.289,0,40.7016,0,0
11,allocate_send_arrival,57,S47,1,switch,50,51645,103,0,0,11,259.289,0,40.7016,0,0
11,allocate_send_arrival,57,S47,1,switch,50,51652,122,0,0,11,259.289,0,40.7016,0,0
11,allocate_send_arrival,7,S45,2,switch,61,51653,15,0,0,11,100.666,0,40.7016,0,0
11,allocate_send_arrival,52,S30,2,switch,54,51654,104,0,0,11,164.752,0,62.5,0,0
11,allocate_send_arrival,43,S22,0,switch,0,51651,87,0,0,11,203.304,0,62.5,0,0
11,allocate_send_arrival,61,S46,1,switch,57,51653,15,0,0,11,199.213,0,40.7016,0,0
11,allocate_send_arrival,61,S46,1,switch,57,51652,122,0,0,11,199.213,0,40.7016,0,0
11,allocate_send_arrival,6,S02,0,switch,1,51649,12,0,0,11,138.732,0,39.932,0,0
11,allocate_send_arrival,29,S13,5,switch,31,51646,57,0,0,11,131.191,0,62.5,0,0
11,allocate_send_arrival,28,S12,1,switch,29,51646,57,0,0,11,167.904,0,62.5,0,0
12,allocate_send_buffered,1,S01,0,switch,0,51647,21,0,0,12,159.728,100,25,0,0
12,allocate_send_buffered,1,S01,0,switch,0,51641,96,0,0,12,159.728,100,25,0,0
12,allocate_send_buffered,1,S01,0,switch,0,51649,12,0,0,12,159.728,100,25,0,0
12,allocate_send_buffered,1,S01,0,switch,0,51650,20,0,0,12,159.728,100,25,0,0
12,allocate_send_buffered,3,S27,0,switch,0,51642,6,0,0,12,119.129,44.3001,22.1501,0,0
12,allocate_send_buffered,3,S27,0,switch,0,51655,120,0,0,12,119.129,44.3001,22.1501,0,0
12,allocate_send_buffered,4,S37,0,switch,0,51640,34,0,0,12,203.508,90.56,14.2272,0,0
12,allocate_send_buffered,4,S37,0,switch,0,51653,15,0,0,12,203.508,90.56,11.9316,0,0
12,allocate_send_buffered,4,S37,0,switch,0,51652,122,0,0,12,203.508,90.56,11.9316,0,0
12,allocate_send_buffered,4,S37,0,switch,0,51643,35,0,0,12,203.508,90.56,40.5379,7.27596e-15,0
12,allocate_send_buffered,4,S37,0,switch,0,51645,103,0,0,12,203.508,90.56,11.9316,0,0
12,stage_arrival,61,S46,1,switch,57,51653,15,0,0,12,199.213,0,0,40.7016,0
12,stage_arrival,29,S13,5,switch,31,51646,57,0,0,12,131.191,0,0,62.5,0
12,stage_arrival,0,S00,5,terminal,0,51652,122,0,0,12,1000,0,0,14.8246,0
12,stage_arrival,0,S00,5,terminal,0,51646,57,0,0,12,1000,0,0,62.5,0
12,stage_arrival,38,S42,0,switch,42,51655,120,0,0,12,176.64,0,0,59.5645,0
12,stage_arrival,0,S00,5,terminal,0,51653,15,0,0,12,1000,0,0,15.1844,0
12,stage_arrival,0,S00,5,terminal,0,51650,20,0,0,12,1000,0,0,14.932,0
12,stage_arrival,0,S00,5,terminal,0,51655,120,0,0,12,1000,0,0,44.3001,0
12,stage_arrival,0,S00,5,terminal,0,51645,103,0,0,12,1000,0,0,14.8246,0
12,stage_arrival,0,S00,5,terminal,0,51641,96,0,0,12,1000,0,0,14.932,0
12,stage_arrival,48,S50,3,switch,10,51641,96,0,0,12,118.54,0,0,39.932,0
12,stage_arrival,51,S48,0,switch,57,51645,103,0,0,12,201.033,0,0,40.7016,0
12,stage_arrival,50,S38,2,switch,4,51653,15,0,0,12,290.506,0,0,40.7016,0
12,stage_arrival,10,S61,0,switch,1,51647,21,0,0,12,227.172,25.6638,0,39.932,0
12,stage_arrival,0,S00,5,terminal,0,51644,28,0,0,12,1000,0,0,62.5,0
12,stage_arrival,1,S01,0,switch,0,51650,20,0,0,12,159.728,0,0,39.932,0
12,stage_arrival,4,S37,0,switch,0,51652,122,0,0,12,203.508,0,0,40.7016,0
12,stage_arrival,14,S58,4,switch,5,51644,28,0,0,12,193.819,0,0,62.5,0
12,stage_arrival,37,S32,0,switch,0,51654,104,0,0,12,103.31,0,0,62.5,0
12,stage_arrival,7,S45,2,switch,61,51653,15,0,0,12,100.666,0,0,40.7016,0
12,stage_arrival_coalesce,0,S00,5,terminal,0,51641,96,0,0,12,1000,0,0,39.932,0
12,stage_arrival,0,S00,5,terminal,0,51651,87,0,0,12,1000,0,0,62.5,0
12,stage_arrival_coalesce,0,S00,5,terminal,0,51645,103,0,0,12,1000,0,0,43.5946,0
12,stage_arrival,54,S31,1,switch,37,51654,104,0,0,12,242.335,0,0,62.5,0
12,stage_arrival,0,S00,5,terminal,0,51643,35,0,0,12,1000,0,0,28.77,0
12,stage_arrival,1,S01,0,switch,0,51641,96,0,0,12,159.728,0,0,39.932,0
12,stage_arrival,0,S00,5,terminal,0,51654,104,0,0,12,1000,0,0,62.5,0
12,stage_arrival,4,S37,0,switch,0,51645,103,0,0,12,203.508,0,0,40.7016,0
12,stage_arrival,1,S01,0,switch,0,51649,12,0,0,12,159.728,0,0,39.932,0
12,stage_arrival,10,S61,0,switch,1,51650,20,0,0,12,227.172,25.6638,0,39.932,0
12,stage_arrival,0,S00,5,terminal,0,51647,21,0,0,12,1000,0,0,25,0
12,stage_arrival,34,S57,2,switch,14,51648,125,0,0,12,113.541,0,0,62.5,0
12,stage_arrival,0,S00,5,terminal,0,51648,125,0,0,12,1000,0,0,62.5,0
12,stage_arrival,50,S38,2,switch,4,51645,103,0,0,12,290.506,0,0,40.7016,0
12,stage_arrival,57,S47,1,switch,50,51652,122,0,0,12,259.289,0,0,40.7016,0
12,stage_arrival,4,S37,0,switch,0,51643,35,0,0,12,203.508,0,0,40.7016,0
12,stage_arrival,14,S58,4,switch,5,51648,125,0,0,12,193.819,0,0,62.5,0
12,stage_arrival,5,S63,0,switch,0,51648,125,0,0,12,259.679,0,0,62.5,0
12,stage_arrival,28,S12,1,switch,29,51646,57,0,0,12,167.904,0,0,62.5,0
12,stage_arrival,31,S62,3,switch,5,51646,57,0,0,12,238.676,0,0,62.5,0
12,stage_arrival,10,S61,0,switch,1,51641,96,0,0,12,227.172,25.6638,0,39.932,0
12,stage_arrival,43,S22,0,switch,0,51651,87,0,0,12,203.304,0,0,62.5,0
12,stage_arrival,4,S37,0,switch,0,51653,15,0,0,12,203.508,0,0,40.7016,0
12,stage_arrival,0,S00,5,terminal,0,51640,34,0,0,12,1000,0,0,28.77,0
12,stage_arrival,17,S35,1,switch,56,51643,35,0,0,12,252.252,0,0,40.7016,0
12,stage_arrival,57,S47,1,switch,50,51645,103,0,0,12,259.289,0,0,40.7016,0
12,stage_arrival,57,S47,1,switch,50,51653,15,0,0,12,259.289,0,0,40.7016,0
12,stage_arrival,60,S44,0,switch,18,51655,120,0,0,12,203.923,0,0,59.5645,0
12,stage_arrival,18,S43,0,switch,38,51655,120,0,0,12,157.659,0,0,59.5645,0
12,stage_arrival,50,S38,2,switch,4,51652,122,0,0,12,290.506,0,0,40.7016,0
12,stage_arrival_coalesce,0,S00,5,terminal,0,51652,122,0,0,12,1000,0,0,43.5946,0
12,stage_arrival_coalesce,0,S00,5,terminal,0,51650,20,0,0,12,1000,0,0,39.932,0
12,stage_arrival,62,S56,1,switch,34,51648,125,0,0,12,238.377,0,0,62.5,0
12,stage_arrival,56,S36,2,switch,4,51640,34,0,0,12,112.305,0,0,40.7016,0
12,stage_arrival,56,S36,2,switch,4,51643,35,0,0,12,112.305,0,0,40.7016,0
12,stage_arrival,5,S63,0,switch,0,51644,28,0,0,12,259.679,0,0,62.5,0
12,stage_arrival_coalesce,0,S00,5,terminal,0,51647,21,0,0,12,1000,0,0,39.932,0
12,stage_arrival_coalesce,0,S00,5,terminal,0,51655,120,0,0,12,1000,0,0,81.7146,0
12,stage_arrival,3,S27,0,switch,0,51642,6,0,0,12,119.129,0,0,59.5645,0
12,stage_arrival,0,S00,5,terminal,0,51642,6,0,0,12,1000,0,0,37.4144,0
12,stage_arrival,5,S63,0,switch,0,51646,57,0,0,12,259.679,0,0,62.5,0
12,stage_arrival,3,S27,0,switch,0,51655,120,0,0,12,119.129,0,0,59.5645,0
12,stage_arrival,17,S35,1,switch,56,51640,34,0,0,12,252.252,0,0,40.7016,0
12,stage_arrival,1,S01,0,switch,0,51647,21,0,0,12,159.728,0,0,39.932,0
12,stage_arrival_coalesce,0,S00,5,terminal,0,51643,35,0,0,12,1000,0,0,43.5946,0
12,stage_arrival,61,S46,1,switch,57,51652,122,0,0,12,199.213,0,0,40.7016,0
12,stage_arrival,42,S20,2,switch,3,51655,120,0,0,12,251.806,0,0,59.5645,0
12,stage_arrival_coalesce,4,S37,0,switch,0,51643,35,0,0,12,203.508,0,0,69.4971,0
12,stage_arrival,4,S37,0,switch,0,51640,34,0,0,12,203.508,0,0,40.7016,0
12,stage_arrival,0,S00,5,terminal,0,51649,12,0,0,12,1000,0,0,14.932,0
12,stage_arrival,52,S30,2,switch,54,51654,104,0,0,12,164.752,0,0,62.5,0
12,stage_arrival,6,S02,0,switch,1,51649,12,0,0,12,138.732,0,0,39.932,0
12,stage_arrival_coalesce,0,S00,5,terminal,0,51649,12,0,0,12,1000,0,0,39.932,0
12,stage_arrival_coalesce,0,S00,5,terminal,0,51653,15,0,0,12,1000,0,0,43.9543,0
12,allocate_send_arrival,4,S37,0,switch,0,51652,122,0,0,12,203.508,0,22.5896,18.112,0
12,enqueue_residual,4,S37,0,switch,0,51652,122,0,0,12,203.508,0,0,18.112,0
12,allocate_send_arrival,4,S37,0,switch,0,51645,103,0,0,12,203.508,0,22.5896,18.112,0
12,enqueue_residual,4,S37,0,switch,0,51645,103,0,0,12,203.508,0,0,18.112,0
12,allocate_send_arrival,4,S37,0,switch,0,51643,35,0,0,12,203.508,0,22.5896,46.9075,0
12,enqueue_residual,4,S37,0,switch,0,51643,35,0,0,12,203.508,0,0,46.9075,0
12,allocate_send_arrival,4,S37,0,switch,0,51653,15,0,0,12,203.508,0,22.5896,18.112,0
12,enqueue_residual,4,S37,0,switch,0,51653,15,0,0,12,203.508,0,0,16.8685,0
12,drop_shared_buffer_overflow,4,S37,0,switch,0,51653,15,0,0,12,203.508,0,0,0,1.24346
12,allocate_send_arrival,4,S37,0,switch,0,51640,34,0,0,12,203.508,0,22.5896,18.112,0
12,drop_shared_buffer_overflow,4,S37,0,switch,0,51640,34,0,0,12,203.508,0,0,0,18.112
12,allocate_send_arrival,51,S48,0,switch,57,51645,103,0,0,12,201.033,0,40.7016,0,0
12,allocate_send_arrival,54,S31,1,switch,37,51654,104,0,0,12,242.335,0,62.5,0,0
12,allocate_send_arrival,52,S30,2,switch,54,51654,104,0,0,12,164.752,0,62.5,0,0
12,allocate_send_arrival,0,S00,5,terminal,0,51652,122,0,0,12,1000,0,43.5946,0,0
12,allocate_send_arrival,0,S00,5,terminal,0,51646,57,0,0,12,1000,0,62.5,0,0
12,allocate_send_arrival,0,S00,5,terminal,0,51653,15,0,0,12,1000,0,43.9543,0,0
12,allocate_send_arrival,0,S00,5,terminal,0,51650,20,0,0,12,1000,0,39.932,0,0
12,allocate_send_arrival,0,S00,5,terminal,0,51655,120,0,0,12,1000,0,81.7146,1.74623e-13,0
12,allocate_send_arrival,0,S00,5,terminal,0,51645,103,0,0,12,1000,0,43.5946,0,0
12,allocate_send_arrival,0,S00,5,terminal,0,51641,96,0,0,12,1000,0,39.932,0,0
12,allocate_send_arrival,0,S00,5,terminal,0,51644,28,0,0,12,1000,0,62.5,0,0
12,allocate_send_arrival,0,S00,5,terminal,0,51651,87,0,0,12,1000,0,62.5,0,0
12,allocate_send_arrival,0,S00,5,terminal,0,51643,35,0,0,12,1000,0,43.5946,0,0
12,allocate_send_arrival,0,S00,5,terminal,0,51654,104,0,0,12,1000,0,62.5,0,0
12,allocate_send_arrival,0,S00,5,terminal,0,51647,21,0,0,12,1000,0,39.932,0,0
12,allocate_send_arrival,0,S00,5,terminal,0,51648,125,0,0,12,1000,0,62.5,0,0
12,allocate_send_arrival,0,S00,5,terminal,0,51640,34,0,0,12,1000,0,28.77,0,0
12,allocate_send_arrival,0,S00,5,terminal,0,51642,6,0,0,12,1000,0,37.4144,0,0
12,allocate_send_arrival,0,S00,5,terminal,0,51649,12,0,0,12,1000,0,39.932,0,0
12,allocate_send_arrival,62,S56,1,switch,34,51648,125,0,0,12,238.377,0,62.5,0,0
12,allocate_send_arrival,14,S58,4,switch,5,51644,28,0,0,12,193.819,0,62.5,0,0
12,allocate_send_arrival,14,S58,4,switch,5,51648,125,0,0,12,193.819,0,62.5,0,0
12,allocate_send_arrival,50,S38,2,switch,4,51653,15,0,0,12,290.506,0,40.7016,0,0
12,allocate_send_arrival,50,S38,2,switch,4,51645,103,0,0,12,290.506,0,40.7016,0,0
12,allocate_send_arrival,50,S38,2,switch,4,51652,122,0,0,12,290.506,0,40.7016,0,0
12,allocate_send_arrival,28,S12,1,switch,29,51646,57,0,0,12,167.904,0,62.5,0,0
12,allocate_send_arrival,5,S63,0,switch,0,51648,125,0,0,12,259.679,0,62.5,0,0
12,allocate_send_arrival,5,S63,0,switch,0,51644,28,0,0,12,259.679,0,62.5,0,0
12,allocate_send_arrival,5,S63,0,switch,0,51646,57,0,0,12,259.679,0,62.5,0,0
12,allocate_send_arrival,60,S44,0,switch,18,51655,120,0,0,12,203.923,0,59.5645,0,0
12,allocate_send_arrival,7,S45,2,switch,61,51653,15,0,0,12,100.666,0,40.7016,0,0
12,allocate_send_arrival,57,S47,1,switch,50,51652,122,0,0,12,259.289,0,40.7016,0,0
12,allocate_send_arrival,57,S47,1,switch,50,51645,103,0,0,12,259.289,0,40.7016,0,0
12,allocate_send_arrival,57,S47,1,switch,50,51653,15,0,0,12,259.289,0,40.7016,0,0
12,allocate_send_arrival,43,S22,0,switch,0,51651,87,0,0,12,203.304,0,62.5,0,0
12,allocate_send_arrival,29,S13,5,switch,31,51646,57,0,0,12,131.191,0,62.5,0,0
12,allocate_send_arrival,1,S01,0,switch,0,51650,20,0,0,12,159.728,0,14.932,25,0
12,enqueue_residual,1,S01,0,switch,0,51650,20,0,0,12,159.728,0,0,25,0
12,allocate_send_arrival,1,S01,0,switch,0,51641,96,0,0,12,159.728,0,14.932,25,0
12,enqueue_residual,1,S01,0,switch,0,51641,96,0,0,12,159.728,0,0,25,0
12,allocate_send_arrival,1,S01,0,switch,0,51649,12,0,0,12,159.728,0,14.932,25,0
12,enqueue_residual,1,S01,0,switch,0,51649,12,0,0,12,159.728,0,0,25,0
12,allocate_send_arrival,1,S01,0,switch,0,51647,21,0,0,12,159.728,0,14.932,25,0
12,enqueue_residual,1,S01,0,switch,0,51647,21,0,0,12,159.728,0,0,25,0
12,allocate_send_arrival,18,S43,0,switch,38,51655,120,0,0,12,157.659,0,59.5645,0,0
12,allocate_send_arrival,48,S50,3,switch,10,51641,96,0,0,12,118.54,0,39.932,0,0
12,allocate_send_arrival,38,S42,0,switch,42,51655,120,0,0,12,176.64,0,59.5645,0,0
12,allocate_send_arrival,34,S57,2,switch,14,51648,125,0,0,12,113.541,0,62.5,0,0
12,allocate_send_arrival,56,S36,2,switch,4,51640,34,0,0,12,112.305,0,40.7016,0,0
12,allocate_send_arrival,56,S36,2,switch,4,51643,35,0,0,12,112.305,0,40.7016,0,0
12,allocate_send_arrival,10,S61,0,switch,1,51647,21,0,0,12,227.172,25.6638,39.932,0,0
12,allocate_send_arrival,10,S61,0,switch,1,51650,20,0,0,12,227.172,25.6638,39.932,0,0
12,allocate_send_arrival,10,S61,0,switch,1,51641,96,0,0,12,227.172,25.6638,39.932,0,0
12,allocate_send_arrival,31,S62,3,switch,5,51646,57,0,0,12,238.676,0,62.5,0,0
12,allocate_send_arrival,6,S02,0,switch,1,51649,12,0,0,12,138.732,0,39.932,0,0
12,allocate_send_arrival,17,S35,1,switch,56,51643,35,0,0,12,252.252,0,40.7016,0,0
12,allocate_send_arrival,17,S35,1,switch,56,51640,34,0,0,12,252.252,0,40.7016,0,0
12,allocate_send_arrival,42,S20,2,switch,3,51655,120,0,0,12,251.806,0,59.5645,0,0
12,allocate_send_arrival,37,S32,0,switch,0,51654,104,0,0,12,103.31,0,62.5,0,0
12,allocate_send_arrival,61,S46,1,switch,57,51653,15,0,0,12,199.213,0,40.7016,0,0
12,allocate_send_arrival,61,S46,1,switch,57,51652,122,0,0,12,199.213,0,40.7016,0,0
12,allocate_send_arrival,3,S27,0,switch,0,51642,6,0,0,12,119.129,0,37.4144,22.1501,0
12,enqueue_residual,3,S27,0,switch,0,51642,6,0,0,12,119.129,0,0,22.1501,0
12,allocate_send_arrival,3,S27,0,switch,0,51655,120,0,0,12,119.129,0,37.4144,22.1501,0
12,enqueue_residual,3,S27,0,switch,0,51655,120,0,0,12,119.129,0,0,22.1501,0
13,allocate_send_buffered,4,S37,0,switch,0,51652,122,0,0,13,203.508,100,18.112,0,0
13,allocate_send_buffered,4,S37,0,switch,0,51645,103,0,0,13,203.508,100,18.112,0,0
13,allocate_send_buffered,4,S37,0,switch,0,51643,35,0,0,13,203.508,100,46.9075,1.45519e-14,0
13,allocate_send_buffered,4,S37,0,switch,0,51653,15,0,0,13,203.508,100,16.8685,0,0
13,allocate_send_buffered,1,S01,0,switch,0,51650,20,0,0,13,159.728,100,25,0,0
13,allocate_send_buffered,1,S01,0,switch,0,51641,96,0,0,13,159.728,100,25,0,0
13,allocate_send_buffered,1,S01,0,switch,0,51649,12,0,0,13,159.728,100,25,0,0
13,allocate_send_buffered,1,S01,0,switch,0,51647,21,0,0,13,159.728,100,25,0,0
13,allocate_send_buffered,3,S27,0,switch,0,51642,6,0,0,13,119.129,44.3001,22.1501,0,0
13,allocate_send_buffered,3,S27,0,switch,0,51655,120,0,0,13,119.129,44.3001,22.1501,0,0
13,stage_arrival,51,S48,0,switch,57,51645,103,0,0,13,201.033,0,0,40.7016,0
13,stage_arrival,18,S43,0,switch,38,51655,120,0,0,13,157.659,0,0,59.5645,0
13,stage_arrival,61,S46,1,switch,57,51652,122,0,0,13,199.213,0,0,40.7016,0
13,stage_arrival,5,S63,0,switch,0,51646,57,0,0,13,259.679,0,0,62.5,0
13,stage_arrival,0,S00,5,terminal,0,51650,20,0,0,13,1000,0,0,14.932,0
13,stage_arrival,62,S56,1,switch,34,51648,125,0,0,13,238.377,0,0,62.5,0
13,stage_arrival,29,S13,5,switch,31,51646,57,0,0,13,131.191,0,0,62.5,0
13,stage_arrival,56,S36,2,switch,4,51643,35,0,0,13,112.305,0,0,40.7016,0
13,stage_arrival,0,S00,5,terminal,0,51649,12,0,0,13,1000,0,0,25,0
13,stage_arrival,34,S57,2,switch,14,51648,125,0,0,13,113.541,0,0,62.5,0
13,stage_arrival,0,S00,5,terminal,0,51640,34,0,0,13,1000,0,0,14.2272,0
13,stage_arrival,6,S02,0,switch,1,51649,12,0,0,13,138.732,0,0,39.932,0
13,stage_arrival,0,S00,5,terminal,0,51645,103,0,0,13,1000,0,0,22.5896,0
13,stage_arrival,57,S47,1,switch,50,51653,15,0,0,13,259.289,0,0,40.7016,0
13,stage_arrival,0,S00,5,terminal,0,51641,96,0,0,13,1000,0,0,25,0
13,stage_arrival,3,S27,0,switch,0,51655,120,0,0,13,119.129,0,0,59.5645,0
13,stage_arrival,42,S20,2,switch,3,51655,120,0,0,13,251.806,0,0,59.5645,0
13,stage_arrival,54,S31,1,switch,37,51654,104,0,0,13,242.335,0,0,62.5,0
13,stage_arrival,10,S61,0,switch,1,51641,96,0,0,13,227.172,25.6638,0,39.932,0
13,stage_arrival,0,S00,5,terminal,0,51653,15,0,0,13,1000,0,0,22.5896,0
13,stage_arrival,0,S00,5,terminal,0,51655,120,0,0,13,1000,0,0,22.1501,0
13,stage_arrival,4,S37,0,switch,0,51643,35,0,0,13,203.508,0,0,40.7016,0
13,stage_arrival_coalesce,0,S00,5,terminal,0,51650,20,0,0,13,1000,0,0,39.932,0
13,stage_arrival_coalesce,0,S00,5,terminal,0,51655,120,0,0,13,1000,0,0,59.5645,0
13,stage_arrival,56,S36,2,switch,4,51640,34,0,0,13,112.305,0,0,40.7016,0
13,stage_arrival,52,S30,2,switch,54,51654,104,0,0,13,164.752,0,0,62.5,0
13,stage_arrival,0,S00,5,terminal,0,51643,35,0,0,13,1000,0,0,40.5379,0
13,stage_arrival,50,S38,2,switch,4,51645,103,0,0,13,290.506,0,0,40.7016,0
13,stage_arrival,1,S01,0,switch,0,51649,12,0,0,13,159.728,0,0,39.932,0
13,stage_arrival,31,S62,3,switch,5,51646,57,0,0,13,238.676,0,0,62.5,0
13,stage_arrival,4,S37,0,switch,0,51652,122,0,0,13,203.508,0,0,40.7016,0
13,stage_arrival,50,S38,2,switch,4,51652,122,0,0,13,290.506,0,0,40.7016,0
13,stage_arrival,0,S00,5,terminal,0,51651,87,0,0,13,1000,0,0,62.5,0
13,stage_arrival,17,S35,1,switch,56,51643,35,0,0,13,252.252,0,0,40.7016,0
13,stage_arrival,1,S01,0,switch,0,51647,21,0,0,13,159.728,0,0,39.932,0
13,stage_arrival,5,S63,0,switch,0,51648,125,0,0,13,259.679,0,0,62.5,0
13,stage_arrival,0,S00,5,terminal,0,51642,6,0,0,13,1000,0,0,37.4144,0
13,stage_arrival,1,S01,0,switch,0,51641,96,0,0,13,159.728,0,0,39.932,0
13,stage_arrival,4,S37,0,switch,0,51653,15,0,0,13,203.508,0,0,40.7016,0
13,stage_arrival,0,S00,5,terminal,0,51648,125,0,0,13,1000,0,0,62.5,0
13,stage_arrival,10,S61,0,switch,1,51647,21,0,0,13,227.172,25.6638,0,39.932,0
13,stage_arrival_coalesce,0,S00,5,terminal,0,51649,12,0,0,13,1000,0,0,39.932,0
13,stage_arrival,4,S37,0,switch,0,51645,103,0,0,13,203.508,0,0,40.7016,0
13,stage_arrival_coalesce,0,S00,5,terminal,0,51643,35,0,0,13,1000,0,0,63.1275,0
13,stage_arrival_coalesce,0,S00,5,terminal,0,51642,6,0,0,13,1000,0,0,59.5645,0
13,stage_arrival,28,S12,1,switch,29,51646,57,0,0,13,167.904,0,0,62.5,0
13,stage_arrival,0,S00,5,terminal,0,51644,28,0,0,13,1000,0,0,62.5,0
13,stage_arrival,57,S47,1,switch,50,51652,122,0,0,13,259.289,0,0,40.7016,0
13,stage_arrival,14,S58,4,switch,5,51644,28,0,0,13,193.819,0,0,62.5,0
13,stage_arrival,1,S01,0,switch,0,51650,20,0,0,13,159.728,0,0,39.932,0
13,stage_arrival,7,S45,2,switch,61,51653,15,0,0,13,100.666,0,0,40.7016,0
13,stage_arrival,61,S46,1,switch,57,51653,15,0,0,13,199.213,0,0,40.7016,0
13,stage_arrival,38,S42,0,switch,42,51655,120,0,0,13,176.64,0,0,59.5645,0
13,stage_arrival_coalesce,0,S00,5,terminal,0,51645,103,0,0,13,1000,0,0,34.5212,0
13,stage_arrival,57,S47,1,switch,50,51645,103,0,0,13,259.289,0,0,40.7016,0
13,stage_arrival,43,S22,0,switch,0,51651,87,0,0,13,203.304,0,0,62.5,0
13,stage_arrival,37,S32,0,switch,0,51654,104,0,0,13,103.31,0,0,62.5,0
13,stage_arrival,0,S00,5,terminal,0,51647,21,0,0,13,1000,0,0,14.932,0
13,stage_arrival,48,S50,3,switch,10,51641,96,0,0,13,118.54,0,0,39.932,0
13,stage_arrival,10,S61,0,switch,1,51650,20,0,0,13,227.172,25.6638,0,39.932,0
13,stage_arrival_coalesce,0,S00,5,terminal,0,51647,21,0,0,13,1000,0,0,39.932,0
13,stage_arrival_coalesce,0,S00,5,terminal,0,51653,15,0,0,13,1000,0,0,34.5212,0
13,stage_arrival,14,S58,4,switch,5,51648,125,0,0,13,193.819,0,0,62.5,0
13,stage_arrival,60,S44,0,switch,18,51655,120,0,0,13,203.923,0,0,59.5645,0
13,stage_arrival,17,S35,1,switch,56,51640,34,0,0,13,252.252,0,0,40.7016,0
13,stage_arrival,3,S27,0,switch,0,51642,6,0,0,13,119.129,0,0,59.5645,0
13,stage_arrival,50,S38,2,switch,4,51653,15,0,0,13,290.506,0,0,40.7016,0
13,stage_arrival_coalesce,0,S00,5,terminal,0,51640,34,0,0,13,1000,0,0,36.8168,0
13,stage_arrival,4,S37,0,switch,0,51640,34,0,0,13,203.508,0,0,40.7016,0
13,stage_arrival,0,S00,5,terminal,0,51652,122,0,0,13,1000,0,0,11.9316,0
13,stage_arrival,0,S00,5,terminal,0,51646,57,0,0,13,1000,0,0,62.5,0
13,stage_arrival,5,S63,0,switch,0,51644,28,0,0,13,259.679,0,0,62.5,0
13,stage_arrival,0,S00,5,terminal,0,51654,104,0,0,13,1000,0,0,62.5,0
13,stage_arrival_coalesce,0,S00,5,terminal,0,51652,122,0,0,13,1000,0,0,34.5212,0
13,stage_arrival_coalesce,0,S00,5,terminal,0,51641,96,0,0,13,1000,0,0,39.932,0
13,allocate_send_arrival,62,S56,1,switch,34,51648,125,0,0,13,238.377,0,62.5,0,0
13,allocate_send_arrival,18,S43,0,switch,38,51655,120,0,0,13,157.659,0,59.5645,0,0
13,allocate_send_arrival,4,S37,0,switch,0,51643,35,0,0,13,203.508,0,20.7016,20,0
13,enqueue_residual,4,S37,0,switch,0,51643,35,0,0,13,203.508,0,0,20,0
13,allocate_send_arrival,4,S37,0,switch,0,51652,122,0,0,13,203.508,0,20.7016,20,0
13,enqueue_residual,4,S37,0,switch,0,51652,122,0,0,13,203.508,0,0,20,0
13,allocate_send_arrival,4,S37,0,switch,0,51653,15,0,0,13,203.508,0,20.7016,20,0
13,enqueue_residual,4,S37,0,switch,0,51653,15,0,0,13,203.508,0,0,20,0
13,allocate_send_arrival,4,S37,0,switch,0,51645,103,0,0,13,203.508,0,20.7016,20,0
13,enqueue_residual,4,S37,0,switch,0,51645,103,0,0,13,203.508,0,0,20,0
13,allocate_send_arrival,4,S37,0,switch,0,51640,34,0,0,13,203.508,0,20.7016,20,0
13,enqueue_residual,4,S37,0,switch,0,51640,34,0,0,13,203.508,0,0,20,0
13,allocate_send_arrival,61,S46,1,switch,57,51652,122,0,0,13,199.213,0,40.7016,0,0
13,allocate_send_arrival,61,S46,1,switch,57,51653,15,0,0,13,199.213,0,40.7016,0,0
13,allocate_send_arrival,1,S01,0,switch,0,51649,12,0,0,13,159.728,0,14.932,25,0
13,enqueue_residual,1,S01,0,switch,0,51649,12,0,0,13,159.728,0,0,25,0
13,allocate_send_arrival,1,S01,0,switch,0,51647,21,0,0,13,159.728,0,14.932,25,0
13,enqueue_residual,1,S01,0,switch,0,51647,21,0,0,13,159.728,0,0,25,0
13,allocate_send_arrival,1,S01,0,switch,0,51641,96,0,0,13,159.728,0,14.932,25,0
13,enqueue_residual,1,S01,0,switch,0,51641,96,0,0,13,159.728,0,0,25,0
13,allocate_send_arrival,1,S01,0,switch,0,51650,20,0,0,13,159.728,0,14.932,25,0
13,enqueue_residual,1,S01,0,switch,0,51650,20,0,0,13,159.728,0,0,25,0
13,allocate_send_arrival,42,S20,2,switch,3,51655,120,0,0,13,251.806,0,59.5645,0,0
13,allocate_send_arrival,50,S38,2,switch,4,51645,103,0,0,13,290.506,0,40.7016,0,0
13,allocate_send_arrival,50,S38,2,switch,4,51652,122,0,0,13,290.506,0,40.7016,0,0
13,allocate_send_arrival,50,S38,2,switch,4,51653,15,0,0,13,290.506,0,40.7016,0,0
13,allocate_send_arrival,7,S45,2,switch,61,51653,15,0,0,13,100.666,0,40.7016,0,0
13,allocate_send_arrival,28,S12,1,switch,29,51646,57,0,0,13,167.904,0,62.5,0,0
13,allocate_send_arrival,10,S61,0,switch,1,51641,96,0,0,13,227.172,25.6638,39.932,0,0
13,allocate_send_arrival,10,S61,0,switch,1,51647,21,0,0,13,227.172,25.6638,39.932,0,0
13,allocate_send_arrival,10,S61,0,switch,1,51650,20,0,0,13,227.172,25.6638,39.932,0,0
13,allocate_send_arrival,54,S31,1,switch,37,51654,104,0,0,13,242.335,0,62.5,0,0
13,allocate_send_arrival,34,S57,2,switch,14,51648,125,0,0,13,113.541,0,62.5,0,0
13,allocate_send_arrival,31,S62,3,switch,5,51646,57,0,0,13,238.676,0,62.5,0,0
13,allocate_send_arrival,57,S47,1,switch,50,51653,15,0,0,13,259.289,0,40.7016,0,0
13,allocate_send_arrival,57,S47,1,switch,50,51652,122,0,0,13,259.289,0,40.7016,0,0
13,allocate_send_arrival,57,S47,1,switch,50,51645,103,0,0,13,259.289,0,40.7016,0,0
13,allocate_send_arrival,60,S44,0,switch,18,51655,120,0,0,13,203.923,0,59.5645,0,0
13,allocate_send_arrival,6,S02,0,switch,1,51649,12,0,0,13,138.732,0,39.932,0,0
13,allocate_send_arrival,48,S50,3,switch,10,51641,96,0,0,13,118.54,0,39.932,0,0
13,allocate_send_arrival,14,S58,4,switch,5,51644,28,0,0,13,193.819,0,62.5,0,0
13,allocate_send_arrival,14,S58,4,switch,5,51648,125,0,0,13,193.819,0,62.5,0,0
13,allocate_send_arrival,37,S32,0,switch,0,51654,104,0,0,13,103.31,0,62.5,0,0
13,allocate_send_arrival,38,S42,0,switch,42,51655,120,0,0,13,176.64,0,59.5645,0,0
13,allocate_send_arrival,5,S63,0,switch,0,51646,57,0,0,13,259.679,0,62.5,0,0
13,allocate_send_arrival,5,S63,0,switch,0,51648,125,0,0,13,259.679,0,62.5,0,0
13,allocate_send_arrival,5,S63,0,switch,0,51644,28,0,0,13,259.679,0,62.5,0,0
13,allocate_send_arrival,29,S13,5,switch,31,51646,57,0,0,13,131.191,0,62.5,0,0
13,allocate_send_arrival,17,S35,1,switch,56,51643,35,0,0,13,252.252,0,40.7016,0,0
13,allocate_send_arrival,17,S35,1,switch,56,51640,34,0,0,13,252.252,0,40.7016,0,0
13,allocate_send_arrival,52,S30,2,switch,54,51654,104,0,0,13,164.752,0,62.5,0,0
13,allocate_send_arrival,0,S00,5,terminal,0,51650,20,0,0,13,1000,0,39.932,0,0
13,allocate_send_arrival,0,S00,5,terminal,0,51649,12,0,0,13,1000,0,39.932,0,0
13,allocate_send_arrival,0,S00,5,terminal,0,51640,34,0,0,13,1000,0,36.8168,0,0
13,allocate_send_arrival,0,S00,5,terminal,0,51645,103,0,0,13,1000,0,34.5212,0,0
13,allocate_send_arrival,0,S00,5,terminal,0,51641,96,0,0,13,1000,0,39.932,0,0
13,allocate_send_arrival,0,S00,5,terminal,0,51653,15,0,0,13,1000,0,34.5212,0,0
13,allocate_send_arrival,0,S00,5,terminal,0,51655,120,0,0,13,1000,0,59.5645,0,0
13,allocate_send_arrival,0,S00,5,terminal,0,51643,35,0,0,13,1000,0,63.1275,0,0
13,allocate_send_arrival,0,S00,5,terminal,0,51651,87,0,0,13,1000,0,62.5,0,0
13,allocate_send_arrival,0,S00,5,terminal,0,51642,6,0,0,13,1000,0,59.5645,0,0
13,allocate_send_arrival,0,S00,5,terminal,0,51648,125,0,0,13,1000,0,62.5,0,0
13,allocate_send_arrival,0,S00,5,terminal,0,51644,28,0,0,13,1000,0,62.5,0,0
13,allocate_send_arrival,0,S00,5,terminal,0,51647,21,0,0,13,1000,0,39.932,0,0
13,allocate_send_arrival,0,S00,5,terminal,0,51652,122,0,0,13,1000,0,34.5212,0,0
13,allocate_send_arrival,0,S00,5,terminal,0,51646,57,0,0,13,1000,0,62.5,0,0
13,allocate_send_arrival,0,S00,5,terminal,0,51654,104,0,0,13,1000,0,62.5,0,0
13,allocate_send_arrival,56,S36,2,switch,4,51643,35,0,0,13,112.305,0,40.7016,0,0
13,allocate_send_arrival,56,S36,2,switch,4,51640,34,0,0,13,112.305,0,40.7016,0,0
13,allocate_send_arrival,43,S22,0,switch,0,51651,87,0,0,13,203.304,0,62.5,0,0
13,allocate_send_arrival,51,S48,0,switch,57,51645,103,0,0,13,201.033,0,40.7016,0,0
13,allocate_send_arrival,3,S27,0,switch,0,51655,120,0,0,13,119.129,0,37.4144,22.1501,0
13,enqueue_residual,3,S27,0,switch,0,51655,120,0,0,13,119.129,0,0,22.1501,0
13,allocate_send_arrival,3,S27,0,switch,0,51642,6,0,0,13,119.129,0,37.4144,22.1501,0
13,enqueue_residual,3,S27,0,switch,0,51642,6,0,0,13,119.129,0,0,22.1501,0
14,allocate_send_buffered,1,S01,0,switch,0,51649,12,0,0,14,159.728,100,25,0,0
14,allocate_send_buffered,1,S01,0,switch,0,51647,21,0,0,14,159.728,100,25,0,0
14,allocate_send_buffered,1,S01,0,switch,0,51641,96,0,0,14,159.728,100,25,0,0
14,allocate_send_buffered,1,S01,0,switch,0,51650,20,0,0,14,159.728,100,25,0,0
14,allocate_send_buffered,4,S37,0,switch,0,51643,35,0,0,14,203.508,100,20,0,0
14,allocate_send_buffered,4,S37,0,switch,0,51652,122,0,0,14,203.508,100,20,0,0
14,allocate_send_buffered,4,S37,0,switch,0,51653,15,0,0,14,203.508,100,20,0,0
14,allocate_send_buffered,4,S37,0,switch,0,51645,103,0,0,14,203.508,100,20,0,0
14,allocate_send_buffered,4,S37,0,switch,0,51640,34,0,0,14,203.508,100,20,0,0
14,allocate_send_buffered,3,S27,0,switch,0,51655,120,0,0,14,119.129,44.3001,22.1501,0,0
14,allocate_send_buffered,3,S27,0,switch,0,51642,6,0,0,14,119.129,44.3001,22.1501,0,0
14,stage_arrival,0,S00,5,terminal,0,51650,20,0,0,14,1000,0,0,14.932,0
14,stage_arrival,42,S20,2,switch,3,51655,120,0,0,14,251.806,0,0,59.5645,0
14,stage_arrival,17,S35,1,switch,56,51640,34,0,0,14,252.252,0,0,40.7016,0
14,stage_arrival,0,S00,5,terminal,0,51652,122,0,0,14,1000,0,0,18.112,0
14,stage_arrival,6,S02,0,switch,1,51649,12,0,0,14,138.732,0,0,39.932,0
14,stage_arrival,4,S37,0,switch,0,51653,15,0,0,14,203.508,0,0,40.7016,0
14,stage_arrival,54,S31,1,switch,37,51654,104,0,0,14,242.335,0,0,62.5,0
14,stage_arrival,18,S43,0,switch,38,51655,120,0,0,14,157.659,0,0,59.5645,0
14,stage_arrival,0,S00,5,terminal,0,51649,12,0,0,14,1000,0,0,25,0
14,stage_arrival,61,S46,1,switch,57,51652,122,0,0,14,199.213,0,0,40.7016,0
14,stage_arrival,0,S00,5,terminal,0,51655,120,0,0,14,1000,0,0,22.1501,0
14,stage_arrival,10,S61,0,switch,1,51641,96,0,0,14,227.172,25.6638,0,39.932,0
14,stage_arrival,37,S32,0,switch,0,51654,104,0,0,14,103.31,0,0,62.5,0
14,stage_arrival,0,S00,5,terminal,0,51648,125,0,0,14,1000,0,0,62.5,0
14,stage_arrival,0,S00,5,terminal,0,51645,103,0,0,14,1000,0,0,20.7016,0
14,stage_arrival,48,S50,3,switch,10,51641,96,0,0,14,118.54,0,0,39.932,0
14,stage_arrival,34,S57,2,switch,14,51648,125,0,0,14,113.541,0,0,62.5,0
14,stage_arrival,7,S45,2,switch,61,51653,15,0,0,14,100.666,0,0,40.7016,0
14,stage_arrival,50,S38,2,switch,4,51645,103,0,0,14,290.506,0,0,40.7016,0
14,stage_arrival,29,S13,5,switch,31,51646,57,0,0,14,131.191,0,0,62.5,0
14,stage_arrival,1,S01,0,switch,0,51641,96,0,0,14,159.728,0,0,39.932,0
14,stage_arrival,43,S22,0,switch,0,51651,87,0,0,14,203.304,0,0,62.5,0
14,stage_arrival,4,S37,0,switch,0,51643,35,0,0,14,203.508,0,0,40.7016,0
14,stage_arrival,28,S12,1,switch,29,51646,57,0,0,14,167.904,0,0,62.5,0
14,stage_arrival,4,S37,0,switch,0,51645,103,0,0,14,203.508,0,0,40.7016,0
14,stage_arrival,1,S01,0,switch,0,51647,21,0,0,14,159.728,0,0,39.932,0
14,stage_arrival,14,S58,4,switch,5,51648,125,0,0,14,193.819,0,0,62.5,0
14,stage_arrival,17,S35,1,switch,56,51643,35,0,0,14,252.252,0,0,40.7016,0
14,stage_arrival,5,S63,0,switch,0,51646,57,0,0,14,259.679,0,0,62.5,0
14,stage_arrival,0,S00,5,terminal,0,51644,28,0,0,14,1000,0,0,62.5,0
14,stage_arrival,0,S00,5,terminal,0,51640,34,0,0,14,1000,0,0,20.7016,0
14,stage_arrival,1,S01,0,switch,0,51649,12,0,0,14,159.728,0,0,39.932,0
14,stage_arrival,61,S46,1,switch,57,51653,15,0,0,14,199.213,0,0,40.7016,0
14,stage_arrival,1,S01,0,switch,0,51650,20,0,0,14,159.728,0,0,39.932,0
14,stage_arrival,38,S42,0,switch,42,51655,120,0,0,14,176.64,0,0,59.5645,0
14,stage_arrival,0,S00,5,terminal,0,51647,21,0,0,14,1000,0,0,14.932,0
14,stage_arrival,3,S27,0,switch,0,51655,120,0,0,14,119.129,0,0,59.5645,0
14,stage_arrival,31,S62,3,switch,5,51646,57,0,0,14,238.676,0,0,62.5,0
14,stage_arrival,10,S61,0,switch,1,51647,21,0,0,14,227.172,25.6638,0,39.932,0
14,stage_arrival,0,S00,5,terminal,0,51641,96,0,0,14,1000,0,0,14.932,0
14,stage_arrival,57,S47,1,switch,50,51653,15,0,0,14,259.289,0,0,40.7016,0
14,stage_arrival,0,S00,5,terminal,0,51643,35,0,0,14,1000,0,0,20.7016,0
14,stage_arrival_coalesce,0,S00,5,terminal,0,51647,21,0,0,14,1000,0,0,39.932,0
14,stage_arrival,0,S00,5,terminal,0,51654,104,0,0,14,1000,0,0,62.5,0
14,stage_arrival,0,S00,5,terminal,0,51646,57,0,0,14,1000,0,0,62.5,0
14,stage_arrival,10,S61,0,switch,1,51650,20,0,0,14,227.172,25.6638,0,39.932,0
14,stage_arrival,51,S48,0,switch,57,51645,103,0,0,14,201.033,0,0,40.7016,0
14,stage_arrival_coalesce,0,S00,5,terminal,0,51649,12,0,0,14,1000,0,0,39.932,0
14,stage_arrival,0,S00,5,terminal,0,51642,6,0,0,14,1000,0,0,37.4144,0
14,stage_arrival,0,S00,5,terminal,0,51653,15,0,0,14,1000,0,0,20.7016,0
14,stage_arrival,4,S37,0,switch,0,51652,122,0,0,14,203.508,0,0,40.7016,0
14,stage_arrival_coalesce,0,S00,5,terminal,0,51652,122,0,0,14,1000,0,0,38.8136,0
14,stage_arrival_coalesce,0,S00,5,terminal,0,51641,96,0,0,14,1000,0,0,39.932,0
14,stage_arrival,3,S27,0,switch,0,51642,6,0,0,14,119.129,0,0,59.5645,0
14,stage_arrival,50,S38,2,switch,4,51652,122,0,0,14,290.506,0,0,40.7016,0
14,stage_arrival_coalesce,0,S00,5,terminal,0,51653,15,0,0,14,1000,0,0,37.5701,0
14,stage_arrival,56,S36,2,switch,4,51640,34,0,0,14,112.305,0,0,40.7016,0
14,stage_arrival,14,S58,4,switch,5,51644,28,0,0,14,193.819,0,0,62.5,0
14,stage_arrival,5,S63,0,switch,0,51644,28,0,0,14,259.679,0,0,62.5,0
14,stage_arrival,50,S38,2,switch,4,51653,15,0,0,14,290.506,0,0,40.7016,0
14,stage_arrival,57,S47,1,switch,50,51645,103,0,0,14,259.289,0,0,40.7016,0
14,stage_arrival_coalesce,0,S00,5,terminal,0,51645,103,0,0,14,1000,0,0,38.8136,0
14,stage_arrival,0,S00,5,terminal,0,51651,87,0,0,14,1000,0,0,62.5,0
14,stage_arrival_coalesce,0,S00,5,terminal,0,51655,120,0,0,14,1000,0,0,59.5645,0
14,stage_arrival_coalesce,0,S00,5,terminal,0,51643,35,0,0,14,1000,0,0,67.6091,0
14,stage_arrival,56,S36,2,switch,4,51643,35,0,0,14,112.305,0,0,40.7016,0
14,stage_arrival,52,S30,2,switch,54,51654,104,0,0,14,164.752,0,0,62.5,0
14,stage_arrival,57,S47,1,switch,50,51652,122,0,0,14,259.289,0,0,40.7016,0
14,stage_arrival_coalesce,0,S00,5,terminal,0,51650,20,0,0,14,1000,0,0,39.932,0
14,stage_arrival_coalesce,0,S00,5,terminal,0,51642,6,0,0,14,1000,0,0,59.5645,0
14,stage_arrival,4,S37,0,switch,0,51640,34,0,0,14,203.508,0,0,40.7016,0
14,stage_arrival,62,S56,1,switch,34,51648,125,0,0,14,238.377,0,0,62.5,0
14,stage_arrival,5,S63,0,switch,0,51648,125,0,0,14,259.679,0,0,62.5,0
14,stage_arrival,60,S44,0,switch,18,51655,120,0,0,14,203.923,0,0,59.5645,0
14,allocate_send_arrival,54,S31,1,switch,37,51654,104,0,0,14,242.335,0,62.5,0,0
14,allocate_send_arrival,14,S58,4,switch,5,51648,125,0,0,14,193.819,0,62.5,0,0
14,allocate_send_arrival,14,S58,4,switch,5,51644,28,0,0,14,193.819,0,62.5,0,0
14,allocate_send_arrival,37,S32,0,switch,0,51654,104,0,0,14,103.31,0,62.5,0,0
14,allocate_send_arrival,7,S45,2,switch,61,51653,15,0,0,14,100.666,0,40.7016,0,0
14,allocate_send_arrival,5,S63,0,switch,0,51646,57,0,0,14,259.679,0,62.5,0,0
14,allocate_send_arrival,5,S63,0,switch,0,51644,28,0,0,14,259.679,0,62.5,0,0
14,allocate_send_arrival,5,S63,0,switch,0,51648,125,0,0,14,259.679,0,62.5,0,0
14,allocate_send_arrival,4,S37,0,switch,0,51653,15,0,0,14,203.508,0,20.7016,20,0
14,enqueue_residual,4,S37,0,switch,0,51653,15,0,0,14,203.508,0,0,20,0
14,allocate_send_arrival,4,S37,0,switch,0,51643,35,0,0,14,203.508,0,20.7016,20,0
14,enqueue_residual,4,S37,0,switch,0,51643,35,0,0,14,203.508,0,0,20,0
14,allocate_send_arrival,4,S37,0,switch,0,51645,103,0,0,14,203.508,0,20.7016,20,0
14,enqueue_residual,4,S37,0,switch,0,51645,103,0,0,14,203.508,0,0,20,0
14,allocate_send_arrival,4,S37,0,switch,0,51652,122,0,0,14,203.508,0,20.7016,20,0
14,enqueue_residual,4,S37,0,switch,0,51652,122,0,0,14,203.508,0,0,20,0
14,allocate_send_arrival,4,S37,0,switch,0,51640,34,0,0,14,203.508,0,20.7016,20,0
14,enqueue_residual,4,S37,0,switch,0,51640,34,0,0,14,203.508,0,0,20,0
14,allocate_send_arrival,62,S56,1,switch,34,51648,125,0,0,14,238.377,0,62.5,0,0
14,allocate_send_arrival,28,S12,1,switch,29,51646,57,0,0,14,167.904,0,62.5,0,0
14,allocate_send_arrival,29,S13,5,switch,31,51646,57,0,0,14,131.191,0,62.5,0,0
14,allocate_send_arrival,3,S27,0,switch,0,51655,120,0,0,14,119.129,0,37.4144,22.1501,0
14,enqueue_residual,3,S27,0,switch,0,51655,120,0,0,14,119.129,0,0,22.1501,0
14,allocate_send_arrival,3,S27,0,switch,0,51642,6,0,0,14,119.129,0,37.4144,22.1501,0
14,enqueue_residual,3,S27,0,switch,0,51642,6,0,0,14,119.129,0,0,22.1501,0
14,allocate_send_arrival,34,S57,2,switch,14,51648,125,0,0,14,113.541,0,62.5,0,0
14,allocate_send_arrival,56,S36,2,switch,4,51640,34,0,0,14,112.305,0,40.7016,0,0
14,allocate_send_arrival,56,S36,2,switch,4,51643,35,0,0,14,112.305,0,40.7016,0,0
14,allocate_send_arrival,57,S47,1,switch,50,51653,15,0,0,14,259.289,0,40.7016,0,0
14,allocate_send_arrival,57,S47,1,switch,50,51645,103,0,0,14,259.289,0,40.7016,0,0
14,allocate_send_arrival,57,S47,1,switch,50,51652,122,0,0,14,259.289,0,40.7016,0,0
14,allocate_send_arrival,10,S61,0,switch,1,51641,96,0,0,14,227.172,25.6638,39.932,0,0
14,allocate_send_arrival,10,S61,0,switch,1,51647,21,0,0,14,227.172,25.6638,39.932,0,0
14,allocate_send_arrival,10,S61,0,switch,1,51650,20,0,0,14,227.172,25.6638,39.932,0,0
14,allocate_send_arrival,51,S48,0,switch,57,51645,103,0,0,14,201.033,0,40.7016,0,0
14,allocate_send_arrival,38,S42,0,switch,42,51655,120,0,0,14,176.64,0,59.5645,0,0
14,allocate_send_arrival,50,S38,2,switch,4,51645,103,0,0,14,290.506,0,40.7016,0,0
14,allocate_send_arrival,50,S38,2,switch,4,51652,122,0,0,14,290.506,0,40.7016,0,0
14,allocate_send_arrival,50,S38,2,switch,4,51653,15,0,0,14,290.506,0,40.7016,0,0
14,allocate_send_arrival,52,S30,2,switch,54,51654,104,0,0,14,164.752,0,62.5,0,0
14,allocate_send_arrival,6,S02,0,switch,1,51649,12,0,0,14,138.732,0,39.932,0,0
14,allocate_send_arrival,18,S43,0,switch,38,51655,120,0,0,14,157.659,0,59.5645,0,0
14,allocate_send_arrival,1,S01,0,switch,0,51641,96,0,0,14,159.728,0,14.932,25,0
14,enqueue_residual,1,S01,0,switch,0,51641,96,0,0,14,159.728,0,0,25,0
14,allocate_send_arrival,1,S01,0,switch,0,51647,21,0,0,14,159.728,0,14.932,25,0
14,enqueue_residual,1,S01,0,switch,0,51647,21,0,0,14,159.728,0,0,25,0
14,allocate_send_arrival,1,S01,0,switch,0,51649,12,0,0,14,159.728,0,14.932,25,0
14,enqueue_residual,1,S01,0,switch,0,51649,12,0,0,14,159.728,0,0,25,0
14,allocate_send_arrival,1,S01,0,switch,0,51650,20,0,0,14,159.728,0,14.932,25,0
14,enqueue_residual,1,S01,0,switch,0,51650,20,0,0,14,159.728,0,0,25,0
14,allocate_send_arrival,43,S22,0,switch,0,51651,87,0,0,14,203.304,0,62.5,0,0
14,allocate_send_arrival,17,S35,1,switch,56,51640,34,0,0,14,252.252,0,40.7016,0,0
14,allocate_send_arrival,17,S35,1,switch,56,51643,35,0,0,14,252.252,0,40.7016,0,0
14,allocate_send_arrival,61,S46,1,switch,57,51652,122,0,0,14,199.213,0,40.7016,0,0
14,allocate_send_arrival,61,S46,1,switch,57,51653,15,0,0,14,199.213,0,40.7016,0,0
14,allocate_send_arrival,48,S50,3,switch,10,51641,96,0,0,14,118.54,0,39.932,0,0
14,allocate_send_arrival,0,S00,5,terminal,0,51650,20,0,0,14,1000,0,39.932,0,0
14,allocate_send_arrival,0,S00,5,terminal,0,51652,122,0,0,14,1000,0,38.8136,0,0
14,allocate_send_arrival,0,S00,5,terminal,0,51649,12,0,0,14,1000,0,39.932,0,0
14,allocate_send_arrival,0,S00,5,terminal,0,51655,120,0,0,14,1000,0,59.5645,0,0
14,allocate_send_arrival,0,S00,5,terminal,0,51648,125,0,0,14,1000,0,62.5,0,0
14,allocate_send_arrival,0,S00,5,terminal,0,51645,103,0,0,14,1000,0,38.8136,0,0
14,allocate_send_arrival,0,S00,5,terminal,0,51644,28,0,0,14,1000,0,62.5,0,0
14,allocate_send_arrival,0,S00,5,terminal,0,51640,34,0,0,14,1000,0,20.7016,0,0
14,allocate_send_arrival,0,S00,5,terminal,0,51647,21,0,0,14,1000,0,39.932,0,0
14,allocate_send_arrival,0,S00,5,terminal,0,51641,96,0,0,14,1000,0,39.932,0,0
14,allocate_send_arrival,0,S00,5,terminal,0,51643,35,0,0,14,1000,0,67.6091,1.16415e-13,0
14,allocate_send_arrival,0,S00,5,terminal,0,51654,104,0,0,14,1000,0,62.5,0,0
14,allocate_send_arrival,0,S00,5,terminal,0,51646,57,0,0,14,1000,0,62.5,0,0
14,allocate_send_arrival,0,S00,5,terminal,0,51642,6,0,0,14,1000,0,59.5645,0,0
14,allocate_send_arrival,0,S00,5,terminal,0,51653,15,0,0,14,1000,0,37.5701,0,0
14,allocate_send_arrival,0,S00,5,terminal,0,51651,87,0,0,14,1000,0,62.5,0,0
14,allocate_send_arrival,60,S44,0,switch,18,51655,120,0,0,14,203.923,0,59.5645,0,0
14,allocate_send_arrival,31,S62,3,switch,5,51646,57,0,0,14,238.676,0,62.5,0,0
14,allocate_send_arrival,42,S20,2,switch,3,51655,120,0,0,14,251.806,0,59.5645,0,0
15,allocate_send_buffered,3,S27,0,switch,0,51655,120,0,0,15,119.129,44.3001,22.1501,0,0
15,allocate_send_buffered,3,S27,0,switch,0,51642,6,0,0,15,119.129,44.3001,22.1501,0,0
15,allocate_send_buffered,4,S37,0,switch,0,51653,15,0,0,15,203.508,100,20,0,0
15,allocate_send_buffered,4,S37,0,switch,0,51643,35,0,0,15,203.508,100,20,0,0
15,allocate_send_buffered,4,S37,0,switch,0,51645,103,0,0,15,203.508,100,20,0,0
15,allocate_send_buffered,4,S37,0,switch,0,51652,122,0,0,15,203.508,100,20,0,0
15,allocate_send_buffered,4,S37,0,switch,0,51640,34,0,0,15,203.508,100,20,0,0
15,allocate_send_buffered,1,S01,0,switch,0,51641,96,0,0,15,159.728,100,25,0,0
15,allocate_send_buffered,1,S01,0,switch,0,51647,21,0,0,15,159.728,100,25,0,0
15,allocate_send_buffered,1,S01,0,switch,0,51649,12,0,0,15,159.728,100,25,0,0
15,allocate_send_buffered,1,S01,0,switch,0,51650,20,0,0,15,159.728,100,25,0,0
15,stage_arrival,5,S63,0,switch,0,51644,28,0,0,15,259.679,0,0,62.5,0
15,stage_arrival,5,S63,0,switch,0,51648,125,0,0,15,259.679,0,0,62.5,0
15,stage_arrival,0,S00,5,terminal,0,51643,35,0,0,15,1000,0,0,20,0
15,stage_arrival,10,S61,0,switch,1,51650,20,0,0,15,227.172,25.6638,0,39.932,0
15,stage_arrival,0,S00,5,terminal,0,51652,122,0,0,15,1000,0,0,20.7016,0
15,stage_arrival,10,S61,0,switch,1,51647,21,0,0,15,227.172,25.6638,0,39.932,0
15,stage_arrival,0,S00,5,terminal,0,51653,15,0,0,15,1000,0,0,20,0
15,stage_arrival,57,S47,1,switch,50,51652,122,0,0,15,259.289,0,0,40.7016,0
15,stage_arrival,0,S00,5,terminal,0,51641,96,0,0,15,1000,0,0,14.932,0
15,stage_arrival,4,S37,0,switch,0,51640,34,0,0,15,203.508,0,0,40.7016,0
15,stage_arrival,1,S01,0,switch,0,51641,96,0,0,15,159.728,0,0,39.932,0
15,stage_arrival,0,S00,5,terminal,0,51650,20,0,0,15,1000,0,0,25,0
15,stage_arrival,0,S00,5,terminal,0,51645,103,0,0,15,1000,0,0,20.7016,0
15,stage_arrival,0,S00,5,terminal,0,51649,12,0,0,15,1000,0,0,25,0
15,stage_arrival,48,S50,3,switch,10,51641,96,0,0,15,118.54,0,0,39.932,0
15,stage_arrival,0,S00,5,terminal,0,51655,120,0,0,15,1000,0,0,37.4144,0
15,stage_arrival,4,S37,0,switch,0,51653,15,0,0,15,203.508,0,0,40.7016,0
15,stage_arrival,0,S00,5,terminal,0,51642,6,0,0,15,1000,0,0,22.1501,0
15,stage_arrival,1,S01,0,switch,0,51649,12,0,0,15,159.728,0,0,39.932,0
15,stage_arrival,50,S38,2,switch,4,51652,122,0,0,15,290.506,0,0,40.7016,0
15,stage_arrival,4,S37,0,switch,0,51645,103,0,0,15,203.508,0,0,40.7016,0
15,stage_arrival_coalesce,0,S00,5,terminal,0,51650,20,0,0,15,1000,0,0,39.932,0
15,stage_arrival,60,S44,0,switch,18,51655,120,0,0,15,203.923,0,0,59.5645,0
15,stage_arrival,3,S27,0,switch,0,51655,120,0,0,15,119.129,0,0,59.5645,0
15,stage_arrival,52,S30,2,switch,54,51654,104,0,0,15,164.752,0,0,62.5,0
15,stage_arrival,0,S00,5,terminal,0,51648,125,0,0,15,1000,0,0,62.5,0
15,stage_arrival_coalesce,0,S00,5,terminal,0,51643,35,0,0,15,1000,0,0,40.7016,0
15,stage_arrival,56,S36,2,switch,4,51643,35,0,0,15,112.305,0,0,40.7016,0
15,stage_arrival,10,S61,0,switch,1,51641,96,0,0,15,227.172,25.6638,0,39.932,0
15,stage_arrival,4,S37,0,switch,0,51652,122,0,0,15,203.508,0,0,40.7016,0
15,stage_arrival,0,S00,5,terminal,0,51647,21,0,0,15,1000,0,0,25,0
15,stage_arrival,54,S31,1,switch,37,51654,104,0,0,15,242.335,0,0,62.5,0
15,stage_arrival_coalesce,0,S00,5,terminal,0,51641,96,0,0,15,1000,0,0,39.932,0
15,stage_arrival,0,S00,5,terminal,0,51640,34,0,0,15,1000,0,0,20,0
15,stage_arrival,7,S45,2,switch,61,51653,15,0,0,15,100.666,0,0,40.7016,0
15,stage_arrival,14,S58,4,switch,5,51648,125,0,0,15,193.819,0,0,62.5,0
15,stage_arrival,4,S37,0,switch,0,51643,35,0,0,15,203.508,0,0,40.7016,0
15,stage_arrival_coalesce,0,S00,5,terminal,0,51640,34,0,0,15,1000,0,0,40.7016,0
15,stage_arrival,34,S57,2,switch,14,51648,125,0,0,15,113.541,0,0,62.5,0
15,stage_arrival,1,S01,0,switch,0,51650,20,0,0,15,159.728,0,0,39.932,0
15,stage_arrival,42,S20,2,switch,3,51655,120,0,0,15,251.806,0,0,59.5645,0
15,stage_arrival,31,S62,3,switch,5,51646,57,0,0,15,238.676,0,0,62.5,0
15,stage_arrival_coalesce,0,S00,5,terminal,0,51647,21,0,0,15,1000,0,0,39.932,0
15,stage_arrival,5,S63,0,switch,0,51646,57,0,0,15,259.679,0,0,62.5,0
15,stage_arrival,61,S46,1,switch,57,51653,15,0,0,15,199.213,0,0,40.7016,0
15,stage_arrival,0,S00,5,terminal,0,51651,87,0,0,15,1000,0,0,62.5,0
15,stage_arrival_coalesce,0,S00,5,terminal,0,51653,15,0,0,15,1000,0,0,40.7016,0
15,stage_arrival_coalesce,0,S00,5,terminal,0,51655,120,0,0,15,1000,0,0,59.5645,0
15,stage_arrival,17,S35,1,switch,56,51643,35,0,0,15,252.252,0,0,40.7016,0
15,stage_arrival,0,S00,5,terminal,0,51654,104,0,0,15,1000,0,0,62.5,0
15,stage_arrival,56,S36,2,switch,4,51640,34,0,0,15,112.305,0,0,40.7016,0
15,stage_arrival,28,S12,1,switch,29,51646,57,0,0,15,167.904,0,0,62.5,0
15,stage_arrival,57,S47,1,switch,50,51653,15,0,0,15,259.289,0,0,40.7016,0
15,stage_arrival,18,S43,0,switch,38,51655,120,0,0,15,157.659,0,0,59.5645,0
15,stage_arrival,3,S27,0,switch,0,51642,6,0,0,15,119.129,0,0,59.5645,0
15,stage_arrival,43,S22,0,switch,0,51651,87,0,0,15,203.304,0,0,62.5,0
15,stage_arrival,50,S38,2,switch,4,51653,15,0,0,15,290.506,0,0,40.7016,0
15,stage_arrival,38,S42,0,switch,42,51655,120,0,0,15,176.64,0,0,59.5645,0
15,stage_arrival,17,S35,1,switch,56,51640,34,0,0,15,252.252,0,0,40.7016,0
15,stage_arrival,61,S46,1,switch,57,51652,122,0,0,15,199.213,0,0,40.7016,0
15,stage_arrival,1,S01,0,switch,0,51647,21,0,0,15,159.728,0,0,39.932,0
15,stage_arrival,57,S47,1,switch,50,51645,103,0,0,15,259.289,0,0,40.7016,0
15,stage_arrival,50,S38,2,switch,4,51645,103,0,0,15,290.506,0,0,40.7016,0
15,stage_arrival,29,S13,5,switch,31,51646,57,0,0,15,131.191,0,0,62.5,0
15,stage_arrival,14,S58,4,switch,5,51644,28,0,0,15,193.819,0,0,62.5,0
15,stage_arrival_coalesce,0,S00,5,terminal,0,51642,6,0,0,15,1000,0,0,59.5645,0
15,stage_arrival_coalesce,0,S00,5,terminal,0,51649,12,0,0,15,1000,0,0,39.932,0
15,stage_arrival,37,S32,0,switch,0,51654,104,0,0,15,103.31,0,0,62.5,0
15,stage_arrival_coalesce,0,S00,5,terminal,0,51645,103,0,0,15,1000,0,0,40.7016,0
15,stage_arrival,0,S00,5,terminal,0,51644,28,0,0,15,1000,0,0,62.5,0
15,stage_arrival,62,S56,1,switch,34,51648,125,0,0,15,238.377,0,0,62.5,0
15,stage_arrival,6,S02,0,switch,1,51649,12,0,0,15,138.732,0,0,39.932,0
15,stage_arrival,51,S48,0,switch,57,51645,103,0,0,15,201.033,0,0,40.7016,0
15,stage_arrival_coalesce,0,S00,5,terminal,0,51652,122,0,0,15,1000,0,0,40.7016,0
15,stage_arrival,0,S00,5,terminal,0,51646,57,0,0,15,1000,0,0,62.5,0
15,allocate_send_arrival,56,S36,2,switch,4,51643,35,0,0,15,112.305,0,40.7016,0,0
15,allocate_send_arrival,56,S36,2,switch,4,51640,34,0,0,15,112.305,0,40.7016,0,0
15,allocate_send_arrival,10,S61,0,switch,1,51650,20,0,0,15,227.172,25.6638,39.932,0,0
15,allocate_send_arrival,10,S61,0,switch,1,51647,21,0,0,15,227.172,25.6638,39.932,0,0
15,allocate_send_arrival,10,S61,0,switch,1,51641,96,0,0,15,227.172,25.6638,39.932,0,0
15,allocate_send_arrival,4,S37,0,switch,0,51640,34,0,0,15,203.508,0,20.7016,20,0
15,enqueue_residual,4,S37,0,switch,0,51640,34,0,0,15,203.508,0,0,20,0
15,allocate_send_arrival,4,S37,0,switch,0,51653,15,0,0,15,203.508,0,20.7016,20,0
15,enqueue_residual,4,S37,0,switch,0,51653,15,0,0,15,203.508,0,0,20,0
15,allocate_send_arrival,4,S37,0,switch,0,51645,103,0,0,15,203.508,0,20.7016,20,0
15,enqueue_residual,4,S37,0,switch,0,51645,103,0,0,15,203.508,0,0,20,0
15,allocate_send_arrival,4,S37,0,switch,0,51652,122,0,0,15,203.508,0,20.7016,20,0
15,enqueue_residual,4,S37,0,switch,0,51652,122,0,0,15,203.508,0,0,20,0
15,allocate_send_arrival,4,S37,0,switch,0,51643,35,0,0,15,203.508,0,20.7016,20,0
15,enqueue_residual,4,S37,0,switch,0,51643,35,0,0,15,203.508,0,0,20,0
15,allocate_send_arrival,7,S45,2,switch,61,51653,15,0,0,15,100.666,0,40.7016,0,0
15,allocate_send_arrival,31,S62,3,switch,5,51646,57,0,0,15,238.676,0,62.5,0,0
15,allocate_send_arrival,34,S57,2,switch,14,51648,125,0,0,15,113.541,0,62.5,0,0
15,allocate_send_arrival,51,S48,0,switch,57,51645,103,0,0,15,201.033,0,40.7016,0,0
15,allocate_send_arrival,42,S20,2,switch,3,51655,120,0,0,15,251.806,0,59.5645,0,0
15,allocate_send_arrival,14,S58,4,switch,5,51648,125,0,0,15,193.819,0,62.5,0,0
15,allocate_send_arrival,14,S58,4,switch,5,51644,28,0,0,15,193.819,0,62.5,0,0
15,allocate_send_arrival,57,S47,1,switch,50,51652,122,0,0,15,259.289,0,40.7016,0,0
15,allocate_send_arrival,57,S47,1,switch,50,51653,15,0,0,15,259.289,0,40.7016,0,0
15,allocate_send_arrival,57,S47,1,switch,50,51645,103,0,0,15,259.289,0,40.7016,0,0
15,allocate_send_arrival,0,S00,5,terminal,0,51643,35,0,0,15,1000,0,40.7016,0,0
15,allocate_send_arrival,0,S00,5,terminal,0,51652,122,0,0,15,1000,0,40.7016,0,0
15,allocate_send_arrival,0,S00,5,terminal,0,51653,15,0,0,15,1000,0,40.7016,0,0
15,allocate_send_arrival,0,S00,5,terminal,0,51641,96,0,0,15,1000,0,39.932,0,0
15,allocate_send_arrival,0,S00,5,terminal,0,51650,20,0,0,15,1000,0,39.932,0,0
15,allocate_send_arrival,0,S00,5,terminal,0,51645,103,0,0,15,1000,0,40.7016,0,0
15,allocate_send_arrival,0,S00,5,terminal,0,51649,12,0,0,15,1000,0,39.932,0,0
15,allocate_send_arrival,0,S00,5,terminal,0,51655,120,0,0,15,1000,0,59.5645,0,0
15,allocate_send_arrival,0,S00,5,terminal,0,51642,6,0,0,15,1000,0,59.5645,0,0
15,allocate_send_arrival,0,S00,5,terminal,0,51648,125,0,0,15,1000,0,62.5,0,0
15,allocate_send_arrival,0,S00,5,terminal,0,51647,21,0,0,15,1000,0,39.932,0,0
15,allocate_send_arrival,0,S00,5,terminal,0,51640,34,0,0,15,1000,0,40.7016,0,0
15,allocate_send_arrival,0,S00,5,terminal,0,51651,87,0,0,15,1000,0,62.5,0,0
15,allocate_send_arrival,0,S00,5,terminal,0,51654,104,0,0,15,1000,0,62.5,0,0
15,allocate_send_arrival,0,S00,5,terminal,0,51644,28,0,0,15,1000,0,62.5,0,0
15,allocate_send_arrival,0,S00,5,terminal,0,51646,57,0,0,15,1000,0,62.5,0,0
15,allocate_send_arrival,43,S22,0,switch,0,51651,87,0,0,15,203.304,0,62.5,0,0
15,allocate_send_arrival,54,S31,1,switch,37,51654,104,0,0,15,242.335,0,62.5,0,0
15,allocate_send_arrival,1,S01,0,switch,0,51641,96,0,0,15,159.728,0,14.932,25,0
15,enqueue_residual,1,S01,0,switch,0,51641,96,0,0,15,159.728,0,0,25,0
15,allocate_send_arrival,1,S01,0,switch,0,51649,12,0,0,15,159.728,0,14.932,25,0
15,enqueue_residual,1,S01,0,switch,0,51649,12,0,0,15,159.728,0,0,25,0
15,allocate_send_arrival,1,S01,0,switch,0,51650,20,0,0,15,159.728,0,14.932,25,0
15,enqueue_residual,1,S01,0,switch,0,51650,20,0,0,15,159.728,0,0,25,0
15,allocate_send_arrival,1,S01,0,switch,0,51647,21,0,0,15,159.728,0,14.932,25,0
15,enqueue_residual,1,S01,0,switch,0,51647,21,0,0,15,159.728,0,0,25,0
15,allocate_send_arrival,38,S42,0,switch,42,51655,120,0,0,15,176.64,0,59.5645,0,0
15,allocate_send_arrival,37,S32,0,switch,0,51654,104,0,0,15,103.31,0,62.5,0,0
15,allocate_send_arrival,17,S35,1,switch,56,51643,35,0,0,15,252.252,0,40.7016,0,0
15,allocate_send_arrival,17,S35,1,switch,56,51640,34,0,0,15,252.252,0,40.7016,0,0
15,allocate_send_arrival,60,S44,0,switch,18,51655,120,0,0,15,203.923,0,59.5645,0,0
15,allocate_send_arrival,62,S56,1,switch,34,51648,125,0,0,15,238.377,0,62.5,0,0
15,allocate_send_arrival,5,S63,0,switch,0,51644,28,0,0,15,259.679,0,62.5,0,0
15,allocate_send_arrival,5,S63,0,switch,0,51648,125,0,0,15,259.679,0,62.5,0,0
15,allocate_send_arrival,5,S63,0,switch,0,51646,57,0,0,15,259.679,0,62.5,0,0
15,allocate_send_arrival,50,S38,2,switch,4,51652,122,0,0,15,290.506,0,40.7016,0,0
15,allocate_send_arrival,50,S38,2,switch,4,51653,15,0,0,15,290.506,0,40.7016,0,0
15,allocate_send_arrival,50,S38,2,switch,4,51645,103,0,0,15,290.506,0,40.7016,0,0
15,allocate_send_arrival,48,S50,3,switch,10,51641,96,0,0,15,118.54,0,39.932,0,0
15,allocate_send_arrival,3,S27,0,switch,0,51655,120,0,0,15,119.129,0,37.4144,22.1501,0
15,enqueue_residual,3,S27,0,switch,0,51655,120,0,0,15,119.129,0,0,22.1501,0
15,allocate_send_arrival,3,S27,0,switch,0,51642,6,0,0,15,119.129,0,37.4144,22.1501,0
15,enqueue_residual,3,S27,0,switch,0,51642,6,0,0,15,119.129,0,0,22.1501,0
15,allocate_send_arrival,61,S46,1,switch,57,51653,15,0,0,15,199.213,0,40.7016,0,0
15,allocate_send_arrival,61,S46,1,switch,57,51652,122,0,0,15,199.213,0,40.7016,0,0
15,allocate_send_arrival,6,S02,0,switch,1,51649,12,0,0,15,138.732,0,39.932,0,0
15,allocate_send_arrival,28,S12,1,switch,29,51646,57,0,0,15,167.904,0,62.5,0,0
15,allocate_send_arrival,18,S43,0,switch,38,51655,120,0,0,15,157.659,0,59.5645,0,0
15,allocate_send_arrival,52,S30,2,switch,54,51654,104,0,0,15,164.752,0,62.5,0,0
15,allocate_send_arrival,29,S13,5,switch,31,51646,57,0,0,15,131.191,0,62.5,0,0
16,allocate_send_buffered,1,S01,0,switch,0,51641,96,0,0,16,159.728,100,25,0,0
16,allocate_send_buffered,1,S01,0,switch,0,51649,12,0,0,16,159.728,100,25,0,0
16,allocate_send_buffered,1,S01,0,switch,0,51650,20,0,0,16,159.728,100,25,0,0
16,allocate_send_buffered,1,S01,0,switch,0,51647,21,0,0,16,159.728,100,25,0,0
16,allocate_send_buffered,3,S27,0,switch,0,51655,120,0,0,16,119.129,44.3001,22.1501,0,0
16,allocate_send_buffered,3,S27,0,switch,0,51642,6,0,0,16,119.129,44.3001,22.1501,0,0
16,allocate_send_buffered,4,S37,0,switch,0,51640,34,0,0,16,203.508,100,20,0,0
16,allocate_send_buffered,4,S37,0,switch,0,51653,15,0,0,16,203.508,100,20,0,0
16,allocate_send_buffered,4,S37,0,switch,0,51645,103,0,0,16,203.508,100,20,0,0
16,allocate_send_buffered,4,S37,0,switch,0,51652,122,0,0,16,203.508,100,20,0,0
16,allocate_send_buffered,4,S37,0,switch,0,51643,35,0,0,16,203.508,100,20,0,0
16,stage_arrival,0,S00,5,terminal,0,51641,96,0,0,16,1000,0,0,25,0
16,stage_arrival,0,S00,5,terminal,0,51655,120,0,0,16,1000,0,0,37.4144,0
16,stage_arrival,31,S62,3,switch,5,51646,57,0,0,16,238.676,0,0,62.5,0
16,stage_arrival,0,S00,5,terminal,0,51642,6,0,0,16,1000,0,0,37.4144,0
16,stage_arrival,1,S01,0,switch,0,51647,21,0,0,16,159.728,0,0,39.932,0
16,stage_arrival,4,S37,0,switch,0,51652,122,0,0,16,203.508,0,0,40.7016,0
16,stage_arrival,0,S00,5,terminal,0,51640,34,0,0,16,1000,0,0,20,0
16,stage_arrival_coalesce,0,S00,5,terminal,0,51640,34,0,0,16,1000,0,0,40.7016,0
16,stage_arrival,0,S00,5,terminal,0,51650,20,0,0,16,1000,0,0,14.932,0
16,stage_arrival,56,S36,2,switch,4,51643,35,0,0,16,112.305,0,0,40.7016,0
16,stage_arrival,0,S00,5,terminal,0,51643,35,0,0,16,1000,0,0,20.7016,0
16,stage_arrival,29,S13,5,switch,31,51646,57,0,0,16,131.191,0,0,62.5,0
16,stage_arrival,0,S00,5,terminal,0,51645,103,0,0,16,1000,0,0,20.7016,0
16,stage_arrival,61,S46,1,switch,57,51653,15,0,0,16,199.213,0,0,40.7016,0
16,stage_arrival,0,S00,5,terminal,0,51644,28,0,0,16,1000,0,0,62.5,0
16,stage_arrival_coalesce,0,S00,5,terminal,0,51655,120,0,0,16,1000,0,0,59.5645,0
16,stage_arrival_coalesce,0,S00,5,terminal,0,51643,35,0,0,16,1000,0,0,40.7016,0
16,stage_arrival,4,S37,0,switch,0,51640,34,0,0,16,203.508,0,0,40.7016,0
16,stage_arrival,38,S42,0,switch,42,51655,120,0,0,16,176.64,0,0,59.5645,0
16,stage_arrival,18,S43,0,switch,38,51655,120,0,0,16,157.659,0,0,59.5645,0
16,stage_arrival,0,S00,5,terminal,0,51647,21,0,0,16,1000,0,0,25,0
16,stage_arrival,0,S00,5,terminal,0,51648,125,0,0,16,1000,0,0,62.5,0
16,stage_arrival,4,S37,0,switch,0,51645,103,0,0,16,203.508,0,0,40.7016,0
16,stage_arrival,61,S46,1,switch,57,51652,122,0,0,16,199.213,0,0,40.7016,0
16,stage_arrival,0,S00,5,terminal,0,51653,15,0,0,16,1000,0,0,20.7016,0
16,stage_arrival,0,S00,5,terminal,0,51649,12,0,0,16,1000,0,0,14.932,0
16,stage_arrival,10,S61,0,switch,1,51650,20,0,0,16,227.172,25.6638,0,39.932,0
16,stage_arrival,4,S37,0,switch,0,51653,15,0,0,16,203.508,0,0,40.7016,0
16,stage_arrival,57,S47,1,switch,50,51645,103,0,0,16,259.289,0,0,40.7016,0
16,stage_arrival_coalesce,0,S00,5,terminal,0,51653,15,0,0,16,1000,0,0,40.7016,0
16,stage_arrival,28,S12,1,switch,29,51646,57,0,0,16,167.904,0,0,62.5,0
16,stage_arrival,56,S36,2,switch,4,51640,34,0,0,16,112.305,0,0,40.7016,0
16,stage_arrival,7,S45,2,switch,61,51653,15,0,0,16,100.666,0,0,40.7016,0
16,stage_arrival,50,S38,2,switch,4,51653,15,0,0,16,290.506,0,0,40.7016,0
16,stage_arrival,0,S00,5,terminal,0,51652,122,0,0,16,1000,0,0,20,0
16,stage_arrival_coalesce,0,S00,5,terminal,0,51649,12,0,0,16,1000,0,0,39.932,0
16,stage_arrival,42,S20,2,switch,3,51655,120,0,0,16,251.806,0,0,59.5645,0
16,stage_arrival,14,S58,4,switch,5,51648,125,0,0,16,193.819,0,0,62.5,0
16,stage_arrival_coalesce,0,S00,5,terminal,0,51650,20,0,0,16,1000,0,0,39.932,0
16,stage_arrival,3,S27,0,switch,0,51655,120,0,0,16,119.129,0,0,59.5645,0
16,stage_arrival,57,S47,1,switch,50,51653,15,0,0,16,259.289,0,0,40.7016,0
16,stage_arrival,1,S01,0,switch,0,51641,96,0,0,16,159.728,0,0,39.932,0
16,stage_arrival_coalesce,0,S00,5,terminal,0,51641,96,0,0,16,1000,0,0,39.932,0
16,stage_arrival,50,S38,2,switch,4,51652,122,0,0,16,290.506,0,0,40.7016,0
16,stage_arrival,48,S50,3,switch,10,51641,96,0,0,16,118.54,0,0,39.932,0
16,stage_arrival,3,S27,0,switch,0,51642,6,0,0,16,119.129,0,0,59.5645,0
16,stage_arrival,6,S02,0,switch,1,51649,12,0,0,16,138.732,0,0,39.932,0
16,stage_arrival,4,S37,0,switch,0,51643,35,0,0,16,203.508,0,0,40.7016,0
16,stage_arrival,10,S61,0,switch,1,51647,21,0,0,16,227.172,25.6638,0,39.932,0
16,stage_arrival,17,S35,1,switch,56,51640,34,0,0,16,252.252,0,0,40.7016,0
16,stage_arrival,54,S31,1,switch,37,51654,104,0,0,16,242.335,0,0,62.5,0
16,stage_arrival,50,S38,2,switch,4,51645,103,0,0,16,290.506,0,0,40.7016,0
16,stage_arrival,5,S63,0,switch,0,51646,57,0,0,16,259.679,0,0,62.5,0
16,stage_arrival_coalesce,0,S00,5,terminal,0,51645,103,0,0,16,1000,0,0,40.7016,0
16,stage_arrival,52,S30,2,switch,54,51654,104,0,0,16,164.752,0,0,62.5,0
16,stage_arrival,0,S00,5,terminal,0,51646,57,0,0,16,1000,0,0,62.5,0
16,stage_arrival,5,S63,0,switch,0,51644,28,0,0,16,259.679,0,0,62.5,0
16,stage_arrival,60,S44,0,switch,18,51655,120,0,0,16,203.923,0,0,59.5645,0
16,stage_arrival,5,S63,0,switch,0,51648,125,0,0,16,259.679,0,0,62.5,0
16,stage_arrival,0,S00,5,terminal,0,51654,104,0,0,16,1000,0,0,62.5,0
16,stage_arrival_coalesce,0,S00,5,terminal,0,51642,6,0,0,16,1000,0,0,59.5645,0
16,stage_arrival,37,S32,0,switch,0,51654,104,0,0,16,103.31,0,0,62.5,0
16,stage_arrival,1,S01,0,switch,0,51649,12,0,0,16,159.728,0,0,39.932,0
16,stage_arrival,51,S48,0,switch,57,51645,103,0,0,16,201.033,0,0,40.7016,0
16,stage_arrival,43,S22,0,switch,0,51651,87,0,0,16,203.304,0,0,62.5,0
16,stage_arrival,14,S58,4,switch,5,51644,28,0,0,16,193.819,0,0,62.5,0
16,stage_arrival,62,S56,1,switch,34,51648,125,0,0,16,238.377,0,0,62.5,0
16,stage_arrival,17,S35,1,switch,56,51643,35,0,0,16,252.252,0,0,40.7016,0
16,stage_arrival_coalesce,0,S00,5,terminal,0,51647,21,0,0,16,1000,0,0,39.932,0
16,stage_arrival_coalesce,0,S00,5,terminal,0,51652,122,0,0,16,1000,0,0,40.7016,0
16,stage_arrival,0,S00,5,terminal,0,51651,87,0,0,16,1000,0,0,62.5,0
16,stage_arrival,1,S01,0,switch,0,51650,20,0,0,16,159.728,0,0,39.932,0
16,stage_arrival,10,S61,0,switch,1,51641,96,0,0,16,227.172,25.6638,0,39.932,0
16,stage_arrival,34,S57,2,switch,14,51648,125,0,0,16,113.541,0,0,62.5,0
16,stage_arrival,57,S47,1,switch,50,51652,122,0,0,16,259.289,0,0,40.7016,0
16,allocate_send_arrival,48,S50,3,switch,10,51641,96,0,0,16,118.54,0,39.932,0,0
16,allocate_send_arrival,10,S61,0,switch,1,51650,20,0,0,16,227.172,25.6638,39.932,0,0
16,allocate_send_arrival,10,S61,0,switch,1,51647,21,0,0,16,227.172,25.6638,39.932,0,0
16,allocate_send_arrival,10,S61,0,switch,1,51641,96,0,0,16,227.172,25.6638,39.932,0,0
16,allocate_send_arrival,54,S31,1,switch,37,51654,104,0,0,16,242.335,0,62.5,0,0
16,allocate_send_arrival,31,S62,3,switch,5,51646,57,0,0,16,238.676,0,62.5,0,0
16,allocate_send_arrival,28,S12,1,switch,29,51646,57,0,0,16,167.904,0,62.5,0,0
16,allocate_send_arrival,7,S45,2,switch,61,51653,15,0,0,16,100.666,0,40.7016,0,0
16,allocate_send_arrival,51,S48,0,switch,57,51645,103,0,0,16,201.033,0,40.7016,0,0
16,allocate_send_arrival,5,S63,0,switch,0,51646,57,0,0,16,259.679,0,62.5,0,0
16,allocate_send_arrival,5,S63,0,switch,0,51644,28,0,0,16,259.679,0,62.5,0,0
16,allocate_send_arrival,5,S63,0,switch,0,51648,125,0,0,16,259.679,0,62.5,0,0
16,allocate_send_arrival,43,S22,0,switch,0,51651,87,0,0,16,203.304,0,62.5,0,0
16,allocate_send_arrival,60,S44,0,switch,18,51655,120,0,0,16,203.923,0,59.5645,0,0
16,allocate_send_arrival,14,S58,4,switch,5,51648,125,0,0,16,193.819,0,62.5,0,0
16,allocate_send_arrival,14,S58,4,switch,5,51644,28,0,0,16,193.819,0,62.5,0,0
16,allocate_send_arrival,4,S37,0,switch,0,51652,122,0,0,16,203.508,0,20.7016,20,0
16,enqueue_residual,4,S37,0,switch,0,51652,122,0,0,16,203.508,0,0,20,0
16,allocate_send_arrival,4,S37,0,switch,0,51640,34,0,0,16,203.508,0,20.7016,20,0
16,enqueue_residual,4,S37,0,switch,0,51640,34,0,0,16,203.508,0,0,20,0
16,allocate_send_arrival,4,S37,0,switch,0,51645,103,0,0,16,203.508,0,20.7016,20,0
16,enqueue_residual,4,S37,0,switch,0,51645,103,0,0,16,203.508,0,0,20,0
16,allocate_send_arrival,4,S37,0,switch,0,51653,15,0,0,16,203.508,0,20.7016,20,0
16,enqueue_residual,4,S37,0,switch,0,51653,15,0,0,16,203.508,0,0,20,0
16,allocate_send_arrival,4,S37,0,switch,0,51643,35,0,0,16,203.508,0,20.7016,20,0
16,enqueue_residual,4,S37,0,switch,0,51643,35,0,0,16,203.508,0,0,20,0
16,allocate_send_arrival,61,S46,1,switch,57,51653,15,0,0,16,199.213,0,40.7016,0,0
16,allocate_send_arrival,61,S46,1,switch,57,51652,122,0,0,16,199.213,0,40.7016,0,0
16,allocate_send_arrival,42,S20,2,switch,3,51655,120,0,0,16,251.806,0,59.5645,0,0
16,allocate_send_arrival,38,S42,0,switch,42,51655,120,0,0,16,176.64,0,59.5645,0,0
16,allocate_send_arrival,57,S47,1,switch,50,51645,103,0,0,16,259.289,0,40.7016,0,0
16,allocate_send_arrival,57,S47,1,switch,50,51653,15,0,0,16,259.289,0,40.7016,0,0
16,allocate_send_arrival,57,S47,1,switch,50,51652,122,0,0,16,259.289,0,40.7016,0,0
16,allocate_send_arrival,62,S56,1,switch,34,51648,125,0,0,16,238.377,0,62.5,0,0
16,allocate_send_arrival,56,S36,2,switch,4,51643,35,0,0,16,112.305,0,40.7016,0,0
16,allocate_send_arrival,56,S36,2,switch,4,51640,34,0,0,16,112.305,0,40.7016,0,0
16,allocate_send_arrival,29,S13,5,switch,31,51646,57,0,0,16,131.191,0,62.5,0,0
16,allocate_send_arrival,3,S27,0,switch,0,51655,120,0,0,16,119.129,0,37.4144,22.1501,0
16,enqueue_residual,3,S27,0,switch,0,51655,120,0,0,16,119.129,0,0,22.1501,0
16,allocate_send_arrival,3,S27,0,switch,0,51642,6,0,0,16,119.129,0,37.4144,22.1501,0
16,enqueue_residual,3,S27,0,switch,0,51642,6,0,0,16,119.129,0,0,22.1501,0
16,allocate_send_arrival,50,S38,2,switch,4,51653,15,0,0,16,290.506,0,40.7016,0,0
16,allocate_send_arrival,50,S38,2,switch,4,51652,122,0,0,16,290.506,0,40.7016,0,0
16,allocate_send_arrival,50,S38,2,switch,4,51645,103,0,0,16,290.506,0,40.7016,0,0
16,allocate_send_arrival,52,S30,2,switch,54,51654,104,0,0,16,164.752,0,62.5,0,0
16,allocate_send_arrival,17,S35,1,switch,56,51640,34,0,0,16,252.252,0,40.7016,0,0
16,allocate_send_arrival,17,S35,1,switch,56,51643,35,0,0,16,252.252,0,40.7016,0,0
16,allocate_send_arrival,1,S01,0,switch,0,51647,21,0,0,16,159.728,0,14.932,25,0
16,enqueue_residual,1,S01,0,switch,0,51647,21,0,0,16,159.728,0,0,25,0
16,allocate_send_arrival,1,S01,0,switch,0,51641,96,0,0,16,159.728,0,14.932,25,0
16,enqueue_residual,1,S01,0,switch,0,51641,96,0,0,16,159.728,0,0,25,0
16,allocate_send_arrival,1,S01,0,switch,0,51649,12,0,0,16,159.728,0,14.932,25,0
16,enqueue_residual,1,S01,0,switch,0,51649,12,0,0,16,159.728,0,0,25,0
16,allocate_send_arrival,1,S01,0,switch,0,51650,20,0,0,16,159.728,0,14.932,25,0
16,enqueue_residual,1,S01,0,switch,0,51650,20,0,0,16,159.728,0,0,25,0
16,allocate_send_arrival,0,S00,5,terminal,0,51641,96,0,0,16,1000,0,39.932,0,0
16,allocate_send_arrival,0,S00,5,terminal,0,51655,120,0,0,16,1000,0,59.5645,0,0
16,allocate_send_arrival,0,S00,5,terminal,0,51642,6,0,0,16,1000,0,59.5645,0,0
16,allocate_send_arrival,0,S00,5,terminal,0,51640,34,0,0,16,1000,0,40.7016,0,0
16,allocate_send_arrival,0,S00,5,terminal,0,51650,20,0,0,16,1000,0,39.932,0,0
16,allocate_send_arrival,0,S00,5,terminal,0,51643,35,0,0,16,1000,0,40.7016,0,0
16,allocate_send_arrival,0,S00,5,terminal,0,51645,103,0,0,16,1000,0,40.7016,0,0
16,allocate_send_arrival,0,S00,5,terminal,0,51644,28,0,0,16,1000,0,62.5,0,0
16,allocate_send_arrival,0,S00,5,terminal,0,51647,21,0,0,16,1000,0,39.932,0,0
16,allocate_send_arrival,0,S00,5,terminal,0,51648,125,0,0,16,1000,0,62.5,0,0
16,allocate_send_arrival,0,S00,5,terminal,0,51653,15,0,0,16,1000,0,40.7016,0,0
16,allocate_send_arrival,0,S00,5,terminal,0,51649,12,0,0,16,1000,0,39.932,0,0
16,allocate_send_arrival,0,S00,5,terminal,0,51652,122,0,0,16,1000,0,40.7016,0,0
16,allocate_send_arrival,0,S00,5,terminal,0,51646,57,0,0,16,1000,0,62.5,0,0
16,allocate_send_arrival,0,S00,5,terminal,0,51654,104,0,0,16,1000,0,62.5,0,0
16,allocate_send_arrival,0,S00,5,terminal,0,51651,87,0,0,16,1000,0,62.5,0,0
16,allocate_send_arrival,18,S43,0,switch,38,51655,120,0,0,16,157.659,0,59.5645,0,0
16,allocate_send_arrival,34,S57,2,switch,14,51648,125,0,0,16,113.541,0,62.5,0,0
16,allocate_send_arrival,37,S32,0,switch,0,51654,104,0,0,16,103.31,0,62.5,0,0
16,allocate_send_arrival,6,S02,0,switch,1,51649,12,0,0,16,138.732,0,39.932,0,0
17,allocate_send_buffered,1,S01,0,switch,0,51647,21,0,0,17,159.728,100,25,0,0
17,allocate_send_buffered,1,S01,0,switch,0,51641,96,0,0,17,159.728,100,25,0,0
17,allocate_send_buffered,1,S01,0,switch,0,51649,12,0,0,17,159.728,100,25,0,0
17,allocate_send_buffered,1,S01,0,switch,0,51650,20,0,0,17,159.728,100,25,0,0
17,allocate_send_buffered,4,S37,0,switch,0,51652,122,0,0,17,203.508,100,20,0,0
17,allocate_send_buffered,4,S37,0,switch,0,51640,34,0,0,17,203.508,100,20,0,0
17,allocate_send_buffered,4,S37,0,switch,0,51645,103,0,0,17,203.508,100,20,0,0
17,allocate_send_buffered,4,S37,0,switch,0,51653,15,0,0,17,203.508,100,20,0,0
17,allocate_send_buffered,4,S37,0,switch,0,51643,35,0,0,17,203.508,100,20,0,0
17,allocate_send_buffered,3,S27,0,switch,0,51655,120,0,0,17,119.129,44.3001,22.1501,0,0
17,allocate_send_buffered,3,S27,0,switch,0,51642,6,0,0,17,119.129,44.3001,22.1501,0,0
17,stage_arrival,7,S45,2,switch,61,51653,15,0,0,17,100.666,0,0,40.7016,0
17,stage_arrival,61,S46,1,switch,57,51653,15,0,0,17,199.213,0,0,40.7016,0
17,stage_arrival,0,S00,5,terminal,0,51651,87,0,0,17,1000,0,0,62.5,0
17,stage_arrival,0,S00,5,terminal,0,51647,21,0,0,17,1000,0,0,25,0
17,stage_arrival_coalesce,0,S00,5,terminal,0,51647,21,0,0,17,1000,0,0,39.932,0
17,stage_arrival,14,S58,4,switch,5,51648,125,0,0,17,193.819,0,0,62.5,0
17,stage_arrival,37,S32,0,switch,0,51654,104,0,0,17,103.31,0,0,62.5,0
17,stage_arrival,4,S37,0,switch,0,51653,15,0,0,17,203.508,0,0,40.7016,0
17,stage_arrival,34,S57,2,switch,14,51648,125,0,0,17,113.541,0,0,62.5,0
17,stage_arrival,0,S00,5,terminal,0,51655,120,0,0,17,1000,0,0,37.4144,0
17,stage_arrival,18,S43,0,switch,38,51655,120,0,0,17,157.659,0,0,59.5645,0
17,stage_arrival,0,S00,5,terminal,0,51644,28,0,0,17,1000,0,0,62.5,0
17,stage_arrival,10,S61,0,switch,1,51647,21,0,0,17,227.172,25.6638,0,39.932,0
17,stage_arrival,10,S61,0,switch,1,51650,20,0,0,17,227.172,25.6638,0,39.932,0
17,stage_arrival,1,S01,0,switch,0,51647,21,0,0,17,159.728,0,0,39.932,0
17,stage_arrival,42,S20,2,switch,3,51655,120,0,0,17,251.806,0,0,59.5645,0
17,stage_arrival,6,S02,0,switch,1,51649,12,0,0,17,138.732,0,0,39.932,0
17,stage_arrival,0,S00,5,terminal,0,51645,103,0,0,17,1000,0,0,20.7016,0
17,stage_arrival,0,S00,5,terminal,0,51649,12,0,0,17,1000,0,0,25,0
17,stage_arrival,0,S00,5,terminal,0,51640,34,0,0,17,1000,0,0,20,0
17,stage_arrival,57,S47,1,switch,50,51652,122,0,0,17,259.289,0,0,40.7016,0
17,stage_arrival,5,S63,0,switch,0,51648,125,0,0,17,259.679,0,0,62.5,0
17,stage_arrival,0,S00,5,terminal,0,51642,6,0,0,17,1000,0,0,22.1501,0
17,stage_arrival,0,S00,5,terminal,0,51653,15,0,0,17,1000,0,0,20.7016,0
17,stage_arrival,4,S37,0,switch,0,51652,122,0,0,17,203.508,0,0,40.7016,0
17,stage_arrival,5,S63,0,switch,0,51644,28,0,0,17,259.679,0,0,62.5,0
17,stage_arrival_coalesce,0,S00,5,terminal,0,51640,34,0,0,17,1000,0,0,40.7016,0
17,stage_arrival,54,S31,1,switch,37,51654,104,0,0,17,242.335,0,0,62.5,0
17,stage_arrival,0,S00,5,terminal,0,51643,35,0,0,17,1000,0,0,20.7016,0
17,stage_arrival,56,S36,2,switch,4,51643,35,0,0,17,112.305,0,0,40.7016,0
17,stage_arrival,14,S58,4,switch,5,51644,28,0,0,17,193.819,0,0,62.5,0
17,stage_arrival,0,S00,5,terminal,0,51646,57,0,0,17,1000,0,0,62.5,0
17,stage_arrival,1,S01,0,switch,0,51641,96,0,0,17,159.728,0,0,39.932,0
17,stage_arrival,4,S37,0,switch,0,51640,34,0,0,17,203.508,0,0,40.7016,0
17,stage_arrival,0,S00,5,terminal,0,51648,125,0,0,17,1000,0,0,62.5,0
17,stage_arrival,5,S63,0,switch,0,51646,57,0,0,17,259.679,0,0,62.5,0
17,stage_arrival,0,S00,5,terminal,0,51641,96,0,0,17,1000,0,0,25,0
17,stage_arrival,0,S00,5,terminal,0,51650,20,0,0,17,1000,0,0,14.932,0
17,stage_arrival_coalesce,0,S00,5,terminal,0,51650,20,0,0,17,1000,0,0,39.932,0
17,stage_arrival,1,S01,0,switch,0,51649,12,0,0,17,159.728,0,0,39.932,0
17,stage_arrival,4,S37,0,switch,0,51643,35,0,0,17,203.508,0,0,40.7016,0
17,stage_arrival,0,S00,5,terminal,0,51654,104,0,0,17,1000,0,0,62.5,0
17,stage_arrival_coalesce,0,S00,5,terminal,0,51643,35,0,0,17,1000,0,0,40.7016,0
17,stage_arrival,17,S35,1,switch,56,51640,34,0,0,17,252.252,0,0,40.7016,0
17,stage_arrival,48,S50,3,switch,10,51641,96,0,0,17,118.54,0,0,39.932,0
17,stage_arrival,17,S35,1,switch,56,51643,35,0,0,17,252.252,0,0,40.7016,0
17,stage_arrival,52,S30,2,switch,54,51654,104,0,0,17,164.752,0,0,62.5,0
17,stage_arrival,61,S46,1,switch,57,51652,122,0,0,17,199.213,0,0,40.7016,0
17,stage_arrival,50,S38,2,switch,4,51645,103,0,0,17,290.506,0,0,40.7016,0
17,stage_arrival_coalesce,0,S00,5,terminal,0,51655,120,0,0,17,1000,0,0,59.5645,0
17,stage_arrival,4,S37,0,switch,0,51645,103,0,0,17,203.508,0,0,40.7016,0
17,stage_arrival,57,S47,1,switch,50,51653,15,0,0,17,259.289,0,0,40.7016,0
17,stage_arrival_coalesce,0,S00,5,terminal,0,51641,96,0,0,17,1000,0,0,39.932,0
17,stage_arrival,0,S00,5,terminal,0,51652,122,0,0,17,1000,0,0,20,0
17,stage_arrival,62,S56,1,switch,34,51648,125,0,0,17,238.377,0,0,62.5,0
17,stage_arrival,29,S13,5,switch,31,51646,57,0,0,17,131.191,0,0,62.5,0
17,stage_arrival,60,S44,0,switch,18,51655,120,0,0,17,203.923,0,0,59.5645,0
17,stage_arrival_coalesce,0,S00,5,terminal,0,51645,103,0,0,17,1000,0,0,40.7016,0
17,stage_arrival,31,S62,3,switch,5,51646,57,0,0,17,238.676,0,0,62.5,0
17,stage_arrival,57,S47,1,switch,50,51645,103,0,0,17,259.289,0,0,40.7016,0
17,stage_arrival_coalesce,0,S00,5,terminal,0,51642,6,0,0,17,1000,0,0,59.5645,0
17,stage_arrival,3,S27,0,switch,0,51642,6,0,0,17,119.129,0,0,59.5645,0
17,stage_arrival,56,S36,2,switch,4,51640,34,0,0,17,112.305,0,0,40.7016,0
17,stage_arrival,50,S38,2,switch,4,51652,122,0,0,17,290.506,0,0,40.7016,0
17,stage_arrival,43,S22,0,switch,0,51651,87,0,0,17,203.304,0,0,62.5,0
17,stage_arrival_coalesce,0,S00,5,terminal,0,51652,122,0,0,17,1000,0,0,40.7016,0
17,stage_arrival_coalesce,0,S00,5,terminal,0,51649,12,0,0,17,1000,0,0,39.932,0
17,stage_arrival,38,S42,0,switch,42,51655,120,0,0,17,176.64,0,0,59.5645,0
17,stage_arrival,51,S48,0,switch,57,51645,103,0,0,17,201.033,0,0,40.7016,0
17,stage_arrival,28,S12,1,switch,29,51646,57,0,0,17,167.904,0,0,62.5,0
17,stage_arrival,10,S61,0,switch,1,51641,96,0,0,17,227.172,25.6638,0,39.932,0
17,stage_arrival,1,S01,0,switch,0,51650,20,0,0,17,159.728,0,0,39.932,0
17,stage_arrival_coalesce,0,S00,5,terminal,0,51653,15,0,0,17,1000,0,0,40.7016,0
17,stage_arrival,3,S27,0,switch,0,51655,120,0,0,17,119.129,0,0,59.5645,0
17,stage_arrival,50,S38,2,switch,4,51653,15,0,0,17,290.506,0,0,40.7016,0
17,allocate_send_arrival,28,S12,1,switch,29,51646,57,0,0,17,167.904,0,62.5,0,0
17,allocate_send_arrival,48,S50,3,switch,10,51641,96,0,0,17,118.54,0,39.932,0,0
17,allocate_send_arrival,51,S48,0,switch,57,51645,103,0,0,17,201.033,0,40.7016,0,0
17,allocate_send_arrival,42,S20,2,switch,3,51655,120,0,0,17,251.806,0,59.5645,0,0
17,allocate_send_arrival,50,S38,2,switch,4,51645,103,0,0,17,290.506,0,40.7016,0,0
17,allocate_send_arrival,50,S38,2,switch,4,51652,122,0,0,17,290.506,0,40.7016,0,0
17,allocate_send_arrival,50,S38,2,switch,4,51653,15,0,0,17,290.506,0,40.7016,0,0
17,allocate_send_arrival,0,S00,5,terminal,0,51651,87,0,0,17,1000,0,62.5,7.27596e-15,0
17,allocate_send_arrival,0,S00,5,terminal,0,51647,21,0,0,17,1000,0,39.932,0,0
17,allocate_send_arrival,0,S00,5,terminal,0,51655,120,0,0,17,1000,0,59.5645,0,0
17,allocate_send_arrival,0,S00,5,terminal,0,51644,28,0,0,17,1000,0,62.5,7.27596e-15,0
17,allocate_send_arrival,0,S00,5,terminal,0,51645,103,0,0,17,1000,0,40.7016,0,0
17,allocate_send_arrival,0,S00,5,terminal,0,51649,12,0,0,17,1000,0,39.932,0,0
17,allocate_send_arrival,0,S00,5,terminal,0,51640,34,0,0,17,1000,0,40.7016,0,0
17,allocate_send_arrival,0,S00,5,terminal,0,51642,6,0,0,17,1000,0,59.5645,0,0
17,allocate_send_arrival,0,S00,5,terminal,0,51653,15,0,0,17,1000,0,40.7016,0,0
17,allocate_send_arrival,0,S00,5,terminal,0,51643,35,0,0,17,1000,0,40.7016,0,0
17,allocate_send_arrival,0,S00,5,terminal,0,51646,57,0,0,17,1000,0,62.5,7.27596e-15,0
17,allocate_send_arrival,0,S00,5,terminal,0,51648,125,0,0,17,1000,0,62.5,7.27596e-15,0
17,allocate_send_arrival,0,S00,5,terminal,0,51641,96,0,0,17,1000,0,39.932,0,0
17,allocate_send_arrival,0,S00,5,terminal,0,51650,20,0,0,17,1000,0,39.932,0,0
17,allocate_send_arrival,0,S00,5,terminal,0,51654,104,0,0,17,1000,0,62.5,7.27596e-15,0
17,allocate_send_arrival,0,S00,5,terminal,0,51652,122,0,0,17,1000,0,40.7016,0,0
17,allocate_send_arrival,60,S44,0,switch,18,51655,120,0,0,17,203.923,0,59.5645,0,0
17,allocate_send_arrival,31,S62,3,switch,5,51646,57,0,0,17,238.676,0,62.5,0,0
17,allocate_send_arrival,29,S13,5,switch,31,51646,57,0,0,17,131.191,0,62.5,0,0
17,allocate_send_arrival,43,S22,0,switch,0,51651,87,0,0,17,203.304,0,62.5,0,0
17,allocate_send_arrival,10,S61,0,switch,1,51647,21,0,0,17,227.172,25.6638,39.932,0,0
17,allocate_send_arrival,10,S61,0,switch,1,51650,20,0,0,17,227.172,25.6638,39.932,0,0
17,allocate_send_arrival,10,S61,0,switch,1,51641,96,0,0,17,227.172,25.6638,39.932,0,0
17,allocate_send_arrival,5,S63,0,switch,0,51648,125,0,0,17,259.679,0,62.5,0,0
17,allocate_send_arrival,5,S63,0,switch,0,51644,28,0,0,17,259.679,0,62.5,0,0
17,allocate_send_arrival,5,S63,0,switch,0,51646,57,0,0,17,259.679,0,62.5,0,0
17,allocate_send_arrival,7,S45,2,switch,61,51653,15,0,0,17,100.666,0,40.7016,0,0
17,allocate_send_arrival,6,S02,0,switch,1,51649,12,0,0,17,138.732,0,39.932,0,0
17,allocate_send_arrival,1,S01,0,switch,0,51647,21,0,0,17,159.728,0,14.932,25,0
17,enqueue_residual,1,S01,0,switch,0,51647,21,0,0,17,159.728,0,0,25,0
17,allocate_send_arrival,1,S01,0,switch,0,51641,96,0,0,17,159.728,0,14.932,25,0
17,enqueue_residual,1,S01,0,switch,0,51641,96,0,0,17,159.728,0,0,25,0
17,allocate_send_arrival,1,S01,0,switch,0,51649,12,0,0,17,159.728,0,14.932,25,0
17,enqueue_residual,1,S01,0,switch,0,51649,12,0,0,17,159.728,0,0,25,0
17,allocate_send_arrival,1,S01,0,switch,0,51650,20,0,0,17,159.728,0,14.932,25,0
17,enqueue_residual,1,S01,0,switch,0,51650,20,0,0,17,159.728,0,0,25,0
17,allocate_send_arrival,52,S30,2,switch,54,51654,104,0,0,17,164.752,0,62.5,0,0
17,allocate_send_arrival,14,S58,4,switch,5,51648,125,0,0,17,193.819,0,62.5,0,0
17,allocate_send_arrival,14,S58,4,switch,5,51644,28,0,0,17,193.819,0,62.5,0,0
17,allocate_send_arrival,17,S35,1,switch,56,51640,34,0,0,17,252.252,0,40.7016,0,0
17,allocate_send_arrival,17,S35,1,switch,56,51643,35,0,0,17,252.252,0,40.7016,0,0
17,allocate_send_arrival,3,S27,0,switch,0,51642,6,0,0,17,119.129,0,37.4144,22.1501,0
17,enqueue_residual,3,S27,0,switch,0,51642,6,0,0,17,119.129,0,0,22.1501,0
17,allocate_send_arrival,3,S27,0,switch,0,51655,120,0,0,17,119.129,0,37.4144,22.1501,0
17,enqueue_residual,3,S27,0,switch,0,51655,120,0,0,17,119.129,0,0,22.1501,0
17,allocate_send_arrival,34,S57,2,switch,14,51648,125,0,0,17,113.541,0,62.5,0,0
17,allocate_send_arrival,61,S46,1,switch,57,51653,15,0,0,17,199.213,0,40.7016,0,0
17,allocate_send_arrival,61,S46,1,switch,57,51652,122,0,0,17,199.213,0,40.7016,0,0
17,allocate_send_arrival,56,S36,2,switch,4,51643,35,0,0,17,112.305,0,40.7016,0,0
17,allocate_send_arrival,56,S36,2,switch,4,51640,34,0,0,17,112.305,0,40.7016,0,0
17,allocate_send_arrival,38,S42,0,switch,42,51655,120,0,0,17,176.64,0,59.5645,0,0
17,allocate_send_arrival,54,S31,1,switch,37,51654,104,0,0,17,242.335,0,62.5,0,0
17,allocate_send_arrival,37,S32,0,switch,0,51654,104,0,0,17,103.31,0,62.5,0,0
17,allocate_send_arrival,57,S47,1,switch,50,51652,122,0,0,17,259.289,0,40.7016,0,0
17,allocate_send_arrival,57,S47,1,switch,50,51653,15,0,0,17,259.289,0,40.7016,0,0
17,allocate_send_arrival,57,S47,1,switch,50,51645,103,0,0,17,259.289,0,40.7016,0,0
17,allocate_send_arrival,18,S43,0,switch,38,51655,120,0,0,17,157.659,0,59.5645,0,0
17,allocate_send_arrival,62,S56,1,switch,34,51648,125,0,0,17,238.377,0,62.5,0,0
17,allocate_send_arrival,4,S37,0,switch,0,51653,15,0,0,17,203.508,0,20.7016,20,0
17,enqueue_residual,4,S37,0,switch,0,51653,15,0,0,17,203.508,0,0,20,0
17,allocate_send_arrival,4,S37,0,switch,0,51652,122,0,0,17,203.508,0,20.7016,20,0
17,enqueue_residual,4,S37,0,switch,0,51652,122,0,0,17,203.508,0,0,20,0
17,allocate_send_arrival,4,S37,0,switch,0,51640,34,0,0,17,203.508,0,20.7016,20,0
17,enqueue_residual,4,S37,0,switch,0,51640,34,0,0,17,203.508,0,0,20,0
17,allocate_send_arrival,4,S37,0,switch,0,51643,35,0,0,17,203.508,0,20.7016,20,0
17,enqueue_residual,4,S37,0,switch,0,51643,35,0,0,17,203.508,0,0,20,0
17,allocate_send_arrival,4,S37,0,switch,0,51645,103,0,0,17,203.508,0,20.7016,20,0
17,enqueue_residual,4,S37,0,switch,0,51645,103,0,0,17,203.508,0,0,20,0
18,allocate_send_buffered,3,S27,0,switch,0,51642,6,0,0,18,119.129,44.3001,22.1501,0,0
18,allocate_send_buffered,3,S27,0,switch,0,51655,120,0,0,18,119.129,44.3001,22.1501,0,0
18,allocate_send_buffered,1,S01,0,switch,0,51647,21,0,0,18,159.728,100,25,0,0
18,allocate_send_buffered,1,S01,0,switch,0,51641,96,0,0,18,159.728,100,25,0,0
18,allocate_send_buffered,1,S01,0,switch,0,51649,12,0,0,18,159.728,100,25,0,0
18,allocate_send_buffered,1,S01,0,switch,0,51650,20,0,0,18,159.728,100,25,0,0
18,allocate_send_buffered,4,S37,0,switch,0,51653,15,0,0,18,203.508,100,20,0,0
18,allocate_send_buffered,4,S37,0,switch,0,51652,122,0,0,18,203.508,100,20,0,0
18,allocate_send_buffered,4,S37,0,switch,0,51640,34,0,0,18,203.508,100,20,0,0
18,allocate_send_buffered,4,S37,0,switch,0,51643,35,0,0,18,203.508,100,20,0,0
18,allocate_send_buffered,4,S37,0,switch,0,51645,103,0,0,18,203.508,100,20,0,0
18,stage_arrival,29,S13,5,switch,31,51646,57,0,0,18,131.191,0,0,62.5,0
18,stage_arrival,0,S00,5,terminal,0,51649,12,0,0,18,1000,0,0,25,0
18,stage_arrival,17,S35,1,switch,56,51640,34,0,0,18,252.252,0,0,40.7016,0
18,stage_arrival,5,S63,0,switch,0,51644,28,0,0,18,259.679,0,0,62.5,0
18,stage_arrival,5,S63,0,switch,0,51646,57,0,0,18,259.679,0,0,62.5,0
18,stage_arrival,1,S01,0,switch,0,51649,12,0,0,18,159.728,0,0,39.932,0
18,stage_arrival,43,S22,0,switch,0,51651,87,0,0,18,203.304,0,0,62.5,0
18,stage_arrival,17,S35,1,switch,56,51643,35,0,0,18,252.252,0,0,40.7016,0
18,stage_arrival,0,S00,5,terminal,0,51651,87,0,0,18,1000,0,0,62.5,0
18,stage_arrival,0,S00,5,terminal,0,51653,15,0,0,18,1000,0,0,20,0
18,stage_arrival,0,S00,5,terminal,0,51647,21,0,0,18,1000,0,0,14.932,0
18,stage_arrival,14,S58,4,switch,5,51644,28,0,0,18,193.819,0,0,62.5,0
18,stage_arrival,57,S47,1,switch,50,51652,122,0,0,18,259.289,0,0,40.7016,0
18,stage_arrival,54,S31,1,switch,37,51654,104,0,0,18,242.335,0,0,62.5,0
18,stage_arrival,62,S56,1,switch,34,51648,125,0,0,18,238.377,0,0,62.5,0
18,stage_arrival,5,S63,0,switch,0,51648,125,0,0,18,259.679,0,0,62.5,0
18,stage_arrival,0,S00,5,terminal,0,51655,120,0,0,18,1000,0,0,22.1501,0
18,stage_arrival,38,S42,0,switch,42,51655,120,0,0,18,176.64,0,0,59.5645,0
18,stage_arrival,37,S32,0,switch,0,51654,104,0,0,18,103.31,0,0,62.5,0
18,stage_arrival,50,S38,2,switch,4,51645,103,0,0,18,290.506,0,0,40.7016,0
18,stage_arrival_coalesce,0,S00,5,terminal,0,51653,15,0,0,18,1000,0,0,40.7016,0
18,stage_arrival,0,S00,5,terminal,0,51644,28,0,0,18,1000,0,0,62.5,0
18,stage_arrival,4,S37,0,switch,0,51652,122,0,0,18,203.508,0,0,40.7016,0
18,stage_arrival,1,S01,0,switch,0,51641,96,0,0,18,159.728,0,0,39.932,0
18,stage_arrival,42,S20,2,switch,3,51655,120,0,0,18,251.806,0,0,59.5645,0
18,stage_arrival,0,S00,5,terminal,0,51648,125,0,0,18,1000,0,0,62.5,0
18,stage_arrival,0,S00,5,terminal,0,51645,103,0,0,18,1000,0,0,20,0
18,stage_arrival,52,S30,2,switch,54,51654,104,0,0,18,164.752,0,0,62.5,0
18,stage_arrival,6,S02,0,switch,1,51649,12,0,0,18,138.732,0,0,39.932,0
18,stage_arrival,0,S00,5,terminal,0,51652,122,0,0,18,1000,0,0,20,0
18,stage_arrival,14,S58,4,switch,5,51648,125,0,0,18,193.819,0,0,62.5,0
18,stage_arrival,28,S12,1,switch,29,51646,57,0,0,18,167.904,0,0,62.5,0
18,stage_arrival,50,S38,2,switch,4,51652,122,0,0,18,290.506,0,0,40.7016,0
18,stage_arrival,61,S46,1,switch,57,51653,15,0,0,18,199.213,0,0,40.7016,0
18,stage_arrival,18,S43,0,switch,38,51655,120,0,0,18,157.659,0,0,59.5645,0
18,stage_arrival,56,S36,2,switch,4,51643,35,0,0,18,112.305,0,0,40.7016,0
18,stage_arrival,0,S00,5,terminal,0,51650,20,0,0,18,1000,0,0,25,0
18,stage_arrival,10,S61,0,switch,1,51647,21,0,0,18,227.172,25.6638,0,39.932,0
18,stage_arrival,4,S37,0,switch,0,51643,35,0,0,18,203.508,0,0,40.7016,0
18,stage_arrival,0,S00,5,terminal,0,51640,34,0,0,18,1000,0,0,20,0
18,stage_arrival,56,S36,2,switch,4,51640,34,0,0,18,112.305,0,0,40.7016,0
18,stage_arrival,3,S27,0,switch,0,51642,6,0,0,18,119.129,0,0,59.5645,0
18,stage_arrival,10,S61,0,switch,1,51650,20,0,0,18,227.172,25.6638,0,39.932,0
18,stage_arrival,0,S00,5,terminal,0,51646,57,0,0,18,1000,0,0,62.5,0
18,stage_arrival,31,S62,3,switch,5,51646,57,0,0,18,238.676,0,0,62.5,0
18,stage_arrival,51,S48,0,switch,57,51645,103,0,0,18,201.033,0,0,40.7016,0
18,stage_arrival,61,S46,1,switch,57,51652,122,0,0,18,199.213,0,0,40.7016,0
18,stage_arrival,0,S00,5,terminal,0,51641,96,0,0,18,1000,0,0,14.932,0
18,stage_arrival,0,S00,5,terminal,0,51643,35,0,0,18,1000,0,0,20,0
18,stage_arrival,0,S00,5,terminal,0,51642,6,0,0,18,1000,0,0,22.1501,0
18,stage_arrival,50,S38,2,switch,4,51653,15,0,0,18,290.506,0,0,40.7016,0
18,stage_arrival_coalesce,0,S00,5,terminal,0,51645,103,0,0,18,1000,0,0,40.7016,0
18,stage_arrival,60,S44,0,switch,18,51655,120,0,0,18,203.923,0,0,59.5645,0
18,stage_arrival,7,S45,2,switch,61,51653,15,0,0,18,100.666,0,0,40.7016,0
18,stage_arrival,3,S27,0,switch,0,51655,120,0,0,18,119.129,0,0,59.5645,0
18,stage_arrival_coalesce,0,S00,5,terminal,0,51643,35,0,0,18,1000,0,0,40.7016,0
18,stage_arrival,57,S47,1,switch,50,51653,15,0,0,18,259.289,0,0,40.7016,0
18,stage_arrival,4,S37,0,switch,0,51653,15,0,0,18,203.508,0,0,40.7016,0
18,stage_arrival,4,S37,0,switch,0,51645,103,0,0,18,203.508,0,0,40.7016,0
18,stage_arrival_coalesce,0,S00,5,terminal,0,51655,120,0,0,18,1000,0,0,59.5645,0
18,stage_arrival,1,S01,0,switch,0,51647,21,0,0,18,159.728,0,0,39.932,0
18,stage_arrival_coalesce,0,S00,5,terminal,0,51642,6,0,0,18,1000,0,0,59.5645,0
18,stage_arrival_coalesce,0,S00,5,terminal,0,51647,21,0,0,18,1000,0,0,39.932,0
18,stage_arrival,0,S00,5,terminal,0,51654,104,0,0,18,1000,0,0,62.5,0
18,stage_arrival,57,S47,1,switch,50,51645,103,0,0,18,259.289,0,0,40.7016,0
18,stage_arrival_coalesce,0,S00,5,terminal,0,51649,12,0,0,18,1000,0,0,39.932,0
18,stage_arrival,10,S61,0,switch,1,51641,96,0,0,18,227.172,25.6638,0,39.932,0
18,stage_arrival,34,S57,2,switch,14,51648,125,0,0,18,113.541,0,0,62.5,0
18,stage_arrival_coalesce,0,S00,5,terminal,0,51650,20,0,0,18,1000,0,0,39.932,0
18,stage_arrival,48,S50,3,switch,10,51641,96,0,0,18,118.54,0,0,39.932,0
18,stage_arrival_coalesce,0,S00,5,terminal,0,51652,122,0,0,18,1000,0,0,40.7016,0
18,stage_arrival,1,S01,0,switch,0,51650,20,0,0,18,159.728,0,0,39.932,0
18,stage_arrival_coalesce,0,S00,5,terminal,0,51640,34,0,0,18,1000,0,0,40.7016,0
18,stage_arrival_coalesce,0,S00,5,terminal,0,51641,96,0,0,18,1000,0,0,39.932,0
18,stage_arrival,4,S37,0,switch,0,51640,34,0,0,18,203.508,0,0,40.7016,0
18,allocate_send_arrival,60,S44,0,switch,18,51655,120,0,0,18,203.923,0,59.5645,0,0
18,allocate_send_arrival,54,S31,1,switch,37,51654,104,0,0,18,242.335,0,62.5,0,0
18,allocate_send_arrival,51,S48,0,switch,57,51645,103,0,0,18,201.033,0,40.7016,0,0
18,allocate_send_arrival,56,S36,2,switch,4,51643,35,0,0,18,112.305,0,40.7016,0,0
18,allocate_send_arrival,56,S36,2,switch,4,51640,34,0,0,18,112.305,0,40.7016,0,0
18,allocate_send_arrival,1,S01,0,switch,0,51649,12,0,0,18,159.728,0,14.932,25,0
18,enqueue_residual,1,S01,0,switch,0,51649,12,0,0,18,159.728,0,0,25,0
18,allocate_send_arrival,1,S01,0,switch,0,51641,96,0,0,18,159.728,0,14.932,25,0
18,enqueue_residual,1,S01,0,switch,0,51641,96,0,0,18,159.728,0,0,25,0
18,allocate_send_arrival,1,S01,0,switch,0,51647,21,0,0,18,159.728,0,14.932,25,0
18,enqueue_residual,1,S01,0,switch,0,51647,21,0,0,18,159.728,0,0,25,0
18,allocate_send_arrival,1,S01,0,switch,0,51650,20,0,0,18,159.728,0,14.932,25,0
18,enqueue_residual,1,S01,0,switch,0,51650,20,0,0,18,159.728,0,0,25,0
18,allocate_send_arrival,34,S57,2,switch,14,51648,125,0,0,18,113.541,0,62.5,0,0
18,allocate_send_arrival,37,S32,0,switch,0,51654,104,0,0,18,103.31,0,62.5,0,0
18,allocate_send_arrival,48,S50,3,switch,10,51641,96,0,0,18,118.54,0,39.932,0,0
18,allocate_send_arrival,50,S38,2,switch,4,51645,103,0,0,18,290.506,0,40.7016,0,0
18,allocate_send_arrival,50,S38,2,switch,4,51652,122,0,0,18,290.506,0,40.7016,0,0
18,allocate_send_arrival,50,S38,2,switch,4,51653,15,0,0,18,290.506,0,40.7016,0,0
18,allocate_send_arrival,5,S63,0,switch,0,51644,28,0,0,18,259.679,0,62.5,0,0
18,allocate_send_arrival,5,S63,0,switch,0,51646,57,0,0,18,259.679,0,62.5,0,0
18,allocate_send_arrival,5,S63,0,switch,0,51648,125,0,0,18,259.679,0,62.5,0,0
18,allocate_send_arrival,10,S61,0,switch,1,51647,21,0,0,18,227.172,25.6638,39.932,0,0
18,allocate_send_arrival,10,S61,0,switch,1,51650,20,0,0,18,227.172,25.6638,39.932,0,0
18,allocate_send_arrival,10,S61,0,switch,1,51641,96,0,0,18,227.172,25.6638,39.932,0,0
18,allocate_send_arrival,14,S58,4,switch,5,51644,28,0,0,18,193.819,0,62.5,0,0
18,allocate_send_arrival,14,S58,4,switch,5,51648,125,0,0,18,193.819,0,62.5,0,0
18,allocate_send_arrival,61,S46,1,switch,57,51653,15,0,0,18,199.213,0,40.7016,0,0
18,allocate_send_arrival,61,S46,1,switch,57,51652,122,0,0,18,199.213,0,40.7016,0,0
18,allocate_send_arrival,17,S35,1,switch,56,51640,34,0,0,18,252.252,0,40.7016,0,0
18,allocate_send_arrival,17,S35,1,switch,56,51643,35,0,0,18,252.252,0,40.7016,0,0
18,allocate_send_arrival,31,S62,3,switch,5,51646,57,0,0,18,238.676,0,62.5,0,0
18,allocate_send_arrival,38,S42,0,switch,42,51655,120,0,0,18,176.64,0,59.5645,0,0
18,allocate_send_arrival,43,S22,0,switch,0,51651,87,0,0,18,203.304,0,62.5,0,0
18,allocate_send_arrival,29,S13,5,switch,31,51646,57,0,0,18,131.191,0,62.5,0,0
18,allocate_send_arrival,42,S20,2,switch,3,51655,120,0,0,18,251.806,0,59.5645,0,0
18,allocate_send_arrival,4,S37,0,switch,0,51652,122,0,0,18,203.508,0,20.7016,20,0
18,enqueue_residual,4,S37,0,switch,0,51652,122,0,0,18,203.508,0,0,20,0
18,allocate_send_arrival,4,S37,0,switch,0,51643,35,0,0,18,203.508,0,20.7016,20,0
18,enqueue_residual,4,S37,0,switch,0,51643,35,0,0,18,203.508,0,0,20,0
18,allocate_send_arrival,4,S37,0,switch,0,51653,15,0,0,18,203.508,0,20.7016,20,0
18,enqueue_residual,4,S37,0,switch,0,51653,15,0,0,18,203.508,0,0,20,0
18,allocate_send_arrival,4,S37,0,switch,0,51645,103,0,0,18,203.508,0,20.7016,20,0
18,enqueue_residual,4,S37,0,switch,0,51645,103,0,0,18,203.508,0,0,20,0
18,allocate_send_arrival,4,S37,0,switch,0,51640,34,0,0,18,203.508,0,20.7016,20,0
18,enqueue_residual,4,S37,0,switch,0,51640,34,0,0,18,203.508,0,0,20,0
18,allocate_send_arrival,0,S00,5,terminal,0,51649,12,0,0,18,1000,0,39.932,0,0
18,allocate_send_arrival,0,S00,5,terminal,0,51651,87,0,0,18,1000,0,62.5,7.27596e-15,0
18,allocate_send_arrival,0,S00,5,terminal,0,51653,15,0,0,18,1000,0,40.7016,0,0
18,allocate_send_arrival,0,S00,5,terminal,0,51647,21,0,0,18,1000,0,39.932,0,0
18,allocate_send_arrival,0,S00,5,terminal,0,51655,120,0,0,18,1000,0,59.5645,0,0
18,allocate_send_arrival,0,S00,5,terminal,0,51644,28,0,0,18,1000,0,62.5,7.27596e-15,0
18,allocate_send_arrival,0,S00,5,terminal,0,51648,125,0,0,18,1000,0,62.5,7.27596e-15,0
18,allocate_send_arrival,0,S00,5,terminal,0,51645,103,0,0,18,1000,0,40.7016,0,0
18,allocate_send_arrival,0,S00,5,terminal,0,51652,122,0,0,18,1000,0,40.7016,0,0
18,allocate_send_arrival,0,S00,5,terminal,0,51650,20,0,0,18,1000,0,39.932,0,0
18,allocate_send_arrival,0,S00,5,terminal,0,51640,34,0,0,18,1000,0,40.7016,0,0
18,allocate_send_arrival,0,S00,5,terminal,0,51646,57,0,0,18,1000,0,62.5,7.27596e-15,0
18,allocate_send_arrival,0,S00,5,terminal,0,51641,96,0,0,18,1000,0,39.932,0,0
18,allocate_send_arrival,0,S00,5,terminal,0,51643,35,0,0,18,1000,0,40.7016,0,0
18,allocate_send_arrival,0,S00,5,terminal,0,51642,6,0,0,18,1000,0,59.5645,0,0
18,allocate_send_arrival,0,S00,5,terminal,0,51654,104,0,0,18,1000,0,62.5,7.27596e-15,0
18,allocate_send_arrival,62,S56,1,switch,34,51648,125,0,0,18,238.377,0,62.5,0,0
18,allocate_send_arrival,52,S30,2,switch,54,51654,104,0,0,18,164.752,0,62.5,0,0
18,allocate_send_arrival,18,S43,0,switch,38,51655,120,0,0,18,157.659,0,59.5645,0,0
18,allocate_send_arrival,57,S47,1,switch,50,51652,122,0,0,18,259.289,0,40.7016,0,0
18,allocate_send_arrival,57,S47,1,switch,50,51653,15,0,0,18,259.289,0,40.7016,0,0
18,allocate_send_arrival,57,S47,1,switch,50,51645,103,0,0,18,259.289,0,40.7016,0,0
18,allocate_send_arrival,28,S12,1,switch,29,51646,57,0,0,18,167.904,0,62.5,0,0
18,allocate_send_arrival,6,S02,0,switch,1,51649,12,0,0,18,138.732,0,39.932,0,0
18,allocate_send_arrival,3,S27,0,switch,0,51642,6,0,0,18,119.129,0,37.4144,22.1501,0
18,enqueue_residual,3,S27,0,switch,0,51642,6,0,0,18,119.129,0,0,22.1501,0
18,allocate_send_arrival,3,S27,0,switch,0,51655,120,0,0,18,119.129,0,37.4144,22.1501,0
18,enqueue_residual,3,S27,0,switch,0,51655,120,0,0,18,119.129,0,0,22.1501,0
18,allocate_send_arrival,7,S45,2,switch,61,51653,15,0,0,18,100.666,0,40.7016,0,0
19,allocate_send_buffered,4,S37,0,switch,0,51652,122,0,0,19,203.508,100,20,0,0
19,allocate_send_buffered,4,S37,0,switch,0,51643,35,0,0,19,203.508,100,20,0,0
19,allocate_send_buffered,4,S37,0,switch,0,51653,15,0,0,19,203.508,100,20,0,0
19,allocate_send_buffered,4,S37,0,switch,0,51645,103,0,0,19,203.508,100,20,0,0
19,allocate_send_buffered,4,S37,0,switch,0,51640,34,0,0,19,203.508,100,20,0,0
19,allocate_send_buffered,1,S01,0,switch,0,51649,12,0,0,19,159.728,100,25,0,0
19,allocate_send_buffered,1,S01,0,switch,0,51641,96,0,0,19,159.728,100,25,0,0
19,allocate_send_buffered,1,S01,0,switch,0,51647,21,0,0,19,159.728,100,25,0,0
19,allocate_send_buffered,1,S01,0,switch,0,51650,20,0,0,19,159.728,100,25,0,0
19,allocate_send_buffered,3,S27,0,switch,0,51642,6,0,0,19,119.129,44.3001,22.1501,0,0
19,allocate_send_buffered,3,S27,0,switch,0,51655,120,0,0,19,119.129,44.3001,22.1501,0,0
19,stage_arrival,5,S63,0,switch,0,51646,57,0,0,19,259.679,0,0,62.5,0
19,stage_arrival,0,S00,5,terminal,0,51653,15,0,0,19,1000,0,0,20,0
19,stage_arrival,61,S46,1,switch,57,51652,122,0,0,19,199.213,0,0,40.7016,0
19,stage_arrival,4,S37,0,switch,0,51653,15,0,0,19,203.508,0,0,40.7016,0
19,stage_arrival,50,S38,2,switch,4,51645,103,0,0,19,290.506,0,0,40.7016,0
19,stage_arrival,0,S00,5,terminal,0,51644,28,0,0,19,1000,0,0,62.5,0
19,stage_arrival,14,S58,4,switch,5,51644,28,0,0,19,193.819,0,0,62.5,0
19,stage_arrival,0,S00,5,terminal,0,51649,12,0,0,19,1000,0,0,25,0
19,stage_arrival,28,S12,1,switch,29,51646,57,0,0,19,167.904,0,0,62.5,0
19,stage_arrival,34,S57,2,switch,14,51648,125,0,0,19,113.541,0,0,62.5,0
19,stage_arrival,0,S00,5,terminal,0,51646,57,0,0,19,1000,0,0,62.5,0
19,stage_arrival,57,S47,1,switch,50,51652,122,0,0,19,259.289,0,0,40.7016,0
19,stage_arrival,0,S00,5,terminal,0,51654,104,0,0,19,1000,0,0,62.5,0
19,stage_arrival,4,S37,0,switch,0,51652,122,0,0,19,203.508,0,0,40.7016,0
19,stage_arrival,56,S36,2,switch,4,51643,35,0,0,19,112.305,0,0,40.7016,0
19,stage_arrival,4,S37,0,switch,0,51645,103,0,0,19,203.508,0,0,40.7016,0
19,stage_arrival,4,S37,0,switch,0,51640,34,0,0,19,203.508,0,0,40.7016,0
19,stage_arrival,0,S00,5,terminal,0,51643,35,0,0,19,1000,0,0,20.7016,0
19,stage_arrival_coalesce,0,S00,5,terminal,0,51653,15,0,0,19,1000,0,0,40.7016,0
19,stage_arrival,18,S43,0,switch,38,51655,120,0,0,19,157.659,0,0,59.5645,0
19,stage_arrival,10,S61,0,switch,1,51641,96,0,0,19,227.172,25.6638,0,39.932,0
19,stage_arrival,51,S48,0,switch,57,51645,103,0,0,19,201.033,0,0,40.7016,0
19,stage_arrival,0,S00,5,terminal,0,51655,120,0,0,19,1000,0,0,37.4144,0
19,stage_arrival,0,S00,5,terminal,0,51652,122,0,0,19,1000,0,0,20.7016,0
19,stage_arrival,62,S56,1,switch,34,51648,125,0,0,19,238.377,0,0,62.5,0
19,stage_arrival,57,S47,1,switch,50,51645,103,0,0,19,259.289,0,0,40.7016,0
19,stage_arrival,61,S46,1,switch,57,51653,15,0,0,19,199.213,0,0,40.7016,0
19,stage_arrival,50,S38,2,switch,4,51652,122,0,0,19,290.506,0,0,40.7016,0
19,stage_arrival,54,S31,1,switch,37,51654,104,0,0,19,242.335,0,0,62.5,0
19,stage_arrival,5,S63,0,switch,0,51648,125,0,0,19,259.679,0,0,62.5,0
19,stage_arrival,0,S00,5,terminal,0,51647,21,0,0,19,1000,0,0,25,0
19,stage_arrival,48,S50,3,switch,10,51641,96,0,0,19,118.54,0,0,39.932,0
19,stage_arrival,4,S37,0,switch,0,51643,35,0,0,19,203.508,0,0,40.7016,0
19,stage_arrival,56,S36,2,switch,4,51640,34,0,0,19,112.305,0,0,40.7016,0
19,stage_arrival,17,S35,1,switch,56,51640,34,0,0,19,252.252,0,0,40.7016,0
19,stage_arrival,17,S35,1,switch,56,51643,35,0,0,19,252.252,0,0,40.7016,0
19,stage_arrival,0,S00,5,terminal,0,51651,87,0,0,19,1000,0,0,62.5,0
19,stage_arrival,14,S58,4,switch,5,51648,125,0,0,19,193.819,0,0,62.5,0
19,stage_arrival,6,S02,0,switch,1,51649,12,0,0,19,138.732,0,0,39.932,0
19,stage_arrival,10,S61,0,switch,1,51647,21,0,0,19,227.172,25.6638,0,39.932,0
19,stage_arrival,38,S42,0,switch,42,51655,120,0,0,19,176.64,0,0,59.5645,0
19,stage_arrival,0,S00,5,terminal,0,51642,6,0,0,19,1000,0,0,22.1501,0
19,stage_arrival,60,S44,0,switch,18,51655,120,0,0,19,203.923,0,0,59.5645,0
19,stage_arrival_coalesce,0,S00,5,terminal,0,51643,35,0,0,19,1000,0,0,40.7016,0
19,stage_arrival,7,S45,2,switch,61,51653,15,0,0,19,100.666,0,0,40.7016,0
19,stage_arrival,3,S27,0,switch,0,51642,6,0,0,19,119.129,0,0,59.5645,0
19,stage_arrival,1,S01,0,switch,0,51641,96,0,0,19,159.728,0,0,39.932,0
19,stage_arrival,37,S32,0,switch,0,51654,104,0,0,19,103.31,0,0,62.5,0
19,stage_arrival,0,S00,5,terminal,0,51650,20,0,0,19,1000,0,0,14.932,0
19,stage_arrival,0,S00,5,terminal,0,51645,103,0,0,19,1000,0,0,20,0
19,stage_arrival,1,S01,0,switch,0,51647,21,0,0,19,159.728,0,0,39.932,0
19,stage_arrival_coalesce,0,S00,5,terminal,0,51645,103,0,0,19,1000,0,0,40.7016,0
19,stage_arrival_coalesce,0,S00,5,terminal,0,51655,120,0,0,19,1000,0,0,59.5645,0
19,stage_arrival_coalesce,0,S00,5,terminal,0,51642,6,0,0,19,1000,0,0,59.5645,0
19,stage_arrival,3,S27,0,switch,0,51655,120,0,0,19,119.129,0,0,59.5645,0
19,stage_arrival,31,S62,3,switch,5,51646,57,0,0,19,238.676,0,0,62.5,0
19,stage_arrival,57,S47,1,switch,50,51653,15,0,0,19,259.289,0,0,40.7016,0
19,stage_arrival_coalesce,0,S00,5,terminal,0,51649,12,0,0,19,1000,0,0,39.932,0
19,stage_arrival,29,S13,5,switch,31,51646,57,0,0,19,131.191,0,0,62.5,0
19,stage_arrival,0,S00,5,terminal,0,51648,125,0,0,19,1000,0,0,62.5,0
19,stage_arrival,43,S22,0,switch,0,51651,87,0,0,19,203.304,0,0,62.5,0
19,stage_arrival,42,S20,2,switch,3,51655,120,0,0,19,251.806,0,0,59.5645,0
19,stage_arrival,50,S38,2,switch,4,51653,15,0,0,19,290.506,0,0,40.7016,0
19,stage_arrival,0,S00,5,terminal,0,51640,34,0,0,19,1000,0,0,20.7016,0
19,stage_arrival_coalesce,0,S00,5,terminal,0,51640,34,0,0,19,1000,0,0,40.7016,0
19,stage_arrival_coalesce,0,S00,5,terminal,0,51647,21,0,0,19,1000,0,0,39.932,0
19,stage_arrival,5,S63,0,switch,0,51644,28,0,0,19,259.679,0,0,62.5,0
19,stage_arrival,1,S01,0,switch,0,51650,20,0,0,19,159.728,0,0,39.932,0
19,stage_arrival_coalesce,0,S00,5,terminal,0,51650,20,0,0,19,1000,0,0,39.932,0
19,stage_arrival,1,S01,0,switch,0,51649,12,0,0,19,159.728,0,0,39.932,0
19,stage_arrival_coalesce,0,S00,5,terminal,0,51652,122,0,0,19,1000,0,0,40.7016,0
19,stage_arrival,52,S30,2,switch,54,51654,104,0,0,19,164.752,0,0,62.5,0
19,stage_arrival,10,S61,0,switch,1,51650,20,0,0,19,227.172,25.6638,0,39.932,0
19,stage_arrival,0,S00,5,terminal,0,51641,96,0,0,19,1000,0,0,25,0
19,stage_arrival_coalesce,0,S00,5,terminal,0,51641,96,0,0,19,1000,0,0,39.932,0
19,allocate_send_arrival,52,S30,2,switch,54,51654,104,0,0,19,164.752,0,62.5,0,0
19,allocate_send_arrival,17,S35,1,switch,56,51640,34,0,0,19,252.252,0,40.7016,0,0
19,allocate_send_arrival,17,S35,1,switch,56,51643,35,0,0,19,252.252,0,40.7016,0,0
19,allocate_send_arrival,29,S13,5,switch,31,51646,57,0,0,19,131.191,0,62.5,0,0
19,allocate_send_arrival,56,S36,2,switch,4,51643,35,0,0,19,112.305,0,40.7016,0,0
19,allocate_send_arrival,56,S36,2,switch,4,51640,34,0,0,19,112.305,0,40.7016,0,0
19,allocate_send_arrival,10,S61,0,switch,1,51641,96,0,0,19,227.172,25.6638,39.932,0,0
19,allocate_send_arrival,10,S61,0,switch,1,51647,21,0,0,19,227.172,25.6638,39.932,0,0
19,allocate_send_arrival,10,S61,0,switch,1,51650,20,0,0,19,227.172,25.6638,39.932,0,0
19,allocate_send_arrival,18,S43,0,switch,38,51655,120,0,0,19,157.659,0,59.5645,0,0
19,allocate_send_arrival,51,S48,0,switch,57,51645,103,0,0,19,201.033,0,40.7016,0,0
19,allocate_send_arrival,42,S20,2,switch,3,51655,120,0,0,19,251.806,0,59.5645,0,0
19,allocate_send_arrival,38,S42,0,switch,42,51655,120,0,0,19,176.64,0,59.5645,0,0
19,allocate_send_arrival,6,S02,0,switch,1,51649,12,0,0,19,138.732,0,39.932,0,0
19,allocate_send_arrival,0,S00,5,terminal,0,51653,15,0,0,19,1000,0,40.7016,0,0
19,allocate_send_arrival,0,S00,5,terminal,0,51644,28,0,0,19,1000,0,62.5,7.27596e-15,0
19,allocate_send_arrival,0,S00,5,terminal,0,51649,12,0,0,19,1000,0,39.932,0,0
19,allocate_send_arrival,0,S00,5,terminal,0,51646,57,0,0,19,1000,0,62.5,7.27596e-15,0
19,allocate_send_arrival,0,S00,5,terminal,0,51654,104,0,0,19,1000,0,62.5,7.27596e-15,0
19,allocate_send_arrival,0,S00,5,terminal,0,51643,35,0,0,19,1000,0,40.7016,0,0
19,allocate_send_arrival,0,S00,5,terminal,0,51655,120,0,0,19,1000,0,59.5645,0,0
19,allocate_send_arrival,0,S00,5,terminal,0,51652,122,0,0,19,1000,0,40.7016,0,0
19,allocate_send_arrival,0,S00,5,terminal,0,51647,21,0,0,19,1000,0,39.932,0,0
19,allocate_send_arrival,0,S00,5,terminal,0,51651,87,0,0,19,1000,0,62.5,7.27596e-15,0
19,allocate_send_arrival,0,S00,5,terminal,0,51642,6,0,0,19,1000,0,59.5645,0,0
19,allocate_send_arrival,0,S00,5,terminal,0,51650,20,0,0,19,1000,0,39.932,0,0
19,allocate_send_arrival,0,S00,5,terminal,0,51645,103,0,0,19,1000,0,40.7016,0,0
19,allocate_send_arrival,0,S00,5,terminal,0,51648,125,0,0,19,1000,0,62.5,7.27596e-15,0
19,allocate_send_arrival,0,S00,5,terminal,0,51640,34,0,0,19,1000,0,40.7016,0,0
19,allocate_send_arrival,0,S00,5,terminal,0,51641,96,0,0,19,1000,0,39.932,0,0
19,allocate_send_arrival,62,S56,1,switch,34,51648,125,0,0,19,238.377,0,62.5,0,0
19,allocate_send_arrival,4,S37,0,switch,0,51653,15,0,0,19,203.508,0,20.7016,20,0
19,enqueue_residual,4,S37,0,switch,0,51653,15,0,0,19,203.508,0,0,20,0
19,allocate_send_arrival,4,S37,0,switch,0,51652,122,0,0,19,203.508,0,20.7016,20,0
19,enqueue_residual,4,S37,0,switch,0,51652,122,0,0,19,203.508,0,0,20,0
19,allocate_send_arrival,4,S37,0,switch,0,51645,103,0,0,19,203.508,0,20.7016,20,0
19,enqueue_residual,4,S37,0,switch,0,51645,103,0,0,19,203.508,0,0,20,0
19,allocate_send_arrival,4,S37,0,switch,0,51640,34,0,0,19,203.508,0,20.7016,20,0
19,enqueue_residual,4,S37,0,switch,0,51640,34,0,0,19,203.508,0,0,20,0
19,allocate_send_arrival,4,S37,0,switch,0,51643,35,0,0,19,203.508,0,20.7016,20,0
19,enqueue_residual,4,S37,0,switch,0,51643,35,0,0,19,203.508,0,0,20,0
19,allocate_send_arrival,14,S58,4,switch,5,51644,28,0,0,19,193.819,0,62.5,0,0
19,allocate_send_arrival,14,S58,4,switch,5,51648,125,0,0,19,193.819,0,62.5,0,0
19,allocate_send_arrival,60,S44,0,switch,18,51655,120,0,0,19,203.923,0,59.5645,0,0
19,allocate_send_arrival,7,S45,2,switch,61,51653,15,0,0,19,100.666,0,40.7016,0,0
19,allocate_send_arrival,3,S27,0,switch,0,51642,6,0,0,19,119.129,0,37.4144,22.1501,0
19,enqueue_residual,3,S27,0,switch,0,51642,6,0,0,19,119.129,0,0,22.1501,0
19,allocate_send_arrival,3,S27,0,switch,0,51655,120,0,0,19,119.129,0,37.4144,22.1501,0
19,enqueue_residual,3,S27,0,switch,0,51655,120,0,0,19,119.129,0,0,22.1501,0
19,allocate_send_arrival,28,S12,1,switch,29,51646,57,0,0,19,167.904,0,62.5,0,0
19,allocate_send_arrival,43,S22,0,switch,0,51651,87,0,0,19,203.304,0,62.5,0,0
19,allocate_send_arrival,54,S31,1,switch,37,51654,104,0,0,19,242.335,0,62.5,0,0
19,allocate_send_arrival,57,S47,1,switch,50,51652,122,0,0,19,259.289,0,40.7016,0,0
19,allocate_send_arrival,57,S47,1,switch,50,51645,103,0,0,19,259.289,0,40.7016,0,0
19,allocate_send_arrival,57,S47,1,switch,50,51653,15,0,0,19,259.289,0,40.7016,0,0
19,allocate_send_arrival,37,S32,0,switch,0,51654,104,0,0,19,103.31,0,62.5,0,0
19,allocate_send_arrival,48,S50,3,switch,10,51641,96,0,0,19,118.54,0,39.932,0,0
19,allocate_send_arrival,61,S46,1,switch,57,51652,122,0,0,19,199.213,0,40.7016,0,0
19,allocate_send_arrival,61,S46,1,switch,57,51653,15,0,0,19,199.213,0,40.7016,0,0
19,allocate_send_arrival,31,S62,3,switch,5,51646,57,0,0,19,238.676,0,62.5,0,0
19,allocate_send_arrival,34,S57,2,switch,14,51648,125,0,0,19,113.541,0,62.5,0,0
19,allocate_send_arrival,1,S01,0,switch,0,51641,96,0,0,19,159.728,0,14.932,25,0
19,enqueue_residual,1,S01,0,switch,0,51641,96,0,0,19,159.728,0,0,25,0
19,allocate_send_arrival,1,S01,0,switch,0,51647,21,0,0,19,159.728,0,14.932,25,0
19,enqueue_residual,1,S01,0,switch,0,51647,21,0,0,19,159.728,0,0,25,0
19,allocate_send_arrival,1,S01,0,switch,0,51650,20,0,0,19,159.728,0,14.932,25,0
19,enqueue_residual,1,S01,0,switch,0,51650,20,0,0,19,159.728,0,0,25,0
19,allocate_send_arrival,1,S01,0,switch,0,51649,12,0,0,19,159.728,0,14.932,25,0
19,enqueue_residual,1,S01,0,switch,0,51649,12,0,0,19,159.728,0,0,25,0
19,allocate_send_arrival,50,S38,2,switch,4,51645,103,0,0,19,290.506,0,40.7016,0,0
19,allocate_send_arrival,50,S38,2,switch,4,51652,122,0,0,19,290.506,0,40.7016,0,0
19,allocate_send_arrival,50,S38,2,switch,4,51653,15,0,0,19,290.506,0,40.7016,0,0
19,allocate_send_arrival,5,S63,0,switch,0,51646,57,0,0,19,259.679,0,62.5,0,0
19,allocate_send_arrival,5,S63,0,switch,0,51648,125,0,0,19,259.679,0,62.5,0,0
19,allocate_send_arrival,5,S63,0,switch,0,51644,28,0,0,19,259.679,0,62.5,0,0
20,allocate_send_buffered,3,S27,0,switch,0,51642,6,0,0,20,119.129,44.3001,22.1501,0,0
20,allocate_send_buffered,3,S27,0,switch,0,51655,120,0,0,20,119.129,44.3001,22.1501,0,0
20,allocate_send_buffered,4,S37,0,switch,0,51653,15,0,0,20,203.508,100,20,0,0
20,allocate_send_buffered,4,S37,0,switch,0,51652,122,0,0,20,203.508,100,20,0,0
20,allocate_send_buffered,4,S37,0,switch,0,51645,103,0,0,20,203.508,100,20,0,0
20,allocate_send_buffered,4,S37,0,switch,0,51640,34,0,0,20,203.508,100,20,0,0
20,allocate_send_buffered,4,S37,0,switch,0,51643,35,0,0,20,203.508,100,20,0,0
20,allocate_send_buffered,1,S01,0,switch,0,51641,96,0,0,20,159.728,100,25,0,0
20,allocate_send_buffered,1,S01,0,switch,0,51647,21,0,0,20,159.728,100,25,0,0
20,allocate_send_buffered,1,S01,0,switch,0,51650,20,0,0,20,159.728,100,25,0,0
20,allocate_send_buffered,1,S01,0,switch,0,51649,12,0,0,20,159.728,100,25,0,0
20,stage_arrival,0,S00,5,terminal,0,51641,96,0,0,20,1000,0,0,25,0
20,stage_arrival,14,S58,4,switch,5,51644,28,0,0,20,193.819,0,0,62.5,0
20,stage_arrival,0,S00,5,terminal,0,51654,104,0,0,20,1000,0,0,62.5,0
20,stage_arrival,34,S57,2,switch,14,51648,125,0,0,20,113.541,0,0,62.5,0
20,stage_arrival,0,S00,5,terminal,0,51650,20,0,0,20,1000,0,0,25,0
20,stage_arrival,14,S58,4,switch,5,51648,125,0,0,20,193.819,0,0,62.5,0
20,stage_arrival,0,S00,5,terminal,0,51649,12,0,0,20,1000,0,0,25,0
20,stage_arrival,51,S48,0,switch,57,51645,103,0,0,20,201.033,0,0,40.7016,0
20,stage_arrival,1,S01,0,switch,0,51650,20,0,0,20,159.728,0,0,39.932,0
20,stage_arrival,18,S43,0,switch,38,51655,120,0,0,20,157.659,0,0,59.5645,0
20,stage_arrival,31,S62,3,switch,5,51646,57,0,0,20,238.676,0,0,62.5,0
20,stage_arrival,6,S02,0,switch,1,51649,12,0,0,20,138.732,0,0,39.932,0
20,stage_arrival,48,S50,3,switch,10,51641,96,0,0,20,118.54,0,0,39.932,0
20,stage_arrival,0,S00,5,terminal,0,51645,103,0,0,20,1000,0,0,20.7016,0
20,stage_arrival,3,S27,0,switch,0,51642,6,0,0,20,119.129,0,0,59.5645,0
20,stage_arrival,0,S00,5,terminal,0,51640,34,0,0,20,1000,0,0,20,0
20,stage_arrival,0,S00,5,terminal,0,51655,120,0,0,20,1000,0,0,37.4144,0
20,stage_arrival,56,S36,2,switch,4,51640,34,0,0,20,112.305,0,0,40.7016,0
20,stage_arrival_coalesce,0,S00,5,terminal,0,51650,20,0,0,20,1000,0,0,39.932,0
20,stage_arrival,0,S00,5,terminal,0,51653,15,0,0,20,1000,0,0,20,0
20,stage_arrival,0,S00,5,terminal,0,51651,87,0,0,20,1000,0,0,62.5,0
20,stage_arrival,0,S00,5,terminal,0,51643,35,0,0,20,1000,0,0,20.7016,0
20,stage_arrival_coalesce,0,S00,5,terminal,0,51645,103,0,0,20,1000,0,0,40.7016,0
20,stage_arrival,17,S35,1,switch,56,51643,35,0,0,20,252.252,0,0,40.7016,0
20,stage_arrival,50,S38,2,switch,4,51653,15,0,0,20,290.506,0,0,40.7016,0
20,stage_arrival,0,S00,5,terminal,0,51652,122,0,0,20,1000,0,0,20.7016,0
20,stage_arrival,4,S37,0,switch,0,51653,15,0,0,20,203.508,0,0,40.7016,0
20,stage_arrival,57,S47,1,switch,50,51645,103,0,0,20,259.289,0,0,40.7016,0
20,stage_arrival,10,S61,0,switch,1,51641,96,0,0,20,227.172,25.6638,0,39.932,0
20,stage_arrival,57,S47,1,switch,50,51652,122,0,0,20,259.289,0,0,40.7016,0
20,stage_arrival,1,S01,0,switch,0,51649,12,0,0,20,159.728,0,0,39.932,0
20,stage_arrival_coalesce,0,S00,5,terminal,0,51640,34,0,0,20,1000,0,0,40.7016,0
20,stage_arrival,10,S61,0,switch,1,51647,21,0,0,20,227.172,25.6638,0,39.932,0
20,stage_arrival,38,S42,0,switch,42,51655,120,0,0,20,176.64,0,0,59.5645,0
20,stage_arrival,0,S00,5,terminal,0,51644,28,0,0,20,1000,0,0,62.5,0
20,stage_arrival_coalesce,0,S00,5,terminal,0,51643,35,0,0,20,1000,0,0,40.7016,0
20,stage_arrival_coalesce,0,S00,5,terminal,0,51649,12,0,0,20,1000,0,0,39.932,0
20,stage_arrival,61,S46,1,switch,57,51652,122,0,0,20,199.213,0,0,40.7016,0
20,stage_arrival_coalesce,0,S00,5,terminal,0,51652,122,0,0,20,1000,0,0,40.7016,0
20,stage_arrival,5,S63,0,switch,0,51648,125,0,0,20,259.679,0,0,62.5,0
20,stage_arrival,60,S44,0,switch,18,51655,120,0,0,20,203.923,0,0,59.5645,0
20,stage_arrival,3,S27,0,switch,0,51655,120,0,0,20,119.129,0,0,59.5645,0
20,stage_arrival,43,S22,0,switch,0,51651,87,0,0,20,203.304,0,0,62.5,0
20,stage_arrival,57,S47,1,switch,50,51653,15,0,0,20,259.289,0,0,40.7016,0
20,stage_arrival,52,S30,2,switch,54,51654,104,0,0,20,164.752,0,0,62.5,0
20,stage_arrival,0,S00,5,terminal,0,51642,6,0,0,20,1000,0,0,22.1501,0
20,stage_arrival,1,S01,0,switch,0,51641,96,0,0,20,159.728,0,0,39.932,0
20,stage_arrival,62,S56,1,switch,34,51648,125,0,0,20,238.377,0,0,62.5,0
20,stage_arrival,56,S36,2,switch,4,51643,35,0,0,20,112.305,0,0,40.7016,0
20,stage_arrival,42,S20,2,switch,3,51655,120,0,0,20,251.806,0,0,59.5645,0
20,stage_arrival,61,S46,1,switch,57,51653,15,0,0,20,199.213,0,0,40.7016,0
20,stage_arrival,1,S01,0,switch,0,51647,21,0,0,20,159.728,0,0,39.932,0
20,stage_arrival,0,S00,5,terminal,0,51648,125,0,0,20,1000,0,0,62.5,0
20,stage_arrival,7,S45,2,switch,61,51653,15,0,0,20,100.666,0,0,40.7016,0
20,stage_arrival_coalesce,0,S00,5,terminal,0,51653,15,0,0,20,1000,0,0,40.7016,0
20,stage_arrival,50,S38,2,switch,4,51645,103,0,0,20,290.506,0,0,40.7016,0
20,stage_arrival,17,S35,1,switch,56,51640,34,0,0,20,252.252,0,0,40.7016,0
20,stage_arrival,54,S31,1,switch,37,51654,104,0,0,20,242.335,0,0,62.5,0
20,stage_arrival,5,S63,0,switch,0,51644,28,0,0,20,259.679,0,0,62.5,0
20,stage_arrival,4,S37,0,switch,0,51645,103,0,0,20,203.508,0,0,40.7016,0
20,stage_arrival,37,S32,0,switch,0,51654,104,0,0,20,103.31,0,0,62.5,0
20,stage_arrival,28,S12,1,switch,29,51646,57,0,0,20,167.904,0,0,62.5,0
20,stage_arrival_coalesce,0,S00,5,terminal,0,51642,6,0,0,20,1000,0,0,59.5645,0
20,stage_arrival,0,S00,5,terminal,0,51646,57,0,0,20,1000,0,0,62.5,0
20,stage_arrival,5,S63,0,switch,0,51646,57,0,0,20,259.679,0,0,62.5,0
20,stage_arrival_coalesce,0,S00,5,terminal,0,51655,120,0,0,20,1000,0,0,59.5645,0
20,stage_arrival,0,S00,5,terminal,0,51647,21,0,0,20,1000,0,0,25,0
20,stage_arrival,4,S37,0,switch,0,51652,122,0,0,20,203.508,0,0,40.7016,0
20,stage_arrival_coalesce,0,S00,5,terminal,0,51647,21,0,0,20,1000,0,0,39.932,0
20,stage_arrival,4,S37,0,switch,0,51640,34,0,0,20,203.508,0,0,40.7016,0
20,stage_arrival,50,S38,2,switch,4,51652,122,0,0,20,290.506,0,0,40.7016,0
20,stage_arrival,10,S61,0,switch,1,51650,20,0,0,20,227.172,25.6638,0,39.932,0
20,stage_arrival,29,S13,5,switch,31,51646,57,0,0,20,131.191,0,0,62.5,0
20,stage_arrival,4,S37,0,switch,0,51643,35,0,0,20,203.508,0,0,40.7016,0
20,stage_arrival_coalesce,0,S00,5,terminal,0,51641,96,0,0,20,1000,0,0,39.932,0
20,allocate_send_arrival,52,S30,2,switch,54,51654,104,0,0,20,164.752,0,62.5,0,0
20,allocate_send_arrival,10,S61,0,switch,1,51641,96,0,0,20,227.172,25.6638,39.932,0,0
20,allocate_send_arrival,10,S61,0,switch,1,51647,21,0,0,20,227.172,25.6638,39.932,0,0
20,allocate_send_arrival,10,S61,0,switch,1,51650,20,0,0,20,227.172,25.6638,39.932,0,0
20,allocate_send_arrival,62,S56,1,switch,34,51648,125,0,0,20,238.377,0,62.5,0,0
20,allocate_send_arrival,14,S58,4,switch,5,51644,28,0,0,20,193.819,0,62.5,0,0
20,allocate_send_arrival,14,S58,4,switch,5,51648,125,0,0,20,193.819,0,62.5,0,0
20,allocate_send_arrival,48,S50,3,switch,10,51641,96,0,0,20,118.54,0,39.932,0,0
20,allocate_send_arrival,17,S35,1,switch,56,51643,35,0,0,20,252.252,0,40.7016,0,0
20,allocate_send_arrival,17,S35,1,switch,56,51640,34,0,0,20,252.252,0,40.7016,0,0
20,allocate_send_arrival,7,S45,2,switch,61,51653,15,0,0,20,100.666,0,40.7016,0,0
20,allocate_send_arrival,0,S00,5,terminal,0,51641,96,0,0,20,1000,0,39.932,0,0
20,allocate_send_arrival,0,S00,5,terminal,0,51654,104,0,0,20,1000,0,62.5,0,0
20,allocate_send_arrival,0,S00,5,terminal,0,51650,20,0,0,20,1000,0,39.932,0,0
20,allocate_send_arrival,0,S00,5,terminal,0,51649,12,0,0,20,1000,0,39.932,0,0
20,allocate_send_arrival,0,S00,5,terminal,0,51645,103,0,0,20,1000,0,40.7016,0,0
20,allocate_send_arrival,0,S00,5,terminal,0,51640,34,0,0,20,1000,0,40.7016,0,0
20,allocate_send_arrival,0,S00,5,terminal,0,51655,120,0,0,20,1000,0,59.5645,0,0
20,allocate_send_arrival,0,S00,5,terminal,0,51653,15,0,0,20,1000,0,40.7016,0,0
20,allocate_send_arrival,0,S00,5,terminal,0,51651,87,0,0,20,1000,0,62.5,0,0
20,allocate_send_arrival,0,S00,5,terminal,0,51643,35,0,0,20,1000,0,40.7016,0,0
20,allocate_send_arrival,0,S00,5,terminal,0,51652,122,0,0,20,1000,0,40.7016,0,0
20,allocate_send_arrival,0,S00,5,terminal,0,51644,28,0,0,20,1000,0,62.5,0,0
20,allocate_send_arrival,0,S00,5,terminal,0,51642,6,0,0,20,1000,0,59.5645,0,0
20,allocate_send_arrival,0,S00,5,terminal,0,51648,125,0,0,20,1000,0,62.5,0,0
20,allocate_send_arrival,0,S00,5,terminal,0,51646,57,0,0,20,1000,0,62.5,0,0
20,allocate_send_arrival,0,S00,5,terminal,0,51647,21,0,0,20,1000,0,39.932,0,0
20,allocate_send_arrival,6,S02,0,switch,1,51649,12,0,0,20,138.732,0,39.932,0,0
20,allocate_send_arrival,42,S20,2,switch,3,51655,120,0,0,20,251.806,0,59.5645,0,0
20,allocate_send_arrival,54,S31,1,switch,37,51654,104,0,0,20,242.335,0,62.5,0,0
20,allocate_send_arrival,43,S22,0,switch,0,51651,87,0,0,20,203.304,0,62.5,0,0
20,allocate_send_arrival,61,S46,1,switch,57,51652,122,0,0,20,199.213,0,40.7016,0,0
20,allocate_send_arrival,61,S46,1,switch,57,51653,15,0,0,20,199.213,0,40.7016,0,0
20,allocate_send_arrival,3,S27,0,switch,0,51642,6,0,0,20,119.129,0,37.4144,22.1501,0
20,enqueue_residual,3,S27,0,switch,0,51642,6,0,0,20,119.129,0,0,22.1501,0
20,allocate_send_arrival,3,S27,0,switch,0,51655,120,0,0,20,119.129,0,37.4144,22.1501,0
20,enqueue_residual,3,S27,0,switch,0,51655,120,0,0,20,119.129,0,0,22.1501,0
20,allocate_send_arrival,51,S48,0,switch,57,51645,103,0,0,20,201.033,0,40.7016,0,0
20,allocate_send_arrival,4,S37,0,switch,0,51653,15,0,0,20,203.508,0,20.7016,20,0
20,enqueue_residual,4,S37,0,switch,0,51653,15,0,0,20,203.508,0,0,20,0
20,allocate_send_arrival,4,S37,0,switch,0,51645,103,0,0,20,203.508,0,20.7016,20,0
20,enqueue_residual,4,S37,0,switch,0,51645,103,0,0,20,203.508,0,0,20,0
20,allocate_send_arrival,4,S37,0,switch,0,51652,122,0,0,20,203.508,0,20.7016,20,0
20,enqueue_residual,4,S37,0,switch,0,51652,122,0,0,20,203.508,0,0,20,0
20,allocate_send_arrival,4,S37,0,switch,0,51640,34,0,0,20,203.508,0,20.7016,20,0
20,enqueue_residual,4,S37,0,switch,0,51640,34,0,0,20,203.508,0,0,20,0
20,allocate_send_arrival,4,S37,0,switch,0,51643,35,0,0,20,203.508,0,20.7016,20,0
20,enqueue_residual,4,S37,0,switch,0,51643,35,0,0,20,203.508,0,0,20,0
20,allocate_send_arrival,34,S57,2,switch,14,51648,125,0,0,20,113.541,0,62.5,0,0
20,allocate_send_arrival,50,S38,2,switch,4,51653,15,0,0,20,290.506,0,40.7016,0,0
20,allocate_send_arrival,50,S38,2,switch,4,51645,103,0,0,20,290.506,0,40.7016,0,0
20,allocate_send_arrival,50,S38,2,switch,4,51652,122,0,0,20,290.506,0,40.7016,0,0
20,allocate_send_arrival,31,S62,3,switch,5,51646,57,0,0,20,238.676,0,62.5,0,0
20,allocate_send_arrival,56,S36,2,switch,4,51640,34,0,0,20,112.305,0,40.7016,0,0
20,allocate_send_arrival,56,S36,2,switch,4,51643,35,0,0,20,112.305,0,40.7016,0,0
20,allocate_send_arrival,29,S13,5,switch,31,51646,57,0,0,20,131.191,0,62.5,0,0
20,allocate_send_arrival,18,S43,0,switch,38,51655,120,0,0,20,157.659,0,59.5645,0,0
20,allocate_send_arrival,60,S44,0,switch,18,51655,120,0,0,20,203.923,0,59.5645,0,0
20,allocate_send_arrival,5,S63,0,switch,0,51648,125,0,0,20,259.679,0,62.5,0,0
20,allocate_send_arrival,5,S63,0,switch,0,51644,28,0,0,20,259.679,0,62.5,0,0
20,allocate_send_arrival,5,S63,0,switch,0,51646,57,0,0,20,259.679,0,62.5,0,0
20,allocate_send_arrival,1,S01,0,switch,0,51650,20,0,0,20,159.728,0,14.932,25,0
20,enqueue_residual,1,S01,0,switch,0,51650,20,0,0,20,159.728,0,0,25,0
20,allocate_send_arrival,1,S01,0,switch,0,51649,12,0,0,20,159.728,0,14.932,25,0
20,enqueue_residual,1,S01,0,switch,0,51649,12,0,0,20,159.728,0,0,25,0
20,allocate_send_arrival,1,S01,0,switch,0,51641,96,0,0,20,159.728,0,14.932,25,0
20,enqueue_residual,1,S01,0,switch,0,51641,96,0,0,20,159.728,0,0,25,0
20,allocate_send_arrival,1,S01,0,switch,0,51647,21,0,0,20,159.728,0,14.932,25,0
20,enqueue_residual,1,S01,0,switch,0,51647,21,0,0,20,159.728,0,0,25,0
20,allocate_send_arrival,28,S12,1,switch,29,51646,57,0,0,20,167.904,0,62.5,0,0
20,allocate_send_arrival,57,S47,1,switch,50,51645,103,0,0,20,259.289,0,40.7016,0,0
20,allocate_send_arrival,57,S47,1,switch,50,51652,122,0,0,20,259.289,0,40.7016,0,0
20,allocate_send_arrival,57,S47,1,switch,50,51653,15,0,0,20,259.289,0,40.7016,0,0
20,allocate_send_arrival,37,S32,0,switch,0,51654,104,0,0,20,103.31,0,62.5,0,0
20,allocate_send_arrival,38,S42,0,switch,42,51655,120,0,0,20,176.64,0,59.5645,0,0
21,allocate_send_buffered,3,S27,0,switch,0,51642,6,0,0,21,119.129,44.3001,22.1501,0,0
21,allocate_send_buffered,3,S27,0,switch,0,51655,120,0,0,21,119.129,44.3001,22.1501,0,0
21,allocate_send_buffered,4,S37,0,switch,0,51653,15,0,0,21,203.508,100,20,0,0
21,allocate_send_buffered,4,S37,0,switch,0,51645,103,0,0,21,203.508,100,20,0,0
21,allocate_send_buffered,4,S37,0,switch,0,51652,122,0,0,21,203.508,100,20,0,0
21,allocate_send_buffered,4,S37,0,switch,0,51640,34,0,0,21,203.508,100,20,0,0
21,allocate_send_buffered,4,S37,0,switch,0,51643,35,0,0,21,203.508,100,20,0,0
21,allocate_send_buffered,1,S01,0,switch,0,51650,20,0,0,21,159.728,100,25,0,0
21,allocate_send_buffered,1,S01,0,switch,0,51649,12,0,0,21,159.728,100,25,0,0
21,allocate_send_buffered,1,S01,0,switch,0,51641,96,0,0,21,159.728,100,25,0,0
21,allocate_send_buffered,1,S01,0,switch,0,51647,21,0,0,21,159.728,100,25,0,0
21,stage_arrival,43,S22,0,switch,0,51651,87,0,0,21,203.304,0,0,62.5,0
21,stage_arrival,62,S56,1,switch,34,51648,125,0,0,21,238.377,0,0,62.5,0
21,stage_arrival,56,S36,2,switch,4,51640,34,0,0,21,112.305,0,0,40.7016,0
21,stage_arrival,0,S00,5,terminal,0,51647,21,0,0,21,1000,0,0,25,0
21,stage_arrival,42,S20,2,switch,3,51655,120,0,0,21,251.806,0,0,59.5645,0
21,stage_arrival,4,S37,0,switch,0,51653,15,0,0,21,203.508,0,0,40.7016,0
21,stage_arrival,57,S47,1,switch,50,51653,15,0,0,21,259.289,0,0,40.7016,0
21,stage_arrival,0,S00,5,terminal,0,51648,125,0,0,21,1000,0,0,62.5,0
21,stage_arrival,61,S46,1,switch,57,51653,15,0,0,21,199.213,0,0,40.7016,0
21,stage_arrival,0,S00,5,terminal,0,51642,6,0,0,21,1000,0,0,22.1501,0
21,stage_arrival,50,S38,2,switch,4,51645,103,0,0,21,290.506,0,0,40.7016,0
21,stage_arrival_coalesce,0,S00,5,terminal,0,51647,21,0,0,21,1000,0,0,39.932,0
21,stage_arrival,34,S57,2,switch,14,51648,125,0,0,21,113.541,0,0,62.5,0
21,stage_arrival,10,S61,0,switch,1,51641,96,0,0,21,227.172,25.6638,0,39.932,0
21,stage_arrival,4,S37,0,switch,0,51652,122,0,0,21,203.508,0,0,40.7016,0
21,stage_arrival_coalesce,0,S00,5,terminal,0,51642,6,0,0,21,1000,0,0,59.5645,0
21,stage_arrival,4,S37,0,switch,0,51640,34,0,0,21,203.508,0,0,40.7016,0
21,stage_arrival,0,S00,5,terminal,0,51653,15,0,0,21,1000,0,0,20.7016,0
21,stage_arrival,57,S47,1,switch,50,51645,103,0,0,21,259.289,0,0,40.7016,0
21,stage_arrival,5,S63,0,switch,0,51648,125,0,0,21,259.679,0,0,62.5,0
21,stage_arrival,1,S01,0,switch,0,51641,96,0,0,21,159.728,0,0,39.932,0
21,stage_arrival,38,S42,0,switch,42,51655,120,0,0,21,176.64,0,0,59.5645,0
21,stage_arrival,0,S00,5,terminal,0,51645,103,0,0,21,1000,0,0,20,0
21,stage_arrival,50,S38,2,switch,4,51652,122,0,0,21,290.506,0,0,40.7016,0
21,stage_arrival,1,S01,0,switch,0,51647,21,0,0,21,159.728,0,0,39.932,0
21,stage_arrival,0,S00,5,terminal,0,51641,96,0,0,21,1000,0,0,14.932,0
21,stage_arrival,14,S58,4,switch,5,51648,125,0,0,21,193.819,0,0,62.5,0
21,stage_arrival,0,S00,5,terminal,0,51650,20,0,0,21,1000,0,0,25,0
21,stage_arrival,56,S36,2,switch,4,51643,35,0,0,21,112.305,0,0,40.7016,0
21,stage_arrival,0,S00,5,terminal,0,51654,104,0,0,21,1000,0,0,62.5,0
21,stage_arrival,60,S44,0,switch,18,51655,120,0,0,21,203.923,0,0,59.5645,0
21,stage_arrival,0,S00,5,terminal,0,51640,34,0,0,21,1000,0,0,20.7016,0
21,stage_arrival,3,S27,0,switch,0,51655,120,0,0,21,119.129,0,0,59.5645,0
21,stage_arrival,28,S12,1,switch,29,51646,57,0,0,21,167.904,0,0,62.5,0
21,stage_arrival,4,S37,0,switch,0,51645,103,0,0,21,203.508,0,0,40.7016,0
21,stage_arrival,14,S58,4,switch,5,51644,28,0,0,21,193.819,0,0,62.5,0
21,stage_arrival_coalesce,0,S00,5,terminal,0,51641,96,0,0,21,1000,0,0,39.932,0
21,stage_arrival,50,S38,2,switch,4,51653,15,0,0,21,290.506,0,0,40.7016,0
21,stage_arrival,52,S30,2,switch,54,51654,104,0,0,21,164.752,0,0,62.5,0
21,stage_arrival,0,S00,5,terminal,0,51652,122,0,0,21,1000,0,0,20,0
21,stage_arrival,61,S46,1,switch,57,51652,122,0,0,21,199.213,0,0,40.7016,0
21,stage_arrival,10,S61,0,switch,1,51650,20,0,0,21,227.172,25.6638,0,39.932,0
21,stage_arrival_coalesce,0,S00,5,terminal,0,51645,103,0,0,21,1000,0,0,40.7016,0
21,stage_arrival,6,S02,0,switch,1,51649,12,0,0,21,138.732,0,0,39.932,0
21,stage_arrival,51,S48,0,switch,57,51645,103,0,0,21,201.033,0,0,40.7016,0
21,stage_arrival,17,S35,1,switch,56,51643,35,0,0,21,252.252,0,0,40.7016,0
21,stage_arrival,4,S37,0,switch,0,51643,35,0,0,21,203.508,0,0,40.7016,0
21,stage_arrival,3,S27,0,switch,0,51642,6,0,0,21,119.129,0,0,59.5645,0
21,stage_arrival,0,S00,5,terminal,0,51655,120,0,0,21,1000,0,0,22.1501,0
21,stage_arrival,1,S01,0,switch,0,51649,12,0,0,21,159.728,0,0,39.932,0
21,stage_arrival,5,S63,0,switch,0,51646,57,0,0,21,259.679,0,0,62.5,0
21,stage_arrival,0,S00,5,terminal,0,51644,28,0,0,21,1000,0,0,62.5,0
21,stage_arrival,5,S63,0,switch,0,51644,28,0,0,21,259.679,0,0,62.5,0
21,stage_arrival,0,S00,5,terminal,0,51649,12,0,0,21,1000,0,0,14.932,0
21,stage_arrival,0,S00,5,terminal,0,51643,35,0,0,21,1000,0,0,20,0
21,stage_arrival,31,S62,3,switch,5,51646,57,0,0,21,238.676,0,0,62.5,0
21,stage_arrival,48,S50,3,switch,10,51641,96,0,0,21,118.54,0,0,39.932,0
21,stage_arrival,0,S00,5,terminal,0,51651,87,0,0,21,1000,0,0,62.5,0
21,stage_arrival,37,S32,0,switch,0,51654,104,0,0,21,103.31,0,0,62.5,0
21,stage_arrival_coalesce,0,S00,5,terminal,0,51652,122,0,0,21,1000,0,0,40.7016,0
21,stage_arrival_coalesce,0,S00,5,terminal,0,51643,35,0,0,21,1000,0,0,40.7016,0
21,stage_arrival,18,S43,0,switch,38,51655,120,0,0,21,157.659,0,0,59.5645,0
21,stage_arrival,54,S31,1,switch,37,51654,104,0,0,21,242.335,0,0,62.5,0
21,stage_arrival,29,S13,5,switch,31,51646,57,0,0,21,131.191,0,0,62.5,0
21,stage_arrival_coalesce,0,S00,5,terminal,0,51649,12,0,0,21,1000,0,0,39.932,0
21,stage_arrival_coalesce,0,S00,5,terminal,0,51640,34,0,0,21,1000,0,0,40.7016,0
21,stage_arrival,0,S00,5,terminal,0,51646,57,0,0,21,1000,0,0,62.5,0
21,stage_arrival_coalesce,0,S00,5,terminal,0,51650,20,0,0,21,1000,0,0,39.932,0
21,stage_arrival,57,S47,1,switch,50,51652,122,0,0,21,259.289,0,0,40.7016,0
21,stage_arrival_coalesce,0,S00,5,terminal,0,51655,120,0,0,21,1000,0,0,59.5645,0
21,stage_arrival,7,S45,2,switch,61,51653,15,0,0,21,100.666,0,0,40.7016,0
21,stage_arrival_coalesce,0,S00,5,terminal,0,51653,15,0,0,21,1000,0,0,40.7016,0
21,stage_arrival,17,S35,1,switch,56,51640,34,0,0,21,252.252,0,0,40.7016,0
21,stage_arrival,10,S61,0,switch,1,51647,21,0,0,21,227.172,25.6638,0,39.932,0
21,stage_arrival,1,S01,0,switch,0,51650,20,0,0,21,159.728,0,0,39.932,0
21,allocate_send_arrival,29,S13,5,switch,31,51646,57,0,0,21,131.191,0,62.5,0,0
21,allocate_send_arrival,43,S22,0,switch,0,51651,87,0,0,21,203.304,0,62.5,0,0
21,allocate_send_arrival,34,S57,2,switch,14,51648,125,0,0,21,113.541,0,62.5,0,0
21,allocate_send_arrival,6,S02,0,switch,1,51649,12,0,0,21,138.732,0,39.932,0,0
21,allocate_send_arrival,62,S56,1,switch,34,51648,125,0,0,21,238.377,0,62.5,0,0
21,allocate_send_arrival,57,S47,1,switch,50,51653,15,0,0,21,259.289,0,40.7016,0,0
21,allocate_send_arrival,57,S47,1,switch,50,51645,103,0,0,21,259.289,0,40.7016,0,0
21,allocate_send_arrival,57,S47,1,switch,50,51652,122,0,0,21,259.289,0,40.7016,0,0
21,allocate_send_arrival,51,S48,0,switch,57,51645,103,0,0,21,201.033,0,40.7016,0,0
21,allocate_send_arrival,60,S44,0,switch,18,51655,120,0,0,21,203.923,0,59.5645,0,0
21,allocate_send_arrival,37,S32,0,switch,0,51654,104,0,0,21,103.31,0,62.5,0,0
21,allocate_send_arrival,48,S50,3,switch,10,51641,96,0,0,21,118.54,0,39.932,0,0
21,allocate_send_arrival,7,S45,2,switch,61,51653,15,0,0,21,100.666,0,40.7016,0,0
21,allocate_send_arrival,31,S62,3,switch,5,51646,57,0,0,21,238.676,0,62.5,0,0
21,allocate_send_arrival,52,S30,2,switch,54,51654,104,0,0,21,164.752,0,62.5,0,0
21,allocate_send_arrival,18,S43,0,switch,38,51655,120,0,0,21,157.659,0,59.5645,0,0
21,allocate_send_arrival,5,S63,0,switch,0,51648,125,0,0,21,259.679,0,62.5,0,0
21,allocate_send_arrival,5,S63,0,switch,0,51646,57,0,0,21,259.679,0,62.5,0,0
21,allocate_send_arrival,5,S63,0,switch,0,51644,28,0,0,21,259.679,0,62.5,0,0
21,allocate_send_arrival,28,S12,1,switch,29,51646,57,0,0,21,167.904,0,62.5,0,0
21,allocate_send_arrival,56,S36,2,switch,4,51640,34,0,0,21,112.305,0,40.7016,0,0
21,allocate_send_arrival,56,S36,2,switch,4,51643,35,0,0,21,112.305,0,40.7016,0,0
21,allocate_send_arrival,1,S01,0,switch,0,51641,96,0,0,21,159.728,0,14.932,25,0
21,enqueue_residual,1,S01,0,switch,0,51641,96,0,0,21,159.728,0,0,25,0
21,allocate_send_arrival,1,S01,0,switch,0,51647,21,0,0,21,159.728,0,14.932,25,0
21,enqueue_residual,1,S01,0,switch,0,51647,21,0,0,21,159.728,0,0,25,0
21,allocate_send_arrival,1,S01,0,switch,0,51649,12,0,0,21,159.728,0,14.932,25,0
21,enqueue_residual,1,S01,0,switch,0,51649,12,0,0,21,159.728,0,0,25,0
21,allocate_send_arrival,1,S01,0,switch,0,51650,20,0,0,21,159.728,0,14.932,25,0
21,enqueue_residual,1,S01,0,switch,0,51650,20,0,0,21,159.728,0,0,25,0
21,allocate_send_arrival,54,S31,1,switch,37,51654,104,0,0,21,242.335,0,62.5,0,0
21,allocate_send_arrival,10,S61,0,switch,1,51641,96,0,0,21,227.172,25.6638,39.932,0,0
21,allocate_send_arrival,10,S61,0,switch,1,51650,20,0,0,21,227.172,25.6638,39.932,0,0
21,allocate_send_arrival,10,S61,0,switch,1,51647,21,0,0,21,227.172,25.6638,39.932,0,0
21,allocate_send_arrival,14,S58,4,switch,5,51648,125,0,0,21,193.819,0,62.5,0,0
21,allocate_send_arrival,14,S58,4,switch,5,51644,28,0,0,21,193.819,0,62.5,0,0
21,allocate_send_arrival,61,S46,1,switch,57,51653,15,0,0,21,199.213,0,40.7016,0,0
21,allocate_send_arrival,61,S46,1,switch,57,51652,122,0,0,21,199.213,0,40.7016,0,0
21,allocate_send_arrival,0,S00,5,terminal,0,51647,21,0,0,21,1000,0,39.932,0,0
21,allocate_send_arrival,0,S00,5,terminal,0,51648,125,0,0,21,1000,0,62.5,7.27596e-15,0
21,allocate_send_arrival,0,S00,5,terminal,0,51642,6,0,0,21,1000,0,59.5645,0,0
21,allocate_send_arrival,0,S00,5,terminal,0,51653,15,0,0,21,1000,0,40.7016,0,0
21,allocate_send_arrival,0,S00,5,terminal,0,51645,103,0,0,21,1000,0,40.7016,0,0
21,allocate_send_arrival,0,S00,5,terminal,0,51641,96,0,0,21,1000,0,39.932,0,0
21,allocate_send_arrival,0,S00,5,terminal,0,51650,20,0,0,21,1000,0,39.932,0,0
21,allocate_send_arrival,0,S00,5,terminal,0,51654,104,0,0,21,1000,0,62.5,7.27596e-15,0
21,allocate_send_arrival,0,S00,5,terminal,0,51640,34,0,0,21,1000,0,40.7016,0,0
21,allocate_send_arrival,0,S00,5,terminal,0,51652,122,0,0,21,1000,0,40.7016,0,0
21,allocate_send_arrival,0,S00,5,terminal,0,51655,120,0,0,21,1000,0,59.5645,0,0
21,allocate_send_arrival,0,S00,5,terminal,0,51644,28,0,0,21,1000,0,62.5,7.27596e-15,0
21,allocate_send_arrival,0,S00,5,terminal,0,51649,12,0,0,21,1000,0,39.932,0,0
21,allocate_send_arrival,0,S00,5,terminal,0,51643,35,0,0,21,1000,0,40.7016,0,0
21,allocate_send_arrival,0,S00,5,terminal,0,51651,87,0,0,21,1000,0,62.5,7.27596e-15,0
21,allocate_send_arrival,0,S00,5,terminal,0,51646,57,0,0,21,1000,0,62.5,7.27596e-15,0
21,allocate_send_arrival,3,S27,0,switch,0,51655,120,0,0,21,119.129,0,37.4144,22.1501,0
21,enqueue_residual,3,S27,0,switch,0,51655,120,0,0,21,119.129,0,0,22.1501,0
21,allocate_send_arrival,3,S27,0,switch,0,51642,6,0,0,21,119.129,0,37.4144,22.1501,0
21,enqueue_residual,3,S27,0,switch,0,51642,6,0,0,21,119.129,0,0,22.1501,0
21,allocate_send_arrival,50,S38,2,switch,4,51645,103,0,0,21,290.506,0,40.7016,0,0
21,allocate_send_arrival,50,S38,2,switch,4,51652,122,0,0,21,290.506,0,40.7016,0,0
21,allocate_send_arrival,50,S38,2,switch,4,51653,15,0,0,21,290.506,0,40.7016,0,0
21,allocate_send_arrival,42,S20,2,switch,3,51655,120,0,0,21,251.806,0,59.5645,0,0
21,allocate_send_arrival,38,S42,0,switch,42,51655,120,0,0,21,176.64,0,59.5645,0,0
21,allocate_send_arrival,4,S37,0,switch,0,51653,15,0,0,21,203.508,0,20.7016,20,0
21,enqueue_residual,4,S37,0,switch,0,51653,15,0,0,21,203.508,0,0,20,0
21,allocate_send_arrival,4,S37,0,switch,0,51652,122,0,0,21,203.508,0,20.7016,20,0
21,enqueue_residual,4,S37,0,switch,0,51652,122,0,0,21,203.508,0,0,20,0
21,allocate_send_arrival,4,S37,0,switch,0,51640,34,0,0,21,203.508,0,20.7016,20,0
21,enqueue_residual,4,S37,0,switch,0,51640,34,0,0,21,203.508,0,0,20,0
21,allocate_send_arrival,4,S37,0,switch,0,51645,103,0,0,21,203.508,0,20.7016,20,0
21,enqueue_residual,4,S37,0,switch,0,51645,103,0,0,21,203.508,0,0,20,0
21,allocate_send_arrival,4,S37,0,switch,0,51643,35,0,0,21,203.508,0,20.7016,20,0
21,enqueue_residual,4,S37,0,switch,0,51643,35,0,0,21,203.508,0,0,20,0
21,allocate_send_arrival,17,S35,1,switch,56,51643,35,0,0,21,252.252,0,40.7016,0,0
21,allocate_send_arrival,17,S35,1,switch,56,51640,34,0,0,21,252.252,0,40.7016,0,0
22,allocate_send_buffered,4,S37,0,switch,0,51653,15,0,0,22,203.508,100,20,0,0
22,allocate_send_buffered,4,S37,0,switch,0,51652,122,0,0,22,203.508,100,20,0,0
22,allocate_send_buffered,4,S37,0,switch,0,51640,34,0,0,22,203.508,100,20,0,0
22,allocate_send_buffered,4,S37,0,switch,0,51645,103,0,0,22,203.508,100,20,0,0
22,allocate_send_buffered,4,S37,0,switch,0,51643,35,0,0,22,203.508,100,20,0,0
22,allocate_send_buffered,3,S27,0,switch,0,51655,120,0,0,22,119.129,44.3001,22.1501,0,0
22,allocate_send_buffered,3,S27,0,switch,0,51642,6,0,0,22,119.129,44.3001,22.1501,0,0
22,allocate_send_buffered,1,S01,0,switch,0,51641,96,0,0,22,159.728,100,25,0,0
22,allocate_send_buffered,1,S01,0,switch,0,51647,21,0,0,22,159.728,100,25,0,0
22,allocate_send_buffered,1,S01,0,switch,0,51649,12,0,0,22,159.728,100,25,0,0
22,allocate_send_buffered,1,S01,0,switch,0,51650,20,0,0,22,159.728,100,25,0,0
22,stage_arrival,57,S47,1,switch,50,51652,122,0,0,22,259.289,0,0,40.7016,0
22,stage_arrival,61,S46,1,switch,57,51653,15,0,0,22,199.213,0,0,40.7016,0
22,stage_arrival,17,S35,1,switch,56,51643,35,0,0,22,252.252,0,0,40.7016,0
22,stage_arrival,0,S00,5,terminal,0,51641,96,0,0,22,1000,0,0,14.932,0
22,stage_arrival,10,S61,0,switch,1,51650,20,0,0,22,227.172,25.6638,0,39.932,0
22,stage_arrival,61,S46,1,switch,57,51652,122,0,0,22,199.213,0,0,40.7016,0
22,stage_arrival,0,S00,5,terminal,0,51643,35,0,0,22,1000,0,0,20.7016,0
22,stage_arrival,43,S22,0,switch,0,51651,87,0,0,22,203.304,0,0,62.5,0
22,stage_arrival,0,S00,5,terminal,0,51651,87,0,0,22,1000,0,0,62.5,0
22,stage_arrival,0,S00,5,terminal,0,51640,34,0,0,22,1000,0,0,20,0
22,stage_arrival,50,S38,2,switch,4,51645,103,0,0,22,290.506,0,0,40.7016,0
22,stage_arrival,1,S01,0,switch,0,51641,96,0,0,22,159.728,0,0,39.932,0
22,stage_arrival,0,S00,5,terminal,0,51652,122,0,0,22,1000,0,0,20.7016,0
22,stage_arrival,10,S61,0,switch,1,51641,96,0,0,22,227.172,25.6638,0,39.932,0
22,stage_arrival,1,S01,0,switch,0,51647,21,0,0,22,159.728,0,0,39.932,0
22,stage_arrival,14,S58,4,switch,5,51648,125,0,0,22,193.819,0,0,62.5,0
22,stage_arrival,50,S38,2,switch,4,51652,122,0,0,22,290.506,0,0,40.7016,0
22,stage_arrival,4,S37,0,switch,0,51640,34,0,0,22,203.508,0,0,40.7016,0
22,stage_arrival,57,S47,1,switch,50,51653,15,0,0,22,259.289,0,0,40.7016,0
22,stage_arrival,0,S00,5,terminal,0,51654,104,0,0,22,1000,0,0,62.5,0
22,stage_arrival,0,S00,5,terminal,0,51653,15,0,0,22,1000,0,0,20,0
22,stage_arrival,62,S56,1,switch,34,51648,125,0,0,22,238.377,0,0,62.5,0
22,stage_arrival,10,S61,0,switch,1,51647,21,0,0,22,227.172,25.6638,0,39.932,0
22,stage_arrival,4,S37,0,switch,0,51653,15,0,0,22,203.508,0,0,40.7016,0
22,stage_arrival,29,S13,5,switch,31,51646,57,0,0,22,131.191,0,0,62.5,0
22,stage_arrival,0,S00,5,terminal,0,51642,6,0,0,22,1000,0,0,37.4144,0
22,stage_arrival,0,S00,5,terminal,0,51647,21,0,0,22,1000,0,0,14.932,0
22,stage_arrival,0,S00,5,terminal,0,51655,120,0,0,22,1000,0,0,22.1501,0
22,stage_arrival,4,S37,0,switch,0,51643,35,0,0,22,203.508,0,0,40.7016,0
22,stage_arrival,3,S27,0,switch,0,51642,6,0,0,22,119.129,0,0,59.5645,0
22,stage_arrival,0,S00,5,terminal,0,51650,20,0,0,22,1000,0,0,14.932,0
22,stage_arrival,37,S32,0,switch,0,51654,104,0,0,22,103.31,0,0,62.5,0
22,stage_arrival_coalesce,0,S00,5,terminal,0,51652,122,0,0,22,1000,0,0,40.7016,0
22,stage_arrival,34,S57,2,switch,14,51648,125,0,0,22,113.541,0,0,62.5,0
22,stage_arrival_coalesce,0,S00,5,terminal,0,51650,20,0,0,22,1000,0,0,39.932,0
22,stage_arrival,54,S31,1,switch,37,51654,104,0,0,22,242.335,0,0,62.5,0
22,stage_arrival,48,S50,3,switch,10,51641,96,0,0,22,118.54,0,0,39.932,0
22,stage_arrival,3,S27,0,switch,0,51655,120,0,0,22,119.129,0,0,59.5645,0
22,stage_arrival,28,S12,1,switch,29,51646,57,0,0,22,167.904,0,0,62.5,0
22,stage_arrival,0,S00,5,terminal,0,51645,103,0,0,22,1000,0,0,20.7016,0
22,stage_arrival,50,S38,2,switch,4,51653,15,0,0,22,290.506,0,0,40.7016,0
22,stage_arrival,6,S02,0,switch,1,51649,12,0,0,22,138.732,0,0,39.932,0
22,stage_arrival_coalesce,0,S00,5,terminal,0,51643,35,0,0,22,1000,0,0,40.7016,0
22,stage_arrival,51,S48,0,switch,57,51645,103,0,0,22,201.033,0,0,40.7016,0
22,stage_arrival,31,S62,3,switch,5,51646,57,0,0,22,238.676,0,0,62.5,0
22,stage_arrival,5,S63,0,switch,0,51648,125,0,0,22,259.679,0,0,62.5,0
22,stage_arrival,18,S43,0,switch,38,51655,120,0,0,22,157.659,0,0,59.5645,0
22,stage_arrival,56,S36,2,switch,4,51643,35,0,0,22,112.305,0,0,40.7016,0
22,stage_arrival,42,S20,2,switch,3,51655,120,0,0,22,251.806,0,0,59.5645,0
22,stage_arrival_coalesce,0,S00,5,terminal,0,51642,6,0,0,22,1000,0,0,59.5645,0
22,stage_arrival,0,S00,5,terminal,0,51646,57,0,0,22,1000,0,0,62.5,0
22,stage_arrival,52,S30,2,switch,54,51654,104,0,0,22,164.752,0,0,62.5,0
22,stage_arrival,57,S47,1,switch,50,51645,103,0,0,22,259.289,0,0,40.7016,0
22,stage_arrival,5,S63,0,switch,0,51644,28,0,0,22,259.679,0,0,62.5,0
22,stage_arrival,14,S58,4,switch,5,51644,28,0,0,22,193.819,0,0,62.5,0
22,stage_arrival_coalesce,0,S00,5,terminal,0,51647,21,0,0,22,1000,0,0,39.932,0
22,stage_arrival,1,S01,0,switch,0,51649,12,0,0,22,159.728,0,0,39.932,0
22,stage_arrival,60,S44,0,switch,18,51655,120,0,0,22,203.923,0,0,59.5645,0
22,stage_arrival,38,S42,0,switch,42,51655,120,0,0,22,176.64,0,0,59.5645,0
22,stage_arrival,56,S36,2,switch,4,51640,34,0,0,22,112.305,0,0,40.7016,0
22,stage_arrival,4,S37,0,switch,0,51645,103,0,0,22,203.508,0,0,40.7016,0
22,stage_arrival_coalesce,0,S00,5,terminal,0,51641,96,0,0,22,1000,0,0,39.932,0
22,stage_arrival,0,S00,5,terminal,0,51644,28,0,0,22,1000,0,0,62.5,0
22,stage_arrival,0,S00,5,terminal,0,51649,12,0,0,22,1000,0,0,25,0
22,stage_arrival_coalesce,0,S00,5,terminal,0,51653,15,0,0,22,1000,0,0,40.7016,0
22,stage_arrival,0,S00,5,terminal,0,51648,125,0,0,22,1000,0,0,62.5,0
22,stage_arrival_coalesce,0,S00,5,terminal,0,51640,34,0,0,22,1000,0,0,40.7016,0
22,stage_arrival,7,S45,2,switch,61,51653,15,0,0,22,100.666,0,0,40.7016,0
22,stage_arrival,5,S63,0,switch,0,51646,57,0,0,22,259.679,0,0,62.5,0
22,stage_arrival,17,S35,1,switch,56,51640,34,0,0,22,252.252,0,0,40.7016,0
22,stage_arrival_coalesce,0,S00,5,terminal,0,51649,12,0,0,22,1000,0,0,39.932,0
22,stage_arrival,4,S37,0,switch,0,51652,122,0,0,22,203.508,0,0,40.7016,0
22,stage_arrival_coalesce,0,S00,5,terminal,0,51645,103,0,0,22,1000,0,0,40.7016,0
22,stage_arrival,1,S01,0,switch,0,51650,20,0,0,22,159.728,0,0,39.932,0
22,stage_arrival_coalesce,0,S00,5,terminal,0,51655,120,0,0,22,1000,0,0,59.5645,0
22,allocate_send_arrival,37,S32,0,switch,0,51654,104,0,0,22,103.31,0,62.5,0,0
22,allocate_send_arrival,43,S22,0,switch,0,51651,87,0,0,22,203.304,0,62.5,0,0
22,allocate_send_arrival,34,S57,2,switch,14,51648,125,0,0,22,113.541,0,62.5,0,0
22,allocate_send_arrival,50,S38,2,switch,4,51645,103,0,0,22,290.506,0,40.7016,0,0
22,allocate_send_arrival,50,S38,2,switch,4,51652,122,0,0,22,290.506,0,40.7016,0,0
22,allocate_send_arrival,50,S38,2,switch,4,51653,15,0,0,22,290.506,0,40.7016,0,0
22,allocate_send_arrival,18,S43,0,switch,38,51655,120,0,0,22,157.659,0,59.5645,0,0
22,allocate_send_arrival,51,S48,0,switch,57,51645,103,0,0,22,201.033,0,40.7016,0,0
22,allocate_send_arrival,38,S42,0,switch,42,51655,120,0,0,22,176.64,0,59.5645,0,0
22,allocate_send_arrival,5,S63,0,switch,0,51648,125,0,0,22,259.679,0,62.5,0,0
22,allocate_send_arrival,5,S63,0,switch,0,51644,28,0,0,22,259.679,0,62.5,0,0
22,allocate_send_arrival,5,S63,0,switch,0,51646,57,0,0,22,259.679,0,62.5,0,0
22,allocate_send_arrival,62,S56,1,switch,34,51648,125,0,0,22,238.377,0,62.5,0,0
22,allocate_send_arrival,60,S44,0,switch,18,51655,120,0,0,22,203.923,0,59.5645,0,0
22,allocate_send_arrival,0,S00,5,terminal,0,51641,96,0,0,22,1000,0,39.932,0,0
22,allocate_send_arrival,0,S00,5,terminal,0,51643,35,0,0,22,1000,0,40.7016,0,0
22,allocate_send_arrival,0,S00,5,terminal,0,51651,87,0,0,22,1000,0,62.5,0,0
22,allocate_send_arrival,0,S00,5,terminal,0,51640,34,0,0,22,1000,0,40.7016,0,0
22,allocate_send_arrival,0,S00,5,terminal,0,51652,122,0,0,22,1000,0,40.7016,0,0
22,allocate_send_arrival,0,S00,5,terminal,0,51654,104,0,0,22,1000,0,62.5,0,0
22,allocate_send_arrival,0,S00,5,terminal,0,51653,15,0,0,22,1000,0,40.7016,0,0
22,allocate_send_arrival,0,S00,5,terminal,0,51642,6,0,0,22,1000,0,59.5645,0,0
22,allocate_send_arrival,0,S00,5,terminal,0,51647,21,0,0,22,1000,0,39.932,0,0
22,allocate_send_arrival,0,S00,5,terminal,0,51655,120,0,0,22,1000,0,59.5645,0,0
22,allocate_send_arrival,0,S00,5,terminal,0,51650,20,0,0,22,1000,0,39.932,0,0
22,allocate_send_arrival,0,S00,5,terminal,0,51645,103,0,0,22,1000,0,40.7016,0,0
22,allocate_send_arrival,0,S00,5,terminal,0,51646,57,0,0,22,1000,0,62.5,0,0
22,allocate_send_arrival,0,S00,5,terminal,0,51644,28,0,0,22,1000,0,62.5,0,0
22,allocate_send_arrival,0,S00,5,terminal,0,51649,12,0,0,22,1000,0,39.932,0,0
22,allocate_send_arrival,0,S00,5,terminal,0,51648,125,0,0,22,1000,0,62.5,0,0
22,allocate_send_arrival,14,S58,4,switch,5,51648,125,0,0,22,193.819,0,62.5,0,0
22,allocate_send_arrival,14,S58,4,switch,5,51644,28,0,0,22,193.819,0,62.5,0,0
22,allocate_send_arrival,42,S20,2,switch,3,51655,120,0,0,22,251.806,0,59.5645,0,0
22,allocate_send_arrival,17,S35,1,switch,56,51643,35,0,0,22,252.252,0,40.7016,0,0
22,allocate_send_arrival,17,S35,1,switch,56,51640,34,0,0,22,252.252,0,40.7016,0,0
22,allocate_send_arrival,4,S37,0,switch,0,51640,34,0,0,22,203.508,0,20.7016,20,0
22,enqueue_residual,4,S37,0,switch,0,51640,34,0,0,22,203.508,0,0,20,0
22,allocate_send_arrival,4,S37,0,switch,0,51653,15,0,0,22,203.508,0,20.7016,20,0
22,enqueue_residual,4,S37,0,switch,0,51653,15,0,0,22,203.508,0,0,20,0
22,allocate_send_arrival,4,S37,0,switch,0,51643,35,0,0,22,203.508,0,20.7016,20,0
22,enqueue_residual,4,S37,0,switch,0,51643,35,0,0,22,203.508,0,0,20,0
22,allocate_send_arrival,4,S37,0,switch,0,51645,103,0,0,22,203.508,0,20.7016,20,0
22,enqueue_residual,4,S37,0,switch,0,51645,103,0,0,22,203.508,0,0,20,0
22,allocate_send_arrival,4,S37,0,switch,0,51652,122,0,0,22,203.508,0,20.7016,20,0
22,enqueue_residual,4,S37,0,switch,0,51652,122,0,0,22,203.508,0,0,20,0
22,allocate_send_arrival,31,S62,3,switch,5,51646,57,0,0,22,238.676,0,62.5,0,0
22,allocate_send_arrival,54,S31,1,switch,37,51654,104,0,0,22,242.335,0,62.5,0,0
22,allocate_send_arrival,10,S61,0,switch,1,51650,20,0,0,22,227.172,25.6638,39.932,0,0
22,allocate_send_arrival,10,S61,0,switch,1,51641,96,0,0,22,227.172,25.6638,39.932,0,0
22,allocate_send_arrival,10,S61,0,switch,1,51647,21,0,0,22,227.172,25.6638,39.932,0,0
22,allocate_send_arrival,3,S27,0,switch,0,51642,6,0,0,22,119.129,0,37.4144,22.1501,0
22,enqueue_residual,3,S27,0,switch,0,51642,6,0,0,22,119.129,0,0,22.1501,0
22,allocate_send_arrival,3,S27,0,switch,0,51655,120,0,0,22,119.129,0,37.4144,22.1501,0
22,enqueue_residual,3,S27,0,switch,0,51655,120,0,0,22,119.129,0,0,22.1501,0
22,allocate_send_arrival,57,S47,1,switch,50,51652,122,0,0,22,259.289,0,40.7016,0,0
22,allocate_send_arrival,57,S47,1,switch,50,51653,15,0,0,22,259.289,0,40.7016,0,0
22,allocate_send_arrival,57,S47,1,switch,50,51645,103,0,0,22,259.289,0,40.7016,0,0
22,allocate_send_arrival,52,S30,2,switch,54,51654,104,0,0,22,164.752,0,62.5,0,0
22,allocate_send_arrival,48,S50,3,switch,10,51641,96,0,0,22,118.54,0,39.932,0,0
22,allocate_send_arrival,56,S36,2,switch,4,51643,35,0,0,22,112.305,0,40.7016,0,0
22,allocate_send_arrival,56,S36,2,switch,4,51640,34,0,0,22,112.305,0,40.7016,0,0
22,allocate_send_arrival,61,S46,1,switch,57,51653,15,0,0,22,199.213,0,40.7016,0,0
22,allocate_send_arrival,61,S46,1,switch,57,51652,122,0,0,22,199.213,0,40.7016,0,0
22,allocate_send_arrival,29,S13,5,switch,31,51646,57,0,0,22,131.191,0,62.5,0,0
22,allocate_send_arrival,7,S45,2,switch,61,51653,15,0,0,22,100.666,0,40.7016,0,0
22,allocate_send_arrival,28,S12,1,switch,29,51646,57,0,0,22,167.904,0,62.5,0,0
22,allocate_send_arrival,1,S01,0,switch,0,51641,96,0,0,22,159.728,0,14.932,25,0
22,enqueue_residual,1,S01,0,switch,0,51641,96,0,0,22,159.728,0,0,25,0
22,allocate_send_arrival,1,S01,0,switch,0,51647,21,0,0,22,159.728,0,14.932,25,0
22,enqueue_residual,1,S01,0,switch,0,51647,21,0,0,22,159.728,0,0,25,0
22,allocate_send_arrival,1,S01,0,switch,0,51649,12,0,0,22,159.728,0,14.932,25,0
22,enqueue_residual,1,S01,0,switch,0,51649,12,0,0,22,159.728,0,0,25,0
22,allocate_send_arrival,1,S01,0,switch,0,51650,20,0,0,22,159.728,0,14.932,25,0
22,enqueue_residual,1,S01,0,switch,0,51650,20,0,0,22,159.728,0,0,25,0
22,allocate_send_arrival,6,S02,0,switch,1,51649,12,0,0,22,138.732,0,39.932,0,0
23,allocate_send_buffered,4,S37,0,switch,0,51640,34,0,0,23,203.508,100,20,0,0
23,allocate_send_buffered,4,S37,0,switch,0,51653,15,0,0,23,203.508,100,20,0,0
23,allocate_send_buffered,4,S37,0,switch,0,51643,35,0,0,23,203.508,100,20,0,0
23,allocate_send_buffered,4,S37,0,switch,0,51645,103,0,0,23,203.508,100,20,0,0
23,allocate_send_buffered,4,S37,0,switch,0,51652,122,0,0,23,203.508,100,20,0,0
23,allocate_send_buffered,3,S27,0,switch,0,51642,6,0,0,23,119.129,44.3001,22.1501,0,0
23,allocate_send_buffered,3,S27,0,switch,0,51655,120,0,0,23,119.129,44.3001,22.1501,0,0
23,allocate_send_buffered,1,S01,0,switch,0,51641,96,0,0,23,159.728,100,25,0,0
23,allocate_send_buffered,1,S01,0,switch,0,51647,21,0,0,23,159.728,100,25,0,0
23,allocate_send_buffered,1,S01,0,switch,0,51649,12,0,0,23,159.728,100,25,0,0
23,allocate_send_buffered,1,S01,0,switch,0,51650,20,0,0,23,159.728,100,25,0,0
23,stage_arrival,1,S01,0,switch,0,51650,20,0,0,23,159.728,0,0,39.932,0
23,stage_arrival,57,S47,1,switch,50,51653,15,0,0,23,259.289,0,0,40.7016,0
23,stage_arrival,0,S00,5,terminal,0,51650,20,0,0,23,1000,0,0,14.932,0
23,stage_arrival,1,S01,0,switch,0,51647,21,0,0,23,159.728,0,0,39.932,0
23,stage_arrival,4,S37,0,switch,0,51643,35,0,0,23,203.508,0,0,40.7016,0
23,stage_arrival,17,S35,1,switch,56,51643,35,0,0,23,252.252,0,0,40.7016,0
23,stage_arrival,1,S01,0,switch,0,51641,96,0,0,23,159.728,0,0,39.932,0
23,stage_arrival,18,S43,0,switch,38,51655,120,0,0,23,157.659,0,0,59.5645,0
23,stage_arrival,48,S50,3,switch,10,51641,96,0,0,23,118.54,0,0,39.932,0
23,stage_arrival,4,S37,0,switch,0,51652,122,0,0,23,203.508,0,0,40.7016,0
23,stage_arrival,7,S45,2,switch,61,51653,15,0,0,23,100.666,0,0,40.7016,0
23,stage_arrival,0,S00,5,terminal,0,51641,96,0,0,23,1000,0,0,25,0
23,stage_arrival,61,S46,1,switch,57,51653,15,0,0,23,199.213,0,0,40.7016,0
23,stage_arrival,56,S36,2,switch,4,51643,35,0,0,23,112.305,0,0,40.7016,0
23,stage_arrival,0,S00,5,terminal,0,51644,28,0,0,23,1000,0,0,62.5,0
23,stage_arrival,28,S12,1,switch,29,51646,57,0,0,23,167.904,0,0,62.5,0
23,stage_arrival,52,S30,2,switch,54,51654,104,0,0,23,164.752,0,0,62.5,0
23,stage_arrival,0,S00,5,terminal,0,51643,35,0,0,23,1000,0,0,20.7016,0
23,stage_arrival,0,S00,5,terminal,0,51648,125,0,0,23,1000,0,0,62.5,0
23,stage_arrival,10,S61,0,switch,1,51641,96,0,0,23,227.172,25.6638,0,39.932,0
23,stage_arrival,0,S00,5,terminal,0,51654,104,0,0,23,1000,0,0,62.5,0
23,stage_arrival,57,S47,1,switch,50,51645,103,0,0,23,259.289,0,0,40.7016,0
23,stage_arrival,3,S27,0,switch,0,51655,120,0,0,23,119.129,0,0,59.5645,0
23,stage_arrival,0,S00,5,terminal,0,51655,120,0,0,23,1000,0,0,37.4144,0
23,stage_arrival_coalesce,0,S00,5,terminal,0,51641,96,0,0,23,1000,0,0,39.932,0
23,stage_arrival,0,S00,5,terminal,0,51649,12,0,0,23,1000,0,0,25,0
23,stage_arrival,37,S32,0,switch,0,51654,104,0,0,23,103.31,0,0,62.5,0
23,stage_arrival,0,S00,5,terminal,0,51647,21,0,0,23,1000,0,0,14.932,0
23,stage_arrival,3,S27,0,switch,0,51642,6,0,0,23,119.129,0,0,59.5645,0
23,stage_arrival,34,S57,2,switch,14,51648,125,0,0,23,113.541,0,0,62.5,0
23,stage_arrival,0,S00,5,terminal,0,51651,87,0,0,23,1000,0,0,62.5,0
23,stage_arrival,51,S48,0,switch,57,51645,103,0,0,23,201.033,0,0,40.7016,0
23,stage_arrival,0,S00,5,terminal,0,51642,6,0,0,23,1000,0,0,22.1501,0
23,stage_arrival,1,S01,0,switch,0,51649,12,0,0,23,159.728,0,0,39.932,0
23,stage_arrival,0,S00,5,terminal,0,51653,15,0,0,23,1000,0,0,20,0
23,stage_arrival,50,S38,2,switch,4,51645,103,0,0,23,290.506,0,0,40.7016,0
23,stage_arrival_coalesce,0,S00,5,terminal,0,51650,20,0,0,23,1000,0,0,39.932,0
23,stage_arrival_coalesce,0,S00,5,terminal,0,51655,120,0,0,23,1000,0,0,59.5645,0
23,stage_arrival,57,S47,1,switch,50,51652,122,0,0,23,259.289,0,0,40.7016,0
23,stage_arrival_coalesce,0,S00,5,terminal,0,51642,6,0,0,23,1000,0,0,59.5645,0
23,stage_arrival,0,S00,5,terminal,0,51645,103,0,0,23,1000,0,0,20.7016,0
23,stage_arrival,43,S22,0,switch,0,51651,87,0,0,23,203.304,0,0,62.5,0
23,stage_arrival,0,S00,5,terminal,0,51652,122,0,0,23,1000,0,0,20,0
23,stage_arrival_coalesce,0,S00,5,terminal,0,51645,103,0,0,23,1000,0,0,40.7016,0
23,stage_arrival,29,S13,5,switch,31,51646,57,0,0,23,131.191,0,0,62.5,0
23,stage_arrival,60,S44,0,switch,18,51655,120,0,0,23,203.923,0,0,59.5645,0
23,stage_arrival,38,S42,0,switch,42,51655,120,0,0,23,176.64,0,0,59.5645,0
23,stage_arrival,61,S46,1,switch,57,51652,122,0,0,23,199.213,0,0,40.7016,0
23,stage_arrival_coalesce,0,S00,5,terminal,0,51653,15,0,0,23,1000,0,0,40.7016,0
23,stage_arrival,62,S56,1,switch,34,51648,125,0,0,23,238.377,0,0,62.5,0
23,stage_arrival_coalesce,0,S00,5,terminal,0,51652,122,0,0,23,1000,0,0,40.7016,0
23,stage_arrival,56,S36,2,switch,4,51640,34,0,0,23,112.305,0,0,40.7016,0
23,stage_arrival_coalesce,0,S00,5,terminal,0,51643,35,0,0,23,1000,0,0,40.7016,0
23,stage_arrival,31,S62,3,switch,5,51646,57,0,0,23,238.676,0,0,62.5,0
23,stage_arrival,17,S35,1,switch,56,51640,34,0,0,23,252.252,0,0,40.7016,0
23,stage_arrival,0,S00,5,terminal,0,51646,57,0,0,23,1000,0,0,62.5,0
23,stage_arrival_coalesce,0,S00,5,terminal,0,51647,21,0,0,23,1000,0,0,39.932,0
23,stage_arrival,14,S58,4,switch,5,51644,28,0,0,23,193.819,0,0,62.5,0
23,stage_arrival_coalesce,0,S00,5,terminal,0,51649,12,0,0,23,1000,0,0,39.932,0
23,stage_arrival,10,S61,0,switch,1,51647,21,0,0,23,227.172,25.6638,0,39.932,0
23,stage_arrival,50,S38,2,switch,4,51652,122,0,0,23,290.506,0,0,40.7016,0
23,stage_arrival,0,S00,5,terminal,0,51640,34,0,0,23,1000,0,0,20,0
23,stage_arrival,4,S37,0,switch,0,51653,15,0,0,23,203.508,0,0,40.7016,0
23,stage_arrival_coalesce,0,S00,5,terminal,0,51640,34,0,0,23,1000,0,0,40.7016,0
23,stage_arrival,4,S37,0,switch,0,51640,34,0,0,23,203.508,0,0,40.7016,0
23,stage_arrival,42,S20,2,switch,3,51655,120,0,0,23,251.806,0,0,59.5645,0
23,stage_arrival,50,S38,2,switch,4,51653,15,0,0,23,290.506,0,0,40.7016,0
23,stage_arrival,5,S63,0,switch,0,51646,57,0,0,23,259.679,0,0,62.5,0
23,stage_arrival,5,S63,0,switch,0,51648,125,0,0,23,259.679,0,0,62.5,0
23,stage_arrival,4,S37,0,switch,0,51645,103,0,0,23,203.508,0,0,40.7016,0
23,stage_arrival,6,S02,0,switch,1,51649,12,0,0,23,138.732,0,0,39.932,0
23,stage_arrival,5,S63,0,switch,0,51644,28,0,0,23,259.679,0,0,62.5,0
23,stage_arrival,14,S58,4,switch,5,51648,125,0,0,23,193.819,0,0,62.5,0
23,stage_arrival,54,S31,1,switch,37,51654,104,0,0,23,242.335,0,0,62.5,0
23,stage_arrival,10,S61,0,switch,1,51650,20,0,0,23,227.172,25.6638,0,39.932,0
23,allocate_send_arrival,57,S47,1,switch,50,51653,15,0,0,23,259.289,0,40.7016,0,0
23,allocate_send_arrival,57,S47,1,switch,50,51645,103,0,0,23,259.289,0,40.7016,0,0
23,allocate_send_arrival,57,S47,1,switch,50,51652,122,0,0,23,259.289,0,40.7016,0,0
23,allocate_send_arrival,61,S46,1,switch,57,51653,15,0,0,23,199.213,0,40.7016,0,0
23,allocate_send_arrival,61,S46,1,switch,57,51652,122,0,0,23,199.213,0,40.7016,0,0
23,allocate_send_arrival,52,S30,2,switch,54,51654,104,0,0,23,164.752,0,62.5,0,0
23,allocate_send_arrival,56,S36,2,switch,4,51643,35,0,0,23,112.305,0,40.7016,0,0
23,allocate_send_arrival,56,S36,2,switch,4,51640,34,0,0,23,112.305,0,40.7016,0,0
23,allocate_send_arrival,38,S42,0,switch,42,51655,120,0,0,23,176.64,0,59.5645,0,0
23,allocate_send_arrival,17,S35,1,switch,56,51643,35,0,0,23,252.252,0,40.7016,0,0
23,allocate_send_arrival,17,S35,1,switch,56,51640,34,0,0,23,252.252,0,40.7016,0,0
23,allocate_send_arrival,14,S58,4,switch,5,51644,28,0,0,23,193.819,0,62.5,0,0
23,allocate_send_arrival,14,S58,4,switch,5,51648,125,0,0,23,193.819,0,62.5,0,0
23,allocate_send_arrival,18,S43,0,switch,38,51655,120,0,0,23,157.659,0,59.5645,0,0
23,allocate_send_arrival,37,S32,0,switch,0,51654,104,0,0,23,103.31,0,62.5,0,0
23,allocate_send_arrival,54,S31,1,switch,37,51654,104,0,0,23,242.335,0,62.5,0,0
23,allocate_send_arrival,60,S44,0,switch,18,51655,120,0,0,23,203.923,0,59.5645,0,0
23,allocate_send_arrival,6,S02,0,switch,1,51649,12,0,0,23,138.732,0,39.932,0,0
23,allocate_send_arrival,43,S22,0,switch,0,51651,87,0,0,23,203.304,0,62.5,0,0
23,allocate_send_arrival,10,S61,0,switch,1,51641,96,0,0,23,227.172,25.6638,39.932,0,0
23,allocate_send_arrival,10,S61,0,switch,1,51647,21,0,0,23,227.172,25.6638,39.932,0,0
23,allocate_send_arrival,10,S61,0,switch,1,51650,20,0,0,23,227.172,25.6638,39.932,0,0
23,allocate_send_arrival,51,S48,0,switch,57,51645,103,0,0,23,201.033,0,40.7016,0,0
23,allocate_send_arrival,29,S13,5,switch,31,51646,57,0,0,23,131.191,0,62.5,0,0
23,allocate_send_arrival,7,S45,2,switch,61,51653,15,0,0,23,100.666,0,40.7016,0,0
23,allocate_send_arrival,48,S50,3,switch,10,51641,96,0,0,23,118.54,0,39.932,0,0
23,allocate_send_arrival,1,S01,0,switch,0,51650,20,0,0,23,159.728,0,14.932,25,0
23,enqueue_residual,1,S01,0,switch,0,51650,20,0,0,23,159.728,0,0,25,0
23,allocate_send_arrival,1,S01,0,switch,0,51647,21,0,0,23,159.728,0,14.932,25,0
23,enqueue_residual,1,S01,0,switch,0,51647,21,0,0,23,159.728,0,0,25,0
23,allocate_send_arrival,1,S01,0,switch,0,51641,96,0,0,23,159.728,0,14.932,25,0
23,enqueue_residual,1,S01,0,switch,0,51641,96,0,0,23,159.728,0,0,25,0
23,allocate_send_arrival,1,S01,0,switch,0,51649,12,0,0,23,159.728,0,14.932,25,0
23,enqueue_residual,1,S01,0,switch,0,51649,12,0,0,23,159.728,0,0,25,0
23,allocate_send_arrival,4,S37,0,switch,0,51643,35,0,0,23,203.508,0,20.7016,20,0
23,enqueue_residual,4,S37,0,switch,0,51643,35,0,0,23,203.508,0,0,20,0
23,allocate_send_arrival,4,S37,0,switch,0,51652,122,0,0,23,203.508,0,20.7016,20,0
23,enqueue_residual,4,S37,0,switch,0,51652,122,0,0,23,203.508,0,0,20,0
23,allocate_send_arrival,4,S37,0,switch,0,51653,15,0,0,23,203.508,0,20.7016,20,0
23,enqueue_residual,4,S37,0,switch,0,51653,15,0,0,23,203.508,0,0,20,0
23,allocate_send_arrival,4,S37,0,switch,0,51640,34,0,0,23,203.508,0,20.7016,20,0
23,enqueue_residual,4,S37,0,switch,0,51640,34,0,0,23,203.508,0,0,20,0
23,allocate_send_arrival,4,S37,0,switch,0,51645,103,0,0,23,203.508,0,20.7016,20,0
23,enqueue_residual,4,S37,0,switch,0,51645,103,0,0,23,203.508,0,0,20,0
23,allocate_send_arrival,42,S20,2,switch,3,51655,120,0,0,23,251.806,0,59.5645,0,0
23,allocate_send_arrival,5,S63,0,switch,0,51646,57,0,0,23,259.679,0,62.5,0,0
23,allocate_send_arrival,5,S63,0,switch,0,51648,125,0,0,23,259.679,0,62.5,0,0
23,allocate_send_arrival,5,S63,0,switch,0,51644,28,0,0,23,259.679,0,62.5,0,0
23,allocate_send_arrival,34,S57,2,switch,14,51648,125,0,0,23,113.541,0,62.5,0,0
23,allocate_send_arrival,50,S38,2,switch,4,51645,103,0,0,23,290.506,0,40.7016,0,0
23,allocate_send_arrival,50,S38,2,switch,4,51652,122,0,0,23,290.506,0,40.7016,0,0
23,allocate_send_arrival,50,S38,2,switch,4,51653,15,0,0,23,290.506,0,40.7016,0,0
23,allocate_send_arrival,62,S56,1,switch,34,51648,125,0,0,23,238.377,0,62.5,0,0
23,allocate_send_arrival,28,S12,1,switch,29,51646,57,0,0,23,167.904,0,62.5,0,0
23,allocate_send_arrival,0,S00,5,terminal,0,51650,20,0,0,23,1000,0,39.932,0,0
23,allocate_send_arrival,0,S00,5,terminal,0,51641,96,0,0,23,1000,0,39.932,0,0
23,allocate_send_arrival,0,S00,5,terminal,0,51644,28,0,0,23,1000,0,62.5,7.27596e-15,0
23,allocate_send_arrival,0,S00,5,terminal,0,51643,35,0,0,23,1000,0,40.7016,0,0
23,allocate_send_arrival,0,S00,5,terminal,0,51648,125,0,0,23,1000,0,62.5,7.27596e-15,0
23,allocate_send_arrival,0,S00,5,terminal,0,51654,104,0,0,23,1000,0,62.5,7.27596e-15,0
23,allocate_send_arrival,0,S00,5,terminal,0,51655,120,0,0,23,1000,0,59.5645,0,0
23,allocate_send_arrival,0,S00,5,terminal,0,51649,12,0,0,23,1000,0,39.932,0,0
23,allocate_send_arrival,0,S00,5,terminal,0,51647,21,0,0,23,1000,0,39.932,0,0
23,allocate_send_arrival,0,S00,5,terminal,0,51651,87,0,0,23,1000,0,62.5,7.27596e-15,0
23,allocate_send_arrival,0,S00,5,terminal,0,51642,6,0,0,23,1000,0,59.5645,0,0
23,allocate_send_arrival,0,S00,5,terminal,0,51653,15,0,0,23,1000,0,40.7016,0,0
23,allocate_send_arrival,0,S00,5,terminal,0,51645,103,0,0,23,1000,0,40.7016,0,0
23,allocate_send_arrival,0,S00,5,terminal,0,51652,122,0,0,23,1000,0,40.7016,0,0
23,allocate_send_arrival,0,S00,5,terminal,0,51646,57,0,0,23,1000,0,62.5,7.27596e-15,0
23,allocate_send_arrival,0,S00,5,terminal,0,51640,34,0,0,23,1000,0,40.7016,0,0
23,allocate_send_arrival,3,S27,0,switch,0,51655,120,0,0,23,119.129,0,37.4144,22.1501,0
23,enqueue_residual,3,S27,0,switch,0,51655,120,0,0,23,119.129,0,0,22.1501,0
23,allocate_send_arrival,3,S27,0,switch,0,51642,6,0,0,23,119.129,0,37.4144,22.1501,0
23,enqueue_residual,3,S27,0,switch,0,51642,6,0,0,23,119.129,0,0,22.1501,0
23,allocate_send_arrival,31,S62,3,switch,5,51646,57,0,0,23,238.676,0,62.5,0,0
24,allocate_send_buffered,3,S27,0,switch,0,51655,120,0,0,24,119.129,44.3001,22.1501,0,0
24,allocate_send_buffered,3,S27,0,switch,0,51642,6,0,0,24,119.129,44.3001,22.1501,0,0
24,allocate_send_buffered,1,S01,0,switch,0,51650,20,0,0,24,159.728,100,25,0,0
24,allocate_send_buffered,1,S01,0,switch,0,51647,21,0,0,24,159.728,100,25,0,0
24,allocate_send_buffered,1,S01,0,switch,0,51641,96,0,0,24,159.728,100,25,0,0
24,allocate_send_buffered,1,S01,0,switch,0,51649,12,0,0,24,159.728,100,25,0,0
24,allocate_send_buffered,4,S37,0,switch,0,51643,35,0,0,24,203.508,100,20,0,0
24,allocate_send_buffered,4,S37,0,switch,0,51652,122,0,0,24,203.508,100,20,0,0
24,allocate_send_buffered,4,S37,0,switch,0,51653,15,0,0,24,203.508,100,20,0,0
24,allocate_send_buffered,4,S37,0,switch,0,51640,34,0,0,24,203.508,100,20,0,0
24,allocate_send_buffered,4,S37,0,switch,0,51645,103,0,0,24,203.508,100,20,0,0
24,stage_arrival,0,S00,5,terminal,0,51644,28,0,0,24,1000,0,0,62.5,0
24,stage_arrival,28,S12,1,switch,29,51646,57,0,0,24,167.904,0,0,62.5,0
24,stage_arrival,4,S37,0,switch,0,51645,103,0,0,24,203.508,0,0,40.7016,0
24,stage_arrival,61,S46,1,switch,57,51653,15,0,0,24,199.213,0,0,40.7016,0
24,stage_arrival,1,S01,0,switch,0,51647,21,0,0,24,159.728,0,0,39.932,0
24,stage_arrival,3,S27,0,switch,0,51642,6,0,0,24,119.129,0,0,59.5645,0
24,stage_arrival,57,S47,1,switch,50,51645,103,0,0,24,259.289,0,0,40.7016,0
24,stage_arrival,57,S47,1,switch,50,51652,122,0,0,24,259.289,0,0,40.7016,0
24,stage_arrival,0,S00,5,terminal,0,51641,96,0,0,24,1000,0,0,14.932,0
24,stage_arrival,7,S45,2,switch,61,51653,15,0,0,24,100.666,0,0,40.7016,0
24,stage_arrival,10,S61,0,switch,1,51647,21,0,0,24,227.172,25.6638,0,39.932,0
24,stage_arrival,56,S36,2,switch,4,51643,35,0,0,24,112.305,0,0,40.7016,0
24,stage_arrival,31,S62,3,switch,5,51646,57,0,0,24,238.676,0,0,62.5,0
24,stage_arrival,0,S00,5,terminal,0,51648,125,0,0,24,1000,0,0,62.5,0
24,stage_arrival,38,S42,0,switch,42,51655,120,0,0,24,176.64,0,0,59.5645,0
24,stage_arrival,0,S00,5,terminal,0,51655,120,0,0,24,1000,0,0,22.1501,0
24,stage_arrival,0,S00,5,terminal,0,51647,21,0,0,24,1000,0,0,14.932,0
24,stage_arrival,43,S22,0,switch,0,51651,87,0,0,24,203.304,0,0,62.5,0
24,stage_arrival,0,S00,5,terminal,0,51652,122,0,0,24,1000,0,0,20.7016,0
24,stage_arrival,0,S00,5,terminal,0,51653,15,0,0,24,1000,0,0,20.7016,0
24,stage_arrival,50,S38,2,switch,4,51653,15,0,0,24,290.506,0,0,40.7016,0
24,stage_arrival_coalesce,0,S00,5,terminal,0,51641,96,0,0,24,1000,0,0,39.932,0
24,stage_arrival_coalesce,0,S00,5,terminal,0,51655,120,0,0,24,1000,0,0,59.5645,0
24,stage_arrival,4,S37,0,switch,0,51643,35,0,0,24,203.508,0,0,40.7016,0
24,stage_arrival,0,S00,5,terminal,0,51651,87,0,0,24,1000,0,0,62.5,0
24,stage_arrival,0,S00,5,terminal,0,51650,20,0,0,24,1000,0,0,25,0
24,stage_arrival,0,S00,5,terminal,0,51643,35,0,0,24,1000,0,0,20.7016,0
24,stage_arrival,56,S36,2,switch,4,51640,34,0,0,24,112.305,0,0,40.7016,0
24,stage_arrival,5,S63,0,switch,0,51644,28,0,0,24,259.679,0,0,62.5,0
24,stage_arrival,37,S32,0,switch,0,51654,104,0,0,24,103.31,0,0,62.5,0
24,stage_arrival,0,S00,5,terminal,0,51640,34,0,0,24,1000,0,0,20.7016,0
24,stage_arrival_coalesce,0,S00,5,terminal,0,51647,21,0,0,24,1000,0,0,39.932,0
24,stage_arrival,0,S00,5,terminal,0,51649,12,0,0,24,1000,0,0,14.932,0
24,stage_arrival_coalesce,0,S00,5,terminal,0,51649,12,0,0,24,1000,0,0,39.932,0
24,stage_arrival,10,S61,0,switch,1,51641,96,0,0,24,227.172,25.6638,0,39.932,0
24,stage_arrival,42,S20,2,switch,3,51655,120,0,0,24,251.806,0,0,59.5645,0
24,stage_arrival,5,S63,0,switch,0,51648,125,0,0,24,259.679,0,0,62.5,0
24,stage_arrival,50,S38,2,switch,4,51645,103,0,0,24,290.506,0,0,40.7016,0
24,stage_arrival,60,S44,0,switch,18,51655,120,0,0,24,203.923,0,0,59.5645,0
24,stage_arrival,0,S00,5,terminal,0,51642,6,0,0,24,1000,0,0,22.1501,0
24,stage_arrival,1,S01,0,switch,0,51650,20,0,0,24,159.728,0,0,39.932,0
24,stage_arrival,4,S37,0,switch,0,51652,122,0,0,24,203.508,0,0,40.7016,0
24,stage_arrival,10,S61,0,switch,1,51650,20,0,0,24,227.172,25.6638,0,39.932,0
24,stage_arrival_coalesce,0,S00,5,terminal,0,51642,6,0,0,24,1000,0,0,59.5645,0
24,stage_arrival,0,S00,5,terminal,0,51645,103,0,0,24,1000,0,0,20.7016,0
24,stage_arrival_coalesce,0,S00,5,terminal,0,51652,122,0,0,24,1000,0,0,40.7016,0
24,stage_arrival,54,S31,1,switch,37,51654,104,0,0,24,242.335,0,0,62.5,0
24,stage_arrival_coalesce,0,S00,5,terminal,0,51650,20,0,0,24,1000,0,0,39.932,0
24,stage_arrival,1,S01,0,switch,0,51641,96,0,0,24,159.728,0,0,39.932,0
24,stage_arrival,29,S13,5,switch,31,51646,57,0,0,24,131.191,0,0,62.5,0
24,stage_arrival,1,S01,0,switch,0,51649,12,0,0,24,159.728,0,0,39.932,0
24,stage_arrival,0,S00,5,terminal,0,51654,104,0,0,24,1000,0,0,62.5,0
24,stage_arrival,14,S58,4,switch,5,51648,125,0,0,24,193.819,0,0,62.5,0
24,stage_arrival,48,S50,3,switch,10,51641,96,0,0,24,118.54,0,0,39.932,0
24,stage_arrival_coalesce,0,S00,5,terminal,0,51643,35,0,0,24,1000,0,0,40.7016,0
24,stage_arrival,17,S35,1,switch,56,51643,35,0,0,24,252.252,0,0,40.7016,0
24,stage_arrival,6,S02,0,switch,1,51649,12,0,0,24,138.732,0,0,39.932,0
24,stage_arrival,0,S00,5,terminal,0,51646,57,0,0,24,1000,0,0,62.5,0
24,stage_arrival,57,S47,1,switch,50,51653,15,0,0,24,259.289,0,0,40.7016,0
24,stage_arrival_coalesce,0,S00,5,terminal,0,51640,34,0,0,24,1000,0,0,40.7016,0
24,stage_arrival,17,S35,1,switch,56,51640,34,0,0,24,252.252,0,0,40.7016,0
24,stage_arrival,62,S56,1,switch,34,51648,125,0,0,24,238.377,0,0,62.5,0
24,stage_arrival,5,S63,0,switch,0,51646,57,0,0,24,259.679,0,0,62.5,0
24,stage_arrival_coalesce,0,S00,5,terminal,0,51645,103,0,0,24,1000,0,0,40.7016,0
24,stage_arrival,52,S30,2,switch,54,51654,104,0,0,24,164.752,0,0,62.5,0
24,stage_arrival,61,S46,1,switch,57,51652,122,0,0,24,199.213,0,0,40.7016,0
24,stage_arrival,51,S48,0,switch,57,51645,103,0,0,24,201.033,0,0,40.7016,0
24,stage_arrival,18,S43,0,switch,38,51655,120,0,0,24,157.659,0,0,59.5645,0
24,stage_arrival_coalesce,0,S00,5,terminal,0,51653,15,0,0,24,1000,0,0,40.7016,0
24,stage_arrival,4,S37,0,switch,0,51640,34,0,0,24,203.508,0,0,40.7016,0
24,stage_arrival,14,S58,4,switch,5,51644,28,0,0,24,193.819,0,0,62.5,0
24,stage_arrival,3,S27,0,switch,0,51655,120,0,0,24,119.129,0,0,59.5645,0
24,stage_arrival,50,S38,2,switch,4,51652,122,0,0,24,290.506,0,0,40.7016,0
24,stage_arrival,4,S37,0,switch,0,51653,15,0,0,24,203.508,0,0,40.7016,0
24,stage_arrival,34,S57,2,switch,14,51648,125,0,0,24,113.541,0,0,62.5,0
24,allocate_send_arrival,54,S31,1,switch,37,51654,104,0,0,24,242.335,0,62.5,0,0
24,allocate_send_arrival,1,S01,0,switch,0,51647,21,0,0,24,159.728,0,14.932,25,0
24,enqueue_residual,1,S01,0,switch,0,51647,21,0,0,24,159.728,0,0,25,0
24,allocate_send_arrival,1,S01,0,switch,0,51650,20,0,0,24,159.728,0,14.932,25,0
24,enqueue_residual,1,S01,0,switch,0,51650,20,0,0,24,159.728,0,0,25,0
24,allocate_send_arrival,1,S01,0,switch,0,51641,96,0,0,24,159.728,0,14.932,25,0
24,enqueue_residual,1,S01,0,switch,0,51641,96,0,0,24,159.728,0,0,25,0
24,allocate_send_arrival,1,S01,0,switch,0,51649,12,0,0,24,159.728,0,14.932,25,0
24,enqueue_residual,1,S01,0,switch,0,51649,12,0,0,24,159.728,0,0,25,0
24,allocate_send_arrival,5,S63,0,switch,0,51644,28,0,0,24,259.679,0,62.5,0,0
24,allocate_send_arrival,5,S63,0,switch,0,51648,125,0,0,24,259.679,0,62.5,0,0
24,allocate_send_arrival,5,S63,0,switch,0,51646,57,0,0,24,259.679,0,62.5,0,0
24,allocate_send_arrival,51,S48,0,switch,57,51645,103,0,0,24,201.033,0,40.7016,0,0
24,allocate_send_arrival,48,S50,3,switch,10,51641,96,0,0,24,118.54,0,39.932,0,0
24,allocate_send_arrival,6,S02,0,switch,1,51649,12,0,0,24,138.732,0,39.932,0,0
24,allocate_send_arrival,42,S20,2,switch,3,51655,120,0,0,24,251.806,0,59.5645,0,0
24,allocate_send_arrival,10,S61,0,switch,1,51647,21,0,0,24,227.172,25.6638,39.932,0,0
24,allocate_send_arrival,10,S61,0,switch,1,51641,96,0,0,24,227.172,25.6638,39.932,0,0
24,allocate_send_arrival,10,S61,0,switch,1,51650,20,0,0,24,227.172,25.6638,39.932,0,0
24,allocate_send_arrival,17,S35,1,switch,56,51643,35,0,0,24,252.252,0,40.7016,0,0
24,allocate_send_arrival,17,S35,1,switch,56,51640,34,0,0,24,252.252,0,40.7016,0,0
24,allocate_send_arrival,38,S42,0,switch,42,51655,120,0,0,24,176.64,0,59.5645,0,0
24,allocate_send_arrival,34,S57,2,switch,14,51648,125,0,0,24,113.541,0,62.5,0,0
24,allocate_send_arrival,18,S43,0,switch,38,51655,120,0,0,24,157.659,0,59.5645,0,0
24,allocate_send_arrival,60,S44,0,switch,18,51655,120,0,0,24,203.923,0,59.5645,0,0
24,allocate_send_arrival,62,S56,1,switch,34,51648,125,0,0,24,238.377,0,62.5,0,0
24,allocate_send_arrival,29,S13,5,switch,31,51646,57,0,0,24,131.191,0,62.5,0,0
24,allocate_send_arrival,3,S27,0,switch,0,51642,6,0,0,24,119.129,0,37.4144,22.1501,0
24,enqueue_residual,3,S27,0,switch,0,51642,6,0,0,24,119.129,0,0,22.1501,0
24,allocate_send_arrival,3,S27,0,switch,0,51655,120,0,0,24,119.129,0,37.4144,22.1501,0
24,enqueue_residual,3,S27,0,switch,0,51655,120,0,0,24,119.129,0,0,22.1501,0
24,allocate_send_arrival,14,S58,4,switch,5,51648,125,0,0,24,193.819,0,62.5,0,0
24,allocate_send_arrival,14,S58,4,switch,5,51644,28,0,0,24,193.819,0,62.5,0,0
24,allocate_send_arrival,57,S47,1,switch,50,51645,103,0,0,24,259.289,0,40.7016,0,0
24,allocate_send_arrival,57,S47,1,switch,50,51652,122,0,0,24,259.289,0,40.7016,0,0
24,allocate_send_arrival,57,S47,1,switch,50,51653,15,0,0,24,259.289,0,40.7016,0,0
24,allocate_send_arrival,4,S37,0,switch,0,51645,103,0,0,24,203.508,0,20.7016,20,0
24,enqueue_residual,4,S37,0,switch,0,51645,103,0,0,24,203.508,0,0,20,0
24,allocate_send_arrival,4,S37,0,switch,0,51643,35,0,0,24,203.508,0,20.7016,20,0
24,enqueue_residual,4,S37,0,switch,0,51643,35,0,0,24,203.508,0,0,20,0
24,allocate_send_arrival,4,S37,0,switch,0,51652,122,0,0,24,203.508,0,20.7016,20,0
24,enqueue_residual,4,S37,0,switch,0,51652,122,0,0,24,203.508,0,0,20,0
24,allocate_send_arrival,4,S37,0,switch,0,51640,34,0,0,24,203.508,0,20.7016,20,0
24,enqueue_residual,4,S37,0,switch,0,51640,34,0,0,24,203.508,0,0,20,0
24,allocate_send_arrival,4,S37,0,switch,0,51653,15,0,0,24,203.508,0,20.7016,20,0
24,enqueue_residual,4,S37,0,switch,0,51653,15,0,0,24,203.508,0,0,20,0
24,allocate_send_arrival,52,S30,2,switch,54,51654,104,0,0,24,164.752,0,62.5,0,0
24,allocate_send_arrival,61,S46,1,switch,57,51653,15,0,0,24,199.213,0,40.7016,0,0
24,allocate_send_arrival,61,S46,1,switch,57,51652,122,0,0,24,199.213,0,40.7016,0,0
24,allocate_send_arrival,0,S00,5,terminal,0,51644,28,0,0,24,1000,0,62.5,7.27596e-15,0
24,allocate_send_arrival,0,S00,5,terminal,0,51641,96,0,0,24,1000,0,39.932,0,0
24,allocate_send_arrival,0,S00,5,terminal,0,51648,125,0,0,24,1000,0,62.5,7.27596e-15,0
24,allocate_send_arrival,0,S00,5,terminal,0,51655,120,0,0,24,1000,0,59.5645,0,0
24,allocate_send_arrival,0,S00,5,terminal,0,51647,21,0,0,24,1000,0,39.932,0,0
24,allocate_send_arrival,0,S00,5,terminal,0,51652,122,0,0,24,1000,0,40.7016,0,0
24,allocate_send_arrival,0,S00,5,terminal,0,51653,15,0,0,24,1000,0,40.7016,0,0
24,allocate_send_arrival,0,S00,5,terminal,0,51651,87,0,0,24,1000,0,62.5,7.27596e-15,0
24,allocate_send_arrival,0,S00,5,terminal,0,51650,20,0,0,24,1000,0,39.932,0,0
24,allocate_send_arrival,0,S00,5,terminal,0,51643,35,0,0,24,1000,0,40.7016,0,0
24,allocate_send_arrival,0,S00,5,terminal,0,51640,34,0,0,24,1000,0,40.7016,0,0
24,allocate_send_arrival,0,S00,5,terminal,0,51649,12,0,0,24,1000,0,39.932,0,0
24,allocate_send_arrival,0,S00,5,terminal,0,51642,6,0,0,24,1000,0,59.5645,0,0
24,allocate_send_arrival,0,S00,5,terminal,0,51645,103,0,0,24,1000,0,40.7016,0,0
24,allocate_send_arrival,0,S00,5,terminal,0,51654,104,0,0,24,1000,0,62.5,7.27596e-15,0
24,allocate_send_arrival,0,S00,5,terminal,0,51646,57,0,0,24,1000,0,62.5,7.27596e-15,0
24,allocate_send_arrival,43,S22,0,switch,0,51651,87,0,0,24,203.304,0,62.5,0,0
24,allocate_send_arrival,50,S38,2,switch,4,51653,15,0,0,24,290.506,0,40.7016,0,0
24,allocate_send_arrival,50,S38,2,switch,4,51645,103,0,0,24,290.506,0,40.7016,0,0
24,allocate_send_arrival,50,S38,2,switch,4,51652,122,0,0,24,290.506,0,40.7016,0,0
24,allocate_send_arrival,56,S36,2,switch,4,51643,35,0,0,24,112.305,0,40.7016,0,0
24,allocate_send_arrival,56,S36,2,switch,4,51640,34,0,0,24,112.305,0,40.7016,0,0
24,allocate_send_arrival,31,S62,3,switch,5,51646,57,0,0,24,238.676,0,62.5,0,0
24,allocate_send_arrival,37,S32,0,switch,0,51654,104,0,0,24,103.31,0,62.5,0,0
24,allocate_send_arrival,28,S12,1,switch,29,51646,57,0,0,24,167.904,0,62.5,0,0
24,allocate_send_arrival,7,S45,2,switch,61,51653,15,0,0,24,100.666,0,40.7016,0,0
25,allocate_send_buffered,1,S01,0,switch,0,51647,21,0,0,25,159.728,100,25,0,0
25,allocate_send_buffered,1,S01,0,switch,0,51650,20,0,0,25,159.728,100,25,0,0
25,allocate_send_buffered,1,S01,0,switch,0,51641,96,0,0,25,159.728,100,25,0,0
25,allocate_send_buffered,1,S01,0,switch,0,51649,12,0,0,25,159.728,100,25,0,0
25,allocate_send_buffered,4,S37,0,switch,0,51645,103,0,0,25,203.508,100,20,0,0
25,allocate_send_buffered,4,S37,0,switch,0,51643,35,0,0,25,203.508,100,20,0,0
25,allocate_send_buffered,4,S37,0,switch,0,51652,122,0,0,25,203.508,100,20,0,0
25,allocate_send_buffered,4,S37,0,switch,0,51640,34,0,0,25,203.508,100,20,0,0
25,allocate_send_buffered,4,S37,0,switch,0,51653,15,0,0,25,203.508,100,20,0,0
25,allocate_send_buffered,3,S27,0,switch,0,51642,6,0,0,25,119.129,44.3001,22.1501,0,0
25,allocate_send_buffered,3,S27,0,switch,0,51655,120,0,0,25,119.129,44.3001,22.1501,0,0
25,stage_arrival,0,S00,5,terminal,0,51643,35,0,0,25,1000,0,0,20.7016,0
25,stage_arrival,34,S57,2,switch,14,51648,125,0,0,25,113.541,0,0,62.5,0
25,stage_arrival,54,S31,1,switch,37,51654,104,0,0,25,242.335,0,0,62.5,0
25,stage_arrival,0,S00,5,terminal,0,51653,15,0,0,25,1000,0,0,20.7016,0
25,stage_arrival,10,S61,0,switch,1,51650,20,0,0,25,227.172,25.6638,0,39.932,0
25,stage_arrival,56,S36,2,switch,4,51643,35,0,0,25,112.305,0,0,40.7016,0
25,stage_arrival,0,S00,5,terminal,0,51648,125,0,0,25,1000,0,0,62.5,0
25,stage_arrival,50,S38,2,switch,4,51653,15,0,0,25,290.506,0,0,40.7016,0
25,stage_arrival,0,S00,5,terminal,0,51642,6,0,0,25,1000,0,0,37.4144,0
25,stage_arrival,42,S20,2,switch,3,51655,120,0,0,25,251.806,0,0,59.5645,0
25,stage_arrival_coalesce,0,S00,5,terminal,0,51642,6,0,0,25,1000,0,0,59.5645,0
25,stage_arrival,3,S27,0,switch,0,51642,6,0,0,25,119.129,0,0,59.5645,0
25,stage_arrival,57,S47,1,switch,50,51645,103,0,0,25,259.289,0,0,40.7016,0
25,stage_arrival,5,S63,0,switch,0,51646,57,0,0,25,259.679,0,0,62.5,0
25,stage_arrival,56,S36,2,switch,4,51640,34,0,0,25,112.305,0,0,40.7016,0
25,stage_arrival,0,S00,5,terminal,0,51649,12,0,0,25,1000,0,0,25,0
25,stage_arrival,0,S00,5,terminal,0,51650,20,0,0,25,1000,0,0,25,0
25,stage_arrival,5,S63,0,switch,0,51644,28,0,0,25,259.679,0,0,62.5,0
25,stage_arrival,50,S38,2,switch,4,51645,103,0,0,25,290.506,0,0,40.7016,0
25,stage_arrival,3,S27,0,switch,0,51655,120,0,0,25,119.129,0,0,59.5645,0
25,stage_arrival,0,S00,5,terminal,0,51645,103,0,0,25,1000,0,0,20,0
25,stage_arrival,0,S00,5,terminal,0,51641,96,0,0,25,1000,0,0,14.932,0
25,stage_arrival,61,S46,1,switch,57,51652,122,0,0,25,199.213,0,0,40.7016,0
25,stage_arrival_coalesce,0,S00,5,terminal,0,51643,35,0,0,25,1000,0,0,40.7016,0
25,stage_arrival,0,S00,5,terminal,0,51651,87,0,0,25,1000,0,0,62.5,0
25,stage_arrival,4,S37,0,switch,0,51653,15,0,0,25,203.508,0,0,40.7016,0
25,stage_arrival,7,S45,2,switch,61,51653,15,0,0,25,100.666,0,0,40.7016,0
25,stage_arrival_coalesce,0,S00,5,terminal,0,51650,20,0,0,25,1000,0,0,39.932,0
25,stage_arrival,14,S58,4,switch,5,51644,28,0,0,25,193.819,0,0,62.5,0
25,stage_arrival,0,S00,5,terminal,0,51655,120,0,0,25,1000,0,0,22.1501,0
25,stage_arrival,0,S00,5,terminal,0,51654,104,0,0,25,1000,0,0,62.5,0
25,stage_arrival_coalesce,0,S00,5,terminal,0,51641,96,0,0,25,1000,0,0,39.932,0
25,stage_arrival,0,S00,5,terminal,0,51646,57,0,0,25,1000,0,0,62.5,0
25,stage_arrival,0,S00,5,terminal,0,51644,28,0,0,25,1000,0,0,62.5,0
25,stage_arrival,31,S62,3,switch,5,51646,57,0,0,25,238.676,0,0,62.5,0
25,stage_arrival,4,S37,0,switch,0,51652,122,0,0,25,203.508,0,0,40.7016,0
25,stage_arrival,0,S00,5,terminal,0,51640,34,0,0,25,1000,0,0,20,0
25,stage_arrival_coalesce,0,S00,5,terminal,0,51649,12,0,0,25,1000,0,0,39.932,0
25,stage_arrival,4,S37,0,switch,0,51645,103,0,0,25,203.508,0,0,40.7016,0
25,stage_arrival,4,S37,0,switch,0,51643,35,0,0,25,203.508,0,0,40.7016,0
25,stage_arrival,14,S58,4,switch,5,51648,125,0,0,25,193.819,0,0,62.5,0
25,stage_arrival,18,S43,0,switch,38,51655,120,0,0,25,157.659,0,0,59.5645,0
25,stage_arrival,6,S02,0,switch,1,51649,12,0,0,25,138.732,0,0,39.932,0
25,stage_arrival_coalesce,0,S00,5,terminal,0,51655,120,0,0,25,1000,0,0,59.5645,0
25,stage_arrival,57,S47,1,switch,50,51652,122,0,0,25,259.289,0,0,40.7016,0
25,stage_arrival,28,S12,1,switch,29,51646,57,0,0,25,167.904,0,0,62.5,0
25,stage_arrival,37,S32,0,switch,0,51654,104,0,0,25,103.31,0,0,62.5,0
25,stage_arrival,1,S01,0,switch,0,51649,12,0,0,25,159.728,0,0,39.932,0
25,stage_arrival,5,S63,0,switch,0,51648,125,0,0,25,259.679,0,0,62.5,0
25,stage_arrival,4,S37,0,switch,0,51640,34,0,0,25,203.508,0,0,40.7016,0
25,stage_arrival,38,S42,0,switch,42,51655,120,0,0,25,176.64,0,0,59.5645,0
25,stage_arrival,0,S00,5,terminal,0,51652,122,0,0,25,1000,0,0,20.7016,0
25,stage_arrival,10,S61,0,switch,1,51647,21,0,0,25,227.172,25.6638,0,39.932,0
25,stage_arrival_coalesce,0,S00,5,terminal,0,51652,122,0,0,25,1000,0,0,40.7016,0
25,stage_arrival,1,S01,0,switch,0,51641,96,0,0,25,159.728,0,0,39.932,0
25,stage_arrival,17,S35,1,switch,56,51643,35,0,0,25,252.252,0,0,40.7016,0
25,stage_arrival_coalesce,0,S00,5,terminal,0,51645,103,0,0,25,1000,0,0,40.7016,0
25,stage_arrival,29,S13,5,switch,31,51646,57,0,0,25,131.191,0,0,62.5,0
25,stage_arrival,43,S22,0,switch,0,51651,87,0,0,25,203.304,0,0,62.5,0
25,stage_arrival,48,S50,3,switch,10,51641,96,0,0,25,118.54,0,0,39.932,0
25,stage_arrival,57,S47,1,switch,50,51653,15,0,0,25,259.289,0,0,40.7016,0
25,stage_arrival,17,S35,1,switch,56,51640,34,0,0,25,252.252,0,0,40.7016,0
25,stage_arrival,50,S38,2,switch,4,51652,122,0,0,25,290.506,0,0,40.7016,0
25,stage_arrival,51,S48,0,switch,57,51645,103,0,0,25,201.033,0,0,40.7016,0
25,stage_arrival,10,S61,0,switch,1,51641,96,0,0,25,227.172,25.6638,0,39.932,0
25,stage_arrival,1,S01,0,switch,0,51647,21,0,0,25,159.728,0,0,39.932,0
25,stage_arrival_coalesce,0,S00,5,terminal,0,51640,34,0,0,25,1000,0,0,40.7016,0
25,stage_arrival,62,S56,1,switch,34,51648,125,0,0,25,238.377,0,0,62.5,0
25,stage_arrival,61,S46,1,switch,57,51653,15,0,0,25,199.213,0,0,40.7016,0
25,stage_arrival,0,S00,5,terminal,0,51647,21,0,0,25,1000,0,0,14.932,0
25,stage_arrival_coalesce,0,S00,5,terminal,0,51653,15,0,0,25,1000,0,0,40.7016,0
25,stage_arrival_coalesce,0,S00,5,terminal,0,51647,21,0,0,25,1000,0,0,39.932,0
25,stage_arrival,1,S01,0,switch,0,51650,20,0,0,25,159.728,0,0,39.932,0
25,stage_arrival,60,S44,0,switch,18,51655,120,0,0,25,203.923,0,0,59.5645,0
25,stage_arrival,52,S30,2,switch,54,51654,104,0,0,25,164.752,0,0,62.5,0
25,allocate_send_arrival,5,S63,0,switch,0,51646,57,0,0,25,259.679,0,62.5,0,0
25,allocate_send_arrival,5,S63,0,switch,0,51644,28,0,0,25,259.679,0,62.5,0,0
25,allocate_send_arrival,5,S63,0,switch,0,51648,125,0,0,25,259.679,0,62.5,0,0
25,allocate_send_arrival,56,S36,2,switch,4,51643,35,0,0,25,112.305,0,40.7016,0,0
25,allocate_send_arrival,56,S36,2,switch,4,51640,34,0,0,25,112.305,0,40.7016,0,0
25,allocate_send_arrival,17,S35,1,switch,56,51643,35,0,0,25,252.252,0,40.7016,0,0
25,allocate_send_arrival,17,S35,1,switch,56,51640,34,0,0,25,252.252,0,40.7016,0,0
25,allocate_send_arrival,52,S30,2,switch,54,51654,104,0,0,25,164.752,0,62.5,0,0
25,allocate_send_arrival,0,S00,5,terminal,0,51643,35,0,0,25,1000,0,40.7016,0,0
25,allocate_send_arrival,0,S00,5,terminal,0,51653,15,0,0,25,1000,0,40.7016,0,0
25,allocate_send_arrival,0,S00,5,terminal,0,51648,125,0,0,25,1000,0,62.5,0,0
25,allocate_send_arrival,0,S00,5,terminal,0,51642,6,0,0,25,1000,0,59.5645,0,0
25,allocate_send_arrival,0,S00,5,terminal,0,51649,12,0,0,25,1000,0,39.932,0,0
25,allocate_send_arrival,0,S00,5,terminal,0,51650,20,0,0,25,1000,0,39.932,0,0
25,allocate_send_arrival,0,S00,5,terminal,0,51645,103,0,0,25,1000,0,40.7016,0,0
25,allocate_send_arrival,0,S00,5,terminal,0,51641,96,0,0,25,1000,0,39.932,0,0
25,allocate_send_arrival,0,S00,5,terminal,0,51651,87,0,0,25,1000,0,62.5,0,0
25,allocate_send_arrival,0,S00,5,terminal,0,51655,120,0,0,25,1000,0,59.5645,0,0
25,allocate_send_arrival,0,S00,5,terminal,0,51654,104,0,0,25,1000,0,62.5,0,0
25,allocate_send_arrival,0,S00,5,terminal,0,51646,57,0,0,25,1000,0,62.5,0,0
25,allocate_send_arrival,0,S00,5,terminal,0,51644,28,0,0,25,1000,0,62.5,0,0
25,allocate_send_arrival,0,S00,5,terminal,0,51640,34,0,0,25,1000,0,40.7016,0,0
25,allocate_send_arrival,0,S00,5,terminal,0,51652,122,0,0,25,1000,0,40.7016,0,0
25,allocate_send_arrival,0,S00,5,terminal,0,51647,21,0,0,25,1000,0,39.932,0,0
25,allocate_send_arrival,38,S42,0,switch,42,51655,120,0,0,25,176.64,0,59.5645,0,0
25,allocate_send_arrival,18,S43,0,switch,38,51655,120,0,0,25,157.659,0,59.5645,0,0
25,allocate_send_arrival,29,S13,5,switch,31,51646,57,0,0,25,131.191,0,62.5,0,0
25,allocate_send_arrival,50,S38,2,switch,4,51653,15,0,0,25,290.506,0,40.7016,0,0
25,allocate_send_arrival,50,S38,2,switch,4,51645,103,0,0,25,290.506,0,40.7016,0,0
25,allocate_send_arrival,50,S38,2,switch,4,51652,122,0,0,25,290.506,0,40.7016,0,0
25,allocate_send_arrival,62,S56,1,switch,34,51648,125,0,0,25,238.377,0,62.5,0,0
25,allocate_send_arrival,1,S01,0,switch,0,51649,12,0,0,25,159.728,0,14.932,25,0
25,enqueue_residual,1,S01,0,switch,0,51649,12,0,0,25,159.728,0,0,25,0
25,allocate_send_arrival,1,S01,0,switch,0,51641,96,0,0,25,159.728,0,14.932,25,0
25,enqueue_residual,1,S01,0,switch,0,51641,96,0,0,25,159.728,0,0,25,0
25,allocate_send_arrival,1,S01,0,switch,0,51647,21,0,0,25,159.728,0,14.932,25,0
25,enqueue_residual,1,S01,0,switch,0,51647,21,0,0,25,159.728,0,0,25,0
25,allocate_send_arrival,1,S01,0,switch,0,51650,20,0,0,25,159.728,0,14.932,25,0
25,enqueue_residual,1,S01,0,switch,0,51650,20,0,0,25,159.728,0,0,25,0
25,allocate_send_arrival,61,S46,1,switch,57,51652,122,0,0,25,199.213,0,40.7016,0,0
25,allocate_send_arrival,61,S46,1,switch,57,51653,15,0,0,25,199.213,0,40.7016,0,0
25,allocate_send_arrival,43,S22,0,switch,0,51651,87,0,0,25,203.304,0,62.5,0,0
25,allocate_send_arrival,34,S57,2,switch,14,51648,125,0,0,25,113.541,0,62.5,0,0
25,allocate_send_arrival,51,S48,0,switch,57,51645,103,0,0,25,201.033,0,40.7016,0,0
25,allocate_send_arrival,57,S47,1,switch,50,51645,103,0,0,25,259.289,0,40.7016,0,0
25,allocate_send_arrival,57,S47,1,switch,50,51652,122,0,0,25,259.289,0,40.7016,0,0
25,allocate_send_arrival,57,S47,1,switch,50,51653,15,0,0,25,259.289,0,40.7016,0,0
25,allocate_send_arrival,54,S31,1,switch,37,51654,104,0,0,25,242.335,0,62.5,0,0
25,allocate_send_arrival,60,S44,0,switch,18,51655,120,0,0,25,203.923,0,59.5645,0,0
25,allocate_send_arrival,28,S12,1,switch,29,51646,57,0,0,25,167.904,0,62.5,0,0
25,allocate_send_arrival,6,S02,0,switch,1,51649,12,0,0,25,138.732,0,39.932,0,0
25,allocate_send_arrival,37,S32,0,switch,0,51654,104,0,0,25,103.31,0,62.5,0,0
25,allocate_send_arrival,31,S62,3,switch,5,51646,57,0,0,25,238.676,0,62.5,0,0
25,allocate_send_arrival,7,S45,2,switch,61,51653,15,0,0,25,100.666,0,40.7016,0,0
25,allocate_send_arrival,3,S27,0,switch,0,51642,6,0,0,25,119.129,0,37.4144,22.1501,0
25,enqueue_residual,3,S27,0,switch,0,51642,6,0,0,25,119.129,0,0,22.1501,0
25,allocate_send_arrival,3,S27,0,switch,0,51655,120,0,0,25,119.129,0,37.4144,22.1501,0
25,enqueue_residual,3,S27,0,switch,0,51655,120,0,0,25,119.129,0,0,22.1501,0
25,allocate_send_arrival,42,S20,2,switch,3,51655,120,0,0,25,251.806,0,59.5645,0,0
25,allocate_send_arrival,14,S58,4,switch,5,51644,28,0,0,25,193.819,0,62.5,0,0
25,allocate_send_arrival,14,S58,4,switch,5,51648,125,0,0,25,193.819,0,62.5,0,0
25,allocate_send_arrival,4,S37,0,switch,0,51653,15,0,0,25,203.508,0,20.7016,20,0
25,enqueue_residual,4,S37,0,switch,0,51653,15,0,0,25,203.508,0,0,20,0
25,allocate_send_arrival,4,S37,0,switch,0,51652,122,0,0,25,203.508,0,20.7016,20,0
25,enqueue_residual,4,S37,0,switch,0,51652,122,0,0,25,203.508,0,0,20,0
25,allocate_send_arrival,4,S37,0,switch,0,51645,103,0,0,25,203.508,0,20.7016,20,0
25,enqueue_residual,4,S37,0,switch,0,51645,103,0,0,25,203.508,0,0,20,0
25,allocate_send_arrival,4,S37,0,switch,0,51643,35,0,0,25,203.508,0,20.7016,20,0
25,enqueue_residual,4,S37,0,switch,0,51643,35,0,0,25,203.508,0,0,20,0
25,allocate_send_arrival,4,S37,0,switch,0,51640,34,0,0,25,203.508,0,20.7016,20,0
25,enqueue_residual,4,S37,0,switch,0,51640,34,0,0,25,203.508,0,0,20,0
25,allocate_send_arrival,48,S50,3,switch,10,51641,96,0,0,25,118.54,0,39.932,0,0
25,allocate_send_arrival,10,S61,0,switch,1,51650,20,0,0,25,227.172,25.6638,39.932,0,0
25,allocate_send_arrival,10,S61,0,switch,1,51647,21,0,0,25,227.172,25.6638,39.932,0,0
25,allocate_send_arrival,10,S61,0,switch,1,51641,96,0,0,25,227.172,25.6638,39.932,0,0
26,allocate_send_buffered,3,S27,0,switch,0,51642,6,0,0,26,119.129,44.3001,22.1501,0,0
26,allocate_send_buffered,3,S27,0,switch,0,51655,120,0,0,26,119.129,44.3001,22.1501,0,0
26,allocate_send_buffered,1,S01,0,switch,0,51649,12,0,0,26,159.728,100,25,0,0
26,allocate_send_buffered,1,S01,0,switch,0,51641,96,0,0,26,159.728,100,25,0,0
26,allocate_send_buffered,1,S01,0,switch,0,51647,21,0,0,26,159.728,100,25,0,0
26,allocate_send_buffered,1,S01,0,switch,0,51650,20,0,0,26,159.728,100,25,0,0
26,allocate_send_buffered,4,S37,0,switch,0,51653,15,0,0,26,203.508,100,20,0,0
26,allocate_send_buffered,4,S37,0,switch,0,51652,122,0,0,26,203.508,100,20,0,0
26,allocate_send_buffered,4,S37,0,switch,0,51645,103,0,0,26,203.508,100,20,0,0
26,allocate_send_buffered,4,S37,0,switch,0,51643,35,0,0,26,203.508,100,20,0,0
26,allocate_send_buffered,4,S37,0,switch,0,51640,34,0,0,26,203.508,100,20,0,0
26,stage_arrival,5,S63,0,switch,0,51646,57,0,0,26,259.679,0,0,62.5,0
26,stage_arrival,56,S36,2,switch,4,51643,35,0,0,26,112.305,0,0,40.7016,0
26,stage_arrival,61,S46,1,switch,57,51653,15,0,0,26,199.213,0,0,40.7016,0
26,stage_arrival,10,S61,0,switch,1,51641,96,0,0,26,227.172,25.6638,0,39.932,0
26,stage_arrival,38,S42,0,switch,42,51655,120,0,0,26,176.64,0,0,59.5645,0
26,stage_arrival,5,S63,0,switch,0,51644,28,0,0,26,259.679,0,0,62.5,0
26,stage_arrival,6,S02,0,switch,1,51649,12,0,0,26,138.732,0,0,39.932,0
26,stage_arrival,10,S61,0,switch,1,51647,21,0,0,26,227.172,25.6638,0,39.932,0
26,stage_arrival,18,S43,0,switch,38,51655,120,0,0,26,157.659,0,0,59.5645,0
26,stage_arrival,4,S37,0,switch,0,51652,122,0,0,26,203.508,0,0,40.7016,0
26,stage_arrival,57,S47,1,switch,50,51652,122,0,0,26,259.289,0,0,40.7016,0
26,stage_arrival,0,S00,5,terminal,0,51654,104,0,0,26,1000,0,0,62.5,0
26,stage_arrival,0,S00,5,terminal,0,51647,21,0,0,26,1000,0,0,25,0
26,stage_arrival,61,S46,1,switch,57,51652,122,0,0,26,199.213,0,0,40.7016,0
26,stage_arrival,0,S00,5,terminal,0,51650,20,0,0,26,1000,0,0,14.932,0
26,stage_arrival,4,S37,0,switch,0,51640,34,0,0,26,203.508,0,0,40.7016,0
26,stage_arrival,0,S00,5,terminal,0,51652,122,0,0,26,1000,0,0,20.7016,0
26,stage_arrival,57,S47,1,switch,50,51645,103,0,0,26,259.289,0,0,40.7016,0
26,stage_arrival,0,S00,5,terminal,0,51646,57,0,0,26,1000,0,0,62.5,0
26,stage_arrival,0,S00,5,terminal,0,51649,12,0,0,26,1000,0,0,25,0
26,stage_arrival,37,S32,0,switch,0,51654,104,0,0,26,103.31,0,0,62.5,0
26,stage_arrival,7,S45,2,switch,61,51653,15,0,0,26,100.666,0,0,40.7016,0
26,stage_arrival,60,S44,0,switch,18,51655,120,0,0,26,203.923,0,0,59.5645,0
26,stage_arrival,14,S58,4,switch,5,51648,125,0,0,26,193.819,0,0,62.5,0
26,stage_arrival,0,S00,5,terminal,0,51648,125,0,0,26,1000,0,0,62.5,0
26,stage_arrival,31,S62,3,switch,5,51646,57,0,0,26,238.676,0,0,62.5,0
26,stage_arrival,50,S38,2,switch,4,51653,15,0,0,26,290.506,0,0,40.7016,0
26,stage_arrival,0,S00,5,terminal,0,51655,120,0,0,26,1000,0,0,37.4144,0
26,stage_arrival,17,S35,1,switch,56,51640,34,0,0,26,252.252,0,0,40.7016,0
26,stage_arrival,0,S00,5,terminal,0,51641,96,0,0,26,1000,0,0,14.932,0
26,stage_arrival,1,S01,0,switch,0,51649,12,0,0,26,159.728,0,0,39.932,0
26,stage_arrival,4,S37,0,switch,0,51643,35,0,0,26,203.508,0,0,40.7016,0
26,stage_arrival,0,S00,5,terminal,0,51653,15,0,0,26,1000,0,0,20,0
26,stage_arrival,54,S31,1,switch,37,51654,104,0,0,26,242.335,0,0,62.5,0
26,stage_arrival,50,S38,2,switch,4,51652,122,0,0,26,290.506,0,0,40.7016,0
26,stage_arrival_coalesce,0,S00,5,terminal,0,51650,20,0,0,26,1000,0,0,39.932,0
26,stage_arrival,0,S00,5,terminal,0,51644,28,0,0,26,1000,0,0,62.5,0
26,stage_arrival_coalesce,0,S00,5,terminal,0,51649,12,0,0,26,1000,0,0,39.932,0
26,stage_arrival,17,S35,1,switch,56,51643,35,0,0,26,252.252,0,0,40.7016,0
26,stage_arrival,0,S00,5,terminal,0,51643,35,0,0,26,1000,0,0,20.7016,0
26,stage_arrival,43,S22,0,switch,0,51651,87,0,0,26,203.304,0,0,62.5,0
26,stage_arrival_coalesce,0,S00,5,terminal,0,51641,96,0,0,26,1000,0,0,39.932,0
26,stage_arrival,0,S00,5,terminal,0,51640,34,0,0,26,1000,0,0,20.7016,0
26,stage_arrival_coalesce,0,S00,5,terminal,0,51643,35,0,0,26,1000,0,0,40.7016,0
26,stage_arrival,28,S12,1,switch,29,51646,57,0,0,26,167.904,0,0,62.5,0
26,stage_arrival,4,S37,0,switch,0,51645,103,0,0,26,203.508,0,0,40.7016,0
26,stage_arrival,3,S27,0,switch,0,51655,120,0,0,26,119.129,0,0,59.5645,0
26,stage_arrival,42,S20,2,switch,3,51655,120,0,0,26,251.806,0,0,59.5645,0
26,stage_arrival_coalesce,0,S00,5,terminal,0,51647,21,0,0,26,1000,0,0,39.932,0
26,stage_arrival_coalesce,0,S00,5,terminal,0,51653,15,0,0,26,1000,0,0,40.7016,0
26,stage_arrival,0,S00,5,terminal,0,51645,103,0,0,26,1000,0,0,20,0
26,stage_arrival,0,S00,5,terminal,0,51642,6,0,0,26,1000,0,0,37.4144,0
26,stage_arrival,50,S38,2,switch,4,51645,103,0,0,26,290.506,0,0,40.7016,0
26,stage_arrival_coalesce,0,S00,5,terminal,0,51652,122,0,0,26,1000,0,0,40.7016,0
26,stage_arrival,1,S01,0,switch,0,51650,20,0,0,26,159.728,0,0,39.932,0
26,stage_arrival_coalesce,0,S00,5,terminal,0,51655,120,0,0,26,1000,0,0,59.5645,0
26,stage_arrival,56,S36,2,switch,4,51640,34,0,0,26,112.305,0,0,40.7016,0
26,stage_arrival_coalesce,0,S00,5,terminal,0,51640,34,0,0,26,1000,0,0,40.7016,0
26,stage_arrival_coalesce,0,S00,5,terminal,0,51642,6,0,0,26,1000,0,0,59.5645,0
26,stage_arrival,34,S57,2,switch,14,51648,125,0,0,26,113.541,0,0,62.5,0
26,stage_arrival,0,S00,5,terminal,0,51651,87,0,0,26,1000,0,0,62.5,0
26,stage_arrival,57,S47,1,switch,50,51653,15,0,0,26,259.289,0,0,40.7016,0
26,stage_arrival,14,S58,4,switch,5,51644,28,0,0,26,193.819,0,0,62.5,0
26,stage_arrival,48,S50,3,switch,10,51641,96,0,0,26,118.54,0,0,39.932,0
26,stage_arrival,62,S56,1,switch,34,51648,125,0,0,26,238.377,0,0,62.5,0
26,stage_arrival,29,S13,5,switch,31,51646,57,0,0,26,131.191,0,0,62.5,0
26,stage_arrival,4,S37,0,switch,0,51653,15,0,0,26,203.508,0,0,40.7016,0
26,stage_arrival_coalesce,0,S00,5,terminal,0,51645,103,0,0,26,1000,0,0,40.7016,0
26,stage_arrival,1,S01,0,switch,0,51647,21,0,0,26,159.728,0,0,39.932,0
26,stage_arrival,1,S01,0,switch,0,51641,96,0,0,26,159.728,0,0,39.932,0
26,stage_arrival,52,S30,2,switch,54,51654,104,0,0,26,164.752,0,0,62.5,0
26,stage_arrival,10,S61,0,switch,1,51650,20,0,0,26,227.172,25.6638,0,39.932,0
26,stage_arrival,51,S48,0,switch,57,51645,103,0,0,26,201.033,0,0,40.7016,0
26,stage_arrival,5,S63,0,switch,0,51648,125,0,0,26,259.679,0,0,62.5,0
26,stage_arrival,3,S27,0,switch,0,51642,6,0,0,26,119.129,0,0,59.5645,0
26,allocate_send_arrival,38,S42,0,switch,42,51655,120,0,0,26,176.64,0,59.5645,0,0
26,allocate_send_arrival,51,S48,0,switch,57,51645,103,0,0,26,201.033,0,40.7016,0,0
26,allocate_send_arrival,18,S43,0,switch,38,51655,120,0,0,26,157.659,0,59.5645,0,0
26,allocate_send_arrival,31,S62,3,switch,5,51646,57,0,0,26,238.676,0,62.5,0,0
26,allocate_send_arrival,56,S36,2,switch,4,51643,35,0,0,26,112.305,0,40.7016,0,0
26,allocate_send_arrival,56,S36,2,switch,4,51640,34,0,0,26,112.305,0,40.7016,0,0
26,allocate_send_arrival,60,S44,0,switch,18,51655,120,0,0,26,203.923,0,59.5645,0,0
26,allocate_send_arrival,14,S58,4,switch,5,51648,125,0,0,26,193.819,0,62.5,9.45874e-14,0
26,allocate_send_arrival,14,S58,4,switch,5,51644,28,0,0,26,193.819,0,62.5,0,0
26,allocate_send_arrival,52,S30,2,switch,54,51654,104,0,0,26,164.752,0,62.5,0,0
26,allocate_send_arrival,54,S31,1,switch,37,51654,104,0,0,26,242.335,0,62.5,0,0
26,allocate_send_arrival,37,S32,0,switch,0,51654,104,0,0,26,103.31,0,62.5,0,0
26,allocate_send_arrival,28,S12,1,switch,29,51646,57,0,0,26,167.904,0,62.5,0,0
26,allocate_send_arrival,43,S22,0,switch,0,51651,87,0,0,26,203.304,0,62.5,0,0
26,allocate_send_arrival,4,S37,0,switch,0,51652,122,0,0,26,203.508,0,20.7016,20,0
26,enqueue_residual,4,S37,0,switch,0,51652,122,0,0,26,203.508,0,0,20,0
26,allocate_send_arrival,4,S37,0,switch,0,51640,34,0,0,26,203.508,0,20.7016,20,0
26,enqueue_residual,4,S37,0,switch,0,51640,34,0,0,26,203.508,0,0,20,0
26,allocate_send_arrival,4,S37,0,switch,0,51643,35,0,0,26,203.508,0,20.7016,20,0
26,enqueue_residual,4,S37,0,switch,0,51643,35,0,0,26,203.508,0,0,20,0
26,allocate_send_arrival,4,S37,0,switch,0,51645,103,0,0,26,203.508,0,20.7016,20,0
26,enqueue_residual,4,S37,0,switch,0,51645,103,0,0,26,203.508,0,0,20,0
26,allocate_send_arrival,4,S37,0,switch,0,51653,15,0,0,26,203.508,0,20.7016,20,0
26,enqueue_residual,4,S37,0,switch,0,51653,15,0,0,26,203.508,0,0,20,0
26,allocate_send_arrival,61,S46,1,switch,57,51653,15,0,0,26,199.213,0,40.7016,6.54836e-14,0
26,allocate_send_arrival,61,S46,1,switch,57,51652,122,0,0,26,199.213,0,40.7016,0,0
26,allocate_send_arrival,0,S00,5,terminal,0,51654,104,0,0,26,1000,0,62.5,7.27596e-15,0
26,allocate_send_arrival,0,S00,5,terminal,0,51647,21,0,0,26,1000,0,39.932,0,0
26,allocate_send_arrival,0,S00,5,terminal,0,51650,20,0,0,26,1000,0,39.932,0,0
26,allocate_send_arrival,0,S00,5,terminal,0,51652,122,0,0,26,1000,0,40.7016,0,0
26,allocate_send_arrival,0,S00,5,terminal,0,51646,57,0,0,26,1000,0,62.5,7.27596e-15,0
26,allocate_send_arrival,0,S00,5,terminal,0,51649,12,0,0,26,1000,0,39.932,0,0
26,allocate_send_arrival,0,S00,5,terminal,0,51648,125,0,0,26,1000,0,62.5,7.27596e-15,0
26,allocate_send_arrival,0,S00,5,terminal,0,51655,120,0,0,26,1000,0,59.5645,0,0
26,allocate_send_arrival,0,S00,5,terminal,0,51641,96,0,0,26,1000,0,39.932,0,0
26,allocate_send_arrival,0,S00,5,terminal,0,51653,15,0,0,26,1000,0,40.7016,0,0
26,allocate_send_arrival,0,S00,5,terminal,0,51644,28,0,0,26,1000,0,62.5,7.27596e-15,0
26,allocate_send_arrival,0,S00,5,terminal,0,51643,35,0,0,26,1000,0,40.7016,0,0
26,allocate_send_arrival,0,S00,5,terminal,0,51640,34,0,0,26,1000,0,40.7016,0,0
26,allocate_send_arrival,0,S00,5,terminal,0,51645,103,0,0,26,1000,0,40.7016,0,0
26,allocate_send_arrival,0,S00,5,terminal,0,51642,6,0,0,26,1000,0,59.5645,0,0
26,allocate_send_arrival,0,S00,5,terminal,0,51651,87,0,0,26,1000,0,62.5,7.27596e-15,0
26,allocate_send_arrival,29,S13,5,switch,31,51646,57,0,0,26,131.191,0,62.5,0,0
26,allocate_send_arrival,42,S20,2,switch,3,51655,120,0,0,26,251.806,0,59.5645,0,0
26,allocate_send_arrival,62,S56,1,switch,34,51648,125,0,0,26,238.377,0,62.5,0,0
26,allocate_send_arrival,5,S63,0,switch,0,51646,57,0,0,26,259.679,0,62.5,0,0
26,allocate_send_arrival,5,S63,0,switch,0,51644,28,0,0,26,259.679,0,62.5,0,0
26,allocate_send_arrival,5,S63,0,switch,0,51648,125,0,0,26,259.679,0,62.5,0,0
26,allocate_send_arrival,48,S50,3,switch,10,51641,96,0,0,26,118.54,0,39.932,0,0
26,allocate_send_arrival,57,S47,1,switch,50,51652,122,0,0,26,259.289,0,40.7016,0,0
26,allocate_send_arrival,57,S47,1,switch,50,51645,103,0,0,26,259.289,0,40.7016,0,0
26,allocate_send_arrival,57,S47,1,switch,50,51653,15,0,0,26,259.289,0,40.7016,0,0
26,allocate_send_arrival,10,S61,0,switch,1,51641,96,0,0,26,227.172,25.6638,39.932,8.00355e-14,0
26,allocate_send_arrival,10,S61,0,switch,1,51647,21,0,0,26,227.172,25.6638,39.932,0,0
26,allocate_send_arrival,10,S61,0,switch,1,51650,20,0,0,26,227.172,25.6638,39.932,0,0
26,allocate_send_arrival,6,S02,0,switch,1,51649,12,0,0,26,138.732,0,39.932,0,0
26,allocate_send_arrival,34,S57,2,switch,14,51648,125,0,0,26,113.541,0,62.5,0,0
26,allocate_send_arrival,1,S01,0,switch,0,51649,12,0,0,26,159.728,0,14.932,25,0
26,enqueue_residual,1,S01,0,switch,0,51649,12,0,0,26,159.728,0,0,25,0
26,allocate_send_arrival,1,S01,0,switch,0,51650,20,0,0,26,159.728,0,14.932,25,0
26,enqueue_residual,1,S01,0,switch,0,51650,20,0,0,26,159.728,0,0,25,0
26,allocate_send_arrival,1,S01,0,switch,0,51647,21,0,0,26,159.728,0,14.932,25,0
26,enqueue_residual,1,S01,0,switch,0,51647,21,0,0,26,159.728,0,0,25,0
26,allocate_send_arrival,1,S01,0,switch,0,51641,96,0,0,26,159.728,0,14.932,25,0
26,enqueue_residual,1,S01,0,switch,0,51641,96,0,0,26,159.728,0,0,25,0
26,allocate_send_arrival,50,S38,2,switch,4,51653,15,0,0,26,290.506,0,40.7016,0,0
26,allocate_send_arrival,50,S38,2,switch,4,51652,122,0,0,26,290.506,0,40.7016,0,0
26,allocate_send_arrival,50,S38,2,switch,4,51645,103,0,0,26,290.506,0,40.7016,0,0
26,allocate_send_arrival,17,S35,1,switch,56,51640,34,0,0,26,252.252,0,40.7016,0,0
26,allocate_send_arrival,17,S35,1,switch,56,51643,35,0,0,26,252.252,0,40.7016,0,0
26,allocate_send_arrival,3,S27,0,switch,0,51655,120,0,0,26,119.129,0,37.4144,22.1501,0
26,enqueue_residual,3,S27,0,switch,0,51655,120,0,0,26,119.129,0,0,22.1501,0
26,allocate_send_arrival,3,S27,0,switch,0,51642,6,0,0,26,119.129,0,37.4144,22.1501,0
26,enqueue_residual,3,S27,0,switch,0,51642,6,0,0,26,119.129,0,0,22.1501,0
26,allocate_send_arrival,7,S45,2,switch,61,51653,15,0,0,26,100.666,0,40.7016,0,0
27,allocate_send_buffered,1,S01,0,switch,0,51649,12,0,0,27,159.728,100,25,0,0
27,allocate_send_buffered,1,S01,0,switch,0,51650,20,0,0,27,159.728,100,25,0,0
27,allocate_send_buffered,1,S01,0,switch,0,51647,21,0,0,27,159.728,100,25,0,0
27,allocate_send_buffered,1,S01,0,switch,0,51641,96,0,0,27,159.728,100,25,0,0
27,allocate_send_buffered,4,S37,0,switch,0,51652,122,0,0,27,203.508,100,20,0,0
27,allocate_send_buffered,4,S37,0,switch,0,51640,34,0,0,27,203.508,100,20,0,0
27,allocate_send_buffered,4,S37,0,switch,0,51643,35,0,0,27,203.508,100,20,0,0
27,allocate_send_buffered,4,S37,0,switch,0,51645,103,0,0,27,203.508,100,20,0,0
27,allocate_send_buffered,4,S37,0,switch,0,51653,15,0,0,27,203.508,100,20,0,0
27,allocate_send_buffered,3,S27,0,switch,0,51655,120,0,0,27,119.129,44.3001,22.1501,9.09495e-14,0
27,allocate_send_buffered,3,S27,0,switch,0,51642,6,0,0,27,119.129,44.3001,22.1501,0,0
27,stage_arrival,0,S00,5,terminal,0,51645,103,0,0,27,1000,0,0,20,0
27,stage_arrival,31,S62,3,switch,5,51646,57,0,0,27,238.676,0,0,62.5,0
27,stage_arrival,0,S00,5,terminal,0,51655,120,0,0,27,1000,0,0,22.1501,0
27,stage_arrival,38,S42,0,switch,42,51655,120,0,0,27,176.64,0,0,59.5645,0
27,stage_arrival,51,S48,0,switch,57,51645,103,0,0,27,201.033,0,0,40.7016,0
27,stage_arrival,62,S56,1,switch,34,51648,125,0,0,27,238.377,0,0,62.5,0
27,stage_arrival,50,S38,2,switch,4,51653,15,0,0,27,290.506,0,0,40.7016,0
27,stage_arrival,60,S44,0,switch,18,51655,120,0,0,27,203.923,0,0,59.5645,0
27,stage_arrival,4,S37,0,switch,0,51652,122,0,0,27,203.508,0,0,40.7016,0
27,stage_arrival,3,S27,0,switch,0,51642,6,0,0,27,119.129,0,0,59.5645,0
27,stage_arrival,52,S30,2,switch,54,51654,104,0,0,27,164.752,0,0,62.5,0
27,stage_arrival,18,S43,0,switch,38,51655,120,0,0,27,157.659,0,0,59.5645,0
27,stage_arrival,14,S58,4,switch,5,51644,28,0,0,27,193.819,0,0,62.5,0
27,stage_arrival,50,S38,2,switch,4,51652,122,0,0,27,290.506,0,0,40.7016,0
27,stage_arrival,57,S47,1,switch,50,51645,103,0,0,27,259.289,0,0,40.7016,0
27,stage_arrival_coalesce,0,S00,5,terminal,0,51645,103,0,0,27,1000,0,0,40.7016,0
27,stage_arrival,57,S47,1,switch,50,51652,122,0,0,27,259.289,0,0,40.7016,0
27,stage_arrival,10,S61,0,switch,1,51641,96,0,0,27,227.172,25.6638,0,39.932,0
27,stage_arrival,56,S36,2,switch,4,51640,34,0,0,27,112.305,0,0,40.7016,0
27,stage_arrival,0,S00,5,terminal,0,51654,104,0,0,27,1000,0,0,62.5,0
27,stage_arrival,0,S00,5,terminal,0,51643,35,0,0,27,1000,0,0,20,0
27,stage_arrival,28,S12,1,switch,29,51646,57,0,0,27,167.904,0,0,62.5,0
27,stage_arrival,0,S00,5,terminal,0,51642,6,0,0,27,1000,0,0,22.1501,0
27,stage_arrival,48,S50,3,switch,10,51641,96,0,0,27,118.54,0,0,39.932,0
27,stage_arrival,57,S47,1,switch,50,51653,15,0,0,27,259.289,0,0,40.7016,0
27,stage_arrival,0,S00,5,terminal,0,51652,122,0,0,27,1000,0,0,20.7016,0
27,stage_arrival,4,S37,0,switch,0,51645,103,0,0,27,203.508,0,0,40.7016,0
27,stage_arrival,5,S63,0,switch,0,51644,28,0,0,27,259.679,0,0,62.5,0
27,stage_arrival,0,S00,5,terminal,0,51653,15,0,0,27,1000,0,0,20,0
27,stage_arrival,54,S31,1,switch,37,51654,104,0,0,27,242.335,0,0,62.5,0
27,stage_arrival_coalesce,0,S00,5,terminal,0,51653,15,0,0,27,1000,0,0,40.7016,0
27,stage_arrival,0,S00,5,terminal,0,51644,28,0,0,27,1000,0,0,62.5,0
27,stage_arrival_coalesce,0,S00,5,terminal,0,51643,35,0,0,27,1000,0,0,40.7016,0
27,stage_arrival,7,S45,2,switch,61,51653,15,0,0,27,100.666,0,0,40.7016,0
27,stage_arrival_coalesce,0,S00,5,terminal,0,51655,120,0,0,27,1000,0,0,59.5645,0
27,stage_arrival,1,S01,0,switch,0,51641,96,0,0,27,159.728,0,0,39.932,0
27,stage_arrival,61,S46,1,switch,57,51652,122,0,0,27,199.213,0,0,40.7016,0
27,stage_arrival,42,S20,2,switch,3,51655,120,0,0,27,251.806,0,0,59.5645,0
27,stage_arrival,50,S38,2,switch,4,51645,103,0,0,27,290.506,0,0,40.7016,0
27,stage_arrival,17,S35,1,switch,56,51640,34,0,0,27,252.252,0,0,40.7016,0
27,stage_arrival,17,S35,1,switch,56,51643,35,0,0,27,252.252,0,0,40.7016,0
27,stage_arrival,34,S57,2,switch,14,51648,125,0,0,27,113.541,0,0,62.5,0
27,stage_arrival,0,S00,5,terminal,0,51649,12,0,0,27,1000,0,0,14.932,0
27,stage_arrival,1,S01,0,switch,0,51647,21,0,0,27,159.728,0,0,39.932,0
27,stage_arrival,0,S00,5,terminal,0,51640,34,0,0,27,1000,0,0,20,0
27,stage_arrival,61,S46,1,switch,57,51653,15,0,0,27,199.213,0,0,40.7016,0
27,stage_arrival,1,S01,0,switch,0,51649,12,0,0,27,159.728,0,0,39.932,0
27,stage_arrival,37,S32,0,switch,0,51654,104,0,0,27,103.31,0,0,62.5,0
27,stage_arrival,4,S37,0,switch,0,51653,15,0,0,27,203.508,0,0,40.7016,0
27,stage_arrival,10,S61,0,switch,1,51647,21,0,0,27,227.172,25.6638,0,39.932,0
27,stage_arrival,0,S00,5,terminal,0,51647,21,0,0,27,1000,0,0,25,0
27,stage_arrival,5,S63,0,switch,0,51646,57,0,0,27,259.679,0,0,62.5,0
27,stage_arrival_coalesce,0,S00,5,terminal,0,51647,21,0,0,27,1000,0,0,39.932,0
27,stage_arrival,5,S63,0,switch,0,51648,125,0,0,27,259.679,0,0,62.5,0
27,stage_arrival,14,S58,4,switch,5,51648,125,0,0,27,193.819,0,0,62.5,0
27,stage_arrival,1,S01,0,switch,0,51650,20,0,0,27,159.728,0,0,39.932,0
27,stage_arrival,0,S00,5,terminal,0,51641,96,0,0,27,1000,0,0,25,0
27,stage_arrival,6,S02,0,switch,1,51649,12,0,0,27,138.732,0,0,39.932,0
27,stage_arrival_coalesce,0,S00,5,terminal,0,51641,96,0,0,27,1000,0,0,39.932,0
27,stage_arrival,4,S37,0,switch,0,51643,35,0,0,27,203.508,0,0,40.7016,0
27,stage_arrival_coalesce,0,S00,5,terminal,0,51640,34,0,0,27,1000,0,0,40.7016,0
27,stage_arrival,10,S61,0,switch,1,51650,20,0,0,27,227.172,25.6638,0,39.932,0
27,stage_arrival,0,S00,5,terminal,0,51646,57,0,0,27,1000,0,0,62.5,0
27,stage_arrival,3,S27,0,switch,0,51655,120,0,0,27,119.129,0,0,59.5645,0
27,stage_arrival_coalesce,0,S00,5,terminal,0,51649,12,0,0,27,1000,0,0,39.932,0
27,stage_arrival,4,S37,0,switch,0,51640,34,0,0,27,203.508,0,0,40.7016,0
27,stage_arrival,0,S00,5,terminal,0,51650,20,0,0,27,1000,0,0,25,0
27,stage_arrival,43,S22,0,switch,0,51651,87,0,0,27,203.304,0,0,62.5,0
27,stage_arrival_coalesce,0,S00,5,terminal,0,51642,6,0,0,27,1000,0,0,59.5645,0
27,stage_arrival,56,S36,2,switch,4,51643,35,0,0,27,112.305,0,0,40.7016,0
27,stage_arrival_coalesce,0,S00,5,terminal,0,51652,122,0,0,27,1000,0,0,40.7016,0
27,stage_arrival,29,S13,5,switch,31,51646,57,0,0,27,131.191,0,0,62.5,0
27,stage_arrival_coalesce,0,S00,5,terminal,0,51650,20,0,0,27,1000,0,0,39.932,0
27,stage_arrival,0,S00,5,terminal,0,51648,125,0,0,27,1000,0,0,62.5,0
27,stage_arrival,0,S00,5,terminal,0,51651,87,0,0,27,1000,0,0,62.5,0
27,allocate_send_arrival,28,S12,1,switch,29,51646,57,0,0,27,167.904,0,62.5,0,0
27,allocate_send_arrival,0,S00,5,terminal,0,51645,103,0,0,27,1000,0,40.7016,0,0
27,allocate_send_arrival,0,S00,5,terminal,0,51655,120,0,0,27,1000,0,59.5645,0,0
27,allocate_send_arrival,0,S00,5,terminal,0,51654,104,0,0,27,1000,0,62.5,4.36557e-14,0
27,allocate_send_arrival,0,S00,5,terminal,0,51643,35,0,0,27,1000,0,40.7016,0,0
27,allocate_send_arrival,0,S00,5,terminal,0,51642,6,0,0,27,1000,0,59.5645,0,0
27,allocate_send_arrival,0,S00,5,terminal,0,51652,122,0,0,27,1000,0,40.7016,0,0
27,allocate_send_arrival,0,S00,5,terminal,0,51653,15,0,0,27,1000,0,40.7016,0,0
27,allocate_send_arrival,0,S00,5,terminal,0,51644,28,0,0,27,1000,0,62.5,4.36557e-14,0
27,allocate_send_arrival,0,S00,5,terminal,0,51649,12,0,0,27,1000,0,39.932,0,0
27,allocate_send_arrival,0,S00,5,terminal,0,51640,34,0,0,27,1000,0,40.7016,0,0
27,allocate_send_arrival,0,S00,5,terminal,0,51647,21,0,0,27,1000,0,39.932,0,0
27,allocate_send_arrival,0,S00,5,terminal,0,51641,96,0,0,27,1000,0,39.932,0,0
27,allocate_send_arrival,0,S00,5,terminal,0,51646,57,0,0,27,1000,0,62.5,4.36557e-14,0
27,allocate_send_arrival,0,S00,5,terminal,0,51650,20,0,0,27,1000,0,39.932,0,0
27,allocate_send_arrival,0,S00,5,terminal,0,51648,125,0,0,27,1000,0,62.5,4.36557e-14,0
27,allocate_send_arrival,0,S00,5,terminal,0,51651,87,0,0,27,1000,0,62.5,0,0
27,allocate_send_arrival,57,S47,1,switch,50,51645,103,0,0,27,259.289,0,40.7016,0,0
27,allocate_send_arrival,57,S47,1,switch,50,51652,122,0,0,27,259.289,0,40.7016,0,0
27,allocate_send_arrival,57,S47,1,switch,50,51653,15,0,0,27,259.289,0,40.7016,3.63798e-14,0
27,allocate_send_arrival,34,S57,2,switch,14,51648,125,0,0,27,113.541,0,62.5,0,0
27,allocate_send_arrival,62,S56,1,switch,34,51648,125,0,0,27,238.377,0,62.5,0,0
27,allocate_send_arrival,38,S42,0,switch,42,51655,120,0,0,27,176.64,0,59.5645,0,0
27,allocate_send_arrival,10,S61,0,switch,1,51641,96,0,0,27,227.172,25.6638,39.932,0,0
27,allocate_send_arrival,10,S61,0,switch,1,51647,21,0,0,27,227.172,25.6638,39.932,8.00355e-14,0
27,allocate_send_arrival,10,S61,0,switch,1,51650,20,0,0,27,227.172,25.6638,39.932,8.00355e-14,0
27,allocate_send_arrival,1,S01,0,switch,0,51641,96,0,0,27,159.728,0,14.932,25,0
27,enqueue_residual,1,S01,0,switch,0,51641,96,0,0,27,159.728,0,0,25,0
27,allocate_send_arrival,1,S01,0,switch,0,51647,21,0,0,27,159.728,0,14.932,25,0
27,enqueue_residual,1,S01,0,switch,0,51647,21,0,0,27,159.728,0,0,25,0
27,allocate_send_arrival,1,S01,0,switch,0,51649,12,0,0,27,159.728,0,14.932,25,0
27,enqueue_residual,1,S01,0,switch,0,51649,12,0,0,27,159.728,0,0,25,0
27,allocate_send_arrival,1,S01,0,switch,0,51650,20,0,0,27,159.728,0,14.932,25,0
27,enqueue_residual,1,S01,0,switch,0,51650,20,0,0,27,159.728,0,0,25,0
27,allocate_send_arrival,43,S22,0,switch,0,51651,87,0,0,27,203.304,0,62.5,0,0
27,allocate_send_arrival,60,S44,0,switch,18,51655,120,0,0,27,203.923,0,59.5645,0,0
27,allocate_send_arrival,5,S63,0,switch,0,51644,28,0,0,27,259.679,0,62.5,0,0
27,allocate_send_arrival,5,S63,0,switch,0,51646,57,0,0,27,259.679,0,62.5,9.45874e-14,0
27,allocate_send_arrival,5,S63,0,switch,0,51648,125,0,0,27,259.679,0,62.5,0,0
27,allocate_send_arrival,4,S37,0,switch,0,51652,122,0,0,27,203.508,0,20.7016,20,0
27,enqueue_residual,4,S37,0,switch,0,51652,122,0,0,27,203.508,0,0,20,0
27,allocate_send_arrival,4,S37,0,switch,0,51645,103,0,0,27,203.508,0,20.7016,20,0
27,enqueue_residual,4,S37,0,switch,0,51645,103,0,0,27,203.508,0,0,20,0
27,allocate_send_arrival,4,S37,0,switch,0,51653,15,0,0,27,203.508,0,20.7016,20,0
27,enqueue_residual,4,S37,0,switch,0,51653,15,0,0,27,203.508,0,0,20,0
27,allocate_send_arrival,4,S37,0,switch,0,51643,35,0,0,27,203.508,0,20.7016,20,0
27,enqueue_residual,4,S37,0,switch,0,51643,35,0,0,27,203.508,0,0,20,0
27,allocate_send_arrival,4,S37,0,switch,0,51640,34,0,0,27,203.508,0,20.7016,20,0
27,enqueue_residual,4,S37,0,switch,0,51640,34,0,0,27,203.508,0,0,20,0
27,allocate_send_arrival,7,S45,2,switch,61,51653,15,0,0,27,100.666,0,40.7016,0,0
27,allocate_send_arrival,61,S46,1,switch,57,51652,122,0,0,27,199.213,0,40.7016,1.23691e-13,0
27,allocate_send_arrival,61,S46,1,switch,57,51653,15,0,0,27,199.213,0,40.7016,0,0
27,allocate_send_arrival,37,S32,0,switch,0,51654,104,0,0,27,103.31,0,62.5,0,0
27,allocate_send_arrival,14,S58,4,switch,5,51644,28,0,0,27,193.819,0,62.5,9.45874e-14,0
27,allocate_send_arrival,14,S58,4,switch,5,51648,125,0,0,27,193.819,0,62.5,0,0
27,allocate_send_arrival,52,S30,2,switch,54,51654,104,0,0,27,164.752,0,62.5,0,0
27,allocate_send_arrival,3,S27,0,switch,0,51642,6,0,0,27,119.129,0,37.4144,22.1501,0
27,enqueue_residual,3,S27,0,switch,0,51642,6,0,0,27,119.129,0,0,22.1501,0
27,allocate_send_arrival,3,S27,0,switch,0,51655,120,0,0,27,119.129,0,37.4144,22.1501,0
27,enqueue_residual,3,S27,0,switch,0,51655,120,0,0,27,119.129,0,0,22.1501,0
27,allocate_send_arrival,50,S38,2,switch,4,51653,15,0,0,27,290.506,0,40.7016,0,0
27,allocate_send_arrival,50,S38,2,switch,4,51652,122,0,0,27,290.506,0,40.7016,0,0
27,allocate_send_arrival,50,S38,2,switch,4,51645,103,0,0,27,290.506,0,40.7016,0,0
27,allocate_send_arrival,6,S02,0,switch,1,51649,12,0,0,27,138.732,0,39.932,0,0
27,allocate_send_arrival,56,S36,2,switch,4,51640,34,0,0,27,112.305,0,40.7016,0,0
27,allocate_send_arrival,56,S36,2,switch,4,51643,35,0,0,27,112.305,0,40.7016,0,0
27,allocate_send_arrival,54,S31,1,switch,37,51654,104,0,0,27,242.335,0,62.5,0,0
27,allocate_send_arrival,31,S62,3,switch,5,51646,57,0,0,27,238.676,0,62.5,0,0
27,allocate_send_arrival,17,S35,1,switch,56,51640,34,0,0,27,252.252,0,40.7016,0,0
27,allocate_send_arrival,17,S35,1,switch,56,51643,35,0,0,27,252.252,0,40.7016,0,0
27,allocate_send_arrival,18,S43,0,switch,38,51655,120,0,0,27,157.659,0,59.5645,0,0
27,allocate_send_arrival,29,S13,5,switch,31,51646,57,0,0,27,131.191,0,62.5,0,0
27,allocate_send_arrival,48,S50,3,switch,10,51641,96,0,0,27,118.54,0,39.932,0,0
27,allocate_send_arrival,42,S20,2,switch,3,51655,120,0,0,27,251.806,0,59.5645,0,0
27,allocate_send_arrival,51,S48,0,switch,57,51645,103,0,0,27,201.033,0,40.7016,0,0
28,allocate_send_buffered,1,S01,0,switch,0,51641,96,0,0,28,159.728,100,25,2.91038e-14,0
28,allocate_send_buffered,1,S01,0,switch,0,51647,21,0,0,28,159.728,100,25,0,0
28,allocate_send_buffered,1,S01,0,switch,0,51649,12,0,0,28,159.728,100,25,0,0
28,allocate_send_buffered,1,S01,0,switch,0,51650,20,0,0,28,159.728,100,25,0,0
28,allocate_send_buffered,3,S27,0,switch,0,51642,6,0,0,28,119.129,44.3001,22.1501,8.73115e-14,0
28,allocate_send_buffered,3,S27,0,switch,0,51655,120,0,0,28,119.129,44.3001,22.1501,0,0
28,allocate_send_buffered,4,S37,0,switch,0,51652,122,0,0,28,203.508,100,20,0,0
28,allocate_send_buffered,4,S37,0,switch,0,51645,103,0,0,28,203.508,100,20,0,0
28,allocate_send_buffered,4,S37,0,switch,0,51653,15,0,0,28,203.508,100,20,0,0
28,allocate_send_buffered,4,S37,0,switch,0,51643,35,0,0,28,203.508,100,20,0,0
28,allocate_send_buffered,4,S37,0,switch,0,51640,34,0,0,28,203.508,100,20,0,0
28,stage_arrival,50,S38,2,switch,4,51653,15,0,0,28,290.506,0,0,40.7016,0
28,stage_arrival,31,S62,3,switch,5,51646,57,0,0,28,238.676,0,0,62.5,0
28,stage_arrival,0,S00,5,terminal,0,51643,35,0,0,28,1000,0,0,20,0
28,stage_arrival,0,S00,5,terminal,0,51641,96,0,0,28,1000,0,0,14.932,0
28,stage_arrival,57,S47,1,switch,50,51645,103,0,0,28,259.289,0,0,40.7016,0
28,stage_arrival,1,S01,0,switch,0,51649,12,0,0,28,159.728,0,0,39.932,0
28,stage_arrival,0,S00,5,terminal,0,51649,12,0,0,28,1000,0,0,25,0
28,stage_arrival,56,S36,2,switch,4,51643,35,0,0,28,112.305,0,0,40.7016,0
28,stage_arrival,29,S13,5,switch,31,51646,57,0,0,28,131.191,0,0,62.5,0
28,stage_arrival,0,S00,5,terminal,0,51650,20,0,0,28,1000,0,0,14.932,0
28,stage_arrival,0,S00,5,terminal,0,51640,34,0,0,28,1000,0,0,20,0
28,stage_arrival,0,S00,5,terminal,0,51646,57,0,0,28,1000,0,0,62.5,0
28,stage_arrival,7,S45,2,switch,61,51653,15,0,0,28,100.666,0,0,40.7016,0
28,stage_arrival,38,S42,0,switch,42,51655,120,0,0,28,176.64,0,0,59.5645,0
28,stage_arrival_coalesce,0,S00,5,terminal,0,51641,96,0,0,28,1000,0,0,39.932,0
28,stage_arrival,62,S56,1,switch,34,51648,125,0,0,28,238.377,0,0,62.5,0
28,stage_arrival,51,S48,0,switch,57,51645,103,0,0,28,201.033,0,0,40.7016,0
28,stage_arrival,17,S35,1,switch,56,51643,35,0,0,28,252.252,0,0,40.7016,0
28,stage_arrival,0,S00,5,terminal,0,51645,103,0,0,28,1000,0,0,20.7016,0
28,stage_arrival,3,S27,0,switch,0,51642,6,0,0,28,119.129,0,0,59.5645,0
28,stage_arrival,61,S46,1,switch,57,51652,122,0,0,28,199.213,0,0,40.7016,0
28,stage_arrival,0,S00,5,terminal,0,51655,120,0,0,28,1000,0,0,22.1501,0
28,stage_arrival,50,S38,2,switch,4,51645,103,0,0,28,290.506,0,0,40.7016,0
28,stage_arrival,14,S58,4,switch,5,51644,28,0,0,28,193.819,0,0,62.5,0
28,stage_arrival,17,S35,1,switch,56,51640,34,0,0,28,252.252,0,0,40.7016,0
28,stage_arrival,5,S63,0,switch,0,51646,57,0,0,28,259.679,0,0,62.5,0
28,stage_arrival,0,S00,5,terminal,0,51642,6,0,0,28,1000,0,0,22.1501,0
28,stage_arrival,0,S00,5,terminal,0,51651,87,0,0,28,1000,0,0,62.5,0
28,stage_arrival,4,S37,0,switch,0,51643,35,0,0,28,203.508,0,0,40.7016,0
28,stage_arrival,60,S44,0,switch,18,51655,120,0,0,28,203.923,0,0,59.5645,0
28,stage_arrival,6,S02,0,switch,1,51649,12,0,0,28,138.732,0,0,39.932,0
28,stage_arrival,34,S57,2,switch,14,51648,125,0,0,28,113.541,0,0,62.5,0
28,stage_arrival,43,S22,0,switch,0,51651,87,0,0,28,203.304,0,0,62.5,0
28,stage_arrival,3,S27,0,switch,0,51655,120,0,0,28,119.129,0,0,59.5645,0
28,stage_arrival,10,S61,0,switch,1,51647,21,0,0,28,227.172,25.6638,0,39.932,0
28,stage_arrival,4,S37,0,switch,0,51640,34,0,0,28,203.508,0,0,40.7016,0
28,stage_arrival,18,S43,0,switch,38,51655,120,0,0,28,157.659,0,0,59.5645,0
28,stage_arrival,0,S00,5,terminal,0,51654,104,0,0,28,1000,0,0,62.5,0
28,stage_arrival,52,S30,2,switch,54,51654,104,0,0,28,164.752,0,0,62.5,0
28,stage_arrival_coalesce,0,S00,5,terminal,0,51655,120,0,0,28,1000,0,0,59.5645,0
28,stage_arrival,48,S50,3,switch,10,51641,96,0,0,28,118.54,0,0,39.932,0
28,stage_arrival,1,S01,0,switch,0,51650,20,0,0,28,159.728,0,0,39.932,0
28,stage_arrival,37,S32,0,switch,0,51654,104,0,0,28,103.31,0,0,62.5,0
28,stage_arrival,10,S61,0,switch,1,51650,20,0,0,28,227.172,25.6638,0,39.932,0
28,stage_arrival_coalesce,0,S00,5,terminal,0,51650,20,0,0,28,1000,0,0,39.932,0
28,stage_arrival_coalesce,0,S00,5,terminal,0,51649,12,0,0,28,1000,0,0,39.932,0
28,stage_arrival,54,S31,1,switch,37,51654,104,0,0,28,242.335,0,0,62.5,0
28,stage_arrival_coalesce,0,S00,5,terminal,0,51642,6,0,0,28,1000,0,0,59.5645,0
28,stage_arrival,0,S00,5,terminal,0,51652,122,0,0,28,1000,0,0,20.7016,0
28,stage_arrival,57,S47,1,switch,50,51653,15,0,0,28,259.289,0,0,40.7016,0
28,stage_arrival,1,S01,0,switch,0,51641,96,0,0,28,159.728,0,0,39.932,0
28,stage_arrival,28,S12,1,switch,29,51646,57,0,0,28,167.904,0,0,62.5,0
28,stage_arrival,0,S00,5,terminal,0,51648,125,0,0,28,1000,0,0,62.5,0
28,stage_arrival,0,S00,5,terminal,0,51653,15,0,0,28,1000,0,0,20.7016,0
28,stage_arrival,57,S47,1,switch,50,51652,122,0,0,28,259.289,0,0,40.7016,0
28,stage_arrival,0,S00,5,terminal,0,51644,28,0,0,28,1000,0,0,62.5,0
28,stage_arrival_coalesce,0,S00,5,terminal,0,51653,15,0,0,28,1000,0,0,40.7016,0
28,stage_arrival,4,S37,0,switch,0,51645,103,0,0,28,203.508,0,0,40.7016,0
28,stage_arrival,14,S58,4,switch,5,51648,125,0,0,28,193.819,0,0,62.5,0
28,stage_arrival,50,S38,2,switch,4,51652,122,0,0,28,290.506,0,0,40.7016,0
28,stage_arrival,4,S37,0,switch,0,51652,122,0,0,28,203.508,0,0,40.7016,0
28,stage_arrival_coalesce,0,S00,5,terminal,0,51645,103,0,0,28,1000,0,0,40.7016,0
28,stage_arrival,0,S00,5,terminal,0,51647,21,0,0,28,1000,0,0,25,0
28,stage_arrival,5,S63,0,switch,0,51644,28,0,0,28,259.679,0,0,62.5,0
28,stage_arrival,4,S37,0,switch,0,51653,15,0,0,28,203.508,0,0,40.7016,0
28,stage_arrival,1,S01,0,switch,0,51647,21,0,0,28,159.728,0,0,39.932,0
28,stage_arrival_coalesce,0,S00,5,terminal,0,51640,34,0,0,28,1000,0,0,40.7016,0
28,stage_arrival_coalesce,0,S00,5,terminal,0,51652,122,0,0,28,1000,0,0,40.7016,0
28,stage_arrival,10,S61,0,switch,1,51641,96,0,0,28,227.172,25.6638,0,39.932,0
28,stage_arrival,56,S36,2,switch,4,51640,34,0,0,28,112.305,0,0,40.7016,0
28,stage_arrival,61,S46,1,switch,57,51653,15,0,0,28,199.213,0,0,40.7016,0
28,stage_arrival,42,S20,2,switch,3,51655,120,0,0,28,251.806,0,0,59.5645,0
28,stage_arrival_coalesce,0,S00,5,terminal,0,51647,21,0,0,28,1000,0,0,39.932,0
28,stage_arrival,5,S63,0,switch,0,51648,125,0,0,28,259.679,0,0,62.5,0
28,stage_arrival_coalesce,0,S00,5,terminal,0,51643,35,0,0,28,1000,0,0,40.7016,0
28,allocate_send_arrival,7,S45,2,switch,61,51653,15,0,0,28,100.666,0,40.7016,0,0
28,allocate_send_arrival,37,S32,0,switch,0,51654,104,0,0,28,103.31,0,62.5,0,0
28,allocate_send_arrival,34,S57,2,switch,14,51648,125,0,0,28,113.541,0,62.5,0,0
28,allocate_send_arrival,3,S27,0,switch,0,51642,6,0,0,28,119.129,0,37.4144,22.1501,0
28,enqueue_residual,3,S27,0,switch,0,51642,6,0,0,28,119.129,0,0,22.1501,0
28,allocate_send_arrival,3,S27,0,switch,0,51655,120,0,0,28,119.129,0,37.4144,22.1501,0
28,enqueue_residual,3,S27,0,switch,0,51655,120,0,0,28,119.129,0,0,22.1501,0
28,allocate_send_arrival,6,S02,0,switch,1,51649,12,0,0,28,138.732,0,39.932,0,0
28,allocate_send_arrival,38,S42,0,switch,42,51655,120,0,0,28,176.64,0,59.5645,0,0
28,allocate_send_arrival,18,S43,0,switch,38,51655,120,0,0,28,157.659,0,59.5645,0,0
28,allocate_send_arrival,0,S00,5,terminal,0,51643,35,0,0,28,1000,0,40.7016,0,0
28,allocate_send_arrival,0,S00,5,terminal,0,51641,96,0,0,28,1000,0,39.932,0,0
28,allocate_send_arrival,0,S00,5,terminal,0,51649,12,0,0,28,1000,0,39.932,0,0
28,allocate_send_arrival,0,S00,5,terminal,0,51650,20,0,0,28,1000,0,39.932,0,0
28,allocate_send_arrival,0,S00,5,terminal,0,51640,34,0,0,28,1000,0,40.7016,0,0
28,allocate_send_arrival,0,S00,5,terminal,0,51646,57,0,0,28,1000,0,62.5,7.27596e-15,0
28,allocate_send_arrival,0,S00,5,terminal,0,51645,103,0,0,28,1000,0,40.7016,0,0
28,allocate_send_arrival,0,S00,5,terminal,0,51655,120,0,0,28,1000,0,59.5645,0,0
28,allocate_send_arrival,0,S00,5,terminal,0,51642,6,0,0,28,1000,0,59.5645,0,0
28,allocate_send_arrival,0,S00,5,terminal,0,51651,87,0,0,28,1000,0,62.5,2.91038e-13,0
28,allocate_send_arrival,0,S00,5,terminal,0,51654,104,0,0,28,1000,0,62.5,1.01863e-13,0
28,allocate_send_arrival,0,S00,5,terminal,0,51652,122,0,0,28,1000,0,40.7016,0,0
28,allocate_send_arrival,0,S00,5,terminal,0,51648,125,0,0,28,1000,0,62.5,7.27596e-15,0
28,allocate_send_arrival,0,S00,5,terminal,0,51653,15,0,0,28,1000,0,40.7016,0,0
28,allocate_send_arrival,0,S00,5,terminal,0,51644,28,0,0,28,1000,0,62.5,0,0
28,allocate_send_arrival,0,S00,5,terminal,0,51647,21,0,0,28,1000,0,39.932,0,0
28,allocate_send_arrival,14,S58,4,switch,5,51644,28,0,0,28,193.819,0,62.5,9.45874e-14,0
28,allocate_send_arrival,14,S58,4,switch,5,51648,125,0,0,28,193.819,0,62.5,0,0
28,allocate_send_arrival,42,S20,2,switch,3,51655,120,0,0,28,251.806,0,59.5645,0,0
28,allocate_send_arrival,4,S37,0,switch,0,51643,35,0,0,28,203.508,0,20.7016,20,0
28,enqueue_residual,4,S37,0,switch,0,51643,35,0,0,28,203.508,0,0,20,0
28,allocate_send_arrival,4,S37,0,switch,0,51640,34,0,0,28,203.508,0,20.7016,20,0
28,enqueue_residual,4,S37,0,switch,0,51640,34,0,0,28,203.508,0,0,20,0
28,allocate_send_arrival,4,S37,0,switch,0,51645,103,0,0,28,203.508,0,20.7016,20,0
28,enqueue_residual,4,S37,0,switch,0,51645,103,0,0,28,203.508,0,0,20,0
28,allocate_send_arrival,4,S37,0,switch,0,51652,122,0,0,28,203.508,0,20.7016,20,0
28,enqueue_residual,4,S37,0,switch,0,51652,122,0,0,28,203.508,0,0,20,0
28,allocate_send_arrival,4,S37,0,switch,0,51653,15,0,0,28,203.508,0,20.7016,20,0
28,enqueue_residual,4,S37,0,switch,0,51653,15,0,0,28,203.508,0,0,20,0
28,allocate_send_arrival,48,S50,3,switch,10,51641,96,0,0,28,118.54,0,39.932,0,0
28,allocate_send_arrival,5,S63,0,switch,0,51646,57,0,0,28,259.679,0,62.5,0,0
28,allocate_send_arrival,5,S63,0,switch,0,51644,28,0,0,28,259.679,0,62.5,6.54836e-14,0
28,allocate_send_arrival,5,S63,0,switch,0,51648,125,0,0,28,259.679,0,62.5,0,0
28,allocate_send_arrival,1,S01,0,switch,0,51649,12,0,0,28,159.728,0,14.932,25,0
28,enqueue_residual,1,S01,0,switch,0,51649,12,0,0,28,159.728,0,0,25,0
28,allocate_send_arrival,1,S01,0,switch,0,51650,20,0,0,28,159.728,0,14.932,25,0
28,enqueue_residual,1,S01,0,switch,0,51650,20,0,0,28,159.728,0,0,25,0
28,allocate_send_arrival,1,S01,0,switch,0,51641,96,0,0,28,159.728,0,14.932,25,0
28,enqueue_residual,1,S01,0,switch,0,51641,96,0,0,28,159.728,0,0,25,0
28,allocate_send_arrival,1,S01,0,switch,0,51647,21,0,0,28,159.728,0,14.932,25,0
28,enqueue_residual,1,S01,0,switch,0,51647,21,0,0,28,159.728,0,0,25,0
28,allocate_send_arrival,57,S47,1,switch,50,51645,103,0,0,28,259.289,0,40.7016,1.23691e-13,0
28,allocate_send_arrival,57,S47,1,switch,50,51653,15,0,0,28,259.289,0,40.7016,0,0
28,allocate_send_arrival,57,S47,1,switch,50,51652,122,0,0,28,259.289,0,40.7016,0,0
28,allocate_send_arrival,60,S44,0,switch,18,51655,120,0,0,28,203.923,0,59.5645,0,0
28,allocate_send_arrival,29,S13,5,switch,31,51646,57,0,0,28,131.191,0,62.5,0,0
28,allocate_send_arrival,56,S36,2,switch,4,51643,35,0,0,28,112.305,0,40.7016,0,0
28,allocate_send_arrival,56,S36,2,switch,4,51640,34,0,0,28,112.305,0,40.7016,0,0
28,allocate_send_arrival,10,S61,0,switch,1,51647,21,0,0,28,227.172,25.6638,39.932,0,0
28,allocate_send_arrival,10,S61,0,switch,1,51650,20,0,0,28,227.172,25.6638,39.932,0,0
28,allocate_send_arrival,10,S61,0,switch,1,51641,96,0,0,28,227.172,25.6638,39.932,8.00355e-14,0
28,allocate_send_arrival,50,S38,2,switch,4,51653,15,0,0,28,290.506,0,40.7016,1.45519e-14,0
28,allocate_send_arrival,50,S38,2,switch,4,51645,103,0,0,28,290.506,0,40.7016,0,0
28,allocate_send_arrival,50,S38,2,switch,4,51652,122,0,0,28,290.506,0,40.7016,0,0
28,allocate_send_arrival,28,S12,1,switch,29,51646,57,0,0,28,167.904,0,62.5,0,0
28,allocate_send_arrival,52,S30,2,switch,54,51654,104,0,0,28,164.752,0,62.5,0,0
28,allocate_send_arrival,61,S46,1,switch,57,51652,122,0,0,28,199.213,0,40.7016,0,0
28,allocate_send_arrival,61,S46,1,switch,57,51653,15,0,0,28,199.213,0,40.7016,5.82077e-14,0
28,allocate_send_arrival,54,S31,1,switch,37,51654,104,0,0,28,242.335,0,62.5,0,0
28,allocate_send_arrival,62,S56,1,switch,34,51648,125,0,0,28,238.377,0,62.5,0,0
28,allocate_send_arrival,17,S35,1,switch,56,51643,35,0,0,28,252.252,0,40.7016,0,0
28,allocate_send_arrival,17,S35,1,switch,56,51640,34,0,0,28,252.252,0,40.7016,0,0
28,allocate_send_arrival,43,S22,0,switch,0,51651,87,0,0,28,203.304,0,62.5,0,0
28,allocate_send_arrival,51,S48,0,switch,57,51645,103,0,0,28,201.033,0,40.7016,0,0
28,allocate_send_arrival,31,S62,3,switch,5,51646,57,0,0,28,238.676,0,62.5,0,0
29,allocate_send_buffered,3,S27,0,switch,0,51642,6,0,0,29,119.129,44.3001,22.1501,0,0
29,allocate_send_buffered,3,S27,0,switch,0,51655,120,0,0,29,119.129,44.3001,22.1501,0,0
29,allocate_send_buffered,1,S01,0,switch,0,51649,12,0,0,29,159.728,100,25,1.01863e-13,0
29,allocate_send_buffered,1,S01,0,switch,0,51650,20,0,0,29,159.728,100,25,2.18279e-14,0
29,allocate_send_buffered,1,S01,0,switch,0,51641,96,0,0,29,159.728,100,25,0,0
29,allocate_send_buffered,1,S01,0,switch,0,51647,21,0,0,29,159.728,100,25,2.18279e-14,0
29,allocate_send_buffered,4,S37,0,switch,0,51643,35,0,0,29,203.508,100,20,0,0
29,allocate_send_buffered,4,S37,0,switch,0,51640,34,0,0,29,203.508,100,20,0,0
29,allocate_send_buffered,4,S37,0,switch,0,51645,103,0,0,29,203.508,100,20,5.09317e-14,0
29,allocate_send_buffered,4,S37,0,switch,0,51652,122,0,0,29,203.508,100,20,5.09317e-14,0
29,allocate_send_buffered,4,S37,0,switch,0,51653,15,0,0,29,203.508,100,20,5.09317e-14,0
29,stage_arrival,0,S00,5,terminal,0,51645,103,0,0,29,1000,0,0,20,0
29,stage_arrival,4,S37,0,switch,0,51643,35,0,0,29,203.508,0,0,40.7016,0
29,stage_arrival,0,S00,5,terminal,0,51641,96,0,0,29,1000,0,0,25,0
29,stage_arrival,0,S00,5,terminal,0,51653,15,0,0,29,1000,0,0,20.7016,0
29,stage_arrival,57,S47,1,switch,50,51653,15,0,0,29,259.289,0,0,40.7016,0
29,stage_arrival,38,S42,0,switch,42,51655,120,0,0,29,176.64,0,0,59.5645,0
29,stage_arrival,3,S27,0,switch,0,51642,6,0,0,29,119.129,0,0,59.5645,0
29,stage_arrival,7,S45,2,switch,61,51653,15,0,0,29,100.666,0,0,40.7016,0
29,stage_arrival,0,S00,5,terminal,0,51644,28,0,0,29,1000,0,0,62.5,0
29,stage_arrival,0,S00,5,terminal,0,51647,21,0,0,29,1000,0,0,14.932,0
29,stage_arrival,0,S00,5,terminal,0,51648,125,0,0,29,1000,0,0,62.5,0
29,stage_arrival_coalesce,0,S00,5,terminal,0,51653,15,0,0,29,1000,0,0,40.7016,0
29,stage_arrival,14,S58,4,switch,5,51644,28,0,0,29,193.819,0,0,62.5,0
29,stage_arrival,4,S37,0,switch,0,51653,15,0,0,29,203.508,0,0,40.7016,0
29,stage_arrival,3,S27,0,switch,0,51655,120,0,0,29,119.129,0,0,59.5645,0
29,stage_arrival,29,S13,5,switch,31,51646,57,0,0,29,131.191,0,0,62.5,0
29,stage_arrival,1,S01,0,switch,0,51650,20,0,0,29,159.728,0,0,39.932,0
29,stage_arrival,34,S57,2,switch,14,51648,125,0,0,29,113.541,0,0,62.5,0
29,stage_arrival,31,S62,3,switch,5,51646,57,0,0,29,238.676,0,0,62.5,0
29,stage_arrival,1,S01,0,switch,0,51641,96,0,0,29,159.728,0,0,39.932,0
29,stage_arrival,0,S00,5,terminal,0,51646,57,0,0,29,1000,0,0,62.5,0
29,stage_arrival,0,S00,5,terminal,0,51651,87,0,0,29,1000,0,0,62.5,0
29,stage_arrival,50,S38,2,switch,4,51645,103,0,0,29,290.506,0,0,40.7016,0
29,stage_arrival,0,S00,5,terminal,0,51652,122,0,0,29,1000,0,0,20.7016,0
29,stage_arrival,42,S20,2,switch,3,51655,120,0,0,29,251.806,0,0,59.5645,0
29,stage_arrival,10,S61,0,switch,1,51650,20,0,0,29,227.172,25.6638,0,39.932,0
29,stage_arrival,18,S43,0,switch,38,51655,120,0,0,29,157.659,0,0,59.5645,0
29,stage_arrival,14,S58,4,switch,5,51648,125,0,0,29,193.819,0,0,62.5,0
29,stage_arrival,50,S38,2,switch,4,51653,15,0,0,29,290.506,0,0,40.7016,0
29,stage_arrival_coalesce,0,S00,5,terminal,0,51647,21,0,0,29,1000,0,0,39.932,0
29,stage_arrival,0,S00,5,terminal,0,51649,12,0,0,29,1000,0,0,14.932,0
29,stage_arrival_coalesce,0,S00,5,terminal,0,51652,122,0,0,29,1000,0,0,40.7016,0
29,stage_arrival_coalesce,0,S00,5,terminal,0,51649,12,0,0,29,1000,0,0,39.932,0
29,stage_arrival,52,S30,2,switch,54,51654,104,0,0,29,164.752,0,0,53.3539,0
29,stage_arrival,37,S32,0,switch,0,51654,104,0,0,29,103.31,0,0,62.5,0
29,stage_arrival,0,S00,5,terminal,0,51643,35,0,0,29,1000,0,0,20,0
29,stage_arrival,5,S63,0,switch,0,51646,57,0,0,29,259.679,0,0,62.5,0
29,stage_arrival_coalesce,0,S00,5,terminal,0,51643,35,0,0,29,1000,0,0,40.7016,0
29,stage_arrival,50,S38,2,switch,4,51652,122,0,0,29,290.506,0,0,40.7016,0
29,stage_arrival,0,S00,5,terminal,0,51640,34,0,0,29,1000,0,0,20,0
29,stage_arrival,57,S47,1,switch,50,51645,103,0,0,29,259.289,0,0,40.7016,0
29,stage_arrival,51,S48,0,switch,57,51645,103,0,0,29,201.033,0,0,40.7016,0
29,stage_arrival,62,S56,1,switch,34,51648,125,0,0,29,238.377,0,0,62.5,0
29,stage_arrival_coalesce,0,S00,5,terminal,0,51645,103,0,0,29,1000,0,0,40.7016,0
29,stage_arrival,17,S35,1,switch,56,51640,34,0,0,29,252.252,0,0,40.7016,0
29,stage_arrival,48,S50,3,switch,10,51641,96,0,0,29,118.54,0,0,39.932,0
29,stage_arrival,0,S00,5,terminal,0,51655,120,0,0,29,1000,0,0,22.1501,0
29,stage_arrival,10,S61,0,switch,1,51647,21,0,0,29,227.172,25.6638,0,39.932,0
29,stage_arrival,54,S31,1,switch,37,51654,104,0,0,29,242.335,0,0,62.5,0
29,stage_arrival,4,S37,0,switch,0,51645,103,0,0,29,203.508,0,0,40.7016,0
29,stage_arrival,4,S37,0,switch,0,51640,34,0,0,29,203.508,0,0,40.7016,0
29,stage_arrival,0,S00,5,terminal,0,51642,6,0,0,29,1000,0,0,22.1501,0
29,stage_arrival,1,S01,0,switch,0,51647,21,0,0,29,159.728,0,0,39.932,0
29,stage_arrival,10,S61,0,switch,1,51641,96,0,0,29,227.172,25.6638,0,39.932,0
29,stage_arrival,5,S63,0,switch,0,51644,28,0,0,29,259.679,0,0,62.5,0
29,stage_arrival,56,S36,2,switch,4,51640,34,0,0,29,112.305,0,0,40.7016,0
29,stage_arrival,5,S63,0,switch,0,51648,125,0,0,29,259.679,0,0,62.5,0
29,stage_arrival,6,S02,0,switch,1,51649,12,0,0,29,138.732,0,0,39.932,0
29,stage_arrival_coalesce,0,S00,5,terminal,0,51641,96,0,0,29,1000,0,0,39.932,0
29,stage_arrival,1,S01,0,switch,0,51649,12,0,0,29,159.728,0,0,39.932,0
29,stage_arrival,28,S12,1,switch,29,51646,57,0,0,29,167.904,0,0,62.5,0
29,stage_arrival,0,S00,5,terminal,0,51654,104,0,0,29,1000,0,0,62.5,0
29,stage_arrival,60,S44,0,switch,18,51655,120,0,0,29,203.923,0,0,59.5645,0
29,stage_arrival,17,S35,1,switch,56,51643,35,0,0,29,252.252,0,0,40.7016,0
29,stage_arrival_coalesce,0,S00,5,terminal,0,51640,34,0,0,29,1000,0,0,40.7016,0
29,stage_arrival,0,S00,5,terminal,0,51650,20,0,0,29,1000,0,0,25,0
29,stage_arrival_coalesce,0,S00,5,terminal,0,51642,6,0,0,29,1000,0,0,59.5645,0
29,stage_arrival,4,S37,0,switch,0,51652,122,0,0,29,203.508,0,0,40.7016,0
29,stage_arrival_coalesce,0,S00,5,terminal,0,51655,120,0,0,29,1000,0,0,59.5645,0
29,stage_arrival,61,S46,1,switch,57,51652,122,0,0,29,199.213,0,0,40.7016,0
29,stage_arrival_coalesce,0,S00,5,terminal,0,51650,20,0,0,29,1000,0,0,39.932,0
29,stage_arrival,57,S47,1,switch,50,51652,122,0,0,29,259.289,0,0,40.7016,0
29,stage_arrival,61,S46,1,switch,57,51653,15,0,0,29,199.213,0,0,40.7016,0
29,stage_arrival,56,S36,2,switch,4,51643,35,0,0,29,112.305,0,0,40.7016,0
29,stage_arrival,43,S22,0,switch,0,51651,87,0,0,29,203.304,0,0,53.3689,0
29,allocate_send_arrival,3,S27,0,switch,0,51642,6,0,0,29,119.129,0,37.4144,22.1501,0
29,enqueue_residual,3,S27,0,switch,0,51642,6,0,0,29,119.129,0,0,22.1501,0
29,allocate_send_arrival,3,S27,0,switch,0,51655,120,0,0,29,119.129,0,37.4144,22.1501,0
29,enqueue_residual,3,S27,0,switch,0,51655,120,0,0,29,119.129,0,0,22.1501,0
29,allocate_send_arrival,0,S00,5,terminal,0,51645,103,0,0,29,1000,0,40.7016,0,0
29,allocate_send_arrival,0,S00,5,terminal,0,51641,96,0,0,29,1000,0,39.932,0,0
29,allocate_send_arrival,0,S00,5,terminal,0,51653,15,0,0,29,1000,0,40.7016,0,0
29,allocate_send_arrival,0,S00,5,terminal,0,51644,28,0,0,29,1000,0,62.5,7.27596e-14,0
29,allocate_send_arrival,0,S00,5,terminal,0,51647,21,0,0,29,1000,0,39.932,0,0
29,allocate_send_arrival,0,S00,5,terminal,0,51648,125,0,0,29,1000,0,62.5,4.36557e-14,0
29,allocate_send_arrival,0,S00,5,terminal,0,51646,57,0,0,29,1000,0,62.5,4.36557e-14,0
29,allocate_send_arrival,0,S00,5,terminal,0,51651,87,0,0,29,1000,0,62.5,4.36557e-14,0
29,allocate_send_arrival,0,S00,5,terminal,0,51652,122,0,0,29,1000,0,40.7016,0,0
29,allocate_send_arrival,0,S00,5,terminal,0,51649,12,0,0,29,1000,0,39.932,0,0
29,allocate_send_arrival,0,S00,5,terminal,0,51643,35,0,0,29,1000,0,40.7016,0,0
29,allocate_send_arrival,0,S00,5,terminal,0,51640,34,0,0,29,1000,0,40.7016,0,0
29,allocate_send_arrival,0,S00,5,terminal,0,51655,120,0,0,29,1000,0,59.5645,0,0
29,allocate_send_arrival,0,S00,5,terminal,0,51642,6,0,0,29,1000,0,59.5645,0,0
29,allocate_send_arrival,0,S00,5,terminal,0,51654,104,0,0,29,1000,0,62.5,0,0
29,allocate_send_arrival,0,S00,5,terminal,0,51650,20,0,0,29,1000,0,39.932,0,0
29,allocate_send_arrival,1,S01,0,switch,0,51650,20,0,0,29,159.728,0,14.932,25,0
29,enqueue_residual,1,S01,0,switch,0,51650,20,0,0,29,159.728,0,0,25,0
29,allocate_send_arrival,1,S01,0,switch,0,51641,96,0,0,29,159.728,0,14.932,25,0
29,enqueue_residual,1,S01,0,switch,0,51641,96,0,0,29,159.728,0,0,25,0
29,allocate_send_arrival,1,S01,0,switch,0,51647,21,0,0,29,159.728,0,14.932,25,0
29,enqueue_residual,1,S01,0,switch,0,51647,21,0,0,29,159.728,0,0,25,0
29,allocate_send_arrival,1,S01,0,switch,0,51649,12,0,0,29,159.728,0,14.932,25,0
29,enqueue_residual,1,S01,0,switch,0,51649,12,0,0,29,159.728,0,0,25,0
29,allocate_send_arrival,38,S42,0,switch,42,51655,120,0,0,29,176.64,0,59.5645,0,0
29,allocate_send_arrival,18,S43,0,switch,38,51655,120,0,0,29,157.659,0,59.5645,0,0
29,allocate_send_arrival,57,S47,1,switch,50,51653,15,0,0,29,259.289,0,40.7016,3.63798e-14,0
29,allocate_send_arrival,57,S47,1,switch,50,51645,103,0,0,29,259.289,0,40.7016,0,0
29,allocate_send_arrival,57,S47,1,switch,50,51652,122,0,0,29,259.289,0,40.7016,0,0
29,allocate_send_arrival,56,S36,2,switch,4,51640,34,0,0,29,112.305,0,40.7016,0,0
29,allocate_send_arrival,56,S36,2,switch,4,51643,35,0,0,29,112.305,0,40.7016,0,0
29,allocate_send_arrival,6,S02,0,switch,1,51649,12,0,0,29,138.732,0,39.932,0,0
29,allocate_send_arrival,5,S63,0,switch,0,51646,57,0,0,29,259.679,0,62.5,0,0
29,allocate_send_arrival,5,S63,0,switch,0,51644,28,0,0,29,259.679,0,62.5,5.82077e-14,0
29,allocate_send_arrival,5,S63,0,switch,0,51648,125,0,0,29,259.679,0,62.5,0,0
29,allocate_send_arrival,60,S44,0,switch,18,51655,120,0,0,29,203.923,0,59.5645,0,0
29,allocate_send_arrival,50,S38,2,switch,4,51645,103,0,0,29,290.506,0,40.7016,4.36557e-14,0
29,allocate_send_arrival,50,S38,2,switch,4,51653,15,0,0,29,290.506,0,40.7016,0,0
29,allocate_send_arrival,50,S38,2,switch,4,51652,122,0,0,29,290.506,0,40.7016,4.36557e-14,0
29,allocate_send_arrival,14,S58,4,switch,5,51644,28,0,0,29,193.819,0,62.5,0,0
29,allocate_send_arrival,14,S58,4,switch,5,51648,125,0,0,29,193.819,0,62.5,9.45874e-14,0
29,allocate_send_arrival,17,S35,1,switch,56,51640,34,0,0,29,252.252,0,40.7016,0,0
29,allocate_send_arrival,17,S35,1,switch,56,51643,35,0,0,29,252.252,0,40.7016,0,0
29,allocate_send_arrival,48,S50,3,switch,10,51641,96,0,0,29,118.54,0,39.932,0,0
29,allocate_send_arrival,31,S62,3,switch,5,51646,57,0,0,29,238.676,0,62.5,0,0
29,allocate_send_arrival,4,S37,0,switch,0,51643,35,0,0,29,203.508,0,20.7016,20,0
29,enqueue_residual,4,S37,0,switch,0,51643,35,0,0,29,203.508,0,0,20,0
29,allocate_send_arrival,4,S37,0,switch,0,51653,15,0,0,29,203.508,0,20.7016,20,0
29,enqueue_residual,4,S37,0,switch,0,51653,15,0,0,29,203.508,0,0,20,0
29,allocate_send_arrival,4,S37,0,switch,0,51645,103,0,0,29,203.508,0,20.7016,20,0
29,enqueue_residual,4,S37,0,switch,0,51645,103,0,0,29,203.508,0,0,20,0
29,allocate_send_arrival,4,S37,0,switch,0,51640,34,0,0,29,203.508,0,20.7016,20,0
29,enqueue_residual,4,S37,0,switch,0,51640,34,0,0,29,203.508,0,0,20,0
29,allocate_send_arrival,4,S37,0,switch,0,51652,122,0,0,29,203.508,0,20.7016,20,0
29,enqueue_residual,4,S37,0,switch,0,51652,122,0,0,29,203.508,0,0,20,0
29,allocate_send_arrival,42,S20,2,switch,3,51655,120,0,0,29,251.806,0,59.5645,0,0
29,allocate_send_arrival,52,S30,2,switch,54,51654,104,0,0,29,164.752,0,53.3539,0,0
29,allocate_send_arrival,61,S46,1,switch,57,51652,122,0,0,29,199.213,0,40.7016,0,0
29,allocate_send_arrival,61,S46,1,switch,57,51653,15,0,0,29,199.213,0,40.7016,0,0
29,allocate_send_arrival,28,S12,1,switch,29,51646,57,0,0,29,167.904,0,62.5,0,0
29,allocate_send_arrival,34,S57,2,switch,14,51648,125,0,0,29,113.541,0,62.5,0,0
29,allocate_send_arrival,10,S61,0,switch,1,51650,20,0,0,29,227.172,25.6638,39.932,0,0
29,allocate_send_arrival,10,S61,0,switch,1,51647,21,0,0,29,227.172,25.6638,39.932,0,0
29,allocate_send_arrival,10,S61,0,switch,1,51641,96,0,0,29,227.172,25.6638,39.932,0,0
29,allocate_send_arrival,62,S56,1,switch,34,51648,125,0,0,29,238.377,0,62.5,0,0
29,allocate_send_arrival,43,S22,0,switch,0,51651,87,0,0,29,203.304,0,53.3689,0,0
29,allocate_send_arrival,51,S48,0,switch,57,51645,103,0,0,29,201.033,0,40.7016,0,0
29,allocate_send_arrival,29,S13,5,switch,31,51646,57,0,0,29,131.191,0,62.5,0,0
29,allocate_send_arrival,7,S45,2,switch,61,51653,15,0,0,29,100.666,0,40.7016,0,0
29,allocate_send_arrival,37,S32,0,switch,0,51654,104,0,0,29,103.31,0,62.5,0,0
29,allocate_send_arrival,54,S31,1,switch,37,51654,104,0,0,29,242.335,0,62.5,0,0
30,allocate_send_buffered,4,S37,0,switch,0,51643,35,0,0,30,203.508,100,20,1.45519e-13,0
30,allocate_send_buffered,4,S37,0,switch,0,51653,15,0,0,30,203.508,100,20,0,0
30,allocate_send_buffered,4,S37,0,switch,0,51645,103,0,0,30,203.508,100,20,0,0
30,allocate_send_buffered,4,S37,0,switch,0,51640,34,0,0,30,203.508,100,20,1.45519e-13,0
30,allocate_send_buffered,4,S37,0,switch,0,51652,122,0,0,30,203.508,100,20,0,0
30,allocate_send_buffered,1,S01,0,switch,0,51650,20,0,0,30,159.728,100,25,0,0
30,allocate_send_buffered,1,S01,0,switch,0,51641,96,0,0,30,159.728,100,25,2.54659e-14,0
30,allocate_send_buffered,1,S01,0,switch,0,51647,21,0,0,30,159.728,100,25,0,0
30,allocate_send_buffered,1,S01,0,switch,0,51649,12,0,0,30,159.728,100,25,0,0
30,allocate_send_buffered,3,S27,0,switch,0,51642,6,0,0,30,119.129,44.3001,22.1501,0,0
30,allocate_send_buffered,3,S27,0,switch,0,51655,120,0,0,30,119.129,44.3001,22.1501,0,0
30,stage_arrival,5,S63,0,switch,0,51646,57,0,0,30,259.679,0,0,62.5,0
30,stage_arrival,61,S46,1,switch,57,51653,15,0,0,30,199.213,0,0,40.7016,0
30,stage_arrival,51,S48,0,switch,57,51645,103,0,0,30,201.033,0,0,40.7016,0
30,stage_arrival,4,S37,0,switch,0,51652,122,0,0,30,203.508,0,0,40.7016,0
30,stage_arrival,0,S00,5,terminal,0,51654,104,0,0,30,1000,0,0,62.5,0
30,stage_arrival,14,S58,4,switch,5,51644,28,0,0,30,193.819,0,0,6.90771,0
30,stage_arrival,57,S47,1,switch,50,51645,103,0,0,30,259.289,0,0,40.7016,0
30,stage_arrival,0,S00,5,terminal,0,51647,21,0,0,30,1000,0,0,25,0
30,stage_arrival,0,S00,5,terminal,0,51644,28,0,0,30,1000,0,0,62.5,0
30,stage_arrival,18,S43,0,switch,38,51655,120,0,0,30,157.659,0,0,59.5645,0
30,stage_arrival,4,S37,0,switch,0,51645,103,0,0,30,203.508,0,0,40.7016,0
30,stage_arrival,0,S00,5,terminal,0,51643,35,0,0,30,1000,0,0,20,0
30,stage_arrival,10,S61,0,switch,1,51641,96,0,0,30,227.172,25.6638,0,39.932,0
30,stage_arrival,31,S62,3,switch,5,51646,57,0,0,30,238.676,0,0,62.5,0
30,stage_arrival,0,S00,5,terminal,0,51655,120,0,0,30,1000,0,0,22.1501,0
30,stage_arrival,1,S01,0,switch,0,51649,12,0,0,30,159.728,0,0,39.932,0
30,stage_arrival,14,S58,4,switch,5,51648,125,0,0,30,193.819,0,0,62.5,0
30,stage_arrival,7,S45,2,switch,61,51653,15,0,0,30,100.666,0,0,40.7016,0
30,stage_arrival,1,S01,0,switch,0,51647,21,0,0,30,159.728,0,0,39.932,0
30,stage_arrival,6,S02,0,switch,1,51649,12,0,0,30,138.732,0,0,39.932,0
30,stage_arrival,50,S38,2,switch,4,51645,103,0,0,30,290.506,0,0,40.7016,0
30,stage_arrival,0,S00,5,terminal,0,51645,103,0,0,30,1000,0,0,20.7016,0
30,stage_arrival,62,S56,1,switch,34,51648,125,0,0,30,238.377,0,0,7.30474,0
30,stage_arrival,10,S61,0,switch,1,51650,20,0,0,30,227.172,25.6638,0,39.932,0
30,stage_arrival,17,S35,1,switch,56,51640,34,0,0,30,252.252,0,0,40.7016,0
30,stage_arrival,50,S38,2,switch,4,51653,15,0,0,30,290.506,0,0,40.7016,0
30,stage_arrival,4,S37,0,switch,0,51643,35,0,0,30,203.508,0,0,40.7016,0
30,stage_arrival,28,S12,1,switch,29,51646,57,0,0,30,167.904,0,0,4.10854,0
30,stage_arrival,0,S00,5,terminal,0,51650,20,0,0,30,1000,0,0,25,0
30,stage_arrival,5,S63,0,switch,0,51644,28,0,0,30,259.679,0,0,62.5,0
30,stage_arrival,0,S00,5,terminal,0,51653,15,0,0,30,1000,0,0,20.7016,0
30,stage_arrival,0,S00,5,terminal,0,51651,87,0,0,30,1000,0,0,53.3689,0
30,stage_arrival_coalesce,0,S00,5,terminal,0,51655,120,0,0,30,1000,0,0,59.5645,0
30,stage_arrival,17,S35,1,switch,56,51643,35,0,0,30,252.252,0,0,40.7016,0
30,stage_arrival,0,S00,5,terminal,0,51652,122,0,0,30,1000,0,0,20.7016,0
30,stage_arrival,0,S00,5,terminal,0,51641,96,0,0,30,1000,0,0,25,0
30,stage_arrival,5,S63,0,switch,0,51648,125,0,0,30,259.679,0,0,62.5,0
30,stage_arrival,0,S00,5,terminal,0,51642,6,0,0,30,1000,0,0,22.1501,0
30,stage_arrival,10,S61,0,switch,1,51647,21,0,0,30,227.172,25.6638,0,39.932,0
30,stage_arrival,0,S00,5,terminal,0,51648,125,0,0,30,1000,0,0,62.5,0
30,stage_arrival,0,S00,5,terminal,0,51646,57,0,0,30,1000,0,0,62.5,0
30,stage_arrival,57,S47,1,switch,50,51653,15,0,0,30,259.289,0,0,40.7016,0
30,stage_arrival,48,S50,3,switch,10,51641,96,0,0,30,118.54,0,0,39.932,0
30,stage_arrival,60,S44,0,switch,18,51655,120,0,0,30,203.923,0,0,59.5645,0
30,stage_arrival,0,S00,5,terminal,0,51649,12,0,0,30,1000,0,0,14.932,0
30,stage_arrival,1,S01,0,switch,0,51641,96,0,0,30,159.728,0,0,39.932,0
30,stage_arrival,54,S31,1,switch,37,51654,104,0,0,30,242.335,0,0,53.3539,0
30,stage_arrival,1,S01,0,switch,0,51650,20,0,0,30,159.728,0,0,39.932,0
30,stage_arrival_coalesce,0,S00,5,terminal,0,51643,35,0,0,30,1000,0,0,40.7016,0
30,stage_arrival,38,S42,0,switch,42,51655,120,0,0,30,176.64,0,0,59.5645,0
30,stage_arrival_coalesce,0,S00,5,terminal,0,51652,122,0,0,30,1000,0,0,40.7016,0
30,stage_arrival,4,S37,0,switch,0,51653,15,0,0,30,203.508,0,0,40.7016,0
30,stage_arrival,3,S27,0,switch,0,51655,120,0,0,30,119.129,0,0,59.5645,0
30,stage_arrival_coalesce,0,S00,5,terminal,0,51641,96,0,0,30,1000,0,0,39.932,0
30,stage_arrival,4,S37,0,switch,0,51640,34,0,0,30,203.508,0,0,40.7016,0
30,stage_arrival,0,S00,5,terminal,0,51640,34,0,0,30,1000,0,0,20,0
30,stage_arrival_coalesce,0,S00,5,terminal,0,51640,34,0,0,30,1000,0,0,40.7016,0
30,stage_arrival,56,S36,2,switch,4,51643,35,0,0,30,112.305,0,0,40.7016,0
30,stage_arrival,57,S47,1,switch,50,51652,122,0,0,30,259.289,0,0,40.7016,0
30,stage_arrival,42,S20,2,switch,3,51655,120,0,0,30,251.806,0,0,59.5645,0
30,stage_arrival,61,S46,1,switch,57,51652,122,0,0,30,199.213,0,0,40.7016,0
30,stage_arrival_coalesce,0,S00,5,terminal,0,51642,6,0,0,30,1000,0,0,59.5645,0
30,stage_arrival,50,S38,2,switch,4,51652,122,0,0,30,290.506,0,0,40.7016,0
30,stage_arrival,56,S36,2,switch,4,51640,34,0,0,30,112.305,0,0,40.7016,0
30,stage_arrival,3,S27,0,switch,0,51642,6,0,0,30,119.129,0,0,59.5645,0
30,stage_arrival_coalesce,0,S00,5,terminal,0,51649,12,0,0,30,1000,0,0,39.932,0
30,stage_arrival,37,S32,0,switch,0,51654,104,0,0,30,103.31,0,0,62.5,0
30,stage_arrival_coalesce,0,S00,5,terminal,0,51653,15,0,0,30,1000,0,0,40.7016,0
30,stage_arrival,34,S57,2,switch,14,51648,125,0,0,30,113.541,0,0,62.5,0
30,stage_arrival,29,S13,5,switch,31,51646,57,0,0,30,131.191,0,0,62.5,0
30,stage_arrival_coalesce,0,S00,5,terminal,0,51647,21,0,0,30,1000,0,0,39.932,0
30,stage_arrival_coalesce,0,S00,5,terminal,0,51645,103,0,0,30,1000,0,0,40.7016,0
30,stage_arrival_coalesce,0,S00,5,terminal,0,51650,20,0,0,30,1000,0,0,39.932,0
30,allocate_send_arrival,31,S62,3,switch,5,51646,57,0,0,30,238.676,0,62.5,0,0
30,allocate_send_arrival,5,S63,0,switch,0,51646,57,0,0,30,259.679,0,62.5,9.45874e-14,0
30,allocate_send_arrival,5,S63,0,switch,0,51644,28,0,0,30,259.679,0,62.5,0,0
30,allocate_send_arrival,5,S63,0,switch,0,51648,125,0,0,30,259.679,0,62.5,0,0
30,allocate_send_arrival,42,S20,2,switch,3,51655,120,0,0,30,251.806,0,59.5645,0,0
30,allocate_send_arrival,14,S58,4,switch,5,51644,28,0,0,30,193.819,0,6.90771,0,0
30,allocate_send_arrival,14,S58,4,switch,5,51648,125,0,0,30,193.819,0,62.5,0,0
30,allocate_send_arrival,48,S50,3,switch,10,51641,96,0,0,30,118.54,0,39.932,0,0
30,allocate_send_arrival,10,S61,0,switch,1,51641,96,0,0,30,227.172,25.6638,39.932,0,0
30,allocate_send_arrival,10,S61,0,switch,1,51650,20,0,0,30,227.172,25.6638,39.932,0,0
30,allocate_send_arrival,10,S61,0,switch,1,51647,21,0,0,30,227.172,25.6638,39.932,0,0
30,allocate_send_arrival,29,S13,5,switch,31,51646,57,0,0,30,131.191,0,62.5,0,0
30,allocate_send_arrival,60,S44,0,switch,18,51655,120,0,0,30,203.923,0,59.5645,0,0
30,allocate_send_arrival,54,S31,1,switch,37,51654,104,0,0,30,242.335,0,53.3539,0,0
30,allocate_send_arrival,4,S37,0,switch,0,51652,122,0,0,30,203.508,0,20.7016,20,0
30,enqueue_residual,4,S37,0,switch,0,51652,122,0,0,30,203.508,0,0,20,0
30,allocate_send_arrival,4,S37,0,switch,0,51645,103,0,0,30,203.508,0,20.7016,20,0
30,enqueue_residual,4,S37,0,switch,0,51645,103,0,0,30,203.508,0,0,20,0
30,allocate_send_arrival,4,S37,0,switch,0,51643,35,0,0,30,203.508,0,20.7016,20,0
30,enqueue_residual,4,S37,0,switch,0,51643,35,0,0,30,203.508,0,0,20,0
30,allocate_send_arrival,4,S37,0,switch,0,51653,15,0,0,30,203.508,0,20.7016,20,0
30,enqueue_residual,4,S37,0,switch,0,51653,15,0,0,30,203.508,0,0,20,0
30,allocate_send_arrival,4,S37,0,switch,0,51640,34,0,0,30,203.508,0,20.7016,20,0
30,enqueue_residual,4,S37,0,switch,0,51640,34,0,0,30,203.508,0,0,20,0
30,allocate_send_arrival,37,S32,0,switch,0,51654,104,0,0,30,103.31,0,62.5,0,0
30,allocate_send_arrival,18,S43,0,switch,38,51655,120,0,0,30,157.659,0,59.5645,0,0
30,allocate_send_arrival,57,S47,1,switch,50,51645,103,0,0,30,259.289,0,40.7016,0,0
30,allocate_send_arrival,57,S47,1,switch,50,51653,15,0,0,30,259.289,0,40.7016,0,0
30,allocate_send_arrival,57,S47,1,switch,50,51652,122,0,0,30,259.289,0,40.7016,0,0
30,allocate_send_arrival,1,S01,0,switch,0,51649,12,0,0,30,159.728,0,14.932,25,0
30,enqueue_residual,1,S01,0,switch,0,51649,12,0,0,30,159.728,0,0,25,0
30,allocate_send_arrival,1,S01,0,switch,0,51647,21,0,0,30,159.728,0,14.932,25,0
30,enqueue_residual,1,S01,0,switch,0,51647,21,0,0,30,159.728,0,0,25,0
30,allocate_send_arrival,1,S01,0,switch,0,51641,96,0,0,30,159.728,0,14.932,25,0
30,enqueue_residual,1,S01,0,switch,0,51641,96,0,0,30,159.728,0,0,25,0
30,allocate_send_arrival,1,S01,0,switch,0,51650,20,0,0,30,159.728,0,14.932,25,0
30,enqueue_residual,1,S01,0,switch,0,51650,20,0,0,30,159.728,0,0,25,0
30,allocate_send_arrival,56,S36,2,switch,4,51643,35,0,0,30,112.305,0,40.7016,0,0
30,allocate_send_arrival,56,S36,2,switch,4,51640,34,0,0,30,112.305,0,40.7016,0,0
30,allocate_send_arrival,6,S02,0,switch,1,51649,12,0,0,30,138.732,0,39.932,0,0
30,allocate_send_arrival,50,S38,2,switch,4,51645,103,0,0,30,290.506,0,40.7016,0,0
30,allocate_send_arrival,50,S38,2,switch,4,51653,15,0,0,30,290.506,0,40.7016,2.18279e-14,0
30,allocate_send_arrival,50,S38,2,switch,4,51652,122,0,0,30,290.506,0,40.7016,0,0
30,allocate_send_arrival,51,S48,0,switch,57,51645,103,0,0,30,201.033,0,40.7016,0,0
30,allocate_send_arrival,3,S27,0,switch,0,51655,120,0,0,30,119.129,0,37.4144,22.1501,0
30,enqueue_residual,3,S27,0,switch,0,51655,120,0,0,30,119.129,0,0,22.1501,0
30,allocate_send_arrival,3,S27,0,switch,0,51642,6,0,0,30,119.129,0,37.4144,22.1501,0
30,enqueue_residual,3,S27,0,switch,0,51642,6,0,0,30,119.129,0,0,22.1501,0
30,allocate_send_arrival,17,S35,1,switch,56,51640,34,0,0,30,252.252,0,40.7016,0,0
30,allocate_send_arrival,17,S35,1,switch,56,51643,35,0,0,30,252.252,0,40.7016,0,0
30,allocate_send_arrival,62,S56,1,switch,34,51648,125,0,0,30,238.377,0,7.30474,0,0
30,allocate_send_arrival,7,S45,2,switch,61,51653,15,0,0,30,100.666,0,40.7016,0,0
30,allocate_send_arrival,38,S42,0,switch,42,51655,120,0,0,30,176.64,0,59.5645,0,0
30,allocate_send_arrival,28,S12,1,switch,29,51646,57,0,0,30,167.904,0,4.10854,0,0
30,allocate_send_arrival,61,S46,1,switch,57,51653,15,0,0,30,199.213,0,40.7016,0,0
30,allocate_send_arrival,61,S46,1,switch,57,51652,122,0,0,30,199.213,0,40.7016,0,0
30,allocate_send_arrival,34,S57,2,switch,14,51648,125,0,0,30,113.541,0,62.5,0,0
30,allocate_send_arrival,0,S00,5,terminal,0,51654,104,0,0,30,1000,0,62.5,2.61934e-13,0
30,allocate_send_arrival,0,S00,5,terminal,0,51647,21,0,0,30,1000,0,39.932,0,0
30,allocate_send_arrival,0,S00,5,terminal,0,51644,28,0,0,30,1000,0,62.5,0,0
30,allocate_send_arrival,0,S00,5,terminal,0,51643,35,0,0,30,1000,0,40.7016,0,0
30,allocate_send_arrival,0,S00,5,terminal,0,51655,120,0,0,30,1000,0,59.5645,0,0
30,allocate_send_arrival,0,S00,5,terminal,0,51645,103,0,0,30,1000,0,40.7016,0,0
30,allocate_send_arrival,0,S00,5,terminal,0,51650,20,0,0,30,1000,0,39.932,0,0
30,allocate_send_arrival,0,S00,5,terminal,0,51653,15,0,0,30,1000,0,40.7016,0,0
30,allocate_send_arrival,0,S00,5,terminal,0,51651,87,0,0,30,1000,0,53.3689,0,0
30,allocate_send_arrival,0,S00,5,terminal,0,51652,122,0,0,30,1000,0,40.7016,0,0
30,allocate_send_arrival,0,S00,5,terminal,0,51641,96,0,0,30,1000,0,39.932,0,0
30,allocate_send_arrival,0,S00,5,terminal,0,51642,6,0,0,30,1000,0,59.5645,0,0
30,allocate_send_arrival,0,S00,5,terminal,0,51648,125,0,0,30,1000,0,62.5,0,0
30,allocate_send_arrival,0,S00,5,terminal,0,51646,57,0,0,30,1000,0,62.5,0,0
30,allocate_send_arrival,0,S00,5,terminal,0,51649,12,0,0,30,1000,0,39.932,0,0
30,allocate_send_arrival,0,S00,5,terminal,0,51640,34,0,0,30,1000,0,40.7016,0,0
31,allocate_send_buffered,3,S27,0,switch,0,51655,120,0,0,31,119.129,44.3001,22.1501,0,0
31,allocate_send_buffered,3,S27,0,switch,0,51642,6,0,0,31,119.129,44.3001,22.1501,9.09495e-14,0
31,allocate_send_buffered,1,S01,0,switch,0,51649,12,0,0,31,159.728,100,25,0,0
31,allocate_send_buffered,1,S01,0,switch,0,51647,21,0,0,31,159.728,100,25,0,0
31,allocate_send_buffered,1,S01,0,switch,0,51641,96,0,0,31,159.728,100,25,0,0
31,allocate_send_buffered,1,S01,0,switch,0,51650,20,0,0,31,159.728,100,25,0,0
31,allocate_send_buffered,4,S37,0,switch,0,51652,122,0,0,31,203.508,100,20,0,0
31,allocate_send_buffered,4,S37,0,switch,0,51645,103,0,0,31,203.508,100,20,0,0
31,allocate_send_buffered,4,S37,0,switch,0,51643,35,0,0,31,203.508,100,20,4.36557e-14,0
31,allocate_send_buffered,4,S37,0,switch,0,51653,15,0,0,31,203.508,100,20,0,0
31,allocate_send_buffered,4,S37,0,switch,0,51640,34,0,0,31,203.508,100,20,4.36557e-14,0
31,stage_arrival,0,S00,5,terminal,0,51641,96,0,0,31,1000,0,0,14.932,0
31,stage_arrival,0,S00,5,terminal,0,51644,28,0,0,31,1000,0,0,62.5,0
31,stage_arrival,7,S45,2,switch,61,51653,15,0,0,31,100.666,0,0,40.7016,0
31,stage_arrival,5,S63,0,switch,0,51648,125,0,0,31,259.679,0,0,62.5,0
31,stage_arrival,0,S00,5,terminal,0,51650,20,0,0,31,1000,0,0,25,0
31,stage_arrival,1,S01,0,switch,0,51647,21,0,0,31,159.728,0,0,39.932,0
31,stage_arrival,56,S36,2,switch,4,51640,34,0,0,31,112.305,0,0,40.7016,0
31,stage_arrival,0,S00,5,terminal,0,51647,21,0,0,31,1000,0,0,14.932,0
31,stage_arrival,4,S37,0,switch,0,51643,35,0,0,31,203.508,0,0,40.7016,0
31,stage_arrival,14,S58,4,switch,5,51648,125,0,0,31,193.819,0,0,62.5,0
31,stage_arrival,0,S00,5,terminal,0,51649,12,0,0,31,1000,0,0,14.932,0
31,stage_arrival,5,S63,0,switch,0,51644,28,0,0,31,259.679,0,0,6.90771,0
31,stage_arrival,17,S35,1,switch,56,51640,34,0,0,31,252.252,0,0,40.7016,0
31,stage_arrival,10,S61,0,switch,1,51647,21,0,0,31,227.172,25.6638,0,39.932,0
31,stage_arrival,0,S00,5,terminal,0,51655,120,0,0,31,1000,0,0,22.1501,0
31,stage_arrival,0,S00,5,terminal,0,51643,35,0,0,31,1000,0,0,20.7016,0
31,stage_arrival,0,S00,5,terminal,0,51646,57,0,0,31,1000,0,0,62.5,0
31,stage_arrival,0,S00,5,terminal,0,51648,125,0,0,31,1000,0,0,62.5,0
31,stage_arrival,0,S00,5,terminal,0,51654,104,0,0,31,1000,0,0,62.5,0
31,stage_arrival,5,S63,0,switch,0,51646,57,0,0,31,259.679,0,0,62.5,0
31,stage_arrival_coalesce,0,S00,5,terminal,0,51649,12,0,0,31,1000,0,0,39.932,0
31,stage_arrival,0,S00,5,terminal,0,51653,15,0,0,31,1000,0,0,20,0
31,stage_arrival,4,S37,0,switch,0,51652,122,0,0,31,203.508,0,0,40.7016,0
31,stage_arrival,10,S61,0,switch,1,51650,20,0,0,31,227.172,25.6638,0,39.932,0
31,stage_arrival,29,S13,5,switch,31,51646,57,0,0,31,131.191,0,0,4.10854,0
31,stage_arrival,10,S61,0,switch,1,51641,96,0,0,31,227.172,25.6638,0,39.932,0
31,stage_arrival_coalesce,0,S00,5,terminal,0,51655,120,0,0,31,1000,0,0,59.5645,0
31,stage_arrival,0,S00,5,terminal,0,51645,103,0,0,31,1000,0,0,20,0
31,stage_arrival,31,S62,3,switch,5,51646,57,0,0,31,238.676,0,0,62.5,0
31,stage_arrival,50,S38,2,switch,4,51653,15,0,0,31,290.506,0,0,40.7016,0
31,stage_arrival,3,S27,0,switch,0,51642,6,0,0,31,119.129,0,0,59.5645,0
31,stage_arrival,50,S38,2,switch,4,51645,103,0,0,31,290.506,0,0,40.7016,0
31,stage_arrival,0,S00,5,terminal,0,51652,122,0,0,31,1000,0,0,20,0
31,stage_arrival,18,S43,0,switch,38,51655,120,0,0,31,157.659,0,0,59.5645,0
31,stage_arrival,56,S36,2,switch,4,51643,35,0,0,31,112.305,0,0,40.7016,0
31,stage_arrival_coalesce,0,S00,5,terminal,0,51647,21,0,0,31,1000,0,0,39.932,0
31,stage_arrival,4,S37,0,switch,0,51640,34,0,0,31,203.508,0,0,40.7016,0
31,stage_arrival_coalesce,0,S00,5,terminal,0,51650,20,0,0,31,1000,0,0,39.932,0
31,stage_arrival,3,S27,0,switch,0,51655,120,0,0,31,119.129,0,0,59.5645,0
31,stage_arrival,61,S46,1,switch,57,51652,122,0,0,31,199.213,0,0,40.7016,0
31,stage_arrival,57,S47,1,switch,50,51645,103,0,0,31,259.289,0,0,40.7016,0
31,stage_arrival,4,S37,0,switch,0,51653,15,0,0,31,203.508,0,0,40.7016,0
31,stage_arrival,38,S42,0,switch,42,51655,120,0,0,31,176.64,0,0,59.5645,0
31,stage_arrival,6,S02,0,switch,1,51649,12,0,0,31,138.732,0,0,39.932,0
31,stage_arrival_coalesce,0,S00,5,terminal,0,51643,35,0,0,31,1000,0,0,40.7016,0
31,stage_arrival,50,S38,2,switch,4,51652,122,0,0,31,290.506,0,0,40.7016,0
31,stage_arrival,42,S20,2,switch,3,51655,120,0,0,31,251.806,0,0,59.5645,0
31,stage_arrival,0,S00,5,terminal,0,51642,6,0,0,31,1000,0,0,37.4144,0
31,stage_arrival,17,S35,1,switch,56,51643,35,0,0,31,252.252,0,0,40.7016,0
31,stage_arrival,34,S57,2,switch,14,51648,125,0,0,31,113.541,0,0,7.30474,0
31,stage_arrival,1,S01,0,switch,0,51649,12,0,0,31,159.728,0,0,39.932,0
31,stage_arrival,48,S50,3,switch,10,51641,96,0,0,31,118.54,0,0,39.932,0
31,stage_arrival_coalesce,0,S00,5,terminal,0,51642,6,0,0,31,1000,0,0,59.5645,0
31,stage_arrival,0,S00,5,terminal,0,51640,34,0,0,31,1000,0,0,20,0
31,stage_arrival,37,S32,0,switch,0,51654,104,0,0,31,103.31,0,0,53.3539,0
31,stage_arrival,57,S47,1,switch,50,51653,15,0,0,31,259.289,0,0,40.7016,0
31,stage_arrival,1,S01,0,switch,0,51641,96,0,0,31,159.728,0,0,39.932,0
31,stage_arrival_coalesce,0,S00,5,terminal,0,51652,122,0,0,31,1000,0,0,40.7016,0
31,stage_arrival_coalesce,0,S00,5,terminal,0,51653,15,0,0,31,1000,0,0,40.7016,0
31,stage_arrival,4,S37,0,switch,0,51645,103,0,0,31,203.508,0,0,40.7016,0
31,stage_arrival,61,S46,1,switch,57,51653,15,0,0,31,199.213,0,0,40.7016,0
31,stage_arrival,51,S48,0,switch,57,51645,103,0,0,31,201.033,0,0,40.7016,0
31,stage_arrival_coalesce,0,S00,5,terminal,0,51641,96,0,0,31,1000,0,0,39.932,0
31,stage_arrival,1,S01,0,switch,0,51650,20,0,0,31,159.728,0,0,39.932,0
31,stage_arrival_coalesce,0,S00,5,terminal,0,51645,103,0,0,31,1000,0,0,40.7016,0
31,stage_arrival,57,S47,1,switch,50,51652,122,0,0,31,259.289,0,0,40.7016,0
31,stage_arrival_coalesce,0,S00,5,terminal,0,51640,34,0,0,31,1000,0,0,40.7016,0
31,stage_arrival,60,S44,0,switch,18,51655,120,0,0,31,203.923,0,0,10.2989,0
31,allocate_send_arrival,31,S62,3,switch,5,51646,57,0,0,31,238.676,0,62.5,0,0
31,allocate_send_arrival,60,S44,0,switch,18,51655,120,0,0,31,203.923,0,10.2989,0,0
31,allocate_send_arrival,48,S50,3,switch,10,51641,96,0,0,31,118.54,0,39.932,0,0
31,allocate_send_arrival,38,S42,0,switch,42,51655,120,0,0,31,176.64,0,59.5645,0,0
31,allocate_send_arrival,7,S45,2,switch,61,51653,15,0,0,31,100.666,0,40.7016,0,0
31,allocate_send_arrival,10,S61,0,switch,1,51647,21,0,0,31,227.172,25.6638,39.932,0,0
31,allocate_send_arrival,10,S61,0,switch,1,51650,20,0,0,31,227.172,25.6638,39.932,0,0
31,allocate_send_arrival,10,S61,0,switch,1,51641,96,0,0,31,227.172,25.6638,39.932,0,0
31,allocate_send_arrival,42,S20,2,switch,3,51655,120,0,0,31,251.806,0,59.5645,0,0
31,allocate_send_arrival,1,S01,0,switch,0,51647,21,0,0,31,159.728,0,14.932,25,0
31,enqueue_residual,1,S01,0,switch,0,51647,21,0,0,31,159.728,0,0,25,0
31,allocate_send_arrival,1,S01,0,switch,0,51649,12,0,0,31,159.728,0,14.932,25,0
31,enqueue_residual,1,S01,0,switch,0,51649,12,0,0,31,159.728,0,0,25,0
31,allocate_send_arrival,1,S01,0,switch,0,51641,96,0,0,31,159.728,0,14.932,25,0
31,enqueue_residual,1,S01,0,switch,0,51641,96,0,0,31,159.728,0,0,25,0
31,allocate_send_arrival,1,S01,0,switch,0,51650,20,0,0,31,159.728,0,14.932,25,0
31,enqueue_residual,1,S01,0,switch,0,51650,20,0,0,31,159.728,0,0,25,0
31,allocate_send_arrival,17,S35,1,switch,56,51640,34,0,0,31,252.252,0,40.7016,0,0
31,allocate_send_arrival,17,S35,1,switch,56,51643,35,0,0,31,252.252,0,40.7016,0,0
31,allocate_send_arrival,50,S38,2,switch,4,51653,15,0,0,31,290.506,0,40.7016,0,0
31,allocate_send_arrival,50,S38,2,switch,4,51645,103,0,0,31,290.506,0,40.7016,0,0
31,allocate_send_arrival,50,S38,2,switch,4,51652,122,0,0,31,290.506,0,40.7016,0,0
31,allocate_send_arrival,61,S46,1,switch,57,51652,122,0,0,31,199.213,0,40.7016,0,0
31,allocate_send_arrival,61,S46,1,switch,57,51653,15,0,0,31,199.213,0,40.7016,0,0
31,allocate_send_arrival,5,S63,0,switch,0,51648,125,0,0,31,259.679,0,62.5,0,0
31,allocate_send_arrival,5,S63,0,switch,0,51644,28,0,0,31,259.679,0,6.90771,0,0
31,allocate_send_arrival,5,S63,0,switch,0,51646,57,0,0,31,259.679,0,62.5,0,0
31,allocate_send_arrival,56,S36,2,switch,4,51640,34,0,0,31,112.305,0,40.7016,0,0
31,allocate_send_arrival,56,S36,2,switch,4,51643,35,0,0,31,112.305,0,40.7016,0,0
31,allocate_send_arrival,3,S27,0,switch,0,51642,6,0,0,31,119.129,0,37.4144,22.1501,0
31,enqueue_residual,3,S27,0,switch,0,51642,6,0,0,31,119.129,0,0,22.1501,0
31,allocate_send_arrival,3,S27,0,switch,0,51655,120,0,0,31,119.129,0,37.4144,22.1501,0
31,enqueue_residual,3,S27,0,switch,0,51655,120,0,0,31,119.129,0,0,22.1501,0
31,allocate_send_arrival,6,S02,0,switch,1,51649,12,0,0,31,138.732,0,39.932,0,0
31,allocate_send_arrival,57,S47,1,switch,50,51645,103,0,0,31,259.289,0,40.7016,0,0
31,allocate_send_arrival,57,S47,1,switch,50,51653,15,0,0,31,259.289,0,40.7016,0,0
31,allocate_send_arrival,57,S47,1,switch,50,51652,122,0,0,31,259.289,0,40.7016,0,0
31,allocate_send_arrival,34,S57,2,switch,14,51648,125,0,0,31,113.541,0,7.30474,0,0
31,allocate_send_arrival,51,S48,0,switch,57,51645,103,0,0,31,201.033,0,40.7016,0,0
31,allocate_send_arrival,29,S13,5,switch,31,51646,57,0,0,31,131.191,0,4.10854,0,0
31,allocate_send_arrival,37,S32,0,switch,0,51654,104,0,0,31,103.31,0,53.3539,0,0
31,allocate_send_arrival,18,S43,0,switch,38,51655,120,0,0,31,157.659,0,59.5645,0,0
31,allocate_send_arrival,0,S00,5,terminal,0,51641,96,0,0,31,1000,0,39.932,0,0
31,allocate_send_arrival,0,S00,5,terminal,0,51644,28,0,0,31,1000,0,62.5,0,0
31,allocate_send_arrival,0,S00,5,terminal,0,51650,20,0,0,31,1000,0,39.932,0,0
31,allocate_send_arrival,0,S00,5,terminal,0,51647,21,0,0,31,1000,0,39.932,0,0
31,allocate_send_arrival,0,S00,5,terminal,0,51649,12,0,0,31,1000,0,39.932,0,0
31,allocate_send_arrival,0,S00,5,terminal,0,51655,120,0,0,31,1000,0,59.5645,0,0
31,allocate_send_arrival,0,S00,5,terminal,0,51643,35,0,0,31,1000,0,40.7016,0,0
31,allocate_send_arrival,0,S00,5,terminal,0,51646,57,0,0,31,1000,0,62.5,6.54836e-14,0
31,allocate_send_arrival,0,S00,5,terminal,0,51648,125,0,0,31,1000,0,62.5,6.54836e-14,0
31,allocate_send_arrival,0,S00,5,terminal,0,51654,104,0,0,31,1000,0,62.5,0,0
31,allocate_send_arrival,0,S00,5,terminal,0,51653,15,0,0,31,1000,0,40.7016,0,0
31,allocate_send_arrival,0,S00,5,terminal,0,51645,103,0,0,31,1000,0,40.7016,0,0
31,allocate_send_arrival,0,S00,5,terminal,0,51652,122,0,0,31,1000,0,40.7016,0,0
31,allocate_send_arrival,0,S00,5,terminal,0,51642,6,0,0,31,1000,0,59.5645,0,0
31,allocate_send_arrival,0,S00,5,terminal,0,51640,34,0,0,31,1000,0,40.7016,0,0
31,allocate_send_arrival,4,S37,0,switch,0,51643,35,0,0,31,203.508,0,20.7016,20,0
31,enqueue_residual,4,S37,0,switch,0,51643,35,0,0,31,203.508,0,0,20,0
31,allocate_send_arrival,4,S37,0,switch,0,51652,122,0,0,31,203.508,0,20.7016,20,0
31,enqueue_residual,4,S37,0,switch,0,51652,122,0,0,31,203.508,0,0,20,0
31,allocate_send_arrival,4,S37,0,switch,0,51640,34,0,0,31,203.508,0,20.7016,20,0
31,enqueue_residual,4,S37,0,switch,0,51640,34,0,0,31,203.508,0,0,20,0
31,allocate_send_arrival,4,S37,0,switch,0,51653,15,0,0,31,203.508,0,20.7016,20,0
31,enqueue_residual,4,S37,0,switch,0,51653,15,0,0,31,203.508,0,0,20,0
31,allocate_send_arrival,4,S37,0,switch,0,51645,103,0,0,31,203.508,0,20.7016,20,0
31,enqueue_residual,4,S37,0,switch,0,51645,103,0,0,31,203.508,0,0,20,0
31,allocate_send_arrival,14,S58,4,switch,5,51648,125,0,0,31,193.819,0,62.5,0,0
32,allocate_send_buffered,3,S27,0,switch,0,51642,6,0,0,32,119.129,44.3001,22.1501,0,0
32,allocate_send_buffered,3,S27,0,switch,0,51655,120,0,0,32,119.129,44.3001,22.1501,8.73115e-14,0
32,allocate_send_buffered,4,S37,0,switch,0,51643,35,0,0,32,203.508,100,20,0,0
32,allocate_send_buffered,4,S37,0,switch,0,51652,122,0,0,32,203.508,100,20,0,0
32,allocate_send_buffered,4,S37,0,switch,0,51640,34,0,0,32,203.508,100,20,0,0
32,allocate_send_buffered,4,S37,0,switch,0,51653,15,0,0,32,203.508,100,20,7.27596e-15,0
32,allocate_send_buffered,4,S37,0,switch,0,51645,103,0,0,32,203.508,100,20,0,0
32,allocate_send_buffered,1,S01,0,switch,0,51647,21,0,0,32,159.728,100,25,0,0
32,allocate_send_buffered,1,S01,0,switch,0,51649,12,0,0,32,159.728,100,25,0,0
32,allocate_send_buffered,1,S01,0,switch,0,51641,96,0,0,32,159.728,100,25,0,0
32,allocate_send_buffered,1,S01,0,switch,0,51650,20,0,0,32,159.728,100,25,0,0
32,stage_arrival,48,S50,3,switch,10,51641,96,0,0,32,118.54,0,0,39.932,0
32,stage_arrival,0,S00,5,terminal,0,51653,15,0,0,32,1000,0,0,20.7016,0
32,stage_arrival,0,S00,5,terminal,0,51644,28,0,0,32,1000,0,0,6.90771,0
32,stage_arrival,0,S00,5,terminal,0,51652,122,0,0,32,1000,0,0,20.7016,0
32,stage_arrival,0,S00,5,terminal,0,51640,34,0,0,32,1000,0,0,20,0
32,stage_arrival,38,S42,0,switch,42,51655,120,0,0,32,176.64,0,0,59.5645,0
32,stage_arrival,0,S00,5,terminal,0,51655,120,0,0,32,1000,0,0,37.4144,0
32,stage_arrival,0,S00,5,terminal,0,51650,20,0,0,32,1000,0,0,25,0
32,stage_arrival,0,S00,5,terminal,0,51641,96,0,0,32,1000,0,0,14.932,0
32,stage_arrival,4,S37,0,switch,0,51640,34,0,0,32,203.508,0,0,40.7016,0
32,stage_arrival,14,S58,4,switch,5,51648,125,0,0,32,193.819,0,0,7.30474,0
32,stage_arrival,50,S38,2,switch,4,51645,103,0,0,32,290.506,0,0,40.7016,0
32,stage_arrival,0,S00,5,terminal,0,51643,35,0,0,32,1000,0,0,20.7016,0
32,stage_arrival,42,S20,2,switch,3,51655,120,0,0,32,251.806,0,0,59.5645,0
32,stage_arrival,0,S00,5,terminal,0,51642,6,0,0,32,1000,0,0,22.1501,0
32,stage_arrival,0,S00,5,terminal,0,51648,125,0,0,32,1000,0,0,62.5,0
32,stage_arrival,0,S00,5,terminal,0,51645,103,0,0,32,1000,0,0,20.7016,0
32,stage_arrival,56,S36,2,switch,4,51643,35,0,0,32,112.305,0,0,40.7016,0
32,stage_arrival,18,S43,0,switch,38,51655,120,0,0,32,157.659,0,0,10.2989,0
32,stage_arrival,6,S02,0,switch,1,51649,12,0,0,32,138.732,0,0,39.932,0
32,stage_arrival,5,S63,0,switch,0,51646,57,0,0,32,259.679,0,0,62.5,0
32,stage_arrival,57,S47,1,switch,50,51653,15,0,0,32,259.289,0,0,40.7016,0
32,stage_arrival,5,S63,0,switch,0,51648,125,0,0,32,259.679,0,0,62.5,0
32,stage_arrival,0,S00,5,terminal,0,51646,57,0,0,32,1000,0,0,62.5,0
32,stage_arrival,0,S00,5,terminal,0,51649,12,0,0,32,1000,0,0,14.932,0
32,stage_arrival,10,S61,0,switch,1,51641,96,0,0,32,227.172,25.6638,0,39.932,0
32,stage_arrival,17,S35,1,switch,56,51643,35,0,0,32,252.252,0,0,40.7016,0
32,stage_arrival,0,S00,5,terminal,0,51647,21,0,0,32,1000,0,0,25,0
32,stage_arrival,4,S37,0,switch,0,51653,15,0,0,32,203.508,0,0,40.7016,0
32,stage_arrival,17,S35,1,switch,56,51640,34,0,0,32,252.252,0,0,40.7016,0
32,stage_arrival,4,S37,0,switch,0,51643,35,0,0,32,203.508,0,0,40.7016,0
32,stage_arrival,56,S36,2,switch,4,51640,34,0,0,32,112.305,0,0,40.7016,0
32,stage_arrival_coalesce,0,S00,5,terminal,0,51641,96,0,0,32,1000,0,0,39.932,0
32,stage_arrival,31,S62,3,switch,5,51646,57,0,0,32,238.676,0,0,4.10854,0
32,stage_arrival,1,S01,0,switch,0,51649,12,0,0,32,159.728,0,0,39.932,0
32,stage_arrival,3,S27,0,switch,0,51642,6,0,0,32,119.129,0,0,59.5645,0
32,stage_arrival,51,S48,0,switch,57,51645,103,0,0,32,201.033,0,0,40.7016,0
32,stage_arrival_coalesce,0,S00,5,terminal,0,51655,120,0,0,32,1000,0,0,59.5645,0
32,stage_arrival,0,S00,5,terminal,0,51654,104,0,0,32,1000,0,0,53.3539,0
32,stage_arrival,4,S37,0,switch,0,51645,103,0,0,32,203.508,0,0,40.7016,0
32,stage_arrival,7,S45,2,switch,61,51653,15,0,0,32,100.666,0,0,40.7016,0
32,stage_arrival_coalesce,0,S00,5,terminal,0,51643,35,0,0,32,1000,0,0,40.7016,0
32,stage_arrival_coalesce,0,S00,5,terminal,0,51642,6,0,0,32,1000,0,0,59.5645,0
32,stage_arrival,10,S61,0,switch,1,51650,20,0,0,32,227.172,25.6638,0,39.932,0
32,stage_arrival,3,S27,0,switch,0,51655,120,0,0,32,119.129,0,0,59.5645,0
32,stage_arrival,57,S47,1,switch,50,51645,103,0,0,32,259.289,0,0,40.7016,0
32,stage_arrival,1,S01,0,switch,0,51641,96,0,0,32,159.728,0,0,39.932,0
32,stage_arrival,1,S01,0,switch,0,51650,20,0,0,32,159.728,0,0,39.932,0
32,stage_arrival,50,S38,2,switch,4,51653,15,0,0,32,290.506,0,0,40.7016,0
32,stage_arrival,57,S47,1,switch,50,51652,122,0,0,32,259.289,0,0,40.7016,0
32,stage_arrival_coalesce,0,S00,5,terminal,0,51647,21,0,0,32,1000,0,0,39.932,0
32,stage_arrival_coalesce,0,S00,5,terminal,0,51649,12,0,0,32,1000,0,0,39.932,0
32,stage_arrival_coalesce,0,S00,5,terminal,0,51650,20,0,0,32,1000,0,0,39.932,0
32,stage_arrival,4,S37,0,switch,0,51652,122,0,0,32,203.508,0,0,40.7016,0
32,stage_arrival_coalesce,0,S00,5,terminal,0,51640,34,0,0,32,1000,0,0,40.7016,0
32,stage_arrival_coalesce,0,S00,5,terminal,0,51645,103,0,0,32,1000,0,0,40.7016,0
32,stage_arrival,10,S61,0,switch,1,51647,21,0,0,32,227.172,25.6638,0,39.932,0
32,stage_arrival_coalesce,0,S00,5,terminal,0,51653,15,0,0,32,1000,0,0,40.7016,0
32,stage_arrival,50,S38,2,switch,4,51652,122,0,0,32,290.506,0,0,40.7016,0
32,stage_arrival,61,S46,1,switch,57,51653,15,0,0,32,199.213,0,0,40.7016,0
32,stage_arrival,1,S01,0,switch,0,51647,21,0,0,32,159.728,0,0,39.932,0
32,stage_arrival,61,S46,1,switch,57,51652,122,0,0,32,199.213,0,0,40.7016,0
32,stage_arrival_coalesce,0,S00,5,terminal,0,51652,122,0,0,32,1000,0,0,40.7016,0
32,allocate_send_arrival,0,S00,5,terminal,0,51653,15,0,0,32,1000,0,40.7016,0,0
32,allocate_send_arrival,0,S00,5,terminal,0,51644,28,0,0,32,1000,0,6.90771,0,0
32,allocate_send_arrival,0,S00,5,terminal,0,51652,122,0,0,32,1000,0,40.7016,0,0
32,allocate_send_arrival,0,S00,5,terminal,0,51640,34,0,0,32,1000,0,40.7016,0,0
32,allocate_send_arrival,0,S00,5,terminal,0,51655,120,0,0,32,1000,0,59.5645,0,0
32,allocate_send_arrival,0,S00,5,terminal,0,51650,20,0,0,32,1000,0,39.932,0,0
32,allocate_send_arrival,0,S00,5,terminal,0,51641,96,0,0,32,1000,0,39.932,0,0
32,allocate_send_arrival,0,S00,5,terminal,0,51643,35,0,0,32,1000,0,40.7016,0,0
32,allocate_send_arrival,0,S00,5,terminal,0,51642,6,0,0,32,1000,0,59.5645,0,0
32,allocate_send_arrival,0,S00,5,terminal,0,51648,125,0,0,32,1000,0,62.5,0,0
32,allocate_send_arrival,0,S00,5,terminal,0,51645,103,0,0,32,1000,0,40.7016,0,0
32,allocate_send_arrival,0,S00,5,terminal,0,51646,57,0,0,32,1000,0,62.5,0,0
32,allocate_send_arrival,0,S00,5,terminal,0,51649,12,0,0,32,1000,0,39.932,0,0
32,allocate_send_arrival,0,S00,5,terminal,0,51647,21,0,0,32,1000,0,39.932,0,0
32,allocate_send_arrival,0,S00,5,terminal,0,51654,104,0,0,32,1000,0,53.3539,0,0
32,allocate_send_arrival,61,S46,1,switch,57,51653,15,0,0,32,199.213,0,40.7016,0,0
32,allocate_send_arrival,61,S46,1,switch,57,51652,122,0,0,32,199.213,0,40.7016,0,0
32,allocate_send_arrival,56,S36,2,switch,4,51643,35,0,0,32,112.305,0,40.7016,0,0
32,allocate_send_arrival,56,S36,2,switch,4,51640,34,0,0,32,112.305,0,40.7016,0,0
32,allocate_send_arrival,57,S47,1,switch,50,51653,15,0,0,32,259.289,0,40.7016,0,0
32,allocate_send_arrival,57,S47,1,switch,50,51645,103,0,0,32,259.289,0,40.7016,0,0
32,allocate_send_arrival,57,S47,1,switch,50,51652,122,0,0,32,259.289,0,40.7016,0,0
32,allocate_send_arrival,3,S27,0,switch,0,51642,6,0,0,32,119.129,0,37.4144,22.1501,0
32,enqueue_residual,3,S27,0,switch,0,51642,6,0,0,32,119.129,0,0,22.1501,0
32,allocate_send_arrival,3,S27,0,switch,0,51655,120,0,0,32,119.129,0,37.4144,22.1501,0
32,enqueue_residual,3,S27,0,switch,0,51655,120,0,0,32,119.129,0,0,22.1501,0
32,allocate_send_arrival,14,S58,4,switch,5,51648,125,0,0,32,193.819,0,7.30474,0,0
32,allocate_send_arrival,50,S38,2,switch,4,51645,103,0,0,32,290.506,0,40.7016,0,0
32,allocate_send_arrival,50,S38,2,switch,4,51653,15,0,0,32,290.506,0,40.7016,0,0
32,allocate_send_arrival,50,S38,2,switch,4,51652,122,0,0,32,290.506,0,40.7016,0,0
32,allocate_send_arrival,38,S42,0,switch,42,51655,120,0,0,32,176.64,0,59.5645,0,0
32,allocate_send_arrival,51,S48,0,switch,57,51645,103,0,0,32,201.033,0,40.7016,0,0
32,allocate_send_arrival,31,S62,3,switch,5,51646,57,0,0,32,238.676,0,4.10854,0,0
32,allocate_send_arrival,48,S50,3,switch,10,51641,96,0,0,32,118.54,0,39.932,0,0
32,allocate_send_arrival,7,S45,2,switch,61,51653,15,0,0,32,100.666,0,40.7016,0,0
32,allocate_send_arrival,4,S37,0,switch,0,51640,34,0,0,32,203.508,0,20.7016,20,0
32,enqueue_residual,4,S37,0,switch,0,51640,34,0,0,32,203.508,0,0,20,0
32,allocate_send_arrival,4,S37,0,switch,0,51653,15,0,0,32,203.508,0,20.7016,20,0
32,enqueue_residual,4,S37,0,switch,0,51653,15,0,0,32,203.508,0,0,20,0
32,allocate_send_arrival,4,S37,0,switch,0,51643,35,0,0,32,203.508,0,20.7016,20,0
32,enqueue_residual,4,S37,0,switch,0,51643,35,0,0,32,203.508,0,0,20,0
32,allocate_send_arrival,4,S37,0,switch,0,51645,103,0,0,32,203.508,0,20.7016,20,0
32,enqueue_residual,4,S37,0,switch,0,51645,103,0,0,32,203.508,0,0,20,0
32,allocate_send_arrival,4,S37,0,switch,0,51652,122,0,0,32,203.508,0,20.7016,20,0
32,enqueue_residual,4,S37,0,switch,0,51652,122,0,0,32,203.508,0,0,20,0
32,allocate_send_arrival,18,S43,0,switch,38,51655,120,0,0,32,157.659,0,10.2989,0,0
32,allocate_send_arrival,5,S63,0,switch,0,51646,57,0,0,32,259.679,0,62.5,0,0
32,allocate_send_arrival,5,S63,0,switch,0,51648,125,0,0,32,259.679,0,62.5,0,0
32,allocate_send_arrival,10,S61,0,switch,1,51641,96,0,0,32,227.172,25.6638,39.932,0,0
32,allocate_send_arrival,10,S61,0,switch,1,51650,20,0,0,32,227.172,25.6638,39.932,0,0
32,allocate_send_arrival,10,S61,0,switch,1,51647,21,0,0,32,227.172,25.6638,39.932,0,0
32,allocate_send_arrival,1,S01,0,switch,0,51649,12,0,0,32,159.728,0,14.932,25,0
32,enqueue_residual,1,S01,0,switch,0,51649,12,0,0,32,159.728,0,0,25,0
32,allocate_send_arrival,1,S01,0,switch,0,51641,96,0,0,32,159.728,0,14.932,25,0
32,enqueue_residual,1,S01,0,switch,0,51641,96,0,0,32,159.728,0,0,25,0
32,allocate_send_arrival,1,S01,0,switch,0,51650,20,0,0,32,159.728,0,14.932,25,0
32,enqueue_residual,1,S01,0,switch,0,51650,20,0,0,32,159.728,0,0,25,0
32,allocate_send_arrival,1,S01,0,switch,0,51647,21,0,0,32,159.728,0,14.932,25,0
32,enqueue_residual,1,S01,0,switch,0,51647,21,0,0,32,159.728,0,0,25,0
32,allocate_send_arrival,17,S35,1,switch,56,51643,35,0,0,32,252.252,0,40.7016,0,0
32,allocate_send_arrival,17,S35,1,switch,56,51640,34,0,0,32,252.252,0,40.7016,0,0
32,allocate_send_arrival,6,S02,0,switch,1,51649,12,0,0,32,138.732,0,39.932,0,0
32,allocate_send_arrival,42,S20,2,switch,3,51655,120,0,0,32,251.806,0,59.5645,0,0
33,allocate_send_buffered,3,S27,0,switch,0,51642,6,0,0,33,119.129,44.3001,22.1501,0,0
33,allocate_send_buffered,3,S27,0,switch,0,51655,120,0,0,33,119.129,44.3001,22.1501,0,0
33,allocate_send_buffered,4,S37,0,switch,0,51640,34,0,0,33,203.508,100,20,0,0
33,allocate_send_buffered,4,S37,0,switch,0,51653,15,0,0,33,203.508,100,20,0,0
33,allocate_send_buffered,4,S37,0,switch,0,51643,35,0,0,33,203.508,100,20,0,0
33,allocate_send_buffered,4,S37,0,switch,0,51645,103,0,0,33,203.508,100,20,0,0
33,allocate_send_buffered,4,S37,0,switch,0,51652,122,0,0,33,203.508,100,20,0,0
33,allocate_send_buffered,1,S01,0,switch,0,51649,12,0,0,33,159.728,100,25,0,0
33,allocate_send_buffered,1,S01,0,switch,0,51641,96,0,0,33,159.728,100,25,0,0
33,allocate_send_buffered,1,S01,0,switch,0,51650,20,0,0,33,159.728,100,25,0,0
33,allocate_send_buffered,1,S01,0,switch,0,51647,21,0,0,33,159.728,100,25,0,0
33,stage_arrival,0,S00,5,terminal,0,51643,35,0,0,33,1000,0,0,20.7016,0
33,stage_arrival,50,S38,2,switch,4,51645,103,0,0,33,290.506,0,0,40.7016,0
33,stage_arrival,56,S36,2,switch,4,51643,35,0,0,33,112.305,0,0,40.7016,0
33,stage_arrival,0,S00,5,terminal,0,51646,57,0,0,33,1000,0,0,62.5,0
33,stage_arrival,10,S61,0,switch,1,51650,20,0,0,33,227.172,25.6638,0,39.932,0
33,stage_arrival,48,S50,3,switch,10,51641,96,0,0,33,118.54,0,0,39.932,0
33,stage_arrival,7,S45,2,switch,61,51653,15,0,0,33,100.666,0,0,40.7016,0
33,stage_arrival,0,S00,5,terminal,0,51641,96,0,0,33,1000,0,0,14.932,0
33,stage_arrival,42,S20,2,switch,3,51655,120,0,0,33,251.806,0,0,59.5645,0
33,stage_arrival,0,S00,5,terminal,0,51652,122,0,0,33,1000,0,0,20,0
33,stage_arrival,0,S00,5,terminal,0,51642,6,0,0,33,1000,0,0,22.1501,0
33,stage_arrival_coalesce,0,S00,5,terminal,0,51642,6,0,0,33,1000,0,0,59.5645,0
33,stage_arrival,57,S47,1,switch,50,51653,15,0,0,33,259.289,0,0,40.7016,0
33,stage_arrival,0,S00,5,terminal,0,51653,15,0,0,33,1000,0,0,20,0
33,stage_arrival,1,S01,0,switch,0,51647,21,0,0,33,159.728,0,0,39.932,0
33,stage_arrival,61,S46,1,switch,57,51652,122,0,0,33,199.213,0,0,40.7016,0
33,stage_arrival,0,S00,5,terminal,0,51655,120,0,0,33,1000,0,0,37.4144,0
33,stage_arrival,1,S01,0,switch,0,51649,12,0,0,33,159.728,0,0,39.932,0
33,stage_arrival,5,S63,0,switch,0,51648,125,0,0,33,259.679,0,0,7.30474,0
33,stage_arrival,3,S27,0,switch,0,51655,120,0,0,33,119.129,0,0,59.5645,0
33,stage_arrival,10,S61,0,switch,1,51641,96,0,0,33,227.172,25.6638,0,39.932,0
33,stage_arrival,4,S37,0,switch,0,51652,122,0,0,33,203.508,0,0,40.7016,0
33,stage_arrival,0,S00,5,terminal,0,51650,20,0,0,33,1000,0,0,14.932,0
33,stage_arrival,38,S42,0,switch,42,51655,120,0,0,33,176.64,0,0,10.2989,0
33,stage_arrival,5,S63,0,switch,0,51646,57,0,0,33,259.679,0,0,4.10854,0
33,stage_arrival,0,S00,5,terminal,0,51645,103,0,0,33,1000,0,0,20.7016,0
33,stage_arrival,0,S00,5,terminal,0,51640,34,0,0,33,1000,0,0,20.7016,0
33,stage_arrival,57,S47,1,switch,50,51652,122,0,0,33,259.289,0,0,40.7016,0
33,stage_arrival,61,S46,1,switch,57,51653,15,0,0,33,199.213,0,0,40.7016,0
33,stage_arrival,50,S38,2,switch,4,51653,15,0,0,33,290.506,0,0,40.7016,0
33,stage_arrival_coalesce,0,S00,5,terminal,0,51652,122,0,0,33,1000,0,0,40.7016,0
33,stage_arrival,0,S00,5,terminal,0,51649,12,0,0,33,1000,0,0,14.932,0
33,stage_arrival_coalesce,0,S00,5,terminal,0,51655,120,0,0,33,1000,0,0,59.5645,0
33,stage_arrival,0,S00,5,terminal,0,51647,21,0,0,33,1000,0,0,25,0
33,stage_arrival,10,S61,0,switch,1,51647,21,0,0,33,227.172,25.6638,0,39.932,0
33,stage_arrival,50,S38,2,switch,4,51652,122,0,0,33,290.506,0,0,40.7016,0
33,stage_arrival,17,S35,1,switch,56,51640,34,0,0,33,252.252,0,0,40.7016,0
33,stage_arrival_coalesce,0,S00,5,terminal,0,51649,12,0,0,33,1000,0,0,39.932,0
33,stage_arrival,4,S37,0,switch,0,51640,34,0,0,33,203.508,0,0,40.7016,0
33,stage_arrival,4,S37,0,switch,0,51653,15,0,0,33,203.508,0,0,40.7016,0
33,stage_arrival,3,S27,0,switch,0,51642,6,0,0,33,119.129,0,0,4.12514,0
33,stage_arrival_coalesce,0,S00,5,terminal,0,51647,21,0,0,33,1000,0,0,39.932,0
33,stage_arrival,51,S48,0,switch,57,51645,103,0,0,33,201.033,0,0,40.7016,0
33,stage_arrival,4,S37,0,switch,0,51643,35,0,0,33,203.508,0,0,40.7016,0
33,stage_arrival,1,S01,0,switch,0,51641,96,0,0,33,159.728,0,0,39.932,0
33,stage_arrival_coalesce,0,S00,5,terminal,0,51645,103,0,0,33,1000,0,0,40.7016,0
33,stage_arrival,57,S47,1,switch,50,51645,103,0,0,33,259.289,0,0,40.7016,0
33,stage_arrival_coalesce,0,S00,5,terminal,0,51640,34,0,0,33,1000,0,0,40.7016,0
33,stage_arrival_coalesce,0,S00,5,terminal,0,51641,96,0,0,33,1000,0,0,39.932,0
33,stage_arrival_coalesce,0,S00,5,terminal,0,51653,15,0,0,33,1000,0,0,40.7016,0
33,stage_arrival,0,S00,5,terminal,0,51648,125,0,0,33,1000,0,0,62.5,0
33,stage_arrival,6,S02,0,switch,1,51649,12,0,0,33,138.732,0,0,39.932,0
33,stage_arrival,56,S36,2,switch,4,51640,34,0,0,33,112.305,0,0,40.7016,0
33,stage_arrival_coalesce,0,S00,5,terminal,0,51650,20,0,0,33,1000,0,0,39.932,0
33,stage_arrival,17,S35,1,switch,56,51643,35,0,0,33,252.252,0,0,40.7016,0
33,stage_arrival_coalesce,0,S00,5,terminal,0,51643,35,0,0,33,1000,0,0,40.7016,0
33,stage_arrival,1,S01,0,switch,0,51650,20,0,0,33,159.728,0,0,39.932,0
33,stage_arrival,4,S37,0,switch,0,51645,103,0,0,33,203.508,0,0,40.7016,0
33,allocate_send_arrival,17,S35,1,switch,56,51640,34,0,0,33,252.252,0,40.7016,0,0
33,allocate_send_arrival,17,S35,1,switch,56,51643,35,0,0,33,252.252,0,40.7016,0,0
33,allocate_send_arrival,50,S38,2,switch,4,51645,103,0,0,33,290.506,0,40.7016,0,0
33,allocate_send_arrival,50,S38,2,switch,4,51653,15,0,0,33,290.506,0,40.7016,0,0
33,allocate_send_arrival,50,S38,2,switch,4,51652,122,0,0,33,290.506,0,40.7016,0,0
33,allocate_send_arrival,56,S36,2,switch,4,51643,35,0,0,33,112.305,0,40.7016,0,0
33,allocate_send_arrival,56,S36,2,switch,4,51640,34,0,0,33,112.305,0,40.7016,0,0
33,allocate_send_arrival,42,S20,2,switch,3,51655,120,0,0,33,251.806,0,59.5645,0,0
33,allocate_send_arrival,61,S46,1,switch,57,51652,122,0,0,33,199.213,0,40.7016,0,0
33,allocate_send_arrival,61,S46,1,switch,57,51653,15,0,0,33,199.213,0,40.7016,0,0
33,allocate_send_arrival,6,S02,0,switch,1,51649,12,0,0,33,138.732,0,39.932,0,0
33,allocate_send_arrival,48,S50,3,switch,10,51641,96,0,0,33,118.54,0,39.932,0,0
33,allocate_send_arrival,4,S37,0,switch,0,51652,122,0,0,33,203.508,0,20.7016,20,0
33,enqueue_residual,4,S37,0,switch,0,51652,122,0,0,33,203.508,0,0,20,0
33,allocate_send_arrival,4,S37,0,switch,0,51640,34,0,0,33,203.508,0,20.7016,20,0
33,enqueue_residual,4,S37,0,switch,0,51640,34,0,0,33,203.508,0,0,20,0
33,allocate_send_arrival,4,S37,0,switch,0,51653,15,0,0,33,203.508,0,20.7016,20,0
33,enqueue_residual,4,S37,0,switch,0,51653,15,0,0,33,203.508,0,0,20,0
33,allocate_send_arrival,4,S37,0,switch,0,51643,35,0,0,33,203.508,0,20.7016,20,0
33,enqueue_residual,4,S37,0,switch,0,51643,35,0,0,33,203.508,0,0,20,0
33,allocate_send_arrival,4,S37,0,switch,0,51645,103,0,0,33,203.508,0,20.7016,20,0
33,enqueue_residual,4,S37,0,switch,0,51645,103,0,0,33,203.508,0,0,20,0
33,allocate_send_arrival,7,S45,2,switch,61,51653,15,0,0,33,100.666,0,40.7016,0,0
33,allocate_send_arrival,57,S47,1,switch,50,51653,15,0,0,33,259.289,0,40.7016,0,0
33,allocate_send_arrival,57,S47,1,switch,50,51652,122,0,0,33,259.289,0,40.7016,0,0
33,allocate_send_arrival,57,S47,1,switch,50,51645,103,0,0,33,259.289,0,40.7016,0,0
33,allocate_send_arrival,10,S61,0,switch,1,51650,20,0,0,33,227.172,25.6638,39.932,0,0
33,allocate_send_arrival,10,S61,0,switch,1,51641,96,0,0,33,227.172,25.6638,39.932,0,0
33,allocate_send_arrival,10,S61,0,switch,1,51647,21,0,0,33,227.172,25.6638,39.932,0,0
33,allocate_send_arrival,51,S48,0,switch,57,51645,103,0,0,33,201.033,0,40.7016,0,0
33,allocate_send_arrival,3,S27,0,switch,0,51655,120,0,0,33,119.129,0,59.5645,0,0
33,allocate_send_arrival,3,S27,0,switch,0,51642,6,0,0,33,119.129,0,4.12514,0,0
33,allocate_send_arrival,1,S01,0,switch,0,51647,21,0,0,33,159.728,0,14.932,25,0
33,enqueue_residual,1,S01,0,switch,0,51647,21,0,0,33,159.728,0,0,25,0
33,allocate_send_arrival,1,S01,0,switch,0,51649,12,0,0,33,159.728,0,14.932,25,0
33,enqueue_residual,1,S01,0,switch,0,51649,12,0,0,33,159.728,0,0,25,0
33,allocate_send_arrival,1,S01,0,switch,0,51641,96,0,0,33,159.728,0,14.932,25,0
33,enqueue_residual,1,S01,0,switch,0,51641,96,0,0,33,159.728,0,0,25,0
33,allocate_send_arrival,1,S01,0,switch,0,51650,20,0,0,33,159.728,0,14.932,25,0
33,enqueue_residual,1,S01,0,switch,0,51650,20,0,0,33,159.728,0,0,25,0
33,allocate_send_arrival,5,S63,0,switch,0,51648,125,0,0,33,259.679,0,7.30474,0,0
33,allocate_send_arrival,5,S63,0,switch,0,51646,57,0,0,33,259.679,0,4.10854,0,0
33,allocate_send_arrival,0,S00,5,terminal,0,51643,35,0,0,33,1000,0,40.7016,0,0
33,allocate_send_arrival,0,S00,5,terminal,0,51646,57,0,0,33,1000,0,62.5,1.45519e-14,0
33,allocate_send_arrival,0,S00,5,terminal,0,51641,96,0,0,33,1000,0,39.932,0,0
33,allocate_send_arrival,0,S00,5,terminal,0,51652,122,0,0,33,1000,0,40.7016,0,0
33,allocate_send_arrival,0,S00,5,terminal,0,51642,6,0,0,33,1000,0,59.5645,0,0
33,allocate_send_arrival,0,S00,5,terminal,0,51653,15,0,0,33,1000,0,40.7016,0,0
33,allocate_send_arrival,0,S00,5,terminal,0,51655,120,0,0,33,1000,0,59.5645,0,0
33,allocate_send_arrival,0,S00,5,terminal,0,51650,20,0,0,33,1000,0,39.932,0,0
33,allocate_send_arrival,0,S00,5,terminal,0,51645,103,0,0,33,1000,0,40.7016,0,0
33,allocate_send_arrival,0,S00,5,terminal,0,51640,34,0,0,33,1000,0,40.7016,0,0
33,allocate_send_arrival,0,S00,5,terminal,0,51649,12,0,0,33,1000,0,39.932,0,0
33,allocate_send_arrival,0,S00,5,terminal,0,51647,21,0,0,33,1000,0,39.932,0,0
33,allocate_send_arrival,0,S00,5,terminal,0,51648,125,0,0,33,1000,0,62.5,1.45519e-14,0
33,allocate_send_arrival,38,S42,0,switch,42,51655,120,0,0,33,176.64,0,10.2989,0,0
34,allocate_send_buffered,1,S01,0,switch,0,51647,21,0,0,34,159.728,100,25,0,0
34,allocate_send_buffered,1,S01,0,switch,0,51649,12,0,0,34,159.728,100,25,0,0
34,allocate_send_buffered,1,S01,0,switch,0,51641,96,0,0,34,159.728,100,25,0,0
34,allocate_send_buffered,1,S01,0,switch,0,51650,20,0,0,34,159.728,100,25,0,0
34,allocate_send_buffered,4,S37,0,switch,0,51652,122,0,0,34,203.508,100,20,0,0
34,allocate_send_buffered,4,S37,0,switch,0,51640,34,0,0,34,203.508,100,20,0,0
34,allocate_send_buffered,4,S37,0,switch,0,51653,15,0,0,34,203.508,100,20,0,0
34,allocate_send_buffered,4,S37,0,switch,0,51643,35,0,0,34,203.508,100,20,0,0
34,allocate_send_buffered,4,S37,0,switch,0,51645,103,0,0,34,203.508,100,20,0,0
34,stage_arrival,10,S61,0,switch,1,51641,96,0,0,34,227.172,25.6638,0,39.932,0
34,stage_arrival,56,S36,2,switch,4,51640,34,0,0,34,112.305,0,0,40.7016,0
34,stage_arrival,1,S01,0,switch,0,51647,21,0,0,34,159.728,0,0,39.932,0
34,stage_arrival,51,S48,0,switch,57,51645,103,0,0,34,201.033,0,0,40.7016,0
34,stage_arrival,0,S00,5,terminal,0,51653,15,0,0,34,1000,0,0,20.7016,0
34,stage_arrival,6,S02,0,switch,1,51649,12,0,0,34,138.732,0,0,39.932,0
34,stage_arrival,0,S00,5,terminal,0,51643,35,0,0,34,1000,0,0,20.7016,0
34,stage_arrival,0,S00,5,terminal,0,51645,103,0,0,34,1000,0,0,20,0
34,stage_arrival,1,S01,0,switch,0,51650,20,0,0,34,159.728,0,0,39.932,0
34,stage_arrival,0,S00,5,terminal,0,51650,20,0,0,34,1000,0,0,25,0
34,stage_arrival,17,S35,1,switch,56,51640,34,0,0,34,252.252,0,0,40.7016,0
34,stage_arrival,10,S61,0,switch,1,51647,21,0,0,34,227.172,25.6638,0,39.932,0
34,stage_arrival,0,S00,5,terminal,0,51655,120,0,0,34,1000,0,0,59.5645,0
34,stage_arrival,0,S00,5,terminal,0,51646,57,0,0,34,1000,0,0,4.10854,0
34,stage_arrival,0,S00,5,terminal,0,51647,21,0,0,34,1000,0,0,14.932,0
34,stage_arrival,0,S00,5,terminal,0,51641,96,0,0,34,1000,0,0,25,0
34,stage_arrival,0,S00,5,terminal,0,51648,125,0,0,34,1000,0,0,7.30474,0
34,stage_arrival_coalesce,0,S00,5,terminal,0,51650,20,0,0,34,1000,0,0,39.932,0
34,stage_arrival_coalesce,0,S00,5,terminal,0,51645,103,0,0,34,1000,0,0,40.7016,0
34,stage_arrival,4,S37,0,switch,0,51645,103,0,0,34,203.508,0,0,40.7016,0
34,stage_arrival_coalesce,0,S00,5,terminal,0,51653,15,0,0,34,1000,0,0,40.7016,0
34,stage_arrival,0,S00,5,terminal,0,51652,122,0,0,34,1000,0,0,20,0
34,stage_arrival,1,S01,0,switch,0,51641,96,0,0,34,159.728,0,0,39.932,0
34,stage_arrival,48,S50,3,switch,10,51641,96,0,0,34,118.54,0,0,39.932,0
34,stage_arrival,57,S47,1,switch,50,51652,122,0,0,34,259.289,0,0,40.7016,0
34,stage_arrival_coalesce,0,S00,5,terminal,0,51643,35,0,0,34,1000,0,0,40.7016,0
34,stage_arrival,57,S47,1,switch,50,51645,103,0,0,34,259.289,0,0,40.7016,0
34,stage_arrival,4,S37,0,switch,0,51643,35,0,0,34,203.508,0,0,40.7016,0
34,stage_arrival,42,S20,2,switch,3,51655,120,0,0,34,251.806,0,0,10.2989,0
34,stage_arrival,61,S46,1,switch,57,51652,122,0,0,34,199.213,0,0,40.7016,0
34,stage_arrival_coalesce,0,S00,5,terminal,0,51655,120,0,0,34,1000,0,0,81.7146,0
34,stage_arrival,4,S37,0,switch,0,51640,34,0,0,34,203.508,0,0,40.7016,0
34,stage_arrival,7,S45,2,switch,61,51653,15,0,0,34,100.666,0,0,40.7016,0
34,stage_arrival,4,S37,0,switch,0,51652,122,0,0,34,203.508,0,0,40.7016,0
34,stage_arrival,1,S01,0,switch,0,51649,12,0,0,34,159.728,0,0,39.932,0
34,stage_arrival,61,S46,1,switch,57,51653,15,0,0,34,199.213,0,0,40.7016,0
34,stage_arrival_coalesce,0,S00,5,terminal,0,51641,96,0,0,34,1000,0,0,39.932,0
34,stage_arrival,0,S00,5,terminal,0,51642,6,0,0,34,1000,0,0,22.1501,0
34,stage_arrival,10,S61,0,switch,1,51650,20,0,0,34,227.172,25.6638,0,39.932,0
34,stage_arrival,0,S00,5,terminal,0,51649,12,0,0,34,1000,0,0,25,0
34,stage_arrival_coalesce,0,S00,5,terminal,0,51642,6,0,0,34,1000,0,0,26.2752,0
34,stage_arrival,4,S37,0,switch,0,51653,15,0,0,34,203.508,0,0,40.7016,0
34,stage_arrival_coalesce,0,S00,5,terminal,0,51647,21,0,0,34,1000,0,0,39.932,0
34,stage_arrival,17,S35,1,switch,56,51643,35,0,0,34,252.252,0,0,40.7016,0
34,stage_arrival_coalesce,0,S00,5,terminal,0,51649,12,0,0,34,1000,0,0,39.932,0
34,stage_arrival,0,S00,5,terminal,0,51640,34,0,0,34,1000,0,0,20,0
34,stage_arrival,50,S38,2,switch,4,51645,103,0,0,34,290.506,0,0,40.7016,0
34,stage_arrival,50,S38,2,switch,4,51652,122,0,0,34,290.506,0,0,40.7016,0
34,stage_arrival,3,S27,0,switch,0,51655,120,0,0,34,119.129,0,0,59.5645,0
34,stage_arrival_coalesce,0,S00,5,terminal,0,51640,34,0,0,34,1000,0,0,40.7016,0
34,stage_arrival,50,S38,2,switch,4,51653,15,0,0,34,290.506,0,0,40.7016,0
34,stage_arrival,57,S47,1,switch,50,51653,15,0,0,34,259.289,0,0,40.7016,0
34,stage_arrival,56,S36,2,switch,4,51643,35,0,0,34,112.305,0,0,40.7016,0
34,stage_arrival_coalesce,0,S00,5,terminal,0,51652,122,0,0,34,1000,0,0,40.7016,0
34,allocate_send_arrival,51,S48,0,switch,57,51645,103,0,0,34,201.033,0,40.7016,0,0
34,allocate_send_arrival,61,S46,1,switch,57,51652,122,0,0,34,199.213,0,40.7016,0,0
34,allocate_send_arrival,61,S46,1,switch,57,51653,15,0,0,34,199.213,0,40.7016,0,0
34,allocate_send_arrival,17,S35,1,switch,56,51640,34,0,0,34,252.252,0,40.7016,0,0
34,allocate_send_arrival,17,S35,1,switch,56,51643,35,0,0,34,252.252,0,40.7016,0,0
34,allocate_send_arrival,1,S01,0,switch,0,51647,21,0,0,34,159.728,0,14.932,25,0
34,enqueue_residual,1,S01,0,switch,0,51647,21,0,0,34,159.728,0,0,25,0
34,allocate_send_arrival,1,S01,0,switch,0,51650,20,0,0,34,159.728,0,14.932,25,0
34,enqueue_residual,1,S01,0,switch,0,51650,20,0,0,34,159.728,0,0,25,0
34,allocate_send_arrival,1,S01,0,switch,0,51641,96,0,0,34,159.728,0,14.932,25,0
34,enqueue_residual,1,S01,0,switch,0,51641,96,0,0,34,159.728,0,0,25,0
34,allocate_send_arrival,1,S01,0,switch,0,51649,12,0,0,34,159.728,0,14.932,25,0
34,enqueue_residual,1,S01,0,switch,0,51649,12,0,0,34,159.728,0,0,25,0
34,allocate_send_arrival,50,S38,2,switch,4,51645,103,0,0,34,290.506,0,40.7016,0,0
34,allocate_send_arrival,50,S38,2,switch,4,51652,122,0,0,34,290.506,0,40.7016,0,0
34,allocate_send_arrival,50,S38,2,switch,4,51653,15,0,0,34,290.506,0,40.7016,0,0
34,allocate_send_arrival,6,S02,0,switch,1,51649,12,0,0,34,138.732,0,39.932,0,0
34,allocate_send_arrival,0,S00,5,terminal,0,51653,15,0,0,34,1000,0,40.7016,0,0
34,allocate_send_arrival,0,S00,5,terminal,0,51643,35,0,0,34,1000,0,40.7016,0,0
34,allocate_send_arrival,0,S00,5,terminal,0,51645,103,0,0,34,1000,0,40.7016,0,0
34,allocate_send_arrival,0,S00,5,terminal,0,51650,20,0,0,34,1000,0,39.932,0,0
34,allocate_send_arrival,0,S00,5,terminal,0,51655,120,0,0,34,1000,0,81.7146,0,0
34,allocate_send_arrival,0,S00,5,terminal,0,51646,57,0,0,34,1000,0,4.10854,0,0
34,allocate_send_arrival,0,S00,5,terminal,0,51647,21,0,0,34,1000,0,39.932,0,0
34,allocate_send_arrival,0,S00,5,terminal,0,51641,96,0,0,34,1000,0,39.932,0,0
34,allocate_send_arrival,0,S00,5,terminal,0,51648,125,0,0,34,1000,0,7.30474,0,0
34,allocate_send_arrival,0,S00,5,terminal,0,51652,122,0,0,34,1000,0,40.7016,0,0
34,allocate_send_arrival,0,S00,5,terminal,0,51642,6,0,0,34,1000,0,26.2752,0,0
34,allocate_send_arrival,0,S00,5,terminal,0,51649,12,0,0,34,1000,0,39.932,0,0
34,allocate_send_arrival,0,S00,5,terminal,0,51640,34,0,0,34,1000,0,40.7016,0,0
34,allocate_send_arrival,57,S47,1,switch,50,51652,122,0,0,34,259.289,0,40.7016,0,0
34,allocate_send_arrival,57,S47,1,switch,50,51645,103,0,0,34,259.289,0,40.7016,0,0
34,allocate_send_arrival,57,S47,1,switch,50,51653,15,0,0,34,259.289,0,40.7016,0,0
34,allocate_send_arrival,42,S20,2,switch,3,51655,120,0,0,34,251.806,0,10.2989,0,0
34,allocate_send_arrival,10,S61,0,switch,1,51641,96,0,0,34,227.172,25.6638,39.932,0,0
34,allocate_send_arrival,10,S61,0,switch,1,51647,21,0,0,34,227.172,25.6638,39.932,0,0
34,allocate_send_arrival,10,S61,0,switch,1,51650,20,0,0,34,227.172,25.6638,39.932,0,0
34,allocate_send_arrival,56,S36,2,switch,4,51640,34,0,0,34,112.305,0,40.7016,0,0
34,allocate_send_arrival,56,S36,2,switch,4,51643,35,0,0,34,112.305,0,40.7016,0,0
34,allocate_send_arrival,3,S27,0,switch,0,51655,120,0,0,34,119.129,0,59.5645,0,0
34,allocate_send_arrival,48,S50,3,switch,10,51641,96,0,0,34,118.54,0,39.932,0,0
34,allocate_send_arrival,7,S45,2,switch,61,51653,15,0,0,34,100.666,0,40.7016,0,0
34,allocate_send_arrival,4,S37,0,switch,0,51645,103,0,0,34,203.508,0,20.7016,20,0
34,enqueue_residual,4,S37,0,switch,0,51645,103,0,0,34,203.508,0,0,20,0
34,allocate_send_arrival,4,S37,0,switch,0,51643,35,0,0,34,203.508,0,20.7016,20,0
34,enqueue_residual,4,S37,0,switch,0,51643,35,0,0,34,203.508,0,0,20,0
34,allocate_send_arrival,4,S37,0,switch,0,51640,34,0,0,34,203.508,0,20.7016,20,0
34,enqueue_residual,4,S37,0,switch,0,51640,34,0,0,34,203.508,0,0,20,0
34,allocate_send_arrival,4,S37,0,switch,0,51652,122,0,0,34,203.508,0,20.7016,20,0
34,enqueue_residual,4,S37,0,switch,0,51652,122,0,0,34,203.508,0,0,20,0
34,allocate_send_arrival,4,S37,0,switch,0,51653,15,0,0,34,203.508,0,20.7016,20,0
34,enqueue_residual,4,S37,0,switch,0,51653,15,0,0,34,203.508,0,0,20,0
35,allocate_send_buffered,4,S37,0,switch,0,51645,103,0,0,35,203.508,100,20,0,0
35,allocate_send_buffered,4,S37,0,switch,0,51643,35,0,0,35,203.508,100,20,0,0
35,allocate_send_buffered,4,S37,0,switch,0,51640,34,0,0,35,203.508,100,20,0,0
35,allocate_send_buffered,4,S37,0,switch,0,51652,122,0,0,35,203.508,100,20,0,0
35,allocate_send_buffered,4,S37,0,switch,0,51653,15,0,0,35,203.508,100,20,0,0
35,allocate_send_buffered,1,S01,0,switch,0,51647,21,0,0,35,159.728,100,25,0,0
35,allocate_send_buffered,1,S01,0,switch,0,51650,20,0,0,35,159.728,100,25,0,0
35,allocate_send_buffered,1,S01,0,switch,0,51641,96,0,0,35,159.728,100,25,0,0
35,allocate_send_buffered,1,S01,0,switch,0,51649,12,0,0,35,159.728,100,25,0,0
35,stage_arrival,3,S27,0,switch,0,51655,120,0,0,35,119.129,0,0,10.2989,0
35,stage_arrival,1,S01,0,switch,0,51650,20,0,0,35,159.728,0,0,39.932,0
35,stage_arrival,0,S00,5,terminal,0,51643,35,0,0,35,1000,0,0,20.7016,0
35,stage_arrival,61,S46,1,switch,57,51652,122,0,0,35,199.213,0,0,40.7016,0
35,stage_arrival,4,S37,0,switch,0,51653,15,0,0,35,203.508,0,0,40.7016,0
35,stage_arrival,50,S38,2,switch,4,51645,103,0,0,35,290.506,0,0,40.7016,0
35,stage_arrival,0,S00,5,terminal,0,51650,20,0,0,35,1000,0,0,14.932,0
35,stage_arrival,48,S50,3,switch,10,51641,96,0,0,35,118.54,0,0,39.932,0
35,stage_arrival,56,S36,2,switch,4,51640,34,0,0,35,112.305,0,0,40.7016,0
35,stage_arrival,0,S00,5,terminal,0,51641,96,0,0,35,1000,0,0,14.932,0
35,stage_arrival,0,S00,5,terminal,0,51645,103,0,0,35,1000,0,0,20,0
35,stage_arrival,0,S00,5,terminal,0,51649,12,0,0,35,1000,0,0,25,0
35,stage_arrival_coalesce,0,S00,5,terminal,0,51649,12,0,0,35,1000,0,0,39.932,0
35,stage_arrival,57,S47,1,switch,50,51652,122,0,0,35,259.289,0,0,40.7016,0
35,stage_arrival,57,S47,1,switch,50,51653,15,0,0,35,259.289,0,0,40.7016,0
35,stage_arrival_coalesce,0,S00,5,terminal,0,51641,96,0,0,35,1000,0,0,39.932,0
35,stage_arrival,0,S00,5,terminal,0,51652,122,0,0,35,1000,0,0,20.7016,0
35,stage_arrival,17,S35,1,switch,56,51640,34,0,0,35,252.252,0,0,40.7016,0
35,stage_arrival_coalesce,0,S00,5,terminal,0,51652,122,0,0,35,1000,0,0,40.7016,0
35,stage_arrival,0,S00,5,terminal,0,51640,34,0,0,35,1000,0,0,20.7016,0
35,stage_arrival,10,S61,0,switch,1,51647,21,0,0,35,227.172,25.6638,0,39.932,0
35,stage_arrival,50,S38,2,switch,4,51652,122,0,0,35,290.506,0,0,40.7016,0
35,stage_arrival,0,S00,5,terminal,0,51647,21,0,0,35,1000,0,0,25,0
35,stage_arrival,10,S61,0,switch,1,51641,96,0,0,35,227.172,25.6638,0,39.932,0
35,stage_arrival_coalesce,0,S00,5,terminal,0,51647,21,0,0,35,1000,0,0,39.932,0
35,stage_arrival,10,S61,0,switch,1,51650,20,0,0,35,227.172,25.6638,0,39.932,0
35,stage_arrival,1,S01,0,switch,0,51647,21,0,0,35,159.728,0,0,39.932,0
35,stage_arrival_coalesce,0,S00,5,terminal,0,51645,103,0,0,35,1000,0,0,40.7016,0
35,stage_arrival,4,S37,0,switch,0,51652,122,0,0,35,203.508,0,0,40.7016,0
35,stage_arrival,1,S01,0,switch,0,51649,12,0,0,35,159.728,0,0,39.932,0
35,stage_arrival_coalesce,0,S00,5,terminal,0,51650,20,0,0,35,1000,0,0,39.932,0
35,stage_arrival,51,S48,0,switch,57,51645,103,0,0,35,201.033,0,0,40.7016,0
35,stage_arrival,4,S37,0,switch,0,51645,103,0,0,35,203.508,0,0,40.7016,0
35,stage_arrival,56,S36,2,switch,4,51643,35,0,0,35,112.305,0,0,40.7016,0
35,stage_arrival_coalesce,0,S00,5,terminal,0,51640,34,0,0,35,1000,0,0,40.7016,0
35,stage_arrival,17,S35,1,switch,56,51643,35,0,0,35,252.252,0,0,40.7016,0
35,stage_arrival,4,S37,0,switch,0,51643,35,0,0,35,203.508,0,0,40.7016,0
35,stage_arrival,61,S46,1,switch,57,51653,15,0,0,35,199.213,0,0,40.7016,0
35,stage_arrival,57,S47,1,switch,50,51645,103,0,0,35,259.289,0,0,40.7016,0
35,stage_arrival,50,S38,2,switch,4,51653,15,0,0,35,290.506,0,0,40.7016,0
35,stage_arrival,0,S00,5,terminal,0,51653,15,0,0,35,1000,0,0,20.7016,0
35,stage_arrival_coalesce,0,S00,5,terminal,0,51653,15,0,0,35,1000,0,0,40.7016,0
35,stage_arrival,1,S01,0,switch,0,51641,96,0,0,35,159.728,0,0,39.932,0
35,stage_arrival,0,S00,5,terminal,0,51655,120,0,0,35,1000,0,0,59.5645,0
35,stage_arrival,4,S37,0,switch,0,51640,34,0,0,35,203.508,0,0,40.7016,0
35,stage_arrival_coalesce,0,S00,5,terminal,0,51643,35,0,0,35,1000,0,0,40.7016,0
35,stage_arrival,7,S45,2,switch,61,51653,15,0,0,35,100.666,0,0,40.7016,0
35,stage_arrival,6,S02,0,switch,1,51649,12,0,0,35,138.732,0,0,39.932,0
35,allocate_send_arrival,61,S46,1,switch,57,51652,122,0,0,35,199.213,0,40.7016,0,0
35,allocate_send_arrival,61,S46,1,switch,57,51653,15,0,0,35,199.213,0,40.7016,0,0
35,allocate_send_arrival,4,S37,0,switch,0,51653,15,0,0,35,203.508,0,20.7016,20,0
35,enqueue_residual,4,S37,0,switch,0,51653,15,0,0,35,203.508,0,0,20,0
35,allocate_send_arrival,4,S37,0,switch,0,51652,122,0,0,35,203.508,0,20.7016,20,0
35,enqueue_residual,4,S37,0,switch,0,51652,122,0,0,35,203.508,0,0,20,0
35,allocate_send_arrival,4,S37,0,switch,0,51645,103,0,0,35,203.508,0,20.7016,20,0
35,enqueue_residual,4,S37,0,switch,0,51645,103,0,0,35,203.508,0,0,20,0
35,allocate_send_arrival,4,S37,0,switch,0,51643,35,0,0,35,203.508,0,20.7016,20,0
35,enqueue_residual,4,S37,0,switch,0,51643,35,0,0,35,203.508,0,0,20,0
35,allocate_send_arrival,4,S37,0,switch,0,51640,34,0,0,35,203.508,0,20.7016,20,0
35,enqueue_residual,4,S37,0,switch,0,51640,34,0,0,35,203.508,0,0,20,0
35,allocate_send_arrival,17,S35,1,switch,56,51640,34,0,0,35,252.252,0,40.7016,0,0
35,allocate_send_arrival,17,S35,1,switch,56,51643,35,0,0,35,252.252,0,40.7016,0,0
35,allocate_send_arrival,50,S38,2,switch,4,51645,103,0,0,35,290.506,0,40.7016,0,0
35,allocate_send_arrival,50,S38,2,switch,4,51652,122,0,0,35,290.506,0,40.7016,0,0
35,allocate_send_arrival,50,S38,2,switch,4,51653,15,0,0,35,290.506,0,40.7016,0,0
35,allocate_send_arrival,56,S36,2,switch,4,51640,34,0,0,35,112.305,0,40.7016,0,0
35,allocate_send_arrival,56,S36,2,switch,4,51643,35,0,0,35,112.305,0,40.7016,0,0
35,allocate_send_arrival,7,S45,2,switch,61,51653,15,0,0,35,100.666,0,40.7016,0,0
35,allocate_send_arrival,57,S47,1,switch,50,51652,122,0,0,35,259.289,0,40.7016,0,0
35,allocate_send_arrival,57,S47,1,switch,50,51653,15,0,0,35,259.289,0,40.7016,0,0
35,allocate_send_arrival,57,S47,1,switch,50,51645,103,0,0,35,259.289,0,40.7016,0,0
35,allocate_send_arrival,1,S01,0,switch,0,51650,20,0,0,35,159.728,0,14.932,25,0
35,enqueue_residual,1,S01,0,switch,0,51650,20,0,0,35,159.728,0,0,25,0
35,allocate_send_arrival,1,S01,0,switch,0,51647,21,0,0,35,159.728,0,14.932,25,0
35,enqueue_residual,1,S01,0,switch,0,51647,21,0,0,35,159.728,0,0,25,0
35,allocate_send_arrival,1,S01,0,switch,0,51649,12,0,0,35,159.728,0,14.932,25,0
35,enqueue_residual,1,S01,0,switch,0,51649,12,0,0,35,159.728,0,0,25,0
35,allocate_send_arrival,1,S01,0,switch,0,51641,96,0,0,35,159.728,0,14.932,25,0
35,enqueue_residual,1,S01,0,switch,0,51641,96,0,0,35,159.728,0,0,25,0
35,allocate_send_arrival,3,S27,0,switch,0,51655,120,0,0,35,119.129,0,10.2989,0,0
35,allocate_send_arrival,0,S00,5,terminal,0,51643,35,0,0,35,1000,0,40.7016,0,0
35,allocate_send_arrival,0,S00,5,terminal,0,51650,20,0,0,35,1000,0,39.932,0,0
35,allocate_send_arrival,0,S00,5,terminal,0,51641,96,0,0,35,1000,0,39.932,0,0
35,allocate_send_arrival,0,S00,5,terminal,0,51645,103,0,0,35,1000,0,40.7016,0,0
35,allocate_send_arrival,0,S00,5,terminal,0,51649,12,0,0,35,1000,0,39.932,0,0
35,allocate_send_arrival,0,S00,5,terminal,0,51652,122,0,0,35,1000,0,40.7016,0,0
35,allocate_send_arrival,0,S00,5,terminal,0,51640,34,0,0,35,1000,0,40.7016,0,0
35,allocate_send_arrival,0,S00,5,terminal,0,51647,21,0,0,35,1000,0,39.932,0,0
35,allocate_send_arrival,0,S00,5,terminal,0,51653,15,0,0,35,1000,0,40.7016,0,0
35,allocate_send_arrival,0,S00,5,terminal,0,51655,120,0,0,35,1000,0,59.5645,0,0
35,allocate_send_arrival,10,S61,0,switch,1,51647,21,0,0,35,227.172,25.6638,39.932,0,0
35,allocate_send_arrival,10,S61,0,switch,1,51641,96,0,0,35,227.172,25.6638,39.932,0,0
35,allocate_send_arrival,10,S61,0,switch,1,51650,20,0,0,35,227.172,25.6638,39.932,0,0
35,allocate_send_arrival,6,S02,0,switch,1,51649,12,0,0,35,138.732,0,39.932,0,0
35,allocate_send_arrival,51,S48,0,switch,57,51645,103,0,0,35,201.033,0,40.7016,0,0
35,allocate_send_arrival,48,S50,3,switch,10,51641,96,0,0,35,118.54,0,39.932,0,0
36,allocate_send_buffered,1,S01,0,switch,0,51650,20,0,0,36,159.728,100,25,0,0
36,allocate_send_buffered,1,S01,0,switch,0,51647,21,0,0,36,159.728,100,25,0,0
36,allocate_send_buffered,1,S01,0,switch,0,51649,12,0,0,36,159.728,100,25,0,0
36,allocate_send_buffered,1,S01,0,switch,0,51641,96,0,0,36,159.728,100,25,0,0
36,allocate_send_buffered,4,S37,0,switch,0,51653,15,0,0,36,203.508,100,20,0,0
36,allocate_send_buffered,4,S37,0,switch,0,51652,122,0,0,36,203.508,100,20,0,0
36,allocate_send_buffered,4,S37,0,switch,0,51645,103,0,0,36,203.508,100,20,0,0
36,allocate_send_buffered,4,S37,0,switch,0,51643,35,0,0,36,203.508,100,20,0,0
36,allocate_send_buffered,4,S37,0,switch,0,51640,34,0,0,36,203.508,100,20,0,0
36,stage_arrival,1,S01,0,switch,0,51649,12,0,0,36,159.728,0,0,39.932,0
36,stage_arrival,4,S37,0,switch,0,51640,34,0,0,36,203.508,0,0,40.7016,0
36,stage_arrival,0,S00,5,terminal,0,51641,96,0,0,36,1000,0,0,14.932,0
36,stage_arrival,61,S46,1,switch,57,51652,122,0,0,36,199.213,0,0,40.7016,0
36,stage_arrival,0,S00,5,terminal,0,51652,122,0,0,36,1000,0,0,20,0
36,stage_arrival,17,S35,1,switch,56,51640,34,0,0,36,252.252,0,0,40.7016,0
36,stage_arrival,0,S00,5,terminal,0,51643,35,0,0,36,1000,0,0,20,0
36,stage_arrival,10,S61,0,switch,1,51647,21,0,0,36,227.172,25.6638,0,39.932,0
36,stage_arrival,50,S38,2,switch,4,51645,103,0,0,36,290.506,0,0,40.7016,0
36,stage_arrival,1,S01,0,switch,0,51641,96,0,0,36,159.728,0,0,39.932,0
36,stage_arrival,0,S00,5,terminal,0,51645,103,0,0,36,1000,0,0,20.7016,0
36,stage_arrival,4,S37,0,switch,0,51643,35,0,0,36,203.508,0,0,40.7016,0
36,stage_arrival,57,S47,1,switch,50,51653,15,0,0,36,259.289,0,0,40.7016,0
36,stage_arrival_coalesce,0,S00,5,terminal,0,51652,122,0,0,36,1000,0,0,40.7016,0
36,stage_arrival,48,S50,3,switch,10,51641,96,0,0,36,118.54,0,0,39.932,0
36,stage_arrival,6,S02,0,switch,1,51649,12,0,0,36,138.732,0,0,39.932,0
36,stage_arrival_coalesce,0,S00,5,terminal,0,51645,103,0,0,36,1000,0,0,40.7016,0
36,stage_arrival,0,S00,5,terminal,0,51650,20,0,0,36,1000,0,0,25,0
36,stage_arrival,0,S00,5,terminal,0,51640,34,0,0,36,1000,0,0,20,0
36,stage_arrival,56,S36,2,switch,4,51643,35,0,0,36,112.305,0,0,40.7016,0
36,stage_arrival,4,S37,0,switch,0,51653,15,0,0,36,203.508,0,0,40.7016,0
36,stage_arrival,0,S00,5,terminal,0,51649,12,0,0,36,1000,0,0,14.932,0
36,stage_arrival,0,S00,5,terminal,0,51653,15,0,0,36,1000,0,0,20.7016,0
36,stage_arrival,0,S00,5,terminal,0,51647,21,0,0,36,1000,0,0,14.932,0
36,stage_arrival,7,S45,2,switch,61,51653,15,0,0,36,100.666,0,0,40.7016,0
36,stage_arrival,10,S61,0,switch,1,51650,20,0,0,36,227.172,25.6638,0,39.932,0
36,stage_arrival,0,S00,5,terminal,0,51655,120,0,0,36,1000,0,0,10.2989,0
36,stage_arrival,17,S35,1,switch,56,51643,35,0,0,36,252.252,0,0,40.7016,0
36,stage_arrival_coalesce,0,S00,5,terminal,0,51653,15,0,0,36,1000,0,0,40.7016,0
36,stage_arrival,61,S46,1,switch,57,51653,15,0,0,36,199.213,0,0,40.7016,0
36,stage_arrival_coalesce,0,S00,5,terminal,0,51650,20,0,0,36,1000,0,0,39.932,0
36,stage_arrival_coalesce,0,S00,5,terminal,0,51649,12,0,0,36,1000,0,0,39.932,0
36,stage_arrival,50,S38,2,switch,4,51653,15,0,0,36,290.506,0,0,40.7016,0
36,stage_arrival,51,S48,0,switch,57,51645,103,0,0,36,201.033,0,0,40.7016,0
36,stage_arrival,56,S36,2,switch,4,51640,34,0,0,36,112.305,0,0,40.7016,0
36,stage_arrival_coalesce,0,S00,5,terminal,0,51643,35,0,0,36,1000,0,0,40.7016,0
36,stage_arrival,10,S61,0,switch,1,51641,96,0,0,36,227.172,25.6638,0,39.932,0
36,stage_arrival,57,S47,1,switch,50,51652,122,0,0,36,259.289,0,0,40.7016,0
36,stage_arrival,1,S01,0,switch,0,51650,20,0,0,36,159.728,0,0,39.932,0
36,stage_arrival_coalesce,0,S00,5,terminal,0,51641,96,0,0,36,1000,0,0,39.932,0
36,stage_arrival,50,S38,2,switch,4,51652,122,0,0,36,290.506,0,0,40.7016,0
36,stage_arrival_coalesce,0,S00,5,terminal,0,51647,21,0,0,36,1000,0,0,39.932,0
36,stage_arrival,57,S47,1,switch,50,51645,103,0,0,36,259.289,0,0,40.7016,0
36,stage_arrival_coalesce,0,S00,5,terminal,0,51640,34,0,0,36,1000,0,0,40.7016,0
36,stage_arrival,4,S37,0,switch,0,51645,103,0,0,36,203.508,0,0,40.7016,0
36,stage_arrival,1,S01,0,switch,0,51647,21,0,0,36,159.728,0,0,39.932,0
36,stage_arrival,4,S37,0,switch,0,51652,122,0,0,36,203.508,0,0,40.7016,0
36,allocate_send_arrival,6,S02,0,switch,1,51649,12,0,0,36,138.732,0,39.932,0,0
36,allocate_send_arrival,4,S37,0,switch,0,51640,34,0,0,36,203.508,0,20.7016,20,0
36,enqueue_residual,4,S37,0,switch,0,51640,34,0,0,36,203.508,0,0,20,0
36,allocate_send_arrival,4,S37,0,switch,0,51643,35,0,0,36,203.508,0,20.7016,20,0
36,enqueue_residual,4,S37,0,switch,0,51643,35,0,0,36,203.508,0,0,20,0
36,allocate_send_arrival,4,S37,0,switch,0,51653,15,0,0,36,203.508,0,20.7016,20,0
36,enqueue_residual,4,S37,0,switch,0,51653,15,0,0,36,203.508,0,0,20,0
36,allocate_send_arrival,4,S37,0,switch,0,51645,103,0,0,36,203.508,0,20.7016,20,0
36,enqueue_residual,4,S37,0,switch,0,51645,103,0,0,36,203.508,0,0,20,0
36,allocate_send_arrival,4,S37,0,switch,0,51652,122,0,0,36,203.508,0,20.7016,20,0
36,enqueue_residual,4,S37,0,switch,0,51652,122,0,0,36,203.508,0,0,20,0
36,allocate_send_arrival,48,S50,3,switch,10,51641,96,0,0,36,118.54,0,39.932,0,0
36,allocate_send_arrival,57,S47,1,switch,50,51653,15,0,0,36,259.289,0,40.7016,0,0
36,allocate_send_arrival,57,S47,1,switch,50,51652,122,0,0,36,259.289,0,40.7016,0,0
36,allocate_send_arrival,57,S47,1,switch,50,51645,103,0,0,36,259.289,0,40.7016,0,0
36,allocate_send_arrival,0,S00,5,terminal,0,51641,96,0,0,36,1000,0,39.932,0,0
36,allocate_send_arrival,0,S00,5,terminal,0,51652,122,0,0,36,1000,0,40.7016,0,0
36,allocate_send_arrival,0,S00,5,terminal,0,51643,35,0,0,36,1000,0,40.7016,0,0
36,allocate_send_arrival,0,S00,5,terminal,0,51645,103,0,0,36,1000,0,40.7016,0,0
36,allocate_send_arrival,0,S00,5,terminal,0,51650,20,0,0,36,1000,0,39.932,0,0
36,allocate_send_arrival,0,S00,5,terminal,0,51640,34,0,0,36,1000,0,40.7016,0,0
36,allocate_send_arrival,0,S00,5,terminal,0,51649,12,0,0,36,1000,0,39.932,0,0
36,allocate_send_arrival,0,S00,5,terminal,0,51653,15,0,0,36,1000,0,40.7016,0,0
36,allocate_send_arrival,0,S00,5,terminal,0,51647,21,0,0,36,1000,0,39.932,0,0
36,allocate_send_arrival,0,S00,5,terminal,0,51655,120,0,0,36,1000,0,10.2989,0,0
36,allocate_send_arrival,17,S35,1,switch,56,51640,34,0,0,36,252.252,0,40.7016,0,0
36,allocate_send_arrival,17,S35,1,switch,56,51643,35,0,0,36,252.252,0,40.7016,0,0
36,allocate_send_arrival,10,S61,0,switch,1,51647,21,0,0,36,227.172,25.6638,39.932,0,0
36,allocate_send_arrival,10,S61,0,switch,1,51650,20,0,0,36,227.172,25.6638,39.932,0,0
36,allocate_send_arrival,10,S61,0,switch,1,51641,96,0,0,36,227.172,25.6638,39.932,0,0
36,allocate_send_arrival,61,S46,1,switch,57,51652,122,0,0,36,199.213,0,40.7016,0,0
36,allocate_send_arrival,61,S46,1,switch,57,51653,15,0,0,36,199.213,0,40.7016,0,0
36,allocate_send_arrival,1,S01,0,switch,0,51649,12,0,0,36,159.728,0,14.932,25,0
36,enqueue_residual,1,S01,0,switch,0,51649,12,0,0,36,159.728,0,0,25,0
36,allocate_send_arrival,1,S01,0,switch,0,51641,96,0,0,36,159.728,0,14.932,25,0
36,enqueue_residual,1,S01,0,switch,0,51641,96,0,0,36,159.728,0,0,25,0
36,allocate_send_arrival,1,S01,0,switch,0,51650,20,0,0,36,159.728,0,14.932,25,0
36,enqueue_residual,1,S01,0,switch,0,51650,20,0,0,36,159.728,0,0,25,0
36,allocate_send_arrival,1,S01,0,switch,0,51647,21,0,0,36,159.728,0,14.932,25,0
36,enqueue_residual,1,S01,0,switch,0,51647,21,0,0,36,159.728,0,0,25,0
36,allocate_send_arrival,50,S38,2,switch,4,51645,103,0,0,36,290.506,0,40.7016,0,0
36,allocate_send_arrival,50,S38,2,switch,4,51653,15,0,0,36,290.506,0,40.7016,0,0
36,allocate_send_arrival,50,S38,2,switch,4,51652,122,0,0,36,290.506,0,40.7016,0,0
36,allocate_send_arrival,56,S36,2,switch,4,51643,35,0,0,36,112.305,0,40.7016,0,0
36,allocate_send_arrival,56,S36,2,switch,4,51640,34,0,0,36,112.305,0,40.7016,0,0
36,allocate_send_arrival,51,S48,0,switch,57,51645,103,0,0,36,201.033,0,40.7016,0,0
36,allocate_send_arrival,7,S45,2,switch,61,51653,15,0,0,36,100.666,0,40.7016,0,0
37,allocate_send_buffered,4,S37,0,switch,0,51640,34,0,0,37,203.508,100,20,0,0
37,allocate_send_buffered,4,S37,0,switch,0,51643,35,0,0,37,203.508,100,20,0,0
37,allocate_send_buffered,4,S37,0,switch,0,51653,15,0,0,37,203.508,100,20,0,0
37,allocate_send_buffered,4,S37,0,switch,0,51645,103,0,0,37,203.508,100,20,0,0
37,allocate_send_buffered,4,S37,0,switch,0,51652,122,0,0,37,203.508,100,20,0,0
37,allocate_send_buffered,1,S01,0,switch,0,51649,12,0,0,37,159.728,100,25,0,0
37,allocate_send_buffered,1,S01,0,switch,0,51641,96,0,0,37,159.728,100,25,0,0
37,allocate_send_buffered,1,S01,0,switch,0,51650,20,0,0,37,159.728,100,25,0,0
37,allocate_send_buffered,1,S01,0,switch,0,51647,21,0,0,37,159.728,100,25,0,0
37,stage_arrival,50,S38,2,switch,4,51645,103,0,0,37,290.506,0,0,40.7016,0
37,stage_arrival,0,S00,5,terminal,0,51650,20,0,0,37,1000,0,0,14.932,0
37,stage_arrival,0,S00,5,terminal,0,51653,15,0,0,37,1000,0,0,20,0
37,stage_arrival,0,S00,5,terminal,0,51652,122,0,0,37,1000,0,0,20,0
37,stage_arrival,0,S00,5,terminal,0,51643,35,0,0,37,1000,0,0,20.7016,0
37,stage_arrival,0,S00,5,terminal,0,51640,34,0,0,37,1000,0,0,20,0
37,stage_arrival,48,S50,3,switch,10,51641,96,0,0,37,118.54,0,0,39.932,0
37,stage_arrival,61,S46,1,switch,57,51652,122,0,0,37,199.213,0,0,40.7016,0
37,stage_arrival,10,S61,0,switch,1,51647,21,0,0,37,227.172,25.6638,0,39.932,0
37,stage_arrival,1,S01,0,switch,0,51647,21,0,0,37,159.728,0,0,39.932,0
37,stage_arrival,7,S45,2,switch,61,51653,15,0,0,37,100.666,0,0,40.7016,0
37,stage_arrival,4,S37,0,switch,0,51645,103,0,0,37,203.508,0,0,40.7016,0
37,stage_arrival,57,S47,1,switch,50,51653,15,0,0,37,259.289,0,0,40.7016,0
37,stage_arrival,0,S00,5,terminal,0,51645,103,0,0,37,1000,0,0,20.7016,0
37,stage_arrival,4,S37,0,switch,0,51653,15,0,0,37,203.508,0,0,40.7016,0
37,stage_arrival_coalesce,0,S00,5,terminal,0,51650,20,0,0,37,1000,0,0,39.932,0
37,stage_arrival,50,S38,2,switch,4,51653,15,0,0,37,290.506,0,0,40.7016,0
37,stage_arrival,10,S61,0,switch,1,51641,96,0,0,37,227.172,25.6638,0,39.932,0
37,stage_arrival,0,S00,5,terminal,0,51641,96,0,0,37,1000,0,0,14.932,0
37,stage_arrival,61,S46,1,switch,57,51653,15,0,0,37,199.213,0,0,40.7016,0
37,stage_arrival_coalesce,0,S00,5,terminal,0,51653,15,0,0,37,1000,0,0,40.7016,0
37,stage_arrival,4,S37,0,switch,0,51652,122,0,0,37,203.508,0,0,40.7016,0
37,stage_arrival,0,S00,5,terminal,0,51649,12,0,0,37,1000,0,0,14.932,0
37,stage_arrival_coalesce,0,S00,5,terminal,0,51643,35,0,0,37,1000,0,0,40.7016,0
37,stage_arrival_coalesce,0,S00,5,terminal,0,51652,122,0,0,37,1000,0,0,40.7016,0
37,stage_arrival,17,S35,1,switch,56,51640,34,0,0,37,252.252,0,0,40.7016,0
37,stage_arrival,56,S36,2,switch,4,51643,35,0,0,37,112.305,0,0,40.7016,0
37,stage_arrival,6,S02,0,switch,1,51649,12,0,0,37,138.732,0,0,39.932,0
37,stage_arrival_coalesce,0,S00,5,terminal,0,51645,103,0,0,37,1000,0,0,40.7016,0
37,stage_arrival,0,S00,5,terminal,0,51647,21,0,0,37,1000,0,0,14.932,0
37,stage_arrival,56,S36,2,switch,4,51640,34,0,0,37,112.305,0,0,40.7016,0
37,stage_arrival_coalesce,0,S00,5,terminal,0,51640,34,0,0,37,1000,0,0,40.7016,0
37,stage_arrival,10,S61,0,switch,1,51650,20,0,0,37,227.172,25.6638,0,39.932,0
37,stage_arrival,57,S47,1,switch,50,51645,103,0,0,37,259.289,0,0,40.7016,0
37,stage_arrival,51,S48,0,switch,57,51645,103,0,0,37,201.033,0,0,40.7016,0
37,stage_arrival_coalesce,0,S00,5,terminal,0,51641,96,0,0,37,1000,0,0,39.932,0
37,stage_arrival,4,S37,0,switch,0,51640,34,0,0,37,203.508,0,0,40.7016,0
37,stage_arrival_coalesce,0,S00,5,terminal,0,51647,21,0,0,37,1000,0,0,39.932,0
37,stage_arrival,17,S35,1,switch,56,51643,35,0,0,37,252.252,0,0,40.7016,0
37,stage_arrival,50,S38,2,switch,4,51652,122,0,0,37,290.506,0,0,40.7016,0
37,stage_arrival,1,S01,0,switch,0,51641,96,0,0,37,159.728,0,0,39.932,0
37,stage_arrival,4,S37,0,switch,0,51643,35,0,0,37,203.508,0,0,40.7016,0
37,stage_arrival,1,S01,0,switch,0,51650,20,0,0,37,159.728,0,0,39.932,0
37,stage_arrival,1,S01,0,switch,0,51649,12,0,0,37,159.728,0,0,39.932,0
37,stage_arrival_coalesce,0,S00,5,terminal,0,51649,12,0,0,37,1000,0,0,39.932,0
37,stage_arrival,57,S47,1,switch,50,51652,122,0,0,37,259.289,0,0,40.7016,0
37,allocate_send_arrival,48,S50,3,switch,10,51641,96,0,0,37,118.54,0,39.932,0,0
37,allocate_send_arrival,51,S48,0,switch,57,51645,103,0,0,37,201.033,0,40.7016,0,0
37,allocate_send_arrival,10,S61,0,switch,1,51647,21,0,0,37,227.172,25.6638,39.932,0,0
37,allocate_send_arrival,10,S61,0,switch,1,51641,96,0,0,37,227.172,25.6638,39.932,0,0
37,allocate_send_arrival,10,S61,0,switch,1,51650,20,0,0,37,227.172,25.6638,39.932,0,0
37,allocate_send_arrival,4,S37,0,switch,0,51645,103,0,0,37,203.508,0,20.7016,20,0
37,enqueue_residual,4,S37,0,switch,0,51645,103,0,0,37,203.508,0,0,20,0
37,allocate_send_arrival,4,S37,0,switch,0,51653,15,0,0,37,203.508,0,20.7016,20,0
37,enqueue_residual,4,S37,0,switch,0,51653,15,0,0,37,203.508,0,0,20,0
37,allocate_send_arrival,4,S37,0,switch,0,51652,122,0,0,37,203.508,0,20.7016,20,0
37,enqueue_residual,4,S37,0,switch,0,51652,122,0,0,37,203.508,0,0,20,0
37,allocate_send_arrival,4,S37,0,switch,0,51640,34,0,0,37,203.508,0,20.7016,20,0
37,enqueue_residual,4,S37,0,switch,0,51640,34,0,0,37,203.508,0,0,20,0
37,allocate_send_arrival,4,S37,0,switch,0,51643,35,0,0,37,203.508,0,20.7016,20,0
37,enqueue_residual,4,S37,0,switch,0,51643,35,0,0,37,203.508,0,0,20,0
37,allocate_send_arrival,17,S35,1,switch,56,51640,34,0,0,37,252.252,0,40.7016,0,0
37,allocate_send_arrival,17,S35,1,switch,56,51643,35,0,0,37,252.252,0,40.7016,0,0
37,allocate_send_arrival,56,S36,2,switch,4,51643,35,0,0,37,112.305,0,40.7016,0,0
37,allocate_send_arrival,56,S36,2,switch,4,51640,34,0,0,37,112.305,0,40.7016,0,0
37,allocate_send_arrival,7,S45,2,switch,61,51653,15,0,0,37,100.666,0,40.7016,0,0
37,allocate_send_arrival,6,S02,0,switch,1,51649,12,0,0,37,138.732,0,39.932,0,0
37,allocate_send_arrival,0,S00,5,terminal,0,51650,20,0,0,37,1000,0,39.932,0,0
37,allocate_send_arrival,0,S00,5,terminal,0,51653,15,0,0,37,1000,0,40.7016,7.27596e-15,0
37,allocate_send_arrival,0,S00,5,terminal,0,51652,122,0,0,37,1000,0,40.7016,7.27596e-15,0
37,allocate_send_arrival,0,S00,5,terminal,0,51643,35,0,0,37,1000,0,40.7016,7.27596e-15,0
37,allocate_send_arrival,0,S00,5,terminal,0,51640,34,0,0,37,1000,0,40.7016,7.27596e-15,0
37,allocate_send_arrival,0,S00,5,terminal,0,51645,103,0,0,37,1000,0,40.7016,7.27596e-15,0
37,allocate_send_arrival,0,S00,5,terminal,0,51641,96,0,0,37,1000,0,39.932,0,0
37,allocate_send_arrival,0,S00,5,terminal,0,51649,12,0,0,37,1000,0,39.932,0,0
37,allocate_send_arrival,0,S00,5,terminal,0,51647,21,0,0,37,1000,0,39.932,0,0
37,allocate_send_arrival,50,S38,2,switch,4,51645,103,0,0,37,290.506,0,40.7016,0,0
37,allocate_send_arrival,50,S38,2,switch,4,51653,15,0,0,37,290.506,0,40.7016,0,0
37,allocate_send_arrival,50,S38,2,switch,4,51652,122,0,0,37,290.506,0,40.7016,0,0
37,allocate_send_arrival,61,S46,1,switch,57,51652,122,0,0,37,199.213,0,40.7016,0,0
37,allocate_send_arrival,61,S46,1,switch,57,51653,15,0,0,37,199.213,0,40.7016,0,0
37,allocate_send_arrival,57,S47,1,switch,50,51653,15,0,0,37,259.289,0,40.7016,0,0
37,allocate_send_arrival,57,S47,1,switch,50,51645,103,0,0,37,259.289,0,40.7016,0,0
37,allocate_send_arrival,57,S47,1,switch,50,51652,122,0,0,37,259.289,0,40.7016,0,0
37,allocate_send_arrival,1,S01,0,switch,0,51647,21,0,0,37,159.728,0,14.932,25,0
37,enqueue_residual,1,S01,0,switch,0,51647,21,0,0,37,159.728,0,0,25,0
37,allocate_send_arrival,1,S01,0,switch,0,51641,96,0,0,37,159.728,0,14.932,25,0
37,enqueue_residual,1,S01,0,switch,0,51641,96,0,0,37,159.728,0,0,25,0
37,allocate_send_arrival,1,S01,0,switch,0,51650,20,0,0,37,159.728,0,14.932,25,0
37,enqueue_residual,1,S01,0,switch,0,51650,20,0,0,37,159.728,0,0,25,0
37,allocate_send_arrival,1,S01,0,switch,0,51649,12,0,0,37,159.728,0,14.932,25,0
37,enqueue_residual,1,S01,0,switch,0,51649,12,0,0,37,159.728,0,0,25,0
38,allocate_send_buffered,4,S37,0,switch,0,51645,103,0,0,38,203.508,100,20,0,0
38,allocate_send_buffered,4,S37,0,switch,0,51653,15,0,0,38,203.508,100,20,0,0
38,allocate_send_buffered,4,S37,0,switch,0,51652,122,0,0,38,203.508,100,20,0,0
38,allocate_send_buffered,4,S37,0,switch,0,51640,34,0,0,38,203.508,100,20,0,0
38,allocate_send_buffered,4,S37,0,switch,0,51643,35,0,0,38,203.508,100,20,0,0
38,allocate_send_buffered,1,S01,0,switch,0,51647,21,0,0,38,159.728,100,25,0,0
38,allocate_send_buffered,1,S01,0,switch,0,51641,96,0,0,38,159.728,100,25,0,0
38,allocate_send_buffered,1,S01,0,switch,0,51650,20,0,0,38,159.728,100,25,0,0
38,allocate_send_buffered,1,S01,0,switch,0,51649,12,0,0,38,159.728,100,25,0,0
38,stage_arrival,0,S00,5,terminal,0,51641,96,0,0,38,1000,0,0,25,0
38,stage_arrival,17,S35,1,switch,56,51640,34,0,0,38,252.252,0,0,40.7016,0
38,stage_arrival,0,S00,5,terminal,0,51647,21,0,0,38,1000,0,0,25,0
38,stage_arrival,10,S61,0,switch,1,51641,96,0,0,38,227.172,25.6638,0,39.932,0
38,stage_arrival,0,S00,5,terminal,0,51653,15,0,0,38,1000,0,0,20,0
38,stage_arrival,0,S00,5,terminal,0,51652,122,0,0,38,1000,0,0,20.7016,0
38,stage_arrival,7,S45,2,switch,61,51653,15,0,0,38,100.666,0,0,40.7016,0
38,stage_arrival,50,S38,2,switch,4,51645,103,0,0,38,290.506,0,0,40.7016,0
38,stage_arrival,17,S35,1,switch,56,51643,35,0,0,38,252.252,0,0,40.7016,0
38,stage_arrival,0,S00,5,terminal,0,51650,20,0,0,38,1000,0,0,25,0
38,stage_arrival,4,S37,0,switch,0,51645,103,0,0,38,203.508,0,0,40.7016,0
38,stage_arrival,4,S37,0,switch,0,51652,122,0,0,38,203.508,0,0,40.7016,0
38,stage_arrival,56,S36,2,switch,4,51643,35,0,0,38,112.305,0,0,40.7016,0
38,stage_arrival,51,S48,0,switch,57,51645,103,0,0,38,201.033,0,0,40.7016,0
38,stage_arrival,0,S00,5,terminal,0,51649,12,0,0,38,1000,0,0,14.932,0
38,stage_arrival_coalesce,0,S00,5,terminal,0,51649,12,0,0,38,1000,0,0,39.932,0
38,stage_arrival,1,S01,0,switch,0,51641,96,0,0,38,159.728,0,0,39.932,0
38,stage_arrival,57,S47,1,switch,50,51645,103,0,0,38,259.289,0,0,40.7016,0
38,stage_arrival_coalesce,0,S00,5,terminal,0,51653,15,0,0,38,1000,0,0,40.7016,0
38,stage_arrival,0,S00,5,terminal,0,51640,34,0,0,38,1000,0,0,20,0
38,stage_arrival,50,S38,2,switch,4,51652,122,0,0,38,290.506,0,0,40.7016,0
38,stage_arrival,0,S00,5,terminal,0,51645,103,0,0,38,1000,0,0,20.7016,0
38,stage_arrival_coalesce,0,S00,5,terminal,0,51640,34,0,0,38,1000,0,0,40.7016,0
38,stage_arrival,48,S50,3,switch,10,51641,96,0,0,38,118.54,0,0,39.932,0
38,stage_arrival_coalesce,0,S00,5,terminal,0,51641,96,0,0,38,1000,0,0,39.932,0
38,stage_arrival,1,S01,0,switch,0,51650,20,0,0,38,159.728,0,0,39.932,0
38,stage_arrival,4,S37,0,switch,0,51643,35,0,0,38,203.508,0,0,40.7016,0
38,stage_arrival,56,S36,2,switch,4,51640,34,0,0,38,112.305,0,0,40.7016,0
38,stage_arrival,57,S47,1,switch,50,51653,15,0,0,38,259.289,0,0,40.7016,0
38,stage_arrival,0,S00,5,terminal,0,51643,35,0,0,38,1000,0,0,20,0
38,stage_arrival,1,S01,0,switch,0,51649,12,0,0,38,159.728,0,0,39.932,0
38,stage_arrival,6,S02,0,switch,1,51649,12,0,0,38,138.732,0,0,39.932,0
38,stage_arrival_coalesce,0,S00,5,terminal,0,51645,103,0,0,38,1000,0,0,40.7016,0
38,stage_arrival,4,S37,0,switch,0,51653,15,0,0,38,203.508,0,0,40.7016,0
38,stage_arrival,61,S46,1,switch,57,51653,15,0,0,38,199.213,0,0,40.7016,0
38,stage_arrival_coalesce,0,S00,5,terminal,0,51652,122,0,0,38,1000,0,0,40.7016,0
38,stage_arrival,57,S47,1,switch,50,51652,122,0,0,38,259.289,0,0,40.7016,0
38,stage_arrival,10,S61,0,switch,1,51647,21,0,0,38,227.172,25.6638,0,39.932,0
38,stage_arrival,50,S38,2,switch,4,51653,15,0,0,38,290.506,0,0,40.7016,0
38,stage_arrival,1,S01,0,switch,0,51647,21,0,0,38,159.728,0,0,39.932,0
38,stage_arrival_coalesce,0,S00,5,terminal,0,51647,21,0,0,38,1000,0,0,39.932,0
38,stage_arrival,10,S61,0,switch,1,51650,20,0,0,38,227.172,25.6638,0,39.932,0
38,stage_arrival_coalesce,0,S00,5,terminal,0,51643,35,0,0,38,1000,0,0,40.7016,0
38,stage_arrival,61,S46,1,switch,57,51652,122,0,0,38,199.213,0,0,40.7016,0
38,stage_arrival_coalesce,0,S00,5,terminal,0,51650,20,0,0,38,1000,0,0,39.932,0
38,stage_arrival,4,S37,0,switch,0,51640,34,0,0,38,203.508,0,0,40.7016,0
38,allocate_send_arrival,6,S02,0,switch,1,51649,12,0,0,38,138.732,0,39.932,0,0
38,allocate_send_arrival,7,S45,2,switch,61,51653,15,0,0,38,100.666,0,40.7016,0,0
38,allocate_send_arrival,0,S00,5,terminal,0,51641,96,0,0,38,1000,0,39.932,0,0
38,allocate_send_arrival,0,S00,5,terminal,0,51647,21,0,0,38,1000,0,39.932,0,0
38,allocate_send_arrival,0,S00,5,terminal,0,51653,15,0,0,38,1000,0,40.7016,1.45519e-14,0
38,allocate_send_arrival,0,S00,5,terminal,0,51652,122,0,0,38,1000,0,40.7016,1.45519e-14,0
38,allocate_send_arrival,0,S00,5,terminal,0,51650,20,0,0,38,1000,0,39.932,0,0
38,allocate_send_arrival,0,S00,5,terminal,0,51649,12,0,0,38,1000,0,39.932,0,0
38,allocate_send_arrival,0,S00,5,terminal,0,51640,34,0,0,38,1000,0,40.7016,1.45519e-14,0
38,allocate_send_arrival,0,S00,5,terminal,0,51645,103,0,0,38,1000,0,40.7016,1.45519e-14,0
38,allocate_send_arrival,0,S00,5,terminal,0,51643,35,0,0,38,1000,0,40.7016,1.45519e-14,0
38,allocate_send_arrival,1,S01,0,switch,0,51641,96,0,0,38,159.728,0,14.932,25,0
38,enqueue_residual,1,S01,0,switch,0,51641,96,0,0,38,159.728,0,0,25,0
38,allocate_send_arrival,1,S01,0,switch,0,51650,20,0,0,38,159.728,0,14.932,25,0
38,enqueue_residual,1,S01,0,switch,0,51650,20,0,0,38,159.728,0,0,25,0
38,allocate_send_arrival,1,S01,0,switch,0,51649,12,0,0,38,159.728,0,14.932,25,0
38,enqueue_residual,1,S01,0,switch,0,51649,12,0,0,38,159.728,0,0,25,0
38,allocate_send_arrival,1,S01,0,switch,0,51647,21,0,0,38,159.728,0,14.932,25,0
38,enqueue_residual,1,S01,0,switch,0,51647,21,0,0,38,159.728,0,0,25,0
38,allocate_send_arrival,61,S46,1,switch,57,51653,15,0,0,38,199.213,0,40.7016,0,0
38,allocate_send_arrival,61,S46,1,switch,57,51652,122,0,0,38,199.213,0,40.7016,0,0
38,allocate_send_arrival,4,S37,0,switch,0,51645,103,0,0,38,203.508,0,20.7016,20,0
38,enqueue_residual,4,S37,0,switch,0,51645,103,0,0,38,203.508,0,0,20,0
38,allocate_send_arrival,4,S37,0,switch,0,51652,122,0,0,38,203.508,0,20.7016,20,0
38,enqueue_residual,4,S37,0,switch,0,51652,122,0,0,38,203.508,0,0,20,0
38,allocate_send_arrival,4,S37,0,switch,0,51643,35,0,0,38,203.508,0,20.7016,20,0
38,enqueue_residual,4,S37,0,switch,0,51643,35,0,0,38,203.508,0,0,20,0
38,allocate_send_arrival,4,S37,0,switch,0,51653,15,0,0,38,203.508,0,20.7016,20,0
38,enqueue_residual,4,S37,0,switch,0,51653,15,0,0,38,203.508,0,0,20,0
38,allocate_send_arrival,4,S37,0,switch,0,51640,34,0,0,38,203.508,0,20.7016,20,0
38,enqueue_residual,4,S37,0,switch,0,51640,34,0,0,38,203.508,0,0,20,0
38,allocate_send_arrival,51,S48,0,switch,57,51645,103,0,0,38,201.033,0,40.7016,0,0
38,allocate_send_arrival,56,S36,2,switch,4,51643,35,0,0,38,112.305,0,40.7016,0,0
38,allocate_send_arrival,56,S36,2,switch,4,51640,34,0,0,38,112.305,0,40.7016,0,0
38,allocate_send_arrival,48,S50,3,switch,10,51641,96,0,0,38,118.54,0,39.932,0,0
38,allocate_send_arrival,17,S35,1,switch,56,51640,34,0,0,38,252.252,0,40.7016,0,0
38,allocate_send_arrival,17,S35,1,switch,56,51643,35,0,0,38,252.252,0,40.7016,0,0
38,allocate_send_arrival,57,S47,1,switch,50,51645,103,0,0,38,259.289,0,40.7016,0,0
38,allocate_send_arrival,57,S47,1,switch,50,51653,15,0,0,38,259.289,0,40.7016,0,0
38,allocate_send_arrival,57,S47,1,switch,50,51652,122,0,0,38,259.289,0,40.7016,0,0
38,allocate_send_arrival,10,S61,0,switch,1,51641,96,0,0,38,227.172,25.6638,39.932,0,0
38,allocate_send_arrival,10,S61,0,switch,1,51647,21,0,0,38,227.172,25.6638,39.932,0,0
38,allocate_send_arrival,10,S61,0,switch,1,51650,20,0,0,38,227.172,25.6638,39.932,0,0
38,allocate_send_arrival,50,S38,2,switch,4,51645,103,0,0,38,290.506,0,40.7016,0,0
38,allocate_send_arrival,50,S38,2,switch,4,51652,122,0,0,38,290.506,0,40.7016,0,0
38,allocate_send_arrival,50,S38,2,switch,4,51653,15,0,0,38,290.506,0,40.7016,0,0
39,allocate_send_buffered,1,S01,0,switch,0,51641,96,0,0,39,159.728,100,25,0,0
39,allocate_send_buffered,1,S01,0,switch,0,51650,20,0,0,39,159.728,100,25,0,0
39,allocate_send_buffered,1,S01,0,switch,0,51649,12,0,0,39,159.728,100,25,0,0
39,allocate_send_buffered,1,S01,0,switch,0,51647,21,0,0,39,159.728,100,25,0,0
39,allocate_send_buffered,4,S37,0,switch,0,51645,103,0,0,39,203.508,100,20,0,0
39,allocate_send_buffered,4,S37,0,switch,0,51652,122,0,0,39,203.508,100,20,0,0
39,allocate_send_buffered,4,S37,0,switch,0,51643,35,0,0,39,203.508,100,20,0,0
39,allocate_send_buffered,4,S37,0,switch,0,51653,15,0,0,39,203.508,100,20,0,0
39,allocate_send_buffered,4,S37,0,switch,0,51640,34,0,0,39,203.508,100,20,0,0
39,stage_arrival,4,S37,0,switch,0,51643,35,0,0,39,203.508,0,0,40.7016,0
39,stage_arrival,1,S01,0,switch,0,51649,12,0,0,39,159.728,0,0,39.932,0
39,stage_arrival,0,S00,5,terminal,0,51652,122,0,0,39,1000,0,0,20.7016,0
39,stage_arrival,1,S01,0,switch,0,51641,96,0,0,39,159.728,0,0,39.932,0
39,stage_arrival,6,S02,0,switch,1,51649,12,0,0,39,138.732,0,0,39.932,0
39,stage_arrival,51,S48,0,switch,57,51645,103,0,0,39,201.033,0,0,40.7016,0
39,stage_arrival,48,S50,3,switch,10,51641,96,0,0,39,118.54,0,0,39.932,0
39,stage_arrival,10,S61,0,switch,1,51641,96,0,0,39,227.172,25.6638,0,39.932,0
39,stage_arrival,0,S00,5,terminal,0,51647,21,0,0,39,1000,0,0,25,0
39,stage_arrival,50,S38,2,switch,4,51645,103,0,0,39,290.506,0,0,40.7016,0
39,stage_arrival,0,S00,5,terminal,0,51649,12,0,0,39,1000,0,0,14.932,0
39,stage_arrival,0,S00,5,terminal,0,51645,103,0,0,39,1000,0,0,20.7016,0
39,stage_arrival,56,S36,2,switch,4,51643,35,0,0,39,112.305,0,0,40.7016,0
39,stage_arrival,57,S47,1,switch,50,51652,122,0,0,39,259.289,0,0,40.7016,0
39,stage_arrival,61,S46,1,switch,57,51653,15,0,0,39,199.213,0,0,40.7016,0
39,stage_arrival,0,S00,5,terminal,0,51641,96,0,0,39,1000,0,0,14.932,0
39,stage_arrival,17,S35,1,switch,56,51643,35,0,0,39,252.252,0,0,40.7016,0
39,stage_arrival,0,S00,5,terminal,0,51643,35,0,0,39,1000,0,0,20.7016,0
39,stage_arrival,0,S00,5,terminal,0,51650,20,0,0,39,1000,0,0,14.932,0
39,stage_arrival,0,S00,5,terminal,0,51640,34,0,0,39,1000,0,0,20,0
39,stage_arrival,56,S36,2,switch,4,51640,34,0,0,39,112.305,0,0,40.7016,0
39,stage_arrival,17,S35,1,switch,56,51640,34,0,0,39,252.252,0,0,40.7016,0
39,stage_arrival,0,S00,5,terminal,0,51653,15,0,0,39,1000,0,0,20.7016,0
39,stage_arrival_coalesce,0,S00,5,terminal,0,51640,34,0,0,39,1000,0,0,40.7016,0
39,stage_arrival,50,S38,2,switch,4,51652,122,0,0,39,290.506,0,0,40.7016,0
39,stage_arrival,1,S01,0,switch,0,51650,20,0,0,39,159.728,0,0,39.932,0
39,stage_arrival,7,S45,2,switch,61,51653,15,0,0,39,100.666,0,0,40.7016,0
39,stage_arrival,10,S61,0,switch,1,51650,20,0,0,39,227.172,25.6638,0,39.932,0
39,stage_arrival,1,S01,0,switch,0,51647,21,0,0,39,159.728,0,0,39.932,0
39,stage_arrival,4,S37,0,switch,0,51652,122,0,0,39,203.508,0,0,40.7016,0
39,stage_arrival_coalesce,0,S00,5,terminal,0,51647,21,0,0,39,1000,0,0,39.932,0
39,stage_arrival,4,S37,0,switch,0,51640,34,0,0,39,203.508,0,0,40.7016,0
39,stage_arrival,50,S38,2,switch,4,51653,15,0,0,39,290.506,0,0,40.7016,0
39,stage_arrival_coalesce,0,S00,5,terminal,0,51653,15,0,0,39,1000,0,0,40.7016,0
39,stage_arrival,57,S47,1,switch,50,51645,103,0,0,39,259.289,0,0,40.7016,0
39,stage_arrival_coalesce,0,S00,5,terminal,0,51643,35,0,0,39,1000,0,0,40.7016,0
39,stage_arrival_coalesce,0,S00,5,terminal,0,51652,122,0,0,39,1000,0,0,40.7016,0
39,stage_arrival,10,S61,0,switch,1,51647,21,0,0,39,227.172,25.6638,0,39.932,0
39,stage_arrival,57,S47,1,switch,50,51653,15,0,0,39,259.289,0,0,40.7016,0
39,stage_arrival_coalesce,0,S00,5,terminal,0,51649,12,0,0,39,1000,0,0,39.932,0
39,stage_arrival_coalesce,0,S00,5,terminal,0,51641,96,0,0,39,1000,0,0,39.932,0
39,stage_arrival_coalesce,0,S00,5,terminal,0,51650,20,0,0,39,1000,0,0,39.932,0
39,stage_arrival_coalesce,0,S00,5,terminal,0,51645,103,0,0,39,1000,0,0,40.7016,0
39,stage_arrival,4,S37,0,switch,0,51645,103,0,0,39,203.508,0,0,40.7016,0
39,stage_arrival,61,S46,1,switch,57,51652,122,0,0,39,199.213,0,0,40.7016,0
39,stage_arrival,4,S37,0,switch,0,51653,15,0,0,39,203.508,0,0,40.7016,0
39,allocate_send_arrival,48,S50,3,switch,10,51641,96,0,0,39,118.54,0,39.932,0,0
39,allocate_send_arrival,57,S47,1,switch,50,51652,122,0,0,39,259.289,0,40.7016,0,0
39,allocate_send_arrival,57,S47,1,switch,50,51645,103,0,0,39,259.289,0,40.7016,0,0
39,allocate_send_arrival,57,S47,1,switch,50,51653,15,0,0,39,259.289,0,40.7016,0,0
39,allocate_send_arrival,4,S37,0,switch,0,51643,35,0,0,39,203.508,0,20.7016,20,0
39,enqueue_residual,4,S37,0,switch,0,51643,35,0,0,39,203.508,0,0,20,0
39,allocate_send_arrival,4,S37,0,switch,0,51652,122,0,0,39,203.508,0,20.7016,20,0
39,enqueue_residual,4,S37,0,switch,0,51652,122,0,0,39,203.508,0,0,20,0
39,allocate_send_arrival,4,S37,0,switch,0,51640,34,0,0,39,203.508,0,20.7016,20,0
39,enqueue_residual,4,S37,0,switch,0,51640,34,0,0,39,203.508,0,0,20,0
39,allocate_send_arrival,4,S37,0,switch,0,51645,103,0,0,39,203.508,0,20.7016,20,0
39,enqueue_residual,4,S37,0,switch,0,51645,103,0,0,39,203.508,0,0,20,0
39,allocate_send_arrival,4,S37,0,switch,0,51653,15,0,0,39,203.508,0,20.7016,20,0
39,enqueue_residual,4,S37,0,switch,0,51653,15,0,0,39,203.508,0,0,20,0
39,allocate_send_arrival,6,S02,0,switch,1,51649,12,0,0,39,138.732,0,39.932,0,0
39,allocate_send_arrival,51,S48,0,switch,57,51645,103,0,0,39,201.033,0,40.7016,0,0
39,allocate_send_arrival,7,S45,2,switch,61,51653,15,0,0,39,100.666,0,40.7016,0,0
39,allocate_send_arrival,17,S35,1,switch,56,51643,35,0,0,39,252.252,0,40.7016,0,0
39,allocate_send_arrival,17,S35,1,switch,56,51640,34,0,0,39,252.252,0,40.7016,0,0
39,allocate_send_arrival,0,S00,5,terminal,0,51652,122,0,0,39,1000,0,40.7016,7.27596e-15,0
39,allocate_send_arrival,0,S00,5,terminal,0,51647,21,0,0,39,1000,0,39.932,0,0
39,allocate_send_arrival,0,S00,5,terminal,0,51649,12,0,0,39,1000,0,39.932,0,0
39,allocate_send_arrival,0,S00,5,terminal,0,51645,103,0,0,39,1000,0,40.7016,7.27596e-15,0
39,allocate_send_arrival,0,S00,5,terminal,0,51641,96,0,0,39,1000,0,39.932,0,0
39,allocate_send_arrival,0,S00,5,terminal,0,51643,35,0,0,39,1000,0,40.7016,7.27596e-15,0
39,allocate_send_arrival,0,S00,5,terminal,0,51650,20,0,0,39,1000,0,39.932,0,0
39,allocate_send_arrival,0,S00,5,terminal,0,51640,34,0,0,39,1000,0,40.7016,7.27596e-15,0
39,allocate_send_arrival,0,S00,5,terminal,0,51653,15,0,0,39,1000,0,40.7016,7.27596e-15,0
39,allocate_send_arrival,50,S38,2,switch,4,51645,103,0,0,39,290.506,0,40.7016,0,0
39,allocate_send_arrival,50,S38,2,switch,4,51652,122,0,0,39,290.506,0,40.7016,0,0
39,allocate_send_arrival,50,S38,2,switch,4,51653,15,0,0,39,290.506,0,40.7016,0,0
39,allocate_send_arrival,10,S61,0,switch,1,51641,96,0,0,39,227.172,25.6638,39.932,0,0
39,allocate_send_arrival,10,S61,0,switch,1,51650,20,0,0,39,227.172,25.6638,39.932,0,0
39,allocate_send_arrival,10,S61,0,switch,1,51647,21,0,0,39,227.172,25.6638,39.932,0,0
39,allocate_send_arrival,56,S36,2,switch,4,51643,35,0,0,39,112.305,0,40.7016,0,0
39,allocate_send_arrival,56,S36,2,switch,4,51640,34,0,0,39,112.305,0,40.7016,0,0
39,allocate_send_arrival,1,S01,0,switch,0,51649,12,0,0,39,159.728,0,14.932,25,0
39,enqueue_residual,1,S01,0,switch,0,51649,12,0,0,39,159.728,0,0,25,0
39,allocate_send_arrival,1,S01,0,switch,0,51641,96,0,0,39,159.728,0,14.932,25,0
39,enqueue_residual,1,S01,0,switch,0,51641,96,0,0,39,159.728,0,0,25,0
39,allocate_send_arrival,1,S01,0,switch,0,51650,20,0,0,39,159.728,0,14.932,25,0
39,enqueue_residual,1,S01,0,switch,0,51650,20,0,0,39,159.728,0,0,25,0
39,allocate_send_arrival,1,S01,0,switch,0,51647,21,0,0,39,159.728,0,14.932,25,0
39,enqueue_residual,1,S01,0,switch,0,51647,21,0,0,39,159.728,0,0,25,0
39,allocate_send_arrival,61,S46,1,switch,57,51653,15,0,0,39,199.213,0,40.7016,0,0
39,allocate_send_arrival,61,S46,1,switch,57,51652,122,0,0,39,199.213,0,40.7016,0,0
40,stage_arrival,0,S00,5,terminal,0,51649,12,0,0,40,1000,0,0,25,0
40,stage_arrival,0,S00,5,terminal,0,51645,103,0,0,40,1000,0,0,20.7016,0
40,stage_arrival,57,S47,1,switch,50,51645,103,0,0,40,259.289,0,0,40.7016,0
40,stage_arrival,0,S00,5,terminal,0,51652,122,0,0,40,1000,0,0,20,0
40,stage_arrival,6,S02,0,switch,1,51649,12,0,0,40,138.732,0,0,39.932,0
40,stage_arrival,0,S00,5,terminal,0,51640,34,0,0,40,1000,0,0,20.7016,0
40,stage_arrival,56,S36,2,switch,4,51640,34,0,0,40,112.305,0,0,40.7016,0
40,stage_arrival,0,S00,5,terminal,0,51647,21,0,0,40,1000,0,0,25,0
40,stage_arrival,17,S35,1,switch,56,51643,35,0,0,40,252.252,0,0,40.7016,0
40,stage_arrival_coalesce,0,S00,5,terminal,0,51649,12,0,0,40,1000,0,0,39.932,0
40,stage_arrival,0,S00,5,terminal,0,51650,20,0,0,40,1000,0,0,25,0
40,stage_arrival_coalesce,0,S00,5,terminal,0,51640,34,0,0,40,1000,0,0,40.7016,0
40,stage_arrival,61,S46,1,switch,57,51653,15,0,0,40,199.213,0,0,40.7016,0
40,stage_arrival,57,S47,1,switch,50,51652,122,0,0,40,259.289,0,0,40.7016,0
40,stage_arrival,10,S61,0,switch,1,51647,21,0,0,40,227.172,25.6638,0,39.932,0
40,stage_arrival,4,S37,0,switch,0,51652,122,0,0,40,203.508,100,0,40.7016,0
40,stage_arrival,4,S37,0,switch,0,51653,15,0,0,40,203.508,100,0,40.7016,0
40,stage_arrival,1,S01,0,switch,0,51641,96,0,0,40,159.728,100,0,39.932,0
40,stage_arrival,0,S00,5,terminal,0,51653,15,0,0,40,1000,0,0,20,0
40,stage_arrival,4,S37,0,switch,0,51640,34,0,0,40,203.508,100,0,40.7016,0
40,stage_arrival,51,S48,0,switch,57,51645,103,0,0,40,201.033,0,0,40.7016,0
40,stage_arrival,50,S38,2,switch,4,51652,122,0,0,40,290.506,0,0,40.7016,0
40,stage_arrival,10,S61,0,switch,1,51641,96,0,0,40,227.172,25.6638,0,39.932,0
40,stage_arrival,48,S50,3,switch,10,51641,96,0,0,40,118.54,0,0,39.932,0
40,stage_arrival,0,S00,5,terminal,0,51643,35,0,0,40,1000,0,0,20.7016,0
40,stage_arrival_coalesce,0,S00,5,terminal,0,51647,21,0,0,40,1000,0,0,39.932,0
40,stage_arrival,50,S38,2,switch,4,51645,103,0,0,40,290.506,0,0,40.7016,0
40,stage_arrival,1,S01,0,switch,0,51649,12,0,0,40,159.728,100,0,39.932,0
40,stage_arrival,4,S37,0,switch,0,51643,35,0,0,40,203.508,100,0,40.7016,0
40,stage_arrival,56,S36,2,switch,4,51643,35,0,0,40,112.305,0,0,40.7016,0
40,stage_arrival,61,S46,1,switch,57,51652,122,0,0,40,199.213,0,0,40.7016,0
40,stage_arrival,50,S38,2,switch,4,51653,15,0,0,40,290.506,0,0,40.7016,0
40,stage_arrival_coalesce,0,S00,5,terminal,0,51645,103,0,0,40,1000,0,0,40.7016,0
40,stage_arrival,1,S01,0,switch,0,51647,21,0,0,40,159.728,100,0,39.932,0
40,stage_arrival,1,S01,0,switch,0,51650,20,0,0,40,159.728,100,0,39.932,0
40,stage_arrival,0,S00,5,terminal,0,51641,96,0,0,40,1000,0,0,25,0
40,stage_arrival_coalesce,0,S00,5,terminal,0,51643,35,0,0,40,1000,0,0,40.7016,0
40,stage_arrival_coalesce,0,S00,5,terminal,0,51650,20,0,0,40,1000,0,0,39.932,0
40,stage_arrival,17,S35,1,switch,56,51640,34,0,0,40,252.252,0,0,40.7016,0
40,stage_arrival,7,S45,2,switch,61,51653,15,0,0,40,100.666,0,0,40.7016,0
40,stage_arrival,10,S61,0,switch,1,51650,20,0,0,40,227.172,25.6638,0,39.932,0
40,stage_arrival,4,S37,0,switch,0,51645,103,0,0,40,203.508,100,0,40.7016,0
40,stage_arrival_coalesce,0,S00,5,terminal,0,51641,96,0,0,40,1000,0,0,39.932,0
40,stage_arrival_coalesce,0,S00,5,terminal,0,51653,15,0,0,40,1000,0,0,40.7016,0
40,stage_arrival,57,S47,1,switch,50,51653,15,0,0,40,259.289,0,0,40.7016,0
40,stage_arrival_coalesce,0,S00,5,terminal,0,51652,122,0,0,40,1000,0,0,40.7016,0
