interval,event,switch,switch_name,port,target_type,target_index,flow_id,source_terminal,destination_terminal,creation_interval,age_intervals,capacity_gbit,queued_before_gbit,send_gbit,remaining_after_gbit,dropped_gbit
1,stage_arrival,56,S36,2,switch,4,50867,112,0,0,1,112.305,0,0,100,0
1,stage_arrival,26,S33,0,switch,3,50862,52,0,0,1,174.708,0,0,60.4109,0
1,stage_arrival,36,S18,0,switch,35,50863,72,0,0,1,247.316,0,0,35.4988,0
1,stage_arrival,36,S18,0,switch,35,50860,73,0,0,1,247.316,0,0,35.4988,0
1,stage_arrival,46,S24,1,switch,44,50861,93,0,0,1,217.722,0,0,100,0
1,stage_arrival,38,S42,0,switch,42,50864,77,0,0,1,176.64,0,0,60.693,0
1,stage_arrival,54,S31,1,switch,37,50865,109,0,0,1,242.335,0,0,35.3074,0
1,stage_arrival,45,S28,2,switch,43,50866,91,0,0,1,227.415,0,0,100,0
1,allocate_send_arrival,56,S36,2,switch,4,50867,112,0,0,1,112.305,0,100,0,0
1,allocate_send_arrival,36,S18,0,switch,35,50863,72,0,0,1,247.316,0,35.4988,0,0
1,allocate_send_arrival,36,S18,0,switch,35,50860,73,0,0,1,247.316,0,35.4988,0,0
1,allocate_send_arrival,38,S42,0,switch,42,50864,77,0,0,1,176.64,0,60.693,0,0
1,allocate_send_arrival,45,S28,2,switch,43,50866,91,0,0,1,227.415,0,100,0,0
1,allocate_send_arrival,26,S33,0,switch,3,50862,52,0,0,1,174.708,0,60.4109,0,0
1,allocate_send_arrival,54,S31,1,switch,37,50865,109,0,0,1,242.335,0,35.3074,0,0
1,allocate_send_arrival,46,S24,1,switch,44,50861,93,0,0,1,217.722,0,100,0,0
2,stage_arrival,37,S32,0,switch,0,50865,109,0,0,2,103.31,0,0,35.3074,0
2,stage_arrival,56,S36,2,switch,4,50867,112,0,0,2,112.305,0,0,100,0
2,stage_arrival,43,S22,0,switch,0,50866,91,0,0,2,203.304,0,0,100,0
2,stage_arrival,46,S24,1,switch,44,50861,93,0,0,2,217.722,0,0,100,0
2,stage_arrival,42,S20,2,switch,3,50864,77,0,0,2,251.806,0,0,60.693,0
2,stage_arrival,35,S17,2,switch,37,50863,72,0,0,2,246.878,0,0,35.4988,0
2,stage_arrival,38,S42,0,switch,42,50864,77,0,0,2,176.64,0,0,59.5645,0
2,stage_arrival,45,S28,2,switch,43,50866,91,0,0,2,227.415,0,0,100,0
2,stage_arrival,3,S27,0,switch,0,50862,52,0,0,2,119.129,0,0,60.4109,0
2,stage_arrival,35,S17,2,switch,37,50860,73,0,0,2,246.878,0,0,35.4988,0
2,stage_arrival,36,S18,0,switch,35,50863,72,0,0,2,247.316,0,0,34.4367,0
2,stage_arrival,44,S23,0,switch,43,50861,93,0,0,2,211.017,0,0,100,0
2,stage_arrival,36,S18,0,switch,35,50860,73,0,0,2,247.316,0,0,34.4367,0
2,stage_arrival,26,S33,0,switch,3,50862,52,0,0,2,174.708,0,0,59.5645,0
2,stage_arrival,4,S37,0,switch,0,50867,112,0,0,2,203.508,0,0,100,0
2,stage_arrival,54,S31,1,switch,37,50865,109,0,0,2,242.335,0,0,34.4367,0
2,allocate_send_arrival,4,S37,0,switch,0,50867,112,0,0,2,203.508,0,100,0,0
2,allocate_send_arrival,35,S17,2,switch,37,50863,72,0,0,2,246.878,0,35.4988,0,0
2,allocate_send_arrival,35,S17,2,switch,37,50860,73,0,0,2,246.878,0,35.4988,0,0
2,allocate_send_arrival,44,S23,0,switch,43,50861,93,0,0,2,211.017,0,100,0,0
2,allocate_send_arrival,43,S22,0,switch,0,50866,91,0,0,2,203.304,0,100,0,0
2,allocate_send_arrival,42,S20,2,switch,3,50864,77,0,0,2,251.806,0,60.693,0,0
2,allocate_send_arrival,45,S28,2,switch,43,50866,91,0,0,2,227.415,0,100,0,0
2,allocate_send_arrival,38,S42,0,switch,42,50864,77,0,0,2,176.64,0,59.5645,0,0
2,allocate_send_arrival,26,S33,0,switch,3,50862,52,0,0,2,174.708,0,59.5645,0,0
2,allocate_send_arrival,36,S18,0,switch,35,50863,72,0,0,2,247.316,0,34.4367,0,0
2,allocate_send_arrival,36,S18,0,switch,35,50860,73,0,0,2,247.316,0,34.4367,0,0
2,allocate_send_arrival,37,S32,0,switch,0,50865,109,0,0,2,103.31,0,35.3074,0,0
2,allocate_send_arrival,56,S36,2,switch,4,50867,112,0,0,2,112.305,0,100,0,0
2,allocate_send_arrival,3,S27,0,switch,0,50862,52,0,0,2,119.129,0,60.4109,0,0
2,allocate_send_arrival,54,S31,1,switch,37,50865,109,0,0,2,242.335,0,34.4367,0,0
2,allocate_send_arrival,46,S24,1,switch,44,50861,93,0,0,2,217.722,0,100,0,0
3,stage_arrival,37,S32,0,switch,0,50860,73,0,0,3,103.31,0,0,35.4988,0
3,stage_arrival,42,S20,2,switch,3,50864,77,0,0,3,251.806,0,0,59.5645,0
3,stage_arrival,37,S32,0,switch,0,50863,72,0,0,3,103.31,0,0,35.4988,0
3,stage_arrival,0,S00,5,terminal,0,50865,109,0,0,3,1000,0,0,35.3074,0
3,stage_arrival,43,S22,0,switch,0,50861,93,0,0,3,203.304,0,0,100,0
3,stage_arrival,38,S42,0,switch,42,50864,77,0,0,3,176.64,0,0,59.5645,0
3,stage_arrival,54,S31,1,switch,37,50865,109,0,0,3,242.335,0,0,34.4367,0
3,stage_arrival,3,S27,0,switch,0,50862,52,0,0,3,119.129,0,0,59.5645,0
3,stage_arrival,35,S17,2,switch,37,50863,72,0,0,3,246.878,0,0,34.4367,0
3,stage_arrival,0,S00,5,terminal,0,50862,52,0,0,3,1000,0,0,60.4109,0
3,stage_arrival,43,S22,0,switch,0,50866,91,0,0,3,203.304,0,0,100,0
3,stage_arrival,45,S28,2,switch,43,50866,91,0,0,3,227.415,0,0,100,0
3,stage_arrival,26,S33,0,switch,3,50862,52,0,0,3,174.708,0,0,59.5645,0
3,stage_arrival,4,S37,0,switch,0,50867,112,0,0,3,203.508,0,0,100,0
3,stage_arrival,3,S27,0,switch,0,50864,77,0,0,3,119.129,0,0,60.693,0
3,stage_arrival,0,S00,5,terminal,0,50867,112,0,0,3,1000,0,0,100,0
3,stage_arrival,56,S36,2,switch,4,50867,112,0,0,3,112.305,0,0,100,0
3,stage_arrival,46,S24,1,switch,44,50861,93,0,0,3,217.722,0,0,100,0
3,stage_arrival,36,S18,0,switch,35,50863,72,0,0,3,247.316,0,0,34.4367,0
3,stage_arrival,44,S23,0,switch,43,50861,93,0,0,3,211.017,0,0,100,0
3,stage_arrival,37,S32,0,switch,0,50865,109,0,0,3,103.31,0,0,34.4367,0
3,stage_arrival,35,S17,2,switch,37,50860,73,0,0,3,246.878,0,0,34.4367,0
3,stage_arrival,0,S00,5,terminal,0,50866,91,0,0,3,1000,0,0,100,0
3,stage_arrival,36,S18,0,switch,35,50860,73,0,0,3,247.316,0,0,34.4367,0
3,allocate_send_arrival,44,S23,0,switch,43,50861,93,0,0,3,211.017,0,100,0,0
3,allocate_send_arrival,46,S24,1,switch,44,50861,93,0,0,3,217.722,0,100,0,0
3,allocate_send_arrival,42,S20,2,switch,3,50864,77,0,0,3,251.806,0,59.5645,0,0
3,allocate_send_arrival,56,S36,2,switch,4,50867,112,0,0,3,112.305,0,100,0,0
3,allocate_send_arrival,45,S28,2,switch,43,50866,91,0,0,3,227.415,0,100,0,0
3,allocate_send_arrival,26,S33,0,switch,3,50862,52,0,0,3,174.708,0,59.5645,0,0
3,allocate_send_arrival,0,S00,5,terminal,0,50865,109,0,0,3,1000,0,35.3074,0,0
3,allocate_send_arrival,0,S00,5,terminal,0,50862,52,0,0,3,1000,0,60.4109,0,0
3,allocate_send_arrival,0,S00,5,terminal,0,50867,112,0,0,3,1000,0,100,0,0
3,allocate_send_arrival,0,S00,5,terminal,0,50866,91,0,0,3,1000,0,100,0,0
3,allocate_send_arrival,4,S37,0,switch,0,50867,112,0,0,3,203.508,0,100,0,0
3,allocate_send_arrival,43,S22,0,switch,0,50861,93,0,0,3,203.304,0,100,0,0
3,allocate_send_arrival,43,S22,0,switch,0,50866,91,0,0,3,203.304,0,100,0,0
3,allocate_send_arrival,35,S17,2,switch,37,50863,72,0,0,3,246.878,0,34.4367,0,0
3,allocate_send_arrival,35,S17,2,switch,37,50860,73,0,0,3,246.878,0,34.4367,0,0
3,allocate_send_arrival,38,S42,0,switch,42,50864,77,0,0,3,176.64,0,59.5645,0,0
3,allocate_send_arrival,54,S31,1,switch,37,50865,109,0,0,3,242.335,0,34.4367,0,0
3,allocate_send_arrival,3,S27,0,switch,0,50862,52,0,0,3,119.129,0,59.5645,0,0
3,allocate_send_arrival,3,S27,0,switch,0,50864,77,0,0,3,119.129,0,59.5645,1.12852,0
3,enqueue_residual,3,S27,0,switch,0,50864,77,0,0,3,119.129,0,0,1.12852,0
3,allocate_send_arrival,36,S18,0,switch,35,50863,72,0,0,3,247.316,0,34.4367,0,0
3,allocate_send_arrival,36,S18,0,switch,35,50860,73,0,0,3,247.316,0,34.4367,0,0
3,allocate_send_arrival,37,S32,0,switch,0,50860,73,0,0,3,103.31,0,34.4367,1.06212,0
3,enqueue_residual,37,S32,0,switch,0,50860,73,0,0,3,103.31,0,0,1.06212,0
3,allocate_send_arrival,37,S32,0,switch,0,50863,72,0,0,3,103.31,0,34.4367,1.06212,0
3,enqueue_residual,37,S32,0,switch,0,50863,72,0,0,3,103.31,0,0,1.06212,0
3,allocate_send_arrival,37,S32,0,switch,0,50865,109,0,0,3,103.31,0,34.4367,0,0
4,allocate_send_buffered,37,S32,0,switch,0,50860,73,0,0,4,103.31,2.12424,1.06212,0,0
4,allocate_send_buffered,37,S32,0,switch,0,50863,72,0,0,4,103.31,2.12424,1.06212,0,0
4,allocate_send_buffered,3,S27,0,switch,0,50864,77,0,0,4,119.129,1.12852,1.12852,0,0
4,stage_arrival,0,S00,5,terminal,0,50861,93,0,0,4,1000,0,0,100,0
4,stage_arrival,0,S00,5,terminal,0,50865,109,0,0,4,1000,0,0,34.4367,0
4,stage_arrival,3,S27,0,switch,0,50862,52,0,0,4,119.129,0,0,59.5645,0
4,stage_arrival,37,S32,0,switch,0,50863,72,0,0,4,103.31,0,0,34.4367,0
4,stage_arrival,46,S24,1,switch,44,50861,93,0,0,4,217.722,0,0,100,0
4,stage_arrival,38,S42,0,switch,42,50864,77,0,0,4,176.64,0,0,59.5645,0
4,stage_arrival,54,S31,1,switch,37,50865,109,0,0,4,242.335,0,0,34.4367,0
4,stage_arrival,45,S28,2,switch,43,50866,91,0,0,4,227.415,0,0,100,0
4,stage_arrival,35,S17,2,switch,37,50860,73,0,0,4,246.878,0,0,34.4367,0
4,stage_arrival,36,S18,0,switch,35,50863,72,0,0,4,247.316,0,0,34.4367,0
4,stage_arrival,37,S32,0,switch,0,50865,109,0,0,4,103.31,0,0,34.4367,0
4,stage_arrival,43,S22,0,switch,0,50861,93,0,0,4,203.304,0,0,100,0
4,stage_arrival,4,S37,0,switch,0,50867,112,0,0,4,203.508,0,0,100,0
4,stage_arrival,3,S27,0,switch,0,50864,77,0,0,4,119.129,0,0,59.5645,0
4,stage_arrival,56,S36,2,switch,4,50867,112,0,0,4,112.305,0,0,100,0
4,stage_arrival,26,S33,0,switch,3,50862,52,0,0,4,174.708,0,0,59.5645,0
4,stage_arrival,44,S23,0,switch,43,50861,93,0,0,4,211.017,0,0,100,0
4,stage_arrival,37,S32,0,switch,0,50860,73,0,0,4,103.31,0,0,34.4367,0
4,stage_arrival,35,S17,2,switch,37,50863,72,0,0,4,246.878,0,0,34.4367,0
4,stage_arrival,0,S00,5,terminal,0,50864,77,0,0,4,1000,0,0,59.5645,0
4,stage_arrival,0,S00,5,terminal,0,50866,91,0,0,4,1000,0,0,100,0
4,stage_arrival,0,S00,5,terminal,0,50867,112,0,0,4,1000,0,0,100,0
4,stage_arrival,43,S22,0,switch,0,50866,91,0,0,4,203.304,0,0,100,0
4,stage_arrival,0,S00,5,terminal,0,50862,52,0,0,4,1000,0,0,59.5645,0
4,stage_arrival,42,S20,2,switch,3,50864,77,0,0,4,251.806,0,0,59.5645,0
4,stage_arrival,36,S18,0,switch,35,50860,73,0,0,4,247.316,0,0,34.4367,0
4,stage_arrival,0,S00,5,terminal,0,50860,73,0,0,4,1000,0,0,34.4367,0
4,stage_arrival,0,S00,5,terminal,0,50863,72,0,0,4,1000,0,0,34.4367,0
4,allocate_send_arrival,45,S28,2,switch,43,50866,91,0,0,4,227.415,0,100,0,0
4,allocate_send_arrival,38,S42,0,switch,42,50864,77,0,0,4,176.64,0,59.5645,0,0
4,allocate_send_arrival,36,S18,0,switch,35,50863,72,0,0,4,247.316,0,34.4367,0,0
4,allocate_send_arrival,36,S18,0,switch,35,50860,73,0,0,4,247.316,0,34.4367,0,0
4,allocate_send_arrival,0,S00,5,terminal,0,50861,93,0,0,4,1000,0,100,0,0
4,allocate_send_arrival,0,S00,5,terminal,0,50865,109,0,0,4,1000,0,34.4367,0,0
4,allocate_send_arrival,0,S00,5,terminal,0,50864,77,0,0,4,1000,0,59.5645,0,0
4,allocate_send_arrival,0,S00,5,terminal,0,50866,91,0,0,4,1000,0,100,0,0
4,allocate_send_arrival,0,S00,5,terminal,0,50867,112,0,0,4,1000,0,100,0,0
4,allocate_send_arrival,0,S00,5,terminal,0,50862,52,0,0,4,1000,0,59.5645,0,0
4,allocate_send_arrival,0,S00,5,terminal,0,50860,73,0,0,4,1000,0,34.4367,0,0
4,allocate_send_arrival,0,S00,5,terminal,0,50863,72,0,0,4,1000,0,34.4367,0,0
4,allocate_send_arrival,3,S27,0,switch,0,50862,52,0,0,4,119.129,0,59.0002,0.564261,0
4,enqueue_residual,3,S27,0,switch,0,50862,52,0,0,4,119.129,0,0,0.564261,0
4,allocate_send_arrival,3,S27,0,switch,0,50864,77,0,0,4,119.129,0,59.0002,0.564261,0
4,enqueue_residual,3,S27,0,switch,0,50864,77,0,0,4,119.129,0,0,0.564261,0
4,allocate_send_arrival,37,S32,0,switch,0,50863,72,0,0,4,103.31,0,33.7286,0.70808,0
4,enqueue_residual,37,S32,0,switch,0,50863,72,0,0,4,103.31,0,0,0.70808,0
4,allocate_send_arrival,37,S32,0,switch,0,50865,109,0,0,4,103.31,0,33.7286,0.70808,0
4,enqueue_residual,37,S32,0,switch,0,50865,109,0,0,4,103.31,0,0,0.70808,0
4,allocate_send_arrival,37,S32,0,switch,0,50860,73,0,0,4,103.31,0,33.7286,0.70808,0
4,enqueue_residual,37,S32,0,switch,0,50860,73,0,0,4,103.31,0,0,0.70808,0
4,allocate_send_arrival,26,S33,0,switch,3,50862,52,0,0,4,174.708,0,59.5645,0,0
4,allocate_send_arrival,44,S23,0,switch,43,50861,93,0,0,4,211.017,0,100,0,0
4,allocate_send_arrival,4,S37,0,switch,0,50867,112,0,0,4,203.508,0,100,0,0
4,allocate_send_arrival,46,S24,1,switch,44,50861,93,0,0,4,217.722,0,100,0,0
4,allocate_send_arrival,35,S17,2,switch,37,50860,73,0,0,4,246.878,0,34.4367,0,0
4,allocate_send_arrival,35,S17,2,switch,37,50863,72,0,0,4,246.878,0,34.4367,0,0
4,allocate_send_arrival,56,S36,2,switch,4,50867,112,0,0,4,112.305,0,100,0,0
4,allocate_send_arrival,43,S22,0,switch,0,50861,93,0,0,4,203.304,0,100,0,0
4,allocate_send_arrival,43,S22,0,switch,0,50866,91,0,0,4,203.304,0,100,0,0
4,allocate_send_arrival,54,S31,1,switch,37,50865,109,0,0,4,242.335,0,34.4367,0,0
4,allocate_send_arrival,42,S20,2,switch,3,50864,77,0,0,4,251.806,0,59.5645,0,0
5,allocate_send_buffered,3,S27,0,switch,0,50862,52,0,0,5,119.129,1.12852,0.564261,0,0
5,allocate_send_buffered,3,S27,0,switch,0,50864,77,0,0,5,119.129,1.12852,0.564261,0,0
5,allocate_send_buffered,37,S32,0,switch,0,50863,72,0,0,5,103.31,2.12424,0.70808,0,0
5,allocate_send_buffered,37,S32,0,switch,0,50865,109,0,0,5,103.31,2.12424,0.70808,0,0
5,allocate_send_buffered,37,S32,0,switch,0,50860,73,0,0,5,103.31,2.12424,0.70808,0,0
5,stage_arrival,0,S00,5,terminal,0,50864,77,0,0,5,1000,0,0,59.0002,0
5,stage_arrival,37,S32,0,switch,0,50863,72,0,0,5,103.31,0,0,34.4367,0
5,stage_arrival,35,S17,2,switch,37,50863,72,0,0,5,246.878,0,0,34.4367,0
5,stage_arrival,43,S22,0,switch,0,50866,91,0,0,5,203.304,0,0,100,0
5,stage_arrival,37,S32,0,switch,0,50860,73,0,0,5,103.31,0,0,34.4367,0
5,stage_arrival,3,S27,0,switch,0,50864,77,0,0,5,119.129,0,0,59.5645,0
5,stage_arrival,0,S00,5,terminal,0,50866,91,0,0,5,1000,0,0,100,0
5,stage_arrival_coalesce,0,S00,5,terminal,0,50864,77,0,0,5,1000,0,0,60.1288,0
5,stage_arrival,46,S24,1,switch,44,50861,93,0,0,5,217.722,0,0,100,0
5,stage_arrival,0,S00,5,terminal,0,50862,52,0,0,5,1000,0,0,59.0002,0
5,stage_arrival,42,S20,2,switch,3,50864,77,0,0,5,251.806,0,0,59.5645,0
5,stage_arrival,0,S00,5,terminal,0,50860,73,0,0,5,1000,0,0,33.7286,0
5,stage_arrival,0,S00,5,terminal,0,50865,109,0,0,5,1000,0,0,33.7286,0
5,stage_arrival,45,S28,2,switch,43,50866,91,0,0,5,227.415,0,0,100,0
5,stage_arrival,36,S18,0,switch,35,50863,72,0,0,5,247.316,0,0,34.4367,0
5,stage_arrival,38,S42,0,switch,42,50864,77,0,0,5,176.64,0,0,59.5645,0
5,stage_arrival,26,S33,0,switch,3,50862,52,0,0,5,174.708,0,0,59.5645,0
5,stage_arrival,44,S23,0,switch,43,50861,93,0,0,5,211.017,0,0,100,0
5,stage_arrival,36,S18,0,switch,35,50860,73,0,0,5,247.316,0,0,34.4367,0
5,stage_arrival,4,S37,0,switch,0,50867,112,0,0,5,203.508,0,0,100,0
5,stage_arrival,54,S31,1,switch,37,50865,109,0,0,5,242.335,0,0,34.4367,0
5,stage_arrival,0,S00,5,terminal,0,50863,72,0,0,5,1000,0,0,1.06212,0
5,stage_arrival,0,S00,5,terminal,0,50861,93,0,0,5,1000,0,0,100,0
5,stage_arrival,35,S17,2,switch,37,50860,73,0,0,5,246.878,0,0,34.4367,0
5,stage_arrival,56,S36,2,switch,4,50867,112,0,0,5,112.305,0,0,100,0
5,stage_arrival_coalesce,0,S00,5,terminal,0,50860,73,0,0,5,1000,0,0,34.7907,0
5,stage_arrival,43,S22,0,switch,0,50861,93,0,0,5,203.304,0,0,100,0
5,stage_arrival_coalesce,0,S00,5,terminal,0,50863,72,0,0,5,1000,0,0,34.7907,0
5,stage_arrival,37,S32,0,switch,0,50865,109,0,0,5,103.31,0,0,34.4367,0
5,stage_arrival,3,S27,0,switch,0,50862,52,0,0,5,119.129,0,0,59.5645,0
5,stage_arrival,0,S00,5,terminal,0,50867,112,0,0,5,1000,0,0,100,0
5,allocate_send_arrival,43,S22,0,switch,0,50866,91,0,0,5,203.304,0,100,0,0
5,allocate_send_arrival,43,S22,0,switch,0,50861,93,0,0,5,203.304,0,100,0,0
5,allocate_send_arrival,56,S36,2,switch,4,50867,112,0,0,5,112.305,0,100,0,0
5,allocate_send_arrival,44,S23,0,switch,43,50861,93,0,0,5,211.017,0,100,0,0
5,allocate_send_arrival,36,S18,0,switch,35,50863,72,0,0,5,247.316,0,34.4367,0,0
5,allocate_send_arrival,36,S18,0,switch,35,50860,73,0,0,5,247.316,0,34.4367,0,0
5,allocate_send_arrival,38,S42,0,switch,42,50864,77,0,0,5,176.64,0,59.5645,0,0
5,allocate_send_arrival,54,S31,1,switch,37,50865,109,0,0,5,242.335,0,34.4367,0,0
5,allocate_send_arrival,4,S37,0,switch,0,50867,112,0,0,5,203.508,0,100,0,0
5,allocate_send_arrival,46,S24,1,switch,44,50861,93,0,0,5,217.722,0,100,0,0
5,allocate_send_arrival,42,S20,2,switch,3,50864,77,0,0,5,251.806,0,59.5645,0,0
5,allocate_send_arrival,37,S32,0,switch,0,50863,72,0,0,5,103.31,0,33.7286,0.70808,0
5,enqueue_residual,37,S32,0,switch,0,50863,72,0,0,5,103.31,0,0,0.70808,0
5,allocate_send_arrival,37,S32,0,switch,0,50860,73,0,0,5,103.31,0,33.7286,0.70808,0
5,enqueue_residual,37,S32,0,switch,0,50860,73,0,0,5,103.31,0,0,0.70808,0
5,allocate_send_arrival,37,S32,0,switch,0,50865,109,0,0,5,103.31,0,33.7286,0.70808,0
5,enqueue_residual,37,S32,0,switch,0,50865,109,0,0,5,103.31,0,0,0.70808,0
5,allocate_send_arrival,35,S17,2,switch,37,50863,72,0,0,5,246.878,0,34.4367,0,0
5,allocate_send_arrival,35,S17,2,switch,37,50860,73,0,0,5,246.878,0,34.4367,0,0
5,allocate_send_arrival,3,S27,0,switch,0,50864,77,0,0,5,119.129,0,59.0002,0.564261,0
5,enqueue_residual,3,S27,0,switch,0,50864,77,0,0,5,119.129,0,0,0.564261,0
5,allocate_send_arrival,3,S27,0,switch,0,50862,52,0,0,5,119.129,0,59.0002,0.564261,0
5,enqueue_residual,3,S27,0,switch,0,50862,52,0,0,5,119.129,0,0,0.564261,0
5,allocate_send_arrival,45,S28,2,switch,43,50866,91,0,0,5,227.415,0,100,0,0
5,allocate_send_arrival,26,S33,0,switch,3,50862,52,0,0,5,174.708,0,59.5645,0,0
5,allocate_send_arrival,0,S00,5,terminal,0,50864,77,0,0,5,1000,0,60.1288,0,0
5,allocate_send_arrival,0,S00,5,terminal,0,50866,91,0,0,5,1000,0,100,0,0
5,allocate_send_arrival,0,S00,5,terminal,0,50862,52,0,0,5,1000,0,59.0002,0,0
5,allocate_send_arrival,0,S00,5,terminal,0,50860,73,0,0,5,1000,0,34.7907,0,0
5,allocate_send_arrival,0,S00,5,terminal,0,50865,109,0,0,5,1000,0,33.7286,0,0
5,allocate_send_arrival,0,S00,5,terminal,0,50863,72,0,0,5,1000,0,34.7907,0,0
5,allocate_send_arrival,0,S00,5,terminal,0,50861,93,0,0,5,1000,0,100,0,0
5,allocate_send_arrival,0,S00,5,terminal,0,50867,112,0,0,5,1000,0,100,0,0
6,allocate_send_buffered,3,S27,0,switch,0,50864,77,0,0,6,119.129,1.12852,0.564261,0,0
6,allocate_send_buffered,3,S27,0,switch,0,50862,52,0,0,6,119.129,1.12852,0.564261,0,0
6,allocate_send_buffered,37,S32,0,switch,0,50863,72,0,0,6,103.31,2.12424,0.70808,0,0
6,allocate_send_buffered,37,S32,0,switch,0,50860,73,0,0,6,103.31,2.12424,0.70808,0,0
6,allocate_send_buffered,37,S32,0,switch,0,50865,109,0,0,6,103.31,2.12424,0.70808,0,0
6,stage_arrival,35,S17,2,switch,37,50860,73,0,0,6,246.878,0,0,34.4367,0
6,stage_arrival,0,S00,5,terminal,0,50861,93,0,0,6,1000,0,0,100,0
6,stage_arrival,0,S00,5,terminal,0,50867,112,0,0,6,1000,0,0,100,0
6,stage_arrival,0,S00,5,terminal,0,50862,52,0,0,6,1000,0,0,59.0002,0
6,stage_arrival,37,S32,0,switch,0,50860,73,0,0,6,103.31,0,0,34.4367,0
6,stage_arrival,0,S00,5,terminal,0,50864,77,0,0,6,1000,0,0,59.0002,0
6,stage_arrival,37,S32,0,switch,0,50863,72,0,0,6,103.31,0,0,34.4367,0
6,stage_arrival,3,S27,0,switch,0,50864,77,0,0,6,119.129,0,0,59.5645,0
6,stage_arrival,43,S22,0,switch,0,50866,91,0,0,6,203.304,0,0,100,0
6,stage_arrival,36,S18,0,switch,35,50860,73,0,0,6,247.316,0,0,34.4367,0
6,stage_arrival,44,S23,0,switch,43,50861,93,0,0,6,211.017,0,0,100,0
6,stage_arrival,35,S17,2,switch,37,50863,72,0,0,6,246.878,0,0,34.4367,0
6,stage_arrival,4,S37,0,switch,0,50867,112,0,0,6,203.508,0,0,100,0
6,stage_arrival,36,S18,0,switch,35,50863,72,0,0,6,247.316,0,0,34.4367,0
6,stage_arrival,0,S00,5,terminal,0,50863,72,0,0,6,1000,0,0,33.7286,0
6,stage_arrival,0,S00,5,terminal,0,50866,91,0,0,6,1000,0,0,100,0
6,stage_arrival,0,S00,5,terminal,0,50860,73,0,0,6,1000,0,0,0.70808,0
6,stage_arrival_coalesce,0,S00,5,terminal,0,50864,77,0,0,6,1000,0,0,59.5645,0
6,stage_arrival,45,S28,2,switch,43,50866,91,0,0,6,227.415,0,0,100,0
6,stage_arrival,43,S22,0,switch,0,50861,93,0,0,6,203.304,0,0,100,0
6,stage_arrival,26,S33,0,switch,3,50862,52,0,0,6,174.708,0,0,59.5645,0
6,stage_arrival,54,S31,1,switch,37,50865,109,0,0,6,242.335,0,0,34.4367,0
6,stage_arrival,0,S00,5,terminal,0,50865,109,0,0,6,1000,0,0,0.70808,0
6,stage_arrival_coalesce,0,S00,5,terminal,0,50860,73,0,0,6,1000,0,0,34.4367,0
6,stage_arrival,42,S20,2,switch,3,50864,77,0,0,6,251.806,0,0,59.5645,0
6,stage_arrival,56,S36,2,switch,4,50867,112,0,0,6,112.305,0,0,100,0
6,stage_arrival,37,S32,0,switch,0,50865,109,0,0,6,103.31,0,0,34.4367,0
6,stage_arrival,38,S42,0,switch,42,50864,77,0,0,6,176.64,0,0,59.5645,0
6,stage_arrival_coalesce,0,S00,5,terminal,0,50862,52,0,0,6,1000,0,0,59.5645,0
6,stage_arrival,46,S24,1,switch,44,50861,93,0,0,6,217.722,0,0,100,0
6,stage_arrival_coalesce,0,S00,5,terminal,0,50863,72,0,0,6,1000,0,0,34.4367,0
6,stage_arrival_coalesce,0,S00,5,terminal,0,50865,109,0,0,6,1000,0,0,34.4367,0
6,stage_arrival,3,S27,0,switch,0,50862,52,0,0,6,119.129,0,0,59.5645,0
6,allocate_send_arrival,37,S32,0,switch,0,50860,73,0,0,6,103.31,0,33.7286,0.70808,0
6,enqueue_residual,37,S32,0,switch,0,50860,73,0,0,6,103.31,0,0,0.70808,0
6,allocate_send_arrival,37,S32,0,switch,0,50863,72,0,0,6,103.31,0,33.7286,0.70808,0
6,enqueue_residual,37,S32,0,switch,0,50863,72,0,0,6,103.31,0,0,0.70808,0
6,allocate_send_arrival,37,S32,0,switch,0,50865,109,0,0,6,103.31,0,33.7286,0.70808,0
6,enqueue_residual,37,S32,0,switch,0,50865,109,0,0,6,103.31,0,0,0.70808,0
6,allocate_send_arrival,42,S20,2,switch,3,50864,77,0,0,6,251.806,0,59.5645,0,0
6,allocate_send_arrival,44,S23,0,switch,43,50861,93,0,0,6,211.017,0,100,0,0
6,allocate_send_arrival,0,S00,5,terminal,0,50861,93,0,0,6,1000,0,100,0,0
6,allocate_send_arrival,0,S00,5,terminal,0,50867,112,0,0,6,1000,0,100,0,0
6,allocate_send_arrival,0,S00,5,terminal,0,50862,52,0,0,6,1000,0,59.5645,0,0
6,allocate_send_arrival,0,S00,5,terminal,0,50864,77,0,0,6,1000,0,59.5645,0,0
6,allocate_send_arrival,0,S00,5,terminal,0,50863,72,0,0,6,1000,0,34.4367,0,0
6,allocate_send_arrival,0,S00,5,terminal,0,50866,91,0,0,6,1000,0,100,0,0
6,allocate_send_arrival,0,S00,5,terminal,0,50860,73,0,0,6,1000,0,34.4367,0,0
6,allocate_send_arrival,0,S00,5,terminal,0,50865,109,0,0,6,1000,0,34.4367,0,0
6,allocate_send_arrival,46,S24,1,switch,44,50861,93,0,0,6,217.722,0,100,0,0
6,allocate_send_arrival,3,S27,0,switch,0,50864,77,0,0,6,119.129,0,59.0002,0.564261,0
6,enqueue_residual,3,S27,0,switch,0,50864,77,0,0,6,119.129,0,0,0.564261,0
6,allocate_send_arrival,3,S27,0,switch,0,50862,52,0,0,6,119.129,0,59.0002,0.564261,0
6,enqueue_residual,3,S27,0,switch,0,50862,52,0,0,6,119.129,0,0,0.564261,0
6,allocate_send_arrival,43,S22,0,switch,0,50866,91,0,0,6,203.304,0,100,0,0
6,allocate_send_arrival,43,S22,0,switch,0,50861,93,0,0,6,203.304,0,100,0,0
6,allocate_send_arrival,45,S28,2,switch,43,50866,91,0,0,6,227.415,0,100,0,0
6,allocate_send_arrival,36,S18,0,switch,35,50860,73,0,0,6,247.316,0,34.4367,0,0
6,allocate_send_arrival,36,S18,0,switch,35,50863,72,0,0,6,247.316,0,34.4367,0,0
6,allocate_send_arrival,54,S31,1,switch,37,50865,109,0,0,6,242.335,0,34.4367,0,0
6,allocate_send_arrival,35,S17,2,switch,37,50860,73,0,0,6,246.878,0,34.4367,0,0
6,allocate_send_arrival,35,S17,2,switch,37,50863,72,0,0,6,246.878,0,34.4367,0,0
6,allocate_send_arrival,26,S33,0,switch,3,50862,52,0,0,6,174.708,0,59.5645,0,0
6,allocate_send_arrival,56,S36,2,switch,4,50867,112,0,0,6,112.305,0,100,0,0
6,allocate_send_arrival,4,S37,0,switch,0,50867,112,0,0,6,203.508,0,100,0,0
6,allocate_send_arrival,38,S42,0,switch,42,50864,77,0,0,6,176.64,0,59.5645,0,0
7,allocate_send_buffered,37,S32,0,switch,0,50860,73,0,0,7,103.31,2.12424,0.70808,0,0
7,allocate_send_buffered,37,S32,0,switch,0,50863,72,0,0,7,103.31,2.12424,0.70808,0,0
7,allocate_send_buffered,37,S32,0,switch,0,50865,109,0,0,7,103.31,2.12424,0.70808,0,0
7,allocate_send_buffered,3,S27,0,switch,0,50864,77,0,0,7,119.129,1.12852,0.564261,0,0
7,allocate_send_buffered,3,S27,0,switch,0,50862,52,0,0,7,119.129,1.12852,0.564261,0,0
7,stage_arrival,26,S33,0,switch,3,50862,52,0,0,7,174.708,0,0,59.5645,0
7,stage_arrival,0,S00,5,terminal,0,50861,93,0,0,7,1000,0,0,100,0
7,stage_arrival,43,S22,0,switch,0,50861,93,0,0,7,203.304,0,0,100,0
7,stage_arrival,37,S32,0,switch,0,50863,72,0,0,7,103.31,0,0,34.4367,0
7,stage_arrival,43,S22,0,switch,0,50866,91,0,0,7,203.304,0,0,100,0
7,stage_arrival,0,S00,5,terminal,0,50865,109,0,0,7,1000,0,0,33.7286,0
7,stage_arrival,0,S00,5,terminal,0,50860,73,0,0,7,1000,0,0,0.70808,0
7,stage_arrival,36,S18,0,switch,35,50863,72,0,0,7,247.316,0,0,34.4367,0
7,stage_arrival,42,S20,2,switch,3,50864,77,0,0,7,251.806,0,0,59.5645,0
7,stage_arrival_coalesce,0,S00,5,terminal,0,50865,109,0,0,7,1000,0,0,34.4367,0
7,stage_arrival,3,S27,0,switch,0,50862,52,0,0,7,119.129,0,0,59.5645,0
7,stage_arrival,0,S00,5,terminal,0,50862,52,0,0,7,1000,0,0,59.0002,0
7,stage_arrival,4,S37,0,switch,0,50867,112,0,0,7,203.508,0,0,100,0
7,stage_arrival,0,S00,5,terminal,0,50866,91,0,0,7,1000,0,0,100,0
7,stage_arrival,46,S24,1,switch,44,50861,93,0,0,7,217.722,0,0,100,0
7,stage_arrival,0,S00,5,terminal,0,50863,72,0,0,7,1000,0,0,33.7286,0
7,stage_arrival,35,S17,2,switch,37,50863,72,0,0,7,246.878,0,0,34.4367,0
7,stage_arrival,45,S28,2,switch,43,50866,91,0,0,7,227.415,0,0,100,0
7,stage_arrival,37,S32,0,switch,0,50860,73,0,0,7,103.31,0,0,34.4367,0
7,stage_arrival,0,S00,5,terminal,0,50867,112,0,0,7,1000,0,0,100,0
7,stage_arrival,3,S27,0,switch,0,50864,77,0,0,7,119.129,0,0,59.5645,0
7,stage_arrival,0,S00,5,terminal,0,50864,77,0,0,7,1000,0,0,59.0002,0
7,stage_arrival,56,S36,2,switch,4,50867,112,0,0,7,112.305,0,0,100,0
7,stage_arrival,44,S23,0,switch,43,50861,93,0,0,7,211.017,0,0,100,0
7,stage_arrival_coalesce,0,S00,5,terminal,0,50862,52,0,0,7,1000,0,0,59.5645,0
7,stage_arrival,37,S32,0,switch,0,50865,109,0,0,7,103.31,0,0,34.4367,0
7,stage_arrival_coalesce,0,S00,5,terminal,0,50860,73,0,0,7,1000,0,0,34.4367,0
7,stage_arrival_coalesce,0,S00,5,terminal,0,50863,72,0,0,7,1000,0,0,34.4367,0
7,stage_arrival,38,S42,0,switch,42,50864,77,0,0,7,176.64,0,0,59.5645,0
7,stage_arrival,36,S18,0,switch,35,50860,73,0,0,7,247.316,0,0,34.4367,0
7,stage_arrival,54,S31,1,switch,37,50865,109,0,0,7,242.335,0,0,34.4367,0
7,stage_arrival_coalesce,0,S00,5,terminal,0,50864,77,0,0,7,1000,0,0,59.5645,0
7,stage_arrival,35,S17,2,switch,37,50860,73,0,0,7,246.878,0,0,34.4367,0
7,allocate_send_arrival,4,S37,0,switch,0,50867,112,0,0,7,203.508,0,100,0,0
7,allocate_send_arrival,0,S00,5,terminal,0,50861,93,0,0,7,1000,0,100,0,0
7,allocate_send_arrival,0,S00,5,terminal,0,50865,109,0,0,7,1000,0,34.4367,0,0
7,allocate_send_arrival,0,S00,5,terminal,0,50860,73,0,0,7,1000,0,34.4367,0,0
7,allocate_send_arrival,0,S00,5,terminal,0,50862,52,0,0,7,1000,0,59.5645,0,0
7,allocate_send_arrival,0,S00,5,terminal,0,50866,91,0,0,7,1000,0,100,0,0
7,allocate_send_arrival,0,S00,5,terminal,0,50863,72,0,0,7,1000,0,34.4367,0,0
7,allocate_send_arrival,0,S00,5,terminal,0,50867,112,0,0,7,1000,0,100,0,0
7,allocate_send_arrival,0,S00,5,terminal,0,50864,77,0,0,7,1000,0,59.5645,0,0
7,allocate_send_arrival,56,S36,2,switch,4,50867,112,0,0,7,112.305,0,100,0,0
7,allocate_send_arrival,35,S17,2,switch,37,50863,72,0,0,7,246.878,0,34.4367,0,0
7,allocate_send_arrival,35,S17,2,switch,37,50860,73,0,0,7,246.878,0,34.4367,0,0
7,allocate_send_arrival,26,S33,0,switch,3,50862,52,0,0,7,174.708,0,59.5645,0,0
7,allocate_send_arrival,37,S32,0,switch,0,50863,72,0,0,7,103.31,0,33.7286,0.70808,0
7,enqueue_residual,37,S32,0,switch,0,50863,72,0,0,7,103.31,0,0,0.70808,0
7,allocate_send_arrival,37,S32,0,switch,0,50860,73,0,0,7,103.31,0,33.7286,0.70808,0
7,enqueue_residual,37,S32,0,switch,0,50860,73,0,0,7,103.31,0,0,0.70808,0
7,allocate_send_arrival,37,S32,0,switch,0,50865,109,0,0,7,103.31,0,33.7286,0.70808,0
7,enqueue_residual,37,S32,0,switch,0,50865,109,0,0,7,103.31,0,0,0.70808,0
7,allocate_send_arrival,38,S42,0,switch,42,50864,77,0,0,7,176.64,0,59.5645,0,0
7,allocate_send_arrival,45,S28,2,switch,43,50866,91,0,0,7,227.415,0,100,0,0
7,allocate_send_arrival,54,S31,1,switch,37,50865,109,0,0,7,242.335,0,34.4367,0,0
7,allocate_send_arrival,43,S22,0,switch,0,50861,93,0,0,7,203.304,0,100,0,0
7,allocate_send_arrival,43,S22,0,switch,0,50866,91,0,0,7,203.304,0,100,0,0
7,allocate_send_arrival,42,S20,2,switch,3,50864,77,0,0,7,251.806,0,59.5645,0,0
7,allocate_send_arrival,36,S18,0,switch,35,50863,72,0,0,7,247.316,0,34.4367,0,0
7,allocate_send_arrival,36,S18,0,switch,35,50860,73,0,0,7,247.316,0,34.4367,0,0
7,allocate_send_arrival,44,S23,0,switch,43,50861,93,0,0,7,211.017,0,100,0,0
7,allocate_send_arrival,46,S24,1,switch,44,50861,93,0,0,7,217.722,0,100,0,0
7,allocate_send_arrival,3,S27,0,switch,0,50862,52,0,0,7,119.129,0,59.0002,0.564261,0
7,enqueue_residual,3,S27,0,switch,0,50862,52,0,0,7,119.129,0,0,0.564261,0
7,allocate_send_arrival,3,S27,0,switch,0,50864,77,0,0,7,119.129,0,59.0002,0.564261,0
7,enqueue_residual,3,S27,0,switch,0,50864,77,0,0,7,119.129,0,0,0.564261,0
8,allocate_send_buffered,37,S32,0,switch,0,50863,72,0,0,8,103.31,2.12424,0.70808,0,0
8,allocate_send_buffered,37,S32,0,switch,0,50860,73,0,0,8,103.31,2.12424,0.70808,0,0
8,allocate_send_buffered,37,S32,0,switch,0,50865,109,0,0,8,103.31,2.12424,0.70808,0,0
8,allocate_send_buffered,3,S27,0,switch,0,50862,52,0,0,8,119.129,1.12852,0.564261,0,0
8,allocate_send_buffered,3,S27,0,switch,0,50864,77,0,0,8,119.129,1.12852,0.564261,0,0
8,stage_arrival,4,S37,0,switch,0,50867,112,0,0,8,203.508,0,0,100,0
8,stage_arrival,43,S22,0,switch,0,50866,91,0,0,8,203.304,0,0,100,0
8,stage_arrival,0,S00,5,terminal,0,50867,112,0,0,8,1000,0,0,100,0
8,stage_arrival,0,S00,5,terminal,0,50860,73,0,0,8,1000,0,0,33.7286,0
8,stage_arrival,0,S00,5,terminal,0,50865,109,0,0,8,1000,0,0,33.7286,0
8,stage_arrival,0,S00,5,terminal,0,50863,72,0,0,8,1000,0,0,0.70808,0
8,stage_arrival,0,S00,5,terminal,0,50862,52,0,0,8,1000,0,0,59.0002,0
8,stage_arrival,3,S27,0,switch,0,50862,52,0,0,8,119.129,0,0,59.5645,0
8,stage_arrival,0,S00,5,terminal,0,50864,77,0,0,8,1000,0,0,0.564261,0
8,stage_arrival,43,S22,0,switch,0,50861,93,0,0,8,203.304,0,0,100,0
8,stage_arrival,35,S17,2,switch,37,50863,72,0,0,8,246.878,0,0,34.4367,0
8,stage_arrival,0,S00,5,terminal,0,50866,91,0,0,8,1000,0,0,100,0
8,stage_arrival_coalesce,0,S00,5,terminal,0,50860,73,0,0,8,1000,0,0,34.4367,0
8,stage_arrival,38,S42,0,switch,42,50864,77,0,0,8,176.64,0,0,59.5645,0
8,stage_arrival,36,S18,0,switch,35,50860,73,0,0,8,247.316,0,0,34.4367,0
8,stage_arrival_coalesce,0,S00,5,terminal,0,50863,72,0,0,8,1000,0,0,34.4367,0
8,stage_arrival,37,S32,0,switch,0,50860,73,0,0,8,103.31,0,0,34.4367,0
8,stage_arrival,37,S32,0,switch,0,50865,109,0,0,8,103.31,0,0,34.4367,0
8,stage_arrival_coalesce,0,S00,5,terminal,0,50864,77,0,0,8,1000,0,0,59.5645,0
8,stage_arrival,36,S18,0,switch,35,50863,72,0,0,8,247.316,0,0,34.4367,0
8,stage_arrival,46,S24,1,switch,44,50861,93,0,0,8,217.722,0,0,100,0
8,stage_arrival_coalesce,0,S00,5,terminal,0,50865,109,0,0,8,1000,0,0,34.4367,0
8,stage_arrival,26,S33,0,switch,3,50862,52,0,0,8,174.708,0,0,59.5645,0
8,stage_arrival,0,S00,5,terminal,0,50861,93,0,0,8,1000,0,0,100,0
8,stage_arrival,35,S17,2,switch,37,50860,73,0,0,8,246.878,0,0,34.4367,0
8,stage_arrival,42,S20,2,switch,3,50864,77,0,0,8,251.806,0,0,59.5645,0
8,stage_arrival,54,S31,1,switch,37,50865,109,0,0,8,242.335,0,0,34.4367,0
8,stage_arrival,56,S36,2,switch,4,50867,112,0,0,8,112.305,0,0,100,0
8,stage_arrival,37,S32,0,switch,0,50863,72,0,0,8,103.31,0,0,34.4367,0
8,stage_arrival,45,S28,2,switch,43,50866,91,0,0,8,227.415,0,0,100,0
8,stage_arrival_coalesce,0,S00,5,terminal,0,50862,52,0,0,8,1000,0,0,59.5645,0
8,stage_arrival,3,S27,0,switch,0,50864,77,0,0,8,119.129,0,0,59.5645,0
8,stage_arrival,44,S23,0,switch,43,50861,93,0,0,8,211.017,0,0,100,0
8,allocate_send_arrival,37,S32,0,switch,0,50860,73,0,0,8,103.31,0,33.7286,0.70808,0
8,enqueue_residual,37,S32,0,switch,0,50860,73,0,0,8,103.31,0,0,0.70808,0
8,allocate_send_arrival,37,S32,0,switch,0,50865,109,0,0,8,103.31,0,33.7286,0.70808,0
8,enqueue_residual,37,S32,0,switch,0,50865,109,0,0,8,103.31,0,0,0.70808,0
8,allocate_send_arrival,37,S32,0,switch,0,50863,72,0,0,8,103.31,0,33.7286,0.70808,0
8,enqueue_residual,37,S32,0,switch,0,50863,72,0,0,8,103.31,0,0,0.70808,0
8,allocate_send_arrival,56,S36,2,switch,4,50867,112,0,0,8,112.305,0,100,0,0
8,allocate_send_arrival,46,S24,1,switch,44,50861,93,0,0,8,217.722,0,100,0,0
8,allocate_send_arrival,45,S28,2,switch,43,50866,91,0,0,8,227.415,0,100,0,0
8,allocate_send_arrival,4,S37,0,switch,0,50867,112,0,0,8,203.508,0,100,0,0
8,allocate_send_arrival,43,S22,0,switch,0,50866,91,0,0,8,203.304,0,100,0,0
8,allocate_send_arrival,43,S22,0,switch,0,50861,93,0,0,8,203.304,0,100,0,0
8,allocate_send_arrival,35,S17,2,switch,37,50863,72,0,0,8,246.878,0,34.4367,0,0
8,allocate_send_arrival,35,S17,2,switch,37,50860,73,0,0,8,246.878,0,34.4367,0,0
8,allocate_send_arrival,42,S20,2,switch,3,50864,77,0,0,8,251.806,0,59.5645,0,0
8,allocate_send_arrival,26,S33,0,switch,3,50862,52,0,0,8,174.708,0,59.5645,0,0
8,allocate_send_arrival,54,S31,1,switch,37,50865,109,0,0,8,242.335,0,34.4367,0,0
8,allocate_send_arrival,0,S00,5,terminal,0,50867,112,0,0,8,1000,0,100,0,0
8,allocate_send_arrival,0,S00,5,terminal,0,50860,73,0,0,8,1000,0,34.4367,0,0
8,allocate_send_arrival,0,S00,5,terminal,0,50865,109,0,0,8,1000,0,34.4367,0,0
8,allocate_send_arrival,0,S00,5,terminal,0,50863,72,0,0,8,1000,0,34.4367,0,0
8,allocate_send_arrival,0,S00,5,terminal,0,50862,52,0,0,8,1000,0,59.5645,0,0
8,allocate_send_arrival,0,S00,5,terminal,0,50864,77,0,0,8,1000,0,59.5645,0,0
8,allocate_send_arrival,0,S00,5,terminal,0,50866,91,0,0,8,1000,0,100,0,0
8,allocate_send_arrival,0,S00,5,terminal,0,50861,93,0,0,8,1000,0,100,0,0
8,allocate_send_arrival,44,S23,0,switch,43,50861,93,0,0,8,211.017,0,100,0,0
8,allocate_send_arrival,38,S42,0,switch,42,50864,77,0,0,8,176.64,0,59.5645,0,0
8,allocate_send_arrival,36,S18,0,switch,35,50860,73,0,0,8,247.316,0,34.4367,0,0
8,allocate_send_arrival,36,S18,0,switch,35,50863,72,0,0,8,247.316,0,34.4367,0,0
8,allocate_send_arrival,3,S27,0,switch,0,50862,52,0,0,8,119.129,0,59.0002,0.564261,0
8,enqueue_residual,3,S27,0,switch,0,50862,52,0,0,8,119.129,0,0,0.564261,0
8,allocate_send_arrival,3,S27,0,switch,0,50864,77,0,0,8,119.129,0,59.0002,0.564261,0
8,enqueue_residual,3,S27,0,switch,0,50864,77,0,0,8,119.129,0,0,0.564261,0
9,allocate_send_buffered,37,S32,0,switch,0,50860,73,0,0,9,103.31,2.12424,0.70808,0,0
9,allocate_send_buffered,37,S32,0,switch,0,50865,109,0,0,9,103.31,2.12424,0.70808,0,0
9,allocate_send_buffered,37,S32,0,switch,0,50863,72,0,0,9,103.31,2.12424,0.70808,0,0
9,allocate_send_buffered,3,S27,0,switch,0,50862,52,0,0,9,119.129,1.12852,0.564261,0,0
9,allocate_send_buffered,3,S27,0,switch,0,50864,77,0,0,9,119.129,1.12852,0.564261,0,0
9,stage_arrival,46,S24,1,switch,44,50861,93,0,0,9,217.722,0,0,100,0
9,stage_arrival,0,S00,5,terminal,0,50860,73,0,0,9,1000,0,0,0.70808,0
9,stage_arrival,45,S28,2,switch,43,50866,91,0,0,9,227.415,0,0,100,0
9,stage_arrival,37,S32,0,switch,0,50863,72,0,0,9,103.31,0,0,34.4367,0
9,stage_arrival,54,S31,1,switch,37,50865,109,0,0,9,242.335,0,0,34.4367,0
9,stage_arrival,0,S00,5,terminal,0,50866,91,0,0,9,1000,0,0,100,0
9,stage_arrival,3,S27,0,switch,0,50862,52,0,0,9,119.129,0,0,59.5645,0
9,stage_arrival,0,S00,5,terminal,0,50865,109,0,0,9,1000,0,0,33.7286,0
9,stage_arrival,26,S33,0,switch,3,50862,52,0,0,9,174.708,0,0,59.5645,0
9,stage_arrival,43,S22,0,switch,0,50861,93,0,0,9,203.304,0,0,100,0
9,stage_arrival,43,S22,0,switch,0,50866,91,0,0,9,203.304,0,0,100,0
9,stage_arrival,35,S17,2,switch,37,50860,73,0,0,9,246.878,0,0,34.4367,0
9,stage_arrival,37,S32,0,switch,0,50865,109,0,0,9,103.31,0,0,34.4367,0
9,stage_arrival_coalesce,0,S00,5,terminal,0,50860,73,0,0,9,1000,0,0,34.4367,0
9,stage_arrival,36,S18,0,switch,35,50860,73,0,0,9,247.316,0,0,34.4367,0
9,stage_arrival,56,S36,2,switch,4,50867,112,0,0,9,112.305,0,0,100,0
9,stage_arrival,0,S00,5,terminal,0,50863,72,0,0,9,1000,0,0,0.70808,0
9,stage_arrival,0,S00,5,terminal,0,50862,52,0,0,9,1000,0,0,59.0002,0
9,stage_arrival,37,S32,0,switch,0,50860,73,0,0,9,103.31,0,0,34.4367,0
9,stage_arrival,36,S18,0,switch,35,50863,72,0,0,9,247.316,0,0,34.4367,0
9,stage_arrival,0,S00,5,terminal,0,50867,112,0,0,9,1000,0,0,100,0
9,stage_arrival,38,S42,0,switch,42,50864,77,0,0,9,176.64,0,0,59.5645,0
9,stage_arrival,35,S17,2,switch,37,50863,72,0,0,9,246.878,0,0,34.4367,0
9,stage_arrival,0,S00,5,terminal,0,50861,93,0,0,9,1000,0,0,100,0
9,stage_arrival,42,S20,2,switch,3,50864,77,0,0,9,251.806,0,0,59.5645,0
9,stage_arrival_coalesce,0,S00,5,terminal,0,50862,52,0,0,9,1000,0,0,59.5645,0
9,stage_arrival_coalesce,0,S00,5,terminal,0,50863,72,0,0,9,1000,0,0,34.4367,0
9,stage_arrival_coalesce,0,S00,5,terminal,0,50865,109,0,0,9,1000,0,0,34.4367,0
9,stage_arrival,3,S27,0,switch,0,50864,77,0,0,9,119.129,0,0,59.5645,0
9,stage_arrival,44,S23,0,switch,43,50861,93,0,0,9,211.017,0,0,100,0
9,stage_arrival,0,S00,5,terminal,0,50864,77,0,0,9,1000,0,0,0.564261,0
9,stage_arrival,4,S37,0,switch,0,50867,112,0,0,9,203.508,0,0,100,0
9,stage_arrival_coalesce,0,S00,5,terminal,0,50864,77,0,0,9,1000,0,0,59.5645,0
9,allocate_send_arrival,35,S17,2,switch,37,50860,73,0,0,9,246.878,0,34.4367,0,0
9,allocate_send_arrival,35,S17,2,switch,37,50863,72,0,0,9,246.878,0,34.4367,0,0
9,allocate_send_arrival,0,S00,5,terminal,0,50860,73,0,0,9,1000,0,34.4367,0,0
9,allocate_send_arrival,0,S00,5,terminal,0,50866,91,0,0,9,1000,0,100,0,0
9,allocate_send_arrival,0,S00,5,terminal,0,50865,109,0,0,9,1000,0,34.4367,0,0
9,allocate_send_arrival,0,S00,5,terminal,0,50863,72,0,0,9,1000,0,34.4367,0,0
9,allocate_send_arrival,0,S00,5,terminal,0,50862,52,0,0,9,1000,0,59.5645,0,0
9,allocate_send_arrival,0,S00,5,terminal,0,50867,112,0,0,9,1000,0,100,0,0
9,allocate_send_arrival,0,S00,5,terminal,0,50861,93,0,0,9,1000,0,100,0,0
9,allocate_send_arrival,0,S00,5,terminal,0,50864,77,0,0,9,1000,0,59.5645,0,0
9,allocate_send_arrival,4,S37,0,switch,0,50867,112,0,0,9,203.508,0,100,0,0
9,allocate_send_arrival,3,S27,0,switch,0,50862,52,0,0,9,119.129,0,59.0002,0.564261,0
9,enqueue_residual,3,S27,0,switch,0,50862,52,0,0,9,119.129,0,0,0.564261,0
9,allocate_send_arrival,3,S27,0,switch,0,50864,77,0,0,9,119.129,0,59.0002,0.564261,0
9,enqueue_residual,3,S27,0,switch,0,50864,77,0,0,9,119.129,0,0,0.564261,0
9,allocate_send_arrival,46,S24,1,switch,44,50861,93,0,0,9,217.722,0,100,0,0
9,allocate_send_arrival,43,S22,0,switch,0,50861,93,0,0,9,203.304,0,100,0,0
9,allocate_send_arrival,43,S22,0,switch,0,50866,91,0,0,9,203.304,0,100,0,0
9,allocate_send_arrival,56,S36,2,switch,4,50867,112,0,0,9,112.305,0,100,0,0
9,allocate_send_arrival,37,S32,0,switch,0,50863,72,0,0,9,103.31,0,33.7286,0.70808,0
9,enqueue_residual,37,S32,0,switch,0,50863,72,0,0,9,103.31,0,0,0.70808,0
9,allocate_send_arrival,37,S32,0,switch,0,50865,109,0,0,9,103.31,0,33.7286,0.70808,0
9,enqueue_residual,37,S32,0,switch,0,50865,109,0,0,9,103.31,0,0,0.70808,0
9,allocate_send_arrival,37,S32,0,switch,0,50860,73,0,0,9,103.31,0,33.7286,0.70808,0
9,enqueue_residual,37,S32,0,switch,0,50860,73,0,0,9,103.31,0,0,0.70808,0
9,allocate_send_arrival,54,S31,1,switch,37,50865,109,0,0,9,242.335,0,34.4367,0,0
9,allocate_send_arrival,42,S20,2,switch,3,50864,77,0,0,9,251.806,0,59.5645,0,0
9,allocate_send_arrival,45,S28,2,switch,43,50866,91,0,0,9,227.415,0,100,0,0
9,allocate_send_arrival,38,S42,0,switch,42,50864,77,0,0,9,176.64,0,59.5645,0,0
9,allocate_send_arrival,36,S18,0,switch,35,50860,73,0,0,9,247.316,0,34.4367,0,0
9,allocate_send_arrival,36,S18,0,switch,35,50863,72,0,0,9,247.316,0,34.4367,0,0
9,allocate_send_arrival,44,S23,0,switch,43,50861,93,0,0,9,211.017,0,100,0,0
9,allocate_send_arrival,26,S33,0,switch,3,50862,52,0,0,9,174.708,0,59.5645,0,0
10,allocate_send_buffered,3,S27,0,switch,0,50862,52,0,0,10,119.129,1.12852,0.564261,0,0
10,allocate_send_buffered,3,S27,0,switch,0,50864,77,0,0,10,119.129,1.12852,0.564261,0,0
10,allocate_send_buffered,37,S32,0,switch,0,50863,72,0,0,10,103.31,2.12424,0.70808,0,0
10,allocate_send_buffered,37,S32,0,switch,0,50865,109,0,0,10,103.31,2.12424,0.70808,0,0
10,allocate_send_buffered,37,S32,0,switch,0,50860,73,0,0,10,103.31,2.12424,0.70808,0,0
10,stage_arrival,3,S27,0,switch,0,50864,77,0,0,10,119.129,0,0,59.5645,0
10,stage_arrival,3,S27,0,switch,0,50862,52,0,0,10,119.129,0,0,59.5645,0
10,stage_arrival,0,S00,5,terminal,0,50862,52,0,0,10,1000,0,0,59.0002,0
10,stage_arrival,45,S28,2,switch,43,50866,91,0,0,10,227.415,0,0,100,0
10,stage_arrival,38,S42,0,switch,42,50864,77,0,0,10,176.64,0,0,59.5645,0
10,stage_arrival,37,S32,0,switch,0,50865,109,0,0,10,103.31,0,0,34.4367,0
10,stage_arrival,37,S32,0,switch,0,50860,73,0,0,10,103.31,0,0,34.4367,0
10,stage_arrival,37,S32,0,switch,0,50863,72,0,0,10,103.31,0,0,34.4367,0
10,stage_arrival,0,S00,5,terminal,0,50863,72,0,0,10,1000,0,0,33.7286,0
10,stage_arrival,0,S00,5,terminal,0,50865,109,0,0,10,1000,0,0,0.70808,0
10,stage_arrival,43,S22,0,switch,0,50861,93,0,0,10,203.304,0,0,100,0
10,stage_arrival,0,S00,5,terminal,0,50864,77,0,0,10,1000,0,0,59.0002,0
10,stage_arrival,44,S23,0,switch,43,50861,93,0,0,10,211.017,0,0,100,0
10,stage_arrival_coalesce,0,S00,5,terminal,0,50865,109,0,0,10,1000,0,0,34.4367,0
10,stage_arrival_coalesce,0,S00,5,terminal,0,50863,72,0,0,10,1000,0,0,34.4367,0
10,stage_arrival,4,S37,0,switch,0,50867,112,0,0,10,203.508,0,0,100,0
10,stage_arrival_coalesce,0,S00,5,terminal,0,50862,52,0,0,10,1000,0,0,59.5645,0
10,stage_arrival_coalesce,0,S00,5,terminal,0,50864,77,0,0,10,1000,0,0,59.5645,0
10,stage_arrival,36,S18,0,switch,35,50860,73,0,0,10,247.316,0,0,34.4367,0
10,stage_arrival,26,S33,0,switch,3,50862,52,0,0,10,174.708,0,0,59.5645,0
10,stage_arrival,46,S24,1,switch,44,50861,93,0,0,10,217.722,0,0,100,0
10,stage_arrival,0,S00,5,terminal,0,50866,91,0,0,10,1000,0,0,100,0
10,stage_arrival,35,S17,2,switch,37,50860,73,0,0,10,246.878,0,0,34.4367,0
10,stage_arrival,42,S20,2,switch,3,50864,77,0,0,10,251.806,0,0,59.5645,0
10,stage_arrival,35,S17,2,switch,37,50863,72,0,0,10,246.878,0,0,34.4367,0
10,stage_arrival,0,S00,5,terminal,0,50861,93,0,0,10,1000,0,0,100,0
10,stage_arrival,54,S31,1,switch,37,50865,109,0,0,10,242.335,0,0,34.4367,0
10,stage_arrival,0,S00,5,terminal,0,50860,73,0,0,10,1000,0,0,0.70808,0
10,stage_arrival,56,S36,2,switch,4,50867,112,0,0,10,112.305,0,0,100,0
10,stage_arrival,0,S00,5,terminal,0,50867,112,0,0,10,1000,0,0,100,0
10,stage_arrival,36,S18,0,switch,35,50863,72,0,0,10,247.316,0,0,34.4367,0
10,stage_arrival,43,S22,0,switch,0,50866,91,0,0,10,203.304,0,0,100,0
10,stage_arrival_coalesce,0,S00,5,terminal,0,50860,73,0,0,10,1000,0,0,34.4367,0
10,allocate_send_arrival,35,S17,2,switch,37,50860,73,0,0,10,246.878,0,34.4367,0,0
10,allocate_send_arrival,35,S17,2,switch,37,50863,72,0,0,10,246.878,0,34.4367,0,0
10,allocate_send_arrival,26,S33,0,switch,3,50862,52,0,0,10,174.708,0,59.5645,0,0
10,allocate_send_arrival,44,S23,0,switch,43,50861,93,0,0,10,211.017,0,100,0,0
10,allocate_send_arrival,38,S42,0,switch,42,50864,77,0,0,10,176.64,0,59.5645,0,0
10,allocate_send_arrival,54,S31,1,switch,37,50865,109,0,0,10,242.335,0,34.4367,0,0
10,allocate_send_arrival,56,S36,2,switch,4,50867,112,0,0,10,112.305,0,100,0,0
10,allocate_send_arrival,43,S22,0,switch,0,50861,93,0,0,10,203.304,0,100,0,0
10,allocate_send_arrival,43,S22,0,switch,0,50866,91,0,0,10,203.304,0,100,0,0
10,allocate_send_arrival,46,S24,1,switch,44,50861,93,0,0,10,217.722,0,100,0,0
10,allocate_send_arrival,3,S27,0,switch,0,50864,77,0,0,10,119.129,0,59.0002,0.564261,0
10,enqueue_residual,3,S27,0,switch,0,50864,77,0,0,10,119.129,0,0,0.564261,0
10,allocate_send_arrival,3,S27,0,switch,0,50862,52,0,0,10,119.129,0,59.0002,0.564261,0
10,enqueue_residual,3,S27,0,switch,0,50862,52,0,0,10,119.129,0,0,0.564261,0
10,allocate_send_arrival,4,S37,0,switch,0,50867,112,0,0,10,203.508,0,100,0,0
10,allocate_send_arrival,45,S28,2,switch,43,50866,91,0,0,10,227.415,0,100,0,0
10,allocate_send_arrival,0,S00,5,terminal,0,50862,52,0,0,10,1000,0,59.5645,0,0
10,allocate_send_arrival,0,S00,5,terminal,0,50863,72,0,0,10,1000,0,34.4367,0,0
10,allocate_send_arrival,0,S00,5,terminal,0,50865,109,0,0,10,1000,0,34.4367,0,0
10,allocate_send_arrival,0,S00,5,terminal,0,50864,77,0,0,10,1000,0,59.5645,0,0
10,allocate_send_arrival,0,S00,5,terminal,0,50866,91,0,0,10,1000,0,100,0,0
10,allocate_send_arrival,0,S00,5,terminal,0,50861,93,0,0,10,1000,0,100,0,0
10,allocate_send_arrival,0,S00,5,terminal,0,50860,73,0,0,10,1000,0,34.4367,0,0
10,allocate_send_arrival,0,S00,5,terminal,0,50867,112,0,0,10,1000,0,100,0,0
10,allocate_send_arrival,42,S20,2,switch,3,50864,77,0,0,10,251.806,0,59.5645,0,0
10,allocate_send_arrival,36,S18,0,switch,35,50860,73,0,0,10,247.316,0,34.4367,0,0
10,allocate_send_arrival,36,S18,0,switch,35,50863,72,0,0,10,247.316,0,34.4367,0,0
10,allocate_send_arrival,37,S32,0,switch,0,50865,109,0,0,10,103.31,0,33.7286,0.70808,0
10,enqueue_residual,37,S32,0,switch,0,50865,109,0,0,10,103.31,0,0,0.70808,0
10,allocate_send_arrival,37,S32,0,switch,0,50860,73,0,0,10,103.31,0,33.7286,0.70808,0
10,enqueue_residual,37,S32,0,switch,0,50860,73,0,0,10,103.31,0,0,0.70808,0
10,allocate_send_arrival,37,S32,0,switch,0,50863,72,0,0,10,103.31,0,33.7286,0.70808,0
10,enqueue_residual,37,S32,0,switch,0,50863,72,0,0,10,103.31,0,0,0.70808,0
11,allocate_send_buffered,37,S32,0,switch,0,50865,109,0,0,11,103.31,2.12424,0.70808,0,0
11,allocate_send_buffered,37,S32,0,switch,0,50860,73,0,0,11,103.31,2.12424,0.70808,0,0
11,allocate_send_buffered,37,S32,0,switch,0,50863,72,0,0,11,103.31,2.12424,0.70808,0,0
11,allocate_send_buffered,3,S27,0,switch,0,50864,77,0,0,11,119.129,1.12852,0.564261,0,0
11,allocate_send_buffered,3,S27,0,switch,0,50862,52,0,0,11,119.129,1.12852,0.564261,0,0
11,stage_arrival,43,S22,0,switch,0,50866,91,0,0,11,203.304,0,0,100,0
11,stage_arrival,43,S22,0,switch,0,50861,93,0,0,11,203.304,0,0,100,0
11,stage_arrival,0,S00,5,terminal,0,50865,109,0,0,11,1000,0,0,33.7286,0
11,stage_arrival,36,S18,0,switch,35,50860,73,0,0,11,247.316,0,0,34.4367,0
11,stage_arrival,37,S32,0,switch,0,50863,72,0,0,11,103.31,0,0,34.4367,0
11,stage_arrival,37,S32,0,switch,0,50865,109,0,0,11,103.31,0,0,34.4367,0
11,stage_arrival,46,S24,1,switch,44,50861,93,0,0,11,217.722,0,0,100,0
11,stage_arrival,38,S42,0,switch,42,50864,77,0,0,11,176.64,0,0,59.5645,0
11,stage_arrival,45,S28,2,switch,43,50866,91,0,0,11,227.415,0,0,100,0
11,stage_arrival,0,S00,5,terminal,0,50864,77,0,0,11,1000,0,0,0.564261,0
11,stage_arrival,0,S00,5,terminal,0,50860,73,0,0,11,1000,0,0,33.7286,0
11,stage_arrival,0,S00,5,terminal,0,50866,91,0,0,11,1000,0,0,100,0
11,stage_arrival,0,S00,5,terminal,0,50867,112,0,0,11,1000,0,0,100,0
11,stage_arrival,56,S36,2,switch,4,50867,112,0,0,11,112.305,0,0,100,0
11,stage_arrival,3,S27,0,switch,0,50862,52,0,0,11,119.129,0,0,59.5645,0
11,stage_arrival_coalesce,0,S00,5,terminal,0,50864,77,0,0,11,1000,0,0,59.5645,0
11,stage_arrival_coalesce,0,S00,5,terminal,0,50860,73,0,0,11,1000,0,0,34.4367,0
11,stage_arrival,0,S00,5,terminal,0,50862,52,0,0,11,1000,0,0,59.0002,0
11,stage_arrival,54,S31,1,switch,37,50865,109,0,0,11,242.335,0,0,34.4367,0
11,stage_arrival_coalesce,0,S00,5,terminal,0,50862,52,0,0,11,1000,0,0,59.5645,0
11,stage_arrival,26,S33,0,switch,3,50862,52,0,0,11,174.708,0,0,59.5645,0
11,stage_arrival,36,S18,0,switch,35,50863,72,0,0,11,247.316,0,0,34.4367,0
11,stage_arrival,4,S37,0,switch,0,50867,112,0,0,11,203.508,0,0,100,0
11,stage_arrival,44,S23,0,switch,43,50861,93,0,0,11,211.017,0,0,100,0
11,stage_arrival_coalesce,0,S00,5,terminal,0,50865,109,0,0,11,1000,0,0,34.4367,0
11,stage_arrival,0,S00,5,terminal,0,50863,72,0,0,11,1000,0,0,0.70808,0
11,stage_arrival,3,S27,0,switch,0,50864,77,0,0,11,119.129,0,0,59.5645,0
11,stage_arrival,37,S32,0,switch,0,50860,73,0,0,11,103.31,0,0,34.4367,0
11,stage_arrival,0,S00,5,terminal,0,50861,93,0,0,11,1000,0,0,100,0
11,stage_arrival,35,S17,2,switch,37,50860,73,0,0,11,246.878,0,0,34.4367,0
11,stage_arrival,42,S20,2,switch,3,50864,77,0,0,11,251.806,0,0,59.5645,0
11,stage_arrival_coalesce,0,S00,5,terminal,0,50863,72,0,0,11,1000,0,0,34.4367,0
11,stage_arrival,35,S17,2,switch,37,50863,72,0,0,11,246.878,0,0,34.4367,0
11,allocate_send_arrival,42,S20,2,switch,3,50864,77,0,0,11,251.806,0,59.5645,0,0
11,allocate_send_arrival,45,S28,2,switch,43,50866,91,0,0,11,227.415,0,100,0,0
11,allocate_send_arrival,46,S24,1,switch,44,50861,93,0,0,11,217.722,0,100,0,0
11,allocate_send_arrival,26,S33,0,switch,3,50862,52,0,0,11,174.708,0,59.5645,0,0
11,allocate_send_arrival,54,S31,1,switch,37,50865,109,0,0,11,242.335,0,34.4367,0,0
11,allocate_send_arrival,3,S27,0,switch,0,50862,52,0,0,11,119.129,0,59.0002,0.564261,0
11,enqueue_residual,3,S27,0,switch,0,50862,52,0,0,11,119.129,0,0,0.564261,0
11,allocate_send_arrival,3,S27,0,switch,0,50864,77,0,0,11,119.129,0,59.0002,0.564261,0
11,enqueue_residual,3,S27,0,switch,0,50864,77,0,0,11,119.129,0,0,0.564261,0
11,allocate_send_arrival,35,S17,2,switch,37,50860,73,0,0,11,246.878,0,34.4367,0,0
11,allocate_send_arrival,35,S17,2,switch,37,50863,72,0,0,11,246.878,0,34.4367,0,0
11,allocate_send_arrival,43,S22,0,switch,0,50866,91,0,0,11,203.304,0,100,0,0
11,allocate_send_arrival,43,S22,0,switch,0,50861,93,0,0,11,203.304,0,100,0,0
11,allocate_send_arrival,4,S37,0,switch,0,50867,112,0,0,11,203.508,0,100,0,0
11,allocate_send_arrival,38,S42,0,switch,42,50864,77,0,0,11,176.64,0,59.5645,0,0
11,allocate_send_arrival,56,S36,2,switch,4,50867,112,0,0,11,112.305,0,100,0,0
11,allocate_send_arrival,44,S23,0,switch,43,50861,93,0,0,11,211.017,0,100,0,0
11,allocate_send_arrival,37,S32,0,switch,0,50863,72,0,0,11,103.31,0,33.7286,0.70808,0
11,enqueue_residual,37,S32,0,switch,0,50863,72,0,0,11,103.31,0,0,0.70808,0
11,allocate_send_arrival,37,S32,0,switch,0,50865,109,0,0,11,103.31,0,33.7286,0.70808,0
11,enqueue_residual,37,S32,0,switch,0,50865,109,0,0,11,103.31,0,0,0.70808,0
11,allocate_send_arrival,37,S32,0,switch,0,50860,73,0,0,11,103.31,0,33.7286,0.70808,0
11,enqueue_residual,37,S32,0,switch,0,50860,73,0,0,11,103.31,0,0,0.70808,0
11,allocate_send_arrival,0,S00,5,terminal,0,50865,109,0,0,11,1000,0,34.4367,0,0
11,allocate_send_arrival,0,S00,5,terminal,0,50864,77,0,0,11,1000,0,59.5645,0,0
11,allocate_send_arrival,0,S00,5,terminal,0,50860,73,0,0,11,1000,0,34.4367,0,0
11,allocate_send_arrival,0,S00,5,terminal,0,50866,91,0,0,11,1000,0,100,0,0
11,allocate_send_arrival,0,S00,5,terminal,0,50867,112,0,0,11,1000,0,100,0,0
11,allocate_send_arrival,0,S00,5,terminal,0,50862,52,0,0,11,1000,0,59.5645,0,0
11,allocate_send_arrival,0,S00,5,terminal,0,50863,72,0,0,11,1000,0,34.4367,0,0
11,allocate_send_arrival,0,S00,5,terminal,0,50861,93,0,0,11,1000,0,100,0,0
11,allocate_send_arrival,36,S18,0,switch,35,50860,73,0,0,11,247.316,0,34.4367,0,0
11,allocate_send_arrival,36,S18,0,switch,35,50863,72,0,0,11,247.316,0,34.4367,0,0
12,allocate_send_buffered,3,S27,0,switch,0,50862,52,0,0,12,119.129,1.12852,0.564261,0,0
12,allocate_send_buffered,3,S27,0,switch,0,50864,77,0,0,12,119.129,1.12852,0.564261,0,0
12,allocate_send_buffered,37,S32,0,switch,0,50863,72,0,0,12,103.31,2.12424,0.70808,0,0
12,allocate_send_buffered,37,S32,0,switch,0,50865,109,0,0,12,103.31,2.12424,0.70808,0,0
12,allocate_send_buffered,37,S32,0,switch,0,50860,73,0,0,12,103.31,2.12424,0.70808,0,0
12,stage_arrival,56,S36,2,switch,4,50867,112,0,0,12,112.305,0,0,100,0
12,stage_arrival,43,S22,0,switch,0,50861,93,0,0,12,203.304,0,0,100,0
12,stage_arrival,4,S37,0,switch,0,50867,112,0,0,12,203.508,0,0,100,0
12,stage_arrival,36,S18,0,switch,35,50860,73,0,0,12,247.316,0,0,34.4367,0
12,stage_arrival,0,S00,5,terminal,0,50862,52,0,0,12,1000,0,0,0.564261,0
12,stage_arrival,42,S20,2,switch,3,50864,77,0,0,12,251.806,0,0,59.5645,0
12,stage_arrival,0,S00,5,terminal,0,50867,112,0,0,12,1000,0,0,100,0
12,stage_arrival,3,S27,0,switch,0,50864,77,0,0,12,119.129,0,0,59.5645,0
12,stage_arrival,35,S17,2,switch,37,50860,73,0,0,12,246.878,0,0,34.4367,0
12,stage_arrival,26,S33,0,switch,3,50862,52,0,0,12,174.708,0,0,59.5645,0
12,stage_arrival,0,S00,5,terminal,0,50865,109,0,0,12,1000,0,0,0.70808,0
12,stage_arrival,0,S00,5,terminal,0,50866,91,0,0,12,1000,0,0,100,0
12,stage_arrival,36,S18,0,switch,35,50863,72,0,0,12,247.316,0,0,34.4367,0
12,stage_arrival,0,S00,5,terminal,0,50863,72,0,0,12,1000,0,0,0.70808,0
12,stage_arrival,0,S00,5,terminal,0,50864,77,0,0,12,1000,0,0,0.564261,0
12,stage_arrival,54,S31,1,switch,37,50865,109,0,0,12,242.335,0,0,34.4367,0
12,stage_arrival,35,S17,2,switch,37,50863,72,0,0,12,246.878,0,0,34.4367,0
12,stage_arrival_coalesce,0,S00,5,terminal,0,50862,52,0,0,12,1000,0,0,59.5645,0
12,stage_arrival,0,S00,5,terminal,0,50860,73,0,0,12,1000,0,0,33.7286,0
12,stage_arrival,37,S32,0,switch,0,50863,72,0,0,12,103.31,0,0,34.4367,0
12,stage_arrival,43,S22,0,switch,0,50866,91,0,0,12,203.304,0,0,100,0
12,stage_arrival,38,S42,0,switch,42,50864,77,0,0,12,176.64,0,0,59.5645,0
12,stage_arrival_coalesce,0,S00,5,terminal,0,50864,77,0,0,12,1000,0,0,59.5645,0
12,stage_arrival,3,S27,0,switch,0,50862,52,0,0,12,119.129,0,0,59.5645,0
12,stage_arrival,37,S32,0,switch,0,50860,73,0,0,12,103.31,0,0,34.4367,0
12,stage_arrival,37,S32,0,switch,0,50865,109,0,0,12,103.31,0,0,34.4367,0
12,stage_arrival,45,S28,2,switch,43,50866,91,0,0,12,227.415,0,0,100,0
12,stage_arrival_coalesce,0,S00,5,terminal,0,50865,109,0,0,12,1000,0,0,34.4367,0
12,stage_arrival,44,S23,0,switch,43,50861,93,0,0,12,211.017,0,0,100,0
12,stage_arrival,46,S24,1,switch,44,50861,93,0,0,12,217.722,0,0,100,0
12,stage_arrival,0,S00,5,terminal,0,50861,93,0,0,12,1000,0,0,100,0
12,stage_arrival_coalesce,0,S00,5,terminal,0,50863,72,0,0,12,1000,0,0,34.4367,0
12,stage_arrival_coalesce,0,S00,5,terminal,0,50860,73,0,0,12,1000,0,0,34.4367,0
12,allocate_send_arrival,4,S37,0,switch,0,50867,112,0,0,12,203.508,0,100,0,0
12,allocate_send_arrival,3,S27,0,switch,0,50864,77,0,0,12,119.129,0,59.0002,0.564261,0
12,enqueue_residual,3,S27,0,switch,0,50864,77,0,0,12,119.129,0,0,0.564261,0
12,allocate_send_arrival,3,S27,0,switch,0,50862,52,0,0,12,119.129,0,59.0002,0.564261,0
12,enqueue_residual,3,S27,0,switch,0,50862,52,0,0,12,119.129,0,0,0.564261,0
12,allocate_send_arrival,0,S00,5,terminal,0,50862,52,0,0,12,1000,0,59.5645,0,0
12,allocate_send_arrival,0,S00,5,terminal,0,50867,112,0,0,12,1000,0,100,0,0
12,allocate_send_arrival,0,S00,5,terminal,0,50865,109,0,0,12,1000,0,34.4367,0,0
12,allocate_send_arrival,0,S00,5,terminal,0,50866,91,0,0,12,1000,0,100,0,0
12,allocate_send_arrival,0,S00,5,terminal,0,50863,72,0,0,12,1000,0,34.4367,0,0
12,allocate_send_arrival,0,S00,5,terminal,0,50864,77,0,0,12,1000,0,59.5645,0,0
12,allocate_send_arrival,0,S00,5,terminal,0,50860,73,0,0,12,1000,0,34.4367,0,0
12,allocate_send_arrival,0,S00,5,terminal,0,50861,93,0,0,12,1000,0,100,0,0
12,allocate_send_arrival,46,S24,1,switch,44,50861,93,0,0,12,217.722,0,100,0,0
12,allocate_send_arrival,42,S20,2,switch,3,50864,77,0,0,12,251.806,0,59.5645,0,0
12,allocate_send_arrival,45,S28,2,switch,43,50866,91,0,0,12,227.415,0,100,0,0
12,allocate_send_arrival,36,S18,0,switch,35,50860,73,0,0,12,247.316,0,34.4367,0,0
12,allocate_send_arrival,36,S18,0,switch,35,50863,72,0,0,12,247.316,0,34.4367,0,0
12,allocate_send_arrival,44,S23,0,switch,43,50861,93,0,0,12,211.017,0,100,0,0
12,allocate_send_arrival,38,S42,0,switch,42,50864,77,0,0,12,176.64,0,59.5645,0,0
12,allocate_send_arrival,54,S31,1,switch,37,50865,109,0,0,12,242.335,0,34.4367,0,0
12,allocate_send_arrival,43,S22,0,switch,0,50861,93,0,0,12,203.304,0,100,0,0
12,allocate_send_arrival,43,S22,0,switch,0,50866,91,0,0,12,203.304,0,100,0,0
12,allocate_send_arrival,35,S17,2,switch,37,50860,73,0,0,12,246.878,0,34.4367,0,0
12,allocate_send_arrival,35,S17,2,switch,37,50863,72,0,0,12,246.878,0,34.4367,0,0
12,allocate_send_arrival,56,S36,2,switch,4,50867,112,0,0,12,112.305,0,100,0,0
12,allocate_send_arrival,26,S33,0,switch,3,50862,52,0,0,12,174.708,0,59.5645,0,0
12,allocate_send_arrival,37,S32,0,switch,0,50863,72,0,0,12,103.31,0,33.7286,0.70808,0
12,enqueue_residual,37,S32,0,switch,0,50863,72,0,0,12,103.31,0,0,0.70808,0
12,allocate_send_arrival,37,S32,0,switch,0,50860,73,0,0,12,103.31,0,33.7286,0.70808,0
12,enqueue_residual,37,S32,0,switch,0,50860,73,0,0,12,103.31,0,0,0.70808,0
12,allocate_send_arrival,37,S32,0,switch,0,50865,109,0,0,12,103.31,0,33.7286,0.70808,0
12,enqueue_residual,37,S32,0,switch,0,50865,109,0,0,12,103.31,0,0,0.70808,0
13,allocate_send_buffered,3,S27,0,switch,0,50864,77,0,0,13,119.129,1.12852,0.564261,0,0
13,allocate_send_buffered,3,S27,0,switch,0,50862,52,0,0,13,119.129,1.12852,0.564261,0,0
13,allocate_send_buffered,37,S32,0,switch,0,50863,72,0,0,13,103.31,2.12424,0.70808,0,0
13,allocate_send_buffered,37,S32,0,switch,0,50860,73,0,0,13,103.31,2.12424,0.70808,0,0
13,allocate_send_buffered,37,S32,0,switch,0,50865,109,0,0,13,103.31,2.12424,0.70808,0,0
13,stage_arrival,44,S23,0,switch,43,50861,93,0,0,13,211.017,0,0,100,0
13,stage_arrival,46,S24,1,switch,44,50861,93,0,0,13,217.722,0,0,100,0
13,stage_arrival,0,S00,5,terminal,0,50865,109,0,0,13,1000,0,0,33.7286,0
13,stage_arrival,42,S20,2,switch,3,50864,77,0,0,13,251.806,0,0,59.5645,0
13,stage_arrival,0,S00,5,terminal,0,50862,52,0,0,13,1000,0,0,0.564261,0
13,stage_arrival,0,S00,5,terminal,0,50860,73,0,0,13,1000,0,0,33.7286,0
13,stage_arrival,0,S00,5,terminal,0,50863,72,0,0,13,1000,0,0,33.7286,0
13,stage_arrival_coalesce,0,S00,5,terminal,0,50863,72,0,0,13,1000,0,0,34.4367,0
13,stage_arrival,37,S32,0,switch,0,50865,109,0,0,13,103.31,0,0,34.4367,0
13,stage_arrival_coalesce,0,S00,5,terminal,0,50865,109,0,0,13,1000,0,0,34.4367,0
13,stage_arrival,43,S22,0,switch,0,50861,93,0,0,13,203.304,0,0,100,0
13,stage_arrival,0,S00,5,terminal,0,50867,112,0,0,13,1000,0,0,100,0
13,stage_arrival,4,S37,0,switch,0,50867,112,0,0,13,203.508,0,0,100,0
13,stage_arrival,43,S22,0,switch,0,50866,91,0,0,13,203.304,0,0,100,0
13,stage_arrival_coalesce,0,S00,5,terminal,0,50862,52,0,0,13,1000,0,0,59.5645,0
13,stage_arrival,35,S17,2,switch,37,50863,72,0,0,13,246.878,0,0,34.4367,0
13,stage_arrival,0,S00,5,terminal,0,50866,91,0,0,13,1000,0,0,100,0
13,stage_arrival,45,S28,2,switch,43,50866,91,0,0,13,227.415,0,0,100,0
13,stage_arrival,38,S42,0,switch,42,50864,77,0,0,13,176.64,0,0,59.5645,0
13,stage_arrival,0,S00,5,terminal,0,50864,77,0,0,13,1000,0,0,0.564261,0
13,stage_arrival,56,S36,2,switch,4,50867,112,0,0,13,112.305,0,0,100,0
13,stage_arrival,37,S32,0,switch,0,50860,73,0,0,13,103.31,0,0,34.4367,0
13,stage_arrival_coalesce,0,S00,5,terminal,0,50860,73,0,0,13,1000,0,0,34.4367,0
13,stage_arrival,54,S31,1,switch,37,50865,109,0,0,13,242.335,0,0,34.4367,0
13,stage_arrival,37,S32,0,switch,0,50863,72,0,0,13,103.31,0,0,34.4367,0
13,stage_arrival,0,S00,5,terminal,0,50861,93,0,0,13,1000,0,0,100,0
13,stage_arrival,36,S18,0,switch,35,50860,73,0,0,13,247.316,0,0,34.4367,0
13,stage_arrival,3,S27,0,switch,0,50862,52,0,0,13,119.129,0,0,59.5645,0
13,stage_arrival,36,S18,0,switch,35,50863,72,0,0,13,247.316,0,0,34.4367,0
13,stage_arrival,35,S17,2,switch,37,50860,73,0,0,13,246.878,0,0,34.4367,0
13,stage_arrival,26,S33,0,switch,3,50862,52,0,0,13,174.708,0,0,59.5645,0
13,stage_arrival,3,S27,0,switch,0,50864,77,0,0,13,119.129,0,0,59.5645,0
13,stage_arrival_coalesce,0,S00,5,terminal,0,50864,77,0,0,13,1000,0,0,59.5645,0
13,allocate_send_arrival,37,S32,0,switch,0,50865,109,0,0,13,103.31,0,33.7286,0.70808,0
13,enqueue_residual,37,S32,0,switch,0,50865,109,0,0,13,103.31,0,0,0.70808,0
13,allocate_send_arrival,37,S32,0,switch,0,50860,73,0,0,13,103.31,0,33.7286,0.70808,0
13,enqueue_residual,37,S32,0,switch,0,50860,73,0,0,13,103.31,0,0,0.70808,0
13,allocate_send_arrival,37,S32,0,switch,0,50863,72,0,0,13,103.31,0,33.7286,0.70808,0
13,enqueue_residual,37,S32,0,switch,0,50863,72,0,0,13,103.31,0,0,0.70808,0
13,allocate_send_arrival,36,S18,0,switch,35,50860,73,0,0,13,247.316,0,34.4367,0,0
13,allocate_send_arrival,36,S18,0,switch,35,50863,72,0,0,13,247.316,0,34.4367,0,0
13,allocate_send_arrival,35,S17,2,switch,37,50863,72,0,0,13,246.878,0,34.4367,0,0
13,allocate_send_arrival,35,S17,2,switch,37,50860,73,0,0,13,246.878,0,34.4367,0,0
13,allocate_send_arrival,54,S31,1,switch,37,50865,109,0,0,13,242.335,0,34.4367,0,0
13,allocate_send_arrival,42,S20,2,switch,3,50864,77,0,0,13,251.806,0,59.5645,0,0
13,allocate_send_arrival,43,S22,0,switch,0,50861,93,0,0,13,203.304,0,100,0,0
13,allocate_send_arrival,43,S22,0,switch,0,50866,91,0,0,13,203.304,0,100,0,0
13,allocate_send_arrival,46,S24,1,switch,44,50861,93,0,0,13,217.722,0,100,0,0
13,allocate_send_arrival,4,S37,0,switch,0,50867,112,0,0,13,203.508,0,100,0,0
13,allocate_send_arrival,3,S27,0,switch,0,50862,52,0,0,13,119.129,0,59.0002,0.564261,0
13,enqueue_residual,3,S27,0,switch,0,50862,52,0,0,13,119.129,0,0,0.564261,0
13,allocate_send_arrival,3,S27,0,switch,0,50864,77,0,0,13,119.129,0,59.0002,0.564261,0
13,enqueue_residual,3,S27,0,switch,0,50864,77,0,0,13,119.129,0,0,0.564261,0
13,allocate_send_arrival,45,S28,2,switch,43,50866,91,0,0,13,227.415,0,100,0,0
13,allocate_send_arrival,0,S00,5,terminal,0,50865,109,0,0,13,1000,0,34.4367,0,0
13,allocate_send_arrival,0,S00,5,terminal,0,50862,52,0,0,13,1000,0,59.5645,0,0
13,allocate_send_arrival,0,S00,5,terminal,0,50860,73,0,0,13,1000,0,34.4367,0,0
13,allocate_send_arrival,0,S00,5,terminal,0,50863,72,0,0,13,1000,0,34.4367,0,0
13,allocate_send_arrival,0,S00,5,terminal,0,50867,112,0,0,13,1000,0,100,0,0
13,allocate_send_arrival,0,S00,5,terminal,0,50866,91,0,0,13,1000,0,100,0,0
13,allocate_send_arrival,0,S00,5,terminal,0,50864,77,0,0,13,1000,0,59.5645,0,0
13,allocate_send_arrival,0,S00,5,terminal,0,50861,93,0,0,13,1000,0,100,0,0
13,allocate_send_arrival,56,S36,2,switch,4,50867,112,0,0,13,112.305,0,100,0,0
13,allocate_send_arrival,38,S42,0,switch,42,50864,77,0,0,13,176.64,0,59.5645,0,0
13,allocate_send_arrival,44,S23,0,switch,43,50861,93,0,0,13,211.017,0,100,0,0
13,allocate_send_arrival,26,S33,0,switch,3,50862,52,0,0,13,174.708,0,59.5645,0,0
14,allocate_send_buffered,37,S32,0,switch,0,50865,109,0,0,14,103.31,2.12424,0.70808,0,0
14,allocate_send_buffered,37,S32,0,switch,0,50860,73,0,0,14,103.31,2.12424,0.70808,0,0
14,allocate_send_buffered,37,S32,0,switch,0,50863,72,0,0,14,103.31,2.12424,0.70808,0,0
14,allocate_send_buffered,3,S27,0,switch,0,50862,52,0,0,14,119.129,1.12852,0.564261,0,0
14,allocate_send_buffered,3,S27,0,switch,0,50864,77,0,0,14,119.129,1.12852,0.564261,0,0
14,stage_arrival,54,S31,1,switch,37,50865,109,0,0,14,242.335,0,0,34.4367,0
14,stage_arrival,37,S32,0,switch,0,50865,109,0,0,14,103.31,0,0,34.4367,0
14,stage_arrival,0,S00,5,terminal,0,50864,77,0,0,14,1000,0,0,0.564261,0
14,stage_arrival,3,S27,0,switch,0,50864,77,0,0,14,119.129,0,0,59.5645,0
14,stage_arrival,38,S42,0,switch,42,50864,77,0,0,14,176.64,0,0,59.5645,0
14,stage_arrival,3,S27,0,switch,0,50862,52,0,0,14,119.129,0,0,59.5645,0
14,stage_arrival,0,S00,5,terminal,0,50866,91,0,0,14,1000,0,0,100,0
14,stage_arrival,35,S17,2,switch,37,50860,73,0,0,14,246.878,0,0,34.4367,0
14,stage_arrival,0,S00,5,terminal,0,50863,72,0,0,14,1000,0,0,33.7286,0
14,stage_arrival,37,S32,0,switch,0,50860,73,0,0,14,103.31,0,0,34.4367,0
14,stage_arrival,4,S37,0,switch,0,50867,112,0,0,14,203.508,0,0,100,0
14,stage_arrival,42,S20,2,switch,3,50864,77,0,0,14,251.806,0,0,59.5645,0
14,stage_arrival,44,S23,0,switch,43,50861,93,0,0,14,211.017,0,0,100,0
14,stage_arrival,0,S00,5,terminal,0,50860,73,0,0,14,1000,0,0,0.70808,0
14,stage_arrival,45,S28,2,switch,43,50866,91,0,0,14,227.415,0,0,100,0
14,stage_arrival,43,S22,0,switch,0,50861,93,0,0,14,203.304,0,0,100,0
14,stage_arrival,46,S24,1,switch,44,50861,93,0,0,14,217.722,0,0,100,0
14,stage_arrival_coalesce,0,S00,5,terminal,0,50860,73,0,0,14,1000,0,0,34.4367,0
14,stage_arrival,0,S00,5,terminal,0,50865,109,0,0,14,1000,0,0,0.70808,0
14,stage_arrival,56,S36,2,switch,4,50867,112,0,0,14,112.305,0,0,100,0
14,stage_arrival,36,S18,0,switch,35,50860,73,0,0,14,247.316,0,0,34.4367,0
14,stage_arrival_coalesce,0,S00,5,terminal,0,50864,77,0,0,14,1000,0,0,59.5645,0
14,stage_arrival,36,S18,0,switch,35,50863,72,0,0,14,247.316,0,0,34.4367,0
14,stage_arrival,26,S33,0,switch,3,50862,52,0,0,14,174.708,0,0,59.5645,0
14,stage_arrival_coalesce,0,S00,5,terminal,0,50865,109,0,0,14,1000,0,0,34.4367,0
14,stage_arrival,0,S00,5,terminal,0,50861,93,0,0,14,1000,0,0,100,0
14,stage_arrival,0,S00,5,terminal,0,50867,112,0,0,14,1000,0,0,100,0
14,stage_arrival,43,S22,0,switch,0,50866,91,0,0,14,203.304,0,0,100,0
14,stage_arrival_coalesce,0,S00,5,terminal,0,50863,72,0,0,14,1000,0,0,34.4367,0
14,stage_arrival,0,S00,5,terminal,0,50862,52,0,0,14,1000,0,0,0.564261,0
14,stage_arrival,35,S17,2,switch,37,50863,72,0,0,14,246.878,0,0,34.4367,0
14,stage_arrival_coalesce,0,S00,5,terminal,0,50862,52,0,0,14,1000,0,0,59.5645,0
14,stage_arrival,37,S32,0,switch,0,50863,72,0,0,14,103.31,0,0,34.4367,0
14,allocate_send_arrival,43,S22,0,switch,0,50861,93,0,0,14,203.304,0,100,0,0
14,allocate_send_arrival,43,S22,0,switch,0,50866,91,0,0,14,203.304,0,100,0,0
14,allocate_send_arrival,36,S18,0,switch,35,50860,73,0,0,14,247.316,0,34.4367,0,0
14,allocate_send_arrival,36,S18,0,switch,35,50863,72,0,0,14,247.316,0,34.4367,0,0
14,allocate_send_arrival,38,S42,0,switch,42,50864,77,0,0,14,176.64,0,59.5645,0,0
14,allocate_send_arrival,46,S24,1,switch,44,50861,93,0,0,14,217.722,0,100,0,0
14,allocate_send_arrival,42,S20,2,switch,3,50864,77,0,0,14,251.806,0,59.5645,0,0
14,allocate_send_arrival,37,S32,0,switch,0,50865,109,0,0,14,103.31,0,33.7286,0.70808,0
14,enqueue_residual,37,S32,0,switch,0,50865,109,0,0,14,103.31,0,0,0.70808,0
14,allocate_send_arrival,37,S32,0,switch,0,50860,73,0,0,14,103.31,0,33.7286,0.70808,0
14,enqueue_residual,37,S32,0,switch,0,50860,73,0,0,14,103.31,0,0,0.70808,0
14,allocate_send_arrival,37,S32,0,switch,0,50863,72,0,0,14,103.31,0,33.7286,0.70808,0
14,enqueue_residual,37,S32,0,switch,0,50863,72,0,0,14,103.31,0,0,0.70808,0
14,allocate_send_arrival,45,S28,2,switch,43,50866,91,0,0,14,227.415,0,100,0,0
14,allocate_send_arrival,4,S37,0,switch,0,50867,112,0,0,14,203.508,0,100,0,0
14,allocate_send_arrival,26,S33,0,switch,3,50862,52,0,0,14,174.708,0,59.5645,0,0
14,allocate_send_arrival,54,S31,1,switch,37,50865,109,0,0,14,242.335,0,34.4367,0,0
14,allocate_send_arrival,0,S00,5,terminal,0,50864,77,0,0,14,1000,0,59.5645,0,0
14,allocate_send_arrival,0,S00,5,terminal,0,50866,91,0,0,14,1000,0,100,0,0
14,allocate_send_arrival,0,S00,5,terminal,0,50863,72,0,0,14,1000,0,34.4367,0,0
14,allocate_send_arrival,0,S00,5,terminal,0,50860,73,0,0,14,1000,0,34.4367,0,0
14,allocate_send_arrival,0,S00,5,terminal,0,50865,109,0,0,14,1000,0,34.4367,0,0
14,allocate_send_arrival,0,S00,5,terminal,0,50861,93,0,0,14,1000,0,100,0,0
14,allocate_send_arrival,0,S00,5,terminal,0,50867,112,0,0,14,1000,0,100,0,0
14,allocate_send_arrival,0,S00,5,terminal,0,50862,52,0,0,14,1000,0,59.5645,0,0
14,allocate_send_arrival,56,S36,2,switch,4,50867,112,0,0,14,112.305,0,100,0,0
14,allocate_send_arrival,3,S27,0,switch,0,50864,77,0,0,14,119.129,0,59.0002,0.564261,0
14,enqueue_residual,3,S27,0,switch,0,50864,77,0,0,14,119.129,0,0,0.564261,0
14,allocate_send_arrival,3,S27,0,switch,0,50862,52,0,0,14,119.129,0,59.0002,0.564261,0
14,enqueue_residual,3,S27,0,switch,0,50862,52,0,0,14,119.129,0,0,0.564261,0
14,allocate_send_arrival,35,S17,2,switch,37,50860,73,0,0,14,246.878,0,34.4367,0,0
14,allocate_send_arrival,35,S17,2,switch,37,50863,72,0,0,14,246.878,0,34.4367,0,0
14,allocate_send_arrival,44,S23,0,switch,43,50861,93,0,0,14,211.017,0,100,0,0
15,allocate_send_buffered,3,S27,0,switch,0,50864,77,0,0,15,119.129,1.12852,0.564261,0,0
15,allocate_send_buffered,3,S27,0,switch,0,50862,52,0,0,15,119.129,1.12852,0.564261,0,0
15,allocate_send_buffered,37,S32,0,switch,0,50865,109,0,0,15,103.31,2.12424,0.70808,0,0
15,allocate_send_buffered,37,S32,0,switch,0,50860,73,0,0,15,103.31,2.12424,0.70808,0,0
15,allocate_send_buffered,37,S32,0,switch,0,50863,72,0,0,15,103.31,2.12424,0.70808,0,0
15,stage_arrival,0,S00,5,terminal,0,50860,73,0,0,15,1000,0,0,33.7286,0
15,stage_arrival,0,S00,5,terminal,0,50863,72,0,0,15,1000,0,0,0.70808,0
15,stage_arrival,45,S28,2,switch,43,50866,91,0,0,15,227.415,0,0,100,0
15,stage_arrival,0,S00,5,terminal,0,50866,91,0,0,15,1000,0,0,100,0
15,stage_arrival,38,S42,0,switch,42,50864,77,0,0,15,176.64,0,0,59.5645,0
15,stage_arrival,26,S33,0,switch,3,50862,52,0,0,15,174.708,0,0,59.5645,0
15,stage_arrival,0,S00,5,terminal,0,50862,52,0,0,15,1000,0,0,59.0002,0
15,stage_arrival,4,S37,0,switch,0,50867,112,0,0,15,203.508,0,0,100,0
15,stage_arrival,0,S00,5,terminal,0,50867,112,0,0,15,1000,0,0,100,0
15,stage_arrival,3,S27,0,switch,0,50862,52,0,0,15,119.129,0,0,59.5645,0
15,stage_arrival,36,S18,0,switch,35,50863,72,0,0,15,247.316,0,0,34.4367,0
15,stage_arrival,37,S32,0,switch,0,50863,72,0,0,15,103.31,0,0,34.4367,0
15,stage_arrival,0,S00,5,terminal,0,50864,77,0,0,15,1000,0,0,59.0002,0
15,stage_arrival,44,S23,0,switch,43,50861,93,0,0,15,211.017,0,0,100,0
15,stage_arrival,0,S00,5,terminal,0,50861,93,0,0,15,1000,0,0,100,0
15,stage_arrival,3,S27,0,switch,0,50864,77,0,0,15,119.129,0,0,59.5645,0
15,stage_arrival,35,S17,2,switch,37,50860,73,0,0,15,246.878,0,0,34.4367,0
15,stage_arrival,0,S00,5,terminal,0,50865,109,0,0,15,1000,0,0,0.70808,0
15,stage_arrival_coalesce,0,S00,5,terminal,0,50863,72,0,0,15,1000,0,0,34.4367,0
15,stage_arrival,37,S32,0,switch,0,50865,109,0,0,15,103.31,0,0,34.4367,0
15,stage_arrival,42,S20,2,switch,3,50864,77,0,0,15,251.806,0,0,59.5645,0
15,stage_arrival,56,S36,2,switch,4,50867,112,0,0,15,112.305,0,0,100,0
15,stage_arrival,35,S17,2,switch,37,50863,72,0,0,15,246.878,0,0,34.4367,0
15,stage_arrival,46,S24,1,switch,44,50861,93,0,0,15,217.722,0,0,100,0
15,stage_arrival,37,S32,0,switch,0,50860,73,0,0,15,103.31,0,0,34.4367,0
15,stage_arrival_coalesce,0,S00,5,terminal,0,50864,77,0,0,15,1000,0,0,59.5645,0
15,stage_arrival_coalesce,0,S00,5,terminal,0,50862,52,0,0,15,1000,0,0,59.5645,0
15,stage_arrival_coalesce,0,S00,5,terminal,0,50865,109,0,0,15,1000,0,0,34.4367,0
15,stage_arrival_coalesce,0,S00,5,terminal,0,50860,73,0,0,15,1000,0,0,34.4367,0
15,stage_arrival,43,S22,0,switch,0,50861,93,0,0,15,203.304,0,0,100,0
15,stage_arrival,43,S22,0,switch,0,50866,91,0,0,15,203.304,0,0,100,0
15,stage_arrival,54,S31,1,switch,37,50865,109,0,0,15,242.335,0,0,34.4367,0
15,stage_arrival,36,S18,0,switch,35,50860,73,0,0,15,247.316,0,0,34.4367,0
15,allocate_send_arrival,4,S37,0,switch,0,50867,112,0,0,15,203.508,0,100,0,0
15,allocate_send_arrival,26,S33,0,switch,3,50862,52,0,0,15,174.708,0,59.5645,0,0
15,allocate_send_arrival,3,S27,0,switch,0,50862,52,0,0,15,119.129,0,59.0002,0.564261,0
15,enqueue_residual,3,S27,0,switch,0,50862,52,0,0,15,119.129,0,0,0.564261,0
15,allocate_send_arrival,3,S27,0,switch,0,50864,77,0,0,15,119.129,0,59.0002,0.564261,0
15,enqueue_residual,3,S27,0,switch,0,50864,77,0,0,15,119.129,0,0,0.564261,0
15,allocate_send_arrival,56,S36,2,switch,4,50867,112,0,0,15,112.305,0,100,0,0
15,allocate_send_arrival,44,S23,0,switch,43,50861,93,0,0,15,211.017,0,100,0,0
15,allocate_send_arrival,54,S31,1,switch,37,50865,109,0,0,15,242.335,0,34.4367,0,0
15,allocate_send_arrival,0,S00,5,terminal,0,50860,73,0,0,15,1000,0,34.4367,0,0
15,allocate_send_arrival,0,S00,5,terminal,0,50863,72,0,0,15,1000,0,34.4367,0,0
15,allocate_send_arrival,0,S00,5,terminal,0,50866,91,0,0,15,1000,0,100,0,0
15,allocate_send_arrival,0,S00,5,terminal,0,50862,52,0,0,15,1000,0,59.5645,0,0
15,allocate_send_arrival,0,S00,5,terminal,0,50867,112,0,0,15,1000,0,100,0,0
15,allocate_send_arrival,0,S00,5,terminal,0,50864,77,0,0,15,1000,0,59.5645,0,0
15,allocate_send_arrival,0,S00,5,terminal,0,50861,93,0,0,15,1000,0,100,0,0
15,allocate_send_arrival,0,S00,5,terminal,0,50865,109,0,0,15,1000,0,34.4367,0,0
15,allocate_send_arrival,45,S28,2,switch,43,50866,91,0,0,15,227.415,0,100,0,0
15,allocate_send_arrival,38,S42,0,switch,42,50864,77,0,0,15,176.64,0,59.5645,0,0
15,allocate_send_arrival,43,S22,0,switch,0,50861,93,0,0,15,203.304,0,100,0,0
15,allocate_send_arrival,43,S22,0,switch,0,50866,91,0,0,15,203.304,0,100,0,0
15,allocate_send_arrival,37,S32,0,switch,0,50863,72,0,0,15,103.31,0,33.7286,0.70808,0
15,enqueue_residual,37,S32,0,switch,0,50863,72,0,0,15,103.31,0,0,0.70808,0
15,allocate_send_arrival,37,S32,0,switch,0,50865,109,0,0,15,103.31,0,33.7286,0.70808,0
15,enqueue_residual,37,S32,0,switch,0,50865,109,0,0,15,103.31,0,0,0.70808,0
15,allocate_send_arrival,37,S32,0,switch,0,50860,73,0,0,15,103.31,0,33.7286,0.70808,0
15,enqueue_residual,37,S32,0,switch,0,50860,73,0,0,15,103.31,0,0,0.70808,0
15,allocate_send_arrival,36,S18,0,switch,35,50863,72,0,0,15,247.316,0,34.4367,0,0
15,allocate_send_arrival,36,S18,0,switch,35,50860,73,0,0,15,247.316,0,34.4367,0,0
15,allocate_send_arrival,35,S17,2,switch,37,50860,73,0,0,15,246.878,0,34.4367,0,0
15,allocate_send_arrival,35,S17,2,switch,37,50863,72,0,0,15,246.878,0,34.4367,0,0
15,allocate_send_arrival,46,S24,1,switch,44,50861,93,0,0,15,217.722,0,100,0,0
15,allocate_send_arrival,42,S20,2,switch,3,50864,77,0,0,15,251.806,0,59.5645,0,0
16,allocate_send_buffered,3,S27,0,switch,0,50862,52,0,0,16,119.129,1.12852,0.564261,0,0
16,allocate_send_buffered,3,S27,0,switch,0,50864,77,0,0,16,119.129,1.12852,0.564261,0,0
16,allocate_send_buffered,37,S32,0,switch,0,50863,72,0,0,16,103.31,2.12424,0.70808,0,0
16,allocate_send_buffered,37,S32,0,switch,0,50865,109,0,0,16,103.31,2.12424,0.70808,0,0
16,allocate_send_buffered,37,S32,0,switch,0,50860,73,0,0,16,103.31,2.12424,0.70808,0,0
16,stage_arrival,37,S32,0,switch,0,50865,109,0,0,16,103.31,0,0,34.4367,0
16,stage_arrival,0,S00,5,terminal,0,50864,77,0,0,16,1000,0,0,59.0002,0
16,stage_arrival,35,S17,2,switch,37,50860,73,0,0,16,246.878,0,0,34.4367,0
16,stage_arrival,4,S37,0,switch,0,50867,112,0,0,16,203.508,0,0,100,0
16,stage_arrival,3,S27,0,switch,0,50864,77,0,0,16,119.129,0,0,59.5645,0
16,stage_arrival,37,S32,0,switch,0,50860,73,0,0,16,103.31,0,0,34.4367,0
16,stage_arrival,3,S27,0,switch,0,50862,52,0,0,16,119.129,0,0,59.5645,0
16,stage_arrival,0,S00,5,terminal,0,50862,52,0,0,16,1000,0,0,0.564261,0
16,stage_arrival_coalesce,0,S00,5,terminal,0,50864,77,0,0,16,1000,0,0,59.5645,0
16,stage_arrival,0,S00,5,terminal,0,50863,72,0,0,16,1000,0,0,0.70808,0
16,stage_arrival,42,S20,2,switch,3,50864,77,0,0,16,251.806,0,0,59.5645,0
16,stage_arrival,0,S00,5,terminal,0,50860,73,0,0,16,1000,0,0,0.70808,0
16,stage_arrival,0,S00,5,terminal,0,50865,109,0,0,16,1000,0,0,33.7286,0
16,stage_arrival,36,S18,0,switch,35,50860,73,0,0,16,247.316,0,0,34.4367,0
16,stage_arrival,45,S28,2,switch,43,50866,91,0,0,16,227.415,0,0,100,0
16,stage_arrival_coalesce,0,S00,5,terminal,0,50865,109,0,0,16,1000,0,0,34.4367,0
16,stage_arrival,26,S33,0,switch,3,50862,52,0,0,16,174.708,0,0,59.5645,0
16,stage_arrival,38,S42,0,switch,42,50864,77,0,0,16,176.64,0,0,59.5645,0
16,stage_arrival,0,S00,5,terminal,0,50867,112,0,0,16,1000,0,0,100,0
16,stage_arrival,56,S36,2,switch,4,50867,112,0,0,16,112.305,0,0,100,0
16,stage_arrival,35,S17,2,switch,37,50863,72,0,0,16,246.878,0,0,34.4367,0
16,stage_arrival,0,S00,5,terminal,0,50866,91,0,0,16,1000,0,0,100,0
16,stage_arrival,46,S24,1,switch,44,50861,93,0,0,16,217.722,0,0,100,0
16,stage_arrival,0,S00,5,terminal,0,50861,93,0,0,16,1000,0,0,100,0
16,stage_arrival,43,S22,0,switch,0,50866,91,0,0,16,203.304,0,0,100,0
16,stage_arrival_coalesce,0,S00,5,terminal,0,50860,73,0,0,16,1000,0,0,34.4367,0
16,stage_arrival_coalesce,0,S00,5,terminal,0,50862,52,0,0,16,1000,0,0,59.5645,0
16,stage_arrival_coalesce,0,S00,5,terminal,0,50863,72,0,0,16,1000,0,0,34.4367,0
16,stage_arrival,44,S23,0,switch,43,50861,93,0,0,16,211.017,0,0,100,0
16,stage_arrival,37,S32,0,switch,0,50863,72,0,0,16,103.31,0,0,34.4367,0
16,stage_arrival,54,S31,1,switch,37,50865,109,0,0,16,242.335,0,0,34.4367,0
16,stage_arrival,36,S18,0,switch,35,50863,72,0,0,16,247.316,0,0,34.4367,0
16,stage_arrival,43,S22,0,switch,0,50861,93,0,0,16,203.304,0,0,100,0
16,allocate_send_arrival,35,S17,2,switch,37,50860,73,0,0,16,246.878,0,34.4367,0,0
16,allocate_send_arrival,35,S17,2,switch,37,50863,72,0,0,16,246.878,0,34.4367,0,0
16,allocate_send_arrival,56,S36,2,switch,4,50867,112,0,0,16,112.305,0,100,0,0
16,allocate_send_arrival,4,S37,0,switch,0,50867,112,0,0,16,203.508,0,100,0,0
16,allocate_send_arrival,44,S23,0,switch,43,50861,93,0,0,16,211.017,0,100,0,0
16,allocate_send_arrival,43,S22,0,switch,0,50866,91,0,0,16,203.304,0,100,0,0
16,allocate_send_arrival,43,S22,0,switch,0,50861,93,0,0,16,203.304,0,100,0,0
16,allocate_send_arrival,37,S32,0,switch,0,50865,109,0,0,16,103.31,0,33.7286,0.70808,0
16,enqueue_residual,37,S32,0,switch,0,50865,109,0,0,16,103.31,0,0,0.70808,0
16,allocate_send_arrival,37,S32,0,switch,0,50860,73,0,0,16,103.31,0,33.7286,0.70808,0
16,enqueue_residual,37,S32,0,switch,0,50860,73,0,0,16,103.31,0,0,0.70808,0
16,allocate_send_arrival,37,S32,0,switch,0,50863,72,0,0,16,103.31,0,33.7286,0.70808,0
16,enqueue_residual,37,S32,0,switch,0,50863,72,0,0,16,103.31,0,0,0.70808,0
16,allocate_send_arrival,45,S28,2,switch,43,50866,91,0,0,16,227.415,0,100,0,0
16,allocate_send_arrival,3,S27,0,switch,0,50864,77,0,0,16,119.129,0,59.0002,0.564261,0
16,enqueue_residual,3,S27,0,switch,0,50864,77,0,0,16,119.129,0,0,0.564261,0
16,allocate_send_arrival,3,S27,0,switch,0,50862,52,0,0,16,119.129,0,59.0002,0.564261,0
16,enqueue_residual,3,S27,0,switch,0,50862,52,0,0,16,119.129,0,0,0.564261,0
16,allocate_send_arrival,0,S00,5,terminal,0,50864,77,0,0,16,1000,0,59.5645,0,0
16,allocate_send_arrival,0,S00,5,terminal,0,50862,52,0,0,16,1000,0,59.5645,0,0
16,allocate_send_arrival,0,S00,5,terminal,0,50863,72,0,0,16,1000,0,34.4367,0,0
16,allocate_send_arrival,0,S00,5,terminal,0,50860,73,0,0,16,1000,0,34.4367,0,0
16,allocate_send_arrival,0,S00,5,terminal,0,50865,109,0,0,16,1000,0,34.4367,0,0
16,allocate_send_arrival,0,S00,5,terminal,0,50867,112,0,0,16,1000,0,100,0,0
16,allocate_send_arrival,0,S00,5,terminal,0,50866,91,0,0,16,1000,0,100,0,0
16,allocate_send_arrival,0,S00,5,terminal,0,50861,93,0,0,16,1000,0,100,0,0
16,allocate_send_arrival,36,S18,0,switch,35,50860,73,0,0,16,247.316,0,34.4367,0,0
16,allocate_send_arrival,36,S18,0,switch,35,50863,72,0,0,16,247.316,0,34.4367,0,0
16,allocate_send_arrival,46,S24,1,switch,44,50861,93,0,0,16,217.722,0,100,0,0
16,allocate_send_arrival,42,S20,2,switch,3,50864,77,0,0,16,251.806,0,59.5645,0,0
16,allocate_send_arrival,38,S42,0,switch,42,50864,77,0,0,16,176.64,0,59.5645,0,0
16,allocate_send_arrival,26,S33,0,switch,3,50862,52,0,0,16,174.708,0,59.5645,0,0
16,allocate_send_arrival,54,S31,1,switch,37,50865,109,0,0,16,242.335,0,34.4367,0,0
17,allocate_send_buffered,37,S32,0,switch,0,50865,109,0,0,17,103.31,2.12424,0.70808,0,0
17,allocate_send_buffered,37,S32,0,switch,0,50860,73,0,0,17,103.31,2.12424,0.70808,0,0
17,allocate_send_buffered,37,S32,0,switch,0,50863,72,0,0,17,103.31,2.12424,0.70808,0,0
17,allocate_send_buffered,3,S27,0,switch,0,50864,77,0,0,17,119.129,1.12852,0.564261,0,0
17,allocate_send_buffered,3,S27,0,switch,0,50862,52,0,0,17,119.129,1.12852,0.564261,0,0
17,stage_arrival,56,S36,2,switch,4,50867,112,0,0,17,112.305,0,0,100,0
17,stage_arrival,26,S33,0,switch,3,50862,52,0,0,17,174.708,0,0,59.5645,0
17,stage_arrival,38,S42,0,switch,42,50864,77,0,0,17,176.64,0,0,59.5645,0
17,stage_arrival,0,S00,5,terminal,0,50862,52,0,0,17,1000,0,0,59.0002,0
17,stage_arrival,37,S32,0,switch,0,50865,109,0,0,17,103.31,0,0,34.4367,0
17,stage_arrival,4,S37,0,switch,0,50867,112,0,0,17,203.508,0,0,100,0
17,stage_arrival,37,S32,0,switch,0,50860,73,0,0,17,103.31,0,0,34.4367,0
17,stage_arrival,42,S20,2,switch,3,50864,77,0,0,17,251.806,0,0,59.5645,0
17,stage_arrival,0,S00,5,terminal,0,50860,73,0,0,17,1000,0,0,33.7286,0
17,stage_arrival_coalesce,0,S00,5,terminal,0,50862,52,0,0,17,1000,0,0,59.5645,0
17,stage_arrival,0,S00,5,terminal,0,50866,91,0,0,17,1000,0,0,100,0
17,stage_arrival,35,S17,2,switch,37,50863,72,0,0,17,246.878,0,0,34.4367,0
17,stage_arrival,0,S00,5,terminal,0,50865,109,0,0,17,1000,0,0,0.70808,0
17,stage_arrival,0,S00,5,terminal,0,50864,77,0,0,17,1000,0,0,0.564261,0
17,stage_arrival,3,S27,0,switch,0,50864,77,0,0,17,119.129,0,0,59.5645,0
17,stage_arrival,0,S00,5,terminal,0,50867,112,0,0,17,1000,0,0,100,0
17,stage_arrival,0,S00,5,terminal,0,50863,72,0,0,17,1000,0,0,33.7286,0
17,stage_arrival,43,S22,0,switch,0,50861,93,0,0,17,203.304,0,0,100,0
17,stage_arrival_coalesce,0,S00,5,terminal,0,50864,77,0,0,17,1000,0,0,59.5645,0
17,stage_arrival,35,S17,2,switch,37,50860,73,0,0,17,246.878,0,0,34.4367,0
17,stage_arrival_coalesce,0,S00,5,terminal,0,50863,72,0,0,17,1000,0,0,34.4367,0
17,stage_arrival,3,S27,0,switch,0,50862,52,0,0,17,119.129,0,0,59.5645,0
17,stage_arrival,0,S00,5,terminal,0,50861,93,0,0,17,1000,0,0,100,0
17,stage_arrival_coalesce,0,S00,5,terminal,0,50860,73,0,0,17,1000,0,0,34.4367,0
17,stage_arrival,36,S18,0,switch,35,50863,72,0,0,17,247.316,0,0,34.4367,0
17,stage_arrival,44,S23,0,switch,43,50861,93,0,0,17,211.017,0,0,100,0
17,stage_arrival,43,S22,0,switch,0,50866,91,0,0,17,203.304,0,0,100,0
17,stage_arrival,36,S18,0,switch,35,50860,73,0,0,17,247.316,0,0,34.4367,0
17,stage_arrival,37,S32,0,switch,0,50863,72,0,0,17,103.31,0,0,34.4367,0
17,stage_arrival,45,S28,2,switch,43,50866,91,0,0,17,227.415,0,0,100,0
17,stage_arrival,54,S31,1,switch,37,50865,109,0,0,17,242.335,0,0,34.4367,0
17,stage_arrival_coalesce,0,S00,5,terminal,0,50865,109,0,0,17,1000,0,0,34.4367,0
17,stage_arrival,46,S24,1,switch,44,50861,93,0,0,17,217.722,0,0,100,0
17,allocate_send_arrival,43,S22,0,switch,0,50861,93,0,0,17,203.304,0,100,0,0
17,allocate_send_arrival,43,S22,0,switch,0,50866,91,0,0,17,203.304,0,100,0,0
17,allocate_send_arrival,35,S17,2,switch,37,50863,72,0,0,17,246.878,0,34.4367,0,0
17,allocate_send_arrival,35,S17,2,switch,37,50860,73,0,0,17,246.878,0,34.4367,0,0
17,allocate_send_arrival,26,S33,0,switch,3,50862,52,0,0,17,174.708,0,59.5645,0,0
17,allocate_send_arrival,37,S32,0,switch,0,50865,109,0,0,17,103.31,0,33.7286,0.70808,0
17,enqueue_residual,37,S32,0,switch,0,50865,109,0,0,17,103.31,0,0,0.70808,0
17,allocate_send_arrival,37,S32,0,switch,0,50860,73,0,0,17,103.31,0,33.7286,0.70808,0
17,enqueue_residual,37,S32,0,switch,0,50860,73,0,0,17,103.31,0,0,0.70808,0
17,allocate_send_arrival,37,S32,0,switch,0,50863,72,0,0,17,103.31,0,33.7286,0.70808,0
17,enqueue_residual,37,S32,0,switch,0,50863,72,0,0,17,103.31,0,0,0.70808,0
17,allocate_send_arrival,36,S18,0,switch,35,50863,72,0,0,17,247.316,0,34.4367,0,0
17,allocate_send_arrival,36,S18,0,switch,35,50860,73,0,0,17,247.316,0,34.4367,0,0
17,allocate_send_arrival,4,S37,0,switch,0,50867,112,0,0,17,203.508,0,100,0,0
17,allocate_send_arrival,0,S00,5,terminal,0,50862,52,0,0,17,1000,0,59.5645,0,0
17,allocate_send_arrival,0,S00,5,terminal,0,50860,73,0,0,17,1000,0,34.4367,0,0
17,allocate_send_arrival,0,S00,5,terminal,0,50866,91,0,0,17,1000,0,100,0,0
17,allocate_send_arrival,0,S00,5,terminal,0,50865,109,0,0,17,1000,0,34.4367,0,0
17,allocate_send_arrival,0,S00,5,terminal,0,50864,77,0,0,17,1000,0,59.5645,0,0
17,allocate_send_arrival,0,S00,5,terminal,0,50867,112,0,0,17,1000,0,100,0,0
17,allocate_send_arrival,0,S00,5,terminal,0,50863,72,0,0,17,1000,0,34.4367,0,0
17,allocate_send_arrival,0,S00,5,terminal,0,50861,93,0,0,17,1000,0,100,0,0
17,allocate_send_arrival,44,S23,0,switch,43,50861,93,0,0,17,211.017,0,100,0,0
17,allocate_send_arrival,38,S42,0,switch,42,50864,77,0,0,17,176.64,0,59.5645,0,0
17,allocate_send_arrival,46,S24,1,switch,44,50861,93,0,0,17,217.722,0,100,0,0
17,allocate_send_arrival,45,S28,2,switch,43,50866,91,0,0,17,227.415,0,100,0,0
17,allocate_send_arrival,56,S36,2,switch,4,50867,112,0,0,17,112.305,0,100,0,0
17,allocate_send_arrival,54,S31,1,switch,37,50865,109,0,0,17,242.335,0,34.4367,0,0
17,allocate_send_arrival,42,S20,2,switch,3,50864,77,0,0,17,251.806,0,59.5645,0,0
17,allocate_send_arrival,3,S27,0,switch,0,50864,77,0,0,17,119.129,0,59.0002,0.564261,0
17,enqueue_residual,3,S27,0,switch,0,50864,77,0,0,17,119.129,0,0,0.564261,0
17,allocate_send_arrival,3,S27,0,switch,0,50862,52,0,0,17,119.129,0,59.0002,0.564261,0
17,enqueue_residual,3,S27,0,switch,0,50862,52,0,0,17,119.129,0,0,0.564261,0
18,allocate_send_buffered,37,S32,0,switch,0,50865,109,0,0,18,103.31,2.12424,0.70808,0,0
18,allocate_send_buffered,37,S32,0,switch,0,50860,73,0,0,18,103.31,2.12424,0.70808,0,0
18,allocate_send_buffered,37,S32,0,switch,0,50863,72,0,0,18,103.31,2.12424,0.70808,0,0
18,allocate_send_buffered,3,S27,0,switch,0,50864,77,0,0,18,119.129,1.12852,0.564261,0,0
18,allocate_send_buffered,3,S27,0,switch,0,50862,52,0,0,18,119.129,1.12852,0.564261,0,0
18,stage_arrival,35,S17,2,switch,37,50860,73,0,0,18,246.878,0,0,34.4367,0
18,stage_arrival,0,S00,5,terminal,0,50863,72,0,0,18,1000,0,0,33.7286,0
18,stage_arrival,36,S18,0,switch,35,50860,73,0,0,18,247.316,0,0,34.4367,0
18,stage_arrival,38,S42,0,switch,42,50864,77,0,0,18,176.64,0,0,59.5645,0
18,stage_arrival,0,S00,5,terminal,0,50861,93,0,0,18,1000,0,0,100,0
18,stage_arrival,0,S00,5,terminal,0,50866,91,0,0,18,1000,0,0,100,0
18,stage_arrival,43,S22,0,switch,0,50861,93,0,0,18,203.304,0,0,100,0
18,stage_arrival,37,S32,0,switch,0,50865,109,0,0,18,103.31,0,0,34.4367,0
18,stage_arrival,37,S32,0,switch,0,50863,72,0,0,18,103.31,0,0,34.4367,0
18,stage_arrival,35,S17,2,switch,37,50863,72,0,0,18,246.878,0,0,34.4367,0
18,stage_arrival,0,S00,5,terminal,0,50865,109,0,0,18,1000,0,0,33.7286,0
18,stage_arrival,56,S36,2,switch,4,50867,112,0,0,18,112.305,0,0,100,0
18,stage_arrival,0,S00,5,terminal,0,50862,52,0,0,18,1000,0,0,0.564261,0
18,stage_arrival,0,S00,5,terminal,0,50864,77,0,0,18,1000,0,0,0.564261,0
18,stage_arrival,3,S27,0,switch,0,50862,52,0,0,18,119.129,0,0,59.5645,0
18,stage_arrival,0,S00,5,terminal,0,50860,73,0,0,18,1000,0,0,33.7286,0
18,stage_arrival_coalesce,0,S00,5,terminal,0,50865,109,0,0,18,1000,0,0,34.4367,0
18,stage_arrival,4,S37,0,switch,0,50867,112,0,0,18,203.508,0,0,100,0
18,stage_arrival,3,S27,0,switch,0,50864,77,0,0,18,119.129,0,0,59.5645,0
18,stage_arrival,0,S00,5,terminal,0,50867,112,0,0,18,1000,0,0,100,0
18,stage_arrival,43,S22,0,switch,0,50866,91,0,0,18,203.304,0,0,100,0
18,stage_arrival_coalesce,0,S00,5,terminal,0,50863,72,0,0,18,1000,0,0,34.4367,0
18,stage_arrival,44,S23,0,switch,43,50861,93,0,0,18,211.017,0,0,100,0
18,stage_arrival_coalesce,0,S00,5,terminal,0,50860,73,0,0,18,1000,0,0,34.4367,0
18,stage_arrival_coalesce,0,S00,5,terminal,0,50864,77,0,0,18,1000,0,0,59.5645,0
18,stage_arrival,45,S28,2,switch,43,50866,91,0,0,18,227.415,0,0,100,0
18,stage_arrival,54,S31,1,switch,37,50865,109,0,0,18,242.335,0,0,34.4367,0
18,stage_arrival_coalesce,0,S00,5,terminal,0,50862,52,0,0,18,1000,0,0,59.5645,0
18,stage_arrival,42,S20,2,switch,3,50864,77,0,0,18,251.806,0,0,59.5645,0
18,stage_arrival,26,S33,0,switch,3,50862,52,0,0,18,174.708,0,0,59.5645,0
18,stage_arrival,36,S18,0,switch,35,50863,72,0,0,18,247.316,0,0,34.4367,0
18,stage_arrival,37,S32,0,switch,0,50860,73,0,0,18,103.31,0,0,34.4367,0
18,stage_arrival,46,S24,1,switch,44,50861,93,0,0,18,217.722,0,0,100,0
18,allocate_send_arrival,54,S31,1,switch,37,50865,109,0,0,18,242.335,0,34.4367,0,0
18,allocate_send_arrival,4,S37,0,switch,0,50867,112,0,0,18,203.508,0,100,0,0
18,allocate_send_arrival,56,S36,2,switch,4,50867,112,0,0,18,112.305,0,100,0,0
18,allocate_send_arrival,37,S32,0,switch,0,50865,109,0,0,18,103.31,0,33.7286,0.70808,0
18,enqueue_residual,37,S32,0,switch,0,50865,109,0,0,18,103.31,0,0,0.70808,0
18,allocate_send_arrival,37,S32,0,switch,0,50863,72,0,0,18,103.31,0,33.7286,0.70808,0
18,enqueue_residual,37,S32,0,switch,0,50863,72,0,0,18,103.31,0,0,0.70808,0
18,allocate_send_arrival,37,S32,0,switch,0,50860,73,0,0,18,103.31,0,33.7286,0.70808,0
18,enqueue_residual,37,S32,0,switch,0,50860,73,0,0,18,103.31,0,0,0.70808,0
18,allocate_send_arrival,45,S28,2,switch,43,50866,91,0,0,18,227.415,0,100,0,0
18,allocate_send_arrival,46,S24,1,switch,44,50861,93,0,0,18,217.722,0,100,0,0
18,allocate_send_arrival,38,S42,0,switch,42,50864,77,0,0,18,176.64,0,59.5645,0,0
18,allocate_send_arrival,43,S22,0,switch,0,50861,93,0,0,18,203.304,0,100,0,0
18,allocate_send_arrival,43,S22,0,switch,0,50866,91,0,0,18,203.304,0,100,0,0
18,allocate_send_arrival,42,S20,2,switch,3,50864,77,0,0,18,251.806,0,59.5645,0,0
18,allocate_send_arrival,26,S33,0,switch,3,50862,52,0,0,18,174.708,0,59.5645,0,0
18,allocate_send_arrival,36,S18,0,switch,35,50860,73,0,0,18,247.316,0,34.4367,0,0
18,allocate_send_arrival,36,S18,0,switch,35,50863,72,0,0,18,247.316,0,34.4367,0,0
18,allocate_send_arrival,0,S00,5,terminal,0,50863,72,0,0,18,1000,0,34.4367,0,0
18,allocate_send_arrival,0,S00,5,terminal,0,50861,93,0,0,18,1000,0,100,0,0
18,allocate_send_arrival,0,S00,5,terminal,0,50866,91,0,0,18,1000,0,100,0,0
18,allocate_send_arrival,0,S00,5,terminal,0,50865,109,0,0,18,1000,0,34.4367,0,0
18,allocate_send_arrival,0,S00,5,terminal,0,50862,52,0,0,18,1000,0,59.5645,0,0
18,allocate_send_arrival,0,S00,5,terminal,0,50864,77,0,0,18,1000,0,59.5645,0,0
18,allocate_send_arrival,0,S00,5,terminal,0,50860,73,0,0,18,1000,0,34.4367,0,0
18,allocate_send_arrival,0,S00,5,terminal,0,50867,112,0,0,18,1000,0,100,0,0
18,allocate_send_arrival,35,S17,2,switch,37,50860,73,0,0,18,246.878,0,34.4367,0,0
18,allocate_send_arrival,35,S17,2,switch,37,50863,72,0,0,18,246.878,0,34.4367,0,0
18,allocate_send_arrival,44,S23,0,switch,43,50861,93,0,0,18,211.017,0,100,0,0
18,allocate_send_arrival,3,S27,0,switch,0,50862,52,0,0,18,119.129,0,59.0002,0.564261,0
18,enqueue_residual,3,S27,0,switch,0,50862,52,0,0,18,119.129,0,0,0.564261,0
18,allocate_send_arrival,3,S27,0,switch,0,50864,77,0,0,18,119.129,0,59.0002,0.564261,0
18,enqueue_residual,3,S27,0,switch,0,50864,77,0,0,18,119.129,0,0,0.564261,0
19,allocate_send_buffered,37,S32,0,switch,0,50865,109,0,0,19,103.31,2.12424,0.70808,0,0
19,allocate_send_buffered,37,S32,0,switch,0,50863,72,0,0,19,103.31,2.12424,0.70808,0,0
19,allocate_send_buffered,37,S32,0,switch,0,50860,73,0,0,19,103.31,2.12424,0.70808,0,0
19,allocate_send_buffered,3,S27,0,switch,0,50862,52,0,0,19,119.129,1.12852,0.564261,0,0
19,allocate_send_buffered,3,S27,0,switch,0,50864,77,0,0,19,119.129,1.12852,0.564261,0,0
19,stage_arrival,3,S27,0,switch,0,50862,52,0,0,19,119.129,0,0,59.5645,0
19,stage_arrival,56,S36,2,switch,4,50867,112,0,0,19,112.305,0,0,100,0
19,stage_arrival,45,S28,2,switch,43,50866,91,0,0,19,227.415,0,0,100,0
19,stage_arrival,43,S22,0,switch,0,50861,93,0,0,19,203.304,0,0,100,0
19,stage_arrival,0,S00,5,terminal,0,50863,72,0,0,19,1000,0,0,0.70808,0
19,stage_arrival,36,S18,0,switch,35,50863,72,0,0,19,247.316,0,0,34.4367,0
19,stage_arrival,0,S00,5,terminal,0,50867,112,0,0,19,1000,0,0,100,0
19,stage_arrival,43,S22,0,switch,0,50866,91,0,0,19,203.304,0,0,100,0
19,stage_arrival,35,S17,2,switch,37,50863,72,0,0,19,246.878,0,0,34.4367,0
19,stage_arrival,44,S23,0,switch,43,50861,93,0,0,19,211.017,0,0,100,0
19,stage_arrival,0,S00,5,terminal,0,50865,109,0,0,19,1000,0,0,33.7286,0
19,stage_arrival,3,S27,0,switch,0,50864,77,0,0,19,119.129,0,0,59.5645,0
19,stage_arrival_coalesce,0,S00,5,terminal,0,50863,72,0,0,19,1000,0,0,34.4367,0
19,stage_arrival,26,S33,0,switch,3,50862,52,0,0,19,174.708,0,0,59.5645,0
19,stage_arrival,0,S00,5,terminal,0,50866,91,0,0,19,1000,0,0,100,0
19,stage_arrival,0,S00,5,terminal,0,50861,93,0,0,19,1000,0,0,100,0
19,stage_arrival_coalesce,0,S00,5,terminal,0,50865,109,0,0,19,1000,0,0,34.4367,0
19,stage_arrival,4,S37,0,switch,0,50867,112,0,0,19,203.508,0,0,100,0
19,stage_arrival,46,S24,1,switch,44,50861,93,0,0,19,217.722,0,0,100,0
19,stage_arrival,0,S00,5,terminal,0,50860,73,0,0,19,1000,0,0,33.7286,0
19,stage_arrival,54,S31,1,switch,37,50865,109,0,0,19,242.335,0,0,34.4367,0
19,stage_arrival_coalesce,0,S00,5,terminal,0,50860,73,0,0,19,1000,0,0,34.4367,0
19,stage_arrival,42,S20,2,switch,3,50864,77,0,0,19,251.806,0,0,59.5645,0
19,stage_arrival,37,S32,0,switch,0,50863,72,0,0,19,103.31,0,0,34.4367,0
19,stage_arrival,38,S42,0,switch,42,50864,77,0,0,19,176.64,0,0,59.5645,0
19,stage_arrival,0,S00,5,terminal,0,50864,77,0,0,19,1000,0,0,0.564261,0
19,stage_arrival,36,S18,0,switch,35,50860,73,0,0,19,247.316,0,0,34.4367,0
19,stage_arrival,0,S00,5,terminal,0,50862,52,0,0,19,1000,0,0,0.564261,0
19,stage_arrival,35,S17,2,switch,37,50860,73,0,0,19,246.878,0,0,34.4367,0
19,stage_arrival_coalesce,0,S00,5,terminal,0,50864,77,0,0,19,1000,0,0,59.5645,0
19,stage_arrival,37,S32,0,switch,0,50860,73,0,0,19,103.31,0,0,34.4367,0
19,stage_arrival,37,S32,0,switch,0,50865,109,0,0,19,103.31,0,0,34.4367,0
19,stage_arrival_coalesce,0,S00,5,terminal,0,50862,52,0,0,19,1000,0,0,59.5645,0
19,allocate_send_arrival,26,S33,0,switch,3,50862,52,0,0,19,174.708,0,59.5645,0,0
19,allocate_send_arrival,54,S31,1,switch,37,50865,109,0,0,19,242.335,0,34.4367,0,0
19,allocate_send_arrival,36,S18,0,switch,35,50863,72,0,0,19,247.316,0,34.4367,0,0
19,allocate_send_arrival,36,S18,0,switch,35,50860,73,0,0,19,247.316,0,34.4367,0,0
19,allocate_send_arrival,56,S36,2,switch,4,50867,112,0,0,19,112.305,0,100,0,0
19,allocate_send_arrival,44,S23,0,switch,43,50861,93,0,0,19,211.017,0,100,0,0
19,allocate_send_arrival,42,S20,2,switch,3,50864,77,0,0,19,251.806,0,59.5645,0,0
19,allocate_send_arrival,0,S00,5,terminal,0,50863,72,0,0,19,1000,0,34.4367,0,0
19,allocate_send_arrival,0,S00,5,terminal,0,50867,112,0,0,19,1000,0,100,0,0
19,allocate_send_arrival,0,S00,5,terminal,0,50865,109,0,0,19,1000,0,34.4367,0,0
19,allocate_send_arrival,0,S00,5,terminal,0,50866,91,0,0,19,1000,0,100,0,0
19,allocate_send_arrival,0,S00,5,terminal,0,50861,93,0,0,19,1000,0,100,0,0
19,allocate_send_arrival,0,S00,5,terminal,0,50860,73,0,0,19,1000,0,34.4367,0,0
19,allocate_send_arrival,0,S00,5,terminal,0,50864,77,0,0,19,1000,0,59.5645,0,0
19,allocate_send_arrival,0,S00,5,terminal,0,50862,52,0,0,19,1000,0,59.5645,0,0
19,allocate_send_arrival,45,S28,2,switch,43,50866,91,0,0,19,227.415,0,100,0,0
19,allocate_send_arrival,46,S24,1,switch,44,50861,93,0,0,19,217.722,0,100,0,0
19,allocate_send_arrival,43,S22,0,switch,0,50861,93,0,0,19,203.304,0,100,0,0
19,allocate_send_arrival,43,S22,0,switch,0,50866,91,0,0,19,203.304,0,100,0,0
19,allocate_send_arrival,4,S37,0,switch,0,50867,112,0,0,19,203.508,0,100,0,0
19,allocate_send_arrival,3,S27,0,switch,0,50862,52,0,0,19,119.129,0,59.0002,0.564261,0
19,enqueue_residual,3,S27,0,switch,0,50862,52,0,0,19,119.129,0,0,0.564261,0
19,allocate_send_arrival,3,S27,0,switch,0,50864,77,0,0,19,119.129,0,59.0002,0.564261,0
19,enqueue_residual,3,S27,0,switch,0,50864,77,0,0,19,119.129,0,0,0.564261,0
19,allocate_send_arrival,37,S32,0,switch,0,50863,72,0,0,19,103.31,0,33.7286,0.70808,0
19,enqueue_residual,37,S32,0,switch,0,50863,72,0,0,19,103.31,0,0,0.70808,0
19,allocate_send_arrival,37,S32,0,switch,0,50860,73,0,0,19,103.31,0,33.7286,0.70808,0
19,enqueue_residual,37,S32,0,switch,0,50860,73,0,0,19,103.31,0,0,0.70808,0
19,allocate_send_arrival,37,S32,0,switch,0,50865,109,0,0,19,103.31,0,33.7286,0.70808,0
19,enqueue_residual,37,S32,0,switch,0,50865,109,0,0,19,103.31,0,0,0.70808,0
19,allocate_send_arrival,35,S17,2,switch,37,50863,72,0,0,19,246.878,0,34.4367,0,0
19,allocate_send_arrival,35,S17,2,switch,37,50860,73,0,0,19,246.878,0,34.4367,0,0
19,allocate_send_arrival,38,S42,0,switch,42,50864,77,0,0,19,176.64,0,59.5645,0,0
20,allocate_send_buffered,3,S27,0,switch,0,50862,52,0,0,20,119.129,1.12852,0.564261,0,0
20,allocate_send_buffered,3,S27,0,switch,0,50864,77,0,0,20,119.129,1.12852,0.564261,0,0
20,allocate_send_buffered,37,S32,0,switch,0,50863,72,0,0,20,103.31,2.12424,0.70808,0,0
20,allocate_send_buffered,37,S32,0,switch,0,50860,73,0,0,20,103.31,2.12424,0.70808,0,0
20,allocate_send_buffered,37,S32,0,switch,0,50865,109,0,0,20,103.31,2.12424,0.70808,0,0
20,stage_arrival,37,S32,0,switch,0,50865,109,0,0,20,103.31,0,0,34.4367,0
20,stage_arrival,42,S20,2,switch,3,50864,77,0,0,20,251.806,0,0,59.5645,0
20,stage_arrival,37,S32,0,switch,0,50863,72,0,0,20,103.31,0,0,34.4367,0
20,stage_arrival,0,S00,5,terminal,0,50865,109,0,0,20,1000,0,0,0.70808,0
20,stage_arrival,0,S00,5,terminal,0,50867,112,0,0,20,1000,0,0,100,0
20,stage_arrival,0,S00,5,terminal,0,50863,72,0,0,20,1000,0,0,33.7286,0
20,stage_arrival,0,S00,5,terminal,0,50861,93,0,0,20,1000,0,0,100,0
20,stage_arrival,38,S42,0,switch,42,50864,77,0,0,20,176.64,0,0,59.5645,0
20,stage_arrival,37,S32,0,switch,0,50860,73,0,0,20,103.31,0,0,34.4367,0
20,stage_arrival,45,S28,2,switch,43,50866,91,0,0,20,227.415,0,0,100,0
20,stage_arrival,0,S00,5,terminal,0,50866,91,0,0,20,1000,0,0,100,0
20,stage_arrival,35,S17,2,switch,37,50863,72,0,0,20,246.878,0,0,34.4367,0
20,stage_arrival,36,S18,0,switch,35,50863,72,0,0,20,247.316,0,0,34.4367,0
20,stage_arrival,46,S24,1,switch,44,50861,93,0,0,20,217.722,0,0,100,0
20,stage_arrival,0,S00,5,terminal,0,50864,77,0,0,20,1000,0,0,0.564261,0
20,stage_arrival,56,S36,2,switch,4,50867,112,0,0,20,112.305,0,0,100,0
20,stage_arrival,44,S23,0,switch,43,50861,93,0,0,20,211.017,0,0,100,0
20,stage_arrival,3,S27,0,switch,0,50862,52,0,0,20,119.129,0,0,59.5645,0
20,stage_arrival,0,S00,5,terminal,0,50862,52,0,0,20,1000,0,0,0.564261,0
20,stage_arrival_coalesce,0,S00,5,terminal,0,50862,52,0,0,20,1000,0,0,59.5645,0
20,stage_arrival,43,S22,0,switch,0,50866,91,0,0,20,203.304,0,0,100,0
20,stage_arrival,26,S33,0,switch,3,50862,52,0,0,20,174.708,0,0,59.5645,0
20,stage_arrival_coalesce,0,S00,5,terminal,0,50864,77,0,0,20,1000,0,0,59.5645,0
20,stage_arrival_coalesce,0,S00,5,terminal,0,50863,72,0,0,20,1000,0,0,34.4367,0
20,stage_arrival,0,S00,5,terminal,0,50860,73,0,0,20,1000,0,0,33.7286,0
20,stage_arrival_coalesce,0,S00,5,terminal,0,50865,109,0,0,20,1000,0,0,34.4367,0
20,stage_arrival,36,S18,0,switch,35,50860,73,0,0,20,247.316,0,0,34.4367,0
20,stage_arrival,3,S27,0,switch,0,50864,77,0,0,20,119.129,0,0,59.5645,0
20,stage_arrival_coalesce,0,S00,5,terminal,0,50860,73,0,0,20,1000,0,0,34.4367,0
20,stage_arrival,54,S31,1,switch,37,50865,109,0,0,20,242.335,0,0,34.4367,0
20,stage_arrival,43,S22,0,switch,0,50861,93,0,0,20,203.304,0,0,100,0
20,stage_arrival,35,S17,2,switch,37,50860,73,0,0,20,246.878,0,0,34.4367,0
20,stage_arrival,4,S37,0,switch,0,50867,112,0,0,20,203.508,0,0,100,0
20,allocate_send_arrival,37,S32,0,switch,0,50865,109,0,0,20,103.31,0,33.7286,0.70808,0
20,enqueue_residual,37,S32,0,switch,0,50865,109,0,0,20,103.31,0,0,0.70808,0
20,allocate_send_arrival,37,S32,0,switch,0,50863,72,0,0,20,103.31,0,33.7286,0.70808,0
20,enqueue_residual,37,S32,0,switch,0,50863,72,0,0,20,103.31,0,0,0.70808,0
20,allocate_send_arrival,37,S32,0,switch,0,50860,73,0,0,20,103.31,0,33.7286,0.70808,0
20,enqueue_residual,37,S32,0,switch,0,50860,73,0,0,20,103.31,0,0,0.70808,0
20,allocate_send_arrival,4,S37,0,switch,0,50867,112,0,0,20,203.508,0,100,0,0
20,allocate_send_arrival,26,S33,0,switch,3,50862,52,0,0,20,174.708,0,59.5645,0,0
20,allocate_send_arrival,0,S00,5,terminal,0,50865,109,0,0,20,1000,0,34.4367,0,0
20,allocate_send_arrival,0,S00,5,terminal,0,50867,112,0,0,20,1000,0,100,0,0
20,allocate_send_arrival,0,S00,5,terminal,0,50863,72,0,0,20,1000,0,34.4367,0,0
20,allocate_send_arrival,0,S00,5,terminal,0,50861,93,0,0,20,1000,0,100,0,0
20,allocate_send_arrival,0,S00,5,terminal,0,50866,91,0,0,20,1000,0,100,0,0
20,allocate_send_arrival,0,S00,5,terminal,0,50864,77,0,0,20,1000,0,59.5645,0,0
20,allocate_send_arrival,0,S00,5,terminal,0,50862,52,0,0,20,1000,0,59.5645,0,0
20,allocate_send_arrival,0,S00,5,terminal,0,50860,73,0,0,20,1000,0,34.4367,0,0
20,allocate_send_arrival,56,S36,2,switch,4,50867,112,0,0,20,112.305,0,100,0,0
20,allocate_send_arrival,36,S18,0,switch,35,50863,72,0,0,20,247.316,0,34.4367,0,0
20,allocate_send_arrival,36,S18,0,switch,35,50860,73,0,0,20,247.316,0,34.4367,0,0
20,allocate_send_arrival,42,S20,2,switch,3,50864,77,0,0,20,251.806,0,59.5645,0,0
20,allocate_send_arrival,45,S28,2,switch,43,50866,91,0,0,20,227.415,0,100,0,0
20,allocate_send_arrival,43,S22,0,switch,0,50866,91,0,0,20,203.304,0,100,0,0
20,allocate_send_arrival,43,S22,0,switch,0,50861,93,0,0,20,203.304,0,100,0,0
20,allocate_send_arrival,54,S31,1,switch,37,50865,109,0,0,20,242.335,0,34.4367,0,0
20,allocate_send_arrival,3,S27,0,switch,0,50862,52,0,0,20,119.129,0,59.0002,0.564261,0
20,enqueue_residual,3,S27,0,switch,0,50862,52,0,0,20,119.129,0,0,0.564261,0
20,allocate_send_arrival,3,S27,0,switch,0,50864,77,0,0,20,119.129,0,59.0002,0.564261,0
20,enqueue_residual,3,S27,0,switch,0,50864,77,0,0,20,119.129,0,0,0.564261,0
20,allocate_send_arrival,35,S17,2,switch,37,50863,72,0,0,20,246.878,0,34.4367,0,0
20,allocate_send_arrival,35,S17,2,switch,37,50860,73,0,0,20,246.878,0,34.4367,0,0
20,allocate_send_arrival,44,S23,0,switch,43,50861,93,0,0,20,211.017,0,100,0,0
20,allocate_send_arrival,38,S42,0,switch,42,50864,77,0,0,20,176.64,0,59.5645,0,0
20,allocate_send_arrival,46,S24,1,switch,44,50861,93,0,0,20,217.722,0,100,0,0
21,allocate_send_buffered,37,S32,0,switch,0,50865,109,0,0,21,103.31,2.12424,0.70808,0,0
21,allocate_send_buffered,37,S32,0,switch,0,50863,72,0,0,21,103.31,2.12424,0.70808,0,0
21,allocate_send_buffered,37,S32,0,switch,0,50860,73,0,0,21,103.31,2.12424,0.70808,0,0
21,allocate_send_buffered,3,S27,0,switch,0,50862,52,0,0,21,119.129,1.12852,0.564261,0,0
21,allocate_send_buffered,3,S27,0,switch,0,50864,77,0,0,21,119.129,1.12852,0.564261,0,0
21,stage_arrival,44,S23,0,switch,43,50861,93,0,0,21,211.017,0,0,100,0
21,stage_arrival,0,S00,5,terminal,0,50860,73,0,0,21,1000,0,0,33.7286,0
21,stage_arrival,0,S00,5,terminal,0,50864,77,0,0,21,1000,0,0,0.564261,0
21,stage_arrival,0,S00,5,terminal,0,50865,109,0,0,21,1000,0,0,0.70808,0
21,stage_arrival_coalesce,0,S00,5,terminal,0,50864,77,0,0,21,1000,0,0,59.5645,0
21,stage_arrival,0,S00,5,terminal,0,50866,91,0,0,21,1000,0,0,100,0
21,stage_arrival,0,S00,5,terminal,0,50863,72,0,0,21,1000,0,0,0.70808,0
21,stage_arrival_coalesce,0,S00,5,terminal,0,50865,109,0,0,21,1000,0,0,34.4367,0
21,stage_arrival,37,S32,0,switch,0,50863,72,0,0,21,103.31,0,0,34.4367,0
21,stage_arrival,36,S18,0,switch,35,50860,73,0,0,21,247.316,0,0,34.4367,0
21,stage_arrival,54,S31,1,switch,37,50865,109,0,0,21,242.335,0,0,34.4367,0
21,stage_arrival,37,S32,0,switch,0,50860,73,0,0,21,103.31,0,0,34.4367,0
21,stage_arrival,4,S37,0,switch,0,50867,112,0,0,21,203.508,0,0,100,0
21,stage_arrival,3,S27,0,switch,0,50864,77,0,0,21,119.129,0,0,59.5645,0
21,stage_arrival,0,S00,5,terminal,0,50867,112,0,0,21,1000,0,0,100,0
21,stage_arrival_coalesce,0,S00,5,terminal,0,50863,72,0,0,21,1000,0,0,34.4367,0
21,stage_arrival,35,S17,2,switch,37,50863,72,0,0,21,246.878,0,0,34.4367,0
21,stage_arrival,0,S00,5,terminal,0,50862,52,0,0,21,1000,0,0,59.0002,0
21,stage_arrival,37,S32,0,switch,0,50865,109,0,0,21,103.31,0,0,34.4367,0
21,stage_arrival_coalesce,0,S00,5,terminal,0,50862,52,0,0,21,1000,0,0,59.5645,0
21,stage_arrival,42,S20,2,switch,3,50864,77,0,0,21,251.806,0,0,59.5645,0
21,stage_arrival,3,S27,0,switch,0,50862,52,0,0,21,119.129,0,0,59.5645,0
21,stage_arrival,43,S22,0,switch,0,50866,91,0,0,21,203.304,0,0,100,0
21,stage_arrival,36,S18,0,switch,35,50863,72,0,0,21,247.316,0,0,34.4367,0
21,stage_arrival,35,S17,2,switch,37,50860,73,0,0,21,246.878,0,0,34.4367,0
21,stage_arrival,43,S22,0,switch,0,50861,93,0,0,21,203.304,0,0,100,0
21,stage_arrival_coalesce,0,S00,5,terminal,0,50860,73,0,0,21,1000,0,0,34.4367,0
21,stage_arrival,38,S42,0,switch,42,50864,77,0,0,21,176.64,0,0,59.5645,0
21,stage_arrival,26,S33,0,switch,3,50862,52,0,0,21,174.708,0,0,59.5645,0
21,stage_arrival,0,S00,5,terminal,0,50861,93,0,0,21,1000,0,0,100,0
21,allocate_send_arrival,36,S18,0,switch,35,50860,73,0,0,21,247.316,0,34.4367,0,0
21,allocate_send_arrival,36,S18,0,switch,35,50863,72,0,0,21,247.316,0,34.4367,0,0
21,allocate_send_arrival,4,S37,0,switch,0,50867,112,0,0,21,203.508,0,100,0,0
21,allocate_send_arrival,43,S22,0,switch,0,50866,91,0,0,21,203.304,0,100,0,0
21,allocate_send_arrival,43,S22,0,switch,0,50861,93,0,0,21,203.304,0,100,0,0
21,allocate_send_arrival,38,S42,0,switch,42,50864,77,0,0,21,176.64,0,59.5645,0,0
21,allocate_send_arrival,42,S20,2,switch,3,50864,77,0,0,21,251.806,0,59.5645,0,0
21,allocate_send_arrival,37,S32,0,switch,0,50863,72,0,0,21,103.31,0,33.7286,0.70808,0
21,enqueue_residual,37,S32,0,switch,0,50863,72,0,0,21,103.31,0,0,0.70808,0
21,allocate_send_arrival,37,S32,0,switch,0,50860,73,0,0,21,103.31,0,33.7286,0.70808,0
21,enqueue_residual,37,S32,0,switch,0,50860,73,0,0,21,103.31,0,0,0.70808,0
21,allocate_send_arrival,37,S32,0,switch,0,50865,109,0,0,21,103.31,0,33.7286,0.70808,0
21,enqueue_residual,37,S32,0,switch,0,50865,109,0,0,21,103.31,0,0,0.70808,0
21,allocate_send_arrival,44,S23,0,switch,43,50861,93,0,0,21,211.017,0,100,0,0
21,allocate_send_arrival,54,S31,1,switch,37,50865,109,0,0,21,242.335,0,34.4367,0,0
21,allocate_send_arrival,3,S27,0,switch,0,50864,77,0,0,21,119.129,0,59.0002,0.564261,0
21,enqueue_residual,3,S27,0,switch,0,50864,77,0,0,21,119.129,0,0,0.564261,0
21,allocate_send_arrival,3,S27,0,switch,0,50862,52,0,0,21,119.129,0,59.0002,0.564261,0
21,enqueue_residual,3,S27,0,switch,0,50862,52,0,0,21,119.129,0,0,0.564261,0
21,allocate_send_arrival,0,S00,5,terminal,0,50860,73,0,0,21,1000,0,34.4367,0,0
21,allocate_send_arrival,0,S00,5,terminal,0,50864,77,0,0,21,1000,0,59.5645,0,0
21,allocate_send_arrival,0,S00,5,terminal,0,50865,109,0,0,21,1000,0,34.4367,0,0
21,allocate_send_arrival,0,S00,5,terminal,0,50866,91,0,0,21,1000,0,100,0,0
21,allocate_send_arrival,0,S00,5,terminal,0,50863,72,0,0,21,1000,0,34.4367,0,0
21,allocate_send_arrival,0,S00,5,terminal,0,50867,112,0,0,21,1000,0,100,0,0
21,allocate_send_arrival,0,S00,5,terminal,0,50862,52,0,0,21,1000,0,59.5645,0,0
21,allocate_send_arrival,0,S00,5,terminal,0,50861,93,0,0,21,1000,0,100,0,0
21,allocate_send_arrival,35,S17,2,switch,37,50863,72,0,0,21,246.878,0,34.4367,0,0
21,allocate_send_arrival,35,S17,2,switch,37,50860,73,0,0,21,246.878,0,34.4367,0,0
21,allocate_send_arrival,26,S33,0,switch,3,50862,52,0,0,21,174.708,0,59.5645,0,0
22,allocate_send_buffered,37,S32,0,switch,0,50863,72,0,0,22,103.31,2.12424,0.70808,0,0
22,allocate_send_buffered,37,S32,0,switch,0,50860,73,0,0,22,103.31,2.12424,0.70808,0,0
22,allocate_send_buffered,37,S32,0,switch,0,50865,109,0,0,22,103.31,2.12424,0.70808,0,0
22,allocate_send_buffered,3,S27,0,switch,0,50864,77,0,0,22,119.129,1.12852,0.564261,0,0
22,allocate_send_buffered,3,S27,0,switch,0,50862,52,0,0,22,119.129,1.12852,0.564261,0,0
22,stage_arrival,36,S18,0,switch,35,50860,73,0,0,22,247.316,0,0,34.4367,0
22,stage_arrival,0,S00,5,terminal,0,50863,72,0,0,22,1000,0,0,33.7286,0
22,stage_arrival,0,S00,5,terminal,0,50862,52,0,0,22,1000,0,0,0.564261,0
22,stage_arrival,37,S32,0,switch,0,50860,73,0,0,22,103.31,0,0,34.4367,0
22,stage_arrival,0,S00,5,terminal,0,50860,73,0,0,22,1000,0,0,0.70808,0
22,stage_arrival,26,S33,0,switch,3,50862,52,0,0,22,174.708,0,0,59.5645,0
22,stage_arrival,0,S00,5,terminal,0,50866,91,0,0,22,1000,0,0,100,0
22,stage_arrival,38,S42,0,switch,42,50864,77,0,0,22,176.64,0,0,59.5645,0
22,stage_arrival,37,S32,0,switch,0,50865,109,0,0,22,103.31,0,0,34.4367,0
22,stage_arrival,0,S00,5,terminal,0,50865,109,0,0,22,1000,0,0,0.70808,0
22,stage_arrival,43,S22,0,switch,0,50861,93,0,0,22,203.304,0,0,100,0
22,stage_arrival,35,S17,2,switch,37,50863,72,0,0,22,246.878,0,0,34.4367,0
22,stage_arrival_coalesce,0,S00,5,terminal,0,50860,73,0,0,22,1000,0,0,34.4367,0
22,stage_arrival_coalesce,0,S00,5,terminal,0,50865,109,0,0,22,1000,0,0,34.4367,0
22,stage_arrival,0,S00,5,terminal,0,50867,112,0,0,22,1000,0,0,100,0
22,stage_arrival,0,S00,5,terminal,0,50864,77,0,0,22,1000,0,0,59.0002,0
22,stage_arrival,37,S32,0,switch,0,50863,72,0,0,22,103.31,0,0,34.4367,0
22,stage_arrival,3,S27,0,switch,0,50862,52,0,0,22,119.129,0,0,59.5645,0
22,stage_arrival_coalesce,0,S00,5,terminal,0,50864,77,0,0,22,1000,0,0,59.5645,0
22,stage_arrival,3,S27,0,switch,0,50864,77,0,0,22,119.129,0,0,59.5645,0
22,stage_arrival,42,S20,2,switch,3,50864,77,0,0,22,251.806,0,0,59.5645,0
22,stage_arrival_coalesce,0,S00,5,terminal,0,50863,72,0,0,22,1000,0,0,34.4367,0
22,stage_arrival,0,S00,5,terminal,0,50861,93,0,0,22,1000,0,0,100,0
22,stage_arrival,36,S18,0,switch,35,50863,72,0,0,22,247.316,0,0,34.4367,0
22,stage_arrival,54,S31,1,switch,37,50865,109,0,0,22,242.335,0,0,34.4367,0
22,stage_arrival,35,S17,2,switch,37,50860,73,0,0,22,246.878,0,0,34.4367,0
22,stage_arrival_coalesce,0,S00,5,terminal,0,50862,52,0,0,22,1000,0,0,59.5645,0
22,allocate_send_arrival,38,S42,0,switch,42,50864,77,0,0,22,176.64,0,59.5645,0,0
22,allocate_send_arrival,36,S18,0,switch,35,50860,73,0,0,22,247.316,0,34.4367,0,0
22,allocate_send_arrival,36,S18,0,switch,35,50863,72,0,0,22,247.316,0,34.4367,0,0
22,allocate_send_arrival,43,S22,0,switch,0,50861,93,0,0,22,203.304,0,100,0,0
22,allocate_send_arrival,3,S27,0,switch,0,50862,52,0,0,22,119.129,0,59.0002,0.564261,0
22,enqueue_residual,3,S27,0,switch,0,50862,52,0,0,22,119.129,0,0,0.564261,0
22,allocate_send_arrival,3,S27,0,switch,0,50864,77,0,0,22,119.129,0,59.0002,0.564261,0
22,enqueue_residual,3,S27,0,switch,0,50864,77,0,0,22,119.129,0,0,0.564261,0
22,allocate_send_arrival,37,S32,0,switch,0,50860,73,0,0,22,103.31,0,33.7286,0.70808,0
22,enqueue_residual,37,S32,0,switch,0,50860,73,0,0,22,103.31,0,0,0.70808,0
22,allocate_send_arrival,37,S32,0,switch,0,50865,109,0,0,22,103.31,0,33.7286,0.70808,0
22,enqueue_residual,37,S32,0,switch,0,50865,109,0,0,22,103.31,0,0,0.70808,0
22,allocate_send_arrival,37,S32,0,switch,0,50863,72,0,0,22,103.31,0,33.7286,0.70808,0
22,enqueue_residual,37,S32,0,switch,0,50863,72,0,0,22,103.31,0,0,0.70808,0
22,allocate_send_arrival,26,S33,0,switch,3,50862,52,0,0,22,174.708,0,59.5645,0,0
22,allocate_send_arrival,35,S17,2,switch,37,50863,72,0,0,22,246.878,0,34.4367,0,0
22,allocate_send_arrival,35,S17,2,switch,37,50860,73,0,0,22,246.878,0,34.4367,0,0
22,allocate_send_arrival,54,S31,1,switch,37,50865,109,0,0,22,242.335,0,34.4367,0,0
22,allocate_send_arrival,0,S00,5,terminal,0,50863,72,0,0,22,1000,0,34.4367,0,0
22,allocate_send_arrival,0,S00,5,terminal,0,50862,52,0,0,22,1000,0,59.5645,0,0
22,allocate_send_arrival,0,S00,5,terminal,0,50860,73,0,0,22,1000,0,34.4367,0,0
22,allocate_send_arrival,0,S00,5,terminal,0,50866,91,0,0,22,1000,0,100,0,0
22,allocate_send_arrival,0,S00,5,terminal,0,50865,109,0,0,22,1000,0,34.4367,0,0
22,allocate_send_arrival,0,S00,5,terminal,0,50867,112,0,0,22,1000,0,100,0,0
22,allocate_send_arrival,0,S00,5,terminal,0,50864,77,0,0,22,1000,0,59.5645,0,0
22,allocate_send_arrival,0,S00,5,terminal,0,50861,93,0,0,22,1000,0,100,0,0
22,allocate_send_arrival,42,S20,2,switch,3,50864,77,0,0,22,251.806,0,59.5645,0,0
23,allocate_send_buffered,37,S32,0,switch,0,50860,73,0,0,23,103.31,2.12424,0.70808,0,0
23,allocate_send_buffered,37,S32,0,switch,0,50865,109,0,0,23,103.31,2.12424,0.70808,0,0
23,allocate_send_buffered,37,S32,0,switch,0,50863,72,0,0,23,103.31,2.12424,0.70808,0,0
23,allocate_send_buffered,3,S27,0,switch,0,50862,52,0,0,23,119.129,1.12852,0.564261,0,0
23,allocate_send_buffered,3,S27,0,switch,0,50864,77,0,0,23,119.129,1.12852,0.564261,0,0
23,stage_arrival,3,S27,0,switch,0,50862,52,0,0,23,119.129,0,0,59.5645,0
23,stage_arrival,0,S00,5,terminal,0,50865,109,0,0,23,1000,0,0,0.70808,0
23,stage_arrival,0,S00,5,terminal,0,50863,72,0,0,23,1000,0,0,0.70808,0
23,stage_arrival,38,S42,0,switch,42,50864,77,0,0,23,176.64,0,0,59.5645,0
23,stage_arrival,37,S32,0,switch,0,50863,72,0,0,23,103.31,0,0,34.4367,0
23,stage_arrival_coalesce,0,S00,5,terminal,0,50863,72,0,0,23,1000,0,0,34.4367,0
23,stage_arrival,36,S18,0,switch,35,50860,73,0,0,23,247.316,0,0,34.4367,0
23,stage_arrival,35,S17,2,switch,37,50860,73,0,0,23,246.878,0,0,34.4367,0
23,stage_arrival,37,S32,0,switch,0,50860,73,0,0,23,103.31,0,0,34.4367,0
23,stage_arrival,3,S27,0,switch,0,50864,77,0,0,23,119.129,0,0,59.5645,0
23,stage_arrival,42,S20,2,switch,3,50864,77,0,0,23,251.806,0,0,59.5645,0
23,stage_arrival,0,S00,5,terminal,0,50862,52,0,0,23,1000,0,0,0.564261,0
23,stage_arrival,0,S00,5,terminal,0,50864,77,0,0,23,1000,0,0,59.0002,0
23,stage_arrival,0,S00,5,terminal,0,50860,73,0,0,23,1000,0,0,33.7286,0
23,stage_arrival,37,S32,0,switch,0,50865,109,0,0,23,103.31,0,0,34.4367,0
23,stage_arrival,36,S18,0,switch,35,50863,72,0,0,23,247.316,0,0,34.4367,0
23,stage_arrival_coalesce,0,S00,5,terminal,0,50862,52,0,0,23,1000,0,0,59.5645,0
23,stage_arrival_coalesce,0,S00,5,terminal,0,50864,77,0,0,23,1000,0,0,59.5645,0
23,stage_arrival,26,S33,0,switch,3,50862,52,0,0,23,174.708,0,0,59.5645,0
23,stage_arrival,54,S31,1,switch,37,50865,109,0,0,23,242.335,0,0,34.4367,0
23,stage_arrival,35,S17,2,switch,37,50863,72,0,0,23,246.878,0,0,34.4367,0
23,stage_arrival_coalesce,0,S00,5,terminal,0,50860,73,0,0,23,1000,0,0,34.4367,0
23,stage_arrival_coalesce,0,S00,5,terminal,0,50865,109,0,0,23,1000,0,0,34.4367,0
23,stage_arrival,0,S00,5,terminal,0,50861,93,0,0,23,1000,0,0,100,0
23,allocate_send_arrival,42,S20,2,switch,3,50864,77,0,0,23,251.806,0,59.5645,0,0
23,allocate_send_arrival,38,S42,0,switch,42,50864,77,0,0,23,176.64,0,59.5645,0,0
23,allocate_send_arrival,35,S17,2,switch,37,50860,73,0,0,23,246.878,0,34.4367,0,0
23,allocate_send_arrival,35,S17,2,switch,37,50863,72,0,0,23,246.878,0,34.4367,0,0
23,allocate_send_arrival,54,S31,1,switch,37,50865,109,0,0,23,242.335,0,34.4367,0,0
23,allocate_send_arrival,37,S32,0,switch,0,50863,72,0,0,23,103.31,0,33.7286,0.70808,0
23,enqueue_residual,37,S32,0,switch,0,50863,72,0,0,23,103.31,0,0,0.70808,0
23,allocate_send_arrival,37,S32,0,switch,0,50860,73,0,0,23,103.31,0,33.7286,0.70808,0
23,enqueue_residual,37,S32,0,switch,0,50860,73,0,0,23,103.31,0,0,0.70808,0
23,allocate_send_arrival,37,S32,0,switch,0,50865,109,0,0,23,103.31,0,33.7286,0.70808,0
23,enqueue_residual,37,S32,0,switch,0,50865,109,0,0,23,103.31,0,0,0.70808,0
23,allocate_send_arrival,0,S00,5,terminal,0,50865,109,0,0,23,1000,0,34.4367,0,0
23,allocate_send_arrival,0,S00,5,terminal,0,50863,72,0,0,23,1000,0,34.4367,0,0
23,allocate_send_arrival,0,S00,5,terminal,0,50862,52,0,0,23,1000,0,59.5645,0,0
23,allocate_send_arrival,0,S00,5,terminal,0,50864,77,0,0,23,1000,0,59.5645,0,0
23,allocate_send_arrival,0,S00,5,terminal,0,50860,73,0,0,23,1000,0,34.4367,0,0
23,allocate_send_arrival,0,S00,5,terminal,0,50861,93,0,0,23,1000,0,100,0,0
23,allocate_send_arrival,36,S18,0,switch,35,50860,73,0,0,23,247.316,0,34.4367,0,0
23,allocate_send_arrival,36,S18,0,switch,35,50863,72,0,0,23,247.316,0,34.4367,0,0
23,allocate_send_arrival,26,S33,0,switch,3,50862,52,0,0,23,174.708,0,59.5645,0,0
23,allocate_send_arrival,3,S27,0,switch,0,50862,52,0,0,23,119.129,0,59.0002,0.564261,0
23,enqueue_residual,3,S27,0,switch,0,50862,52,0,0,23,119.129,0,0,0.564261,0
23,allocate_send_arrival,3,S27,0,switch,0,50864,77,0,0,23,119.129,0,59.0002,0.564261,0
23,enqueue_residual,3,S27,0,switch,0,50864,77,0,0,23,119.129,0,0,0.564261,0
24,allocate_send_buffered,3,S27,0,switch,0,50862,52,0,0,24,119.129,1.12852,0.564261,0,0
24,allocate_send_buffered,3,S27,0,switch,0,50864,77,0,0,24,119.129,1.12852,0.564261,0,0
24,allocate_send_buffered,37,S32,0,switch,0,50863,72,0,0,24,103.31,2.12424,0.70808,0,0
24,allocate_send_buffered,37,S32,0,switch,0,50860,73,0,0,24,103.31,2.12424,0.70808,0,0
24,allocate_send_buffered,37,S32,0,switch,0,50865,109,0,0,24,103.31,2.12424,0.70808,0,0
24,stage_arrival,0,S00,5,terminal,0,50860,73,0,0,24,1000,0,0,0.70808,0
24,stage_arrival,42,S20,2,switch,3,50864,77,0,0,24,251.806,0,0,59.5645,0
24,stage_arrival,0,S00,5,terminal,0,50865,109,0,0,24,1000,0,0,0.70808,0
24,stage_arrival,35,S17,2,switch,37,50860,73,0,0,24,246.878,0,0,34.4367,0
24,stage_arrival,0,S00,5,terminal,0,50864,77,0,0,24,1000,0,0,0.564261,0
24,stage_arrival,36,S18,0,switch,35,50860,73,0,0,24,247.316,0,0,34.4367,0
24,stage_arrival,36,S18,0,switch,35,50863,72,0,0,24,247.316,0,0,34.4367,0
24,stage_arrival,0,S00,5,terminal,0,50862,52,0,0,24,1000,0,0,59.0002,0
24,stage_arrival_coalesce,0,S00,5,terminal,0,50865,109,0,0,24,1000,0,0,34.4367,0
24,stage_arrival,0,S00,5,terminal,0,50863,72,0,0,24,1000,0,0,0.70808,0
24,stage_arrival,38,S42,0,switch,42,50864,77,0,0,24,176.64,0,0,59.5645,0
24,stage_arrival_coalesce,0,S00,5,terminal,0,50862,52,0,0,24,1000,0,0,59.5645,0
24,stage_arrival_coalesce,0,S00,5,terminal,0,50864,77,0,0,24,1000,0,0,59.5645,0
24,stage_arrival_coalesce,0,S00,5,terminal,0,50863,72,0,0,24,1000,0,0,34.4367,0
24,stage_arrival,26,S33,0,switch,3,50862,52,0,0,24,174.708,0,0,59.5645,0
24,stage_arrival,37,S32,0,switch,0,50860,73,0,0,24,103.31,0,0,34.4367,0
24,stage_arrival,37,S32,0,switch,0,50865,109,0,0,24,103.31,0,0,34.4367,0
24,stage_arrival,3,S27,0,switch,0,50862,52,0,0,24,119.129,0,0,59.5645,0
24,stage_arrival,3,S27,0,switch,0,50864,77,0,0,24,119.129,0,0,59.5645,0
24,stage_arrival,37,S32,0,switch,0,50863,72,0,0,24,103.31,0,0,34.4367,0
24,stage_arrival,54,S31,1,switch,37,50865,109,0,0,24,242.335,0,0,34.4367,0
24,stage_arrival_coalesce,0,S00,5,terminal,0,50860,73,0,0,24,1000,0,0,34.4367,0
24,stage_arrival,35,S17,2,switch,37,50863,72,0,0,24,246.878,0,0,34.4367,0
24,allocate_send_arrival,3,S27,0,switch,0,50862,52,0,0,24,119.129,0,59.0002,0.564261,0
24,enqueue_residual,3,S27,0,switch,0,50862,52,0,0,24,119.129,0,0,0.564261,0
24,allocate_send_arrival,3,S27,0,switch,0,50864,77,0,0,24,119.129,0,59.0002,0.564261,0
24,enqueue_residual,3,S27,0,switch,0,50864,77,0,0,24,119.129,0,0,0.564261,0
24,allocate_send_arrival,38,S42,0,switch,42,50864,77,0,0,24,176.64,0,59.5645,0,0
24,allocate_send_arrival,54,S31,1,switch,37,50865,109,0,0,24,242.335,0,34.4367,0,0
24,allocate_send_arrival,35,S17,2,switch,37,50860,73,0,0,24,246.878,0,34.4367,0,0
24,allocate_send_arrival,35,S17,2,switch,37,50863,72,0,0,24,246.878,0,34.4367,0,0
24,allocate_send_arrival,0,S00,5,terminal,0,50860,73,0,0,24,1000,0,34.4367,0,0
24,allocate_send_arrival,0,S00,5,terminal,0,50865,109,0,0,24,1000,0,34.4367,0,0
24,allocate_send_arrival,0,S00,5,terminal,0,50864,77,0,0,24,1000,0,59.5645,7.27596e-15,0
24,allocate_send_arrival,0,S00,5,terminal,0,50862,52,0,0,24,1000,0,59.5645,7.27596e-15,0
24,allocate_send_arrival,0,S00,5,terminal,0,50863,72,0,0,24,1000,0,34.4367,0,0
24,allocate_send_arrival,42,S20,2,switch,3,50864,77,0,0,24,251.806,0,59.5645,0,0
24,allocate_send_arrival,26,S33,0,switch,3,50862,52,0,0,24,174.708,0,59.5645,0,0
24,allocate_send_arrival,37,S32,0,switch,0,50860,73,0,0,24,103.31,0,33.7286,0.70808,0
24,enqueue_residual,37,S32,0,switch,0,50860,73,0,0,24,103.31,0,0,0.70808,0
24,allocate_send_arrival,37,S32,0,switch,0,50865,109,0,0,24,103.31,0,33.7286,0.70808,0
24,enqueue_residual,37,S32,0,switch,0,50865,109,0,0,24,103.31,0,0,0.70808,0
24,allocate_send_arrival,37,S32,0,switch,0,50863,72,0,0,24,103.31,0,33.7286,0.70808,0
24,enqueue_residual,37,S32,0,switch,0,50863,72,0,0,24,103.31,0,0,0.70808,0
24,allocate_send_arrival,36,S18,0,switch,35,50860,73,0,0,24,247.316,0,34.4367,0,0
24,allocate_send_arrival,36,S18,0,switch,35,50863,72,0,0,24,247.316,0,34.4367,0,0
25,allocate_send_buffered,37,S32,0,switch,0,50860,73,0,0,25,103.31,2.12424,0.70808,0,0
25,allocate_send_buffered,37,S32,0,switch,0,50865,109,0,0,25,103.31,2.12424,0.70808,0,0
25,allocate_send_buffered,37,S32,0,switch,0,50863,72,0,0,25,103.31,2.12424,0.70808,0,0
25,allocate_send_buffered,3,S27,0,switch,0,50862,52,0,0,25,119.129,1.12852,0.564261,0,0
25,allocate_send_buffered,3,S27,0,switch,0,50864,77,0,0,25,119.129,1.12852,0.564261,0,0
25,stage_arrival,0,S00,5,terminal,0,50862,52,0,0,25,1000,0,0,0.564261,0
25,stage_arrival,36,S18,0,switch,35,50860,73,0,0,25,247.316,0,0,34.4367,0
25,stage_arrival,37,S32,0,switch,0,50860,73,0,0,25,103.31,0,0,34.4367,0
25,stage_arrival,35,S17,2,switch,37,50863,72,0,0,25,246.878,0,0,34.4367,0
25,stage_arrival,0,S00,5,terminal,0,50865,109,0,0,25,1000,0,0,33.7286,0
25,stage_arrival,0,S00,5,terminal,0,50863,72,0,0,25,1000,0,0,0.70808,0
25,stage_arrival,37,S32,0,switch,0,50865,109,0,0,25,103.31,0,0,34.4367,0
25,stage_arrival,37,S32,0,switch,0,50863,72,0,0,25,103.31,0,0,34.4367,0
25,stage_arrival,0,S00,5,terminal,0,50864,77,0,0,25,1000,0,0,0.564261,0
25,stage_arrival,54,S31,1,switch,37,50865,109,0,0,25,242.335,0,0,34.4367,0
25,stage_arrival,3,S27,0,switch,0,50864,77,0,0,25,119.129,0,0,59.5645,0
25,stage_arrival_coalesce,0,S00,5,terminal,0,50862,52,0,0,25,1000,0,0,59.5645,0
25,stage_arrival,35,S17,2,switch,37,50860,73,0,0,25,246.878,0,0,34.4367,0
25,stage_arrival,42,S20,2,switch,3,50864,77,0,0,25,251.806,0,0,59.5645,0
25,stage_arrival,0,S00,5,terminal,0,50860,73,0,0,25,1000,0,0,33.7286,0
25,stage_arrival,3,S27,0,switch,0,50862,52,0,0,25,119.129,0,0,59.5645,0
25,stage_arrival,38,S42,0,switch,42,50864,77,0,0,25,176.64,0,0,59.5645,0
25,stage_arrival_coalesce,0,S00,5,terminal,0,50865,109,0,0,25,1000,0,0,34.4367,0
25,stage_arrival_coalesce,0,S00,5,terminal,0,50860,73,0,0,25,1000,0,0,34.4367,0
25,stage_arrival_coalesce,0,S00,5,terminal,0,50863,72,0,0,25,1000,0,0,34.4367,0
25,stage_arrival,36,S18,0,switch,35,50863,72,0,0,25,247.316,0,0,34.4367,0
25,stage_arrival,26,S33,0,switch,3,50862,52,0,0,25,174.708,0,0,59.5645,0
25,stage_arrival_coalesce,0,S00,5,terminal,0,50864,77,0,0,25,1000,0,0,59.5645,0
25,allocate_send_arrival,38,S42,0,switch,42,50864,77,0,0,25,176.64,0,59.5645,0,0
25,allocate_send_arrival,35,S17,2,switch,37,50863,72,0,0,25,246.878,0,34.4367,0,0
25,allocate_send_arrival,35,S17,2,switch,37,50860,73,0,0,25,246.878,0,34.4367,0,0
25,allocate_send_arrival,0,S00,5,terminal,0,50862,52,0,0,25,1000,0,59.5645,7.27596e-15,0
25,allocate_send_arrival,0,S00,5,terminal,0,50865,109,0,0,25,1000,0,34.4367,0,0
25,allocate_send_arrival,0,S00,5,terminal,0,50863,72,0,0,25,1000,0,34.4367,0,0
25,allocate_send_arrival,0,S00,5,terminal,0,50864,77,0,0,25,1000,0,59.5645,7.27596e-15,0
25,allocate_send_arrival,0,S00,5,terminal,0,50860,73,0,0,25,1000,0,34.4367,0,0
25,allocate_send_arrival,54,S31,1,switch,37,50865,109,0,0,25,242.335,0,34.4367,0,0
25,allocate_send_arrival,37,S32,0,switch,0,50860,73,0,0,25,103.31,0,33.7286,0.70808,0
25,enqueue_residual,37,S32,0,switch,0,50860,73,0,0,25,103.31,0,0,0.70808,0
25,allocate_send_arrival,37,S32,0,switch,0,50865,109,0,0,25,103.31,0,33.7286,0.70808,0
25,enqueue_residual,37,S32,0,switch,0,50865,109,0,0,25,103.31,0,0,0.70808,0
25,allocate_send_arrival,37,S32,0,switch,0,50863,72,0,0,25,103.31,0,33.7286,0.70808,0
25,enqueue_residual,37,S32,0,switch,0,50863,72,0,0,25,103.31,0,0,0.70808,0
25,allocate_send_arrival,3,S27,0,switch,0,50864,77,0,0,25,119.129,0,59.0002,0.564261,0
25,enqueue_residual,3,S27,0,switch,0,50864,77,0,0,25,119.129,0,0,0.564261,0
25,allocate_send_arrival,3,S27,0,switch,0,50862,52,0,0,25,119.129,0,59.0002,0.564261,0
25,enqueue_residual,3,S27,0,switch,0,50862,52,0,0,25,119.129,0,0,0.564261,0
25,allocate_send_arrival,36,S18,0,switch,35,50860,73,0,0,25,247.316,0,34.4367,0,0
25,allocate_send_arrival,36,S18,0,switch,35,50863,72,0,0,25,247.316,0,34.4367,0,0
25,allocate_send_arrival,42,S20,2,switch,3,50864,77,0,0,25,251.806,0,59.5645,0,0
25,allocate_send_arrival,26,S33,0,switch,3,50862,52,0,0,25,174.708,0,59.5645,0,0
26,allocate_send_buffered,37,S32,0,switch,0,50860,73,0,0,26,103.31,2.12424,0.70808,0,0
26,allocate_send_buffered,37,S32,0,switch,0,50865,109,0,0,26,103.31,2.12424,0.70808,0,0
26,allocate_send_buffered,37,S32,0,switch,0,50863,72,0,0,26,103.31,2.12424,0.70808,0,0
26,allocate_send_buffered,3,S27,0,switch,0,50864,77,0,0,26,119.129,1.12852,0.564261,0,0
26,allocate_send_buffered,3,S27,0,switch,0,50862,52,0,0,26,119.129,1.12852,0.564261,0,0
26,stage_arrival,37,S32,0,switch,0,50865,109,0,0,26,103.31,0,0,34.4367,0
26,stage_arrival,0,S00,5,terminal,0,50860,73,0,0,26,1000,0,0,0.70808,0
26,stage_arrival,36,S18,0,switch,35,50863,72,0,0,26,247.316,0,0,34.4367,0
26,stage_arrival,3,S27,0,switch,0,50862,52,0,0,26,119.129,0,0,59.5645,0
26,stage_arrival,0,S00,5,terminal,0,50864,77,0,0,26,1000,0,0,0.564261,0
26,stage_arrival,54,S31,1,switch,37,50865,109,0,0,26,242.335,0,0,34.4367,0
26,stage_arrival,37,S32,0,switch,0,50860,73,0,0,26,103.31,0,0,34.4367,0
26,stage_arrival,0,S00,5,terminal,0,50863,72,0,0,26,1000,0,0,33.7286,0
26,stage_arrival,37,S32,0,switch,0,50863,72,0,0,26,103.31,0,0,34.4367,0
26,stage_arrival_coalesce,0,S00,5,terminal,0,50864,77,0,0,26,1000,0,0,59.5645,0
26,stage_arrival,0,S00,5,terminal,0,50865,109,0,0,26,1000,0,0,33.7286,0
26,stage_arrival,42,S20,2,switch,3,50864,77,0,0,26,251.806,0,0,59.5645,0
26,stage_arrival,36,S18,0,switch,35,50860,73,0,0,26,247.316,0,0,34.4367,0
26,stage_arrival,0,S00,5,terminal,0,50862,52,0,0,26,1000,0,0,59.0002,0
26,stage_arrival_coalesce,0,S00,5,terminal,0,50865,109,0,0,26,1000,0,0,34.4367,0
26,stage_arrival_coalesce,0,S00,5,terminal,0,50860,73,0,0,26,1000,0,0,34.4367,0
26,stage_arrival,35,S17,2,switch,37,50863,72,0,0,26,246.878,0,0,34.4367,0
26,stage_arrival_coalesce,0,S00,5,terminal,0,50863,72,0,0,26,1000,0,0,34.4367,0
26,stage_arrival_coalesce,0,S00,5,terminal,0,50862,52,0,0,26,1000,0,0,59.5645,0
26,stage_arrival,26,S33,0,switch,3,50862,52,0,0,26,174.708,0,0,59.5645,0
26,stage_arrival,35,S17,2,switch,37,50860,73,0,0,26,246.878,0,0,34.4367,0
26,stage_arrival,38,S42,0,switch,42,50864,77,0,0,26,176.64,0,0,59.5645,0
26,stage_arrival,3,S27,0,switch,0,50864,77,0,0,26,119.129,0,0,59.5645,0
26,allocate_send_arrival,38,S42,0,switch,42,50864,77,0,0,26,176.64,0,59.5645,0,0
26,allocate_send_arrival,36,S18,0,switch,35,50863,72,0,0,26,247.316,0,34.4367,0,0
26,allocate_send_arrival,36,S18,0,switch,35,50860,73,0,0,26,247.316,0,34.4367,0,0
26,allocate_send_arrival,0,S00,5,terminal,0,50860,73,0,0,26,1000,0,34.4367,0,0
26,allocate_send_arrival,0,S00,5,terminal,0,50864,77,0,0,26,1000,0,59.5645,7.27596e-15,0
26,allocate_send_arrival,0,S00,5,terminal,0,50863,72,0,0,26,1000,0,34.4367,0,0
26,allocate_send_arrival,0,S00,5,terminal,0,50865,109,0,0,26,1000,0,34.4367,0,0
26,allocate_send_arrival,0,S00,5,terminal,0,50862,52,0,0,26,1000,0,59.5645,7.27596e-15,0
26,allocate_send_arrival,37,S32,0,switch,0,50865,109,0,0,26,103.31,0,33.7286,0.70808,0
26,enqueue_residual,37,S32,0,switch,0,50865,109,0,0,26,103.31,0,0,0.70808,0
26,allocate_send_arrival,37,S32,0,switch,0,50860,73,0,0,26,103.31,0,33.7286,0.70808,0
26,enqueue_residual,37,S32,0,switch,0,50860,73,0,0,26,103.31,0,0,0.70808,0
26,allocate_send_arrival,37,S32,0,switch,0,50863,72,0,0,26,103.31,0,33.7286,0.70808,0
26,enqueue_residual,37,S32,0,switch,0,50863,72,0,0,26,103.31,0,0,0.70808,0
26,allocate_send_arrival,42,S20,2,switch,3,50864,77,0,0,26,251.806,0,59.5645,0,0
26,allocate_send_arrival,26,S33,0,switch,3,50862,52,0,0,26,174.708,0,59.5645,0,0
26,allocate_send_arrival,3,S27,0,switch,0,50862,52,0,0,26,119.129,0,59.0002,0.564261,0
26,enqueue_residual,3,S27,0,switch,0,50862,52,0,0,26,119.129,0,0,0.564261,0
26,allocate_send_arrival,3,S27,0,switch,0,50864,77,0,0,26,119.129,0,59.0002,0.564261,0
26,enqueue_residual,3,S27,0,switch,0,50864,77,0,0,26,119.129,0,0,0.564261,0
26,allocate_send_arrival,54,S31,1,switch,37,50865,109,0,0,26,242.335,0,34.4367,0,0
26,allocate_send_arrival,35,S17,2,switch,37,50863,72,0,0,26,246.878,0,34.4367,0,0
26,allocate_send_arrival,35,S17,2,switch,37,50860,73,0,0,26,246.878,0,34.4367,0,0
27,allocate_send_buffered,37,S32,0,switch,0,50865,109,0,0,27,103.31,2.12424,0.70808,0,0
27,allocate_send_buffered,37,S32,0,switch,0,50860,73,0,0,27,103.31,2.12424,0.70808,0,0
27,allocate_send_buffered,37,S32,0,switch,0,50863,72,0,0,27,103.31,2.12424,0.70808,0,0
27,allocate_send_buffered,3,S27,0,switch,0,50862,52,0,0,27,119.129,1.12852,0.564261,0,0
27,allocate_send_buffered,3,S27,0,switch,0,50864,77,0,0,27,119.129,1.12852,0.564261,0,0
27,stage_arrival,0,S00,5,terminal,0,50864,77,0,0,27,1000,0,0,0.564261,0
27,stage_arrival,36,S18,0,switch,35,50863,72,0,0,27,247.316,0,0,34.4367,0
27,stage_arrival,0,S00,5,terminal,0,50862,52,0,0,27,1000,0,0,0.564261,0
27,stage_arrival,35,S17,2,switch,37,50860,73,0,0,27,246.878,0,0,34.4367,0
27,stage_arrival,54,S31,1,switch,37,50865,109,0,0,27,242.335,0,0,34.4367,0
27,stage_arrival,37,S32,0,switch,0,50863,72,0,0,27,103.31,0,0,34.4367,0
27,stage_arrival,35,S17,2,switch,37,50863,72,0,0,27,246.878,0,0,34.4367,0
27,stage_arrival,37,S32,0,switch,0,50865,109,0,0,27,103.31,0,0,34.4367,0
27,stage_arrival_coalesce,0,S00,5,terminal,0,50864,77,0,0,27,1000,0,0,59.5645,0
27,stage_arrival,3,S27,0,switch,0,50864,77,0,0,27,119.129,0,0,59.5645,0
27,stage_arrival,36,S18,0,switch,35,50860,73,0,0,27,247.316,0,0,34.4367,0
27,stage_arrival,0,S00,5,terminal,0,50860,73,0,0,27,1000,0,0,33.7286,0
27,stage_arrival,0,S00,5,terminal,0,50865,109,0,0,27,1000,0,0,33.7286,0
27,stage_arrival,26,S33,0,switch,3,50862,52,0,0,27,174.708,0,0,59.5645,0
27,stage_arrival,37,S32,0,switch,0,50860,73,0,0,27,103.31,0,0,34.4367,0
27,stage_arrival,0,S00,5,terminal,0,50863,72,0,0,27,1000,0,0,33.7286,0
27,stage_arrival,38,S42,0,switch,42,50864,77,0,0,27,176.64,0,0,59.5645,0
27,stage_arrival_coalesce,0,S00,5,terminal,0,50860,73,0,0,27,1000,0,0,34.4367,0
27,stage_arrival,3,S27,0,switch,0,50862,52,0,0,27,119.129,0,0,59.5645,0
27,stage_arrival,42,S20,2,switch,3,50864,77,0,0,27,251.806,0,0,59.5645,0
27,stage_arrival_coalesce,0,S00,5,terminal,0,50865,109,0,0,27,1000,0,0,34.4367,0
27,stage_arrival_coalesce,0,S00,5,terminal,0,50862,52,0,0,27,1000,0,0,59.5645,0
27,stage_arrival_coalesce,0,S00,5,terminal,0,50863,72,0,0,27,1000,0,0,34.4367,0
27,allocate_send_arrival,36,S18,0,switch,35,50863,72,0,0,27,247.316,0,34.4367,0,0
27,allocate_send_arrival,36,S18,0,switch,35,50860,73,0,0,27,247.316,0,34.4367,0,0
27,allocate_send_arrival,42,S20,2,switch,3,50864,77,0,0,27,251.806,0,59.5645,0,0
27,allocate_send_arrival,38,S42,0,switch,42,50864,77,0,0,27,176.64,0,59.5645,0,0
27,allocate_send_arrival,54,S31,1,switch,37,50865,109,0,0,27,242.335,0,34.4367,0,0
27,allocate_send_arrival,0,S00,5,terminal,0,50864,77,0,0,27,1000,0,59.5645,7.27596e-15,0
27,allocate_send_arrival,0,S00,5,terminal,0,50862,52,0,0,27,1000,0,59.5645,7.27596e-15,0
27,allocate_send_arrival,0,S00,5,terminal,0,50860,73,0,0,27,1000,0,34.4367,0,0
27,allocate_send_arrival,0,S00,5,terminal,0,50865,109,0,0,27,1000,0,34.4367,0,0
27,allocate_send_arrival,0,S00,5,terminal,0,50863,72,0,0,27,1000,0,34.4367,0,0
27,allocate_send_arrival,3,S27,0,switch,0,50864,77,0,0,27,119.129,0,59.0002,0.564261,0
27,enqueue_residual,3,S27,0,switch,0,50864,77,0,0,27,119.129,0,0,0.564261,0
27,allocate_send_arrival,3,S27,0,switch,0,50862,52,0,0,27,119.129,0,59.0002,0.564261,0
27,enqueue_residual,3,S27,0,switch,0,50862,52,0,0,27,119.129,0,0,0.564261,0
27,allocate_send_arrival,26,S33,0,switch,3,50862,52,0,0,27,174.708,0,59.5645,0,0
27,allocate_send_arrival,35,S17,2,switch,37,50860,73,0,0,27,246.878,0,34.4367,0,0
27,allocate_send_arrival,35,S17,2,switch,37,50863,72,0,0,27,246.878,0,34.4367,0,0
27,allocate_send_arrival,37,S32,0,switch,0,50863,72,0,0,27,103.31,0,33.7286,0.70808,0
27,enqueue_residual,37,S32,0,switch,0,50863,72,0,0,27,103.31,0,0,0.70808,0
27,allocate_send_arrival,37,S32,0,switch,0,50865,109,0,0,27,103.31,0,33.7286,0.70808,0
27,enqueue_residual,37,S32,0,switch,0,50865,109,0,0,27,103.31,0,0,0.70808,0
27,allocate_send_arrival,37,S32,0,switch,0,50860,73,0,0,27,103.31,0,33.7286,0.70808,0
27,enqueue_residual,37,S32,0,switch,0,50860,73,0,0,27,103.31,0,0,0.70808,0
28,allocate_send_buffered,3,S27,0,switch,0,50864,77,0,0,28,119.129,1.12852,0.564261,9.09495e-14,0
28,allocate_send_buffered,3,S27,0,switch,0,50862,52,0,0,28,119.129,1.12852,0.564261,0,0
28,allocate_send_buffered,37,S32,0,switch,0,50863,72,0,0,28,103.31,2.12424,0.70808,3.39924e-14,0
28,allocate_send_buffered,37,S32,0,switch,0,50865,109,0,0,28,103.31,2.12424,0.70808,0,0
28,allocate_send_buffered,37,S32,0,switch,0,50860,73,0,0,28,103.31,2.12424,0.70808,3.39924e-14,0
28,stage_arrival,37,S32,0,switch,0,50863,72,0,0,28,103.31,0,0,34.4367,0
28,stage_arrival,36,S18,0,switch,35,50860,73,0,0,28,247.316,0,0,34.4367,0
28,stage_arrival,0,S00,5,terminal,0,50860,73,0,0,28,1000,0,0,33.7286,0
28,stage_arrival,37,S32,0,switch,0,50865,109,0,0,28,103.31,0,0,34.4367,0
28,stage_arrival,0,S00,5,terminal,0,50862,52,0,0,28,1000,0,0,0.564261,0
28,stage_arrival,36,S18,0,switch,35,50863,72,0,0,28,247.316,0,0,34.4367,0
28,stage_arrival_coalesce,0,S00,5,terminal,0,50860,73,0,0,28,1000,0,0,34.4367,0
28,stage_arrival,54,S31,1,switch,37,50865,109,0,0,28,242.335,0,0,34.4367,0
28,stage_arrival,42,S20,2,switch,3,50864,77,0,0,28,251.806,0,0,59.5645,0
28,stage_arrival,35,S17,2,switch,37,50863,72,0,0,28,246.878,0,0,34.4367,0
28,stage_arrival,3,S27,0,switch,0,50862,52,0,0,28,119.129,0,0,59.5645,0
28,stage_arrival,26,S33,0,switch,3,50862,52,0,0,28,174.708,0,0,59.5645,0
28,stage_arrival,0,S00,5,terminal,0,50864,77,0,0,28,1000,0,0,59.0002,0
28,stage_arrival,3,S27,0,switch,0,50864,77,0,0,28,119.129,0,0,59.5645,0
28,stage_arrival,0,S00,5,terminal,0,50863,72,0,0,28,1000,0,0,33.7286,0
28,stage_arrival,0,S00,5,terminal,0,50865,109,0,0,28,1000,0,0,33.7286,0
28,stage_arrival,37,S32,0,switch,0,50860,73,0,0,28,103.31,0,0,34.4367,0
28,stage_arrival_coalesce,0,S00,5,terminal,0,50862,52,0,0,28,1000,0,0,59.5645,0
28,stage_arrival,35,S17,2,switch,37,50860,73,0,0,28,246.878,0,0,34.4367,0
28,stage_arrival_coalesce,0,S00,5,terminal,0,50863,72,0,0,28,1000,0,0,34.4367,0
28,stage_arrival,38,S42,0,switch,42,50864,77,0,0,28,176.64,0,0,59.5645,0
28,stage_arrival_coalesce,0,S00,5,terminal,0,50865,109,0,0,28,1000,0,0,34.4367,0
28,stage_arrival_coalesce,0,S00,5,terminal,0,50864,77,0,0,28,1000,0,0,59.5645,0
28,allocate_send_arrival,35,S17,2,switch,37,50863,72,0,0,28,246.878,0,34.4367,0,0
28,allocate_send_arrival,35,S17,2,switch,37,50860,73,0,0,28,246.878,0,34.4367,0,0
28,allocate_send_arrival,38,S42,0,switch,42,50864,77,0,0,28,176.64,0,59.5645,0,0
28,allocate_send_arrival,0,S00,5,terminal,0,50860,73,0,0,28,1000,0,34.4367,0,0
28,allocate_send_arrival,0,S00,5,terminal,0,50862,52,0,0,28,1000,0,59.5645,7.27596e-15,0
28,allocate_send_arrival,0,S00,5,terminal,0,50864,77,0,0,28,1000,0,59.5645,7.27596e-15,0
28,allocate_send_arrival,0,S00,5,terminal,0,50863,72,0,0,28,1000,0,34.4367,0,0
28,allocate_send_arrival,0,S00,5,terminal,0,50865,109,0,0,28,1000,0,34.4367,0,0
28,allocate_send_arrival,37,S32,0,switch,0,50863,72,0,0,28,103.31,0,33.7286,0.70808,0
28,enqueue_residual,37,S32,0,switch,0,50863,72,0,0,28,103.31,0,0,0.70808,0
28,allocate_send_arrival,37,S32,0,switch,0,50865,109,0,0,28,103.31,0,33.7286,0.70808,0
28,enqueue_residual,37,S32,0,switch,0,50865,109,0,0,28,103.31,0,0,0.70808,0
28,allocate_send_arrival,37,S32,0,switch,0,50860,73,0,0,28,103.31,0,33.7286,0.70808,0
28,enqueue_residual,37,S32,0,switch,0,50860,73,0,0,28,103.31,0,0,0.70808,0
28,allocate_send_arrival,54,S31,1,switch,37,50865,109,0,0,28,242.335,0,34.4367,0,0
28,allocate_send_arrival,42,S20,2,switch,3,50864,77,0,0,28,251.806,0,59.5645,0,0
28,allocate_send_arrival,26,S33,0,switch,3,50862,52,0,0,28,174.708,0,59.5645,0,0
28,allocate_send_arrival,36,S18,0,switch,35,50860,73,0,0,28,247.316,0,34.4367,0,0
28,allocate_send_arrival,36,S18,0,switch,35,50863,72,0,0,28,247.316,0,34.4367,0,0
28,allocate_send_arrival,3,S27,0,switch,0,50862,52,0,0,28,119.129,0,59.0002,0.564261,0
28,enqueue_residual,3,S27,0,switch,0,50862,52,0,0,28,119.129,0,0,0.564261,0
28,allocate_send_arrival,3,S27,0,switch,0,50864,77,0,0,28,119.129,0,59.0002,0.564261,0
28,enqueue_residual,3,S27,0,switch,0,50864,77,0,0,28,119.129,0,0,0.564261,0
29,allocate_send_buffered,37,S32,0,switch,0,50863,72,0,0,29,103.31,2.12424,0.70808,0,0
29,allocate_send_buffered,37,S32,0,switch,0,50865,109,0,0,29,103.31,2.12424,0.70808,1.35856e-13,0
29,allocate_send_buffered,37,S32,0,switch,0,50860,73,0,0,29,103.31,2.12424,0.70808,0,0
29,allocate_send_buffered,3,S27,0,switch,0,50862,52,0,0,29,119.129,1.12852,0.564261,1.78261e-13,0
29,allocate_send_buffered,3,S27,0,switch,0,50864,77,0,0,29,119.129,1.12852,0.564261,0,0
29,stage_arrival,37,S32,0,switch,0,50863,72,0,0,29,103.31,0,0,34.4367,0
29,stage_arrival,26,S33,0,switch,3,50862,52,0,0,29,174.708,0,0,59.5645,0
29,stage_arrival,3,S27,0,switch,0,50864,77,0,0,29,119.129,0,0,59.5645,0
29,stage_arrival,0,S00,5,terminal,0,50865,109,0,0,29,1000,0,0,0.70808,0
29,stage_arrival,0,S00,5,terminal,0,50863,72,0,0,29,1000,0,0,0.70808,0
29,stage_arrival,0,S00,5,terminal,0,50860,73,0,0,29,1000,0,0,33.7286,0
29,stage_arrival,36,S18,0,switch,35,50860,73,0,0,29,247.316,0,0,34.4367,0
29,stage_arrival,54,S31,1,switch,37,50865,109,0,0,29,242.335,0,0,34.4367,0
29,stage_arrival,38,S42,0,switch,42,50864,77,0,0,29,176.64,0,0,59.5645,0
29,stage_arrival,0,S00,5,terminal,0,50864,77,0,0,29,1000,0,0,59.0002,0
29,stage_arrival,3,S27,0,switch,0,50862,52,0,0,29,119.129,0,0,59.5645,0
29,stage_arrival,0,S00,5,terminal,0,50862,52,0,0,29,1000,0,0,0.564261,0
29,stage_arrival_coalesce,0,S00,5,terminal,0,50863,72,0,0,29,1000,0,0,34.4367,0
29,stage_arrival,35,S17,2,switch,37,50860,73,0,0,29,246.878,0,0,34.4367,0
29,stage_arrival,36,S18,0,switch,35,50863,72,0,0,29,247.316,0,0,34.4367,0
29,stage_arrival_coalesce,0,S00,5,terminal,0,50865,109,0,0,29,1000,0,0,34.4367,0
29,stage_arrival_coalesce,0,S00,5,terminal,0,50864,77,0,0,29,1000,0,0,59.5645,0
29,stage_arrival,37,S32,0,switch,0,50860,73,0,0,29,103.31,0,0,34.4367,0
29,stage_arrival,37,S32,0,switch,0,50865,109,0,0,29,103.31,0,0,34.4367,0
29,stage_arrival,42,S20,2,switch,3,50864,77,0,0,29,251.806,0,0,59.5645,0
29,stage_arrival,35,S17,2,switch,37,50863,72,0,0,29,246.878,0,0,34.4367,0
29,stage_arrival_coalesce,0,S00,5,terminal,0,50860,73,0,0,29,1000,0,0,34.4367,0
29,stage_arrival_coalesce,0,S00,5,terminal,0,50862,52,0,0,29,1000,0,0,59.5645,0
29,allocate_send_arrival,26,S33,0,switch,3,50862,52,0,0,29,174.708,0,59.5645,0,0
29,allocate_send_arrival,36,S18,0,switch,35,50860,73,0,0,29,247.316,0,34.4367,0,0
29,allocate_send_arrival,36,S18,0,switch,35,50863,72,0,0,29,247.316,0,34.4367,0,0
29,allocate_send_arrival,0,S00,5,terminal,0,50865,109,0,0,29,1000,0,34.4367,0,0
29,allocate_send_arrival,0,S00,5,terminal,0,50863,72,0,0,29,1000,0,34.4367,0,0
29,allocate_send_arrival,0,S00,5,terminal,0,50860,73,0,0,29,1000,0,34.4367,0,0
29,allocate_send_arrival,0,S00,5,terminal,0,50864,77,0,0,29,1000,0,59.5645,2.91038e-14,0
29,allocate_send_arrival,0,S00,5,terminal,0,50862,52,0,0,29,1000,0,59.5645,0,0
29,allocate_send_arrival,37,S32,0,switch,0,50863,72,0,0,29,103.31,0,33.7286,0.70808,0
29,enqueue_residual,37,S32,0,switch,0,50863,72,0,0,29,103.31,0,0,0.70808,0
29,allocate_send_arrival,37,S32,0,switch,0,50860,73,0,0,29,103.31,0,33.7286,0.70808,0
29,enqueue_residual,37,S32,0,switch,0,50860,73,0,0,29,103.31,0,0,0.70808,0
29,allocate_send_arrival,37,S32,0,switch,0,50865,109,0,0,29,103.31,0,33.7286,0.70808,0
29,enqueue_residual,37,S32,0,switch,0,50865,109,0,0,29,103.31,0,0,0.70808,0
29,allocate_send_arrival,54,S31,1,switch,37,50865,109,0,0,29,242.335,0,34.4367,0,0
29,allocate_send_arrival,42,S20,2,switch,3,50864,77,0,0,29,251.806,0,59.5645,0,0
29,allocate_send_arrival,35,S17,2,switch,37,50860,73,0,0,29,246.878,0,34.4367,0,0
29,allocate_send_arrival,35,S17,2,switch,37,50863,72,0,0,29,246.878,0,34.4367,0,0
29,allocate_send_arrival,3,S27,0,switch,0,50864,77,0,0,29,119.129,0,59.0002,0.564261,0
29,enqueue_residual,3,S27,0,switch,0,50864,77,0,0,29,119.129,0,0,0.564261,0
29,allocate_send_arrival,3,S27,0,switch,0,50862,52,0,0,29,119.129,0,59.0002,0.564261,0
29,enqueue_residual,3,S27,0,switch,0,50862,52,0,0,29,119.129,0,0,0.564261,0
29,allocate_send_arrival,38,S42,0,switch,42,50864,77,0,0,29,176.64,0,59.5645,0,0
30,allocate_send_buffered,3,S27,0,switch,0,50864,77,0,0,30,119.129,1.12852,0.564261,8.73115e-14,0
30,allocate_send_buffered,3,S27,0,switch,0,50862,52,0,0,30,119.129,1.12852,0.564261,0,0
30,allocate_send_buffered,37,S32,0,switch,0,50863,72,0,0,30,103.31,2.12424,0.70808,3.39924e-14,0
30,allocate_send_buffered,37,S32,0,switch,0,50860,73,0,0,30,103.31,2.12424,0.70808,3.39924e-14,0
30,allocate_send_buffered,37,S32,0,switch,0,50865,109,0,0,30,103.31,2.12424,0.70808,0,0
30,stage_arrival,0,S00,5,terminal,0,50860,73,0,0,30,1000,0,0,0.70808,0
30,stage_arrival,0,S00,5,terminal,0,50863,72,0,0,30,1000,0,0,0.70808,0
30,stage_arrival,3,S27,0,switch,0,50862,52,0,0,30,119.129,0,0,59.5645,0
30,stage_arrival,0,S00,5,terminal,0,50862,52,0,0,30,1000,0,0,0.564261,0
30,stage_arrival,0,S00,5,terminal,0,50865,109,0,0,30,1000,0,0,33.7286,0
30,stage_arrival,26,S33,0,switch,3,50862,52,0,0,30,174.708,0,0,59.5645,0
30,stage_arrival,3,S27,0,switch,0,50864,77,0,0,30,119.129,0,0,59.5645,0
30,stage_arrival_coalesce,0,S00,5,terminal,0,50865,109,0,0,30,1000,0,0,34.4367,0
30,stage_arrival,0,S00,5,terminal,0,50864,77,0,0,30,1000,0,0,59.0002,0
30,stage_arrival_coalesce,0,S00,5,terminal,0,50863,72,0,0,30,1000,0,0,34.4367,0
30,stage_arrival,35,S17,2,switch,37,50863,72,0,0,30,246.878,0,0,34.4367,0
30,stage_arrival,42,S20,2,switch,3,50864,77,0,0,30,251.806,0,0,59.5645,0
30,stage_arrival,35,S17,2,switch,37,50860,73,0,0,30,246.878,0,0,34.4367,0
30,stage_arrival,38,S42,0,switch,42,50864,77,0,0,30,176.64,0,0,59.5645,0
30,stage_arrival_coalesce,0,S00,5,terminal,0,50860,73,0,0,30,1000,0,0,34.4367,0
30,stage_arrival,37,S32,0,switch,0,50860,73,0,0,30,103.31,0,0,34.4367,0
30,stage_arrival_coalesce,0,S00,5,terminal,0,50862,52,0,0,30,1000,0,0,59.5645,0
30,stage_arrival,54,S31,1,switch,37,50865,109,0,0,30,242.335,0,0,34.4367,0
30,stage_arrival,37,S32,0,switch,0,50865,109,0,0,30,103.31,0,0,34.4367,0
30,stage_arrival,36,S18,0,switch,35,50860,73,0,0,30,247.316,0,0,34.4367,0
30,stage_arrival_coalesce,0,S00,5,terminal,0,50864,77,0,0,30,1000,0,0,59.5645,0
30,stage_arrival,36,S18,0,switch,35,50863,72,0,0,30,247.316,0,0,34.4367,0
30,stage_arrival,37,S32,0,switch,0,50863,72,0,0,30,103.31,0,0,34.4367,0
30,allocate_send_arrival,38,S42,0,switch,42,50864,77,0,0,30,176.64,0,59.5645,0,0
30,allocate_send_arrival,26,S33,0,switch,3,50862,52,0,0,30,174.708,0,59.5645,0,0
30,allocate_send_arrival,36,S18,0,switch,35,50860,73,0,0,30,247.316,0,34.4367,0,0
30,allocate_send_arrival,36,S18,0,switch,35,50863,72,0,0,30,247.316,0,34.4367,0,0
30,allocate_send_arrival,0,S00,5,terminal,0,50860,73,0,0,30,1000,0,34.4367,0,0
30,allocate_send_arrival,0,S00,5,terminal,0,50863,72,0,0,30,1000,0,34.4367,0,0
30,allocate_send_arrival,0,S00,5,terminal,0,50862,52,0,0,30,1000,0,59.5645,7.27596e-14,0
30,allocate_send_arrival,0,S00,5,terminal,0,50865,109,0,0,30,1000,0,34.4367,0,0
30,allocate_send_arrival,0,S00,5,terminal,0,50864,77,0,0,30,1000,0,59.5645,0,0
30,allocate_send_arrival,37,S32,0,switch,0,50860,73,0,0,30,103.31,0,33.7286,0.70808,0
30,enqueue_residual,37,S32,0,switch,0,50860,73,0,0,30,103.31,0,0,0.70808,0
30,allocate_send_arrival,37,S32,0,switch,0,50865,109,0,0,30,103.31,0,33.7286,0.70808,0
30,enqueue_residual,37,S32,0,switch,0,50865,109,0,0,30,103.31,0,0,0.70808,0
30,allocate_send_arrival,37,S32,0,switch,0,50863,72,0,0,30,103.31,0,33.7286,0.70808,0
30,enqueue_residual,37,S32,0,switch,0,50863,72,0,0,30,103.31,0,0,0.70808,0
30,allocate_send_arrival,3,S27,0,switch,0,50862,52,0,0,30,119.129,0,59.0002,0.564261,0
30,enqueue_residual,3,S27,0,switch,0,50862,52,0,0,30,119.129,0,0,0.564261,0
30,allocate_send_arrival,3,S27,0,switch,0,50864,77,0,0,30,119.129,0,59.0002,0.564261,0
30,enqueue_residual,3,S27,0,switch,0,50864,77,0,0,30,119.129,0,0,0.564261,0
30,allocate_send_arrival,54,S31,1,switch,37,50865,109,0,0,30,242.335,0,34.4367,0,0
30,allocate_send_arrival,42,S20,2,switch,3,50864,77,0,0,30,251.806,0,59.5645,0,0
30,allocate_send_arrival,35,S17,2,switch,37,50863,72,0,0,30,246.878,0,34.4367,0,0
30,allocate_send_arrival,35,S17,2,switch,37,50860,73,0,0,30,246.878,0,34.4367,0,0
31,allocate_send_buffered,3,S27,0,switch,0,50862,52,0,0,31,119.129,1.12852,0.564261,0,0
31,allocate_send_buffered,3,S27,0,switch,0,50864,77,0,0,31,119.129,1.12852,0.564261,0,0
31,allocate_send_buffered,37,S32,0,switch,0,50860,73,0,0,31,103.31,2.12424,0.70808,0,0
31,allocate_send_buffered,37,S32,0,switch,0,50865,109,0,0,31,103.31,2.12424,0.70808,0,0
31,allocate_send_buffered,37,S32,0,switch,0,50863,72,0,0,31,103.31,2.12424,0.70808,0,0
31,stage_arrival,0,S00,5,terminal,0,50865,109,0,0,31,1000,0,0,33.7286,0
31,stage_arrival,0,S00,5,terminal,0,50860,73,0,0,31,1000,0,0,33.7286,0
31,stage_arrival,0,S00,5,terminal,0,50862,52,0,0,31,1000,0,0,0.564261,0
31,stage_arrival,37,S32,0,switch,0,50860,73,0,0,31,103.31,0,0,34.4367,0
31,stage_arrival,0,S00,5,terminal,0,50864,77,0,0,31,1000,0,0,0.564261,0
31,stage_arrival,37,S32,0,switch,0,50863,72,0,0,31,103.31,0,0,34.4367,0
31,stage_arrival,0,S00,5,terminal,0,50863,72,0,0,31,1000,0,0,33.7286,0
31,stage_arrival_coalesce,0,S00,5,terminal,0,50865,109,0,0,31,1000,0,0,34.4367,0
31,stage_arrival,35,S17,2,switch,37,50860,73,0,0,31,246.878,0,0,34.4367,0
31,stage_arrival,42,S20,2,switch,3,50864,77,0,0,31,251.806,0,0,59.5645,0
31,stage_arrival,36,S18,0,switch,35,50860,73,0,0,31,247.316,0,0,34.4367,0
31,stage_arrival,36,S18,0,switch,35,50863,72,0,0,31,247.316,0,0,34.4367,0
31,stage_arrival_coalesce,0,S00,5,terminal,0,50864,77,0,0,31,1000,0,0,59.5645,0
31,stage_arrival,35,S17,2,switch,37,50863,72,0,0,31,246.878,0,0,34.4367,0
31,stage_arrival,3,S27,0,switch,0,50862,52,0,0,31,119.129,0,0,59.5645,0
31,stage_arrival_coalesce,0,S00,5,terminal,0,50862,52,0,0,31,1000,0,0,59.5645,0
31,stage_arrival_coalesce,0,S00,5,terminal,0,50863,72,0,0,31,1000,0,0,34.4367,0
31,stage_arrival_coalesce,0,S00,5,terminal,0,50860,73,0,0,31,1000,0,0,34.4367,0
31,stage_arrival,26,S33,0,switch,3,50862,52,0,0,31,174.708,0,0,59.5645,0
31,stage_arrival,38,S42,0,switch,42,50864,77,0,0,31,176.64,0,0,59.5645,0
31,stage_arrival,37,S32,0,switch,0,50865,109,0,0,31,103.31,0,0,34.4367,0
31,stage_arrival,3,S27,0,switch,0,50864,77,0,0,31,119.129,0,0,59.5645,0
31,stage_arrival,54,S31,1,switch,37,50865,109,0,0,31,242.335,0,0,34.4367,0
31,allocate_send_arrival,37,S32,0,switch,0,50860,73,0,0,31,103.31,0,33.7286,0.70808,0
31,enqueue_residual,37,S32,0,switch,0,50860,73,0,0,31,103.31,0,0,0.70808,0
31,allocate_send_arrival,37,S32,0,switch,0,50863,72,0,0,31,103.31,0,33.7286,0.70808,0
31,enqueue_residual,37,S32,0,switch,0,50863,72,0,0,31,103.31,0,0,0.70808,0
31,allocate_send_arrival,37,S32,0,switch,0,50865,109,0,0,31,103.31,0,33.7286,0.70808,0
31,enqueue_residual,37,S32,0,switch,0,50865,109,0,0,31,103.31,0,0,0.70808,0
31,allocate_send_arrival,35,S17,2,switch,37,50860,73,0,0,31,246.878,0,34.4367,0,0
31,allocate_send_arrival,35,S17,2,switch,37,50863,72,0,0,31,246.878,0,34.4367,0,0
31,allocate_send_arrival,26,S33,0,switch,3,50862,52,0,0,31,174.708,0,59.5645,0,0
31,allocate_send_arrival,0,S00,5,terminal,0,50865,109,0,0,31,1000,0,34.4367,0,0
31,allocate_send_arrival,0,S00,5,terminal,0,50860,73,0,0,31,1000,0,34.4367,0,0
31,allocate_send_arrival,0,S00,5,terminal,0,50862,52,0,0,31,1000,0,59.5645,0,0
31,allocate_send_arrival,0,S00,5,terminal,0,50864,77,0,0,31,1000,0,59.5645,4.36557e-14,0
31,allocate_send_arrival,0,S00,5,terminal,0,50863,72,0,0,31,1000,0,34.4367,0,0
31,allocate_send_arrival,42,S20,2,switch,3,50864,77,0,0,31,251.806,0,59.5645,0,0
31,allocate_send_arrival,38,S42,0,switch,42,50864,77,0,0,31,176.64,0,59.5645,0,0
31,allocate_send_arrival,36,S18,0,switch,35,50860,73,0,0,31,247.316,0,34.4367,0,0
31,allocate_send_arrival,36,S18,0,switch,35,50863,72,0,0,31,247.316,0,34.4367,0,0
31,allocate_send_arrival,3,S27,0,switch,0,50862,52,0,0,31,119.129,0,59.0002,0.564261,0
31,enqueue_residual,3,S27,0,switch,0,50862,52,0,0,31,119.129,0,0,0.564261,0
31,allocate_send_arrival,3,S27,0,switch,0,50864,77,0,0,31,119.129,0,59.0002,0.564261,0
31,enqueue_residual,3,S27,0,switch,0,50864,77,0,0,31,119.129,0,0,0.564261,0
31,allocate_send_arrival,54,S31,1,switch,37,50865,109,0,0,31,242.335,0,34.4367,0,0
32,allocate_send_buffered,3,S27,0,switch,0,50862,52,0,0,32,119.129,1.12852,0.564261,0,0
32,allocate_send_buffered,3,S27,0,switch,0,50864,77,0,0,32,119.129,1.12852,0.564261,0,0
32,allocate_send_buffered,37,S32,0,switch,0,50860,73,0,0,32,103.31,2.12424,0.70808,0,0
32,allocate_send_buffered,37,S32,0,switch,0,50863,72,0,0,32,103.31,2.12424,0.70808,0,0
32,allocate_send_buffered,37,S32,0,switch,0,50865,109,0,0,32,103.31,2.12424,0.70808,0,0
32,stage_arrival,3,S27,0,switch,0,50864,77,0,0,32,119.129,0,0,59.5645,0
32,stage_arrival,36,S18,0,switch,35,50863,72,0,0,32,247.316,0,0,34.4367,0
32,stage_arrival,0,S00,5,terminal,0,50864,77,0,0,32,1000,0,0,59.0002,0
32,stage_arrival,35,S17,2,switch,37,50863,72,0,0,32,246.878,0,0,34.4367,0
32,stage_arrival,42,S20,2,switch,3,50864,77,0,0,32,251.806,0,0,59.5645,0
32,stage_arrival,38,S42,0,switch,42,50864,77,0,0,32,176.64,0,0,59.5645,0
32,stage_arrival,0,S00,5,terminal,0,50860,73,0,0,32,1000,0,0,0.70808,0
32,stage_arrival,3,S27,0,switch,0,50862,52,0,0,32,119.129,0,0,59.5645,0
32,stage_arrival_coalesce,0,S00,5,terminal,0,50864,77,0,0,32,1000,0,0,59.5645,0
32,stage_arrival,0,S00,5,terminal,0,50865,109,0,0,32,1000,0,0,0.70808,0
32,stage_arrival,37,S32,0,switch,0,50865,109,0,0,32,103.31,0,0,34.4367,0
32,stage_arrival,0,S00,5,terminal,0,50863,72,0,0,32,1000,0,0,0.70808,0
32,stage_arrival,37,S32,0,switch,0,50863,72,0,0,32,103.31,0,0,34.4367,0
32,stage_arrival,54,S31,1,switch,37,50865,109,0,0,32,242.335,0,0,34.4367,0
32,stage_arrival_coalesce,0,S00,5,terminal,0,50860,73,0,0,32,1000,0,0,34.4367,0
32,stage_arrival,36,S18,0,switch,35,50860,73,0,0,32,247.316,0,0,34.4367,0
32,stage_arrival,0,S00,5,terminal,0,50862,52,0,0,32,1000,0,0,0.564261,0
32,stage_arrival_coalesce,0,S00,5,terminal,0,50862,52,0,0,32,1000,0,0,59.5645,0
32,stage_arrival,37,S32,0,switch,0,50860,73,0,0,32,103.31,0,0,34.4367,0
32,stage_arrival,26,S33,0,switch,3,50862,52,0,0,32,174.708,0,0,59.5645,0
32,stage_arrival,35,S17,2,switch,37,50860,73,0,0,32,246.878,0,0,34.4367,0
32,stage_arrival_coalesce,0,S00,5,terminal,0,50865,109,0,0,32,1000,0,0,34.4367,0
32,stage_arrival_coalesce,0,S00,5,terminal,0,50863,72,0,0,32,1000,0,0,34.4367,0
32,allocate_send_arrival,0,S00,5,terminal,0,50864,77,0,0,32,1000,0,59.5645,7.27596e-15,0
32,allocate_send_arrival,0,S00,5,terminal,0,50860,73,0,0,32,1000,0,34.4367,0,0
32,allocate_send_arrival,0,S00,5,terminal,0,50865,109,0,0,32,1000,0,34.4367,0,0
32,allocate_send_arrival,0,S00,5,terminal,0,50863,72,0,0,32,1000,0,34.4367,0,0
32,allocate_send_arrival,0,S00,5,terminal,0,50862,52,0,0,32,1000,0,59.5645,7.27596e-15,0
32,allocate_send_arrival,36,S18,0,switch,35,50863,72,0,0,32,247.316,0,34.4367,0,0
32,allocate_send_arrival,36,S18,0,switch,35,50860,73,0,0,32,247.316,0,34.4367,0,0
32,allocate_send_arrival,3,S27,0,switch,0,50864,77,0,0,32,119.129,0,59.0002,0.564261,0
32,enqueue_residual,3,S27,0,switch,0,50864,77,0,0,32,119.129,0,0,0.564261,0
32,allocate_send_arrival,3,S27,0,switch,0,50862,52,0,0,32,119.129,0,59.0002,0.564261,0
32,enqueue_residual,3,S27,0,switch,0,50862,52,0,0,32,119.129,0,0,0.564261,0
32,allocate_send_arrival,26,S33,0,switch,3,50862,52,0,0,32,174.708,0,59.5645,0,0
32,allocate_send_arrival,37,S32,0,switch,0,50865,109,0,0,32,103.31,0,33.7286,0.70808,0
32,enqueue_residual,37,S32,0,switch,0,50865,109,0,0,32,103.31,0,0,0.70808,0
32,allocate_send_arrival,37,S32,0,switch,0,50863,72,0,0,32,103.31,0,33.7286,0.70808,0
32,enqueue_residual,37,S32,0,switch,0,50863,72,0,0,32,103.31,0,0,0.70808,0
32,allocate_send_arrival,37,S32,0,switch,0,50860,73,0,0,32,103.31,0,33.7286,0.70808,0
32,enqueue_residual,37,S32,0,switch,0,50860,73,0,0,32,103.31,0,0,0.70808,0
32,allocate_send_arrival,54,S31,1,switch,37,50865,109,0,0,32,242.335,0,34.4367,0,0
32,allocate_send_arrival,35,S17,2,switch,37,50863,72,0,0,32,246.878,0,34.4367,0,0
32,allocate_send_arrival,35,S17,2,switch,37,50860,73,0,0,32,246.878,0,34.4367,0,0
32,allocate_send_arrival,42,S20,2,switch,3,50864,77,0,0,32,251.806,0,59.5645,0,0
32,allocate_send_arrival,38,S42,0,switch,42,50864,77,0,0,32,176.64,0,59.5645,0,0
33,allocate_send_buffered,37,S32,0,switch,0,50865,109,0,0,33,103.31,2.12424,0.70808,0,0
33,allocate_send_buffered,37,S32,0,switch,0,50863,72,0,0,33,103.31,2.12424,0.70808,0,0
33,allocate_send_buffered,37,S32,0,switch,0,50860,73,0,0,33,103.31,2.12424,0.70808,0,0
33,allocate_send_buffered,3,S27,0,switch,0,50864,77,0,0,33,119.129,1.12852,0.564261,0,0
33,allocate_send_buffered,3,S27,0,switch,0,50862,52,0,0,33,119.129,1.12852,0.564261,0,0
33,stage_arrival,37,S32,0,switch,0,50865,109,0,0,33,103.31,0,0,34.4367,0
33,stage_arrival,0,S00,5,terminal,0,50862,52,0,0,33,1000,0,0,0.564261,0
33,stage_arrival,3,S27,0,switch,0,50862,52,0,0,33,119.129,0,0,59.5645,0
33,stage_arrival,0,S00,5,terminal,0,50864,77,0,0,33,1000,0,0,59.0002,0
33,stage_arrival_coalesce,0,S00,5,terminal,0,50862,52,0,0,33,1000,0,0,59.5645,0
33,stage_arrival,0,S00,5,terminal,0,50863,72,0,0,33,1000,0,0,0.70808,0
33,stage_arrival,37,S32,0,switch,0,50860,73,0,0,33,103.31,0,0,34.4367,0
33,stage_arrival,0,S00,5,terminal,0,50860,73,0,0,33,1000,0,0,33.7286,0
33,stage_arrival_coalesce,0,S00,5,terminal,0,50860,73,0,0,33,1000,0,0,34.4367,0
33,stage_arrival_coalesce,0,S00,5,terminal,0,50864,77,0,0,33,1000,0,0,59.5645,0
33,stage_arrival,36,S18,0,switch,35,50860,73,0,0,33,247.316,0,0,34.4367,0
33,stage_arrival,42,S20,2,switch,3,50864,77,0,0,33,251.806,0,0,59.5645,0
33,stage_arrival,26,S33,0,switch,3,50862,52,0,0,33,174.708,0,0,59.5645,0
33,stage_arrival,37,S32,0,switch,0,50863,72,0,0,33,103.31,0,0,34.4367,0
33,stage_arrival,0,S00,5,terminal,0,50865,109,0,0,33,1000,0,0,33.7286,0
33,stage_arrival,3,S27,0,switch,0,50864,77,0,0,33,119.129,0,0,59.5645,0
33,stage_arrival,36,S18,0,switch,35,50863,72,0,0,33,247.316,0,0,34.4367,0
33,stage_arrival_coalesce,0,S00,5,terminal,0,50863,72,0,0,33,1000,0,0,34.4367,0
33,stage_arrival,54,S31,1,switch,37,50865,109,0,0,33,242.335,0,0,34.4367,0
33,stage_arrival,38,S42,0,switch,42,50864,77,0,0,33,176.64,0,0,59.5645,0
33,stage_arrival_coalesce,0,S00,5,terminal,0,50865,109,0,0,33,1000,0,0,34.4367,0
33,stage_arrival,35,S17,2,switch,37,50863,72,0,0,33,246.878,0,0,34.4367,0
33,stage_arrival,35,S17,2,switch,37,50860,73,0,0,33,246.878,0,0,34.4367,0
33,allocate_send_arrival,0,S00,5,terminal,0,50862,52,0,0,33,1000,0,59.5645,7.27596e-15,0
33,allocate_send_arrival,0,S00,5,terminal,0,50864,77,0,0,33,1000,0,59.5645,7.27596e-15,0
33,allocate_send_arrival,0,S00,5,terminal,0,50863,72,0,0,33,1000,0,34.4367,0,0
33,allocate_send_arrival,0,S00,5,terminal,0,50860,73,0,0,33,1000,0,34.4367,0,0
33,allocate_send_arrival,0,S00,5,terminal,0,50865,109,0,0,33,1000,0,34.4367,0,0
33,allocate_send_arrival,37,S32,0,switch,0,50865,109,0,0,33,103.31,0,33.7286,0.70808,0
33,enqueue_residual,37,S32,0,switch,0,50865,109,0,0,33,103.31,0,0,0.70808,0
33,allocate_send_arrival,37,S32,0,switch,0,50860,73,0,0,33,103.31,0,33.7286,0.70808,0
33,enqueue_residual,37,S32,0,switch,0,50860,73,0,0,33,103.31,0,0,0.70808,0
33,allocate_send_arrival,37,S32,0,switch,0,50863,72,0,0,33,103.31,0,33.7286,0.70808,0
33,enqueue_residual,37,S32,0,switch,0,50863,72,0,0,33,103.31,0,0,0.70808,0
33,allocate_send_arrival,35,S17,2,switch,37,50863,72,0,0,33,246.878,0,34.4367,0,0
33,allocate_send_arrival,35,S17,2,switch,37,50860,73,0,0,33,246.878,0,34.4367,0,0
33,allocate_send_arrival,36,S18,0,switch,35,50860,73,0,0,33,247.316,0,34.4367,0,0
33,allocate_send_arrival,36,S18,0,switch,35,50863,72,0,0,33,247.316,0,34.4367,0,0
33,allocate_send_arrival,54,S31,1,switch,37,50865,109,0,0,33,242.335,0,34.4367,0,0
33,allocate_send_arrival,38,S42,0,switch,42,50864,77,0,0,33,176.64,0,59.5645,0,0
33,allocate_send_arrival,26,S33,0,switch,3,50862,52,0,0,33,174.708,0,59.5645,0,0
33,allocate_send_arrival,3,S27,0,switch,0,50862,52,0,0,33,119.129,0,59.0002,0.564261,0
33,enqueue_residual,3,S27,0,switch,0,50862,52,0,0,33,119.129,0,0,0.564261,0
33,allocate_send_arrival,3,S27,0,switch,0,50864,77,0,0,33,119.129,0,59.0002,0.564261,0
33,enqueue_residual,3,S27,0,switch,0,50864,77,0,0,33,119.129,0,0,0.564261,0
33,allocate_send_arrival,42,S20,2,switch,3,50864,77,0,0,33,251.806,0,59.5645,0,0
34,allocate_send_buffered,3,S27,0,switch,0,50862,52,0,0,34,119.129,1.12852,0.564261,0,0
34,allocate_send_buffered,3,S27,0,switch,0,50864,77,0,0,34,119.129,1.12852,0.564261,0,0
34,allocate_send_buffered,37,S32,0,switch,0,50865,109,0,0,34,103.31,2.12424,0.70808,0,0
34,allocate_send_buffered,37,S32,0,switch,0,50860,73,0,0,34,103.31,2.12424,0.70808,0,0
34,allocate_send_buffered,37,S32,0,switch,0,50863,72,0,0,34,103.31,2.12424,0.70808,0,0
34,stage_arrival,0,S00,5,terminal,0,50865,109,0,0,34,1000,0,0,33.7286,0
34,stage_arrival,0,S00,5,terminal,0,50863,72,0,0,34,1000,0,0,0.70808,0
34,stage_arrival,3,S27,0,switch,0,50862,52,0,0,34,119.129,0,0,59.5645,0
34,stage_arrival,0,S00,5,terminal,0,50864,77,0,0,34,1000,0,0,59.0002,0
34,stage_arrival,26,S33,0,switch,3,50862,52,0,0,34,174.708,0,0,33.5251,0
34,stage_arrival,0,S00,5,terminal,0,50860,73,0,0,34,1000,0,0,0.70808,0
34,stage_arrival_coalesce,0,S00,5,terminal,0,50865,109,0,0,34,1000,0,0,34.4367,0
34,stage_arrival,35,S17,2,switch,37,50863,72,0,0,34,246.878,0,0,34.4367,0
34,stage_arrival_coalesce,0,S00,5,terminal,0,50863,72,0,0,34,1000,0,0,34.4367,0
34,stage_arrival_coalesce,0,S00,5,terminal,0,50860,73,0,0,34,1000,0,0,34.4367,0
34,stage_arrival,35,S17,2,switch,37,50860,73,0,0,34,246.878,0,0,34.4367,0
34,stage_arrival,36,S18,0,switch,35,50860,73,0,0,34,247.316,0,0,34.4367,0
34,stage_arrival,42,S20,2,switch,3,50864,77,0,0,34,251.806,0,0,59.5645,0
34,stage_arrival_coalesce,0,S00,5,terminal,0,50864,77,0,0,34,1000,0,0,59.5645,0
34,stage_arrival,3,S27,0,switch,0,50864,77,0,0,34,119.129,0,0,59.5645,0
34,stage_arrival,54,S31,1,switch,37,50865,109,0,0,34,242.335,0,0,34.4367,0
34,stage_arrival,0,S00,5,terminal,0,50862,52,0,0,34,1000,0,0,59.0002,0
34,stage_arrival_coalesce,0,S00,5,terminal,0,50862,52,0,0,34,1000,0,0,59.5645,0
34,stage_arrival,36,S18,0,switch,35,50863,72,0,0,34,247.316,0,0,34.4367,0
34,stage_arrival,38,S42,0,switch,42,50864,77,0,0,34,176.64,0,0,33.243,0
34,stage_arrival,37,S32,0,switch,0,50860,73,0,0,34,103.31,0,0,34.4367,0
34,stage_arrival,37,S32,0,switch,0,50865,109,0,0,34,103.31,0,0,34.4367,0
34,stage_arrival,37,S32,0,switch,0,50863,72,0,0,34,103.31,0,0,34.4367,0
34,allocate_send_arrival,42,S20,2,switch,3,50864,77,0,0,34,251.806,0,59.5645,0,0
34,allocate_send_arrival,36,S18,0,switch,35,50860,73,0,0,34,247.316,0,34.4367,0,0
34,allocate_send_arrival,36,S18,0,switch,35,50863,72,0,0,34,247.316,0,34.4367,0,0
34,allocate_send_arrival,38,S42,0,switch,42,50864,77,0,0,34,176.64,0,33.243,0,0
34,allocate_send_arrival,3,S27,0,switch,0,50862,52,0,0,34,119.129,0,59.0002,0.564261,0
34,enqueue_residual,3,S27,0,switch,0,50862,52,0,0,34,119.129,0,0,0.564261,0
34,allocate_send_arrival,3,S27,0,switch,0,50864,77,0,0,34,119.129,0,59.0002,0.564261,0
34,enqueue_residual,3,S27,0,switch,0,50864,77,0,0,34,119.129,0,0,0.564261,0
34,allocate_send_arrival,35,S17,2,switch,37,50863,72,0,0,34,246.878,0,34.4367,0,0
34,allocate_send_arrival,35,S17,2,switch,37,50860,73,0,0,34,246.878,0,34.4367,0,0
34,allocate_send_arrival,37,S32,0,switch,0,50860,73,0,0,34,103.31,0,33.7286,0.70808,0
34,enqueue_residual,37,S32,0,switch,0,50860,73,0,0,34,103.31,0,0,0.70808,0
34,allocate_send_arrival,37,S32,0,switch,0,50865,109,0,0,34,103.31,0,33.7286,0.70808,0
34,enqueue_residual,37,S32,0,switch,0,50865,109,0,0,34,103.31,0,0,0.70808,0
34,allocate_send_arrival,37,S32,0,switch,0,50863,72,0,0,34,103.31,0,33.7286,0.70808,0
34,enqueue_residual,37,S32,0,switch,0,50863,72,0,0,34,103.31,0,0,0.70808,0
34,allocate_send_arrival,0,S00,5,terminal,0,50865,109,0,0,34,1000,0,34.4367,0,0
34,allocate_send_arrival,0,S00,5,terminal,0,50863,72,0,0,34,1000,0,34.4367,0,0
34,allocate_send_arrival,0,S00,5,terminal,0,50864,77,0,0,34,1000,0,59.5645,0,0
34,allocate_send_arrival,0,S00,5,terminal,0,50860,73,0,0,34,1000,0,34.4367,0,0
34,allocate_send_arrival,0,S00,5,terminal,0,50862,52,0,0,34,1000,0,59.5645,0,0
34,allocate_send_arrival,54,S31,1,switch,37,50865,109,0,0,34,242.335,0,34.4367,0,0
34,allocate_send_arrival,26,S33,0,switch,3,50862,52,0,0,34,174.708,0,33.5251,0,0
35,allocate_send_buffered,37,S32,0,switch,0,50860,73,0,0,35,103.31,2.12424,0.70808,0,0
35,allocate_send_buffered,37,S32,0,switch,0,50865,109,0,0,35,103.31,2.12424,0.70808,0,0
35,allocate_send_buffered,37,S32,0,switch,0,50863,72,0,0,35,103.31,2.12424,0.70808,0,0
35,allocate_send_buffered,3,S27,0,switch,0,50862,52,0,0,35,119.129,1.12852,0.564261,0,0
35,allocate_send_buffered,3,S27,0,switch,0,50864,77,0,0,35,119.129,1.12852,0.564261,0,0
35,stage_arrival,37,S32,0,switch,0,50865,109,0,0,35,103.31,0,0,34.4367,0
35,stage_arrival,0,S00,5,terminal,0,50860,73,0,0,35,1000,0,0,33.7286,0
35,stage_arrival,0,S00,5,terminal,0,50862,52,0,0,35,1000,0,0,0.564261,0
35,stage_arrival,42,S20,2,switch,3,50864,77,0,0,35,251.806,0,0,33.243,0
35,stage_arrival_coalesce,0,S00,5,terminal,0,50860,73,0,0,35,1000,0,0,34.4367,0
35,stage_arrival,35,S17,2,switch,37,50863,72,0,0,35,246.878,0,0,34.4367,0
35,stage_arrival_coalesce,0,S00,5,terminal,0,50862,52,0,0,35,1000,0,0,59.5645,0
35,stage_arrival,36,S18,0,switch,35,50863,72,0,0,35,247.316,0,0,34.4367,0
35,stage_arrival,37,S32,0,switch,0,50860,73,0,0,35,103.31,0,0,34.4367,0
35,stage_arrival,0,S00,5,terminal,0,50864,77,0,0,35,1000,0,0,59.0002,0
35,stage_arrival,0,S00,5,terminal,0,50863,72,0,0,35,1000,0,0,33.7286,0
35,stage_arrival,3,S27,0,switch,0,50862,52,0,0,35,119.129,0,0,33.5251,0
35,stage_arrival_coalesce,0,S00,5,terminal,0,50863,72,0,0,35,1000,0,0,34.4367,0
35,stage_arrival,36,S18,0,switch,35,50860,73,0,0,35,247.316,0,0,34.4367,0
35,stage_arrival,0,S00,5,terminal,0,50865,109,0,0,35,1000,0,0,33.7286,0
35,stage_arrival,54,S31,1,switch,37,50865,109,0,0,35,242.335,0,0,34.4367,0
35,stage_arrival,37,S32,0,switch,0,50863,72,0,0,35,103.31,0,0,34.4367,0
35,stage_arrival_coalesce,0,S00,5,terminal,0,50864,77,0,0,35,1000,0,0,59.5645,0
35,stage_arrival,35,S17,2,switch,37,50860,73,0,0,35,246.878,0,0,34.4367,0
35,stage_arrival_coalesce,0,S00,5,terminal,0,50865,109,0,0,35,1000,0,0,34.4367,0
35,stage_arrival,3,S27,0,switch,0,50864,77,0,0,35,119.129,0,0,59.5645,0
35,allocate_send_arrival,0,S00,5,terminal,0,50860,73,0,0,35,1000,0,34.4367,0,0
35,allocate_send_arrival,0,S00,5,terminal,0,50862,52,0,0,35,1000,0,59.5645,7.27596e-15,0
35,allocate_send_arrival,0,S00,5,terminal,0,50864,77,0,0,35,1000,0,59.5645,7.27596e-15,0
35,allocate_send_arrival,0,S00,5,terminal,0,50863,72,0,0,35,1000,0,34.4367,0,0
35,allocate_send_arrival,0,S00,5,terminal,0,50865,109,0,0,35,1000,0,34.4367,0,0
35,allocate_send_arrival,35,S17,2,switch,37,50863,72,0,0,35,246.878,0,34.4367,0,0
35,allocate_send_arrival,35,S17,2,switch,37,50860,73,0,0,35,246.878,0,34.4367,0,0
35,allocate_send_arrival,36,S18,0,switch,35,50863,72,0,0,35,247.316,0,34.4367,0,0
35,allocate_send_arrival,36,S18,0,switch,35,50860,73,0,0,35,247.316,0,34.4367,0,0
35,allocate_send_arrival,37,S32,0,switch,0,50865,109,0,0,35,103.31,0,33.7286,0.70808,0
35,enqueue_residual,37,S32,0,switch,0,50865,109,0,0,35,103.31,0,0,0.70808,0
35,allocate_send_arrival,37,S32,0,switch,0,50860,73,0,0,35,103.31,0,33.7286,0.70808,0
35,enqueue_residual,37,S32,0,switch,0,50860,73,0,0,35,103.31,0,0,0.70808,0
35,allocate_send_arrival,37,S32,0,switch,0,50863,72,0,0,35,103.31,0,33.7286,0.70808,0
35,enqueue_residual,37,S32,0,switch,0,50863,72,0,0,35,103.31,0,0,0.70808,0
35,allocate_send_arrival,42,S20,2,switch,3,50864,77,0,0,35,251.806,0,33.243,0,0
35,allocate_send_arrival,54,S31,1,switch,37,50865,109,0,0,35,242.335,0,34.4367,0,0
35,allocate_send_arrival,3,S27,0,switch,0,50862,52,0,0,35,119.129,0,33.5251,0,0
35,allocate_send_arrival,3,S27,0,switch,0,50864,77,0,0,35,119.129,0,59.5645,0,0
36,allocate_send_buffered,37,S32,0,switch,0,50865,109,0,0,36,103.31,2.12424,0.70808,0,0
36,allocate_send_buffered,37,S32,0,switch,0,50860,73,0,0,36,103.31,2.12424,0.70808,0,0
36,allocate_send_buffered,37,S32,0,switch,0,50863,72,0,0,36,103.31,2.12424,0.70808,0,0
36,stage_arrival,0,S00,5,terminal,0,50860,73,0,0,36,1000,0,0,0.70808,0
36,stage_arrival_coalesce,0,S00,5,terminal,0,50860,73,0,0,36,1000,0,0,34.4367,0
36,stage_arrival,0,S00,5,terminal,0,50862,52,0,0,36,1000,0,0,33.5251,0
36,stage_arrival,36,S18,0,switch,35,50860,73,0,0,36,247.316,0,0,34.4367,0
36,stage_arrival,0,S00,5,terminal,0,50865,109,0,0,36,1000,0,0,0.70808,0
36,stage_arrival,37,S32,0,switch,0,50865,109,0,0,36,103.31,0,0,34.4367,0
36,stage_arrival,3,S27,0,switch,0,50864,77,0,0,36,119.129,0,0,33.243,0
36,stage_arrival,35,S17,2,switch,37,50863,72,0,0,36,246.878,0,0,34.4367,0
36,stage_arrival,0,S00,5,terminal,0,50864,77,0,0,36,1000,0,0,59.5645,0
36,stage_arrival,0,S00,5,terminal,0,50863,72,0,0,36,1000,0,0,0.70808,0
36,stage_arrival,37,S32,0,switch,0,50860,73,0,0,36,103.31,0,0,34.4367,0
36,stage_arrival,54,S31,1,switch,37,50865,109,0,0,36,242.335,0,0,34.4367,0
36,stage_arrival_coalesce,0,S00,5,terminal,0,50864,77,0,0,36,1000,0,0,60.1288,0
36,stage_arrival,35,S17,2,switch,37,50860,73,0,0,36,246.878,0,0,34.4367,0
36,stage_arrival_coalesce,0,S00,5,terminal,0,50865,109,0,0,36,1000,0,0,34.4367,0
36,stage_arrival_coalesce,0,S00,5,terminal,0,50862,52,0,0,36,1000,0,0,34.0894,0
36,stage_arrival,36,S18,0,switch,35,50863,72,0,0,36,247.316,0,0,34.4367,0
36,stage_arrival,37,S32,0,switch,0,50863,72,0,0,36,103.31,0,0,34.4367,0
36,stage_arrival_coalesce,0,S00,5,terminal,0,50863,72,0,0,36,1000,0,0,34.4367,0
36,allocate_send_arrival,36,S18,0,switch,35,50860,73,0,0,36,247.316,0,34.4367,0,0
36,allocate_send_arrival,36,S18,0,switch,35,50863,72,0,0,36,247.316,0,34.4367,0,0
36,allocate_send_arrival,35,S17,2,switch,37,50863,72,0,0,36,246.878,0,34.4367,0,0
36,allocate_send_arrival,35,S17,2,switch,37,50860,73,0,0,36,246.878,0,34.4367,0,0
36,allocate_send_arrival,37,S32,0,switch,0,50865,109,0,0,36,103.31,0,33.7286,0.70808,0
36,enqueue_residual,37,S32,0,switch,0,50865,109,0,0,36,103.31,0,0,0.70808,0
36,allocate_send_arrival,37,S32,0,switch,0,50860,73,0,0,36,103.31,0,33.7286,0.70808,0
36,enqueue_residual,37,S32,0,switch,0,50860,73,0,0,36,103.31,0,0,0.70808,0
36,allocate_send_arrival,37,S32,0,switch,0,50863,72,0,0,36,103.31,0,33.7286,0.70808,0
36,enqueue_residual,37,S32,0,switch,0,50863,72,0,0,36,103.31,0,0,0.70808,0
36,allocate_send_arrival,54,S31,1,switch,37,50865,109,0,0,36,242.335,0,34.4367,0,0
36,allocate_send_arrival,3,S27,0,switch,0,50864,77,0,0,36,119.129,0,33.243,0,0
36,allocate_send_arrival,0,S00,5,terminal,0,50860,73,0,0,36,1000,0,34.4367,0,0
36,allocate_send_arrival,0,S00,5,terminal,0,50862,52,0,0,36,1000,0,34.0894,0,0
36,allocate_send_arrival,0,S00,5,terminal,0,50865,109,0,0,36,1000,0,34.4367,0,0
36,allocate_send_arrival,0,S00,5,terminal,0,50864,77,0,0,36,1000,0,60.1288,1.45519e-14,0
36,allocate_send_arrival,0,S00,5,terminal,0,50863,72,0,0,36,1000,0,34.4367,0,0
37,allocate_send_buffered,37,S32,0,switch,0,50865,109,0,0,37,103.31,2.12424,0.70808,0,0
37,allocate_send_buffered,37,S32,0,switch,0,50860,73,0,0,37,103.31,2.12424,0.70808,0,0
37,allocate_send_buffered,37,S32,0,switch,0,50863,72,0,0,37,103.31,2.12424,0.70808,0,0
37,stage_arrival,0,S00,5,terminal,0,50865,109,0,0,37,1000,0,0,33.7286,0
37,stage_arrival,0,S00,5,terminal,0,50860,73,0,0,37,1000,0,0,33.7286,0
37,stage_arrival,37,S32,0,switch,0,50863,72,0,0,37,103.31,0,0,34.4367,0
37,stage_arrival,37,S32,0,switch,0,50865,109,0,0,37,103.31,0,0,34.4367,0
37,stage_arrival,0,S00,5,terminal,0,50863,72,0,0,37,1000,0,0,0.70808,0
37,stage_arrival_coalesce,0,S00,5,terminal,0,50860,73,0,0,37,1000,0,0,34.4367,0
37,stage_arrival_coalesce,0,S00,5,terminal,0,50865,109,0,0,37,1000,0,0,34.4367,0
37,stage_arrival,36,S18,0,switch,35,50860,73,0,0,37,247.316,0,0,34.4367,0
37,stage_arrival,0,S00,5,terminal,0,50864,77,0,0,37,1000,0,0,33.243,0
37,stage_arrival,37,S32,0,switch,0,50860,73,0,0,37,103.31,0,0,34.4367,0
37,stage_arrival_coalesce,0,S00,5,terminal,0,50863,72,0,0,37,1000,0,0,34.4367,0
37,stage_arrival,54,S31,1,switch,37,50865,109,0,0,37,242.335,0,0,34.4367,0
37,stage_arrival,36,S18,0,switch,35,50863,72,0,0,37,247.316,0,0,34.4367,0
37,stage_arrival,35,S17,2,switch,37,50863,72,0,0,37,246.878,0,0,34.4367,0
37,stage_arrival,35,S17,2,switch,37,50860,73,0,0,37,246.878,0,0,34.4367,0
37,allocate_send_arrival,36,S18,0,switch,35,50860,73,0,0,37,247.316,0,34.4367,0,0
37,allocate_send_arrival,36,S18,0,switch,35,50863,72,0,0,37,247.316,0,34.4367,0,0
37,allocate_send_arrival,35,S17,2,switch,37,50863,72,0,0,37,246.878,0,34.4367,0,0
37,allocate_send_arrival,35,S17,2,switch,37,50860,73,0,0,37,246.878,0,34.4367,0,0
37,allocate_send_arrival,37,S32,0,switch,0,50863,72,0,0,37,103.31,0,33.7286,0.70808,0
37,enqueue_residual,37,S32,0,switch,0,50863,72,0,0,37,103.31,0,0,0.70808,0
37,allocate_send_arrival,37,S32,0,switch,0,50865,109,0,0,37,103.31,0,33.7286,0.70808,0
37,enqueue_residual,37,S32,0,switch,0,50865,109,0,0,37,103.31,0,0,0.70808,0
37,allocate_send_arrival,37,S32,0,switch,0,50860,73,0,0,37,103.31,0,33.7286,0.70808,0
37,enqueue_residual,37,S32,0,switch,0,50860,73,0,0,37,103.31,0,0,0.70808,0
37,allocate_send_arrival,0,S00,5,terminal,0,50865,109,0,0,37,1000,0,34.4367,0,0
37,allocate_send_arrival,0,S00,5,terminal,0,50860,73,0,0,37,1000,0,34.4367,0,0
37,allocate_send_arrival,0,S00,5,terminal,0,50863,72,0,0,37,1000,0,34.4367,0,0
37,allocate_send_arrival,0,S00,5,terminal,0,50864,77,0,0,37,1000,0,33.243,0,0
37,allocate_send_arrival,54,S31,1,switch,37,50865,109,0,0,37,242.335,0,34.4367,0,0
38,allocate_send_buffered,37,S32,0,switch,0,50863,72,0,0,38,103.31,2.12424,0.70808,0,0
38,allocate_send_buffered,37,S32,0,switch,0,50865,109,0,0,38,103.31,2.12424,0.70808,0,0
38,allocate_send_buffered,37,S32,0,switch,0,50860,73,0,0,38,103.31,2.12424,0.70808,0,0
38,stage_arrival,36,S18,0,switch,35,50863,72,0,0,38,247.316,0,0,34.4367,0
38,stage_arrival,54,S31,1,switch,37,50865,109,0,0,38,242.335,0,0,34.4367,0
38,stage_arrival,37,S32,0,switch,0,50865,109,0,0,38,103.31,0,0,34.4367,0
38,stage_arrival,0,S00,5,terminal,0,50865,109,0,0,38,1000,0,0,0.70808,0
38,stage_arrival,37,S32,0,switch,0,50863,72,0,0,38,103.31,0,0,34.4367,0
38,stage_arrival,0,S00,5,terminal,0,50860,73,0,0,38,1000,0,0,33.7286,0
38,stage_arrival,36,S18,0,switch,35,50860,73,0,0,38,247.316,0,0,34.4367,0
38,stage_arrival,0,S00,5,terminal,0,50863,72,0,0,38,1000,0,0,33.7286,0
38,stage_arrival_coalesce,0,S00,5,terminal,0,50863,72,0,0,38,1000,0,0,34.4367,0
38,stage_arrival_coalesce,0,S00,5,terminal,0,50860,73,0,0,38,1000,0,0,34.4367,0
38,stage_arrival,35,S17,2,switch,37,50863,72,0,0,38,246.878,0,0,34.4367,0
38,stage_arrival,37,S32,0,switch,0,50860,73,0,0,38,103.31,0,0,34.4367,0
38,stage_arrival,35,S17,2,switch,37,50860,73,0,0,38,246.878,0,0,34.4367,0
38,stage_arrival_coalesce,0,S00,5,terminal,0,50865,109,0,0,38,1000,0,0,34.4367,0
38,allocate_send_arrival,35,S17,2,switch,37,50863,72,0,0,38,246.878,0,34.4367,0,0
38,allocate_send_arrival,35,S17,2,switch,37,50860,73,0,0,38,246.878,0,34.4367,0,0
38,allocate_send_arrival,0,S00,5,terminal,0,50865,109,0,0,38,1000,0,34.4367,0,0
38,allocate_send_arrival,0,S00,5,terminal,0,50860,73,0,0,38,1000,0,34.4367,0,0
38,allocate_send_arrival,0,S00,5,terminal,0,50863,72,0,0,38,1000,0,34.4367,0,0
38,allocate_send_arrival,54,S31,1,switch,37,50865,109,0,0,38,242.335,0,34.4367,0,0
38,allocate_send_arrival,36,S18,0,switch,35,50863,72,0,0,38,247.316,0,34.4367,0,0
38,allocate_send_arrival,36,S18,0,switch,35,50860,73,0,0,38,247.316,0,34.4367,0,0
38,allocate_send_arrival,37,S32,0,switch,0,50865,109,0,0,38,103.31,0,33.7286,0.70808,0
38,enqueue_residual,37,S32,0,switch,0,50865,109,0,0,38,103.31,0,0,0.70808,0
38,allocate_send_arrival,37,S32,0,switch,0,50863,72,0,0,38,103.31,0,33.7286,0.70808,0
38,enqueue_residual,37,S32,0,switch,0,50863,72,0,0,38,103.31,0,0,0.70808,0
38,allocate_send_arrival,37,S32,0,switch,0,50860,73,0,0,38,103.31,0,33.7286,0.70808,0
38,enqueue_residual,37,S32,0,switch,0,50860,73,0,0,38,103.31,0,0,0.70808,0
39,allocate_send_buffered,37,S32,0,switch,0,50865,109,0,0,39,103.31,2.12424,0.70808,0,0
39,allocate_send_buffered,37,S32,0,switch,0,50863,72,0,0,39,103.31,2.12424,0.70808,0,0
39,allocate_send_buffered,37,S32,0,switch,0,50860,73,0,0,39,103.31,2.12424,0.70808,0,0
39,stage_arrival,0,S00,5,terminal,0,50865,109,0,0,39,1000,0,0,0.70808,0
39,stage_arrival,35,S17,2,switch,37,50860,73,0,0,39,246.878,0,0,34.4367,0
39,stage_arrival,37,S32,0,switch,0,50860,73,0,0,39,103.31,0,0,34.4367,0
39,stage_arrival,37,S32,0,switch,0,50863,72,0,0,39,103.31,0,0,34.4367,0
39,stage_arrival,36,S18,0,switch,35,50863,72,0,0,39,247.316,0,0,34.4367,0
39,stage_arrival,0,S00,5,terminal,0,50860,73,0,0,39,1000,0,0,33.7286,0
39,stage_arrival,36,S18,0,switch,35,50860,73,0,0,39,247.316,0,0,34.4367,0
39,stage_arrival,0,S00,5,terminal,0,50863,72,0,0,39,1000,0,0,0.70808,0
39,stage_arrival_coalesce,0,S00,5,terminal,0,50860,73,0,0,39,1000,0,0,34.4367,0
39,stage_arrival,54,S31,1,switch,37,50865,109,0,0,39,242.335,0,0,34.4367,0
39,stage_arrival,37,S32,0,switch,0,50865,109,0,0,39,103.31,0,0,34.4367,0
39,stage_arrival_coalesce,0,S00,5,terminal,0,50863,72,0,0,39,1000,0,0,34.4367,0
39,stage_arrival,35,S17,2,switch,37,50863,72,0,0,39,246.878,0,0,34.4367,0
39,stage_arrival_coalesce,0,S00,5,terminal,0,50865,109,0,0,39,1000,0,0,34.4367,0
39,allocate_send_arrival,54,S31,1,switch,37,50865,109,0,0,39,242.335,0,34.4367,0,0
39,allocate_send_arrival,35,S17,2,switch,37,50860,73,0,0,39,246.878,0,34.4367,0,0
39,allocate_send_arrival,35,S17,2,switch,37,50863,72,0,0,39,246.878,0,34.4367,0,0
39,allocate_send_arrival,0,S00,5,terminal,0,50865,109,0,0,39,1000,0,34.4367,0,0
39,allocate_send_arrival,0,S00,5,terminal,0,50860,73,0,0,39,1000,0,34.4367,0,0
39,allocate_send_arrival,0,S00,5,terminal,0,50863,72,0,0,39,1000,0,34.4367,0,0
39,allocate_send_arrival,36,S18,0,switch,35,50863,72,0,0,39,247.316,0,34.4367,0,0
39,allocate_send_arrival,36,S18,0,switch,35,50860,73,0,0,39,247.316,0,34.4367,0,0
39,allocate_send_arrival,37,S32,0,switch,0,50860,73,0,0,39,103.31,0,33.7286,0.70808,0
39,enqueue_residual,37,S32,0,switch,0,50860,73,0,0,39,103.31,0,0,0.70808,0
39,allocate_send_arrival,37,S32,0,switch,0,50863,72,0,0,39,103.31,0,33.7286,0.70808,0
39,enqueue_residual,37,S32,0,switch,0,50863,72,0,0,39,103.31,0,0,0.70808,0
39,allocate_send_arrival,37,S32,0,switch,0,50865,109,0,0,39,103.31,0,33.7286,0.70808,0
39,enqueue_residual,37,S32,0,switch,0,50865,109,0,0,39,103.31,0,0,0.70808,0
40,stage_arrival,0,S00,5,terminal,0,50863,72,0,0,40,1000,0,0,0.70808,0
40,stage_arrival,0,S00,5,terminal,0,50860,73,0,0,40,1000,0,0,33.7286,0
40,stage_arrival,36,S18,0,switch,35,50860,73,0,0,40,247.316,0,0,34.4367,0
40,stage_arrival_coalesce,0,S00,5,terminal,0,50860,73,0,0,40,1000,0,0,34.4367,0
40,stage_arrival,54,S31,1,switch,37,50865,109,0,0,40,242.335,0,0,34.4367,0
40,stage_arrival,35,S17,2,switch,37,50860,73,0,0,40,246.878,0,0,34.4367,0
40,stage_arrival,37,S32,0,switch,0,50863,72,0,0,40,103.31,2.12424,0,34.4367,0
40,stage_arrival,37,S32,0,switch,0,50865,109,0,0,40,103.31,2.12424,0,34.4367,0
40,stage_arrival,0,S00,5,terminal,0,50865,109,0,0,40,1000,0,0,33.7286,0
40,stage_arrival_coalesce,0,S00,5,terminal,0,50865,109,0,0,40,1000,0,0,34.4367,0
40,stage_arrival,37,S32,0,switch,0,50860,73,0,0,40,103.31,2.12424,0,34.4367,0
40,stage_arrival_coalesce,0,S00,5,terminal,0,50863,72,0,0,40,1000,0,0,34.4367,0
40,stage_arrival,35,S17,2,switch,37,50863,72,0,0,40,246.878,0,0,34.4367,0
40,stage_arrival,36,S18,0,switch,35,50863,72,0,0,40,247.316,0,0,34.4367,0
