interval,event,switch,switch_name,port,target_type,target_index,capacity_gbit,queued_before_gbit,sent_gbit,queued_after_gbit,shared_queued_before_gbit,shared_queued_after_gbit,shared_buffer_gbit,dropped_gbit,active_queue_entries
1,egress,0,S00,0,switch,1,183.324,0,183.324,100,0,100,100,34.9326,1
1,egress,0,S00,2,switch,3,149.8,0,149.8,0,100,100,100,350.353,0
1,egress,1,S01,0,switch,0,159.728,0,159.728,100,0,100,100,61.7871,1
1,egress,1,S01,1,switch,6,265.041,0,265.041,0,100,100,100,320.011,0
1,egress,10,S61,0,switch,1,227.172,0,227.172,100,0,100,100,193.333,1
1,egress,10,S61,7,terminal,21,1000,0,585.675,0,100,100,100,0,0
1,egress,11,S03,0,switch,6,132.338,0,132.338,100,0,100,100,523.156,1
1,egress,12,S04,2,switch,15,124.853,0,124.853,100,0,100,100,92.8348,1
1,egress,12,S04,5,switch,18,178.427,0,178.427,0,100,100,100,282.881,0
1,egress,13,S40,0,switch,6,162.644,0,162.644,100,0,100,100,182.581,1
1,egress,13,S40,1,switch,52,151.023,0,151.023,0,100,100,100,253.54,0
1,egress,14,S58,0,switch,11,169.38,0,169.38,100,0,100,100,190.377,1
1,egress,14,S58,2,switch,34,224.263,0,224.263,0,100,100,100,108.467,0
1,egress,15,S05,0,switch,12,134.869,0,134.869,100,0,100,100,766.017,1
1,egress,16,S11,0,switch,12,200.84,0,200.84,100,0,100,100,664.075,1
1,egress,17,S35,0,switch,33,196.155,0,196.155,100,0,100,100,288.454,1
1,egress,17,S35,1,switch,56,252.252,0,252.252,0,100,100,100,169.328,0
1,egress,18,S43,0,switch,38,157.659,0,157.659,100,0,100,100,81.265,1
1,egress,18,S43,1,switch,60,132.709,0,132.709,0,100,100,100,340.642,0
1,egress,19,S06,1,switch,22,210.644,0,210.644,0,100,100,100,251.935,0
1,egress,19,S06,3,switch,10,169.014,0,169.014,100,0,100,100,82.3753,1
1,egress,2,S10,0,switch,27,137.994,0,137.994,100,0,100,100,841.693,1
1,egress,20,S15,3,switch,25,274.153,0,274.153,100,0,100,100,415.849,1
1,egress,21,S53,0,switch,15,263.511,0,263.511,100,0,100,100,112.311,1
1,egress,21,S53,1,switch,40,137.143,0,137.143,0,100,100,100,375.689,0
1,egress,22,S07,0,switch,19,118.259,0,118.259,100,0,100,100,143.442,1
1,egress,22,S07,3,switch,26,124.406,0,124.406,0,100,100,100,177.713,0
1,egress,23,S39,2,switch,50,253.771,0,253.771,0,100,100,100,210.98,0
1,egress,23,S39,3,switch,13,140.319,0,140.319,100,0,100,100,193.631,1
1,egress,24,S08,0,switch,22,182.424,0,182.424,0,100,100,100,354.284,0
1,egress,24,S08,1,switch,27,295.728,0,295.728,100,0,100,100,153.878,1
1,egress,25,S16,1,switch,20,119.9,0,119.9,100,0,100,100,789.737,1
1,egress,26,S33,0,switch,3,174.708,0,174.708,0,100,100,100,424.214,0
1,egress,26,S33,2,switch,33,257.766,0,257.766,100,0,100,100,199.871,1
1,egress,27,S09,0,switch,24,129.629,0,129.629,100,0,100,100,764.648,1
1,egress,28,S12,0,switch,16,293.496,0,293.496,100,0,100,100,21.8439,1
1,egress,28,S12,2,switch,20,296.117,0,296.117,0,100,100,100,50.1873,0
1,egress,29,S13,2,switch,28,248.906,0,248.906,0,100,100,100,204.177,0
1,egress,29,S13,5,switch,31,131.191,0,131.191,100,0,100,100,254.744,1
1,egress,3,S27,2,switch,49,266.441,0,266.441,100,0,100,100,116.632,1
1,egress,3,S27,4,switch,26,158.334,0,158.334,0,100,100,100,292.085,0
1,egress,30,S14,0,switch,29,288.048,0,288.048,65.8108,0,65.8108,100,0,1
1,egress,30,S14,1,switch,20,100.691,0,100.691,34.1892,65.8108,100,100,384.303,1
1,egress,31,S62,0,switch,29,171.288,0,171.288,0,100,100,100,300.587,0
1,egress,31,S62,2,switch,10,234.199,0,234.199,100,0,100,100,175.457,1
1,egress,32,S21,1,switch,43,261.425,0,261.425,100,0,100,100,520.047,1
1,egress,33,S34,0,switch,26,235.741,0,235.741,100,0,100,100,467.46,1
1,egress,34,S57,0,switch,20,180.835,0,180.835,0,100,100,100,385.618,0
1,egress,34,S57,2,switch,14,113.541,0,113.541,100,0,100,100,99.0836,1
1,egress,35,S17,0,switch,25,277.107,0,277.107,100,0,100,100,39.8291,1
1,egress,35,S17,2,switch,37,246.878,0,246.878,0,100,100,100,95.0687,0
1,egress,36,S18,1,switch,39,215.617,0,215.617,100,0,100,100,267.2,1
1,egress,36,S18,2,switch,40,242.342,0,242.342,0,100,100,100,330.443,0
1,egress,37,S32,0,switch,0,103.31,0,103.31,100,0,100,100,818.39,1
1,egress,38,S42,0,switch,42,176.64,0,176.64,0,100,100,100,422.047,0
1,egress,38,S42,1,switch,40,122.733,0,122.733,100,0,100,100,236.374,1
1,egress,39,S19,0,switch,36,204.72,0,204.72,100,0,100,100,492.858,1
1,egress,4,S37,0,switch,0,203.508,0,203.508,0,100,100,100,314.846,0
1,egress,4,S37,3,switch,50,165.152,0,165.152,100,0,100,100,60.1578,1
1,egress,40,S29,0,switch,36,264.754,0,264.754,0,100,100,100,226.724,0
1,egress,40,S29,1,switch,45,131.396,0,131.396,100,0,100,100,86.5312,1
1,egress,41,S49,0,switch,11,188.868,0,188.868,100,0,100,100,100.55,1
1,egress,41,S49,5,switch,48,181.228,0,181.228,0,100,100,100,147.85,0
1,egress,42,S20,2,switch,3,251.806,0,251.806,100,0,100,100,223.909,1
1,egress,42,S20,3,switch,14,182.917,0,182.917,0,100,100,100,267.319,0
1,egress,43,S22,0,switch,0,203.304,0,203.304,0,100,100,100,167.038,0
1,egress,43,S22,3,switch,44,274.638,0,274.638,100,0,100,100,9.89515,1
1,egress,44,S23,0,switch,43,211.017,0,211.017,100,0,100,100,406.945,1
1,egress,45,S28,0,switch,15,170.054,0,170.054,0,100,100,100,206.03,0
1,egress,45,S28,3,switch,3,145.823,0,145.823,100,0,100,100,263.654,1
1,egress,46,S24,1,switch,44,217.722,0,217.722,0,100,100,100,354.922,0
1,egress,46,S24,3,switch,48,198.106,0,198.106,100,0,100,100,127.723,1
1,egress,47,S25,0,switch,46,291.732,0,291.732,100,0,100,100,696.486,1
1,egress,48,S50,1,switch,41,183.344,0,183.344,0,100,100,100,204.023,0
1,egress,48,S50,2,switch,58,290.959,0,290.959,100,0,100,100,192.415,1
1,egress,49,S26,0,switch,43,126.404,0,126.404,100,0,100,100,574.156,1
1,egress,5,S63,0,switch,0,259.679,0,259.679,0,100,100,100,240.989,0
1,egress,5,S63,2,switch,31,151.987,0,151.987,100,0,100,100,334.28,1
1,egress,50,S38,0,switch,25,175.944,0,175.944,100,0,100,100,426.113,1
1,egress,51,S48,0,switch,57,201.033,0,201.033,100,0,100,100,639.071,1
1,egress,52,S30,0,switch,28,196.927,0,196.927,100,0,100,100,50.2916,1
1,egress,52,S30,1,switch,40,109.864,0,109.864,0,100,100,100,362.949,0
1,egress,53,S55,0,switch,15,170.836,0,170.836,29.214,70.786,100,100,166.897,1
1,egress,53,S55,1,switch,40,298.054,0,298.054,70.786,0,70.786,100,0,1
1,egress,54,S31,1,switch,37,242.335,0,242.335,100,0,100,100,312.865,1
1,egress,55,S60,2,switch,9,166.058,0,166.058,46.5817,53.4183,100,100,88.9957,1
1,egress,55,S60,3,switch,10,278.792,0,278.792,53.4183,0,53.4183,100,0,1
1,egress,56,S36,3,switch,23,284.309,0,284.309,100,0,100,100,648.584,1
1,egress,57,S47,2,switch,61,259.693,0,259.693,100,0,100,100,460.347,1
1,egress,58,S51,1,switch,23,189.834,0,189.834,100,0,100,100,230.904,1
1,egress,58,S51,2,switch,48,275.695,0,275.695,0,100,100,100,316.224,0
1,egress,59,S41,0,switch,13,132.99,0,132.99,100,0,100,100,85.2336,1
1,egress,59,S41,1,switch,38,116.009,0,116.009,0,100,100,100,205.057,0
1,egress,6,S02,0,switch,1,138.732,0,138.732,0,100,100,100,442.086,0
1,egress,6,S02,2,switch,12,128.791,0,128.791,100,0,100,100,361.905,1
1,egress,60,S44,0,switch,18,203.923,0,203.923,0,100,100,100,187.014,0
1,egress,60,S44,1,switch,7,207.424,0,207.424,100,0,100,100,264.457,1
1,egress,61,S46,1,switch,57,199.213,0,199.213,100,0,100,100,626.999,1
1,egress,62,S56,1,switch,34,238.377,0,238.377,100,0,100,100,441.676,1
1,egress,63,S54,0,switch,15,172.792,0,172.792,0,100,100,100,361.73,0
1,egress,63,S54,1,switch,21,203.653,0,203.653,100,0,100,100,264.134,1
1,egress,7,S45,0,switch,27,292,0,292,100,0,100,100,484.613,1
1,egress,8,S52,0,switch,1,255.562,0,255.562,100,0,100,100,487.291,1
1,egress,9,S59,0,switch,1,295.318,0,295.318,100,0,100,100,6.60861,1
1,egress,9,S59,2,switch,21,160.744,0,160.744,0,100,100,100,240.625,0
10,egress,0,S00,0,switch,1,183.324,0,183.324,83.3967,0,83.3967,100,0,1
10,egress,0,S00,1,switch,2,106.121,0,10.4331,16.6033,83.3967,100,100,323.988,1
10,egress,0,S00,1,switch,2,106.121,95.6879,95.6879,0,95.6879,0,100,0,0
10,egress,0,S00,2,switch,3,149.8,0,149.8,0,100,100,100,214.577,0
10,egress,0,S00,3,switch,4,180.219,0,176.85,0,83.3967,83.3967,100,0,0
10,egress,0,S00,4,switch,5,102.034,0,20.8448,0,83.3967,83.3967,100,0,0
10,egress,0,S00,4,switch,5,102.034,4.31207,4.31207,0,100,95.6879,100,0,0
10,egress,0,S00,6,terminal,1,1000,0,51.6885,0,100,100,100,0,0
10,egress,1,S01,0,switch,0,159.728,0,154.425,48.3988,0,48.3988,100,0,2
10,egress,1,S01,0,switch,0,159.728,5.30258,5.30258,0,100,94.6974,100,0,0
10,egress,1,S01,1,switch,6,265.041,0,265.041,51.6012,48.3988,100,100,334.69,2
10,egress,1,S01,2,switch,7,132.025,0,132.025,0,100,100,100,35.7363,0
10,egress,1,S01,3,switch,8,206.324,0,11.8543,0,0,0,100,0,0
10,egress,1,S01,4,switch,9,251.018,94.6974,94.6974,0,94.6974,0,100,0,0
10,egress,1,S01,6,terminal,2,1000,0,11.8543,0,48.3988,48.3988,100,0,0
10,egress,1,S01,7,terminal,3,1000,0,91.7738,0,100,100,100,0,0
10,egress,10,S61,0,switch,1,227.172,0,85.02,0,0,0,100,0,0
10,egress,10,S61,2,switch,42,279.867,100,100,0,100,0,100,0,0
10,egress,10,S61,4,switch,55,207.652,0,118.54,0,0,0,100,0,0
10,egress,11,S03,0,switch,6,132.338,0,132.338,100,0,100,100,141.705,2
10,egress,11,S03,2,switch,14,127.424,0,27.424,0,100,100,100,345.788,0
10,egress,11,S03,2,switch,14,127.424,100,100,0,100,0,100,0,0
10,egress,11,S03,4,terminal,22,1000,0,28.1131,0,0,0,100,0,0
10,egress,11,S03,5,terminal,23,1000,0,147.812,0,0,0,100,0,0
10,egress,12,S04,0,switch,6,184.169,0,104.8,0,0,0,100,0,0
10,egress,12,S04,1,switch,11,186.587,0,86.587,81.1334,0,81.1334,100,0,3
10,egress,12,S04,1,switch,11,186.587,100,100,0,100,0,100,0,0
10,egress,12,S04,2,switch,15,124.853,0,63.1881,0,0,0,100,0,0
10,egress,13,S40,0,switch,6,162.644,0,162.644,20.2421,79.7579,100,100,0.784184,1
10,egress,13,S40,1,switch,52,151.023,0,131.034,0,100,100,100,0,0
10,egress,13,S40,2,switch,50,160.169,0,58.8755,0,100,100,100,0,0
10,egress,13,S40,2,switch,50,160.169,100,100,0,100,0,100,0,0
10,egress,13,S40,3,switch,23,211.313,0,41.6156,0,100,100,100,0,0
10,egress,13,S40,4,switch,59,239.712,0,239.712,79.7579,0,79.7579,100,0,2
10,egress,13,S40,6,terminal,27,1000,0,140.138,0,100,100,100,0,0
10,egress,14,S58,0,switch,11,169.38,0,151.865,0,0,0,100,0,0
10,egress,14,S58,1,switch,42,232.511,0,127.424,0,0,0,100,0,0
10,egress,14,S58,2,switch,34,224.263,0,61.3307,0,0,0,100,0,0
10,egress,14,S58,3,switch,9,139.013,100,100,0,100,0,100,0,0
10,egress,15,S05,0,switch,12,134.869,0,34.869,82.2092,0,82.2092,100,0,2
10,egress,15,S05,0,switch,12,134.869,100,100,0,100,0,100,0,0
10,egress,15,S05,1,switch,19,212.416,0,56.6847,0,100,100,100,0,0
10,egress,15,S05,2,switch,20,256.175,0,256.175,17.7908,82.2092,100,100,60.293,2
10,egress,16,S11,0,switch,12,200.84,0,166.577,0,100,100,100,237.158,0
10,egress,16,S11,0,switch,12,200.84,34.263,34.263,0,34.263,0,100,0,0
10,egress,16,S11,1,switch,2,104.704,0,104.704,100,0,100,100,88.792,1
10,egress,16,S11,3,terminal,32,1000,0,40.5557,0,0,0,100,0,0
10,egress,17,S35,0,switch,33,196.155,0,196.155,29.066,0,29.066,100,0,1
10,egress,17,S35,1,switch,56,252.252,0,134.375,0,0,0,100,0,0
10,egress,17,S35,1,switch,56,252.252,100,100,0,100,0,100,0,0
10,egress,17,S35,2,switch,23,169.342,0,169.342,70.934,29.066,100,100,8.972,1
10,egress,18,S43,0,switch,38,157.659,0,57.659,100,0,100,100,165.427,3
10,egress,18,S43,0,switch,38,157.659,100,100,0,100,0,100,0,0
10,egress,18,S43,1,switch,60,132.709,0,78.132,0,100,100,100,0,0
10,egress,18,S43,2,terminal,36,1000,0,66.1633,0,100,100,100,0,0
10,egress,19,S06,0,switch,15,170.98,0,33.2469,0,100,100,100,0,0
10,egress,19,S06,1,switch,22,210.644,0,210.644,0,100,100,100,0,0
10,egress,19,S06,2,switch,23,267,0,267,100,0,100,100,51.4017,2
10,egress,19,S06,3,switch,10,169.014,0,66.4937,0,100,100,100,0,0
10,egress,19,S06,5,terminal,39,1000,0,18.5184,0,0,0,100,0,0
10,egress,2,S10,0,switch,27,137.994,0,29.0106,0,0,0,100,0,0
10,egress,2,S10,1,switch,16,243.793,0,120.518,0,0,0,100,0,0
10,egress,2,S10,1,switch,16,243.793,100,100,0,100,0,100,0,0
10,egress,2,S10,2,terminal,4,1000,0,69.3057,0,0,0,100,0,0
10,egress,20,S15,2,switch,30,254.167,0,31.3062,0,100,100,100,0,0
10,egress,20,S15,2,switch,30,254.167,41.3346,41.3346,0,41.3346,0,100,0,0
10,egress,20,S15,4,switch,32,143.593,0,140.223,0,0,0,100,0,0
10,egress,20,S15,5,switch,33,232.696,0,100.691,0,100,100,100,0,0
10,egress,20,S15,6,switch,13,232.721,0,174.056,100,0,100,100,32.8598,3
10,egress,20,S15,6,switch,13,232.721,58.6654,58.6654,0,100,41.3346,100,0,0
10,egress,20,S15,7,switch,34,204.798,0,46.5442,0,100,100,100,0,0
10,egress,20,S15,9,terminal,41,1000,0,91.2755,0,100,100,100,0,0
10,egress,21,S53,1,switch,40,137.143,0,37.143,5.01381,0,5.01381,100,0,1
10,egress,21,S53,1,switch,40,137.143,100,100,0,100,0,100,0,0
10,egress,21,S53,2,switch,8,135.597,0,37.3568,0,0,0,100,0,0
10,egress,21,S53,3,switch,63,178.955,0,37.3568,0,5.01381,5.01381,100,0,0
10,egress,21,S53,4,switch,9,122.206,0,86.0856,0,0,0,100,0,0
10,egress,21,S53,5,terminal,42,1000,0,307.37,0,5.01381,5.01381,100,0,0
10,egress,22,S07,0,switch,19,118.259,0,18.259,75.0619,0,75.0619,100,0,4
10,egress,22,S07,0,switch,19,118.259,100,100,0,100,0,100,0,0
10,egress,22,S07,2,switch,25,128.19,0,55.5553,0,100,100,100,0,0
10,egress,22,S07,3,switch,26,124.406,0,124.406,24.9381,75.0619,100,100,245.016,1
10,egress,22,S07,4,terminal,44,1000,0,18.5184,0,75.0619,75.0619,100,0,0
10,egress,22,S07,5,terminal,45,1000,0,18.5184,0,0,0,100,0,0
10,egress,23,S39,1,switch,56,105.799,0,41.7359,0,0,0,100,0,0
10,egress,23,S39,2,switch,50,253.771,100,100,0,100,0,100,0,0
10,egress,23,S39,3,switch,13,140.319,0,140.319,100,0,100,100,26.681,1
10,egress,23,S39,5,terminal,46,1000,0,154.611,0,0,0,100,0,0
10,egress,24,S08,0,switch,22,182.424,0,116.695,85.7404,0,85.7404,100,0,4
10,egress,24,S08,0,switch,22,182.424,65.7293,65.7293,0,65.7293,0,100,0,0
10,egress,24,S08,3,terminal,49,1000,0,4.93817,0,85.7404,85.7404,100,0,0
10,egress,25,S16,1,switch,20,119.9,0,19.9,100,0,100,100,220.855,2
10,egress,25,S16,1,switch,20,119.9,100,100,0,100,0,100,0,0
10,egress,25,S16,2,switch,35,135.775,0,18.5184,0,0,0,100,0,0
10,egress,25,S16,3,terminal,50,1000,0,18.5184,0,0,0,100,0,0
10,egress,25,S16,4,terminal,51,1000,0,144.786,0,0,0,100,0,0
10,egress,26,S33,0,switch,3,174.708,0,74.708,100,0,100,100,137.963,3
10,egress,26,S33,0,switch,3,174.708,100,100,0,100,0,100,0,0
10,egress,26,S33,4,terminal,52,1000,0,298.921,0,100,100,100,0,0
10,egress,27,S09,0,switch,24,129.629,0,129.629,100,0,100,100,131.304,3
10,egress,27,S09,1,switch,2,200.787,0,18.5184,0,100,100,100,0,0
10,egress,27,S09,2,switch,7,126.429,0,26.429,0,100,100,100,230.431,0
10,egress,27,S09,2,switch,7,126.429,100,100,0,100,0,100,0,0
10,egress,27,S09,3,terminal,54,1000,0,33.497,0,100,100,100,0,0
10,egress,27,S09,4,terminal,55,1000,0,113.506,0,100,100,100,0,0
10,egress,28,S12,0,switch,16,293.496,0,158.407,0,100,100,100,0,0
10,egress,28,S12,2,switch,20,296.117,0,296.117,100,0,100,100,95.6292,1
10,egress,29,S13,0,switch,11,202.575,0,102.575,100,0,100,100,85.473,1
10,egress,29,S13,0,switch,11,202.575,100,100,0,100,0,100,0,0
10,egress,3,S27,0,switch,0,119.129,0,119.129,31.5627,0,31.5627,100,0,1
10,egress,3,S27,1,switch,42,234.552,0,24.7887,0,0,0,100,0,0
10,egress,3,S27,2,switch,49,266.441,0,135.267,0,0,0,100,0,0
10,egress,3,S27,3,switch,45,296.659,0,174.146,0,0,0,100,0,0
10,egress,3,S27,3,switch,45,296.659,100,100,0,100,0,100,0,0
10,egress,3,S27,5,terminal,6,1000,0,30.0725,0,0,0,100,0,0
10,egress,30,S14,0,switch,29,288.048,100,100,0,100,0,100,0,0
10,egress,30,S14,1,switch,20,100.691,0,100.691,67.4115,0,67.4115,100,0,2
10,egress,30,S14,3,terminal,60,1000,0,254.167,0,0,0,100,0,0
10,egress,31,S62,1,switch,30,134.823,0,134.472,0,0,0,100,0,0
10,egress,31,S62,3,switch,5,238.676,100,100,0,100,0,100,0,0
10,egress,32,S21,0,switch,42,146.462,100,100,0,100,0,100,0,0
10,egress,32,S21,1,switch,43,261.425,0,114.54,0,0,0,100,0,0
10,egress,32,S21,2,switch,9,260.623,0,201.504,0,0,0,100,0,0
10,egress,33,S34,0,switch,26,235.741,0,229.66,0,0,0,100,0,0
10,egress,34,S57,0,switch,20,180.835,0,80.835,100,0,100,100,34.6843,2
10,egress,34,S57,0,switch,20,180.835,100,100,0,100,0,100,0,0
10,egress,34,S57,3,terminal,68,1000,0,119.189,0,0,0,100,0,0
10,egress,34,S57,4,terminal,69,1000,0,51.652,0,0,0,100,0,0
10,egress,35,S17,0,switch,25,277.107,0,82.4387,0,0,0,100,0,0
10,egress,35,S17,0,switch,25,277.107,100,100,0,100,0,100,0,0
10,egress,35,S17,2,switch,37,246.878,0,62.0038,0,0,0,100,0,0
10,egress,35,S17,4,terminal,70,1000,0,184.767,0,0,0,100,0,0
10,egress,36,S18,0,switch,35,247.316,0,247.316,100,0,100,100,25.2834,1
10,egress,36,S18,2,switch,40,242.342,0,242.342,0,100,100,100,0,0
10,egress,36,S18,5,terminal,73,1000,0,73.6329,0,100,100,100,0,0
10,egress,37,S32,0,switch,0,103.31,0,65.8907,89.1554,0,89.1554,100,0,5
10,egress,37,S32,0,switch,0,103.31,37.4193,37.4193,0,37.4193,0,100,0,0
10,egress,37,S32,1,switch,35,254.068,0,34.4367,0,0,0,100,0,0
10,egress,37,S32,2,switch,40,118.456,0,118.456,10.8446,89.1554,100,100,113.832,1
10,egress,37,S32,4,switch,26,298.921,62.5807,62.5807,0,100,37.4193,100,0,0
10,egress,37,S32,6,switch,55,286.166,0,93.6102,0,89.1554,89.1554,100,0,0
10,egress,37,S32,8,terminal,75,1000,0,246.878,0,89.1554,89.1554,100,0,0
10,egress,38,S42,0,switch,42,176.64,0,76.64,9.51772,0,9.51772,100,0,1
10,egress,38,S42,0,switch,42,176.64,100,100,0,100,0,100,0,0
10,egress,38,S42,1,switch,40,122.733,0,115.484,0,9.51772,9.51772,100,0,0
10,egress,38,S42,2,switch,59,146.129,0,71.5013,0,0,0,100,0,0
10,egress,38,S42,5,terminal,77,1000,0,20.7675,0,0,0,100,0,0
10,egress,39,S19,0,switch,36,204.72,0,104.72,25.6097,0,25.6097,100,0,2
10,egress,39,S19,0,switch,36,204.72,100,100,0,100,0,100,0,0
10,egress,39,S19,2,terminal,78,1000,0,99.284,0,25.6097,25.6097,100,0,0
10,egress,39,S19,3,terminal,79,1000,0,63.5945,0,25.6097,25.6097,100,0,0
10,egress,4,S37,0,switch,0,203.508,0,7.12278,0,0,0,100,0,0
10,egress,4,S37,0,switch,0,203.508,100,100,0,100,0,100,0,0
10,egress,4,S37,2,switch,56,222.018,0,144.705,0,0,0,100,0,0
10,egress,4,S37,3,switch,50,165.152,0,1.10333,0,0,0,100,0,0
10,egress,4,S37,5,terminal,9,1000,0,34.4105,0,0,0,100,0,0
10,egress,40,S29,0,switch,36,264.754,0,68.5715,0,100,100,100,0,0
10,egress,40,S29,1,switch,45,131.396,0,131.396,100,0,100,100,79.5175,1
10,egress,40,S29,2,switch,52,207.828,100,100,0,100,0,100,0,0
10,egress,40,S29,3,switch,38,184.858,0,109.864,0,100,100,100,0,0
10,egress,40,S29,4,switch,21,163.928,0,82.4747,0,100,100,100,0,0
10,egress,41,S49,0,switch,11,188.868,0,183.34,0,0,0,100,0,0
10,egress,41,S49,1,switch,36,220.166,0,59.5875,0,0,0,100,0,0
10,egress,41,S49,5,switch,48,181.228,100,100,0,100,0,100,0,0
10,egress,42,S20,0,switch,39,264.967,0,73.231,0,0,0,100,0,0
10,egress,42,S20,1,switch,32,241.877,0,211.866,0,0,0,100,0,0
10,egress,42,S20,2,switch,3,251.806,0,98.606,0,0,0,100,0,0
10,egress,42,S20,2,switch,3,251.806,100,100,0,100,0,100,0,0
10,egress,42,S20,3,switch,14,182.917,0,88.32,0,0,0,100,0,0
10,egress,42,S20,4,switch,10,119.666,0,73.231,0,0,0,100,0,0
10,egress,42,S20,5,terminal,84,1000,0,279.867,0,0,0,100,0,0
10,egress,43,S22,0,switch,0,203.304,100,0,100,100,100,100,0,1
10,egress,43,S22,0,switch,0,203.304,100,125.8,100,100,100,100,0,1
10,egress,43,S22,1,switch,39,234.56,0,144.845,0,100,100,100,0,0
10,egress,43,S22,4,switch,45,155.693,0,155.693,0,100,100,100,2.38727,0
10,egress,43,S22,6,terminal,87,1000,0,143.117,0,100,100,100,0,0
10,egress,44,S23,0,switch,43,211.017,0,210.285,0,0,0,100,0,0
10,egress,44,S23,1,switch,46,260.38,0,90.8395,0,0,0,100,0,0
10,egress,44,S23,3,terminal,89,1000,0,128.143,0,0,0,100,0,0
10,egress,45,S28,0,switch,15,170.054,0,59.5767,0,0,0,100,0,0
10,egress,45,S28,0,switch,15,170.054,100,100,0,100,0,100,0,0
10,egress,45,S28,4,switch,40,130.054,0,130.054,100,0,100,100,9.75171,1
10,egress,45,S28,5,switch,18,198.318,0,87.5672,0,100,100,100,0,0
10,egress,45,S28,7,terminal,90,1000,0,56.8533,0,100,100,100,0,0
10,egress,46,S24,0,switch,27,256.86,0,251.759,0,100,100,100,0,0
10,egress,46,S24,3,switch,48,198.106,0,98.106,100,0,100,100,62.274,1
10,egress,46,S24,3,switch,48,198.106,100,100,0,100,0,100,0,0
10,egress,46,S24,5,terminal,93,1000,0,39.9734,0,100,100,100,0,0
10,egress,47,S25,0,switch,46,291.732,0,235.177,0,0,0,100,0,0
10,egress,47,S25,0,switch,46,291.732,39.9734,39.9734,0,39.9734,0,100,0,0
10,egress,47,S25,1,switch,49,203.648,0,110.922,0,0,0,100,0,0
10,egress,47,S25,3,switch,50,105.625,0,44.276,0,0,0,100,0,0
10,egress,47,S25,3,switch,50,105.625,60.0266,60.0266,0,100,39.9734,100,0,0
10,egress,47,S25,6,terminal,95,1000,0,32.1517,0,0,0,100,0,0
10,egress,48,S50,0,switch,46,141.711,0,141.711,0,100,100,100,58.0351,0
10,egress,48,S50,2,switch,58,290.959,86.8503,86.8503,0,86.8503,0,100,0,0
10,egress,48,S50,3,switch,10,118.54,0,118.54,100,0,100,100,98.106,1
10,egress,48,S50,4,terminal,96,1000,0,75.9489,0,100,100,100,0,0
10,egress,48,S50,5,terminal,97,1000,0,181.228,0,100,100,100,0,0
10,egress,49,S26,0,switch,43,126.404,0,71.1295,0,62.8358,62.8358,100,0,0
10,egress,49,S26,1,switch,47,132.828,0,32.828,62.8358,0,62.8358,100,0,1
10,egress,49,S26,1,switch,47,132.828,100,100,0,100,0,100,0,0
10,egress,49,S26,3,terminal,98,1000,0,39.8758,0,62.8358,62.8358,100,0,0
10,egress,5,S63,0,switch,0,259.679,0,159.679,100,0,100,100,66.3282,2
10,egress,5,S63,0,switch,0,259.679,100,100,0,100,0,100,0,0
10,egress,5,S63,1,switch,14,280.605,0,51.017,0,100,100,100,0,0
10,egress,5,S63,3,terminal,10,1000,0,51.017,0,100,100,100,0,0
10,egress,50,S38,0,switch,25,175.944,0,175.944,48.8892,51.1108,100,100,140.139,2
10,egress,50,S38,1,switch,47,143.074,0,43.074,51.1108,0,51.1108,100,0,1
10,egress,50,S38,1,switch,47,143.074,100,100,0,100,0,100,0,0
10,egress,50,S38,4,switch,13,269.258,0,50.9502,0,100,100,100,0,0
10,egress,50,S38,7,terminal,101,1000,0,152.38,0,0,0,100,0,0
10,egress,51,S48,0,switch,57,201.033,0,200.51,0,0,0,100,0,0
10,egress,51,S48,1,switch,41,119.175,0,118.865,0,0,0,100,0,0
10,egress,51,S48,2,terminal,102,1000,0,100,0,0,0,100,0,0
10,egress,52,S30,0,switch,28,196.927,0,96.927,74.3728,25.6272,100,100,36.5282,2
10,egress,52,S30,0,switch,28,196.927,100,100,0,100,0,100,0,0
10,egress,52,S30,1,switch,40,109.864,0,109.864,25.6272,0,25.6272,100,0,2
10,egress,52,S30,2,switch,54,164.752,0,59.9797,0,25.6272,25.6272,100,0,0
10,egress,52,S30,3,switch,13,157.989,0,59.9797,0,0,0,100,0,0
10,egress,52,S30,5,terminal,105,1000,0,75.5115,0,25.6272,25.6272,100,0,0
10,egress,53,S55,0,switch,15,170.836,0,134.048,36.9793,0,36.9793,100,0,2
10,egress,53,S55,0,switch,15,170.836,36.788,36.788,0,36.788,0,100,0,0
10,egress,53,S55,6,terminal,107,1000,0,56.4325,0,0,0,100,0,0
10,egress,54,S31,0,switch,52,115.713,0,115.713,100,0,100,100,14.422,1
10,egress,54,S31,1,switch,37,242.335,0,231.836,0,100,100,100,37.696,0
10,egress,54,S31,1,switch,37,242.335,10.4988,10.4988,0,10.4988,0,100,0,0
10,egress,55,S60,0,switch,44,280.017,0,65.493,0,0,0,100,0,0
10,egress,55,S60,0,switch,44,280.017,75.3775,75.3775,0,75.3775,0,100,0,0
10,egress,55,S60,1,switch,37,243.133,0,140.378,0,0,0,100,0,0
10,egress,55,S60,1,switch,37,243.133,24.6225,24.6225,0,100,75.3775,100,0,0
10,egress,55,S60,5,terminal,111,1000,0,79.939,0,0,0,100,0,0
10,egress,56,S36,0,switch,27,231.665,0,90.4227,0,0,0,100,0,0
10,egress,56,S36,0,switch,27,231.665,100,100,0,100,0,100,0,0
10,egress,56,S36,2,switch,4,112.305,0,112.305,13.821,0,13.821,100,0,1
10,egress,56,S36,4,terminal,112,1000,0,181.603,0,13.821,13.821,100,0,0
10,egress,57,S47,0,switch,52,179.939,0,79.939,100,0,100,100,22.0914,3
10,egress,57,S47,0,switch,52,179.939,100,100,0,100,0,100,0,0
10,egress,57,S47,1,switch,50,259.289,0,164.922,0,0,0,100,0,0
10,egress,58,S51,0,switch,54,230.135,100,100,0,100,0,100,0,0
10,egress,58,S51,4,switch,62,214.158,0,214.158,100,0,100,100,76.801,1
10,egress,59,S41,0,switch,13,132.99,0,32.99,65.743,0,65.743,100,0,2
10,egress,59,S41,0,switch,13,132.99,100,100,0,100,0,100,0,0
10,egress,59,S41,1,switch,38,116.009,0,6.38049,0,65.743,65.743,100,0,0
10,egress,59,S41,3,terminal,119,1000,0,205.458,0,65.743,65.743,100,0,0
10,egress,6,S02,0,switch,1,138.732,0,115.374,0,0,0,100,0,0
10,egress,6,S02,3,switch,13,194.048,0,89.4544,0,0,0,100,0,0
10,egress,6,S02,3,switch,13,194.048,100,100,0,100,0,100,0,0
10,egress,6,S02,4,terminal,12,1000,0,117.434,0,0,0,100,0,0
10,egress,6,S02,5,terminal,13,1000,0,11.6195,0,0,0,100,0,0
10,egress,60,S44,1,switch,7,207.424,100,100,0,100,0,100,0,0
10,egress,60,S44,2,terminal,120,1000,0,44.8752,0,0,0,100,0,0
10,egress,60,S44,3,terminal,121,1000,0,100.637,0,0,0,100,0,0
10,egress,61,S46,0,switch,7,136.971,11.5058,0,11.5058,100,100,100,0,2
10,egress,61,S46,1,switch,57,199.213,0,109.109,0,11.5058,11.5058,100,0,0
10,egress,61,S46,1,switch,57,199.213,88.4942,88.4942,0,100,11.5058,100,0,0
10,egress,61,S46,2,terminal,122,1000,0,0.224839,0,11.5058,11.5058,100,0,0
10,egress,62,S56,1,switch,34,238.377,0,126.364,0,0,0,100,0,0
10,egress,62,S56,1,switch,34,238.377,100,100,0,100,0,100,0,0
10,egress,63,S54,0,switch,15,172.792,0,99.4512,0,0,0,100,0,0
10,egress,63,S54,1,switch,21,203.653,100,100,0,100,0,100,0,0
10,egress,63,S54,3,terminal,126,1000,0,127.537,0,0,0,100,0,0
10,egress,7,S45,0,switch,27,292,0,292,0,100,100,100,64.9318,0
10,egress,7,S45,1,switch,60,100.637,100,100,0,100,0,100,0,0
10,egress,7,S45,2,switch,61,100.666,0,100.666,100,0,100,100,69.9725,1
10,egress,7,S45,3,terminal,14,1000,0,80.294,0,100,100,100,0,0
10,egress,7,S45,4,terminal,15,1000,0,63.2145,0,0,0,100,0,0
10,egress,8,S52,0,switch,1,255.562,0,135.327,0,0,0,100,0,0
10,egress,8,S52,0,switch,1,255.562,99.655,99.655,0,99.655,0,100,0,0
10,egress,8,S52,1,switch,39,291.042,0,34.7431,0,0,0,100,0,0
10,egress,9,S59,0,switch,1,295.318,0,146.621,0,7.26036,7.26036,100,0,0
10,egress,9,S59,1,switch,32,232.452,0,166.058,0,7.26036,7.26036,100,0,0
10,egress,9,S59,3,switch,14,127.005,0,127.005,7.26036,0,7.26036,100,0,1
10,egress,9,S59,4,switch,55,140.378,0,140.378,0,7.26036,7.26036,100,0,0
10,egress,9,S59,5,terminal,18,1000,0,395.412,0,7.26036,7.26036,100,0,0
10,egress,9,S59,6,terminal,19,1000,0,48.8975,0,7.26036,7.26036,100,0,0
11,egress,0,S00,0,switch,1,183.324,0,9.12153,0,0,0,100,0,0
11,egress,0,S00,0,switch,1,183.324,83.3967,83.3967,0,100,16.6033,100,0,0
11,egress,0,S00,1,switch,2,106.121,0,89.5177,78.1752,21.8248,100,100,322.422,2
11,egress,0,S00,1,switch,2,106.121,16.6033,16.6033,0,16.6033,0,100,0,0
11,egress,0,S00,2,switch,3,149.8,0,149.8,21.8248,0,21.8248,100,0,2
11,egress,0,S00,3,switch,4,180.219,0,71.8402,0,100,100,100,0,0
11,egress,0,S00,4,switch,5,102.034,0,43.0804,0,21.8248,21.8248,100,0,0
11,egress,0,S00,6,terminal,1,1000,0,94.3403,0,0,0,100,0,0
11,egress,1,S01,0,switch,0,159.728,0,111.329,16.3055,38.4098,54.7154,100,0,1
11,egress,1,S01,0,switch,0,159.728,48.3988,48.3988,0,100,51.6012,100,0,0
11,egress,1,S01,1,switch,6,265.041,0,213.44,38.4098,0,38.4098,100,0,1
11,egress,1,S01,1,switch,6,265.041,51.6012,51.6012,0,51.6012,0,100,0,0
11,egress,1,S01,2,switch,7,132.025,0,132.025,45.2846,54.7154,100,100,48.7051,1
11,egress,1,S01,3,switch,8,206.324,0,45.7862,0,0,0,100,0,0
11,egress,1,S01,6,terminal,2,1000,0,34.794,0,0,0,100,0,0
11,egress,1,S01,7,terminal,3,1000,0,85.02,0,0,0,100,0,0
11,egress,10,S61,0,switch,1,227.172,0,33.2469,0,0,0,100,0,0
11,egress,10,S61,3,switch,48,228.478,0,73.231,0,0,0,100,0,0
11,egress,10,S61,4,switch,55,207.652,0,59.27,0,0,0,100,0,0
11,egress,10,S61,5,switch,31,158.461,0,92.5169,0,0,0,100,0,0
11,egress,11,S03,0,switch,6,132.338,0,32.338,100,0,100,100,163.23,2
11,egress,11,S03,0,switch,6,132.338,100,100,0,100,0,100,0,0
11,egress,11,S03,1,switch,12,213.202,0,102.575,0,100,100,100,0,0
11,egress,11,S03,2,switch,14,127.424,0,127.424,0,100,100,100,155.916,0
11,egress,11,S03,3,switch,10,279.727,0,57.7247,0,0,0,100,0,0
11,egress,11,S03,5,terminal,23,1000,0,28.8623,0,100,100,100,0,0
11,egress,12,S04,0,switch,6,184.169,0,107.224,0,100,100,100,0,0
11,egress,12,S04,1,switch,11,186.587,0,105.454,100,0,100,100,23.0311,4
11,egress,12,S04,1,switch,11,186.587,81.1334,81.1334,0,81.1334,0,100,0,0
11,egress,13,S40,0,switch,6,162.644,0,142.402,21.8403,0,21.8403,100,0,2
11,egress,13,S40,0,switch,6,162.644,20.2421,20.2421,0,20.2421,0,100,0,0
11,egress,13,S40,1,switch,52,151.023,0,151.023,36.0361,21.8403,57.8765,100,0,2
11,egress,13,S40,3,switch,23,211.313,0,105.949,0,21.8403,21.8403,100,0,0
11,egress,13,S40,4,switch,59,239.712,0,150.95,0,57.8765,57.8765,100,0,0
11,egress,13,S40,4,switch,59,239.712,79.7579,79.7579,0,100,20.2421,100,0,0
11,egress,13,S40,6,terminal,27,1000,0,244.457,0,0,0,100,0,0
11,egress,14,S58,0,switch,11,169.38,0,88.32,0,0,0,100,0,0
11,egress,14,S58,1,switch,42,232.511,0,109.141,0,0,0,100,0,0
11,egress,14,S58,2,switch,34,224.263,0,187.163,0,0,0,100,0,0
11,egress,14,S58,5,terminal,28,1000,0,9.14133,0,0,0,100,0,0
11,egress,15,S05,0,switch,12,134.869,0,52.6598,68.097,31.903,100,100,60.1182,2
11,egress,15,S05,0,switch,12,134.869,82.2092,82.2092,0,100,17.7908,100,0,0
11,egress,15,S05,1,switch,19,212.416,0,57.1907,0,31.903,31.903,100,0,0
11,egress,15,S05,2,switch,20,256.175,17.7908,0,17.7908,17.7908,17.7908,100,0,2
11,egress,15,S05,2,switch,20,256.175,17.7908,256.175,31.903,17.7908,31.903,100,0,4
11,egress,15,S05,3,switch,21,137.945,0,63.1881,0,100,100,100,0,0
11,egress,16,S11,0,switch,12,200.84,0,200.84,0,100,100,100,95.2483,0
11,egress,16,S11,1,switch,2,104.704,0,4.704,100,0,100,100,53.7029,1
11,egress,16,S11,1,switch,2,104.704,100,100,0,100,0,100,0,0
11,egress,16,S11,3,terminal,32,1000,0,48.2592,0,100,100,100,0,0
11,egress,17,S35,0,switch,33,196.155,29.066,29.066,0,100,70.934,100,0,0
11,egress,17,S35,1,switch,56,252.252,0,173.295,0,0,0,100,0,0
11,egress,17,S35,2,switch,23,169.342,70.934,70.934,0,70.934,0,100,0,0
11,egress,18,S43,0,switch,38,157.659,0,44.3416,0,0,0,100,0,0
11,egress,18,S43,0,switch,38,157.659,100,100,0,100,0,100,0,0
11,egress,18,S43,1,switch,60,132.709,0,51.5188,0,0,0,100,0,0
11,egress,18,S43,2,terminal,36,1000,0,36.0484,0,0,0,100,0,0
11,egress,19,S06,0,switch,15,170.98,0,3.59798,0,100,100,100,0,0
11,egress,19,S06,1,switch,22,210.644,0,28.1707,0,100,100,100,0,0
11,egress,19,S06,2,switch,23,267,100,0,100,100,100,100,0,2
11,egress,19,S06,3,switch,10,169.014,0,167.748,0,100,100,100,0,0
11,egress,19,S06,5,terminal,39,1000,0,3.59798,0,100,100,100,0,0
11,egress,2,S10,0,switch,27,137.994,0,128.899,0,0,0,100,0,0
11,egress,2,S10,1,switch,16,243.793,0,47.1394,0,0,0,100,0,0
11,egress,2,S10,2,terminal,4,1000,0,100.904,0,0,0,100,0,0
11,egress,20,S15,2,switch,30,254.167,0,156.777,0,0,0,100,0,0
11,egress,20,S15,3,switch,25,274.153,0,128.088,0,93.809,93.809,100,0,0
11,egress,20,S15,4,switch,32,143.593,0,128.646,0,0,0,100,0,0
11,egress,20,S15,5,switch,33,232.696,0,50.3455,0,93.809,93.809,100,0,0
11,egress,20,S15,6,switch,13,232.721,0,132.721,93.809,0,93.809,100,0,4
11,egress,20,S15,6,switch,13,232.721,100,100,0,100,0,100,0,0
11,egress,20,S15,7,switch,34,204.798,0,148.059,0,0,0,100,0,0
11,egress,20,S15,9,terminal,41,1000,0,243.919,0,0,0,100,0,0
11,egress,21,S53,1,switch,40,137.143,0,66.0701,0,0,0,100,0,0
11,egress,21,S53,1,switch,40,137.143,5.01381,5.01381,0,5.01381,0,100,0,0
11,egress,21,S53,5,terminal,42,1000,0,182.475,0,0,0,100,0,0
11,egress,22,S07,0,switch,19,118.259,0,43.1971,75.0619,24.9381,100,100,44.5631,5
11,egress,22,S07,0,switch,19,118.259,75.0619,75.0619,0,100,24.9381,100,0,0
11,egress,22,S07,2,switch,25,128.19,0,43.1843,0,100,100,100,0,0
11,egress,22,S07,3,switch,26,124.406,24.9381,0,24.9381,24.9381,24.9381,100,0,1
11,egress,22,S07,3,switch,26,124.406,24.9381,124.406,24.9381,100,100,100,117.116,1
11,egress,22,S07,4,terminal,44,1000,0,4.93817,0,100,100,100,0,0
11,egress,23,S39,1,switch,56,105.799,0,35.6636,0,93.181,93.181,100,0,0
11,egress,23,S39,3,switch,13,140.319,0,40.319,93.181,0,93.181,100,0,1
11,egress,23,S39,3,switch,13,140.319,100,100,0,100,0,100,0,0
11,egress,23,S39,4,switch,58,247.444,0,169.342,0,93.181,93.181,100,0,0
11,egress,23,S39,5,terminal,46,1000,0,5.952,0,93.181,93.181,100,0,0
11,egress,23,S39,6,terminal,47,1000,0,133.5,0,93.181,93.181,100,0,0
11,egress,24,S08,0,switch,22,182.424,85.7404,0,85.7404,85.7404,85.7404,100,0,4
11,egress,24,S08,0,switch,22,182.424,85.7404,166.314,85.7404,85.7404,85.7404,100,0,4
11,egress,24,S08,3,terminal,49,1000,0,25.6855,0,85.7404,85.7404,100,0,0
11,egress,25,S16,0,switch,22,153.62,0,82.4387,0,0,0,100,0,0
11,egress,25,S16,1,switch,20,119.9,0,19.9,100,0,100,100,100.808,2
11,egress,25,S16,1,switch,20,119.9,100,100,0,100,0,100,0,0
11,egress,25,S16,2,switch,35,135.775,0,18.5184,0,100,100,100,0,0
11,egress,25,S16,3,terminal,50,1000,0,18.5184,0,100,100,100,0,0
11,egress,25,S16,4,terminal,51,1000,0,116.519,0,100,100,100,0,0
11,egress,26,S33,0,switch,3,174.708,0,74.708,100,0,100,100,214.112,4
11,egress,26,S33,0,switch,3,174.708,100,100,0,100,0,100,0,0
11,egress,26,S33,4,terminal,52,1000,0,62.5807,0,0,0,100,0,0
11,egress,27,S09,0,switch,24,129.629,100,0,100,100,100,100,0,3
11,egress,27,S09,0,switch,24,129.629,100,0,100,100,100,100,238.328,3
11,egress,27,S09,1,switch,2,200.787,0,165.864,0,100,100,100,0,0
11,egress,27,S09,2,switch,7,126.429,0,90.4227,0,100,100,100,0,0
11,egress,27,S09,3,terminal,54,1000,0,251.759,0,100,100,100,0,0
11,egress,27,S09,4,terminal,55,1000,0,60.122,0,100,100,100,0,0
11,egress,28,S12,1,switch,29,167.904,0,48.4635,0,0,0,100,0,0
11,egress,28,S12,2,switch,20,296.117,0,109.469,0,0,0,100,0,0
11,egress,28,S12,2,switch,20,296.117,100,100,0,100,0,100,0,0
11,egress,28,S12,3,terminal,56,1000,0,48.4635,0,0,0,100,0,0
11,egress,29,S13,0,switch,11,202.575,100,0,100,100,100,100,0,1
11,egress,29,S13,0,switch,11,202.575,100,100,100,100,100,100,0,1
11,egress,3,S27,0,switch,0,119.129,0,87.5663,100,0,100,100,0.753702,2
11,egress,3,S27,0,switch,0,119.129,31.5627,31.5627,0,31.5627,0,100,0,0
11,egress,3,S27,1,switch,42,234.552,0,12.4513,0,100,100,100,0,0
11,egress,3,S27,2,switch,49,266.441,0,112.254,0,0,0,100,0,0
11,egress,3,S27,3,switch,45,296.659,0,122.737,0,100,100,100,0,0
11,egress,3,S27,5,terminal,6,1000,0,49.9013,0,100,100,100,0,0
11,egress,3,S27,6,terminal,7,1000,0,37.45,0,0,0,100,0,0
11,egress,30,S14,1,switch,20,100.691,0,33.2795,100,0,100,100,51.8003,2
11,egress,30,S14,1,switch,20,100.691,67.4115,67.4115,0,67.4115,0,100,0,0
11,egress,30,S14,3,terminal,60,1000,0,41.3346,0,0,0,100,0,0
11,egress,30,S14,4,terminal,61,1000,0,31.3062,0,0,0,100,0,0
11,egress,31,S62,1,switch,30,134.823,0,50.8017,0,0,0,100,0,0
11,egress,32,S21,2,switch,9,260.623,0,260.623,91.466,0,91.466,100,0,2
11,egress,32,S21,3,terminal,64,1000,0,166.058,0,91.466,91.466,100,0,0
11,egress,33,S34,0,switch,26,235.741,0,235.741,100,0,100,100,31.1821,1
11,egress,34,S57,0,switch,20,180.835,0,80.835,100,0,100,100,47.2103,2
11,egress,34,S57,0,switch,20,180.835,100,100,0,100,0,100,0,0
11,egress,34,S57,1,switch,62,192.101,0,46.5442,0,100,100,100,0,0
11,egress,34,S57,3,terminal,68,1000,0,119.189,0,100,100,100,0,0
11,egress,34,S57,4,terminal,69,1000,0,61.3307,0,100,100,100,0,0
11,egress,35,S17,0,switch,25,277.107,0,234.113,0,0,0,100,0,0
11,egress,35,S17,4,terminal,70,1000,0,66.1584,0,0,0,100,0,0
11,egress,36,S18,0,switch,35,247.316,0,147.316,71.4301,0,71.4301,100,0,3
11,egress,36,S18,0,switch,35,247.316,100,100,0,100,0,100,0,0
11,egress,36,S18,2,switch,40,242.342,0,66.6519,0,0,0,100,0,0
11,egress,36,S18,3,switch,41,132.08,0,68.5715,0,0,0,100,0,0
11,egress,36,S18,5,terminal,73,1000,0,50.1286,0,0,0,100,0,0
11,egress,37,S32,0,switch,0,103.31,0,14.1546,100,0,100,100,26.7271,5
11,egress,37,S32,0,switch,0,103.31,89.1554,89.1554,0,100,10.8446,100,0,0
11,egress,37,S32,1,switch,35,254.068,0,47.756,0,0,0,100,0,0
11,egress,37,S32,2,switch,40,118.456,0,24.6225,0,100,100,100,0,0
11,egress,37,S32,2,switch,40,118.456,10.8446,10.8446,0,10.8446,0,100,0,0
11,egress,37,S32,4,switch,26,298.921,0,140.378,0,100,100,100,0,0
11,egress,37,S32,5,switch,7,109.432,0,10.4988,0,0,0,100,0,0
11,egress,37,S32,6,switch,55,286.166,0,84.5761,0,100,100,100,0,0
11,egress,37,S32,8,terminal,75,1000,0,62.0038,0,100,100,100,0,0
11,egress,38,S42,0,switch,42,176.64,0,167.122,71.5712,0,71.5712,100,0,3
11,egress,38,S42,0,switch,42,176.64,9.51772,9.51772,0,9.51772,0,100,0,0
11,egress,38,S42,1,switch,40,122.733,0,6.38049,0,0,0,100,0,0
11,egress,38,S42,2,switch,59,146.129,0,28.8295,0,0,0,100,0,0
11,egress,39,S19,0,switch,36,204.72,0,179.11,100,0,100,100,4.59418,4
11,egress,39,S19,0,switch,36,204.72,25.6097,25.6097,0,25.6097,0,100,0,0
11,egress,39,S19,1,switch,42,146.524,0,70.339,0,100,100,100,0,0
11,egress,39,S19,3,terminal,79,1000,0,34.7431,0,0,0,100,0,0
11,egress,4,S37,0,switch,0,203.508,0,27.4859,0,0,0,100,0,0
11,egress,4,S37,1,switch,47,208.301,0,20.8448,0,0,0,100,0,0
11,egress,4,S37,2,switch,56,222.018,0,26.9446,0,0,0,100,0,0
11,egress,4,S37,3,switch,50,165.152,0,88.2853,0,0,0,100,0,0
11,egress,4,S37,4,terminal,8,1000,0,112.305,0,0,0,100,0,0
11,egress,4,S37,5,terminal,9,1000,0,40.7756,0,0,0,100,0,0
11,egress,40,S29,0,switch,36,264.754,0,118.703,0,0,0,100,0,0
11,egress,40,S29,1,switch,45,131.396,0,31.396,100,0,100,100,184.318,2
11,egress,40,S29,1,switch,45,131.396,100,100,0,100,0,100,0,0
11,egress,40,S29,2,switch,52,207.828,0,207.828,0,100,100,100,40.682,0
11,egress,40,S29,4,switch,21,163.928,0,115.484,0,100,100,100,0,0
11,egress,40,S29,6,terminal,80,1000,0,54.932,0,100,100,100,0,0
11,egress,41,S49,0,switch,11,188.868,0,124.358,0,0,0,100,0,0
11,egress,41,S49,1,switch,36,220.166,0,118.865,0,0,0,100,0,0
11,egress,42,S20,0,switch,39,264.967,0,124.789,0,0,0,100,0,0
11,egress,42,S20,1,switch,32,241.877,0,14.4147,0,0,0,100,0,0
11,egress,42,S20,2,switch,3,251.806,0,251.806,84.3395,0,84.3395,100,0,4
11,egress,42,S20,3,switch,14,182.917,0,84.8291,0,0,0,100,0,0
11,egress,42,S20,5,terminal,84,1000,0,100,0,0,0,100,0,0
11,egress,43,S22,0,switch,0,203.304,0,75.1005,0,44.0006,44.0006,100,0,0
11,egress,43,S22,0,switch,0,203.304,100,100,0,100,0,100,0,0
11,egress,43,S22,1,switch,39,234.56,0,234.56,44.0006,0,44.0006,100,0,1
11,egress,43,S22,4,switch,45,155.693,0,2.85437,0,44.0006,44.0006,100,0,0
11,egress,43,S22,6,terminal,87,1000,0,67.1237,0,44.0006,44.0006,100,0,0
11,egress,44,S23,0,switch,43,211.017,0,166.048,0,0,0,100,0,0
11,egress,44,S23,3,terminal,89,1000,0,140.87,0,0,0,100,0,0
11,egress,45,S28,0,switch,15,170.054,0,167.901,0,0,0,100,0,0
11,egress,45,S28,4,switch,40,130.054,0,30.054,69.946,0,69.946,100,0,1
11,egress,45,S28,4,switch,40,130.054,100,100,0,100,0,100,0,0
11,egress,45,S28,5,switch,18,198.318,0,183.983,0,0,0,100,0,0
11,egress,45,S28,6,switch,5,174.024,0,65.698,0,69.946,69.946,100,0,0
11,egress,45,S28,7,terminal,90,1000,0,145.856,0,69.946,69.946,100,0,0
11,egress,45,S28,8,terminal,91,1000,0,65.698,0,0,0,100,0,0
11,egress,46,S24,0,switch,27,256.86,0,186.598,0,100,100,100,0,0
11,egress,46,S24,3,switch,48,198.106,100,0,100,100,100,100,0,1
11,egress,46,S24,3,switch,48,198.106,100,90.8395,100,100,100,100,0,1
11,egress,46,S24,5,terminal,93,1000,0,230.263,0,100,100,100,0,0
11,egress,47,S25,0,switch,46,291.732,0,162.263,0,0,0,100,0,0
11,egress,47,S25,1,switch,49,203.648,0,100,0,0,0,100,0,0
11,egress,47,S25,6,terminal,95,1000,0,43.074,0,0,0,100,0,0
11,egress,48,S50,2,switch,58,290.959,0,98.106,0,0,0,100,0,0
11,egress,48,S50,3,switch,10,118.54,0,18.54,100,0,100,100,41.6191,2
11,egress,48,S50,3,switch,10,118.54,100,100,0,100,0,100,0,0
11,egress,48,S50,5,terminal,97,1000,0,100,0,0,0,100,0,0
11,egress,49,S26,0,switch,43,126.404,0,126.368,0,0,0,100,0,0
11,egress,49,S26,1,switch,47,132.828,0,46.8152,0,0,0,100,0,0
11,egress,49,S26,1,switch,47,132.828,62.8358,62.8358,0,62.8358,0,100,0,0
11,egress,49,S26,3,terminal,98,1000,0,199.374,0,0,0,100,0,0
11,egress,5,S63,0,switch,0,259.679,0,127.079,0,0,0,100,0,0
11,egress,5,S63,0,switch,0,259.679,100,100,0,100,0,100,0,0
11,egress,5,S63,1,switch,14,280.605,0,4.31207,0,0,0,100,0,0
11,egress,5,S63,3,terminal,10,1000,0,20.8448,0,0,0,100,0,0
11,egress,50,S38,0,switch,25,175.944,0,127.055,100,0,100,100,37.3508,2
11,egress,50,S38,0,switch,25,175.944,48.8892,48.8892,0,48.8892,0,100,0,0
11,egress,50,S38,1,switch,47,143.074,0,91.9632,0,100,100,100,41.4296,0
11,egress,50,S38,1,switch,47,143.074,51.1108,51.1108,0,100,48.8892,100,0,0
11,egress,50,S38,5,switch,57,190.285,0,44.276,0,0,0,100,0,0
11,egress,50,S38,7,terminal,101,1000,0,87.1292,0,0,0,100,0,0
11,egress,51,S48,0,switch,57,201.033,0,134.049,0,0,0,100,0,0
11,egress,51,S48,1,switch,41,119.175,0,119.175,0,0,0,100,0,0
11,egress,52,S30,0,switch,28,196.927,0,122.554,75.4193,0,75.4193,100,0,3
11,egress,52,S30,0,switch,28,196.927,74.3728,74.3728,0,100,25.6272,100,0,0
11,egress,52,S30,1,switch,40,109.864,0,84.2368,24.5807,75.4193,100,100,58.8068,2
11,egress,52,S30,1,switch,40,109.864,25.6272,25.6272,0,25.6272,0,100,0,0
11,egress,52,S30,2,switch,54,164.752,0,74.735,0,75.4193,75.4193,100,0,0
11,egress,52,S30,3,switch,13,157.989,0,26.6463,0,100,100,100,0,0
11,egress,52,S30,5,terminal,105,1000,0,59.7071,0,0,0,100,0,0
11,egress,53,S55,0,switch,15,170.836,0,128.318,0,0,0,100,0,0
11,egress,53,S55,0,switch,15,170.836,36.9793,36.9793,0,36.9793,0,100,0,0
11,egress,54,S31,0,switch,52,115.713,0,15.713,84.287,0,84.287,100,0,1
11,egress,54,S31,0,switch,52,115.713,100,100,0,100,0,100,0,0
11,egress,54,S31,1,switch,37,242.335,0,212.284,0,0,0,100,0,0
11,egress,55,S60,1,switch,37,243.133,0,140.378,0,0,0,100,0,0
11,egress,55,S60,5,terminal,111,1000,0,212.15,0,0,0,100,0,0
11,egress,56,S36,1,switch,17,225.221,0,85.2698,0,9.10879,9.10879,100,0,0
11,egress,56,S36,2,switch,4,112.305,0,98.484,9.10879,0,9.10879,100,0,1
11,egress,56,S36,2,switch,4,112.305,13.821,13.821,0,13.821,0,100,0,0
11,egress,56,S36,4,terminal,112,1000,0,227.953,0,9.10879,9.10879,100,0,0
11,egress,57,S47,0,switch,52,179.939,0,79.939,100,0,100,100,25.4645,3
11,egress,57,S47,0,switch,52,179.939,100,100,0,100,0,100,0,0
11,egress,57,S47,1,switch,50,259.289,0,253.277,0,100,100,100,0,0
11,egress,58,S51,4,switch,62,214.158,0,86.8503,0,0,0,100,0,0
11,egress,58,S51,4,switch,62,214.158,100,100,0,100,0,100,0,0
11,egress,59,S41,0,switch,13,132.99,0,67.247,70.1031,0,70.1031,100,0,2
11,egress,59,S41,0,switch,13,132.99,65.743,65.743,0,65.743,0,100,0,0
11,egress,59,S41,1,switch,38,116.009,0,79.1393,0,70.1031,70.1031,100,0,0
11,egress,59,S41,3,terminal,119,1000,0,239.712,0,70.1031,70.1031,100,0,0
11,egress,6,S02,0,switch,1,138.732,0,118.521,0,100,100,100,0,0
11,egress,6,S02,1,switch,11,173.682,0,116.858,0,100,100,100,0,0
11,egress,6,S02,3,switch,13,194.048,0,194.048,100,0,100,100,101.243,2
11,egress,6,S02,4,terminal,12,1000,0,67.9886,0,100,100,100,0,0
11,egress,60,S44,2,terminal,120,1000,0,78.132,0,0,0,100,0,0
11,egress,60,S44,3,terminal,121,1000,0,100,0,0,0,100,0,0
11,egress,61,S46,0,switch,7,136.971,11.5058,11.5058,0,11.5058,0,100,0,0
11,egress,61,S46,1,switch,57,199.213,0,166.219,0,0,0,100,0,0
11,egress,61,S46,3,terminal,123,1000,0,50.333,0,0,0,100,0,0
11,egress,62,S56,0,switch,53,164.993,0,164.993,49.165,0,49.165,100,0,2
11,egress,62,S56,1,switch,34,238.377,0,238.377,0,49.165,49.165,100,0,0
11,egress,63,S54,0,switch,15,172.792,0,126.703,0,0,0,100,0,0
11,egress,63,S54,3,terminal,126,1000,0,37.3568,0,0,0,100,0,0
11,egress,7,S45,0,switch,27,292,0,166.748,0,100,100,100,0,0
11,egress,7,S45,1,switch,60,100.637,0,100.637,0,100,100,100,19.5337,0
11,egress,7,S45,2,switch,61,100.666,0,0.666,100,0,100,100,99.334,2
11,egress,7,S45,2,switch,61,100.666,100,100,0,100,0,100,0,0
11,egress,7,S45,4,terminal,15,1000,0,26.429,0,100,100,100,0,0
11,egress,8,S52,0,switch,1,255.562,0,189.006,0,0,0,100,0,0
11,egress,8,S52,1,switch,39,291.042,0,11.8543,0,0,0,100,0,0
11,egress,8,S52,4,terminal,16,1000,0,37.3568,0,0,0,100,0,0
11,egress,9,S59,2,switch,21,160.744,0,120.939,0,47.8643,47.8643,100,0,0
11,egress,9,S59,3,switch,14,127.005,0,94.6974,0,47.8643,47.8643,100,0,0
11,egress,9,S59,3,switch,14,127.005,7.26036,7.26036,0,7.26036,0,100,0,0
11,egress,9,S59,4,switch,55,140.378,0,140.378,47.8643,0,47.8643,100,0,1
11,egress,9,S59,5,terminal,18,1000,0,192.912,0,47.8643,47.8643,100,0,0
11,egress,9,S59,6,terminal,19,1000,0,25.8746,0,47.8643,47.8643,100,0,0
12,egress,0,S00,0,switch,1,183.324,0,149.019,0,0,0,100,0,0
12,egress,0,S00,1,switch,2,106.121,0,27.9458,100,0,100,100,330.977,1
12,egress,0,S00,1,switch,2,106.121,78.1752,78.1752,0,100,21.8248,100,0,0
12,egress,0,S00,2,switch,3,149.8,0,53.6295,0,0,0,100,0,0
12,egress,0,S00,2,switch,3,149.8,21.8248,21.8248,0,21.8248,0,100,0,0
12,egress,0,S00,3,switch,4,180.219,0,55.148,0,0,0,100,0,0
12,egress,0,S00,4,switch,5,102.034,0,67.8557,0,0,0,100,0,0
12,egress,0,S00,6,terminal,1,1000,0,75.3459,0,0,0,100,0,0
12,egress,1,S01,0,switch,0,159.728,16.3055,0,16.3055,54.7154,54.7154,100,0,1
12,egress,1,S01,0,switch,0,159.728,16.3055,159.472,16.3055,54.7154,54.7154,100,0,1
12,egress,1,S01,1,switch,6,265.041,38.4098,0,38.4098,54.7154,54.7154,100,0,1
12,egress,1,S01,1,switch,6,265.041,38.4098,136.831,38.4098,54.7154,54.7154,100,0,1
12,egress,1,S01,2,switch,7,132.025,0,72.2019,0,54.7154,54.7154,100,0,0
12,egress,1,S01,2,switch,7,132.025,45.2846,45.2846,0,100,54.7154,100,0,0
12,egress,1,S01,3,switch,8,206.324,0,33.8351,0,54.7154,54.7154,100,0,0
12,egress,1,S01,6,terminal,2,1000,0,45.7862,0,54.7154,54.7154,100,0,0
12,egress,1,S01,7,terminal,3,1000,0,33.2469,0,54.7154,54.7154,100,0,0
12,egress,10,S61,0,switch,1,227.172,0,31.5679,0,30.3041,30.3041,100,0,0
12,egress,10,S61,4,switch,55,207.652,0,94.817,0,0,0,100,0,0
12,egress,10,S61,5,switch,31,158.461,0,158.461,30.3041,0,30.3041,100,0,1
12,egress,10,S61,7,terminal,21,1000,0,28.8623,0,30.3041,30.3041,100,0,0
12,egress,11,S03,0,switch,6,132.338,0,32.338,11.3117,0,11.3117,100,0,1
12,egress,11,S03,0,switch,6,132.338,100,100,0,100,0,100,0,0
12,egress,11,S03,1,switch,12,213.202,0,100,0,0,0,100,0,0
12,egress,11,S03,2,switch,14,127.424,0,124.358,0,0,0,100,0,0
12,egress,11,S03,3,switch,10,279.727,0,110.521,0,0,0,100,0,0
12,egress,11,S03,5,terminal,23,1000,0,281.244,0,0,0,100,0,0
12,egress,12,S04,0,switch,6,184.169,0,93.7006,0,100,100,100,0,0
12,egress,12,S04,1,switch,11,186.587,0,86.587,100,0,100,100,55.4214,3
12,egress,12,S04,1,switch,11,186.587,100,100,0,100,0,100,0,0
12,egress,12,S04,5,switch,18,178.427,0,102.575,0,100,100,100,0,0
12,egress,13,S40,0,switch,6,162.644,0,138.827,0,0,0,100,0,0
12,egress,13,S40,0,switch,6,162.644,21.8403,21.8403,0,57.8765,36.0361,100,0,0
12,egress,13,S40,1,switch,52,151.023,0,103.49,0,0,0,100,0,0
12,egress,13,S40,1,switch,52,151.023,36.0361,36.0361,0,36.0361,0,100,0,0
12,egress,13,S40,2,switch,50,160.169,0,123.413,0,0,0,100,0,0
12,egress,13,S40,3,switch,23,211.313,0,110.845,0,0,0,100,0,0
12,egress,13,S40,4,switch,59,239.712,0,58.73,0,0,0,100,0,0
12,egress,13,S40,5,terminal,26,1000,0,40.2214,0,0,0,100,0,0
12,egress,13,S40,6,terminal,27,1000,0,204.591,0,0,0,100,0,0
12,egress,14,S58,0,switch,11,169.38,0,84.8291,0,0,0,100,0,0
12,egress,14,S58,1,switch,42,232.511,0,63.712,0,0,0,100,0,0
12,egress,14,S58,2,switch,34,224.263,0,169.982,0,0,0,100,0,0
12,egress,15,S05,0,switch,12,134.869,0,46.9832,0,31.903,31.903,100,0,0
12,egress,15,S05,0,switch,12,134.869,68.097,68.097,0,100,31.903,100,0,0
12,egress,15,S05,1,switch,19,212.416,0,167.901,0,31.903,31.903,100,0,0
12,egress,15,S05,2,switch,20,256.175,31.903,0,31.903,100,100,100,0,4
12,egress,15,S05,2,switch,20,256.175,31.903,256.175,67.7281,31.903,67.7281,100,0,4
12,egress,16,S11,0,switch,12,200.84,0,137.545,0,0,0,100,0,0
12,egress,16,S11,1,switch,2,104.704,100,100,0,100,0,100,0,0
12,egress,16,S11,3,terminal,32,1000,0,2.60827,0,0,0,100,0,0
12,egress,17,S35,3,terminal,34,1000,0,85.2698,0,0,0,100,0,0
12,egress,18,S43,0,switch,38,157.659,0,147.108,0,0,0,100,0,0
12,egress,18,S43,1,switch,60,132.709,0,6.1826,0,0,0,100,0,0
12,egress,18,S43,2,terminal,36,1000,0,177.801,0,0,0,100,0,0
12,egress,19,S06,0,switch,15,170.98,0,33.7805,0,100,100,100,0,0
12,egress,19,S06,2,switch,23,267,100,0,100,100,100,100,0,2
12,egress,19,S06,3,switch,10,169.014,0,121.852,0,100,100,100,0,0
12,egress,19,S06,5,terminal,39,1000,0,19.8174,0,100,100,100,0,0
12,egress,2,S10,0,switch,27,137.994,0,137.994,18.5161,0,18.5161,100,0,1
12,egress,2,S10,1,switch,16,243.793,0,180.783,0,18.5161,18.5161,100,0,0
12,egress,2,S10,2,terminal,4,1000,0,59.6785,0,18.5161,18.5161,100,0,0
12,egress,20,S15,2,switch,30,254.167,0,98.8127,0,100,100,100,0,0
12,egress,20,S15,3,switch,25,274.153,0,160.036,0,100,100,100,0,0
12,egress,20,S15,4,switch,32,143.593,0,76.3264,0,100,100,100,0,0
12,egress,20,S15,5,switch,33,232.696,0,66.9852,0,0,0,100,0,0
12,egress,20,S15,6,switch,13,232.721,0,138.912,100,0,100,100,60.1092,3
12,egress,20,S15,6,switch,13,232.721,93.809,93.809,0,93.809,0,100,0,0
12,egress,20,S15,7,switch,34,204.798,0,109.469,0,100,100,100,0,0
12,egress,20,S15,9,terminal,41,1000,0,126.945,0,100,100,100,0,0
12,egress,21,S53,1,switch,40,137.143,0,65.698,0,0,0,100,0,0
12,egress,21,S53,3,switch,63,178.955,0,63.1881,0,0,0,100,0,0
12,egress,21,S53,5,terminal,42,1000,0,236.423,0,0,0,100,0,0
12,egress,22,S07,0,switch,19,118.259,0,43.1971,66.833,24.9381,91.7711,100,0,5
12,egress,22,S07,0,switch,19,118.259,75.0619,75.0619,0,100,24.9381,100,0,0
12,egress,22,S07,2,switch,25,128.19,0,78.2695,0,24.9381,24.9381,100,0,0
12,egress,22,S07,3,switch,26,124.406,24.9381,0,24.9381,24.9381,24.9381,100,0,1
12,egress,22,S07,3,switch,26,124.406,24.9381,0,33.167,91.7711,100,100,42.767,2
12,egress,22,S07,4,terminal,44,1000,0,25.674,0,24.9381,24.9381,100,0,0
12,egress,22,S07,5,terminal,45,1000,0,82.4387,0,24.9381,24.9381,100,0,0
12,egress,23,S39,1,switch,56,105.799,0,16.495,0,0,0,100,0,0
12,egress,23,S39,3,switch,13,140.319,93.181,93.181,0,93.181,0,100,0,0
12,egress,23,S39,4,switch,58,247.444,0,70.934,0,0,0,100,0,0
12,egress,23,S39,5,terminal,46,1000,0,88.1557,0,0,0,100,0,0
12,egress,23,S39,6,terminal,47,1000,0,1.2987,0,0,0,100,0,0
12,egress,24,S08,0,switch,22,182.424,85.7404,0,85.7404,85.7404,85.7404,100,0,4
12,egress,24,S08,0,switch,22,182.424,85.7404,40.5205,85.7404,85.7404,85.7404,100,0,4
12,egress,25,S16,0,switch,22,153.62,0,116.229,0,100,100,100,0,0
12,egress,25,S16,1,switch,20,119.9,0,19.9,100,0,100,100,79.5969,2
12,egress,25,S16,1,switch,20,119.9,100,100,0,100,0,100,0,0
12,egress,25,S16,2,switch,35,135.775,0,76.1267,0,100,100,100,0,0
12,egress,25,S16,3,terminal,50,1000,0,55.6617,0,100,100,100,0,0
12,egress,25,S16,4,terminal,51,1000,0,213.548,0,100,100,100,0,0
12,egress,26,S33,0,switch,3,174.708,100,0,100,100,100,100,0,4
12,egress,26,S33,0,switch,3,174.708,100,174.708,100,100,100,100,48.757,4
12,egress,26,S33,4,terminal,52,1000,0,140.378,0,100,100,100,0,0
12,egress,26,S33,5,terminal,53,1000,0,165.664,0,100,100,100,0,0
12,egress,27,S09,0,switch,24,129.629,100,0,100,100,100,100,0,3
12,egress,27,S09,0,switch,24,129.629,100,0,100,100,100,100,73.0079,3
12,egress,27,S09,1,switch,2,200.787,0,132.847,0,100,100,100,0,0
12,egress,27,S09,2,switch,7,126.429,0,104.704,0,100,100,100,0,0
12,egress,27,S09,3,terminal,54,1000,0,186.598,0,100,100,100,0,0
12,egress,27,S09,4,terminal,55,1000,0,14.4625,0,100,100,100,0,0
12,egress,28,S12,1,switch,29,167.904,0,151.358,0,0,0,100,0,0
12,egress,28,S12,2,switch,20,296.117,0,217.063,0,0,0,100,0,0
12,egress,28,S12,3,terminal,56,1000,0,18.9223,0,0,0,100,0,0
12,egress,29,S13,0,switch,11,202.575,100,100,0,100,0,100,0,0
12,egress,29,S13,6,terminal,58,1000,0,48.4635,0,0,0,100,0,0
12,egress,3,S27,0,switch,0,119.129,0,19.129,43.8225,0,43.8225,100,0,1
12,egress,3,S27,0,switch,0,119.129,100,100,0,100,0,100,0,0
12,egress,3,S27,1,switch,42,234.552,0,10.6726,0,43.8225,43.8225,100,0,0
12,egress,3,S27,2,switch,49,266.441,0,163.513,0,0,0,100,0,0
12,egress,3,S27,3,switch,45,296.659,0,73.6241,0,43.8225,43.8225,100,0,0
12,egress,3,S27,5,terminal,6,1000,0,191.929,0,0,0,100,0,0
12,egress,3,S27,6,terminal,7,1000,0,73.6241,0,43.8225,43.8225,100,0,0
12,egress,30,S14,1,switch,20,100.691,0,0.691,100,0,100,100,4.54725,2
12,egress,30,S14,1,switch,20,100.691,100,100,0,100,0,100,0,0
12,egress,30,S14,3,terminal,60,1000,0,64.0438,0,0,0,100,0,0
12,egress,30,S14,4,terminal,61,1000,0,92.7337,0,0,0,100,0,0
12,egress,31,S62,1,switch,30,134.823,0,46.2552,0,0,0,100,0,0
12,egress,31,S62,4,terminal,62,1000,0,33.2469,0,0,0,100,0,0
12,egress,31,S62,5,terminal,63,1000,0,59.27,0,0,0,100,0,0
12,egress,32,S21,1,switch,43,261.425,0,14.4147,0,0,0,100,0,0
12,egress,32,S21,2,switch,9,260.623,0,128.646,0,0,0,100,0,0
12,egress,32,S21,2,switch,9,260.623,91.466,91.466,0,91.466,0,100,0,0
12,egress,33,S34,0,switch,26,235.741,0,135.741,1.63662,0,1.63662,100,0,1
12,egress,33,S34,0,switch,26,235.741,100,100,0,100,0,100,0,0
12,egress,34,S57,0,switch,20,180.835,0,80.835,100,0,100,100,14.2884,3
12,egress,34,S57,0,switch,20,180.835,100,100,0,100,0,100,0,0
12,egress,34,S57,1,switch,62,192.101,0,157.2,0,100,100,100,0,0
12,egress,34,S57,3,terminal,68,1000,0,304.786,0,100,100,100,0,0
12,egress,34,S57,4,terminal,69,1000,0,51.017,0,0,0,100,0,0
12,egress,35,S17,0,switch,25,277.107,0,247.489,0,0,0,100,0,0
12,egress,35,S17,4,terminal,70,1000,0,66.1014,0,0,0,100,0,0
12,egress,36,S18,0,switch,35,247.316,0,175.886,100,0,100,100,12.5545,4
12,egress,36,S18,0,switch,35,247.316,71.4301,71.4301,0,71.4301,0,100,0,0
12,egress,36,S18,2,switch,40,242.342,0,9.97058,0,0,0,100,0,0
12,egress,36,S18,3,switch,41,132.08,0,76.2061,0,0,0,100,0,0
12,egress,36,S18,4,terminal,72,1000,0,32.343,0,0,0,100,0,0
12,egress,36,S18,5,terminal,73,1000,0,107.235,0,0,0,100,0,0
12,egress,37,S32,0,switch,0,103.31,0,3.31,100,0,100,100,0.287437,5
12,egress,37,S32,0,switch,0,103.31,100,100,0,100,0,100,0,0
12,egress,37,S32,1,switch,35,254.068,0,90.0308,0,0,0,100,0,0
12,egress,37,S32,4,switch,26,298.921,0,140.378,0,100,100,100,0,0
12,egress,37,S32,6,switch,55,286.166,0,59.9797,0,100,100,100,0,0
12,egress,38,S42,0,switch,42,176.64,0,77.2812,0,0,0,100,0,0
12,egress,38,S42,0,switch,42,176.64,71.5712,71.5712,0,71.5712,0,100,0,0
12,egress,38,S42,1,switch,40,122.733,0,79.1393,0,0,0,100,0,0
12,egress,38,S42,2,switch,59,146.129,0,67.0604,0,0,0,100,0,0
12,egress,39,S19,0,switch,36,204.72,0,104.72,100,0,100,100,66.3012,2
12,egress,39,S19,0,switch,36,204.72,100,100,0,100,0,100,0,0
12,egress,39,S19,1,switch,42,146.524,0,146.524,0,100,100,100,19.7609,0
12,egress,39,S19,2,terminal,78,1000,0,24.7887,0,100,100,100,0,0
12,egress,39,S19,3,terminal,79,1000,0,11.8543,0,100,100,100,0,0
12,egress,4,S37,0,switch,0,203.508,0,21.1114,0,0,0,100,0,0
12,egress,4,S37,1,switch,47,208.301,0,26.77,0,0,0,100,0,0
12,egress,4,S37,3,switch,50,165.152,0,26.7785,0,0,0,100,0,0
12,egress,4,S37,4,terminal,8,1000,0,112.305,0,0,0,100,0,0
12,egress,4,S37,5,terminal,9,1000,0,18.2917,0,0,0,100,0,0
12,egress,40,S29,0,switch,36,264.754,0,52.1799,0,0,0,100,0,0
12,egress,40,S29,1,switch,45,131.396,0,31.396,100,0,100,100,43.4444,3
12,egress,40,S29,1,switch,45,131.396,100,100,0,100,0,100,0,0
12,egress,40,S29,2,switch,52,207.828,0,165.521,0,0,0,100,0,0
12,egress,40,S29,4,switch,21,163.928,0,6.38049,0,0,0,100,0,0
12,egress,40,S29,6,terminal,80,1000,0,20.5795,0,100,100,100,0,0
12,egress,41,S49,0,switch,11,188.868,0,15.9332,0,0,0,100,0,0
12,egress,41,S49,1,switch,36,220.166,0,119.175,0,0,0,100,0,0
12,egress,41,S49,4,switch,51,258.091,0,68.5715,0,0,0,100,0,0
12,egress,42,S20,0,switch,39,264.967,0,12.4513,0,0,0,100,0,0
12,egress,42,S20,1,switch,32,241.877,0,60.0438,0,0,0,100,0,0
12,egress,42,S20,2,switch,3,251.806,0,164.6,0,0,0,100,0,0
12,egress,42,S20,2,switch,3,251.806,84.3395,84.3395,0,84.3395,0,100,0,0
12,egress,42,S20,4,switch,10,119.666,0,14.4147,0,0,0,100,0,0
12,egress,42,S20,5,terminal,84,1000,0,121.242,0,0,0,100,0,0
12,egress,43,S22,0,switch,0,203.304,0,65.4051,0,39.1679,39.1679,100,0,0
12,egress,43,S22,1,switch,39,234.56,0,190.559,39.1679,0,39.1679,100,0,1
12,egress,43,S22,1,switch,39,234.56,44.0006,44.0006,0,44.0006,0,100,0,0
12,egress,43,S22,4,switch,45,155.693,0,62.6888,0,39.1679,39.1679,100,0,0
12,egress,44,S23,0,switch,43,211.017,0,74.532,0,0,0,100,0,0
12,egress,45,S28,0,switch,15,170.054,0,34.5658,0,0,0,100,0,0
12,egress,45,S28,4,switch,40,130.054,69.946,69.946,0,69.946,0,100,0,0
12,egress,45,S28,5,switch,18,198.318,0,113.14,0,0,0,100,0,0
12,egress,45,S28,6,switch,5,174.024,0,15.698,0,0,0,100,0,0
12,egress,45,S28,7,terminal,90,1000,0,12.4513,0,0,0,100,0,0
12,egress,45,S28,8,terminal,91,1000,0,115.698,0,0,0,100,0,0
12,egress,46,S24,0,switch,27,256.86,0,29.4352,0,0,0,100,0,0
12,egress,46,S24,3,switch,48,198.106,100,100,0,100,0,100,0,0
12,egress,46,S24,5,terminal,93,1000,0,132.828,0,0,0,100,0,0
12,egress,47,S25,0,switch,46,291.732,0,109.651,0,0,0,100,0,0
12,egress,47,S25,4,switch,51,120.167,0,20.8448,0,0,0,100,0,0
12,egress,47,S25,5,terminal,94,1000,0,59.0869,0,0,0,100,0,0
12,egress,47,S25,6,terminal,95,1000,0,83.9871,0,0,0,100,0,0
12,egress,48,S50,2,switch,58,290.959,0,164.07,0,0,0,100,0,0
12,egress,48,S50,3,switch,10,118.54,0,4.16075,0,0,0,100,0,0
12,egress,48,S50,3,switch,10,118.54,100,100,0,100,0,100,0,0
12,egress,49,S26,0,switch,43,126.404,0,114.731,0,0,0,100,0,0
12,egress,49,S26,1,switch,47,132.828,0,37.354,0,0,0,100,0,0
12,egress,49,S26,3,terminal,98,1000,0,174.9,0,0,0,100,0,0
12,egress,5,S63,0,switch,0,259.679,0,15.2248,0,0,0,100,0,0
12,egress,5,S63,3,terminal,10,1000,0,108.778,0,0,0,100,0,0
12,egress,50,S38,0,switch,25,175.944,100,0,100,100,100,100,0,2
12,egress,50,S38,0,switch,25,175.944,100,52.7666,100,100,100,100,0,2
12,egress,50,S38,1,switch,47,143.074,0,143.074,0,100,100,100,57.4363,0
12,egress,50,S38,5,switch,57,190.285,0,67.4405,0,100,100,100,0,0
12,egress,50,S38,7,terminal,101,1000,0,20.8448,0,100,100,100,0,0
12,egress,51,S48,1,switch,41,119.175,0,62.1501,0,0,0,100,0,0
12,egress,52,S30,0,switch,28,196.927,0,121.508,2.86056,30.4297,33.2902,100,0,1
12,egress,52,S30,0,switch,28,196.927,75.4193,75.4193,0,100,24.5807,100,0,0
12,egress,52,S30,1,switch,40,109.864,0,85.2833,30.4297,0,30.4297,100,0,1
12,egress,52,S30,1,switch,40,109.864,24.5807,24.5807,0,24.5807,0,100,0,0
12,egress,52,S30,2,switch,54,164.752,0,48.8702,0,33.2902,33.2902,100,0,0
12,egress,52,S30,3,switch,13,157.989,0,65.5181,0,33.2902,33.2902,100,0,0
12,egress,52,S30,4,terminal,104,1000,0,103.914,0,33.2902,33.2902,100,0,0
12,egress,52,S30,5,terminal,105,1000,0,196.119,0,0,0,100,0,0
12,egress,53,S55,0,switch,15,170.836,0,102.808,0,0,0,100,0,0
12,egress,53,S55,5,terminal,106,1000,0,82.4965,0,0,0,100,0,0
12,egress,53,S55,6,terminal,107,1000,0,82.4965,0,0,0,100,0,0
12,egress,54,S31,0,switch,52,115.713,84.287,84.287,0,84.287,0,100,0,0
12,egress,54,S31,1,switch,37,242.335,0,206.115,0,0,0,100,0,0
12,egress,55,S60,1,switch,37,243.133,0,92.5137,0,0,0,100,0,0
12,egress,55,S60,5,terminal,111,1000,0,191.71,0,0,0,100,0,0
12,egress,56,S36,2,switch,4,112.305,0,103.196,8.34677,0,8.34677,100,0,1
12,egress,56,S36,2,switch,4,112.305,9.10879,9.10879,0,9.10879,0,100,0,0
12,egress,56,S36,4,terminal,112,1000,0,124.36,0,8.34677,8.34677,100,0,0
12,egress,57,S47,0,switch,52,179.939,0,79.939,34.5732,0,34.5732,100,0,2
12,egress,57,S47,0,switch,52,179.939,100,100,0,100,0,100,0,0
12,egress,57,S47,1,switch,50,259.289,0,189.46,0,0,0,100,0,0
12,egress,57,S47,2,switch,61,259.693,0,44.276,0,0,0,100,0,0
12,egress,57,S47,3,switch,51,221.5,0,50.333,0,0,0,100,0,0
12,egress,58,S51,4,switch,62,214.158,0,98.106,0,0,0,100,0,0
12,egress,58,S51,5,terminal,116,1000,0,169.342,0,0,0,100,0,0
12,egress,59,S41,0,switch,13,132.99,0,62.8869,10.3879,0,10.3879,100,0,1
12,egress,59,S41,0,switch,13,132.99,70.1031,70.1031,0,70.1031,0,100,0,0
12,egress,59,S41,3,terminal,119,1000,0,230.708,0,0,0,100,0,0
12,egress,6,S02,0,switch,1,138.732,0,57.0233,0,0,0,100,0,0
12,egress,6,S02,1,switch,11,173.682,0,20.2421,0,0,0,100,0,0
12,egress,6,S02,3,switch,13,194.048,0,94.048,100,0,100,100,192.552,3
12,egress,6,S02,3,switch,13,194.048,100,100,0,100,0,100,0,0
12,egress,6,S02,4,terminal,12,1000,0,203.382,0,0,0,100,0,0
12,egress,60,S44,2,terminal,120,1000,0,51.5188,0,0,0,100,0,0
12,egress,60,S44,3,terminal,121,1000,0,100.637,0,0,0,100,0,0
12,egress,61,S46,1,switch,57,199.213,0,150.073,0,0,0,100,0,0
12,egress,61,S46,3,terminal,123,1000,0,0.333,0,0,0,100,0,0
12,egress,62,S56,0,switch,53,164.993,0,115.828,71.0223,0,71.0223,100,0,1
12,egress,62,S56,0,switch,53,164.993,49.165,49.165,0,49.165,0,100,0,0
12,egress,62,S56,1,switch,34,238.377,0,129.7,0,71.0223,71.0223,100,0,0
12,egress,62,S56,3,terminal,125,1000,0,46.5442,0,71.0223,71.0223,100,0,0
12,egress,63,S54,0,switch,15,172.792,0,69.9477,0,0,0,100,0,0
12,egress,7,S45,0,switch,27,292,0,180.562,0,0,0,100,0,0
12,egress,7,S45,1,switch,60,100.637,0,54.9761,0,0,0,100,0,0
12,egress,7,S45,2,switch,61,100.666,100,100,0,100,0,100,0,0
12,egress,7,S45,3,terminal,14,1000,0,100.921,0,0,0,100,0,0
12,egress,7,S45,4,terminal,15,1000,0,48.6155,0,0,0,100,0,0
12,egress,8,S52,0,switch,1,255.562,0,0,65.9855,0,65.9855,100,0,2
12,egress,8,S52,1,switch,39,291.042,0,45.7862,0,0,0,100,0,0
12,egress,9,S59,2,switch,21,160.744,0,130.311,0,0,0,100,0,0
12,egress,9,S59,4,switch,55,140.378,0,92.5137,100,0,100,100,8.35182,2
12,egress,9,S59,4,switch,55,140.378,47.8643,47.8643,0,47.8643,0,100,0,0
13,egress,0,S00,0,switch,1,183.324,0,183.324,95.5019,0,95.5019,100,0,1
13,egress,0,S00,1,switch,2,106.121,0,6.121,4.4981,95.5019,100,100,543.489,1
13,egress,0,S00,1,switch,2,106.121,100,100,0,100,0,100,0,0
13,egress,0,S00,2,switch,3,149.8,0,55.6718,0,100,100,100,0,0
13,egress,0,S00,3,switch,4,180.219,0,60.745,0,100,100,100,0,0
13,egress,0,S00,4,switch,5,102.034,0,79.1682,0,100,100,100,0,0
13,egress,0,S00,6,terminal,1,1000,0,63.6659,0,100,100,100,0,0
13,egress,1,S01,0,switch,0,159.728,16.3055,16.3055,0,16.3055,0,100,0,0
13,egress,1,S01,1,switch,6,265.041,0,98.8362,0,0,0,100,0,0
13,egress,1,S01,1,switch,6,265.041,38.4098,38.4098,0,54.7154,16.3055,100,0,0
13,egress,1,S01,2,switch,7,132.025,0,111.71,0,100,100,100,0,0
13,egress,1,S01,4,switch,9,251.018,0,251.018,0,100,100,100,282.892,0
13,egress,1,S01,5,switch,10,221.678,0,221.678,100,0,100,100,267.949,1
13,egress,1,S01,6,terminal,2,1000,0,46.244,0,100,100,100,0,0
13,egress,1,S01,7,terminal,3,1000,0,31.5679,0,0,0,100,0,0
13,egress,10,S61,0,switch,1,227.172,0,32.3305,0,100,100,100,0,0
13,egress,10,S61,2,switch,42,279.867,0,279.867,100,0,100,100,367.817,1
13,egress,10,S61,4,switch,55,207.652,0,140.53,0,0,0,100,0,0
13,egress,10,S61,5,switch,31,158.461,0,81.4415,0,100,100,100,0,0
13,egress,10,S61,5,switch,31,158.461,30.3041,30.3041,0,30.3041,0,100,0,0
13,egress,10,S61,6,terminal,20,1000,0,36.8831,0,0,0,100,0,0
13,egress,10,S61,7,terminal,21,1000,0,59.7631,0,100,100,100,0,0
13,egress,11,S03,0,switch,6,132.338,11.3117,0,11.3117,11.3117,11.3117,100,0,1
13,egress,11,S03,0,switch,6,132.338,11.3117,132.338,99.3284,11.3117,99.3284,100,0,2
13,egress,11,S03,1,switch,12,213.202,0,100,0,11.3117,11.3117,100,0,0
13,egress,11,S03,2,switch,14,127.424,0,15.9332,0,99.3284,99.3284,100,0,0
13,egress,11,S03,3,switch,10,279.727,0,112.053,0,99.3284,99.3284,100,0,0
13,egress,11,S03,5,terminal,23,1000,0,179.605,0,99.3284,99.3284,100,0,0
13,egress,12,S04,0,switch,6,184.169,0,118.097,0,0,0,100,0,0
13,egress,12,S04,1,switch,11,186.587,0,86.587,0,100,100,100,140.025,0
13,egress,12,S04,1,switch,11,186.587,100,100,0,100,0,100,0,0
13,egress,12,S04,3,switch,16,118.797,0,118.797,100,0,100,100,266.727,1
13,egress,12,S04,5,switch,18,178.427,0,100,0,0,0,100,0,0
13,egress,13,S40,0,switch,6,162.644,0,162.644,100,0,100,100,334.841,3
13,egress,13,S40,1,switch,52,151.023,0,151.023,0,100,100,100,25.1356,0
13,egress,13,S40,2,switch,50,160.169,0,82.5511,0,100,100,100,0,0
13,egress,13,S40,3,switch,23,211.313,0,120.148,0,100,100,100,0,0
13,egress,13,S40,4,switch,59,239.712,0,123.773,0,100,100,100,0,0
13,egress,13,S40,5,terminal,26,1000,0,43.8108,0,100,100,100,0,0
13,egress,13,S40,6,terminal,27,1000,0,133.963,0,100,100,100,0,0
13,egress,14,S58,0,switch,11,169.38,0,33.0845,0,0,0,100,0,0
13,egress,14,S58,1,switch,42,232.511,0,124.358,0,0,0,100,0,0
13,egress,14,S58,3,switch,9,139.013,0,139.013,0,0,0,100,0,0
13,egress,15,S05,0,switch,12,134.869,0,134.869,0,100,100,100,33.7805,0
13,egress,15,S05,1,switch,19,212.416,0,212.416,100,0,100,100,30.9258,1
13,egress,15,S05,2,switch,20,256.175,0,172.756,0,100,100,100,0,0
13,egress,15,S05,2,switch,20,256.175,67.7281,67.7281,0,67.7281,0,100,0,0
13,egress,16,S11,0,switch,12,200.84,0,200.84,90.0448,0,90.0448,100,0,3
13,egress,16,S11,1,switch,2,104.704,0,104.704,0,0,0,100,0,0
13,egress,16,S11,3,terminal,32,1000,0,14.9196,0,90.0448,90.0448,100,0,0
13,egress,17,S35,1,switch,56,252.252,0,139.947,0,0,0,100,0,0
13,egress,17,S35,2,switch,23,169.342,0,169.342,100,0,100,100,211.592,1
13,egress,18,S43,0,switch,38,157.659,0,157.659,100,0,100,100,6.80535,5
13,egress,18,S43,2,terminal,36,1000,0,215.715,0,0,0,100,0,0
13,egress,19,S06,0,switch,15,170.98,0,20.7791,0,0,0,100,0,0
13,egress,19,S06,1,switch,22,210.644,0,9.8,0,0,0,100,0,0
13,egress,19,S06,2,switch,23,267,0,167,100,0,100,100,172.466,1
13,egress,19,S06,2,switch,23,267,100,100,0,100,0,100,0,0
13,egress,19,S06,3,switch,10,169.014,0,169.014,0,100,100,100,96.3665,0
13,egress,2,S10,0,switch,27,137.994,0,119.478,25.7819,0,25.7819,100,0,1
13,egress,2,S10,0,switch,27,137.994,18.5161,18.5161,0,18.5161,0,100,0,0
13,egress,2,S10,1,switch,16,243.793,0,234.651,0,25.7819,25.7819,100,0,0
13,egress,2,S10,2,terminal,4,1000,0,80.9236,0,0,0,100,0,0
13,egress,20,S15,0,switch,15,112.83,0,112.83,0,100,100,100,768.106,0
13,egress,20,S15,2,switch,30,254.167,0,97.5681,0,100,100,100,0,0
13,egress,20,S15,3,switch,25,274.153,0,128.901,0,100,100,100,0,0
13,egress,20,S15,4,switch,32,143.593,0,82.0862,0,100,100,100,0,0
13,egress,20,S15,5,switch,33,232.696,0,34.313,0,100,100,100,0,0
13,egress,20,S15,6,switch,13,232.721,0,132.721,100,0,100,100,55.06,2
13,egress,20,S15,6,switch,13,232.721,100,100,0,100,0,100,0,0
13,egress,20,S15,7,switch,34,204.798,0,190.417,0,100,100,100,0,0
13,egress,20,S15,9,terminal,41,1000,0,31.92,0,100,100,100,0,0
13,egress,21,S53,0,switch,15,263.511,0,263.511,74.0632,0,74.0632,100,0,1
13,egress,21,S53,1,switch,40,137.143,0,112.699,0,74.0632,74.0632,100,0,0
13,egress,21,S53,5,terminal,42,1000,0,136.692,0,74.0632,74.0632,100,0,0
13,egress,22,S07,0,switch,19,118.259,0,51.426,40.3006,33.167,73.4676,100,0,4
13,egress,22,S07,0,switch,19,118.259,66.833,66.833,0,100,33.167,100,0,0
13,egress,22,S07,3,switch,26,124.406,33.167,0,33.167,100,100,100,0,2
13,egress,22,S07,5,terminal,45,1000,0,116.229,0,33.167,33.167,100,0,0
13,egress,23,S39,0,switch,17,216.203,0,14.4147,0,11.1897,11.1897,100,0,0
13,egress,23,S39,1,switch,56,105.799,0,105.799,11.1897,0,11.1897,100,0,1
13,egress,23,S39,4,switch,58,247.444,0,247.444,0,11.1897,11.1897,100,0,0
13,egress,23,S39,6,terminal,47,1000,0,32.3413,0,11.1897,11.1897,100,0,0
13,egress,24,S08,0,switch,22,182.424,0,81.1436,0,0,0,100,0,0
13,egress,24,S08,0,switch,22,182.424,85.7404,85.7404,0,85.7404,0,100,0,0
13,egress,25,S16,0,switch,22,153.62,0,153.62,0,100,100,100,104.567,0
13,egress,25,S16,1,switch,20,119.9,0,19.9,100,0,100,100,87.1818,3
13,egress,25,S16,1,switch,20,119.9,100,100,0,100,0,100,0,0
13,egress,25,S16,2,switch,35,135.775,0,94.2366,0,100,100,100,0,0
13,egress,25,S16,3,terminal,50,1000,0,47.756,0,100,100,100,0,0
13,egress,25,S16,4,terminal,51,1000,0,218.733,0,100,100,100,0,0
13,egress,26,S33,0,switch,3,174.708,0,74.708,41.5512,0,41.5512,100,0,4
13,egress,26,S33,0,switch,3,174.708,100,100,0,100,0,100,0,0
13,egress,26,S33,4,terminal,52,1000,0,681.153,0,41.5512,41.5512,100,0,0
13,egress,26,S33,5,terminal,53,1000,0,177.775,0,41.5512,41.5512,100,0,0
13,egress,27,S09,0,switch,24,129.629,100,0,100,100,100,100,0,3
13,egress,27,S09,0,switch,24,129.629,100,101.439,100,100,100,100,0,3
13,egress,27,S09,1,switch,2,200.787,0,125.485,0,100,100,100,0,0
13,egress,27,S09,2,switch,7,126.429,0,86.1879,0,100,100,100,0,0
13,egress,27,S09,3,terminal,54,1000,0,29.4352,0,100,100,100,0,0
13,egress,27,S09,4,terminal,55,1000,0,66.3169,0,100,100,100,0,0
13,egress,28,S12,1,switch,29,167.904,0,156.318,0,100,100,100,0,0
13,egress,28,S12,2,switch,20,296.117,0,296.117,100,0,100,100,444.294,2
13,egress,29,S13,0,switch,11,202.575,0,202.575,0,100,100,100,0,0
13,egress,29,S13,1,switch,24,131.235,0,31.9693,0,100,100,100,0,0
13,egress,29,S13,3,switch,30,295.76,0,295.76,100,0,100,100,143.996,1
13,egress,29,S13,6,terminal,58,1000,0,119.389,0,100,100,100,0,0
13,egress,3,S27,0,switch,0,119.129,0,74.8649,0,100,100,100,0,0
13,egress,3,S27,0,switch,0,119.129,43.8225,43.8225,0,43.8225,0,100,0,0
13,egress,3,S27,1,switch,42,234.552,0,234.552,100,0,100,100,42.6355,1
13,egress,3,S27,2,switch,49,266.441,0,131.676,0,100,100,100,0,0
13,egress,3,S27,3,switch,45,296.659,0,72.5536,0,100,100,100,0,0
13,egress,3,S27,4,switch,26,158.334,0,158.334,0,100,100,100,0,0
13,egress,3,S27,5,terminal,6,1000,0,45.4943,0,100,100,100,0,0
13,egress,3,S27,6,terminal,7,1000,0,145.531,0,100,100,100,0,0
13,egress,30,S14,0,switch,29,288.048,0,288.048,0,0,0,100,0,0
13,egress,30,S14,1,switch,20,100.691,0,0.691,51.8275,0,51.8275,100,0,3
13,egress,30,S14,1,switch,20,100.691,100,100,0,100,0,100,0,0
13,egress,30,S14,3,terminal,60,1000,0,93.012,0,0,0,100,0,0
13,egress,30,S14,4,terminal,61,1000,0,5.80069,0,0,0,100,0,0
13,egress,31,S62,0,switch,29,171.288,0,3.59798,0,0,0,100,0,0
13,egress,31,S62,1,switch,30,134.823,0,134.823,46.2358,0,46.2358,100,0,1
13,egress,31,S62,2,switch,10,234.199,0,234.199,0,46.2358,46.2358,100,0,0
13,egress,31,S62,4,terminal,62,1000,0,75.8972,0,0,0,100,0,0
13,egress,31,S62,5,terminal,63,1000,0,78.9659,0,0,0,100,0,0
13,egress,32,S21,0,switch,42,146.462,0,73.231,0,0,0,100,0,0
13,egress,32,S21,1,switch,43,261.425,0,102.8,0,0,0,100,0,0
13,egress,32,S21,2,switch,9,260.623,0,70.5257,0,0,0,100,0,0
13,egress,32,S21,4,terminal,65,1000,0,14.942,0,0,0,100,0,0
13,egress,33,S34,0,switch,26,235.741,0,183.569,0,0,0,100,0,0
13,egress,33,S34,0,switch,26,235.741,1.63662,1.63662,0,1.63662,0,100,0,0
13,egress,34,S57,0,switch,20,180.835,100,0,100,100,100,100,0,3
13,egress,34,S57,0,switch,20,180.835,100,67.881,100,100,100,100,0,3
13,egress,34,S57,1,switch,62,192.101,0,192.101,0,100,100,100,487.555,0
13,egress,34,S57,3,terminal,68,1000,0,218.559,0,100,100,100,0,0
13,egress,34,S57,4,terminal,69,1000,0,4.31207,0,100,100,100,0,0
13,egress,35,S17,0,switch,25,277.107,0,277.107,100,0,100,100,181.371,4
13,egress,35,S17,2,switch,37,246.878,0,246.878,0,0,0,100,0,0
13,egress,35,S17,4,terminal,70,1000,0,132.103,0,0,0,100,0,0
13,egress,36,S18,0,switch,35,247.316,0,147.316,0,100,100,100,92.51,0
13,egress,36,S18,0,switch,35,247.316,100,100,0,100,0,100,0,0
13,egress,36,S18,1,switch,39,215.617,0,215.617,0,100,100,100,223.954,0
13,egress,36,S18,2,switch,40,242.342,0,242.342,100,0,100,100,187.194,1
13,egress,36,S18,3,switch,41,132.08,0,54.6334,0,100,100,100,0,0
13,egress,36,S18,4,terminal,72,1000,0,5.01381,0,100,100,100,0,0
13,egress,36,S18,5,terminal,73,1000,0,98.4807,0,0,0,100,0,0
13,egress,37,S32,0,switch,0,103.31,0,3.31,7.48633,92.5137,100,100,92.5137,1
13,egress,37,S32,0,switch,0,103.31,100,100,0,100,0,100,0,0
13,egress,37,S32,1,switch,35,254.068,0,69.3938,0,0,0,100,0,0
13,egress,37,S32,2,switch,40,118.456,0,118.456,0,100,100,100,442.264,0
13,egress,37,S32,4,switch,26,298.921,0,298.921,92.5137,0,92.5137,100,0,1
13,egress,37,S32,6,switch,55,286.166,0,74.735,0,0,0,100,0,0
13,egress,38,S42,0,switch,42,176.64,0,146.674,0,100,100,100,0,0
13,egress,38,S42,1,switch,40,122.733,0,122.733,100,0,100,100,371.538,1
13,egress,38,S42,2,switch,59,146.129,0,88.7538,0,100,100,100,0,0
13,egress,39,S19,0,switch,36,204.72,0,104.72,75.6429,24.3571,100,100,95.5948,2
13,egress,39,S19,0,switch,36,204.72,100,100,0,100,0,100,0,0
13,egress,39,S19,1,switch,42,146.524,0,146.524,24.3571,0,24.3571,100,0,1
13,egress,39,S19,2,terminal,78,1000,0,12.4513,0,24.3571,24.3571,100,0,0
13,egress,39,S19,3,terminal,79,1000,0,45.7862,0,0,0,100,0,0
13,egress,4,S37,0,switch,0,203.508,0,122.888,0,100,100,100,0,0
13,egress,4,S37,1,switch,47,208.301,0,15.5251,0,100,100,100,0,0
13,egress,4,S37,2,switch,56,222.018,0,222.018,100,0,100,100,33.5688,1
13,egress,4,S37,3,switch,50,165.152,0,15.5251,0,100,100,100,0,0
13,egress,4,S37,4,terminal,8,1000,0,112.305,0,0,0,100,0,0
13,egress,4,S37,5,terminal,9,1000,0,24.0979,0,100,100,100,0,0
13,egress,40,S29,0,switch,36,264.754,0,53.8196,0,100,100,100,0,0
13,egress,40,S29,1,switch,45,131.396,0,31.396,100,0,100,100,175.74,2
13,egress,40,S29,1,switch,45,131.396,100,100,0,100,0,100,0,0
13,egress,40,S29,2,switch,52,207.828,0,69.946,0,100,100,100,0,0
13,egress,40,S29,4,switch,21,163.928,0,79.1393,0,100,100,100,0,0
13,egress,41,S49,0,switch,11,188.868,0,127.424,0,100,100,100,0,0
13,egress,41,S49,1,switch,36,220.166,0,220.166,100,0,100,100,219.929,1
13,egress,41,S49,4,switch,51,258.091,0,76.2061,0,100,100,100,0,0
13,egress,42,S20,0,switch,39,264.967,0,10.6726,0,0,0,100,0,0
13,egress,42,S20,1,switch,32,241.877,0,241.877,100,0,100,100,154.047,1
13,egress,42,S20,2,switch,3,251.806,0,251.806,0,100,100,100,356.213,0
13,egress,42,S20,4,switch,10,119.666,0,49.4987,0,0,0,100,0,0
13,egress,42,S20,5,terminal,84,1000,0,205.485,0,0,0,100,0,0
13,egress,43,S22,0,switch,0,203.304,0,109.151,0,0,0,100,0,0
13,egress,43,S22,1,switch,39,234.56,0,114.584,0,0,0,100,0,0
13,egress,43,S22,1,switch,39,234.56,39.1679,39.1679,0,39.1679,0,100,0,0
13,egress,43,S22,3,switch,44,274.638,0,274.638,47.4985,0,47.4985,100,0,1
13,egress,43,S22,4,switch,45,155.693,0,74.6789,0,0,0,100,0,0
13,egress,44,S23,0,switch,43,211.017,0,211.017,41.0155,0,41.0155,100,0,1
13,egress,45,S28,0,switch,15,170.054,0,67.0173,0,0,0,100,0,0
13,egress,45,S28,1,switch,27,280.654,0,280.654,100,0,100,100,218.998,1
13,egress,45,S28,5,switch,18,198.318,0,136.106,0,0,0,100,0,0
13,egress,45,S28,6,switch,5,174.024,0,68.1388,0,0,0,100,0,0
13,egress,45,S28,8,terminal,91,1000,0,63.4644,0,100,100,100,0,0
13,egress,46,S24,1,switch,44,217.722,0,217.722,100,0,100,100,83.784,1
13,egress,46,S24,5,terminal,93,1000,0,109.651,0,100,100,100,0,0
13,egress,47,S25,0,switch,46,291.732,0,109.695,0,100,100,100,0,0
13,egress,47,S25,2,switch,4,166.312,0,166.312,100,0,100,100,69.1876,1
13,egress,47,S25,4,switch,51,120.167,0,39.2213,0,100,100,100,0,0
13,egress,47,S25,5,terminal,94,1000,0,155.525,0,100,100,100,0,0
13,egress,48,S50,1,switch,41,183.344,0,183.344,0,0,0,100,0,0
13,egress,48,S50,2,switch,58,290.959,0,290.959,100,0,100,100,0,1
13,egress,48,S50,3,switch,10,118.54,0,69.4837,0,0,0,100,0,0
13,egress,49,S26,0,switch,43,126.404,0,126.404,77.3826,0,77.3826,100,0,3
13,egress,49,S26,1,switch,47,132.828,0,79.3724,0,0,0,100,0,0
13,egress,49,S26,3,terminal,98,1000,0,70.9622,0,77.3826,77.3826,100,0,0
13,egress,49,S26,4,terminal,99,1000,0,13.1781,0,77.3826,77.3826,100,0,0
13,egress,5,S63,0,switch,0,259.679,0,137.799,0,0,0,100,0,0
13,egress,5,S63,3,terminal,10,1000,0,83.5537,0,0,0,100,0,0
13,egress,50,S38,0,switch,25,175.944,100,0,100,100,100,100,0,2
13,egress,50,S38,0,switch,25,175.944,100,55.4112,100,100,100,100,0,2
13,egress,50,S38,1,switch,47,143.074,0,143.074,0,100,100,100,23.3166,0
13,egress,50,S38,2,switch,4,290.506,0,290.506,0,100,100,100,16.6717,0
13,egress,50,S38,5,switch,57,190.285,0,190.285,0,100,100,100,197.643,0
13,egress,50,S38,6,terminal,100,1000,0,32.3413,0,100,100,100,0,0
13,egress,50,S38,7,terminal,101,1000,0,26.7785,0,100,100,100,0,0
13,egress,51,S48,1,switch,41,119.175,0,119.175,100,0,100,100,34.1823,2
13,egress,51,S48,2,terminal,102,1000,0,20.8448,0,100,100,100,0,0
13,egress,51,S48,3,terminal,103,1000,0,118.904,0,100,100,100,0,0
13,egress,52,S30,0,switch,28,196.927,0,141.972,0,0,0,100,0,0
13,egress,52,S30,0,switch,28,196.927,2.86056,2.86056,0,33.2902,30.4297,100,0,0
13,egress,52,S30,1,switch,40,109.864,0,79.4343,100,0,100,100,14.7167,2
13,egress,52,S30,1,switch,40,109.864,30.4297,30.4297,0,30.4297,0,100,0,0
13,egress,52,S30,3,switch,13,157.989,0,157.989,0,100,100,100,236.78,0
13,egress,52,S30,4,terminal,104,1000,0,130.054,0,100,100,100,0,0
13,egress,52,S30,5,terminal,105,1000,0,137.365,0,100,100,100,0,0
13,egress,53,S55,0,switch,15,170.836,0,71.2435,0,100,100,100,0,0
13,egress,53,S55,1,switch,40,298.054,0,298.054,100,0,100,100,404.668,1
13,egress,53,S55,5,terminal,106,1000,0,17.5035,0,100,100,100,0,0
13,egress,53,S55,6,terminal,107,1000,0,147.49,0,100,100,100,0,0
13,egress,54,S31,0,switch,52,115.713,0,115.713,100,0,100,100,631.533,1
13,egress,54,S31,1,switch,37,242.335,0,193.127,0,0,0,100,0,0
13,egress,55,S60,1,switch,37,243.133,0,94.1212,0,0,0,100,0,0
13,egress,55,S60,2,switch,9,166.058,0,166.058,0,0,0,100,0,0
13,egress,55,S60,3,switch,10,278.792,0,278.792,0,0,0,100,0,0
13,egress,55,S60,4,terminal,110,1000,0,56.6847,0,0,0,100,0,0
13,egress,55,S60,5,terminal,111,1000,0,144.369,0,0,0,100,0,0
13,egress,56,S36,0,switch,27,231.665,0,0,0,100,100,100,306.534,0
13,egress,56,S36,1,switch,17,225.221,0,225.221,100,0,100,100,128.018,1
13,egress,56,S36,2,switch,4,112.305,8.34677,8.34677,0,8.34677,0,100,0,0
13,egress,56,S36,4,terminal,112,1000,0,16.495,0,100,100,100,0,0
13,egress,57,S47,0,switch,52,179.939,0,103.955,0,0,0,100,0,0
13,egress,57,S47,0,switch,52,179.939,34.5732,34.5732,0,34.5732,0,100,0,0
13,egress,57,S47,1,switch,50,259.289,0,259.289,100,0,100,100,555.713,1
13,egress,57,S47,3,switch,51,221.5,0,100.333,0,100,100,100,0,0
13,egress,57,S47,5,terminal,115,1000,0,67.4405,0,0,0,100,0,0
13,egress,58,S51,1,switch,23,189.834,0,189.834,100,0,100,100,23.8053,1
13,egress,58,S51,2,switch,48,275.695,0,137.847,0,0,0,100,0,0
13,egress,58,S51,4,switch,62,214.158,0,90.8395,0,100,100,100,0,0
13,egress,58,S51,5,terminal,116,1000,0,70.934,0,0,0,100,0,0
13,egress,58,S51,6,terminal,117,1000,0,73.231,0,100,100,100,0,0
13,egress,59,S41,0,switch,13,132.99,0,122.602,77.4483,0,77.4483,100,0,5
13,egress,59,S41,0,switch,13,132.99,10.3879,10.3879,0,10.3879,0,100,0,0
13,egress,59,S41,2,terminal,118,1000,0,58.73,0,0,0,100,0,0
13,egress,6,S02,0,switch,1,138.732,0,138.732,83.9718,0,83.9718,100,0,3
13,egress,6,S02,3,switch,13,194.048,0,94.048,16.0282,83.9718,100,100,93.8303,1
13,egress,6,S02,3,switch,13,194.048,100,100,0,100,0,100,0,0
13,egress,6,S02,4,terminal,12,1000,0,200.975,0,0,0,100,0,0
13,egress,60,S44,0,switch,18,203.923,0,203.923,0,0,0,100,0,0
13,egress,60,S44,1,switch,7,207.424,0,207.424,0,0,0,100,0,0
13,egress,60,S44,2,terminal,120,1000,0,6.1826,0,0,0,100,0,0
13,egress,60,S44,3,terminal,121,1000,0,54.9761,0,0,0,100,0,0
13,egress,61,S46,1,switch,57,199.213,0,199.213,18.7388,0,18.7388,100,0,1
13,egress,61,S46,2,terminal,122,1000,0,44.276,0,18.7388,18.7388,100,0,0
13,egress,61,S46,3,terminal,123,1000,0,99.667,0,0,0,100,0,0
13,egress,62,S56,0,switch,53,164.993,0,93.9707,43.5235,0,43.5235,100,0,2
13,egress,62,S56,0,switch,53,164.993,71.0223,71.0223,0,71.0223,0,100,0,0
13,egress,62,S56,3,terminal,125,1000,0,255.306,0,0,0,100,0,0
13,egress,63,S54,0,switch,15,172.792,0,67.899,0,0,0,100,0,0
13,egress,63,S54,1,switch,21,203.653,0,203.653,0,0,0,100,0,0
13,egress,63,S54,3,terminal,126,1000,0,63.1881,0,0,0,100,0,0
13,egress,63,S54,4,terminal,127,1000,0,518.332,0,0,0,100,0,0
13,egress,7,S45,0,switch,27,292,0,284.233,0,15.0317,15.0317,100,0,0
13,egress,7,S45,1,switch,60,100.637,0,100.637,10.9937,0,10.9937,100,0,1
13,egress,7,S45,2,switch,61,100.666,0,100.666,4.038,10.9937,15.0317,100,0,1
13,egress,7,S45,4,terminal,15,1000,0,3.7679,0,10.9937,10.9937,100,0,0
13,egress,8,S52,0,switch,1,255.562,65.9855,0,65.9855,65.9855,65.9855,100,0,2
13,egress,8,S52,0,switch,1,255.562,65.9855,130.374,65.9855,65.9855,65.9855,100,0,2
13,egress,8,S52,1,switch,39,291.042,0,33.8351,0,65.9855,65.9855,100,0,0
13,egress,9,S59,0,switch,1,295.318,0,88.347,0,0,0,100,0,0
13,egress,9,S59,2,switch,21,160.744,0,81.5542,0,100,100,100,0,0
13,egress,9,S59,4,switch,55,140.378,0,40.378,100,0,100,100,106.491,3
13,egress,9,S59,4,switch,55,140.378,100,100,0,100,0,100,0,0
14,egress,0,S00,0,switch,1,183.324,0,87.8221,100,0,100,100,170.08,2
14,egress,0,S00,0,switch,1,183.324,95.5019,95.5019,0,95.5019,0,100,0,0
14,egress,0,S00,1,switch,2,106.121,0,58.5742,0,0,0,100,0,0
14,egress,0,S00,1,switch,2,106.121,4.4981,4.4981,0,100,95.5019,100,0,0
14,egress,0,S00,2,switch,3,149.8,0,64.902,0,100,100,100,0,0
14,egress,0,S00,3,switch,4,180.219,0,61.7265,0,0,0,100,0,0
14,egress,0,S00,4,switch,5,102.034,0,20.6899,0,0,0,100,0,0
14,egress,0,S00,6,terminal,1,1000,0,118.687,0,100,100,100,0,0
14,egress,1,S01,0,switch,0,159.728,0,21.1333,0,100,100,100,0,0
14,egress,1,S01,1,switch,6,265.041,0,128.194,0,100,100,100,0,0
14,egress,1,S01,2,switch,7,132.025,0,132.025,79.3071,0,79.3071,100,0,4
14,egress,1,S01,3,switch,8,206.324,0,34.683,0,100,100,100,0,0
14,egress,1,S01,5,switch,10,221.678,0,121.678,20.6929,79.3071,100,100,45.3667,3
14,egress,1,S01,5,switch,10,221.678,100,100,0,100,0,100,0,0
14,egress,1,S01,6,terminal,2,1000,0,34.683,0,79.3071,79.3071,100,0,0
14,egress,1,S01,7,terminal,3,1000,0,32.3305,0,100,100,100,0,0
14,egress,10,S61,0,switch,1,227.172,0,38.62,0,100,100,100,0,0
14,egress,10,S61,1,switch,19,153.026,0,153.026,0,100,100,100,125.766,0
14,egress,10,S61,2,switch,42,279.867,0,179.867,0,100,100,100,196.365,0
14,egress,10,S61,2,switch,42,279.867,100,100,0,100,0,100,0,0
14,egress,10,S61,4,switch,55,207.652,0,174.625,0,100,100,100,0,0
14,egress,10,S61,5,switch,31,158.461,0,158.461,100,0,100,100,22.0769,1
14,egress,10,S61,6,terminal,20,1000,0,83.1057,0,100,100,100,0,0
14,egress,10,S61,7,terminal,21,1000,0,44.839,0,100,100,100,0,0
14,egress,11,S03,0,switch,6,132.338,99.3284,0,99.3284,99.3284,99.3284,100,0,2
14,egress,11,S03,0,switch,6,132.338,99.3284,86.1752,99.3284,100,100,100,0,2
14,egress,11,S03,1,switch,12,213.202,0,213.202,0.671629,99.3284,100,100,21.7859,1
14,egress,11,S03,2,switch,14,127.424,0,127.424,0,100,100,100,0,0
14,egress,11,S03,3,switch,10,279.727,0,89.7642,0,100,100,100,0,0
14,egress,11,S03,5,terminal,23,1000,0,96.8228,0,100,100,100,0,0
14,egress,12,S04,0,switch,6,184.169,0,184.169,96.9263,0,96.9263,100,0,2
14,egress,12,S04,1,switch,11,186.587,0,142.611,0,0,0,100,0,0
14,egress,12,S04,2,switch,15,124.853,0,46.0049,0,96.9263,96.9263,100,0,0
14,egress,12,S04,3,switch,16,118.797,100,100,0,100,0,100,0,0
14,egress,12,S04,5,switch,18,178.427,0,100,0,0,0,100,0,0
14,egress,12,S04,7,terminal,25,1000,0,46.0049,0,0,0,100,0,0
14,egress,13,S40,0,switch,6,162.644,0,62.644,53.013,46.987,100,100,69.476,1
14,egress,13,S40,0,switch,6,162.644,100,100,0,100,0,100,0,0
14,egress,13,S40,1,switch,52,151.023,0,90.3552,0,100,100,100,0,0
14,egress,13,S40,2,switch,50,160.169,0,160.169,46.987,0,46.987,100,0,2
14,egress,13,S40,3,switch,23,211.313,0,211.313,0,100,100,100,13.4021,0
14,egress,13,S40,4,switch,59,239.712,0,63.7099,0,100,100,100,0,0
14,egress,13,S40,6,terminal,27,1000,0,31.9365,0,100,100,100,0,0
14,egress,14,S58,0,switch,11,169.38,0,168.671,0,0,0,100,0,0
14,egress,14,S58,1,switch,42,232.511,0,15.9332,0,0,0,100,0,0
14,egress,14,S58,3,switch,9,139.013,0,139.013,0,0,0,100,0,0
14,egress,15,S05,0,switch,12,134.869,0,134.869,0,100,100,100,8.79968,0
14,egress,15,S05,1,switch,19,212.416,0,33.2145,0,100,100,100,0,0
14,egress,15,S05,1,switch,19,212.416,100,100,0,100,0,100,0,0
14,egress,15,S05,2,switch,20,256.175,0,256.175,100,0,100,100,46.4785,1
14,egress,15,S05,3,switch,21,137.945,0,43.0918,0,100,100,100,0,0
14,egress,15,S05,4,terminal,30,1000,0,43.0918,0,100,100,100,0,0
14,egress,15,S05,5,terminal,31,1000,0,26.6463,0,100,100,100,0,0
14,egress,16,S11,0,switch,12,200.84,0,110.795,100,0,100,100,42.8866,2
14,egress,16,S11,0,switch,12,200.84,90.0448,90.0448,0,90.0448,0,100,0,0
14,egress,16,S11,1,switch,2,104.704,0,104.704,0,0,0,100,0,0
14,egress,16,S11,2,switch,28,168.312,0,81.2643,0,0,0,100,0,0
14,egress,16,S11,3,terminal,32,1000,0,20.5398,0,0,0,100,0,0
14,egress,16,S11,4,terminal,33,1000,0,118.797,0,0,0,100,0,0
14,egress,17,S35,0,switch,33,196.155,0,196.155,29.066,0,29.066,100,0,1
14,egress,17,S35,1,switch,56,252.252,0,251.668,0,29.066,29.066,100,0,0
14,egress,17,S35,2,switch,23,169.342,100,100,0,100,0,100,0,0
14,egress,17,S35,3,terminal,34,1000,0,14.4147,0,0,0,100,0,0
14,egress,18,S43,0,switch,38,157.659,0,57.659,8.3461,0,8.3461,100,0,2
14,egress,18,S43,0,switch,38,157.659,100,100,0,100,0,100,0,0
14,egress,18,S43,2,terminal,36,1000,0,236.106,0,8.3461,8.3461,100,0,0
14,egress,18,S43,3,terminal,37,1000,0,203.923,0,8.3461,8.3461,100,0,0
14,egress,19,S06,0,switch,15,170.98,0,28.0372,0,100,100,100,0,0
14,egress,19,S06,1,switch,22,210.644,0,210.644,0,100,100,100,4.10465,0
14,egress,19,S06,2,switch,23,267,100,100,0,100,0,100,0,0
14,egress,19,S06,3,switch,10,169.014,0,169.014,100,0,100,100,33.6238,1
14,egress,2,S10,0,switch,27,137.994,0,112.212,55.2186,0,55.2186,100,0,1
14,egress,2,S10,0,switch,27,137.994,25.7819,25.7819,0,25.7819,0,100,0,0
14,egress,2,S10,1,switch,16,243.793,0,228.561,0,0,0,100,0,0
14,egress,2,S10,2,terminal,4,1000,0,102.448,0,0,0,100,0,0
14,egress,20,S15,0,switch,15,112.83,0,40.6092,0,100,100,100,0,0
14,egress,20,S15,2,switch,30,254.167,0,100.672,0,0,0,100,0,0
14,egress,20,S15,3,switch,25,274.153,0,165.832,0,0,0,100,0,0
14,egress,20,S15,4,switch,32,143.593,0,143.593,37.0573,0,37.0573,100,0,1
14,egress,20,S15,5,switch,33,232.696,0,54.3214,0,37.0573,37.0573,100,0,0
14,egress,20,S15,6,switch,13,232.721,0,132.721,62.9427,37.0573,100,100,42.663,3
14,egress,20,S15,6,switch,13,232.721,100,100,0,100,0,100,0,0
14,egress,20,S15,7,switch,34,204.798,0,36.1006,0,100,100,100,0,0
14,egress,20,S15,9,terminal,41,1000,0,8.56053,0,37.0573,37.0573,100,0,0
14,egress,21,S53,0,switch,15,263.511,74.0632,74.0632,0,74.0632,0,100,0,0
14,egress,21,S53,1,switch,40,137.143,0,137.128,0,0,0,100,0,0
14,egress,21,S53,2,switch,8,135.597,0,135.597,68.056,0,68.056,100,0,1
14,egress,21,S53,5,terminal,42,1000,0,160.693,0,68.056,68.056,100,0,0
14,egress,22,S07,0,switch,19,118.259,0,77.9584,77.0049,0,77.0049,100,0,8
14,egress,22,S07,0,switch,19,118.259,40.3006,40.3006,0,40.3006,0,100,0,0
14,egress,22,S07,2,switch,25,128.19,0,91.9407,0,77.0049,77.0049,100,0,0
14,egress,22,S07,3,switch,26,124.406,0,91.2364,0,77.0049,77.0049,100,0,0
14,egress,22,S07,3,switch,26,124.406,33.167,33.167,0,73.4676,40.3006,100,0,0
14,egress,22,S07,5,terminal,45,1000,0,76.81,0,77.0049,77.0049,100,0,0
14,egress,23,S39,0,switch,17,216.203,0,14.4147,0,88.2167,88.2167,100,0,0
14,egress,23,S39,1,switch,56,105.799,0,94.6093,3.37535,84.8414,88.2167,100,0,1
14,egress,23,S39,1,switch,56,105.799,11.1897,11.1897,0,11.1897,0,100,0,0
14,egress,23,S39,2,switch,50,253.771,0,189.834,0,84.8414,84.8414,100,0,0
14,egress,23,S39,3,switch,13,140.319,0,140.319,11.7833,88.2167,100,100,95.3717,2
14,egress,23,S39,4,switch,58,247.444,0,247.444,84.8414,0,84.8414,100,0,2
14,egress,23,S39,6,terminal,47,1000,0,80.1741,0,84.8414,84.8414,100,0,0
14,egress,24,S08,0,switch,22,182.424,0,177.756,0,0,0,100,0,0
14,egress,24,S08,3,terminal,49,1000,0,31.9693,0,0,0,100,0,0
14,egress,25,S16,0,switch,22,153.62,0,121.181,0,100,100,100,0,0
14,egress,25,S16,1,switch,20,119.9,0,19.9,100,0,100,100,23.7086,3
14,egress,25,S16,1,switch,20,119.9,100,100,0,100,0,100,0,0
14,egress,25,S16,2,switch,35,135.775,0,64.1645,0,100,100,100,0,0
14,egress,25,S16,3,terminal,50,1000,0,58.2839,0,100,100,100,0,0
14,egress,25,S16,4,terminal,51,1000,0,178.431,0,100,100,100,0,0
14,egress,26,S33,0,switch,3,174.708,0,133.157,12.5753,0,12.5753,100,0,5
14,egress,26,S33,0,switch,3,174.708,41.5512,41.5512,0,41.5512,0,100,0,0
14,egress,26,S33,1,switch,37,254.481,0,29.118,0,12.5753,12.5753,100,0,0
14,egress,26,S33,4,terminal,52,1000,0,250.848,0,12.5753,12.5753,100,0,0
14,egress,26,S33,5,terminal,53,1000,0,275.029,0,12.5753,12.5753,100,0,0
14,egress,27,S09,0,switch,24,129.629,0,29.629,100,0,100,100,277.373,4
14,egress,27,S09,0,switch,24,129.629,100,100,0,100,0,100,0,0
14,egress,27,S09,1,switch,2,200.787,0,200.787,0,100,100,100,40.7557,0
14,egress,27,S09,2,switch,7,126.429,0,113.004,0,0,0,100,0,0
14,egress,27,S09,4,terminal,55,1000,0,6.74554,0,0,0,100,0,0
14,egress,28,S12,1,switch,29,167.904,0,90.0826,0,0,0,100,0,0
14,egress,28,S12,2,switch,20,296.117,0,61.4278,0,0,0,100,0,0
14,egress,28,S12,2,switch,20,296.117,100,100,0,100,0,100,0,0
14,egress,29,S13,0,switch,11,202.575,0,202.575,0,0,0,100,0,0
14,egress,29,S13,1,switch,24,131.235,0,68.0977,0,0,0,100,0,0
14,egress,29,S13,3,switch,30,295.76,100,100,0,100,0,100,0,0
14,egress,29,S13,6,terminal,58,1000,0,376.268,0,0,0,100,0,0
14,egress,29,S13,7,terminal,59,1000,0,3.59798,0,0,0,100,0,0
14,egress,3,S27,0,switch,0,119.129,0,23.2281,0,0,0,100,0,0
14,egress,3,S27,1,switch,42,234.552,0,42.7585,0,0,0,100,0,0
14,egress,3,S27,1,switch,42,234.552,100,100,0,100,0,100,0,0
14,egress,3,S27,2,switch,49,266.441,0,93.0258,0,0,0,100,0,0
14,egress,3,S27,3,switch,45,296.659,0,267.267,0,0,0,100,0,0
14,egress,3,S27,4,switch,26,158.334,0,158.334,0,0,0,100,0,0
14,egress,3,S27,5,terminal,6,1000,0,19.4239,0,0,0,100,0,0
14,egress,3,S27,6,terminal,7,1000,0,36.4822,0,0,0,100,0,0
14,egress,30,S14,0,switch,29,288.048,0,288.048,0,0,0,100,0,0
14,egress,30,S14,1,switch,20,100.691,0,48.8635,100,0,100,100,53.3009,3
14,egress,30,S14,1,switch,20,100.691,51.8275,51.8275,0,51.8275,0,100,0,0
14,egress,30,S14,3,terminal,60,1000,0,64.7362,0,0,0,100,0,0
14,egress,30,S14,4,terminal,61,1000,0,328.592,0,100,100,100,0,0
14,egress,31,S62,0,switch,29,171.288,0,24.6705,0,46.4778,46.4778,100,0,0
14,egress,31,S62,1,switch,30,134.823,0,88.5872,46.4778,0,46.4778,100,0,1
14,egress,31,S62,1,switch,30,134.823,46.2358,46.2358,0,46.2358,0,100,0,0
14,egress,31,S62,2,switch,10,234.199,0,187.302,0,46.4778,46.4778,100,0,0
14,egress,31,S62,4,terminal,62,1000,0,7.66002,0,0,0,100,0,0
14,egress,31,S62,5,terminal,63,1000,0,79.4151,0,0,0,100,0,0
14,egress,32,S21,0,switch,42,146.462,0,146.081,0,47.0427,47.0427,100,0,0
14,egress,32,S21,1,switch,43,261.425,0,261.425,47.0427,0,47.0427,100,0,2
14,egress,32,S21,2,switch,9,260.623,0,4.96802,0,0,0,100,0,0
14,egress,32,S21,4,terminal,65,1000,0,140.83,0,0,0,100,0,0
14,egress,33,S34,0,switch,26,235.741,0,210.635,0,0,0,100,0,0
14,egress,34,S57,0,switch,20,180.835,100,0,100,100,100,100,0,3
14,egress,34,S57,0,switch,20,180.835,100,42.6985,100,100,100,100,0,3
14,egress,34,S57,1,switch,62,192.101,0,190.417,0,100,100,100,0,0
14,egress,35,S17,0,switch,25,277.107,0,177.107,40.0428,0,40.0428,100,0,2
14,egress,35,S17,0,switch,25,277.107,100,100,0,100,0,100,0,0
14,egress,35,S17,2,switch,37,246.878,0,246.878,0,40.0428,40.0428,100,0,0
14,egress,35,S17,4,terminal,70,1000,0,198.388,0,40.0428,40.0428,100,0,0
14,egress,36,S18,0,switch,35,247.316,0,124.982,0,22.3845,22.3845,100,0,0
14,egress,36,S18,2,switch,40,242.342,0,142.342,15.6739,6.71067,22.3845,100,0,1
14,egress,36,S18,2,switch,40,242.342,100,100,0,100,0,100,0,0
14,egress,36,S18,3,switch,41,132.08,0,132.08,6.71067,0,6.71067,100,0,1
14,egress,36,S18,5,terminal,73,1000,0,56.9169,0,22.3845,22.3845,100,0,0
14,egress,37,S32,0,switch,0,103.31,0,95.8237,7.48633,0,7.48633,100,0,5
14,egress,37,S32,0,switch,0,103.31,7.48633,7.48633,0,7.48633,0,100,0,0
14,egress,37,S32,1,switch,35,254.068,0,82.2707,0,7.48633,7.48633,100,0,0
14,egress,37,S32,4,switch,26,298.921,0,103.119,0,0,0,100,0,0
14,egress,37,S32,4,switch,26,298.921,92.5137,92.5137,0,100,7.48633,100,0,0
14,egress,37,S32,6,switch,55,286.166,0,48.8702,0,7.48633,7.48633,100,0,0
14,egress,37,S32,8,terminal,75,1000,0,246.878,0,7.48633,7.48633,100,0,0
14,egress,38,S42,0,switch,42,176.64,0,158.963,0,8.7988,8.7988,100,0,0
14,egress,38,S42,1,switch,40,122.733,0,22.733,8.7988,0,8.7988,100,0,1
14,egress,38,S42,1,switch,40,122.733,100,100,0,100,0,100,0,0
14,egress,38,S42,2,switch,59,146.129,0,63.0636,0,8.7988,8.7988,100,0,0
14,egress,39,S19,0,switch,36,204.72,0,129.077,70.8926,0,70.8926,100,0,4
14,egress,39,S19,0,switch,36,204.72,75.6429,75.6429,0,100,24.3571,100,0,0
14,egress,39,S19,1,switch,42,146.524,0,122.167,29.1074,70.8926,100,100,178.043,1
14,egress,39,S19,1,switch,42,146.524,24.3571,24.3571,0,24.3571,0,100,0,0
14,egress,39,S19,2,terminal,78,1000,0,10.6726,0,70.8926,70.8926,100,0,0
14,egress,39,S19,3,terminal,79,1000,0,33.8351,0,70.8926,70.8926,100,0,0
14,egress,4,S37,0,switch,0,203.508,0,203.508,55.706,44.294,100,100,209.339,1
14,egress,4,S37,1,switch,47,208.301,0,18.5199,0,44.294,44.294,100,0,0
14,egress,4,S37,2,switch,56,222.018,0,122.018,44.294,0,44.294,100,0,1
14,egress,4,S37,2,switch,56,222.018,100,100,0,100,0,100,0,0
14,egress,4,S37,3,switch,50,165.152,0,18.5199,0,44.294,44.294,100,0,0
14,egress,4,S37,4,terminal,8,1000,0,8.34677,0,0,0,100,0,0
14,egress,4,S37,5,terminal,9,1000,0,23.7051,0,0,0,100,0,0
14,egress,40,S29,0,switch,36,264.754,0,264.754,0,100,100,100,291.611,0
14,egress,40,S29,1,switch,45,131.396,0,31.396,100,0,100,100,149.642,2
14,egress,40,S29,1,switch,45,131.396,100,100,0,100,0,100,0,0
14,egress,40,S29,3,switch,38,184.858,0,108.289,0,0,0,100,0,0
14,egress,40,S29,4,switch,21,163.928,0,118.456,0,0,0,100,0,0
14,egress,40,S29,7,terminal,81,1000,0,242.342,0,0,0,100,0,0
14,egress,41,S49,0,switch,11,188.868,0,188.868,39.4055,0,39.4055,100,0,1
14,egress,41,S49,1,switch,36,220.166,0,120.166,60.5945,39.4055,100,100,42.3085,1
14,egress,41,S49,1,switch,36,220.166,100,100,0,100,0,100,0,0
14,egress,41,S49,4,switch,51,258.091,0,54.6334,0,100,100,100,0,0
14,egress,41,S49,5,switch,48,181.228,0,39.725,0,0,0,100,0,0
14,egress,42,S20,0,switch,39,264.967,0,264.967,58.115,41.885,100,100,51.4035,1
14,egress,42,S20,1,switch,32,241.877,0,141.877,0,100,100,100,180.769,0
14,egress,42,S20,1,switch,32,241.877,100,100,0,100,0,100,0,0
14,egress,42,S20,4,switch,10,119.666,0,119.666,41.885,0,41.885,100,0,2
14,egress,42,S20,5,terminal,84,1000,0,146.524,0,0,0,100,0,0
14,egress,43,S22,0,switch,0,203.304,0,203.304,65.9152,34.0848,100,100,133.164,1
14,egress,43,S22,3,switch,44,274.638,0,50.9025,0,34.0848,34.0848,100,0,0
14,egress,43,S22,3,switch,44,274.638,47.4985,47.4985,0,47.4985,0,100,0,0
14,egress,43,S22,4,switch,45,155.693,0,155.693,34.0848,0,34.0848,100,0,1
14,egress,44,S23,0,switch,43,211.017,0,170.001,100,0,100,100,88.6118,2
14,egress,44,S23,0,switch,43,211.017,41.0155,41.0155,0,41.0155,0,100,0,0
14,egress,44,S23,2,terminal,88,1000,0,260.223,0,100,100,100,0,0
14,egress,44,S23,3,terminal,89,1000,0,84.7537,0,100,100,100,0,0
14,egress,45,S28,0,switch,15,170.054,0,167.993,0,0,0,100,0,0
14,egress,45,S28,1,switch,27,280.654,100,100,0,100,0,100,0,0
14,egress,45,S28,2,switch,43,227.415,0,7.849,0,0,0,100,0,0
14,egress,45,S28,5,switch,18,198.318,0,186.735,0,0,0,100,0,0
14,egress,45,S28,6,switch,5,174.024,0,63.4538,0,0,0,100,0,0
14,egress,45,S28,8,terminal,91,1000,0,20.5912,0,0,0,100,0,0
14,egress,46,S24,1,switch,44,217.722,0,109.728,0,0,0,100,0,0
14,egress,46,S24,1,switch,44,217.722,100,100,0,100,0,100,0,0
14,egress,46,S24,3,switch,48,198.106,0,97.244,0,0,0,100,0,0
14,egress,46,S24,5,terminal,93,1000,0,12.4513,0,0,0,100,0,0
14,egress,47,S25,0,switch,46,291.732,0,201.491,0,0,0,100,0,0
14,egress,47,S25,2,switch,4,166.312,100,100,0,100,0,100,0,0
14,egress,47,S25,4,switch,51,120.167,0,26.1976,0,0,0,100,0,0
14,egress,47,S25,5,terminal,94,1000,0,155.896,0,0,0,100,0,0
14,egress,48,S50,1,switch,41,183.344,0,183.344,0,0,0,100,0,0
14,egress,48,S50,2,switch,58,290.959,0,10.1836,0,0,0,100,0,0
14,egress,48,S50,2,switch,58,290.959,100,100,0,100,0,100,0,0
14,egress,48,S50,3,switch,10,118.54,0,3.80695,0,0,0,100,0,0
14,egress,48,S50,4,terminal,96,1000,0,137.847,0,0,0,100,0,0
14,egress,49,S26,0,switch,43,126.404,0,49.0214,77.7874,0,77.7874,100,0,3
14,egress,49,S26,0,switch,43,126.404,77.3826,77.3826,0,77.3826,0,100,0,0
14,egress,49,S26,1,switch,47,132.828,0,70.0771,0,77.7874,77.7874,100,0,0
14,egress,49,S26,3,terminal,98,1000,0,37.5096,0,77.7874,77.7874,100,0,0
14,egress,49,S26,4,terminal,99,1000,0,24.0895,0,77.7874,77.7874,100,0,0
14,egress,5,S63,0,switch,0,259.679,0,259.045,0,0,0,100,0,0
14,egress,5,S63,3,terminal,10,1000,0,147.307,0,0,0,100,0,0
14,egress,50,S38,0,switch,25,175.944,100,100,0,100,0,100,0,0
14,egress,50,S38,1,switch,47,143.074,0,10.7793,0,0,0,100,0,0
14,egress,50,S38,2,switch,4,290.506,0,129.644,0,0,0,100,0,0
14,egress,50,S38,3,switch,23,184.166,0,129.644,0,0,0,100,0,0
14,egress,50,S38,5,switch,57,190.285,0,55.118,0,0,0,100,0,0
14,egress,50,S38,6,terminal,100,1000,0,16.6537,0,0,0,100,0,0
14,egress,50,S38,7,terminal,101,1000,0,15.5251,0,0,0,100,0,0
14,egress,51,S48,1,switch,41,119.175,0,19.175,25.3731,0,25.3731,100,0,1
14,egress,51,S48,1,switch,41,119.175,100,100,0,100,0,100,0,0
14,egress,51,S48,2,terminal,102,1000,0,39.2213,0,0,0,100,0,0
14,egress,51,S48,3,terminal,103,1000,0,176.539,0,0,0,100,0,0
14,egress,52,S30,0,switch,28,196.927,0,132.178,0,100,100,100,0,0
14,egress,52,S30,1,switch,40,109.864,100,0,100,100,100,100,0,2
14,egress,52,S30,1,switch,40,109.864,100,61.5062,100,100,100,100,0,2
14,egress,52,S30,2,switch,54,164.752,0,61.933,0,100,100,100,0,0
14,egress,52,S30,3,switch,13,157.989,0,126.139,0,100,100,100,0,0
14,egress,52,S30,4,terminal,104,1000,0,69.946,0,100,100,100,0,0
14,egress,52,S30,5,terminal,105,1000,0,27.157,0,100,100,100,0,0
14,egress,53,S55,0,switch,15,170.836,0,52.9148,0,0,0,100,0,0
14,egress,53,S55,1,switch,40,298.054,0,57.4172,0,0,0,100,0,0
14,egress,53,S55,1,switch,40,298.054,100,100,0,100,0,100,0,0
14,egress,53,S55,6,terminal,107,1000,0,71.0223,0,0,0,100,0,0
14,egress,54,S31,0,switch,52,115.713,100,100,0,100,0,100,0,0
14,egress,54,S31,1,switch,37,242.335,0,28.7436,0,0,0,100,0,0
14,egress,55,S60,1,switch,37,243.133,0,37.7565,0,0,0,100,0,0
14,egress,55,S60,2,switch,9,166.058,0,166.058,0,0,0,100,0,0
14,egress,55,S60,3,switch,10,278.792,0,180.348,0,0,0,100,0,0
14,egress,55,S60,4,terminal,110,1000,0,70.6501,0,0,0,100,0,0
14,egress,55,S60,5,terminal,111,1000,0,247.236,0,0,0,100,0,0
14,egress,56,S36,0,switch,27,231.665,0,192.847,0,0,0,100,0,0
14,egress,56,S36,1,switch,17,225.221,100,100,0,100,0,100,0,0
14,egress,56,S36,3,switch,23,284.309,0,222.018,0,0,0,100,0,0
14,egress,56,S36,4,terminal,112,1000,0,52.8995,0,0,0,100,0,0
14,egress,57,S47,0,switch,52,179.939,0,179.939,14.1895,0,14.1895,100,0,2
14,egress,57,S47,1,switch,50,259.289,100,100,0,100,0,100,0,0
14,egress,57,S47,3,switch,51,221.5,0,48.003,0,14.1895,14.1895,100,0,0
14,egress,57,S47,4,terminal,114,1000,0,58.73,0,14.1895,14.1895,100,0,0
14,egress,57,S47,5,terminal,115,1000,0,131.555,0,14.1895,14.1895,100,0,0
14,egress,58,S51,1,switch,23,189.834,0,89.834,1.21,98.79,100,100,99.915,1
14,egress,58,S51,1,switch,23,189.834,100,100,0,100,0,100,0,0
14,egress,58,S51,2,switch,48,275.695,0,245.835,0,0,0,100,0,0
14,egress,58,S51,3,switch,8,148.654,0,148.654,98.79,0,98.79,100,0,1
14,egress,58,S51,4,switch,62,214.158,0,100,0,100,100,100,0,0
14,egress,59,S41,0,switch,13,132.99,0,55.5417,100,0,100,100,10.5304,5
14,egress,59,S41,0,switch,13,132.99,77.4483,77.4483,0,77.4483,0,100,0,0
14,egress,59,S41,2,terminal,118,1000,0,123.773,0,100,100,100,0,0
14,egress,6,S02,0,switch,1,138.732,0,54.7602,100,0,100,100,84.1249,4
14,egress,6,S02,0,switch,1,138.732,83.9718,83.9718,0,83.9718,0,100,0,0
14,egress,6,S02,3,switch,13,194.048,0,178.02,0,100,100,100,95.632,0
14,egress,6,S02,3,switch,13,194.048,16.0282,16.0282,0,100,83.9718,100,0,0
14,egress,6,S02,4,terminal,12,1000,0,107.335,0,100,100,100,0,0
14,egress,60,S44,0,switch,18,203.923,0,203.923,0,0,0,100,0,0
14,egress,60,S44,1,switch,7,207.424,0,207.424,0,0,0,100,0,0
14,egress,60,S44,3,terminal,121,1000,0,100.637,0,0,0,100,0,0
14,egress,61,S46,1,switch,57,199.213,0,180.474,16.8234,0,16.8234,100,0,3
14,egress,61,S46,1,switch,57,199.213,18.7388,18.7388,0,18.7388,0,100,0,0
14,egress,61,S46,3,terminal,123,1000,0,100.666,0,16.8234,16.8234,100,0,0
14,egress,62,S56,0,switch,53,164.993,0,121.47,43.3805,0,43.3805,100,0,2
14,egress,62,S56,0,switch,53,164.993,43.5235,43.5235,0,43.5235,0,100,0,0
14,egress,62,S56,2,terminal,124,1000,0,64.1945,0,43.3805,43.3805,100,0,0
14,egress,62,S56,3,terminal,125,1000,0,218.746,0,43.3805,43.3805,100,0,0
14,egress,63,S54,0,switch,15,172.792,0,67.8875,0,0,0,100,0,0
14,egress,63,S54,1,switch,21,203.653,0,203.653,0,0,0,100,0,0
14,egress,7,S45,0,switch,27,292,0,292,100,0,100,100,29.7285,1
14,egress,7,S45,1,switch,60,100.637,10.9937,10.9937,0,15.0317,4.038,100,0,0
14,egress,7,S45,2,switch,61,100.666,0,86.1879,0,100,100,100,0,0
14,egress,7,S45,2,switch,61,100.666,4.038,4.038,0,4.038,0,100,0,0
14,egress,7,S45,4,terminal,15,1000,0,100.931,0,0,0,100,0,0
14,egress,8,S52,0,switch,1,255.562,0,189.577,65.3626,0,65.3626,100,0,2
14,egress,8,S52,0,switch,1,255.562,65.9855,65.9855,0,65.9855,0,100,0,0
14,egress,9,S59,0,switch,1,295.318,0,294.242,0,0,0,100,0,0
14,egress,9,S59,1,switch,32,232.452,0,232.452,0,100,100,100,18.566,0
14,egress,9,S59,2,switch,21,160.744,0,160.744,0,100,100,100,5.314,0
14,egress,9,S59,4,switch,55,140.378,0,40.378,100,0,100,100,72.0852,2
14,egress,9,S59,4,switch,55,140.378,100,100,0,100,0,100,0,0
15,egress,0,S00,0,switch,1,183.324,0,83.324,100,0,100,100,280.21,1
15,egress,0,S00,0,switch,1,183.324,100,100,0,100,0,100,0,0
15,egress,0,S00,1,switch,2,106.121,0,102.926,0,100,100,100,0,0
15,egress,0,S00,2,switch,3,149.8,0,54.545,0,100,100,100,0,0
15,egress,0,S00,3,switch,4,180.219,0,64.9805,0,0,0,100,0,0
15,egress,0,S00,4,switch,5,102.034,0,54.545,0,0,0,100,0,0
15,egress,0,S00,6,terminal,1,1000,0,105.639,0,0,0,100,0,0
15,egress,1,S01,0,switch,0,159.728,0,48.2595,0,100,100,100,0,0
15,egress,1,S01,1,switch,6,265.041,0,64.9684,0,20.6929,20.6929,100,0,0
15,egress,1,S01,2,switch,7,132.025,0,52.7179,72.7672,27.2328,100,100,313.278,2
15,egress,1,S01,2,switch,7,132.025,79.3071,79.3071,0,100,20.6929,100,0,0
15,egress,1,S01,3,switch,8,206.324,0,69.6164,0,100,100,100,0,0
15,egress,1,S01,4,switch,9,251.018,0,16.68,0,27.2328,27.2328,100,0,0
15,egress,1,S01,5,switch,10,221.678,20.6929,0,20.6929,20.6929,20.6929,100,0,3
15,egress,1,S01,5,switch,10,221.678,20.6929,221.678,27.2328,20.6929,27.2328,100,0,3
15,egress,1,S01,6,terminal,2,1000,0,53.643,0,20.6929,20.6929,100,0,0
15,egress,1,S01,7,terminal,3,1000,0,38.62,0,20.6929,20.6929,100,0,0
15,egress,10,S61,0,switch,1,227.172,0,39.1705,0,94.2912,94.2912,100,0,0
15,egress,10,S61,1,switch,19,153.026,0,153.026,94.2912,0,94.2912,100,0,1
15,egress,10,S61,2,switch,42,279.867,0,250.868,0,0,0,100,0,0
15,egress,10,S61,4,switch,55,207.652,0,75.7603,0,0,0,100,0,0
15,egress,10,S61,5,switch,31,158.461,0,58.461,5.70875,94.2912,100,100,200.284,1
15,egress,10,S61,5,switch,31,158.461,100,100,0,100,0,100,0,0
15,egress,10,S61,6,terminal,20,1000,0,107.493,0,0,0,100,0,0
15,egress,10,S61,7,terminal,21,1000,0,16.5978,0,0,0,100,0,0
15,egress,11,S03,0,switch,6,132.338,0,33.0096,0,100,100,100,13.9998,0
15,egress,11,S03,0,switch,6,132.338,99.3284,99.3284,0,99.3284,0,100,0,0
15,egress,11,S03,1,switch,12,213.202,0,212.53,100,0,100,100,58.7159,2
15,egress,11,S03,1,switch,12,213.202,0.671629,0.671629,0,100,99.3284,100,0,0
15,egress,11,S03,2,switch,14,127.424,0,127.424,0,100,100,100,21.719,0
15,egress,11,S03,3,switch,10,279.727,0,102.55,0,100,100,100,0,0
15,egress,11,S03,5,terminal,23,1000,0,79.7854,0,100,100,100,0,0
15,egress,12,S04,0,switch,6,184.169,0,83.2832,0,0,0,100,0,0
15,egress,12,S04,0,switch,6,184.169,96.9263,96.9263,0,96.9263,0,100,0,0
15,egress,12,S04,1,switch,11,186.587,0,140.803,0,0,0,100,0,0
15,egress,12,S04,2,switch,15,124.853,0,43.8896,0,0,0,100,0,0
15,egress,12,S04,5,switch,18,178.427,0,178.427,1.6905,0,1.6905,100,0,1
15,egress,12,S04,6,terminal,24,1000,0,33.8028,0,0,0,100,0,0
15,egress,12,S04,7,terminal,25,1000,0,70.0115,0,1.6905,1.6905,100,0,0
15,egress,13,S40,0,switch,6,162.644,53.013,0,53.013,100,100,100,0,1
15,egress,13,S40,0,switch,6,162.644,53.013,159.216,53.013,77.0173,77.0173,100,0,1
15,egress,13,S40,1,switch,52,151.023,0,85.4692,0,77.0173,77.0173,100,0,0
15,egress,13,S40,2,switch,50,160.169,0,113.182,24.0043,53.013,77.0173,100,0,1
15,egress,13,S40,2,switch,50,160.169,46.987,46.987,0,100,53.013,100,0,0
15,egress,13,S40,3,switch,23,211.313,0,200.219,0,77.0173,77.0173,100,0,0
15,egress,13,S40,4,switch,59,239.712,0,104.029,0,77.0173,77.0173,100,0,0
15,egress,13,S40,5,terminal,26,1000,0,35.604,0,77.0173,77.0173,100,0,0
15,egress,13,S40,6,terminal,27,1000,0,178.063,0,77.0173,77.0173,100,0,0
15,egress,14,S58,0,switch,11,169.38,0,106.94,0,0,0,100,0,0
15,egress,14,S58,1,switch,42,232.511,0,127.424,0,0,0,100,0,0
15,egress,14,S58,3,switch,9,139.013,0,47.2907,0,0,0,100,0,0
15,egress,15,S05,0,switch,12,134.869,0,134.869,100,0,100,100,52.0274,1
15,egress,15,S05,2,switch,20,256.175,0,147.88,0,100,100,100,0,0
15,egress,15,S05,2,switch,20,256.175,100,100,0,100,0,100,0,0
15,egress,15,S05,3,switch,21,137.945,0,47.3058,0,100,100,100,0,0
15,egress,15,S05,5,terminal,31,1000,0,40.6092,0,0,0,100,0,0
15,egress,16,S11,0,switch,12,200.84,0,100.84,100,0,100,100,78.8381,2
15,egress,16,S11,0,switch,12,200.84,100,100,0,100,0,100,0,0
15,egress,16,S11,1,switch,2,104.704,0,59.399,0,0,0,100,0,0
15,egress,16,S11,2,switch,28,168.312,0,101.852,0,0,0,100,0,0
15,egress,16,S11,3,terminal,32,1000,0,1.2242,0,0,0,100,0,0
15,egress,16,S11,4,terminal,33,1000,0,100,0,0,0,100,0,0
15,egress,17,S35,0,switch,33,196.155,0,100,0,0,0,100,0,0
15,egress,17,S35,0,switch,33,196.155,29.066,29.066,0,29.066,0,100,0,0
15,egress,17,S35,1,switch,56,252.252,0,89.6045,0,0,0,100,0,0
15,egress,17,S35,3,terminal,34,1000,0,14.4147,0,0,0,100,0,0
15,egress,18,S43,0,switch,38,157.659,0,149.313,8.3461,0,8.3461,100,0,3
15,egress,18,S43,0,switch,38,157.659,8.3461,8.3461,0,8.3461,0,100,0,0
15,egress,18,S43,2,terminal,36,1000,0,286.735,0,0,0,100,0,0
15,egress,18,S43,3,terminal,37,1000,0,203.923,0,0,0,100,0,0
15,egress,19,S06,0,switch,15,170.98,0,41.0053,0,100,100,100,0,0
15,egress,19,S06,1,switch,22,210.644,0,62.505,0,100,100,100,0,0
15,egress,19,S06,3,switch,10,169.014,0,69.014,100,0,100,100,41.4542,5
15,egress,19,S06,3,switch,10,169.014,100,100,0,100,0,100,0,0
15,egress,19,S06,4,terminal,38,1000,0,153.026,0,0,0,100,0,0
15,egress,2,S10,0,switch,27,137.994,0,82.7754,24.0979,75.9021,100,100,78.7593,1
15,egress,2,S10,0,switch,27,137.994,55.2186,55.2186,0,55.2186,0,100,0,0
15,egress,2,S10,1,switch,16,243.793,0,243.793,75.9021,0,75.9021,100,0,3
15,egress,2,S10,2,terminal,4,1000,0,37.4399,0,100,100,100,0,0
15,egress,20,S15,0,switch,15,112.83,0,54.75,0,0,0,100,0,0
15,egress,20,S15,1,switch,28,153.051,0,5.64077,0,0,0,100,0,0
15,egress,20,S15,2,switch,30,254.167,0,1.40203,0,0,0,100,0,0
15,egress,20,S15,3,switch,25,274.153,0,139.143,0,0,0,100,0,0
15,egress,20,S15,4,switch,32,143.593,0,106.536,51.501,0,51.501,100,0,2
15,egress,20,S15,4,switch,32,143.593,37.0573,37.0573,0,37.0573,0,100,0,0
15,egress,20,S15,5,switch,33,232.696,0,15.2708,0,0,0,100,0,0
15,egress,20,S15,6,switch,13,232.721,0,150.055,0,0,0,100,0,0
15,egress,20,S15,6,switch,13,232.721,62.9427,62.9427,0,100,37.0573,100,0,0
15,egress,20,S15,7,switch,34,204.798,0,150.954,0,0,0,100,0,0
15,egress,20,S15,9,terminal,41,1000,0,5.64077,0,51.501,51.501,100,0,0
15,egress,21,S53,1,switch,40,137.143,0,135.803,0,0,0,100,0,0
15,egress,21,S53,2,switch,8,135.597,0,67.541,0,100,100,100,136.112,0
15,egress,21,S53,2,switch,8,135.597,68.056,68.056,0,68.056,0,100,0,0
15,egress,21,S53,3,switch,63,178.955,0,178.955,100,0,100,100,43.3368,2
15,egress,22,S07,0,switch,19,118.259,0,41.2541,100,0,100,100,8.0704,9
15,egress,22,S07,0,switch,19,118.259,77.0049,77.0049,0,77.0049,0,100,0,0
15,egress,22,S07,2,switch,25,128.19,0,82.129,0,100,100,100,0,0
15,egress,22,S07,3,switch,26,124.406,0,124.406,0,100,100,100,163.447,0
15,egress,22,S07,5,terminal,45,1000,0,64.2408,0,0,0,100,0,0
15,egress,23,S39,0,switch,17,216.203,0,24.5204,0,84.8414,84.8414,100,0,0
15,egress,23,S39,1,switch,56,105.799,0,77.4199,0,84.8414,84.8414,100,0,0
15,egress,23,S39,1,switch,56,105.799,3.37535,3.37535,0,100,96.6246,100,0,0
15,egress,23,S39,2,switch,50,253.771,0,100,0,84.8414,84.8414,100,0,0
15,egress,23,S39,3,switch,13,140.319,0,100,0,84.8414,84.8414,100,0,0
15,egress,23,S39,3,switch,13,140.319,11.7833,11.7833,0,96.6246,84.8414,100,0,0
15,egress,23,S39,4,switch,58,247.444,84.8414,0,84.8414,100,100,100,0,2
15,egress,23,S39,4,switch,58,247.444,84.8414,247.444,100,84.8414,100,100,128.407,3
15,egress,23,S39,5,terminal,46,1000,0,154.165,0,84.8414,84.8414,100,0,0
15,egress,23,S39,6,terminal,47,1000,0,158.594,0,84.8414,84.8414,100,0,0
15,egress,24,S08,0,switch,22,182.424,0,112.405,0,0,0,100,0,0
15,egress,24,S08,2,terminal,48,1000,0,4.23271,0,0,0,100,0,0
15,egress,24,S08,3,terminal,49,1000,0,142.773,0,0,0,100,0,0
15,egress,25,S16,0,switch,22,153.62,0,101.626,0,100,100,100,0,0
15,egress,25,S16,1,switch,20,119.9,0,19.9,100,0,100,100,94.297,5
15,egress,25,S16,1,switch,20,119.9,100,100,0,100,0,100,0,0
15,egress,25,S16,2,switch,35,135.775,0,93.5293,0,0,0,100,0,0
15,egress,25,S16,3,terminal,50,1000,0,148.445,0,0,0,100,0,0
15,egress,25,S16,4,terminal,51,1000,0,198.877,0,100,100,100,0,0
15,egress,26,S33,0,switch,3,174.708,0,162.133,100,0,100,100,19.7408,4
15,egress,26,S33,0,switch,3,174.708,12.5753,12.5753,0,12.5753,0,100,0,0
15,egress,26,S33,1,switch,37,254.481,0,68.8113,0,0,0,100,0,0
15,egress,26,S33,4,terminal,52,1000,0,252.455,0,0,0,100,0,0
15,egress,26,S33,5,terminal,53,1000,0,135.824,0,0,0,100,0,0
15,egress,27,S09,0,switch,24,129.629,0,29.629,2.34725,97.6527,100,100,240.408,1
15,egress,27,S09,0,switch,24,129.629,100,100,0,100,0,100,0,0
15,egress,27,S09,1,switch,2,200.787,0,200.787,97.6527,0,97.6527,100,0,2
15,egress,27,S09,2,switch,7,126.429,0,114.281,0,100,100,100,0,0
15,egress,27,S09,4,terminal,55,1000,0,89.699,0,100,100,100,0,0
15,egress,28,S12,1,switch,29,167.904,0,143.197,0,0,0,100,0,0
15,egress,28,S12,2,switch,20,296.117,0,141.687,0,0,0,100,0,0
15,egress,29,S13,0,switch,11,202.575,0,77.2437,0,0,0,100,0,0
15,egress,29,S13,1,switch,24,131.235,0,35.5966,0,0,0,100,0,0
15,egress,29,S13,6,terminal,58,1000,0,342.534,0,0,0,100,0,0
15,egress,29,S13,7,terminal,59,1000,0,24.6705,0,0,0,100,0,0
15,egress,3,S27,0,switch,0,119.129,0,37.0724,0,44.0083,44.0083,100,0,0
15,egress,3,S27,1,switch,42,234.552,0,63.7608,0,44.0083,44.0083,100,0,0
15,egress,3,S27,2,switch,49,266.441,0,94.7685,0,0,0,100,0,0
15,egress,3,S27,4,switch,26,158.334,0,158.334,44.0083,0,44.0083,100,0,1
15,egress,30,S14,0,switch,29,288.048,0,14.5804,0,100,100,100,0,0
15,egress,30,S14,1,switch,20,100.691,0,0.691,100,0,100,100,84.5648,1
15,egress,30,S14,1,switch,20,100.691,100,100,0,100,0,100,0,0
15,egress,30,S14,3,terminal,60,1000,0,61.6685,0,100,100,100,0,0
15,egress,30,S14,4,terminal,61,1000,0,139.003,0,100,100,100,0,0
15,egress,31,S62,0,switch,29,171.288,0,38.0808,0,46.4778,46.4778,100,0,0
15,egress,31,S62,1,switch,30,134.823,46.4778,0,46.4778,46.4778,46.4778,100,0,1
15,egress,31,S62,1,switch,30,134.823,46.4778,50.8017,46.4778,46.4778,46.4778,100,0,1
15,egress,31,S62,4,terminal,62,1000,0,20.7791,0,46.4778,46.4778,100,0,0
15,egress,31,S62,5,terminal,63,1000,0,99.6011,0,46.4778,46.4778,100,0,0
15,egress,32,S21,0,switch,42,146.462,0,60.3008,0,0,0,100,0,0
15,egress,32,S21,1,switch,43,261.425,0,214.382,42.6067,0,42.6067,100,0,2
15,egress,32,S21,1,switch,43,261.425,47.0427,47.0427,0,47.0427,0,100,0,0
15,egress,32,S21,3,terminal,64,1000,0,279.744,0,42.6067,42.6067,100,0,0
15,egress,32,S21,4,terminal,65,1000,0,116.249,0,42.6067,42.6067,100,0,0
15,egress,33,S34,0,switch,26,235.741,0,235.741,100,0,100,100,68.15,2
15,egress,34,S57,0,switch,20,180.835,0,18.1826,0,0,0,100,0,0
15,egress,34,S57,0,switch,20,180.835,100,100,0,100,0,100,0,0
15,egress,34,S57,1,switch,62,192.101,0,32.1206,0,0,0,100,0,0
15,egress,34,S57,3,terminal,68,1000,0,3.98,0,0,0,100,0,0
15,egress,35,S17,0,switch,25,277.107,40.0428,0,40.0428,40.0428,40.0428,100,0,2
15,egress,35,S17,0,switch,25,277.107,40.0428,165.32,40.0428,40.0428,40.0428,100,0,2
15,egress,35,S17,2,switch,37,246.878,0,91.1402,0,40.0428,40.0428,100,0,0
15,egress,35,S17,4,terminal,70,1000,0,126.315,0,40.0428,40.0428,100,0,0
15,egress,36,S18,0,switch,35,247.316,0,157.185,0,0,0,100,0,0
15,egress,36,S18,1,switch,39,215.617,0,168.692,0,77.3844,77.3844,100,0,0
15,egress,36,S18,2,switch,40,242.342,0,100,0,77.3844,77.3844,100,0,0
15,egress,36,S18,2,switch,40,242.342,15.6739,15.6739,0,15.6739,0,100,0,0
15,egress,36,S18,3,switch,41,132.08,0,125.369,77.3844,0,77.3844,100,0,2
15,egress,36,S18,3,switch,41,132.08,6.71067,6.71067,0,22.3845,15.6739,100,0,0
15,egress,36,S18,5,terminal,73,1000,0,61.009,0,77.3844,77.3844,100,0,0
15,egress,37,S32,0,switch,0,103.31,0,66.4996,0,0,0,100,0,0
15,egress,37,S32,0,switch,0,103.31,7.48633,7.48633,0,7.48633,0,100,0,0
15,egress,37,S32,1,switch,35,254.068,0,3.56798,0,0,0,100,0,0
15,egress,37,S32,2,switch,40,118.456,0,29.118,0,0,0,100,0,0
15,egress,37,S32,4,switch,26,298.921,0,187.217,0,0,0,100,0,0
15,egress,37,S32,8,terminal,75,1000,0,246.878,0,0,0,100,0,0
15,egress,38,S42,0,switch,42,176.64,0,176.64,69.7767,8.7988,78.5755,100,0,5
15,egress,38,S42,1,switch,40,122.733,8.7988,0,8.7988,8.7988,8.7988,100,0,1
15,egress,38,S42,1,switch,40,122.733,8.7988,39.6457,8.7988,78.5755,78.5755,100,0,1
15,egress,38,S42,2,switch,59,146.129,0,38.9184,0,8.7988,8.7988,100,0,0
15,egress,39,S19,0,switch,36,204.72,0,133.827,100,0,100,100,159.862,3
15,egress,39,S19,0,switch,36,204.72,70.8926,70.8926,0,70.8926,0,100,0,0
15,egress,39,S19,1,switch,42,146.524,29.1074,29.1074,0,100,70.8926,100,0,0
15,egress,39,S19,2,terminal,78,1000,0,28.9819,0,100,100,100,0,0
15,egress,4,S37,0,switch,0,203.508,0,147.802,48.4963,0,48.4963,100,0,1
15,egress,4,S37,0,switch,0,203.508,55.706,55.706,0,55.706,0,100,0,0
15,egress,4,S37,1,switch,47,208.301,0,20.662,0,0,0,100,0,0
15,egress,4,S37,2,switch,56,222.018,0,100,0,0,0,100,0,0
15,egress,4,S37,2,switch,56,222.018,44.294,44.294,0,100,55.706,100,0,0
15,egress,4,S37,3,switch,50,165.152,0,20.3746,0,0,0,100,0,0
15,egress,4,S37,5,terminal,9,1000,0,20.6899,0,0,0,100,0,0
15,egress,40,S29,0,switch,36,264.754,0,155.827,0,0,0,100,0,0
15,egress,40,S29,1,switch,45,131.396,0,31.396,100,0,100,100,245.31,3
15,egress,40,S29,1,switch,45,131.396,100,100,0,100,0,100,0,0
15,egress,40,S29,3,switch,38,184.858,0,97.0886,0,0,0,100,0,0
15,egress,40,S29,5,switch,53,191.77,0,80.5895,0,100,100,100,0,0
15,egress,40,S29,7,terminal,81,1000,0,100,0,0,0,100,0,0
15,egress,41,S49,0,switch,11,188.868,0,45.9448,0,46.4327,46.4327,100,0,0
15,egress,41,S49,0,switch,11,188.868,39.4055,39.4055,0,39.4055,0,100,0,0
15,egress,41,S49,1,switch,36,220.166,0,159.571,46.4327,0,46.4327,100,0,1
15,egress,41,S49,1,switch,36,220.166,60.5945,60.5945,0,100,39.4055,100,0,0
15,egress,41,S49,4,switch,51,258.091,0,111.136,0,46.4327,46.4327,100,0,0
15,egress,41,S49,5,switch,48,181.228,0,82.048,0,46.4327,46.4327,100,0,0
15,egress,41,S49,6,terminal,82,1000,0,20.944,0,0,0,100,0,0
15,egress,42,S20,0,switch,39,264.967,0,206.852,0,100,100,100,25.84,0
15,egress,42,S20,0,switch,39,264.967,58.115,58.115,0,100,41.885,100,0,0
15,egress,42,S20,1,switch,32,241.877,0,147.465,0,100,100,100,0,0
15,egress,42,S20,2,switch,3,251.806,0,121.465,0,100,100,100,0,0
15,egress,42,S20,4,switch,10,119.666,0,77.781,100,0,100,100,125.283,2
15,egress,42,S20,4,switch,10,119.666,41.885,41.885,0,41.885,0,100,0,0
15,egress,42,S20,5,terminal,84,1000,0,85.4406,0,0,0,100,0,0
15,egress,43,S22,0,switch,0,203.304,0,137.389,100,0,100,100,105.831,4
15,egress,43,S22,0,switch,0,203.304,65.9152,65.9152,0,65.9152,0,100,0,0
15,egress,43,S22,3,switch,44,274.638,0,35.8412,0,100,100,100,0,0
15,egress,43,S22,4,switch,45,155.693,0,121.608,0,100,100,100,24.0552,0
15,egress,43,S22,4,switch,45,155.693,34.0848,34.0848,0,100,65.9152,100,0,0
15,egress,43,S22,6,terminal,87,1000,0,120.641,0,100,100,100,0,0
15,egress,44,S23,0,switch,43,211.017,0,111.017,63.1848,0,63.1848,100,0,2
15,egress,44,S23,0,switch,43,211.017,100,100,0,100,0,100,0,0
15,egress,44,S23,2,terminal,88,1000,0,47.4985,0,63.1848,63.1848,100,0,0
15,egress,44,S23,3,terminal,89,1000,0,160.63,0,0,0,100,0,0
15,egress,45,S28,0,switch,15,170.054,0,170.054,56.538,0,56.538,100,0,1
15,egress,45,S28,1,switch,27,280.654,0,49.9837,0,100,100,100,0,0
15,egress,45,S28,2,switch,43,227.415,0,7.849,0,56.538,56.538,100,0,0
15,egress,45,S28,5,switch,18,198.318,0,198.318,43.462,56.538,100,100,38.1442,2
15,egress,45,S28,6,switch,5,174.024,0,15.6269,0,56.538,56.538,100,0,0
15,egress,45,S28,8,terminal,91,1000,0,20.0124,0,100,100,100,0,0
15,egress,46,S24,1,switch,44,217.722,0,217.722,0,0,0,100,0,0
15,egress,46,S24,3,switch,48,198.106,0,145.613,0,0,0,100,0,0
15,egress,46,S24,5,terminal,93,1000,0,55.8778,0,0,0,100,0,0
15,egress,47,S25,0,switch,46,291.732,0,195.745,0,0,0,100,0,0
15,egress,47,S25,4,switch,51,120.167,0,53.5585,0,0,0,100,0,0
15,egress,47,S25,5,terminal,94,1000,0,45.8179,0,0,0,100,0,0
15,egress,48,S50,1,switch,41,183.344,0,49.0861,0,43.2816,43.2816,100,0,0
15,egress,48,S50,2,switch,58,290.959,0,180.968,0,43.2816,43.2816,100,0,0
15,egress,48,S50,3,switch,10,118.54,0,118.54,43.2816,0,43.2816,100,0,2
15,egress,48,S50,4,terminal,96,1000,0,245.835,0,43.2816,43.2816,100,0,0
15,egress,49,S26,0,switch,43,126.404,0,48.6166,33.3861,0,33.3861,100,0,2
15,egress,49,S26,0,switch,43,126.404,77.7874,77.7874,0,77.7874,0,100,0,0
15,egress,49,S26,1,switch,47,132.828,0,37.354,0,0,0,100,0,0
15,egress,49,S26,3,terminal,98,1000,0,36.8119,0,33.3861,33.3861,100,0,0
15,egress,49,S26,4,terminal,99,1000,0,18.86,0,33.3861,33.3861,100,0,0
15,egress,5,S63,0,switch,0,259.679,0,62.1803,0,0,0,100,0,0
15,egress,5,S63,3,terminal,10,1000,0,84.1436,0,0,0,100,0,0
15,egress,50,S38,0,switch,25,175.944,0,175.944,13.89,0,13.89,100,0,1
15,egress,50,S38,3,switch,23,184.166,0,100,0,13.89,13.89,100,0,0
15,egress,50,S38,5,switch,57,190.285,0,93.2519,0,13.89,13.89,100,0,0
15,egress,50,S38,6,terminal,100,1000,0,66.9171,0,13.89,13.89,100,0,0
15,egress,50,S38,7,terminal,101,1000,0,18.5199,0,13.89,13.89,100,0,0
15,egress,51,S48,1,switch,41,119.175,0,93.8019,71.2475,0,71.2475,100,0,3
15,egress,51,S48,1,switch,41,119.175,25.3731,25.3731,0,25.3731,0,100,0,0
15,egress,51,S48,2,terminal,102,1000,0,26.1976,0,71.2475,71.2475,100,0,0
15,egress,51,S48,3,terminal,103,1000,0,54.9664,0,71.2475,71.2475,100,0,0
15,egress,52,S30,0,switch,28,196.927,0,103.419,0,100,100,100,0,0
15,egress,52,S30,1,switch,40,109.864,0,9.864,57.0815,42.9185,100,100,102.471,1
15,egress,52,S30,1,switch,40,109.864,100,100,0,100,0,100,0,0
15,egress,52,S30,2,switch,54,164.752,0,50.4719,0,100,100,100,0,0
15,egress,52,S30,3,switch,13,157.989,0,0,42.9185,0,42.9185,100,0,1
15,egress,52,S30,5,terminal,105,1000,0,4.975,0,100,100,100,0,0
15,egress,53,S55,0,switch,15,170.836,0,154.609,0,0,0,100,0,0
15,egress,53,S55,1,switch,40,298.054,0,244.497,0,0,0,100,0,0
15,egress,54,S31,1,switch,37,242.335,0,219.934,0,0,0,100,0,0
15,egress,55,S60,1,switch,37,243.133,0,43.3896,0,0,0,100,0,0
15,egress,55,S60,2,switch,9,166.058,0,160.773,0,0,0,100,0,0
15,egress,55,S60,4,terminal,110,1000,0,131.188,0,0,0,100,0,0
15,egress,55,S60,5,terminal,111,1000,0,189.295,0,0,0,100,0,0
15,egress,56,S36,0,switch,27,231.665,0,231.665,69.5272,0,69.5272,100,0,1
15,egress,56,S36,1,switch,17,225.221,0,122.018,0,69.5272,69.5272,100,0,0
15,egress,56,S36,3,switch,23,284.309,0,100,0,0,0,100,0,0
15,egress,56,S36,4,terminal,112,1000,0,56.2749,0,69.5272,69.5272,100,0,0
15,egress,57,S47,0,switch,52,179.939,0,165.75,19.8941,0,19.8941,100,0,2
15,egress,57,S47,0,switch,52,179.939,14.1895,14.1895,0,14.1895,0,100,0,0
15,egress,57,S47,3,switch,51,221.5,0,60.1581,0,19.8941,19.8941,100,0,0
15,egress,57,S47,4,terminal,114,1000,0,55.118,0,19.8941,19.8941,100,0,0
15,egress,58,S51,1,switch,23,189.834,0,110.184,0,0,0,100,0,0
15,egress,58,S51,1,switch,23,189.834,1.21,1.21,0,1.21,0,100,0,0
15,egress,58,S51,2,switch,48,275.695,0,123.722,0,0,0,100,0,0
15,egress,58,S51,3,switch,8,148.654,0,49.864,73.858,0,73.858,100,0,1
15,egress,58,S51,3,switch,8,148.654,98.79,98.79,0,100,1.21,100,0,0
15,egress,59,S41,0,switch,13,132.99,0,32.99,83.3999,0,83.3999,100,0,4
15,egress,59,S41,0,switch,13,132.99,100,100,0,100,0,100,0,0
15,egress,59,S41,2,terminal,118,1000,0,63.7099,0,0,0,100,0,0
15,egress,6,S02,0,switch,1,138.732,0,38.732,71.1291,28.8709,100,100,211.292,3
15,egress,6,S02,0,switch,1,138.732,100,100,0,100,0,100,0,0
15,egress,6,S02,3,switch,13,194.048,0,194.048,28.8709,0,28.8709,100,0,2
15,egress,6,S02,4,terminal,12,1000,0,63.5649,0,0,0,100,0,0
15,egress,60,S44,0,switch,18,203.923,0,13.7437,0,0,0,100,0,0
15,egress,60,S44,1,switch,7,207.424,0,84.3305,0,0,0,100,0,0
15,egress,60,S44,3,terminal,121,1000,0,10.9937,0,0,0,100,0,0
15,egress,61,S46,1,switch,57,199.213,0,182.39,16.8234,0,16.8234,100,0,3
15,egress,61,S46,1,switch,57,199.213,16.8234,16.8234,0,16.8234,0,100,0,0
15,egress,61,S46,3,terminal,123,1000,0,90.2259,0,16.8234,16.8234,100,0,0
15,egress,62,S56,0,switch,53,164.993,0,121.612,43.3805,0,43.3805,100,0,2
15,egress,62,S56,0,switch,53,164.993,43.3805,43.3805,0,43.3805,0,100,0,0
15,egress,62,S56,3,terminal,125,1000,0,290.417,0,0,0,100,0,0
15,egress,63,S54,0,switch,15,172.792,0,47.7538,0,0,0,100,0,0
15,egress,63,S54,1,switch,21,203.653,0,135.965,0,0,0,100,0,0
15,egress,7,S45,0,switch,27,292,0,192,100,0,100,100,104.488,2
15,egress,7,S45,0,switch,27,292,100,100,0,100,0,100,0,0
15,egress,7,S45,1,switch,60,100.637,0,33.0063,0,100,100,100,0,0
15,egress,7,S45,2,switch,61,100.666,0,100.666,0,100,100,100,12.3375,0
15,egress,7,S45,4,terminal,15,1000,0,33.0063,0,100,100,100,0,0
15,egress,8,S52,0,switch,1,255.562,0,190.199,100,0,100,100,25.0287,2
15,egress,8,S52,0,switch,1,255.562,65.3626,65.3626,0,65.3626,0,100,0,0
15,egress,8,S52,1,switch,39,291.042,0,148.654,0,0,0,100,0,0
15,egress,8,S52,3,switch,21,105.455,0,34.683,0,0,0,100,0,0
15,egress,9,S59,0,switch,1,295.318,0,34.4227,0,5.314,5.314,100,0,0
15,egress,9,S59,2,switch,21,160.744,0,160.744,5.314,0,5.314,100,0,1
15,egress,9,S59,4,switch,55,140.378,0,40.378,94.686,5.314,100,100,55.8313,2
15,egress,9,S59,4,switch,55,140.378,100,100,0,100,0,100,0,0
16,egress,0,S00,0,switch,1,183.324,0,83.324,32.1064,67.8936,100,100,58.8594,2
16,egress,0,S00,0,switch,1,183.324,100,100,0,100,0,100,0,0
16,egress,0,S00,1,switch,2,106.121,0,106.121,67.8936,0,67.8936,100,0,5
16,egress,0,S00,2,switch,3,149.8,0,90.4393,0,100,100,100,0,0
16,egress,0,S00,3,switch,4,180.219,0,46.9522,0,100,100,100,0,0
16,egress,0,S00,4,switch,5,102.034,0,58.1836,0,100,100,100,0,0
16,egress,0,S00,6,terminal,1,1000,0,136.854,0,100,100,100,0,0
16,egress,1,S01,0,switch,0,159.728,0,45.0567,0,28.6952,28.6952,100,0,0
16,egress,1,S01,1,switch,6,265.041,0,110.712,0,28.6952,28.6952,100,0,0
16,egress,1,S01,2,switch,7,132.025,0,59.2578,28.6952,0,28.6952,100,0,2
16,egress,1,S01,2,switch,7,132.025,72.7672,72.7672,0,72.7672,0,100,0,0
16,egress,1,S01,3,switch,8,206.324,0,54.7907,0,0,0,100,0,0
16,egress,1,S01,4,switch,9,251.018,0,13.5734,0,0,0,100,0,0
16,egress,1,S01,5,switch,10,221.678,0,164.951,0,0,0,100,0,0
16,egress,1,S01,5,switch,10,221.678,27.2328,27.2328,0,100,72.7672,100,0,0
16,egress,1,S01,6,terminal,2,1000,0,177.02,0,0,0,100,0,0
16,egress,1,S01,7,terminal,3,1000,0,39.1705,0,0,0,100,0,0
16,egress,10,S61,0,switch,1,227.172,0,19.6497,0,0,0,100,0,0
16,egress,10,S61,1,switch,19,153.026,0,58.7348,94.233,0,94.233,100,0,2
16,egress,10,S61,1,switch,19,153.026,94.2912,94.2912,0,100,5.70875,100,0,0
16,egress,10,S61,2,switch,42,279.867,0,9.12669,0,100,100,100,0,0
16,egress,10,S61,4,switch,55,207.652,0,100.588,0,100,100,100,0,0
16,egress,10,S61,5,switch,31,158.461,0,152.752,5.76697,94.233,100,100,85.0329,1
16,egress,10,S61,5,switch,31,158.461,5.70875,5.70875,0,5.70875,0,100,0,0
16,egress,10,S61,6,terminal,20,1000,0,148.225,0,0,0,100,0,0
16,egress,10,S61,7,terminal,21,1000,0,57.3396,0,100,100,100,0,0
16,egress,11,S03,0,switch,6,132.338,0,76.8588,0,0,0,100,0,0
16,egress,11,S03,1,switch,12,213.202,0,113.202,70.9817,0,70.9817,100,0,2
16,egress,11,S03,1,switch,12,213.202,100,100,0,100,0,100,0,0
16,egress,11,S03,2,switch,14,127.424,0,70.8835,0,70.9817,70.9817,100,0,0
16,egress,11,S03,3,switch,10,279.727,0,69.8644,0,70.9817,70.9817,100,0,0
16,egress,11,S03,5,terminal,23,1000,0,85.4049,0,70.9817,70.9817,100,0,0
16,egress,12,S04,0,switch,6,184.169,0,91.0524,0,11.9205,11.9205,100,0,0
16,egress,12,S04,1,switch,11,186.587,0,186.587,11.9205,0,11.9205,100,0,1
16,egress,12,S04,2,switch,15,124.853,0,23.9237,0,11.9205,11.9205,100,0,0
16,egress,12,S04,3,switch,16,118.797,0,36.0442,0,11.9205,11.9205,100,0,0
16,egress,12,S04,5,switch,18,178.427,0,106.937,0,0,0,100,0,0
16,egress,12,S04,5,switch,18,178.427,1.6905,1.6905,0,1.6905,0,100,0,0
16,egress,12,S04,6,terminal,24,1000,0,36.0442,0,11.9205,11.9205,100,0,0
16,egress,12,S04,7,terminal,25,1000,0,111.41,0,11.9205,11.9205,100,0,0
16,egress,13,S40,0,switch,6,162.644,0,97.3642,0,0,0,100,0,0
16,egress,13,S40,0,switch,6,162.644,53.013,53.013,0,77.0173,24.0043,100,0,0
16,egress,13,S40,1,switch,52,151.023,0,81.6598,0,0,0,100,0,0
16,egress,13,S40,2,switch,50,160.169,0,55.8022,0,0,0,100,0,0
16,egress,13,S40,2,switch,50,160.169,24.0043,24.0043,0,24.0043,0,100,0,0
16,egress,13,S40,3,switch,23,211.313,0,179.602,0,0,0,100,0,0
16,egress,13,S40,4,switch,59,239.712,0,192.867,0,0,0,100,0,0
16,egress,13,S40,6,terminal,27,1000,0,111.783,0,0,0,100,0,0
16,egress,14,S58,0,switch,11,169.38,0,64.0963,0,0,0,100,0,0
16,egress,14,S58,1,switch,42,232.511,0,127.424,0,0,0,100,0,0
16,egress,14,S58,3,switch,9,139.013,0,69.1268,0,0,0,100,0,0
16,egress,15,S05,0,switch,12,134.869,0,34.869,100,0,100,100,28.2854,5
16,egress,15,S05,0,switch,12,134.869,100,100,0,100,0,100,0,0
16,egress,15,S05,2,switch,20,256.175,0,133.616,0,100,100,100,0,0
16,egress,15,S05,3,switch,21,137.945,0,53.6344,0,100,100,100,0,0
16,egress,15,S05,5,terminal,31,1000,0,179.172,0,100,100,100,0,0
16,egress,16,S11,0,switch,12,200.84,0,100.84,100,0,100,100,38.005,3
16,egress,16,S11,0,switch,12,200.84,100,100,0,100,0,100,0,0
16,egress,16,S11,1,switch,2,104.704,0,60.1302,0,100,100,100,0,0
16,egress,16,S11,2,switch,28,168.312,0,74.2195,0,100,100,100,0,0
16,egress,16,S11,3,terminal,32,1000,0,21.1344,0,100,100,100,0,0
16,egress,17,S35,3,terminal,34,1000,0,146.538,0,0,0,100,0,0
16,egress,18,S43,0,switch,38,157.659,0,149.313,8.3461,0,8.3461,100,0,1
16,egress,18,S43,0,switch,38,157.659,8.3461,8.3461,0,8.3461,0,100,0,0
16,egress,18,S43,1,switch,60,132.709,0,52.0611,0,8.3461,8.3461,100,0,0
16,egress,18,S43,2,terminal,36,1000,0,146.257,0,8.3461,8.3461,100,0,0
16,egress,18,S43,3,terminal,37,1000,0,192.171,0,0,0,100,0,0
16,egress,19,S06,0,switch,15,170.98,0,43.2286,0,6.01636,6.01636,100,0,0
16,egress,19,S06,1,switch,22,210.644,0,132.352,0,0,0,100,0,0
16,egress,19,S06,3,switch,10,169.014,0,69.014,6.01636,0,6.01636,100,0,2
16,egress,19,S06,3,switch,10,169.014,100,100,0,100,0,100,0,0
16,egress,19,S06,4,terminal,38,1000,0,119.541,0,0,0,100,0,0
16,egress,2,S10,0,switch,27,137.994,0,113.896,21.8674,75.9021,97.7695,100,0,2
16,egress,2,S10,0,switch,27,137.994,24.0979,24.0979,0,100,75.9021,100,0,0
16,egress,2,S10,1,switch,16,243.793,75.9021,0,75.9021,75.9021,75.9021,100,0,3
16,egress,2,S10,1,switch,16,243.793,75.9021,243.793,78.1326,97.7695,100,100,29.6194,4
16,egress,2,S10,2,terminal,4,1000,0,75.3657,0,100,100,100,0,0
16,egress,2,S10,3,terminal,5,1000,0,18.677,0,75.9021,75.9021,100,0,0
16,egress,20,S15,0,switch,15,112.83,0,70.2453,0,0,0,100,0,0
16,egress,20,S15,1,switch,28,153.051,0,32.2512,0,0,0,100,0,0
16,egress,20,S15,2,switch,30,254.167,0,3.31667,0,0,0,100,0,0
16,egress,20,S15,3,switch,25,274.153,0,73.817,0,0,0,100,0,0
16,egress,20,S15,4,switch,32,143.593,0,78.0746,0,45.8093,45.8093,100,0,0
16,egress,20,S15,4,switch,32,143.593,51.501,51.501,0,51.501,0,100,0,0
16,egress,20,S15,5,switch,33,232.696,0,0.17275,0,0,0,100,0,0
16,egress,20,S15,6,switch,13,232.721,0,101.748,0,0,0,100,0,0
16,egress,20,S15,7,switch,34,204.798,0,204.798,45.8093,0,45.8093,100,0,1
16,egress,20,S15,9,terminal,41,1000,0,118.108,0,0,0,100,0,0
16,egress,21,S53,1,switch,40,137.143,0,102.12,0,0.367502,0.367502,100,0,0
16,egress,21,S53,2,switch,8,135.597,0,135.597,0.367502,0,0.367502,100,0,1
16,egress,21,S53,3,switch,63,178.955,0,78.955,99.6325,0.367502,100,100,16.8395,1
16,egress,21,S53,3,switch,63,178.955,100,100,0,100,0,100,0,0
16,egress,21,S53,4,switch,9,122.206,0,1.30085,0,100,100,100,0,0
16,egress,22,S07,0,switch,19,118.259,0,18.259,100,0,100,100,0.352293,10
16,egress,22,S07,0,switch,19,118.259,100,100,0,100,0,100,0,0
16,egress,22,S07,2,switch,25,128.19,0,55.303,0,0,0,100,0,0
16,egress,22,S07,3,switch,26,124.406,0,124.287,0,0,0,100,0,0
16,egress,22,S07,5,terminal,45,1000,0,44.0764,0,0,0,100,0,0
16,egress,23,S39,0,switch,17,216.203,0,84.0562,0,0,0,100,0,0
16,egress,23,S39,1,switch,56,105.799,0,66.9351,0,0,0,100,0,0
16,egress,23,S39,4,switch,58,247.444,0,100,0,0,0,100,0,0
16,egress,23,S39,4,switch,58,247.444,100,100,0,100,0,100,0,0
16,egress,23,S39,5,terminal,46,1000,0,130.918,0,0,0,100,0,0
16,egress,23,S39,6,terminal,47,1000,0,182.602,0,0,0,100,0,0
16,egress,24,S08,0,switch,22,182.424,0,131.005,0,0,0,100,0,0
16,egress,24,S08,2,terminal,48,1000,0,54.3088,0,0,0,100,0,0
16,egress,24,S08,3,terminal,49,1000,0,35.5966,0,0,0,100,0,0
16,egress,25,S16,0,switch,22,153.62,0,153.62,0,100,100,100,47.863,0
16,egress,25,S16,1,switch,20,119.9,0,19.9,100,0,100,100,9.81064,7
16,egress,25,S16,1,switch,20,119.9,100,100,0,100,0,100,0,0
16,egress,25,S16,2,switch,35,135.775,0,89.1275,0,100,100,100,0,0
16,egress,25,S16,3,terminal,50,1000,0,82.2707,0,100,100,100,0,0
16,egress,25,S16,4,terminal,51,1000,0,132.805,0,100,100,100,0,0
16,egress,26,S33,0,switch,3,174.708,0,74.708,100,0,100,100,7.09313,6
16,egress,26,S33,0,switch,3,174.708,100,100,0,100,0,100,0,0
16,egress,26,S33,1,switch,37,254.481,0,170.633,0,0,0,100,0,0
16,egress,26,S33,2,switch,33,257.766,0,44.0083,0,0,0,100,0,0
16,egress,26,S33,4,terminal,52,1000,0,152.082,0,0,0,100,0,0
16,egress,26,S33,5,terminal,53,1000,0,203.675,0,0,0,100,0,0
16,egress,27,S09,0,switch,24,129.629,0,127.282,2.34725,97.6527,100,100,60.216,1
16,egress,27,S09,0,switch,24,129.629,2.34725,2.34725,0,100,97.6527,100,0,0
16,egress,27,S09,1,switch,2,200.787,97.6527,0,97.6527,100,100,100,0,2
16,egress,27,S09,1,switch,2,200.787,97.6527,0,97.6527,100,100,100,274.94,2
16,egress,27,S09,2,switch,7,126.429,0,116.215,0,97.6527,97.6527,100,0,0
16,egress,27,S09,4,terminal,55,1000,0,176.281,0,100,100,100,0,0
16,egress,28,S12,0,switch,16,293.496,0,5.64077,0,0,0,100,0,0
16,egress,28,S12,1,switch,29,167.904,0,136.76,0,0,0,100,0,0
16,egress,28,S12,2,switch,20,296.117,0,140.307,0,0,0,100,0,0
16,egress,29,S13,3,switch,30,295.76,0,81.2643,0,0,0,100,0,0
16,egress,29,S13,6,terminal,58,1000,0,76.5134,0,0,0,100,0,0
16,egress,29,S13,7,terminal,59,1000,0,38.0808,0,0,0,100,0,0
16,egress,3,S27,0,switch,0,119.129,0,23.812,0,0,0,100,0,0
16,egress,3,S27,1,switch,42,234.552,0,47.6542,0,0,0,100,0,0
16,egress,3,S27,2,switch,49,266.441,0,156.834,0,0,0,100,0,0
16,egress,3,S27,3,switch,45,296.659,0,0,21.3253,0,21.3253,100,0,1
16,egress,3,S27,4,switch,26,158.334,0,108.179,0,0,0,100,0,0
16,egress,3,S27,4,switch,26,158.334,44.0083,44.0083,0,44.0083,0,100,0,0
16,egress,3,S27,5,terminal,6,1000,0,4.62645,0,21.3253,21.3253,100,0,0
16,egress,3,S27,6,terminal,7,1000,0,61.0861,0,0,0,100,0,0
16,egress,30,S14,1,switch,20,100.691,0,0.691,87.6797,0,87.6797,100,0,4
16,egress,30,S14,1,switch,20,100.691,100,100,0,100,0,100,0,0
16,egress,30,S14,4,terminal,61,1000,0,1.40203,0,87.6797,87.6797,100,0,0
16,egress,31,S62,0,switch,29,171.288,0,9.7435,0,46.4778,46.4778,100,0,0
16,egress,31,S62,1,switch,30,134.823,46.4778,0,46.4778,46.4778,46.4778,100,0,1
16,egress,31,S62,1,switch,30,134.823,46.4778,69.8325,46.4778,46.4778,46.4778,100,0,1
16,egress,31,S62,4,terminal,62,1000,0,9.7435,0,46.4778,46.4778,100,0,0
16,egress,31,S62,5,terminal,63,1000,0,119.487,0,46.4778,46.4778,100,0,0
16,egress,32,S21,0,switch,42,146.462,0,40.7807,0,0,0,100,0,0
16,egress,32,S21,1,switch,43,261.425,0,143.155,0,0,0,100,0,0
16,egress,32,S21,1,switch,43,261.425,42.6067,42.6067,0,42.6067,0,100,0,0
16,egress,32,S21,3,terminal,64,1000,0,100,0,0,0,100,0,0
16,egress,32,S21,4,terminal,65,1000,0,69.201,0,0,0,100,0,0
16,egress,33,S34,0,switch,26,235.741,0,135.741,100,0,100,100,21.0886,2
16,egress,33,S34,0,switch,26,235.741,100,100,0,100,0,100,0,0
16,egress,34,S57,0,switch,20,180.835,0,179.028,0,0,0,100,0,0
16,egress,34,S57,3,terminal,68,1000,0,33.9214,0,0,0,100,0,0
16,egress,34,S57,4,terminal,69,1000,0,117.032,0,0,0,100,0,0
16,egress,35,S17,0,switch,25,277.107,40.0428,0,40.0428,40.0428,40.0428,100,0,2
16,egress,35,S17,0,switch,25,277.107,40.0428,140.898,40.0428,40.0428,40.0428,100,0,2
16,egress,35,S17,1,switch,36,182.906,0,20.2693,0,40.0428,40.0428,100,0,0
16,egress,35,S17,4,terminal,70,1000,0,112.985,0,40.0428,40.0428,100,0,0
16,egress,36,S18,0,switch,35,247.316,0,126.269,0,100,100,100,0,0
16,egress,36,S18,1,switch,39,215.617,0,197.506,0,100,100,100,0,0
16,egress,36,S18,3,switch,41,132.08,0,54.6956,100,0,100,100,42.9132,3
16,egress,36,S18,3,switch,41,132.08,77.3844,77.3844,0,77.3844,0,100,0,0
16,egress,36,S18,4,terminal,72,1000,0,22.7642,0,100,100,100,0,0
16,egress,36,S18,5,terminal,73,1000,0,36.5647,0,100,100,100,0,0
16,egress,37,S32,0,switch,0,103.31,0,92.512,0,0,0,100,0,0
16,egress,37,S32,1,switch,35,254.068,0,116.677,0,0,0,100,0,0
16,egress,37,S32,2,switch,40,118.456,0,59.0113,0,0,0,100,0,0
16,egress,37,S32,4,switch,26,298.921,0,53.4988,0,0,0,100,0,0
16,egress,37,S32,7,terminal,74,1000,0,18.7267,0,0,0,100,0,0
16,egress,37,S32,8,terminal,75,1000,0,162.873,0,0,0,100,0,0
16,egress,38,S42,0,switch,42,176.64,69.7767,0,69.7767,69.7767,69.7767,100,0,5
16,egress,38,S42,0,switch,42,176.64,69.7767,176.64,100,69.7767,100,100,15.3922,5
16,egress,38,S42,1,switch,40,122.733,0,40.8841,0,100,100,100,0,0
16,egress,38,S42,1,switch,40,122.733,8.7988,8.7988,0,78.5755,69.7767,100,0,0
16,egress,38,S42,2,switch,59,146.129,0,26.7016,0,69.7767,69.7767,100,0,0
16,egress,39,S19,0,switch,36,204.72,0,104.72,100,0,100,100,118.942,3
16,egress,39,S19,0,switch,36,204.72,100,100,0,100,0,100,0,0
16,egress,39,S19,2,terminal,78,1000,0,279.664,0,100,100,100,0,0
16,egress,39,S19,3,terminal,79,1000,0,80.441,0,100,100,100,0,0
16,egress,4,S37,0,switch,0,203.508,0,43.1962,0,0,0,100,0,0
16,egress,4,S37,0,switch,0,203.508,48.4963,48.4963,0,48.4963,0,100,0,0
16,egress,4,S37,1,switch,47,208.301,0,19.1647,0,0,0,100,0,0
16,egress,4,S37,3,switch,50,165.152,0,26.6511,0,0,0,100,0,0
16,egress,4,S37,5,terminal,9,1000,0,19.1647,0,0,0,100,0,0
16,egress,40,S29,0,switch,36,264.754,0,192.397,0,0,0,100,0,0
16,egress,40,S29,1,switch,45,131.396,0,31.396,100,0,100,100,201.647,1
16,egress,40,S29,1,switch,45,131.396,100,100,0,100,0,100,0,0
16,egress,40,S29,3,switch,38,184.858,0,148.45,0,100,100,100,0,0
16,egress,40,S29,4,switch,21,163.928,0,33.5971,0,0,0,100,0,0
16,egress,40,S29,5,switch,53,191.77,0,44.1247,0,0,0,100,0,0
16,egress,41,S49,0,switch,11,188.868,0,87.9077,0,0,0,100,0,0
16,egress,41,S49,1,switch,36,220.166,0,49.0861,0,0,0,100,0,0
16,egress,41,S49,1,switch,36,220.166,46.4327,46.4327,0,46.4327,0,100,0,0
16,egress,41,S49,4,switch,51,258.091,0,56.2698,0,0,0,100,0,0
16,egress,41,S49,5,switch,48,181.228,0,31.2673,0,0,0,100,0,0
16,egress,41,S49,6,terminal,82,1000,0,26.2511,0,0,0,100,0,0
16,egress,41,S49,7,terminal,83,1000,0,49.5591,0,0,0,100,0,0
16,egress,42,S20,0,switch,39,264.967,0,67.2099,0,0,0,100,0,0
16,egress,42,S20,1,switch,32,241.877,0,35.328,0,0,0,100,0,0
16,egress,42,S20,2,switch,3,251.806,0,222.63,0,0,0,100,0,0
16,egress,42,S20,4,switch,10,119.666,0,19.666,75.9628,0,75.9628,100,0,2
16,egress,42,S20,4,switch,10,119.666,100,100,0,100,0,100,0,0
16,egress,42,S20,5,terminal,84,1000,0,253.819,0,0,0,100,0,0
16,egress,42,S20,6,terminal,85,1000,0,33.4846,0,0,0,100,0,0
16,egress,43,S22,0,switch,0,203.304,0,103.304,100,0,100,100,157.856,2
16,egress,43,S22,0,switch,0,203.304,100,100,0,100,0,100,0,0
16,egress,43,S22,3,switch,44,274.638,0,47.2923,0,100,100,100,0,0
16,egress,43,S22,4,switch,45,155.693,0,127.757,0,100,100,100,0,0
16,egress,43,S22,5,terminal,86,1000,0,66.0148,0,100,100,100,0,0
16,egress,43,S22,6,terminal,87,1000,0,103.396,0,100,100,100,0,0
16,egress,44,S23,0,switch,43,211.017,63.1848,0,63.1848,63.1848,63.1848,100,0,2
16,egress,44,S23,0,switch,43,211.017,63.1848,65.1581,63.1848,63.1848,63.1848,100,0,2
16,egress,44,S23,3,terminal,89,1000,0,253.563,0,63.1848,63.1848,100,0,0
16,egress,45,S28,0,switch,15,170.054,56.538,0,56.538,56.538,56.538,100,0,1
16,egress,45,S28,0,switch,15,170.054,56.538,39.1973,56.538,56.538,56.538,100,0,1
16,egress,45,S28,1,switch,27,280.654,0,107.409,0,56.538,56.538,100,0,0
16,egress,45,S28,2,switch,43,227.415,0,6.2792,0,56.538,56.538,100,0,0
16,egress,45,S28,3,switch,3,145.823,0,6.2792,0,56.538,56.538,100,0,0
16,egress,45,S28,5,switch,18,198.318,0,118.285,0,56.538,56.538,100,0,0
16,egress,45,S28,5,switch,18,198.318,43.462,43.462,0,100,56.538,100,0,0
16,egress,45,S28,6,switch,5,174.024,0,42.5574,0,56.538,56.538,100,0,0
16,egress,45,S28,7,terminal,90,1000,0,6.2792,0,56.538,56.538,100,0,0
16,egress,46,S24,1,switch,44,217.722,0,15.0817,0,0,0,100,0,0
16,egress,46,S24,3,switch,48,198.106,0,195.745,0,0,0,100,0,0
16,egress,47,S25,0,switch,46,291.732,0,60.6046,0,0,0,100,0,0
16,egress,47,S25,4,switch,51,120.167,0,39.339,0,0,0,100,0,0
16,egress,47,S25,5,terminal,94,1000,0,18.677,0,0,0,100,0,0
16,egress,48,S50,2,switch,58,290.959,0,82.048,0,0,0,100,0,0
16,egress,48,S50,3,switch,10,118.54,0,75.2584,70.3547,0,70.3547,100,0,1
16,egress,48,S50,3,switch,10,118.54,43.2816,43.2816,0,43.2816,0,100,0,0
16,egress,48,S50,4,terminal,96,1000,0,123.722,0,0,0,100,0,0
16,egress,49,S26,0,switch,43,126.404,0,89.2556,0,0,0,100,0,0
16,egress,49,S26,0,switch,43,126.404,33.3861,33.3861,0,33.3861,0,100,0,0
16,egress,49,S26,1,switch,47,132.828,0,73.8748,0,0,0,100,0,0
16,egress,49,S26,4,terminal,99,1000,0,20.8936,0,0,0,100,0,0
16,egress,5,S63,0,switch,0,259.679,0,52.4254,0,0,0,100,0,0
16,egress,5,S63,3,terminal,10,1000,0,70.1719,0,0,0,100,0,0
16,egress,50,S38,0,switch,25,175.944,0,100,0,0,0,100,0,0
16,egress,50,S38,0,switch,25,175.944,13.89,13.89,0,13.89,0,100,0,0
16,egress,50,S38,5,switch,57,190.285,0,143.454,0,0,0,100,0,0
16,egress,50,S38,6,terminal,100,1000,0,16.7152,0,0,0,100,0,0
16,egress,50,S38,7,terminal,101,1000,0,20.3746,0,0,0,100,0,0
16,egress,51,S48,1,switch,41,119.175,0,47.9275,91.8872,0,91.8872,100,0,3
16,egress,51,S48,1,switch,41,119.175,71.2475,71.2475,0,71.2475,0,100,0,0
16,egress,51,S48,2,terminal,102,1000,0,97.5852,0,0,0,100,0,0
16,egress,51,S48,3,terminal,103,1000,0,67.1093,0,91.8872,91.8872,100,0,0
16,egress,52,S30,0,switch,28,196.927,0,93.4734,0,96.6088,96.6088,100,0,0
16,egress,52,S30,1,switch,40,109.864,0,52.7825,53.6903,42.9185,96.6088,100,0,2
16,egress,52,S30,1,switch,40,109.864,57.0815,57.0815,0,100,42.9185,100,0,0
16,egress,52,S30,2,switch,54,164.752,0,50.341,0,42.9185,42.9185,100,0,0
16,egress,52,S30,3,switch,13,157.989,42.9185,0,42.9185,42.9185,42.9185,100,0,1
16,egress,52,S30,3,switch,13,157.989,42.9185,46.5886,42.9185,96.6088,96.6088,100,0,1
16,egress,52,S30,4,terminal,104,1000,0,0.230333,0,96.6088,96.6088,100,0,0
16,egress,52,S30,5,terminal,105,1000,0,3.98,0,96.6088,96.6088,100,0,0
16,egress,53,S55,0,switch,15,170.836,0,169.061,0,0,0,100,0,0
16,egress,53,S55,1,switch,40,298.054,0,103.301,0,0,0,100,0,0
16,egress,53,S55,3,switch,62,149.788,0,80.5895,0,0,0,100,0,0
16,egress,54,S31,1,switch,37,242.335,0,180.994,0,0,0,100,0,0
16,egress,55,S60,1,switch,37,243.133,0,65.906,0,0,0,100,0,0
16,egress,55,S60,2,switch,9,166.058,0,89.3535,0,0,0,100,0,0
16,egress,55,S60,4,terminal,110,1000,0,52.2708,0,0,0,100,0,0
16,egress,55,S60,5,terminal,111,1000,0,97.9615,0,0,0,100,0,0
16,egress,56,S36,0,switch,27,231.665,69.5272,0,100,69.5272,100,100,115.406,2
16,egress,56,S36,0,switch,27,231.665,69.5272,0,69.5272,69.5272,69.5272,100,0,1
16,egress,56,S36,1,switch,17,225.221,0,144.294,0,100,100,100,0,0
16,egress,56,S36,4,terminal,112,1000,0,24.5204,0,100,100,100,0,0
16,egress,57,S47,0,switch,52,179.939,19.8941,0,19.8941,19.8941,19.8941,100,0,2
16,egress,57,S47,0,switch,52,179.939,19.8941,151.294,19.8941,19.8941,19.8941,100,0,2
16,egress,57,S47,3,switch,51,221.5,0,66.4522,0,19.8941,19.8941,100,0,0
16,egress,57,S47,4,terminal,114,1000,0,93.2519,0,19.8941,19.8941,100,0,0
16,egress,58,S51,0,switch,54,230.135,0,89.226,0,0,0,100,0,0
16,egress,58,S51,1,switch,23,189.834,0,141.243,0,0,0,100,0,0
16,egress,58,S51,2,switch,48,275.695,0,89.226,0,0,0,100,0,0
16,egress,58,S51,3,switch,8,148.654,0,39.725,0,0,0,100,0,0
16,egress,58,S51,3,switch,8,148.654,73.858,73.858,0,73.858,0,100,0,0
16,egress,58,S51,5,terminal,116,1000,0,68.992,0,0,0,100,0,0
16,egress,59,S41,0,switch,13,132.99,0,49.5901,45.2059,0,45.2059,100,0,3
16,egress,59,S41,0,switch,13,132.99,83.3999,83.3999,0,83.3999,0,100,0,0
16,egress,59,S41,2,terminal,118,1000,0,104.029,0,45.2059,45.2059,100,0,0
16,egress,6,S02,0,switch,1,138.732,0,67.6029,100,0,100,100,54.5206,4
16,egress,6,S02,0,switch,1,138.732,71.1291,71.1291,0,71.1291,0,100,0,0
16,egress,6,S02,3,switch,13,194.048,0,165.177,0,100,100,100,79.2018,0
16,egress,6,S02,3,switch,13,194.048,28.8709,28.8709,0,100,71.1291,100,0,0
16,egress,6,S02,4,terminal,12,1000,0,105.07,0,0,0,100,0,0
16,egress,60,S44,1,switch,7,207.424,0,58.3876,0,0,0,100,0,0
16,egress,60,S44,3,terminal,121,1000,0,33.0063,0,0,0,100,0,0
16,egress,61,S46,1,switch,57,199.213,0,182.39,15.0305,0,15.0305,100,0,2
16,egress,61,S46,1,switch,57,199.213,16.8234,16.8234,0,16.8234,0,100,0,0
16,egress,61,S46,3,terminal,123,1000,0,80.3967,0,0,0,100,0,0
16,egress,62,S56,0,switch,53,164.993,0,72.376,0,0,0,100,0,0
16,egress,62,S56,0,switch,53,164.993,43.3805,43.3805,0,43.3805,0,100,0,0
16,egress,62,S56,3,terminal,125,1000,0,32.1206,0,0,0,100,0,0
16,egress,63,S54,1,switch,21,203.653,0,41.5391,0,0,0,100,0,0
16,egress,63,S54,4,terminal,127,1000,0,178.955,0,0,0,100,0,0
16,egress,7,S45,0,switch,27,292,0,192,72.8153,13.6148,86.4301,100,0,3
16,egress,7,S45,0,switch,27,292,100,100,0,100,0,100,0,0
16,egress,7,S45,1,switch,60,100.637,0,24.1816,0,0,0,100,0,0
16,egress,7,S45,2,switch,61,100.666,0,100.666,13.6148,0,13.6148,100,0,2
16,egress,7,S45,4,terminal,15,1000,0,24.467,0,13.6148,13.6148,100,0,0
16,egress,8,S52,0,switch,1,255.562,0,155.562,100,0,100,100,24.6446,1
16,egress,8,S52,0,switch,1,255.562,100,100,0,100,0,100,0,0
16,egress,8,S52,1,switch,39,291.042,0,157.781,0,100,100,100,0,0
16,egress,8,S52,3,switch,21,105.455,0,43.8097,0,100,100,100,0,0
16,egress,8,S52,4,terminal,16,1000,0,16.68,0,100,100,100,0,0
16,egress,9,S59,0,switch,1,295.318,0,33.0063,0,92.7528,92.7528,100,0,0
16,egress,9,S59,2,switch,21,160.744,0,155.43,5.3427,0,5.3427,100,0,1
16,egress,9,S59,2,switch,21,160.744,5.314,5.314,0,5.314,0,100,0,0
16,egress,9,S59,4,switch,55,140.378,0,45.692,87.4101,5.3427,92.7528,100,0,3
16,egress,9,S59,4,switch,55,140.378,94.686,94.686,0,100,5.314,100,0,0
17,egress,0,S00,0,switch,1,183.324,0,151.218,0,100,100,100,106.531,0
17,egress,0,S00,0,switch,1,183.324,32.1064,32.1064,0,100,67.8936,100,0,0
17,egress,0,S00,1,switch,2,106.121,0,38.2274,0,100,100,100,90.5174,0
17,egress,0,S00,1,switch,2,106.121,67.8936,67.8936,0,67.8936,0,100,0,0
17,egress,0,S00,2,switch,3,149.8,0,149.8,100,0,100,100,179.794,1
17,egress,0,S00,3,switch,4,180.219,0,71.85,0,100,100,100,0,0
17,egress,0,S00,4,switch,5,102.034,0,40.2687,0,0,0,100,0,0
17,egress,0,S00,6,terminal,1,1000,0,53.3378,0,0,0,100,0,0
17,egress,1,S01,0,switch,0,159.728,0,40.6186,0,0,0,100,0,0
17,egress,1,S01,1,switch,6,265.041,0,265.041,100,0,100,100,252.156,1
17,egress,1,S01,2,switch,7,132.025,0,103.33,0,100,100,100,442.778,0
17,egress,1,S01,2,switch,7,132.025,28.6952,28.6952,0,28.6952,0,100,0,0
17,egress,1,S01,3,switch,8,206.324,0,32.0362,0,100,100,100,0,0
17,egress,1,S01,4,switch,9,251.018,0,13.5955,0,0,0,100,0,0
17,egress,1,S01,5,switch,10,221.678,0,114.13,0,0,0,100,0,0
17,egress,1,S01,6,terminal,2,1000,0,305.632,0,100,100,100,0,0
17,egress,1,S01,7,terminal,3,1000,0,19.6497,0,100,100,100,0,0
17,egress,10,S61,0,switch,1,227.172,0,150.428,0,0,0,100,0,0
17,egress,10,S61,1,switch,19,153.026,0,58.793,100,0,100,100,107.168,2
17,egress,10,S61,1,switch,19,153.026,94.233,94.233,0,94.233,0,100,0,0
17,egress,10,S61,2,switch,42,279.867,0,6.0399,0,100,100,100,0,0
17,egress,10,S61,4,switch,55,207.652,0,56.316,0,0,0,100,0,0
17,egress,10,S61,5,switch,31,158.461,0,152.694,0,100,100,100,85.8027,0
17,egress,10,S61,5,switch,31,158.461,5.76697,5.76697,0,100,94.233,100,0,0
17,egress,10,S61,6,terminal,20,1000,0,160.911,0,100,100,100,0,0
17,egress,10,S61,7,terminal,21,1000,0,57.7269,0,100,100,100,0,0
17,egress,11,S03,0,switch,6,132.338,0,87.8647,0,100,100,100,0,0
17,egress,11,S03,1,switch,12,213.202,0,142.22,100,0,100,100,219.274,1
17,egress,11,S03,1,switch,12,213.202,70.9817,70.9817,0,70.9817,0,100,0,0
17,egress,11,S03,2,switch,14,127.424,0,127.424,0,100,100,100,0,0
17,egress,11,S03,3,switch,10,279.727,0,147.959,0,100,100,100,0,0
17,egress,11,S03,5,terminal,23,1000,0,126.536,0,100,100,100,0,0
17,egress,12,S04,0,switch,6,184.169,0,184.169,100,0,100,100,302.599,1
17,egress,12,S04,1,switch,11,186.587,0,160.808,0,100,100,100,0,0
17,egress,12,S04,1,switch,11,186.587,11.9205,11.9205,0,11.9205,0,100,0,0
17,egress,12,S04,2,switch,15,124.853,0,23.5029,0,0,0,100,0,0
17,egress,12,S04,3,switch,16,118.797,0,6.9738,0,0,0,100,0,0
17,egress,12,S04,5,switch,18,178.427,0,94.1949,0,0,0,100,0,0
17,egress,12,S04,6,terminal,24,1000,0,106.974,0,0,0,100,0,0
17,egress,12,S04,7,terminal,25,1000,0,149.484,0,100,100,100,0,0
17,egress,13,S40,0,switch,6,162.644,0,135.933,0,100,100,100,0,0
17,egress,13,S40,1,switch,52,151.023,0,93.2067,0,100,100,100,0,0
17,egress,13,S40,2,switch,50,160.169,0,160.169,100,0,100,100,351.051,1
17,egress,13,S40,3,switch,23,211.313,0,211.313,0,100,100,100,205.415,0
17,egress,13,S40,4,switch,59,239.712,0,91.1156,0,100,100,100,0,0
17,egress,14,S58,0,switch,11,169.38,0,106.601,0,70.8835,70.8835,100,0,0
17,egress,14,S58,1,switch,42,232.511,0,232.511,70.8835,0,70.8835,100,0,1
17,egress,14,S58,3,switch,9,139.013,0,46.919,0,70.8835,70.8835,100,0,0
17,egress,15,S05,0,switch,12,134.869,0,34.869,100,0,100,100,84.3654,6
17,egress,15,S05,0,switch,12,134.869,100,100,0,100,0,100,0,0
17,egress,15,S05,2,switch,20,256.175,0,86.6356,0,100,100,100,0,0
17,egress,15,S05,3,switch,21,137.945,0,40.2758,0,100,100,100,0,0
17,egress,15,S05,5,terminal,31,1000,0,70.2453,0,100,100,100,0,0
17,egress,16,S11,0,switch,12,200.84,0,100.84,0,100,100,100,93.1868,0
17,egress,16,S11,0,switch,12,200.84,100,100,0,100,0,100,0,0
17,egress,16,S11,1,switch,2,104.704,0,85.7676,0,100,100,100,0,0
17,egress,16,S11,2,switch,28,168.312,0,168.312,100,0,100,100,311.081,1
17,egress,16,S11,3,terminal,32,1000,0,26.4029,0,100,100,100,0,0
17,egress,16,S11,4,terminal,33,1000,0,92.2251,0,0,0,100,0,0
17,egress,17,S35,2,switch,23,169.342,0,169.342,84.671,0,84.671,100,0,1
17,egress,17,S35,3,terminal,34,1000,0,228.35,0,84.671,84.671,100,0,0
17,egress,18,S43,0,switch,38,157.659,0,149.313,95.3491,0,95.3491,100,0,6
17,egress,18,S43,0,switch,38,157.659,8.3461,8.3461,0,8.3461,0,100,0,0
17,egress,18,S43,1,switch,60,132.709,0,76.185,0,0,0,100,0,0
17,egress,18,S43,2,terminal,36,1000,0,85.5622,0,0,0,100,0,0
17,egress,18,S43,3,terminal,37,1000,0,108.627,0,0,0,100,0,0
17,egress,19,S06,0,switch,15,170.98,0,170.98,60.053,0,60.053,100,0,1
17,egress,19,S06,1,switch,22,210.644,0,103.924,0,100,100,100,0,0
17,egress,19,S06,3,switch,10,169.014,0,162.998,39.947,60.053,100,100,22.4495,1
17,egress,19,S06,3,switch,10,169.014,6.01636,6.01636,0,6.01636,0,100,0,0
17,egress,19,S06,4,terminal,38,1000,0,123.659,0,60.053,60.053,100,0,0
17,egress,19,S06,5,terminal,39,1000,0,1.8259,0,100,100,100,0,0
17,egress,2,S10,0,switch,27,137.994,0,116.127,21.8674,78.1326,100,100,58.3622,2
17,egress,2,S10,0,switch,27,137.994,21.8674,21.8674,0,100,78.1326,100,0,0
17,egress,2,S10,1,switch,16,243.793,78.1326,0,78.1326,78.1326,78.1326,100,0,4
17,egress,2,S10,1,switch,16,243.793,78.1326,164.485,78.1326,100,100,100,0,4
17,egress,2,S10,2,terminal,4,1000,0,42.4484,0,100,100,100,0,0
17,egress,2,S10,3,terminal,5,1000,0,21.2242,0,100,100,100,0,0
17,egress,20,S15,0,switch,15,112.83,0,68.5103,0,91.3268,91.3268,100,0,0
17,egress,20,S15,1,switch,28,153.051,0,41.5701,0,91.3268,91.3268,100,0,0
17,egress,20,S15,2,switch,30,254.167,0,19.5303,0,0,0,100,0,0
17,egress,20,S15,3,switch,25,274.153,0,270.692,0,0,0,100,0,0
17,egress,20,S15,4,switch,32,143.593,0,143.593,91.3268,0,91.3268,100,0,2
17,egress,20,S15,5,switch,33,232.696,0,0.17275,0,0,0,100,0,0
17,egress,20,S15,6,switch,13,232.721,0,62.4038,0,0,0,100,0,0
17,egress,20,S15,7,switch,34,204.798,0,103.016,0,0,0,100,0,0
17,egress,20,S15,7,switch,34,204.798,45.8093,45.8093,0,45.8093,0,100,0,0
17,egress,20,S15,8,terminal,40,1000,0,2.84286,0,91.3268,91.3268,100,0,0
17,egress,20,S15,9,terminal,41,1000,0,150.553,0,0,0,100,0,0
17,egress,21,S53,0,switch,15,263.511,0,263.511,0,0.367502,0.367502,100,0,0
17,egress,21,S53,1,switch,40,137.143,0,80.1159,0,41.9066,41.9066,100,0,0
17,egress,21,S53,2,switch,8,135.597,0.367502,0,0.367502,100,100,100,0,1
17,egress,21,S53,2,switch,8,135.597,0.367502,135.597,41.9066,0.367502,41.9066,100,0,2
17,egress,21,S53,3,switch,63,178.955,0,79.3225,58.0934,41.9066,100,100,67.1378,1
17,egress,21,S53,3,switch,63,178.955,99.6325,99.6325,0,100,0.367502,100,0,0
17,egress,21,S53,4,switch,9,122.206,0,14.2239,0,100,100,100,0,0
17,egress,21,S53,6,terminal,43,1000,0,29.118,0,100,100,100,0,0
17,egress,22,S07,0,switch,19,118.259,0,18.259,100,0,100,100,32.5886,10
17,egress,22,S07,0,switch,19,118.259,100,100,0,100,0,100,0,0
17,egress,22,S07,2,switch,25,128.19,0,61.5428,0,0,0,100,0,0
17,egress,22,S07,3,switch,26,124.406,0,124.406,0,100,100,100,0,0
17,egress,22,S07,4,terminal,44,1000,0,128.081,0,100,100,100,0,0
17,egress,22,S07,5,terminal,45,1000,0,37.5424,0,100,100,100,0,0
17,egress,23,S39,0,switch,17,216.203,0,41.5161,0,0,0,100,0,0
17,egress,23,S39,1,switch,56,105.799,0,94.4156,0,0,0,100,0,0
17,egress,23,S39,2,switch,50,253.771,0,175.944,0,0,0,100,0,0
17,egress,23,S39,4,switch,58,247.444,0,82.4813,0,0,0,100,0,0
17,egress,23,S39,5,terminal,46,1000,0,23.8294,0,0,0,100,0,0
17,egress,23,S39,6,terminal,47,1000,0,213.983,0,0,0,100,0,0
17,egress,24,S08,0,switch,22,182.424,0,167.669,0,0,0,100,0,0
17,egress,24,S08,2,terminal,48,1000,0,41.4249,0,0,0,100,0,0
17,egress,25,S16,0,switch,22,153.62,0,139.519,0,100,100,100,0,0
17,egress,25,S16,1,switch,20,119.9,0,19.9,100,0,100,100,49.9777,5
17,egress,25,S16,1,switch,20,119.9,100,100,0,100,0,100,0,0
17,egress,25,S16,2,switch,35,135.775,0,135.775,0,100,100,100,510.902,0
17,egress,25,S16,3,terminal,50,1000,0,3.56798,0,100,100,100,0,0
17,egress,25,S16,4,terminal,51,1000,0,65.7304,0,100,100,100,0,0
17,egress,26,S33,0,switch,3,174.708,0,74.708,0,100,100,100,119.532,0
17,egress,26,S33,0,switch,3,174.708,100,100,0,100,0,100,0,0
17,egress,26,S33,1,switch,37,254.481,0,254.481,100,0,100,100,227.08,1
17,egress,26,S33,2,switch,33,257.766,0,35.3802,0,100,100,100,0,0
17,egress,26,S33,4,terminal,52,1000,0,141.47,0,0,0,100,0,0
17,egress,26,S33,5,terminal,53,1000,0,44.2132,0,0,0,100,0,0
17,egress,27,S09,0,switch,24,129.629,0,127.282,0,100,100,100,153.381,0
17,egress,27,S09,0,switch,24,129.629,2.34725,2.34725,0,100,97.6527,100,0,0
17,egress,27,S09,1,switch,2,200.787,97.6527,0,100,97.6527,100,100,86.1672,2
17,egress,27,S09,1,switch,2,200.787,97.6527,0,97.6527,97.6527,97.6527,100,0,2
17,egress,27,S09,2,switch,7,126.429,0,121.756,0,97.6527,97.6527,100,0,0
17,egress,27,S09,4,terminal,55,1000,0,122.693,0,100,100,100,0,0
17,egress,28,S12,0,switch,16,293.496,0,32.2512,0,0,0,100,0,0
17,egress,28,S12,1,switch,29,167.904,0,105.137,0,0,0,100,0,0
17,egress,28,S12,2,switch,20,296.117,0,282.641,0,0,0,100,0,0
17,egress,29,S13,0,switch,11,202.575,0,202.575,5.3135,0,5.3135,100,0,1
17,egress,29,S13,3,switch,30,295.76,0,101.852,0,5.3135,5.3135,100,0,0
17,egress,29,S13,6,terminal,58,1000,0,34.9083,0,0,0,100,0,0
17,egress,29,S13,7,terminal,59,1000,0,9.7435,0,5.3135,5.3135,100,0,0
17,egress,3,S27,0,switch,0,119.129,0,119.129,78.6747,21.3253,100,100,244.537,1
17,egress,3,S27,1,switch,42,234.552,0,234.552,0,100,100,100,362.092,0
17,egress,3,S27,2,switch,49,266.441,0,237.539,0,100,100,100,0,0
17,egress,3,S27,3,switch,45,296.659,21.3253,0,21.3253,21.3253,21.3253,100,0,1
17,egress,3,S27,4,switch,26,158.334,0,68.28,0,100,100,100,0,0
17,egress,3,S27,5,terminal,6,1000,0,6.2792,0,21.3253,21.3253,100,0,0
17,egress,3,S27,6,terminal,7,1000,0,103.264,0,21.3253,21.3253,100,0,0
17,egress,30,S14,1,switch,20,100.691,0,13.0113,100,0,100,100,88.4529,4
17,egress,30,S14,1,switch,20,100.691,87.6797,87.6797,0,87.6797,0,100,0,0
17,egress,30,S14,3,terminal,60,1000,0,19.487,0,100,100,100,0,0
17,egress,30,S14,4,terminal,61,1000,0,84.581,0,0,0,100,0,0
17,egress,31,S62,0,switch,29,171.288,0,9.90488,0,100,100,100,0,0
17,egress,31,S62,1,switch,30,134.823,46.4778,0,46.4778,46.4778,46.4778,100,0,1
17,egress,31,S62,1,switch,30,134.823,46.4778,134.823,46.4778,100,100,100,35.3002,1
17,egress,31,S62,2,switch,10,234.199,0,234.199,53.5222,46.4778,100,100,132.246,1
17,egress,31,S62,4,terminal,62,1000,0,9.7448,0,100,100,100,0,0
17,egress,31,S62,5,terminal,63,1000,0,44.3675,0,100,100,100,0,0
17,egress,32,S21,0,switch,42,146.462,0,146.462,100,0,100,100,53.8556,2
17,egress,32,S21,1,switch,43,261.425,0,161.811,0,0,0,100,0,0
17,egress,32,S21,4,terminal,65,1000,0,24.317,0,0,0,100,0,0
17,egress,33,S34,0,switch,26,235.741,0,135.741,0,100,100,100,69.8741,0
17,egress,33,S34,0,switch,26,235.741,100,100,0,100,0,100,0,0
17,egress,33,S34,1,switch,17,173.55,0,173.55,100,0,100,100,31.8709,1
17,egress,33,S34,2,terminal,66,1000,0,44.0083,0,100,100,100,0,0
17,egress,34,S57,0,switch,20,180.835,0,180.835,8.31319,0,8.31319,100,0,1
17,egress,34,S57,3,terminal,68,1000,0,76.5441,0,0,0,100,0,0
17,egress,34,S57,4,terminal,69,1000,0,128.254,0,8.31319,8.31319,100,0,0
17,egress,35,S17,0,switch,25,277.107,40.0428,0,40.0428,40.0428,40.0428,100,0,2
17,egress,35,S17,0,switch,25,277.107,40.0428,257.44,40.0428,40.0428,40.0428,100,0,2
17,egress,35,S17,1,switch,36,182.906,0,182.906,59.9572,40.0428,100,100,218.726,1
17,egress,35,S17,4,terminal,70,1000,0,90.5592,0,100,100,100,0,0
17,egress,36,S18,0,switch,35,247.316,0,181.603,0,0,0,100,0,0
17,egress,36,S18,1,switch,39,215.617,0,95.5188,0,100,100,100,0,0
17,egress,36,S18,2,switch,40,242.342,0,242.342,0,100,100,100,0,0
17,egress,36,S18,3,switch,41,132.08,0,32.08,100,0,100,100,105.243,1
17,egress,36,S18,3,switch,41,132.08,100,100,0,100,0,100,0,0
17,egress,36,S18,4,terminal,72,1000,0,23.4895,0,0,0,100,0,0
17,egress,36,S18,5,terminal,73,1000,0,98.6282,0,100,100,100,0,0
17,egress,37,S32,0,switch,0,103.31,0,102.841,0,0,0,100,0,0
17,egress,37,S32,1,switch,35,254.068,0,79.3366,0,100,100,100,0,0
17,egress,37,S32,2,switch,40,118.456,0,118.456,0,100,100,100,311.467,0
17,egress,37,S32,4,switch,26,298.921,0,298.921,100,0,100,100,174.196,1
17,egress,37,S32,6,switch,55,286.166,0,54.2149,0,0,0,100,0,0
17,egress,37,S32,7,terminal,74,1000,0,65.906,0,100,100,100,0,0
17,egress,37,S32,8,terminal,75,1000,0,112.675,0,100,100,100,0,0
17,egress,38,S42,0,switch,42,176.64,0,76.64,100,0,100,100,115.337,2
17,egress,38,S42,0,switch,42,176.64,100,100,0,100,0,100,0,0
17,egress,38,S42,1,switch,40,122.733,0,122.733,0,100,100,100,42.7742,0
17,egress,38,S42,2,switch,59,146.129,0,38.42,0,100,100,100,0,0
17,egress,39,S19,0,switch,36,204.72,0,104.72,57.1963,0,57.1963,100,0,3
17,egress,39,S19,0,switch,36,204.72,100,100,0,100,0,100,0,0
17,egress,39,S19,1,switch,42,146.524,0,146.524,0,57.1963,57.1963,100,0,0
17,egress,39,S19,2,terminal,78,1000,0,194.91,0,57.1963,57.1963,100,0,0
17,egress,39,S19,3,terminal,79,1000,0,197.506,0,57.1963,57.1963,100,0,0
17,egress,4,S37,0,switch,0,203.508,0,26.1891,0,100,100,100,0,0
17,egress,4,S37,1,switch,47,208.301,0,208.301,100,0,100,100,53.2246,1
17,egress,4,S37,2,switch,56,222.018,0,222.018,0,100,100,100,148.323,0
17,egress,4,S37,3,switch,50,165.152,0,22.1593,0,0,0,100,0,0
17,egress,4,S37,5,terminal,9,1000,0,2.63368,0,0,0,100,0,0
17,egress,40,S29,0,switch,36,264.754,0,64.7593,0,100,100,100,0,0
17,egress,40,S29,1,switch,45,131.396,0,31.396,100,0,100,100,604.397,4
17,egress,40,S29,1,switch,45,131.396,100,100,0,100,0,100,0,0
17,egress,40,S29,3,switch,38,184.858,0,62.0149,0,100,100,100,0,0
17,egress,40,S29,4,switch,21,163.928,0,142.484,0,100,100,100,0,0
17,egress,40,S29,5,switch,53,191.77,0,95.6878,0,0,0,100,0,0
17,egress,41,S49,0,switch,11,188.868,0,75.7768,0,100,100,100,0,0
17,egress,41,S49,4,switch,51,258.091,0,56.9241,0,100,100,100,0,0
17,egress,41,S49,5,switch,48,181.228,0,181.228,100,0,100,100,124.626,1
17,egress,41,S49,6,terminal,82,1000,0,18.2319,0,100,100,100,0,0
17,egress,41,S49,7,terminal,83,1000,0,56.9241,0,100,100,100,0,0
17,egress,42,S20,0,switch,39,264.967,0,23.8423,0,100,100,100,0,0
17,egress,42,S20,1,switch,32,241.877,0,127.758,0,100,100,100,0,0
17,egress,42,S20,2,switch,3,251.806,0,48.5062,0,100,100,100,0,0
17,egress,42,S20,4,switch,10,119.666,0,43.7032,100,0,100,100,51.8372,3
17,egress,42,S20,4,switch,10,119.666,75.9628,75.9628,0,75.9628,0,100,0,0
17,egress,42,S20,5,terminal,84,1000,0,203.392,0,100,100,100,0,0
17,egress,42,S20,6,terminal,85,1000,0,9.12669,0,100,100,100,0,0
17,egress,43,S22,0,switch,0,203.304,0,103.304,0,100,100,100,83.0405,0
17,egress,43,S22,0,switch,0,203.304,100,100,0,100,0,100,0,0
17,egress,43,S22,3,switch,44,274.638,0,31.5318,0,0,0,100,0,0
17,egress,43,S22,4,switch,45,155.693,0,155.693,100,0,100,100,578.916,1
17,egress,43,S22,5,terminal,86,1000,0,98.9466,0,100,100,100,0,0
17,egress,43,S22,6,terminal,87,1000,0,40.2644,0,0,0,100,0,0
17,egress,44,S23,0,switch,43,211.017,63.1848,0,63.1848,63.1848,63.1848,100,0,2
17,egress,44,S23,0,switch,43,211.017,63.1848,106.168,63.1848,63.1848,63.1848,100,0,2
17,egress,44,S23,1,switch,46,260.38,0,198.106,0,63.1848,63.1848,100,0,0
17,egress,44,S23,3,terminal,89,1000,0,62.374,0,63.1848,63.1848,100,0,0
17,egress,45,S28,0,switch,15,170.054,56.538,0,56.538,56.538,56.538,100,0,1
17,egress,45,S28,0,switch,15,170.054,56.538,72.3728,56.538,56.538,56.538,100,0,1
17,egress,45,S28,1,switch,27,280.654,0,67.8603,0,56.538,56.538,100,0,0
17,egress,45,S28,2,switch,43,227.415,0,6.2792,0,56.538,56.538,100,0,0
17,egress,45,S28,3,switch,3,145.823,0,46.9853,0,56.538,56.538,100,0,0
17,egress,45,S28,5,switch,18,198.318,0,88.06,0,56.538,56.538,100,0,0
17,egress,45,S28,6,switch,5,174.024,0,174.024,43.462,56.538,100,100,343.757,1
17,egress,45,S28,7,terminal,90,1000,0,6.2792,0,56.538,56.538,100,0,0
17,egress,46,S24,1,switch,44,217.722,0,108.861,0,60.6046,60.6046,100,0,0
17,egress,46,S24,3,switch,48,198.106,0,198.106,60.6046,0,60.6046,100,0,1
17,egress,47,S25,0,switch,46,291.732,0,147.043,0,0,0,100,0,0
17,egress,47,S25,2,switch,4,166.312,0,166.312,100,0,100,100,113.251,1
17,egress,47,S25,4,switch,51,120.167,0,56.1022,0,0,0,100,0,0
17,egress,47,S25,5,terminal,94,1000,0,36.9374,0,0,0,100,0,0
17,egress,48,S50,1,switch,41,183.344,0,107.808,0,100,100,100,0,0
17,egress,48,S50,2,switch,58,290.959,0,176.747,0,100,100,100,0,0
17,egress,48,S50,3,switch,10,118.54,0,48.1853,100,0,100,100,47.5595,1
17,egress,48,S50,3,switch,10,118.54,70.3547,70.3547,0,70.3547,0,100,0,0
17,egress,48,S50,4,terminal,96,1000,0,89.226,0,100,100,100,0,0
17,egress,49,S26,0,switch,43,126.404,0,116.308,0,0,0,100,0,0
17,egress,49,S26,1,switch,47,132.828,0,47.7358,0,0,0,100,0,0
17,egress,49,S26,3,terminal,98,1000,0,620.928,0,0,0,100,0,0
17,egress,49,S26,4,terminal,99,1000,0,19.1647,0,0,0,100,0,0
17,egress,5,S63,0,switch,0,259.679,0,52.3783,0,0,0,100,0,0
17,egress,5,S63,1,switch,14,280.605,0,280.605,0,0,0,100,0,0
17,egress,5,S63,2,switch,31,151.987,0,151.987,0,0,0,100,0,0
17,egress,5,S63,3,terminal,10,1000,0,100.741,0,0,0,100,0,0
17,egress,50,S38,0,switch,25,175.944,0,87.972,0,100,100,100,0,0
17,egress,50,S38,2,switch,4,290.506,0,290.506,100,0,100,100,81.8976,1
17,egress,50,S38,5,switch,57,190.285,0,79.8065,0,100,100,100,0,0
17,egress,50,S38,7,terminal,101,1000,0,26.6511,0,100,100,100,0,0
17,egress,51,S48,0,switch,57,201.033,0,201.033,0,100,100,100,71.537,0
17,egress,51,S48,1,switch,41,119.175,0,27.2878,100,0,100,100,18.6144,3
17,egress,51,S48,1,switch,41,119.175,91.8872,91.8872,0,91.8872,0,100,0,0
17,egress,51,S48,2,terminal,102,1000,0,88.8981,0,100,100,100,0,0
17,egress,51,S48,3,terminal,103,1000,0,6.71067,0,100,100,100,0,0
17,egress,52,S30,0,switch,28,196.927,0,68.3436,0,100,100,100,0,0
17,egress,52,S30,1,switch,40,109.864,0,56.1737,0,100,100,100,46.769,0
17,egress,52,S30,1,switch,40,109.864,53.6903,53.6903,0,96.6088,42.9185,100,0,0
17,egress,52,S30,2,switch,54,164.752,0,164.752,100,0,100,100,142.626,1
17,egress,52,S30,3,switch,13,157.989,0,115.071,0,100,100,100,61.4515,0
17,egress,52,S30,3,switch,13,157.989,42.9185,42.9185,0,42.9185,0,100,0,0
17,egress,52,S30,4,terminal,104,1000,0,14.9636,0,100,100,100,0,0
17,egress,52,S30,5,terminal,105,1000,0,14.5595,0,100,100,100,0,0
17,egress,53,S55,0,switch,15,170.836,0,135.849,0,0,0,100,0,0
17,egress,53,S55,1,switch,40,298.054,0,98.6841,0,0,0,100,0,0
17,egress,53,S55,3,switch,62,149.788,0,44.1247,0,0,0,100,0,0
17,egress,54,S31,0,switch,52,115.713,0,115.713,57.8565,0,57.8565,100,0,1
17,egress,54,S31,1,switch,37,242.335,0,149.677,0,57.8565,57.8565,100,0,0
17,egress,54,S31,2,terminal,108,1000,0,89.226,0,57.8565,57.8565,100,0,0
17,egress,55,S60,0,switch,44,280.017,0,280.017,0,0.110371,0.110371,100,0,0
17,egress,55,S60,1,switch,37,243.133,0,80.7073,0,0.110371,0.110371,100,0,0
17,egress,55,S60,2,switch,9,166.058,0,166.058,0.110371,0,0.110371,100,0,1
17,egress,55,S60,4,terminal,110,1000,0,69.5756,0,0.110371,0.110371,100,0,0
17,egress,55,S60,5,terminal,111,1000,0,90.6826,0,0,0,100,0,0
17,egress,56,S36,0,switch,27,231.665,100,0,100,100,100,100,0,2
17,egress,56,S36,0,switch,27,231.665,100,0,100,100,100,100,52.8986,2
17,egress,56,S36,2,switch,4,112.305,0,112.305,0,100,100,100,418.998,0
17,egress,56,S36,4,terminal,112,1000,0,14.0365,0,100,100,100,0,0
17,egress,57,S47,0,switch,52,179.939,19.8941,0,19.8941,19.8941,19.8941,100,0,2
17,egress,57,S47,0,switch,52,179.939,19.8941,133.456,19.8941,19.8941,19.8941,100,0,2
17,egress,57,S47,1,switch,50,259.289,0,259.289,0,100,100,100,0,0
17,egress,57,S47,3,switch,51,221.5,0,221.5,80.1059,19.8941,100,100,50.391,1
17,egress,57,S47,4,terminal,114,1000,0,110.633,0,100,100,100,0,0
17,egress,57,S47,5,terminal,115,1000,0,53.0903,0,100,100,100,0,0
17,egress,58,S51,0,switch,54,230.135,0,230.135,100,0,100,100,15.1586,2
17,egress,58,S51,1,switch,23,189.834,0,189.834,0,0,0,100,0,0
17,egress,58,S51,2,switch,48,275.695,0,45.62,0,100,100,100,0,0
17,egress,58,S51,3,switch,8,148.654,0,121.269,0,100,100,100,0,0
17,egress,59,S41,0,switch,13,132.99,0,87.7841,11.0849,58.0045,69.0894,100,0,1
17,egress,59,S41,0,switch,13,132.99,45.2059,45.2059,0,45.2059,0,100,0,0
17,egress,59,S41,1,switch,38,116.009,0,116.009,58.0045,0,58.0045,100,0,1
17,egress,59,S41,2,terminal,118,1000,0,192.867,0,0,0,100,0,0
17,egress,6,S02,0,switch,1,138.732,0,38.732,0,100,100,100,113.044,0
17,egress,6,S02,0,switch,1,138.732,100,100,0,100,0,100,0,0
17,egress,6,S02,3,switch,13,194.048,0,194.048,100,0,100,100,656.33,4
17,egress,6,S02,4,terminal,12,1000,0,122.7,0,100,100,100,0,0
17,egress,60,S44,0,switch,18,203.923,0,203.923,87.2213,0,87.2213,100,0,1
17,egress,60,S44,2,terminal,120,1000,0,52.0611,0,87.2213,87.2213,100,0,0
17,egress,60,S44,3,terminal,121,1000,0,24.1816,0,0,0,100,0,0
17,egress,61,S46,1,switch,57,199.213,0,184.182,100,0,100,100,8.67297,6
17,egress,61,S46,1,switch,57,199.213,15.0305,15.0305,0,15.0305,0,100,0,0
17,egress,61,S46,3,terminal,123,1000,0,63.2239,0,0,0,100,0,0
17,egress,62,S56,0,switch,53,164.993,0,143.719,0,0,0,100,0,0
17,egress,62,S56,2,terminal,124,1000,0,57.8565,0,0,0,100,0,0
17,egress,62,S56,3,terminal,125,1000,0,22.733,0,0,0,100,0,0
17,egress,63,S54,0,switch,15,172.792,0,38.7868,0,0,0,100,0,0
17,egress,63,S54,1,switch,21,203.653,0,101.029,0,0,0,100,0,0
17,egress,63,S54,3,terminal,126,1000,0,34.683,0,0,0,100,0,0
17,egress,63,S54,4,terminal,127,1000,0,144.272,0,0,0,100,0,0
17,egress,7,S45,0,switch,27,292,0,219.185,0,100,100,100,72.7139,0
17,egress,7,S45,0,switch,27,292,72.8153,72.8153,0,72.8153,0,100,0,0
17,egress,7,S45,1,switch,60,100.637,0,19.3966,0,100,100,100,0,0
17,egress,7,S45,2,switch,61,100.666,0,87.0512,100,0,100,100,247.328,1
17,egress,7,S45,2,switch,61,100.666,13.6148,13.6148,0,86.4301,72.8153,100,0,0
17,egress,7,S45,4,terminal,15,1000,0,13.5734,0,100,100,100,0,0
17,egress,8,S52,0,switch,1,255.562,0,155.562,100,0,100,100,77.6823,1
17,egress,8,S52,0,switch,1,255.562,100,100,0,100,0,100,0,0
17,egress,8,S52,1,switch,39,291.042,0,110.234,0,100,100,100,0,0
17,egress,8,S52,2,switch,58,166.093,0,166.093,0,100,100,100,133.98,0
17,egress,8,S52,3,switch,21,105.455,0,4.8415,0,100,100,100,0,0
17,egress,8,S52,4,terminal,16,1000,0,13.5734,0,100,100,100,0,0
17,egress,8,S52,5,terminal,17,1000,0,39.725,0,100,100,100,0,0
17,egress,9,S59,0,switch,1,295.318,0,70.0887,0,94.6962,94.6962,100,0,0
17,egress,9,S59,2,switch,21,160.744,5.3427,0,5.3427,5.3427,5.3427,100,0,1
17,egress,9,S59,2,switch,21,160.744,5.3427,160.744,94.6962,5.3427,94.6962,100,0,2
17,egress,9,S59,4,switch,55,140.378,0,52.9679,5.30384,94.6962,100,100,27.1237,1
17,egress,9,S59,4,switch,55,140.378,87.4101,87.4101,0,92.7528,5.3427,100,0,0
17,egress,9,S59,5,terminal,18,1000,0,1.30085,0,5.3427,5.3427,100,0,0
18,egress,0,S00,0,switch,1,183.324,0,178.486,0,100,100,100,0,0
18,egress,0,S00,1,switch,2,106.121,0,67.7277,0,100,100,100,0,0
18,egress,0,S00,2,switch,3,149.8,0,46.2538,0,0,0,100,0,0
18,egress,0,S00,2,switch,3,149.8,100,100,0,100,0,100,0,0
18,egress,0,S00,3,switch,4,180.219,0,77.248,0,100,100,100,0,0
18,egress,0,S00,4,switch,5,102.034,0,102.034,100,0,100,100,10.1952,2
18,egress,0,S00,6,terminal,1,1000,0,9.65756,0,100,100,100,0,0
18,egress,1,S01,0,switch,0,159.728,0,159.728,100,0,100,100,27.6156,2
18,egress,1,S01,1,switch,6,265.041,0,38.9886,0,100,100,100,0,0
18,egress,1,S01,1,switch,6,265.041,100,100,0,100,0,100,0,0
18,egress,1,S01,2,switch,7,132.025,0,76.6651,0,100,100,100,0,0
18,egress,1,S01,3,switch,8,206.324,0,59.1334,0,100,100,100,0,0
18,egress,1,S01,4,switch,9,251.018,0,19.4943,0,100,100,100,0,0
18,egress,1,S01,5,switch,10,221.678,0,89.6241,0,0,0,100,0,0
18,egress,1,S01,6,terminal,2,1000,0,190.044,0,100,100,100,0,0
18,egress,1,S01,7,terminal,3,1000,0,36.8422,0,100,100,100,0,0
18,egress,10,S61,0,switch,1,227.172,0,97.1294,0,100,100,100,0,0
18,egress,10,S61,1,switch,19,153.026,0,53.026,100,0,100,100,185.048,4
18,egress,10,S61,1,switch,19,153.026,100,100,0,100,0,100,0,0
18,egress,10,S61,2,switch,42,279.867,0,28.0435,0,100,100,100,0,0
18,egress,10,S61,3,switch,48,228.478,0,106.618,0,100,100,100,0,0
18,egress,10,S61,4,switch,55,207.652,0,36.1273,0,0,0,100,0,0
18,egress,10,S61,5,switch,31,158.461,0,117.534,0,100,100,100,0,0
18,egress,10,S61,6,terminal,20,1000,0,252.251,0,100,100,100,0,0
18,egress,10,S61,7,terminal,21,1000,0,55.191,0,0,0,100,0,0
18,egress,11,S03,0,switch,6,132.338,0,41.5956,0,0,0,100,0,0
18,egress,11,S03,1,switch,12,213.202,0,106.601,0,100,100,100,0,0
18,egress,11,S03,1,switch,12,213.202,100,100,0,100,0,100,0,0
18,egress,11,S03,2,switch,14,127.424,0,127.424,100,0,100,100,1.2875,2
18,egress,11,S03,3,switch,10,279.727,0,210.98,0,100,100,100,0,0
18,egress,11,S03,5,terminal,23,1000,0,138.813,0,0,0,100,0,0
18,egress,12,S04,0,switch,6,184.169,0,84.169,33.422,0,33.422,100,0,2
18,egress,12,S04,0,switch,6,184.169,100,100,0,100,0,100,0,0
18,egress,12,S04,1,switch,11,186.587,0,57.4448,0,33.422,33.422,100,0,0
18,egress,12,S04,2,switch,15,124.853,0,86.9917,0,33.422,33.422,100,0,0
18,egress,12,S04,3,switch,16,118.797,0,38.4692,0,0,0,100,0,0
18,egress,12,S04,4,switch,17,249.248,0,83.1053,0,33.422,33.422,100,0,0
18,egress,12,S04,5,switch,18,178.427,0,25.624,0,33.422,33.422,100,0,0
18,egress,12,S04,6,terminal,24,1000,0,43.6393,0,33.422,33.422,100,0,0
18,egress,12,S04,7,terminal,25,1000,0,198.114,0,0,0,100,0,0
18,egress,13,S40,0,switch,6,162.644,0,127.918,0,0,0,100,0,0
18,egress,13,S40,1,switch,52,151.023,0,54.8131,0,0,0,100,0,0
18,egress,13,S40,2,switch,50,160.169,100,100,0,100,0,100,0,0
18,egress,13,S40,3,switch,23,211.313,0,211.313,100,0,100,100,35.2642,6
18,egress,13,S40,4,switch,59,239.712,0,64.8554,0,0,0,100,0,0
18,egress,14,S58,0,switch,11,169.38,0,169.054,0,100,100,100,0,0
18,egress,14,S58,1,switch,42,232.511,0,161.628,51.4447,0,51.4447,100,0,2
18,egress,14,S58,1,switch,42,232.511,70.8835,70.8835,0,70.8835,0,100,0,0
18,egress,14,S58,3,switch,9,139.013,0,139.013,48.5553,51.4447,100,100,139.829,1
18,egress,15,S05,0,switch,12,134.869,0,34.869,100,0,100,100,463.929,1
18,egress,15,S05,0,switch,12,134.869,100,100,0,100,0,100,0,0
18,egress,15,S05,1,switch,19,212.416,0,56.6847,0,100,100,100,0,0
18,egress,15,S05,2,switch,20,256.175,0,38.7868,0,100,100,100,0,0
18,egress,15,S05,3,switch,21,137.945,0,53.0498,0,100,100,100,0,0
18,egress,15,S05,5,terminal,31,1000,0,68.5103,0,100,100,100,0,0
18,egress,16,S11,0,switch,12,200.84,0,200.84,2.8628,0,2.8628,100,0,1
18,egress,16,S11,1,switch,2,104.704,0,9.03012,0,2.8628,2.8628,100,0,0
18,egress,16,S11,2,switch,28,168.312,0,40.7719,0,2.8628,2.8628,100,0,0
18,egress,16,S11,2,switch,28,168.312,100,100,0,100,0,100,0,0
18,egress,16,S11,3,terminal,32,1000,0,21.2242,0,2.8628,2.8628,100,0,0
18,egress,16,S11,4,terminal,33,1000,0,53.4754,0,0,0,100,0,0
18,egress,17,S35,2,switch,23,169.342,0,84.671,100,0,100,100,78.6472,2
18,egress,17,S35,2,switch,23,169.342,84.671,84.671,0,84.671,0,100,0,0
18,egress,17,S35,3,terminal,34,1000,0,41.5161,0,100,100,100,0,0
18,egress,18,S43,0,switch,38,157.659,0,62.3099,100,0,100,100,125.231,3
18,egress,18,S43,0,switch,38,157.659,95.3491,95.3491,0,95.3491,0,100,0,0
18,egress,18,S43,1,switch,60,132.709,0,47.3297,0,0,0,100,0,0
18,egress,18,S43,2,terminal,36,1000,0,40.7304,0,100,100,100,0,0
18,egress,18,S43,3,terminal,37,1000,0,94.1949,0,100,100,100,0,0
18,egress,19,S06,0,switch,15,170.98,0,46.8627,0,0,0,100,0,0
18,egress,19,S06,0,switch,15,170.98,60.053,60.053,0,100,39.947,100,0,0
18,egress,19,S06,1,switch,22,210.644,0,103.212,0,0,0,100,0,0
18,egress,19,S06,2,switch,23,267,0,1.52158,0,0,0,100,0,0
18,egress,19,S06,3,switch,10,169.014,0,97.9341,0,0,0,100,0,0
18,egress,19,S06,3,switch,10,169.014,39.947,39.947,0,39.947,0,100,0,0
18,egress,19,S06,4,terminal,38,1000,0,49.8138,0,0,0,100,0,0
18,egress,19,S06,5,terminal,39,1000,0,3.9284,0,0,0,100,0,0
18,egress,2,S10,0,switch,27,137.994,0,116.127,37.9151,0,37.9151,100,0,2
18,egress,2,S10,0,switch,27,137.994,21.8674,21.8674,0,21.8674,0,100,0,0
18,egress,2,S10,1,switch,16,243.793,0,94.2557,0,0,0,100,0,0
18,egress,2,S10,1,switch,16,243.793,78.1326,78.1326,0,100,21.8674,100,0,0
18,egress,2,S10,2,terminal,4,1000,0,95.4248,0,0,0,100,0,0
18,egress,2,S10,3,terminal,5,1000,0,22.5253,0,0,0,100,0,0
18,egress,20,S15,0,switch,15,112.83,0,103.558,0,94.7162,94.7162,100,0,0
18,egress,20,S15,1,switch,28,153.051,0,20.2171,0,94.7162,94.7162,100,0,0
18,egress,20,S15,2,switch,30,254.167,0,22.7126,0,94.7162,94.7162,100,0,0
18,egress,20,S15,3,switch,25,274.153,0,262.334,0,94.7162,94.7162,100,0,0
18,egress,20,S15,4,switch,32,143.593,0,52.2662,94.7162,0,94.7162,100,0,3
18,egress,20,S15,4,switch,32,143.593,91.3268,91.3268,0,91.3268,0,100,0,0
18,egress,20,S15,5,switch,33,232.696,0,12.2235,0,94.7162,94.7162,100,0,0
18,egress,20,S15,6,switch,13,232.721,0,100.925,0,94.7162,94.7162,100,0,0
18,egress,20,S15,7,switch,34,204.798,0,149.604,0,94.7162,94.7162,100,0,0
18,egress,20,S15,8,terminal,40,1000,0,20.944,0,0,0,100,0,0
18,egress,20,S15,9,terminal,41,1000,0,70.7291,0,94.7162,94.7162,100,0,0
18,egress,21,S53,0,switch,15,263.511,0,229.236,0,41.9066,41.9066,100,0,0
18,egress,21,S53,1,switch,40,137.143,0,53.3989,0,75.6958,75.6958,100,0,0
18,egress,21,S53,2,switch,8,135.597,41.9066,0,41.9066,100,100,100,0,2
18,egress,21,S53,2,switch,8,135.597,41.9066,135.597,75.6958,41.9066,75.6958,100,0,3
18,egress,21,S53,3,switch,63,178.955,0,85.2135,0,41.9066,41.9066,100,0,0
18,egress,21,S53,3,switch,63,178.955,58.0934,58.0934,0,100,41.9066,100,0,0
18,egress,21,S53,4,switch,9,122.206,0,99.8248,0,41.9066,41.9066,100,0,0
18,egress,21,S53,6,terminal,43,1000,0,59.0113,0,75.6958,75.6958,100,0,0
18,egress,22,S07,0,switch,19,118.259,0,18.259,89.8994,0,89.8994,100,0,9
18,egress,22,S07,0,switch,19,118.259,100,100,0,100,0,100,0,0
18,egress,22,S07,2,switch,25,128.19,0,61.3023,0,0,0,100,0,0
18,egress,22,S07,3,switch,26,124.406,0,113.325,0,89.8994,89.8994,100,0,0
18,egress,22,S07,4,terminal,44,1000,0,113.89,0,0,0,100,0,0
18,egress,22,S07,5,terminal,45,1000,0,46.2535,0,0,0,100,0,0
18,egress,23,S39,0,switch,17,216.203,0,216.203,0,100,100,100,48.081,0
18,egress,23,S39,1,switch,56,105.799,0,105.799,27.1678,0,27.1678,100,0,1
18,egress,23,S39,2,switch,50,253.771,0,182.165,0,0,0,100,0,0
18,egress,23,S39,4,switch,58,247.444,0,247.444,72.8322,27.1678,100,100,95.652,2
18,egress,23,S39,5,terminal,46,1000,0,32.8542,0,0,0,100,0,0
18,egress,23,S39,6,terminal,47,1000,0,74.45,0,0,0,100,0,0
18,egress,24,S08,0,switch,22,182.424,0,166.545,0,0,0,100,0,0
18,egress,24,S08,2,terminal,48,1000,0,37.0605,0,0,0,100,0,0
18,egress,25,S16,0,switch,22,153.62,0,113.011,0,100,100,100,0,0
18,egress,25,S16,1,switch,20,119.9,0,19.9,100,0,100,100,50.6317,5
18,egress,25,S16,1,switch,20,119.9,100,100,0,100,0,100,0,0
18,egress,25,S16,2,switch,35,135.775,0,135.775,0,100,100,100,65.2935,0
18,egress,25,S16,3,terminal,50,1000,0,116.677,0,100,100,100,0,0
18,egress,25,S16,4,terminal,51,1000,0,152.829,0,100,100,100,0,0
18,egress,26,S33,0,switch,3,174.708,0,146.526,0,0,0,100,0,0
18,egress,26,S33,1,switch,37,254.481,0,154.481,86.5404,0,86.5404,100,0,2
18,egress,26,S33,1,switch,37,254.481,100,100,0,100,0,100,0,0
18,egress,26,S33,2,switch,33,257.766,0,257.766,13.4596,86.5404,100,100,95.9754,1
18,egress,26,S33,5,terminal,53,1000,0,0.17275,0,86.5404,86.5404,100,0,0
18,egress,27,S09,0,switch,24,129.629,0,129.629,0,100,100,100,141.646,0
18,egress,27,S09,1,switch,2,200.787,100,0,100,100,100,100,0,2
18,egress,27,S09,1,switch,2,200.787,100,55.5514,100,100,100,100,0,2
18,egress,27,S09,2,switch,7,126.429,0,87.6133,0,100,100,100,0,0
18,egress,27,S09,4,terminal,55,1000,0,148.045,0,100,100,100,0,0
18,egress,28,S12,0,switch,16,293.496,0,41.5701,0,2.70714,2.70714,100,0,0
18,egress,28,S12,1,switch,29,167.904,0,167.904,2.70714,0,2.70714,100,0,1
18,egress,28,S12,2,switch,20,296.117,0,262.036,0,0,0,100,0,0
18,egress,29,S13,0,switch,11,202.575,0,197.262,5.34113,0,5.34113,100,0,2
18,egress,29,S13,0,switch,11,202.575,5.3135,5.3135,0,5.3135,0,100,0,0
18,egress,29,S13,3,switch,30,295.76,0,74.2195,0,5.34113,5.34113,100,0,0
18,egress,29,S13,6,terminal,58,1000,0,30.9179,0,0,0,100,0,0
18,egress,29,S13,7,terminal,59,1000,0,9.90488,0,0,0,100,0,0
18,egress,3,S27,0,switch,0,119.129,0,21.1711,0,21.3253,21.3253,100,0,0
18,egress,3,S27,0,switch,0,119.129,78.6747,78.6747,0,100,21.3253,100,0,0
18,egress,3,S27,1,switch,42,234.552,0,43.3805,0,21.3253,21.3253,100,0,0
18,egress,3,S27,2,switch,49,266.441,0,68.6153,0,21.3253,21.3253,100,0,0
18,egress,3,S27,3,switch,45,296.659,21.3253,0,21.3253,21.3253,21.3253,100,0,1
18,egress,3,S27,4,switch,26,158.334,0,129.138,0,21.3253,21.3253,100,0,0
18,egress,3,S27,5,terminal,6,1000,0,46.9853,0,21.3253,21.3253,100,0,0
18,egress,3,S27,6,terminal,7,1000,0,110.709,0,21.3253,21.3253,100,0,0
18,egress,30,S14,1,switch,20,100.691,0,0.691,100,0,100,100,35.9178,5
18,egress,30,S14,1,switch,20,100.691,100,100,0,100,0,100,0,0
18,egress,30,S14,3,terminal,60,1000,0,59.1436,0,0,0,100,0,0
18,egress,30,S14,4,terminal,61,1000,0,121.382,0,0,0,100,0,0
18,egress,31,S62,0,switch,29,171.288,0,25.0739,0,46.4778,46.4778,100,0,0
18,egress,31,S62,1,switch,30,134.823,46.4778,0,46.4778,100,100,100,0,1
18,egress,31,S62,1,switch,30,134.823,46.4778,130.104,46.4778,46.4778,46.4778,100,0,1
18,egress,31,S62,2,switch,10,234.199,0,151.987,0,46.4778,46.4778,100,0,0
18,egress,31,S62,2,switch,10,234.199,53.5222,53.5222,0,100,46.4778,100,0,0
18,egress,31,S62,4,terminal,62,1000,0,11.7683,0,46.4778,46.4778,100,0,0
18,egress,31,S62,5,terminal,63,1000,0,44.3843,0,46.4778,46.4778,100,0,0
18,egress,32,S21,0,switch,42,146.462,0,46.462,91.4804,0,91.4804,100,0,2
18,egress,32,S21,0,switch,42,146.462,100,100,0,100,0,100,0,0
18,egress,32,S21,1,switch,43,261.425,0,103.995,0,0,0,100,0,0
18,egress,32,S21,2,switch,9,260.623,0,86.8743,0,0,0,100,0,0
18,egress,32,S21,4,terminal,65,1000,0,19.5303,0,0,0,100,0,0
18,egress,33,S34,0,switch,26,235.741,0,93.5837,0,0,0,100,0,0
18,egress,33,S34,1,switch,17,173.55,100,100,0,100,0,100,0,0
18,egress,33,S34,2,terminal,66,1000,0,35.3802,0,0,0,100,0,0
18,egress,34,S57,0,switch,20,180.835,0,135.946,0,0,0,100,0,0
18,egress,34,S57,0,switch,20,180.835,8.31319,8.31319,0,8.31319,0,100,0,0
18,egress,34,S57,3,terminal,68,1000,0,103.016,0,0,0,100,0,0
18,egress,34,S57,4,terminal,69,1000,0,45.8093,0,0,0,100,0,0
18,egress,35,S17,0,switch,25,277.107,40.0428,0,40.0428,40.0428,40.0428,100,0,2
18,egress,35,S17,0,switch,25,277.107,40.0428,265.298,40.0428,40.0428,40.0428,100,0,2
18,egress,35,S17,1,switch,36,182.906,0,76.5276,0,40.0428,40.0428,100,0,0
18,egress,35,S17,1,switch,36,182.906,59.9572,59.9572,0,100,40.0428,100,0,0
18,egress,35,S17,2,switch,37,246.878,0,123.658,0,40.0428,40.0428,100,0,0
18,egress,35,S17,4,terminal,70,1000,0,59.2474,0,40.0428,40.0428,100,0,0
18,egress,36,S18,0,switch,35,247.316,0,247.316,0,100,100,100,19.4142,0
18,egress,36,S18,2,switch,40,242.342,0,242.342,100,0,100,100,61.6775,1
18,egress,36,S18,3,switch,41,132.08,0,32.08,0,100,100,100,111.224,0
18,egress,36,S18,3,switch,41,132.08,100,100,0,100,0,100,0,0
18,egress,36,S18,5,terminal,73,1000,0,106.605,0,100,100,100,0,0
18,egress,37,S32,0,switch,0,103.31,0,31.654,0,0,0,100,0,0
18,egress,37,S32,1,switch,35,254.068,0,149.059,0,0,0,100,0,0
18,egress,37,S32,2,switch,40,118.456,0,34.9046,0,0,0,100,0,0
18,egress,37,S32,4,switch,26,298.921,100,100,0,100,0,100,0,0
18,egress,37,S32,6,switch,55,286.166,0,78.5357,0,0,0,100,0,0
18,egress,37,S32,7,terminal,74,1000,0,80.7073,0,0,0,100,0,0
18,egress,37,S32,8,terminal,75,1000,0,112.846,0,0,0,100,0,0
18,egress,38,S42,0,switch,42,176.64,0,76.64,100,0,100,100,52.0969,5
18,egress,38,S42,0,switch,42,176.64,100,100,0,100,0,100,0,0
18,egress,38,S42,1,switch,40,122.733,0,119.803,0,100,100,100,0,0
18,egress,38,S42,2,switch,59,146.129,0,24.8855,0,100,100,100,0,0
18,egress,38,S42,5,terminal,77,1000,0,58.0045,0,0,0,100,0,0
18,egress,39,S19,0,switch,36,204.72,0,133.649,0,0,0,100,0,0
18,egress,39,S19,0,switch,36,204.72,57.1963,57.1963,0,57.1963,0,100,0,0
18,egress,39,S19,1,switch,42,146.524,0,146.524,0,0,0,100,0,0
18,egress,39,S19,2,terminal,78,1000,0,134.076,0,0,0,100,0,0
18,egress,39,S19,3,terminal,79,1000,0,95.5188,0,0,0,100,0,0
18,egress,4,S37,0,switch,0,203.508,0,189.245,0,0,0,100,0,0
18,egress,4,S37,1,switch,47,208.301,0,108.301,29.598,0,29.598,100,0,2
18,egress,4,S37,1,switch,47,208.301,100,100,0,100,0,100,0,0
18,egress,4,S37,3,switch,50,165.152,0,25.594,0,0,0,100,0,0
18,egress,4,S37,5,terminal,9,1000,0,311.168,0,0,0,100,0,0
18,egress,40,S29,0,switch,36,264.754,0,168.012,0,0,0,100,0,0
18,egress,40,S29,1,switch,45,131.396,0,31.396,90.9188,0,90.9188,100,0,2
18,egress,40,S29,1,switch,45,131.396,100,100,0,100,0,100,0,0
18,egress,40,S29,3,switch,38,184.858,0,73.5998,0,0,0,100,0,0
18,egress,40,S29,4,switch,21,163.928,0,163.928,9.08117,90.9188,100,100,196.038,1
18,egress,40,S29,5,switch,53,191.77,0,86.6638,0,100,100,100,0,0
18,egress,41,S49,0,switch,11,188.868,0,188.868,5.16709,0,5.16709,100,0,1
18,egress,41,S49,4,switch,51,258.091,0,37.8561,0,5.16709,5.16709,100,0,0
18,egress,41,S49,5,switch,48,181.228,0,81.228,16.7088,5.16709,21.8759,100,0,1
18,egress,41,S49,5,switch,48,181.228,100,100,0,100,0,100,0,0
18,egress,41,S49,6,terminal,82,1000,0,34.2437,0,21.8759,21.8759,100,0,0
18,egress,41,S49,7,terminal,83,1000,0,59.9802,0,0,0,100,0,0
18,egress,42,S20,0,switch,39,264.967,0,184.415,0,0,0,100,0,0
18,egress,42,S20,1,switch,32,241.877,0,141.184,0,0,0,100,0,0
18,egress,42,S20,2,switch,3,251.806,0,228.026,0,0,0,100,0,0
18,egress,42,S20,3,switch,14,182.917,0,12.7733,0,100,100,100,0,0
18,egress,42,S20,4,switch,10,119.666,0,19.666,100,0,100,100,163.795,1
18,egress,42,S20,4,switch,10,119.666,100,100,0,100,0,100,0,0
18,egress,42,S20,5,terminal,84,1000,0,213.741,0,0,0,100,0,0
18,egress,42,S20,6,terminal,85,1000,0,6.0399,0,0,0,100,0,0
18,egress,43,S22,0,switch,0,203.304,0,111.235,0,0,0,100,0,0
18,egress,43,S22,3,switch,44,274.638,0,35.328,0,0,0,100,0,0
18,egress,43,S22,4,switch,45,155.693,0,55.693,100,0,100,100,17.2708,4
18,egress,43,S22,4,switch,45,155.693,100,100,0,100,0,100,0,0
18,egress,43,S22,5,terminal,86,1000,0,105.259,0,0,0,100,0,0
18,egress,43,S22,6,terminal,87,1000,0,6.2792,0,0,0,100,0,0
18,egress,44,S23,0,switch,43,211.017,0,147.832,100,0,100,100,317.041,1
18,egress,44,S23,0,switch,43,211.017,63.1848,63.1848,0,63.1848,0,100,0,0
18,egress,44,S23,1,switch,46,260.38,0,159.296,0,0,0,100,0,0
18,egress,44,S23,3,terminal,89,1000,0,31.5318,0,0,0,100,0,0
18,egress,45,S28,0,switch,15,170.054,56.538,0,56.538,56.538,56.538,100,0,1
18,egress,45,S28,0,switch,15,170.054,56.538,129.696,56.538,56.538,56.538,100,0,1
18,egress,45,S28,1,switch,27,280.654,0,38.9233,0,56.538,56.538,100,0,0
18,egress,45,S28,2,switch,43,227.415,0,12.5584,0,56.538,56.538,100,0,0
18,egress,45,S28,3,switch,3,145.823,0,6.2792,0,56.538,56.538,100,0,0
18,egress,45,S28,4,switch,40,130.054,0,38.9233,0,56.538,56.538,100,0,0
18,egress,45,S28,5,switch,18,198.318,0,38.9233,0,56.538,56.538,100,0,0
18,egress,45,S28,6,switch,5,174.024,0,6.2792,0,56.538,56.538,100,0,0
18,egress,45,S28,6,switch,5,174.024,43.462,43.462,0,100,56.538,100,0,0
18,egress,45,S28,7,terminal,90,1000,0,100,0,56.538,56.538,100,0,0
18,egress,46,S24,1,switch,44,217.722,0,217.156,0,100,100,100,0,0
18,egress,46,S24,3,switch,48,198.106,60.6046,0,60.6046,60.6046,60.6046,100,0,1
18,egress,46,S24,3,switch,48,198.106,60.6046,198.106,100,60.6046,100,100,207.215,2
18,egress,47,S25,0,switch,46,291.732,0,219.323,0,0,0,100,0,0
18,egress,47,S25,2,switch,4,166.312,100,100,0,100,0,100,0,0
18,egress,47,S25,4,switch,51,120.167,0,46.0271,0,0,0,100,0,0
18,egress,47,S25,5,terminal,94,1000,0,210.01,0,0,0,100,0,0
18,egress,48,S50,0,switch,46,141.711,0,68.9149,0,100,100,100,0,0
18,egress,48,S50,1,switch,41,183.344,0,183.344,57.9354,42.0646,100,100,79.1732,2
18,egress,48,S50,2,switch,58,290.959,0,191.71,0,100,100,100,0,0
18,egress,48,S50,3,switch,10,118.54,0,18.54,42.0646,0,42.0646,100,0,1
18,egress,48,S50,3,switch,10,118.54,100,100,0,100,0,100,0,0
18,egress,48,S50,4,terminal,96,1000,0,45.62,0,42.0646,42.0646,100,0,0
18,egress,48,S50,5,terminal,97,1000,0,68.9149,0,42.0646,42.0646,100,0,0
18,egress,49,S26,0,switch,43,126.404,0,126.404,0.0375719,0,0.0375719,100,0,1
18,egress,49,S26,1,switch,47,132.828,0,28.0775,0,0,0,100,0,0
18,egress,49,S26,3,terminal,98,1000,0,187.302,0,0,0,100,0,0
18,egress,49,S26,4,terminal,99,1000,0,22.1593,0,0,0,100,0,0
18,egress,5,S63,0,switch,0,259.679,0,45.8664,0,0,0,100,0,0
18,egress,5,S63,1,switch,14,280.605,0,214.236,0,0,0,100,0,0
18,egress,5,S63,2,switch,31,151.987,0,151.987,0,0,0,100,0,0
18,egress,5,S63,3,terminal,10,1000,0,214.293,0,0,0,100,0,0
18,egress,50,S38,0,switch,25,175.944,0,175.944,100,0,100,100,216.292,1
18,egress,50,S38,2,switch,4,290.506,0,190.506,0,100,100,100,68.783,0
18,egress,50,S38,2,switch,4,290.506,100,100,0,100,0,100,0,0
18,egress,50,S38,5,switch,57,190.285,0,19.3631,0,100,100,100,0,0
18,egress,50,S38,7,terminal,101,1000,0,22.1593,0,100,100,100,0,0
18,egress,51,S48,0,switch,57,201.033,0,201.033,0.371992,0,0.371992,100,0,1
18,egress,51,S48,1,switch,41,119.175,0,19.175,99.628,0.371992,100,100,6.13432,3
18,egress,51,S48,1,switch,41,119.175,100,100,0,100,0,100,0,0
18,egress,51,S48,2,terminal,102,1000,0,289.039,0,0.371992,0.371992,100,0,0
18,egress,52,S30,0,switch,28,196.927,0,182.441,0,0,0,100,0,0
18,egress,52,S30,1,switch,40,109.864,0,96.2033,0,0,0,100,0,0
18,egress,52,S30,2,switch,54,164.752,0,49.8401,0,0,0,100,0,0
18,egress,52,S30,2,switch,54,164.752,100,100,0,100,0,100,0,0
18,egress,52,S30,3,switch,13,157.989,0,154.211,0,0,0,100,0,0
18,egress,52,S30,4,terminal,104,1000,0,21.6276,0,0,0,100,0,0
18,egress,52,S30,5,terminal,105,1000,0,21.739,0,0,0,100,0,0
18,egress,53,S55,0,switch,15,170.836,0,170.836,91.2966,0,91.2966,100,0,1
18,egress,53,S55,1,switch,40,298.054,0,296.964,0,0,0,100,0,0
18,egress,53,S55,3,switch,62,149.788,0,49.6829,0,0,0,100,0,0
18,egress,53,S55,6,terminal,107,1000,0,46.0049,0,0,0,100,0,0
18,egress,54,S31,0,switch,52,115.713,0,57.8565,100,0,100,100,73.2249,3
18,egress,54,S31,0,switch,52,115.713,57.8565,57.8565,0,57.8565,0,100,0,0
18,egress,54,S31,1,switch,37,242.335,0,190.579,0,0,0,100,0,0
18,egress,54,S31,2,terminal,108,1000,0,115.067,0,100,100,100,0,0
18,egress,55,S60,0,switch,44,280.017,0,248.368,0,0,0,100,0,0
18,egress,55,S60,1,switch,37,243.133,0,68.7593,0,0,0,100,0,0
18,egress,55,S60,2,switch,9,166.058,0,162.843,0,0,0,100,0,0
18,egress,55,S60,2,switch,9,166.058,0.110371,0.110371,0,0.110371,0,100,0,0
18,egress,55,S60,4,terminal,110,1000,0,94.9284,0,0,0,100,0,0
18,egress,55,S60,5,terminal,111,1000,0,87.2212,0,0,0,100,0,0
18,egress,56,S36,0,switch,27,231.665,100,0,100,100,100,100,0,2
18,egress,56,S36,0,switch,27,231.665,100,0,100,100,100,100,274.918,2
18,egress,56,S36,2,switch,4,112.305,0,109.767,0,100,100,100,0,0
18,egress,56,S36,4,terminal,112,1000,0,41.5161,0,100,100,100,0,0
18,egress,57,S47,0,switch,52,179.939,0,160.045,19.8941,80.1059,100,100,158.913,2
18,egress,57,S47,0,switch,52,179.939,19.8941,19.8941,0,100,80.1059,100,0,0
18,egress,57,S47,1,switch,50,259.289,0,255.405,0,100,100,100,0,0
18,egress,57,S47,3,switch,51,221.5,80.1059,0,80.1059,80.1059,80.1059,100,0,1
18,egress,57,S47,3,switch,51,221.5,80.1059,30.6971,80.1059,100,100,100,0,1
18,egress,57,S47,4,terminal,114,1000,0,24.0043,0,100,100,100,0,0
18,egress,57,S47,5,terminal,115,1000,0,86.4993,0,100,100,100,0,0
18,egress,58,S51,0,switch,54,230.135,0,130.135,44.0127,0,44.0127,100,0,1
18,egress,58,S51,0,switch,54,230.135,100,100,0,100,0,100,0,0
18,egress,58,S51,1,switch,23,189.834,0,189.834,0,0,0,100,0,0
18,egress,58,S51,2,switch,48,275.695,0,82.4813,0,0,0,100,0,0
18,egress,58,S51,3,switch,8,148.654,0,31.2673,0,0,0,100,0,0
18,egress,58,S51,6,terminal,117,1000,0,145.48,0,0,0,100,0,0
18,egress,59,S41,0,switch,13,132.99,0,100.192,0,58.3061,58.3061,100,0,0
18,egress,59,S41,0,switch,13,132.99,11.0849,11.0849,0,11.0849,0,100,0,0
18,egress,59,S41,1,switch,38,116.009,0,58.0045,58.3061,0,58.3061,100,0,2
18,egress,59,S41,1,switch,38,116.009,58.0045,58.0045,0,69.0894,11.0849,100,0,0
18,egress,59,S41,2,terminal,118,1000,0,91.1156,0,58.3061,58.3061,100,0,0
18,egress,6,S02,0,switch,1,138.732,0,138.732,100,0,100,100,9.88795,6
18,egress,6,S02,2,switch,12,128.791,0,128.791,0,100,100,100,64.3946,0
18,egress,6,S02,3,switch,13,194.048,0,94.048,0,100,100,100,63.9189,0
18,egress,6,S02,3,switch,13,194.048,100,100,0,100,0,100,0,0
18,egress,6,S02,4,terminal,12,1000,0,96.8558,0,0,0,100,0,0
18,egress,60,S44,0,switch,18,203.923,0,108.023,0,0,0,100,0,0
18,egress,60,S44,0,switch,18,203.923,87.2213,87.2213,0,87.2213,0,100,0,0
18,egress,60,S44,2,terminal,120,1000,0,76.185,0,0,0,100,0,0
18,egress,60,S44,3,terminal,121,1000,0,19.3966,0,0,0,100,0,0
18,egress,61,S46,1,switch,57,199.213,0,99.213,32.7393,0,32.7393,100,0,4
18,egress,61,S46,1,switch,57,199.213,100,100,0,100,0,100,0,0
18,egress,61,S46,3,terminal,123,1000,0,41.0604,0,32.7393,32.7393,100,0,0
18,egress,62,S56,0,switch,53,164.993,0,164.94,0,0,0,100,0,0
18,egress,62,S56,2,terminal,124,1000,0,4.4791,0,0,0,100,0,0
18,egress,62,S56,3,terminal,125,1000,0,39.6457,0,0,0,100,0,0
18,egress,63,S54,0,switch,15,172.792,0,172.095,0,0,0,100,0,0
18,egress,63,S54,1,switch,21,203.653,0,203.119,0,0,0,100,0,0
18,egress,63,S54,3,terminal,126,1000,0,39.6613,0,0,0,100,0,0
18,egress,63,S54,4,terminal,127,1000,0,139.294,0,0,0,100,0,0
18,egress,7,S45,0,switch,27,292,0,199.739,0,0,0,100,0,0
18,egress,7,S45,1,switch,60,100.637,0,74.9498,0,0,0,100,0,0
18,egress,7,S45,2,switch,61,100.666,0,0.666,100,0,100,100,21.0896,2
18,egress,7,S45,2,switch,61,100.666,100,100,0,100,0,100,0,0
18,egress,7,S45,4,terminal,15,1000,0,1.7511,0,0,0,100,0,0
18,egress,8,S52,0,switch,1,255.562,0,155.562,100,0,100,100,61.5464,4
18,egress,8,S52,0,switch,1,255.562,100,100,0,100,0,100,0,0
18,egress,8,S52,1,switch,39,291.042,0,48.0045,0,0,0,100,0,0
18,egress,8,S52,3,switch,21,105.455,0,9.65756,0,100,100,100,0,0
18,egress,8,S52,4,terminal,16,1000,0,13.5955,0,0,0,100,0,0
18,egress,8,S52,5,terminal,17,1000,0,82.048,0,100,100,100,0,0
18,egress,9,S59,0,switch,1,295.318,0,295.318,5.30384,94.6962,100,100,151.039,1
18,egress,9,S59,2,switch,21,160.744,94.6962,0,94.6962,94.6962,94.6962,100,0,2
18,egress,9,S59,2,switch,21,160.744,94.6962,4.16112,94.6962,94.6962,94.6962,100,0,2
18,egress,9,S59,4,switch,55,140.378,0,107.307,0,100,100,100,0,0
18,egress,9,S59,4,switch,55,140.378,5.30384,5.30384,0,100,94.6962,100,0,0
18,egress,9,S59,5,terminal,18,1000,0,9.7448,0,94.6962,94.6962,100,0,0
18,egress,9,S59,6,terminal,19,1000,0,4.4791,0,94.6962,94.6962,100,0,0
19,egress,0,S00,0,switch,1,183.324,0,177.108,0,100,100,100,0,0
19,egress,0,S00,1,switch,2,106.121,0,104.004,0,100,100,100,0,0
19,egress,0,S00,2,switch,3,149.8,0,28.8036,0,100,100,100,0,0
19,egress,0,S00,3,switch,4,180.219,0,5.82648,0,100,100,100,0,0
19,egress,0,S00,4,switch,5,102.034,0,2.034,100,0,100,100,52.5306,3
19,egress,0,S00,4,switch,5,102.034,100,100,0,100,0,100,0,0
19,egress,0,S00,5,terminal,0,1000,0,166.312,0,100,100,100,0,0
19,egress,0,S00,6,terminal,1,1000,0,69.7023,0,100,100,100,0,0
19,egress,1,S01,0,switch,0,159.728,0,59.728,100,0,100,100,159.717,3
19,egress,1,S01,0,switch,0,159.728,100,100,0,100,0,100,0,0
19,egress,1,S01,1,switch,6,265.041,0,190.96,0,0,0,100,0,0
19,egress,1,S01,2,switch,7,132.025,0,95.9563,0,100,100,100,0,0
19,egress,1,S01,3,switch,8,206.324,0,50.2258,0,0,0,100,0,0
19,egress,1,S01,4,switch,9,251.018,0,26.1891,0,0,0,100,0,0
19,egress,1,S01,5,switch,10,221.678,0,71.7962,0,0,0,100,0,0
19,egress,1,S01,6,terminal,2,1000,0,189.446,0,0,0,100,0,0
19,egress,1,S01,7,terminal,3,1000,0,21.2086,0,0,0,100,0,0
19,egress,10,S61,0,switch,1,227.172,0,58.4775,0,100,100,100,0,0
19,egress,10,S61,1,switch,19,153.026,0,53.026,100,0,100,100,102.69,1
19,egress,10,S61,1,switch,19,153.026,100,100,0,100,0,100,0,0
19,egress,10,S61,2,switch,42,279.867,0,13.2955,0,0,0,100,0,0
19,egress,10,S61,3,switch,48,228.478,0,174.348,0,0,0,100,0,0
19,egress,10,S61,4,switch,55,207.652,0,18.357,0,0,0,100,0,0
19,egress,10,S61,5,switch,31,158.461,0,138.089,0,0,0,100,0,0
19,egress,10,S61,6,terminal,20,1000,0,205.207,0,0,0,100,0,0
19,egress,10,S61,7,terminal,21,1000,0,47.9369,0,0,0,100,0,0
19,egress,11,S03,0,switch,6,132.338,0,32.016,0,100,100,100,0,0
19,egress,11,S03,1,switch,12,213.202,0,213.202,58.493,0,58.493,100,0,1
19,egress,11,S03,2,switch,14,127.424,0,27.424,41.507,58.493,100,100,38.8487,1
19,egress,11,S03,2,switch,14,127.424,100,100,0,100,0,100,0,0
19,egress,11,S03,3,switch,10,279.727,0,184.857,0,100,100,100,0,0
19,egress,11,S03,5,terminal,23,1000,0,57.4448,0,100,100,100,0,0
19,egress,12,S04,0,switch,6,184.169,33.422,0,33.422,33.422,33.422,100,0,2
19,egress,12,S04,0,switch,6,184.169,33.422,90.0594,33.422,33.422,33.422,100,0,2
19,egress,12,S04,1,switch,11,186.587,0,88.6754,0,33.422,33.422,100,0,0
19,egress,12,S04,2,switch,15,124.853,0,122.438,0,33.422,33.422,100,0,0
19,egress,12,S04,3,switch,16,118.797,0,3.4869,0,33.422,33.422,100,0,0
19,egress,12,S04,4,switch,17,249.248,0,129.603,0,33.422,33.422,100,0,0
19,egress,12,S04,5,switch,18,178.427,0,124.978,0,33.422,33.422,100,0,0
19,egress,12,S04,6,terminal,24,1000,0,37.7029,0,33.422,33.422,100,0,0
19,egress,12,S04,7,terminal,25,1000,0,145.892,0,33.422,33.422,100,0,0
19,egress,13,S40,0,switch,6,162.644,0,76.1253,0,100,100,100,0,0
19,egress,13,S40,1,switch,52,151.023,0,106.213,0,100,100,100,0,0
19,egress,13,S40,3,switch,23,211.313,0,111.313,100,0,100,100,173.772,4
19,egress,13,S40,3,switch,23,211.313,100,100,0,100,0,100,0,0
19,egress,13,S40,4,switch,59,239.712,0,112.614,0,0,0,100,0,0
19,egress,14,S58,0,switch,11,169.38,0,169.38,12.7733,0,12.7733,100,0,1
19,egress,14,S58,1,switch,42,232.511,0,63.712,0,0,0,100,0,0
19,egress,14,S58,1,switch,42,232.511,51.4447,51.4447,0,100,48.5553,100,0,0
19,egress,14,S58,2,switch,34,224.263,0,63.712,0,100,100,100,0,0
19,egress,14,S58,3,switch,9,139.013,0,90.4577,87.2267,12.7733,100,100,83.3444,2
19,egress,14,S58,3,switch,9,139.013,48.5553,48.5553,0,48.5553,0,100,0,0
19,egress,15,S05,0,switch,12,134.869,0,34.869,100,0,100,100,226.651,1
19,egress,15,S05,0,switch,12,134.869,100,100,0,100,0,100,0,0
19,egress,15,S05,1,switch,19,212.416,0,169.294,0,100,100,100,0,0
19,egress,15,S05,2,switch,20,256.175,0,178.374,0,100,100,100,0,0
19,egress,15,S05,3,switch,21,137.945,0,103.412,0,0,0,100,0,0
19,egress,15,S05,4,terminal,30,1000,0,77.2733,0,100,100,100,0,0
19,egress,15,S05,5,terminal,31,1000,0,142.928,0,0,0,100,0,0
19,egress,16,S11,0,switch,12,200.84,0,170.119,0,0,0,100,0,0
19,egress,16,S11,0,switch,12,200.84,2.8628,2.8628,0,2.8628,0,100,0,0
19,egress,16,S11,1,switch,2,104.704,0,90.7829,0,0,0,100,0,0
19,egress,16,S11,2,switch,28,168.312,0,58.4689,0,0,0,100,0,0
19,egress,16,S11,3,terminal,32,1000,0,12.1075,0,0,0,100,0,0
19,egress,16,S11,4,terminal,33,1000,0,55.9081,0,0,0,100,0,0
19,egress,17,S35,0,switch,33,196.155,0,78.124,0,100,100,100,0,0
19,egress,17,S35,2,switch,23,169.342,0,69.342,100,0,100,100,44.3565,3
19,egress,17,S35,2,switch,23,169.342,100,100,0,100,0,100,0,0
19,egress,17,S35,3,terminal,34,1000,0,37.225,0,100,100,100,0,0
19,egress,17,S35,4,terminal,35,1000,0,183.959,0,100,100,100,0,0
19,egress,18,S43,0,switch,38,157.659,0,57.659,100,0,100,100,161.016,7
19,egress,18,S43,0,switch,38,157.659,100,100,0,100,0,100,0,0
19,egress,18,S43,1,switch,60,132.709,0,38.9233,0,0,0,100,0,0
19,egress,18,S43,3,terminal,37,1000,0,20.6427,0,0,0,100,0,0
19,egress,19,S06,0,switch,15,170.98,0,67.8473,0,0,0,100,0,0
19,egress,19,S06,1,switch,22,210.644,0,118.944,0,0,0,100,0,0
19,egress,19,S06,2,switch,23,267,0,26.6574,0,0,0,100,0,0
19,egress,19,S06,3,switch,10,169.014,0,73.7289,0,0,0,100,0,0
19,egress,19,S06,4,terminal,38,1000,0,77.5098,0,0,0,100,0,0
19,egress,19,S06,5,terminal,39,1000,0,4.31881,0,0,0,100,0,0
19,egress,2,S10,0,switch,27,137.994,0,55.4961,0,0,0,100,0,0
19,egress,2,S10,0,switch,27,137.994,37.9151,37.9151,0,37.9151,0,100,0,0
19,egress,2,S10,1,switch,16,243.793,0,172.995,0,0,0,100,0,0
19,egress,2,S10,2,terminal,4,1000,0,37.9348,0,0,0,100,0,0
19,egress,2,S10,3,terminal,5,1000,0,16.1059,0,0,0,100,0,0
19,egress,20,S15,0,switch,15,112.83,0,112.83,0,100,100,100,1.0854,0
19,egress,20,S15,1,switch,28,153.051,0,41.2743,0,100,100,100,0,0
19,egress,20,S15,2,switch,30,254.167,0,19.3035,0,100,100,100,0,0
19,egress,20,S15,3,switch,25,274.153,0,85.6113,0,100,100,100,0,0
19,egress,20,S15,4,switch,32,143.593,0,48.8768,100,0,100,100,27.1574,3
19,egress,20,S15,4,switch,32,143.593,94.7162,94.7162,0,94.7162,0,100,0,0
19,egress,20,S15,6,switch,13,232.721,0,68.1039,0,100,100,100,0,0
19,egress,20,S15,7,switch,34,204.798,0,147.555,0,0,0,100,0,0
19,egress,20,S15,8,terminal,40,1000,0,50.9704,0,100,100,100,0,0
19,egress,20,S15,9,terminal,41,1000,0,32.0306,0,0,0,100,0,0
19,egress,21,S53,0,switch,15,263.511,0,4.05075,0,75.6958,75.6958,100,0,0
19,egress,21,S53,1,switch,40,137.143,0,48.6346,0,75.6958,75.6958,100,0,0
19,egress,21,S53,2,switch,8,135.597,75.6958,0,75.6958,75.6958,75.6958,100,0,3
19,egress,21,S53,2,switch,8,135.597,75.6958,135.597,100,75.6958,100,100,88.5347,3
19,egress,21,S53,3,switch,63,178.955,0,64.6245,0,100,100,100,0,0
19,egress,21,S53,4,switch,9,122.206,0,84.4035,0,75.6958,75.6958,100,0,0
19,egress,21,S53,6,terminal,43,1000,0,54.2149,0,100,100,100,0,0
19,egress,22,S07,0,switch,19,118.259,0,28.3596,100,0,100,100,102.413,3
19,egress,22,S07,0,switch,19,118.259,89.8994,89.8994,0,89.8994,0,100,0,0
19,egress,22,S07,2,switch,25,128.19,0,61.0931,0,100,100,100,0,0
19,egress,22,S07,3,switch,26,124.406,0,39.8247,0,100,100,100,0,0
19,egress,22,S07,5,terminal,45,1000,0,114.783,0,100,100,100,0,0
19,egress,23,S39,0,switch,17,216.203,0,216.203,34.0061,1.64607,35.6522,100,0,1
19,egress,23,S39,1,switch,56,105.799,0,78.6312,22.647,35.6522,58.2992,100,0,1
19,egress,23,S39,1,switch,56,105.799,27.1678,27.1678,0,100,72.8322,100,0,0
19,egress,23,S39,4,switch,58,247.444,0,174.612,1.64607,0,1.64607,100,0,1
19,egress,23,S39,4,switch,58,247.444,72.8322,72.8322,0,72.8322,0,100,0,0
19,egress,23,S39,5,terminal,46,1000,0,60.3751,0,35.6522,35.6522,100,0,0
19,egress,23,S39,6,terminal,47,1000,0,90.5627,0,0,0,100,0,0
19,egress,24,S08,0,switch,22,182.424,0,158.985,0,0,0,100,0,0
19,egress,24,S08,2,terminal,48,1000,0,32.6627,0,0,0,100,0,0
19,egress,25,S16,0,switch,22,153.62,0,80.504,0,100,100,100,0,0
19,egress,25,S16,1,switch,20,119.9,0,19.9,100,0,100,100,160.551,5
19,egress,25,S16,1,switch,20,119.9,100,100,0,100,0,100,0,0
19,egress,25,S16,2,switch,35,135.775,0,135.775,0,100,100,100,116.258,0
19,egress,25,S16,3,terminal,50,1000,0,79.3366,0,100,100,100,0,0
19,egress,25,S16,4,terminal,51,1000,0,139.407,0,0,0,100,0,0
19,egress,26,S33,0,switch,3,174.708,0,169.34,0,49.3993,49.3993,100,0,0
19,egress,26,S33,1,switch,37,254.481,0,167.941,49.3993,0,49.3993,100,0,2
19,egress,26,S33,1,switch,37,254.481,86.5404,86.5404,0,100,13.4596,100,0,0
19,egress,26,S33,2,switch,33,257.766,0,114.758,0,49.3993,49.3993,100,0,0
19,egress,26,S33,2,switch,33,257.766,13.4596,13.4596,0,13.4596,0,100,0,0
19,egress,26,S33,5,terminal,53,1000,0,0.17275,0,49.3993,49.3993,100,0,0
19,egress,27,S09,0,switch,24,129.629,0,129.629,67.9726,0,67.9726,100,0,3
19,egress,27,S09,1,switch,2,200.787,0,34.9146,0,67.9726,67.9726,100,0,0
19,egress,27,S09,1,switch,2,200.787,100,100,0,100,0,100,0,0
19,egress,27,S09,2,switch,7,126.429,0,84.7091,0,0,0,100,0,0
19,egress,27,S09,4,terminal,55,1000,0,117.889,0,67.9726,67.9726,100,0,0
19,egress,28,S12,0,switch,16,293.496,0,20.2171,0,0,0,100,0,0
19,egress,28,S12,1,switch,29,167.904,0,140.772,0,0,0,100,0,0
19,egress,28,S12,1,switch,29,167.904,2.70714,2.70714,0,2.70714,0,100,0,0
19,egress,28,S12,2,switch,20,296.117,0,263.063,0,0,0,100,0,0
19,egress,29,S13,0,switch,11,202.575,0,155.709,0,11.5248,11.5248,100,0,0
19,egress,29,S13,0,switch,11,202.575,5.34113,5.34113,0,5.34113,0,100,0,0
19,egress,29,S13,3,switch,30,295.76,0,51.2041,0,0,0,100,0,0
19,egress,29,S13,4,switch,25,102.876,0,102.876,11.5248,0,11.5248,100,0,1
19,egress,29,S13,6,terminal,58,1000,0,2.29914,0,0,0,100,0,0
19,egress,29,S13,7,terminal,59,1000,0,25.0739,0,11.5248,11.5248,100,0,0
19,egress,3,S27,0,switch,0,119.129,0,1.06385,0,34.9479,34.9479,100,0,0
19,egress,3,S27,1,switch,42,234.552,0,27.0805,0,34.9479,34.9479,100,0,0
19,egress,3,S27,2,switch,49,266.441,0,266.441,13.6225,21.3253,34.9479,100,0,1
19,egress,3,S27,3,switch,45,296.659,21.3253,0,21.3253,21.3253,21.3253,100,0,1
19,egress,3,S27,4,switch,26,158.334,0,120.661,0,21.3253,21.3253,100,0,0
19,egress,3,S27,5,terminal,6,1000,0,6.2792,0,34.9479,34.9479,100,0,0
19,egress,3,S27,6,terminal,7,1000,0,91.9371,0,34.9479,34.9479,100,0,0
19,egress,30,S14,1,switch,20,100.691,0,0.691,70.859,0,70.859,100,0,6
19,egress,30,S14,1,switch,20,100.691,100,100,0,100,0,100,0,0
19,egress,30,S14,3,terminal,60,1000,0,80.0774,0,70.859,70.859,100,0,0
19,egress,30,S14,4,terminal,61,1000,0,94.0893,0,70.859,70.859,100,0,0
19,egress,31,S62,0,switch,29,171.288,0,17.117,0,0,0,100,0,0
19,egress,31,S62,1,switch,30,134.823,0,88.3452,41.9575,0,41.9575,100,0,4
19,egress,31,S62,1,switch,30,134.823,46.4778,46.4778,0,46.4778,0,100,0,0
19,egress,31,S62,2,switch,10,234.199,0,151.987,0,0,0,100,0,0
19,egress,31,S62,4,terminal,62,1000,0,12.0355,0,0,0,100,0,0
19,egress,32,S21,0,switch,42,146.462,0,54.9816,89.8149,0,89.8149,100,0,2
19,egress,32,S21,0,switch,42,146.462,91.4804,91.4804,0,91.4804,0,100,0,0
19,egress,32,S21,1,switch,43,261.425,0,71.4999,0,0,0,100,0,0
19,egress,32,S21,2,switch,9,260.623,0,124.093,0,89.8149,89.8149,100,0,0
19,egress,32,S21,4,terminal,65,1000,0,31.0224,0,89.8149,89.8149,100,0,0
19,egress,33,S34,0,switch,26,235.741,0,68.9738,0,0,0,100,0,0
19,egress,33,S34,1,switch,17,173.55,0,173.55,15.936,0,15.936,100,0,1
19,egress,33,S34,2,terminal,66,1000,0,68.28,0,15.936,15.936,100,0,0
19,egress,34,S57,0,switch,20,180.835,0,180.835,0,0,0,100,0,0
19,egress,34,S57,1,switch,62,192.101,0,2.60226,0,0,0,100,0,0
19,egress,34,S57,3,terminal,68,1000,0,147.002,0,0,0,100,0,0
19,egress,35,S17,0,switch,25,277.107,40.0428,0,40.0428,40.0428,40.0428,100,0,2
19,egress,35,S17,0,switch,25,277.107,40.0428,220.373,40.0428,40.0428,40.0428,100,0,2
19,egress,35,S17,1,switch,36,182.906,0,16.2382,0,40.0428,40.0428,100,0,0
19,egress,35,S17,2,switch,37,246.878,0,206.517,0,40.0428,40.0428,100,0,0
19,egress,35,S17,3,switch,38,142.638,0,71.783,0,40.0428,40.0428,100,0,0
19,egress,35,S17,4,terminal,70,1000,0,47.7538,0,40.0428,40.0428,100,0,0
19,egress,36,S18,0,switch,35,247.316,0,51.853,0,0,0,100,0,0
19,egress,36,S18,2,switch,40,242.342,0,123.543,0,0,0,100,0,0
19,egress,36,S18,2,switch,40,242.342,100,100,0,100,0,100,0,0
19,egress,36,S18,3,switch,41,132.08,0,132.08,100,0,100,100,28.682,3
19,egress,36,S18,5,terminal,73,1000,0,98.2308,0,100,100,100,0,0
19,egress,37,S32,0,switch,0,103.31,0,103.31,90.7725,0,90.7725,100,0,2
19,egress,37,S32,1,switch,35,254.068,0,100,0,90.7725,90.7725,100,0,0
19,egress,37,S32,2,switch,40,118.456,0,47.9929,0,90.7725,90.7725,100,0,0
19,egress,37,S32,4,switch,26,298.921,0,114.914,0,90.7725,90.7725,100,0,0
19,egress,37,S32,6,switch,55,286.166,0,53.244,0,90.7725,90.7725,100,0,0
19,egress,37,S32,7,terminal,74,1000,0,68.7593,0,90.7725,90.7725,100,0,0
19,egress,37,S32,8,terminal,75,1000,0,103.082,0,90.7725,90.7725,100,0,0
19,egress,38,S42,0,switch,42,176.64,0,76.64,100,0,100,100,77.7654,5
19,egress,38,S42,0,switch,42,176.64,100,100,0,100,0,100,0,0
19,egress,38,S42,1,switch,40,122.733,0,100.762,0,0,0,100,0,0
19,egress,38,S42,2,switch,59,146.129,0,29.2454,0,0,0,100,0,0
19,egress,38,S42,5,terminal,77,1000,0,29.0023,0,0,0,100,0,0
19,egress,39,S19,0,switch,36,204.72,0,204.72,69.9536,0,69.9536,100,0,1
19,egress,39,S19,1,switch,42,146.524,0,30.3068,0,0,0,100,0,0
19,egress,39,S19,2,terminal,78,1000,0,60.4558,0,0,0,100,0,0
19,egress,4,S37,0,switch,0,203.508,0,102.956,0,0,0,100,0,0
19,egress,4,S37,1,switch,47,208.301,0,135.594,0,0,0,100,0,0
19,egress,4,S37,1,switch,47,208.301,29.598,29.598,0,29.598,0,100,0,0
19,egress,4,S37,3,switch,50,165.152,0,25.8275,0,0,0,100,0,0
19,egress,4,S37,5,terminal,9,1000,0,316.099,0,0,0,100,0,0
19,egress,40,S29,0,switch,36,264.754,0,264.754,0,100,100,100,104.728,0
19,egress,40,S29,1,switch,45,131.396,0,40.4772,7.1576,92.8424,100,100,51.1457,1
19,egress,40,S29,1,switch,45,131.396,90.9188,90.9188,0,100,9.08117,100,0,0
19,egress,40,S29,3,switch,38,184.858,0,58.9503,0,0,0,100,0,0
19,egress,40,S29,4,switch,21,163.928,0,154.847,92.8424,0,92.8424,100,0,2
19,egress,40,S29,4,switch,21,163.928,9.08117,9.08117,0,9.08117,0,100,0,0
19,egress,40,S29,5,switch,53,191.77,0,96.0785,0,100,100,100,0,0
19,egress,40,S29,7,terminal,81,1000,0,121.171,0,92.8424,92.8424,100,0,0
19,egress,41,S49,0,switch,11,188.868,0,181.846,0,0,0,100,0,0
19,egress,41,S49,0,switch,11,188.868,5.16709,5.16709,0,5.16709,0,100,0,0
19,egress,41,S49,2,switch,26,214.063,0,91.672,0,0,0,100,0,0
19,egress,41,S49,4,switch,51,258.091,0,8.02,0,0,0,100,0,0
19,egress,41,S49,5,switch,48,181.228,0,157.839,0,0,0,100,0,0
19,egress,41,S49,5,switch,48,181.228,16.7088,16.7088,0,21.8759,5.16709,100,0,0
19,egress,41,S49,6,terminal,82,1000,0,8.02,0,0,0,100,0,0
19,egress,41,S49,7,terminal,83,1000,0,108.02,0,0,0,100,0,0
19,egress,42,S20,0,switch,39,264.967,0,18.2375,0,0,0,100,0,0
19,egress,42,S20,1,switch,32,241.877,0,145.015,0,0,0,100,0,0
19,egress,42,S20,2,switch,3,251.806,0,251.806,99.0461,0,99.0461,100,0,3
19,egress,42,S20,3,switch,14,182.917,0,10.2928,0,0,0,100,0,0
19,egress,42,S20,4,switch,10,119.666,0,19.666,0.953887,99.0461,100,100,212.943,1
19,egress,42,S20,4,switch,10,119.666,100,100,0,100,0,100,0,0
19,egress,42,S20,5,terminal,84,1000,0,120.27,0,0,0,100,0,0
19,egress,42,S20,6,terminal,85,1000,0,49.5112,0,0,0,100,0,0
19,egress,43,S22,0,switch,0,203.304,0,203.304,0,100,100,100,16.6364,0
19,egress,43,S22,2,switch,32,143.276,0,37.3449,0,100,100,100,0,0
19,egress,43,S22,3,switch,44,274.638,0,40.8841,0,0,0,100,0,0
19,egress,43,S22,4,switch,45,155.693,0,55.693,100,0,100,100,24.8198,5
19,egress,43,S22,4,switch,45,155.693,100,100,0,100,0,100,0,0
19,egress,43,S22,5,terminal,86,1000,0,68.3105,0,100,100,100,0,0
19,egress,43,S22,6,terminal,87,1000,0,6.2792,0,100,100,100,0,0
19,egress,44,S23,0,switch,43,211.017,100,0,100,100,100,100,0,1
19,egress,44,S23,0,switch,43,211.017,100,211.017,100,100,100,100,348.888,1
19,egress,44,S23,3,terminal,89,1000,0,35.328,0,100,100,100,0,0
19,egress,45,S28,0,switch,15,170.054,0,70.4662,0,0,0,100,0,0
19,egress,45,S28,0,switch,15,170.054,56.538,56.538,0,56.538,0,100,0,0
19,egress,45,S28,1,switch,27,280.654,0,13.9232,0,0,0,100,0,0
19,egress,45,S28,2,switch,43,227.415,0,81.4004,0,0,0,100,0,0
19,egress,45,S28,3,switch,3,145.823,0,35.7833,0,0,0,100,0,0
19,egress,45,S28,4,switch,40,130.054,0,100,0,0,0,100,0,0
19,egress,45,S28,5,switch,18,198.318,0,27.8465,0,0,0,100,0,0
19,egress,45,S28,6,switch,5,174.024,0,14.2123,0,0,0,100,0,0
19,egress,46,S24,1,switch,44,217.722,0,59.4817,0,100,100,100,0,0
19,egress,46,S24,3,switch,48,198.106,100,0,100,100,100,100,0,2
19,egress,46,S24,3,switch,48,198.106,100,198.106,100,100,100,100,183.009,2
19,egress,46,S24,5,terminal,93,1000,0,68.9149,0,100,100,100,0,0
19,egress,47,S25,0,switch,46,291.732,0,41.3535,0,0,0,100,0,0
19,egress,47,S25,4,switch,51,120.167,0,41.2201,0,0,0,100,0,0
19,egress,47,S25,5,terminal,94,1000,0,153.805,0,0,0,100,0,0
19,egress,48,S50,0,switch,46,141.711,0,103.951,0,100,100,100,0,0
19,egress,48,S50,1,switch,41,183.344,0,125.409,100,0,100,100,15.8372,3
19,egress,48,S50,1,switch,41,183.344,57.9354,57.9354,0,57.9354,0,100,0,0
19,egress,48,S50,2,switch,58,290.959,0,178.428,0,100,100,100,0,0
19,egress,48,S50,3,switch,10,118.54,0,76.4754,0,100,100,100,1.9684,0
19,egress,48,S50,3,switch,10,118.54,42.0646,42.0646,0,100,57.9354,100,0,0
19,egress,48,S50,5,terminal,97,1000,0,126.81,0,0,0,100,0,0
19,egress,49,S26,0,switch,43,126.404,0,82.587,0,0,0,100,0,0
19,egress,49,S26,0,switch,43,126.404,0.0375719,0.0375719,0,0.0375719,0,100,0,0
19,egress,49,S26,1,switch,47,132.828,0,47.9533,0,0,0,100,0,0
19,egress,49,S26,4,terminal,99,1000,0,20.662,0,0,0,100,0,0
19,egress,5,S63,0,switch,0,259.679,0,37.2262,0,0,0,100,0,0
19,egress,5,S63,2,switch,31,151.987,0,14.1499,0,0,0,100,0,0
19,egress,5,S63,3,terminal,10,1000,0,151.775,0,0,0,100,0,0
19,egress,50,S38,0,switch,25,175.944,0,75.944,100,0,100,100,193.477,2
19,egress,50,S38,0,switch,25,175.944,100,100,0,100,0,100,0,0
19,egress,50,S38,2,switch,4,290.506,0,255.405,0,0,0,100,0,0
19,egress,50,S38,7,terminal,101,1000,0,25.594,0,0,0,100,0,0
19,egress,51,S48,0,switch,57,201.033,0,60.7414,0,0,0,100,0,0
19,egress,51,S48,0,switch,57,201.033,0.371992,0.371992,0,100,99.628,100,0,0
19,egress,51,S48,1,switch,41,119.175,0,19.547,90.6001,0,90.6001,100,0,3
19,egress,51,S48,1,switch,41,119.175,99.628,99.628,0,99.628,0,100,0,0
19,egress,51,S48,2,terminal,102,1000,0,83.8832,0,90.6001,90.6001,100,0,0
19,egress,52,S30,0,switch,28,196.927,0,196.927,52.7344,0,52.7344,100,0,6
19,egress,52,S30,1,switch,40,109.864,0,103.464,0,52.7344,52.7344,100,0,0
19,egress,52,S30,2,switch,54,164.752,0,2.76876,0,52.7344,52.7344,100,0,0
19,egress,52,S30,4,terminal,104,1000,0,0.17275,0,52.7344,52.7344,100,0,0
19,egress,52,S30,5,terminal,105,1000,0,19.5303,0,52.7344,52.7344,100,0,0
19,egress,53,S55,0,switch,15,170.836,0,79.5394,54.1499,0,54.1499,100,0,2
19,egress,53,S55,0,switch,15,170.836,91.2966,91.2966,0,91.2966,0,100,0,0
19,egress,53,S55,1,switch,40,298.054,0,144.111,0,54.1499,54.1499,100,0,0
19,egress,53,S55,3,switch,62,149.788,0,42.7742,0,0,0,100,0,0
19,egress,53,S55,6,terminal,107,1000,0,43.8896,0,0,0,100,0,0
19,egress,54,S31,0,switch,52,115.713,0,15.713,36.3688,63.6312,100,100,96.7748,2
19,egress,54,S31,0,switch,52,115.713,100,100,0,100,0,100,0,0
19,egress,54,S31,1,switch,37,242.335,0,242.335,63.6312,0,63.6312,100,0,2
19,egress,54,S31,2,terminal,108,1000,0,0.0911369,0,100,100,100,0,0
19,egress,55,S60,1,switch,37,243.133,0,52.2228,0,0,0,100,0,0
19,egress,55,S60,2,switch,9,166.058,0,49.7258,0,0,0,100,0,0
19,egress,55,S60,4,terminal,110,1000,0,60.3882,0,0,0,100,0,0
19,egress,55,S60,5,terminal,111,1000,0,114.663,0,0,0,100,0,0
19,egress,56,S36,0,switch,27,231.665,100,0,100,100,100,100,0,2
19,egress,56,S36,0,switch,27,231.665,100,76.2402,100,100,100,100,0,2
19,egress,56,S36,2,switch,4,112.305,0,74.6817,0,100,100,100,0,0
19,egress,56,S36,4,terminal,112,1000,0,29.5588,0,100,100,100,0,0
19,egress,57,S47,0,switch,52,179.939,0,160.045,19.8941,80.1059,100,100,143.203,1
19,egress,57,S47,0,switch,52,179.939,19.8941,19.8941,0,100,80.1059,100,0,0
19,egress,57,S47,1,switch,50,259.289,0,23.3346,0,100,100,100,0,0
19,egress,57,S47,3,switch,51,221.5,80.1059,0,80.1059,80.1059,80.1059,100,0,1
19,egress,57,S47,3,switch,51,221.5,80.1059,23.6896,80.1059,100,100,100,0,1
19,egress,57,S47,4,terminal,114,1000,0,19.3631,0,100,100,100,0,0
19,egress,57,S47,5,terminal,115,1000,0,30.0796,0,100,100,100,0,0
19,egress,58,S51,0,switch,54,230.135,0,39.5824,0,0,0,100,0,0
19,egress,58,S51,0,switch,54,230.135,44.0127,44.0127,0,44.0127,0,100,0,0
19,egress,58,S51,1,switch,23,189.834,0,22.228,0,0,0,100,0,0
19,egress,58,S51,2,switch,48,275.695,0,82.4813,0,0,0,100,0,0
19,egress,58,S51,3,switch,8,148.654,0,125.88,0,0,0,100,0,0
19,egress,58,S51,4,switch,62,214.158,0,82.4813,0,0,0,100,0,0
19,egress,58,S51,6,terminal,117,1000,0,148.311,0,0,0,100,0,0
19,egress,59,S41,0,switch,13,132.99,0,70.5957,0,58.3061,58.3061,100,0,0
19,egress,59,S41,1,switch,38,116.009,58.3061,0,58.3061,58.3061,58.3061,100,0,2
19,egress,59,S41,1,switch,38,116.009,58.3061,116.009,58.3061,58.3061,58.3061,100,0,2
19,egress,59,S41,2,terminal,118,1000,0,64.8554,0,58.3061,58.3061,100,0,0
19,egress,6,S02,0,switch,1,138.732,0,38.732,100,0,100,100,105.631,5
19,egress,6,S02,0,switch,1,138.732,100,100,0,100,0,100,0,0
19,egress,6,S02,2,switch,12,128.791,0,100,0,0,0,100,0,0
19,egress,6,S02,3,switch,13,194.048,0,85.9812,0,0,0,100,0,0
19,egress,6,S02,4,terminal,12,1000,0,123.474,0,0,0,100,0,0
19,egress,60,S44,0,switch,18,203.923,0,40.3031,0,0,0,100,0,0
19,egress,60,S44,2,terminal,120,1000,0,47.3297,0,0,0,100,0,0
19,egress,60,S44,3,terminal,121,1000,0,74.9498,0,0,0,100,0,0
19,egress,61,S46,1,switch,57,199.213,0,166.474,53.5073,0,53.5073,100,0,1
19,egress,61,S46,1,switch,57,199.213,32.7393,32.7393,0,32.7393,0,100,0,0
19,egress,61,S46,3,terminal,123,1000,0,0.333,0,0,0,100,0,0
19,egress,62,S56,0,switch,53,164.993,0,164.993,0,0,0,100,0,0
19,egress,62,S56,3,terminal,125,1000,0,49.6829,0,0,0,100,0,0
19,egress,63,S54,0,switch,15,172.792,0,172.792,0,0,0,100,0,0
19,egress,63,S54,1,switch,21,203.653,0,3.05351,0,0,0,100,0,0
19,egress,63,S54,3,terminal,126,1000,0,4.8415,0,0,0,100,0,0
19,egress,63,S54,4,terminal,127,1000,0,138.465,0,0,0,100,0,0
19,egress,7,S45,0,switch,27,292,0,197.937,0,86.9473,86.9473,100,0,0
19,egress,7,S45,1,switch,60,100.637,0,20.6691,0,86.9473,86.9473,100,0,0
19,egress,7,S45,2,switch,61,100.666,0,0.666,86.9473,0,86.9473,100,0,2
19,egress,7,S45,2,switch,61,100.666,100,100,0,100,0,100,0,0
19,egress,7,S45,4,terminal,15,1000,0,14.7577,0,86.9473,86.9473,100,0,0
19,egress,8,S52,0,switch,1,255.562,0,155.562,99.7313,0,99.7313,100,0,6
19,egress,8,S52,0,switch,1,255.562,100,100,0,100,0,100,0,0
19,egress,8,S52,2,switch,58,166.093,0,19.4943,0,0,0,100,0,0
19,egress,8,S52,3,switch,21,105.455,0,5.53314,0,0,0,100,0,0
19,egress,8,S52,4,terminal,16,1000,0,34.106,0,0,0,100,0,0
19,egress,8,S52,5,terminal,17,1000,0,31.2673,0,0,0,100,0,0
19,egress,9,S59,0,switch,1,295.318,0,191.09,0,87.3237,87.3237,100,0,0
19,egress,9,S59,0,switch,1,295.318,5.30384,5.30384,0,100,94.6962,100,0,0
19,egress,9,S59,2,switch,21,160.744,0,66.0478,22.4018,64.9219,87.3237,100,0,1
19,egress,9,S59,2,switch,21,160.744,94.6962,94.6962,0,94.6962,0,100,0,0
19,egress,9,S59,4,switch,55,140.378,0,140.378,64.9219,0,64.9219,100,0,3
19,egress,9,S59,5,terminal,18,1000,0,11.7683,0,0,0,100,0,0
19,egress,9,S59,6,terminal,19,1000,0,88.0565,0,87.3237,87.3237,100,0,0
2,egress,0,S00,0,switch,1,183.324,0,83.324,0,100,100,100,176.355,0
2,egress,0,S00,0,switch,1,183.324,100,100,0,100,0,100,0,0
2,egress,0,S00,1,switch,2,106.121,0,106.121,0,100,100,100,97.387,0
2,egress,0,S00,2,switch,3,149.8,0,149.8,9.928,0,9.928,100,0,1
2,egress,0,S00,3,switch,4,180.219,0,180.219,90.072,9.928,100,100,36.323,1
2,egress,1,S01,0,switch,0,159.728,0,59.728,0,100,100,100,295.225,0
2,egress,1,S01,0,switch,0,159.728,100,100,0,100,0,100,0,0
2,egress,1,S01,4,switch,9,251.018,0,251.018,26.36,73.64,100,100,172.459,1
2,egress,1,S01,5,switch,10,221.678,0,221.678,73.64,0,73.64,100,0,1
2,egress,10,S61,0,switch,1,227.172,100,100,0,100,0,100,0,0
2,egress,10,S61,3,switch,48,228.478,0,228.478,5.721,0,5.721,100,0,1
2,egress,10,S61,5,switch,31,158.461,0,158.461,10.553,5.721,16.274,100,0,1
2,egress,10,S61,6,terminal,20,1000,0,278.792,0,0,0,100,0,0
2,egress,11,S03,0,switch,6,132.338,0,32.338,100,0,100,100,56.53,1
2,egress,11,S03,0,switch,6,132.338,100,100,0,100,0,100,0,0
2,egress,11,S03,1,switch,12,213.202,0,169.38,0,100,100,100,0,0
2,egress,12,S04,0,switch,6,184.169,0,184.169,16.671,0,16.671,100,0,2
2,egress,12,S04,2,switch,15,124.853,100,100,0,100,0,100,0,0
2,egress,12,S04,3,switch,16,118.797,0,118.797,77.4285,16.671,94.0995,100,0,2
2,egress,12,S04,4,switch,17,249.248,0,67.4345,0,0,0,100,0,0
2,egress,13,S40,0,switch,6,162.644,0,62.644,70.346,0,70.346,100,0,1
2,egress,13,S40,0,switch,6,162.644,100,100,0,100,0,100,0,0
2,egress,13,S40,1,switch,52,151.023,0,140.319,0,0,0,100,0,0
2,egress,14,S58,0,switch,11,169.38,100,100,0,100,0,100,0,0
2,egress,14,S58,4,switch,5,193.819,0,182.917,0,0,0,100,0,0
2,egress,14,S58,5,terminal,28,1000,0,113.541,0,0,0,100,0,0
2,egress,15,S05,0,switch,12,134.869,0,34.869,0,100,100,100,135.967,0
2,egress,15,S05,0,switch,12,134.869,100,100,0,100,0,100,0,0
2,egress,15,S05,1,switch,19,212.416,0,212.416,100,0,100,100,246.002,2
2,egress,15,S05,2,switch,20,256.175,0,172.792,0,100,100,100,0,0
2,egress,16,S11,0,switch,12,200.84,0,100.84,100,0,100,100,92.656,1
2,egress,16,S11,0,switch,12,200.84,100,100,0,100,0,100,0,0
2,egress,17,S35,0,switch,33,196.155,100,100,0,100,0,100,0,0
2,egress,18,S43,0,switch,38,157.659,0,57.659,100,0,100,100,46.264,1
2,egress,18,S43,0,switch,38,157.659,100,100,0,100,0,100,0,0
2,egress,18,S43,3,terminal,37,1000,0,178.427,0,100,100,100,0,0
2,egress,19,S06,3,switch,10,169.014,0,69.014,49.245,0,49.245,100,0,1
2,egress,19,S06,3,switch,10,169.014,100,100,0,100,0,100,0,0
2,egress,2,S10,0,switch,27,137.994,100,100,0,100,0,100,0,0
2,egress,20,S15,0,switch,15,112.83,0,112.83,100,0,100,100,83.287,1
2,egress,20,S15,1,switch,28,153.051,0,59.95,0,100,100,100,0,0
2,egress,20,S15,2,switch,30,254.167,0,59.95,0,100,100,100,0,0
2,egress,20,S15,3,switch,25,274.153,100,100,0,100,0,100,0,0
2,egress,20,S15,4,switch,32,143.593,0,143.593,0,100,100,100,137.933,0
2,egress,21,S53,0,switch,15,263.511,100,100,0,100,0,100,0,0
2,egress,21,S53,2,switch,8,135.597,0,135.597,68.056,0,68.056,100,0,1
2,egress,21,S53,3,switch,63,178.955,0,160.744,0,0,0,100,0,0
2,egress,22,S07,0,switch,19,118.259,0,18.259,100,0,100,100,64.165,1
2,egress,22,S07,0,switch,19,118.259,100,100,0,100,0,100,0,0
2,egress,22,S07,3,switch,26,124.406,0,124.406,0,100,100,100,86.238,0
2,egress,23,S39,0,switch,17,216.203,0,189.834,0,100,100,100,0,0
2,egress,23,S39,3,switch,13,140.319,0,40.319,100,0,100,100,1.8355,1
2,egress,23,S39,3,switch,13,140.319,100,100,0,100,0,100,0,0
2,egress,23,S39,4,switch,58,247.444,0,142.155,0,100,100,100,0,0
2,egress,24,S08,0,switch,22,182.424,0,129.629,0,0,0,100,0,0
2,egress,24,S08,1,switch,27,295.728,100,100,0,100,0,100,0,0
2,egress,25,S16,0,switch,22,153.62,0,153.62,0,100,100,100,22.324,0
2,egress,25,S16,1,switch,20,119.9,0,19.9,0,100,100,100,257.207,0
2,egress,25,S16,1,switch,20,119.9,100,100,0,100,0,100,0,0
2,egress,25,S16,2,switch,35,135.775,0,135.775,100,0,100,100,38.378,2
2,egress,26,S33,0,switch,3,174.708,0,174.708,0,100,100,100,61.033,0
2,egress,26,S33,2,switch,33,257.766,100,100,0,100,0,100,0,0
2,egress,26,S33,3,switch,7,131.677,0,131.677,100,0,100,100,51.063,2
2,egress,27,S09,0,switch,24,129.629,0,29.629,100,0,100,100,8.365,2
2,egress,27,S09,0,switch,24,129.629,100,100,0,100,0,100,0,0
2,egress,27,S09,1,switch,2,200.787,0,200.787,0,100,100,100,91.213,0
2,egress,27,S09,2,switch,7,126.429,0,126.429,0,100,100,100,169.299,0
2,egress,28,S12,0,switch,16,293.496,100,100,0,100,0,100,0,0
2,egress,28,S12,2,switch,20,296.117,0,296.117,100,0,100,100,49.716,2
2,egress,29,S13,1,switch,24,131.235,0,131.235,100,0,100,100,56.813,1
2,egress,29,S13,4,switch,25,102.876,0,102.876,0,100,100,100,68.412,0
2,egress,29,S13,5,switch,31,131.191,100,100,0,100,0,100,0,0
2,egress,3,S27,2,switch,49,266.441,0,149.8,0,100,100,100,0,0
2,egress,3,S27,2,switch,49,266.441,100,100,0,100,0,100,0,0
2,egress,3,S27,3,switch,45,296.659,0,174.708,0,100,100,100,0,0
2,egress,3,S27,4,switch,26,158.334,0,158.334,100,0,100,100,139.295,1
2,egress,30,S14,0,switch,29,288.048,65.8108,65.8108,0,100,34.1892,100,0,0
2,egress,30,S14,1,switch,20,100.691,34.1892,34.1892,0,34.1892,0,100,0,0
2,egress,31,S62,2,switch,10,234.199,0,134.199,17.788,0,17.788,100,0,1
2,egress,31,S62,2,switch,10,234.199,100,100,0,100,0,100,0,0
2,egress,31,S62,3,switch,5,238.676,0,131.191,0,17.788,17.788,100,0,0
2,egress,32,S21,1,switch,43,261.425,100,100,0,100,0,100,0,0
2,egress,33,S34,0,switch,26,235.741,0,135.741,15.784,84.216,100,100,44.63,1
2,egress,33,S34,0,switch,26,235.741,100,100,0,100,0,100,0,0
2,egress,33,S34,1,switch,17,173.55,0,173.55,84.216,0,84.216,100,0,1
2,egress,34,S57,0,switch,20,180.835,0,119.189,0,100,100,100,0,0
2,egress,34,S57,1,switch,62,192.101,0,192.101,0,100,100,100,32.162,0
2,egress,34,S57,2,switch,14,113.541,0,13.541,100,0,100,100,5.6475,1
2,egress,34,S57,2,switch,14,113.541,100,100,0,100,0,100,0,0
2,egress,35,S17,0,switch,25,277.107,100,100,0,100,0,100,0,0
2,egress,36,S18,1,switch,39,215.617,100,100,0,100,0,100,0,0
2,egress,36,S18,2,switch,40,242.342,0,102.36,0,0,0,100,0,0
2,egress,36,S18,3,switch,41,132.08,0,132.08,100,0,100,100,135.034,1
2,egress,37,S32,0,switch,0,103.31,0,3.31,100,0,100,100,264.736,1
2,egress,37,S32,0,switch,0,103.31,100,100,0,100,0,100,0,0
2,egress,37,S32,5,switch,7,109.432,0,109.432,0,100,100,100,11.7355,0
2,egress,38,S42,0,switch,42,176.64,0,116.009,0,100,100,100,0,0
2,egress,38,S42,1,switch,40,122.733,0,22.733,100,0,100,100,34.926,1
2,egress,38,S42,1,switch,40,122.733,100,100,0,100,0,100,0,0
2,egress,39,S19,0,switch,36,204.72,100,100,0,100,0,100,0,0
2,egress,39,S19,1,switch,42,146.524,0,146.524,69.093,0,69.093,100,0,1
2,egress,4,S37,3,switch,50,165.152,100,100,0,100,0,100,0,0
2,egress,40,S29,0,switch,36,264.754,0,122.733,0,0,0,100,0,0
2,egress,40,S29,1,switch,45,131.396,0,31.396,100,0,100,100,546.143,1
2,egress,40,S29,1,switch,45,131.396,100,100,0,100,0,100,0,0
2,egress,40,S29,4,switch,21,163.928,0,109.864,0,0,0,100,0,0
2,egress,41,S49,0,switch,11,188.868,100,100,0,100,0,100,0,0
2,egress,41,S49,1,switch,36,220.166,0,183.344,0,0,0,100,0,0
2,egress,42,S20,2,switch,3,251.806,0,151.806,24.834,0,24.834,100,0,1
2,egress,42,S20,2,switch,3,251.806,100,100,0,100,0,100,0,0
2,egress,43,S22,0,switch,0,203.304,0,193.915,0,80.528,80.528,100,0,0
2,egress,43,S22,1,switch,39,234.56,0,63.202,0,80.528,80.528,100,0,0
2,egress,43,S22,3,switch,44,274.638,100,100,0,100,0,100,0,0
2,egress,43,S22,4,switch,45,155.693,0,155.693,80.528,0,80.528,100,0,2
2,egress,43,S22,5,terminal,86,1000,0,105.508,0,80.528,80.528,100,0,0
2,egress,44,S23,0,switch,43,211.017,0,111.017,85.742,14.258,100,100,20.963,1
2,egress,44,S23,0,switch,43,211.017,100,100,0,100,0,100,0,0
2,egress,44,S23,1,switch,46,260.38,0,260.38,14.258,0,14.258,100,0,1
2,egress,45,S28,2,switch,43,227.415,0,131.396,0,0,0,100,0,0
2,egress,45,S28,3,switch,3,145.823,100,100,0,100,0,100,0,0
2,egress,46,S24,3,switch,48,198.106,0,98.106,100,0,100,100,93.626,2
2,egress,46,S24,3,switch,48,198.106,100,100,0,100,0,100,0,0
2,egress,47,S25,0,switch,46,291.732,100,100,0,100,0,100,0,0
2,egress,48,S50,0,switch,46,141.711,0,141.711,0,100,100,100,133.984,0
2,egress,48,S50,2,switch,58,290.959,0,190.959,100,0,100,100,88.375,2
2,egress,48,S50,2,switch,58,290.959,100,100,0,100,0,100,0,0
2,egress,49,S26,0,switch,43,126.404,100,100,0,100,0,100,0,0
2,egress,49,S26,1,switch,47,132.828,0,132.828,100,0,100,100,33.613,1
2,egress,5,S63,2,switch,31,151.987,100,100,0,100,0,100,0,0
2,egress,50,S38,0,switch,25,175.944,0,75.944,100,0,100,100,77.827,1
2,egress,50,S38,0,switch,25,175.944,100,100,0,100,0,100,0,0
2,egress,50,S38,7,terminal,101,1000,0,165.152,0,100,100,100,0,0
2,egress,51,S48,0,switch,57,201.033,100,100,0,100,0,100,0,0
2,egress,52,S30,0,switch,28,196.927,100,100,0,100,0,100,0,0
2,egress,52,S30,1,switch,40,109.864,0,109.864,41.159,0,41.159,100,0,1
2,egress,53,S55,0,switch,15,170.836,29.214,29.214,0,29.214,0,100,0,0
2,egress,53,S55,1,switch,40,298.054,70.786,70.786,0,100,29.214,100,0,0
2,egress,54,S31,1,switch,37,242.335,100,100,0,100,0,100,0,0
2,egress,55,S60,2,switch,9,166.058,46.5817,46.5817,0,46.5817,0,100,0,0
2,egress,55,S60,3,switch,10,278.792,53.4183,53.4183,0,100,46.5817,100,0,0
2,egress,56,S36,2,switch,4,112.305,0,112.305,100,0,100,100,39.947,1
2,egress,56,S36,3,switch,23,284.309,100,100,0,100,0,100,0,0
2,egress,57,S47,0,switch,52,179.939,0,179.939,19.274,0,19.274,100,0,2
2,egress,57,S47,1,switch,50,259.289,0,100.516,0,19.274,19.274,100,0,0
2,egress,57,S47,2,switch,61,259.693,100,100,0,100,0,100,0,0
2,egress,57,S47,5,terminal,115,1000,0,100.516,0,19.274,19.274,100,0,0
2,egress,58,S51,0,switch,54,230.135,0,230.135,60.824,0,60.824,100,0,1
2,egress,58,S51,1,switch,23,189.834,100,100,0,100,0,100,0,0
2,egress,59,S41,0,switch,13,132.99,100,100,0,100,0,100,0,0
2,egress,6,S02,0,switch,1,138.732,0,138.732,29.007,70.993,100,100,61.074,1
2,egress,6,S02,2,switch,12,128.791,100,100,0,100,0,100,0,0
2,egress,6,S02,3,switch,13,194.048,0,194.048,70.993,0,70.993,100,0,1
2,egress,6,S02,4,terminal,12,1000,0,66.169,0,0,0,100,0,0
2,egress,60,S44,1,switch,7,207.424,0,107.424,25.285,0,25.285,100,0,1
2,egress,60,S44,1,switch,7,207.424,100,100,0,100,0,100,0,0
2,egress,61,S46,0,switch,7,136.971,0,136.971,100,0,100,100,22.722,2
2,egress,61,S46,1,switch,57,199.213,100,100,0,100,0,100,0,0
2,egress,62,S56,1,switch,34,238.377,100,100,0,100,0,100,0,0
2,egress,63,S54,1,switch,21,203.653,100,100,0,100,0,100,0,0
2,egress,7,S45,0,switch,27,292,100,100,0,100,0,100,0,0
2,egress,7,S45,2,switch,61,100.666,0,100.666,100,0,100,100,6.758,1
2,egress,8,S52,0,switch,1,255.562,100,100,0,100,0,100,0,0
2,egress,9,S59,0,switch,1,295.318,0,166.058,0,0,0,100,0,0
2,egress,9,S59,0,switch,1,295.318,100,100,0,100,0,100,0,0
20,egress,0,S00,0,switch,1,183.324,0,145.943,0,0,0,100,0,0
20,egress,0,S00,1,switch,2,106.121,0,28.5202,0,0,0,100,0,0
20,egress,0,S00,2,switch,3,149.8,0,75.1024,0,0,0,100,0,0
20,egress,0,S00,3,switch,4,180.219,0,77.4825,0,0,0,100,0,0
20,egress,0,S00,4,switch,5,102.034,0,2.034,100,0,100,100,8.24022,3
20,egress,0,S00,4,switch,5,102.034,100,100,0,100,0,100,0,0
20,egress,0,S00,5,terminal,0,1000,0,100,0,0,0,100,0,0
20,egress,0,S00,6,terminal,1,1000,0,115.766,0,100,100,100,0,0
20,egress,1,S01,0,switch,0,159.728,0,59.728,100,0,100,100,22.7491,5
20,egress,1,S01,0,switch,0,159.728,100,100,0,100,0,100,0,0
20,egress,1,S01,1,switch,6,265.041,0,203.267,0,100,100,100,0,0
20,egress,1,S01,2,switch,7,132.025,0,132.025,0,100,100,100,36.0168,0
20,egress,1,S01,3,switch,8,206.324,0,76.7413,0,100,100,100,0,0
20,egress,1,S01,4,switch,9,251.018,0,22.9332,0,0,0,100,0,0
20,egress,1,S01,5,switch,10,221.678,0,110.218,0,100,100,100,0,0
20,egress,1,S01,6,terminal,2,1000,0,31.0487,0,0,0,100,0,0
20,egress,1,S01,7,terminal,3,1000,0,31.5457,0,0,0,100,0,0
20,egress,10,S61,0,switch,1,227.172,0,149.34,0,100,100,100,0,0
20,egress,10,S61,1,switch,19,153.026,0,53.026,100,0,100,100,64.1821,1
20,egress,10,S61,1,switch,19,153.026,100,100,0,100,0,100,0,0
20,egress,10,S61,2,switch,42,279.867,0,18.6649,0,0,0,100,0,0
20,egress,10,S61,3,switch,48,228.478,0,127.822,0,0,0,100,0,0
20,egress,10,S61,5,switch,31,158.461,0,118.229,0,0,0,100,0,0
20,egress,10,S61,6,terminal,20,1000,0,105.719,0,100,100,100,0,0
20,egress,10,S61,7,terminal,21,1000,0,53.2782,0,0,0,100,0,0
20,egress,11,S03,0,switch,6,132.338,0,73.9635,0,98.7367,98.7367,100,0,0
20,egress,11,S03,1,switch,12,213.202,0,154.709,98.7367,0,98.7367,100,0,2
20,egress,11,S03,1,switch,12,213.202,58.493,58.493,0,58.493,0,100,0,0
20,egress,11,S03,2,switch,14,127.424,0,85.917,1.26328,98.7367,100,100,108.375,1
20,egress,11,S03,2,switch,14,127.424,41.507,41.507,0,100,58.493,100,0,0
20,egress,11,S03,3,switch,10,279.727,0,176.605,0,0,0,100,0,0
20,egress,11,S03,5,terminal,23,1000,0,23.0472,0,100,100,100,0,0
20,egress,12,S04,0,switch,6,184.169,33.422,0,33.422,33.422,33.422,100,0,2
20,egress,12,S04,0,switch,6,184.169,33.422,15.444,33.422,33.422,33.422,100,0,2
20,egress,12,S04,1,switch,11,186.587,0,68.5213,0,78.6315,78.6315,100,0,0
20,egress,12,S04,2,switch,15,124.853,0,82.6457,0,78.6315,78.6315,100,0,0
20,egress,12,S04,3,switch,16,118.797,0,4.35862,0,33.422,33.422,100,0,0
20,egress,12,S04,4,switch,17,249.248,0,4.35862,0,33.422,33.422,100,0,0
20,egress,12,S04,5,switch,18,178.427,0,178.427,45.2095,33.422,78.6315,100,0,2
20,egress,12,S04,6,terminal,24,1000,0,102.641,0,78.6315,78.6315,100,0,0
20,egress,12,S04,7,terminal,25,1000,0,134.891,0,78.6315,78.6315,100,0,0
20,egress,13,S40,0,switch,6,162.644,0,64.0749,0,11.1645,11.1645,100,0,0
20,egress,13,S40,1,switch,52,151.023,0,68.7588,0,11.1645,11.1645,100,0,0
20,egress,13,S40,2,switch,50,160.169,0,0,0.115167,11.0493,11.1645,100,0,1
20,egress,13,S40,3,switch,23,211.313,0,111.313,11.0493,0,11.0493,100,0,3
20,egress,13,S40,3,switch,23,211.313,100,100,0,100,0,100,0,0
20,egress,13,S40,4,switch,59,239.712,0,76.5032,0,11.1645,11.1645,100,0,0
20,egress,14,S58,0,switch,11,169.38,12.7733,0,12.7733,100,100,100,0,1
20,egress,14,S58,0,switch,11,169.38,12.7733,64.5417,12.7733,100,100,100,0,1
20,egress,14,S58,1,switch,42,232.511,0,66.26,0,100,100,100,0,0
20,egress,14,S58,2,switch,34,224.263,0,61.164,0,100,100,100,0,0
20,egress,14,S58,3,switch,9,139.013,87.2267,0,87.2267,100,100,100,0,2
20,egress,14,S58,3,switch,9,139.013,87.2267,35.1577,87.2267,100,100,100,0,2
20,egress,15,S05,0,switch,12,134.869,0,34.869,82.4821,17.5179,100,100,64.0439,2
20,egress,15,S05,0,switch,12,134.869,100,100,0,100,0,100,0,0
20,egress,15,S05,1,switch,19,212.416,0,131.286,0,17.5179,17.5179,100,0,0
20,egress,15,S05,2,switch,20,256.175,0,172.792,0,17.5179,17.5179,100,0,0
20,egress,15,S05,3,switch,21,137.945,0,137.945,17.5179,0,17.5179,100,0,1
20,egress,15,S05,4,terminal,30,1000,0,45.0653,0,17.5179,17.5179,100,0,0
20,egress,15,S05,5,terminal,31,1000,0,125.548,0,17.5179,17.5179,100,0,0
20,egress,16,S11,0,switch,12,200.84,0,138.515,0,0,0,100,0,0
20,egress,16,S11,1,switch,2,104.704,0,53.9128,0,0,0,100,0,0
20,egress,16,S11,2,switch,28,168.312,0,48.3913,0,0,0,100,0,0
20,egress,16,S11,4,terminal,33,1000,0,40.8779,0,0,0,100,0,0
20,egress,17,S35,0,switch,33,196.155,0,100,0,0,0,100,0,0
20,egress,17,S35,2,switch,23,169.342,0,62.6711,0,0,0,100,0,0
20,egress,17,S35,2,switch,23,169.342,100,100,0,100,0,100,0,0
20,egress,17,S35,3,terminal,34,1000,0,203.738,0,0,0,100,0,0
20,egress,17,S35,4,terminal,35,1000,0,215.619,0,0,0,100,0,0
20,egress,18,S43,0,switch,38,157.659,0,57.659,49.5586,5.2254,54.784,100,0,6
20,egress,18,S43,0,switch,38,157.659,100,100,0,100,0,100,0,0
20,egress,18,S43,1,switch,60,132.709,0,132.709,5.2254,0,5.2254,100,0,1
20,egress,18,S43,2,terminal,36,1000,0,3.4869,0,0,0,100,0,0
20,egress,19,S06,0,switch,15,170.98,0,67.2079,0,0,0,100,0,0
20,egress,19,S06,1,switch,22,210.644,0,181.892,0,0,0,100,0,0
20,egress,19,S06,2,switch,23,267,0,58.5571,0,0,0,100,0,0
20,egress,19,S06,3,switch,10,169.014,0,65.5628,0,0,0,100,0,0
20,egress,19,S06,4,terminal,38,1000,0,52.7399,0,0,0,100,0,0
20,egress,19,S06,5,terminal,39,1000,0,55.6491,0,0,0,100,0,0
20,egress,2,S10,0,switch,27,137.994,0,127.269,0,28.751,28.751,100,0,0
20,egress,2,S10,1,switch,16,243.793,0,243.793,28.751,0,28.751,100,0,2
20,egress,2,S10,2,terminal,4,1000,0,65.2265,0,28.751,28.751,100,0,0
20,egress,2,S10,3,terminal,5,1000,0,21.1711,0,0,0,100,0,0
20,egress,20,S15,0,switch,15,112.83,0,112.83,0,100,100,100,87.8975,0
20,egress,20,S15,1,switch,28,153.051,0,153.051,0,100,100,100,35.9392,0
20,egress,20,S15,2,switch,30,254.167,0,40.0133,0,100,100,100,0,0
20,egress,20,S15,3,switch,25,274.153,0,62.1999,0,100,100,100,0,0
20,egress,20,S15,4,switch,32,143.593,100,0,100,100,100,100,0,3
20,egress,20,S15,4,switch,32,143.593,100,90.043,100,100,100,100,0,3
20,egress,20,S15,6,switch,13,232.721,0,107.776,0,100,100,100,0,0
20,egress,20,S15,7,switch,34,204.798,0,88.2246,0,100,100,100,0,0
20,egress,20,S15,8,terminal,40,1000,0,98.5761,0,100,100,100,0,0
20,egress,20,S15,9,terminal,41,1000,0,2.21111,0,100,100,100,0,0
20,egress,21,S53,0,switch,15,263.511,0,81.9473,0,100,100,100,0,0
20,egress,21,S53,1,switch,40,137.143,0,109.089,0,100,100,100,0,0
20,egress,21,S53,2,switch,8,135.597,100,0,100,100,100,100,0,3
20,egress,21,S53,2,switch,8,135.597,100,32.4447,100,100,100,100,0,3
20,egress,21,S53,3,switch,63,178.955,0,131.858,0,100,100,100,0,0
20,egress,21,S53,4,switch,9,122.206,0,73.0298,0,100,100,100,0,0
20,egress,21,S53,6,terminal,43,1000,0,59.7901,0,100,100,100,0,0
20,egress,22,S07,0,switch,19,118.259,0,18.259,100,0,100,100,63.6916,7
20,egress,22,S07,0,switch,19,118.259,100,100,0,100,0,100,0,0
20,egress,22,S07,2,switch,25,128.19,0,67.2324,0,100,100,100,0,0
20,egress,22,S07,3,switch,26,124.406,0,34.6506,0,0,0,100,0,0
20,egress,22,S07,4,terminal,44,1000,0,56.6847,0,0,0,100,0,0
20,egress,22,S07,5,terminal,45,1000,0,73.1472,0,100,100,100,0,0
20,egress,23,S39,0,switch,17,216.203,0,81.4236,0,0,0,100,0,0
20,egress,23,S39,0,switch,17,216.203,34.0061,34.0061,0,58.2992,24.293,100,0,0
20,egress,23,S39,1,switch,56,105.799,0,82.3432,0,0,0,100,0,0
20,egress,23,S39,1,switch,56,105.799,22.647,22.647,0,24.293,1.64607,100,0,0
20,egress,23,S39,4,switch,58,247.444,0,244.216,0,0,0,100,0,0
20,egress,23,S39,4,switch,58,247.444,1.64607,1.64607,0,1.64607,0,100,0,0
20,egress,23,S39,5,terminal,46,1000,0,33.7544,0,0,0,100,0,0
20,egress,23,S39,6,terminal,47,1000,0,118.363,0,0,0,100,0,0
20,egress,24,S08,0,switch,22,182.424,0,149.17,0,0,0,100,0,0
20,egress,24,S08,2,terminal,48,1000,0,37.4683,0,0,0,100,0,0
20,egress,25,S16,0,switch,22,153.62,0,117.976,0,0,0,100,0,0
20,egress,25,S16,1,switch,20,119.9,0,19.9,100,0,100,100,144.633,5
20,egress,25,S16,1,switch,20,119.9,100,100,0,100,0,100,0,0
20,egress,25,S16,2,switch,35,135.775,0,125.735,0,100,100,100,0,0
20,egress,25,S16,3,terminal,50,1000,0,173.399,0,0,0,100,0,0
20,egress,25,S16,4,terminal,51,1000,0,23.1421,0,0,0,100,0,0
20,egress,26,S33,0,switch,3,174.708,0,154.849,0,0,0,100,0,0
20,egress,26,S33,1,switch,37,254.481,0,191.672,0,0,0,100,0,0
20,egress,26,S33,1,switch,37,254.481,49.3993,49.3993,0,49.3993,0,100,0,0
20,egress,26,S33,2,switch,33,257.766,0,20.6608,0,0,0,100,0,0
20,egress,26,S33,4,terminal,52,1000,0,114.914,0,0,0,100,0,0
20,egress,26,S33,5,terminal,53,1000,0,12.2235,0,0,0,100,0,0
20,egress,27,S09,0,switch,24,129.629,0,61.6564,93.0644,0,93.0644,100,0,11
20,egress,27,S09,0,switch,24,129.629,67.9726,67.9726,0,67.9726,0,100,0,0
20,egress,27,S09,1,switch,2,200.787,0,106.583,0,93.0644,93.0644,100,0,0
20,egress,27,S09,2,switch,7,126.429,0,45.8027,0,93.0644,93.0644,100,0,0
20,egress,27,S09,4,terminal,55,1000,0,128.37,0,93.0644,93.0644,100,0,0
20,egress,28,S12,0,switch,16,293.496,0,2.4875,0,100,100,100,0,0
20,egress,28,S12,1,switch,29,167.904,0,130.54,0,100,100,100,0,0
20,egress,28,S12,2,switch,20,296.117,0,0,100,0,100,100,111.954,3
20,egress,28,S12,4,terminal,57,1000,0,38.7868,0,0,0,100,0,0
20,egress,29,S13,0,switch,11,202.575,0,160.909,0,11.3559,11.3559,100,0,0
20,egress,29,S13,3,switch,30,295.76,0,40.7719,0,11.3559,11.3559,100,0,0
20,egress,29,S13,4,switch,25,102.876,0,91.3512,11.3559,0,11.3559,100,0,1
20,egress,29,S13,4,switch,25,102.876,11.5248,11.5248,0,11.5248,0,100,0,0
20,egress,29,S13,7,terminal,59,1000,0,17.117,0,0,0,100,0,0
20,egress,3,S27,0,switch,0,119.129,0,21.8547,0,0,0,100,0,0
20,egress,3,S27,1,switch,42,234.552,0,23.3064,0,0,0,100,0,0
20,egress,3,S27,2,switch,49,266.441,0,203.258,0,0,0,100,0,0
20,egress,3,S27,2,switch,49,266.441,13.6225,13.6225,0,34.9479,21.3253,100,0,0
20,egress,3,S27,3,switch,45,296.659,21.3253,21.3253,0,21.3253,0,100,0,0
20,egress,3,S27,4,switch,26,158.334,0,2.97605,0,0,0,100,0,0
20,egress,3,S27,5,terminal,6,1000,0,104.37,0,0,0,100,0,0
20,egress,3,S27,6,terminal,7,1000,0,129.968,0,0,0,100,0,0
20,egress,30,S14,1,switch,20,100.691,0,29.832,100,0,100,100,8.01007,6
20,egress,30,S14,1,switch,20,100.691,70.859,70.859,0,70.859,0,100,0,0
20,egress,30,S14,3,terminal,60,1000,0,35.2462,0,100,100,100,0,0
20,egress,30,S14,4,terminal,61,1000,0,82.5878,0,0,0,100,0,0
20,egress,31,S62,0,switch,29,171.288,0,14.4894,0,0,0,100,0,0
20,egress,31,S62,1,switch,30,134.823,0,92.8655,49.9318,0,49.9318,100,0,3
20,egress,31,S62,1,switch,30,134.823,41.9575,41.9575,0,41.9575,0,100,0,0
20,egress,31,S62,2,switch,10,234.199,0,14.1499,0,0,0,100,0,0
20,egress,31,S62,4,terminal,62,1000,0,12.8441,0,0,0,100,0,0
20,egress,31,S62,5,terminal,63,1000,0,1.52158,0,49.9318,49.9318,100,0,0
20,egress,32,S21,0,switch,42,146.462,0,56.6471,51.5609,0,51.5609,100,0,2
20,egress,32,S21,0,switch,42,146.462,89.8149,89.8149,0,89.8149,0,100,0,0
20,egress,32,S21,1,switch,43,261.425,0,88.1311,0,0,0,100,0,0
20,egress,32,S21,2,switch,9,260.623,0,124.43,0,0,0,100,0,0
20,egress,32,S21,4,terminal,65,1000,0,122.427,0,0,0,100,0,0
20,egress,33,S34,0,switch,26,235.741,0,38.8502,0,0,0,100,0,0
20,egress,33,S34,1,switch,17,173.55,0,113.46,0,0,0,100,0,0
20,egress,33,S34,1,switch,17,173.55,15.936,15.936,0,15.936,0,100,0,0
20,egress,33,S34,2,terminal,66,1000,0,14.7577,0,0,0,100,0,0
20,egress,33,S34,3,terminal,67,1000,0,78.124,0,0,0,100,0,0
20,egress,34,S57,0,switch,20,180.835,0,129.852,0,0,0,100,0,0
20,egress,34,S57,1,switch,62,192.101,0,22.6857,0,0,0,100,0,0
20,egress,34,S57,3,terminal,68,1000,0,124.869,0,0,0,100,0,0
20,egress,34,S57,4,terminal,69,1000,0,63.712,0,0,0,100,0,0
20,egress,35,S17,0,switch,25,277.107,0,146.987,0,0,0,100,0,0
20,egress,35,S17,0,switch,25,277.107,40.0428,40.0428,0,40.0428,0,100,0,0
20,egress,35,S17,1,switch,36,182.906,0,17.6857,0,0,0,100,0,0
20,egress,35,S17,2,switch,37,246.878,0,34.7078,0,0,0,100,0,0
20,egress,35,S17,3,switch,38,142.638,0,78.6959,0,0,0,100,0,0
20,egress,35,S17,5,terminal,71,1000,0,39.3935,0,0,0,100,0,0
20,egress,36,S18,0,switch,35,247.316,0,14.9999,0,100,100,100,0,0
20,egress,36,S18,2,switch,40,242.342,0,37.5959,0,0,0,100,0,0
20,egress,36,S18,3,switch,41,132.08,0,32.08,100,0,100,100,158.699,2
20,egress,36,S18,3,switch,41,132.08,100,100,0,100,0,100,0,0
20,egress,36,S18,5,terminal,73,1000,0,179.934,0,100,100,100,0,0
20,egress,37,S32,0,switch,0,103.31,0,12.5375,100,0,100,100,162.118,3
20,egress,37,S32,0,switch,0,103.31,90.7725,90.7725,0,90.7725,0,100,0,0
20,egress,37,S32,1,switch,35,254.068,0,69.7686,0,100,100,100,0,0
20,egress,37,S32,2,switch,40,118.456,0,28.4034,0,100,100,100,0,0
20,egress,37,S32,4,switch,26,298.921,0,79.2245,0,100,100,100,0,0
20,egress,37,S32,6,switch,55,286.166,0,40.9174,0,100,100,100,0,0
20,egress,37,S32,7,terminal,74,1000,0,131.447,0,100,100,100,0,0
20,egress,37,S32,8,terminal,75,1000,0,165.232,0,100,100,100,0,0
20,egress,38,S42,0,switch,42,176.64,0,76.64,70.8078,12.9804,83.7882,100,0,5
20,egress,38,S42,0,switch,42,176.64,100,100,0,100,0,100,0,0
20,egress,38,S42,1,switch,40,122.733,0,122.733,12.9804,0,12.9804,100,0,1
20,egress,38,S42,2,switch,59,146.129,0,6.58471,0,0,0,100,0,0
20,egress,38,S42,5,terminal,77,1000,0,167.488,0,0,0,100,0,0
20,egress,39,S19,0,switch,36,204.72,69.9536,0,69.9536,69.9536,69.9536,100,0,1
20,egress,39,S19,0,switch,36,204.72,69.9536,81.0798,69.9536,69.9536,69.9536,100,0,1
20,egress,39,S19,1,switch,42,146.524,0,46.0088,0,69.9536,69.9536,100,0,0
20,egress,39,S19,2,terminal,78,1000,0,18.2375,0,69.9536,69.9536,100,0,0
20,egress,4,S37,1,switch,47,208.301,0,76.1022,0,0,0,100,0,0
20,egress,4,S37,3,switch,50,165.152,0,1.42051,0,0,0,100,0,0
20,egress,4,S37,5,terminal,9,1000,0,258.39,0,0,0,100,0,0
20,egress,40,S29,0,switch,36,264.754,0,163.817,0,100,100,100,0,0
20,egress,40,S29,1,switch,45,131.396,0,124.238,0,100,100,100,7.65771,0
20,egress,40,S29,1,switch,45,131.396,7.1576,7.1576,0,7.1576,0,100,0,0
20,egress,40,S29,3,switch,38,184.858,0,50.2633,0,100,100,100,0,0
20,egress,40,S29,4,switch,21,163.928,0,71.0856,100,0,100,100,56.1616,2
20,egress,40,S29,4,switch,21,163.928,92.8424,92.8424,0,100,7.1576,100,0,0
20,egress,40,S29,5,switch,53,191.77,0,175.115,0,100,100,100,0,0
20,egress,40,S29,7,terminal,81,1000,0,119.205,0,100,100,100,0,0
20,egress,41,S49,0,switch,11,188.868,0,145.552,0,0,0,100,0,0
20,egress,41,S49,2,switch,26,214.063,0,82.6436,0,0,0,100,0,0
20,egress,41,S49,4,switch,51,258.091,0,33.02,0,0,0,100,0,0
20,egress,41,S49,5,switch,48,181.228,0,154.533,0,0,0,100,0,0
20,egress,41,S49,6,terminal,82,1000,0,69.8342,0,0,0,100,0,0
20,egress,41,S49,7,terminal,83,1000,0,69.8342,0,0,0,100,0,0
20,egress,42,S20,0,switch,39,264.967,0,1.45079,0,0,0,100,0,0
20,egress,42,S20,1,switch,32,241.877,0,149.892,0,22.8222,22.8222,100,0,0
20,egress,42,S20,2,switch,3,251.806,0,152.76,22.8222,0,22.8222,100,0,1
20,egress,42,S20,2,switch,3,251.806,99.0461,99.0461,0,100,0.953887,100,0,0
20,egress,42,S20,3,switch,14,182.917,0,38.3379,0,22.8222,22.8222,100,0,0
20,egress,42,S20,4,switch,10,119.666,0,109.289,0,22.8222,22.8222,100,0,0
20,egress,42,S20,4,switch,10,119.666,0.953887,0.953887,0,0.953887,0,100,0,0
20,egress,42,S20,5,terminal,84,1000,0,60.8882,0,22.8222,22.8222,100,0,0
20,egress,42,S20,6,terminal,85,1000,0,80.5318,0,22.8222,22.8222,100,0,0
20,egress,43,S22,0,switch,0,203.304,0,142.012,0,0,0,100,0,0
20,egress,43,S22,2,switch,32,143.276,0,58.3716,0,0,0,100,0,0
20,egress,43,S22,3,switch,44,274.638,0,19.6932,0,100,100,100,0,0
20,egress,43,S22,4,switch,45,155.693,0,55.693,100,0,100,100,15.1243,5
20,egress,43,S22,4,switch,45,155.693,100,100,0,100,0,100,0,0
20,egress,43,S22,5,terminal,86,1000,0,64.504,0,100,100,100,0,0
20,egress,43,S22,6,terminal,87,1000,0,42.1728,0,0,0,100,0,0
20,egress,44,S23,0,switch,43,211.017,0,110.671,0,0,0,100,0,0
20,egress,44,S23,0,switch,43,211.017,100,100,0,100,0,100,0,0
20,egress,44,S23,3,terminal,89,1000,0,40.8841,0,0,0,100,0,0
20,egress,45,S28,0,switch,15,170.054,0,103.754,0,0,0,100,0,0
20,egress,45,S28,1,switch,27,280.654,0,15.0336,0,0,0,100,0,0
20,egress,45,S28,2,switch,43,227.415,0,77.236,0,0,0,100,0,0
20,egress,45,S28,3,switch,3,145.823,0,54.16,0,0,0,100,0,0
20,egress,45,S28,5,switch,18,198.318,0,96.0612,0,0,0,100,0,0
20,egress,45,S28,8,terminal,91,1000,0,11.1386,0,0,0,100,0,0
20,egress,46,S24,1,switch,44,217.722,0,71.254,0,0,0,100,0,0
20,egress,46,S24,3,switch,48,198.106,0,0.598924,0,0,0,100,0,0
20,egress,46,S24,3,switch,48,198.106,100,100,0,100,0,100,0,0
20,egress,46,S24,4,terminal,92,1000,0,41.3535,0,0,0,100,0,0
20,egress,46,S24,5,terminal,93,1000,0,103.951,0,0,0,100,0,0
20,egress,47,S25,0,switch,46,291.732,0,27.2503,0,0,0,100,0,0
20,egress,47,S25,4,switch,51,120.167,0,36.3487,0,0,0,100,0,0
20,egress,47,S25,5,terminal,94,1000,0,149.547,0,0,0,100,0,0
20,egress,48,S50,0,switch,46,141.711,0,60.4093,0,0,0,100,0,0
20,egress,48,S50,1,switch,41,183.344,0,83.344,100,0,100,100,87.093,2
20,egress,48,S50,1,switch,41,183.344,100,100,0,100,0,100,0,0
20,egress,48,S50,2,switch,58,290.959,0,193.58,0,0,0,100,0,0
20,egress,48,S50,3,switch,10,118.54,0,97.8049,0,0,0,100,0,0
20,egress,48,S50,5,terminal,97,1000,0,163.812,0,100,100,100,0,0
20,egress,49,S26,0,switch,43,126.404,0,77.2877,0,0,0,100,0,0
20,egress,49,S26,1,switch,47,132.828,0,92.843,0,0,0,100,0,0
20,egress,49,S26,3,terminal,98,1000,0,148.005,0,0,0,100,0,0
20,egress,49,S26,4,terminal,99,1000,0,25.593,0,0,0,100,0,0
20,egress,5,S63,0,switch,0,259.679,0,22.8137,0,0,0,100,0,0
20,egress,5,S63,3,terminal,10,1000,0,115.568,0,0,0,100,0,0
20,egress,5,S63,4,terminal,11,1000,0,0.678,0,0,0,100,0,0
20,egress,50,S38,0,switch,25,175.944,100,0,100,100,100,100,0,2
20,egress,50,S38,0,switch,25,175.944,100,8.34119,100,100,100,100,0,2
20,egress,50,S38,1,switch,47,143.074,0,23.3346,0,100,100,100,0,0
20,egress,50,S38,7,terminal,101,1000,0,25.8275,0,100,100,100,0,0
20,egress,51,S48,0,switch,57,201.033,0,26.0299,0,0,0,100,0,0
20,egress,51,S48,1,switch,41,119.175,0,28.5749,37.0245,0,37.0245,100,0,2
20,egress,51,S48,1,switch,41,119.175,90.6001,90.6001,0,90.6001,0,100,0,0
20,egress,51,S48,2,terminal,102,1000,0,49.2401,0,37.0245,37.0245,100,0,0
20,egress,52,S30,0,switch,28,196.927,0,144.193,100,0,100,100,26.9791,7
20,egress,52,S30,0,switch,28,196.927,52.7344,52.7344,0,52.7344,0,100,0,0
20,egress,52,S30,1,switch,40,109.864,0,46.578,0,0,0,100,0,0
20,egress,52,S30,2,switch,54,164.752,0,73.8704,0,0,0,100,0,0
20,egress,52,S30,4,terminal,104,1000,0,27.6023,0,0,0,100,0,0
20,egress,52,S30,5,terminal,105,1000,0,4.74004,0,100,100,100,0,0
20,egress,53,S55,0,switch,15,170.836,0,116.686,32.178,0,32.178,100,0,2
20,egress,53,S55,0,switch,15,170.836,54.1499,54.1499,0,54.1499,0,100,0,0
20,egress,53,S55,1,switch,40,298.054,0,37.0044,0,32.178,32.178,100,0,0
20,egress,53,S55,3,switch,62,149.788,0,33.2316,0,0,0,100,0,0
20,egress,53,S55,5,terminal,106,1000,0,38.9233,0,0,0,100,0,0
20,egress,53,S55,6,terminal,107,1000,0,23.9237,0,0,0,100,0,0
20,egress,54,S31,0,switch,52,115.713,0,79.3442,9.6207,0,9.6207,100,0,1
20,egress,54,S31,0,switch,52,115.713,36.3688,36.3688,0,100,63.6312,100,0,0
20,egress,54,S31,1,switch,37,242.335,0,80.8738,0,0,0,100,0,0
20,egress,54,S31,1,switch,37,242.335,63.6312,63.6312,0,63.6312,0,100,0,0
20,egress,55,S60,1,switch,37,243.133,0,40.2946,0,0,0,100,0,0
20,egress,55,S60,4,terminal,110,1000,0,100.083,0,0,0,100,0,0
20,egress,55,S60,5,terminal,111,1000,0,71.601,0,0,0,100,0,0
20,egress,56,S36,0,switch,27,231.665,0,105.799,0,0,0,100,0,0
20,egress,56,S36,0,switch,27,231.665,100,100,0,100,0,100,0,0
20,egress,56,S36,2,switch,4,112.305,0,104.522,0,0,0,100,0,0
20,egress,57,S47,0,switch,52,179.939,0,160.045,2.02474,0,2.02474,100,0,1
20,egress,57,S47,0,switch,52,179.939,19.8941,19.8941,0,100,80.1059,100,0,0
20,egress,57,S47,1,switch,50,259.289,0,52.1752,0,0,0,100,0,0
20,egress,57,S47,3,switch,51,221.5,0,38.4946,0,0,0,100,0,0
20,egress,57,S47,3,switch,51,221.5,80.1059,80.1059,0,80.1059,0,100,0,0
20,egress,57,S47,5,terminal,115,1000,0,7.58689,0,0,0,100,0,0
20,egress,58,S51,0,switch,54,230.135,0,24.694,0,0,0,100,0,0
20,egress,58,S51,2,switch,48,275.695,0,76.0368,0,0,0,100,0,0
20,egress,58,S51,3,switch,8,148.654,0,121.071,0,0,0,100,0,0
20,egress,58,S51,4,switch,62,214.158,0,62.9924,0,0,0,100,0,0
20,egress,58,S51,5,terminal,116,1000,0,39.7869,0,0,0,100,0,0
20,egress,58,S51,6,terminal,117,1000,0,145.48,0,0,0,100,0,0
20,egress,59,S41,0,switch,13,132.99,0,79.7474,0,58.3061,58.3061,100,0,0
20,egress,59,S41,1,switch,38,116.009,58.3061,0,58.3061,58.3061,58.3061,100,0,2
20,egress,59,S41,1,switch,38,116.009,58.3061,116.009,58.3061,58.3061,58.3061,100,0,2
20,egress,59,S41,2,terminal,118,1000,0,112.614,0,58.3061,58.3061,100,0,0
20,egress,6,S02,0,switch,1,138.732,0,38.732,63.4789,18.576,82.0549,100,0,6
20,egress,6,S02,0,switch,1,138.732,100,100,0,100,0,100,0,0
20,egress,6,S02,2,switch,12,128.791,0,128.791,18.576,0,18.576,100,0,1
20,egress,6,S02,3,switch,13,194.048,0,143.933,0,18.576,18.576,100,0,0
20,egress,6,S02,4,terminal,12,1000,0,61.5956,0,82.0549,82.0549,100,0,0
20,egress,60,S44,0,switch,18,203.923,0,35.059,0,0,0,100,0,0
20,egress,60,S44,2,terminal,120,1000,0,38.9233,0,0,0,100,0,0
20,egress,60,S44,3,terminal,121,1000,0,20.6691,0,0,0,100,0,0
20,egress,61,S46,1,switch,57,199.213,0,137.51,0,0,0,100,0,0
20,egress,61,S46,1,switch,57,199.213,53.5073,53.5073,0,53.5073,0,100,0,0
20,egress,61,S46,3,terminal,123,1000,0,51.8371,0,0,0,100,0,0
20,egress,62,S56,0,switch,53,164.993,0,136.863,0,0,0,100,0,0
20,egress,62,S56,2,terminal,124,1000,0,85.0836,0,0,0,100,0,0
20,egress,62,S56,3,terminal,125,1000,0,42.7742,0,0,0,100,0,0
20,egress,63,S54,0,switch,15,172.792,0,77.0557,0,0,0,100,0,0
20,egress,63,S54,3,terminal,126,1000,0,9.65756,0,0,0,100,0,0
20,egress,63,S54,4,terminal,127,1000,0,54.9669,0,0,0,100,0,0
20,egress,7,S45,0,switch,27,292,0,167.146,0,96.9174,96.9174,100,0,0
20,egress,7,S45,2,switch,61,100.666,0,13.7187,96.9174,0,96.9174,100,0,3
20,egress,7,S45,2,switch,61,100.666,86.9473,86.9473,0,86.9473,0,100,0,0
20,egress,7,S45,4,terminal,15,1000,0,50.7804,0,96.9174,96.9174,100,0,0
20,egress,8,S52,0,switch,1,255.562,0,155.831,53.23,0,53.23,100,0,2
20,egress,8,S52,0,switch,1,255.562,99.7313,99.7313,0,99.7313,0,100,0,0
20,egress,8,S52,2,switch,58,166.093,0,22.9325,0,53.23,53.23,100,0,0
20,egress,8,S52,3,switch,21,105.455,0,83.5854,0,0,0,100,0,0
20,egress,8,S52,4,terminal,16,1000,0,26.1891,0,0,0,100,0,0
20,egress,8,S52,5,terminal,17,1000,0,43.3982,0,0,0,100,0,0
20,egress,9,S59,0,switch,1,295.318,0,85.7828,0,100,100,100,0,0
20,egress,9,S59,2,switch,21,160.744,0,138.342,66.5408,0,66.5408,100,0,2
20,egress,9,S59,2,switch,21,160.744,22.4018,22.4018,0,22.4018,0,100,0,0
20,egress,9,S59,4,switch,55,140.378,0,75.4561,33.4592,66.5408,100,100,91.4422,1
20,egress,9,S59,4,switch,55,140.378,64.9219,64.9219,0,87.3237,22.4018,100,0,0
20,egress,9,S59,5,terminal,18,1000,0,12.0355,0,66.5408,66.5408,100,0,0
20,egress,9,S59,6,terminal,19,1000,0,72.368,0,66.5408,66.5408,100,0,0
21,egress,0,S00,0,switch,1,183.324,0,154.285,0,2.64771,2.64771,100,0,0
21,egress,0,S00,1,switch,2,106.121,0,106.121,2.64771,0,2.64771,100,0,2
21,egress,0,S00,2,switch,3,149.8,0,13.3499,0,2.64771,2.64771,100,0,0
21,egress,0,S00,3,switch,4,180.219,0,99.1308,0,2.64771,2.64771,100,0,0
21,egress,0,S00,4,switch,5,102.034,0,2.034,41.4329,2.64771,44.0806,100,0,2
21,egress,0,S00,4,switch,5,102.034,100,100,0,100,0,100,0,0
21,egress,0,S00,6,terminal,1,1000,0,81.0028,0,44.0806,44.0806,100,0,0
21,egress,1,S01,0,switch,0,159.728,0,59.728,100,0,100,100,13.1141,6
21,egress,1,S01,0,switch,0,159.728,100,100,0,100,0,100,0,0
21,egress,1,S01,1,switch,6,265.041,0,53.5487,0,100,100,100,0,0
21,egress,1,S01,2,switch,7,132.025,0,132.025,0,100,100,100,93.9819,0
21,egress,1,S01,3,switch,8,206.324,0,89.2327,0,0,0,100,0,0
21,egress,1,S01,4,switch,9,251.018,0,2.95606,0,0,0,100,0,0
21,egress,1,S01,5,switch,10,221.678,0,76.6134,0,0,0,100,0,0
21,egress,1,S01,6,terminal,2,1000,0,36.489,0,100,100,100,0,0
21,egress,1,S01,7,terminal,3,1000,0,117.671,0,100,100,100,0,0
21,egress,10,S61,0,switch,1,227.172,0,68.2741,0,0,0,100,0,0
21,egress,10,S61,1,switch,19,153.026,0,53.026,73.3667,13.0235,86.3903,100,0,4
21,egress,10,S61,1,switch,19,153.026,100,100,0,100,0,100,0,0
21,egress,10,S61,2,switch,42,279.867,0,4.7035,0,13.0235,13.0235,100,0,0
21,egress,10,S61,3,switch,48,228.478,0,172.102,0,13.0235,13.0235,100,0,0
21,egress,10,S61,4,switch,55,207.652,0,1.89064,0,0,0,100,0,0
21,egress,10,S61,5,switch,31,158.461,0,158.461,13.0235,0,13.0235,100,0,1
21,egress,10,S61,6,terminal,20,1000,0,46.994,0,13.0235,13.0235,100,0,0
21,egress,10,S61,7,terminal,21,1000,0,45.1336,0,0,0,100,0,0
21,egress,11,S03,0,switch,6,132.338,0,104.434,0,0,0,100,0,0
21,egress,11,S03,1,switch,12,213.202,0,81.321,0,31.2787,31.2787,100,0,0
21,egress,11,S03,1,switch,12,213.202,98.7367,98.7367,0,98.7367,0,100,0,0
21,egress,11,S03,2,switch,14,127.424,0,126.161,31.2787,0,31.2787,100,0,1
21,egress,11,S03,2,switch,14,127.424,1.26328,1.26328,0,100,98.7367,100,0,0
21,egress,11,S03,3,switch,10,279.727,0,169.5,0,31.2787,31.2787,100,0,0
21,egress,11,S03,5,terminal,23,1000,0,40.8254,0,0,0,100,0,0
21,egress,12,S04,0,switch,6,184.169,0,17.3415,0,0,0,100,0,0
21,egress,12,S04,0,switch,6,184.169,33.422,33.422,0,78.6315,45.2095,100,0,0
21,egress,12,S04,1,switch,11,186.587,0,53.1089,0,0,0,100,0,0
21,egress,12,S04,2,switch,15,124.853,0,34.5723,0,0,0,100,0,0
21,egress,12,S04,3,switch,16,118.797,0,4.71766,0,0,0,100,0,0
21,egress,12,S04,4,switch,17,249.248,0,4.71766,0,0,0,100,0,0
21,egress,12,S04,5,switch,18,178.427,0,133.218,100,0,100,100,12.0653,2
21,egress,12,S04,5,switch,18,178.427,45.2095,45.2095,0,45.2095,0,100,0,0
21,egress,12,S04,6,terminal,24,1000,0,206.146,0,0,0,100,0,0
21,egress,12,S04,7,terminal,25,1000,0,66.8321,0,0,0,100,0,0
21,egress,13,S40,0,switch,6,162.644,0,0,77.6432,0.115167,77.7584,100,0,2
21,egress,13,S40,1,switch,52,151.023,0,76.3123,0,77.7584,77.7584,100,0,0
21,egress,13,S40,2,switch,50,160.169,0.115167,0,0.115167,0.115167,0.115167,100,0,1
21,egress,13,S40,2,switch,50,160.169,0.115167,0.115167,0.115167,77.7584,77.7584,100,0,1
21,egress,13,S40,3,switch,23,211.313,0,171.86,0,77.7584,77.7584,100,0,0
21,egress,13,S40,3,switch,23,211.313,11.0493,11.0493,0,11.1645,0.115167,100,0,0
21,egress,13,S40,4,switch,59,239.712,0,103.893,0,77.7584,77.7584,100,0,0
21,egress,14,S58,0,switch,11,169.38,12.7733,0,12.7733,12.7733,12.7733,100,0,1
21,egress,14,S58,0,switch,11,169.38,12.7733,71.6338,12.7733,12.7733,12.7733,100,0,1
21,egress,14,S58,1,switch,42,232.511,0,57.278,0,12.7733,12.7733,100,0,0
21,egress,14,S58,2,switch,34,224.263,0,70.146,0,12.7733,12.7733,100,0,0
21,egress,14,S58,3,switch,9,139.013,0,4.17736,0,12.7733,12.7733,100,0,0
21,egress,14,S58,3,switch,9,139.013,87.2267,87.2267,0,100,12.7733,100,0,0
21,egress,15,S05,0,switch,12,134.869,0,52.3869,73.4754,0,73.4754,100,0,8
21,egress,15,S05,0,switch,12,134.869,82.4821,82.4821,0,100,17.5179,100,0,0
21,egress,15,S05,1,switch,19,212.416,0,169.957,0,73.4754,73.4754,100,0,0
21,egress,15,S05,2,switch,20,256.175,0,77.0557,0,73.4754,73.4754,100,0,0
21,egress,15,S05,3,switch,21,137.945,0,97.8067,0,73.4754,73.4754,100,0,0
21,egress,15,S05,3,switch,21,137.945,17.5179,17.5179,0,17.5179,0,100,0,0
21,egress,15,S05,4,terminal,30,1000,0,115.3,0,73.4754,73.4754,100,0,0
21,egress,15,S05,5,terminal,31,1000,0,144.029,0,73.4754,73.4754,100,0,0
21,egress,16,S11,0,switch,12,200.84,0,136.135,0,0,0,100,0,0
21,egress,16,S11,1,switch,2,104.704,0,30.3074,0,0,0,100,0,0
21,egress,16,S11,2,switch,28,168.312,0,32.9873,0,0,0,100,0,0
21,egress,16,S11,4,terminal,33,1000,0,111.645,0,0,0,100,0,0
21,egress,17,S35,2,switch,23,169.342,0,116.928,0,0,0,100,0,0
21,egress,17,S35,3,terminal,34,1000,0,160.017,0,0,0,100,0,0
21,egress,17,S35,4,terminal,35,1000,0,89.167,0,0,0,100,0,0
21,egress,18,S43,0,switch,38,157.659,0,108.1,0,100,100,100,36.4232,0
21,egress,18,S43,0,switch,38,157.659,49.5586,49.5586,0,49.5586,0,100,0,0
21,egress,18,S43,1,switch,60,132.709,0,127.484,100,0,100,100,38.2874,3
21,egress,18,S43,1,switch,60,132.709,5.2254,5.2254,0,54.784,49.5586,100,0,0
21,egress,18,S43,2,terminal,36,1000,0,4.35862,0,0,0,100,0,0
21,egress,19,S06,0,switch,15,170.98,0,27.1978,0,0,0,100,0,0
21,egress,19,S06,1,switch,22,210.644,0,104.429,0,0,0,100,0,0
21,egress,19,S06,2,switch,23,267,0,1.21727,0,0,0,100,0,0
21,egress,19,S06,3,switch,10,169.014,0,39.3437,0,0,0,100,0,0
21,egress,19,S06,4,terminal,38,1000,0,221.798,0,0,0,100,0,0
21,egress,19,S06,5,terminal,39,1000,0,46.6007,0,0,0,100,0,0
21,egress,2,S10,0,switch,27,137.994,0,109.522,0,0,0,100,0,0
21,egress,2,S10,1,switch,16,243.793,0,82.6478,0,0,0,100,0,0
21,egress,2,S10,1,switch,16,243.793,28.751,28.751,0,28.751,0,100,0,0
21,egress,2,S10,2,terminal,4,1000,0,97.3118,0,0,0,100,0,0
21,egress,2,S10,3,terminal,5,1000,0,1.06385,0,0,0,100,0,0
21,egress,20,S15,0,switch,15,112.83,0,39.9227,0,21.9521,21.9521,100,0,0
21,egress,20,S15,1,switch,28,153.051,0,153.051,21.9521,0,21.9521,100,0,1
21,egress,20,S15,2,switch,30,254.167,0,17.2097,0,86.7997,86.7997,100,0,0
21,egress,20,S15,3,switch,25,274.153,0,33.8351,0,0,0,100,0,0
21,egress,20,S15,4,switch,32,143.593,0,43.593,64.8476,21.9521,86.7997,100,0,4
21,egress,20,S15,4,switch,32,143.593,100,100,0,100,0,100,0,0
21,egress,20,S15,6,switch,13,232.721,0,125.507,0,21.9521,21.9521,100,0,0
21,egress,20,S15,7,switch,34,204.798,0,28.5829,0,0,0,100,0,0
21,egress,20,S15,8,terminal,40,1000,0,23.4895,0,86.7997,86.7997,100,0,0
21,egress,21,S53,0,switch,15,263.511,0,69.1711,0,0,0,100,0,0
21,egress,21,S53,1,switch,40,137.143,0,127.001,0,0,0,100,0,0
21,egress,21,S53,2,switch,8,135.597,0,23.4743,0,0,0,100,0,0
21,egress,21,S53,2,switch,8,135.597,100,100,0,100,0,100,0,0
21,egress,21,S53,3,switch,63,178.955,0,178.955,5.13602,0,5.13602,100,0,2
21,egress,21,S53,4,switch,9,122.206,0,69.9956,0,0,0,100,0,0
21,egress,21,S53,6,terminal,43,1000,0,118.024,0,5.13602,5.13602,100,0,0
21,egress,22,S07,0,switch,19,118.259,0,18.259,100,0,100,100,15.7988,12
21,egress,22,S07,0,switch,19,118.259,100,100,0,100,0,100,0,0
21,egress,22,S07,2,switch,25,128.19,0,70.5515,0,0,0,100,0,0
21,egress,22,S07,3,switch,26,124.406,0,26.8489,0,100,100,100,0,0
21,egress,22,S07,4,terminal,44,1000,0,163.029,0,100,100,100,0,0
21,egress,22,S07,5,terminal,45,1000,0,109.738,0,100,100,100,0,0
21,egress,23,S39,0,switch,17,216.203,0,75.5697,0,0,0,100,0,0
21,egress,23,S39,1,switch,56,105.799,0,48.577,0,0,0,100,0,0
21,egress,23,S39,4,switch,58,247.444,0,222.727,0,0,0,100,0,0
21,egress,23,S39,5,terminal,46,1000,0,114.118,0,0,0,100,0,0
21,egress,23,S39,6,terminal,47,1000,0,21.6253,0,0,0,100,0,0
21,egress,24,S08,0,switch,22,182.424,0,128.28,0,0,0,100,0,0
21,egress,24,S08,2,terminal,48,1000,0,58.3317,0,0,0,100,0,0
21,egress,25,S16,0,switch,22,153.62,0,108.341,0,100,100,100,0,0
21,egress,25,S16,1,switch,20,119.9,0,19.9,100,0,100,100,4.57934,9
21,egress,25,S16,1,switch,20,119.9,100,100,0,100,0,100,0,0
21,egress,25,S16,2,switch,35,135.775,0,74.9945,0,0,0,100,0,0
21,egress,25,S16,3,terminal,50,1000,0,127.243,0,0,0,100,0,0
21,egress,25,S16,4,terminal,51,1000,0,32.6627,0,100,100,100,0,0
21,egress,26,S33,0,switch,3,174.708,0,138.268,0,0,0,100,0,0
21,egress,26,S33,1,switch,37,254.481,0,82.6436,0,0,0,100,0,0
21,egress,26,S33,2,switch,33,257.766,0,2.97605,0,0,0,100,0,0
21,egress,26,S33,4,terminal,52,1000,0,79.2245,0,0,0,100,0,0
21,egress,27,S09,0,switch,24,129.629,0,36.5646,79.0474,5.012,84.0594,100,0,10
21,egress,27,S09,0,switch,24,129.629,93.0644,93.0644,0,93.0644,0,100,0,0
21,egress,27,S09,1,switch,2,200.787,0,200.787,5.012,0,5.012,100,0,1
21,egress,27,S09,2,switch,7,126.429,0,101.826,0,0,0,100,0,0
21,egress,27,S09,4,terminal,55,1000,0,145.949,0,0,0,100,0,0
21,egress,28,S12,0,switch,16,293.496,0,16.895,0,100,100,100,0,0
21,egress,28,S12,1,switch,29,167.904,0,103.026,0,100,100,100,0,0
21,egress,28,S12,2,switch,20,296.117,100,0,100,100,100,100,0,3
21,egress,28,S12,2,switch,20,296.117,100,173.348,100,100,100,100,0,3
21,egress,28,S12,4,terminal,57,1000,0,136.156,0,100,100,100,0,0
21,egress,29,S13,0,switch,11,202.575,0,88.7895,0,0,0,100,0,0
21,egress,29,S13,3,switch,30,295.76,0,111.254,0,0,0,100,0,0
21,egress,29,S13,4,switch,25,102.876,11.3559,11.3559,0,11.3559,0,100,0,0
21,egress,29,S13,6,terminal,58,1000,0,19.2855,0,0,0,100,0,0
21,egress,29,S13,7,terminal,59,1000,0,14.4894,0,0,0,100,0,0
21,egress,3,S27,0,switch,0,119.129,0,19.4246,0,0,0,100,0,0
21,egress,3,S27,1,switch,42,234.552,0,41.28,0,0,0,100,0,0
21,egress,3,S27,2,switch,49,266.441,0,207.05,0,0,0,100,0,0
21,egress,3,S27,4,switch,26,158.334,0,40.4825,0,0,0,100,0,0
21,egress,3,S27,5,terminal,6,1000,0,153.887,0,0,0,100,0,0
21,egress,3,S27,6,terminal,7,1000,0,73.7935,0,0,0,100,0,0
21,egress,30,S14,1,switch,20,100.691,0,0.691,84.2195,0,84.2195,100,0,5
21,egress,30,S14,1,switch,20,100.691,100,100,0,100,0,100,0,0
21,egress,30,S14,3,terminal,60,1000,0,97.4564,0,0,0,100,0,0
21,egress,30,S14,4,terminal,61,1000,0,83.6854,0,0,0,100,0,0
21,egress,31,S62,0,switch,29,171.288,0,59.6453,0,49.9318,49.9318,100,0,0
21,egress,31,S62,1,switch,30,134.823,49.9318,0,49.9318,49.9318,49.9318,100,0,3
21,egress,31,S62,1,switch,30,134.823,49.9318,69.1707,49.9318,49.9318,49.9318,100,0,3
21,egress,31,S62,4,terminal,62,1000,0,10.8634,0,49.9318,49.9318,100,0,0
21,egress,31,S62,5,terminal,63,1000,0,12.1774,0,49.9318,49.9318,100,0,0
21,egress,32,S21,0,switch,42,146.462,0,94.9011,37.5798,0,37.5798,100,0,3
21,egress,32,S21,0,switch,42,146.462,51.5609,51.5609,0,51.5609,0,100,0,0
21,egress,32,S21,1,switch,43,261.425,0,111.072,0,0,0,100,0,0
21,egress,32,S21,2,switch,9,260.623,0,80.6014,0,0,0,100,0,0
21,egress,32,S21,3,terminal,64,1000,0,2.21111,0,37.5798,37.5798,100,0,0
21,egress,32,S21,4,terminal,65,1000,0,89.7482,0,0,0,100,0,0
21,egress,33,S34,0,switch,26,235.741,0,43.6242,0,0,0,100,0,0
21,egress,33,S34,2,terminal,66,1000,0,20.6608,0,0,0,100,0,0
21,egress,33,S34,3,terminal,67,1000,0,100,0,0,0,100,0,0
21,egress,34,S57,0,switch,20,180.835,0,134.672,0,0,0,100,0,0
21,egress,34,S57,1,switch,62,192.101,0,20.1644,0,0,0,100,0,0
21,egress,34,S57,3,terminal,68,1000,0,68.0602,0,0,0,100,0,0
21,egress,34,S57,4,terminal,69,1000,0,61.164,0,0,0,100,0,0
21,egress,35,S17,0,switch,25,277.107,0,41.6943,0,0,0,100,0,0
21,egress,35,S17,1,switch,36,182.906,0,14.8088,0,0,0,100,0,0
21,egress,35,S17,3,switch,38,142.638,0,85.6113,0,0,0,100,0,0
21,egress,35,S17,4,terminal,70,1000,0,69.7686,0,0,0,100,0,0
21,egress,35,S17,5,terminal,71,1000,0,25.3147,0,0,0,100,0,0
21,egress,36,S18,0,switch,35,247.316,0,14.9209,0,0,0,100,0,0
21,egress,36,S18,3,switch,41,132.08,0,32.08,100,0,100,100,56.8785,1
21,egress,36,S18,3,switch,41,132.08,100,100,0,100,0,100,0,0
21,egress,36,S18,5,terminal,73,1000,0,58.703,0,100,100,100,0,0
21,egress,37,S32,0,switch,0,103.31,0,3.31,99.9268,0,99.9268,100,0,3
21,egress,37,S32,0,switch,0,103.31,100,100,0,100,0,100,0,0
21,egress,37,S32,1,switch,35,254.068,0,144.612,0,0,0,100,0,0
21,egress,37,S32,4,switch,26,298.921,0,20.7755,0,99.9268,99.9268,100,0,0
21,egress,37,S32,7,terminal,74,1000,0,127.163,0,0,0,100,0,0
21,egress,37,S32,8,terminal,75,1000,0,99.2284,0,0,0,100,0,0
21,egress,38,S42,0,switch,42,176.64,0,105.832,48.2731,0,48.2731,100,0,7
21,egress,38,S42,0,switch,42,176.64,70.8078,70.8078,0,83.7882,12.9804,100,0,0
21,egress,38,S42,1,switch,40,122.733,0,97.2756,0,48.2731,48.2731,100,0,0
21,egress,38,S42,1,switch,40,122.733,12.9804,12.9804,0,12.9804,0,100,0,0
21,egress,38,S42,2,switch,59,146.129,0,22.2792,0,48.2731,48.2731,100,0,0
21,egress,38,S42,5,terminal,77,1000,0,181.73,0,48.2731,48.2731,100,0,0
21,egress,39,S19,0,switch,36,204.72,0,79.3872,0,0,0,100,0,0
21,egress,39,S19,0,switch,36,204.72,69.9536,69.9536,0,69.9536,0,100,0,0
21,egress,39,S19,1,switch,42,146.524,0,46.7034,0,0,0,100,0,0
21,egress,39,S19,2,terminal,78,1000,0,1.45079,0,0,0,100,0,0
21,egress,4,S37,1,switch,47,208.301,0,137.989,0,0,0,100,0,0
21,egress,4,S37,3,switch,50,165.152,0,10.5495,0,0,0,100,0,0
21,egress,4,S37,4,terminal,8,1000,0,33.4665,0,0,0,100,0,0
21,egress,40,S29,0,switch,36,264.754,0,34.7276,0,31.445,31.445,100,0,0
21,egress,40,S29,1,switch,45,131.396,0,131.396,31.445,0,31.445,100,0,4
21,egress,40,S29,3,switch,38,184.858,0,44.1953,0,0,0,100,0,0
21,egress,40,S29,4,switch,21,163.928,0,63.928,47.9476,31.445,79.3926,100,0,4
21,egress,40,S29,4,switch,21,163.928,100,100,0,100,0,100,0,0
21,egress,40,S29,5,switch,53,191.77,0,93.5764,0,31.445,31.445,100,0,0
21,egress,41,S49,0,switch,11,188.868,0,143.839,0,0,0,100,0,0
21,egress,41,S49,2,switch,26,214.063,0,25.5131,0,0,0,100,0,0
21,egress,41,S49,4,switch,51,258.091,0,34.9693,0,0,0,100,0,0
21,egress,41,S49,5,switch,48,181.228,0,145.494,0,0,0,100,0,0
21,egress,41,S49,6,terminal,82,1000,0,114.88,0,0,0,100,0,0
21,egress,41,S49,7,terminal,83,1000,0,68.9929,0,0,0,100,0,0
21,egress,42,S20,0,switch,39,264.967,0,21.8547,0,0,0,100,0,0
21,egress,42,S20,1,switch,32,241.877,0,157.819,0,0,0,100,0,0
21,egress,42,S20,2,switch,3,251.806,0,150.048,0,0,0,100,0,0
21,egress,42,S20,2,switch,3,251.806,22.8222,22.8222,0,22.8222,0,100,0,0
21,egress,42,S20,3,switch,14,182.917,0,19.9302,0,0,0,100,0,0
21,egress,42,S20,4,switch,10,119.666,0,94.4819,0,0,0,100,0,0
21,egress,42,S20,5,terminal,84,1000,0,29.7397,0,0,0,100,0,0
21,egress,42,S20,6,terminal,85,1000,0,88.9034,0,0,0,100,0,0
21,egress,43,S22,0,switch,0,203.304,0,87.8653,0,100,100,100,0,0
21,egress,43,S22,2,switch,32,143.276,0,59.4817,0,100,100,100,0,0
21,egress,43,S22,3,switch,44,274.638,0,22.512,0,100,100,100,0,0
21,egress,43,S22,4,switch,45,155.693,0,55.693,100,0,100,100,43.8075,2
21,egress,43,S22,4,switch,45,155.693,100,100,0,100,0,100,0,0
21,egress,43,S22,5,terminal,86,1000,0,47.5648,0,100,100,100,0,0
21,egress,43,S22,6,terminal,87,1000,0,74.0365,0,100,100,100,0,0
21,egress,44,S23,0,switch,43,211.017,0,149.752,0,0,0,100,0,0
21,egress,44,S23,3,terminal,89,1000,0,19.6932,0,0,0,100,0,0
21,egress,45,S28,0,switch,15,170.054,0,88.6591,0,0,0,100,0,0
21,egress,45,S28,1,switch,27,280.654,0,13.702,0,0,0,100,0,0
21,egress,45,S28,2,switch,43,227.415,0,87.0972,0,0,0,100,0,0
21,egress,45,S28,3,switch,3,145.823,0,32.7505,0,0,0,100,0,0
21,egress,45,S28,5,switch,18,198.318,0,93.5661,0,0,0,100,0,0
21,egress,45,S28,8,terminal,91,1000,0,45.3988,0,0,0,100,0,0
21,egress,46,S24,3,switch,48,198.106,0,46.0652,0,0,0,100,0,0
21,egress,46,S24,4,terminal,92,1000,0,14.799,0,0,0,100,0,0
21,egress,46,S24,5,terminal,93,1000,0,72.8607,0,0,0,100,0,0
21,egress,47,S25,0,switch,46,291.732,0,67.2133,0,0,0,100,0,0
21,egress,47,S25,1,switch,49,203.648,0,23.3346,0,0,0,100,0,0
21,egress,47,S25,4,switch,51,120.167,0,1.42051,0,0,0,100,0,0
21,egress,47,S25,5,terminal,94,1000,0,100.311,0,0,0,100,0,0
21,egress,48,S50,0,switch,46,141.711,0,60.4093,0,0,0,100,0,0
21,egress,48,S50,1,switch,41,183.344,0,83.344,100,0,100,100,40.0515,3
21,egress,48,S50,1,switch,41,183.344,100,100,0,100,0,100,0,0
21,egress,48,S50,2,switch,58,290.959,0,33.7147,0,0,0,100,0,0
21,egress,48,S50,5,terminal,97,1000,0,141.471,0,0,0,100,0,0
21,egress,49,S26,0,switch,43,126.404,0,77.3106,0,0,0,100,0,0
21,egress,49,S26,1,switch,47,132.828,0,85.4106,0,0,0,100,0,0
21,egress,49,S26,3,terminal,98,1000,0,82.2097,0,0,0,100,0,0
21,egress,49,S26,4,terminal,99,1000,0,49.2602,0,0,0,100,0,0
21,egress,5,S63,0,switch,0,259.679,0,20.9205,0,0,0,100,0,0
21,egress,5,S63,3,terminal,10,1000,0,73.6168,0,0,0,100,0,0
21,egress,5,S63,4,terminal,11,1000,0,28.4172,0,0,0,100,0,0
21,egress,50,S38,0,switch,25,175.944,0,7.88393,0,0,0,100,0,0
21,egress,50,S38,0,switch,25,175.944,100,100,0,100,0,100,0,0
21,egress,50,S38,1,switch,47,143.074,0,52.1752,0,0,0,100,0,0
21,egress,50,S38,7,terminal,101,1000,0,1.42051,0,0,0,100,0,0
21,egress,51,S48,0,switch,57,201.033,0,49.2317,0,0,0,100,0,0
21,egress,51,S48,1,switch,41,119.175,0,82.1505,20.2479,0,20.2479,100,0,2
21,egress,51,S48,1,switch,41,119.175,37.0245,37.0245,0,37.0245,0,100,0,0
21,egress,51,S48,2,terminal,102,1000,0,149.475,0,0,0,100,0,0
21,egress,52,S30,0,switch,28,196.927,0,96.927,100,0,100,100,73.1391,4
21,egress,52,S30,0,switch,28,196.927,100,100,0,100,0,100,0,0
21,egress,52,S30,1,switch,40,109.864,0,47.6659,0,100,100,100,0,0
21,egress,52,S30,2,switch,54,164.752,0,68.6436,0,100,100,100,0,0
21,egress,52,S30,4,terminal,104,1000,0,0.115167,0,100,100,100,0,0
21,egress,53,S55,0,switch,15,170.836,32.178,0,32.178,32.178,32.178,100,0,2
21,egress,53,S55,0,switch,15,170.836,32.178,138.068,32.178,32.178,32.178,100,0,2
21,egress,53,S55,1,switch,40,298.054,0,15.6689,0,32.178,32.178,100,0,0
21,egress,53,S55,3,switch,62,149.788,0,19.271,0,32.178,32.178,100,0,0
21,egress,53,S55,5,terminal,106,1000,0,100,0,32.178,32.178,100,0,0
21,egress,53,S55,6,terminal,107,1000,0,55.8442,0,32.178,32.178,100,0,0
21,egress,54,S31,0,switch,52,115.713,9.6207,0,9.6207,9.6207,9.6207,100,0,1
21,egress,54,S31,0,switch,52,115.713,9.6207,73.9258,9.6207,9.6207,9.6207,100,0,1
21,egress,54,S31,1,switch,37,242.335,0,97.7277,0,9.6207,9.6207,100,0,0
21,egress,55,S60,1,switch,37,243.133,0,25.3621,0,0,0,100,0,0
21,egress,55,S60,4,terminal,110,1000,0,115.016,0,0,0,100,0,0
21,egress,55,S60,5,terminal,111,1000,0,40.9174,0,0,0,100,0,0
21,egress,56,S36,0,switch,27,231.665,0,91.7337,0,0,0,100,0,0
21,egress,56,S36,2,switch,4,112.305,0,104.151,0,0,0,100,0,0
21,egress,56,S36,5,terminal,113,1000,0,13.2565,0,0,0,100,0,0
21,egress,57,S47,0,switch,52,179.939,0,75.3213,0,0,0,100,0,0
21,egress,57,S47,0,switch,52,179.939,2.02474,2.02474,0,2.02474,0,100,0,0
21,egress,57,S47,1,switch,50,259.289,0,53.5073,0,0,0,100,0,0
21,egress,57,S47,3,switch,51,221.5,0,39.3902,0,0,0,100,0,0
21,egress,57,S47,5,terminal,115,1000,0,48.8289,0,0,0,100,0,0
21,egress,58,S51,0,switch,54,230.135,0,24.6159,0,0,0,100,0,0
21,egress,58,S51,2,switch,48,275.695,0,61.4733,0,0,0,100,0,0
21,egress,58,S51,3,switch,8,148.654,0,61.7808,0,0,0,100,0,0
21,egress,58,S51,4,switch,62,214.158,0,104.331,0,0,0,100,0,0
21,egress,58,S51,5,terminal,116,1000,0,78.2299,0,0,0,100,0,0
21,egress,58,S51,6,terminal,117,1000,0,156.559,0,0,0,100,0,0
21,egress,59,S41,0,switch,13,132.99,0,30.8577,0,58.3061,58.3061,100,0,0
21,egress,59,S41,1,switch,38,116.009,0,57.7029,58.3061,0,58.3061,100,0,1
21,egress,59,S41,1,switch,38,116.009,58.3061,58.3061,0,58.3061,0,100,0,0
21,egress,59,S41,2,terminal,118,1000,0,76.5032,0,58.3061,58.3061,100,0,0
21,egress,6,S02,0,switch,1,138.732,63.4789,0,63.4789,82.0549,82.0549,100,0,6
21,egress,6,S02,0,switch,1,138.732,63.4789,99.9018,63.4789,100,100,100,0,6
21,egress,6,S02,2,switch,12,128.791,0,110.215,36.5211,63.4789,100,100,21.5207,1
21,egress,6,S02,2,switch,12,128.791,18.576,18.576,0,82.0549,63.4789,100,0,0
21,egress,6,S02,3,switch,13,194.048,0,100.234,0,100,100,100,0,0
21,egress,6,S02,4,terminal,12,1000,0,57.2828,0,100,100,100,0,0
21,egress,6,S02,5,terminal,13,1000,0,8.02,0,100,100,100,0,0
21,egress,60,S44,0,switch,18,203.923,0,35.0353,0,0,0,100,0,0
21,egress,60,S44,2,terminal,120,1000,0,129.222,0,0,0,100,0,0
21,egress,60,S44,3,terminal,121,1000,0,3.4869,0,0,0,100,0,0
21,egress,61,S46,1,switch,57,199.213,0,121.331,0,0,0,100,0,0
21,egress,61,S46,3,terminal,123,1000,0,52.2559,0,0,0,100,0,0
21,egress,62,S56,0,switch,53,164.993,0,152.929,0,0,0,100,0,0
21,egress,62,S56,2,terminal,124,1000,0,64.6622,0,0,0,100,0,0
21,egress,62,S56,3,terminal,125,1000,0,54.2474,0,0,0,100,0,0
21,egress,63,S54,0,switch,15,172.792,0,76.5255,0,0,0,100,0,0
21,egress,63,S54,3,terminal,126,1000,0,70.0057,0,0,0,100,0,0
21,egress,63,S54,4,terminal,127,1000,0,61.8525,0,0,0,100,0,0
21,egress,7,S45,0,switch,27,292,0,32.5239,0,0,0,100,0,0
21,egress,7,S45,2,switch,61,100.666,0,3.74859,100,0,100,100,0.0952289,3
21,egress,7,S45,2,switch,61,100.666,96.9174,96.9174,0,96.9174,0,100,0,0
21,egress,7,S45,4,terminal,15,1000,0,68.0051,0,0,0,100,0,0
21,egress,8,S52,0,switch,1,255.562,0,78.2539,0,0,0,100,0,0
21,egress,8,S52,0,switch,1,255.562,53.23,53.23,0,53.23,0,100,0,0
21,egress,8,S52,2,switch,58,166.093,0,22.9155,0,0,0,100,0,0
21,egress,8,S52,3,switch,21,105.455,0,92.8256,0,0,0,100,0,0
21,egress,8,S52,4,terminal,16,1000,0,49.1223,0,0,0,100,0,0
21,egress,8,S52,5,terminal,17,1000,0,32.9484,0,0,0,100,0,0
21,egress,9,S59,0,switch,1,295.318,0,36.0419,0,0,0,100,0,0
21,egress,9,S59,2,switch,21,160.744,0,94.2032,100,0,100,100,31.8034,2
21,egress,9,S59,2,switch,21,160.744,66.5408,66.5408,0,66.5408,0,100,0,0
21,egress,9,S59,4,switch,55,140.378,0,93.3,0,100,100,100,0,0
21,egress,9,S59,4,switch,55,140.378,33.4592,33.4592,0,100,66.5408,100,0,0
21,egress,9,S59,5,terminal,18,1000,0,12.4918,0,100,100,100,0,0
21,egress,9,S59,6,terminal,19,1000,0,60.538,0,100,100,100,0,0
22,egress,0,S00,0,switch,1,183.324,0,104.845,0,0,0,100,0,0
22,egress,0,S00,1,switch,2,106.121,0,81.3171,0,0.475422,0.475422,100,0,0
22,egress,0,S00,1,switch,2,106.121,2.64771,2.64771,0,2.64771,0,100,0,0
22,egress,0,S00,2,switch,3,149.8,0,90.4029,0,0.475422,0.475422,100,0,0
22,egress,0,S00,3,switch,4,180.219,0,72.34,0,0.475422,0.475422,100,0,0
22,egress,0,S00,4,switch,5,102.034,0,60.6011,0.475422,0,0.475422,100,0,1
22,egress,0,S00,4,switch,5,102.034,41.4329,41.4329,0,44.0806,2.64771,100,0,0
22,egress,0,S00,6,terminal,1,1000,0,32.8479,0,0,0,100,0,0
22,egress,1,S01,0,switch,0,159.728,0,59.728,25.2247,0,25.2247,100,0,4
22,egress,1,S01,0,switch,0,159.728,100,100,0,100,0,100,0,0
22,egress,1,S01,2,switch,7,132.025,0,132.025,22.1689,25.2247,47.3936,100,0,2
22,egress,1,S01,3,switch,8,206.324,0,148.813,0,0,0,100,0,0
22,egress,1,S01,5,switch,10,221.678,0,39.0152,0,47.3936,47.3936,100,0,0
22,egress,1,S01,6,terminal,2,1000,0,18.8734,0,47.3936,47.3936,100,0,0
22,egress,1,S01,7,terminal,3,1000,0,44.1386,0,25.2247,25.2247,100,0,0
22,egress,10,S61,0,switch,1,227.172,0,80.3826,0,0,0,100,0,0
22,egress,10,S61,1,switch,19,153.026,0,65.8956,0,0,0,100,0,0
22,egress,10,S61,1,switch,19,153.026,73.3667,73.3667,0,86.3903,13.0235,100,0,0
22,egress,10,S61,2,switch,42,279.867,0,16.9116,0,0,0,100,0,0
22,egress,10,S61,3,switch,48,228.478,0,127.396,0,0,0,100,0,0
22,egress,10,S61,4,switch,55,207.652,0,10.8977,0,0,0,100,0,0
22,egress,10,S61,5,switch,31,158.461,0,62.1149,0,0,0,100,0,0
22,egress,10,S61,5,switch,31,158.461,13.0235,13.0235,0,13.0235,0,100,0,0
22,egress,10,S61,6,terminal,20,1000,0,41.0663,0,0,0,100,0,0
22,egress,10,S61,7,terminal,21,1000,0,45.6113,0,0,0,100,0,0
22,egress,11,S03,0,switch,6,132.338,0,130.673,0,0,0,100,0,0
22,egress,11,S03,1,switch,12,213.202,0,0,33.2959,35.3621,68.658,100,0,1
22,egress,11,S03,2,switch,14,127.424,0,96.1453,35.3621,0,35.3621,100,0,3
22,egress,11,S03,2,switch,14,127.424,31.2787,31.2787,0,31.2787,0,100,0,0
22,egress,11,S03,3,switch,10,279.727,0,118.967,0,0,0,100,0,0
22,egress,11,S03,4,terminal,22,1000,0,9.58,0,0,0,100,0,0
22,egress,11,S03,5,terminal,23,1000,0,33.4756,0,0,0,100,0,0
22,egress,12,S04,0,switch,6,184.169,0,17.3415,0,100,100,100,0,0
22,egress,12,S04,1,switch,11,186.587,0,55.1151,0,100,100,100,0,0
22,egress,12,S04,2,switch,15,124.853,0,34.4862,0,100,100,100,0,0
22,egress,12,S04,3,switch,16,118.797,0,6.54836,0,100,100,100,0,0
22,egress,12,S04,4,switch,17,249.248,0,18.7158,0,100,100,100,0,0
22,egress,12,S04,5,switch,18,178.427,100,0,100,100,100,100,0,2
22,egress,12,S04,5,switch,18,178.427,100,146.598,100,100,100,100,0,2
22,egress,12,S04,6,terminal,24,1000,0,175.348,0,100,100,100,0,0
22,egress,12,S04,7,terminal,25,1000,0,143.042,0,100,100,100,0,0
22,egress,13,S40,0,switch,6,162.644,77.6432,0,100,77.6432,100,100,53.2902,2
22,egress,13,S40,0,switch,6,162.644,77.6432,0,77.6432,77.6432,77.6432,100,0,2
22,egress,13,S40,1,switch,52,151.023,0,5.79729,0,77.6432,77.6432,100,0,0
22,egress,13,S40,2,switch,50,160.169,0,36.3385,0,77.6432,77.6432,100,0,0
22,egress,13,S40,2,switch,50,160.169,0.115167,0.115167,0,77.7584,77.6432,100,0,0
22,egress,13,S40,3,switch,23,211.313,0,131.057,0,77.6432,77.6432,100,0,0
22,egress,13,S40,4,switch,59,239.712,0,47.9817,0,77.6432,77.6432,100,0,0
22,egress,14,S58,0,switch,11,169.38,0,53.2092,0,0,0,100,0,0
22,egress,14,S58,0,switch,11,169.38,12.7733,12.7733,0,12.7733,0,100,0,0
22,egress,14,S58,1,switch,42,232.511,0,80.5699,0,0,0,100,0,0
22,egress,14,S58,2,switch,34,224.263,0,46.8541,0,0,0,100,0,0
22,egress,15,S05,0,switch,12,134.869,0,61.3936,27.5997,0,27.5997,100,0,5
22,egress,15,S05,0,switch,12,134.869,73.4754,73.4754,0,73.4754,0,100,0,0
22,egress,15,S05,1,switch,19,212.416,0,142.626,0,0,0,100,0,0
22,egress,15,S05,2,switch,20,256.175,0,76.5255,0,0,0,100,0,0
22,egress,15,S05,3,switch,21,137.945,0,37.0068,0,0,0,100,0,0
22,egress,15,S05,4,terminal,30,1000,0,93.5105,0,27.5997,27.5997,100,0,0
22,egress,15,S05,5,terminal,31,1000,0,69.1711,0,27.5997,27.5997,100,0,0
22,egress,16,S11,0,switch,12,200.84,0,129.879,0,0,0,100,0,0
22,egress,16,S11,1,switch,2,104.704,0,4.71766,0,0,0,100,0,0
22,egress,16,S11,4,terminal,33,1000,0,53.8869,0,0,0,100,0,0
22,egress,17,S35,2,switch,23,169.342,0,123.819,0,0,0,100,0,0
22,egress,17,S35,3,terminal,34,1000,0,47.4037,0,0,0,100,0,0
22,egress,17,S35,4,terminal,35,1000,0,32.8837,0,0,0,100,0,0
22,egress,18,S43,0,switch,38,157.659,0,144.859,0,100,100,100,0,0
22,egress,18,S43,1,switch,60,132.709,0,32.709,100,0,100,100,129.849,2
22,egress,18,S43,1,switch,60,132.709,100,100,0,100,0,100,0,0
22,egress,18,S43,2,terminal,36,1000,0,4.71766,0,100,100,100,0,0
22,egress,19,S06,0,switch,15,170.98,0,45.6485,0,0,0,100,0,0
22,egress,19,S06,1,switch,22,210.644,0,165.429,0,0,0,100,0,0
22,egress,19,S06,2,switch,23,267,0,1.26468,0,0,0,100,0,0
22,egress,19,S06,3,switch,10,169.014,0,43.3255,0,0,0,100,0,0
22,egress,19,S06,4,terminal,38,1000,0,185.208,0,0,0,100,0,0
22,egress,19,S06,5,terminal,39,1000,0,38.3513,0,0,0,100,0,0
22,egress,2,S10,0,switch,27,137.994,0,84.9514,0,0,0,100,0,0
22,egress,2,S10,1,switch,16,243.793,0,162.003,0,0,0,100,0,0
22,egress,2,S10,2,terminal,4,1000,0,169.883,0,0,0,100,0,0
22,egress,2,S10,3,terminal,5,1000,0,21.8547,0,0,0,100,0,0
22,egress,20,S15,0,switch,15,112.83,0,84.4433,0,28.2795,28.2795,100,0,0
22,egress,20,S15,1,switch,28,153.051,0,92.0547,0,28.2795,28.2795,100,0,0
22,egress,20,S15,1,switch,28,153.051,21.9521,21.9521,0,86.7997,64.8476,100,0,0
22,egress,20,S15,2,switch,30,254.167,0,4.42222,0,28.2795,28.2795,100,0,0
22,egress,20,S15,3,switch,25,274.153,0,44.4722,0,28.2795,28.2795,100,0,0
22,egress,20,S15,4,switch,32,143.593,0,78.7454,28.2795,0,28.2795,100,0,3
22,egress,20,S15,4,switch,32,143.593,64.8476,64.8476,0,64.8476,0,100,0,0
22,egress,20,S15,6,switch,13,232.721,0,76.9518,0,28.2795,28.2795,100,0,0
22,egress,20,S15,7,switch,34,204.798,0,113.304,0,28.2795,28.2795,100,0,0
22,egress,20,S15,8,terminal,40,1000,0,109.572,0,28.2795,28.2795,100,0,0
22,egress,20,S15,9,terminal,41,1000,0,2.21111,0,28.2795,28.2795,100,0,0
22,egress,21,S53,0,switch,15,263.511,0,58.7204,0,0,0,100,0,0
22,egress,21,S53,1,switch,40,137.143,0,122.244,0,18.6685,18.6685,100,0,0
22,egress,21,S53,2,switch,8,135.597,0,23.4415,0,0,0,100,0,0
22,egress,21,S53,3,switch,63,178.955,0,173.819,18.6685,0,18.6685,100,0,2
22,egress,21,S53,3,switch,63,178.955,5.13602,5.13602,0,5.13602,0,100,0,0
22,egress,21,S53,4,switch,9,122.206,0,31.1431,0,0,0,100,0,0
22,egress,21,S53,6,terminal,43,1000,0,150.308,0,0,0,100,0,0
22,egress,22,S07,0,switch,19,118.259,0,18.259,93.6208,0,93.6208,100,0,15
22,egress,22,S07,0,switch,19,118.259,100,100,0,100,0,100,0,0
22,egress,22,S07,2,switch,25,128.19,0,61.6005,0,93.6208,93.6208,100,0,0
22,egress,22,S07,3,switch,26,124.406,0,12.7236,0,93.6208,93.6208,100,0,0
22,egress,22,S07,4,terminal,44,1000,0,156.543,0,93.6208,93.6208,100,0,0
22,egress,22,S07,5,terminal,45,1000,0,53.4915,0,93.6208,93.6208,100,0,0
22,egress,23,S39,0,switch,17,216.203,0,78.4024,0,0,0,100,0,0
22,egress,23,S39,4,switch,58,247.444,0,118.145,0,0,0,100,0,0
22,egress,23,S39,5,terminal,46,1000,0,74.271,0,0,0,100,0,0
22,egress,23,S39,6,terminal,47,1000,0,30.2359,0,0,0,100,0,0
22,egress,24,S08,0,switch,22,182.424,0,161.933,0,0,0,100,0,0
22,egress,24,S08,2,terminal,48,1000,0,24.6791,0,0,0,100,0,0
22,egress,25,S16,0,switch,22,153.62,0,33.1986,0,100,100,100,0,0
22,egress,25,S16,1,switch,20,119.9,100,0,100,100,100,100,0,9
22,egress,25,S16,1,switch,20,119.9,100,94.7428,100,100,100,100,0,9
22,egress,25,S16,2,switch,35,135.775,0,121.244,0,100,100,100,0,0
22,egress,25,S16,3,terminal,50,1000,0,11.3559,0,100,100,100,0,0
22,egress,25,S16,4,terminal,51,1000,0,44.7729,0,100,100,100,0,0
22,egress,26,S33,0,switch,3,174.708,0,135.55,0,0,0,100,0,0
22,egress,26,S33,1,switch,37,254.481,0,25.5131,0,0,0,100,0,0
22,egress,26,S33,2,switch,33,257.766,0,40.4825,0,0,0,100,0,0
22,egress,26,S33,4,terminal,52,1000,0,20.7755,0,0,0,100,0,0
22,egress,27,S09,0,switch,24,129.629,0,50.5816,39.1877,0,39.1877,100,0,8
22,egress,27,S09,0,switch,24,129.629,79.0474,79.0474,0,84.0594,5.012,100,0,0
22,egress,27,S09,1,switch,2,200.787,0,91.7337,0,39.1877,39.1877,100,0,0
22,egress,27,S09,1,switch,2,200.787,5.012,5.012,0,5.012,0,100,0,0
22,egress,27,S09,2,switch,7,126.429,0,84.0752,0,39.1877,39.1877,100,0,0
22,egress,27,S09,4,terminal,55,1000,0,11.795,0,39.1877,39.1877,100,0,0
22,egress,28,S12,0,switch,16,293.496,0,2.21111,0,0,0,100,0,0
22,egress,28,S12,1,switch,29,167.904,0,108.744,0,0,0,100,0,0
22,egress,28,S12,2,switch,20,296.117,0,150.359,0,0,0,100,0,0
22,egress,28,S12,2,switch,20,296.117,100,100,0,100,0,100,0,0
22,egress,28,S12,4,terminal,57,1000,0,150.84,0,0,0,100,0,0
22,egress,29,S13,0,switch,11,202.575,0,99.5579,0,0,0,100,0,0
22,egress,29,S13,3,switch,30,295.76,0,85.0024,0,0,0,100,0,0
22,egress,29,S13,6,terminal,58,1000,0,18.0241,0,0,0,100,0,0
22,egress,29,S13,7,terminal,59,1000,0,59.6453,0,0,0,100,0,0
22,egress,3,S27,0,switch,0,119.129,0,21.1423,0,0,0,100,0,0
22,egress,3,S27,1,switch,42,234.552,0,41.2377,0,0,0,100,0,0
22,egress,3,S27,2,switch,49,266.441,0,76.6123,0,0,0,100,0,0
22,egress,3,S27,5,terminal,6,1000,0,121.833,0,0,0,100,0,0
22,egress,3,S27,6,terminal,7,1000,0,96.4135,0,0,0,100,0,0
22,egress,30,S14,1,switch,20,100.691,0,16.4715,77.5712,0,77.5712,100,0,5
22,egress,30,S14,1,switch,20,100.691,84.2195,84.2195,0,84.2195,0,100,0,0
22,egress,30,S14,3,terminal,60,1000,0,59.1211,0,0,0,100,0,0
22,egress,30,S14,4,terminal,61,1000,0,104.885,0,0,0,100,0,0
22,egress,31,S62,0,switch,29,171.288,0,96.7225,0,49.9318,49.9318,100,0,0
22,egress,31,S62,1,switch,30,134.823,49.9318,0,49.9318,49.9318,49.9318,100,0,3
22,egress,31,S62,1,switch,30,134.823,49.9318,98.2337,49.9318,49.9318,49.9318,100,0,3
22,egress,31,S62,4,terminal,62,1000,0,1.89064,0,49.9318,49.9318,100,0,0
22,egress,31,S62,5,terminal,63,1000,0,1.89064,0,49.9318,49.9318,100,0,0
22,egress,32,S21,0,switch,42,146.462,0,108.882,8.24543,0,8.24543,100,0,2
22,egress,32,S21,0,switch,42,146.462,37.5798,37.5798,0,37.5798,0,100,0,0
22,egress,32,S21,1,switch,43,261.425,0,130.766,0,0,0,100,0,0
22,egress,32,S21,2,switch,9,260.623,0,59.1753,0,8.24543,8.24543,100,0,0
22,egress,32,S21,3,terminal,64,1000,0,10.8983,0,8.24543,8.24543,100,0,0
22,egress,32,S21,4,terminal,65,1000,0,160.684,0,0,0,100,0,0
22,egress,33,S34,0,switch,26,235.741,0,43.8525,0,0,0,100,0,0
22,egress,33,S34,2,terminal,66,1000,0,2.97605,0,0,0,100,0,0
22,egress,34,S57,0,switch,20,180.835,0,128.124,0,0,0,100,0,0
22,egress,34,S57,1,switch,62,192.101,0,5.79729,0,0,0,100,0,0
22,egress,34,S57,3,terminal,68,1000,0,22.7856,0,0,0,100,0,0
22,egress,34,S57,4,terminal,69,1000,0,70.146,0,0,0,100,0,0
22,egress,35,S17,0,switch,25,277.107,0,0,41.584,0,41.584,100,0,3
22,egress,35,S17,1,switch,36,182.906,0,12.7946,0,41.584,41.584,100,0,0
22,egress,35,S17,3,switch,38,142.638,0,62.1999,0,41.584,41.584,100,0,0
22,egress,35,S17,4,terminal,70,1000,0,144.612,0,41.584,41.584,100,0,0
22,egress,36,S18,0,switch,35,247.316,0,13.3472,0,37.9512,37.9512,100,0,0
22,egress,36,S18,3,switch,41,132.08,0,32.08,37.9512,0,37.9512,100,0,2
22,egress,36,S18,3,switch,41,132.08,100,100,0,100,0,100,0,0
22,egress,36,S18,5,terminal,73,1000,0,115.499,0,37.9512,37.9512,100,0,0
22,egress,37,S32,0,switch,0,103.31,0,3.38321,55.0795,0,55.0795,100,0,2
22,egress,37,S32,0,switch,0,103.31,99.9268,99.9268,0,99.9268,0,100,0,0
22,egress,37,S32,7,terminal,74,1000,0,25.3621,0,55.0795,55.0795,100,0,0
22,egress,37,S32,8,terminal,75,1000,0,156.514,0,0,0,100,0,0
22,egress,38,S42,0,switch,42,176.64,0,128.367,60.599,0,60.599,100,0,6
22,egress,38,S42,0,switch,42,176.64,48.2731,48.2731,0,48.2731,0,100,0,0
22,egress,38,S42,1,switch,40,122.733,0,89.0222,0,0,0,100,0,0
22,egress,38,S42,2,switch,59,146.129,0,21.3744,0,0,0,100,0,0
22,egress,38,S42,5,terminal,77,1000,0,156.875,0,0,0,100,0,0
22,egress,39,S19,0,switch,36,204.72,0,100.386,0,0,0,100,0,0
22,egress,39,S19,1,switch,42,146.524,0,46.6039,0,0,0,100,0,0
22,egress,39,S19,2,terminal,78,1000,0,21.8547,0,0,0,100,0,0
22,egress,4,S37,1,switch,47,208.301,0,108.911,0,0,0,100,0,0
22,egress,4,S37,4,terminal,8,1000,0,94.3706,0,0,0,100,0,0
22,egress,40,S29,0,switch,36,264.754,0,30.6833,0,0,0,100,0,0
22,egress,40,S29,1,switch,45,131.396,0,99.951,24.5778,0,24.5778,100,0,3
22,egress,40,S29,1,switch,45,131.396,31.445,31.445,0,79.3926,47.9476,100,0,0
22,egress,40,S29,3,switch,38,184.858,0,44.16,0,24.5778,24.5778,100,0,0
22,egress,40,S29,4,switch,21,163.928,0,47.8652,0,24.5778,24.5778,100,0,0
22,egress,40,S29,4,switch,21,163.928,47.9476,47.9476,0,47.9476,0,100,0,0
22,egress,40,S29,5,switch,53,191.77,0,119.052,0,24.5778,24.5778,100,0,0
22,egress,41,S49,0,switch,11,188.868,0,76.4862,0,0,0,100,0,0
22,egress,41,S49,2,switch,26,214.063,0,20.836,0,0,0,100,0,0
22,egress,41,S49,4,switch,51,258.091,0,103.194,0,0,0,100,0,0
22,egress,41,S49,5,switch,48,181.228,0,109.007,0,0,0,100,0,0
22,egress,41,S49,6,terminal,82,1000,0,64.4224,0,0,0,100,0,0
22,egress,41,S49,7,terminal,83,1000,0,118.951,0,0,0,100,0,0
22,egress,42,S20,0,switch,39,264.967,0,19.4246,0,0,0,100,0,0
22,egress,42,S20,1,switch,32,241.877,0,61.5239,0,8.92512,8.92512,100,0,0
22,egress,42,S20,2,switch,3,251.806,0,125.655,0,0,0,100,0,0
22,egress,42,S20,3,switch,14,182.917,0,33.6573,0,8.92512,8.92512,100,0,0
22,egress,42,S20,4,switch,10,119.666,0,119.666,8.92512,0,8.92512,100,0,2
22,egress,42,S20,5,terminal,84,1000,0,85.6827,0,0,0,100,0,0
22,egress,42,S20,6,terminal,85,1000,0,64.9762,0,0,0,100,0,0
22,egress,43,S22,0,switch,0,203.304,0,105.769,0,0,0,100,0,0
22,egress,43,S22,2,switch,32,143.276,0,71.254,0,0,0,100,0,0
22,egress,43,S22,3,switch,44,274.638,0,44.7298,0,43.8648,43.8648,100,0,0
22,egress,43,S22,4,switch,45,155.693,0,55.693,43.8648,0,43.8648,100,0,4
22,egress,43,S22,4,switch,45,155.693,100,100,0,100,0,100,0,0
22,egress,43,S22,5,terminal,86,1000,0,39.9698,0,0,0,100,0,0
22,egress,43,S22,6,terminal,87,1000,0,92.2457,0,43.8648,43.8648,100,0,0
22,egress,44,S23,0,switch,43,211.017,0,79.8509,0,0,0,100,0,0
22,egress,44,S23,3,terminal,89,1000,0,22.512,0,0,0,100,0,0
22,egress,45,S28,0,switch,15,170.054,0,65.7519,0,0,0,100,0,0
22,egress,45,S28,1,switch,27,280.654,0,12.34,0,0,0,100,0,0
22,egress,45,S28,2,switch,43,227.415,0,65.698,0,0,0,100,0,0
22,egress,45,S28,3,switch,3,145.823,0,32.849,0,0,0,100,0,0
22,egress,45,S28,5,switch,18,198.318,0,71.8905,0,0,0,100,0,0
22,egress,45,S28,8,terminal,91,1000,0,91.2206,0,0,0,100,0,0
22,egress,46,S24,3,switch,48,198.106,0,60.5066,0,0,0,100,0,0
22,egress,46,S24,4,terminal,92,1000,0,42.1544,0,0,0,100,0,0
22,egress,46,S24,5,terminal,93,1000,0,85.4683,0,0,0,100,0,0
22,egress,47,S25,0,switch,46,291.732,0,83.9589,0,0,0,100,0,0
22,egress,47,S25,1,switch,49,203.648,0,52.1752,0,0,0,100,0,0
22,egress,47,S25,4,switch,51,120.167,0,33.4665,0,0,0,100,0,0
22,egress,47,S25,5,terminal,94,1000,0,105.974,0,0,0,100,0,0
22,egress,48,S50,0,switch,46,141.711,0,60.4093,0,81.3167,81.3167,100,0,0
22,egress,48,S50,1,switch,41,183.344,0,83.344,81.3167,0,81.3167,100,0,2
22,egress,48,S50,1,switch,41,183.344,100,100,0,100,0,100,0,0
22,egress,48,S50,2,switch,58,290.959,0,46.4044,0,81.3167,81.3167,100,0,0
22,egress,48,S50,5,terminal,97,1000,0,153.66,0,81.3167,81.3167,100,0,0
22,egress,49,S26,0,switch,43,126.404,0,94.1045,0,0,0,100,0,0
22,egress,49,S26,1,switch,47,132.828,0,54.3196,0,0,0,100,0,0
22,egress,49,S26,3,terminal,98,1000,0,111.279,0,0,0,100,0,0
22,egress,49,S26,4,terminal,99,1000,0,64.7857,0,0,0,100,0,0
22,egress,5,S63,3,terminal,10,1000,0,92.9026,0,0,0,100,0,0
22,egress,5,S63,4,terminal,11,1000,0,9.13137,0,0,0,100,0,0
22,egress,50,S38,0,switch,25,175.944,0,0.222434,0,0,0,100,0,0
22,egress,50,S38,1,switch,47,143.074,0,53.5073,0,0,0,100,0,0
22,egress,50,S38,5,switch,57,190.285,0,0.115167,0,0,0,100,0,0
22,egress,50,S38,7,terminal,101,1000,0,10.5495,0,0,0,100,0,0
22,egress,51,S48,0,switch,57,201.033,0,55.9441,0,0,0,100,0,0
22,egress,51,S48,1,switch,41,119.175,0,40.6371,0,0,0,100,0,0
22,egress,51,S48,1,switch,41,119.175,20.2479,20.2479,0,20.2479,0,100,0,0
22,egress,51,S48,2,terminal,102,1000,0,36.3898,0,0,0,100,0,0
22,egress,52,S30,0,switch,28,196.927,0,96.927,54.3448,0,54.3448,100,0,6
22,egress,52,S30,0,switch,28,196.927,100,100,0,100,0,100,0,0
22,egress,52,S30,1,switch,40,109.864,0,22.08,0,54.3448,54.3448,100,0,0
22,egress,52,S30,2,switch,54,164.752,0,56.1042,0,54.3448,54.3448,100,0,0
22,egress,52,S30,4,terminal,104,1000,0,20.208,0,54.3448,54.3448,100,0,0
22,egress,53,S55,0,switch,15,170.836,0,138.658,31.1299,0,31.1299,100,0,2
22,egress,53,S55,0,switch,15,170.836,32.178,32.178,0,32.178,0,100,0,0
22,egress,53,S55,3,switch,62,149.788,0,6.58471,0,31.1299,31.1299,100,0,0
22,egress,53,S55,5,terminal,106,1000,0,25.21,0,31.1299,31.1299,100,0,0
22,egress,53,S55,6,terminal,107,1000,0,61.7817,0,31.1299,31.1299,100,0,0
22,egress,54,S31,0,switch,52,115.713,9.6207,0,9.6207,9.6207,9.6207,100,0,1
22,egress,54,S31,0,switch,52,115.713,9.6207,80.5614,9.6207,9.6207,9.6207,100,0,1
22,egress,54,S31,1,switch,37,242.335,0,68.6436,0,9.6207,9.6207,100,0,0
22,egress,55,S60,0,switch,44,280.017,0,1.89064,0,0,0,100,0,0
22,egress,55,S60,1,switch,37,243.133,0,35.1577,0,0,0,100,0,0
22,egress,55,S60,4,terminal,110,1000,0,91.6015,0,0,0,100,0,0
22,egress,56,S36,2,switch,4,112.305,0,20.6864,0,0,0,100,0,0
22,egress,56,S36,5,terminal,113,1000,0,48.577,0,0,0,100,0,0
22,egress,57,S47,0,switch,52,179.939,0,98.4635,0,0,0,100,0,0
22,egress,57,S47,3,switch,51,221.5,0,23.6889,0,0,0,100,0,0
22,egress,57,S47,5,terminal,115,1000,0,48.4101,0,0,0,100,0,0
22,egress,58,S51,0,switch,54,230.135,0,27.9721,0,0,0,100,0,0
22,egress,58,S51,2,switch,48,275.695,0,50.0755,0,0,0,100,0,0
22,egress,58,S51,3,switch,8,148.654,0,127.1,0,0,0,100,0,0
22,egress,58,S51,4,switch,62,214.158,0,69.6521,0,0,0,100,0,0
22,egress,58,S51,5,terminal,116,1000,0,32.5295,0,0,0,100,0,0
22,egress,59,S41,0,switch,13,132.99,0,39.6207,0,30.9558,30.9558,100,0,0
22,egress,59,S41,1,switch,38,116.009,0,57.7029,30.9558,0,30.9558,100,0,1
22,egress,59,S41,1,switch,38,116.009,58.3061,58.3061,0,58.3061,0,100,0,0
22,egress,59,S41,2,terminal,118,1000,0,103.893,0,0,0,100,0,0
22,egress,6,S02,0,switch,1,138.732,63.4789,0,63.4789,100,100,100,0,6
22,egress,6,S02,0,switch,1,138.732,63.4789,110.317,63.4789,63.4789,63.4789,100,0,6
22,egress,6,S02,2,switch,12,128.791,0,49.7258,0,63.4789,63.4789,100,0,0
22,egress,6,S02,2,switch,12,128.791,36.5211,36.5211,0,100,63.4789,100,0,0
22,egress,6,S02,3,switch,13,194.048,0,92.6285,0,63.4789,63.4789,100,0,0
22,egress,6,S02,5,terminal,13,1000,0,33.02,0,63.4789,63.4789,100,0,0
22,egress,60,S44,0,switch,18,203.923,0,35.0353,0,0,0,100,0,0
22,egress,60,S44,2,terminal,120,1000,0,100.535,0,0,0,100,0,0
22,egress,60,S44,3,terminal,121,1000,0,32.174,0,0,0,100,0,0
22,egress,61,S46,1,switch,57,199.213,0,102.764,0,0,0,100,0,0
22,egress,61,S46,3,terminal,123,1000,0,53.8466,0,0,0,100,0,0
22,egress,62,S56,0,switch,53,164.993,0,153.977,0,0,0,100,0,0
22,egress,62,S56,2,terminal,124,1000,0,88.1625,0,0,0,100,0,0
22,egress,62,S56,3,terminal,125,1000,0,55.6044,0,0,0,100,0,0
22,egress,63,S54,0,switch,15,172.792,0,43.9755,0,0,0,100,0,0
22,egress,63,S54,3,terminal,126,1000,0,90.0296,0,0,0,100,0,0
22,egress,63,S54,4,terminal,127,1000,0,88.9254,0,0,0,100,0,0
22,egress,7,S45,0,switch,27,292,0,51.4303,0,0,0,100,0,0
22,egress,7,S45,2,switch,61,100.666,0,0.666,100,0,100,100,37.2241,3
22,egress,7,S45,2,switch,61,100.666,100,100,0,100,0,100,0,0
22,egress,7,S45,4,terminal,15,1000,0,65.1382,0,0,0,100,0,0
22,egress,8,S52,0,switch,1,255.562,0,155.358,0,0,0,100,0,0
22,egress,8,S52,2,switch,58,166.093,0,22.8137,0,0,0,100,0,0
22,egress,8,S52,3,switch,21,105.455,0,30.9187,0,0,0,100,0,0
22,egress,8,S52,4,terminal,16,1000,0,60.2604,0,0,0,100,0,0
22,egress,8,S52,5,terminal,17,1000,0,37.0207,0,0,0,100,0,0
22,egress,9,S59,0,switch,1,295.318,0,36.0419,0,29.1012,29.1012,100,0,0
22,egress,9,S59,2,switch,21,160.744,0,60.744,29.1012,0,29.1012,100,0,1
22,egress,9,S59,2,switch,21,160.744,100,100,0,100,0,100,0,0
22,egress,9,S59,4,switch,55,140.378,0,140.378,0.774751,29.1012,29.876,100,0,1
22,egress,9,S59,5,terminal,18,1000,0,10.8634,0,29.1012,29.1012,100,0,0
22,egress,9,S59,6,terminal,19,1000,0,59.1322,0,29.1012,29.1012,100,0,0
23,egress,0,S00,0,switch,1,183.324,0,101.856,0,0.826178,0.826178,100,0,0
23,egress,0,S00,1,switch,2,106.121,0,106.121,0.826178,0,0.826178,100,0,1
23,egress,0,S00,2,switch,3,149.8,0,53.4954,0,0.826178,0.826178,100,0,0
23,egress,0,S00,3,switch,4,180.219,0,68.6294,0,0.826178,0.826178,100,0,0
23,egress,0,S00,4,switch,5,102.034,0,72.9294,0,0.826178,0.826178,100,0,0
23,egress,0,S00,4,switch,5,102.034,0.475422,0.475422,0,0.475422,0,100,0,0
23,egress,0,S00,6,terminal,1,1000,0,37.6729,0,0.826178,0.826178,100,0,0
23,egress,1,S01,0,switch,0,159.728,0,85.0474,0,95.7322,95.7322,100,0,0
23,egress,1,S01,0,switch,0,159.728,25.2247,25.2247,0,47.3936,22.1689,100,0,0
23,egress,1,S01,2,switch,7,132.025,0,109.856,95.7322,0,95.7322,100,0,3
23,egress,1,S01,2,switch,7,132.025,22.1689,22.1689,0,22.1689,0,100,0,0
23,egress,1,S01,3,switch,8,206.324,0,112.816,0,95.7322,95.7322,100,0,0
23,egress,1,S01,5,switch,10,221.678,0,17.3415,0,95.7322,95.7322,100,0,0
23,egress,1,S01,6,terminal,2,1000,0,17.709,0,95.7322,95.7322,100,0,0
23,egress,1,S01,7,terminal,3,1000,0,48.4433,0,95.7322,95.7322,100,0,0
23,egress,10,S61,0,switch,1,227.172,0,71.0997,0,0,0,100,0,0
23,egress,10,S61,1,switch,19,153.026,0,52.661,0,0,0,100,0,0
23,egress,10,S61,2,switch,42,279.867,0,17.3415,0,0,0,100,0,0
23,egress,10,S61,3,switch,48,228.478,0,113.926,0,0,0,100,0,0
23,egress,10,S61,4,switch,55,207.652,0,1.26468,0,0,0,100,0,0
23,egress,10,S61,5,switch,31,158.461,0,58.5999,0,0,0,100,0,0
23,egress,10,S61,6,terminal,20,1000,0,36.6589,0,0,0,100,0,0
23,egress,10,S61,7,terminal,21,1000,0,37.3764,0,0,0,100,0,0
23,egress,11,S03,0,switch,6,132.338,0,83.3874,0,33.2959,33.2959,100,0,0
23,egress,11,S03,1,switch,12,213.202,33.2959,0,33.2959,33.2959,33.2959,100,0,1
23,egress,11,S03,1,switch,12,213.202,33.2959,0,79.3482,33.2959,79.3482,100,0,1
23,egress,11,S03,2,switch,14,127.424,0,91.0414,0,33.2959,33.2959,100,0,0
23,egress,11,S03,2,switch,14,127.424,35.3621,35.3621,0,68.658,33.2959,100,0,0
23,egress,11,S03,3,switch,10,279.727,0,125.549,0,79.3482,79.3482,100,0,0
23,egress,11,S03,4,terminal,22,1000,0,8.55304,0,33.2959,33.2959,100,0,0
23,egress,11,S03,5,terminal,23,1000,0,17.9255,0,33.2959,33.2959,100,0,0
23,egress,12,S04,0,switch,6,184.169,0,19.7845,0,100,100,100,0,0
23,egress,12,S04,1,switch,11,186.587,0,47.0758,0,100,100,100,0,0
23,egress,12,S04,2,switch,15,124.853,0,55.4717,0,100,100,100,0,0
23,egress,12,S04,3,switch,16,118.797,0,21.5385,0,100,100,100,0,0
23,egress,12,S04,4,switch,17,249.248,0,21.6739,0,100,100,100,0,0
23,egress,12,S04,5,switch,18,178.427,100,0,100,100,100,100,0,2
23,egress,12,S04,5,switch,18,178.427,100,43.3491,100,100,100,100,0,2
23,egress,12,S04,6,terminal,24,1000,0,86.2468,0,100,100,100,0,0
23,egress,12,S04,7,terminal,25,1000,0,75.6387,0,100,100,100,0,0
23,egress,13,S40,0,switch,6,162.644,100,0,100,100,100,100,0,2
23,egress,13,S40,0,switch,6,162.644,100,75.5217,100,100,100,100,0,2
23,egress,13,S40,1,switch,52,151.023,0,3.93797,0,100,100,100,0,0
23,egress,13,S40,2,switch,50,160.169,0,11.5455,0,100,100,100,0,0
23,egress,13,S40,3,switch,23,211.313,0,106.804,0,100,100,100,0,0
23,egress,13,S40,4,switch,59,239.712,0,11.3914,0,100,100,100,0,0
23,egress,14,S58,0,switch,11,169.38,0,39.1242,0,0,0,100,0,0
23,egress,14,S58,1,switch,42,232.511,0,64.0969,0,0,0,100,0,0
23,egress,14,S58,2,switch,34,224.263,0,63.3271,0,0,0,100,0,0
23,egress,15,S05,0,switch,12,134.869,0,107.269,9.64099,0,9.64099,100,0,6
23,egress,15,S05,0,switch,12,134.869,27.5997,27.5997,0,27.5997,0,100,0,0
23,egress,15,S05,1,switch,19,212.416,0,153.233,0,0,0,100,0,0
23,egress,15,S05,2,switch,20,256.175,0,43.9755,0,0,0,100,0,0
23,egress,15,S05,3,switch,21,137.945,0,37.0156,0,9.64099,9.64099,100,0,0
23,egress,15,S05,4,terminal,30,1000,0,90.8172,0,9.64099,9.64099,100,0,0
23,egress,15,S05,5,terminal,31,1000,0,95.6277,0,0,0,100,0,0
23,egress,16,S11,0,switch,12,200.84,0,98.949,0,0,0,100,0,0
23,egress,16,S11,1,switch,2,104.704,0,6.54836,0,0,0,100,0,0
23,egress,16,S11,4,terminal,33,1000,0,121.74,0,0,0,100,0,0
23,egress,17,S35,2,switch,23,169.342,0,124.114,0,0,0,100,0,0
23,egress,17,S35,3,terminal,34,1000,0,29.2454,0,0,0,100,0,0
23,egress,17,S35,4,terminal,35,1000,0,67.8728,0,0,0,100,0,0
23,egress,18,S43,0,switch,38,157.659,0,146.69,0,0,0,100,0,0
23,egress,18,S43,1,switch,60,132.709,0,32.709,100,0,100,100,72.6826,1
23,egress,18,S43,1,switch,60,132.709,100,100,0,100,0,100,0,0
23,egress,18,S43,2,terminal,36,1000,0,6.54836,0,0,0,100,0,0
23,egress,19,S06,0,switch,15,170.98,0,50.6457,0,0,0,100,0,0
23,egress,19,S06,1,switch,22,210.644,0,196.835,0,0,0,100,0,0
23,egress,19,S06,2,switch,23,267,0,1.21727,0,0,0,100,0,0
23,egress,19,S06,3,switch,10,169.014,0,80.4507,0,0,0,100,0,0
23,egress,19,S06,4,terminal,38,1000,0,70.0554,0,0,0,100,0,0
23,egress,19,S06,5,terminal,39,1000,0,38.9288,0,0,0,100,0,0
23,egress,2,S10,0,switch,27,137.994,0,33.9588,0,0,0,100,0,0
23,egress,2,S10,1,switch,16,243.793,0,87.1147,0,0,0,100,0,0
23,egress,2,S10,2,terminal,4,1000,0,121.534,0,0,0,100,0,0
23,egress,2,S10,3,terminal,5,1000,0,19.4246,0,0,0,100,0,0
23,egress,20,S15,0,switch,15,112.83,0,95.7819,0,0,0,100,0,0
23,egress,20,S15,1,switch,28,153.051,0,89.8727,0,0,0,100,0,0
23,egress,20,S15,2,switch,30,254.167,0,26.6624,0,0,0,100,0,0
23,egress,20,S15,3,switch,25,274.153,0,45.2583,0,91.2659,91.2659,100,0,0
23,egress,20,S15,4,switch,32,143.593,0,91.2074,0,0,0,100,0,0
23,egress,20,S15,4,switch,32,143.593,28.2795,28.2795,0,28.2795,0,100,0,0
23,egress,20,S15,6,switch,13,232.721,0,0,91.2659,0,91.2659,100,0,3
23,egress,20,S15,7,switch,34,204.798,0,166.398,0,0,0,100,0,0
23,egress,20,S15,8,terminal,40,1000,0,73.1137,0,0,0,100,0,0
23,egress,21,S53,0,switch,15,263.511,0,31.9157,0,0,0,100,0,0
23,egress,21,S53,1,switch,40,137.143,0,56.6523,0,0,0,100,0,0
23,egress,21,S53,2,switch,8,135.597,0,23.4966,0,0,0,100,0,0
23,egress,21,S53,3,switch,63,178.955,0,156.601,0,0,0,100,0,0
23,egress,21,S53,3,switch,63,178.955,18.6685,18.6685,0,18.6685,0,100,0,0
23,egress,21,S53,4,switch,9,122.206,0,36.5188,0,0,0,100,0,0
23,egress,21,S53,6,terminal,43,1000,0,64.8747,0,0,0,100,0,0
23,egress,22,S07,0,switch,19,118.259,0,24.6382,100,0,100,100,14.1634,13
23,egress,22,S07,0,switch,19,118.259,93.6208,93.6208,0,93.6208,0,100,0,0
23,egress,22,S07,2,switch,25,128.19,0,88.0794,0,100,100,100,0,0
23,egress,22,S07,3,switch,26,124.406,0,12.7236,0,100,100,100,0,0
23,egress,22,S07,4,terminal,44,1000,0,70.2948,0,100,100,100,0,0
23,egress,22,S07,5,terminal,45,1000,0,105.849,0,100,100,100,0,0
23,egress,23,S39,0,switch,17,216.203,0,46.807,0,0,0,100,0,0
23,egress,23,S39,4,switch,58,247.444,0,125.084,0,0,0,100,0,0
23,egress,23,S39,5,terminal,46,1000,0,49.194,0,0,0,100,0,0
23,egress,23,S39,6,terminal,47,1000,0,35.0556,0,0,0,100,0,0
23,egress,24,S08,0,switch,22,182.424,0,168.923,0,0,0,100,0,0
23,egress,24,S08,2,terminal,48,1000,0,17.6895,0,0,0,100,0,0
23,egress,25,S16,0,switch,22,153.62,0,0.222434,0,0,0,100,0,0
23,egress,25,S16,1,switch,20,119.9,0,19.9,31.3259,0,31.3259,100,0,5
23,egress,25,S16,1,switch,20,119.9,100,100,0,100,0,100,0,0
23,egress,25,S16,2,switch,35,135.775,0,57.1958,0,31.3259,31.3259,100,0,0
23,egress,25,S16,4,terminal,51,1000,0,37.6666,0,0,0,100,0,0
23,egress,26,S33,0,switch,3,174.708,0,131.007,0,0,0,100,0,0
23,egress,26,S33,1,switch,37,254.481,0,20.836,0,0,0,100,0,0
23,egress,27,S09,0,switch,24,129.629,0,90.4413,36.6955,0,36.6955,100,0,8
23,egress,27,S09,0,switch,24,129.629,39.1877,39.1877,0,39.1877,0,100,0,0
23,egress,27,S09,2,switch,7,126.429,0,59.5041,0,36.6955,36.6955,100,0,0
23,egress,27,S09,4,terminal,55,1000,0,16.0197,0,36.6955,36.6955,100,0,0
23,egress,28,S12,0,switch,16,293.496,0,14.9991,0,0,0,100,0,0
23,egress,28,S12,1,switch,29,167.904,0,55.0001,0,0,0,100,0,0
23,egress,28,S12,2,switch,20,296.117,0,200.365,0,0,0,100,0,0
23,egress,28,S12,4,terminal,57,1000,0,99.0078,0,0,0,100,0,0
23,egress,29,S13,0,switch,11,202.575,0,4.54424,0,0,0,100,0,0
23,egress,29,S13,3,switch,30,295.76,0,84.8289,0,0,0,100,0,0
23,egress,29,S13,6,terminal,58,1000,0,23.9152,0,0,0,100,0,0
23,egress,29,S13,7,terminal,59,1000,0,96.7225,0,0,0,100,0,0
23,egress,3,S27,0,switch,0,119.129,0,21.2242,0,0,0,100,0,0
23,egress,3,S27,1,switch,42,234.552,0,43.7384,0,0,0,100,0,0
23,egress,3,S27,2,switch,49,266.441,0,101.248,0,0,0,100,0,0
23,egress,3,S27,5,terminal,6,1000,0,61.488,0,0,0,100,0,0
23,egress,3,S27,6,terminal,7,1000,0,156.758,0,0,0,100,0,0
23,egress,30,S14,1,switch,20,100.691,0,23.1198,77.5712,0,77.5712,100,0,5
23,egress,30,S14,1,switch,20,100.691,77.5712,77.5712,0,77.5712,0,100,0,0
23,egress,30,S14,3,terminal,60,1000,0,52.0448,0,0,0,100,0,0
23,egress,30,S14,4,terminal,61,1000,0,95.3371,0,0,0,100,0,0
23,egress,31,S62,0,switch,29,171.288,0,14.2408,0,0,0,100,0,0
23,egress,31,S62,1,switch,30,134.823,0,84.8912,13.8483,0,13.8483,100,0,2
23,egress,31,S62,1,switch,30,134.823,49.9318,49.9318,0,49.9318,0,100,0,0
23,egress,31,S62,4,terminal,62,1000,0,1.21727,0,0,0,100,0,0
23,egress,31,S62,5,terminal,63,1000,0,1.21727,0,0,0,100,0,0
23,egress,32,S21,0,switch,42,146.462,0,130.418,0,0,0,100,0,0
23,egress,32,S21,0,switch,42,146.462,8.24543,8.24543,0,8.24543,0,100,0,0
23,egress,32,S21,1,switch,43,261.425,0,77.4966,0,0,0,100,0,0
23,egress,32,S21,2,switch,9,260.623,0,19.9846,0,0,0,100,0,0
23,egress,32,S21,3,terminal,64,1000,0,49.4238,0,0,0,100,0,0
23,egress,32,S21,4,terminal,65,1000,0,107.567,0,0,0,100,0,0
23,egress,33,S34,0,switch,26,235.741,0,49.6418,0,0,0,100,0,0
23,egress,33,S34,2,terminal,66,1000,0,40.4825,0,0,0,100,0,0
23,egress,34,S57,0,switch,20,180.835,0,77.2488,0,0,0,100,0,0
23,egress,34,S57,1,switch,62,192.101,0,11.948,0,0,0,100,0,0
23,egress,34,S57,3,terminal,68,1000,0,83.0504,0,0,0,100,0,0
23,egress,34,S57,4,terminal,69,1000,0,65.1597,0,0,0,100,0,0
23,egress,35,S17,0,switch,25,277.107,41.584,0,41.584,41.584,41.584,100,0,3
23,egress,35,S17,0,switch,25,277.107,41.584,40.0236,41.584,41.584,41.584,100,0,3
23,egress,35,S17,1,switch,36,182.906,0,12.7237,0,41.584,41.584,100,0,0
23,egress,35,S17,3,switch,38,142.638,0,33.8351,0,41.584,41.584,100,0,0
23,egress,35,S17,5,terminal,71,1000,0,74.6853,0,41.584,41.584,100,0,0
23,egress,36,S18,0,switch,35,247.316,0,13.3322,0,0,0,100,0,0
23,egress,36,S18,3,switch,41,132.08,0,87.0539,0,0,0,100,0,0
23,egress,36,S18,3,switch,41,132.08,37.9512,37.9512,0,37.9512,0,100,0,0
23,egress,36,S18,5,terminal,73,1000,0,43.4779,0,0,0,100,0,0
23,egress,37,S32,0,switch,0,103.31,0,48.2305,3.93076,0,3.93076,100,0,1
23,egress,37,S32,0,switch,0,103.31,55.0795,55.0795,0,55.0795,0,100,0,0
23,egress,37,S32,7,terminal,74,1000,0,35.1577,0,0,0,100,0,0
23,egress,37,S32,8,terminal,75,1000,0,94.1567,0,3.93076,3.93076,100,0,0
23,egress,38,S42,0,switch,42,176.64,0,116.041,42.3497,0,42.3497,100,0,8
23,egress,38,S42,0,switch,42,176.64,60.599,60.599,0,60.599,0,100,0,0
23,egress,38,S42,1,switch,40,122.733,0,83.2363,0,42.3497,42.3497,100,0,0
23,egress,38,S42,2,switch,59,146.129,0,17.5177,0,42.3497,42.3497,100,0,0
23,egress,38,S42,5,terminal,77,1000,0,160.847,0,42.3497,42.3497,100,0,0
23,egress,39,S19,0,switch,36,204.72,0,143.419,0,0,0,100,0,0
23,egress,39,S19,1,switch,42,146.524,0,33.5469,0,0,0,100,0,0
23,egress,39,S19,2,terminal,78,1000,0,19.4246,0,0,0,100,0,0
23,egress,4,S37,1,switch,47,208.301,0,51.7029,0,0,0,100,0,0
23,egress,4,S37,4,terminal,8,1000,0,41.3236,0,0,0,100,0,0
23,egress,40,S29,0,switch,36,264.754,0,30.6832,0,3.78613,3.78613,100,0,0
23,egress,40,S29,1,switch,45,131.396,0,106.818,3.78613,0,3.78613,100,0,2
23,egress,40,S29,1,switch,45,131.396,24.5778,24.5778,0,24.5778,0,100,0,0
23,egress,40,S29,3,switch,38,184.858,0,44.16,0,3.78613,3.78613,100,0,0
23,egress,40,S29,4,switch,21,163.928,0,21.3744,0,3.78613,3.78613,100,0,0
23,egress,40,S29,5,switch,53,191.77,0,113.131,0,3.78613,3.78613,100,0,0
23,egress,41,S49,0,switch,11,188.868,0,74.9294,0,0,0,100,0,0
23,egress,41,S49,2,switch,26,214.063,0,69.9671,0,0,0,100,0,0
23,egress,41,S49,4,switch,51,258.091,0,85.9022,0,0,0,100,0,0
23,egress,41,S49,6,terminal,82,1000,0,41.519,0,0,0,100,0,0
23,egress,41,S49,7,terminal,83,1000,0,103.991,0,0,0,100,0,0
23,egress,42,S20,0,switch,39,264.967,0,21.8126,0,26.5937,26.5937,100,0,0
23,egress,42,S20,1,switch,32,241.877,0,38.637,0,26.5937,26.5937,100,0,0
23,egress,42,S20,2,switch,3,251.806,0,143.79,0,26.5937,26.5937,100,0,0
23,egress,42,S20,3,switch,14,182.917,0,42.4081,0,26.5937,26.5937,100,0,0
23,egress,42,S20,4,switch,10,119.666,0,110.741,26.5937,0,26.5937,100,0,2
23,egress,42,S20,4,switch,10,119.666,8.92512,8.92512,0,8.92512,0,100,0,0
23,egress,42,S20,5,terminal,84,1000,0,76.2009,0,26.5937,26.5937,100,0,0
23,egress,42,S20,6,terminal,85,1000,0,79.7595,0,26.5937,26.5937,100,0,0
23,egress,43,S22,0,switch,0,203.304,0,123.822,0,0,0,100,0,0
23,egress,43,S22,3,switch,44,274.638,0,20.7381,0,0,0,100,0,0
23,egress,43,S22,4,switch,45,155.693,0,106.576,0,0,0,100,0,0
23,egress,43,S22,4,switch,45,155.693,43.8648,43.8648,0,43.8648,0,100,0,0
23,egress,43,S22,5,terminal,86,1000,0,32.849,0,0,0,100,0,0
23,egress,43,S22,6,terminal,87,1000,0,121.653,0,0,0,100,0,0
23,egress,44,S23,0,switch,43,211.017,0,86.7998,0,0,0,100,0,0
23,egress,44,S23,2,terminal,88,1000,0,1.89064,0,0,0,100,0,0
23,egress,44,S23,3,terminal,89,1000,0,44.7298,0,0,0,100,0,0
23,egress,45,S28,0,switch,15,170.054,0,66.5842,0,0,0,100,0,0
23,egress,45,S28,1,switch,27,280.654,0,13.9232,0,0,0,100,0,0
23,egress,45,S28,2,switch,43,227.415,0,56.302,0,0,0,100,0,0
23,egress,45,S28,3,switch,3,145.823,0,15.8332,0,0,0,100,0,0
23,egress,45,S28,5,switch,18,198.318,0,44.9246,0,0,0,100,0,0
23,egress,45,S28,8,terminal,91,1000,0,142.183,0,0,0,100,0,0
23,egress,46,S24,3,switch,48,198.106,0,61.1147,0,0,0,100,0,0
23,egress,46,S24,4,terminal,92,1000,0,62.1042,0,0,0,100,0,0
23,egress,46,S24,5,terminal,93,1000,0,82.2641,0,0,0,100,0,0
23,egress,47,S25,0,switch,46,291.732,0,41.4797,0,0,0,100,0,0
23,egress,47,S25,1,switch,49,203.648,0,53.5073,0,0,0,100,0,0
23,egress,47,S25,4,switch,51,120.167,0,4.76018,0,0,0,100,0,0
23,egress,47,S25,5,terminal,94,1000,0,116.99,0,0,0,100,0,0
23,egress,48,S50,0,switch,46,141.711,0,58.2981,0,0,0,100,0,0
23,egress,48,S50,1,switch,41,183.344,0,102.027,63.661,0,63.661,100,0,2
23,egress,48,S50,1,switch,41,183.344,81.3167,81.3167,0,81.3167,0,100,0,0
23,egress,48,S50,2,switch,58,290.959,0,50.7088,0,63.661,63.661,100,0,0
23,egress,48,S50,5,terminal,97,1000,0,72.2894,0,0,0,100,0,0
23,egress,49,S26,0,switch,43,126.404,0,101.053,0,0,0,100,0,0
23,egress,49,S26,1,switch,47,132.828,0,41.2377,0,0,0,100,0,0
23,egress,49,S26,3,terminal,98,1000,0,52.1752,0,0,0,100,0,0
23,egress,49,S26,4,terminal,99,1000,0,35.3746,0,0,0,100,0,0
23,egress,5,S63,3,terminal,10,1000,0,67.0717,0,0,0,100,0,0
23,egress,5,S63,4,terminal,11,1000,0,34.9623,0,0,0,100,0,0
23,egress,50,S38,5,switch,57,190.285,0,36.4536,0,0,0,100,0,0
23,egress,51,S48,0,switch,57,201.033,0,56.2649,0,0,0,100,0,0
23,egress,51,S48,1,switch,41,119.175,0,23.6889,0,0,0,100,0,0
23,egress,51,S48,2,terminal,102,1000,0,136.661,0,0,0,100,0,0
23,egress,52,S30,0,switch,28,196.927,0,142.582,36.4427,0,36.4427,100,0,7
23,egress,52,S30,0,switch,28,196.927,54.3448,54.3448,0,54.3448,0,100,0,0
23,egress,52,S30,1,switch,40,109.864,0,22.08,0,0,0,100,0,0
23,egress,52,S30,4,terminal,104,1000,0,5.79729,0,0,0,100,0,0
23,egress,53,S55,0,switch,15,170.836,0,139.706,31.1299,0,31.1299,100,0,1
23,egress,53,S55,0,switch,15,170.836,31.1299,31.1299,0,31.1299,0,100,0,0
23,egress,53,S55,3,switch,62,149.788,0,14.1317,0,31.1299,31.1299,100,0,0
23,egress,53,S55,5,terminal,106,1000,0,58.8172,0,0,0,100,0,0
23,egress,53,S55,6,terminal,107,1000,0,46.1034,0,0,0,100,0,0
23,egress,54,S31,0,switch,52,115.713,0,84.2369,0,0,0,100,0,0
23,egress,54,S31,0,switch,52,115.713,9.6207,9.6207,0,9.6207,0,100,0,0
23,egress,54,S31,1,switch,37,242.335,0,56.1042,0,0,0,100,0,0
23,egress,55,S60,0,switch,44,280.017,0,10.8977,0,0,0,100,0,0
23,egress,55,S60,1,switch,37,243.133,0,5.74116,0,0,0,100,0,0
23,egress,55,S60,4,terminal,110,1000,0,134.637,0,0,0,100,0,0
23,egress,57,S47,0,switch,52,179.939,0,111.888,0,0,0,100,0,0
23,egress,57,S47,5,terminal,115,1000,0,46.9346,0,0,0,100,0,0
23,egress,58,S51,0,switch,54,230.135,0,28.1324,0,0,0,100,0,0
23,egress,58,S51,3,switch,8,148.654,0,99.0589,0,0,0,100,0,0
23,egress,58,S51,4,switch,62,214.158,0,88.3042,0,0,0,100,0,0
23,egress,59,S41,0,switch,13,132.99,0,41.1433,0,0,0,100,0,0
23,egress,59,S41,1,switch,38,116.009,0,22.08,0,0,0,100,0,0
23,egress,59,S41,1,switch,38,116.009,30.9558,30.9558,0,30.9558,0,100,0,0
23,egress,59,S41,2,terminal,118,1000,0,47.9817,0,0,0,100,0,0
23,egress,6,S02,0,switch,1,138.732,0,74.2587,0,0,0,100,0,0
23,egress,6,S02,0,switch,1,138.732,63.4789,63.4789,0,63.4789,0,100,0,0
23,egress,6,S02,3,switch,13,194.048,0,111.421,0,0,0,100,0,0
23,egress,6,S02,5,terminal,13,1000,0,71.0686,0,0,0,100,0,0
23,egress,60,S44,0,switch,18,203.923,0,35.0353,0,0,0,100,0,0
23,egress,60,S44,2,terminal,120,1000,0,71.8509,0,0,0,100,0,0
23,egress,60,S44,3,terminal,121,1000,0,60.8581,0,0,0,100,0,0
23,egress,61,S46,1,switch,57,199.213,0,83.8266,0,0,0,100,0,0
23,egress,61,S46,3,terminal,123,1000,0,73.1043,0,0,0,100,0,0
23,egress,62,S56,0,switch,53,164.993,0,153.977,0,0,0,100,0,0
23,egress,62,S56,2,terminal,124,1000,0,42.5538,0,0,0,100,0,0
23,egress,62,S56,3,terminal,125,1000,0,39.4803,0,0,0,100,0,0
23,egress,63,S54,3,terminal,126,1000,0,91.9087,0,0,0,100,0,0
23,egress,63,S54,4,terminal,127,1000,0,87.0463,0,0,0,100,0,0
23,egress,7,S45,0,switch,27,292,0,50.8692,0,0,0,100,0,0
23,egress,7,S45,2,switch,61,100.666,0,0.666,100,0,100,100,15.1621,3
23,egress,7,S45,2,switch,61,100.666,100,100,0,100,0,100,0,0
23,egress,7,S45,4,terminal,15,1000,0,70.0105,0,0,0,100,0,0
23,egress,8,S52,0,switch,1,255.562,0,74.4585,0,5.27157,5.27157,100,0,0
23,egress,8,S52,2,switch,58,166.093,0,50.2863,0,5.27157,5.27157,100,0,0
23,egress,8,S52,3,switch,21,105.455,0,105.455,5.27157,0,5.27157,100,0,1
23,egress,8,S52,4,terminal,16,1000,0,81.1853,0,5.27157,5.27157,100,0,0
23,egress,8,S52,5,terminal,17,1000,0,33.7147,0,5.27157,5.27157,100,0,0
23,egress,9,S59,0,switch,1,295.318,0,28.9627,0,0,0,100,0,0
23,egress,9,S59,2,switch,21,160.744,0,59.1753,0,0,0,100,0,0
23,egress,9,S59,2,switch,21,160.744,29.1012,29.1012,0,29.1012,0,100,0,0
23,egress,9,S59,4,switch,55,140.378,0,69.8193,0,0,0,100,0,0
23,egress,9,S59,4,switch,55,140.378,0.774751,0.774751,0,29.876,29.1012,100,0,0
23,egress,9,S59,5,terminal,18,1000,0,1.89064,0,0,0,100,0,0
23,egress,9,S59,6,terminal,19,1000,0,29.2524,0,0,0,100,0,0
24,egress,0,S00,0,switch,1,183.324,0,122.068,0,0,0,100,0,0
24,egress,0,S00,1,switch,2,106.121,0,70.4902,0,0,0,100,0,0
24,egress,0,S00,1,switch,2,106.121,0.826178,0.826178,0,0.826178,0,100,0,0
24,egress,0,S00,2,switch,3,149.8,0,22.1657,0,0,0,100,0,0
24,egress,0,S00,3,switch,4,180.219,0,81.1443,0,0,0,100,0,0
24,egress,0,S00,4,switch,5,102.034,0,92.1044,0,0,0,100,0,0
24,egress,0,S00,6,terminal,1,1000,0,41.1428,0,0,0,100,0,0
24,egress,1,S01,0,switch,0,159.728,0,106.197,0,0,0,100,0,0
24,egress,1,S01,2,switch,7,132.025,0,36.2928,29.177,0,29.177,100,0,3
24,egress,1,S01,2,switch,7,132.025,95.7322,95.7322,0,95.7322,0,100,0,0
24,egress,1,S01,3,switch,8,206.324,0,130.929,0,0,0,100,0,0
24,egress,1,S01,5,switch,10,221.678,0,29.0732,0,0,0,100,0,0
24,egress,1,S01,6,terminal,2,1000,0,26.6398,0,0,0,100,0,0
24,egress,1,S01,7,terminal,3,1000,0,55.8058,0,29.177,29.177,100,0,0
24,egress,10,S61,0,switch,1,227.172,0,55.3914,0,0,0,100,0,0
24,egress,10,S61,1,switch,19,153.026,0,69.4177,0,0,0,100,0,0
24,egress,10,S61,2,switch,42,279.867,0,17.3415,0,0,0,100,0,0
24,egress,10,S61,3,switch,48,228.478,0,126.647,0,0,0,100,0,0
24,egress,10,S61,4,switch,55,207.652,0,12.2918,0,0,0,100,0,0
24,egress,10,S61,5,switch,31,158.461,0,55.0333,0,0,0,100,0,0
24,egress,10,S61,6,terminal,20,1000,0,36.8223,0,0,0,100,0,0
24,egress,10,S61,7,terminal,21,1000,0,39.4804,0,0,0,100,0,0
24,egress,11,S03,0,switch,6,132.338,0,94.2386,0,84.8151,84.8151,100,0,0
24,egress,11,S03,1,switch,12,213.202,79.3482,0,79.3482,79.3482,79.3482,100,0,1
24,egress,11,S03,1,switch,12,213.202,79.3482,0,84.8151,79.3482,84.8151,100,0,1
24,egress,11,S03,2,switch,14,127.424,0,46.9779,0,84.8151,84.8151,100,0,0
24,egress,11,S03,3,switch,10,279.727,0,60.885,0,79.3482,79.3482,100,0,0
24,egress,11,S03,4,terminal,22,1000,0,9.1224,0,84.8151,84.8151,100,0,0
24,egress,11,S03,5,terminal,23,1000,0,29.1771,0,84.8151,84.8151,100,0,0
24,egress,12,S04,0,switch,6,184.169,0,28.0504,0,100,100,100,0,0
24,egress,12,S04,1,switch,11,186.587,0,50.4123,0,100,100,100,0,0
24,egress,12,S04,2,switch,15,124.853,0,56.4743,0,100,100,100,0,0
24,egress,12,S04,3,switch,16,118.797,0,20.565,0,100,100,100,0,0
24,egress,12,S04,4,switch,17,249.248,0,20.5396,0,100,100,100,0,0
24,egress,12,S04,5,switch,18,178.427,100,0,100,100,100,100,0,2
24,egress,12,S04,5,switch,18,178.427,100,41.0937,100,100,100,100,0,2
24,egress,12,S04,7,terminal,25,1000,0,44.7331,0,100,100,100,0,0
24,egress,13,S40,0,switch,6,162.644,0,19.769,0,0,0,100,0,0
24,egress,13,S40,0,switch,6,162.644,100,100,0,100,0,100,0,0
24,egress,13,S40,3,switch,23,211.313,0,132.795,0,0,0,100,0,0
24,egress,14,S58,0,switch,11,169.38,0,42.4081,0,0,0,100,0,0
24,egress,14,S58,1,switch,42,232.511,0,73.3837,0,0,0,100,0,0
24,egress,14,S58,2,switch,34,224.263,0,53.0197,0,0,0,100,0,0
24,egress,15,S05,0,switch,12,134.869,0,113.32,0,0,0,100,0,0
24,egress,15,S05,0,switch,12,134.869,9.64099,9.64099,0,9.64099,0,100,0,0
24,egress,15,S05,1,switch,19,212.416,0,137.501,0,0,0,100,0,0
24,egress,15,S05,3,switch,21,137.945,0,72.3619,0,0,0,100,0,0
24,egress,15,S05,4,terminal,30,1000,0,99.4094,0,0,0,100,0,0
24,egress,15,S05,5,terminal,31,1000,0,82.36,0,0,0,100,0,0
24,egress,16,S11,0,switch,12,200.84,0,89.1069,0,0,0,100,0,0
24,egress,16,S11,1,switch,2,104.704,0,21.5385,0,0,0,100,0,0
24,egress,16,S11,4,terminal,33,1000,0,59.4691,0,0,0,100,0,0
24,egress,17,S35,2,switch,23,169.342,0,106.692,0,0,0,100,0,0
24,egress,17,S35,3,terminal,34,1000,0,6.58471,0,0,0,100,0,0
24,egress,17,S35,4,terminal,35,1000,0,61.8961,0,0,0,100,0,0
24,egress,18,S43,0,switch,38,157.659,0,151.032,0,12.2156,12.2156,100,0,0
24,egress,18,S43,1,switch,60,132.709,0,32.709,12.2156,0,12.2156,100,0,1
24,egress,18,S43,1,switch,60,132.709,100,100,0,100,0,100,0,0
24,egress,18,S43,2,terminal,36,1000,0,21.6858,0,0,0,100,0,0
24,egress,19,S06,0,switch,15,170.98,0,56.1259,0,0,0,100,0,0
24,egress,19,S06,1,switch,22,210.644,0,173.874,0,0,0,100,0,0
24,egress,19,S06,2,switch,23,267,0,8.30921,0,0,0,100,0,0
24,egress,19,S06,3,switch,10,169.014,0,77.0124,0,0,0,100,0,0
24,egress,19,S06,4,terminal,38,1000,0,8.76647,0,0,0,100,0,0
24,egress,19,S06,5,terminal,39,1000,0,38.0505,0,0,0,100,0,0
24,egress,2,S10,0,switch,27,137.994,0,25.4473,0,0,0,100,0,0
24,egress,2,S10,1,switch,16,243.793,0,109.43,0,0,0,100,0,0
24,egress,2,S10,2,terminal,4,1000,0,43.0452,0,0,0,100,0,0
24,egress,2,S10,3,terminal,5,1000,0,21.1423,0,0,0,100,0,0
24,egress,20,S15,0,switch,15,112.83,0,94.6752,0,91.2659,91.2659,100,0,0
24,egress,20,S15,1,switch,28,153.051,0,56.6852,0,91.2659,91.2659,100,0,0
24,egress,20,S15,2,switch,30,254.167,0,30.2322,0,91.2659,91.2659,100,0,0
24,egress,20,S15,3,switch,25,274.153,0,45.2583,0,91.2659,91.2659,100,0,0
24,egress,20,S15,4,switch,32,143.593,0,101.6,0,91.2659,91.2659,100,0,0
24,egress,20,S15,6,switch,13,232.721,91.2659,0,91.2659,91.2659,91.2659,100,0,3
24,egress,20,S15,6,switch,13,232.721,91.2659,39.6116,91.2659,91.2659,91.2659,100,0,3
24,egress,20,S15,7,switch,34,204.798,0,165.693,0,91.2659,91.2659,100,0,0
24,egress,20,S15,8,terminal,40,1000,0,30.8579,0,91.2659,91.2659,100,0,0
24,egress,20,S15,9,terminal,41,1000,0,13.4646,0,91.2659,91.2659,100,0,0
24,egress,21,S53,1,switch,40,137.143,0,56.5662,0,0,0,100,0,0
24,egress,21,S53,2,switch,8,135.597,0,33.3614,0,0,0,100,0,0
24,egress,21,S53,3,switch,63,178.955,0,105.618,0,0,0,100,0,0
24,egress,21,S53,4,switch,9,122.206,0,2.52937,0,0,0,100,0,0
24,egress,21,S53,6,terminal,43,1000,0,109.488,0,0,0,100,0,0
24,egress,22,S07,0,switch,19,118.259,0,18.259,99.9491,0,99.9491,100,0,14
24,egress,22,S07,0,switch,19,118.259,100,100,0,100,0,100,0,0
24,egress,22,S07,2,switch,25,128.19,0,83.5753,0,0,0,100,0,0
24,egress,22,S07,3,switch,26,124.406,0,12.7236,0,0,0,100,0,0
24,egress,22,S07,4,terminal,44,1000,0,52.7593,0,0,0,100,0,0
24,egress,22,S07,5,terminal,45,1000,0,153.901,0,0,0,100,0,0
24,egress,23,S39,0,switch,17,216.203,0,22.2792,0,0,0,100,0,0
24,egress,23,S39,4,switch,58,247.444,0,125.331,0,0,0,100,0,0
24,egress,23,S39,5,terminal,46,1000,0,42.2626,0,0,0,100,0,0
24,egress,23,S39,6,terminal,47,1000,0,42.2626,0,0,0,100,0,0
24,egress,24,S08,0,switch,22,182.424,0,162.345,0,0,0,100,0,0
24,egress,24,S08,2,terminal,48,1000,0,24.2668,0,0,0,100,0,0
24,egress,25,S16,1,switch,20,119.9,0,88.5741,17.4589,0,17.4589,100,0,6
24,egress,25,S16,1,switch,20,119.9,31.3259,31.3259,0,31.3259,0,100,0,0
24,egress,25,S16,2,switch,35,135.775,0,57.982,0,17.4589,17.4589,100,0,0
24,egress,25,S16,4,terminal,51,1000,0,54.3088,0,17.4589,17.4589,100,0,0
24,egress,26,S33,0,switch,3,174.708,0,137.24,0,0,0,100,0,0
24,egress,26,S33,1,switch,37,254.481,0,69.9671,0,0,0,100,0,0
24,egress,27,S09,0,switch,24,129.629,0,92.9335,35.8011,0,35.8011,100,0,8
24,egress,27,S09,0,switch,24,129.629,36.6955,36.6955,0,36.6955,0,100,0,0
24,egress,27,S09,2,switch,7,126.429,0,8.51152,0,0,0,100,0,0
24,egress,27,S09,4,terminal,55,1000,0,15.444,0,0,0,100,0,0
24,egress,28,S12,0,switch,16,293.496,0,13.3472,0,0,0,100,0,0
24,egress,28,S12,1,switch,29,167.904,0,78.599,0,0,0,100,0,0
24,egress,28,S12,2,switch,20,296.117,0,183.483,0,0,0,100,0,0
24,egress,28,S12,4,terminal,57,1000,0,76.5255,0,0,0,100,0,0
24,egress,29,S13,3,switch,30,295.76,0,17.3078,0,0,0,100,0,0
24,egress,29,S13,6,terminal,58,1000,0,37.6923,0,0,0,100,0,0
24,egress,29,S13,7,terminal,59,1000,0,14.2408,0,0,0,100,0,0
24,egress,3,S27,0,switch,0,119.129,0,24.788,0,0,0,100,0,0
24,egress,3,S27,1,switch,42,234.552,0,46.7477,0,0,0,100,0,0
24,egress,3,S27,2,switch,49,266.441,0,107.436,0,0,0,100,0,0
24,egress,3,S27,5,terminal,6,1000,0,58.4143,0,0,0,100,0,0
24,egress,3,S27,6,terminal,7,1000,0,106.74,0,0,0,100,0,0
24,egress,30,S14,1,switch,20,100.691,0,23.1198,77.5712,0,77.5712,100,0,5
24,egress,30,S14,1,switch,20,100.691,77.5712,77.5712,0,77.5712,0,100,0,0
24,egress,30,S14,3,terminal,60,1000,0,71.6429,0,77.5712,77.5712,100,0,0
24,egress,30,S14,4,terminal,61,1000,0,134.395,0,77.5712,77.5712,100,0,0
24,egress,31,S62,0,switch,29,171.288,0,1.26468,0,0,0,100,0,0
24,egress,31,S62,1,switch,30,134.823,0,88.4092,0,0,0,100,0,0
24,egress,31,S62,1,switch,30,134.823,13.8483,13.8483,0,13.8483,0,100,0,0
24,egress,31,S62,4,terminal,62,1000,0,1.26468,0,0,0,100,0,0
24,egress,31,S62,5,terminal,63,1000,0,7.93766,0,0,0,100,0,0
24,egress,32,S21,0,switch,42,146.462,0,133.949,0,0,0,100,0,0
24,egress,32,S21,1,switch,43,261.425,0,58.6078,0,0,0,100,0,0
24,egress,32,S21,3,terminal,64,1000,0,5.31745,0,0,0,100,0,0
24,egress,32,S21,4,terminal,65,1000,0,53.5839,0,0,0,100,0,0
24,egress,33,S34,0,switch,26,235.741,0,49.9166,0,0,0,100,0,0
24,egress,34,S57,0,switch,20,180.835,0,0,89.9395,0,89.9395,100,0,2
24,egress,34,S57,1,switch,62,192.101,0,19.9708,0,0,0,100,0,0
24,egress,34,S57,3,terminal,68,1000,0,107.398,0,89.9395,89.9395,100,0,0
24,egress,34,S57,4,terminal,69,1000,0,102.356,0,0,0,100,0,0
24,egress,35,S17,0,switch,25,277.107,0,43.3072,0,0,0,100,0,0
24,egress,35,S17,0,switch,25,277.107,41.584,41.584,0,41.584,0,100,0,0
24,egress,35,S17,1,switch,36,182.906,0,12.7236,0,0,0,100,0,0
24,egress,35,S17,3,switch,38,142.638,0,44.4722,0,0,0,100,0,0
24,egress,36,S18,0,switch,35,247.316,0,13.3375,0,0,0,100,0,0
24,egress,36,S18,3,switch,41,132.08,0,130.081,0,0,0,100,0,0
24,egress,36,S18,5,terminal,73,1000,0,43.407,0,0,0,100,0,0
24,egress,37,S32,0,switch,0,103.31,0,99.3792,3.93076,0,3.93076,100,0,1
24,egress,37,S32,0,switch,0,103.31,3.93076,3.93076,0,3.93076,0,100,0,0
24,egress,37,S32,7,terminal,74,1000,0,5.74116,0,0,0,100,0,0
24,egress,37,S32,8,terminal,75,1000,0,76.9402,0,0,0,100,0,0
24,egress,38,S42,0,switch,42,176.64,0,134.29,24.1003,0,24.1003,100,0,8
24,egress,38,S42,0,switch,42,176.64,42.3497,42.3497,0,42.3497,0,100,0,0
24,egress,38,S42,1,switch,40,122.733,0,67.8413,0,24.1003,24.1003,100,0,0
24,egress,38,S42,2,switch,59,146.129,0,17.5177,0,0,0,100,0,0
24,egress,38,S42,5,terminal,77,1000,0,71.3392,0,0,0,100,0,0
24,egress,39,S19,0,switch,36,204.72,0,108.838,0,0,0,100,0,0
24,egress,39,S19,2,terminal,78,1000,0,21.8126,0,0,0,100,0,0
24,egress,4,S37,1,switch,47,208.301,0,35.0249,0,0,0,100,0,0
24,egress,4,S37,4,terminal,8,1000,0,33.6045,0,0,0,100,0,0
24,egress,40,S29,0,switch,36,264.754,0,30.6833,0,0,0,100,0,0
24,egress,40,S29,1,switch,45,131.396,0,105.115,0,0,0,100,0,0
24,egress,40,S29,1,switch,45,131.396,3.78613,3.78613,0,3.78613,0,100,0,0
24,egress,40,S29,3,switch,38,184.858,0,44.16,0,0,0,100,0,0
24,egress,40,S29,4,switch,21,163.928,0,17.5177,0,0,0,100,0,0
24,egress,40,S29,5,switch,53,191.77,0,52.09,0,0,0,100,0,0
24,egress,41,S49,0,switch,11,188.868,0,86.1915,0,0,0,100,0,0
24,egress,41,S49,2,switch,26,214.063,0,56.908,0,0,0,100,0,0
24,egress,41,S49,4,switch,51,258.091,0,105.294,0,0,0,100,0,0
24,egress,41,S49,6,terminal,82,1000,0,83.645,0,0,0,100,0,0
24,egress,42,S20,0,switch,39,264.967,0,21.9263,0,0,0,100,0,0
24,egress,42,S20,1,switch,32,241.877,0,63.3222,0,0,0,100,0,0
24,egress,42,S20,2,switch,3,251.806,0,122.34,0,0,0,100,0,0
24,egress,42,S20,3,switch,14,182.917,0,40.9433,0,0,0,100,0,0
24,egress,42,S20,4,switch,10,119.666,0,93.0723,26.2647,0,26.2647,100,0,3
24,egress,42,S20,4,switch,10,119.666,26.5937,26.5937,0,26.5937,0,100,0,0
24,egress,42,S20,5,terminal,84,1000,0,60.8739,0,0,0,100,0,0
24,egress,42,S20,6,terminal,85,1000,0,84.5398,0,0,0,100,0,0
24,egress,43,S22,0,switch,0,203.304,0,115.849,0,0,0,100,0,0
24,egress,43,S22,3,switch,44,274.638,0,36.5216,0,0,0,100,0,0
24,egress,43,S22,4,switch,45,155.693,0,120.474,0,0,0,100,0,0
24,egress,43,S22,5,terminal,86,1000,0,28.151,0,0,0,100,0,0
24,egress,43,S22,6,terminal,87,1000,0,55.8746,0,0,0,100,0,0
24,egress,44,S23,0,switch,43,211.017,0,98.8783,0,0,0,100,0,0
24,egress,44,S23,2,terminal,88,1000,0,10.8977,0,0,0,100,0,0
24,egress,44,S23,3,terminal,89,1000,0,20.7381,0,0,0,100,0,0
24,egress,45,S28,0,switch,15,170.054,0,119.004,0,0,0,100,0,0
24,egress,45,S28,1,switch,27,280.654,0,15.7121,0,0,0,100,0,0
24,egress,45,S28,2,switch,43,227.415,0,92.3313,0,0,0,100,0,0
24,egress,45,S28,5,switch,18,198.318,0,85.1394,0,0,0,100,0,0
24,egress,45,S28,8,terminal,91,1000,0,39.0647,0,0,0,100,0,0
24,egress,46,S24,3,switch,48,198.106,0,61.1147,0,0,0,100,0,0
24,egress,46,S24,4,terminal,92,1000,0,22.0551,0,0,0,100,0,0
24,egress,46,S24,5,terminal,93,1000,0,77.7227,0,0,0,100,0,0
24,egress,47,S25,0,switch,46,291.732,0,41.2377,0,0,0,100,0,0
24,egress,47,S25,4,switch,51,120.167,0,31.0165,0,0,0,100,0,0
24,egress,47,S25,5,terminal,94,1000,0,20.6864,0,0,0,100,0,0
24,egress,48,S50,1,switch,41,183.344,0,119.683,8.75447,0,8.75447,100,0,1
24,egress,48,S50,1,switch,41,183.344,63.661,63.661,0,63.661,0,100,0,0
24,egress,48,S50,5,terminal,97,1000,0,46.6034,0,8.75447,8.75447,100,0,0
24,egress,49,S26,0,switch,43,126.404,0,77.7605,0,0,0,100,0,0
24,egress,49,S26,1,switch,47,132.828,0,43.7384,0,0,0,100,0,0
24,egress,49,S26,3,terminal,98,1000,0,53.5073,0,0,0,100,0,0
24,egress,49,S26,4,terminal,99,1000,0,57.5094,0,0,0,100,0,0
24,egress,5,S63,3,terminal,10,1000,0,34.7452,0,0,0,100,0,0
24,egress,5,S63,4,terminal,11,1000,0,38.6596,0,0,0,100,0,0
24,egress,50,S38,5,switch,57,190.285,0,11.5455,0,0,0,100,0,0
24,egress,51,S48,0,switch,57,201.033,0,46.9821,0,0,0,100,0,0
24,egress,51,S48,2,terminal,102,1000,0,90.6624,0,0,0,100,0,0
24,egress,52,S30,0,switch,28,196.927,0,160.484,45.2616,0,45.2616,100,0,7
24,egress,52,S30,0,switch,28,196.927,36.4427,36.4427,0,36.4427,0,100,0,0
24,egress,52,S30,1,switch,40,109.864,0,22.08,0,45.2616,45.2616,100,0,0
24,egress,52,S30,4,terminal,104,1000,0,3.93797,0,45.2616,45.2616,100,0,0
24,egress,53,S55,0,switch,15,170.836,0,139.706,31.1299,0,31.1299,100,0,1
24,egress,53,S55,0,switch,15,170.836,31.1299,31.1299,0,31.1299,0,100,0,0
24,egress,53,S55,3,switch,62,149.788,0,12.9677,0,0,0,100,0,0
24,egress,53,S55,5,terminal,106,1000,0,67.8703,0,0,0,100,0,0
24,egress,53,S55,6,terminal,107,1000,0,32.2933,0,0,0,100,0,0
24,egress,54,S31,0,switch,52,115.713,0,84.3973,0,0,0,100,0,0
24,egress,55,S60,0,switch,44,280.017,0,1.26468,0,0,0,100,0,0
24,egress,55,S60,4,terminal,110,1000,0,70.5941,0,0,0,100,0,0
24,egress,57,S47,0,switch,52,179.939,0,112.53,0,0,0,100,0,0
24,egress,57,S47,5,terminal,115,1000,0,64.0154,0,0,0,100,0,0
24,egress,58,S51,0,switch,54,230.135,0,28.1324,0,0,0,100,0,0
24,egress,58,S51,3,switch,8,148.654,0,103.436,0,0,0,100,0,0
24,egress,58,S51,4,switch,62,214.158,0,122.643,0,0,0,100,0,0
24,egress,59,S41,0,switch,13,132.99,0,44.0479,0,0,0,100,0,0
24,egress,59,S41,1,switch,38,116.009,0,22.08,0,0,0,100,0,0
24,egress,59,S41,2,terminal,118,1000,0,11.3914,0,0,0,100,0,0
24,egress,6,S02,0,switch,1,138.732,0,113.013,0,0,0,100,0,0
24,egress,6,S02,3,switch,13,194.048,0,126.019,0,0,0,100,0,0
24,egress,6,S02,4,terminal,12,1000,0,58.1803,0,0,0,100,0,0
24,egress,6,S02,5,terminal,13,1000,0,8.02,0,0,0,100,0,0
24,egress,60,S44,0,switch,18,203.923,0,35.0353,0,0,0,100,0,0
24,egress,60,S44,2,terminal,120,1000,0,59.4914,0,0,0,100,0,0
24,egress,60,S44,3,terminal,121,1000,0,73.2176,0,0,0,100,0,0
24,egress,61,S46,1,switch,57,199.213,0,105.777,0,0,0,100,0,0
24,egress,61,S46,3,terminal,123,1000,0,51.1537,0,0,0,100,0,0
24,egress,62,S56,0,switch,53,164.993,0,108.407,0,0,0,100,0,0
24,egress,62,S56,2,terminal,124,1000,0,76.2213,0,0,0,100,0,0
24,egress,62,S56,3,terminal,125,1000,0,38.1626,0,0,0,100,0,0
24,egress,63,S54,3,terminal,126,1000,0,152.453,0,0,0,100,0,0
24,egress,63,S54,4,terminal,127,1000,0,22.8166,0,0,0,100,0,0
24,egress,7,S45,0,switch,27,292,0,47.235,0,0,0,100,0,0
24,egress,7,S45,2,switch,61,100.666,0,0.666,85.2287,0,85.2287,100,0,3
24,egress,7,S45,2,switch,61,100.666,100,100,0,100,0,100,0,0
24,egress,7,S45,4,terminal,15,1000,0,79.007,0,85.2287,85.2287,100,0,0
24,egress,8,S52,0,switch,1,255.562,0,74.5136,0,0,0,100,0,0
24,egress,8,S52,2,switch,58,166.093,0,51.581,0,0,0,100,0,0
24,egress,8,S52,3,switch,21,105.455,0,69.996,0,0,0,100,0,0
24,egress,8,S52,3,switch,21,105.455,5.27157,5.27157,0,5.27157,0,100,0,0
24,egress,8,S52,4,terminal,16,1000,0,43.893,0,0,0,100,0,0
24,egress,8,S52,5,terminal,17,1000,0,46.4044,0,0,0,100,0,0
24,egress,9,S59,0,switch,1,295.318,0,14.8177,0,0,0,100,0,0
24,egress,9,S59,2,switch,21,160.744,0,19.9846,0,0,0,100,0,0
24,egress,9,S59,4,switch,55,140.378,0,106.351,0,0,0,100,0,0
24,egress,9,S59,5,terminal,18,1000,0,1.21727,0,0,0,100,0,0
24,egress,9,S59,6,terminal,19,1000,0,35.3015,0,0,0,100,0,0
25,egress,0,S00,0,switch,1,183.324,0,122.967,0,0,0,100,0,0
25,egress,0,S00,1,switch,2,106.121,0,65.7594,0,0,0,100,0,0
25,egress,0,S00,3,switch,4,180.219,0,103.31,0,0,0,100,0,0
25,egress,0,S00,4,switch,5,102.034,0,102.034,0,0,0,100,0,0
25,egress,0,S00,6,terminal,1,1000,0,27.4598,0,0,0,100,0,0
25,egress,1,S01,0,switch,0,159.728,0,68.3585,0,0,0,100,0,0
25,egress,1,S01,2,switch,7,132.025,0,58.0987,0,0,0,100,0,0
25,egress,1,S01,2,switch,7,132.025,29.177,29.177,0,29.177,0,100,0,0
25,egress,1,S01,3,switch,8,206.324,0,150.118,0,0,0,100,0,0
25,egress,1,S01,5,switch,10,221.678,0,28.0504,0,0,0,100,0,0
25,egress,1,S01,6,terminal,2,1000,0,19.7857,0,0,0,100,0,0
25,egress,1,S01,7,terminal,3,1000,0,55.3914,0,0,0,100,0,0
25,egress,10,S61,0,switch,1,227.172,0,54.6346,0,0,0,100,0,0
25,egress,10,S61,1,switch,19,153.026,0,67.3437,0,0,0,100,0,0
25,egress,10,S61,2,switch,42,279.867,0,29.0732,0,0,0,100,0,0
25,egress,10,S61,3,switch,48,228.478,0,71.7524,0,0,0,100,0,0
25,egress,10,S61,4,switch,55,207.652,0,6.0304,0,0,0,100,0,0
25,egress,10,S61,5,switch,31,158.461,0,55.9517,0,0,0,100,0,0
25,egress,10,S61,6,terminal,20,1000,0,20.2952,0,0,0,100,0,0
25,egress,10,S61,7,terminal,21,1000,0,48.899,0,0,0,100,0,0
25,egress,11,S03,0,switch,6,132.338,0,132.338,0.87645,84.8151,85.6915,100,0,1
25,egress,11,S03,1,switch,12,213.202,84.8151,0,84.8151,84.8151,84.8151,100,0,1
25,egress,11,S03,2,switch,14,127.424,0,42.4747,0,84.8151,84.8151,100,0,0
25,egress,11,S03,3,switch,10,279.727,0,23.6889,0,84.8151,84.8151,100,0,0
25,egress,11,S03,4,terminal,22,1000,0,17.0719,0,84.8151,84.8151,100,0,0
25,egress,11,S03,5,terminal,23,1000,0,33.2739,0,84.8151,84.8151,100,0,0
25,egress,12,S04,0,switch,6,184.169,0,28.0504,0,0,0,100,0,0
25,egress,12,S04,1,switch,11,186.587,0,50.4811,0,0,0,100,0,0
25,egress,12,S04,2,switch,15,124.853,0,46.4622,0,0,0,100,0,0
25,egress,12,S04,3,switch,16,118.797,0,18.7018,0,0,0,100,0,0
25,egress,12,S04,4,switch,17,249.248,0,18.6867,0,0,0,100,0,0
25,egress,12,S04,5,switch,18,178.427,0,37.3734,0,0,0,100,0,0
25,egress,12,S04,5,switch,18,178.427,100,100,0,100,0,100,0,0
25,egress,12,S04,7,terminal,25,1000,0,40.3624,0,0,0,100,0,0
25,egress,13,S40,0,switch,6,162.644,0,26.5302,0,0,0,100,0,0
25,egress,13,S40,1,switch,52,151.023,0,21.4679,0,0,0,100,0,0
25,egress,13,S40,2,switch,50,160.169,0,18.1437,0,0,0,100,0,0
25,egress,13,S40,3,switch,23,211.313,0,143.537,0,0,0,100,0,0
25,egress,14,S58,0,switch,11,169.38,0,0,40.9433,0,40.9433,100,0,2
25,egress,14,S58,1,switch,42,232.511,0,42.4336,0,0,0,100,0,0
25,egress,14,S58,2,switch,34,224.263,0,4.54424,0,0,0,100,0,0
25,egress,15,S05,0,switch,12,134.869,0,109.042,0,0,0,100,0,0
25,egress,15,S05,1,switch,19,212.416,0,154.066,0,0,0,100,0,0
25,egress,15,S05,3,switch,21,137.945,0,70.8139,0,0,0,100,0,0
25,egress,15,S05,4,terminal,30,1000,0,142.357,0,0,0,100,0,0
25,egress,15,S05,5,terminal,31,1000,0,54.5543,0,0,0,100,0,0
25,egress,16,S11,0,switch,12,200.84,0,106.93,0,0,0,100,0,0
25,egress,16,S11,1,switch,2,104.704,0,20.565,0,0,0,100,0,0
25,egress,16,S11,4,terminal,33,1000,0,61.8291,0,0,0,100,0,0
25,egress,17,S35,2,switch,23,169.342,0,65.329,0,0,0,100,0,0
25,egress,17,S35,3,terminal,34,1000,0,22.2792,0,0,0,100,0,0
25,egress,17,S35,4,terminal,35,1000,0,20.5396,0,0,0,100,0,0
25,egress,18,S43,0,switch,38,157.659,0,153.617,0,0,0,100,0,0
25,egress,18,S43,1,switch,60,132.709,0,85.1394,0,0,0,100,0,0
25,egress,18,S43,1,switch,60,132.709,12.2156,12.2156,0,12.2156,0,100,0,0
25,egress,18,S43,2,terminal,36,1000,0,20.5542,0,0,0,100,0,0
25,egress,19,S06,0,switch,15,170.98,0,44.5849,0,0,0,100,0,0
25,egress,19,S06,1,switch,22,210.644,0,174.929,0,0,0,100,0,0
25,egress,19,S06,2,switch,23,267,0,7.52972,0,0,0,100,0,0
25,egress,19,S06,3,switch,10,169.014,0,65.6113,0,0,0,100,0,0
25,egress,19,S06,4,terminal,38,1000,0,31.7785,0,0,0,100,0,0
25,egress,19,S06,5,terminal,39,1000,0,38.7304,0,0,0,100,0,0
25,egress,2,S10,0,switch,27,137.994,0,24.695,0,0,0,100,0,0
25,egress,2,S10,1,switch,16,243.793,0,109.689,0,0,0,100,0,0
25,egress,2,S10,2,terminal,4,1000,0,22.8901,0,0,0,100,0,0
25,egress,2,S10,3,terminal,5,1000,0,21.2242,0,0,0,100,0,0
25,egress,20,S15,0,switch,15,112.83,0,40.3155,0,0,0,100,0,0
25,egress,20,S15,1,switch,28,153.051,0,11.2545,0,0,0,100,0,0
25,egress,20,S15,2,switch,30,254.167,0,41.2262,0,0,0,100,0,0
25,egress,20,S15,4,switch,32,143.593,0,112.548,0,0,0,100,0,0
25,egress,20,S15,6,switch,13,232.721,0,40.2764,0,0,0,100,0,0
25,egress,20,S15,6,switch,13,232.721,91.2659,91.2659,0,91.2659,0,100,0,0
25,egress,20,S15,7,switch,34,204.798,0,154.037,0,0,0,100,0,0
25,egress,20,S15,8,terminal,40,1000,0,40.3155,0,0,0,100,0,0
25,egress,21,S53,1,switch,40,137.143,0,77.5517,0,0,0,100,0,0
25,egress,21,S53,2,switch,8,135.597,0,33.7097,0,0,0,100,0,0
25,egress,21,S53,3,switch,63,178.955,0,37.3261,0,0,0,100,0,0
25,egress,21,S53,4,switch,9,122.206,0,16.8902,0,0,0,100,0,0
25,egress,21,S53,6,terminal,43,1000,0,75.4438,0,0,0,100,0,0
25,egress,22,S07,0,switch,19,118.259,0,18.3099,100,0,100,100,1.08303,14
25,egress,22,S07,0,switch,19,118.259,99.9491,99.9491,0,99.9491,0,100,0,0
25,egress,22,S07,2,switch,25,128.19,0,80.8313,0,100,100,100,0,0
25,egress,22,S07,3,switch,26,124.406,0,12.7236,0,100,100,100,0,0
25,egress,22,S07,4,terminal,44,1000,0,52.661,0,0,0,100,0,0
25,egress,22,S07,5,terminal,45,1000,0,129.561,0,0,0,100,0,0
25,egress,23,S39,0,switch,17,216.203,0,21.3744,0,0,0,100,0,0
25,egress,23,S39,4,switch,58,247.444,0,115.001,0,0,0,100,0,0
25,egress,23,S39,5,terminal,46,1000,0,69.1585,0,0,0,100,0,0
25,egress,23,S39,6,terminal,47,1000,0,42.2626,0,0,0,100,0,0
25,egress,24,S08,0,switch,22,182.424,0,160.244,0,0,0,100,0,0
25,egress,24,S08,2,terminal,48,1000,0,27.7661,0,0,0,100,0,0
25,egress,25,S16,1,switch,20,119.9,0,102.441,52.494,0,52.494,100,0,7
25,egress,25,S16,1,switch,20,119.9,17.4589,17.4589,0,17.4589,0,100,0,0
25,egress,25,S16,2,switch,35,135.775,0,57.982,0,52.494,52.494,100,0,0
25,egress,25,S16,4,terminal,51,1000,0,45.7703,0,52.494,52.494,100,0,0
25,egress,26,S33,0,switch,3,174.708,0,137.515,0,0,0,100,0,0
25,egress,26,S33,1,switch,37,254.481,0,56.908,0,0,0,100,0,0
25,egress,27,S09,0,switch,24,129.629,0,93.8279,36.6417,0,36.6417,100,0,8
25,egress,27,S09,0,switch,24,129.629,35.8011,35.8011,0,35.8011,0,100,0,0
25,egress,27,S09,4,terminal,55,1000,0,11.8098,0,0,0,100,0,0
25,egress,28,S12,0,switch,16,293.496,0,12.7098,0,0,0,100,0,0
25,egress,28,S12,1,switch,29,167.904,0,81.5199,0,0,0,100,0,0
25,egress,28,S12,2,switch,20,296.117,0,180.562,0,0,0,100,0,0
25,egress,28,S12,4,terminal,57,1000,0,43.9755,0,0,0,100,0,0
25,egress,29,S13,3,switch,30,295.76,0,49.4599,0,0,0,100,0,0
25,egress,29,S13,6,terminal,58,1000,0,29.1391,0,0,0,100,0,0
25,egress,29,S13,7,terminal,59,1000,0,1.26468,0,0,0,100,0,0
25,egress,3,S27,0,switch,0,119.129,0,24.9583,0,0,0,100,0,0
25,egress,3,S27,1,switch,42,234.552,0,49.7792,0,0,0,100,0,0
25,egress,3,S27,2,switch,49,266.441,0,99.1737,0,0,0,100,0,0
25,egress,3,S27,5,terminal,6,1000,0,32.0484,0,0,0,100,0,0
25,egress,3,S27,6,terminal,7,1000,0,75.7867,0,0,0,100,0,0
25,egress,30,S14,1,switch,20,100.691,0,23.1198,77.5712,0,77.5712,100,0,5
25,egress,30,S14,1,switch,20,100.691,77.5712,77.5712,0,77.5712,0,100,0,0
25,egress,30,S14,3,terminal,60,1000,0,48.0702,0,77.5712,77.5712,100,0,0
25,egress,30,S14,4,terminal,61,1000,0,61.451,0,0,0,100,0,0
25,egress,31,S62,0,switch,29,171.288,0,7.84307,0,0,0,100,0,0
25,egress,31,S62,1,switch,30,134.823,0,53.4146,0,0,0,100,0,0
25,egress,31,S62,4,terminal,62,1000,0,7.83652,0,0,0,100,0,0
25,egress,31,S62,5,terminal,63,1000,0,7.83652,0,0,0,100,0,0
25,egress,32,S21,0,switch,42,146.462,0,129.184,0,0,0,100,0,0
25,egress,32,S21,1,switch,43,261.425,0,84.7901,0,0,0,100,0,0
25,egress,32,S21,4,terminal,65,1000,0,44.2339,0,0,0,100,0,0
25,egress,33,S34,0,switch,26,235.741,0,49.9166,0,0,0,100,0,0
25,egress,34,S57,0,switch,20,180.835,89.9395,0,89.9395,89.9395,89.9395,100,0,2
25,egress,34,S57,0,switch,20,180.835,89.9395,2.16895,89.9395,89.9395,89.9395,100,0,2
25,egress,34,S57,1,switch,62,192.101,0,21.4679,0,89.9395,89.9395,100,0,0
25,egress,34,S57,3,terminal,68,1000,0,104.563,0,89.9395,89.9395,100,0,0
25,egress,34,S57,4,terminal,69,1000,0,92.6824,0,89.9395,89.9395,100,0,0
25,egress,35,S17,0,switch,25,277.107,0,43.3125,0,0,0,100,0,0
25,egress,35,S17,1,switch,36,182.906,0,12.7236,0,0,0,100,0,0
25,egress,35,S17,3,switch,38,142.638,0,45.2583,0,0,0,100,0,0
25,egress,36,S18,0,switch,35,247.316,0,14.9875,0,0,0,100,0,0
25,egress,36,S18,3,switch,41,132.08,0,93.8502,0,0,0,100,0,0
25,egress,36,S18,5,terminal,73,1000,0,43.4069,0,0,0,100,0,0
25,egress,37,S32,0,switch,0,103.31,0,19.5545,0,0,0,100,0,0
25,egress,37,S32,0,switch,0,103.31,3.93076,3.93076,0,3.93076,0,100,0,0
25,egress,37,S32,8,terminal,75,1000,0,69.9671,0,0,0,100,0,0
25,egress,38,S42,0,switch,42,176.64,0,147.618,0,0,0,100,0,0
25,egress,38,S42,0,switch,42,176.64,24.1003,24.1003,0,24.1003,0,100,0,0
25,egress,38,S42,1,switch,40,122.733,0,52.553,0,0,0,100,0,0
25,egress,38,S42,2,switch,59,146.129,0,17.5177,0,0,0,100,0,0
25,egress,38,S42,5,terminal,77,1000,0,66.1355,0,0,0,100,0,0
25,egress,39,S19,0,switch,36,204.72,0,14.9875,0,0,0,100,0,0
25,egress,39,S19,2,terminal,78,1000,0,21.9263,0,0,0,100,0,0
25,egress,4,S37,1,switch,47,208.301,0,81.1443,0,0,0,100,0,0
25,egress,40,S29,0,switch,36,264.754,0,15.2883,0,0,0,100,0,0
25,egress,40,S29,1,switch,45,131.396,0,105.115,0,0,0,100,0,0
25,egress,40,S29,3,switch,38,184.858,0,44.16,0,0,0,100,0,0
25,egress,40,S29,4,switch,21,163.928,0,17.5177,0,0,0,100,0,0
25,egress,40,S29,5,switch,53,191.77,0,52.0039,0,0,0,100,0,0
25,egress,41,S49,0,switch,11,188.868,0,55.6724,0,0,0,100,0,0
25,egress,41,S49,2,switch,26,214.063,0,72.4243,0,0,0,100,0,0
25,egress,41,S49,4,switch,51,258.091,0,89.7929,0,0,0,100,0,0
25,egress,41,S49,6,terminal,82,1000,0,95.5356,0,0,0,100,0,0
25,egress,42,S20,0,switch,39,264.967,0,24.8215,0,0,0,100,0,0
25,egress,42,S20,1,switch,32,241.877,0,44.16,0,0,0,100,0,0
25,egress,42,S20,2,switch,3,251.806,0,101.2,0,0,0,100,0,0
25,egress,42,S20,3,switch,14,182.917,0,44.16,0,0,0,100,0,0
25,egress,42,S20,4,switch,10,119.666,0,79.8213,0,0,0,100,0,0
25,egress,42,S20,4,switch,10,119.666,26.2647,26.2647,0,26.2647,0,100,0,0
25,egress,42,S20,5,terminal,84,1000,0,70.6486,0,0,0,100,0,0
25,egress,42,S20,6,terminal,85,1000,0,122.866,0,0,0,100,0,0
25,egress,43,S22,0,switch,0,203.304,0,91.3835,0,0,0,100,0,0
25,egress,43,S22,3,switch,44,274.638,0,33.2545,0,0,0,100,0,0
25,egress,43,S22,4,switch,45,155.693,0,120.394,0,0,0,100,0,0
25,egress,43,S22,5,terminal,86,1000,0,46.1656,0,0,0,100,0,0
25,egress,43,S22,6,terminal,87,1000,0,71.5189,0,0,0,100,0,0
25,egress,44,S23,0,switch,43,211.017,0,2.50347,0,0,0,100,0,0
25,egress,44,S23,2,terminal,88,1000,0,1.26468,0,0,0,100,0,0
25,egress,44,S23,3,terminal,89,1000,0,36.5216,0,0,0,100,0,0
25,egress,45,S28,0,switch,15,170.054,0,102.656,0,0,0,100,0,0
25,egress,45,S28,1,switch,27,280.654,0,14.8177,0,0,0,100,0,0
25,egress,45,S28,2,switch,43,227.415,0,91.3835,0,0,0,100,0,0
25,egress,45,S28,5,switch,18,198.318,0,70.4377,0,0,0,100,0,0
25,egress,45,S28,8,terminal,91,1000,0,17.5177,0,0,0,100,0,0
25,egress,46,S24,3,switch,48,198.106,0,22.2898,0,0,0,100,0,0
25,egress,46,S24,4,terminal,92,1000,0,19.4251,0,0,0,100,0,0
25,egress,46,S24,5,terminal,93,1000,0,21.8126,0,0,0,100,0,0
25,egress,47,S25,0,switch,46,291.732,0,43.7384,0,0,0,100,0,0
25,egress,47,S25,4,switch,51,120.167,0,35.0249,0,0,0,100,0,0
25,egress,48,S50,1,switch,41,183.344,0,139.325,0,0,0,100,0,0
25,egress,48,S50,1,switch,41,183.344,8.75447,8.75447,0,8.75447,0,100,0,0
25,egress,48,S50,5,terminal,97,1000,0,48.437,0,0,0,100,0,0
25,egress,49,S26,0,switch,43,126.404,0,50.2782,0,0,0,100,0,0
25,egress,49,S26,1,switch,47,132.828,0,46.7477,0,0,0,100,0,0
25,egress,49,S26,4,terminal,99,1000,0,60.6879,0,0,0,100,0,0
25,egress,5,S63,3,terminal,10,1000,0,51.017,0,0,0,100,0,0
25,egress,5,S63,4,terminal,11,1000,0,41.0874,0,0,0,100,0,0
25,egress,51,S48,0,switch,57,201.033,0,28.1324,0,0,0,100,0,0
25,egress,51,S48,2,terminal,102,1000,0,136.31,0,0,0,100,0,0
25,egress,52,S30,0,switch,28,196.927,0,151.665,45.2616,0,45.2616,100,0,7
25,egress,52,S30,0,switch,28,196.927,45.2616,45.2616,0,45.2616,0,100,0,0
25,egress,52,S30,1,switch,40,109.864,0,22.08,0,45.2616,45.2616,100,0,0
25,egress,53,S55,0,switch,15,170.836,0,125.266,0,0,0,100,0,0
25,egress,53,S55,0,switch,15,170.836,31.1299,31.1299,0,31.1299,0,100,0,0
25,egress,53,S55,3,switch,62,149.788,0,17.5177,0,0,0,100,0,0
25,egress,53,S55,5,terminal,106,1000,0,34.5723,0,0,0,100,0,0
25,egress,54,S31,0,switch,52,115.713,0,84.3973,0,0,0,100,0,0
25,egress,55,S60,0,switch,44,280.017,0,12.2918,0,0,0,100,0,0
25,egress,55,S60,4,terminal,110,1000,0,106.351,0,0,0,100,0,0
25,egress,57,S47,0,switch,52,179.939,0,103.247,0,0,0,100,0,0
25,egress,57,S47,5,terminal,115,1000,0,61.0579,0,0,0,100,0,0
25,egress,58,S51,0,switch,54,230.135,0,28.1324,0,0,0,100,0,0
25,egress,58,S51,3,switch,8,148.654,0,52.7275,0,0,0,100,0,0
25,egress,58,S51,4,switch,62,214.158,0,124.184,0,0,0,100,0,0
25,egress,59,S41,0,switch,13,132.99,0,44.0479,0,0,0,100,0,0
25,egress,59,S41,1,switch,38,116.009,0,22.08,0,0,0,100,0,0
25,egress,6,S02,0,switch,1,138.732,0,138.732,8.68268,0,8.68268,100,0,5
25,egress,6,S02,3,switch,13,194.048,0,122.075,0,0,0,100,0,0
25,egress,6,S02,4,terminal,12,1000,0,84.556,0,0,0,100,0,0
25,egress,6,S02,5,terminal,13,1000,0,14.0444,0,0,0,100,0,0
25,egress,60,S44,0,switch,18,203.923,0,39.2159,0,0,0,100,0,0
25,egress,60,S44,2,terminal,120,1000,0,132.709,0,0,0,100,0,0
25,egress,61,S46,1,switch,57,199.213,0,74.7521,0,0,0,100,0,0
25,egress,61,S46,3,terminal,123,1000,0,82.1788,0,0,0,100,0,0
25,egress,62,S56,0,switch,53,164.993,0,66.9477,0,0,0,100,0,0
25,egress,62,S56,2,terminal,124,1000,0,91.0626,0,0,0,100,0,0
25,egress,62,S56,3,terminal,125,1000,0,64.5188,0,0,0,100,0,0
25,egress,63,S54,3,terminal,126,1000,0,105.618,0,0,0,100,0,0
25,egress,7,S45,0,switch,27,292,0,32.8664,0,0,0,100,0,0
25,egress,7,S45,2,switch,61,100.666,0,15.4373,46.125,0,46.125,100,0,2
25,egress,7,S45,2,switch,61,100.666,85.2287,85.2287,0,85.2287,0,100,0,0
25,egress,7,S45,4,terminal,15,1000,0,66.8766,0,46.125,46.125,100,0,0
25,egress,8,S52,0,switch,1,255.562,0,84.3784,0,0,0,100,0,0
25,egress,8,S52,2,switch,58,166.093,0,51.581,0,0,0,100,0,0
25,egress,8,S52,3,switch,21,105.455,0,81.8007,0,0,0,100,0,0
25,egress,8,S52,4,terminal,16,1000,0,50.2749,0,0,0,100,0,0
25,egress,8,S52,5,terminal,17,1000,0,50.7088,0,0,0,100,0,0
25,egress,9,S59,0,switch,1,295.318,0,14.8404,0,0,0,100,0,0
25,egress,9,S59,5,terminal,18,1000,0,1.26468,0,0,0,100,0,0
25,egress,9,S59,6,terminal,19,1000,0,1.26468,0,0,0,100,0,0
26,egress,0,S00,0,switch,1,183.324,0,96.0646,0,0,0,100,0,0
26,egress,0,S00,1,switch,2,106.121,0,42.2998,0,0,0,100,0,0
26,egress,0,S00,3,switch,4,180.219,0,23.4852,0,0,0,100,0,0
26,egress,0,S00,4,switch,5,102.034,0,78.741,0,0,0,100,0,0
26,egress,1,S01,0,switch,0,159.728,0,78.7634,0,0,0,100,0,0
26,egress,1,S01,2,switch,7,132.025,0,75.9482,0,0,0,100,0,0
26,egress,1,S01,3,switch,8,206.324,0,150.713,0,0,0,100,0,0
26,egress,1,S01,5,switch,10,221.678,0,27.7464,0,0,0,100,0,0
26,egress,1,S01,6,terminal,2,1000,0,27.7464,0,0,0,100,0,0
26,egress,1,S01,7,terminal,3,1000,0,54.6346,0,0,0,100,0,0
26,egress,10,S61,0,switch,1,227.172,0,11.3408,0,0,0,100,0,0
26,egress,10,S61,2,switch,42,279.867,0,28.0504,0,0,0,100,0,0
26,egress,10,S61,3,switch,48,228.478,0,76.8432,0,0,0,100,0,0
26,egress,10,S61,4,switch,55,207.652,0,5.54768,0,0,0,100,0,0
26,egress,10,S61,5,switch,31,158.461,0,70.4358,0,0,0,100,0,0
26,egress,10,S61,6,terminal,20,1000,0,7.52972,0,0,0,100,0,0
26,egress,10,S61,7,terminal,21,1000,0,23.6889,0,0,0,100,0,0
26,egress,11,S03,0,switch,6,132.338,0,83.4327,0,0,0,100,0,0
26,egress,11,S03,0,switch,6,132.338,0.87645,0.87645,0,0.87645,0,100,0,0
26,egress,11,S03,1,switch,12,213.202,84.8151,84.8151,0,85.6915,0.87645,100,0,0
26,egress,11,S03,2,switch,14,127.424,0,42.6446,0,0,0,100,0,0
26,egress,11,S03,5,terminal,23,1000,0,7.83652,0,0,0,100,0,0
26,egress,12,S04,0,switch,6,184.169,0,27.7603,0,0,0,100,0,0
26,egress,12,S04,1,switch,11,186.587,0,69.2575,0,0,0,100,0,0
26,egress,12,S04,2,switch,15,124.853,0,45.9817,0,0,0,100,0,0
26,egress,12,S04,3,switch,16,118.797,0,16.8586,0,0,0,100,0,0
26,egress,12,S04,4,switch,17,249.248,0,16.8586,0,0,0,100,0,0
26,egress,12,S04,5,switch,18,178.427,0,33.7172,0,0,0,100,0,0
26,egress,12,S04,7,terminal,25,1000,0,33.2983,0,0,0,100,0,0
26,egress,13,S40,0,switch,6,162.644,0,77.4053,0,0,0,100,0,0
26,egress,13,S40,1,switch,52,151.023,0,40.109,0,0,0,100,0,0
26,egress,13,S40,2,switch,50,160.169,0,40.5582,0,0,0,100,0,0
26,egress,13,S40,3,switch,23,211.313,0,139.593,0,0,0,100,0,0
26,egress,14,S58,0,switch,11,169.38,40.9433,0,40.9433,40.9433,40.9433,100,0,2
26,egress,14,S58,0,switch,11,169.38,40.9433,44.16,40.9433,40.9433,40.9433,100,0,2
26,egress,14,S58,1,switch,42,232.511,0,42.4747,0,40.9433,40.9433,100,0,0
26,egress,15,S05,0,switch,12,134.869,0,106.926,0,0,0,100,0,0
26,egress,15,S05,1,switch,19,212.416,0,135.268,0,0,0,100,0,0
26,egress,15,S05,3,switch,21,137.945,0,55.2803,0,0,0,100,0,0
26,egress,15,S05,4,terminal,30,1000,0,97.5959,0,0,0,100,0,0
26,egress,15,S05,5,terminal,31,1000,0,29.0609,0,0,0,100,0,0
26,egress,16,S11,0,switch,12,200.84,0,106.049,0,0,0,100,0,0
26,egress,16,S11,1,switch,2,104.704,0,18.7018,0,0,0,100,0,0
26,egress,16,S11,4,terminal,33,1000,0,61.4504,0,0,0,100,0,0
26,egress,17,S35,3,terminal,34,1000,0,21.3744,0,0,0,100,0,0
26,egress,17,S35,4,terminal,35,1000,0,18.6867,0,0,0,100,0,0
26,egress,18,S43,0,switch,38,157.659,0,150.488,0,0,0,100,0,0
26,egress,18,S43,1,switch,60,132.709,0,132.709,37.7287,0,37.7287,100,0,1
26,egress,18,S43,2,terminal,36,1000,0,18.6867,0,0,0,100,0,0
26,egress,19,S06,0,switch,15,170.98,0,58.9104,0,0,0,100,0,0
26,egress,19,S06,1,switch,22,210.644,0,189.419,0,0,0,100,0,0
26,egress,19,S06,2,switch,23,267,0,7.90346,0,0,0,100,0,0
26,egress,19,S06,3,switch,10,169.014,0,78.9855,0,0,0,100,0,0
26,egress,19,S06,5,terminal,39,1000,0,42.4355,0,0,0,100,0,0
26,egress,2,S10,0,switch,27,137.994,0,16.2562,0,0,0,100,0,0
26,egress,2,S10,1,switch,16,243.793,0,88.3447,0,0,0,100,0,0
26,egress,2,S10,2,terminal,4,1000,0,34.1399,0,0,0,100,0,0
26,egress,2,S10,3,terminal,5,1000,0,24.788,0,0,0,100,0,0
26,egress,20,S15,0,switch,15,112.83,0,48.0137,0,0,0,100,0,0
26,egress,20,S15,1,switch,28,153.051,0,15.3145,0,0,0,100,0,0
26,egress,20,S15,2,switch,30,254.167,0,33.9276,0,0,0,100,0,0
26,egress,20,S15,4,switch,32,143.593,0,104.749,0,0,0,100,0,0
26,egress,20,S15,6,switch,13,232.721,0,40.2764,0,0,0,100,0,0
26,egress,20,S15,7,switch,34,204.798,0,146.936,0,0,0,100,0,0
26,egress,20,S15,8,terminal,40,1000,0,45.8537,0,0,0,100,0,0
26,egress,21,S53,1,switch,40,137.143,0,81.5648,0,0,0,100,0,0
26,egress,21,S53,2,switch,8,135.597,0,50.4075,0,0,0,100,0,0
26,egress,21,S53,3,switch,63,178.955,0,29.0732,0,0,0,100,0,0
26,egress,21,S53,4,switch,9,122.206,0,14.3396,0,0,0,100,0,0
26,egress,21,S53,6,terminal,43,1000,0,70.2452,0,0,0,100,0,0
26,egress,22,S07,0,switch,19,118.259,0,18.259,98.2083,0,98.2083,100,0,14
26,egress,22,S07,0,switch,19,118.259,100,100,0,100,0,100,0,0
26,egress,22,S07,2,switch,25,128.19,0,77.5232,0,98.2083,98.2083,100,0,0
26,egress,22,S07,3,switch,26,124.406,0,12.3473,0,98.2083,98.2083,100,0,0
26,egress,22,S07,4,terminal,44,1000,0,52.661,0,0,0,100,0,0
26,egress,22,S07,5,terminal,45,1000,0,135.303,0,0,0,100,0,0
26,egress,23,S39,0,switch,17,216.203,0,17.5177,0,0,0,100,0,0
26,egress,23,S39,4,switch,58,247.444,0,72.8587,0,0,0,100,0,0
26,egress,23,S39,5,terminal,46,1000,0,70.4377,0,0,0,100,0,0
26,egress,23,S39,6,terminal,47,1000,0,55.5816,0,0,0,100,0,0
26,egress,24,S08,0,switch,22,182.424,0,159.38,0,0,0,100,0,0
26,egress,24,S08,2,terminal,48,1000,0,28.6958,0,0,0,100,0,0
26,egress,25,S16,1,switch,20,119.9,0,67.406,44.1575,0,44.1575,100,0,7
26,egress,25,S16,1,switch,20,119.9,52.494,52.494,0,52.494,0,100,0,0
26,egress,25,S16,2,switch,35,135.775,0,12.7236,0,0,0,100,0,0
26,egress,25,S16,4,terminal,51,1000,0,44.8193,0,0,0,100,0,0
26,egress,26,S33,0,switch,3,174.708,0,137.515,0,0,0,100,0,0
26,egress,26,S33,1,switch,37,254.481,0,72.4243,0,0,0,100,0,0
26,egress,27,S09,0,switch,24,129.629,0,92.9873,33.2743,0,33.2743,100,0,8
26,egress,27,S09,0,switch,24,129.629,36.6417,36.6417,0,36.6417,0,100,0,0
26,egress,28,S12,0,switch,16,293.496,0,11.2545,0,0,0,100,0,0
26,egress,28,S12,1,switch,29,167.904,0,89.7574,0,0,0,100,0,0
26,egress,28,S12,2,switch,20,296.117,0,172.325,0,0,0,100,0,0
26,egress,29,S13,3,switch,30,295.76,0,54.3466,0,0,0,100,0,0
26,egress,29,S13,6,terminal,58,1000,0,27.1733,0,0,0,100,0,0
26,egress,29,S13,7,terminal,59,1000,0,7.84307,0,0,0,100,0,0
26,egress,3,S27,0,switch,0,119.129,0,24.9583,0,0,0,100,0,0
26,egress,3,S27,1,switch,42,234.552,0,49.9166,0,0,0,100,0,0
26,egress,3,S27,2,switch,49,266.441,0,82.4391,0,0,0,100,0,0
26,egress,3,S27,5,terminal,6,1000,0,8.47418,0,0,0,100,0,0
26,egress,3,S27,6,terminal,7,1000,0,72.9268,0,0,0,100,0,0
26,egress,30,S14,1,switch,20,100.691,0,23.1198,59.1922,0,59.1922,100,0,4
26,egress,30,S14,1,switch,20,100.691,77.5712,77.5712,0,77.5712,0,100,0,0
26,egress,30,S14,3,terminal,60,1000,0,40.982,0,0,0,100,0,0
26,egress,30,S14,4,terminal,61,1000,0,81.2213,0,0,0,100,0,0
26,egress,31,S62,0,switch,29,171.288,0,8.30921,0,0,0,100,0,0
26,egress,31,S62,1,switch,30,134.823,0,51.1623,0,0,0,100,0,0
26,egress,31,S62,4,terminal,62,1000,0,8.30921,0,0,0,100,0,0
26,egress,31,S62,5,terminal,63,1000,0,8.30921,0,0,0,100,0,0
26,egress,32,S21,0,switch,42,146.462,0,97.3194,0,0,0,100,0,0
26,egress,32,S21,1,switch,43,261.425,0,64.2982,0,0,0,100,0,0
26,egress,32,S21,4,terminal,65,1000,0,56.5113,0,0,0,100,0,0
26,egress,33,S34,0,switch,26,235.741,0,49.9166,0,0,0,100,0,0
26,egress,34,S57,0,switch,20,180.835,0,0.47026,0,0,0,100,0,0
26,egress,34,S57,0,switch,20,180.835,89.9395,89.9395,0,89.9395,0,100,0,0
26,egress,34,S57,1,switch,62,192.101,0,20.1382,0,0,0,100,0,0
26,egress,34,S57,3,terminal,68,1000,0,102.783,0,0,0,100,0,0
26,egress,34,S57,4,terminal,69,1000,0,35.6597,0,0,0,100,0,0
26,egress,35,S17,0,switch,25,277.107,0,44.9625,0,0,0,100,0,0
26,egress,35,S17,1,switch,36,182.906,0,12.7236,0,0,0,100,0,0
26,egress,35,S17,3,switch,38,142.638,0,45.2583,0,0,0,100,0,0
26,egress,36,S18,0,switch,35,247.316,0,14.9875,0,0,0,100,0,0
26,egress,36,S18,5,terminal,73,1000,0,28.0119,0,0,0,100,0,0
26,egress,37,S32,8,terminal,75,1000,0,56.908,0,0,0,100,0,0
26,egress,38,S42,0,switch,42,176.64,0,148.066,0,0,0,100,0,0
26,egress,38,S42,1,switch,40,122.733,0,56.7345,0,0,0,100,0,0
26,egress,38,S42,2,switch,59,146.129,0,19.6084,0,0,0,100,0,0
26,egress,38,S42,5,terminal,77,1000,0,65.7979,0,0,0,100,0,0
26,egress,39,S19,0,switch,36,204.72,0,14.9875,0,0,0,100,0,0
26,egress,39,S19,2,terminal,78,1000,0,24.8215,0,0,0,100,0,0
26,egress,4,S37,1,switch,47,208.301,0,103.31,0,0,0,100,0,0
26,egress,40,S29,1,switch,45,131.396,0,89.1035,0,0,0,100,0,0
26,egress,40,S29,3,switch,38,184.858,0,44.16,0,0,0,100,0,0
26,egress,40,S29,4,switch,21,163.928,0,17.5177,0,0,0,100,0,0
26,egress,40,S29,5,switch,53,191.77,0,72.9893,0,0,0,100,0,0
26,egress,41,S49,0,switch,11,188.868,0,17.9521,0,0,0,100,0,0
26,egress,41,S49,2,switch,26,214.063,0,69.8691,0,0,0,100,0,0
26,egress,41,S49,4,switch,51,258.091,0,57.0832,0,0,0,100,0,0
26,egress,41,S49,6,terminal,82,1000,0,97.0249,0,0,0,100,0,0
26,egress,42,S20,0,switch,39,264.967,0,24.9583,0,0,0,100,0,0
26,egress,42,S20,1,switch,32,241.877,0,34.8505,0,0,0,100,0,0
26,egress,42,S20,2,switch,3,251.806,0,89.6742,0,0,0,100,0,0
26,egress,42,S20,3,switch,14,182.917,0,45.6228,0,0,0,100,0,0
26,egress,42,S20,4,switch,10,119.666,0,79.7251,0,0,0,100,0,0
26,egress,42,S20,5,terminal,84,1000,0,79.5683,0,0,0,100,0,0
26,egress,42,S20,6,terminal,85,1000,0,107.405,0,0,0,100,0,0
26,egress,43,S22,3,switch,44,274.638,0,35.973,0,0,0,100,0,0
26,egress,43,S22,4,switch,45,155.693,0,87.916,0,0,0,100,0,0
26,egress,43,S22,5,terminal,86,1000,0,45.6917,0,0,0,100,0,0
26,egress,43,S22,6,terminal,87,1000,0,94.5088,0,0,0,100,0,0
26,egress,44,S23,2,terminal,88,1000,0,12.2918,0,0,0,100,0,0
26,egress,44,S23,3,terminal,89,1000,0,33.2545,0,0,0,100,0,0
26,egress,45,S28,0,switch,15,170.054,0,35.1382,0,0,0,100,0,0
26,egress,45,S28,1,switch,27,280.654,0,14.8177,0,0,0,100,0,0
26,egress,45,S28,2,switch,43,227.415,0,87.5973,0,0,0,100,0,0
26,egress,45,S28,5,switch,18,198.318,0,70.4377,0,0,0,100,0,0
26,egress,45,S28,8,terminal,91,1000,0,17.5177,0,0,0,100,0,0
26,egress,46,S24,4,terminal,92,1000,0,21.8121,0,0,0,100,0,0
26,egress,46,S24,5,terminal,93,1000,0,21.9263,0,0,0,100,0,0
26,egress,47,S25,0,switch,46,291.732,0,46.7477,0,0,0,100,0,0
26,egress,47,S25,4,switch,51,120.167,0,81.1443,0,0,0,100,0,0
26,egress,48,S50,1,switch,41,183.344,0,43.4166,0,0,0,100,0,0
26,egress,48,S50,5,terminal,97,1000,0,50.6257,0,0,0,100,0,0
26,egress,49,S26,0,switch,43,126.404,0,50.2899,0,0,0,100,0,0
26,egress,49,S26,1,switch,47,132.828,0,49.7792,0,0,0,100,0,0
26,egress,49,S26,4,terminal,99,1000,0,49.3945,0,0,0,100,0,0
26,egress,5,S63,3,terminal,10,1000,0,51.017,0,0,0,100,0,0
26,egress,5,S63,4,terminal,11,1000,0,51.017,0,0,0,100,0,0
26,egress,50,S38,5,switch,57,190.285,0,18.1437,0,0,0,100,0,0
26,egress,51,S48,0,switch,57,201.033,0,28.1324,0,0,0,100,0,0
26,egress,51,S48,2,terminal,102,1000,0,124.818,0,0,0,100,0,0
26,egress,52,S30,0,switch,28,196.927,0,151.665,35.9789,0,35.9789,100,0,6
26,egress,52,S30,0,switch,28,196.927,45.2616,45.2616,0,45.2616,0,100,0,0
26,egress,52,S30,1,switch,40,109.864,0,25.0905,0,35.9789,35.9789,100,0,0
26,egress,52,S30,4,terminal,104,1000,0,21.4679,0,35.9789,35.9789,100,0,0
26,egress,53,S55,0,switch,15,170.836,0,83.8063,0,0,0,100,0,0
26,egress,53,S55,3,switch,62,149.788,0,17.5177,0,0,0,100,0,0
26,egress,53,S55,5,terminal,106,1000,0,34.4862,0,0,0,100,0,0
26,egress,54,S31,0,switch,52,115.713,0,84.3973,0,0,0,100,0,0
26,egress,55,S60,0,switch,44,280.017,0,6.0304,0,0,0,100,0,0
26,egress,57,S47,0,switch,52,179.939,0,84.3973,0,0,0,100,0,0
26,egress,57,S47,5,terminal,115,1000,0,18.4872,0,0,0,100,0,0
26,egress,58,S51,0,switch,54,230.135,0,21.6974,0,0,0,100,0,0
26,egress,58,S51,3,switch,8,148.654,0,35.3059,0,0,0,100,0,0
26,egress,58,S51,4,switch,62,214.158,0,131.276,0,0,0,100,0,0
26,egress,59,S41,0,switch,13,132.99,0,45.2081,0,0,0,100,0,0
26,egress,59,S41,1,switch,38,116.009,0,25.0911,0,0,0,100,0,0
26,egress,6,S02,0,switch,1,138.732,0,130.049,8.10233,0,8.10233,100,0,5
26,egress,6,S02,0,switch,1,138.732,8.68268,8.68268,0,8.68268,0,100,0,0
26,egress,6,S02,3,switch,13,194.048,0,42.6614,0,0,0,100,0,0
26,egress,6,S02,5,terminal,13,1000,0,61.6261,0,0,0,100,0,0
26,egress,60,S44,0,switch,18,203.923,0,39.4147,0,0,0,100,0,0
26,egress,60,S44,2,terminal,120,1000,0,97.355,0,0,0,100,0,0
26,egress,61,S46,1,switch,57,199.213,0,97.3169,0,0,0,100,0,0
26,egress,61,S46,3,terminal,123,1000,0,59.614,0,0,0,100,0,0
26,egress,62,S56,0,switch,53,164.993,0,16.8586,0,0,0,100,0,0
26,egress,62,S56,2,terminal,124,1000,0,92.8539,0,0,0,100,0,0
26,egress,62,S56,3,terminal,125,1000,0,70.3159,0,0,0,100,0,0
26,egress,63,S54,3,terminal,126,1000,0,37.3261,0,0,0,100,0,0
26,egress,7,S45,0,switch,27,292,0,38.3142,0,0,0,100,0,0
26,egress,7,S45,2,switch,61,100.666,0,34.8404,0,0,0,100,0,0
26,egress,7,S45,2,switch,61,100.666,46.125,46.125,0,46.125,0,100,0,0
26,egress,7,S45,4,terminal,15,1000,0,34.8976,0,0,0,100,0,0
26,egress,8,S52,0,switch,1,255.562,0,84.7267,0,0,0,100,0,0
26,egress,8,S52,2,switch,58,166.093,0,70.4869,0,0,0,100,0,0
26,egress,8,S52,3,switch,21,105.455,0,80.7779,0,0,0,100,0,0
26,egress,8,S52,4,terminal,16,1000,0,51.581,0,0,0,100,0,0
26,egress,9,S59,5,terminal,18,1000,0,7.83652,0,0,0,100,0,0
26,egress,9,S59,6,terminal,19,1000,0,9.05367,0,0,0,100,0,0
27,egress,0,S00,1,switch,2,106.121,0,52.7047,0,0,0,100,0,0
27,egress,0,S00,4,switch,5,102.034,0,51.017,0,0,0,100,0,0
27,egress,1,S01,0,switch,0,159.728,0,84.4934,0,0,0,100,0,0
27,egress,1,S01,2,switch,7,132.025,0,60.0236,0,0,0,100,0,0
27,egress,1,S01,3,switch,8,206.324,0,122.378,0,0,0,100,0,0
27,egress,1,S01,5,switch,10,221.678,0,26.3139,0,0,0,100,0,0
27,egress,1,S01,6,terminal,2,1000,0,26.3139,0,0,0,100,0,0
27,egress,1,S01,7,terminal,3,1000,0,11.3408,0,0,0,100,0,0
27,egress,10,S61,0,switch,1,227.172,0,15.8069,0,0,0,100,0,0
27,egress,10,S61,2,switch,42,279.867,0,27.7464,0,0,0,100,0,0
27,egress,10,S61,3,switch,48,228.478,0,61.2366,0,0,0,100,0,0
27,egress,10,S61,4,switch,55,207.652,0,10.438,0,0,0,100,0,0
27,egress,10,S61,5,switch,31,158.461,0,63.3256,0,0,0,100,0,0
27,egress,10,S61,6,terminal,20,1000,0,7.90346,0,0,0,100,0,0
27,egress,11,S03,0,switch,6,132.338,0,45.6985,0,0,0,100,0,0
27,egress,11,S03,2,switch,14,127.424,0,60.9482,0,0,0,100,0,0
27,egress,11,S03,4,terminal,22,1000,0,19.7988,0,0,0,100,0,0
27,egress,11,S03,5,terminal,23,1000,0,32.6704,0,0,0,100,0,0
27,egress,12,S04,0,switch,6,184.169,0,27.7464,0,0,0,100,0,0
27,egress,12,S04,1,switch,11,186.587,0,64.797,0,0,0,100,0,0
27,egress,12,S04,2,switch,15,124.853,0,45.101,0,0,0,100,0,0
27,egress,12,S04,3,switch,16,118.797,0,16.8586,0,0,0,100,0,0
27,egress,12,S04,4,switch,17,249.248,0,16.8586,0,0,0,100,0,0
27,egress,12,S04,5,switch,18,178.427,0,118.532,0,0,0,100,0,0
27,egress,12,S04,7,terminal,25,1000,0,35.6429,0,0,0,100,0,0
27,egress,13,S40,0,switch,6,162.644,0,27.6905,0,0,0,100,0,0
27,egress,13,S40,1,switch,52,151.023,0,20.1382,0,0,0,100,0,0
27,egress,13,S40,2,switch,50,160.169,0,20.1382,0,0,0,100,0,0
27,egress,13,S40,3,switch,23,211.313,0,60.1791,0,0,0,100,0,0
27,egress,14,S58,0,switch,11,169.38,0,45.6228,0,0,0,100,0,0
27,egress,14,S58,0,switch,11,169.38,40.9433,40.9433,0,40.9433,0,100,0,0
27,egress,14,S58,1,switch,42,232.511,0,42.6446,0,0,0,100,0,0
27,egress,15,S05,0,switch,12,134.869,0,115.415,0,0,0,100,0,0
27,egress,15,S05,1,switch,19,212.416,0,52.2581,0,0,0,100,0,0
27,egress,15,S05,3,switch,21,137.945,0,64.3231,0,0,0,100,0,0
27,egress,15,S05,4,terminal,30,1000,0,43.0417,0,0,0,100,0,0
27,egress,15,S05,5,terminal,31,1000,0,30.5302,0,0,0,100,0,0
27,egress,16,S11,0,switch,12,200.84,0,60.9482,0,0,0,100,0,0
27,egress,16,S11,1,switch,2,104.704,0,16.8586,0,0,0,100,0,0
27,egress,16,S11,4,terminal,33,1000,0,38.651,0,0,0,100,0,0
27,egress,17,S35,3,terminal,34,1000,0,17.5177,0,0,0,100,0,0
27,egress,17,S35,4,terminal,35,1000,0,16.8586,0,0,0,100,0,0
27,egress,18,S43,0,switch,38,157.659,0,145.855,0,0,0,100,0,0
27,egress,18,S43,1,switch,60,132.709,0,70.4377,0,0,0,100,0,0
27,egress,18,S43,1,switch,60,132.709,37.7287,37.7287,0,37.7287,0,100,0,0
27,egress,18,S43,2,terminal,36,1000,0,16.8586,0,0,0,100,0,0
27,egress,19,S06,0,switch,15,170.98,0,59.0868,0,0,0,100,0,0
27,egress,19,S06,1,switch,22,210.644,0,135.268,0,0,0,100,0,0
27,egress,19,S06,2,switch,23,267,0,8.41798,0,0,0,100,0,0
27,egress,19,S06,3,switch,10,169.014,0,79.1079,0,0,0,100,0,0
27,egress,19,S06,5,terminal,39,1000,0,9.63165,0,0,0,100,0,0
27,egress,2,S10,0,switch,27,137.994,0,12.3295,0,0,0,100,0,0
27,egress,2,S10,1,switch,16,243.793,0,29.385,0,0,0,100,0,0
27,egress,2,S10,2,terminal,4,1000,0,36.0433,0,0,0,100,0,0
27,egress,2,S10,3,terminal,5,1000,0,24.9583,0,0,0,100,0,0
27,egress,20,S15,0,switch,15,112.83,0,98.1273,0,0,0,100,0,0
27,egress,20,S15,1,switch,28,153.051,0,23.525,0,0,0,100,0,0
27,egress,20,S15,2,switch,30,254.167,0,20.3869,0,0,0,100,0,0
27,egress,20,S15,3,switch,25,274.153,0,42.68,0,0,0,100,0,0
27,egress,20,S15,4,switch,32,143.593,0,66.9461,0,0,0,100,0,0
27,egress,20,S15,6,switch,13,232.721,0,41.7088,0,0,0,100,0,0
27,egress,20,S15,7,switch,34,204.798,0,139.62,0,0,0,100,0,0
27,egress,20,S15,8,terminal,40,1000,0,50.3316,0,0,0,100,0,0
27,egress,21,S53,1,switch,40,137.143,0,71.6965,0,0,0,100,0,0
27,egress,21,S53,2,switch,8,135.597,0,65.667,0,0,0,100,0,0
27,egress,21,S53,3,switch,63,178.955,0,28.0504,0,0,0,100,0,0
27,egress,21,S53,4,switch,9,122.206,0,8.81804,0,0,0,100,0,0
27,egress,21,S53,6,terminal,43,1000,0,70.2452,0,0,0,100,0,0
27,egress,22,S07,0,switch,19,118.259,0,20.0507,97.5938,0,97.5938,100,0,14
27,egress,22,S07,0,switch,19,118.259,98.2083,98.2083,0,98.2083,0,100,0,0
27,egress,22,S07,2,switch,25,128.19,0,75.8349,0,97.5938,97.5938,100,0,0
27,egress,22,S07,3,switch,26,124.406,0,12.3294,0,97.5938,97.5938,100,0,0
27,egress,22,S07,4,terminal,44,1000,0,69.4142,0,0,0,100,0,0
27,egress,22,S07,5,terminal,45,1000,0,132.706,0,97.5938,97.5938,100,0,0
27,egress,23,S39,0,switch,17,216.203,0,17.5177,0,0,0,100,0,0
27,egress,23,S39,4,switch,58,247.444,0,7.90346,0,0,0,100,0,0
27,egress,23,S39,5,terminal,46,1000,0,69.9311,0,0,0,100,0,0
27,egress,23,S39,6,terminal,47,1000,0,52.1438,0,0,0,100,0,0
27,egress,24,S08,0,switch,22,182.424,0,157.904,0,0,0,100,0,0
27,egress,24,S08,2,terminal,48,1000,0,30.1724,0,0,0,100,0,0
27,egress,25,S16,1,switch,20,119.9,0,75.7425,40.2528,0,40.2528,100,0,8
27,egress,25,S16,1,switch,20,119.9,44.1575,44.1575,0,44.1575,0,100,0,0
27,egress,25,S16,2,switch,35,135.775,0,12.3473,0,0,0,100,0,0
27,egress,25,S16,4,terminal,51,1000,0,39.1055,0,0,0,100,0,0
27,egress,26,S33,0,switch,3,174.708,0,137.139,0,0,0,100,0,0
27,egress,26,S33,1,switch,37,254.481,0,69.8691,0,0,0,100,0,0
27,egress,27,S09,0,switch,24,129.629,0,96.3547,26.9158,0,26.9158,100,0,7
27,egress,27,S09,0,switch,24,129.629,33.2743,33.2743,0,33.2743,0,100,0,0
27,egress,28,S12,0,switch,16,293.496,0,15.3145,0,0,0,100,0,0
27,egress,28,S12,1,switch,29,167.904,0,82.5194,0,0,0,100,0,0
27,egress,28,S12,2,switch,20,296.117,0,155.314,0,0,0,100,0,0
27,egress,29,S13,3,switch,30,295.76,0,53.4245,0,0,0,100,0,0
27,egress,29,S13,6,terminal,58,1000,0,36.3329,0,0,0,100,0,0
27,egress,29,S13,7,terminal,59,1000,0,8.30921,0,0,0,100,0,0
27,egress,3,S27,0,switch,0,119.129,0,24.9583,0,0,0,100,0,0
27,egress,3,S27,1,switch,42,234.552,0,49.9166,0,0,0,100,0,0
27,egress,3,S27,2,switch,49,266.441,0,80.8893,0,0,0,100,0,0
27,egress,3,S27,6,terminal,7,1000,0,71.4251,0,0,0,100,0,0
27,egress,30,S14,1,switch,20,100.691,0,41.4988,53.475,0,53.475,100,0,4
27,egress,30,S14,1,switch,20,100.691,59.1922,59.1922,0,59.1922,0,100,0,0
27,egress,30,S14,3,terminal,60,1000,0,44.1371,0,53.475,53.475,100,0,0
27,egress,30,S14,4,terminal,61,1000,0,75.1612,0,53.475,53.475,100,0,0
27,egress,31,S62,0,switch,29,171.288,0,7.52972,0,0,0,100,0,0
27,egress,31,S62,1,switch,30,134.823,0,72.7909,0,0,0,100,0,0
27,egress,31,S62,4,terminal,62,1000,0,7.52972,0,0,0,100,0,0
27,egress,31,S62,5,terminal,63,1000,0,7.52972,0,0,0,100,0,0
27,egress,32,S21,0,switch,42,146.462,0,31.7489,0,0,0,100,0,0
27,egress,32,S21,1,switch,43,261.425,0,54.9887,0,0,0,100,0,0
27,egress,32,S21,4,terminal,65,1000,0,52.862,0,0,0,100,0,0
27,egress,33,S34,0,switch,26,235.741,0,49.9166,0,0,0,100,0,0
27,egress,34,S57,0,switch,20,180.835,0,47.9857,0,0,0,100,0,0
27,egress,34,S57,1,switch,62,192.101,0,20.1382,0,0,0,100,0,0
27,egress,34,S57,3,terminal,68,1000,0,99.6246,0,0,0,100,0,0
27,egress,34,S57,4,terminal,69,1000,0,27.1733,0,0,0,100,0,0
27,egress,35,S17,0,switch,25,277.107,0,44.9625,0,0,0,100,0,0
27,egress,35,S17,1,switch,36,182.906,0,12.7236,0,0,0,100,0,0
27,egress,36,S18,0,switch,35,247.316,0,14.9875,0,0,0,100,0,0
27,egress,36,S18,5,terminal,73,1000,0,12.7236,0,0,0,100,0,0
27,egress,37,S32,8,terminal,75,1000,0,72.4243,0,0,0,100,0,0
27,egress,38,S42,0,switch,42,176.64,0,153.508,0,0,0,100,0,0
27,egress,38,S42,1,switch,40,122.733,0,59.0227,0,0,0,100,0,0
27,egress,38,S42,2,switch,59,146.129,0,13.756,0,0,0,100,0,0
27,egress,38,S42,5,terminal,77,1000,0,63.945,0,0,0,100,0,0
27,egress,39,S19,0,switch,36,204.72,0,14.9875,0,0,0,100,0,0
27,egress,39,S19,2,terminal,78,1000,0,24.9583,0,0,0,100,0,0
27,egress,4,S37,1,switch,47,208.301,0,23.4852,0,0,0,100,0,0
27,egress,40,S29,1,switch,45,131.396,0,82.2258,0,0,0,100,0,0
27,egress,40,S29,3,switch,38,184.858,0,50.1809,0,0,0,100,0,0
27,egress,40,S29,4,switch,21,163.928,0,19.6084,0,0,0,100,0,0
27,egress,40,S29,5,switch,53,191.77,0,76.0827,0,0,0,100,0,0
27,egress,41,S49,2,switch,26,214.063,0,22.2898,0,0,0,100,0,0
27,egress,41,S49,6,terminal,82,1000,0,21.1267,0,0,0,100,0,0
27,egress,42,S20,0,switch,39,264.967,0,24.9583,0,0,0,100,0,0
27,egress,42,S20,1,switch,32,241.877,0,22.08,0,0,0,100,0,0
27,egress,42,S20,2,switch,3,251.806,0,61.3399,0,0,0,100,0,0
27,egress,42,S20,3,switch,14,182.917,0,42.6094,0,0,0,100,0,0
27,egress,42,S20,4,switch,10,119.666,0,78.9133,0,0,0,100,0,0
27,egress,42,S20,5,terminal,84,1000,0,69.1183,0,0,0,100,0,0
27,egress,42,S20,6,terminal,85,1000,0,106.423,0,0,0,100,0,0
27,egress,43,S22,3,switch,44,274.638,0,39.937,0,0,0,100,0,0
27,egress,43,S22,4,switch,45,155.693,0,97.8521,0,0,0,100,0,0
27,egress,43,S22,5,terminal,86,1000,0,43.7987,0,0,0,100,0,0
27,egress,43,S22,6,terminal,87,1000,0,68.1598,0,0,0,100,0,0
27,egress,44,S23,2,terminal,88,1000,0,6.0304,0,0,0,100,0,0
27,egress,44,S23,3,terminal,89,1000,0,35.973,0,0,0,100,0,0
27,egress,45,S28,0,switch,15,170.054,0,35.1344,0,0,0,100,0,0
27,egress,45,S28,1,switch,27,280.654,0,15.1399,0,0,0,100,0,0
27,egress,45,S28,2,switch,43,227.415,0,71.5858,0,0,0,100,0,0
27,egress,45,S28,5,switch,18,198.318,0,37.6417,0,0,0,100,0,0
27,egress,45,S28,8,terminal,91,1000,0,17.5177,0,0,0,100,0,0
27,egress,46,S24,4,terminal,92,1000,0,21.9263,0,0,0,100,0,0
27,egress,46,S24,5,terminal,93,1000,0,24.8215,0,0,0,100,0,0
27,egress,47,S25,0,switch,46,291.732,0,49.7792,0,0,0,100,0,0
27,egress,47,S25,4,switch,51,120.167,0,103.31,0,0,0,100,0,0
27,egress,48,S50,1,switch,41,183.344,0,21.1267,0,0,0,100,0,0
27,egress,48,S50,5,terminal,97,1000,0,55.7165,0,0,0,100,0,0
27,egress,49,S26,0,switch,43,126.404,0,58.9786,0,0,0,100,0,0
27,egress,49,S26,1,switch,47,132.828,0,49.9166,0,0,0,100,0,0
27,egress,49,S26,4,terminal,99,1000,0,32.5225,0,0,0,100,0,0
27,egress,5,S63,3,terminal,10,1000,0,27.724,0,0,0,100,0,0
27,egress,5,S63,4,terminal,11,1000,0,51.017,0,0,0,100,0,0
27,egress,50,S38,5,switch,57,190.285,0,40.5582,0,0,0,100,0,0
27,egress,51,S48,0,switch,57,201.033,0,34.3082,0,0,0,100,0,0
27,egress,51,S48,2,terminal,102,1000,0,138.227,0,0,0,100,0,0
27,egress,52,S30,0,switch,28,196.927,0,160.948,7.84648,0,7.84648,100,0,6
27,egress,52,S30,0,switch,28,196.927,35.9789,35.9789,0,35.9789,0,100,0,0
27,egress,52,S30,1,switch,40,109.864,0,25.2343,0,7.84648,7.84648,100,0,0
27,egress,52,S30,4,terminal,104,1000,0,40.109,0,7.84648,7.84648,100,0,0
27,egress,53,S55,0,switch,15,170.836,0,33.7172,0,0,0,100,0,0
27,egress,53,S55,3,switch,62,149.788,0,17.5177,0,0,0,100,0,0
27,egress,53,S55,5,terminal,106,1000,0,55.4717,0,0,0,100,0,0
27,egress,54,S31,0,switch,52,115.713,0,90.3165,0,0,0,100,0,0
27,egress,55,S60,0,switch,44,280.017,0,5.54768,0,0,0,100,0,0
27,egress,57,S47,0,switch,52,179.939,0,84.3973,0,0,0,100,0,0
27,egress,57,S47,5,terminal,115,1000,0,59.1957,0,0,0,100,0,0
27,egress,58,S51,4,switch,62,214.158,0,143.346,0,0,0,100,0,0
27,egress,59,S41,0,switch,13,132.99,0,47.3548,0,0,0,100,0,0
27,egress,59,S41,1,switch,38,116.009,0,25.2343,0,0,0,100,0,0
27,egress,6,S02,0,switch,1,138.732,0,130.63,6.91403,0,6.91403,100,0,5
27,egress,6,S02,0,switch,1,138.732,8.10233,8.10233,0,8.10233,0,100,0,0
27,egress,6,S02,4,terminal,12,1000,0,50.8751,0,6.91403,6.91403,100,0,0
27,egress,6,S02,5,terminal,13,1000,0,56.5488,0,6.91403,6.91403,100,0,0
27,egress,60,S44,0,switch,18,203.923,0,44.7898,0,0,0,100,0,0
27,egress,60,S44,2,terminal,120,1000,0,106.665,0,0,0,100,0,0
27,egress,60,S44,3,terminal,121,1000,0,26.0436,0,0,0,100,0,0
27,egress,61,S46,1,switch,57,199.213,0,59.204,0,0,0,100,0,0
27,egress,61,S46,3,terminal,123,1000,0,80.1725,0,0,0,100,0,0
27,egress,62,S56,0,switch,53,164.993,0,16.8586,0,0,0,100,0,0
27,egress,62,S56,2,terminal,124,1000,0,91.5242,0,0,0,100,0,0
27,egress,62,S56,3,terminal,125,1000,0,77.4079,0,0,0,100,0,0
27,egress,63,S54,3,terminal,126,1000,0,29.0732,0,0,0,100,0,0
27,egress,7,S45,0,switch,27,292,0,35.6169,0,0,0,100,0,0
27,egress,7,S45,2,switch,61,100.666,0,33.3614,0,0,0,100,0,0
27,egress,7,S45,4,terminal,15,1000,0,27.7464,0,0,0,100,0,0
27,egress,8,S52,0,switch,1,255.562,0,150.115,0,0,0,100,0,0
27,egress,8,S52,2,switch,58,166.093,0,71.386,0,0,0,100,0,0
27,egress,8,S52,3,switch,21,105.455,0,63.0523,0,0,0,100,0,0
27,egress,8,S52,4,terminal,16,1000,0,51.581,0,0,0,100,0,0
27,egress,9,S59,5,terminal,18,1000,0,8.30921,0,0,0,100,0,0
27,egress,9,S59,6,terminal,19,1000,0,6.0304,0,0,0,100,0,0
28,egress,0,S00,1,switch,2,106.121,0,58.4347,0,0,0,100,0,0
28,egress,0,S00,4,switch,5,102.034,0,51.017,0,0,0,100,0,0
28,egress,1,S01,0,switch,0,159.728,0,126.354,0,0,0,100,0,0
28,egress,1,S01,2,switch,7,132.025,0,78.574,0,0,0,100,0,0
28,egress,1,S01,3,switch,8,206.324,0,27.8763,0,0,0,100,0,0
28,egress,1,S01,5,switch,10,221.678,0,27.8763,0,0,0,100,0,0
28,egress,1,S01,6,terminal,2,1000,0,28.1665,0,0,0,100,0,0
28,egress,1,S01,7,terminal,3,1000,0,15.8069,0,0,0,100,0,0
28,egress,10,S61,0,switch,1,227.172,0,15.2152,0,0,0,100,0,0
28,egress,10,S61,2,switch,42,279.867,0,26.3139,0,0,0,100,0,0
28,egress,10,S61,3,switch,48,228.478,0,60.4248,0,0,0,100,0,0
28,egress,10,S61,4,switch,55,207.652,0,9.63165,0,0,0,100,0,0
28,egress,10,S61,5,switch,31,158.461,0,64.3315,0,0,0,100,0,0
28,egress,10,S61,6,terminal,20,1000,0,8.41798,0,0,0,100,0,0
28,egress,11,S03,0,switch,6,132.338,0,27.7464,0,0,0,100,0,0
28,egress,11,S03,2,switch,14,127.424,0,60.9482,0,0,0,100,0,0
28,egress,11,S03,4,terminal,22,1000,0,39.6791,0,0,0,100,0,0
28,egress,11,S03,5,terminal,23,1000,0,50.7357,0,0,0,100,0,0
28,egress,12,S04,0,switch,6,184.169,0,27.7464,0,0,0,100,0,0
28,egress,12,S04,1,switch,11,186.587,0,68.8517,0,0,0,100,0,0
28,egress,12,S04,3,switch,16,118.797,0,16.8586,0,0,0,100,0,0
28,egress,12,S04,4,switch,17,249.248,0,16.8586,0,0,0,100,0,0
28,egress,12,S04,5,switch,18,178.427,0,33.7172,0,0,0,100,0,0
28,egress,12,S04,7,terminal,25,1000,0,40.0766,0,0,0,100,0,0
28,egress,13,S40,0,switch,6,162.644,0,27.7464,0,0,0,100,0,0
28,egress,13,S40,1,switch,52,151.023,0,20.8544,0,0,0,100,0,0
28,egress,13,S40,2,switch,50,160.169,0,20.8544,0,0,0,100,0,0
28,egress,13,S40,3,switch,23,211.313,0,19.6084,0,0,0,100,0,0
28,egress,14,S58,0,switch,11,169.38,0,42.6094,0,0,0,100,0,0
28,egress,14,S58,1,switch,42,232.511,0,60.9482,0,0,0,100,0,0
28,egress,15,S05,0,switch,12,134.869,0,124.116,0,0,0,100,0,0
28,egress,15,S05,1,switch,19,212.416,0,47.7298,0,0,0,100,0,0
28,egress,15,S05,3,switch,21,137.945,0,63.1506,0,0,0,100,0,0
28,egress,15,S05,4,terminal,30,1000,0,43.0147,0,0,0,100,0,0
28,egress,15,S05,5,terminal,31,1000,0,26.8726,0,0,0,100,0,0
28,egress,16,S11,0,switch,12,200.84,0,29.385,0,0,0,100,0,0
28,egress,16,S11,1,switch,2,104.704,0,16.8586,0,0,0,100,0,0
28,egress,16,S11,4,terminal,33,1000,0,15.3145,0,0,0,100,0,0
28,egress,17,S35,3,terminal,34,1000,0,17.5177,0,0,0,100,0,0
28,egress,17,S35,4,terminal,35,1000,0,16.8586,0,0,0,100,0,0
28,egress,18,S43,0,switch,38,157.659,0,151.739,0,0,0,100,0,0
28,egress,18,S43,1,switch,60,132.709,0,122.457,0,0,0,100,0,0
28,egress,18,S43,2,terminal,36,1000,0,16.8586,0,0,0,100,0,0
28,egress,19,S06,0,switch,15,170.98,0,59.1196,0,0,0,100,0,0
28,egress,19,S06,1,switch,22,210.644,0,50.0891,0,0,0,100,0,0
28,egress,19,S06,2,switch,23,267,0,8.57505,0,0,0,100,0,0
28,egress,19,S06,3,switch,10,169.014,0,80.5378,0,0,0,100,0,0
28,egress,19,S06,5,terminal,39,1000,0,10.1809,0,0,0,100,0,0
28,egress,2,S10,0,switch,27,137.994,0,12.3294,0,0,0,100,0,0
28,egress,2,S10,2,terminal,4,1000,0,44.605,0,0,0,100,0,0
28,egress,2,S10,3,terminal,5,1000,0,24.9583,0,0,0,100,0,0
28,egress,20,S15,0,switch,15,112.83,0,92.6061,0,0,0,100,0,0
28,egress,20,S15,1,switch,28,153.051,0,16.0186,0,0,0,100,0,0
28,egress,20,S15,2,switch,30,254.167,0,32.0371,0,0,0,100,0,0
28,egress,20,S15,4,switch,32,143.593,0,52.8411,0,0,0,100,0,0
28,egress,20,S15,6,switch,13,232.721,0,50.3455,0,0,0,100,0,0
28,egress,20,S15,7,switch,34,204.798,0,137.072,0,0,0,100,0,0
28,egress,20,S15,8,terminal,40,1000,0,42.9705,0,0,0,100,0,0
28,egress,21,S53,1,switch,40,137.143,0,71.216,0,0,0,100,0,0
28,egress,21,S53,2,switch,8,135.597,0,50.1433,0,0,0,100,0,0
28,egress,21,S53,3,switch,63,178.955,0,27.7464,0,0,0,100,0,0
28,egress,21,S53,4,switch,9,122.206,0,18.3414,0,0,0,100,0,0
28,egress,21,S53,6,terminal,43,1000,0,54.9143,0,0,0,100,0,0
28,egress,22,S07,0,switch,19,118.259,0,20.6652,97.568,0,97.568,100,0,14
28,egress,22,S07,0,switch,19,118.259,97.5938,97.5938,0,97.5938,0,100,0,0
28,egress,22,S07,2,switch,25,128.19,0,74.3019,0,97.568,97.568,100,0,0
28,egress,22,S07,3,switch,26,124.406,0,12.3295,0,0,0,100,0,0
28,egress,22,S07,4,terminal,44,1000,0,67.4373,0,97.568,97.568,100,0,0
28,egress,22,S07,5,terminal,45,1000,0,80,0,97.568,97.568,100,0,0
28,egress,23,S39,0,switch,17,216.203,0,17.5177,0,0,0,100,0,0
28,egress,23,S39,4,switch,58,247.444,0,8.41798,0,0,0,100,0,0
28,egress,23,S39,6,terminal,47,1000,0,42.6614,0,0,0,100,0,0
28,egress,24,S08,0,switch,22,182.424,0,158.911,0,0,0,100,0,0
28,egress,24,S08,2,terminal,48,1000,0,29.165,0,0,0,100,0,0
28,egress,25,S16,1,switch,20,119.9,0,79.6472,35.68,0,35.68,100,0,8
28,egress,25,S16,1,switch,20,119.9,40.2528,40.2528,0,40.2528,0,100,0,0
28,egress,25,S16,2,switch,35,135.775,0,55.0094,0,0,0,100,0,0
28,egress,25,S16,4,terminal,51,1000,0,38.1032,0,0,0,100,0,0
28,egress,26,S33,0,switch,3,174.708,0,137.121,0,0,0,100,0,0
28,egress,26,S33,1,switch,37,254.481,0,22.2898,0,0,0,100,0,0
28,egress,27,S09,0,switch,24,129.629,0,102.713,14.2556,0,14.2556,100,0,7
28,egress,27,S09,0,switch,24,129.629,26.9158,26.9158,0,26.9158,0,100,0,0
28,egress,28,S12,0,switch,16,293.496,0,23.525,0,0,0,100,0,0
28,egress,28,S12,1,switch,29,167.904,0,65.6423,0,0,0,100,0,0
28,egress,28,S12,2,switch,20,296.117,0,165.196,0,0,0,100,0,0
28,egress,29,S13,3,switch,30,295.76,0,53.9175,0,0,0,100,0,0
28,egress,29,S13,6,terminal,58,1000,0,28.6019,0,0,0,100,0,0
28,egress,29,S13,7,terminal,59,1000,0,7.52972,0,0,0,100,0,0
28,egress,3,S27,0,switch,0,119.129,0,24.9583,0,0,0,100,0,0
28,egress,3,S27,1,switch,42,234.552,0,49.9166,0,0,0,100,0,0
28,egress,3,S27,2,switch,49,266.441,0,81.8723,0,0,0,100,0,0
28,egress,3,S27,6,terminal,7,1000,0,41.7315,0,0,0,100,0,0
28,egress,30,S14,1,switch,20,100.691,0,47.216,53.2464,0,53.2464,100,0,4
28,egress,30,S14,1,switch,20,100.691,53.475,53.475,0,53.475,0,100,0,0
28,egress,30,S14,3,terminal,60,1000,0,36.9057,0,53.2464,53.2464,100,0,0
28,egress,30,S14,4,terminal,61,1000,0,84.7523,0,0,0,100,0,0
28,egress,31,S62,0,switch,29,171.288,0,7.90346,0,0,0,100,0,0
28,egress,31,S62,1,switch,30,134.823,0,64.788,0,0,0,100,0,0
28,egress,31,S62,4,terminal,62,1000,0,7.90346,0,0,0,100,0,0
28,egress,31,S62,5,terminal,63,1000,0,7.90346,0,0,0,100,0,0
28,egress,32,S21,1,switch,43,261.425,0,42.9344,0,0,0,100,0,0
28,egress,32,S21,4,terminal,65,1000,0,46.0917,0,0,0,100,0,0
28,egress,33,S34,0,switch,26,235.741,0,49.9166,0,0,0,100,0,0
28,egress,34,S57,0,switch,20,180.835,0,47.9857,0,0,0,100,0,0
28,egress,34,S57,1,switch,62,192.101,0,20.8544,0,0,0,100,0,0
28,egress,34,S57,3,terminal,68,1000,0,92.0532,0,0,0,100,0,0
28,egress,34,S57,4,terminal,69,1000,0,26.7122,0,0,0,100,0,0
28,egress,35,S17,0,switch,25,277.107,0,44.9625,0,0,0,100,0,0
28,egress,35,S17,1,switch,36,182.906,0,12.3473,0,0,0,100,0,0
28,egress,36,S18,0,switch,35,247.316,0,14.9875,0,0,0,100,0,0
28,egress,36,S18,5,terminal,73,1000,0,12.7236,0,0,0,100,0,0
28,egress,37,S32,8,terminal,75,1000,0,69.8691,0,0,0,100,0,0
28,egress,38,S42,0,switch,42,176.64,0,165.148,0,0,0,100,0,0
28,egress,38,S42,1,switch,40,122.733,0,64.4983,0,0,0,100,0,0
28,egress,38,S42,5,terminal,77,1000,0,16.8586,0,0,0,100,0,0
28,egress,39,S19,0,switch,36,204.72,0,14.9875,0,0,0,100,0,0
28,egress,39,S19,2,terminal,78,1000,0,24.9583,0,0,0,100,0,0
28,egress,40,S29,1,switch,45,131.396,0,85.306,0,0,0,100,0,0
28,egress,40,S29,3,switch,38,184.858,0,50.4686,0,0,0,100,0,0
28,egress,40,S29,4,switch,21,163.928,0,19.7074,0,0,0,100,0,0
28,egress,40,S29,5,switch,53,191.77,0,66.1696,0,0,0,100,0,0
28,egress,41,S49,6,terminal,82,1000,0,21.1267,0,0,0,100,0,0
28,egress,42,S20,0,switch,39,264.967,0,24.9583,0,0,0,100,0,0
28,egress,42,S20,1,switch,32,241.877,0,25.0911,0,0,0,100,0,0
28,egress,42,S20,2,switch,3,251.806,0,39.4147,0,0,0,100,0,0
28,egress,42,S20,3,switch,14,182.917,0,44.8422,0,0,0,100,0,0
28,egress,42,S20,4,switch,10,119.666,0,39.6153,0,0,0,100,0,0
28,egress,42,S20,5,terminal,84,1000,0,69.1183,0,0,0,100,0,0
28,egress,42,S20,6,terminal,85,1000,0,102.14,0,0,0,100,0,0
28,egress,43,S22,3,switch,44,274.638,0,27.615,0,0,0,100,0,0
28,egress,43,S22,4,switch,45,155.693,0,104.187,0,0,0,100,0,0
28,egress,43,S22,5,terminal,86,1000,0,43.7987,0,0,0,100,0,0
28,egress,43,S22,6,terminal,87,1000,0,55.1608,0,0,0,100,0,0
28,egress,44,S23,2,terminal,88,1000,0,5.54768,0,0,0,100,0,0
28,egress,44,S23,3,terminal,89,1000,0,39.937,0,0,0,100,0,0
28,egress,45,S28,0,switch,15,170.054,0,47.5622,0,0,0,100,0,0
28,egress,45,S28,1,switch,27,280.654,0,15.1555,0,0,0,100,0,0
28,egress,45,S28,2,switch,43,227.415,0,64.7082,0,0,0,100,0,0
28,egress,45,S28,5,switch,18,198.318,0,35.1344,0,0,0,100,0,0
28,egress,45,S28,8,terminal,91,1000,0,17.5177,0,0,0,100,0,0
28,egress,46,S24,4,terminal,92,1000,0,24.8209,0,0,0,100,0,0
28,egress,46,S24,5,terminal,93,1000,0,24.9583,0,0,0,100,0,0
28,egress,47,S25,0,switch,46,291.732,0,49.9166,0,0,0,100,0,0
28,egress,47,S25,4,switch,51,120.167,0,23.4852,0,0,0,100,0,0
28,egress,48,S50,1,switch,41,183.344,0,21.1267,0,0,0,100,0,0
28,egress,48,S50,5,terminal,97,1000,0,40.1098,0,0,0,100,0,0
28,egress,49,S26,0,switch,43,126.404,0,65.2743,0,0,0,100,0,0
28,egress,49,S26,1,switch,47,132.828,0,49.9166,0,0,0,100,0,0
28,egress,49,S26,4,terminal,99,1000,0,30.9727,0,0,0,100,0,0
28,egress,5,S63,4,terminal,11,1000,0,51.017,0,0,0,100,0,0
28,egress,50,S38,5,switch,57,190.285,0,20.1382,0,0,0,100,0,0
28,egress,51,S48,0,switch,57,201.033,0,32.9031,0,0,0,100,0,0
28,egress,51,S48,2,terminal,102,1000,0,103.31,0,0,0,100,0,0
28,egress,52,S30,0,switch,28,196.927,0,174.714,0,0,0,100,0,0
28,egress,52,S30,0,switch,28,196.927,7.84648,7.84648,0,7.84648,0,100,0,0
28,egress,52,S30,1,switch,40,109.864,0,24.3216,0,0,0,100,0,0
28,egress,52,S30,4,terminal,104,1000,0,20.1382,0,0,0,100,0,0
28,egress,53,S55,0,switch,15,170.836,0,33.7173,0,0,0,100,0,0
28,egress,53,S55,3,switch,62,149.788,0,19.6084,0,0,0,100,0,0
28,egress,53,S55,5,terminal,106,1000,0,56.4743,0,0,0,100,0,0
28,egress,54,S31,0,switch,52,115.713,0,46.4736,0,0,0,100,0,0
28,egress,55,S60,0,switch,44,280.017,0,10.438,0,0,0,100,0,0
28,egress,57,S47,0,switch,52,179.939,0,92.7194,0,0,0,100,0,0
28,egress,57,S47,5,terminal,115,1000,0,41.351,0,0,0,100,0,0
28,egress,58,S51,4,switch,62,214.158,0,79.2895,0,0,0,100,0,0
28,egress,59,S41,0,switch,13,132.99,0,41.5024,0,0,0,100,0,0
28,egress,59,S41,1,switch,38,116.009,0,25.2343,0,0,0,100,0,0
28,egress,6,S02,0,switch,1,138.732,0,131.818,6.85809,0,6.85809,100,0,5
28,egress,6,S02,0,switch,1,138.732,6.91403,6.91403,0,6.91403,0,100,0,0
28,egress,6,S02,5,terminal,13,1000,0,17.9521,0,6.85809,6.85809,100,0,0
28,egress,60,S44,0,switch,18,203.923,0,45.0454,0,0,0,100,0,0
28,egress,60,S44,2,terminal,120,1000,0,108.166,0,0,0,100,0,0
28,egress,61,S46,1,switch,57,199.213,0,65.3144,0,0,0,100,0,0
28,egress,61,S46,3,terminal,123,1000,0,33.3614,0,0,0,100,0,0
28,egress,62,S56,0,switch,53,164.993,0,16.8586,0,0,0,100,0,0
28,egress,62,S56,2,terminal,124,1000,0,85.4672,0,0,0,100,0,0
28,egress,62,S56,3,terminal,125,1000,0,95.5342,0,0,0,100,0,0
28,egress,63,S54,3,terminal,126,1000,0,28.0504,0,0,0,100,0,0
28,egress,7,S45,0,switch,27,292,0,20.7765,0,0,0,100,0,0
28,egress,7,S45,2,switch,61,100.666,0,33.7097,0,0,0,100,0,0
28,egress,7,S45,4,terminal,15,1000,0,26.3139,0,0,0,100,0,0
28,egress,8,S52,0,switch,1,255.562,0,72.8802,0,0,0,100,0,0
28,egress,8,S52,2,switch,58,166.093,0,32.4051,0,0,0,100,0,0
28,egress,8,S52,3,switch,21,105.455,0,26.3139,0,0,0,100,0,0
28,egress,8,S52,4,terminal,16,1000,0,63.6595,0,0,0,100,0,0
28,egress,9,S59,5,terminal,18,1000,0,7.52972,0,0,0,100,0,0
28,egress,9,S59,6,terminal,19,1000,0,1.28833,0,0,0,100,0,0
29,egress,0,S00,1,switch,2,106.121,0,51.6046,0,0,0,100,0,0
29,egress,0,S00,4,switch,5,102.034,0,99.7076,0,0,0,100,0,0
29,egress,1,S01,0,switch,0,159.728,0,33.9811,0,0,0,100,0,0
29,egress,1,S01,2,switch,7,132.025,0,93.6649,0,0,0,100,0,0
29,egress,1,S01,3,switch,8,206.324,0,27.9841,0,0,0,100,0,0
29,egress,1,S01,5,switch,10,221.678,0,27.9841,0,0,0,100,0,0
29,egress,1,S01,6,terminal,2,1000,0,27.998,0,0,0,100,0,0
29,egress,1,S01,7,terminal,3,1000,0,15.2152,0,0,0,100,0,0
29,egress,10,S61,0,switch,1,227.172,0,17.1245,0,0,0,100,0,0
29,egress,10,S61,2,switch,42,279.867,0,27.8763,0,0,0,100,0,0
29,egress,10,S61,3,switch,48,228.478,0,21.1267,0,0,0,100,0,0
29,egress,10,S61,4,switch,55,207.652,0,8.01191,0,0,0,100,0,0
29,egress,10,S61,5,switch,31,158.461,0,65.3148,0,0,0,100,0,0
29,egress,10,S61,6,terminal,20,1000,0,8.57505,0,0,0,100,0,0
29,egress,11,S03,0,switch,6,132.338,0,18.1349,0,0,0,100,0,0
29,egress,11,S03,2,switch,14,127.424,0,60.9482,0,0,0,100,0,0
29,egress,11,S03,4,terminal,22,1000,0,17.5177,0,0,0,100,0,0
29,egress,11,S03,5,terminal,23,1000,0,32.9952,0,0,0,100,0,0
29,egress,12,S04,0,switch,6,184.169,0,27.7464,0,0,0,100,0,0
29,egress,12,S04,1,switch,11,186.587,0,37.803,0,0,0,100,0,0
29,egress,12,S04,3,switch,16,118.797,0,16.8586,0,0,0,100,0,0
29,egress,12,S04,4,switch,17,249.248,0,16.8586,0,0,0,100,0,0
29,egress,12,S04,5,switch,18,178.427,0,33.7173,0,0,0,100,0,0
29,egress,12,S04,7,terminal,25,1000,0,48.2639,0,0,0,100,0,0
29,egress,13,S40,0,switch,6,162.644,0,27.7464,0,0,0,100,0,0
29,egress,13,S40,1,switch,52,151.023,0,25.1727,0,0,0,100,0,0
29,egress,13,S40,2,switch,50,160.169,0,25.1728,0,0,0,100,0,0
29,egress,13,S40,3,switch,23,211.313,0,13.756,0,0,0,100,0,0
29,egress,14,S58,0,switch,11,169.38,0,44.8422,0,0,0,100,0,0
29,egress,14,S58,1,switch,42,232.511,0,60.9482,0,0,0,100,0,0
29,egress,15,S05,0,switch,12,134.869,0,117.436,0,0,0,100,0,0
29,egress,15,S05,1,switch,19,212.416,0,47.9857,0,0,0,100,0,0
29,egress,15,S05,3,switch,21,137.945,0,16.587,0,0,0,100,0,0
29,egress,15,S05,4,terminal,30,1000,0,56.1117,0,0,0,100,0,0
29,egress,15,S05,5,terminal,31,1000,0,28.6019,0,0,0,100,0,0
29,egress,16,S11,1,switch,2,104.704,0,16.8586,0,0,0,100,0,0
29,egress,16,S11,4,terminal,33,1000,0,23.525,0,0,0,100,0,0
29,egress,17,S35,3,terminal,34,1000,0,17.5177,0,0,0,100,0,0
29,egress,17,S35,4,terminal,35,1000,0,16.8586,0,0,0,100,0,0
29,egress,18,S43,0,switch,38,157.659,0,138.509,0,0,0,100,0,0
29,egress,18,S43,1,switch,60,132.709,0,35.1344,0,0,0,100,0,0
29,egress,18,S43,2,terminal,36,1000,0,16.8586,0,0,0,100,0,0
29,egress,19,S06,0,switch,15,170.98,0,59.2878,0,0,0,100,0,0
29,egress,19,S06,2,switch,23,267,0,8.49096,0,0,0,100,0,0
29,egress,19,S06,3,switch,10,169.014,0,80.5378,0,0,0,100,0,0
29,egress,19,S06,5,terminal,39,1000,0,55.6576,0,0,0,100,0,0
29,egress,2,S10,0,switch,27,137.994,0,13.6369,0,0,0,100,0,0
29,egress,2,S10,2,terminal,4,1000,0,50.335,0,0,0,100,0,0
29,egress,2,S10,3,terminal,5,1000,0,24.9583,0,0,0,100,0,0
29,egress,20,S15,0,switch,15,112.83,0,96.2824,0,0,0,100,0,0
29,egress,20,S15,1,switch,28,153.051,0,15.4756,0,0,0,100,0,0
29,egress,20,S15,2,switch,30,254.167,0,30.9512,0,0,0,100,0,0
29,egress,20,S15,4,switch,32,143.593,0,41.8501,0,0,0,100,0,0
29,egress,20,S15,6,switch,13,232.721,0,47.942,0,0,0,100,0,0
29,egress,20,S15,7,switch,34,204.798,0,152.975,0,0,0,100,0,0
29,egress,20,S15,8,terminal,40,1000,0,48.2967,0,0,0,100,0,0
29,egress,21,S53,1,switch,40,137.143,0,48.9033,0,0,0,100,0,0
29,egress,21,S53,3,switch,63,178.955,0,26.3139,0,0,0,100,0,0
29,egress,21,S53,4,switch,9,122.206,0,18.0496,0,0,0,100,0,0
29,egress,21,S53,6,terminal,43,1000,0,19.7074,0,0,0,100,0,0
29,egress,22,S07,0,switch,19,118.259,0,20.691,97.568,0,97.568,100,0,14
29,egress,22,S07,0,switch,19,118.259,97.568,97.568,0,97.568,0,100,0,0
29,egress,22,S07,2,switch,25,128.19,0,73.998,0,0,0,100,0,0
29,egress,22,S07,3,switch,26,124.406,0,12.3294,0,0,0,100,0,0
29,egress,22,S07,5,terminal,45,1000,0,63.5434,0,97.568,97.568,100,0,0
29,egress,23,S39,0,switch,17,216.203,0,19.6084,0,0,0,100,0,0
29,egress,23,S39,4,switch,58,247.444,0,8.57505,0,0,0,100,0,0
29,egress,24,S08,0,switch,22,182.424,0,155.398,0,0,0,100,0,0
29,egress,24,S08,2,terminal,48,1000,0,35.294,0,0,0,100,0,0
29,egress,25,S16,1,switch,20,119.9,0,84.22,30.4187,0,30.4187,100,0,8
29,egress,25,S16,1,switch,20,119.9,35.68,35.68,0,35.68,0,100,0,0
29,egress,25,S16,2,switch,35,135.775,0,12.3295,0,30.4187,30.4187,100,0,0
29,egress,25,S16,4,terminal,51,1000,0,37.2587,0,30.4187,30.4187,100,0,0
29,egress,26,S33,0,switch,3,174.708,0,137.121,0,0,0,100,0,0
29,egress,27,S09,0,switch,24,129.629,0,106.067,0,0,0,100,0,0
29,egress,27,S09,0,switch,24,129.629,14.2556,14.2556,0,14.2556,0,100,0,0
29,egress,28,S12,0,switch,16,293.496,0,16.0186,0,0,0,100,0,0
29,egress,28,S12,1,switch,29,167.904,0,52.4453,0,0,0,100,0,0
29,egress,28,S12,2,switch,20,296.117,0,164.248,0,0,0,100,0,0
29,egress,29,S13,3,switch,30,295.76,0,32.8212,0,0,0,100,0,0
29,egress,29,S13,6,terminal,58,1000,0,32.8212,0,0,0,100,0,0
29,egress,29,S13,7,terminal,59,1000,0,7.90346,0,0,0,100,0,0
29,egress,3,S27,0,switch,0,119.129,0,24.9583,0,0,0,100,0,0
29,egress,3,S27,1,switch,42,234.552,0,49.9166,0,0,0,100,0,0
29,egress,3,S27,2,switch,49,266.441,0,81.9534,0,0,0,100,0,0
29,egress,3,S27,6,terminal,7,1000,0,19.7074,0,0,0,100,0,0
29,egress,30,S14,1,switch,20,100.691,0,47.4446,35.4866,0,35.4866,100,0,3
29,egress,30,S14,1,switch,20,100.691,53.2464,53.2464,0,53.2464,0,100,0,0
29,egress,30,S14,3,terminal,60,1000,0,41.3342,0,35.4866,35.4866,100,0,0
29,egress,30,S14,4,terminal,61,1000,0,84.2357,0,35.4866,35.4866,100,0,0
29,egress,31,S62,0,switch,29,171.288,0,7.8803,0,0,0,100,0,0
29,egress,31,S62,1,switch,30,134.823,0,64.788,0,0,0,100,0,0
29,egress,31,S62,4,terminal,62,1000,0,8.41798,0,0,0,100,0,0
29,egress,31,S62,5,terminal,63,1000,0,8.41798,0,0,0,100,0,0
29,egress,32,S21,1,switch,43,261.425,0,50.2638,0,0,0,100,0,0
29,egress,32,S21,4,terminal,65,1000,0,27.6683,0,0,0,100,0,0
29,egress,33,S34,0,switch,26,235.741,0,49.9166,0,0,0,100,0,0
29,egress,34,S57,0,switch,20,180.835,0,47.9857,0,0,0,100,0,0
29,egress,34,S57,1,switch,62,192.101,0,25.1727,0,0,0,100,0,0
29,egress,34,S57,3,terminal,68,1000,0,83.2974,0,0,0,100,0,0
29,egress,34,S57,4,terminal,69,1000,0,28.6019,0,0,0,100,0,0
29,egress,35,S17,0,switch,25,277.107,0,44.9625,0,0,0,100,0,0
29,egress,35,S17,1,switch,36,182.906,0,12.3294,0,0,0,100,0,0
29,egress,35,S17,3,switch,38,142.638,0,42.68,0,0,0,100,0,0
29,egress,36,S18,0,switch,35,247.316,0,14.9875,0,0,0,100,0,0
29,egress,36,S18,5,terminal,73,1000,0,12.3473,0,0,0,100,0,0
29,egress,37,S32,8,terminal,75,1000,0,22.2898,0,0,0,100,0,0
29,egress,38,S42,0,switch,42,176.64,0,160.196,0,0,0,100,0,0
29,egress,38,S42,1,switch,40,122.733,0,67.4403,0,0,0,100,0,0
29,egress,38,S42,5,terminal,77,1000,0,16.8586,0,0,0,100,0,0
29,egress,39,S19,0,switch,36,204.72,0,0.681404,0,0,0,100,0,0
29,egress,39,S19,2,terminal,78,1000,0,24.9583,0,0,0,100,0,0
29,egress,40,S29,1,switch,45,131.396,0,61.7461,0,0,0,100,0,0
29,egress,40,S29,3,switch,38,184.858,0,49.5559,0,0,0,100,0,0
29,egress,40,S29,4,switch,21,163.928,0,22.3955,0,0,0,100,0,0
29,egress,40,S29,5,switch,53,191.77,0,68.3771,0,0,0,100,0,0
29,egress,41,S49,6,terminal,82,1000,0,21.1267,0,0,0,100,0,0
29,egress,42,S20,0,switch,39,264.967,0,24.9583,0,0,0,100,0,0
29,egress,42,S20,1,switch,32,241.877,0,25.2343,0,0,0,100,0,0
29,egress,42,S20,2,switch,3,251.806,0,44.7909,0,0,0,100,0,0
29,egress,42,S20,3,switch,14,182.917,0,44.9417,0,0,0,100,0,0
29,egress,42,S20,4,switch,10,119.666,0,39.6153,0,0,0,100,0,0
29,egress,42,S20,5,terminal,84,1000,0,75.1392,0,0,0,100,0,0
29,egress,42,S20,6,terminal,85,1000,0,87.2622,0,0,0,100,0,0
29,egress,43,S22,3,switch,44,274.638,0,20.8544,0,0,0,100,0,0
29,egress,43,S22,4,switch,45,155.693,0,105.973,0,0,0,100,0,0
29,egress,43,S22,5,terminal,86,1000,0,64.7082,0,0,0,100,0,0
29,egress,43,S22,6,terminal,87,1000,0,22.08,0,0,0,100,0,0
29,egress,44,S23,2,terminal,88,1000,0,10.438,0,0,0,100,0,0
29,egress,44,S23,3,terminal,89,1000,0,27.615,0,0,0,100,0,0
29,egress,45,S28,0,switch,15,170.054,0,45.2088,0,0,0,100,0,0
29,egress,45,S28,1,switch,27,280.654,0,15.1555,0,0,0,100,0,0
29,egress,45,S28,2,switch,43,227.415,0,65.698,0,0,0,100,0,0
29,egress,45,S28,5,switch,18,198.318,0,43.8231,0,0,0,100,0,0
29,egress,45,S28,8,terminal,91,1000,0,19.608,0,0,0,100,0,0
29,egress,46,S24,4,terminal,92,1000,0,24.9583,0,0,0,100,0,0
29,egress,46,S24,5,terminal,93,1000,0,24.9583,0,0,0,100,0,0
29,egress,47,S25,0,switch,46,291.732,0,49.9166,0,0,0,100,0,0
29,egress,48,S50,1,switch,41,183.344,0,21.1268,0,0,0,100,0,0
29,egress,48,S50,5,terminal,97,1000,0,39.298,0,0,0,100,0,0
29,egress,49,S26,0,switch,43,126.404,0,64.0173,0,0,0,100,0,0
29,egress,49,S26,1,switch,47,132.828,0,49.9166,0,0,0,100,0,0
29,egress,49,S26,4,terminal,99,1000,0,31.9557,0,0,0,100,0,0
29,egress,5,S63,4,terminal,11,1000,0,51.017,0,0,0,100,0,0
29,egress,50,S38,5,switch,57,190.285,0,20.8544,0,0,0,100,0,0
29,egress,51,S48,0,switch,57,201.033,0,42.428,0,0,0,100,0,0
29,egress,51,S48,2,terminal,102,1000,0,23.4852,0,0,0,100,0,0
29,egress,52,S30,0,switch,28,196.927,0,139.193,0,0,0,100,0,0
29,egress,52,S30,4,terminal,104,1000,0,20.8544,0,0,0,100,0,0
29,egress,53,S55,0,switch,15,170.836,0,33.7172,0,0,0,100,0,0
29,egress,53,S55,3,switch,62,149.788,0,19.7074,0,0,0,100,0,0
29,egress,53,S55,5,terminal,106,1000,0,46.4622,0,0,0,100,0,0
29,egress,54,S31,0,switch,52,115.713,0,42.43,0,0,0,100,0,0
29,egress,55,S60,0,switch,44,280.017,0,9.63165,0,0,0,100,0,0
29,egress,57,S47,0,switch,52,179.939,0,98.2176,0,0,0,100,0,0
29,egress,57,S47,5,terminal,115,1000,0,20.1382,0,0,0,100,0,0
29,egress,58,S51,4,switch,62,214.158,0,40.8231,0,0,0,100,0,0
29,egress,59,S41,0,switch,13,132.99,0,27.7464,0,0,0,100,0,0
29,egress,59,S41,1,switch,38,116.009,0,14.4192,0,0,0,100,0,0
29,egress,6,S02,0,switch,1,138.732,0,131.874,6.85809,0,6.85809,100,0,5
29,egress,6,S02,0,switch,1,138.732,6.85809,6.85809,0,6.85809,0,100,0,0
29,egress,60,S44,0,switch,18,203.923,0,45.0454,0,0,0,100,0,0
29,egress,60,S44,2,terminal,120,1000,0,122.457,0,0,0,100,0,0
29,egress,61,S46,1,switch,57,199.213,0,68.1464,0,0,0,100,0,0
29,egress,61,S46,3,terminal,123,1000,0,33.7097,0,0,0,100,0,0
29,egress,62,S56,0,switch,53,164.993,0,16.8586,0,0,0,100,0,0
29,egress,62,S56,2,terminal,124,1000,0,20.8544,0,0,0,100,0,0
29,egress,62,S56,3,terminal,125,1000,0,98.8979,0,0,0,100,0,0
29,egress,63,S54,3,terminal,126,1000,0,27.7464,0,0,0,100,0,0
29,egress,7,S45,0,switch,27,292,0,22.084,0,0,0,100,0,0
29,egress,7,S45,2,switch,61,100.666,0,50.4075,0,0,0,100,0,0
29,egress,7,S45,4,terminal,15,1000,0,28.1665,0,0,0,100,0,0
29,egress,8,S52,0,switch,1,255.562,0,50.1433,0,0,0,100,0,0
29,egress,8,S52,3,switch,21,105.455,0,27.8763,0,0,0,100,0,0
29,egress,9,S59,5,terminal,18,1000,0,7.90346,0,0,0,100,0,0
29,egress,9,S59,6,terminal,19,1000,0,10.438,0,0,0,100,0,0
3,egress,0,S00,0,switch,1,183.324,0,63.202,0,100,100,100,0,0
3,egress,0,S00,2,switch,3,149.8,0,129.864,0,100,100,100,0,0
3,egress,0,S00,2,switch,3,149.8,9.928,9.928,0,9.928,0,100,0,0
3,egress,0,S00,3,switch,4,180.219,0,90.147,100,0,100,100,42.2205,2
3,egress,0,S00,3,switch,4,180.219,90.072,90.072,0,100,9.928,100,0,0
3,egress,0,S00,5,terminal,0,1000,0,29.864,0,100,100,100,0,0
3,egress,0,S00,6,terminal,1,1000,0,1.655,0,100,100,100,0,0
3,egress,1,S01,0,switch,0,159.728,0,159.728,9.969,90.031,100,100,30.303,1
3,egress,1,S01,1,switch,6,265.041,0,166.058,0,90.031,90.031,100,0,0
3,egress,1,S01,2,switch,7,132.025,0,132.025,90.031,0,90.031,100,0,3
3,egress,1,S01,4,switch,9,251.018,0,100,0,100,100,100,0,0
3,egress,1,S01,4,switch,9,251.018,26.36,26.36,0,26.36,0,100,0,0
3,egress,1,S01,5,switch,10,221.678,0,100,0,90.031,90.031,100,0,0
3,egress,1,S01,5,switch,10,221.678,73.64,73.64,0,100,26.36,100,0,0
3,egress,10,S61,2,switch,42,279.867,0,69.014,0,100,100,100,0,0
3,egress,10,S61,3,switch,48,228.478,0,100,0,100,100,100,0,0
3,egress,10,S61,3,switch,48,228.478,5.721,5.721,0,5.721,0,100,0,0
3,egress,10,S61,5,switch,31,158.461,0,147.908,100,0,100,100,73.77,2
3,egress,10,S61,5,switch,31,158.461,10.553,10.553,0,16.274,5.721,100,0,0
3,egress,10,S61,6,terminal,20,1000,0,53.4183,0,100,100,100,0,0
3,egress,10,S61,7,terminal,21,1000,0,134.199,0,0,0,100,0,0
3,egress,11,S03,0,switch,6,132.338,0,32.338,67.662,0,67.662,100,0,1
3,egress,11,S03,0,switch,6,132.338,100,100,0,100,0,100,0,0
3,egress,11,S03,1,switch,12,213.202,0,100,0,0,0,100,0,0
3,egress,12,S04,0,switch,6,184.169,0,134.869,0,100,100,100,0,0
3,egress,12,S04,0,switch,6,184.169,16.671,16.671,0,94.0995,77.4285,100,0,0
3,egress,12,S04,2,switch,15,124.853,0,124.853,41.3685,58.6315,100,100,3.1585,1
3,egress,12,S04,3,switch,16,118.797,0,41.3685,58.6315,0,58.6315,100,0,1
3,egress,12,S04,3,switch,16,118.797,77.4285,77.4285,0,77.4285,0,100,0,0
3,egress,12,S04,4,switch,17,249.248,0,100,0,0,0,100,0,0
3,egress,12,S04,5,switch,18,178.427,0,100.84,0,58.6315,58.6315,100,0,0
3,egress,13,S40,0,switch,6,162.644,0,92.298,48.021,0,48.021,100,0,1
3,egress,13,S40,0,switch,6,162.644,70.346,70.346,0,70.346,0,100,0,0
3,egress,13,S40,1,switch,52,151.023,0,151.023,51.979,48.021,100,100,91.046,2
3,egress,14,S58,3,switch,9,139.013,0,13.541,0,0,0,100,0,0
3,egress,14,S58,5,terminal,28,1000,0,100,0,0,0,100,0,0
3,egress,15,S05,0,switch,12,134.869,0,29.214,0,0,0,100,0,0
3,egress,15,S05,1,switch,19,212.416,0,112.416,87.584,0,87.584,100,0,2
3,egress,15,S05,1,switch,19,212.416,100,100,0,100,0,100,0,0
3,egress,15,S05,3,switch,21,137.945,0,112.83,0,0,0,100,0,0
3,egress,16,S11,0,switch,12,200.84,0,100,0,0,0,100,0,0
3,egress,16,S11,0,switch,12,200.84,100,100,0,100,0,100,0,0
3,egress,16,S11,1,switch,2,104.704,0,59.3985,0,0,0,100,0,0
3,egress,16,S11,4,terminal,33,1000,0,59.3985,0,0,0,100,0,0
3,egress,17,S35,1,switch,56,252.252,0,67.4345,0,0,0,100,0,0
3,egress,17,S35,2,switch,23,169.342,0,169.342,4.208,0,4.208,100,0,1
3,egress,17,S35,3,terminal,34,1000,0,189.834,0,4.208,4.208,100,0,0
3,egress,18,S43,0,switch,38,157.659,100,0,100,100,100,100,0,1
3,egress,19,S06,2,switch,23,267,0,18.259,0,0,0,100,0,0
3,egress,19,S06,3,switch,10,169.014,0,119.769,51.0363,0,51.0363,100,0,2
3,egress,19,S06,3,switch,10,169.014,49.245,49.245,0,49.245,0,100,0,0
3,egress,19,S06,5,terminal,39,1000,0,141.611,0,0,0,100,0,0
3,egress,2,S10,1,switch,16,243.793,0,243.793,63.115,0,63.115,100,0,3
3,egress,20,S15,0,switch,15,112.83,0,12.83,36.6118,63.3882,100,100,98.6167,1
3,egress,20,S15,0,switch,15,112.83,100,100,0,100,0,100,0,0
3,egress,20,S15,2,switch,30,254.167,0,119.9,0,100,100,100,0,0
3,egress,20,S15,4,switch,32,143.593,0,143.593,63.3882,0,63.3882,100,0,1
3,egress,20,S15,5,switch,33,232.696,0,148.059,0,63.3882,63.3882,100,0,0
3,egress,20,S15,6,switch,13,232.721,0,119.189,0,100,100,100,0,0
3,egress,21,S53,2,switch,8,135.597,0,67.541,32.459,0,32.459,100,0,1
3,egress,21,S53,2,switch,8,135.597,68.056,68.056,0,68.056,0,100,0,0
3,egress,21,S53,6,terminal,43,1000,0,109.864,0,0,0,100,0,0
3,egress,22,S07,0,switch,19,118.259,0,18.259,100,0,100,100,11.37,2
3,egress,22,S07,0,switch,19,118.259,100,100,0,100,0,100,0,0
3,egress,22,S07,3,switch,26,124.406,0,124.406,0,100,100,100,29.214,0
3,egress,23,S39,0,switch,17,216.203,0,100,0,59.681,59.681,100,0,0
3,egress,23,S39,3,switch,13,140.319,0,40.319,59.681,0,59.681,100,0,1
3,egress,23,S39,3,switch,13,140.319,100,100,0,100,0,100,0,0
3,egress,24,S08,0,switch,22,182.424,0,129.629,0,0,0,100,0,0
3,egress,24,S08,1,switch,27,295.728,0,131.235,0,0,0,100,0,0
3,egress,25,S16,0,switch,22,153.62,0,100,0,100,100,100,0,0
3,egress,25,S16,1,switch,20,119.9,0,100,0,100,100,100,0,0
3,egress,25,S16,2,switch,35,135.775,0,35.775,100,0,100,100,67.101,2
3,egress,25,S16,2,switch,35,135.775,100,100,0,100,0,100,0,0
3,egress,25,S16,3,terminal,50,1000,0,75.944,0,100,100,100,0,0
3,egress,26,S33,0,switch,3,174.708,0,174.708,7.271,92.729,100,100,53.762,1
3,egress,26,S33,2,switch,33,257.766,0,79.167,0,100,100,100,0,0
3,egress,26,S33,3,switch,7,131.677,0,31.677,92.729,0,92.729,100,0,1
3,egress,26,S33,3,switch,7,131.677,100,100,0,100,0,100,0,0
3,egress,26,S33,5,terminal,53,1000,0,79.167,0,100,100,100,0,0
3,egress,27,S09,0,switch,24,129.629,0,29.629,70.371,0,70.371,100,0,1
3,egress,27,S09,0,switch,24,129.629,100,100,0,100,0,100,0,0
3,egress,27,S09,1,switch,2,200.787,0,100,0,70.371,70.371,100,0,0
3,egress,27,S09,2,switch,7,126.429,0,100,0,70.371,70.371,100,0,0
3,egress,28,S12,1,switch,29,167.904,0,59.95,0,100,100,100,0,0
3,egress,28,S12,2,switch,20,296.117,100,0,100,100,100,100,0,2
3,egress,28,S12,2,switch,20,296.117,100,100,100,100,100,100,0,2
3,egress,29,S13,1,switch,24,131.235,0,31.235,34.5758,0,34.5758,100,0,1
3,egress,29,S13,1,switch,24,131.235,100,100,0,100,0,100,0,0
3,egress,3,S27,0,switch,0,119.129,0,119.129,0,100,100,100,32.677,0
3,egress,3,S27,1,switch,42,234.552,0,87.354,0,100,100,100,0,0
3,egress,3,S27,3,switch,45,296.659,0,87.354,0,100,100,100,0,0
3,egress,3,S27,4,switch,26,158.334,0,58.334,100,0,100,100,41.666,2
3,egress,3,S27,4,switch,26,158.334,100,100,0,100,0,100,0,0
3,egress,3,S27,6,terminal,7,1000,0,149.8,0,100,100,100,0,0
3,egress,30,S14,2,switch,31,290.433,0,59.95,0,0,0,100,0,0
3,egress,31,S62,2,switch,10,234.199,0,100,0,0,0,100,0,0
3,egress,31,S62,2,switch,10,234.199,17.788,17.788,0,17.788,0,100,0,0
3,egress,31,S62,3,switch,5,238.676,0,100,0,0,0,100,0,0
3,egress,31,S62,5,terminal,63,1000,0,158.461,0,0,0,100,0,0
3,egress,32,S21,0,switch,42,146.462,0,71.7965,0,0,0,100,0,0
3,egress,32,S21,1,switch,43,261.425,0,71.7965,0,0,0,100,0,0
3,egress,33,S34,0,switch,26,235.741,0,100,0,10.666,10.666,100,0,0
3,egress,33,S34,0,switch,26,235.741,15.784,15.784,0,100,84.216,100,0,0
3,egress,33,S34,1,switch,17,173.55,0,89.334,10.666,0,10.666,100,0,1
3,egress,33,S34,1,switch,17,173.55,84.216,84.216,0,84.216,0,100,0,0
3,egress,34,S57,0,switch,20,180.835,0,100,0,0,0,100,0,0
3,egress,34,S57,2,switch,14,113.541,100,100,0,100,0,100,0,0
3,egress,35,S17,1,switch,36,182.906,0,135.775,0,0,0,100,0,0
3,egress,36,S18,0,switch,35,247.316,0,247.316,32.08,67.92,100,100,26.681,1
3,egress,36,S18,3,switch,41,132.08,0,32.08,67.92,0,67.92,100,0,1
3,egress,36,S18,3,switch,41,132.08,100,100,0,100,0,100,0,0
3,egress,37,S32,0,switch,0,103.31,100,100,0,100,0,100,0,0
3,egress,37,S32,5,switch,7,109.432,0,100,0,0,0,100,0,0
3,egress,38,S42,1,switch,40,122.733,0,22.733,100,0,100,100,34.926,2
3,egress,38,S42,1,switch,40,122.733,100,100,0,100,0,100,0,0
3,egress,39,S19,0,switch,36,204.72,0,63.202,0,22.569,22.569,100,0,0
3,egress,39,S19,1,switch,42,146.524,0,77.431,22.569,0,22.569,100,0,1
3,egress,39,S19,1,switch,42,146.524,69.093,69.093,0,69.093,0,100,0,0
3,egress,4,S37,0,switch,0,203.508,0,112.305,0,0,0,100,0,0
3,egress,4,S37,1,switch,47,208.301,0,51.655,0,0,0,100,0,0
3,egress,4,S37,2,switch,56,222.018,0,128.564,0,0,0,100,0,0
3,egress,40,S29,0,switch,36,264.754,0,100,0,0,0,100,0,0
3,egress,40,S29,1,switch,45,131.396,0,31.396,39.39,0,39.39,100,0,1
3,egress,40,S29,1,switch,45,131.396,100,100,0,100,0,100,0,0
3,egress,40,S29,2,switch,52,207.828,0,125.093,0,0,0,100,0,0
3,egress,40,S29,5,switch,53,191.77,0,109.864,0,39.39,39.39,100,0,0
3,egress,41,S49,3,switch,7,234.831,0,66.04,0,0,0,100,0,0
3,egress,41,S49,4,switch,51,258.091,0,66.04,0,0,0,100,0,0
3,egress,42,S20,1,switch,32,241.877,0,146.524,0,24.834,24.834,100,0,0
3,egress,42,S20,2,switch,3,251.806,24.834,0,24.834,24.834,24.834,100,0,1
3,egress,42,S20,3,switch,14,182.917,0,116.009,0,24.834,24.834,100,0,0
3,egress,43,S22,0,switch,0,203.304,0,203.304,7.713,0,7.713,100,0,1
3,egress,43,S22,1,switch,39,234.56,0,100,0,0,0,100,0,0
3,egress,43,S22,4,switch,45,155.693,0,75.165,24.835,7.713,32.548,100,0,1
3,egress,43,S22,4,switch,45,155.693,80.528,80.528,0,80.528,0,100,0,0
3,egress,43,S22,6,terminal,87,1000,0,131.396,0,0,0,100,0,0
3,egress,44,S23,0,switch,43,211.017,85.742,85.742,0,85.742,0,100,0,0
3,egress,44,S23,1,switch,46,260.38,0,100,0,0,0,100,0,0
3,egress,44,S23,1,switch,46,260.38,14.258,14.258,0,100,85.742,100,0,0
3,egress,45,S28,0,switch,15,170.054,0,170.054,4.654,0,4.654,100,0,1
3,egress,45,S28,1,switch,27,280.654,0,88.3118,0,0,0,100,0,0
3,egress,45,S28,2,switch,43,227.415,0,100,0,0,0,100,0,0
3,egress,45,S28,3,switch,3,145.823,0,10.4653,0,0,0,100,0,0
3,egress,45,S28,4,switch,40,130.054,0,77.8465,0,0,0,100,0,0
3,egress,45,S28,7,terminal,90,1000,0,10.4653,0,4.654,4.654,100,0,0
3,egress,46,S24,3,switch,48,198.106,0,98.106,1.894,0,1.894,100,0,1
3,egress,46,S24,3,switch,48,198.106,100,100,0,100,0,100,0,0
3,egress,46,S24,4,terminal,92,1000,0,260.38,0,1.894,1.894,100,0,0
3,egress,46,S24,5,terminal,93,1000,0,141.711,0,1.894,1.894,100,0,0
3,egress,47,S25,4,switch,51,120.167,0,120.167,12.661,0,12.661,100,0,1
3,egress,48,S50,1,switch,41,183.344,0,183.344,45.134,0,45.134,100,0,1
3,egress,48,S50,2,switch,58,290.959,0,100,0,45.134,45.134,100,0,0
3,egress,48,S50,2,switch,58,290.959,100,100,0,100,0,100,0,0
3,egress,48,S50,3,switch,10,118.54,0,49.053,0,45.134,45.134,100,0,0
3,egress,48,S50,5,terminal,97,1000,0,49.053,0,0,0,100,0,0
3,egress,49,S26,1,switch,47,132.828,0,32.828,67.172,0,67.172,100,0,1
3,egress,49,S26,1,switch,47,132.828,100,100,0,100,0,100,0,0
3,egress,49,S26,4,terminal,99,1000,0,149.8,0,67.172,67.172,100,0,0
3,egress,5,S63,4,terminal,11,1000,0,314.108,0,0,0,100,0,0
3,egress,50,S38,0,switch,25,175.944,100,100,0,100,0,100,0,0
3,egress,50,S38,1,switch,47,143.074,0,100.516,0,0,0,100,0,0
3,egress,50,S38,7,terminal,101,1000,0,100,0,0,0,100,0,0
3,egress,52,S30,0,switch,28,196.927,0,179.939,0,0,0,100,0,0
3,egress,52,S30,1,switch,40,109.864,0,68.705,71.614,0,71.614,100,0,1
3,egress,52,S30,1,switch,40,109.864,41.159,41.159,0,41.159,0,100,0,0
3,egress,54,S31,0,switch,52,115.713,0,115.713,100,0,100,100,14.422,1
3,egress,56,S36,2,switch,4,112.305,100,100,0,100,0,100,0,0
3,egress,57,S47,0,switch,52,179.939,0,100,0,0,0,100,0,0
3,egress,57,S47,0,switch,52,179.939,19.274,19.274,0,19.274,0,100,0,0
3,egress,57,S47,5,terminal,115,1000,0,100,0,0,0,100,0,0
3,egress,58,S51,0,switch,54,230.135,0,100,0,0,0,100,0,0
3,egress,58,S51,0,switch,54,230.135,60.824,60.824,0,60.824,0,100,0,0
3,egress,58,S51,3,switch,8,148.654,0,95.4795,0,0,0,100,0,0
3,egress,58,S51,4,switch,62,214.158,0,95.4795,0,0,0,100,0,0
3,egress,58,S51,5,terminal,116,1000,0,142.155,0,0,0,100,0,0
3,egress,6,S02,0,switch,1,138.732,0,109.725,100,0,100,100,14.6975,2
3,egress,6,S02,0,switch,1,138.732,29.007,29.007,0,100,70.993,100,0,0
3,egress,6,S02,1,switch,11,173.682,0,62.644,0,100,100,100,0,0
3,egress,6,S02,3,switch,13,194.048,0,92.0845,0,0,0,100,0,0
3,egress,6,S02,3,switch,13,194.048,70.993,70.993,0,70.993,0,100,0,0
3,egress,6,S02,4,terminal,12,1000,0,100,0,100,100,100,0,0
3,egress,60,S44,1,switch,7,207.424,25.285,0,25.285,25.285,25.285,100,0,1
3,egress,61,S46,0,switch,7,136.971,0,36.971,63.029,0,63.029,100,0,1
3,egress,61,S46,0,switch,7,136.971,100,100,0,100,0,100,0,0
3,egress,61,S46,1,switch,57,199.213,0,100.666,0,0,0,100,0,0
3,egress,62,S56,0,switch,53,164.993,0,164.993,27.108,0,27.108,100,0,1
3,egress,63,S54,3,terminal,126,1000,0,160.744,0,0,0,100,0,0
3,egress,7,S45,0,switch,27,292,0,68.4855,0,0,0,100,0,0
3,egress,7,S45,1,switch,60,100.637,0,100.637,0,100,100,100,25.792,0
3,egress,7,S45,2,switch,61,100.666,0,0.666,100,0,100,100,174.605,1
3,egress,7,S45,2,switch,61,100.666,100,100,0,100,0,100,0,0
3,egress,7,S45,3,terminal,14,1000,0,241.748,0,100,100,100,0,0
3,egress,8,S52,0,switch,1,255.562,0,135.597,0,0,0,100,0,0
3,egress,9,S59,0,switch,1,295.318,0,46.5817,0,0,0,100,0,0
3,egress,9,S59,1,switch,32,232.452,0,232.452,18.566,0,18.566,100,0,3
30,egress,0,S00,1,switch,2,106.121,0,51.7262,0,0,0,100,0,0
30,egress,0,S00,4,switch,5,102.034,0,7.21321,0,0,0,100,0,0
30,egress,1,S01,0,switch,0,159.728,0,27.7016,0,0,0,100,0,0
30,egress,1,S01,2,switch,7,132.025,0,77.9009,0,0,0,100,0,0
30,egress,1,S01,3,switch,8,206.324,0,27.7576,0,0,0,100,0,0
30,egress,1,S01,5,switch,10,221.678,0,27.7576,0,0,0,100,0,0
30,egress,1,S01,6,terminal,2,1000,0,27.7576,0,0,0,100,0,0
30,egress,1,S01,7,terminal,3,1000,0,17.1245,0,0,0,100,0,0
30,egress,10,S61,0,switch,1,227.172,0,16.9819,0,0,0,100,0,0
30,egress,10,S61,2,switch,42,279.867,0,27.9841,0,0,0,100,0,0
30,egress,10,S61,3,switch,48,228.478,0,21.1267,0,0,0,100,0,0
30,egress,10,S61,4,switch,55,207.652,0,8.46528,0,0,0,100,0,0
30,egress,10,S61,5,switch,31,158.461,0,65.0881,0,0,0,100,0,0
30,egress,10,S61,6,terminal,20,1000,0,8.49096,0,0,0,100,0,0
30,egress,11,S03,2,switch,14,127.424,0,29.385,0,0,0,100,0,0
30,egress,11,S03,4,terminal,22,1000,0,19.608,0,0,0,100,0,0
30,egress,11,S03,5,terminal,23,1000,0,33.6523,0,0,0,100,0,0
30,egress,12,S04,0,switch,6,184.169,0,21.2496,0,0,0,100,0,0
30,egress,12,S04,1,switch,11,186.587,0,8.57505,0,0,0,100,0,0
30,egress,12,S04,3,switch,16,118.797,0,16.8586,0,0,0,100,0,0
30,egress,12,S04,4,switch,17,249.248,0,16.8586,0,0,0,100,0,0
30,egress,12,S04,5,switch,18,178.427,0,33.7172,0,0,0,100,0,0
30,egress,12,S04,7,terminal,25,1000,0,41.4267,0,0,0,100,0,0
30,egress,13,S40,0,switch,6,162.644,0,27.7464,0,0,0,100,0,0
30,egress,13,S40,1,switch,52,151.023,0,26.3745,0,0,0,100,0,0
30,egress,13,S40,2,switch,50,160.169,0,21.5675,0,0,0,100,0,0
30,egress,14,S58,0,switch,11,169.38,0,44.9417,0,0,0,100,0,0
30,egress,14,S58,1,switch,42,232.511,0,60.9482,0,0,0,100,0,0
30,egress,15,S05,0,switch,12,134.869,0,116.751,0,0,0,100,0,0
30,egress,15,S05,1,switch,19,212.416,0,47.9857,0,0,0,100,0,0
30,egress,15,S05,3,switch,21,137.945,0,16.9562,0,0,0,100,0,0
30,egress,15,S05,4,terminal,30,1000,0,53.6997,0,0,0,100,0,0
30,egress,15,S05,5,terminal,31,1000,0,32.8212,0,0,0,100,0,0
30,egress,16,S11,1,switch,2,104.704,0,16.8586,0,0,0,100,0,0
30,egress,16,S11,4,terminal,33,1000,0,16.0186,0,0,0,100,0,0
30,egress,17,S35,3,terminal,34,1000,0,19.6084,0,0,0,100,0,0
30,egress,17,S35,4,terminal,35,1000,0,16.8586,0,0,0,100,0,0
30,egress,18,S43,0,switch,38,157.659,0,140.225,0,0,0,100,0,0
30,egress,18,S43,1,switch,60,132.709,0,43.8231,0,0,0,100,0,0
30,egress,18,S43,2,terminal,36,1000,0,16.8586,0,0,0,100,0,0
30,egress,19,S06,0,switch,15,170.98,0,59.1032,0,0,0,100,0,0
30,egress,19,S06,2,switch,23,267,0,8.44891,0,0,0,100,0,0
30,egress,19,S06,3,switch,10,169.014,0,80.2691,0,0,0,100,0,0
30,egress,19,S06,5,terminal,39,1000,0,56.4088,0,0,0,100,0,0
30,egress,2,S10,0,switch,27,137.994,0,13.6994,0,0,0,100,0,0
30,egress,2,S10,2,terminal,4,1000,0,43.5049,0,0,0,100,0,0
30,egress,2,S10,3,terminal,5,1000,0,24.9583,0,0,0,100,0,0
30,egress,20,S15,0,switch,15,112.83,0,99.1621,0,0,0,100,0,0
30,egress,20,S15,1,switch,28,153.051,0,15.5591,0,0,0,100,0,0
30,egress,20,S15,2,switch,30,254.167,0,31.1182,0,0,0,100,0,0
30,egress,20,S15,4,switch,32,143.593,0,42.2717,0,0,0,100,0,0
30,egress,20,S15,6,switch,13,232.721,0,47.2657,0,0,0,100,0,0
30,egress,20,S15,7,switch,34,204.798,0,146.271,0,0,0,100,0,0
30,egress,20,S15,8,terminal,40,1000,0,51.1764,0,0,0,100,0,0
30,egress,21,S53,3,switch,63,178.955,0,27.8763,0,0,0,100,0,0
30,egress,21,S53,4,switch,9,122.206,0,16.587,0,0,0,100,0,0
30,egress,21,S53,6,terminal,43,1000,0,22.3955,0,0,0,100,0,0
30,egress,22,S07,0,switch,19,118.259,0,20.691,97.568,0,97.568,100,0,14
30,egress,22,S07,0,switch,19,118.259,97.568,97.568,0,97.568,0,100,0,0
30,egress,22,S07,2,switch,25,128.19,0,68.8325,0,97.568,97.568,100,0,0
30,egress,22,S07,3,switch,26,124.406,0,13.6375,0,0,0,100,0,0
30,egress,22,S07,5,terminal,45,1000,0,13.7988,0,97.568,97.568,100,0,0
30,egress,23,S39,0,switch,17,216.203,0,13.756,0,0,0,100,0,0
30,egress,23,S39,4,switch,58,247.444,0,8.49096,0,0,0,100,0,0
30,egress,24,S08,0,switch,22,182.424,0,158.48,0,0,0,100,0,0
30,egress,24,S08,2,terminal,48,1000,0,23.0296,0,0,0,100,0,0
30,egress,25,S16,1,switch,20,119.9,0,89.4813,13.5869,0,13.5869,100,0,7
30,egress,25,S16,1,switch,20,119.9,30.4187,30.4187,0,30.4187,0,100,0,0
30,egress,25,S16,2,switch,35,135.775,0,12.3294,0,13.5869,13.5869,100,0,0
30,egress,25,S16,4,terminal,51,1000,0,34.7419,0,13.5869,13.5869,100,0,0
30,egress,26,S33,0,switch,3,174.708,0,131.64,0,0,0,100,0,0
30,egress,27,S09,0,switch,24,129.629,0,108.869,0,0,0,100,0,0
30,egress,28,S12,0,switch,16,293.496,0,15.4756,0,0,0,100,0,0
30,egress,28,S12,1,switch,29,167.904,0,34.3082,0,0,0,100,0,0
30,egress,28,S12,2,switch,20,296.117,0,139.018,0,0,0,100,0,0
30,egress,29,S13,3,switch,30,295.76,0,29.4402,0,0,0,100,0,0
30,egress,29,S13,6,terminal,58,1000,0,23.0051,0,0,0,100,0,0
30,egress,29,S13,7,terminal,59,1000,0,7.8803,0,0,0,100,0,0
30,egress,3,S27,0,switch,0,119.129,0,24.9583,0,0,0,100,0,0
30,egress,3,S27,1,switch,42,234.552,0,49.9166,0,0,0,100,0,0
30,egress,3,S27,2,switch,49,266.441,0,84.6415,0,0,0,100,0,0
30,egress,3,S27,6,terminal,7,1000,0,22.3955,0,0,0,100,0,0
30,egress,30,S14,1,switch,20,100.691,0,65.2044,1.04685,0,1.04685,100,0,1
30,egress,30,S14,1,switch,20,100.691,35.4866,35.4866,0,35.4866,0,100,0,0
30,egress,30,S14,3,terminal,60,1000,0,15.4756,0,1.04685,1.04685,100,0,0
30,egress,30,S14,4,terminal,61,1000,0,87.912,0,1.04685,1.04685,100,0,0
30,egress,31,S62,0,switch,29,171.288,0,8.54948,0,0,0,100,0,0
30,egress,31,S62,1,switch,30,134.823,0,72.798,0,0,0,100,0,0
30,egress,31,S62,4,terminal,62,1000,0,8.57505,0,0,0,100,0,0
30,egress,31,S62,5,terminal,63,1000,0,8.57505,0,0,0,100,0,0
30,egress,32,S21,1,switch,43,261.425,0,51.6088,0,0,0,100,0,0
30,egress,32,S21,4,terminal,65,1000,0,15.4756,0,0,0,100,0,0
30,egress,33,S34,0,switch,26,235.741,0,33.2047,0,0,0,100,0,0
30,egress,34,S57,0,switch,20,180.835,0,47.9857,0,0,0,100,0,0
30,egress,34,S57,1,switch,62,192.101,0,26.3745,0,0,0,100,0,0
30,egress,34,S57,3,terminal,68,1000,0,93.7793,0,0,0,100,0,0
30,egress,34,S57,4,terminal,69,1000,0,32.8212,0,0,0,100,0,0
30,egress,35,S17,0,switch,25,277.107,0,44.9625,0,0,0,100,0,0
30,egress,35,S17,1,switch,36,182.906,0,12.3295,0,0,0,100,0,0
30,egress,36,S18,0,switch,35,247.316,0,0.681404,0,0,0,100,0,0
30,egress,36,S18,5,terminal,73,1000,0,12.3294,0,0,0,100,0,0
30,egress,38,S42,0,switch,42,176.64,0,118.057,0,0,0,100,0,0
30,egress,38,S42,1,switch,40,122.733,0,67.5681,0,0,0,100,0,0
30,egress,38,S42,5,terminal,77,1000,0,59.5386,0,0,0,100,0,0
30,egress,39,S19,2,terminal,78,1000,0,24.9583,0,0,0,100,0,0
30,egress,40,S29,1,switch,45,131.396,0,22.3949,0,0,0,100,0,0
30,egress,40,S29,3,switch,38,184.858,0,3.80231,0,0,0,100,0,0
30,egress,40,S29,4,switch,21,163.928,0,22.5227,0,0,0,100,0,0
30,egress,40,S29,5,switch,53,191.77,0,67.6237,0,0,0,100,0,0
30,egress,41,S49,6,terminal,82,1000,0,21.1268,0,0,0,100,0,0
30,egress,42,S20,0,switch,39,264.967,0,24.9583,0,0,0,100,0,0
30,egress,42,S20,1,switch,32,241.877,0,25.2343,0,0,0,100,0,0
30,egress,42,S20,2,switch,3,251.806,0,45.0454,0,0,0,100,0,0
30,egress,42,S20,3,switch,14,182.917,0,39.448,0,0,0,100,0,0
30,egress,42,S20,4,switch,10,119.666,0,39.6153,0,0,0,100,0,0
30,egress,42,S20,5,terminal,84,1000,0,75.4269,0,0,0,100,0,0
30,egress,42,S20,6,terminal,85,1000,0,88.8246,0,0,0,100,0,0
30,egress,43,S22,3,switch,44,274.638,0,25.1727,0,0,0,100,0,0
30,egress,43,S22,4,switch,45,155.693,0,64.0173,0,0,0,100,0,0
30,egress,43,S22,5,terminal,86,1000,0,65.698,0,0,0,100,0,0
30,egress,43,S22,6,terminal,87,1000,0,25.0911,0,0,0,100,0,0
30,egress,44,S23,2,terminal,88,1000,0,9.63165,0,0,0,100,0,0
30,egress,44,S23,3,terminal,89,1000,0,20.8544,0,0,0,100,0,0
30,egress,45,S28,0,switch,15,170.054,0,40.6991,0,0,0,100,0,0
30,egress,45,S28,1,switch,27,280.654,0,21.0379,0,0,0,100,0,0
30,egress,45,S28,2,switch,43,227.415,0,42.0387,0,0,0,100,0,0
30,egress,45,S28,5,switch,18,198.318,0,44.2363,0,0,0,100,0,0
30,egress,45,S28,8,terminal,91,1000,0,19.7074,0,0,0,100,0,0
30,egress,46,S24,4,terminal,92,1000,0,24.9583,0,0,0,100,0,0
30,egress,46,S24,5,terminal,93,1000,0,24.9583,0,0,0,100,0,0
30,egress,47,S25,0,switch,46,291.732,0,49.9166,0,0,0,100,0,0
30,egress,48,S50,1,switch,41,183.344,0,21.1267,0,0,0,100,0,0
30,egress,49,S26,0,switch,43,126.404,0,94.8347,0,0,0,100,0,0
30,egress,49,S26,1,switch,47,132.828,0,49.9166,0,0,0,100,0,0
30,egress,49,S26,4,terminal,99,1000,0,32.0368,0,0,0,100,0,0
30,egress,5,S63,4,terminal,11,1000,0,99.7076,0,0,0,100,0,0
30,egress,50,S38,5,switch,57,190.285,0,25.1728,0,0,0,100,0,0
30,egress,51,S48,0,switch,57,201.033,0,52.6486,0,0,0,100,0,0
30,egress,52,S30,0,switch,28,196.927,0,140.648,0,0,0,100,0,0
30,egress,52,S30,4,terminal,104,1000,0,25.1727,0,0,0,100,0,0
30,egress,53,S55,0,switch,15,170.836,0,21.9207,0,0,0,100,0,0
30,egress,53,S55,3,switch,62,149.788,0,22.3955,0,0,0,100,0,0
30,egress,53,S55,5,terminal,106,1000,0,45.9817,0,0,0,100,0,0
30,egress,54,S31,0,switch,52,115.713,0,47.7542,0,0,0,100,0,0
30,egress,55,S60,0,switch,44,280.017,0,8.01191,0,0,0,100,0,0
30,egress,57,S47,0,switch,52,179.939,0,110.574,0,0,0,100,0,0
30,egress,57,S47,5,terminal,115,1000,0,20.8544,0,0,0,100,0,0
30,egress,58,S51,4,switch,62,214.158,0,8.57505,0,0,0,100,0,0
30,egress,59,S41,0,switch,13,132.99,0,27.7464,0,0,0,100,0,0
30,egress,6,S02,0,switch,1,138.732,0,129.12,0,0,0,100,0,0
30,egress,6,S02,0,switch,1,138.732,6.85809,6.85809,0,6.85809,0,100,0,0
30,egress,60,S44,0,switch,18,203.923,0,52.2121,0,0,0,100,0,0
30,egress,60,S44,2,terminal,120,1000,0,35.1344,0,0,0,100,0,0
30,egress,61,S46,1,switch,57,199.213,0,68.266,0,0,0,100,0,0
30,egress,61,S46,3,terminal,123,1000,0,50.4075,0,0,0,100,0,0
30,egress,62,S56,0,switch,53,164.993,0,10.9452,0,0,0,100,0,0
30,egress,62,S56,2,terminal,124,1000,0,25.1727,0,0,0,100,0,0
30,egress,62,S56,3,terminal,125,1000,0,60.5305,0,0,0,100,0,0
30,egress,63,S54,3,terminal,126,1000,0,26.3139,0,0,0,100,0,0
30,egress,7,S45,0,switch,27,292,0,16.6003,0,0,0,100,0,0
30,egress,7,S45,2,switch,61,100.666,0,65.667,0,0,0,100,0,0
30,egress,7,S45,4,terminal,15,1000,0,27.998,0,0,0,100,0,0
30,egress,8,S52,3,switch,21,105.455,0,27.9841,0,0,0,100,0,0
30,egress,9,S59,5,terminal,18,1000,0,8.41798,0,0,0,100,0,0
30,egress,9,S59,6,terminal,19,1000,0,9.63165,0,0,0,100,0,0
31,egress,0,S00,1,switch,2,106.121,0,52.6599,0,0,0,100,0,0
31,egress,1,S01,0,switch,0,159.728,0,29.118,0,0,0,100,0,0
31,egress,1,S01,2,switch,7,132.025,0,29.118,0,0,0,100,0,0
31,egress,1,S01,3,switch,8,206.324,0,29.118,0,0,0,100,0,0
31,egress,1,S01,5,switch,10,221.678,0,29.118,0,0,0,100,0,0
31,egress,1,S01,6,terminal,2,1000,0,19.5065,0,0,0,100,0,0
31,egress,1,S01,7,terminal,3,1000,0,16.9819,0,0,0,100,0,0
31,egress,10,S61,0,switch,1,227.172,0,16.8978,0,0,0,100,0,0
31,egress,10,S61,2,switch,42,279.867,0,27.7576,0,0,0,100,0,0
31,egress,10,S61,3,switch,48,228.478,0,21.1267,0,0,0,100,0,0
31,egress,10,S61,4,switch,55,207.652,0,8.44891,0,0,0,100,0,0
31,egress,10,S61,5,switch,31,158.461,0,64.962,0,0,0,100,0,0
31,egress,10,S61,6,terminal,20,1000,0,8.44891,0,0,0,100,0,0
31,egress,11,S03,4,terminal,22,1000,0,19.7074,0,0,0,100,0,0
31,egress,11,S03,5,terminal,23,1000,0,33.8093,0,0,0,100,0,0
31,egress,12,S04,1,switch,11,186.587,0,8.49096,0,0,0,100,0,0
31,egress,12,S04,3,switch,16,118.797,0,16.8586,0,0,0,100,0,0
31,egress,12,S04,4,switch,17,249.248,0,16.8586,0,0,0,100,0,0
31,egress,12,S04,5,switch,18,178.427,0,33.7172,0,0,0,100,0,0
31,egress,12,S04,7,terminal,25,1000,0,40.8252,0,0,0,100,0,0
31,egress,13,S40,0,switch,6,162.644,0,27.7464,0,0,0,100,0,0
31,egress,13,S40,1,switch,52,151.023,0,20.7817,0,0,0,100,0,0
31,egress,13,S40,2,switch,50,160.169,0,26.4841,0,0,0,100,0,0
31,egress,14,S58,0,switch,11,169.38,0,39.448,0,0,0,100,0,0
31,egress,14,S58,1,switch,42,232.511,0,29.385,0,0,0,100,0,0
31,egress,15,S05,0,switch,12,134.869,0,104.953,0,0,0,100,0,0
31,egress,15,S05,1,switch,19,212.416,0,47.9857,0,0,0,100,0,0
31,egress,15,S05,3,switch,21,137.945,0,16.8978,0,0,0,100,0,0
31,egress,15,S05,4,terminal,30,1000,0,49.148,0,0,0,100,0,0
31,egress,15,S05,5,terminal,31,1000,0,35.6173,0,0,0,100,0,0
31,egress,16,S11,1,switch,2,104.704,0,16.8586,0,0,0,100,0,0
31,egress,16,S11,4,terminal,33,1000,0,15.4756,0,0,0,100,0,0
31,egress,17,S35,3,terminal,34,1000,0,13.756,0,0,0,100,0,0
31,egress,17,S35,4,terminal,35,1000,0,16.8586,0,0,0,100,0,0
31,egress,18,S43,0,switch,38,157.659,0,130.22,0,0,0,100,0,0
31,egress,18,S43,1,switch,60,132.709,0,44.2363,0,0,0,100,0,0
31,egress,18,S43,2,terminal,36,1000,0,16.8586,0,0,0,100,0,0
31,egress,19,S06,0,switch,15,170.98,0,59.094,0,0,0,100,0,0
31,egress,19,S06,2,switch,23,267,0,8.44707,0,0,0,100,0,0
31,egress,19,S06,3,switch,10,169.014,0,80.2563,0,0,0,100,0,0
31,egress,19,S06,5,terminal,39,1000,0,56.4328,0,0,0,100,0,0
31,egress,2,S10,0,switch,27,137.994,0,13.6994,0,0,0,100,0,0
31,egress,2,S10,2,terminal,4,1000,0,43.6265,0,0,0,100,0,0
31,egress,2,S10,3,terminal,5,1000,0,24.9583,0,0,0,100,0,0
31,egress,20,S15,0,switch,15,112.83,0,97.9595,0,0,0,100,0,0
31,egress,20,S15,1,switch,28,153.051,0,17.071,0,0,0,100,0,0
31,egress,20,S15,2,switch,30,254.167,0,22.735,0,0,0,100,0,0
31,egress,20,S15,4,switch,32,143.593,0,36.794,0,0,0,100,0,0
31,egress,20,S15,6,switch,13,232.721,0,37.0016,0,0,0,100,0,0
31,egress,20,S15,7,switch,34,204.798,0,165.391,0,0,0,100,0,0
31,egress,20,S15,8,terminal,40,1000,0,30.6419,0,0,0,100,0,0
31,egress,21,S53,3,switch,63,178.955,0,27.9841,0,0,0,100,0,0
31,egress,21,S53,4,switch,9,122.206,0,16.9562,0,0,0,100,0,0
31,egress,21,S53,6,terminal,43,1000,0,22.5227,0,0,0,100,0,0
31,egress,22,S07,0,switch,19,118.259,0,20.691,97.568,0,97.568,100,0,14
31,egress,22,S07,0,switch,19,118.259,97.568,97.568,0,97.568,0,100,0,0
31,egress,22,S07,2,switch,25,128.19,0,70.7379,0,0,0,100,0,0
31,egress,22,S07,3,switch,26,124.406,0,13.6994,0,0,0,100,0,0
31,egress,22,S07,5,terminal,45,1000,0,14.9135,0,0,0,100,0,0
31,egress,23,S39,4,switch,58,247.444,0,8.44891,0,0,0,100,0,0
31,egress,24,S08,0,switch,22,182.424,0,154.9,0,0,0,100,0,0
31,egress,24,S08,2,terminal,48,1000,0,15.1555,0,0,0,100,0,0
31,egress,25,S16,1,switch,20,119.9,0,106.313,0.396371,0,0.396371,100,0,2
31,egress,25,S16,1,switch,20,119.9,13.5869,13.5869,0,13.5869,0,100,0,0
31,egress,25,S16,2,switch,35,135.775,0,13.6375,0,0.396371,0.396371,100,0,0
31,egress,25,S16,4,terminal,51,1000,0,27.5975,0,0,0,100,0,0
31,egress,26,S33,0,switch,3,174.708,0,77.1867,0,0,0,100,0,0
31,egress,27,S09,0,switch,24,129.629,0,109.33,0,0,0,100,0,0
31,egress,28,S12,0,switch,16,293.496,0,15.5591,0,0,0,100,0,0
31,egress,28,S12,1,switch,29,167.904,0,32.9031,0,0,0,100,0,0
31,egress,28,S12,2,switch,20,296.117,0,141.877,0,0,0,100,0,0
31,egress,29,S13,3,switch,30,295.76,0,34.3082,0,0,0,100,0,0
31,egress,29,S13,7,terminal,59,1000,0,8.54948,0,0,0,100,0,0
31,egress,3,S27,0,switch,0,119.129,0,19.4777,0,0,0,100,0,0
31,egress,3,S27,1,switch,42,234.552,0,49.9166,0,0,0,100,0,0
31,egress,3,S27,2,switch,49,266.441,0,84.7687,0,0,0,100,0,0
31,egress,3,S27,6,terminal,7,1000,0,22.5227,0,0,0,100,0,0
31,egress,30,S14,1,switch,20,100.691,0,67.29,0,0,0,100,0,0
31,egress,30,S14,1,switch,20,100.691,1.04685,1.04685,0,1.04685,0,100,0,0
31,egress,30,S14,3,terminal,60,1000,0,15.5591,0,0,0,100,0,0
31,egress,30,S14,4,terminal,61,1000,0,84.6145,0,0,0,100,0,0
31,egress,31,S62,0,switch,29,171.288,0,8.49096,0,0,0,100,0,0
31,egress,31,S62,1,switch,30,134.823,0,104.675,0,0,0,100,0,0
31,egress,31,S62,4,terminal,62,1000,0,8.49096,0,0,0,100,0,0
31,egress,31,S62,5,terminal,63,1000,0,8.49096,0,0,0,100,0,0
31,egress,32,S21,1,switch,43,261.425,0,51.9469,0,0,0,100,0,0
31,egress,32,S21,4,terminal,65,1000,0,15.5591,0,0,0,100,0,0
31,egress,33,S34,0,switch,26,235.741,0,28.9291,0,0,0,100,0,0
31,egress,34,S57,0,switch,20,180.835,0,33.7307,0,0,0,100,0,0
31,egress,34,S57,1,switch,62,192.101,0,26.7126,0,0,0,100,0,0
31,egress,34,S57,3,terminal,68,1000,0,90.1185,0,0,0,100,0,0
31,egress,34,S57,4,terminal,69,1000,0,29.4402,0,0,0,100,0,0
31,egress,35,S17,0,switch,25,277.107,0,34.5294,0,0,0,100,0,0
31,egress,35,S17,1,switch,36,182.906,0,12.3294,0,0,0,100,0,0
31,egress,36,S18,5,terminal,73,1000,0,12.3295,0,0,0,100,0,0
31,egress,38,S42,0,switch,42,176.64,0,52.4316,0,0,0,100,0,0
31,egress,38,S42,1,switch,40,122.733,0,74.7366,0,0,0,100,0,0
31,egress,38,S42,5,terminal,77,1000,0,16.8586,0,0,0,100,0,0
31,egress,39,S19,2,terminal,78,1000,0,24.9583,0,0,0,100,0,0
31,egress,40,S29,1,switch,45,131.396,0,22.5227,0,0,0,100,0,0
31,egress,40,S29,4,switch,21,163.928,0,22.5227,0,0,0,100,0,0
31,egress,40,S29,5,switch,53,191.77,0,22.5227,0,0,0,100,0,0
31,egress,41,S49,6,terminal,82,1000,0,21.1267,0,0,0,100,0,0
31,egress,42,S20,0,switch,39,264.967,0,24.9583,0,0,0,100,0,0
31,egress,42,S20,1,switch,32,241.877,0,14.4192,0,0,0,100,0,0
31,egress,42,S20,2,switch,3,251.806,0,31.5594,0,0,0,100,0,0
31,egress,42,S20,3,switch,14,182.917,0,22.5227,0,0,0,100,0,0
31,egress,42,S20,4,switch,10,119.666,0,39.6153,0,0,0,100,0,0
31,egress,42,S20,5,terminal,84,1000,0,74.5142,0,0,0,100,0,0
31,egress,42,S20,6,terminal,85,1000,0,88.9323,0,0,0,100,0,0
31,egress,43,S22,3,switch,44,274.638,0,26.3745,0,0,0,100,0,0
31,egress,43,S22,4,switch,45,155.693,0,94.8347,0,0,0,100,0,0
31,egress,43,S22,5,terminal,86,1000,0,42.0387,0,0,0,100,0,0
31,egress,43,S22,6,terminal,87,1000,0,25.2343,0,0,0,100,0,0
31,egress,44,S23,2,terminal,88,1000,0,8.01191,0,0,0,100,0,0
31,egress,44,S23,3,terminal,89,1000,0,25.1727,0,0,0,100,0,0
31,egress,45,S28,1,switch,27,280.654,0,18.2176,0,0,0,100,0,0
31,egress,45,S28,5,switch,18,198.318,0,45.7997,0,0,0,100,0,0
31,egress,45,S28,8,terminal,91,1000,0,22.3949,0,0,0,100,0,0
31,egress,46,S24,4,terminal,92,1000,0,24.9583,0,0,0,100,0,0
31,egress,46,S24,5,terminal,93,1000,0,24.9583,0,0,0,100,0,0
31,egress,47,S25,0,switch,46,291.732,0,49.9166,0,0,0,100,0,0
31,egress,48,S50,1,switch,41,183.344,0,21.1267,0,0,0,100,0,0
31,egress,49,S26,0,switch,43,126.404,0,65.6442,0,0,0,100,0,0
31,egress,49,S26,1,switch,47,132.828,0,49.9166,0,0,0,100,0,0
31,egress,49,S26,4,terminal,99,1000,0,34.7249,0,0,0,100,0,0
31,egress,5,S63,4,terminal,11,1000,0,7.21321,0,0,0,100,0,0
31,egress,50,S38,5,switch,57,190.285,0,21.5675,0,0,0,100,0,0
31,egress,52,S30,0,switch,28,196.927,0,158.329,0,0,0,100,0,0
31,egress,52,S30,4,terminal,104,1000,0,26.3745,0,0,0,100,0,0
31,egress,53,S55,0,switch,15,170.836,0,10.9452,0,0,0,100,0,0
31,egress,53,S55,3,switch,62,149.788,0,22.5227,0,0,0,100,0,0
31,egress,53,S55,5,terminal,106,1000,0,45.101,0,0,0,100,0,0
31,egress,54,S31,0,switch,52,115.713,0,47.9857,0,0,0,100,0,0
31,egress,55,S60,0,switch,44,280.017,0,8.46528,0,0,0,100,0,0
31,egress,57,S47,0,switch,52,179.939,0,120.915,0,0,0,100,0,0
31,egress,57,S47,5,terminal,115,1000,0,25.1728,0,0,0,100,0,0
31,egress,58,S51,4,switch,62,214.158,0,8.49096,0,0,0,100,0,0
31,egress,59,S41,0,switch,13,132.99,0,34.3667,0,0,0,100,0,0
31,egress,6,S02,0,switch,1,138.732,0,117.735,0,0,0,100,0,0
31,egress,60,S44,0,switch,18,203.923,0,52.553,0,0,0,100,0,0
31,egress,60,S44,2,terminal,120,1000,0,43.8231,0,0,0,100,0,0
31,egress,61,S46,1,switch,57,199.213,0,65.6898,0,0,0,100,0,0
31,egress,61,S46,3,terminal,123,1000,0,65.667,0,0,0,100,0,0
31,egress,62,S56,2,terminal,124,1000,0,26.3745,0,0,0,100,0,0
31,egress,62,S56,3,terminal,125,1000,0,30.9705,0,0,0,100,0,0
31,egress,63,S54,3,terminal,126,1000,0,27.8763,0,0,0,100,0,0
31,egress,7,S45,0,switch,27,292,0,8.44707,0,0,0,100,0,0
31,egress,7,S45,2,switch,61,100.666,0,50.1433,0,0,0,100,0,0
31,egress,7,S45,4,terminal,15,1000,0,27.7576,0,0,0,100,0,0
31,egress,8,S52,3,switch,21,105.455,0,27.7576,0,0,0,100,0,0
31,egress,9,S59,5,terminal,18,1000,0,8.57505,0,0,0,100,0,0
31,egress,9,S59,6,terminal,19,1000,0,8.01191,0,0,0,100,0,0
32,egress,0,S00,1,switch,2,106.121,0,48.5957,0,0,0,100,0,0
32,egress,1,S01,0,switch,0,159.728,0,27.7464,0,0,0,100,0,0
32,egress,1,S01,2,switch,7,132.025,0,21.2496,0,0,0,100,0,0
32,egress,1,S01,3,switch,8,206.324,0,34.3695,0,0,0,100,0,0
32,egress,1,S01,5,switch,10,221.678,0,34.3695,0,0,0,100,0,0
32,egress,1,S01,7,terminal,3,1000,0,16.8978,0,0,0,100,0,0
32,egress,10,S61,0,switch,1,227.172,0,16.8941,0,0,0,100,0,0
32,egress,10,S61,2,switch,42,279.867,0,29.118,0,0,0,100,0,0
32,egress,10,S61,3,switch,48,228.478,0,21.1267,0,0,0,100,0,0
32,egress,10,S61,4,switch,55,207.652,0,8.44707,0,0,0,100,0,0
32,egress,10,S61,5,switch,31,158.461,0,64.9565,0,0,0,100,0,0
32,egress,10,S61,6,terminal,20,1000,0,8.44707,0,0,0,100,0,0
32,egress,11,S03,4,terminal,22,1000,0,22.3949,0,0,0,100,0,0
32,egress,11,S03,5,terminal,23,1000,0,25.544,0,0,0,100,0,0
32,egress,12,S04,1,switch,11,186.587,0,8.44891,0,0,0,100,0,0
32,egress,12,S04,3,switch,16,118.797,0,16.8586,0,0,0,100,0,0
32,egress,12,S04,4,switch,17,249.248,0,16.8586,0,0,0,100,0,0
32,egress,12,S04,5,switch,18,178.427,0,33.7172,0,0,0,100,0,0
32,egress,12,S04,7,terminal,25,1000,0,29.0701,0,0,0,100,0,0
32,egress,13,S40,0,switch,6,162.644,0,34.3667,0,0,0,100,0,0
32,egress,13,S40,2,switch,50,160.169,0,37.0016,0,0,0,100,0,0
32,egress,14,S58,0,switch,11,169.38,0,22.5227,0,0,0,100,0,0
32,egress,15,S05,0,switch,12,134.869,0,100.085,0,0,0,100,0,0
32,egress,15,S05,1,switch,19,212.416,0,47.9857,0,0,0,100,0,0
32,egress,15,S05,3,switch,21,137.945,0,16.8941,0,0,0,100,0,0
32,egress,15,S05,4,terminal,30,1000,0,8.44707,0,0,0,100,0,0
32,egress,15,S05,5,terminal,31,1000,0,32.9028,0,0,0,100,0,0
32,egress,16,S11,1,switch,2,104.704,0,16.8586,0,0,0,100,0,0
32,egress,16,S11,4,terminal,33,1000,0,15.5591,0,0,0,100,0,0
32,egress,17,S35,4,terminal,35,1000,0,16.8586,0,0,0,100,0,0
32,egress,18,S43,0,switch,38,157.659,0,132,0,0,0,100,0,0
32,egress,18,S43,1,switch,60,132.709,0,45.7997,0,0,0,100,0,0
32,egress,18,S43,2,terminal,36,1000,0,16.8586,0,0,0,100,0,0
32,egress,19,S06,0,switch,15,170.98,0,61.393,0,0,0,100,0,0
32,egress,19,S06,2,switch,23,267,0,8.44707,0,0,0,100,0,0
32,egress,19,S06,3,switch,10,169.014,0,80.2562,0,0,0,100,0,0
32,egress,19,S06,5,terminal,39,1000,0,56.4328,0,0,0,100,0,0
32,egress,2,S10,0,switch,27,137.994,0,13.6994,0,0,0,100,0,0
32,egress,2,S10,2,terminal,4,1000,0,44.5603,0,0,0,100,0,0
32,egress,2,S10,3,terminal,5,1000,0,24.9583,0,0,0,100,0,0
32,egress,20,S15,0,switch,15,112.83,0,93.5246,0,0,0,100,0,0
32,egress,20,S15,1,switch,28,153.051,0,17.364,0,0,0,100,0,0
32,egress,20,S15,2,switch,30,254.167,0,19.253,0,0,0,100,0,0
32,egress,20,S15,4,switch,32,143.593,0,19.253,0,0,0,100,0,0
32,egress,20,S15,6,switch,13,232.721,0,33.1827,0,0,0,100,0,0
32,egress,20,S15,7,switch,34,204.798,0,163.904,0,0,0,100,0,0
32,egress,20,S15,8,terminal,40,1000,0,17.364,0,0,0,100,0,0
32,egress,21,S53,3,switch,63,178.955,0,27.7576,0,0,0,100,0,0
32,egress,21,S53,4,switch,9,122.206,0,16.8978,0,0,0,100,0,0
32,egress,21,S53,6,terminal,43,1000,0,22.5227,0,0,0,100,0,0
32,egress,22,S07,0,switch,19,118.259,0,20.691,97.568,0,97.568,100,0,14
32,egress,22,S07,0,switch,19,118.259,97.568,97.568,0,97.568,0,100,0,0
32,egress,22,S07,2,switch,25,128.19,0,68.372,0,97.568,97.568,100,0,0
32,egress,22,S07,3,switch,26,124.406,0,13.6994,0,0,0,100,0,0
32,egress,22,S07,5,terminal,45,1000,0,13.6994,0,97.568,97.568,100,0,0
32,egress,23,S39,4,switch,58,247.444,0,8.44707,0,0,0,100,0,0
32,egress,24,S08,0,switch,22,182.424,0,149.479,0,0,0,100,0,0
32,egress,24,S08,2,terminal,48,1000,0,21.0379,0,0,0,100,0,0
32,egress,25,S16,1,switch,20,119.9,0,97.3099,0,0,0,100,0,0
32,egress,25,S16,1,switch,20,119.9,0.396371,0.396371,0,0.396371,0,100,0,0
32,egress,25,S16,2,switch,35,135.775,0,13.6994,0,0,0,100,0,0
32,egress,25,S16,4,terminal,51,1000,0,28.5193,0,0,0,100,0,0
32,egress,26,S33,0,switch,3,174.708,0,85.6475,0,0,0,100,0,0
32,egress,27,S09,0,switch,24,129.629,0,98.3564,0,0,0,100,0,0
32,egress,28,S12,0,switch,16,293.496,0,17.071,0,0,0,100,0,0
32,egress,28,S12,1,switch,29,167.904,0,42.428,0,0,0,100,0,0
32,egress,28,S12,2,switch,20,296.117,0,122.783,0,0,0,100,0,0
32,egress,29,S13,3,switch,30,295.76,0,32.9031,0,0,0,100,0,0
32,egress,29,S13,7,terminal,59,1000,0,8.49096,0,0,0,100,0,0
32,egress,3,S27,1,switch,42,234.552,0,26.3729,0,0,0,100,0,0
32,egress,3,S27,2,switch,49,266.441,0,73.3365,0,0,0,100,0,0
32,egress,3,S27,6,terminal,7,1000,0,9.03668,0,0,0,100,0,0
32,egress,30,S14,1,switch,20,100.691,0,99.1931,0,0,0,100,0,0
32,egress,30,S14,3,terminal,60,1000,0,17.071,0,0,0,100,0,0
32,egress,30,S14,4,terminal,61,1000,0,79.5875,0,0,0,100,0,0
32,egress,31,S62,0,switch,29,171.288,0,8.44891,0,0,0,100,0,0
32,egress,31,S62,1,switch,30,134.823,0,106.173,0,0,0,100,0,0
32,egress,31,S62,4,terminal,62,1000,0,8.44891,0,0,0,100,0,0
32,egress,31,S62,5,terminal,63,1000,0,8.44891,0,0,0,100,0,0
32,egress,32,S21,1,switch,43,261.425,0,34.1422,0,0,0,100,0,0
32,egress,32,S21,4,terminal,65,1000,0,17.071,0,0,0,100,0,0
32,egress,33,S34,0,switch,26,235.741,0,5.71745,0,0,0,100,0,0
32,egress,34,S57,1,switch,62,192.101,0,43.9664,0,0,0,100,0,0
32,egress,34,S57,3,terminal,68,1000,0,92.2194,0,0,0,100,0,0
32,egress,34,S57,4,terminal,69,1000,0,29.2056,0,0,0,100,0,0
32,egress,35,S17,0,switch,25,277.107,0,18.7318,0,0,0,100,0,0
32,egress,35,S17,1,switch,36,182.906,0,13.6375,0,0,0,100,0,0
32,egress,36,S18,5,terminal,73,1000,0,12.3294,0,0,0,100,0,0
32,egress,38,S42,0,switch,42,176.64,0,52.3824,0,0,0,100,0,0
32,egress,38,S42,1,switch,40,122.733,0,60.9786,0,0,0,100,0,0
32,egress,38,S42,5,terminal,77,1000,0,16.8586,0,0,0,100,0,0
32,egress,39,S19,2,terminal,78,1000,0,24.9583,0,0,0,100,0,0
32,egress,40,S29,1,switch,45,131.396,0,22.5227,0,0,0,100,0,0
32,egress,40,S29,4,switch,21,163.928,0,26.1069,0,0,0,100,0,0
32,egress,40,S29,5,switch,53,191.77,0,26.1069,0,0,0,100,0,0
32,egress,41,S49,6,terminal,82,1000,0,21.1267,0,0,0,100,0,0
32,egress,42,S20,0,switch,39,264.967,0,24.9583,0,0,0,100,0,0
32,egress,42,S20,2,switch,3,251.806,0,26.1066,0,0,0,100,0,0
32,egress,42,S20,3,switch,14,182.917,0,22.5227,0,0,0,100,0,0
32,egress,42,S20,4,switch,10,119.666,0,17.9884,0,0,0,100,0,0
32,egress,42,S20,5,terminal,84,1000,0,28.7606,0,0,0,100,0,0
32,egress,42,S20,6,terminal,85,1000,0,57.1426,0,0,0,100,0,0
32,egress,43,S22,3,switch,44,274.638,0,26.7126,0,0,0,100,0,0
32,egress,43,S22,4,switch,45,155.693,0,65.6442,0,0,0,100,0,0
32,egress,43,S22,6,terminal,87,1000,0,25.2343,0,0,0,100,0,0
32,egress,44,S23,2,terminal,88,1000,0,8.46528,0,0,0,100,0,0
32,egress,44,S23,3,terminal,89,1000,0,26.3745,0,0,0,100,0,0
32,egress,45,S28,1,switch,27,280.654,0,35.7908,0,0,0,100,0,0
32,egress,45,S28,5,switch,18,198.318,0,59.0438,0,0,0,100,0,0
32,egress,45,S28,8,terminal,91,1000,0,22.5227,0,0,0,100,0,0
32,egress,46,S24,4,terminal,92,1000,0,24.9583,0,0,0,100,0,0
32,egress,46,S24,5,terminal,93,1000,0,24.9583,0,0,0,100,0,0
32,egress,47,S25,0,switch,46,291.732,0,49.9166,0,0,0,100,0,0
32,egress,48,S50,1,switch,41,183.344,0,21.1267,0,0,0,100,0,0
32,egress,49,S26,0,switch,43,126.404,0,13.2764,0,0,0,100,0,0
32,egress,49,S26,1,switch,47,132.828,0,49.9166,0,0,0,100,0,0
32,egress,49,S26,4,terminal,99,1000,0,34.8522,0,0,0,100,0,0
32,egress,50,S38,5,switch,57,190.285,0,26.4841,0,0,0,100,0,0
32,egress,52,S30,0,switch,28,196.927,0,168.9,0,0,0,100,0,0
32,egress,52,S30,4,terminal,104,1000,0,20.7817,0,0,0,100,0,0
32,egress,53,S55,3,switch,62,149.788,0,22.5227,0,0,0,100,0,0
32,egress,54,S31,0,switch,52,115.713,0,40.6738,0,0,0,100,0,0
32,egress,55,S60,0,switch,44,280.017,0,8.44891,0,0,0,100,0,0
32,egress,57,S47,0,switch,52,179.939,0,65.6898,0,0,0,100,0,0
32,egress,57,S47,5,terminal,115,1000,0,21.5675,0,0,0,100,0,0
32,egress,58,S51,4,switch,62,214.158,0,8.44891,0,0,0,100,0,0
32,egress,59,S41,0,switch,13,132.99,0,45.7168,0,0,0,100,0,0
32,egress,6,S02,0,switch,1,138.732,0,48.9933,0,0,0,100,0,0
32,egress,60,S44,0,switch,18,203.923,0,62.5864,0,0,0,100,0,0
32,egress,60,S44,2,terminal,120,1000,0,44.2363,0,0,0,100,0,0
32,egress,61,S46,3,terminal,123,1000,0,50.1433,0,0,0,100,0,0
32,egress,62,S56,2,terminal,124,1000,0,26.7126,0,0,0,100,0,0
32,egress,62,S56,3,terminal,125,1000,0,31.0137,0,0,0,100,0,0
32,egress,63,S54,3,terminal,126,1000,0,27.9841,0,0,0,100,0,0
32,egress,7,S45,0,switch,27,292,0,8.44707,0,0,0,100,0,0
32,egress,7,S45,4,terminal,15,1000,0,29.118,0,0,0,100,0,0
32,egress,8,S52,3,switch,21,105.455,0,29.118,0,0,0,100,0,0
32,egress,9,S59,5,terminal,18,1000,0,8.49096,0,0,0,100,0,0
32,egress,9,S59,6,terminal,19,1000,0,8.46528,0,0,0,100,0,0
33,egress,0,S00,1,switch,2,106.121,0,27.7464,0,0,0,100,0,0
33,egress,1,S01,0,switch,0,159.728,0,27.7464,0,0,0,100,0,0
33,egress,1,S01,3,switch,8,206.324,0,9.43169,0,0,0,100,0,0
33,egress,1,S01,5,switch,10,221.678,0,11.8152,0,0,0,100,0,0
33,egress,1,S01,7,terminal,3,1000,0,16.8941,0,0,0,100,0,0
33,egress,10,S61,0,switch,1,227.172,0,16.8941,0,0,0,100,0,0
33,egress,10,S61,2,switch,42,279.867,0,34.3695,0,0,0,100,0,0
33,egress,10,S61,3,switch,48,228.478,0,21.1267,0,0,0,100,0,0
33,egress,10,S61,4,switch,55,207.652,0,8.44707,0,0,0,100,0,0
33,egress,10,S61,5,switch,31,158.461,0,43.3296,0,0,0,100,0,0
33,egress,10,S61,6,terminal,20,1000,0,8.44707,0,0,0,100,0,0
33,egress,11,S03,4,terminal,22,1000,0,22.5227,0,0,0,100,0,0
33,egress,11,S03,5,terminal,23,1000,0,8.44891,0,0,0,100,0,0
33,egress,12,S04,1,switch,11,186.587,0,8.44707,0,0,0,100,0,0
33,egress,12,S04,3,switch,16,118.797,0,10.9452,0,0,0,100,0,0
33,egress,12,S04,4,switch,17,249.248,0,19.1581,0,0,0,100,0,0
33,egress,12,S04,5,switch,18,178.427,0,36.0168,0,0,0,100,0,0
33,egress,12,S04,7,terminal,25,1000,0,25.5181,0,0,0,100,0,0
33,egress,13,S40,0,switch,6,162.644,0,45.7168,0,0,0,100,0,0
33,egress,13,S40,2,switch,50,160.169,0,33.1827,0,0,0,100,0,0
33,egress,14,S58,0,switch,11,169.38,0,22.5227,0,0,0,100,0,0
33,egress,15,S05,0,switch,12,134.869,0,98.0818,0,0,0,100,0,0
33,egress,15,S05,1,switch,19,212.416,0,33.7307,0,0,0,100,0,0
33,egress,15,S05,3,switch,21,137.945,0,16.8941,0,0,0,100,0,0
33,egress,15,S05,4,terminal,30,1000,0,8.44707,0,0,0,100,0,0
33,egress,15,S05,5,terminal,31,1000,0,42.43,0,0,0,100,0,0
33,egress,16,S11,1,switch,2,104.704,0,16.8586,0,0,0,100,0,0
33,egress,16,S11,4,terminal,33,1000,0,17.071,0,0,0,100,0,0
33,egress,17,S35,4,terminal,35,1000,0,16.8586,0,0,0,100,0,0
33,egress,18,S43,0,switch,38,157.659,0,113.688,0,0,0,100,0,0
33,egress,18,S43,1,switch,60,132.709,0,59.0438,0,0,0,100,0,0
33,egress,18,S43,2,terminal,36,1000,0,16.8586,0,0,0,100,0,0
33,egress,19,S06,0,switch,15,170.98,0,62.2621,0,0,0,100,0,0
33,egress,19,S06,2,switch,23,267,0,8.44707,0,0,0,100,0,0
33,egress,19,S06,3,switch,10,169.014,0,80.2562,0,0,0,100,0,0
33,egress,19,S06,5,terminal,39,1000,0,56.4328,0,0,0,100,0,0
33,egress,2,S10,0,switch,27,137.994,0,15.3337,0,0,0,100,0,0
33,egress,2,S10,2,terminal,4,1000,0,45.9766,0,0,0,100,0,0
33,egress,2,S10,3,terminal,5,1000,0,19.4777,0,0,0,100,0,0
33,egress,20,S15,0,switch,15,112.83,0,64.5279,0,0,0,100,0,0
33,egress,20,S15,1,switch,28,153.051,0,17.0743,0,0,0,100,0,0
33,egress,20,S15,2,switch,30,254.167,0,17.3288,0,0,0,100,0,0
33,egress,20,S15,4,switch,32,143.593,0,17.3288,0,0,0,100,0,0
33,egress,20,S15,6,switch,13,232.721,0,65.0601,0,0,0,100,0,0
33,egress,20,S15,7,switch,34,204.798,0,137.682,0,0,0,100,0,0
33,egress,20,S15,8,terminal,40,1000,0,0.681404,0,0,0,100,0,0
33,egress,21,S53,3,switch,63,178.955,0,29.118,0,0,0,100,0,0
33,egress,21,S53,4,switch,9,122.206,0,16.8941,0,0,0,100,0,0
33,egress,21,S53,6,terminal,43,1000,0,26.1069,0,0,0,100,0,0
33,egress,22,S07,0,switch,19,118.259,0,20.691,97.568,0,97.568,100,0,14
33,egress,22,S07,0,switch,19,118.259,97.568,97.568,0,97.568,0,100,0,0
33,egress,22,S07,2,switch,25,128.19,0,62.9508,0,97.568,97.568,100,0,0
33,egress,22,S07,3,switch,26,124.406,0,13.6994,0,97.568,97.568,100,0,0
33,egress,22,S07,5,terminal,45,1000,0,13.6994,0,97.568,97.568,100,0,0
33,egress,23,S39,4,switch,58,247.444,0,8.44707,0,0,0,100,0,0
33,egress,24,S08,0,switch,22,182.424,0,144.596,0,0,0,100,0,0
33,egress,24,S08,2,terminal,48,1000,0,18.2176,0,0,0,100,0,0
33,egress,25,S16,1,switch,20,119.9,0,85.7768,0,0,0,100,0,0
33,egress,25,S16,2,switch,35,135.775,0,13.6994,0,0,0,100,0,0
33,egress,25,S16,4,terminal,51,1000,0,27.3363,0,0,0,100,0,0
33,egress,26,S33,0,switch,3,174.708,0,63.0938,0,0,0,100,0,0
33,egress,27,S09,0,switch,24,129.629,0,120.834,0,0,0,100,0,0
33,egress,28,S12,0,switch,16,293.496,0,17.364,0,0,0,100,0,0
33,egress,28,S12,1,switch,29,167.904,0,52.6486,0,0,0,100,0,0
33,egress,28,S12,2,switch,20,296.117,0,116.252,0,0,0,100,0,0
33,egress,29,S13,3,switch,30,295.76,0,42.428,0,0,0,100,0,0
33,egress,29,S13,7,terminal,59,1000,0,8.44891,0,0,0,100,0,0
33,egress,3,S27,1,switch,42,234.552,0,28.9291,0,0,0,100,0,0
33,egress,3,S27,2,switch,49,266.441,0,82.8249,0,0,0,100,0,0
33,egress,30,S14,1,switch,20,100.691,0,100.691,0,0,0,100,0,0
33,egress,30,S14,3,terminal,60,1000,0,19.253,0,0,0,100,0,0
33,egress,30,S14,4,terminal,61,1000,0,72.5184,0,0,0,100,0,0
33,egress,31,S62,0,switch,29,171.288,0,8.44707,0,0,0,100,0,0
33,egress,31,S62,1,switch,30,134.823,0,69.2533,0,0,0,100,0,0
33,egress,31,S62,4,terminal,62,1000,0,8.44707,0,0,0,100,0,0
33,egress,31,S62,5,terminal,63,1000,0,8.44707,0,0,0,100,0,0
33,egress,32,S21,4,terminal,65,1000,0,19.253,0,0,0,100,0,0
33,egress,34,S57,1,switch,62,192.101,0,35.1541,0,0,0,100,0,0
33,egress,34,S57,3,terminal,68,1000,0,96.0923,0,0,0,100,0,0
33,egress,34,S57,4,terminal,69,1000,0,32.6572,0,0,0,100,0,0
33,egress,35,S17,0,switch,25,277.107,0,19.8538,0,0,0,100,0,0
33,egress,35,S17,1,switch,36,182.906,0,13.6994,0,0,0,100,0,0
33,egress,36,S18,5,terminal,73,1000,0,13.6375,0,0,0,100,0,0
33,egress,38,S42,0,switch,42,176.64,0,57.5708,0,0,0,100,0,0
33,egress,38,S42,1,switch,40,122.733,0,57.5708,0,0,0,100,0,0
33,egress,38,S42,5,terminal,77,1000,0,16.8586,0,0,0,100,0,0
33,egress,39,S19,2,terminal,78,1000,0,24.9583,0,0,0,100,0,0
33,egress,40,S29,1,switch,45,131.396,0,26.1062,0,0,0,100,0,0
33,egress,40,S29,4,switch,21,163.928,0,26.2765,0,0,0,100,0,0
33,egress,40,S29,5,switch,53,191.77,0,8.59595,0,0,0,100,0,0
33,egress,41,S49,6,terminal,82,1000,0,21.1267,0,0,0,100,0,0
33,egress,42,S20,0,switch,39,264.967,0,1.41461,0,0,0,100,0,0
33,egress,42,S20,2,switch,3,251.806,0,26.2765,0,0,0,100,0,0
33,egress,42,S20,3,switch,14,182.917,0,26.1059,0,0,0,100,0,0
33,egress,42,S20,5,terminal,84,1000,0,24.9583,0,0,0,100,0,0
33,egress,42,S20,6,terminal,85,1000,0,29.118,0,0,0,100,0,0
33,egress,43,S22,3,switch,44,274.638,0,19.723,0,0,0,100,0,0
33,egress,43,S22,4,switch,45,155.693,0,13.2764,0,0,0,100,0,0
33,egress,43,S22,6,terminal,87,1000,0,14.4192,0,0,0,100,0,0
33,egress,44,S23,2,terminal,88,1000,0,8.44891,0,0,0,100,0,0
33,egress,44,S23,3,terminal,89,1000,0,26.7126,0,0,0,100,0,0
33,egress,45,S28,1,switch,27,280.654,0,35.7908,0,0,0,100,0,0
33,egress,45,S28,5,switch,18,198.318,0,29.8534,0,0,0,100,0,0
33,egress,45,S28,8,terminal,91,1000,0,22.5227,0,0,0,100,0,0
33,egress,46,S24,4,terminal,92,1000,0,24.9583,0,0,0,100,0,0
33,egress,46,S24,5,terminal,93,1000,0,24.9583,0,0,0,100,0,0
33,egress,47,S25,0,switch,46,291.732,0,49.9166,0,0,0,100,0,0
33,egress,48,S50,1,switch,41,183.344,0,21.1267,0,0,0,100,0,0
33,egress,49,S26,1,switch,47,132.828,0,37.1763,0,0,0,100,0,0
33,egress,49,S26,4,terminal,99,1000,0,36.1602,0,0,0,100,0,0
33,egress,50,S38,5,switch,57,190.285,0,37.0016,0,0,0,100,0,0
33,egress,52,S30,0,switch,28,196.927,0,106.364,0,0,0,100,0,0
33,egress,53,S55,3,switch,62,149.788,0,26.1069,0,0,0,100,0,0
33,egress,55,S60,0,switch,44,280.017,0,8.44707,0,0,0,100,0,0
33,egress,57,S47,5,terminal,115,1000,0,26.4841,0,0,0,100,0,0
33,egress,58,S51,4,switch,62,214.158,0,8.44707,0,0,0,100,0,0
33,egress,59,S41,0,switch,13,132.99,0,56.7179,0,0,0,100,0,0
33,egress,6,S02,0,switch,1,138.732,0,34.3667,0,0,0,100,0,0
33,egress,60,S44,0,switch,18,203.923,0,46.5139,0,0,0,100,0,0
33,egress,60,S44,2,terminal,120,1000,0,45.7997,0,0,0,100,0,0
33,egress,62,S56,2,terminal,124,1000,0,43.9664,0,0,0,100,0,0
33,egress,62,S56,3,terminal,125,1000,0,30.9716,0,0,0,100,0,0
33,egress,63,S54,3,terminal,126,1000,0,27.7576,0,0,0,100,0,0
33,egress,7,S45,0,switch,27,292,0,8.44707,0,0,0,100,0,0
33,egress,7,S45,4,terminal,15,1000,0,21.2496,0,0,0,100,0,0
33,egress,8,S52,3,switch,21,105.455,0,34.3695,0,0,0,100,0,0
33,egress,9,S59,5,terminal,18,1000,0,8.44891,0,0,0,100,0,0
33,egress,9,S59,6,terminal,19,1000,0,8.44891,0,0,0,100,0,0
34,egress,0,S00,1,switch,2,106.121,0,27.7464,0,0,0,100,0,0
34,egress,1,S01,0,switch,0,159.728,0,34.3667,0,0,0,100,0,0
34,egress,1,S01,7,terminal,3,1000,0,16.8941,0,0,0,100,0,0
34,egress,10,S61,0,switch,1,227.172,0,16.8941,0,0,0,100,0,0
34,egress,10,S61,2,switch,42,279.867,0,11.8152,0,0,0,100,0,0
34,egress,10,S61,3,switch,48,228.478,0,21.1267,0,0,0,100,0,0
34,egress,10,S61,4,switch,55,207.652,0,8.44707,0,0,0,100,0,0
34,egress,10,S61,5,switch,31,158.461,0,25.3412,0,0,0,100,0,0
34,egress,10,S61,6,terminal,20,1000,0,8.44707,0,0,0,100,0,0
34,egress,11,S03,4,terminal,22,1000,0,22.5227,0,0,0,100,0,0
34,egress,11,S03,5,terminal,23,1000,0,8.44707,0,0,0,100,0,0
34,egress,12,S04,1,switch,11,186.587,0,8.44707,0,0,0,100,0,0
34,egress,12,S04,4,switch,17,249.248,0,22.333,0,0,0,100,0,0
34,egress,12,S04,5,switch,18,178.427,0,41.4907,0,0,0,100,0,0
34,egress,12,S04,7,terminal,25,1000,0,25.811,0,0,0,100,0,0
34,egress,13,S40,0,switch,6,162.644,0,56.7179,0,0,0,100,0,0
34,egress,13,S40,2,switch,50,160.169,0,65.0601,0,0,0,100,0,0
34,egress,14,S58,0,switch,11,169.38,0,26.1059,0,0,0,100,0,0
34,egress,15,S05,0,switch,12,134.869,0,98.6509,0,0,0,100,0,0
34,egress,15,S05,3,switch,21,137.945,0,16.8941,0,0,0,100,0,0
34,egress,15,S05,4,terminal,30,1000,0,8.44707,0,0,0,100,0,0
34,egress,15,S05,5,terminal,31,1000,0,47.7542,0,0,0,100,0,0
34,egress,16,S11,1,switch,2,104.704,0,10.9452,0,0,0,100,0,0
34,egress,16,S11,4,terminal,33,1000,0,17.364,0,0,0,100,0,0
34,egress,17,S35,4,terminal,35,1000,0,19.1581,0,0,0,100,0,0
34,egress,18,S43,0,switch,38,157.659,0,104.73,0,0,0,100,0,0
34,egress,18,S43,1,switch,60,132.709,0,29.8534,0,0,0,100,0,0
34,egress,18,S43,2,terminal,36,1000,0,16.8586,0,0,0,100,0,0
34,egress,19,S06,0,switch,15,170.98,0,42.2354,0,0,0,100,0,0
34,egress,19,S06,2,switch,23,267,0,8.44707,0,0,0,100,0,0
34,egress,19,S06,3,switch,10,169.014,0,80.2562,0,0,0,100,0,0
34,egress,19,S06,5,terminal,39,1000,0,42.1777,0,0,0,100,0,0
34,egress,2,S10,0,switch,27,137.994,0,15.4118,0,0,0,100,0,0
34,egress,2,S10,2,terminal,4,1000,0,44.605,0,0,0,100,0,0
34,egress,20,S15,0,switch,15,112.83,0,49.5868,0,0,0,100,0,0
34,egress,20,S15,1,switch,28,153.051,0,17.1306,0,0,0,100,0,0
34,egress,20,S15,2,switch,30,254.167,0,19.8544,0,0,0,100,0,0
34,egress,20,S15,4,switch,32,143.593,0,19.8544,0,0,0,100,0,0
34,egress,20,S15,6,switch,13,232.721,0,66.558,0,0,0,100,0,0
34,egress,20,S15,7,switch,34,204.798,0,129.735,0,0,0,100,0,0
34,egress,21,S53,3,switch,63,178.955,0,34.3695,0,0,0,100,0,0
34,egress,21,S53,4,switch,9,122.206,0,16.8941,0,0,0,100,0,0
34,egress,21,S53,6,terminal,43,1000,0,26.2765,0,0,0,100,0,0
34,egress,22,S07,0,switch,19,118.259,0,20.691,97.568,0,97.568,100,0,14
34,egress,22,S07,0,switch,19,118.259,97.568,97.568,0,97.568,0,100,0,0
34,egress,22,S07,2,switch,25,128.19,0,56.4326,0,97.568,97.568,100,0,0
34,egress,22,S07,3,switch,26,124.406,0,15.3344,0,0,0,100,0,0
34,egress,22,S07,5,terminal,45,1000,0,13.6994,0,0,0,100,0,0
34,egress,23,S39,4,switch,58,247.444,0,8.44707,0,0,0,100,0,0
34,egress,24,S08,0,switch,22,182.424,0,149.655,0,0,0,100,0,0
34,egress,24,S08,2,terminal,48,1000,0,35.7908,0,0,0,100,0,0
34,egress,25,S16,1,switch,20,119.9,0,89.3052,0,0,0,100,0,0
34,egress,25,S16,2,switch,35,135.775,0,13.6994,0,0,0,100,0,0
34,egress,25,S16,4,terminal,51,1000,0,27.3988,0,0,0,100,0,0
34,egress,26,S33,0,switch,3,174.708,0,71.2773,0,0,0,100,0,0
34,egress,27,S09,0,switch,24,129.629,0,122.701,0,0,0,100,0,0
34,egress,28,S12,0,switch,16,293.496,0,17.0743,0,0,0,100,0,0
34,egress,28,S12,2,switch,20,296.117,0,106.364,0,0,0,100,0,0
34,egress,29,S13,3,switch,30,295.76,0,52.6486,0,0,0,100,0,0
34,egress,29,S13,7,terminal,59,1000,0,8.44707,0,0,0,100,0,0
34,egress,3,S27,1,switch,42,234.552,0,5.71745,0,0,0,100,0,0
34,egress,3,S27,2,switch,49,266.441,0,83.6529,0,0,0,100,0,0
34,egress,30,S14,1,switch,20,100.691,0,70.2878,0,0,0,100,0,0
34,egress,30,S14,3,terminal,60,1000,0,17.3288,0,0,0,100,0,0
34,egress,30,S14,4,terminal,61,1000,0,82.0432,0,0,0,100,0,0
34,egress,31,S62,0,switch,29,171.288,0,8.44707,0,0,0,100,0,0
34,egress,31,S62,1,switch,30,134.823,0,17.9884,0,0,0,100,0,0
34,egress,31,S62,4,terminal,62,1000,0,8.44707,0,0,0,100,0,0
34,egress,31,S62,5,terminal,63,1000,0,8.44707,0,0,0,100,0,0
34,egress,32,S21,4,terminal,65,1000,0,17.3288,0,0,0,100,0,0
34,egress,34,S57,1,switch,62,192.101,0,34.133,0,0,0,100,0,0
34,egress,34,S57,3,terminal,68,1000,0,69.4754,0,0,0,100,0,0
34,egress,34,S57,4,terminal,69,1000,0,34.0732,0,0,0,100,0,0
34,egress,35,S17,0,switch,25,277.107,0,12.3812,0,0,0,100,0,0
34,egress,35,S17,1,switch,36,182.906,0,13.6994,0,0,0,100,0,0
34,egress,36,S18,5,terminal,73,1000,0,13.6994,0,0,0,100,0,0
34,egress,38,S42,0,switch,42,176.64,0,34.0041,0,0,0,100,0,0
34,egress,38,S42,1,switch,40,122.733,0,62.825,0,0,0,100,0,0
34,egress,38,S42,5,terminal,77,1000,0,16.8586,0,0,0,100,0,0
34,egress,39,S19,2,terminal,78,1000,0,1.41461,0,0,0,100,0,0
34,egress,40,S29,1,switch,45,131.396,0,26.2765,0,0,0,100,0,0
34,egress,40,S29,4,switch,21,163.928,0,31.2943,0,0,0,100,0,0
34,egress,41,S49,6,terminal,82,1000,0,21.1267,0,0,0,100,0,0
34,egress,42,S20,2,switch,3,251.806,0,31.2943,0,0,0,100,0,0
34,egress,42,S20,3,switch,14,182.917,0,26.2765,0,0,0,100,0,0
34,egress,42,S20,5,terminal,84,1000,0,28.9291,0,0,0,100,0,0
34,egress,42,S20,6,terminal,85,1000,0,34.3695,0,0,0,100,0,0
34,egress,44,S23,2,terminal,88,1000,0,8.44707,0,0,0,100,0,0
34,egress,44,S23,3,terminal,89,1000,0,19.723,0,0,0,100,0,0
34,egress,45,S28,1,switch,27,280.654,0,13.2764,0,0,0,100,0,0
34,egress,45,S28,8,terminal,91,1000,0,26.1062,0,0,0,100,0,0
34,egress,46,S24,4,terminal,92,1000,0,24.9583,0,0,0,100,0,0
34,egress,46,S24,5,terminal,93,1000,0,24.9583,0,0,0,100,0,0
34,egress,47,S25,0,switch,46,291.732,0,37.1763,0,0,0,100,0,0
34,egress,48,S50,1,switch,41,183.344,0,21.1267,0,0,0,100,0,0
34,egress,49,S26,1,switch,47,132.828,0,43.0189,0,0,0,100,0,0
34,egress,49,S26,4,terminal,99,1000,0,39.806,0,0,0,100,0,0
34,egress,50,S38,5,switch,57,190.285,0,33.1827,0,0,0,100,0,0
34,egress,53,S55,3,switch,62,149.788,0,8.59595,0,0,0,100,0,0
34,egress,55,S60,0,switch,44,280.017,0,8.44707,0,0,0,100,0,0
34,egress,57,S47,5,terminal,115,1000,0,37.0016,0,0,0,100,0,0
34,egress,58,S51,4,switch,62,214.158,0,8.44707,0,0,0,100,0,0
34,egress,6,S02,0,switch,1,138.732,0,45.7168,0,0,0,100,0,0
34,egress,60,S44,0,switch,18,203.923,0,32.4744,0,0,0,100,0,0
34,egress,60,S44,2,terminal,120,1000,0,59.0438,0,0,0,100,0,0
34,egress,62,S56,2,terminal,124,1000,0,35.1541,0,0,0,100,0,0
34,egress,62,S56,3,terminal,125,1000,0,34.554,0,0,0,100,0,0
34,egress,63,S54,3,terminal,126,1000,0,29.118,0,0,0,100,0,0
34,egress,7,S45,0,switch,27,292,0,8.44707,0,0,0,100,0,0
34,egress,8,S52,3,switch,21,105.455,0,9.43169,0,0,0,100,0,0
34,egress,9,S59,5,terminal,18,1000,0,8.44707,0,0,0,100,0,0
34,egress,9,S59,6,terminal,19,1000,0,8.44707,0,0,0,100,0,0
35,egress,0,S00,1,switch,2,106.121,0,34.3667,0,0,0,100,0,0
35,egress,1,S01,0,switch,0,159.728,0,45.7168,0,0,0,100,0,0
35,egress,1,S01,7,terminal,3,1000,0,16.8941,0,0,0,100,0,0
35,egress,10,S61,0,switch,1,227.172,0,16.8941,0,0,0,100,0,0
35,egress,10,S61,3,switch,48,228.478,0,21.1267,0,0,0,100,0,0
35,egress,10,S61,4,switch,55,207.652,0,8.44707,0,0,0,100,0,0
35,egress,10,S61,5,switch,31,158.461,0,25.3412,0,0,0,100,0,0
35,egress,10,S61,6,terminal,20,1000,0,8.44707,0,0,0,100,0,0
35,egress,11,S03,4,terminal,22,1000,0,26.1059,0,0,0,100,0,0
35,egress,11,S03,5,terminal,23,1000,0,8.44707,0,0,0,100,0,0
35,egress,12,S04,1,switch,11,186.587,0,8.44707,0,0,0,100,0,0
35,egress,12,S04,4,switch,17,249.248,0,22.4782,0,0,0,100,0,0
35,egress,12,S04,5,switch,18,178.427,0,42.5049,0,0,0,100,0,0
35,egress,12,S04,7,terminal,25,1000,0,25.2207,0,0,0,100,0,0
35,egress,13,S40,2,switch,50,160.169,0,66.558,0,0,0,100,0,0
35,egress,14,S58,0,switch,11,169.38,0,26.2765,0,0,0,100,0,0
35,egress,15,S05,0,switch,12,134.869,0,72.0365,0,0,0,100,0,0
35,egress,15,S05,3,switch,21,137.945,0,16.8941,0,0,0,100,0,0
35,egress,15,S05,4,terminal,30,1000,0,8.44707,0,0,0,100,0,0
35,egress,15,S05,5,terminal,31,1000,0,47.9857,0,0,0,100,0,0
35,egress,16,S11,4,terminal,33,1000,0,17.0743,0,0,0,100,0,0
35,egress,17,S35,4,terminal,35,1000,0,22.333,0,0,0,100,0,0
35,egress,18,S43,0,switch,38,157.659,0,106.767,0,0,0,100,0,0
35,egress,18,S43,2,terminal,36,1000,0,19.1577,0,0,0,100,0,0
35,egress,19,S06,0,switch,15,170.98,0,42.2354,0,0,0,100,0,0
35,egress,19,S06,2,switch,23,267,0,8.44707,0,0,0,100,0,0
35,egress,19,S06,3,switch,10,169.014,0,80.2562,0,0,0,100,0,0
35,egress,19,S06,5,terminal,39,1000,0,8.44707,0,0,0,100,0,0
35,egress,2,S10,0,switch,27,137.994,0,15.4118,0,0,0,100,0,0
35,egress,2,S10,2,terminal,4,1000,0,38.6916,0,0,0,100,0,0
35,egress,20,S15,0,switch,15,112.83,0,40.6738,0,0,0,100,0,0
35,egress,20,S15,1,switch,28,153.051,0,19.8538,0,0,0,100,0,0
35,egress,20,S15,2,switch,30,254.167,0,23.7994,0,0,0,100,0,0
35,egress,20,S15,4,switch,32,143.593,0,23.7994,0,0,0,100,0,0
35,egress,20,S15,6,switch,13,232.721,0,29.6381,0,0,0,100,0,0
35,egress,20,S15,7,switch,34,204.798,0,128.192,0,0,0,100,0,0
35,egress,21,S53,3,switch,63,178.955,0,9.43169,0,0,0,100,0,0
35,egress,21,S53,4,switch,9,122.206,0,16.8941,0,0,0,100,0,0
35,egress,21,S53,6,terminal,43,1000,0,31.2943,0,0,0,100,0,0
35,egress,22,S07,0,switch,19,118.259,0,20.691,97.568,0,97.568,100,0,14
35,egress,22,S07,0,switch,19,118.259,97.568,97.568,0,97.568,0,100,0,0
35,egress,22,S07,2,switch,25,128.19,0,59.7793,0,0,0,100,0,0
35,egress,22,S07,3,switch,26,124.406,0,15.4118,0,0,0,100,0,0
35,egress,22,S07,5,terminal,45,1000,0,15.3341,0,0,0,100,0,0
35,egress,23,S39,4,switch,58,247.444,0,8.44707,0,0,0,100,0,0
35,egress,24,S08,0,switch,22,182.424,0,147.869,0,0,0,100,0,0
35,egress,24,S08,2,terminal,48,1000,0,35.7908,0,0,0,100,0,0
35,egress,25,S16,1,switch,20,119.9,0,85.4886,0,0,0,100,0,0
35,egress,25,S16,2,switch,35,135.775,0,15.3344,0,0,0,100,0,0
35,egress,25,S16,4,terminal,51,1000,0,27.3988,0,0,0,100,0,0
35,egress,26,S33,0,switch,3,174.708,0,66.9567,0,0,0,100,0,0
35,egress,27,S09,0,switch,24,129.629,0,92.0929,0,0,0,100,0,0
35,egress,28,S12,0,switch,16,293.496,0,17.1306,0,0,0,100,0,0
35,egress,29,S13,7,terminal,59,1000,0,8.44707,0,0,0,100,0,0
35,egress,3,S27,2,switch,49,266.441,0,102.572,0,0,0,100,0,0
35,egress,30,S14,1,switch,20,100.691,0,27.1587,0,0,0,100,0,0
35,egress,30,S14,3,terminal,60,1000,0,19.8544,0,0,0,100,0,0
35,egress,30,S14,4,terminal,61,1000,0,70.637,0,0,0,100,0,0
35,egress,31,S62,0,switch,29,171.288,0,8.44707,0,0,0,100,0,0
35,egress,31,S62,4,terminal,62,1000,0,8.44707,0,0,0,100,0,0
35,egress,31,S62,5,terminal,63,1000,0,8.44707,0,0,0,100,0,0
35,egress,32,S21,4,terminal,65,1000,0,19.8544,0,0,0,100,0,0
35,egress,34,S57,1,switch,62,192.101,0,34.133,0,0,0,100,0,0
35,egress,34,S57,3,terminal,68,1000,0,61.4693,0,0,0,100,0,0
35,egress,34,S57,4,terminal,69,1000,0,34.133,0,0,0,100,0,0
35,egress,35,S17,1,switch,36,182.906,0,13.6994,0,0,0,100,0,0
35,egress,36,S18,5,terminal,73,1000,0,13.6994,0,0,0,100,0,0
35,egress,38,S42,0,switch,42,176.64,0,14.9821,0,0,0,100,0,0
35,egress,38,S42,1,switch,40,122.733,0,70.5902,0,0,0,100,0,0
35,egress,38,S42,5,terminal,77,1000,0,19.1581,0,0,0,100,0,0
35,egress,40,S29,1,switch,45,131.396,0,31.2932,0,0,0,100,0,0
35,egress,40,S29,4,switch,21,163.928,0,31.5318,0,0,0,100,0,0
35,egress,41,S49,6,terminal,82,1000,0,21.1267,0,0,0,100,0,0
35,egress,42,S20,2,switch,3,251.806,0,2.71085,0,0,0,100,0,0
35,egress,42,S20,3,switch,14,182.917,0,31.2932,0,0,0,100,0,0
35,egress,42,S20,5,terminal,84,1000,0,5.71745,0,0,0,100,0,0
35,egress,42,S20,6,terminal,85,1000,0,11.8152,0,0,0,100,0,0
35,egress,44,S23,2,terminal,88,1000,0,8.44707,0,0,0,100,0,0
35,egress,45,S28,8,terminal,91,1000,0,26.2765,0,0,0,100,0,0
35,egress,46,S24,4,terminal,92,1000,0,8.24637,0,0,0,100,0,0
35,egress,46,S24,5,terminal,93,1000,0,28.93,0,0,0,100,0,0
35,egress,47,S25,0,switch,46,291.732,0,43.0189,0,0,0,100,0,0
35,egress,48,S50,1,switch,41,183.344,0,21.1267,0,0,0,100,0,0
35,egress,49,S26,1,switch,47,132.828,0,43.677,0,0,0,100,0,0
35,egress,49,S26,4,terminal,99,1000,0,39.9759,0,0,0,100,0,0
35,egress,50,S38,5,switch,57,190.285,0,65.0601,0,0,0,100,0,0
35,egress,55,S60,0,switch,44,280.017,0,8.44707,0,0,0,100,0,0
35,egress,57,S47,5,terminal,115,1000,0,33.1827,0,0,0,100,0,0
35,egress,58,S51,4,switch,62,214.158,0,8.44707,0,0,0,100,0,0
35,egress,6,S02,0,switch,1,138.732,0,56.7179,0,0,0,100,0,0
35,egress,60,S44,2,terminal,120,1000,0,29.8534,0,0,0,100,0,0
35,egress,62,S56,2,terminal,124,1000,0,34.133,0,0,0,100,0,0
35,egress,62,S56,3,terminal,125,1000,0,17.043,0,0,0,100,0,0
35,egress,63,S54,3,terminal,126,1000,0,34.3695,0,0,0,100,0,0
35,egress,7,S45,0,switch,27,292,0,8.44707,0,0,0,100,0,0
35,egress,9,S59,5,terminal,18,1000,0,8.44707,0,0,0,100,0,0
35,egress,9,S59,6,terminal,19,1000,0,8.44707,0,0,0,100,0,0
36,egress,0,S00,1,switch,2,106.121,0,45.7168,0,0,0,100,0,0
36,egress,1,S01,0,switch,0,159.728,0,56.7179,0,0,0,100,0,0
36,egress,1,S01,7,terminal,3,1000,0,16.8941,0,0,0,100,0,0
36,egress,10,S61,0,switch,1,227.172,0,16.8941,0,0,0,100,0,0
36,egress,10,S61,3,switch,48,228.478,0,21.1267,0,0,0,100,0,0
36,egress,10,S61,4,switch,55,207.652,0,8.44707,0,0,0,100,0,0
36,egress,10,S61,5,switch,31,158.461,0,25.3412,0,0,0,100,0,0
36,egress,10,S61,6,terminal,20,1000,0,8.44707,0,0,0,100,0,0
36,egress,11,S03,4,terminal,22,1000,0,26.2765,0,0,0,100,0,0
36,egress,11,S03,5,terminal,23,1000,0,8.44707,0,0,0,100,0,0
36,egress,12,S04,1,switch,11,186.587,0,8.44707,0,0,0,100,0,0
36,egress,12,S04,4,switch,17,249.248,0,26.7706,0,0,0,100,0,0
36,egress,12,S04,5,switch,18,178.427,0,26.7706,0,0,0,100,0,0
36,egress,12,S04,7,terminal,25,1000,0,10.0482,0,0,0,100,0,0
36,egress,13,S40,2,switch,50,160.169,0,29.6381,0,0,0,100,0,0
36,egress,14,S58,0,switch,11,169.38,0,31.2932,0,0,0,100,0,0
36,egress,15,S05,0,switch,12,134.869,0,54.2383,0,0,0,100,0,0
36,egress,15,S05,3,switch,21,137.945,0,16.8941,0,0,0,100,0,0
36,egress,15,S05,4,terminal,30,1000,0,8.44707,0,0,0,100,0,0
36,egress,15,S05,5,terminal,31,1000,0,40.6738,0,0,0,100,0,0
36,egress,16,S11,4,terminal,33,1000,0,17.1306,0,0,0,100,0,0
36,egress,17,S35,4,terminal,35,1000,0,22.4782,0,0,0,100,0,0
36,egress,18,S43,0,switch,38,157.659,0,83.4463,0,0,0,100,0,0
36,egress,18,S43,2,terminal,36,1000,0,20.0267,0,0,0,100,0,0
36,egress,19,S06,0,switch,15,170.98,0,42.2354,0,0,0,100,0,0
36,egress,19,S06,2,switch,23,267,0,8.44707,0,0,0,100,0,0
36,egress,19,S06,3,switch,10,169.014,0,65.927,0,0,0,100,0,0
36,egress,19,S06,5,terminal,39,1000,0,8.44707,0,0,0,100,0,0
36,egress,2,S10,0,switch,27,137.994,0,17.5131,0,0,0,100,0,0
36,egress,2,S10,2,terminal,4,1000,0,34.3667,0,0,0,100,0,0
36,egress,20,S15,1,switch,28,153.051,0,12.3812,0,0,0,100,0,0
36,egress,20,S15,2,switch,30,254.167,0,29.704,0,0,0,100,0,0
36,egress,20,S15,4,switch,32,143.593,0,29.704,0,0,0,100,0,0
36,egress,20,S15,7,switch,34,204.798,0,40.8581,0,0,0,100,0,0
36,egress,21,S53,4,switch,9,122.206,0,16.8941,0,0,0,100,0,0
36,egress,21,S53,6,terminal,43,1000,0,31.5318,0,0,0,100,0,0
36,egress,22,S07,0,switch,19,118.259,0,20.691,97.568,0,97.568,100,0,14
36,egress,22,S07,0,switch,19,118.259,97.568,97.568,0,97.568,0,100,0,0
36,egress,22,S07,2,switch,25,128.19,0,57.9161,0,97.568,97.568,100,0,0
36,egress,22,S07,3,switch,26,124.406,0,15.4118,0,97.568,97.568,100,0,0
36,egress,22,S07,5,terminal,45,1000,0,15.4118,0,97.568,97.568,100,0,0
36,egress,23,S39,4,switch,58,247.444,0,8.44707,0,0,0,100,0,0
36,egress,24,S08,0,switch,22,182.424,0,130.119,0,0,0,100,0,0
36,egress,24,S08,2,terminal,48,1000,0,13.2764,0,0,0,100,0,0
36,egress,25,S16,1,switch,20,119.9,0,94.3642,0,0,0,100,0,0
36,egress,25,S16,2,switch,35,135.775,0,15.4118,0,0,0,100,0,0
36,egress,25,S16,4,terminal,51,1000,0,29.0335,0,0,0,100,0,0
36,egress,26,S33,0,switch,3,174.708,0,15.4118,0,0,0,100,0,0
36,egress,27,S09,0,switch,24,129.629,0,75.7801,0,0,0,100,0,0
36,egress,28,S12,0,switch,16,293.496,0,19.8538,0,0,0,100,0,0
36,egress,29,S13,7,terminal,59,1000,0,8.44707,0,0,0,100,0,0
36,egress,3,S27,2,switch,49,266.441,0,69.6675,0,0,0,100,0,0
36,egress,30,S14,3,terminal,60,1000,0,23.7994,0,0,0,100,0,0
36,egress,31,S62,0,switch,29,171.288,0,8.44707,0,0,0,100,0,0
36,egress,31,S62,4,terminal,62,1000,0,8.44707,0,0,0,100,0,0
36,egress,31,S62,5,terminal,63,1000,0,8.44707,0,0,0,100,0,0
36,egress,32,S21,4,terminal,65,1000,0,23.7994,0,0,0,100,0,0
36,egress,34,S57,1,switch,62,192.101,0,40.6497,0,0,0,100,0,0
36,egress,34,S57,3,terminal,68,1000,0,53.7951,0,0,0,100,0,0
36,egress,34,S57,4,terminal,69,1000,0,33.7473,0,0,0,100,0,0
36,egress,35,S17,1,switch,36,182.906,0,15.3344,0,0,0,100,0,0
36,egress,36,S18,5,terminal,73,1000,0,13.6994,0,0,0,100,0,0
36,egress,38,S42,1,switch,40,122.733,0,84.4336,0,0,0,100,0,0
36,egress,38,S42,5,terminal,77,1000,0,22.333,0,0,0,100,0,0
36,egress,40,S29,1,switch,45,131.396,0,31.5318,0,0,0,100,0,0
36,egress,40,S29,4,switch,21,163.928,0,39.0584,0,0,0,100,0,0
36,egress,41,S49,6,terminal,82,1000,0,21.1267,0,0,0,100,0,0
36,egress,42,S20,3,switch,14,182.917,0,14.9821,0,0,0,100,0,0
36,egress,44,S23,2,terminal,88,1000,0,8.44707,0,0,0,100,0,0
36,egress,45,S28,8,terminal,91,1000,0,31.2932,0,0,0,100,0,0
36,egress,46,S24,5,terminal,93,1000,0,43.0189,0,0,0,100,0,0
36,egress,47,S25,0,switch,46,291.732,0,43.677,0,0,0,100,0,0
36,egress,48,S50,1,switch,41,183.344,0,21.1267,0,0,0,100,0,0
36,egress,49,S26,1,switch,47,132.828,0,57.5779,0,0,0,100,0,0
36,egress,49,S26,4,terminal,99,1000,0,44.9936,0,0,0,100,0,0
36,egress,50,S38,5,switch,57,190.285,0,66.558,0,0,0,100,0,0
36,egress,55,S60,0,switch,44,280.017,0,8.44707,0,0,0,100,0,0
36,egress,57,S47,5,terminal,115,1000,0,65.0601,0,0,0,100,0,0
36,egress,58,S51,4,switch,62,214.158,0,8.44707,0,0,0,100,0,0
36,egress,62,S56,2,terminal,124,1000,0,34.133,0,0,0,100,0,0
36,egress,62,S56,3,terminal,125,1000,0,8.44707,0,0,0,100,0,0
36,egress,63,S54,3,terminal,126,1000,0,9.43169,0,0,0,100,0,0
36,egress,7,S45,0,switch,27,292,0,8.44707,0,0,0,100,0,0
36,egress,9,S59,5,terminal,18,1000,0,8.44707,0,0,0,100,0,0
36,egress,9,S59,6,terminal,19,1000,0,8.44707,0,0,0,100,0,0
37,egress,0,S00,1,switch,2,106.121,0,56.7179,0,0,0,100,0,0
37,egress,1,S01,7,terminal,3,1000,0,16.8941,0,0,0,100,0,0
37,egress,10,S61,0,switch,1,227.172,0,16.8941,0,0,0,100,0,0
37,egress,10,S61,3,switch,48,228.478,0,6.79749,0,0,0,100,0,0
37,egress,10,S61,4,switch,55,207.652,0,8.44707,0,0,0,100,0,0
37,egress,10,S61,5,switch,31,158.461,0,25.3412,0,0,0,100,0,0
37,egress,10,S61,6,terminal,20,1000,0,8.44707,0,0,0,100,0,0
37,egress,11,S03,4,terminal,22,1000,0,31.2932,0,0,0,100,0,0
37,egress,11,S03,5,terminal,23,1000,0,8.44707,0,0,0,100,0,0
37,egress,12,S04,1,switch,11,186.587,0,8.44707,0,0,0,100,0,0
37,egress,12,S04,4,switch,17,249.248,0,15.7746,0,0,0,100,0,0
37,egress,12,S04,5,switch,18,178.427,0,21.5696,0,0,0,100,0,0
37,egress,12,S04,7,terminal,25,1000,0,8.44707,0,0,0,100,0,0
37,egress,14,S58,0,switch,11,169.38,0,14.9821,0,0,0,100,0,0
37,egress,15,S05,0,switch,12,134.869,0,16.8941,0,0,0,100,0,0
37,egress,15,S05,3,switch,21,137.945,0,16.8941,0,0,0,100,0,0
37,egress,15,S05,4,terminal,30,1000,0,8.44707,0,0,0,100,0,0
37,egress,16,S11,4,terminal,33,1000,0,19.8538,0,0,0,100,0,0
37,egress,17,S35,4,terminal,35,1000,0,26.7706,0,0,0,100,0,0
37,egress,18,S43,0,switch,38,157.659,0,28.9512,0,0,0,100,0,0
37,egress,19,S06,0,switch,15,170.98,0,42.2354,0,0,0,100,0,0
37,egress,19,S06,2,switch,23,267,0,8.44707,0,0,0,100,0,0
37,egress,19,S06,3,switch,10,169.014,0,59.1295,0,0,0,100,0,0
37,egress,19,S06,5,terminal,39,1000,0,8.44707,0,0,0,100,0,0
37,egress,2,S10,0,switch,27,137.994,0,20.4152,0,0,0,100,0,0
37,egress,2,S10,2,terminal,4,1000,0,45.7168,0,0,0,100,0,0
37,egress,20,S15,2,switch,30,254.167,0,39.515,0,0,0,100,0,0
37,egress,20,S15,4,switch,32,143.593,0,39.515,0,0,0,100,0,0
37,egress,20,S15,7,switch,34,204.798,0,15.3341,0,0,0,100,0,0
37,egress,21,S53,4,switch,9,122.206,0,16.8941,0,0,0,100,0,0
37,egress,21,S53,6,terminal,43,1000,0,39.0584,0,0,0,100,0,0
37,egress,22,S07,0,switch,19,118.259,0,20.691,97.568,0,97.568,100,0,14
37,egress,22,S07,0,switch,19,118.259,97.568,97.568,0,97.568,0,100,0,0
37,egress,22,S07,2,switch,25,128.19,0,38.0635,0,0,0,100,0,0
37,egress,22,S07,3,switch,26,124.406,0,17.514,0,0,0,100,0,0
37,egress,22,S07,5,terminal,45,1000,0,15.4118,0,97.568,97.568,100,0,0
37,egress,23,S39,4,switch,58,247.444,0,8.44707,0,0,0,100,0,0
37,egress,24,S08,0,switch,22,182.424,0,129.985,0,0,0,100,0,0
37,egress,25,S16,1,switch,20,119.9,0,95.3451,0,0,0,100,0,0
37,egress,25,S16,2,switch,35,135.775,0,11.7588,0,0,0,100,0,0
37,egress,25,S16,4,terminal,51,1000,0,30.7455,0,0,0,100,0,0
37,egress,26,S33,0,switch,3,174.708,0,15.4118,0,0,0,100,0,0
37,egress,27,S09,0,switch,24,129.629,0,83.6859,0,0,0,100,0,0
37,egress,28,S12,0,switch,16,293.496,0,12.3812,0,0,0,100,0,0
37,egress,29,S13,7,terminal,59,1000,0,8.44707,0,0,0,100,0,0
37,egress,3,S27,2,switch,49,266.441,0,15.4118,0,0,0,100,0,0
37,egress,30,S14,3,terminal,60,1000,0,29.704,0,0,0,100,0,0
37,egress,31,S62,0,switch,29,171.288,0,8.44707,0,0,0,100,0,0
37,egress,31,S62,4,terminal,62,1000,0,8.44707,0,0,0,100,0,0
37,egress,31,S62,5,terminal,63,1000,0,8.44707,0,0,0,100,0,0
37,egress,32,S21,4,terminal,65,1000,0,29.704,0,0,0,100,0,0
37,egress,34,S57,1,switch,62,192.101,0,27.1587,0,0,0,100,0,0
37,egress,34,S57,3,terminal,68,1000,0,13.6994,0,0,0,100,0,0
37,egress,35,S17,1,switch,36,182.906,0,15.4118,0,0,0,100,0,0
37,egress,36,S18,5,terminal,73,1000,0,15.3344,0,0,0,100,0,0
37,egress,38,S42,1,switch,40,122.733,0,60.9681,0,0,0,100,0,0
37,egress,38,S42,5,terminal,77,1000,0,22.4782,0,0,0,100,0,0
37,egress,40,S29,1,switch,45,131.396,0,32.4744,0,0,0,100,0,0
37,egress,40,S29,4,switch,21,163.928,0,51.9592,0,0,0,100,0,0
37,egress,41,S49,6,terminal,82,1000,0,21.1267,0,0,0,100,0,0
37,egress,44,S23,2,terminal,88,1000,0,8.44707,0,0,0,100,0,0
37,egress,45,S28,8,terminal,91,1000,0,31.5318,0,0,0,100,0,0
37,egress,46,S24,5,terminal,93,1000,0,43.677,0,0,0,100,0,0
37,egress,47,S25,0,switch,46,291.732,0,57.5779,0,0,0,100,0,0
37,egress,48,S50,1,switch,41,183.344,0,21.1267,0,0,0,100,0,0
37,egress,49,S26,1,switch,47,132.828,0,51.6223,0,0,0,100,0,0
37,egress,49,S26,4,terminal,99,1000,0,18.0453,0,0,0,100,0,0
37,egress,50,S38,5,switch,57,190.285,0,29.6381,0,0,0,100,0,0
37,egress,55,S60,0,switch,44,280.017,0,8.44707,0,0,0,100,0,0
37,egress,57,S47,5,terminal,115,1000,0,66.558,0,0,0,100,0,0
37,egress,58,S51,4,switch,62,214.158,0,8.44707,0,0,0,100,0,0
37,egress,62,S56,2,terminal,124,1000,0,40.6497,0,0,0,100,0,0
37,egress,62,S56,3,terminal,125,1000,0,8.44707,0,0,0,100,0,0
37,egress,7,S45,0,switch,27,292,0,8.44707,0,0,0,100,0,0
37,egress,9,S59,5,terminal,18,1000,0,8.44707,0,0,0,100,0,0
37,egress,9,S59,6,terminal,19,1000,0,8.44707,0,0,0,100,0,0
38,egress,1,S01,7,terminal,3,1000,0,16.8941,0,0,0,100,0,0
38,egress,10,S61,0,switch,1,227.172,0,16.8941,0,0,0,100,0,0
38,egress,10,S61,4,switch,55,207.652,0,8.44707,0,0,0,100,0,0
38,egress,10,S61,5,switch,31,158.461,0,25.3412,0,0,0,100,0,0
38,egress,10,S61,6,terminal,20,1000,0,8.44707,0,0,0,100,0,0
38,egress,11,S03,4,terminal,22,1000,0,14.9821,0,0,0,100,0,0
38,egress,11,S03,5,terminal,23,1000,0,8.44707,0,0,0,100,0,0
38,egress,12,S04,1,switch,11,186.587,0,8.44707,0,0,0,100,0,0
38,egress,12,S04,7,terminal,25,1000,0,8.44707,0,0,0,100,0,0
38,egress,15,S05,0,switch,12,134.869,0,16.8941,0,0,0,100,0,0
38,egress,15,S05,3,switch,21,137.945,0,16.8941,0,0,0,100,0,0
38,egress,15,S05,4,terminal,30,1000,0,8.44707,0,0,0,100,0,0
38,egress,16,S11,4,terminal,33,1000,0,12.3812,0,0,0,100,0,0
38,egress,17,S35,4,terminal,35,1000,0,15.7746,0,0,0,100,0,0
38,egress,18,S43,0,switch,38,157.659,0,21.5696,0,0,0,100,0,0
38,egress,19,S06,0,switch,15,170.98,0,42.2354,0,0,0,100,0,0
38,egress,19,S06,2,switch,23,267,0,8.44707,0,0,0,100,0,0
38,egress,19,S06,3,switch,10,169.014,0,59.1295,0,0,0,100,0,0
38,egress,19,S06,5,terminal,39,1000,0,8.44707,0,0,0,100,0,0
38,egress,2,S10,0,switch,27,137.994,0,20.5491,0,0,0,100,0,0
38,egress,2,S10,2,terminal,4,1000,0,56.7179,0,0,0,100,0,0
38,egress,20,S15,2,switch,30,254.167,0,39.9667,0,0,0,100,0,0
38,egress,20,S15,4,switch,32,143.593,0,39.9667,0,0,0,100,0,0
38,egress,20,S15,7,switch,34,204.798,0,15.4118,0,0,0,100,0,0
38,egress,21,S53,4,switch,9,122.206,0,16.8941,0,0,0,100,0,0
38,egress,21,S53,6,terminal,43,1000,0,51.9592,0,0,0,100,0,0
38,egress,22,S07,0,switch,19,118.259,0,20.691,90.1535,0,90.1535,100,0,13
38,egress,22,S07,0,switch,19,118.259,97.568,97.568,0,97.568,0,100,0,0
38,egress,22,S07,2,switch,25,128.19,0,32.9254,0,90.1535,90.1535,100,0,0
38,egress,22,S07,3,switch,26,124.406,0,20.4164,0,0,0,100,0,0
38,egress,22,S07,5,terminal,45,1000,0,17.5135,0,90.1535,90.1535,100,0,0
38,egress,23,S39,4,switch,58,247.444,0,8.44707,0,0,0,100,0,0
38,egress,24,S08,0,switch,22,182.424,0,138.023,0,0,0,100,0,0
38,egress,25,S16,1,switch,20,119.9,0,61.3696,0,0,0,100,0,0
38,egress,25,S16,4,terminal,51,1000,0,22.6516,0,0,0,100,0,0
38,egress,26,S33,0,switch,3,174.708,0,17.514,0,0,0,100,0,0
38,egress,27,S09,0,switch,24,129.629,0,86.8546,0,0,0,100,0,0
38,egress,29,S13,7,terminal,59,1000,0,8.44707,0,0,0,100,0,0
38,egress,3,S27,2,switch,49,266.441,0,15.4118,0,0,0,100,0,0
38,egress,30,S14,3,terminal,60,1000,0,39.515,0,0,0,100,0,0
38,egress,31,S62,0,switch,29,171.288,0,8.44707,0,0,0,100,0,0
38,egress,31,S62,4,terminal,62,1000,0,8.44707,0,0,0,100,0,0
38,egress,31,S62,5,terminal,63,1000,0,8.44707,0,0,0,100,0,0
38,egress,32,S21,4,terminal,65,1000,0,39.515,0,0,0,100,0,0
38,egress,34,S57,3,terminal,68,1000,0,15.3341,0,0,0,100,0,0
38,egress,35,S17,1,switch,36,182.906,0,11.7588,0,0,0,100,0,0
38,egress,36,S18,5,terminal,73,1000,0,15.4118,0,0,0,100,0,0
38,egress,38,S42,1,switch,40,122.733,0,2.18059,0,0,0,100,0,0
38,egress,38,S42,5,terminal,77,1000,0,26.7706,0,0,0,100,0,0
38,egress,40,S29,4,switch,21,163.928,0,60.9681,0,0,0,100,0,0
38,egress,41,S49,6,terminal,82,1000,0,21.1267,0,0,0,100,0,0
38,egress,44,S23,2,terminal,88,1000,0,8.44707,0,0,0,100,0,0
38,egress,45,S28,8,terminal,91,1000,0,32.4744,0,0,0,100,0,0
38,egress,46,S24,5,terminal,93,1000,0,57.5779,0,0,0,100,0,0
38,egress,47,S25,0,switch,46,291.732,0,51.6223,0,0,0,100,0,0
38,egress,48,S50,1,switch,41,183.344,0,6.79749,0,0,0,100,0,0
38,egress,49,S26,4,terminal,99,1000,0,15.4118,0,0,0,100,0,0
38,egress,55,S60,0,switch,44,280.017,0,8.44707,0,0,0,100,0,0
38,egress,57,S47,5,terminal,115,1000,0,29.6381,0,0,0,100,0,0
38,egress,58,S51,4,switch,62,214.158,0,8.44707,0,0,0,100,0,0
38,egress,62,S56,2,terminal,124,1000,0,27.1587,0,0,0,100,0,0
38,egress,62,S56,3,terminal,125,1000,0,8.44707,0,0,0,100,0,0
38,egress,7,S45,0,switch,27,292,0,3.40314,0,0,0,100,0,0
38,egress,9,S59,5,terminal,18,1000,0,8.44707,0,0,0,100,0,0
38,egress,9,S59,6,terminal,19,1000,0,8.44707,0,0,0,100,0,0
39,egress,1,S01,7,terminal,3,1000,0,16.8941,0,0,0,100,0,0
39,egress,10,S61,0,switch,1,227.172,0,16.8941,0,0,0,100,0,0
39,egress,10,S61,4,switch,55,207.652,0,8.44707,0,0,0,100,0,0
39,egress,10,S61,5,switch,31,158.461,0,25.3412,0,0,0,100,0,0
39,egress,10,S61,6,terminal,20,1000,0,8.44707,0,0,0,100,0,0
39,egress,11,S03,5,terminal,23,1000,0,8.44707,0,0,0,100,0,0
39,egress,12,S04,1,switch,11,186.587,0,8.44707,0,0,0,100,0,0
39,egress,12,S04,7,terminal,25,1000,0,8.44707,0,0,0,100,0,0
39,egress,15,S05,0,switch,12,134.869,0,16.8941,0,0,0,100,0,0
39,egress,15,S05,3,switch,21,137.945,0,16.8941,0,0,0,100,0,0
39,egress,15,S05,4,terminal,30,1000,0,8.44707,0,0,0,100,0,0
39,egress,19,S06,0,switch,15,170.98,0,42.4067,0,0,0,100,0,0
39,egress,19,S06,2,switch,23,267,0,8.48133,0,0,0,100,0,0
39,egress,19,S06,3,switch,10,169.014,0,58.8897,0,0,0,100,0,0
39,egress,19,S06,5,terminal,39,1000,0,8.48133,0,0,0,100,0,0
39,egress,2,S10,0,switch,27,137.994,0,19.8257,0,0,0,100,0,0
39,egress,20,S15,2,switch,30,254.167,0,5.99115,0,0,0,100,0,0
39,egress,20,S15,4,switch,32,143.593,0,39.9667,0,0,0,100,0,0
39,egress,20,S15,7,switch,34,204.798,0,15.4118,0,0,0,100,0,0
39,egress,21,S53,4,switch,9,122.206,0,16.8941,0,0,0,100,0,0
39,egress,21,S53,6,terminal,43,1000,0,60.9681,0,0,0,100,0,0
39,egress,22,S07,0,switch,19,118.259,0,28.1055,85.4288,0,85.4288,100,0,13
39,egress,22,S07,0,switch,19,118.259,90.1535,90.1535,0,90.1535,0,100,0,0
39,egress,22,S07,2,switch,25,128.19,0,37.9289,0,85.4288,85.4288,100,0,0
39,egress,22,S07,3,switch,26,124.406,0,20.5491,0,85.4288,85.4288,100,0,0
39,egress,22,S07,5,terminal,45,1000,0,20.4158,0,85.4288,85.4288,100,0,0
39,egress,23,S39,4,switch,58,247.444,0,8.44707,0,0,0,100,0,0
39,egress,24,S08,0,switch,22,182.424,0,142.949,0,0,0,100,0,0
39,egress,25,S16,1,switch,20,119.9,0,30.2846,0,0,0,100,0,0
39,egress,25,S16,4,terminal,51,1000,0,15.4118,0,0,0,100,0,0
39,egress,26,S33,0,switch,3,174.708,0,20.4164,0,0,0,100,0,0
39,egress,27,S09,0,switch,24,129.629,0,81.7378,0,0,0,100,0,0
39,egress,29,S13,7,terminal,59,1000,0,8.44707,0,0,0,100,0,0
39,egress,3,S27,2,switch,49,266.441,0,17.514,0,0,0,100,0,0
39,egress,30,S14,3,terminal,60,1000,0,39.9667,0,0,0,100,0,0
39,egress,31,S62,0,switch,29,171.288,0,8.44707,0,0,0,100,0,0
39,egress,31,S62,4,terminal,62,1000,0,8.44707,0,0,0,100,0,0
39,egress,31,S62,5,terminal,63,1000,0,8.44707,0,0,0,100,0,0
39,egress,32,S21,4,terminal,65,1000,0,39.9667,0,0,0,100,0,0
39,egress,34,S57,3,terminal,68,1000,0,15.4118,0,0,0,100,0,0
39,egress,36,S18,5,terminal,73,1000,0,11.7588,0,0,0,100,0,0
39,egress,38,S42,5,terminal,77,1000,0,21.5696,0,0,0,100,0,0
39,egress,40,S29,4,switch,21,163.928,0,2.18059,0,0,0,100,0,0
39,egress,41,S49,6,terminal,82,1000,0,6.79749,0,0,0,100,0,0
39,egress,44,S23,2,terminal,88,1000,0,8.44707,0,0,0,100,0,0
39,egress,46,S24,5,terminal,93,1000,0,51.6223,0,0,0,100,0,0
39,egress,49,S26,4,terminal,99,1000,0,15.4118,0,0,0,100,0,0
39,egress,55,S60,0,switch,44,280.017,0,8.44707,0,0,0,100,0,0
39,egress,58,S51,4,switch,62,214.158,0,8.44707,0,0,0,100,0,0
39,egress,62,S56,3,terminal,125,1000,0,8.44707,0,0,0,100,0,0
39,egress,9,S59,5,terminal,18,1000,0,8.44707,0,0,0,100,0,0
39,egress,9,S59,6,terminal,19,1000,0,8.44707,0,0,0,100,0,0
4,egress,0,S00,0,switch,1,183.324,0,112.305,0,13.008,13.008,100,0,0
4,egress,0,S00,1,switch,2,106.121,0,106.121,13.008,0,13.008,100,0,1
4,egress,0,S00,2,switch,3,149.8,0,79.864,0,13.008,13.008,100,0,0
4,egress,0,S00,3,switch,4,180.219,0,80.219,86.992,13.008,100,100,32.789,2
4,egress,0,S00,3,switch,4,180.219,100,100,0,100,0,100,0,0
4,egress,0,S00,4,switch,5,102.034,0,102.034,0,100,100,100,1.27,0
4,egress,0,S00,5,terminal,0,1000,0,79.864,0,13.008,13.008,100,0,0
4,egress,1,S01,0,switch,0,159.728,9.969,9.969,0,100,90.031,100,0,0
4,egress,1,S01,1,switch,6,265.041,0,109.784,0,0,0,100,0,0
4,egress,1,S01,2,switch,7,132.025,0,41.994,25.7065,0,25.7065,100,0,1
4,egress,1,S01,2,switch,7,132.025,90.031,90.031,0,90.031,0,100,0,0
4,egress,1,S01,3,switch,8,206.324,0,38.6935,0,25.7065,25.7065,100,0,0
4,egress,1,S01,7,terminal,3,1000,0,167.935,0,25.7065,25.7065,100,0,0
4,egress,10,S61,2,switch,42,279.867,0,109.129,0,0,0,100,0,0
4,egress,10,S61,5,switch,31,158.461,0,58.461,100,0,100,100,64.232,1
4,egress,10,S61,5,switch,31,158.461,100,100,0,100,0,100,0,0
4,egress,10,S61,7,terminal,21,1000,0,177.673,0,0,0,100,0,0
4,egress,11,S03,0,switch,6,132.338,67.662,67.662,0,67.662,0,100,0,0
4,egress,11,S03,4,terminal,22,1000,0,62.644,0,0,0,100,0,0
4,egress,12,S04,0,switch,6,184.169,0,0,29.214,62.9415,92.1555,100,0,1
4,egress,12,S04,2,switch,15,124.853,41.3685,0,41.3685,100,100,100,0,1
4,egress,12,S04,2,switch,15,124.853,41.3685,100,41.3685,92.1555,92.1555,100,0,1
4,egress,12,S04,3,switch,16,118.797,58.6315,58.6315,0,100,41.3685,100,0,0
4,egress,12,S04,5,switch,18,178.427,0,178.427,21.573,41.3685,62.9415,100,0,1
4,egress,13,S40,0,switch,6,162.644,0,114.623,25.696,0,25.696,100,0,1
4,egress,13,S40,0,switch,6,162.644,48.021,48.021,0,48.021,0,100,0,0
4,egress,13,S40,1,switch,52,151.023,0,70.993,0,0,0,100,0,0
4,egress,13,S40,1,switch,52,151.023,51.979,51.979,0,100,48.021,100,0,0
4,egress,13,S40,2,switch,50,160.169,0,160.169,51.104,25.696,76.8,100,0,2
4,egress,14,S58,3,switch,9,139.013,0,100,0,0,0,100,0,0
4,egress,14,S58,4,switch,5,193.819,0,116.009,0,0,0,100,0,0
4,egress,15,S05,0,switch,12,134.869,0,134.869,35.185,0,35.185,100,0,1
4,egress,15,S05,1,switch,19,212.416,87.584,87.584,0,87.584,0,100,0,0
4,egress,15,S05,3,switch,21,137.945,0,100,0,0,0,100,0,0
4,egress,15,S05,4,terminal,30,1000,0,12.83,0,35.185,35.185,100,0,0
4,egress,15,S05,5,terminal,31,1000,0,124.853,0,35.185,35.185,100,0,0
4,egress,16,S11,1,switch,2,104.704,0,8.036,0,0,0,100,0,0
4,egress,16,S11,2,switch,28,168.312,0,162.529,0,0,0,100,0,0
4,egress,16,S11,3,terminal,32,1000,0,81.2643,0,0,0,100,0,0
4,egress,16,S11,4,terminal,33,1000,0,110.761,0,0,0,100,0,0
4,egress,17,S35,1,switch,56,252.252,0,100,0,8.416,8.416,100,0,0
4,egress,17,S35,2,switch,23,169.342,0,165.134,8.416,0,8.416,100,0,1
4,egress,17,S35,2,switch,23,169.342,4.208,4.208,0,4.208,0,100,0,0
4,egress,17,S35,3,terminal,34,1000,0,100,0,8.416,8.416,100,0,0
4,egress,18,S43,0,switch,38,157.659,100,0,100,100,100,100,0,1
4,egress,18,S43,1,switch,60,132.709,0,100.84,0,100,100,100,0,0
4,egress,19,S06,2,switch,23,267,0,100,0,0,0,100,0,0
4,egress,19,S06,3,switch,10,169.014,0,117.508,0,0,0,100,0,0
4,egress,19,S06,3,switch,10,169.014,51.0363,51.0363,0,51.0363,0,100,0,0
4,egress,19,S06,5,terminal,39,1000,0,113.167,0,0,0,100,0,0
4,egress,2,S10,1,switch,16,243.793,0,100,0,0,0,100,0,0
4,egress,2,S10,1,switch,16,243.793,63.115,63.115,0,63.115,0,100,0,0
4,egress,2,S10,2,terminal,4,1000,0,59.3985,0,0,0,100,0,0
4,egress,20,S15,0,switch,15,112.83,0,76.2182,23.7818,0,23.7818,100,0,1
4,egress,20,S15,0,switch,15,112.83,36.6118,36.6118,0,36.6118,0,100,0,0
4,egress,20,S15,2,switch,30,254.167,0,100,0,23.7818,23.7818,100,0,0
4,egress,20,S15,4,switch,32,143.593,63.3882,63.3882,0,100,36.6118,100,0,0
4,egress,20,S15,6,switch,13,232.721,0,100,0,23.7818,23.7818,100,0,0
4,egress,21,S53,2,switch,8,135.597,32.459,32.459,0,32.459,0,100,0,0
4,egress,21,S53,3,switch,63,178.955,0,112.83,0,0,0,100,0,0
4,egress,22,S07,0,switch,19,118.259,0,18.259,81.741,0,81.741,100,0,1
4,egress,22,S07,0,switch,19,118.259,100,100,0,100,0,100,0,0
4,egress,22,S07,2,switch,25,128.19,0,14.8145,0,0,0,100,0,0
4,egress,22,S07,3,switch,26,124.406,0,114.814,0,81.741,81.741,100,0,0
4,egress,23,S39,3,switch,13,140.319,0,18.259,0,0,0,100,0,0
4,egress,23,S39,3,switch,13,140.319,59.681,59.681,0,59.681,0,100,0,0
4,egress,23,S39,6,terminal,47,1000,0,169.342,0,0,0,100,0,0
4,egress,24,S08,0,switch,22,182.424,0,129.629,0,0,0,100,0,0
4,egress,24,S08,1,switch,27,295.728,0,131.235,0,0,0,100,0,0
4,egress,25,S16,2,switch,35,135.775,100,100,0,100,0,100,0,0
4,egress,25,S16,3,terminal,50,1000,0,100,0,0,0,100,0,0
4,egress,26,S33,0,switch,3,174.708,0,115.784,0,0,0,100,0,0
4,egress,26,S33,0,switch,3,174.708,7.271,7.271,0,100,92.729,100,0,0
4,egress,26,S33,2,switch,33,257.766,0,129.167,0,0,0,100,0,0
4,egress,26,S33,3,switch,7,131.677,92.729,92.729,0,92.729,0,100,0,0
4,egress,26,S33,4,terminal,52,1000,0,62.203,0,0,0,100,0,0
4,egress,26,S33,5,terminal,53,1000,0,91.37,0,0,0,100,0,0
4,egress,27,S09,0,switch,24,129.629,0,59.258,18.5885,0,18.5885,100,0,1
4,egress,27,S09,0,switch,24,129.629,70.371,70.371,0,70.371,0,100,0,0
4,egress,27,S09,3,terminal,54,1000,0,199.72,0,0,0,100,0,0
4,egress,27,S09,4,terminal,55,1000,0,10.4653,0,0,0,100,0,0
4,egress,28,S12,2,switch,20,296.117,0,179.939,0,0,0,100,0,0
4,egress,28,S12,2,switch,20,296.117,100,100,0,100,0,100,0,0
4,egress,29,S13,1,switch,24,131.235,34.5758,34.5758,0,34.5758,0,100,0,0
4,egress,29,S13,6,terminal,58,1000,0,59.95,0,0,0,100,0,0
4,egress,3,S27,2,switch,49,266.441,0,97.8193,0,0,0,100,0,0
4,egress,3,S27,3,switch,45,296.659,0,87.354,0,0,0,100,0,0
4,egress,3,S27,4,switch,26,158.334,100,100,0,100,0,100,0,0
4,egress,3,S27,5,terminal,6,1000,0,29.864,0,0,0,100,0,0
4,egress,3,S27,6,terminal,7,1000,0,109.928,0,0,0,100,0,0
4,egress,30,S14,2,switch,31,290.433,0,119.9,0,0,0,100,0,0
4,egress,31,S62,3,switch,5,238.676,0,59.95,0,0,0,100,0,0
4,egress,31,S62,4,terminal,62,1000,0,73.954,0,0,0,100,0,0
4,egress,31,S62,5,terminal,63,1000,0,84.507,0,0,0,100,0,0
4,egress,32,S21,0,switch,42,146.462,0,34.1892,0,0,0,100,0,0
4,egress,32,S21,1,switch,43,261.425,0,109.404,0,0,0,100,0,0
4,egress,32,S21,3,terminal,64,1000,0,154.968,0,0,0,100,0,0
4,egress,32,S21,4,terminal,65,1000,0,224.008,0,0,0,100,0,0
4,egress,33,S34,1,switch,17,173.55,10.666,10.666,0,10.666,0,100,0,0
4,egress,33,S34,2,terminal,66,1000,0,227.226,0,0,0,100,0,0
4,egress,35,S17,0,switch,25,277.107,0,122.733,0,0,0,100,0,0
4,egress,35,S17,1,switch,36,182.906,0,135.775,0,0,0,100,0,0
4,egress,35,S17,5,terminal,71,1000,0,124.583,0,0,0,100,0,0
4,egress,36,S18,0,switch,35,247.316,0,163.202,0,3.7275,3.7275,100,0,0
4,egress,36,S18,0,switch,35,247.316,32.08,32.08,0,32.08,0,100,0,0
4,egress,36,S18,3,switch,41,132.08,0,64.16,3.7275,0,3.7275,100,0,1
4,egress,36,S18,3,switch,41,132.08,67.92,67.92,0,100,32.08,100,0,0
4,egress,36,S18,5,terminal,73,1000,0,67.8875,0,3.7275,3.7275,100,0,0
4,egress,38,S42,1,switch,40,122.733,100,100,0,100,0,100,0,0
4,egress,39,S19,0,switch,36,204.72,0,100,0,0,0,100,0,0
4,egress,39,S19,1,switch,42,146.524,22.569,22.569,0,22.569,0,100,0,0
4,egress,4,S37,0,switch,0,203.508,0,100,0,0,0,100,0,0
4,egress,4,S37,2,switch,56,222.018,0,134.318,0,0,0,100,0,0
4,egress,4,S37,3,switch,50,165.152,0,44.246,0,0,0,100,0,0
4,egress,4,S37,4,terminal,8,1000,0,1.655,0,0,0,100,0,0
4,egress,40,S29,1,switch,45,131.396,0,11.3665,0,0,0,100,0,0
4,egress,40,S29,1,switch,45,131.396,39.39,39.39,0,39.39,0,100,0,0
4,egress,40,S29,2,switch,52,207.828,0,111.367,0,0,0,100,0,0
4,egress,40,S29,3,switch,38,184.858,0,77.8465,0,0,0,100,0,0
4,egress,40,S29,5,switch,53,191.77,0,41.159,0,0,0,100,0,0
4,egress,40,S29,6,terminal,80,1000,0,68.705,0,0,0,100,0,0
4,egress,41,S49,3,switch,7,234.831,0,32.08,0,0,0,100,0,0
4,egress,41,S49,4,switch,51,258.091,0,100,0,0,0,100,0,0
4,egress,41,S49,7,terminal,83,1000,0,183.344,0,0,0,100,0,0
4,egress,42,S20,0,switch,39,264.967,0,69.014,0,0,0,100,0,0
4,egress,42,S20,1,switch,32,241.877,0,233.878,0,0,0,100,0,0
4,egress,42,S20,2,switch,3,251.806,0,71.7965,0,0,0,100,0,0
4,egress,42,S20,2,switch,3,251.806,24.834,24.834,0,24.834,0,100,0,0
4,egress,43,S22,0,switch,0,203.304,0,85.742,0,0,0,100,0,0
4,egress,43,S22,0,switch,0,203.304,7.713,7.713,0,32.548,24.835,100,0,0
4,egress,43,S22,3,switch,44,274.638,0,71.7965,0,0,0,100,0,0
4,egress,43,S22,4,switch,45,155.693,24.835,24.835,0,24.835,0,100,0,0
4,egress,43,S22,6,terminal,87,1000,0,100,0,0,0,100,0,0
4,egress,45,S28,0,switch,15,170.054,0,87.354,0,0,0,100,0,0
4,egress,45,S28,0,switch,15,170.054,4.654,4.654,0,4.654,0,100,0,0
4,egress,45,S28,1,switch,27,280.654,0,152.866,0,0,0,100,0,0
4,egress,45,S28,3,switch,3,145.823,0,31.396,0,0,0,100,0,0
4,egress,45,S28,4,switch,40,130.054,0,102.827,0,0,0,100,0,0
4,egress,46,S24,3,switch,48,198.106,1.894,1.894,0,1.894,0,100,0,0
4,egress,46,S24,4,terminal,92,1000,0,114.258,0,0,0,100,0,0
4,egress,47,S25,1,switch,49,203.648,0,100.516,0,25.322,25.322,100,0,0
4,egress,47,S25,4,switch,51,120.167,0,107.506,25.322,0,25.322,100,0,1
4,egress,47,S25,4,switch,51,120.167,12.661,12.661,0,12.661,0,100,0,0
4,egress,47,S25,5,terminal,94,1000,0,51.655,0,25.322,25.322,100,0,0
4,egress,48,S50,1,switch,41,183.344,0,105.721,0,0,0,100,0,0
4,egress,48,S50,1,switch,41,183.344,45.134,45.134,0,45.134,0,100,0,0
4,egress,48,S50,3,switch,10,118.54,0,96.813,0,0,0,100,0,0
4,egress,48,S50,5,terminal,97,1000,0,101.293,0,0,0,100,0,0
4,egress,49,S26,1,switch,47,132.828,67.172,67.172,0,67.172,0,100,0,0
4,egress,5,S63,4,terminal,11,1000,0,100,0,0,0,100,0,0
4,egress,51,S48,0,switch,57,201.033,0,66.04,0,0,0,100,0,0
4,egress,51,S48,3,terminal,103,1000,0,120.167,0,0,0,100,0,0
4,egress,52,S30,0,switch,28,196.927,0,196.927,62.7385,37.2615,100,100,100.415,2
4,egress,52,S30,1,switch,40,109.864,0,38.25,37.2615,0,37.2615,100,0,1
4,egress,52,S30,1,switch,40,109.864,71.614,71.614,0,71.614,0,100,0,0
4,egress,52,S30,4,terminal,104,1000,0,75.5115,0,0,0,100,0,0
4,egress,53,S55,5,terminal,106,1000,0,274.857,0,0,0,100,0,0
4,egress,54,S31,0,switch,52,115.713,0,15.713,100,0,100,100,45.111,1
4,egress,54,S31,0,switch,52,115.713,100,100,0,100,0,100,0,0
4,egress,56,S36,2,switch,4,112.305,0,67.4345,0,0,0,100,0,0
4,egress,56,S36,3,switch,23,284.309,0,51.655,0,0,0,100,0,0
4,egress,56,S36,4,terminal,112,1000,0,76.909,0,0,0,100,0,0
4,egress,57,S47,4,terminal,114,1000,0,100.666,0,0,0,100,0,0
4,egress,58,S51,3,switch,8,148.654,0,85.7485,0,0,0,100,0,0
4,egress,58,S51,4,switch,62,214.158,0,114.251,0,0,0,100,0,0
4,egress,6,S02,0,switch,1,138.732,100,0,100,100,100,100,0,2
4,egress,6,S02,0,switch,1,138.732,100,138.732,100,100,100,100,101.942,2
4,egress,6,S02,1,switch,11,173.682,0,162.644,0,100,100,100,0,0
4,egress,6,S02,2,switch,12,128.791,0,128.791,0,100,100,100,37.267,0
4,egress,6,S02,3,switch,13,194.048,0,8.3355,0,100,100,100,0,0
4,egress,6,S02,4,terminal,12,1000,0,34.869,0,100,100,100,0,0
4,egress,60,S44,0,switch,18,203.923,0,0,100,0,100,100,0.637,1
4,egress,60,S44,1,switch,7,207.424,25.285,25.285,0,25.285,0,100,0,0
4,egress,61,S46,0,switch,7,136.971,63.029,63.029,0,63.029,0,100,0,0
4,egress,61,S46,1,switch,57,199.213,0,100.222,0,0,0,100,0,0
4,egress,61,S46,2,terminal,122,1000,0,0.222,0,0,0,100,0,0
4,egress,61,S46,3,terminal,123,1000,0,0.222,0,0,0,100,0,0
4,egress,62,S56,0,switch,53,164.993,0,95.4795,0,0,0,100,0,0
4,egress,62,S56,0,switch,53,164.993,27.108,27.108,0,27.108,0,100,0,0
4,egress,7,S45,0,switch,27,292,0,38.639,0,100,100,100,0,0
4,egress,7,S45,1,switch,60,100.637,0,100.637,100,0,100,100,53.4197,3
4,egress,7,S45,2,switch,61,100.666,0,0.666,0,100,100,100,184.775,0
4,egress,7,S45,2,switch,61,100.666,100,100,0,100,0,100,0,0
4,egress,7,S45,3,terminal,14,1000,0,156.899,0,0,0,100,0,0
4,egress,7,S45,4,terminal,15,1000,0,31.677,0,0,0,100,0,0
4,egress,8,S52,0,switch,1,255.562,0,135.597,0,0,0,100,0,0
4,egress,8,S52,4,terminal,16,1000,0,95.4795,0,0,0,100,0,0
4,egress,9,S59,1,switch,32,232.452,0,126.36,0,0,0,100,0,0
4,egress,9,S59,1,switch,32,232.452,18.566,18.566,0,18.566,0,100,0,0
4,egress,9,S59,6,terminal,19,1000,0,13.541,0,0,0,100,0,0
5,egress,0,S00,0,switch,1,183.324,0,183.324,100,0,100,100,460.911,1
5,egress,0,S00,1,switch,2,106.121,13.008,13.008,0,13.008,0,100,0,0
5,egress,0,S00,2,switch,3,149.8,0,9.969,0,0,0,100,0,0
5,egress,0,S00,3,switch,4,180.219,86.992,86.992,0,100,13.008,100,0,0
5,egress,0,S00,4,switch,5,102.034,0,93.455,0,0,0,100,0,0
5,egress,1,S01,0,switch,0,159.728,0,159.728,0,0,0,100,0,0
5,egress,1,S01,1,switch,6,265.041,0,265.041,0,0,0,100,0,0
5,egress,1,S01,2,switch,7,132.025,25.7065,25.7065,0,25.7065,0,100,0,0
5,egress,1,S01,3,switch,8,206.324,0,69.366,0,0,0,100,0,0
5,egress,1,S01,6,terminal,2,1000,0,112.305,0,0,0,100,0,0
5,egress,1,S01,7,terminal,3,1000,0,204.963,0,0,0,100,0,0
5,egress,10,S61,0,switch,1,227.172,0,227.172,61.648,38.352,100,100,249.798,1
5,egress,10,S61,2,switch,42,279.867,0,49.245,0,0,0,100,0,0
5,egress,10,S61,4,switch,55,207.652,0,9.1295,0,0,0,100,0,0
5,egress,10,S61,5,switch,31,158.461,0,58.461,38.352,0,38.352,100,0,1
5,egress,10,S61,5,switch,31,158.461,100,100,0,100,0,100,0,0
5,egress,10,S61,7,terminal,21,1000,0,110.17,0,0,0,100,0,0
5,egress,11,S03,0,switch,6,132.338,0,66.169,0,0,0,100,0,0
5,egress,11,S03,4,terminal,22,1000,0,530.312,0,0,0,100,0,0
5,egress,12,S04,0,switch,6,184.169,29.214,0,29.214,92.1555,92.1555,100,0,1
5,egress,12,S04,0,switch,6,184.169,29.214,184.169,100,29.214,100,100,112.412,2
5,egress,12,S04,2,switch,15,124.853,41.3685,41.3685,0,70.5825,29.214,100,0,0
5,egress,12,S04,4,switch,17,249.248,0,249.248,0,100,100,100,181.463,0
5,egress,12,S04,5,switch,18,178.427,21.573,21.573,0,92.1555,70.5825,100,0,0
5,egress,12,S04,6,terminal,24,1000,0,134.869,0,29.214,29.214,100,0,0
5,egress,12,S04,7,terminal,25,1000,0,128.791,0,100,100,100,0,0
5,egress,13,S40,0,switch,6,162.644,0,136.948,85.377,0,85.377,100,0,1
5,egress,13,S40,0,switch,6,162.644,25.696,25.696,0,76.8,51.104,100,0,0
5,egress,13,S40,2,switch,50,160.169,0,108.336,0,85.377,85.377,100,0,0
5,egress,13,S40,2,switch,50,160.169,51.104,51.104,0,51.104,0,100,0,0
5,egress,13,S40,3,switch,23,211.313,0,211.313,14.623,85.377,100,100,96.1211,1
5,egress,13,S40,4,switch,59,239.712,0,18.259,0,85.377,85.377,100,0,0
5,egress,14,S58,0,switch,11,169.38,0,169.38,0,100,100,100,156.396,0
5,egress,14,S58,1,switch,42,232.511,0,232.511,100,0,100,100,76.183,1
5,egress,15,S05,0,switch,12,134.869,0,72.0885,0,0,0,100,0,0
5,egress,15,S05,0,switch,12,134.869,35.185,35.185,0,35.185,0,100,0,0
5,egress,15,S05,1,switch,19,212.416,0,212.416,100,0,100,100,269.806,1
5,egress,15,S05,2,switch,20,256.175,0,87.354,0,0,0,100,0,0
5,egress,15,S05,4,terminal,30,1000,0,112.83,0,0,0,100,0,0
5,egress,15,S05,5,terminal,31,1000,0,100,0,0,0,100,0,0
5,egress,16,S11,0,switch,12,200.84,0,200.84,0,100,100,100,0,0
5,egress,16,S11,1,switch,2,104.704,0,104.704,100,0,100,100,228.347,1
5,egress,16,S11,2,switch,28,168.312,0,143.986,0,100,100,100,0,0
5,egress,16,S11,3,terminal,32,1000,0,19.1292,0,100,100,100,0,0
5,egress,16,S11,4,terminal,33,1000,0,58.6315,0,100,100,100,0,0
5,egress,17,S35,1,switch,56,252.252,0,252.252,100,0,100,100,109.805,1
5,egress,17,S35,2,switch,23,169.342,0,160.926,0,100,100,100,152.684,0
5,egress,17,S35,2,switch,23,169.342,8.416,8.416,0,8.416,0,100,0,0
5,egress,18,S43,0,switch,38,157.659,0,57.659,54.282,45.718,100,100,509.663,1
5,egress,18,S43,0,switch,38,157.659,100,100,0,100,0,100,0,0
5,egress,18,S43,1,switch,60,132.709,0,132.709,45.718,0,45.718,100,0,1
5,egress,19,S06,0,switch,15,170.98,0,170.98,56.4325,43.5675,100,100,315.545,1
5,egress,19,S06,2,switch,23,267,0,267,43.5675,0,43.5675,100,0,1
5,egress,19,S06,3,switch,10,169.014,0,118.259,0,100,100,100,0,0
5,egress,19,S06,5,terminal,39,1000,0,87.584,0,43.5675,43.5675,100,0,0
5,egress,2,S10,0,switch,27,137.994,0,137.994,0,0,0,100,0,0
5,egress,2,S10,1,switch,16,243.793,0,243.793,100,0,100,100,222.733,1
5,egress,2,S10,2,terminal,4,1000,0,114.157,0,0,0,100,0,0
5,egress,20,S15,0,switch,15,112.83,0,48.8685,0,0,0,100,0,0
5,egress,20,S15,0,switch,15,112.83,23.7818,23.7818,0,23.7818,0,100,0,0
5,egress,20,S15,4,switch,32,143.593,0,143.593,100,0,100,100,684.967,1
5,egress,20,S15,5,switch,33,232.696,0,141.101,0,0,0,100,0,0
5,egress,21,S53,2,switch,8,135.597,0,135.597,100,0,100,100,494.031,1
5,egress,21,S53,3,switch,63,178.955,0,100,0,0,0,100,0,0
5,egress,22,S07,0,switch,19,118.259,0,36.518,100,0,100,100,554.963,1
5,egress,22,S07,0,switch,19,118.259,81.741,81.741,0,81.741,0,100,0,0
5,egress,22,S07,2,switch,25,128.19,0,45.8175,0,100,100,100,0,0
5,egress,22,S07,3,switch,26,124.406,0,83.8115,0,100,100,100,0,0
5,egress,23,S39,2,switch,50,253.771,0,253.771,0,0,0,100,0,0
5,egress,23,S39,3,switch,13,140.319,0,100,0,0,0,100,0,0
5,egress,23,S39,4,switch,58,247.444,0,247.444,100,0,100,100,89.9432,1
5,egress,23,S39,6,terminal,47,1000,0,220.997,0,100,100,100,0,0
5,egress,24,S08,0,switch,22,182.424,0,182.424,100,0,100,100,488.262,2
5,egress,24,S08,1,switch,27,295.728,0,34.5758,0,0,0,100,0,0
5,egress,24,S08,2,terminal,48,1000,0,59.258,0,100,100,100,0,0
5,egress,25,S16,0,switch,22,153.62,0,153.62,100,0,100,100,83.6098,1
5,egress,25,S16,1,switch,20,119.9,0,59.95,0,100,100,100,0,0
5,egress,25,S16,2,switch,35,135.775,0,14.8145,0,0,0,100,0,0
5,egress,25,S16,4,terminal,51,1000,0,122.733,0,0,0,100,0,0
5,egress,26,S33,0,switch,3,174.708,0,174.708,14.8145,0,14.8145,100,0,1
5,egress,26,S33,2,switch,33,257.766,0,29.167,0,0,0,100,0,0
5,egress,26,S33,3,switch,7,131.677,0,131.677,85.1855,14.8145,100,100,104.417,1
5,egress,26,S33,4,terminal,52,1000,0,100,0,0,0,100,0,0
5,egress,26,S33,5,terminal,53,1000,0,70.833,0,0,0,100,0,0
5,egress,27,S09,0,switch,24,129.629,0,111.04,0,100,100,100,6.64,0
5,egress,27,S09,0,switch,24,129.629,18.5885,18.5885,0,18.5885,0,100,0,0
5,egress,27,S09,2,switch,7,126.429,0,0,100,0,100,100,343.764,1
5,egress,27,S09,3,terminal,54,1000,0,169.874,0,100,100,100,0,0
5,egress,27,S09,4,terminal,55,1000,0,100,0,0,0,100,0,0
5,egress,28,S12,0,switch,16,293.496,0,77.5853,0,100,100,100,0,0
5,egress,28,S12,1,switch,29,167.904,0,167.904,100,0,100,100,266.669,1
5,egress,28,S12,2,switch,20,296.117,0,296.117,0,100,100,100,64.4893,0
5,egress,28,S12,3,terminal,56,1000,0,81.2643,0,0,0,100,0,0
5,egress,28,S12,4,terminal,57,1000,0,136.117,0,0,0,100,0,0
5,egress,29,S13,1,switch,24,131.235,0,131.235,0,100,100,100,351.105,0
5,egress,29,S13,2,switch,28,248.906,0,248.906,100,0,100,100,66.0375,1
5,egress,3,S27,0,switch,0,119.129,0,24.834,0,50.8215,50.8215,100,0,0
5,egress,3,S27,2,switch,49,266.441,0,154.451,0,100,100,100,0,0
5,egress,3,S27,3,switch,45,296.659,0,296.659,50.8215,0,50.8215,100,0,1
5,egress,3,S27,4,switch,26,158.334,0,158.334,49.1785,50.8215,100,100,354.363,1
5,egress,3,S27,5,terminal,6,1000,0,151.661,0,50.8215,50.8215,100,0,0
5,egress,30,S14,1,switch,20,100.691,0,100.691,100,0,100,100,276.393,1
5,egress,30,S14,2,switch,31,290.433,0,290.433,0,100,100,100,222.362,0
5,egress,31,S62,0,switch,29,171.288,0,29.2305,0,0,0,100,0,0
5,egress,31,S62,1,switch,30,134.823,0,134.823,100,0,100,100,535.221,1
5,egress,31,S62,3,switch,5,238.676,0,100,0,0,0,100,0,0
5,egress,31,S62,4,terminal,62,1000,0,103.185,0,100,100,100,0,0
5,egress,31,S62,5,terminal,63,1000,0,45.946,0,100,100,100,0,0
5,egress,32,S21,1,switch,43,261.425,0,261.425,100,0,100,100,94.1007,2
5,egress,32,S21,3,terminal,64,1000,0,226.091,0,100,100,100,0,0
5,egress,32,S21,4,terminal,65,1000,0,152.713,0,100,100,100,0,0
5,egress,33,S34,0,switch,26,235.741,0,235.741,100,0,100,100,17.8705,1
5,egress,33,S34,2,terminal,66,1000,0,129.167,0,0,0,100,0,0
5,egress,34,S57,0,switch,20,180.835,0,180.835,0,100,100,100,384.743,0
5,egress,34,S57,2,switch,14,113.541,0,113.541,100,0,100,100,303.133,1
5,egress,35,S17,0,switch,25,277.107,0,100,0,100,100,100,0,0
5,egress,35,S17,1,switch,36,182.906,0,182.906,0,100,100,100,480.071,0
5,egress,35,S17,2,switch,37,246.878,0,246.878,100,0,100,100,140.343,1
5,egress,35,S17,4,terminal,70,1000,0,63.202,0,100,100,100,0,0
5,egress,35,S17,5,terminal,71,1000,0,32.08,0,100,100,100,0,0
5,egress,36,S18,0,switch,35,247.316,0,247.316,100,0,100,100,467.593,2
5,egress,36,S18,3,switch,41,132.08,0,69.189,0,100,100,100,0,0
5,egress,36,S18,3,switch,41,132.08,3.7275,3.7275,0,3.7275,0,100,0,0
5,egress,36,S18,4,terminal,72,1000,0,17.8875,0,0,0,100,0,0
5,egress,36,S18,5,terminal,73,1000,0,48.6985,0,0,0,100,0,0
5,egress,37,S32,0,switch,0,103.31,0,51.655,0,100,100,100,0,0
5,egress,37,S32,1,switch,35,254.068,0,254.068,100,0,100,100,135.552,1
5,egress,38,S42,0,switch,42,176.64,0,176.64,0,0,0,100,0,0
5,egress,38,S42,2,switch,59,146.129,0,146.129,100,0,100,100,271.676,1
5,egress,39,S19,0,switch,36,204.72,0,102.36,0,100,100,100,0,0
5,egress,39,S19,1,switch,42,146.524,0,146.524,100,0,100,100,292.89,1
5,egress,39,S19,2,terminal,78,1000,0,69.014,0,0,0,100,0,0
5,egress,4,S37,2,switch,56,222.018,0,55.754,0,84.3555,84.3555,100,0,0
5,egress,4,S37,3,switch,50,165.152,0,165.152,84.3555,0,84.3555,100,0,2
5,egress,4,S37,4,terminal,8,1000,0,485.165,0,84.3555,84.3555,100,0,0
5,egress,4,S37,5,terminal,9,1000,0,67.4345,0,84.3555,84.3555,100,0,0
5,egress,40,S29,0,switch,36,264.754,0,264.754,0,100,100,100,0,0
5,egress,40,S29,1,switch,45,131.396,0,11.3665,0,100,100,100,0,0
5,egress,40,S29,2,switch,52,207.828,0,88.6335,0,100,100,100,0,0
5,egress,40,S29,3,switch,38,184.858,0,102.827,0,100,100,100,0,0
5,egress,40,S29,5,switch,53,191.77,0,191.77,100,0,100,100,280.245,1
5,egress,40,S29,6,terminal,80,1000,0,109.864,0,0,0,100,0,0
5,egress,41,S49,0,switch,11,188.868,0,188.868,100,0,100,100,483.184,1
5,egress,41,S49,3,switch,7,234.831,0,67.92,0,0,0,100,0,0
5,egress,41,S49,7,terminal,83,1000,0,215.015,0,0,0,100,0,0
5,egress,42,S20,0,switch,39,264.967,0,109.129,0,0,0,100,0,0
5,egress,42,S20,1,switch,32,241.877,0,241.877,0,100,100,100,233.489,0
5,egress,42,S20,2,switch,3,251.806,0,34.1892,0,100,100,100,0,0
5,egress,42,S20,4,switch,10,119.666,0,119.666,100,0,100,100,295.428,1
5,egress,43,S22,0,switch,0,203.304,0,203.304,100,0,100,100,110.112,1
5,egress,43,S22,4,switch,45,155.693,0,155.693,0,100,100,100,367.697,0
5,egress,43,S22,5,terminal,86,1000,0,109.404,0,100,100,100,0,0
5,egress,44,S23,0,switch,43,211.017,0,211.017,0,100,100,100,0,0
5,egress,44,S23,1,switch,46,260.38,0,260.38,100,0,100,100,64.3382,1
5,egress,44,S23,2,terminal,88,1000,0,71.7965,0,100,100,100,0,0
5,egress,45,S28,0,switch,15,170.054,0,170.054,0,100,100,100,87.354,0
5,egress,45,S28,2,switch,43,227.415,0,227.415,100,0,100,100,68.482,1
5,egress,45,S28,3,switch,3,145.823,0,39.39,0,100,100,100,0,0
5,egress,45,S28,4,switch,40,130.054,0,24.835,0,100,100,100,0,0
5,egress,45,S28,8,terminal,91,1000,0,11.3665,0,100,100,100,0,0
5,egress,46,S24,1,switch,44,217.722,0,217.722,0,0,0,100,0,0
5,egress,46,S24,3,switch,48,198.106,0,198.106,0,0,0,100,0,0
5,egress,47,S25,0,switch,46,291.732,0,145.866,0,0,0,100,0,0
5,egress,47,S25,1,switch,49,203.648,0,203.648,100,0,100,100,76.9047,1
5,egress,47,S25,4,switch,51,120.167,0,67.172,0,100,100,100,0,0
5,egress,47,S25,4,switch,51,120.167,25.322,25.322,0,25.322,0,100,0,0
5,egress,48,S50,0,switch,46,141.711,0,141.711,100,0,100,100,129.327,1
5,egress,48,S50,3,switch,10,118.54,0,118.54,0,100,100,100,467.399,0
5,egress,48,S50,5,terminal,97,1000,0,1.894,0,0,0,100,0,0
5,egress,49,S26,0,switch,43,126.404,0,126.404,63.202,0,63.202,100,0,1
5,egress,49,S26,3,terminal,98,1000,0,187.87,0,63.202,63.202,100,0,0
5,egress,49,S26,4,terminal,99,1000,0,10.4653,0,63.202,63.202,100,0,0
5,egress,5,S63,0,switch,0,259.679,0,259.679,44.941,0,44.941,100,0,1
5,egress,5,S63,1,switch,14,280.605,0,280.605,55.059,44.941,100,100,10.629,1
5,egress,5,S63,3,terminal,10,1000,0,161.984,0,44.941,44.941,100,0,0
5,egress,5,S63,4,terminal,11,1000,0,116.009,0,100,100,100,0,0
5,egress,50,S38,2,switch,4,290.506,0,80.0845,0,100,100,100,0,0
5,egress,50,S38,3,switch,23,184.166,0,184.166,60.799,39.201,100,100,242.179,1
5,egress,50,S38,4,switch,13,269.258,0,269.258,39.201,0,39.201,100,0,1
5,egress,50,S38,5,switch,57,190.285,0,80.0845,0,0,0,100,0,0
5,egress,50,S38,7,terminal,101,1000,0,44.246,0,0,0,100,0,0
5,egress,51,S48,0,switch,57,201.033,0,100,0,0,0,100,0,0
5,egress,51,S48,1,switch,41,119.175,0,119.175,100,0,100,100,639.798,1
5,egress,51,S48,3,terminal,103,1000,0,120.167,0,0,0,100,0,0
5,egress,52,S30,0,switch,28,196.927,0,134.188,0,100,100,100,289.818,0
5,egress,52,S30,0,switch,28,196.927,62.7385,62.7385,0,100,37.2615,100,0,0
5,egress,52,S30,1,switch,40,109.864,0,24.4885,0,100,100,100,0,0
5,egress,52,S30,1,switch,40,109.864,37.2615,37.2615,0,37.2615,0,100,0,0
5,egress,52,S30,3,switch,13,157.989,0,157.989,100,0,100,100,234.81,1
5,egress,52,S30,4,terminal,104,1000,0,98.4835,0,0,0,100,0,0
5,egress,53,S55,0,switch,15,170.836,0,170.836,100,0,100,100,363.153,2
5,egress,53,S55,5,terminal,106,1000,0,68.267,0,0,0,100,0,0
5,egress,53,S55,6,terminal,107,1000,0,95.4795,0,0,0,100,0,0
5,egress,54,S31,0,switch,52,115.713,100,100,0,100,0,100,0,0
5,egress,54,S31,1,switch,37,242.335,0,242.335,100,0,100,100,21.1675,1
5,egress,55,S60,0,switch,44,280.017,0,280.017,69.6806,0,69.6806,100,0,1
5,egress,55,S60,1,switch,37,243.133,0,243.133,30.3194,69.6806,100,100,68.4064,1
5,egress,56,S36,2,switch,4,112.305,0,112.305,100,0,100,100,331.547,2
5,egress,56,S36,3,switch,23,284.309,0,186.4,0,0,0,100,0,0
5,egress,56,S36,4,terminal,112,1000,0,90.072,0,0,0,100,0,0
5,egress,57,S47,0,switch,52,179.939,0,179.939,100,0,100,100,297.068,1
5,egress,57,S47,2,switch,61,259.693,0,129.846,0,0,0,100,0,0
5,egress,57,S47,4,terminal,114,1000,0,166.262,0,0,0,100,0,0
5,egress,58,S51,0,switch,54,230.135,0,230.135,100,0,100,100,139.696,1
5,egress,58,S51,3,switch,8,148.654,0,148.654,0,100,100,100,242.972,0
5,egress,59,S41,1,switch,38,116.009,0,116.009,100,0,100,100,466.513,1
5,egress,6,S02,0,switch,1,138.732,0,38.732,100,0,100,100,629.927,1
5,egress,6,S02,0,switch,1,138.732,100,100,0,100,0,100,0,0
5,egress,6,S02,1,switch,11,173.682,0,162.644,0,0,0,100,0,0
5,egress,6,S02,2,switch,12,128.791,0,46.5817,0,100,100,100,0,0
5,egress,6,S02,4,terminal,12,1000,0,63.202,0,0,0,100,0,0
5,egress,60,S44,0,switch,18,203.923,100,0,100,100,100,100,0,1
5,egress,60,S44,0,switch,18,203.923,100,203.923,100,100,100,100,25.1593,1
5,egress,60,S44,1,switch,7,207.424,0,207.424,0,100,100,100,0,0
5,egress,60,S44,2,terminal,120,1000,0,100.84,0,100,100,100,0,0
5,egress,60,S44,3,terminal,121,1000,0,75.4778,0,100,100,100,0,0
5,egress,61,S46,1,switch,57,199.213,0,199.213,99.6065,0,99.6065,100,0,1
5,egress,61,S46,2,terminal,122,1000,0,0.222,0,99.6065,99.6065,100,0,0
5,egress,61,S46,3,terminal,123,1000,0,100.444,0,99.6065,99.6065,100,0,0
5,egress,62,S56,0,switch,53,164.993,0,164.993,100,0,100,100,911.054,2
5,egress,63,S54,0,switch,15,172.792,0,172.792,100,0,100,100,331.785,1
5,egress,63,S54,3,terminal,126,1000,0,112.83,0,0,0,100,0,0
5,egress,7,S45,0,switch,27,292,0,292,0,100,100,100,146,0
5,egress,7,S45,1,switch,60,100.637,100,0,100,100,100,100,0,3
5,egress,7,S45,1,switch,60,100.637,100,0,100,100,100,100,141.944,3
5,egress,7,S45,2,switch,61,100.666,0,22.1607,0,100,100,100,0,0
5,egress,7,S45,3,terminal,14,1000,0,88.314,0,100,100,100,0,0
5,egress,7,S45,4,terminal,15,1000,0,92.729,0,100,100,100,0,0
5,egress,8,S52,0,switch,1,255.562,0,160.24,0,100,100,100,0,0
5,egress,8,S52,3,switch,21,105.455,0,105.455,100,0,100,100,159.855,1
5,egress,8,S52,4,terminal,16,1000,0,85.7485,0,100,100,100,0,0
5,egress,8,S52,5,terminal,17,1000,0,38.6935,0,100,100,100,0,0
5,egress,9,S59,2,switch,21,160.744,0,160.744,0,100,100,100,377.146,0
5,egress,9,S59,4,switch,55,140.378,0,140.378,100,0,100,100,175.178,1
5,egress,9,S59,6,terminal,19,1000,0,100,0,0,0,100,0,0
6,egress,0,S00,0,switch,1,183.324,0,83.324,8.49077,31.164,39.6548,100,0,1
6,egress,0,S00,0,switch,1,183.324,100,100,0,100,0,100,0,0
6,egress,0,S00,1,switch,2,106.121,0,106.121,60.3452,39.6548,100,100,321.351,1
6,egress,0,S00,3,switch,4,180.219,0,180.219,31.164,0,31.164,100,0,1
6,egress,1,S01,0,switch,0,159.728,0,159.728,0.224839,99.7752,100,100,254.053,1
6,egress,1,S01,1,switch,6,265.041,0,265.041,99.7752,0,99.7752,100,0,2
6,egress,1,S01,2,switch,7,132.025,0,46.609,0,100,100,100,0,0
6,egress,1,S01,3,switch,8,206.324,0,66.3017,0,99.7752,99.7752,100,0,0
6,egress,1,S01,4,switch,9,251.018,0,61.108,0,99.7752,99.7752,100,0,0
6,egress,1,S01,6,terminal,2,1000,0,61.108,0,0,0,100,0,0
6,egress,1,S01,7,terminal,3,1000,0,45.3697,0,100,100,100,0,0
6,egress,10,S61,0,switch,1,227.172,0,75.9448,0,100,100,100,0,0
6,egress,10,S61,0,switch,1,227.172,61.648,61.648,0,61.648,0,100,0,0
6,egress,10,S61,2,switch,42,279.867,0,73.944,0,100,100,100,0,0
6,egress,10,S61,4,switch,55,207.652,0,44.315,0,100,100,100,0,0
6,egress,10,S61,5,switch,31,158.461,0,120.109,100,0,100,100,18.097,2
6,egress,10,S61,5,switch,31,158.461,38.352,38.352,0,100,61.648,100,0,0
6,egress,11,S03,0,switch,6,132.338,0,132.338,100,0,100,100,69.0359,1
6,egress,11,S03,1,switch,12,213.202,0,94.434,0,100,100,100,0,0
6,egress,11,S03,2,switch,14,127.424,0,94.434,0,100,100,100,0,0
6,egress,11,S03,4,terminal,22,1000,0,162.644,0,100,100,100,0,0
6,egress,12,S04,0,switch,6,184.169,0,84.169,100,0,100,100,16.671,1
6,egress,12,S04,0,switch,6,184.169,100,100,0,100,0,100,0,0
6,egress,12,S04,1,switch,11,186.587,0,67.4345,0,0,0,100,0,0
6,egress,12,S04,6,terminal,24,1000,0,39.839,0,0,0,100,0,0
6,egress,12,S04,7,terminal,25,1000,0,46.5817,0,100,100,100,0,0
6,egress,13,S40,0,switch,6,162.644,0,77.267,100,0,100,100,97.6835,1
6,egress,13,S40,0,switch,6,162.644,85.377,85.377,0,85.377,0,100,0,0
6,egress,13,S40,2,switch,50,160.169,0,157.989,0,100,100,100,0,0
6,egress,13,S40,3,switch,23,211.313,14.623,14.623,0,100,85.377,100,0,0
6,egress,13,S40,4,switch,59,239.712,0,100,0,100,100,100,0,0
6,egress,14,S58,1,switch,42,232.511,0,132.511,100,0,100,100,161.635,1
6,egress,14,S58,1,switch,42,232.511,100,100,0,100,0,100,0,0
6,egress,15,S05,0,switch,12,134.869,0,134.869,12.938,87.062,100,100,69.041,1
6,egress,15,S05,1,switch,19,212.416,100,100,0,100,0,100,0,0
6,egress,15,S05,2,switch,20,256.175,0,256.175,87.062,0,87.062,100,0,4
6,egress,15,S05,3,switch,21,137.945,0,137.945,0,100,100,100,118.453,0
6,egress,15,S05,4,terminal,30,1000,0,72.6503,0,100,100,100,0,0
6,egress,15,S05,5,terminal,31,1000,0,41.3685,0,87.062,87.062,100,0,0
6,egress,16,S11,0,switch,12,200.84,0,200.84,100,0,100,100,80.1849,2
6,egress,16,S11,1,switch,2,104.704,100,100,0,100,0,100,0,0
6,egress,16,S11,3,terminal,32,1000,0,22.733,0,0,0,100,0,0
6,egress,16,S11,4,terminal,33,1000,0,54.8523,0,100,100,100,0,0
6,egress,17,S35,1,switch,56,252.252,100,100,0,100,0,100,0,0
6,egress,17,S35,2,switch,23,169.342,0,169.342,79.906,0,79.906,100,0,1
6,egress,18,S43,0,switch,38,157.659,0,103.377,100,0,100,100,55.3987,1
6,egress,18,S43,0,switch,38,157.659,54.282,54.282,0,100,45.718,100,0,0
6,egress,18,S43,1,switch,60,132.709,0,21.573,0,100,100,100,0,0
6,egress,18,S43,1,switch,60,132.709,45.718,45.718,0,45.718,0,100,0,0
6,egress,18,S43,2,terminal,36,1000,0,25.1593,0,100,100,100,0,0
6,egress,19,S06,0,switch,15,170.98,56.4325,56.4325,0,56.4325,0,100,0,0
6,egress,19,S06,2,switch,23,267,0,18.259,0,100,100,100,0,0
6,egress,19,S06,2,switch,23,267,43.5675,43.5675,0,100,56.4325,100,0,0
6,egress,19,S06,3,switch,10,169.014,0,169.014,100,0,100,100,43.402,2
6,egress,2,S10,0,switch,27,137.994,0,137.994,100,0,100,100,4.704,2
6,egress,2,S10,1,switch,16,243.793,100,100,0,100,0,100,0,0
6,egress,2,S10,2,terminal,4,1000,0,13.008,0,0,0,100,0,0
6,egress,20,S15,1,switch,28,153.051,0,153.051,27.784,70.116,97.9,100,0,1
6,egress,20,S15,4,switch,32,143.593,0,43.593,11.2593,0,11.2593,100,0,1
6,egress,20,S15,4,switch,32,143.593,100,100,0,100,0,100,0,0
6,egress,20,S15,5,switch,33,232.696,0,110.328,0,11.2593,11.2593,100,0,0
6,egress,20,S15,6,switch,13,232.721,0,232.721,58.8567,11.2593,70.116,100,0,1
6,egress,20,S15,8,terminal,40,1000,0,87.354,0,70.116,70.116,100,0,0
6,egress,21,S53,0,switch,15,263.511,0,160.744,0,0,0,100,0,0
6,egress,21,S53,2,switch,8,135.597,100,100,0,100,0,100,0,0
6,egress,21,S53,3,switch,63,178.955,0,105.455,0,0,0,100,0,0
6,egress,22,S07,0,switch,19,118.259,0,4.13907,0,0,0,100,0,0
6,egress,22,S07,0,switch,19,118.259,100,100,0,100,0,100,0,0
6,egress,22,S07,2,switch,25,128.19,0,60.808,0,100,100,100,0,0
6,egress,22,S07,3,switch,26,124.406,0,124.406,100,0,100,100,50.83,2
6,egress,23,S39,1,switch,56,105.799,0,105.799,0,100,100,100,372.514,0
6,egress,23,S39,2,switch,50,253.771,0,142.186,0,0,0,100,0,0
6,egress,23,S39,4,switch,58,247.444,0,147.444,100,0,100,100,229.137,1
6,egress,23,S39,4,switch,58,247.444,100,100,0,100,0,100,0,0
6,egress,23,S39,6,terminal,47,1000,0,63.328,0,0,0,100,0,0
6,egress,24,S08,0,switch,22,182.424,0,63.3432,0,0,0,100,0,0
6,egress,24,S08,0,switch,22,182.424,100,100,0,100,0,100,0,0
6,egress,24,S08,1,switch,27,295.728,0,131.235,0,0,0,100,0,0
6,egress,24,S08,2,terminal,48,1000,0,71.4545,0,0,0,100,0,0
6,egress,25,S16,0,switch,22,153.62,100,100,0,100,0,100,0,0
6,egress,25,S16,1,switch,20,119.9,0,119.588,0,0,0,100,0,0
6,egress,25,S16,2,switch,35,135.775,0,45.8175,0,0,0,100,0,0
6,egress,25,S16,4,terminal,51,1000,0,100,0,0,0,100,0,0
6,egress,26,S33,0,switch,3,174.708,0,159.893,100,0,100,100,230.873,2
6,egress,26,S33,0,switch,3,174.708,14.8145,14.8145,0,100,85.1855,100,0,0
6,egress,26,S33,1,switch,37,254.481,0,158.334,0,0,0,100,0,0
6,egress,26,S33,3,switch,7,131.677,85.1855,85.1855,0,85.1855,0,100,0,0
6,egress,27,S09,0,switch,24,129.629,0,129.629,0,100,100,100,427.064,0
6,egress,27,S09,2,switch,7,126.429,100,0,100,100,100,100,0,1
6,egress,27,S09,3,terminal,54,1000,0,34.5758,0,100,100,100,0,0
6,egress,28,S12,0,switch,16,293.496,0,89.459,0,0,0,100,0,0
6,egress,28,S12,1,switch,29,167.904,100,100,0,100,0,100,0,0
6,egress,28,S12,2,switch,20,296.117,0,296.117,100,0,100,100,61.1161,2
6,egress,28,S12,3,terminal,56,1000,0,119.129,0,0,0,100,0,0
6,egress,28,S12,4,terminal,57,1000,0,77.54,0,0,0,100,0,0
6,egress,29,S13,1,switch,24,131.235,0,131.235,36.669,0,36.669,100,0,1
6,egress,29,S13,2,switch,28,248.906,100,100,0,100,0,100,0,0
6,egress,29,S13,7,terminal,59,1000,0,29.2305,0,0,0,100,0,0
6,egress,3,S27,2,switch,49,266.441,0,39.39,0,0,0,100,0,0
6,egress,3,S27,3,switch,45,296.659,0,14.8145,0,0,0,100,0,0
6,egress,3,S27,3,switch,45,296.659,50.8215,50.8215,0,50.8215,0,100,0,0
6,egress,3,S27,4,switch,26,158.334,49.1785,49.1785,0,100,50.8215,100,0,0
6,egress,3,S27,5,terminal,6,1000,0,44.1582,0,0,0,100,0,0
6,egress,3,S27,6,terminal,7,1000,0,159.893,0,0,0,100,0,0
6,egress,30,S14,1,switch,20,100.691,0,0.691,100,0,100,100,34.132,2
6,egress,30,S14,1,switch,20,100.691,100,100,0,100,0,100,0,0
6,egress,31,S62,0,switch,29,171.288,0,58.461,0,0,0,100,0,0
6,egress,31,S62,1,switch,30,134.823,100,100,0,100,0,100,0,0
6,egress,31,S62,3,switch,5,238.676,0,190.433,0,0,0,100,0,0
6,egress,31,S62,4,terminal,62,1000,0,100,0,0,0,100,0,0
6,egress,31,S62,5,terminal,63,1000,0,100,0,0,0,100,0,0
6,egress,32,S21,0,switch,42,146.462,0,47.8643,0,0,0,100,0,0
6,egress,32,S21,1,switch,43,261.425,0,135.096,0,6.54933,6.54933,100,0,0
6,egress,32,S21,1,switch,43,261.425,100,100,0,100,0,100,0,0
6,egress,32,S21,2,switch,9,260.623,0,260.623,6.54933,0,6.54933,100,0,1
6,egress,32,S21,4,terminal,65,1000,0,70.4333,0,6.54933,6.54933,100,0,0
6,egress,33,S34,0,switch,26,235.741,0,124.966,0,0,0,100,0,0
6,egress,33,S34,0,switch,26,235.741,100,100,0,100,0,100,0,0
6,egress,33,S34,2,terminal,66,1000,0,170.268,0,0,0,100,0,0
6,egress,34,S57,2,switch,14,113.541,100,100,0,100,0,100,0,0
6,egress,35,S17,0,switch,25,277.107,0,82.4387,0,100,100,100,0,0
6,egress,35,S17,2,switch,37,246.878,0,82.4387,0,100,100,100,0,0
6,egress,35,S17,2,switch,37,246.878,100,100,0,100,0,100,0,0
6,egress,35,S17,3,switch,38,142.638,0,142.638,100,0,100,100,11.43,1
6,egress,35,S17,4,terminal,70,1000,0,97.2532,0,100,100,100,0,0
6,egress,36,S18,0,switch,35,247.316,100,100,0,100,0,100,0,0
6,egress,36,S18,3,switch,41,132.08,0,132.08,100,0,100,100,218.981,2
6,egress,36,S18,4,terminal,72,1000,0,83.9472,0,0,0,100,0,0
6,egress,36,S18,5,terminal,73,1000,0,15.0115,0,0,0,100,0,0
6,egress,37,S32,0,switch,0,103.31,0,103.31,100,0,100,100,385.199,1
6,egress,37,S32,1,switch,35,254.068,100,100,0,100,0,100,0,0
6,egress,37,S32,6,switch,55,286.166,0,246.878,0,100,100,100,0,0
6,egress,38,S42,0,switch,42,176.64,0,176.64,0,100,100,100,58.0045,0
6,egress,38,S42,1,switch,40,122.733,0,122.733,35.2715,0,35.2715,100,0,1
6,egress,38,S42,2,switch,59,146.129,0,46.129,64.7285,35.2715,100,100,49.6285,2
6,egress,38,S42,2,switch,59,146.129,100,100,0,100,0,100,0,0
6,egress,39,S19,0,switch,36,204.72,0,204.188,0,0,0,100,0,0
6,egress,39,S19,1,switch,42,146.524,100,100,0,100,0,100,0,0
6,egress,39,S19,2,terminal,78,1000,0,109.129,0,0,0,100,0,0
6,egress,4,S37,0,switch,0,203.508,0,56.1525,0,0,0,100,0,0
6,egress,4,S37,3,switch,50,165.152,0,32.8818,0,0,0,100,0,0
6,egress,4,S37,3,switch,50,165.152,84.3555,84.3555,0,84.3555,0,100,0,0
6,egress,4,S37,4,terminal,8,1000,0,59.8905,0,0,0,100,0,0
6,egress,4,S37,5,terminal,9,1000,0,136.237,0,0,0,100,0,0
6,egress,40,S29,0,switch,36,264.754,0,168.443,0,0,0,100,0,0
6,egress,40,S29,3,switch,38,184.858,0,24.835,0,0,0,100,0,0
6,egress,40,S29,5,switch,53,191.77,100,100,0,100,0,100,0,0
6,egress,40,S29,6,terminal,80,1000,0,61.75,0,0,0,100,0,0
6,egress,41,S49,0,switch,11,188.868,0,88.868,6.98251,0,6.98251,100,0,1
6,egress,41,S49,0,switch,11,188.868,100,100,0,100,0,100,0,0
6,egress,41,S49,5,switch,48,181.228,0,59.5875,0,6.98251,6.98251,100,0,0
6,egress,41,S49,7,terminal,83,1000,0,132.504,0,6.98251,6.98251,100,0,0
6,egress,42,S20,0,switch,39,264.967,0,264.967,0,100,100,100,16.789,0
6,egress,42,S20,4,switch,10,119.666,0,19.666,100,0,100,100,203.498,1
6,egress,42,S20,4,switch,10,119.666,100,100,0,100,0,100,0,0
6,egress,43,S22,0,switch,0,203.304,0,103.304,100,0,100,100,106.731,1
6,egress,43,S22,0,switch,0,203.304,100,100,0,100,0,100,0,0
6,egress,43,S22,1,switch,39,234.56,0,63.202,0,100,100,100,0,0
6,egress,43,S22,4,switch,45,155.693,0,155.693,0,100,100,100,6.52741,0
6,egress,43,S22,5,terminal,86,1000,0,290.803,0,100,100,100,0,0
6,egress,44,S23,0,switch,43,211.017,0,211.017,100,0,100,100,375.622,1
6,egress,44,S23,1,switch,46,260.38,100,100,0,100,0,100,0,0
6,egress,45,S28,0,switch,15,170.054,0,166.653,0,0,0,100,0,0
6,egress,45,S28,2,switch,43,227.415,100,100,0,100,0,100,0,0
6,egress,45,S28,4,switch,40,130.054,0,130.054,100,0,100,100,222.298,1
6,egress,45,S28,8,terminal,91,1000,0,11.3665,0,0,0,100,0,0
6,egress,46,S24,0,switch,27,256.86,0,256.86,30.717,0,30.717,100,0,2
6,egress,46,S24,1,switch,44,217.722,0,126.079,0,30.717,30.717,100,0,0
6,egress,46,S24,3,switch,48,198.106,0,198.106,0,30.717,30.717,100,0,0
6,egress,46,S24,4,terminal,92,1000,0,260.38,0,30.717,30.717,100,0,0
6,egress,47,S25,0,switch,46,291.732,0,250.308,0,0,0,100,0,0
6,egress,47,S25,1,switch,49,203.648,100,100,0,100,0,100,0,0
6,egress,48,S50,0,switch,46,141.711,100,100,0,100,0,100,0,0
6,egress,48,S50,1,switch,41,183.344,0,183.344,14.762,0,14.762,100,0,1
6,egress,49,S26,0,switch,43,126.404,0,63.202,100,0,100,100,167.179,2
6,egress,49,S26,0,switch,43,126.404,63.202,63.202,0,63.202,0,100,0,0
6,egress,49,S26,3,terminal,98,1000,0,123.055,0,0,0,100,0,0
6,egress,49,S26,4,terminal,99,1000,0,31.396,0,0,0,100,0,0
6,egress,5,S63,0,switch,0,259.679,44.941,44.941,0,100,55.059,100,0,0
6,egress,5,S63,1,switch,14,280.605,55.059,55.059,0,55.059,0,100,0,0
6,egress,5,S63,3,terminal,10,1000,0,193.455,0,0,0,100,0,0
6,egress,50,S38,0,switch,25,175.944,0,175.944,77.827,0,77.827,100,0,1
6,egress,50,S38,2,switch,4,290.506,0,139.104,0,0,0,100,0,0
6,egress,50,S38,3,switch,23,184.166,60.799,60.799,0,60.799,0,100,0,0
6,egress,50,S38,4,switch,13,269.258,0,82.576,0,0,0,100,0,0
6,egress,50,S38,4,switch,13,269.258,39.201,39.201,0,100,60.799,100,0,0
6,egress,50,S38,5,switch,57,190.285,0,20.3355,0,77.827,77.827,100,0,0
6,egress,50,S38,7,terminal,101,1000,0,82.576,0,0,0,100,0,0
6,egress,51,S48,1,switch,41,119.175,100,100,0,100,0,100,0,0
6,egress,51,S48,3,terminal,103,1000,0,92.494,0,0,0,100,0,0
6,egress,52,S30,0,switch,28,196.927,0,196.927,29.925,70.075,100,100,153.457,2
6,egress,52,S30,1,switch,40,109.864,0,109.864,70.075,0,70.075,100,0,1
6,egress,52,S30,3,switch,13,157.989,100,100,0,100,0,100,0,0
6,egress,53,S55,0,switch,15,170.836,0,60.9769,0,41.982,41.982,100,0,0
6,egress,53,S55,0,switch,15,170.836,100,100,0,100,0,100,0,0
6,egress,53,S55,1,switch,40,298.054,0,54.9977,0,0,0,100,0,0
6,egress,53,S55,3,switch,62,149.788,0,149.788,41.982,0,41.982,100,0,1
6,egress,53,S55,6,terminal,107,1000,0,54.9977,0,0,0,100,0,0
6,egress,54,S31,1,switch,37,242.335,0,142.335,100,0,100,100,116.262,1
6,egress,54,S31,1,switch,37,242.335,100,100,0,100,0,100,0,0
6,egress,55,S60,0,switch,44,280.017,69.6806,69.6806,0,100,30.3194,100,0,0
6,egress,55,S60,1,switch,37,243.133,0,140.378,0,0,0,100,0,0
6,egress,55,S60,1,switch,37,243.133,30.3194,30.3194,0,30.3194,0,100,0,0
6,egress,55,S60,4,terminal,110,1000,0,9.1295,0,0,0,100,0,0
6,egress,56,S36,0,switch,27,231.665,0,231.665,20.587,0,20.587,100,0,1
6,egress,56,S36,2,switch,4,112.305,100,100,0,100,0,100,0,0
6,egress,56,S36,3,switch,23,284.309,0,284.309,49.3286,20.587,69.9156,100,0,1
6,egress,57,S47,0,switch,52,179.939,0,79.939,19.6675,0,19.6675,100,0,1
6,egress,57,S47,0,switch,52,179.939,100,100,0,100,0,100,0,0
6,egress,57,S47,1,switch,50,259.289,0,99.6065,0,0,0,100,0,0
6,egress,57,S47,2,switch,61,259.693,0,259.018,0,0,0,100,0,0
6,egress,57,S47,4,terminal,114,1000,0,180.084,0,0,0,100,0,0
6,egress,58,S51,0,switch,54,230.135,100,100,0,100,0,100,0,0
6,egress,58,S51,3,switch,8,148.654,0,148.654,98.79,0,98.79,100,0,1
6,egress,59,S41,0,switch,13,132.99,0,73.0645,0,0,0,100,0,0
6,egress,59,S41,1,switch,38,116.009,0,16.009,42.8656,0,42.8656,100,0,1
6,egress,59,S41,1,switch,38,116.009,100,100,0,100,0,100,0,0
6,egress,59,S41,2,terminal,118,1000,0,18.259,0,0,0,100,0,0
6,egress,59,S41,3,terminal,119,1000,0,73.0645,0,0,0,100,0,0
6,egress,6,S02,0,switch,1,138.732,0,38.732,0,100,100,100,174.186,0
6,egress,6,S02,0,switch,1,138.732,100,100,0,100,0,100,0,0
6,egress,6,S02,1,switch,11,173.682,0,85.377,0,100,100,100,0,0
6,egress,6,S02,3,switch,13,194.048,0,194.048,100,0,100,100,155.162,1
6,egress,60,S44,0,switch,18,203.923,0,103.491,0,0,0,100,0,0
6,egress,60,S44,0,switch,18,203.923,100,100,0,100,0,100,0,0
6,egress,60,S44,1,switch,7,207.424,0,207.424,0,0,0,100,0,0
6,egress,60,S44,2,terminal,120,1000,0,132.709,0,0,0,100,0,0
6,egress,61,S46,0,switch,7,136.971,0,129.846,0,5.99631,5.99631,100,0,0
6,egress,61,S46,1,switch,57,199.213,0,99.6065,5.99631,0,5.99631,100,0,1
6,egress,61,S46,1,switch,57,199.213,99.6065,99.6065,0,99.6065,0,100,0,0
6,egress,61,S46,3,terminal,123,1000,0,22.1607,0,5.99631,5.99631,100,0,0
6,egress,62,S56,0,switch,53,164.993,100,100,0,100,0,100,0,0
6,egress,63,S54,0,switch,15,172.792,0,72.792,14.8999,0,14.8999,100,0,1
6,egress,63,S54,0,switch,15,172.792,100,100,0,100,0,100,0,0
6,egress,63,S54,3,terminal,126,1000,0,100,0,0,0,100,0,0
6,egress,7,S45,0,switch,27,292,0,292,0,100,100,100,208.183,0
6,egress,7,S45,1,switch,60,100.637,100,0,100,100,100,100,0,3
6,egress,7,S45,1,switch,60,100.637,100,100.637,100,100,100,100,124.666,3
6,egress,8,S52,0,switch,1,255.562,0,255.562,0,100,100,100,129.821,0
6,egress,8,S52,3,switch,21,105.455,0,5.455,100,0,100,100,43.199,1
6,egress,8,S52,3,switch,21,105.455,100,100,0,100,0,100,0,0
6,egress,8,S52,5,terminal,17,1000,0,69.366,0,100,100,100,0,0
6,egress,9,S59,4,switch,55,140.378,100,100,0,100,0,100,0,0
7,egress,0,S00,0,switch,1,183.324,0,174.833,0,100,100,100,8.49077,0
7,egress,0,S00,0,switch,1,183.324,8.49077,8.49077,0,100,91.5092,100,0,0
7,egress,0,S00,1,switch,2,106.121,0,45.7758,100,0,100,100,99.7563,3
7,egress,0,S00,1,switch,2,106.121,60.3452,60.3452,0,91.5092,31.164,100,0,0
7,egress,0,S00,2,switch,3,149.8,0,105.092,0,100,100,100,0,0
7,egress,0,S00,3,switch,4,180.219,0,126.422,0,0,0,100,0,0
7,egress,0,S00,3,switch,4,180.219,31.164,31.164,0,31.164,0,100,0,0
7,egress,0,S00,4,switch,5,102.034,0,90.3902,0,100,100,100,0,0
7,egress,1,S01,0,switch,0,159.728,0,159.503,0,100,100,100,189.671,0
7,egress,1,S01,0,switch,0,159.728,0.224839,0.224839,0,100,99.7752,100,0,0
7,egress,1,S01,1,switch,6,265.041,99.7752,0,99.7752,99.7752,99.7752,100,0,2
7,egress,1,S01,1,switch,6,265.041,99.7752,161.648,99.7752,100,100,100,0,2
7,egress,1,S01,2,switch,7,132.025,0,132.025,0.224839,99.7752,100,100,16.2578,1
7,egress,1,S01,3,switch,8,206.324,0,12.9107,0,100,100,100,0,0
7,egress,1,S01,4,switch,9,251.018,0,83.324,0,100,100,100,0,0
7,egress,1,S01,6,terminal,2,1000,0,12.9107,0,100,100,100,0,0
7,egress,10,S61,0,switch,1,227.172,0,28.092,0,41.539,41.539,100,0,0
7,egress,10,S61,2,switch,42,279.867,0,75.3775,0,41.539,41.539,100,0,0
7,egress,10,S61,4,switch,55,207.652,0,75.3775,0,41.539,41.539,100,0,0
7,egress,10,S61,5,switch,31,158.461,0,58.461,41.539,0,41.539,100,0,1
7,egress,10,S61,5,switch,31,158.461,100,100,0,100,0,100,0,0
7,egress,10,S61,6,terminal,20,1000,0,9.833,0,41.539,41.539,100,0,0
7,egress,11,S03,0,switch,6,132.338,0,32.338,14.3577,0,14.3577,100,0,1
7,egress,11,S03,0,switch,6,132.338,100,100,0,100,0,100,0,0
7,egress,11,S03,1,switch,12,213.202,0,88.868,0,14.3577,14.3577,100,0,0
7,egress,11,S03,2,switch,14,127.424,0,100,0,14.3577,14.3577,100,0,0
7,egress,11,S03,4,terminal,22,1000,0,85.377,0,14.3577,14.3577,100,0,0
7,egress,11,S03,5,terminal,23,1000,0,67.4345,0,14.3577,14.3577,100,0,0
7,egress,12,S04,0,switch,6,184.169,0,84.169,83.6855,0,83.6855,100,0,2
7,egress,12,S04,0,switch,6,184.169,100,100,0,100,0,100,0,0
7,egress,12,S04,1,switch,11,186.587,0,67.4345,0,0,0,100,0,0
7,egress,12,S04,2,switch,15,124.853,0,100.42,0,0,0,100,0,0
7,egress,12,S04,6,terminal,24,1000,0,94.434,0,0,0,100,0,0
7,egress,13,S40,0,switch,6,162.644,0,62.644,0,100,100,100,96.4778,0
7,egress,13,S40,0,switch,6,162.644,100,100,0,100,0,100,0,0
7,egress,13,S40,1,switch,52,151.023,0,59.95,0,0,0,100,0,0
7,egress,13,S40,2,switch,50,160.169,0,160.169,100,0,100,100,109.626,3
7,egress,13,S40,3,switch,23,211.313,0,97.024,0,0,0,100,0,0
7,egress,13,S40,4,switch,59,239.712,0,82.576,0,0,0,100,0,0
7,egress,14,S58,1,switch,42,232.511,0,132.511,22.548,0,22.548,100,0,1
7,egress,14,S58,1,switch,42,232.511,100,100,0,100,0,100,0,0
7,egress,14,S58,4,switch,5,193.819,0,94.434,0,22.548,22.548,100,0,0
7,egress,15,S05,0,switch,12,134.869,0,121.931,100,0,100,100,12.5071,1
7,egress,15,S05,0,switch,12,134.869,12.938,12.938,0,100,87.062,100,0,0
7,egress,15,S05,2,switch,20,256.175,0,169.113,0,100,100,100,179.005,0
7,egress,15,S05,2,switch,20,256.175,87.062,87.062,0,87.062,0,100,0,0
7,egress,15,S05,3,switch,21,137.945,0,137.945,0,100,100,100,9.88473,0
7,egress,15,S05,4,terminal,30,1000,0,54.9977,0,100,100,100,0,0
7,egress,16,S11,0,switch,12,200.84,100,0,100,100,100,100,0,2
7,egress,16,S11,0,switch,12,200.84,100,100,100,100,100,100,0,2
7,egress,16,S11,3,terminal,32,1000,0,89.459,0,100,100,100,0,0
7,egress,17,S35,2,switch,23,169.342,79.906,79.906,0,79.906,0,100,0,0
7,egress,18,S43,0,switch,38,157.659,0,57.659,100,0,100,100,18.4186,2
7,egress,18,S43,0,switch,38,157.659,100,100,0,100,0,100,0,0
7,egress,18,S43,2,terminal,36,1000,0,100,0,100,100,100,0,0
7,egress,19,S06,3,switch,10,169.014,0,69.014,100,0,100,100,35.1251,2
7,egress,19,S06,3,switch,10,169.014,100,100,0,100,0,100,0,0
7,egress,2,S10,0,switch,27,137.994,0,37.994,100,0,100,100,4.98827,2
7,egress,2,S10,0,switch,27,137.994,100,100,0,100,0,100,0,0
7,egress,2,S10,2,terminal,4,1000,0,24.834,0,0,0,100,0,0
7,egress,2,S10,3,terminal,5,1000,0,40.6435,0,0,0,100,0,0
7,egress,20,S15,1,switch,28,153.051,0,64.0438,0,0,0,100,0,0
7,egress,20,S15,1,switch,28,153.051,27.784,27.784,0,86.6407,58.8567,100,0,0
7,egress,20,S15,2,switch,30,254.167,0,64.0438,0,0,0,100,0,0
7,egress,20,S15,4,switch,32,143.593,0,132.334,43.1172,0,43.1172,100,0,1
7,egress,20,S15,4,switch,32,143.593,11.2593,11.2593,0,97.9,86.6407,100,0,0
7,egress,20,S15,5,switch,33,232.696,0,100,0,0,0,100,0,0
7,egress,20,S15,6,switch,13,232.721,0,173.864,56.8828,43.1172,100,100,74.242,2
7,egress,20,S15,6,switch,13,232.721,58.8567,58.8567,0,58.8567,0,100,0,0
7,egress,20,S15,8,terminal,40,1000,0,64.0438,0,0,0,100,0,0
7,egress,21,S53,0,switch,15,263.511,0,5.455,0,0,0,100,0,0
7,egress,21,S53,1,switch,40,137.143,0,68.9725,0,0,0,100,0,0
7,egress,21,S53,3,switch,63,178.955,0,100,0,0,0,100,0,0
7,egress,21,S53,4,switch,9,122.206,0,68.9725,0,0,0,100,0,0
7,egress,22,S07,0,switch,19,118.259,0,57.2668,0,0,0,100,0,0
7,egress,22,S07,2,switch,25,128.19,0,58.1745,0,0,0,100,0,0
7,egress,22,S07,3,switch,26,124.406,0,24.406,100,0,100,100,80.7627,3
7,egress,22,S07,3,switch,26,124.406,100,100,0,100,0,100,0,0
7,egress,23,S39,1,switch,56,105.799,0,58.1905,0,100,100,100,0,0
7,egress,23,S39,4,switch,58,247.444,100,0,100,100,100,100,0,1
7,egress,23,S39,4,switch,58,247.444,100,0,100,100,100,100,307.613,1
7,egress,23,S39,6,terminal,47,1000,0,225.096,0,100,100,100,0,0
7,egress,24,S08,0,switch,22,182.424,0,182.424,9.48806,0,9.48806,100,0,1
7,egress,24,S08,2,terminal,48,1000,0,131.235,0,0,0,100,0,0
7,egress,25,S16,0,switch,22,153.62,0,82.4387,0,0,0,100,0,0
7,egress,25,S16,1,switch,20,119.9,0,119.9,57.2876,0,57.2876,100,0,2
7,egress,25,S16,3,terminal,50,1000,0,175.944,0,57.2876,57.2876,100,0,0
7,egress,26,S33,0,switch,3,174.708,0,74.708,100,0,100,100,164.433,2
7,egress,26,S33,0,switch,3,174.708,100,100,0,100,0,100,0,0
7,egress,26,S33,1,switch,37,254.481,0,49.1785,0,0,0,100,0,0
7,egress,26,S33,5,terminal,53,1000,0,41.4687,0,0,0,100,0,0
7,egress,27,S09,0,switch,24,129.629,0,129.629,0,100,100,100,564.943,0
7,egress,27,S09,1,switch,2,200.787,0,128.43,0,100,100,100,0,0
7,egress,27,S09,2,switch,7,126.429,100,0,100,100,100,100,0,1
7,egress,27,S09,2,switch,7,126.429,100,126.429,100,100,100,100,133.236,1
7,egress,28,S12,0,switch,16,293.496,0,284.336,0,100,100,100,0,0
7,egress,28,S12,2,switch,20,296.117,100,0,100,100,100,100,0,2
7,egress,28,S12,2,switch,20,296.117,100,100,100,100,100,100,0,2
7,egress,28,S12,4,terminal,57,1000,0,65.6423,0,100,100,100,0,0
7,egress,29,S13,1,switch,24,131.235,0,94.566,5.434,0,5.434,100,0,1
7,egress,29,S13,1,switch,24,131.235,36.669,36.669,0,36.669,0,100,0,0
7,egress,29,S13,7,terminal,59,1000,0,58.461,0,5.434,5.434,100,0,0
7,egress,3,S27,2,switch,49,266.441,0,39.9734,0,0,0,100,0,0
7,egress,3,S27,3,switch,45,296.659,0,79.9467,0,0,0,100,0,0
7,egress,3,S27,6,terminal,7,1000,0,54.7879,0,0,0,100,0,0
7,egress,30,S14,1,switch,20,100.691,0,0.691,99.309,0,99.309,100,0,1
7,egress,30,S14,1,switch,20,100.691,100,100,0,100,0,100,0,0
7,egress,31,S62,0,switch,29,171.288,0,98.4065,0,0,0,100,0,0
7,egress,31,S62,4,terminal,62,1000,0,60.0545,0,0,0,100,0,0
7,egress,32,S21,0,switch,42,146.462,0,100,0,0,0,100,0,0
7,egress,32,S21,1,switch,43,261.425,0,179.941,0,0,0,100,0,0
7,egress,32,S21,2,switch,9,260.623,6.54933,6.54933,0,6.54933,0,100,0,0
7,egress,32,S21,4,terminal,65,1000,0,43.593,0,0,0,100,0,0
7,egress,33,S34,0,switch,26,235.741,0,88.4348,0,0,0,100,0,0
7,egress,33,S34,1,switch,17,173.55,0,100.691,0,0,0,100,0,0
7,egress,33,S34,2,terminal,66,1000,0,9.637,0,0,0,100,0,0
7,egress,35,S17,0,switch,25,277.107,0,82.4387,0,57.362,57.362,100,0,0
7,egress,35,S17,3,switch,38,142.638,0,42.638,57.362,0,57.362,100,0,1
7,egress,35,S17,3,switch,38,142.638,100,100,0,100,0,100,0,0
7,egress,35,S17,4,terminal,70,1000,0,63.3788,0,57.362,57.362,100,0,0
7,egress,36,S18,3,switch,41,132.08,0,32.08,100,0,100,100,240.551,1
7,egress,36,S18,3,switch,41,132.08,100,100,0,100,0,100,0,0
7,egress,37,S32,0,switch,0,103.31,0,3.31,100,0,100,100,128.139,3
7,egress,37,S32,0,switch,0,103.31,100,100,0,100,0,100,0,0
7,egress,37,S32,1,switch,35,254.068,0,140.378,0,100,100,100,0,0
7,egress,37,S32,5,switch,7,109.432,0,67.5204,0,0,0,100,0,0
7,egress,37,S32,6,switch,55,286.166,0,182.439,0,100,100,100,0,0
7,egress,37,S32,7,terminal,74,1000,0,158.334,0,0,0,100,0,0
7,egress,38,S42,0,switch,42,176.64,0,152.786,0,0,0,100,0,0
7,egress,38,S42,1,switch,40,122.733,0,16.009,0,0,0,100,0,0
7,egress,38,S42,1,switch,40,122.733,35.2715,35.2715,0,35.2715,0,100,0,0
7,egress,38,S42,2,switch,59,146.129,0,81.4005,49.405,0,49.405,100,0,2
7,egress,38,S42,2,switch,59,146.129,64.7285,64.7285,0,100,35.2715,100,0,0
7,egress,38,S42,3,switch,18,293.456,0,142.638,0,0,0,100,0,0
7,egress,39,S19,0,switch,36,204.72,0,204.72,100,0,100,100,2.31714,1
7,egress,39,S19,2,terminal,78,1000,0,40.1155,0,100,100,100,0,0
7,egress,39,S19,3,terminal,79,1000,0,9.1295,0,0,0,100,0,0
7,egress,4,S37,0,switch,0,203.508,0,56.1525,0,48.3685,48.3685,100,0,0
7,egress,4,S37,2,switch,56,222.018,0,128.564,0,48.3685,48.3685,100,0,0
7,egress,4,S37,3,switch,50,165.152,0,165.152,48.3685,0,48.3685,100,0,1
7,egress,4,S37,5,terminal,9,1000,0,182.952,0,48.3685,48.3685,100,0,0
7,egress,40,S29,1,switch,45,131.396,0,119.726,0,3.9405,3.9405,100,0,0
7,egress,40,S29,2,switch,52,207.828,0,65.027,0,3.9405,3.9405,100,0,0
7,egress,40,S29,3,switch,38,184.858,0,65.027,0,3.9405,3.9405,100,0,0
7,egress,40,S29,4,switch,21,163.928,0,163.928,3.9405,0,3.9405,100,0,1
7,egress,41,S49,0,switch,11,188.868,0,181.885,73.756,0,73.756,100,0,1
7,egress,41,S49,0,switch,11,188.868,6.98251,6.98251,0,6.98251,0,100,0,0
7,egress,41,S49,4,switch,51,258.091,0,44.0267,0,73.756,73.756,100,0,0
7,egress,41,S49,5,switch,48,181.228,0,144.027,0,0,0,100,0,0
7,egress,42,S20,0,switch,39,264.967,0,240.2,0,100,100,100,0,0
7,egress,42,S20,1,switch,32,241.877,0,58.0045,0,0,0,100,0,0
7,egress,42,S20,4,switch,10,119.666,0,19.666,100,0,100,100,98.9695,1
7,egress,42,S20,4,switch,10,119.666,100,100,0,100,0,100,0,0
7,egress,42,S20,6,terminal,85,1000,0,114.12,0,0,0,100,0,0
7,egress,43,S22,0,switch,0,203.304,100,0,100,100,100,100,0,1
7,egress,43,S22,0,switch,0,203.304,100,203.304,100,100,100,100,27.6988,1
7,egress,43,S22,1,switch,39,234.56,0,84.2693,0,100,100,100,0,0
7,egress,43,S22,2,switch,32,143.276,0,21.0673,0,100,100,100,0,0
7,egress,43,S22,4,switch,45,155.693,0,155.693,0,100,100,100,80.4843,0
7,egress,43,S22,5,terminal,86,1000,0,100,0,100,100,100,0,0
7,egress,44,S23,0,switch,43,211.017,100,0,100,100,100,100,0,1
7,egress,44,S23,0,switch,43,211.017,100,0,100,100,100,100,195.76,1
7,egress,45,S28,0,switch,15,170.054,0,67.9886,0,0,0,100,0,0
7,egress,45,S28,4,switch,40,130.054,0,30.054,20.7675,0,20.7675,100,0,1
7,egress,45,S28,4,switch,40,130.054,100,100,0,100,0,100,0,0
7,egress,45,S28,5,switch,18,198.318,0,155.693,0,0,0,100,0,0
7,egress,45,S28,7,terminal,90,1000,0,14.8145,0,0,0,100,0,0
7,egress,46,S24,0,switch,27,256.86,0,226.143,100,0,100,100,24.1651,1
7,egress,46,S24,0,switch,27,256.86,30.717,30.717,0,30.717,0,100,0,0
7,egress,46,S24,3,switch,48,198.106,0,35.3503,0,0,0,100,0,0
7,egress,46,S24,4,terminal,92,1000,0,100,0,0,0,100,0,0
7,egress,48,S50,0,switch,46,141.711,0,59.5875,0,0,0,100,0,0
7,egress,48,S50,1,switch,41,183.344,0,168.582,29.524,0,29.524,100,0,1
7,egress,48,S50,1,switch,41,183.344,14.762,14.762,0,14.762,0,100,0,0
7,egress,49,S26,0,switch,43,126.404,0,26.404,100,0,100,100,58.4974,3
7,egress,49,S26,0,switch,43,126.404,100,100,0,100,0,100,0,0
7,egress,49,S26,4,terminal,99,1000,0,39.39,0,0,0,100,0,0
7,egress,5,S63,3,terminal,10,1000,0,190.433,0,0,0,100,0,0
7,egress,50,S38,0,switch,25,175.944,0,98.117,100,0,100,100,43.6753,2
7,egress,50,S38,0,switch,25,175.944,77.827,77.827,0,77.827,0,100,0,0
7,egress,50,S38,4,switch,13,269.258,0,88.3563,0,0,0,100,0,0
7,egress,50,S38,7,terminal,101,1000,0,186.87,0,0,0,100,0,0
7,egress,52,S30,0,switch,28,196.927,0,3.24592,0,0,0,100,0,0
7,egress,52,S30,0,switch,28,196.927,29.925,29.925,0,29.925,0,100,0,0
7,egress,52,S30,1,switch,40,109.864,0,39.789,60.211,0,60.211,100,0,1
7,egress,52,S30,1,switch,40,109.864,70.075,70.075,0,100,29.925,100,0,0
7,egress,52,S30,2,switch,54,164.752,0,79.939,0,0,0,100,0,0
7,egress,53,S55,0,switch,15,170.836,0,135.347,0,0,0,100,0,0
7,egress,53,S55,1,switch,40,298.054,0,40.7462,0,0,0,100,0,0
7,egress,53,S55,3,switch,62,149.788,0,100,0,0,0,100,0,0
7,egress,53,S55,3,switch,62,149.788,41.982,41.982,0,41.982,0,100,0,0
7,egress,53,S55,6,terminal,107,1000,0,59.2538,0,0,0,100,0,0
7,egress,54,S31,1,switch,37,242.335,0,142.335,10.4988,0,10.4988,100,0,1
7,egress,54,S31,1,switch,37,242.335,100,100,0,100,0,100,0,0
7,egress,55,S60,1,switch,37,243.133,0,100,0,0,0,100,0,0
7,egress,55,S60,4,terminal,110,1000,0,44.315,0,0,0,100,0,0
7,egress,55,S60,5,terminal,111,1000,0,246.878,0,0,0,100,0,0
7,egress,56,S36,0,switch,27,231.665,0,152.899,0,0,0,100,0,0
7,egress,56,S36,0,switch,27,231.665,20.587,20.587,0,69.9156,49.3286,100,0,0
7,egress,56,S36,2,switch,4,112.305,0,52.8995,0,0,0,100,0,0
7,egress,56,S36,3,switch,23,284.309,0,26.6203,0,0,0,100,0,0
7,egress,56,S36,3,switch,23,284.309,49.3286,49.3286,0,49.3286,0,100,0,0
7,egress,57,S47,0,switch,52,179.939,19.6675,0,19.6675,19.6675,19.6675,100,0,1
7,egress,57,S47,0,switch,52,179.939,19.6675,93.6102,19.6675,19.6675,19.6675,100,0,1
7,egress,57,S47,1,switch,50,259.289,0,105.603,0,19.6675,19.6675,100,0,0
7,egress,57,S47,2,switch,61,259.693,0,49.3279,0,19.6675,19.6675,100,0,0
7,egress,57,S47,4,terminal,114,1000,0,20.3355,0,19.6675,19.6675,100,0,0
7,egress,58,S51,2,switch,48,275.695,0,49.148,0,98.79,98.79,100,0,0
7,egress,58,S51,3,switch,8,148.654,98.79,0,98.79,98.79,98.79,100,0,1
7,egress,58,S51,3,switch,8,148.654,98.79,148.654,99.284,98.79,99.284,100,0,1
7,egress,58,S51,4,switch,62,214.158,0,49.148,0,98.79,98.79,100,0,0
7,egress,59,S41,0,switch,13,132.99,0,130.753,0,0,0,100,0,0
7,egress,59,S41,1,switch,38,116.009,0,62.1861,0,0,0,100,0,0
7,egress,59,S41,1,switch,38,116.009,42.8656,42.8656,0,42.8656,0,100,0,0
7,egress,59,S41,2,terminal,118,1000,0,100,0,0,0,100,0,0
7,egress,59,S41,3,terminal,119,1000,0,15.3763,0,0,0,100,0,0
7,egress,6,S02,0,switch,1,138.732,0,138.732,0,100,100,100,149.4,0
7,egress,6,S02,2,switch,12,128.791,0,71.5745,0,0,0,100,0,0
7,egress,6,S02,3,switch,13,194.048,0,94.048,100,0,100,100,44.8735,2
7,egress,6,S02,3,switch,13,194.048,100,100,0,100,0,100,0,0
7,egress,6,S02,4,terminal,12,1000,0,29.214,0,0,0,100,0,0
7,egress,6,S02,5,terminal,13,1000,0,163.075,0,0,0,100,0,0
7,egress,60,S44,0,switch,18,203.923,0,86.1577,0,0,0,100,0,0
7,egress,60,S44,1,switch,7,207.424,0,126.882,0,0,0,100,0,0
7,egress,60,S44,2,terminal,120,1000,0,67.291,0,0,0,100,0,0
7,egress,60,S44,3,terminal,121,1000,0,100.637,0,0,0,100,0,0
7,egress,61,S46,0,switch,7,136.971,0,136.971,94.0037,5.99631,100,100,28.0431,1
7,egress,61,S46,1,switch,57,199.213,0,193.217,5.99631,0,5.99631,100,0,2
7,egress,61,S46,1,switch,57,199.213,5.99631,5.99631,0,5.99631,0,100,0,0
7,egress,62,S56,3,terminal,125,1000,0,149.788,0,0,0,100,0,0
7,egress,63,S54,0,switch,15,172.792,14.8999,0,14.8999,14.8999,14.8999,100,0,1
7,egress,63,S54,0,switch,15,172.792,14.8999,65.675,14.8999,14.8999,14.8999,100,0,1
7,egress,63,S54,4,terminal,127,1000,0,105.455,0,14.8999,14.8999,100,0,0
7,egress,7,S45,0,switch,27,292,0,263.85,0,0,0,100,0,0
7,egress,7,S45,1,switch,60,100.637,0,0.637,100,0,100,100,161.004,2
7,egress,7,S45,1,switch,60,100.637,100,100,0,100,0,100,0,0
7,egress,8,S52,0,switch,1,255.562,0,153.769,0,0,0,100,0,0
7,egress,8,S52,1,switch,39,291.042,0,161.565,0,0,0,100,0,0
7,egress,8,S52,3,switch,21,105.455,100,100,0,100,0,100,0,0
7,egress,8,S52,5,terminal,17,1000,0,53.391,0,0,0,100,0,0
7,egress,9,S59,2,switch,21,160.744,0,160.744,52.0147,0,52.0147,100,0,1
7,egress,9,S59,5,terminal,18,1000,0,61.108,0,52.0147,52.0147,100,0,0
7,egress,9,S59,6,terminal,19,1000,0,47.8643,0,52.0147,52.0147,100,0,0
8,egress,0,S00,0,switch,1,183.324,0,116.753,0,100,100,100,0,0
8,egress,0,S00,1,switch,2,106.121,0,6.121,100,0,100,100,66.7198,2
8,egress,0,S00,1,switch,2,106.121,100,100,0,100,0,100,0,0
8,egress,0,S00,2,switch,3,149.8,0,96.0283,0,100,100,100,0,0
8,egress,0,S00,3,switch,4,180.219,0,142.583,0,100,100,100,0,0
8,egress,0,S00,4,switch,5,102.034,0,102.034,0,100,100,100,9.00829,0
8,egress,1,S01,0,switch,0,159.728,0,147.887,0,100,100,100,0,0
8,egress,1,S01,1,switch,6,265.041,99.7752,0,99.7752,100,100,100,0,2
8,egress,1,S01,2,switch,7,132.025,0,131.8,0.224839,99.7752,100,100,2.658,1
8,egress,1,S01,2,switch,7,132.025,0.224839,0.224839,0,100,99.7752,100,0,0
8,egress,1,S01,3,switch,8,206.324,0,34.683,0,100,100,100,0,0
8,egress,1,S01,4,switch,9,251.018,0,183.324,0,99.7752,99.7752,100,0,0
8,egress,1,S01,6,terminal,2,1000,0,44.516,0,100,100,100,0,0
8,egress,1,S01,7,terminal,3,1000,0,18.259,0,99.7752,99.7752,100,0,0
8,egress,10,S61,0,switch,1,227.172,0,144.34,0,0,0,100,0,0
8,egress,10,S61,2,switch,42,279.867,0,6.3635,0,0,0,100,0,0
8,egress,10,S61,4,switch,55,207.652,0,128.143,0,0,0,100,0,0
8,egress,10,S61,5,switch,31,158.461,41.539,41.539,0,41.539,0,100,0,0
8,egress,10,S61,6,terminal,20,1000,0,9.833,0,0,0,100,0,0
8,egress,11,S03,0,switch,6,132.338,0,34.7454,0,0,0,100,0,0
8,egress,11,S03,0,switch,6,132.338,14.3577,14.3577,0,14.3577,0,100,0,0
8,egress,11,S03,1,switch,12,213.202,0,35.2533,0,0,0,100,0,0
8,egress,11,S03,4,terminal,22,1000,0,44.0267,0,0,0,100,0,0
8,egress,11,S03,5,terminal,23,1000,0,177.023,0,0,0,100,0,0
8,egress,12,S04,0,switch,6,184.169,0,73.9035,0,0,0,100,0,0
8,egress,12,S04,0,switch,6,184.169,83.6855,83.6855,0,83.6855,0,100,0,0
8,egress,12,S04,1,switch,11,186.587,0,60.9655,0,0,0,100,0,0
8,egress,12,S04,2,switch,15,124.853,0,100,0,0,0,100,0,0
8,egress,12,S04,6,terminal,24,1000,0,88.868,0,0,0,100,0,0
8,egress,12,S04,7,terminal,25,1000,0,71.5745,0,0,0,100,0,0
8,egress,13,S40,0,switch,6,162.644,0,134.745,0,0,0,100,0,0
8,egress,13,S40,1,switch,52,151.023,0,57.7244,0,100,100,100,0,0
8,egress,13,S40,2,switch,50,160.169,0,60.169,100,0,100,100,3.13778,2
8,egress,13,S40,2,switch,50,160.169,100,100,0,100,0,100,0,0
8,egress,13,S40,3,switch,23,211.313,0,178.075,0,100,100,100,0,0
8,egress,13,S40,4,switch,59,239.712,0,88.3563,0,100,100,100,0,0
8,egress,13,S40,6,terminal,27,1000,0,58.4154,0,100,100,100,0,0
8,egress,14,S58,1,switch,42,232.511,22.548,22.548,0,22.548,0,100,0,0
8,egress,14,S58,4,switch,5,193.819,0,100,0,0,0,100,0,0
8,egress,15,S05,0,switch,12,134.869,0,34.869,100,0,100,100,0.554145,2
8,egress,15,S05,0,switch,12,134.869,100,100,0,100,0,100,0,0
8,egress,15,S05,2,switch,20,256.175,0,65.675,0,100,100,100,0,0
8,egress,15,S05,3,switch,21,137.945,0,137.945,0,100,100,100,97.8216,0
8,egress,15,S05,5,terminal,31,1000,0,5.455,0,0,0,100,0,0
8,egress,16,S11,0,switch,12,200.84,100,0,100,100,100,100,0,2
8,egress,16,S11,1,switch,2,104.704,0,104.704,0,100,100,100,48.347,0
8,egress,16,S11,3,terminal,32,1000,0,131.285,0,100,100,100,0,0
8,egress,17,S35,3,terminal,34,1000,0,100.691,0,0,0,100,0,0
8,egress,18,S43,0,switch,38,157.659,0,57.659,100,0,100,100,5.95223,2
8,egress,18,S43,0,switch,38,157.659,100,100,0,100,0,100,0,0
8,egress,18,S43,1,switch,60,132.709,0,92.491,0,100,100,100,0,0
8,egress,18,S43,2,terminal,36,1000,0,205.84,0,100,100,100,0,0
8,egress,19,S06,3,switch,10,169.014,0,57.2668,0,0,0,100,0,0
8,egress,19,S06,3,switch,10,169.014,100,100,0,100,0,100,0,0
8,egress,2,S10,0,switch,27,137.994,0,37.1084,0,0,0,100,0,0
8,egress,2,S10,0,switch,27,137.994,100,100,0,100,0,100,0,0
8,egress,2,S10,1,switch,16,243.793,0,0,11.4439,0,11.4439,100,0,1
8,egress,2,S10,2,terminal,4,1000,0,11.4439,0,11.4439,11.4439,100,0,0
8,egress,2,S10,3,terminal,5,1000,0,200.219,0,11.4439,11.4439,100,0,0
8,egress,20,S15,1,switch,28,153.051,0,87.4666,0,0,0,100,0,0
8,egress,20,S15,2,switch,30,254.167,0,73.8626,0,0,0,100,0,0
8,egress,20,S15,4,switch,32,143.593,0,100,0,0,0,100,0,0
8,egress,20,S15,4,switch,32,143.593,43.1172,43.1172,0,43.1172,0,100,0,0
8,egress,20,S15,6,switch,13,232.721,0,175.838,58.6654,0,58.6654,100,0,3
8,egress,20,S15,6,switch,13,232.721,56.8828,56.8828,0,100,43.1172,100,0,0
8,egress,20,S15,8,terminal,40,1000,0,20.9833,0,58.6654,58.6654,100,0,0
8,egress,20,S15,9,terminal,41,1000,0,59.95,0,0,0,100,0,0
8,egress,21,S53,0,switch,15,263.511,0,100,0,0,0,100,0,0
8,egress,21,S53,1,switch,40,137.143,0,56.4325,0,0,0,100,0,0
8,egress,21,S53,3,switch,63,178.955,0,160.744,0,65.23,65.23,100,0,0
8,egress,21,S53,4,switch,9,122.206,0,122.206,65.23,0,65.23,100,0,2
8,egress,21,S53,5,terminal,42,1000,0,58.0045,0,0,0,100,0,0
8,egress,22,S07,0,switch,19,118.259,0,117.427,0,0,0,100,0,0
8,egress,22,S07,2,switch,25,128.19,0,64.8145,0,0,0,100,0,0
8,egress,22,S07,3,switch,26,124.406,0,24.406,28.389,0,28.389,100,0,1
8,egress,22,S07,3,switch,26,124.406,100,100,0,100,0,100,0,0
8,egress,22,S07,4,terminal,44,1000,0,114.846,0,0,0,100,0,0
8,egress,23,S39,4,switch,58,247.444,100,0,100,100,100,100,0,1
8,egress,23,S39,4,switch,58,247.444,100,75.9489,100,100,100,100,0,1
8,egress,23,S39,5,terminal,46,1000,0,97.024,0,100,100,100,0,0
8,egress,23,S39,6,terminal,47,1000,0,79.906,0,100,100,100,0,0
8,egress,24,S08,0,switch,22,182.424,9.48806,0,9.48806,9.48806,9.48806,100,0,1
8,egress,24,S08,0,switch,22,182.424,9.48806,147.818,9.48806,9.48806,9.48806,100,0,1
8,egress,24,S08,2,terminal,48,1000,0,131.235,0,9.48806,9.48806,100,0,0
8,egress,24,S08,3,terminal,49,1000,0,18.5184,0,9.48806,9.48806,100,0,0
8,egress,25,S16,0,switch,22,153.62,0,82.4387,0,57.2876,57.2876,100,0,0
8,egress,25,S16,1,switch,20,119.9,57.2876,0,57.2876,57.2876,57.2876,100,0,2
8,egress,25,S16,1,switch,20,119.9,57.2876,59.7071,57.2876,57.2876,57.2876,100,0,2
8,egress,25,S16,2,switch,35,135.775,0,58.1745,0,57.2876,57.2876,100,0,0
8,egress,25,S16,3,terminal,50,1000,0,126.885,0,57.2876,57.2876,100,0,0
8,egress,25,S16,4,terminal,51,1000,0,49.0585,0,57.2876,57.2876,100,0,0
8,egress,26,S33,0,switch,3,174.708,0,74.708,49.3368,0,49.3368,100,0,3
8,egress,26,S33,0,switch,3,174.708,100,100,0,100,0,100,0,0
8,egress,26,S33,5,terminal,53,1000,0,88.796,0,0,0,100,0,0
8,egress,27,S09,0,switch,24,129.629,0,129.629,100,0,100,100,300.638,3
8,egress,27,S09,1,switch,2,200.787,0,113.281,0,100,100,100,0,0
8,egress,27,S09,2,switch,7,126.429,0,26.429,0,100,100,100,117.15,0
8,egress,27,S09,2,switch,7,126.429,100,100,0,100,0,100,0,0
8,egress,27,S09,3,terminal,54,1000,0,70.7271,0,100,100,100,0,0
8,egress,28,S12,0,switch,16,293.496,0,60.9549,0,0,0,100,0,0
8,egress,28,S12,2,switch,20,296.117,100,100,0,100,0,100,0,0
8,egress,28,S12,3,terminal,56,1000,0,64.0438,0,0,0,100,0,0
8,egress,29,S13,1,switch,24,131.235,5.434,5.434,0,5.434,0,100,0,0
8,egress,29,S13,6,terminal,58,1000,0,60.0545,0,0,0,100,0,0
8,egress,29,S13,7,terminal,59,1000,0,38.352,0,0,0,100,0,0
8,egress,3,S27,2,switch,49,266.441,0,141.778,0,0,0,100,0,0
8,egress,3,S27,3,switch,45,296.659,0,51.9861,0,0,0,100,0,0
8,egress,3,S27,5,terminal,6,1000,0,71.0941,0,0,0,100,0,0
8,egress,3,S27,6,terminal,7,1000,0,14.9416,0,0,0,100,0,0
8,egress,30,S14,1,switch,20,100.691,99.309,99.309,0,99.309,0,100,0,0
8,egress,30,S14,4,terminal,61,1000,0,64.0438,0,0,0,100,0,0
8,egress,31,S62,0,switch,29,171.288,0,58.4855,0,0,0,100,0,0
8,egress,31,S62,4,terminal,62,1000,0,99.9755,0,0,0,100,0,0
8,egress,32,S21,1,switch,43,261.425,0,164.625,0,0,0,100,0,0
8,egress,32,S21,2,switch,9,260.623,0,21.0673,0,0,0,100,0,0
8,egress,32,S21,3,terminal,64,1000,0,58.0045,0,0,0,100,0,0
8,egress,32,S21,4,terminal,65,1000,0,66.044,0,0,0,100,0,0
8,egress,33,S34,0,switch,26,235.741,0,87.0919,0,0,0,100,0,0
8,egress,33,S34,1,switch,17,173.55,0,100,0,0,0,100,0,0
8,egress,35,S17,3,switch,38,142.638,57.362,57.362,0,57.362,0,100,0,0
8,egress,35,S17,4,terminal,70,1000,0,140.378,0,0,0,100,0,0
8,egress,36,S18,0,switch,35,247.316,0,113.405,0,0,0,100,0,0
8,egress,36,S18,3,switch,41,132.08,0,28.1131,0,0,0,100,0,0
8,egress,36,S18,3,switch,41,132.08,100,100,0,100,0,100,0,0
8,egress,36,S18,5,terminal,73,1000,0,63.202,0,0,0,100,0,0
8,egress,37,S32,0,switch,0,103.31,0,3.31,19.9308,80.0692,100,100,55.5514,1
8,egress,37,S32,0,switch,0,103.31,100,100,0,100,0,100,0,0
8,egress,37,S32,1,switch,35,254.068,0,100,0,0,0,100,0,0
8,egress,37,S32,5,switch,7,109.432,0,109.432,80.0692,0,80.0692,100,0,1
8,egress,37,S32,7,terminal,74,1000,0,49.1785,0,0,0,100,0,0
8,egress,38,S42,0,switch,42,176.64,0,128.829,0,0,0,100,0,0
8,egress,38,S42,1,switch,40,122.733,0,105.052,0,0,0,100,0,0
8,egress,38,S42,2,switch,59,146.129,0,28.8295,0,0,0,100,0,0
8,egress,38,S42,2,switch,59,146.129,49.405,49.405,0,49.405,0,100,0,0
8,egress,38,S42,3,switch,18,293.456,0,142.638,0,0,0,100,0,0
8,egress,38,S42,5,terminal,77,1000,0,65.027,0,0,0,100,0,0
8,egress,39,S19,0,switch,36,204.72,0,104.72,79.5493,0,79.5493,100,0,2
8,egress,39,S19,0,switch,36,204.72,100,100,0,100,0,100,0,0
8,egress,39,S19,2,terminal,78,1000,0,148.654,0,79.5493,79.5493,100,0,0
8,egress,39,S19,3,terminal,79,1000,0,153.11,0,79.5493,79.5493,100,0,0
8,egress,4,S37,2,switch,56,222.018,0,80.1031,0,0,0,100,0,0
8,egress,4,S37,3,switch,50,165.152,0,108.833,0,0,0,100,0,0
8,egress,4,S37,3,switch,50,165.152,48.3685,48.3685,0,48.3685,0,100,0,0
8,egress,4,S37,4,terminal,8,1000,0,52.8995,0,0,0,100,0,0
8,egress,4,S37,5,terminal,9,1000,0,51.655,0,0,0,100,0,0
8,egress,40,S29,1,switch,45,131.396,0,76.0177,0,0,0,100,0,0
8,egress,40,S29,3,switch,38,184.858,0,130.054,0,0,0,100,0,0
8,egress,40,S29,4,switch,21,163.928,0,125.873,0,0,0,100,0,0
8,egress,40,S29,4,switch,21,163.928,3.9405,3.9405,0,3.9405,0,100,0,0
8,egress,40,S29,5,switch,53,191.77,0,68.9725,0,0,0,100,0,0
8,egress,41,S49,0,switch,11,188.868,0,115.112,100,0,100,100,42.6053,1
8,egress,41,S49,0,switch,11,188.868,73.756,73.756,0,73.756,0,100,0,0
8,egress,41,S49,4,switch,51,258.091,0,57.7067,0,100,100,100,0,0
8,egress,42,S20,0,switch,39,264.967,0,152.829,0,0,0,100,0,0
8,egress,42,S20,1,switch,32,241.877,0,100,0,0,0,100,0,0
8,egress,42,S20,2,switch,3,251.806,0,51.6885,0,0,0,100,0,0
8,egress,42,S20,4,switch,10,119.666,0,1.09739,0,0,0,100,0,0
8,egress,42,S20,4,switch,10,119.666,100,100,0,100,0,100,0,0
8,egress,42,S20,6,terminal,85,1000,0,255.059,0,0,0,100,0,0
8,egress,43,S22,0,switch,0,203.304,0,101.809,0,0,0,100,0,0
8,egress,43,S22,0,switch,0,203.304,100,100,0,100,0,100,0,0
8,egress,43,S22,1,switch,39,234.56,0,51.2647,0,0,0,100,0,0
8,egress,43,S22,2,switch,32,143.276,0,66.338,0,0,0,100,0,0
8,egress,43,S22,4,switch,45,155.693,0,86.9333,0,0,0,100,0,0
8,egress,44,S23,0,switch,43,211.017,100,0,100,100,100,100,0,1
8,egress,45,S28,0,switch,15,170.054,0,67.4345,0,0,0,100,0,0
8,egress,45,S28,4,switch,40,130.054,20.7675,20.7675,0,20.7675,0,100,0,0
8,egress,45,S28,5,switch,18,198.318,0,65.9426,0,0,0,100,0,0
8,egress,45,S28,7,terminal,90,1000,0,179.82,0,0,0,100,0,0
8,egress,45,S28,8,terminal,91,1000,0,109.604,0,0,0,100,0,0
8,egress,46,S24,0,switch,27,256.86,100,100,0,100,0,100,0,0
8,egress,46,S24,5,terminal,93,1000,0,59.5875,0,0,0,100,0,0
8,egress,48,S50,0,switch,46,141.711,0,100,0,0,0,100,0,0
8,egress,48,S50,1,switch,41,183.344,0,35.3503,0,0,0,100,0,0
8,egress,48,S50,1,switch,41,183.344,29.524,29.524,0,29.524,0,100,0,0
8,egress,48,S50,4,terminal,96,1000,0,93.1747,0,0,0,100,0,0
8,egress,49,S26,0,switch,43,126.404,0,26.404,18.6249,0,18.6249,100,0,1
8,egress,49,S26,0,switch,43,126.404,100,100,0,100,0,100,0,0
8,egress,49,S26,1,switch,47,132.828,0,39.9734,0,18.6249,18.6249,100,0,0
8,egress,5,S63,1,switch,14,280.605,0,51.652,0,0,0,100,0,0
8,egress,5,S63,3,terminal,10,1000,0,25.8275,0,0,0,100,0,0
8,egress,5,S63,4,terminal,11,1000,0,107.345,0,0,0,100,0,0
8,egress,50,S38,0,switch,25,175.944,0,75.944,29.6588,0,29.6588,100,0,1
8,egress,50,S38,0,switch,25,175.944,100,100,0,100,0,100,0,0
8,egress,50,S38,1,switch,47,143.074,0,53.3897,0,29.6588,29.6588,100,0,0
8,egress,50,S38,4,switch,13,269.258,0,113.497,0,29.6588,29.6588,100,0,0
8,egress,50,S38,7,terminal,101,1000,0,158.434,0,29.6588,29.6588,100,0,0
8,egress,51,S48,2,terminal,102,1000,0,44.0267,0,0,0,100,0,0
8,egress,52,S30,1,switch,40,109.864,60.211,60.211,0,60.211,0,100,0,0
8,egress,52,S30,2,switch,54,164.752,0,158.637,0,0,0,100,0,0
8,egress,52,S30,5,terminal,105,1000,0,59.95,0,0,0,100,0,0
8,egress,53,S55,0,switch,15,170.836,0,25.8746,0,0,0,100,0,0
8,egress,54,S31,1,switch,37,242.335,10.4988,0,10.4988,10.4988,10.4988,100,0,1
8,egress,54,S31,1,switch,37,242.335,10.4988,131.856,10.4988,10.4988,10.4988,100,0,1
8,egress,55,S60,0,switch,44,280.017,0,0,75.3775,0,75.3775,100,0,1
8,egress,55,S60,5,terminal,111,1000,0,182.439,0,75.3775,75.3775,100,0,0
8,egress,56,S36,0,switch,27,231.665,0,14.623,0,0,0,100,0,0
8,egress,56,S36,2,switch,4,112.305,0,43.5675,0,0,0,100,0,0
8,egress,56,S36,4,terminal,112,1000,0,128.564,0,0,0,100,0,0
8,egress,57,S47,0,switch,52,179.939,0,102.605,0,0,0,100,0,0
8,egress,57,S47,0,switch,52,179.939,19.6675,19.6675,0,19.6675,0,100,0,0
8,egress,57,S47,1,switch,50,259.289,0,96.6083,0,0,0,100,0,0
8,egress,58,S51,3,switch,8,148.654,99.284,99.284,0,99.284,0,100,0,0
8,egress,59,S41,0,switch,13,132.99,0,70.0187,0,0,0,100,0,0
8,egress,59,S41,1,switch,38,116.009,0,82.4747,0,0,0,100,0,0
8,egress,59,S41,3,terminal,119,1000,0,158.686,0,0,0,100,0,0
8,egress,6,S02,0,switch,1,138.732,0,138.732,91.315,5.952,97.267,100,0,1
8,egress,6,S02,2,switch,12,128.791,0,120.881,0,5.952,5.952,100,0,0
8,egress,6,S02,3,switch,13,194.048,0,94.048,5.952,0,5.952,100,0,1
8,egress,6,S02,3,switch,13,194.048,100,100,0,100,0,100,0,0
8,egress,6,S02,4,terminal,12,1000,0,62.9658,0,97.267,97.267,100,0,0
8,egress,6,S02,5,terminal,13,1000,0,161.648,0,0,0,100,0,0
8,egress,60,S44,0,switch,18,203.923,0,144.709,0,0,0,100,0,0
8,egress,60,S44,3,terminal,121,1000,0,25.7962,0,0,0,100,0,0
8,egress,61,S46,0,switch,7,136.971,0,42.9673,6.36061,5.99631,12.3569,100,0,1
8,egress,61,S46,0,switch,7,136.971,94.0037,94.0037,0,94.0037,0,100,0,0
8,egress,61,S46,1,switch,57,199.213,0,193.217,5.99631,0,5.99631,100,0,1
8,egress,61,S46,1,switch,57,199.213,5.99631,5.99631,0,100,94.0037,100,0,0
8,egress,62,S56,0,switch,53,164.993,0,49.148,0,0,0,100,0,0
8,egress,62,S56,3,terminal,125,1000,0,141.982,0,0,0,100,0,0
8,egress,63,S54,0,switch,15,172.792,0,113.862,0,0,0,100,0,0
8,egress,63,S54,0,switch,15,172.792,14.8999,14.8999,0,14.8999,0,100,0,0
8,egress,63,S54,4,terminal,127,1000,0,100,0,0,0,100,0,0
8,egress,7,S45,0,switch,27,292,0,165.457,0,100,100,100,0,0
8,egress,7,S45,1,switch,60,100.637,0,0.637,100,0,100,100,36.334,1
8,egress,7,S45,1,switch,60,100.637,100,100,0,100,0,100,0,0
8,egress,7,S45,2,switch,61,100.666,0,100.666,0,100,100,100,22.1057,0
8,egress,7,S45,3,terminal,14,1000,0,127.078,0,0,0,100,0,0
8,egress,7,S45,4,terminal,15,1000,0,63.2145,0,0,0,100,0,0
8,egress,8,S52,0,switch,1,255.562,0,87.3165,0,0,0,100,0,0
8,egress,8,S52,1,switch,39,291.042,0,112.417,0,0,0,100,0,0
8,egress,8,S52,3,switch,21,105.455,0,49.148,0,0,0,100,0,0
8,egress,9,S59,2,switch,21,160.744,0,6.54933,0,0,0,100,0,0
8,egress,9,S59,2,switch,21,160.744,52.0147,52.0147,0,52.0147,0,100,0,0
8,egress,9,S59,5,terminal,18,1000,0,83.324,0,0,0,100,0,0
8,egress,9,S59,6,terminal,19,1000,0,68.9725,0,0,0,100,0,0
9,egress,0,S00,0,switch,1,183.324,0,91.662,0,95.6879,95.6879,100,0,0
9,egress,0,S00,1,switch,2,106.121,0,6.121,95.6879,0,95.6879,100,0,1
9,egress,0,S00,1,switch,2,106.121,100,100,0,100,0,100,0,0
9,egress,0,S00,2,switch,3,149.8,0,88.4517,0,0,0,100,0,0
9,egress,0,S00,3,switch,4,180.219,0,180.219,0,100,100,100,414.623,0
9,egress,0,S00,4,switch,5,102.034,0,102.034,4.31207,95.6879,100,100,61.4501,1
9,egress,1,S01,0,switch,0,159.728,0,159.728,5.30258,0,5.30258,100,0,1
9,egress,1,S01,1,switch,6,265.041,0,1.2987,0,100,100,100,0,0
9,egress,1,S01,1,switch,6,265.041,99.7752,99.7752,0,100,0.224839,100,0,0
9,egress,1,S01,2,switch,7,132.025,0,32.338,0,0,0,100,0,0
9,egress,1,S01,2,switch,7,132.025,0.224839,0.224839,0,0.224839,0,100,0,0
9,egress,1,S01,3,switch,8,206.324,0,34.7431,0,100,100,100,0,0
9,egress,1,S01,4,switch,9,251.018,0,251.018,94.6974,5.30258,100,100,267.856,1
9,egress,1,S01,6,terminal,2,1000,0,130.714,0,100,100,100,0,0
9,egress,1,S01,7,terminal,3,1000,0,34.507,0,100,100,100,0,0
9,egress,10,S61,0,switch,1,227.172,0,91.7738,0,100,100,100,0,0
9,egress,10,S61,1,switch,19,153.026,0,153.026,0,100,100,100,248.474,0
9,egress,10,S61,2,switch,42,279.867,0,279.867,100,0,100,100,21.6362,1
9,egress,10,S61,4,switch,55,207.652,0,65.493,0,100,100,100,0,0
9,egress,10,S61,6,terminal,20,1000,0,101.097,0,100,100,100,0,0
9,egress,11,S03,0,switch,6,132.338,0,34.794,0,100,100,100,0,0
9,egress,11,S03,2,switch,14,127.424,0,127.424,100,0,100,100,688.238,1
9,egress,11,S03,4,terminal,22,1000,0,57.556,0,100,100,100,0,0
9,egress,11,S03,5,terminal,23,1000,0,192.277,0,0,0,100,0,0
9,egress,12,S04,0,switch,6,184.169,0,117.434,0,100,100,100,0,0
9,egress,12,S04,1,switch,11,186.587,0,186.587,100,0,100,100,66.8279,1
9,egress,12,S04,4,switch,17,249.248,0,249.248,0,100,100,100,120.18,0
9,egress,12,S04,6,terminal,24,1000,0,35.2533,0,0,0,100,0,0
9,egress,12,S04,7,terminal,25,1000,0,120.881,0,100,100,100,0,0
9,egress,13,S40,0,switch,6,162.644,0,34.794,0,0,0,100,0,0
9,egress,13,S40,1,switch,52,151.023,0,151.023,0,100,100,100,372.101,0
9,egress,13,S40,2,switch,50,160.169,0,60.169,100,0,100,100,319.117,1
9,egress,13,S40,2,switch,50,160.169,100,100,0,100,0,100,0,0
9,egress,13,S40,3,switch,23,211.313,0,196.347,0,100,100,100,0,0
9,egress,13,S40,4,switch,59,239.712,0,113.497,0,100,100,100,0,0
9,egress,13,S40,6,terminal,27,1000,0,134.753,0,0,0,100,0,0
9,egress,14,S58,0,switch,11,169.38,0,169.38,0,100,100,100,0,0
9,egress,14,S58,2,switch,34,224.263,0,51.652,0,0,0,100,0,0
9,egress,14,S58,3,switch,9,139.013,0,139.013,100,0,100,100,162.967,1
9,egress,15,S05,0,switch,12,134.869,0,34.869,100,0,100,100,0,2
9,egress,15,S05,0,switch,12,134.869,100,100,0,100,0,100,0,0
9,egress,15,S05,2,switch,20,256.175,0,128.762,0,0,0,100,0,0
9,egress,15,S05,3,switch,21,137.945,0,137.945,0,100,100,100,899.698,0
9,egress,15,S05,5,terminal,31,1000,0,100,0,100,100,100,0,0
9,egress,16,S11,0,switch,12,200.84,0,100.84,34.263,0,34.263,100,0,1
9,egress,16,S11,0,switch,12,200.84,100,100,0,100,0,100,0,0
9,egress,16,S11,1,switch,2,104.704,0,27.784,0,0,0,100,0,0
9,egress,16,S11,3,terminal,32,1000,0,33.1709,0,0,0,100,0,0
9,egress,17,S35,1,switch,56,252.252,0,252.252,100,0,100,100,152.252,1
9,egress,17,S35,3,terminal,34,1000,0,100,0,0,0,100,0,0
9,egress,18,S43,0,switch,38,157.659,0,57.659,100,0,100,100,148.362,2
9,egress,18,S43,0,switch,38,157.659,100,100,0,100,0,100,0,0
9,egress,18,S43,1,switch,60,132.709,0,44.8752,0,100,100,100,0,0
9,egress,18,S43,2,terminal,36,1000,0,238.546,0,100,100,100,0,0
9,egress,19,S06,1,switch,22,210.644,0,210.644,0,0,0,100,0,0
9,egress,19,S06,2,switch,23,267,0,267,0,0,0,100,0,0
9,egress,19,S06,3,switch,10,169.014,0,85.02,0,0,0,100,0,0
9,egress,19,S06,5,terminal,39,1000,0,32.4072,0,0,0,100,0,0
9,egress,2,S10,0,switch,27,137.994,0,137.994,0,100,100,100,25.881,0
9,egress,2,S10,1,switch,16,243.793,11.4439,0,11.4439,11.4439,11.4439,100,0,1
9,egress,2,S10,1,switch,16,243.793,11.4439,243.793,100,11.4439,100,100,295.943,2
9,egress,2,S10,2,terminal,4,1000,0,32.0683,0,100,100,100,0,0
9,egress,2,S10,3,terminal,5,1000,0,113.281,0,100,100,100,0,0
9,egress,20,S15,2,switch,30,254.167,0,254.167,41.3346,58.6654,100,100,159.069,1
9,egress,20,S15,4,switch,32,143.593,0,114.988,0,100,100,100,0,0
9,egress,20,S15,6,switch,13,232.721,58.6654,0,58.6654,58.6654,58.6654,100,0,3
9,egress,20,S15,6,switch,13,232.721,58.6654,232.721,58.6654,100,100,100,24.8464,3
9,egress,21,S53,1,switch,40,137.143,0,137.143,100,0,100,100,481.135,2
9,egress,21,S53,3,switch,63,178.955,0,127.537,0,0,0,100,0,0
9,egress,21,S53,4,switch,9,122.206,0,56.976,0,100,100,100,125.801,0
9,egress,21,S53,4,switch,9,122.206,65.23,65.23,0,65.23,0,100,0,0
9,egress,21,S53,5,terminal,42,1000,0,16.009,0,100,100,100,0,0
9,egress,21,S53,6,terminal,43,1000,0,49.148,0,0,0,100,0,0
9,egress,22,S07,0,switch,19,118.259,0,118.259,100,0,100,100,37.0849,2
9,egress,22,S07,2,switch,25,128.19,0,55.5553,0,0,0,100,0,0
9,egress,22,S07,3,switch,26,124.406,0,36.7077,0,0,0,100,0,0
9,egress,22,S07,3,switch,26,124.406,28.389,28.389,0,28.389,0,100,0,0
9,egress,22,S07,4,terminal,44,1000,0,100.957,0,100,100,100,0,0
9,egress,22,S07,5,terminal,45,1000,0,18.5184,0,0,0,100,0,0
9,egress,23,S39,1,switch,56,105.799,0,105.799,0,100,100,100,407.021,0
9,egress,23,S39,2,switch,50,253.771,0,253.771,100,0,100,100,215.494,1
9,egress,23,S39,4,switch,58,247.444,100,100,0,100,0,100,0,0
9,egress,23,S39,5,terminal,46,1000,0,162.699,0,100,100,100,0,0
9,egress,24,S08,0,switch,22,182.424,0,172.936,65.7293,0,65.7293,100,0,3
9,egress,24,S08,0,switch,22,182.424,9.48806,9.48806,0,9.48806,0,100,0,0
9,egress,24,S08,2,terminal,48,1000,0,5.434,0,65.7293,65.7293,100,0,0
9,egress,24,S08,3,terminal,49,1000,0,18.5184,0,0,0,100,0,0
9,egress,25,S16,0,switch,22,153.62,0,153.62,0,100,100,100,197.103,0
9,egress,25,S16,1,switch,20,119.9,0,62.6124,100,0,100,100,17.3399,2
9,egress,25,S16,1,switch,20,119.9,57.2876,57.2876,0,57.2876,0,100,0,0
9,egress,25,S16,2,switch,35,135.775,0,32.4072,0,0,0,100,0,0
9,egress,25,S16,3,terminal,50,1000,0,49.452,0,100,100,100,0,0
9,egress,25,S16,4,terminal,51,1000,0,158.899,0,0,0,100,0,0
9,egress,26,S33,0,switch,3,174.708,0,125.371,100,0,100,100,347.845,1
9,egress,26,S33,0,switch,3,174.708,49.3368,49.3368,0,49.3368,0,100,0,0
9,egress,26,S33,5,terminal,53,1000,0,11.102,0,0,0,100,0,0
9,egress,27,S09,0,switch,24,129.629,0,29.629,0,100,100,100,386.058,0
9,egress,27,S09,0,switch,24,129.629,100,100,0,100,0,100,0,0
9,egress,27,S09,2,switch,7,126.429,0,126.429,100,0,100,100,196.439,1
9,egress,27,S09,3,terminal,54,1000,0,43.8946,0,100,100,100,0,0
9,egress,27,S09,4,terminal,55,1000,0,12.9107,0,100,100,100,0,0
9,egress,28,S12,0,switch,16,293.496,0,293.496,0,0,0,100,0,0
9,egress,28,S12,2,switch,20,296.117,0,46.5442,0,0,0,100,0,0
9,egress,28,S12,3,terminal,56,1000,0,87.4666,0,0,0,100,0,0
9,egress,29,S13,0,switch,11,202.575,0,202.575,100,0,100,100,402.804,1
9,egress,29,S13,6,terminal,58,1000,0,58.4855,0,0,0,100,0,0
9,egress,3,S27,0,switch,0,119.129,0,119.129,0,100,100,100,472.106,0
9,egress,3,S27,2,switch,49,266.441,0,135.54,0,100,100,100,0,0
9,egress,3,S27,3,switch,45,296.659,0,296.659,100,0,100,100,112.43,1
9,egress,3,S27,5,terminal,6,1000,0,78.3434,0,100,100,100,0,0
9,egress,30,S14,0,switch,29,288.048,0,288.048,100,0,100,100,108.21,1
9,egress,30,S14,1,switch,20,100.691,0,100.691,0,100,100,100,0,0
9,egress,30,S14,4,terminal,61,1000,0,73.8626,0,0,0,100,0,0
9,egress,31,S62,1,switch,30,134.823,0,67.4115,0,0,0,100,0,0
9,egress,31,S62,3,switch,5,238.676,0,238.676,100,0,100,100,141.957,1
9,egress,31,S62,4,terminal,62,1000,0,41.539,0,0,0,100,0,0
9,egress,32,S21,0,switch,42,146.462,0,146.462,100,0,100,100,510.448,1
9,egress,32,S21,1,switch,43,261.425,0,202.859,0,0,0,100,0,0
9,egress,32,S21,2,switch,9,260.623,0,66.338,0,0,0,100,0,0
9,egress,32,S21,3,terminal,64,1000,0,100,0,0,0,100,0,0
9,egress,33,S34,0,switch,26,235.741,0,212.78,0,0,0,100,0,0
9,egress,34,S57,0,switch,20,180.835,0,180.835,100,0,100,100,80.835,2
9,egress,35,S17,0,switch,25,277.107,0,277.107,100,0,100,100,90.3345,1
9,egress,35,S17,2,switch,37,246.878,0,246.878,0,100,100,100,0,0
9,egress,35,S17,4,terminal,70,1000,0,271.579,0,0,0,100,0,0
9,egress,36,S18,0,switch,35,247.316,0,234.799,0,0,0,100,0,0
9,egress,36,S18,2,switch,40,242.342,0,242.342,0,0,0,100,0,0
9,egress,36,S18,5,terminal,73,1000,0,52.36,0,0,0,100,0,0
9,egress,37,S32,0,switch,0,103.31,0,83.3792,37.4193,0,37.4193,100,0,4
9,egress,37,S32,0,switch,0,103.31,19.9308,19.9308,0,19.9308,0,100,0,0
9,egress,37,S32,4,switch,26,298.921,0,298.921,62.5807,37.4193,100,100,7.80274,1
9,egress,37,S32,5,switch,7,109.432,80.0692,80.0692,0,100,19.9308,100,0,0
9,egress,37,S32,6,switch,55,286.166,0,79.939,0,0,0,100,0,0
9,egress,38,S42,0,switch,42,176.64,0,176.64,100,0,100,100,269.092,2
9,egress,38,S42,1,switch,40,122.733,0,82.4747,0,100,100,100,0,0
9,egress,38,S42,2,switch,59,146.129,0,146.129,0,100,100,100,378.818,0
9,egress,38,S42,3,switch,18,293.456,0,57.362,0,100,100,100,0,0
9,egress,38,S42,5,terminal,77,1000,0,130.054,0,100,100,100,0,0
9,egress,39,S19,0,switch,36,204.72,0,125.171,100,0,100,100,93.77,2
9,egress,39,S19,0,switch,36,204.72,79.5493,79.5493,0,79.5493,0,100,0,0
9,egress,39,S19,2,terminal,78,1000,0,99.506,0,0,0,100,0,0
9,egress,39,S19,3,terminal,79,1000,0,165.74,0,0,0,100,0,0
9,egress,4,S37,0,switch,0,203.508,0,203.508,100,0,100,100,211.757,1
9,egress,4,S37,2,switch,56,222.018,0,40.1006,0,100,100,100,0,0
9,egress,4,S37,3,switch,50,165.152,0,51.7777,0,100,100,100,0,0
9,egress,4,S37,4,terminal,8,1000,0,43.5675,0,100,100,100,0,0
9,egress,4,S37,5,terminal,9,1000,0,101.655,0,100,100,100,0,0
9,egress,40,S29,2,switch,52,207.828,0,207.828,100,0,100,100,515.206,1
9,egress,40,S29,3,switch,38,184.858,0,20.7675,0,0,0,100,0,0
9,egress,40,S29,4,switch,21,163.928,0,163.928,0,100,100,100,1.3347,0
9,egress,40,S29,5,switch,53,191.77,0,56.4325,0,0,0,100,0,0
9,egress,41,S49,0,switch,11,188.868,0,88.868,0,100,100,100,98.5535,0
9,egress,41,S49,0,switch,11,188.868,100,100,0,100,0,100,0,0
9,egress,41,S49,4,switch,51,258.091,0,100,0,100,100,100,0,0
9,egress,41,S49,5,switch,48,181.228,0,181.228,100,0,100,100,111.665,1
9,egress,42,S20,0,switch,39,264.967,0,28.9115,0,0,0,100,0,0
9,egress,42,S20,1,switch,32,241.877,0,120.939,0,0,0,100,0,0
9,egress,42,S20,2,switch,3,251.806,0,251.806,100,0,100,100,28.8295,1
9,egress,43,S22,0,switch,0,203.304,0,203.304,100,0,100,100,138.861,1
9,egress,43,S22,1,switch,39,234.56,0,57.6543,0,100,100,100,0,0
9,egress,43,S22,2,switch,32,143.276,0,32.7013,0,100,100,100,0,0
9,egress,43,S22,4,switch,45,155.693,0,87.5672,0,100,100,100,0,0
9,egress,43,S22,6,terminal,87,1000,0,77.549,0,100,100,100,0,0
9,egress,44,S23,0,switch,43,211.017,0,70.339,0,0,0,100,0,0
9,egress,44,S23,0,switch,43,211.017,100,100,0,100,0,100,0,0
9,egress,44,S23,1,switch,46,260.38,0,260.38,0,0,0,100,0,0
9,egress,45,S28,0,switch,15,170.054,0,170.054,100,0,100,100,350.834,1
9,egress,45,S28,5,switch,18,198.318,0,86.9333,0,100,100,100,0,0
9,egress,45,S28,7,terminal,90,1000,0,92.7322,0,100,100,100,0,0
9,egress,45,S28,8,terminal,91,1000,0,35.2715,0,100,100,100,0,0
9,egress,46,S24,0,switch,27,256.86,0,256.86,0,100,100,100,154.515,0
9,egress,46,S24,3,switch,48,198.106,0,198.106,100,0,100,100,290.452,1
9,egress,46,S24,5,terminal,93,1000,0,100,0,0,0,100,0,0
9,egress,47,S25,0,switch,46,291.732,0,291.732,39.9734,0,39.9734,100,0,1
9,egress,47,S25,3,switch,50,105.625,0,105.625,60.0266,39.9734,100,100,285.765,1
9,egress,47,S25,6,terminal,95,1000,0,53.3897,0,100,100,100,0,0
9,egress,48,S50,2,switch,58,290.959,0,290.959,86.8503,0,86.8503,100,0,1
9,egress,48,S50,3,switch,10,118.54,0,118.54,0,86.8503,86.8503,100,0,0
9,egress,49,S26,0,switch,43,126.404,0,107.779,0,100,100,100,18.6249,0
9,egress,49,S26,0,switch,43,126.404,18.6249,18.6249,0,18.6249,0,100,0,0
9,egress,49,S26,1,switch,47,132.828,0,132.828,100,0,100,100,995.103,1
9,egress,49,S26,3,terminal,98,1000,0,48.9391,0,100,100,100,0,0
9,egress,5,S63,0,switch,0,259.679,0,259.679,100,0,100,100,159.679,1
9,egress,5,S63,1,switch,14,280.605,0,61.3307,0,100,100,100,0,0
9,egress,5,S63,3,terminal,10,1000,0,0.8275,0,100,100,100,0,0
9,egress,5,S63,4,terminal,11,1000,0,139.876,0,100,100,100,0,0
9,egress,50,S38,0,switch,25,175.944,0,96.6083,0,0,0,100,0,0
9,egress,50,S38,0,switch,25,175.944,29.6588,29.6588,0,29.6588,0,100,0,0
9,egress,50,S38,1,switch,47,143.074,0,143.074,100,0,100,100,193.255,1
9,egress,50,S38,4,switch,13,269.258,0,269.258,0,100,100,100,164.066,0
9,egress,50,S38,7,terminal,101,1000,0,153.845,0,100,100,100,0,0
9,egress,51,S48,0,switch,57,201.033,0,100.516,0,0,0,100,0,0
9,egress,51,S48,1,switch,41,119.175,0,59.5875,0,0,0,100,0,0
9,egress,51,S48,2,terminal,102,1000,0,57.7067,0,0,0,100,0,0
9,egress,52,S30,0,switch,28,196.927,0,196.927,100,0,100,100,104.119,1
9,egress,52,S30,1,switch,40,109.864,0,109.864,0,100,100,100,315.899,0
9,egress,52,S30,2,switch,54,164.752,0,122.272,0,0,0,100,0,0
9,egress,52,S30,5,terminal,105,1000,0,57.7244,0,100,100,100,0,0
9,egress,53,S55,0,switch,15,170.836,0,170.836,36.788,0,36.788,100,0,1
9,egress,53,S55,5,terminal,106,1000,0,49.148,0,0,0,100,0,0
9,egress,53,S55,6,terminal,107,1000,0,68.9725,0,36.788,36.788,100,0,0
9,egress,54,S31,1,switch,37,242.335,10.4988,0,10.4988,10.4988,10.4988,100,0,1
9,egress,54,S31,1,switch,37,242.335,10.4988,231.348,10.4988,10.4988,10.4988,100,0,1
9,egress,54,S31,3,terminal,109,1000,0,65.027,0,10.4988,10.4988,100,0,0
9,egress,55,S60,0,switch,44,280.017,75.3775,0,75.3775,75.3775,75.3775,100,0,1
9,egress,55,S60,0,switch,44,280.017,75.3775,128.143,75.3775,100,100,100,0,1
9,egress,55,S60,1,switch,37,243.133,0,243.133,24.6225,75.3775,100,100,277.75,1
9,egress,55,S60,2,switch,9,166.058,0,166.058,0,100,100,100,203.963,0
9,egress,56,S36,0,switch,27,231.665,0,231.665,100,0,100,100,66.1663,1
9,egress,56,S36,1,switch,17,225.221,0,225.221,0,100,100,100,310.013,0
9,egress,56,S36,4,terminal,112,1000,0,80.1031,0,0,0,100,0,0
9,egress,57,S47,0,switch,52,179.939,0,179.939,100,0,100,100,361.526,2
9,egress,57,S47,1,switch,50,259.289,0,91.1447,0,100,100,100,0,0
9,egress,58,S51,0,switch,54,230.135,0,230.135,100,0,100,100,35.0266,1
9,egress,58,S51,2,switch,48,275.695,0,275.695,0,100,100,100,220.952,0
9,egress,59,S41,0,switch,13,132.99,0,132.99,100,0,100,100,279.192,1
9,egress,59,S41,1,switch,38,116.009,0,115.484,0,100,100,100,0,0
9,egress,59,S41,3,terminal,119,1000,0,88.3563,0,0,0,100,0,0
9,egress,6,S02,0,switch,1,138.732,0,47.417,0,100,100,100,129.563,0
9,egress,6,S02,0,switch,1,138.732,91.315,91.315,0,97.267,5.952,100,0,0
9,egress,6,S02,1,switch,11,173.682,0,173.682,0,100,100,100,151.369,0
9,egress,6,S02,3,switch,13,194.048,0,188.096,100,0,100,100,147.05,1
9,egress,6,S02,3,switch,13,194.048,5.952,5.952,0,5.952,0,100,0,0
9,egress,6,S02,4,terminal,12,1000,0,199.254,0,100,100,100,0,0
9,egress,60,S44,0,switch,18,203.923,0,203.923,0,100,100,100,143.275,0
9,egress,60,S44,1,switch,7,207.424,0,207.424,100,0,100,100,238.351,1
9,egress,60,S44,2,terminal,120,1000,0,92.491,0,100,100,100,0,0
9,egress,60,S44,3,terminal,121,1000,0,100.637,0,100,100,100,0,0
9,egress,61,S46,0,switch,7,136.971,6.36061,0,6.36061,12.3569,12.3569,100,0,1
9,egress,61,S46,0,switch,7,136.971,6.36061,136.971,11.5058,94.8549,100,100,214.928,2
9,egress,61,S46,1,switch,57,199.213,0,193.217,88.4942,6.36061,94.8549,100,0,3
9,egress,61,S46,1,switch,57,199.213,5.99631,5.99631,0,12.3569,6.36061,100,0,0
9,egress,61,S46,2,terminal,122,1000,0,50.333,0,100,100,100,0,0
9,egress,61,S46,3,terminal,123,1000,0,50.333,0,94.8549,94.8549,100,0,0
9,egress,62,S56,1,switch,34,238.377,0,238.377,100,0,100,100,19.1885,1
9,egress,63,S54,0,switch,15,172.792,0,163.423,0,100,100,100,0,0
9,egress,63,S54,1,switch,21,203.653,0,203.653,100,0,100,100,73.1922,1
9,egress,63,S54,3,terminal,126,1000,0,160.744,0,0,0,100,0,0
9,egress,7,S45,0,switch,27,292,0,104.801,0,0,0,100,0,0
9,egress,7,S45,1,switch,60,100.637,0,0.637,100,0,100,100,36.334,1
9,egress,7,S45,1,switch,60,100.637,100,100,0,100,0,100,0,0
9,egress,7,S45,2,switch,61,100.666,0,100.225,0,0,0,100,0,0
9,egress,7,S45,3,terminal,14,1000,0,206.549,0,0,0,100,0,0
9,egress,7,S45,4,terminal,15,1000,0,26.429,0,0,0,100,0,0
9,egress,8,S52,0,switch,1,255.562,0,255.562,99.655,0,99.655,100,0,1
9,egress,8,S52,1,switch,39,291.042,0,133.967,0,99.655,99.655,100,0,0
9,egress,9,S59,0,switch,1,295.318,0,295.318,0,0,0,100,0,0
9,egress,9,S59,4,switch,55,140.378,0,140.378,0,0,0,100,0,0
9,egress,9,S59,5,terminal,18,1000,0,265.494,0,0,0,100,0,0
9,egress,9,S59,6,terminal,19,1000,0,61.103,0,0,0,100,0,0
