interval,event,switch,switch_name,port,target_type,target_index,flow_id,source_terminal,destination_terminal,creation_interval,age_intervals,capacity_gbit,queued_before_gbit,send_gbit,remaining_after_gbit,dropped_gbit
1,stage_arrival,10,S61,0,switch,1,51706,21,0,0,1,227.172,0,0,100,0
1,stage_arrival,11,S03,0,switch,6,51708,23,0,0,1,132.338,0,0,100,0
1,stage_arrival,36,S18,0,switch,35,51712,72,0,0,1,247.316,0,0,100,0
1,stage_arrival,19,S06,3,switch,10,51705,38,0,0,1,169.014,0,0,100,0
1,stage_arrival,47,S25,2,switch,4,51704,94,0,0,1,166.312,0,0,100,0
1,stage_arrival,49,S26,0,switch,43,51715,98,0,0,1,126.404,0,0,100,0
1,stage_arrival,24,S08,0,switch,22,51710,48,0,0,1,182.424,0,0,100,0
1,stage_arrival,15,S05,0,switch,12,51701,30,0,0,1,134.869,0,0,100,0
1,stage_arrival,42,S20,2,switch,3,51709,85,0,0,1,251.806,0,0,100,0
1,stage_arrival,10,S61,0,switch,1,51703,20,0,0,1,227.172,0,0,100,0
1,stage_arrival,44,S23,0,switch,43,51711,88,0,0,1,211.017,0,0,100,0
1,stage_arrival,31,S62,3,switch,5,51700,63,0,0,1,238.676,0,0,100,0
1,stage_arrival,32,S21,1,switch,43,51713,64,0,0,1,261.425,0,0,100,0
1,stage_arrival,55,S60,1,switch,37,51702,110,0,0,1,243.133,0,0,100,0
1,stage_arrival,17,S35,1,switch,56,51714,35,0,0,1,252.252,0,0,100,0
1,stage_arrival,20,S15,4,switch,32,51707,40,0,0,1,143.593,0,0,100,0
1,allocate_send_arrival,31,S62,3,switch,5,51700,63,0,0,1,238.676,0,100,0,0
1,allocate_send_arrival,44,S23,0,switch,43,51711,88,0,0,1,211.017,0,100,0,0
1,allocate_send_arrival,24,S08,0,switch,22,51710,48,0,0,1,182.424,0,100,0,0
1,allocate_send_arrival,10,S61,0,switch,1,51706,21,0,0,1,227.172,0,100,0,0
1,allocate_send_arrival,10,S61,0,switch,1,51703,20,0,0,1,227.172,0,100,0,0
1,allocate_send_arrival,49,S26,0,switch,43,51715,98,0,0,1,126.404,0,100,0,0
1,allocate_send_arrival,11,S03,0,switch,6,51708,23,0,0,1,132.338,0,100,0,0
1,allocate_send_arrival,19,S06,3,switch,10,51705,38,0,0,1,169.014,0,100,0,0
1,allocate_send_arrival,55,S60,1,switch,37,51702,110,0,0,1,243.133,0,100,0,0
1,allocate_send_arrival,36,S18,0,switch,35,51712,72,0,0,1,247.316,0,100,0,0
1,allocate_send_arrival,20,S15,4,switch,32,51707,40,0,0,1,143.593,0,100,0,0
1,allocate_send_arrival,42,S20,2,switch,3,51709,85,0,0,1,251.806,0,100,0,0
1,allocate_send_arrival,17,S35,1,switch,56,51714,35,0,0,1,252.252,0,100,0,0
1,allocate_send_arrival,47,S25,2,switch,4,51704,94,0,0,1,166.312,0,100,0,0
1,allocate_send_arrival,15,S05,0,switch,12,51701,30,0,0,1,134.869,0,100,0,0
1,allocate_send_arrival,32,S21,1,switch,43,51713,64,0,0,1,261.425,0,100,0,0
2,stage_arrival,43,S22,0,switch,0,51715,98,0,0,2,203.304,0,0,100,0
2,stage_arrival,17,S35,1,switch,56,51714,35,0,0,2,252.252,0,0,100,0
2,stage_arrival,15,S05,0,switch,12,51701,30,0,0,2,134.869,0,0,100,0
2,stage_arrival,42,S20,2,switch,3,51709,85,0,0,2,251.806,0,0,100,0
2,stage_arrival,43,S22,0,switch,0,51711,88,0,0,2,203.304,0,0,100,0
2,stage_arrival,11,S03,0,switch,6,51708,23,0,0,2,132.338,0,0,100,0
2,stage_arrival,32,S21,1,switch,43,51713,64,0,0,2,261.425,0,0,100,0
2,stage_arrival,43,S22,0,switch,0,51713,64,0,0,2,203.304,0,0,100,0
2,stage_arrival,55,S60,1,switch,37,51702,110,0,0,2,243.133,0,0,100,0
2,stage_arrival,31,S62,3,switch,5,51700,63,0,0,2,238.676,0,0,100,0
2,stage_arrival,56,S36,2,switch,4,51714,35,0,0,2,112.305,0,0,100,0
2,stage_arrival,47,S25,2,switch,4,51704,94,0,0,2,166.312,0,0,100,0
2,stage_arrival,49,S26,0,switch,43,51715,98,0,0,2,126.404,0,0,100,0
2,stage_arrival,1,S01,0,switch,0,51706,21,0,0,2,159.728,0,0,100,0
2,stage_arrival,4,S37,0,switch,0,51704,94,0,0,2,203.508,0,0,100,0
2,stage_arrival,32,S21,1,switch,43,51707,40,0,0,2,261.425,0,0,100,0
2,stage_arrival,3,S27,0,switch,0,51709,85,0,0,2,119.129,0,0,100,0
2,stage_arrival,24,S08,0,switch,22,51710,48,0,0,2,182.424,0,0,100,0
2,stage_arrival,6,S02,0,switch,1,51708,23,0,0,2,138.732,0,0,100,0
2,stage_arrival,20,S15,4,switch,32,51707,40,0,0,2,143.593,0,0,100,0
2,stage_arrival,10,S61,0,switch,1,51705,38,0,0,2,227.172,0,0,100,0
2,stage_arrival,22,S07,3,switch,26,51710,48,0,0,2,124.406,0,0,100,0
2,stage_arrival,19,S06,3,switch,10,51705,38,0,0,2,169.014,0,0,100,0
2,stage_arrival,36,S18,0,switch,35,51712,72,0,0,2,247.316,0,0,100,0
2,stage_arrival,35,S17,2,switch,37,51712,72,0,0,2,246.878,0,0,100,0
2,stage_arrival,37,S32,0,switch,0,51702,110,0,0,2,103.31,0,0,100,0
2,stage_arrival,44,S23,0,switch,43,51711,88,0,0,2,211.017,0,0,100,0
2,stage_arrival,12,S04,0,switch,6,51701,30,0,0,2,184.169,0,0,100,0
2,stage_arrival,10,S61,0,switch,1,51703,20,0,0,2,227.172,0,0,100,0
2,stage_arrival,1,S01,0,switch,0,51703,20,0,0,2,159.728,0,0,100,0
2,stage_arrival,5,S63,0,switch,0,51700,63,0,0,2,259.679,0,0,100,0
2,stage_arrival,10,S61,0,switch,1,51706,21,0,0,2,227.172,0,0,100,0
2,allocate_send_arrival,31,S62,3,switch,5,51700,63,0,0,2,238.676,0,100,0,0
2,allocate_send_arrival,5,S63,0,switch,0,51700,63,0,0,2,259.679,0,100,0,0
2,allocate_send_arrival,20,S15,4,switch,32,51707,40,0,0,2,143.593,0,100,0,0
2,allocate_send_arrival,37,S32,0,switch,0,51702,110,0,0,2,103.31,0,100,0,0
2,allocate_send_arrival,10,S61,0,switch,1,51705,38,0,0,2,227.172,0,75.724,24.276,0
2,enqueue_residual,10,S61,0,switch,1,51705,38,0,0,2,227.172,0,0,24.276,0
2,allocate_send_arrival,10,S61,0,switch,1,51703,20,0,0,2,227.172,0,75.724,24.276,0
2,enqueue_residual,10,S61,0,switch,1,51703,20,0,0,2,227.172,0,0,24.276,0
2,allocate_send_arrival,10,S61,0,switch,1,51706,21,0,0,2,227.172,0,75.724,24.276,0
2,enqueue_residual,10,S61,0,switch,1,51706,21,0,0,2,227.172,0,0,24.276,0
2,allocate_send_arrival,55,S60,1,switch,37,51702,110,0,0,2,243.133,0,100,0,0
2,allocate_send_arrival,32,S21,1,switch,43,51713,64,0,0,2,261.425,0,100,0,0
2,allocate_send_arrival,32,S21,1,switch,43,51707,40,0,0,2,261.425,0,100,0,0
2,allocate_send_arrival,44,S23,0,switch,43,51711,88,0,0,2,211.017,0,100,0,0
2,allocate_send_arrival,11,S03,0,switch,6,51708,23,0,0,2,132.338,0,100,0,0
2,allocate_send_arrival,35,S17,2,switch,37,51712,72,0,0,2,246.878,0,100,0,0
2,allocate_send_arrival,3,S27,0,switch,0,51709,85,0,0,2,119.129,0,100,0,0
2,allocate_send_arrival,12,S04,0,switch,6,51701,30,0,0,2,184.169,0,100,0,0
2,allocate_send_arrival,1,S01,0,switch,0,51706,21,0,0,2,159.728,0,79.864,20.136,0
2,enqueue_residual,1,S01,0,switch,0,51706,21,0,0,2,159.728,0,0,20.136,0
2,allocate_send_arrival,1,S01,0,switch,0,51703,20,0,0,2,159.728,0,79.864,20.136,0
2,enqueue_residual,1,S01,0,switch,0,51703,20,0,0,2,159.728,0,0,20.136,0
2,allocate_send_arrival,49,S26,0,switch,43,51715,98,0,0,2,126.404,0,100,0,0
2,allocate_send_arrival,42,S20,2,switch,3,51709,85,0,0,2,251.806,0,100,0,0
2,allocate_send_arrival,22,S07,3,switch,26,51710,48,0,0,2,124.406,0,100,0,0
2,allocate_send_arrival,24,S08,0,switch,22,51710,48,0,0,2,182.424,0,100,0,0
2,allocate_send_arrival,15,S05,0,switch,12,51701,30,0,0,2,134.869,0,100,0,0
2,allocate_send_arrival,36,S18,0,switch,35,51712,72,0,0,2,247.316,0,100,0,0
2,allocate_send_arrival,6,S02,0,switch,1,51708,23,0,0,2,138.732,0,100,0,0
2,allocate_send_arrival,43,S22,0,switch,0,51715,98,0,0,2,203.304,0,67.768,32.232,0
2,enqueue_residual,43,S22,0,switch,0,51715,98,0,0,2,203.304,0,0,32.232,0
2,allocate_send_arrival,43,S22,0,switch,0,51711,88,0,0,2,203.304,0,67.768,32.232,0
2,enqueue_residual,43,S22,0,switch,0,51711,88,0,0,2,203.304,0,0,32.232,0
2,allocate_send_arrival,43,S22,0,switch,0,51713,64,0,0,2,203.304,0,67.768,32.232,0
2,enqueue_residual,43,S22,0,switch,0,51713,64,0,0,2,203.304,0,0,32.232,0
2,allocate_send_arrival,56,S36,2,switch,4,51714,35,0,0,2,112.305,0,100,0,0
2,allocate_send_arrival,17,S35,1,switch,56,51714,35,0,0,2,252.252,0,100,0,0
2,allocate_send_arrival,4,S37,0,switch,0,51704,94,0,0,2,203.508,0,100,0,0
2,allocate_send_arrival,47,S25,2,switch,4,51704,94,0,0,2,166.312,0,100,0,0
2,allocate_send_arrival,19,S06,3,switch,10,51705,38,0,0,2,169.014,0,100,0,0
3,allocate_send_buffered,10,S61,0,switch,1,51705,38,0,0,3,227.172,72.828,24.276,0,0
3,allocate_send_buffered,10,S61,0,switch,1,51703,20,0,0,3,227.172,72.828,24.276,0,0
3,allocate_send_buffered,10,S61,0,switch,1,51706,21,0,0,3,227.172,72.828,24.276,0,0
3,allocate_send_buffered,1,S01,0,switch,0,51706,21,0,0,3,159.728,40.272,20.136,0,0
3,allocate_send_buffered,1,S01,0,switch,0,51703,20,0,0,3,159.728,40.272,20.136,0,0
3,allocate_send_buffered,43,S22,0,switch,0,51715,98,0,0,3,203.304,96.696,32.232,0,0
3,allocate_send_buffered,43,S22,0,switch,0,51711,88,0,0,3,203.304,96.696,32.232,0,0
3,allocate_send_buffered,43,S22,0,switch,0,51713,64,0,0,3,203.304,96.696,32.232,0,0
3,stage_arrival,20,S15,4,switch,32,51707,40,0,0,3,143.593,0,0,100,0
3,stage_arrival,10,S61,0,switch,1,51705,38,0,0,3,227.172,0,0,100,0
3,stage_arrival,0,S00,5,terminal,0,51709,85,0,0,3,1000,0,0,100,0
3,stage_arrival,12,S04,0,switch,6,51701,30,0,0,3,184.169,0,0,100,0
3,stage_arrival,1,S01,0,switch,0,51708,23,0,0,3,159.728,0,0,100,0
3,stage_arrival,44,S23,0,switch,43,51711,88,0,0,3,211.017,0,0,68.5415,0
3,stage_arrival,19,S06,3,switch,10,51705,38,0,0,3,169.014,0,0,76.2278,0
3,stage_arrival,55,S60,1,switch,37,51702,110,0,0,3,243.133,0,0,100,0
3,stage_arrival,10,S61,0,switch,1,51706,21,0,0,3,227.172,0,0,75.9209,0
3,stage_arrival,4,S37,0,switch,0,51714,35,0,0,3,203.508,0,0,100,0
3,stage_arrival,0,S00,5,terminal,0,51715,98,0,0,3,1000,0,0,67.768,0
3,stage_arrival,32,S21,1,switch,43,51713,64,0,0,3,261.425,0,0,68.7876,0
3,stage_arrival,37,S32,0,switch,0,51702,110,0,0,3,103.31,0,0,100,0
3,stage_arrival,43,S22,0,switch,0,51711,88,0,0,3,203.304,0,0,100,0
3,stage_arrival,43,S22,0,switch,0,51707,40,0,0,3,203.304,0,0,100,0
3,stage_arrival,26,S33,0,switch,3,51710,48,0,0,3,174.708,0,0,100,0
3,stage_arrival,47,S25,2,switch,4,51704,94,0,0,3,166.312,0,0,100,0
3,stage_arrival,5,S63,0,switch,0,51700,63,0,0,3,259.679,0,0,100,0
3,stage_arrival,35,S17,2,switch,37,51712,72,0,0,3,246.878,0,0,100,0
3,stage_arrival,36,S18,0,switch,35,51712,72,0,0,3,247.316,0,0,100,0
3,stage_arrival,24,S08,0,switch,22,51710,48,0,0,3,182.424,0,0,100,0
3,stage_arrival,0,S00,5,terminal,0,51713,64,0,0,3,1000,0,0,67.768,0
3,stage_arrival,0,S00,5,terminal,0,51703,20,0,0,3,1000,0,0,79.864,0
3,stage_arrival,22,S07,3,switch,26,51710,48,0,0,3,124.406,0,0,100,0
3,stage_arrival,0,S00,5,terminal,0,51711,88,0,0,3,1000,0,0,67.768,0
3,stage_arrival,4,S37,0,switch,0,51704,94,0,0,3,203.508,0,0,100,0
3,stage_arrival,1,S01,0,switch,0,51705,38,0,0,3,159.728,0,0,75.724,0
3,stage_arrival,10,S61,0,switch,1,51703,20,0,0,3,227.172,0,0,75.9209,0
3,stage_arrival,11,S03,0,switch,6,51708,23,0,0,3,132.338,0,0,100,0
3,stage_arrival,32,S21,1,switch,43,51707,40,0,0,3,261.425,0,0,100,0
3,stage_arrival,42,S20,2,switch,3,51709,85,0,0,3,251.806,0,0,100,0
3,stage_arrival,49,S26,0,switch,43,51715,98,0,0,3,126.404,0,0,68.0846,0
3,stage_arrival,1,S01,0,switch,0,51706,21,0,0,3,159.728,0,0,75.724,0
3,stage_arrival,56,S36,2,switch,4,51714,35,0,0,3,112.305,0,0,100,0
3,stage_arrival,43,S22,0,switch,0,51713,64,0,0,3,203.304,0,0,100,0
3,stage_arrival,0,S00,5,terminal,0,51706,21,0,0,3,1000,0,0,79.864,0
3,stage_arrival,37,S32,0,switch,0,51712,72,0,0,3,103.31,0,0,100,0
3,stage_arrival,43,S22,0,switch,0,51715,98,0,0,3,203.304,0,0,100,0
3,stage_arrival,6,S02,0,switch,1,51701,30,0,0,3,138.732,0,0,100,0
3,stage_arrival,6,S02,0,switch,1,51708,23,0,0,3,138.732,0,0,100,0
3,stage_arrival,0,S00,5,terminal,0,51700,63,0,0,3,1000,0,0,100,0
3,stage_arrival,17,S35,1,switch,56,51714,35,0,0,3,252.252,0,0,100,0
3,stage_arrival,15,S05,0,switch,12,51701,30,0,0,3,134.869,0,0,100,0
3,stage_arrival,0,S00,5,terminal,0,51702,110,0,0,3,1000,0,0,100,0
3,stage_arrival,31,S62,3,switch,5,51700,63,0,0,3,238.676,0,0,100,0
3,stage_arrival,1,S01,0,switch,0,51703,20,0,0,3,159.728,0,0,75.724,0
3,stage_arrival,3,S27,0,switch,0,51709,85,0,0,3,119.129,0,0,100,0
3,stage_arrival,0,S00,5,terminal,0,51704,94,0,0,3,1000,0,0,100,0
3,allocate_send_arrival,0,S00,5,terminal,0,51709,85,0,0,3,1000,0,100,1.45519e-14,0
3,allocate_send_arrival,0,S00,5,terminal,0,51715,98,0,0,3,1000,0,67.768,0,0
3,allocate_send_arrival,0,S00,5,terminal,0,51713,64,0,0,3,1000,0,67.768,0,0
3,allocate_send_arrival,0,S00,5,terminal,0,51703,20,0,0,3,1000,0,79.864,0,0
3,allocate_send_arrival,0,S00,5,terminal,0,51711,88,0,0,3,1000,0,67.768,0,0
3,allocate_send_arrival,0,S00,5,terminal,0,51706,21,0,0,3,1000,0,79.864,0,0
3,allocate_send_arrival,0,S00,5,terminal,0,51700,63,0,0,3,1000,0,100,1.45519e-14,0
3,allocate_send_arrival,0,S00,5,terminal,0,51702,110,0,0,3,1000,0,100,1.45519e-14,0
3,allocate_send_arrival,0,S00,5,terminal,0,51704,94,0,0,3,1000,0,100,1.45519e-14,0
3,allocate_send_arrival,31,S62,3,switch,5,51700,63,0,0,3,238.676,0,100,0,0
3,allocate_send_arrival,47,S25,2,switch,4,51704,94,0,0,3,166.312,0,100,0,0
3,allocate_send_arrival,6,S02,0,switch,1,51701,30,0,0,3,138.732,0,69.366,30.634,0
3,enqueue_residual,6,S02,0,switch,1,51701,30,0,0,3,138.732,0,0,30.634,0
3,allocate_send_arrival,6,S02,0,switch,1,51708,23,0,0,3,138.732,0,69.366,30.634,0
3,enqueue_residual,6,S02,0,switch,1,51708,23,0,0,3,138.732,0,0,30.634,0
3,allocate_send_arrival,56,S36,2,switch,4,51714,35,0,0,3,112.305,0,100,0,0
3,allocate_send_arrival,42,S20,2,switch,3,51709,85,0,0,3,251.806,0,100,0,0
3,allocate_send_arrival,1,S01,0,switch,0,51708,23,0,0,3,159.728,0,29.864,70.136,0
3,enqueue_residual,1,S01,0,switch,0,51708,23,0,0,3,159.728,0,0,70.136,0
3,allocate_send_arrival,1,S01,0,switch,0,51705,38,0,0,3,159.728,0,29.864,45.86,0
3,enqueue_residual,1,S01,0,switch,0,51705,38,0,0,3,159.728,0,0,29.864,0
3,drop_shared_buffer_overflow,1,S01,0,switch,0,51705,38,0,0,3,159.728,0,0,0,15.996
3,allocate_send_arrival,1,S01,0,switch,0,51706,21,0,0,3,159.728,0,29.864,45.86,0
3,drop_shared_buffer_overflow,1,S01,0,switch,0,51706,21,0,0,3,159.728,0,0,0,45.86
3,allocate_send_arrival,1,S01,0,switch,0,51703,20,0,0,3,159.728,0,29.864,45.86,0
3,drop_shared_buffer_overflow,1,S01,0,switch,0,51703,20,0,0,3,159.728,0,0,0,45.86
3,allocate_send_arrival,32,S21,1,switch,43,51713,64,0,0,3,261.425,0,68.7876,0,0
3,allocate_send_arrival,32,S21,1,switch,43,51707,40,0,0,3,261.425,0,100,0,0
3,allocate_send_arrival,20,S15,4,switch,32,51707,40,0,0,3,143.593,0,100,0,0
3,allocate_send_arrival,19,S06,3,switch,10,51705,38,0,0,3,169.014,0,76.2278,0,0
3,allocate_send_arrival,5,S63,0,switch,0,51700,63,0,0,3,259.679,0,100,0,0
3,allocate_send_arrival,55,S60,1,switch,37,51702,110,0,0,3,243.133,0,100,0,0
3,allocate_send_arrival,49,S26,0,switch,43,51715,98,0,0,3,126.404,0,68.0846,0,0
3,allocate_send_arrival,37,S32,0,switch,0,51702,110,0,0,3,103.31,0,51.655,48.345,0
3,enqueue_residual,37,S32,0,switch,0,51702,110,0,0,3,103.31,0,0,48.345,0
3,allocate_send_arrival,37,S32,0,switch,0,51712,72,0,0,3,103.31,0,51.655,48.345,0
3,enqueue_residual,37,S32,0,switch,0,51712,72,0,0,3,103.31,0,0,48.345,0
3,allocate_send_arrival,17,S35,1,switch,56,51714,35,0,0,3,252.252,0,100,0,0
3,allocate_send_arrival,43,S22,0,switch,0,51711,88,0,0,3,203.304,0,26.652,73.348,0
3,enqueue_residual,43,S22,0,switch,0,51711,88,0,0,3,203.304,0,0,73.348,0
3,allocate_send_arrival,43,S22,0,switch,0,51707,40,0,0,3,203.304,0,26.652,73.348,0
3,enqueue_residual,43,S22,0,switch,0,51707,40,0,0,3,203.304,0,0,26.652,0
3,drop_shared_buffer_overflow,43,S22,0,switch,0,51707,40,0,0,3,203.304,0,0,0,46.696
3,allocate_send_arrival,43,S22,0,switch,0,51713,64,0,0,3,203.304,0,26.652,73.348,0
3,drop_shared_buffer_overflow,43,S22,0,switch,0,51713,64,0,0,3,203.304,0,0,0,73.348
3,allocate_send_arrival,43,S22,0,switch,0,51715,98,0,0,3,203.304,0,26.652,73.348,0
3,drop_shared_buffer_overflow,43,S22,0,switch,0,51715,98,0,0,3,203.304,0,0,0,73.348
3,allocate_send_arrival,36,S18,0,switch,35,51712,72,0,0,3,247.316,0,100,0,0
3,allocate_send_arrival,22,S07,3,switch,26,51710,48,0,0,3,124.406,0,100,0,0
3,allocate_send_arrival,3,S27,0,switch,0,51709,85,0,0,3,119.129,0,100,0,0
3,allocate_send_arrival,12,S04,0,switch,6,51701,30,0,0,3,184.169,0,100,0,0
3,allocate_send_arrival,4,S37,0,switch,0,51714,35,0,0,3,203.508,0,100,0,0
3,allocate_send_arrival,4,S37,0,switch,0,51704,94,0,0,3,203.508,0,100,0,0
3,allocate_send_arrival,10,S61,0,switch,1,51705,38,0,0,3,227.172,0,51.448,48.552,0
3,enqueue_residual,10,S61,0,switch,1,51705,38,0,0,3,227.172,0,0,48.552,0
3,allocate_send_arrival,10,S61,0,switch,1,51706,21,0,0,3,227.172,0,51.448,24.4729,0
3,enqueue_residual,10,S61,0,switch,1,51706,21,0,0,3,227.172,0,0,24.4729,0
3,allocate_send_arrival,10,S61,0,switch,1,51703,20,0,0,3,227.172,0,51.448,24.4729,0
3,enqueue_residual,10,S61,0,switch,1,51703,20,0,0,3,227.172,0,0,24.4729,0
3,allocate_send_arrival,11,S03,0,switch,6,51708,23,0,0,3,132.338,0,100,0,0
3,allocate_send_arrival,35,S17,2,switch,37,51712,72,0,0,3,246.878,0,100,0,0
3,allocate_send_arrival,26,S33,0,switch,3,51710,48,0,0,3,174.708,0,100,0,0
3,allocate_send_arrival,44,S23,0,switch,43,51711,88,0,0,3,211.017,0,68.5415,0,0
3,allocate_send_arrival,15,S05,0,switch,12,51701,30,0,0,3,134.869,0,100,0,0
3,allocate_send_arrival,24,S08,0,switch,22,51710,48,0,0,3,182.424,0,100,0,0
4,allocate_send_buffered,37,S32,0,switch,0,51702,110,0,0,4,103.31,96.69,48.345,0,0
4,allocate_send_buffered,37,S32,0,switch,0,51712,72,0,0,4,103.31,96.69,48.345,0,0
4,allocate_send_buffered,1,S01,0,switch,0,51708,23,0,0,4,159.728,100,70.136,0,0
4,allocate_send_buffered,1,S01,0,switch,0,51705,38,0,0,4,159.728,100,29.864,0,0
4,allocate_send_buffered,10,S61,0,switch,1,51705,38,0,0,4,227.172,97.4978,48.552,7.27596e-15,0
4,allocate_send_buffered,10,S61,0,switch,1,51706,21,0,0,4,227.172,97.4978,24.4729,0,0
4,allocate_send_buffered,10,S61,0,switch,1,51703,20,0,0,4,227.172,97.4978,24.4729,0,0
4,allocate_send_buffered,43,S22,0,switch,0,51711,88,0,0,4,203.304,100,73.348,0,0
4,allocate_send_buffered,43,S22,0,switch,0,51707,40,0,0,4,203.304,100,26.652,0,0
4,stage_arrival,0,S00,5,terminal,0,51706,21,0,0,4,1000,0,0,29.864,0
4,stage_arrival_coalesce,0,S00,5,terminal,0,51706,21,0,0,4,1000,0,0,50,0
4,stage_arrival,20,S15,4,switch,32,51707,40,0,0,4,143.593,0,0,51.3455,0
4,stage_arrival,5,S63,0,switch,0,51700,63,0,0,4,259.679,0,0,100,0
4,stage_arrival,3,S27,0,switch,0,51709,85,0,0,4,119.129,0,0,100,0
4,stage_arrival,32,S21,1,switch,43,51713,64,0,0,4,261.425,0,0,50.9175,0
4,stage_arrival,0,S00,5,terminal,0,51705,38,0,0,4,1000,0,0,29.864,0
4,stage_arrival,37,S32,0,switch,0,51712,72,0,0,4,103.31,0,0,100,0
4,stage_arrival,43,S22,0,switch,0,51711,88,0,0,4,203.304,0,0,68.5415,0
4,stage_arrival,0,S00,5,terminal,0,51713,64,0,0,4,1000,0,0,26.652,0
4,stage_arrival,26,S33,0,switch,3,51710,48,0,0,4,174.708,0,0,100,0
4,stage_arrival,1,S01,0,switch,0,51705,38,0,0,4,159.728,0,0,51.448,0
4,stage_arrival,1,S01,0,switch,0,51701,30,0,0,4,159.728,0,0,69.366,0
4,stage_arrival,43,S22,0,switch,0,51715,98,0,0,4,203.304,0,0,68.0846,0
4,stage_arrival,22,S07,3,switch,26,51710,48,0,0,4,124.406,0,0,100,0
4,stage_arrival,1,S01,0,switch,0,51703,20,0,0,4,159.728,0,0,51.448,0
4,stage_arrival,0,S00,5,terminal,0,51711,88,0,0,4,1000,0,0,26.652,0
4,stage_arrival,0,S00,5,terminal,0,51707,40,0,0,4,1000,0,0,26.652,0
4,stage_arrival,10,S61,0,switch,1,51705,38,0,0,4,227.172,0,0,76.2278,0
4,stage_arrival,43,S22,0,switch,0,51713,64,0,0,4,203.304,0,0,68.7876,0
4,stage_arrival,31,S62,3,switch,5,51700,63,0,0,4,238.676,0,0,100,0
4,stage_arrival,10,S61,0,switch,1,51706,21,0,0,4,227.172,0,0,40.1253,0
4,stage_arrival,1,S01,0,switch,0,51706,21,0,0,4,159.728,0,0,24.276,0
4,stage_arrival,44,S23,0,switch,43,51711,88,0,0,4,211.017,0,0,50.9175,0
4,stage_arrival,4,S37,0,switch,0,51714,35,0,0,4,203.508,0,0,100,0
4,stage_arrival,0,S00,5,terminal,0,51700,63,0,0,4,1000,0,0,100,0
4,stage_arrival_coalesce,1,S01,0,switch,0,51705,38,0,0,4,159.728,0,0,75.724,0
4,stage_arrival,56,S36,2,switch,4,51714,35,0,0,4,112.305,0,0,100,0
4,stage_arrival,43,S22,0,switch,0,51707,40,0,0,4,203.304,0,0,100,0
4,stage_arrival,24,S08,0,switch,22,51710,48,0,0,4,182.424,0,0,100,0
4,stage_arrival,0,S00,5,terminal,0,51708,23,0,0,4,1000,0,0,29.864,0
4,stage_arrival,0,S00,5,terminal,0,51703,20,0,0,4,1000,0,0,20.136,0
4,stage_arrival,55,S60,1,switch,37,51702,110,0,0,4,243.133,0,0,51.9339,0
4,stage_arrival,3,S27,0,switch,0,51710,48,0,0,4,119.129,0,0,100,0
4,stage_arrival_coalesce,1,S01,0,switch,0,51703,20,0,0,4,159.728,0,0,75.724,0
4,stage_arrival,17,S35,1,switch,56,51714,35,0,0,4,252.252,0,0,100,0
4,stage_arrival,12,S04,0,switch,6,51701,30,0,0,4,184.169,0,0,100,0
4,stage_arrival_coalesce,0,S00,5,terminal,0,51703,20,0,0,4,1000,0,0,50,0
4,stage_arrival,0,S00,5,terminal,0,51712,72,0,0,4,1000,0,0,51.655,0
4,stage_arrival,10,S61,0,switch,1,51703,20,0,0,4,227.172,0,0,40.1253,0
4,stage_arrival,0,S00,5,terminal,0,51714,35,0,0,4,1000,0,0,100,0
4,stage_arrival,0,S00,5,terminal,0,51715,98,0,0,4,1000,0,0,32.232,0
4,stage_arrival,42,S20,2,switch,3,51709,85,0,0,4,251.806,0,0,100,0
4,stage_arrival,37,S32,0,switch,0,51702,110,0,0,4,103.31,0,0,100,0
4,stage_arrival,0,S00,5,terminal,0,51709,85,0,0,4,1000,0,0,100,0
4,stage_arrival,36,S18,0,switch,35,51712,72,0,0,4,247.316,0,0,52.7482,0
4,stage_arrival_coalesce,0,S00,5,terminal,0,51715,98,0,0,4,1000,0,0,58.884,0
4,stage_arrival,32,S21,1,switch,43,51707,40,0,0,4,261.425,0,0,100,0
4,stage_arrival_coalesce,0,S00,5,terminal,0,51713,64,0,0,4,1000,0,0,58.884,0
4,stage_arrival,47,S25,2,switch,4,51704,94,0,0,4,166.312,0,0,100,0
4,stage_arrival,19,S06,3,switch,10,51705,38,0,0,4,169.014,0,0,40.1324,0
4,stage_arrival,6,S02,0,switch,1,51708,23,0,0,4,138.732,61.268,0,100,0
4,stage_arrival_coalesce,0,S00,5,terminal,0,51711,88,0,0,4,1000,0,0,58.884,0
4,stage_arrival,6,S02,0,switch,1,51701,30,0,0,4,138.732,61.268,0,100,0
4,stage_arrival,1,S01,0,switch,0,51708,23,0,0,4,159.728,0,0,69.366,0
4,stage_arrival_coalesce,1,S01,0,switch,0,51706,21,0,0,4,159.728,0,0,75.724,0
4,stage_arrival,15,S05,0,switch,12,51701,30,0,0,4,134.869,0,0,98.9961,0
4,stage_arrival,4,S37,0,switch,0,51704,94,0,0,4,203.508,0,0,100,0
4,stage_arrival,49,S26,0,switch,43,51715,98,0,0,4,126.404,0,0,50.9175,0
4,stage_arrival,35,S17,2,switch,37,51712,72,0,0,4,246.878,0,0,100,0
4,stage_arrival,11,S03,0,switch,6,51708,23,0,0,4,132.338,0,0,40.4369,0
4,stage_arrival,0,S00,5,terminal,0,51702,110,0,0,4,1000,0,0,51.655,0
4,stage_arrival,0,S00,5,terminal,0,51704,94,0,0,4,1000,0,0,100,0
4,allocate_send_arrival,35,S17,2,switch,37,51712,72,0,0,4,246.878,0,100,0,0
4,allocate_send_arrival,1,S01,0,switch,0,51705,38,0,0,4,159.728,0,11.9456,63.7784,0
4,enqueue_residual,1,S01,0,switch,0,51705,38,0,0,4,159.728,0,0,63.7784,0
4,allocate_send_arrival,1,S01,0,switch,0,51701,30,0,0,4,159.728,0,11.9456,57.4204,0
4,enqueue_residual,1,S01,0,switch,0,51701,30,0,0,4,159.728,0,0,36.2216,0
4,drop_shared_buffer_overflow,1,S01,0,switch,0,51701,30,0,0,4,159.728,0,0,0,21.1988
4,allocate_send_arrival,1,S01,0,switch,0,51703,20,0,0,4,159.728,0,11.9456,63.7784,0
4,drop_shared_buffer_overflow,1,S01,0,switch,0,51703,20,0,0,4,159.728,0,0,0,63.7784
4,allocate_send_arrival,1,S01,0,switch,0,51706,21,0,0,4,159.728,0,11.9456,63.7784,0
4,drop_shared_buffer_overflow,1,S01,0,switch,0,51706,21,0,0,4,159.728,0,0,0,63.7784
4,allocate_send_arrival,1,S01,0,switch,0,51708,23,0,0,4,159.728,0,11.9456,57.4204,0
4,drop_shared_buffer_overflow,1,S01,0,switch,0,51708,23,0,0,4,159.728,0,0,0,57.4204
4,allocate_send_arrival,44,S23,0,switch,43,51711,88,0,0,4,211.017,0,50.9175,0,0
4,allocate_send_arrival,47,S25,2,switch,4,51704,94,0,0,4,166.312,0,100,0,0
4,allocate_send_arrival,17,S35,1,switch,56,51714,35,0,0,4,252.252,0,100,0,0
4,allocate_send_arrival,56,S36,2,switch,4,51714,35,0,0,4,112.305,0,100,0,0
4,allocate_send_arrival,4,S37,0,switch,0,51714,35,0,0,4,203.508,0,100,0,0
4,allocate_send_arrival,4,S37,0,switch,0,51704,94,0,0,4,203.508,0,100,0,0
4,allocate_send_arrival,43,S22,0,switch,0,51711,88,0,0,4,203.304,0,25.826,42.7155,0
4,enqueue_residual,43,S22,0,switch,0,51711,88,0,0,4,203.304,0,0,42.7155,0
4,allocate_send_arrival,43,S22,0,switch,0,51715,98,0,0,4,203.304,0,25.826,42.2586,0
4,enqueue_residual,43,S22,0,switch,0,51715,98,0,0,4,203.304,0,0,42.2586,0
4,allocate_send_arrival,43,S22,0,switch,0,51713,64,0,0,4,203.304,0,25.826,42.9616,0
4,enqueue_residual,43,S22,0,switch,0,51713,64,0,0,4,203.304,0,0,15.0258,0
4,drop_shared_buffer_overflow,43,S22,0,switch,0,51713,64,0,0,4,203.304,0,0,0,27.9358
4,allocate_send_arrival,43,S22,0,switch,0,51707,40,0,0,4,203.304,0,25.826,74.174,0
4,drop_shared_buffer_overflow,43,S22,0,switch,0,51707,40,0,0,4,203.304,0,0,0,74.174
4,allocate_send_arrival,5,S63,0,switch,0,51700,63,0,0,4,259.679,0,100,0,0
4,allocate_send_arrival,26,S33,0,switch,3,51710,48,0,0,4,174.708,0,100,0,0
4,allocate_send_arrival,3,S27,0,switch,0,51709,85,0,0,4,119.129,0,59.5645,40.4355,0
4,enqueue_residual,3,S27,0,switch,0,51709,85,0,0,4,119.129,0,0,40.4355,0
4,allocate_send_arrival,3,S27,0,switch,0,51710,48,0,0,4,119.129,0,59.5645,40.4355,0
4,enqueue_residual,3,S27,0,switch,0,51710,48,0,0,4,119.129,0,0,40.4355,0
4,allocate_send_arrival,19,S06,3,switch,10,51705,38,0,0,4,169.014,0,40.1324,0,0
4,allocate_send_arrival,15,S05,0,switch,12,51701,30,0,0,4,134.869,0,98.9961,0,0
4,allocate_send_arrival,20,S15,4,switch,32,51707,40,0,0,4,143.593,0,51.3455,0,0
4,allocate_send_arrival,36,S18,0,switch,35,51712,72,0,0,4,247.316,0,52.7482,0,0
4,allocate_send_arrival,0,S00,5,terminal,0,51706,21,0,0,4,1000,0,50,0,0
4,allocate_send_arrival,0,S00,5,terminal,0,51705,38,0,0,4,1000,0,29.864,0,0
4,allocate_send_arrival,0,S00,5,terminal,0,51713,64,0,0,4,1000,0,58.884,0,0
4,allocate_send_arrival,0,S00,5,terminal,0,51711,88,0,0,4,1000,0,58.884,0,0
4,allocate_send_arrival,0,S00,5,terminal,0,51707,40,0,0,4,1000,0,26.652,0,0
4,allocate_send_arrival,0,S00,5,terminal,0,51700,63,0,0,4,1000,0,100,2.91038e-14,0
4,allocate_send_arrival,0,S00,5,terminal,0,51708,23,0,0,4,1000,0,29.864,0,0
4,allocate_send_arrival,0,S00,5,terminal,0,51703,20,0,0,4,1000,0,50,0,0
4,allocate_send_arrival,0,S00,5,terminal,0,51712,72,0,0,4,1000,0,51.655,0,0
4,allocate_send_arrival,0,S00,5,terminal,0,51714,35,0,0,4,1000,0,100,2.91038e-14,0
4,allocate_send_arrival,0,S00,5,terminal,0,51715,98,0,0,4,1000,0,58.884,0,0
4,allocate_send_arrival,0,S00,5,terminal,0,51709,85,0,0,4,1000,0,100,2.91038e-14,0
4,allocate_send_arrival,0,S00,5,terminal,0,51702,110,0,0,4,1000,0,51.655,0,0
4,allocate_send_arrival,0,S00,5,terminal,0,51704,94,0,0,4,1000,0,100,2.91038e-14,0
4,allocate_send_arrival,55,S60,1,switch,37,51702,110,0,0,4,243.133,0,51.9339,0,0
4,allocate_send_arrival,49,S26,0,switch,43,51715,98,0,0,4,126.404,0,50.9175,0,0
4,allocate_send_arrival,42,S20,2,switch,3,51709,85,0,0,4,251.806,0,100,0,0
4,allocate_send_arrival,6,S02,0,switch,1,51708,23,0,0,4,138.732,61.268,69.366,30.634,0
4,enqueue_residual,6,S02,0,switch,1,51708,23,0,0,4,138.732,61.268,0,30.634,0
4,allocate_send_arrival,6,S02,0,switch,1,51701,30,0,0,4,138.732,61.268,69.366,30.634,0
4,enqueue_residual,6,S02,0,switch,1,51701,30,0,0,4,138.732,61.268,0,8.098,0
4,drop_shared_buffer_overflow,6,S02,0,switch,1,51701,30,0,0,4,138.732,61.268,0,0,22.536
4,allocate_send_arrival,12,S04,0,switch,6,51701,30,0,0,4,184.169,0,100,0,0
4,allocate_send_arrival,11,S03,0,switch,6,51708,23,0,0,4,132.338,0,40.4369,0,0
4,allocate_send_arrival,37,S32,0,switch,0,51712,72,0,0,4,103.31,0,3.31,96.69,0
4,enqueue_residual,37,S32,0,switch,0,51712,72,0,0,4,103.31,0,0,96.69,0
4,allocate_send_arrival,37,S32,0,switch,0,51702,110,0,0,4,103.31,0,3.31,96.69,0
4,enqueue_residual,37,S32,0,switch,0,51702,110,0,0,4,103.31,0,0,3.31,0
4,drop_shared_buffer_overflow,37,S32,0,switch,0,51702,110,0,0,4,103.31,0,0,0,93.38
4,allocate_send_arrival,22,S07,3,switch,26,51710,48,0,0,4,124.406,0,100,0,0
4,allocate_send_arrival,24,S08,0,switch,22,51710,48,0,0,4,182.424,0,100,0,0
4,allocate_send_arrival,31,S62,3,switch,5,51700,63,0,0,4,238.676,0,100,0,0
4,allocate_send_arrival,32,S21,1,switch,43,51713,64,0,0,4,261.425,0,50.9175,0,0
4,allocate_send_arrival,32,S21,1,switch,43,51707,40,0,0,4,261.425,0,100,0,0
4,allocate_send_arrival,10,S61,0,switch,1,51705,38,0,0,4,227.172,0,49.4237,26.8041,0
4,enqueue_residual,10,S61,0,switch,1,51705,38,0,0,4,227.172,0,0,26.8041,0
4,allocate_send_arrival,10,S61,0,switch,1,51706,21,0,0,4,227.172,0,40.1253,0,0
4,allocate_send_arrival,10,S61,0,switch,1,51703,20,0,0,4,227.172,0,40.1253,0,0
5,allocate_send_buffered,1,S01,0,switch,0,51705,38,0,0,5,159.728,100,63.7784,7.27596e-15,0
5,allocate_send_buffered,1,S01,0,switch,0,51701,30,0,0,5,159.728,100,36.2216,0,0
5,allocate_send_buffered,3,S27,0,switch,0,51709,85,0,0,5,119.129,80.871,40.4355,0,0
5,allocate_send_buffered,3,S27,0,switch,0,51710,48,0,0,5,119.129,80.871,40.4355,0,0
5,allocate_send_buffered,37,S32,0,switch,0,51712,72,0,0,5,103.31,100,96.69,0,0
5,allocate_send_buffered,37,S32,0,switch,0,51702,110,0,0,5,103.31,100,3.31,0,0
5,allocate_send_buffered,43,S22,0,switch,0,51711,88,0,0,5,203.304,100,42.7155,0,0
5,allocate_send_buffered,43,S22,0,switch,0,51715,98,0,0,5,203.304,100,42.2586,0,0
5,allocate_send_buffered,43,S22,0,switch,0,51713,64,0,0,5,203.304,100,15.0258,0,0
5,allocate_send_buffered,6,S02,0,switch,1,51701,30,0,0,5,138.732,100,38.732,0,0
5,allocate_send_buffered,6,S02,0,switch,1,51708,23,0,0,5,138.732,100,61.268,0,0
5,stage_arrival,37,S32,0,switch,0,51712,72,0,0,5,103.31,0,0,100,0
5,stage_arrival,4,S37,0,switch,0,51704,94,0,0,5,203.508,0,0,100,0
5,stage_arrival,0,S00,5,terminal,0,51714,35,0,0,5,1000,0,0,100,0
5,stage_arrival,31,S62,3,switch,5,51700,63,0,0,5,238.676,0,0,71.6508,0
5,stage_arrival,49,S26,0,switch,43,51715,98,0,0,5,126.404,0,0,50.826,0
5,stage_arrival,0,S00,5,terminal,0,51706,21,0,0,5,1000,0,0,11.9456,0
5,stage_arrival,0,S00,5,terminal,0,51712,72,0,0,5,1000,0,0,48.345,0
5,stage_arrival,19,S06,3,switch,10,51705,38,0,0,5,169.014,0,0,31.9903,0
5,stage_arrival,43,S22,0,switch,0,51715,98,0,0,5,203.304,0,0,50.9175,0
5,stage_arrival,0,S00,5,terminal,0,51705,38,0,0,5,1000,0,0,11.9456,0
5,stage_arrival,0,S00,5,terminal,0,51703,20,0,0,5,1000,0,0,11.9456,0
5,stage_arrival,37,S32,0,switch,0,51702,110,0,0,5,103.31,0,0,51.9339,0
5,stage_arrival,1,S01,0,switch,0,51703,20,0,0,5,159.728,0,0,40.1253,0
5,stage_arrival,10,S61,0,switch,1,51703,20,0,0,5,227.172,26.8041,0,31.9887,0
5,stage_arrival,10,S61,0,switch,1,51705,38,0,0,5,227.172,26.8041,0,40.1324,0
5,stage_arrival,0,S00,5,terminal,0,51702,110,0,0,5,1000,0,0,3.31,0
5,stage_arrival,0,S00,5,terminal,0,51704,94,0,0,5,1000,0,0,100,0
5,stage_arrival,0,S00,5,terminal,0,51700,63,0,0,5,1000,0,0,100,0
5,stage_arrival,1,S01,0,switch,0,51706,21,0,0,5,159.728,0,0,24.4729,0
5,stage_arrival,1,S01,0,switch,0,51705,38,0,0,5,159.728,0,0,48.552,0
5,stage_arrival,56,S36,2,switch,4,51714,35,0,0,5,112.305,0,0,100,0
5,stage_arrival,0,S00,5,terminal,0,51707,40,0,0,5,1000,0,0,25.826,0
5,stage_arrival,0,S00,5,terminal,0,51710,48,0,0,5,1000,0,0,59.5645,0
5,stage_arrival,43,S22,0,switch,0,51707,40,0,0,5,203.304,0,0,100,0
5,stage_arrival,35,S17,2,switch,37,51712,72,0,0,5,246.878,0,0,52.7482,0
5,stage_arrival,0,S00,5,terminal,0,51708,23,0,0,5,1000,0,0,70.136,0
5,stage_arrival,12,S04,0,switch,6,51701,30,0,0,5,184.169,0,0,98.9961,0
5,stage_arrival,0,S00,5,terminal,0,51701,30,0,0,5,1000,0,0,11.9456,0
5,stage_arrival_coalesce,1,S01,0,switch,0,51705,38,0,0,5,159.728,0,0,97.9757,0
5,stage_arrival,3,S27,0,switch,0,51709,85,0,0,5,119.129,0,0,100,0
5,stage_arrival,0,S00,5,terminal,0,51711,88,0,0,5,1000,0,0,73.348,0
5,stage_arrival,26,S33,0,switch,3,51710,48,0,0,5,174.708,0,0,100,0
5,stage_arrival,10,S61,0,switch,1,51706,21,0,0,5,227.172,26.8041,0,31.9887,0
5,stage_arrival,32,S21,1,switch,43,51713,64,0,0,5,261.425,0,0,50.826,0
5,stage_arrival,22,S07,3,switch,26,51710,48,0,0,5,124.406,0,0,100,0
5,stage_arrival,6,S02,0,switch,1,51708,23,0,0,5,138.732,0,0,40.4369,0
5,stage_arrival,1,S01,0,switch,0,51708,23,0,0,5,159.728,0,0,69.366,0
5,stage_arrival,0,S00,5,terminal,0,51713,64,0,0,5,1000,0,0,25.826,0
5,stage_arrival_coalesce,0,S00,5,terminal,0,51705,38,0,0,5,1000,0,0,41.8096,0
5,stage_arrival_coalesce,1,S01,0,switch,0,51706,21,0,0,5,159.728,0,0,64.5982,0
5,stage_arrival,47,S25,2,switch,4,51704,94,0,0,5,166.312,0,0,71.5984,0
5,stage_arrival,3,S27,0,switch,0,51710,48,0,0,5,119.129,0,0,100,0
5,stage_arrival,1,S01,0,switch,0,51701,30,0,0,5,159.728,0,0,69.366,0
5,stage_arrival_coalesce,0,S00,5,terminal,0,51708,23,0,0,5,1000,0,0,82.0816,0
5,stage_arrival,15,S05,0,switch,12,51701,30,0,0,5,134.869,0,0,32.3334,0
5,stage_arrival,42,S20,2,switch,3,51709,85,0,0,5,251.806,0,0,59.8429,0
5,stage_arrival,55,S60,1,switch,37,51702,110,0,0,5,243.133,0,0,51.655,0
5,stage_arrival,4,S37,0,switch,0,51714,35,0,0,5,203.508,0,0,100,0
5,stage_arrival,0,S00,5,terminal,0,51715,98,0,0,5,1000,0,0,25.826,0
5,stage_arrival,17,S35,1,switch,56,51714,35,0,0,5,252.252,0,0,71.6045,0
5,stage_arrival,36,S18,0,switch,35,51712,72,0,0,5,247.316,0,0,51.655,0
5,stage_arrival,5,S63,0,switch,0,51700,63,0,0,5,259.679,0,0,100,0
5,stage_arrival,43,S22,0,switch,0,51711,88,0,0,5,203.304,0,0,50.9175,0
5,stage_arrival,44,S23,0,switch,43,51711,88,0,0,5,211.017,0,0,50.826,0
5,stage_arrival_coalesce,0,S00,5,terminal,0,51711,88,0,0,5,1000,0,0,99.174,0
5,stage_arrival,24,S08,0,switch,22,51710,48,0,0,5,182.424,0,0,59.9406,0
5,stage_arrival_coalesce,0,S00,5,terminal,0,51707,40,0,0,5,1000,0,0,52.478,0
5,stage_arrival,11,S03,0,switch,6,51708,23,0,0,5,132.338,0,0,31.9903,0
5,stage_arrival_coalesce,0,S00,5,terminal,0,51712,72,0,0,5,1000,0,0,51.655,0
5,stage_arrival,0,S00,5,terminal,0,51709,85,0,0,5,1000,0,0,59.5645,0
5,stage_arrival,43,S22,0,switch,0,51713,64,0,0,5,203.304,0,0,50.9175,0
5,stage_arrival,6,S02,0,switch,1,51701,30,0,0,5,138.732,0,0,100,0
5,stage_arrival,20,S15,4,switch,32,51707,40,0,0,5,143.593,0,0,50.826,0
5,stage_arrival,32,S21,1,switch,43,51707,40,0,0,5,261.425,0,0,51.3455,0
5,stage_arrival_coalesce,1,S01,0,switch,0,51703,20,0,0,5,159.728,0,0,64.5982,0
5,stage_arrival_coalesce,0,S00,5,terminal,0,51702,110,0,0,5,1000,0,0,51.655,0
5,allocate_send_arrival,5,S63,0,switch,0,51700,63,0,0,5,259.679,0,100,0,0
5,allocate_send_arrival,10,S61,0,switch,1,51703,20,0,0,5,227.172,26.8041,31.9887,0,0
5,allocate_send_arrival,10,S61,0,switch,1,51705,38,0,0,5,227.172,26.8041,40.1324,0,0
5,allocate_send_arrival,10,S61,0,switch,1,51706,21,0,0,5,227.172,26.8041,31.9887,0,0
5,allocate_send_arrival,36,S18,0,switch,35,51712,72,0,0,5,247.316,0,51.655,0,0
5,allocate_send_arrival,55,S60,1,switch,37,51702,110,0,0,5,243.133,0,51.655,0,0
5,allocate_send_arrival,12,S04,0,switch,6,51701,30,0,0,5,184.169,0,98.9961,0,0
5,allocate_send_arrival,26,S33,0,switch,3,51710,48,0,0,5,174.708,0,100,0,0
5,allocate_send_arrival,56,S36,2,switch,4,51714,35,0,0,5,112.305,0,100,0,0
5,allocate_send_arrival,20,S15,4,switch,32,51707,40,0,0,5,143.593,0,50.826,0,0
5,allocate_send_arrival,11,S03,0,switch,6,51708,23,0,0,5,132.338,0,31.9903,0,0
5,allocate_send_arrival,43,S22,0,switch,0,51715,98,0,0,5,203.304,0,25.826,25.0915,0
5,enqueue_residual,43,S22,0,switch,0,51715,98,0,0,5,203.304,0,0,25.0915,0
5,allocate_send_arrival,43,S22,0,switch,0,51707,40,0,0,5,203.304,0,25.826,74.174,0
5,enqueue_residual,43,S22,0,switch,0,51707,40,0,0,5,203.304,0,0,74.174,0
5,allocate_send_arrival,43,S22,0,switch,0,51711,88,0,0,5,203.304,0,25.826,25.0915,0
5,enqueue_residual,43,S22,0,switch,0,51711,88,0,0,5,203.304,0,0,0.734513,0
5,drop_shared_buffer_overflow,43,S22,0,switch,0,51711,88,0,0,5,203.304,0,0,0,24.357
5,allocate_send_arrival,43,S22,0,switch,0,51713,64,0,0,5,203.304,0,25.826,25.0915,0
5,drop_shared_buffer_overflow,43,S22,0,switch,0,51713,64,0,0,5,203.304,0,0,0,25.0915
5,allocate_send_arrival,4,S37,0,switch,0,51704,94,0,0,5,203.508,0,100,0,0
5,allocate_send_arrival,4,S37,0,switch,0,51714,35,0,0,5,203.508,0,100,0,0
5,allocate_send_arrival,44,S23,0,switch,43,51711,88,0,0,5,211.017,0,50.826,0,0
5,allocate_send_arrival,47,S25,2,switch,4,51704,94,0,0,5,166.312,0,71.5984,0,0
5,allocate_send_arrival,24,S08,0,switch,22,51710,48,0,0,5,182.424,0,59.9406,0,0
5,allocate_send_arrival,37,S32,0,switch,0,51712,72,0,0,5,103.31,0,1.655,98.345,0
5,enqueue_residual,37,S32,0,switch,0,51712,72,0,0,5,103.31,0,0,98.345,0
5,allocate_send_arrival,37,S32,0,switch,0,51702,110,0,0,5,103.31,0,1.655,50.2789,0
5,enqueue_residual,37,S32,0,switch,0,51702,110,0,0,5,103.31,0,0,1.655,0
5,drop_shared_buffer_overflow,37,S32,0,switch,0,51702,110,0,0,5,103.31,0,0,0,48.6239
5,allocate_send_arrival,3,S27,0,switch,0,51709,85,0,0,5,119.129,0,19.129,80.871,0
5,enqueue_residual,3,S27,0,switch,0,51709,85,0,0,5,119.129,0,0,80.871,0
5,allocate_send_arrival,3,S27,0,switch,0,51710,48,0,0,5,119.129,0,19.129,80.871,0
5,enqueue_residual,3,S27,0,switch,0,51710,48,0,0,5,119.129,0,0,19.129,0
5,drop_shared_buffer_overflow,3,S27,0,switch,0,51710,48,0,0,5,119.129,0,0,0,61.742
5,allocate_send_arrival,35,S17,2,switch,37,51712,72,0,0,5,246.878,0,52.7482,0,0
5,allocate_send_arrival,32,S21,1,switch,43,51713,64,0,0,5,261.425,0,50.826,0,0
5,allocate_send_arrival,32,S21,1,switch,43,51707,40,0,0,5,261.425,0,51.3455,0,0
5,allocate_send_arrival,6,S02,0,switch,1,51708,23,0,0,5,138.732,0,19.366,21.0709,0
5,enqueue_residual,6,S02,0,switch,1,51708,23,0,0,5,138.732,0,0,21.0709,0
5,allocate_send_arrival,6,S02,0,switch,1,51701,30,0,0,5,138.732,0,19.366,80.634,0
5,enqueue_residual,6,S02,0,switch,1,51701,30,0,0,5,138.732,0,0,78.9291,0
5,drop_shared_buffer_overflow,6,S02,0,switch,1,51701,30,0,0,5,138.732,0,0,0,1.70488
5,allocate_send_arrival,0,S00,5,terminal,0,51714,35,0,0,5,1000,0,100,0,0
5,allocate_send_arrival,0,S00,5,terminal,0,51706,21,0,0,5,1000,0,11.9456,0,0
5,allocate_send_arrival,0,S00,5,terminal,0,51712,72,0,0,5,1000,0,51.655,0,0
5,allocate_send_arrival,0,S00,5,terminal,0,51705,38,0,0,5,1000,0,41.8096,0,0
5,allocate_send_arrival,0,S00,5,terminal,0,51703,20,0,0,5,1000,0,11.9456,0,0
5,allocate_send_arrival,0,S00,5,terminal,0,51702,110,0,0,5,1000,0,51.655,0,0
5,allocate_send_arrival,0,S00,5,terminal,0,51704,94,0,0,5,1000,0,100,0,0
5,allocate_send_arrival,0,S00,5,terminal,0,51700,63,0,0,5,1000,0,100,0,0
5,allocate_send_arrival,0,S00,5,terminal,0,51707,40,0,0,5,1000,0,52.478,0,0
5,allocate_send_arrival,0,S00,5,terminal,0,51710,48,0,0,5,1000,0,59.5645,0,0
5,allocate_send_arrival,0,S00,5,terminal,0,51708,23,0,0,5,1000,0,82.0816,0,0
5,allocate_send_arrival,0,S00,5,terminal,0,51701,30,0,0,5,1000,0,11.9456,0,0
5,allocate_send_arrival,0,S00,5,terminal,0,51711,88,0,0,5,1000,0,99.174,0,0
5,allocate_send_arrival,0,S00,5,terminal,0,51713,64,0,0,5,1000,0,25.826,0,0
5,allocate_send_arrival,0,S00,5,terminal,0,51715,98,0,0,5,1000,0,25.826,0,0
5,allocate_send_arrival,0,S00,5,terminal,0,51709,85,0,0,5,1000,0,59.5645,0,0
5,allocate_send_arrival,1,S01,0,switch,0,51703,20,0,0,5,159.728,0,11.9456,52.6526,0
5,enqueue_residual,1,S01,0,switch,0,51703,20,0,0,5,159.728,0,0,52.6526,0
5,allocate_send_arrival,1,S01,0,switch,0,51706,21,0,0,5,159.728,0,11.9456,52.6526,0
5,enqueue_residual,1,S01,0,switch,0,51706,21,0,0,5,159.728,0,0,47.3474,0
5,drop_shared_buffer_overflow,1,S01,0,switch,0,51706,21,0,0,5,159.728,0,0,0,5.30512
5,allocate_send_arrival,1,S01,0,switch,0,51705,38,0,0,5,159.728,0,11.9456,86.0301,0
5,drop_shared_buffer_overflow,1,S01,0,switch,0,51705,38,0,0,5,159.728,0,0,0,86.0301
5,allocate_send_arrival,1,S01,0,switch,0,51708,23,0,0,5,159.728,0,11.9456,57.4204,0
5,drop_shared_buffer_overflow,1,S01,0,switch,0,51708,23,0,0,5,159.728,0,0,0,57.4204
5,allocate_send_arrival,1,S01,0,switch,0,51701,30,0,0,5,159.728,0,11.9456,57.4204,0
5,drop_shared_buffer_overflow,1,S01,0,switch,0,51701,30,0,0,5,159.728,0,0,0,57.4204
5,allocate_send_arrival,17,S35,1,switch,56,51714,35,0,0,5,252.252,0,71.6045,0,0
5,allocate_send_arrival,31,S62,3,switch,5,51700,63,0,0,5,238.676,0,71.6508,0,0
5,allocate_send_arrival,19,S06,3,switch,10,51705,38,0,0,5,169.014,0,31.9903,0,0
5,allocate_send_arrival,49,S26,0,switch,43,51715,98,0,0,5,126.404,0,50.826,0,0
5,allocate_send_arrival,42,S20,2,switch,3,51709,85,0,0,5,251.806,0,59.8429,0,0
5,allocate_send_arrival,22,S07,3,switch,26,51710,48,0,0,5,124.406,0,100,0,0
5,allocate_send_arrival,15,S05,0,switch,12,51701,30,0,0,5,134.869,0,32.3334,0,0
6,allocate_send_buffered,3,S27,0,switch,0,51709,85,0,0,6,119.129,100,80.871,0,0
6,allocate_send_buffered,3,S27,0,switch,0,51710,48,0,0,6,119.129,100,19.129,0,0
6,allocate_send_buffered,6,S02,0,switch,1,51708,23,0,0,6,138.732,100,21.0709,0,0
6,allocate_send_buffered,6,S02,0,switch,1,51701,30,0,0,6,138.732,100,78.9291,0,0
6,allocate_send_buffered,43,S22,0,switch,0,51715,98,0,0,6,203.304,100,25.0915,0,0
6,allocate_send_buffered,43,S22,0,switch,0,51707,40,0,0,6,203.304,100,74.174,0,0
6,allocate_send_buffered,43,S22,0,switch,0,51711,88,0,0,6,203.304,100,0.734513,0,0
6,allocate_send_buffered,1,S01,0,switch,0,51703,20,0,0,6,159.728,100,52.6526,7.27596e-15,0
6,allocate_send_buffered,1,S01,0,switch,0,51706,21,0,0,6,159.728,100,47.3474,0,0
6,allocate_send_buffered,37,S32,0,switch,0,51712,72,0,0,6,103.31,100,98.345,0,0
6,allocate_send_buffered,37,S32,0,switch,0,51702,110,0,0,6,103.31,100,1.655,0,0
6,stage_arrival,0,S00,5,terminal,0,51709,85,0,0,6,1000,0,0,40.4355,0
6,stage_arrival,55,S60,1,switch,37,51702,110,0,0,6,243.133,0,0,51.655,0
6,stage_arrival,0,S00,5,terminal,0,51707,40,0,0,6,1000,0,0,25.826,0
6,stage_arrival,0,S00,5,terminal,0,51705,38,0,0,6,1000,0,0,63.7784,0
6,stage_arrival,35,S17,2,switch,37,51712,72,0,0,6,246.878,0,0,51.655,0
6,stage_arrival,47,S25,2,switch,4,51704,94,0,0,6,166.312,0,0,62.55,0
6,stage_arrival,15,S05,0,switch,12,51701,30,0,0,6,134.869,0,0,31.9456,0
6,stage_arrival,0,S00,5,terminal,0,51715,98,0,0,6,1000,0,0,42.2586,0
6,stage_arrival,37,S32,0,switch,0,51712,72,0,0,6,103.31,0,0,52.7482,0
6,stage_arrival,0,S00,5,terminal,0,51701,30,0,0,6,1000,0,0,11.9456,0
6,stage_arrival,5,S63,0,switch,0,51700,63,0,0,6,259.679,0,0,71.6508,0
6,stage_arrival,0,S00,5,terminal,0,51711,88,0,0,6,1000,0,0,25.826,0
6,stage_arrival,0,S00,5,terminal,0,51713,64,0,0,6,1000,0,0,25.826,0
6,stage_arrival,0,S00,5,terminal,0,51710,48,0,0,6,1000,0,0,19.129,0
6,stage_arrival,1,S01,0,switch,0,51703,20,0,0,6,159.728,0,0,31.9887,0
6,stage_arrival,11,S03,0,switch,6,51708,23,0,0,6,132.338,0,0,31.9456,0
6,stage_arrival,37,S32,0,switch,0,51702,110,0,0,6,103.31,0,0,51.655,0
6,stage_arrival,1,S01,0,switch,0,51706,21,0,0,6,159.728,0,0,31.9887,0
6,stage_arrival,43,S22,0,switch,0,51715,98,0,0,6,203.304,0,0,50.826,0
6,stage_arrival,0,S00,5,terminal,0,51703,20,0,0,6,1000,0,0,11.9456,0
6,stage_arrival_coalesce,0,S00,5,terminal,0,51701,30,0,0,6,1000,0,0,48.1672,0
6,stage_arrival,1,S01,0,switch,0,51708,23,0,0,6,159.728,0,0,19.366,0
6,stage_arrival,3,S27,0,switch,0,51710,48,0,0,6,119.129,0,0,100,0
6,stage_arrival,0,S00,5,terminal,0,51714,35,0,0,6,1000,0,0,100,0
6,stage_arrival,6,S02,0,switch,1,51701,30,0,0,6,138.732,0,0,98.9961,0
6,stage_arrival_coalesce,0,S00,5,terminal,0,51710,48,0,0,6,1000,0,0,59.5645,0
6,stage_arrival,0,S00,5,terminal,0,51712,72,0,0,6,1000,0,0,96.69,0
6,stage_arrival,4,S37,0,switch,0,51714,35,0,0,6,203.508,0,0,100,0
6,stage_arrival,49,S26,0,switch,43,51715,98,0,0,6,126.404,0,0,50.826,0
6,stage_arrival,31,S62,3,switch,5,51700,63,0,0,6,238.676,0,0,62.55,0
6,stage_arrival,17,S35,1,switch,56,51714,35,0,0,6,252.252,0,0,62.5518,0
6,stage_arrival_coalesce,0,S00,5,terminal,0,51711,88,0,0,6,1000,0,0,68.5415,0
6,stage_arrival,0,S00,5,terminal,0,51702,110,0,0,6,1000,0,0,1.655,0
6,stage_arrival,1,S01,0,switch,0,51701,30,0,0,6,159.728,0,0,38.732,0
6,stage_arrival,0,S00,5,terminal,0,51708,23,0,0,6,1000,0,0,11.9456,0
6,stage_arrival,12,S04,0,switch,6,51701,30,0,0,6,184.169,0,0,32.3334,0
6,stage_arrival,26,S33,0,switch,3,51710,48,0,0,6,174.708,0,0,100,0
6,stage_arrival,0,S00,5,terminal,0,51706,21,0,0,6,1000,0,0,11.9456,0
6,stage_arrival,24,S08,0,switch,22,51710,48,0,0,6,182.424,0,0,59.5645,0
6,stage_arrival_coalesce,0,S00,5,terminal,0,51713,64,0,0,6,1000,0,0,40.8518,0
6,stage_arrival,42,S20,2,switch,3,51709,85,0,0,6,251.806,0,0,59.5645,0
6,stage_arrival,32,S21,1,switch,43,51707,40,0,0,6,261.425,0,0,50.826,0
6,stage_arrival_coalesce,0,S00,5,terminal,0,51712,72,0,0,6,1000,0,0,98.345,0
6,stage_arrival,22,S07,3,switch,26,51710,48,0,0,6,124.406,0,0,59.9406,0
6,stage_arrival,19,S06,3,switch,10,51705,38,0,0,6,169.014,0,0,31.9456,0
6,stage_arrival,0,S00,5,terminal,0,51704,94,0,0,6,1000,0,0,100,0
6,stage_arrival,20,S15,4,switch,32,51707,40,0,0,6,143.593,0,0,50.826,0
6,stage_arrival_coalesce,1,S01,0,switch,0,51701,30,0,0,6,159.728,0,0,58.098,0
6,stage_arrival,43,S22,0,switch,0,51711,88,0,0,6,203.304,0,0,50.826,0
6,stage_arrival,43,S22,0,switch,0,51713,64,0,0,6,203.304,0,0,50.826,0
6,stage_arrival,43,S22,0,switch,0,51707,40,0,0,6,203.304,0,0,51.3455,0
6,stage_arrival,10,S61,0,switch,1,51706,21,0,0,6,227.172,26.8041,0,31.9456,0
6,stage_arrival,0,S00,5,terminal,0,51700,63,0,0,6,1000,0,0,100,0
6,stage_arrival,10,S61,0,switch,1,51703,20,0,0,6,227.172,26.8041,0,31.9456,0
6,stage_arrival,3,S27,0,switch,0,51709,85,0,0,6,119.129,0,0,59.8429,0
6,stage_arrival,4,S37,0,switch,0,51704,94,0,0,6,203.508,0,0,71.5984,0
6,stage_arrival_coalesce,0,S00,5,terminal,0,51715,98,0,0,6,1000,0,0,68.0846,0
6,stage_arrival,1,S01,0,switch,0,51705,38,0,0,6,159.728,0,0,40.1324,0
6,stage_arrival,56,S36,2,switch,4,51714,35,0,0,6,112.305,0,0,71.6045,0
6,stage_arrival,6,S02,0,switch,1,51708,23,0,0,6,138.732,0,0,31.9903,0
6,stage_arrival_coalesce,0,S00,5,terminal,0,51709,85,0,0,6,1000,0,0,59.5645,0
6,stage_arrival_coalesce,0,S00,5,terminal,0,51702,110,0,0,6,1000,0,0,4.965,0
6,stage_arrival,10,S61,0,switch,1,51705,38,0,0,6,227.172,26.8041,0,31.9903,0
6,stage_arrival,36,S18,0,switch,35,51712,72,0,0,6,247.316,0,0,51.655,0
6,stage_arrival,32,S21,1,switch,43,51713,64,0,0,6,261.425,0,0,50.826,0
6,stage_arrival_coalesce,1,S01,0,switch,0,51708,23,0,0,6,159.728,0,0,80.634,0
6,stage_arrival,44,S23,0,switch,43,51711,88,0,0,6,211.017,0,0,50.826,0
6,stage_arrival_coalesce,0,S00,5,terminal,0,51705,38,0,0,6,1000,0,0,75.724,0
6,allocate_send_arrival,47,S25,2,switch,4,51704,94,0,0,6,166.312,0,62.55,0,0
6,allocate_send_arrival,42,S20,2,switch,3,51709,85,0,0,6,251.806,0,59.5645,0,0
6,allocate_send_arrival,17,S35,1,switch,56,51714,35,0,0,6,252.252,0,62.5518,0,0
6,allocate_send_arrival,5,S63,0,switch,0,51700,63,0,0,6,259.679,0,71.6508,0,0
6,allocate_send_arrival,56,S36,2,switch,4,51714,35,0,0,6,112.305,0,71.6045,0,0
6,allocate_send_arrival,19,S06,3,switch,10,51705,38,0,0,6,169.014,0,31.9456,0,0
6,allocate_send_arrival,1,S01,0,switch,0,51703,20,0,0,6,159.728,0,11.9456,20.0431,0
6,enqueue_residual,1,S01,0,switch,0,51703,20,0,0,6,159.728,0,0,20.0431,0
6,allocate_send_arrival,1,S01,0,switch,0,51706,21,0,0,6,159.728,0,11.9456,20.0431,0
6,enqueue_residual,1,S01,0,switch,0,51706,21,0,0,6,159.728,0,0,20.0431,0
6,allocate_send_arrival,1,S01,0,switch,0,51708,23,0,0,6,159.728,0,11.9456,68.6884,0
6,enqueue_residual,1,S01,0,switch,0,51708,23,0,0,6,159.728,0,0,59.9137,0
6,drop_shared_buffer_overflow,1,S01,0,switch,0,51708,23,0,0,6,159.728,0,0,0,8.77465
6,allocate_send_arrival,1,S01,0,switch,0,51701,30,0,0,6,159.728,0,11.9456,46.1524,0
6,drop_shared_buffer_overflow,1,S01,0,switch,0,51701,30,0,0,6,159.728,0,0,0,46.1524
6,allocate_send_arrival,1,S01,0,switch,0,51705,38,0,0,6,159.728,0,11.9456,28.1868,0
6,drop_shared_buffer_overflow,1,S01,0,switch,0,51705,38,0,0,6,159.728,0,0,0,28.1868
6,allocate_send_arrival,44,S23,0,switch,43,51711,88,0,0,6,211.017,0,50.826,0,0
6,allocate_send_arrival,49,S26,0,switch,43,51715,98,0,0,6,126.404,0,50.826,0,0
6,allocate_send_arrival,32,S21,1,switch,43,51707,40,0,0,6,261.425,0,50.826,0,0
6,allocate_send_arrival,32,S21,1,switch,43,51713,64,0,0,6,261.425,0,50.826,0,0
6,allocate_send_arrival,4,S37,0,switch,0,51714,35,0,0,6,203.508,0,100,0,0
6,allocate_send_arrival,4,S37,0,switch,0,51704,94,0,0,6,203.508,0,71.5984,0,0
6,allocate_send_arrival,6,S02,0,switch,1,51701,30,0,0,6,138.732,0,19.366,79.6301,0
6,enqueue_residual,6,S02,0,switch,1,51701,30,0,0,6,138.732,0,0,79.6301,0
6,allocate_send_arrival,6,S02,0,switch,1,51708,23,0,0,6,138.732,0,19.366,12.6243,0
6,enqueue_residual,6,S02,0,switch,1,51708,23,0,0,6,138.732,0,0,12.6243,0
6,allocate_send_arrival,15,S05,0,switch,12,51701,30,0,0,6,134.869,0,31.9456,0,0
6,allocate_send_arrival,35,S17,2,switch,37,51712,72,0,0,6,246.878,0,51.655,0,0
6,allocate_send_arrival,22,S07,3,switch,26,51710,48,0,0,6,124.406,0,59.9406,0,0
6,allocate_send_arrival,55,S60,1,switch,37,51702,110,0,0,6,243.133,0,51.655,0,0
6,allocate_send_arrival,10,S61,0,switch,1,51706,21,0,0,6,227.172,26.8041,31.9456,0,0
6,allocate_send_arrival,10,S61,0,switch,1,51703,20,0,0,6,227.172,26.8041,31.9456,0,0
6,allocate_send_arrival,10,S61,0,switch,1,51705,38,0,0,6,227.172,26.8041,31.9903,0,0
6,allocate_send_arrival,37,S32,0,switch,0,51712,72,0,0,6,103.31,0,1.655,51.0932,0
6,enqueue_residual,37,S32,0,switch,0,51712,72,0,0,6,103.31,0,0,51.0932,0
6,allocate_send_arrival,37,S32,0,switch,0,51702,110,0,0,6,103.31,0,1.655,50,0
6,enqueue_residual,37,S32,0,switch,0,51702,110,0,0,6,103.31,0,0,48.9068,0
6,drop_shared_buffer_overflow,37,S32,0,switch,0,51702,110,0,0,6,103.31,0,0,0,1.09325
6,allocate_send_arrival,24,S08,0,switch,22,51710,48,0,0,6,182.424,0,59.5645,0,0
6,allocate_send_arrival,3,S27,0,switch,0,51710,48,0,0,6,119.129,0,9.5645,90.4355,0
6,enqueue_residual,3,S27,0,switch,0,51710,48,0,0,6,119.129,0,0,90.4355,0
6,allocate_send_arrival,3,S27,0,switch,0,51709,85,0,0,6,119.129,0,9.5645,50.2784,0
6,enqueue_residual,3,S27,0,switch,0,51709,85,0,0,6,119.129,0,0,9.5645,0
6,drop_shared_buffer_overflow,3,S27,0,switch,0,51709,85,0,0,6,119.129,0,0,0,40.7139
6,allocate_send_arrival,20,S15,4,switch,32,51707,40,0,0,6,143.593,0,50.826,0,0
6,allocate_send_arrival,11,S03,0,switch,6,51708,23,0,0,6,132.338,0,31.9456,0,0
6,allocate_send_arrival,36,S18,0,switch,35,51712,72,0,0,6,247.316,0,51.655,0,0
6,allocate_send_arrival,0,S00,5,terminal,0,51709,85,0,0,6,1000,0,59.5645,0,0
6,allocate_send_arrival,0,S00,5,terminal,0,51707,40,0,0,6,1000,0,25.826,0,0
6,allocate_send_arrival,0,S00,5,terminal,0,51705,38,0,0,6,1000,0,75.724,0,0
6,allocate_send_arrival,0,S00,5,terminal,0,51715,98,0,0,6,1000,0,68.0846,0,0
6,allocate_send_arrival,0,S00,5,terminal,0,51701,30,0,0,6,1000,0,48.1672,0,0
6,allocate_send_arrival,0,S00,5,terminal,0,51711,88,0,0,6,1000,0,68.5415,0,0
6,allocate_send_arrival,0,S00,5,terminal,0,51713,64,0,0,6,1000,0,40.8518,0,0
6,allocate_send_arrival,0,S00,5,terminal,0,51710,48,0,0,6,1000,0,59.5645,0,0
6,allocate_send_arrival,0,S00,5,terminal,0,51703,20,0,0,6,1000,0,11.9456,0,0
6,allocate_send_arrival,0,S00,5,terminal,0,51714,35,0,0,6,1000,0,100,0,0
6,allocate_send_arrival,0,S00,5,terminal,0,51712,72,0,0,6,1000,0,98.345,0,0
6,allocate_send_arrival,0,S00,5,terminal,0,51702,110,0,0,6,1000,0,4.965,0,0
6,allocate_send_arrival,0,S00,5,terminal,0,51708,23,0,0,6,1000,0,11.9456,0,0
6,allocate_send_arrival,0,S00,5,terminal,0,51706,21,0,0,6,1000,0,11.9456,0,0
6,allocate_send_arrival,0,S00,5,terminal,0,51704,94,0,0,6,1000,0,100,0,0
6,allocate_send_arrival,0,S00,5,terminal,0,51700,63,0,0,6,1000,0,100,0,0
6,allocate_send_arrival,12,S04,0,switch,6,51701,30,0,0,6,184.169,0,32.3334,0,0
6,allocate_send_arrival,26,S33,0,switch,3,51710,48,0,0,6,174.708,0,100,0,0
6,allocate_send_arrival,31,S62,3,switch,5,51700,63,0,0,6,238.676,0,62.55,0,0
6,allocate_send_arrival,43,S22,0,switch,0,51715,98,0,0,6,203.304,0,25.826,25,0
6,enqueue_residual,43,S22,0,switch,0,51715,98,0,0,6,203.304,0,0,25,0
6,allocate_send_arrival,43,S22,0,switch,0,51711,88,0,0,6,203.304,0,25.826,25,0
6,enqueue_residual,43,S22,0,switch,0,51711,88,0,0,6,203.304,0,0,25,0
6,allocate_send_arrival,43,S22,0,switch,0,51713,64,0,0,6,203.304,0,25.826,25,0
6,enqueue_residual,43,S22,0,switch,0,51713,64,0,0,6,203.304,0,0,25,0
6,allocate_send_arrival,43,S22,0,switch,0,51707,40,0,0,6,203.304,0,25.826,25.5195,0
6,enqueue_residual,43,S22,0,switch,0,51707,40,0,0,6,203.304,0,0,25,0
6,drop_shared_buffer_overflow,43,S22,0,switch,0,51707,40,0,0,6,203.304,0,0,0,0.519495
7,allocate_send_buffered,3,S27,0,switch,0,51710,48,0,0,7,119.129,100,90.4355,0,0
7,allocate_send_buffered,3,S27,0,switch,0,51709,85,0,0,7,119.129,100,9.5645,0,0
7,allocate_send_buffered,10,S61,0,switch,1,51705,38,0,0,7,227.172,26.8041,26.8041,0,0
7,allocate_send_buffered,37,S32,0,switch,0,51712,72,0,0,7,103.31,100,51.0932,0,0
7,allocate_send_buffered,37,S32,0,switch,0,51702,110,0,0,7,103.31,100,48.9068,0,0
7,allocate_send_buffered,1,S01,0,switch,0,51703,20,0,0,7,159.728,100,20.0431,0,0
7,allocate_send_buffered,1,S01,0,switch,0,51706,21,0,0,7,159.728,100,20.0431,0,0
7,allocate_send_buffered,1,S01,0,switch,0,51708,23,0,0,7,159.728,100,59.9137,0,0
7,allocate_send_buffered,43,S22,0,switch,0,51715,98,0,0,7,203.304,100,25,0,0
7,allocate_send_buffered,43,S22,0,switch,0,51711,88,0,0,7,203.304,100,25,0,0
7,allocate_send_buffered,43,S22,0,switch,0,51713,64,0,0,7,203.304,100,25,0,0
7,allocate_send_buffered,43,S22,0,switch,0,51707,40,0,0,7,203.304,100,25,0,0
7,stage_arrival,19,S06,3,switch,10,51705,38,0,0,7,169.014,0,0,31.9456,0
7,stage_arrival,0,S00,5,terminal,0,51712,72,0,0,7,1000,0,0,1.655,0
7,stage_arrival,49,S26,0,switch,43,51715,98,0,0,7,126.404,0,0,50.826,0
7,stage_arrival,22,S07,3,switch,26,51710,48,0,0,7,124.406,0,0,59.5645,0
7,stage_arrival,4,S37,0,switch,0,51714,35,0,0,7,203.508,0,0,71.6045,0
7,stage_arrival,4,S37,0,switch,0,51704,94,0,0,7,203.508,0,0,62.55,0
7,stage_arrival,32,S21,1,switch,43,51707,40,0,0,7,261.425,0,0,50.826,0
7,stage_arrival,1,S01,0,switch,0,51701,30,0,0,7,159.728,0,0,19.366,0
7,stage_arrival,37,S32,0,switch,0,51702,110,0,0,7,103.31,0,0,51.655,0
7,stage_arrival,0,S00,5,terminal,0,51714,35,0,0,7,1000,0,0,100,0
7,stage_arrival,0,S00,5,terminal,0,51704,94,0,0,7,1000,0,0,71.5984,0
7,stage_arrival,47,S25,2,switch,4,51704,94,0,0,7,166.312,0,0,62.5,0
7,stage_arrival,55,S60,1,switch,37,51702,110,0,0,7,243.133,0,0,51.655,0
7,stage_arrival,0,S00,5,terminal,0,51707,40,0,0,7,1000,0,0,74.174,0
7,stage_arrival,35,S17,2,switch,37,51712,72,0,0,7,246.878,0,0,51.655,0
7,stage_arrival,1,S01,0,switch,0,51705,38,0,0,7,159.728,0,0,31.9903,0
7,stage_arrival,1,S01,0,switch,0,51703,20,0,0,7,159.728,0,0,31.9456,0
7,stage_arrival,43,S22,0,switch,0,51707,40,0,0,7,203.304,0,0,50.826,0
7,stage_arrival,0,S00,5,terminal,0,51715,98,0,0,7,1000,0,0,25.826,0
7,stage_arrival,0,S00,5,terminal,0,51711,88,0,0,7,1000,0,0,25.826,0
7,stage_arrival,26,S33,0,switch,3,51710,48,0,0,7,174.708,0,0,59.9406,0
7,stage_arrival_coalesce,0,S00,5,terminal,0,51707,40,0,0,7,1000,0,0,100,0
7,stage_arrival,0,S00,5,terminal,0,51710,48,0,0,7,1000,0,0,9.5645,0
7,stage_arrival,36,S18,0,switch,35,51712,72,0,0,7,247.316,0,0,51.655,0
7,stage_arrival_coalesce,0,S00,5,terminal,0,51711,88,0,0,7,1000,0,0,26.5605,0
7,stage_arrival,44,S23,0,switch,43,51711,88,0,0,7,211.017,0,0,50.826,0
7,stage_arrival,0,S00,5,terminal,0,51705,38,0,0,7,1000,0,0,11.9456,0
7,stage_arrival,24,S08,0,switch,22,51710,48,0,0,7,182.424,0,0,59.5645,0
7,stage_arrival,1,S01,0,switch,0,51706,21,0,0,7,159.728,0,0,31.9456,0
7,stage_arrival,6,S02,0,switch,1,51708,23,0,0,7,138.732,92.2544,0,31.9456,0
7,stage_arrival,43,S22,0,switch,0,51715,98,0,0,7,203.304,0,0,50.826,0
7,stage_arrival,6,S02,0,switch,1,51701,30,0,0,7,138.732,92.2544,0,32.3334,0
7,stage_arrival,43,S22,0,switch,0,51713,64,0,0,7,203.304,0,0,50.826,0
7,stage_arrival,0,S00,5,terminal,0,51706,21,0,0,7,1000,0,0,11.9456,0
7,stage_arrival,0,S00,5,terminal,0,51700,63,0,0,7,1000,0,0,71.6508,0
7,stage_arrival,17,S35,1,switch,56,51714,35,0,0,7,252.252,0,0,62.5,0
7,stage_arrival,42,S20,2,switch,3,51709,85,0,0,7,251.806,0,0,59.5645,0
7,stage_arrival,0,S00,5,terminal,0,51708,23,0,0,7,1000,0,0,11.9456,0
7,stage_arrival,10,S61,0,switch,1,51703,20,0,0,7,227.172,0,0,31.9456,0
7,stage_arrival,32,S21,1,switch,43,51713,64,0,0,7,261.425,0,0,50.826,0
7,stage_arrival_coalesce,0,S00,5,terminal,0,51715,98,0,0,7,1000,0,0,50.9175,0
7,stage_arrival,20,S15,4,switch,32,51707,40,0,0,7,143.593,0,0,50.826,0
7,stage_arrival,0,S00,5,terminal,0,51703,20,0,0,7,1000,0,0,52.6526,0
7,stage_arrival,5,S63,0,switch,0,51700,63,0,0,7,259.679,0,0,62.55,0
7,stage_arrival,0,S00,5,terminal,0,51709,85,0,0,7,1000,0,0,9.5645,0
7,stage_arrival,10,S61,0,switch,1,51705,38,0,0,7,227.172,0,0,31.9456,0
7,stage_arrival_coalesce,0,S00,5,terminal,0,51706,21,0,0,7,1000,0,0,59.293,0
7,stage_arrival,15,S05,0,switch,12,51701,30,0,0,7,134.869,0,0,31.9456,0
7,stage_arrival_coalesce,0,S00,5,terminal,0,51703,20,0,0,7,1000,0,0,64.5982,0
7,stage_arrival,37,S32,0,switch,0,51712,72,0,0,7,103.31,0,0,51.655,0
7,stage_arrival_coalesce,1,S01,0,switch,0,51701,30,0,0,7,159.728,0,0,98.2951,0
7,stage_arrival,56,S36,2,switch,4,51714,35,0,0,7,112.305,0,0,62.5518,0
7,stage_arrival_coalesce,0,S00,5,terminal,0,51710,48,0,0,7,1000,0,0,28.6935,0
7,stage_arrival,3,S27,0,switch,0,51709,85,0,0,7,119.129,0,0,59.5645,0
7,stage_arrival,12,S04,0,switch,6,51701,30,0,0,7,184.169,0,0,31.9456,0
7,stage_arrival,1,S01,0,switch,0,51708,23,0,0,7,159.728,0,0,21.0709,0
7,stage_arrival,11,S03,0,switch,6,51708,23,0,0,7,132.338,0,0,31.9456,0
7,stage_arrival,0,S00,5,terminal,0,51702,110,0,0,7,1000,0,0,1.655,0
7,stage_arrival,31,S62,3,switch,5,51700,63,0,0,7,238.676,0,0,62.5,0
7,stage_arrival,0,S00,5,terminal,0,51701,30,0,0,7,1000,0,0,11.9456,0
7,stage_arrival_coalesce,0,S00,5,terminal,0,51702,110,0,0,7,1000,0,0,3.31,0
7,stage_arrival_coalesce,1,S01,0,switch,0,51708,23,0,0,7,159.728,0,0,40.4369,0
7,stage_arrival_coalesce,0,S00,5,terminal,0,51712,72,0,0,7,1000,0,0,100,0
7,stage_arrival,0,S00,5,terminal,0,51713,64,0,0,7,1000,0,0,25.826,0
7,stage_arrival,3,S27,0,switch,0,51710,48,0,0,7,119.129,0,0,100,0
7,stage_arrival,43,S22,0,switch,0,51711,88,0,0,7,203.304,0,0,50.826,0
7,stage_arrival,10,S61,0,switch,1,51706,21,0,0,7,227.172,0,0,31.9456,0
7,stage_arrival_coalesce,0,S00,5,terminal,0,51709,85,0,0,7,1000,0,0,90.4355,0
7,allocate_send_arrival,43,S22,0,switch,0,51707,40,0,0,7,203.304,0,25.826,25,0
7,enqueue_residual,43,S22,0,switch,0,51707,40,0,0,7,203.304,0,0,25,0
7,allocate_send_arrival,43,S22,0,switch,0,51715,98,0,0,7,203.304,0,25.826,25,0
7,enqueue_residual,43,S22,0,switch,0,51715,98,0,0,7,203.304,0,0,25,0
7,allocate_send_arrival,43,S22,0,switch,0,51713,64,0,0,7,203.304,0,25.826,25,0
7,enqueue_residual,43,S22,0,switch,0,51713,64,0,0,7,203.304,0,0,25,0
7,allocate_send_arrival,43,S22,0,switch,0,51711,88,0,0,7,203.304,0,25.826,25,0
7,enqueue_residual,43,S22,0,switch,0,51711,88,0,0,7,203.304,0,0,25,0
7,allocate_send_arrival,56,S36,2,switch,4,51714,35,0,0,7,112.305,0,62.5518,0,0
7,allocate_send_arrival,1,S01,0,switch,0,51701,30,0,0,7,159.728,0,11.9456,86.3495,0
7,enqueue_residual,1,S01,0,switch,0,51701,30,0,0,7,159.728,0,0,86.3495,0
7,allocate_send_arrival,1,S01,0,switch,0,51705,38,0,0,7,159.728,0,11.9456,20.0447,0
7,enqueue_residual,1,S01,0,switch,0,51705,38,0,0,7,159.728,0,0,13.6505,0
7,drop_shared_buffer_overflow,1,S01,0,switch,0,51705,38,0,0,7,159.728,0,0,0,6.39424
7,allocate_send_arrival,1,S01,0,switch,0,51703,20,0,0,7,159.728,0,11.9456,20,0
7,drop_shared_buffer_overflow,1,S01,0,switch,0,51703,20,0,0,7,159.728,0,0,0,20
7,allocate_send_arrival,1,S01,0,switch,0,51706,21,0,0,7,159.728,0,11.9456,20,0
7,drop_shared_buffer_overflow,1,S01,0,switch,0,51706,21,0,0,7,159.728,0,0,0,20
7,allocate_send_arrival,1,S01,0,switch,0,51708,23,0,0,7,159.728,0,11.9456,28.4913,0
7,drop_shared_buffer_overflow,1,S01,0,switch,0,51708,23,0,0,7,159.728,0,0,0,28.4913
7,allocate_send_arrival,22,S07,3,switch,26,51710,48,0,0,7,124.406,0,59.5645,0,0
7,enqueue_residual,12,S04,0,switch,6,51701,30,0,0,7,184.169,0,0,31.9456,0
7,allocate_send_arrival,35,S17,2,switch,37,51712,72,0,0,7,246.878,0,51.655,0,0
7,allocate_send_arrival,10,S61,0,switch,1,51703,20,0,0,7,227.172,0,31.9456,3.63798e-15,0
7,allocate_send_arrival,10,S61,0,switch,1,51705,38,0,0,7,227.172,0,31.9456,3.63798e-15,0
7,allocate_send_arrival,10,S61,0,switch,1,51706,21,0,0,7,227.172,0,31.9456,3.63798e-15,0
7,allocate_send_arrival,19,S06,3,switch,10,51705,38,0,0,7,169.014,0,31.9456,0,0
7,allocate_send_arrival,44,S23,0,switch,43,51711,88,0,0,7,211.017,0,50.826,0,0
7,allocate_send_arrival,36,S18,0,switch,35,51712,72,0,0,7,247.316,0,51.655,0,0
7,allocate_send_arrival,4,S37,0,switch,0,51714,35,0,0,7,203.508,0,71.6045,1.45519e-14,0
7,allocate_send_arrival,4,S37,0,switch,0,51704,94,0,0,7,203.508,0,62.55,0,0
7,allocate_send_arrival,32,S21,1,switch,43,51707,40,0,0,7,261.425,0,50.826,0,0
7,allocate_send_arrival,32,S21,1,switch,43,51713,64,0,0,7,261.425,0,50.826,0,0
7,allocate_send_arrival,17,S35,1,switch,56,51714,35,0,0,7,252.252,0,62.5,0,0
7,allocate_send_arrival,20,S15,4,switch,32,51707,40,0,0,7,143.593,0,50.826,0,0
7,allocate_send_arrival,3,S27,0,switch,0,51709,85,0,0,7,119.129,0,9.5645,50,0
7,enqueue_residual,3,S27,0,switch,0,51709,85,0,0,7,119.129,0,0,50,0
7,allocate_send_arrival,3,S27,0,switch,0,51710,48,0,0,7,119.129,0,9.5645,90.4355,0
7,enqueue_residual,3,S27,0,switch,0,51710,48,0,0,7,119.129,0,0,50,0
7,drop_shared_buffer_overflow,3,S27,0,switch,0,51710,48,0,0,7,119.129,0,0,0,40.4355
7,allocate_send_arrival,6,S02,0,switch,1,51708,23,0,0,7,138.732,92.2544,31.9456,0,0
7,allocate_send_arrival,6,S02,0,switch,1,51701,30,0,0,7,138.732,92.2544,32.3334,0,0
7,allocate_send_arrival,11,S03,0,switch,6,51708,23,0,0,7,132.338,0,31.9456,0,0
7,allocate_send_arrival,31,S62,3,switch,5,51700,63,0,0,7,238.676,0,62.5,0,0
7,allocate_send_arrival,15,S05,0,switch,12,51701,30,0,0,7,134.869,0,31.9456,0,0
7,allocate_send_arrival,42,S20,2,switch,3,51709,85,0,0,7,251.806,0,59.5645,0,0
7,allocate_send_arrival,47,S25,2,switch,4,51704,94,0,0,7,166.312,0,62.5,0,0
7,allocate_send_arrival,37,S32,0,switch,0,51702,110,0,0,7,103.31,0,1.655,50,0
7,enqueue_residual,37,S32,0,switch,0,51702,110,0,0,7,103.31,0,0,50,0
7,allocate_send_arrival,37,S32,0,switch,0,51712,72,0,0,7,103.31,0,1.655,50,0
7,enqueue_residual,37,S32,0,switch,0,51712,72,0,0,7,103.31,0,0,50,0
7,allocate_send_arrival,0,S00,5,terminal,0,51712,72,0,0,7,1000,0,100,0,0
7,allocate_send_arrival,0,S00,5,terminal,0,51714,35,0,0,7,1000,0,100,0,0
7,allocate_send_arrival,0,S00,5,terminal,0,51704,94,0,0,7,1000,0,71.5984,0,0
7,allocate_send_arrival,0,S00,5,terminal,0,51707,40,0,0,7,1000,0,100,0,0
7,allocate_send_arrival,0,S00,5,terminal,0,51715,98,0,0,7,1000,0,50.9175,0,0
7,allocate_send_arrival,0,S00,5,terminal,0,51711,88,0,0,7,1000,0,26.5605,0,0
7,allocate_send_arrival,0,S00,5,terminal,0,51710,48,0,0,7,1000,0,28.6935,0,0
7,allocate_send_arrival,0,S00,5,terminal,0,51705,38,0,0,7,1000,0,11.9456,0,0
7,allocate_send_arrival,0,S00,5,terminal,0,51706,21,0,0,7,1000,0,59.293,0,0
7,allocate_send_arrival,0,S00,5,terminal,0,51700,63,0,0,7,1000,0,71.6508,0,0
7,allocate_send_arrival,0,S00,5,terminal,0,51708,23,0,0,7,1000,0,11.9456,0,0
7,allocate_send_arrival,0,S00,5,terminal,0,51703,20,0,0,7,1000,0,64.5982,0,0
7,allocate_send_arrival,0,S00,5,terminal,0,51709,85,0,0,7,1000,0,90.4355,0,0
7,allocate_send_arrival,0,S00,5,terminal,0,51702,110,0,0,7,1000,0,3.31,0,0
7,allocate_send_arrival,0,S00,5,terminal,0,51701,30,0,0,7,1000,0,11.9456,0,0
7,allocate_send_arrival,0,S00,5,terminal,0,51713,64,0,0,7,1000,0,25.826,0,0
7,allocate_send_arrival,55,S60,1,switch,37,51702,110,0,0,7,243.133,0,51.655,0,0
7,allocate_send_arrival,49,S26,0,switch,43,51715,98,0,0,7,126.404,0,50.826,0,0
7,allocate_send_arrival,24,S08,0,switch,22,51710,48,0,0,7,182.424,0,59.5645,0,0
7,allocate_send_arrival,5,S63,0,switch,0,51700,63,0,0,7,259.679,0,62.55,0,0
7,allocate_send_arrival,26,S33,0,switch,3,51710,48,0,0,7,174.708,0,59.9406,0,0
8,allocate_send_buffered,43,S22,0,switch,0,51707,40,0,0,8,203.304,100,25,0,0
8,allocate_send_buffered,43,S22,0,switch,0,51715,98,0,0,8,203.304,100,25,0,0
8,allocate_send_buffered,43,S22,0,switch,0,51713,64,0,0,8,203.304,100,25,0,0
8,allocate_send_buffered,43,S22,0,switch,0,51711,88,0,0,8,203.304,100,25,0,0
8,allocate_send_buffered,37,S32,0,switch,0,51702,110,0,0,8,103.31,100,50,0,0
8,allocate_send_buffered,37,S32,0,switch,0,51712,72,0,0,8,103.31,100,50,0,0
8,allocate_send_buffered,1,S01,0,switch,0,51701,30,0,0,8,159.728,100,86.3495,0,0
8,allocate_send_buffered,1,S01,0,switch,0,51705,38,0,0,8,159.728,100,13.6505,0,0
8,allocate_send_buffered,3,S27,0,switch,0,51709,85,0,0,8,119.129,100,50,0,0
8,allocate_send_buffered,3,S27,0,switch,0,51710,48,0,0,8,119.129,100,50,0,0
8,stage_arrival,43,S22,0,switch,0,51713,64,0,0,8,203.304,0,0,50.826,0
8,stage_arrival,37,S32,0,switch,0,51712,72,0,0,8,103.31,0,0,51.655,0
8,stage_arrival,0,S00,5,terminal,0,51708,23,0,0,8,1000,0,0,59.9137,0
8,stage_arrival,1,S01,0,switch,0,51708,23,0,0,8,159.728,0,0,31.9456,0
8,stage_arrival,44,S23,0,switch,43,51711,88,0,0,8,211.017,0,0,50.826,0
8,stage_arrival,32,S21,1,switch,43,51713,64,0,0,8,261.425,0,0,50.826,0
8,stage_arrival,0,S00,5,terminal,0,51703,20,0,0,8,1000,0,0,20.0431,0
8,stage_arrival,35,S17,2,switch,37,51712,72,0,0,8,246.878,0,0,51.655,0
8,stage_arrival,43,S22,0,switch,0,51711,88,0,0,8,203.304,0,0,50.826,0
8,stage_arrival,0,S00,5,terminal,0,51712,72,0,0,8,1000,0,0,51.0932,0
8,stage_arrival,19,S06,3,switch,10,51705,38,0,0,8,169.014,0,0,31.9456,0
8,stage_arrival,12,S04,0,switch,6,51701,30,0,0,8,184.169,31.9456,0,31.9456,0
8,stage_arrival,0,S00,5,terminal,0,51706,21,0,0,8,1000,0,0,20.0431,0
8,stage_arrival,3,S27,0,switch,0,51709,85,0,0,8,119.129,0,0,59.5645,0
8,stage_arrival,42,S20,2,switch,3,51709,85,0,0,8,251.806,0,0,59.5645,0
8,stage_arrival,43,S22,0,switch,0,51707,40,0,0,8,203.304,0,0,50.826,0
8,stage_arrival,56,S36,2,switch,4,51714,35,0,0,8,112.305,0,0,62.5,0
8,stage_arrival,0,S00,5,terminal,0,51713,64,0,0,8,1000,0,0,25.826,0
8,stage_arrival,31,S62,3,switch,5,51700,63,0,0,8,238.676,0,0,62.5,0
8,stage_arrival,0,S00,5,terminal,0,51715,98,0,0,8,1000,0,0,25,0
8,stage_arrival,4,S37,0,switch,0,51704,94,0,0,8,203.508,0,0,62.5,0
8,stage_arrival,32,S21,1,switch,43,51707,40,0,0,8,261.425,0,0,50.826,0
8,stage_arrival,43,S22,0,switch,0,51715,98,0,0,8,203.304,0,0,50.826,0
8,stage_arrival,6,S02,0,switch,1,51708,23,0,0,8,138.732,92.2544,0,31.9456,0
8,stage_arrival,26,S33,0,switch,3,51710,48,0,0,8,174.708,0,0,59.5645,0
8,stage_arrival,0,S00,5,terminal,0,51702,110,0,0,8,1000,0,0,48.9068,0
8,stage_arrival_coalesce,0,S00,5,terminal,0,51702,110,0,0,8,1000,0,0,50.5618,0
8,stage_arrival,11,S03,0,switch,6,51708,23,0,0,8,132.338,0,0,31.9456,0
8,stage_arrival_coalesce,0,S00,5,terminal,0,51708,23,0,0,8,1000,0,0,71.8593,0
8,stage_arrival,0,S00,5,terminal,0,51710,48,0,0,8,1000,0,0,90.4355,0
8,stage_arrival,0,S00,5,terminal,0,51714,35,0,0,8,1000,0,0,71.6045,0
8,stage_arrival_coalesce,0,S00,5,terminal,0,51703,20,0,0,8,1000,0,0,31.9887,0
8,stage_arrival,1,S01,0,switch,0,51705,38,0,0,8,159.728,0,0,31.9456,0
8,stage_arrival,0,S00,5,terminal,0,51711,88,0,0,8,1000,0,0,25.826,0
8,stage_arrival,47,S25,2,switch,4,51704,94,0,0,8,166.312,0,0,62.5,0
8,stage_arrival,15,S05,0,switch,12,51701,30,0,0,8,134.869,0,0,31.9456,0
8,stage_arrival_coalesce,0,S00,5,terminal,0,51713,64,0,0,8,1000,0,0,50.826,0
8,stage_arrival,20,S15,4,switch,32,51707,40,0,0,8,143.593,0,0,50.826,0
8,stage_arrival_coalesce,0,S00,5,terminal,0,51712,72,0,0,8,1000,0,0,52.7482,0
8,stage_arrival,24,S08,0,switch,22,51710,48,0,0,8,182.424,0,0,59.5645,0
8,stage_arrival_coalesce,0,S00,5,terminal,0,51711,88,0,0,8,1000,0,0,50.826,0
8,stage_arrival,3,S27,0,switch,0,51710,48,0,0,8,119.129,0,0,59.9406,0
8,stage_arrival,0,S00,5,terminal,0,51707,40,0,0,8,1000,0,0,25.826,0
8,stage_arrival_coalesce,0,S00,5,terminal,0,51707,40,0,0,8,1000,0,0,50.826,0
8,stage_arrival,1,S01,0,switch,0,51703,20,0,0,8,159.728,0,0,31.9456,0
8,stage_arrival,22,S07,3,switch,26,51710,48,0,0,8,124.406,0,0,59.5645,0
8,stage_arrival,5,S63,0,switch,0,51700,63,0,0,8,259.679,0,0,62.5,0
8,stage_arrival,17,S35,1,switch,56,51714,35,0,0,8,252.252,0,0,62.5,0
8,stage_arrival,1,S01,0,switch,0,51706,21,0,0,8,159.728,0,0,31.9456,0
8,stage_arrival,1,S01,0,switch,0,51701,30,0,0,8,159.728,0,0,32.3334,0
8,stage_arrival,0,S00,5,terminal,0,51700,63,0,0,8,1000,0,0,62.55,0
8,stage_arrival_coalesce,0,S00,5,terminal,0,51710,48,0,0,8,1000,0,0,100,0
8,stage_arrival,49,S26,0,switch,43,51715,98,0,0,8,126.404,0,0,50.826,0
8,stage_arrival,0,S00,5,terminal,0,51705,38,0,0,8,1000,0,0,11.9456,0
8,stage_arrival_coalesce,1,S01,0,switch,0,51705,38,0,0,8,159.728,0,0,58.7497,0
8,stage_arrival,10,S61,0,switch,1,51703,20,0,0,8,227.172,0,0,31.9456,0
8,stage_arrival,0,S00,5,terminal,0,51709,85,0,0,8,1000,0,0,9.5645,0
8,stage_arrival_coalesce,0,S00,5,terminal,0,51715,98,0,0,8,1000,0,0,50.826,0
8,stage_arrival,0,S00,5,terminal,0,51704,94,0,0,8,1000,0,0,62.55,0
8,stage_arrival,36,S18,0,switch,35,51712,72,0,0,8,247.316,0,0,51.655,0
8,stage_arrival,55,S60,1,switch,37,51702,110,0,0,8,243.133,0,0,51.655,0
8,stage_arrival,10,S61,0,switch,1,51706,21,0,0,8,227.172,0,0,31.9456,0
8,stage_arrival,37,S32,0,switch,0,51702,110,0,0,8,103.31,0,0,51.655,0
8,stage_arrival,10,S61,0,switch,1,51705,38,0,0,8,227.172,0,0,31.9456,0
8,stage_arrival,4,S37,0,switch,0,51714,35,0,0,8,203.508,0,0,62.5518,0
8,stage_arrival_coalesce,0,S00,5,terminal,0,51706,21,0,0,8,1000,0,0,31.9887,0
8,stage_arrival,0,S00,5,terminal,0,51701,30,0,0,8,1000,0,0,11.9456,0
8,stage_arrival_coalesce,0,S00,5,terminal,0,51709,85,0,0,8,1000,0,0,19.129,0
8,allocate_send_arrival,15,S05,0,switch,12,51701,30,0,0,8,134.869,0,31.9456,0,0
8,allocate_send_arrival,44,S23,0,switch,43,51711,88,0,0,8,211.017,0,50.826,0,0
8,allocate_send_arrival,55,S60,1,switch,37,51702,110,0,0,8,243.133,0,51.655,0,0
8,allocate_send_arrival,42,S20,2,switch,3,51709,85,0,0,8,251.806,0,59.5645,0,0
8,allocate_send_arrival,20,S15,4,switch,32,51707,40,0,0,8,143.593,0,50.826,0,0
8,allocate_send_arrival,49,S26,0,switch,43,51715,98,0,0,8,126.404,0,50.826,0,0
8,allocate_send_arrival,26,S33,0,switch,3,51710,48,0,0,8,174.708,0,59.5645,0,0
8,allocate_send_arrival,5,S63,0,switch,0,51700,63,0,0,8,259.679,0,62.5,0,0
8,allocate_send_arrival,24,S08,0,switch,22,51710,48,0,0,8,182.424,0,59.5645,0,0
8,allocate_send_arrival,43,S22,0,switch,0,51713,64,0,0,8,203.304,0,25.826,25,0
8,enqueue_residual,43,S22,0,switch,0,51713,64,0,0,8,203.304,0,0,25,0
8,allocate_send_arrival,43,S22,0,switch,0,51711,88,0,0,8,203.304,0,25.826,25,0
8,enqueue_residual,43,S22,0,switch,0,51711,88,0,0,8,203.304,0,0,25,0
8,allocate_send_arrival,43,S22,0,switch,0,51707,40,0,0,8,203.304,0,25.826,25,0
8,enqueue_residual,43,S22,0,switch,0,51707,40,0,0,8,203.304,0,0,25,0
8,allocate_send_arrival,43,S22,0,switch,0,51715,98,0,0,8,203.304,0,25.826,25,0
8,enqueue_residual,43,S22,0,switch,0,51715,98,0,0,8,203.304,0,0,25,0
8,allocate_send_arrival,19,S06,3,switch,10,51705,38,0,0,8,169.014,0,31.9456,0,0
8,enqueue_residual,12,S04,0,switch,6,51701,30,0,0,8,184.169,31.9456,0,31.9456,0
8,allocate_send_arrival,0,S00,5,terminal,0,51708,23,0,0,8,1000,0,71.8593,0,0
8,allocate_send_arrival,0,S00,5,terminal,0,51703,20,0,0,8,1000,0,31.9887,0,0
8,allocate_send_arrival,0,S00,5,terminal,0,51712,72,0,0,8,1000,0,52.7482,0,0
8,allocate_send_arrival,0,S00,5,terminal,0,51706,21,0,0,8,1000,0,31.9887,0,0
8,allocate_send_arrival,0,S00,5,terminal,0,51713,64,0,0,8,1000,0,50.826,0,0
8,allocate_send_arrival,0,S00,5,terminal,0,51715,98,0,0,8,1000,0,50.826,0,0
8,allocate_send_arrival,0,S00,5,terminal,0,51702,110,0,0,8,1000,0,50.5618,0,0
8,allocate_send_arrival,0,S00,5,terminal,0,51710,48,0,0,8,1000,0,100,0,0
8,allocate_send_arrival,0,S00,5,terminal,0,51714,35,0,0,8,1000,0,71.6045,0,0
8,allocate_send_arrival,0,S00,5,terminal,0,51711,88,0,0,8,1000,0,50.826,0,0
8,allocate_send_arrival,0,S00,5,terminal,0,51707,40,0,0,8,1000,0,50.826,0,0
8,allocate_send_arrival,0,S00,5,terminal,0,51700,63,0,0,8,1000,0,62.55,0,0
8,allocate_send_arrival,0,S00,5,terminal,0,51705,38,0,0,8,1000,0,11.9456,0,0
8,allocate_send_arrival,0,S00,5,terminal,0,51709,85,0,0,8,1000,0,19.129,0,0
8,allocate_send_arrival,0,S00,5,terminal,0,51704,94,0,0,8,1000,0,62.55,0,0
8,allocate_send_arrival,0,S00,5,terminal,0,51701,30,0,0,8,1000,0,11.9456,0,0
8,allocate_send_arrival,6,S02,0,switch,1,51708,23,0,0,8,138.732,92.2544,31.9456,0,0
8,allocate_send_arrival,22,S07,3,switch,26,51710,48,0,0,8,124.406,0,59.5645,0,0
8,allocate_send_arrival,31,S62,3,switch,5,51700,63,0,0,8,238.676,0,62.5,0,0
8,allocate_send_arrival,3,S27,0,switch,0,51709,85,0,0,8,119.129,0,9.5645,50,0
8,enqueue_residual,3,S27,0,switch,0,51709,85,0,0,8,119.129,0,0,50,0
8,allocate_send_arrival,3,S27,0,switch,0,51710,48,0,0,8,119.129,0,9.5645,50.3761,0
8,enqueue_residual,3,S27,0,switch,0,51710,48,0,0,8,119.129,0,0,50,0
8,drop_shared_buffer_overflow,3,S27,0,switch,0,51710,48,0,0,8,119.129,0,0,0,0.376081
8,allocate_send_arrival,32,S21,1,switch,43,51713,64,0,0,8,261.425,0,50.826,0,0
8,allocate_send_arrival,32,S21,1,switch,43,51707,40,0,0,8,261.425,0,50.826,0,0
8,allocate_send_arrival,36,S18,0,switch,35,51712,72,0,0,8,247.316,0,51.655,0,0
8,allocate_send_arrival,56,S36,2,switch,4,51714,35,0,0,8,112.305,0,62.5,0,0
8,allocate_send_arrival,4,S37,0,switch,0,51704,94,0,0,8,203.508,0,62.5,0,0
8,allocate_send_arrival,4,S37,0,switch,0,51714,35,0,0,8,203.508,0,62.5518,7.27596e-15,0
8,allocate_send_arrival,10,S61,0,switch,1,51703,20,0,0,8,227.172,0,31.9456,3.63798e-15,0
8,allocate_send_arrival,10,S61,0,switch,1,51706,21,0,0,8,227.172,0,31.9456,3.63798e-15,0
8,allocate_send_arrival,10,S61,0,switch,1,51705,38,0,0,8,227.172,0,31.9456,3.63798e-15,0
8,allocate_send_arrival,17,S35,1,switch,56,51714,35,0,0,8,252.252,0,62.5,0,0
8,allocate_send_arrival,1,S01,0,switch,0,51708,23,0,0,8,159.728,0,11.9456,20,0
8,enqueue_residual,1,S01,0,switch,0,51708,23,0,0,8,159.728,0,0,20,0
8,allocate_send_arrival,1,S01,0,switch,0,51705,38,0,0,8,159.728,0,11.9456,46.8041,0
8,enqueue_residual,1,S01,0,switch,0,51705,38,0,0,8,159.728,0,0,46.8041,0
8,allocate_send_arrival,1,S01,0,switch,0,51703,20,0,0,8,159.728,0,11.9456,20,0
8,enqueue_residual,1,S01,0,switch,0,51703,20,0,0,8,159.728,0,0,20,0
8,allocate_send_arrival,1,S01,0,switch,0,51706,21,0,0,8,159.728,0,11.9456,20,0
8,enqueue_residual,1,S01,0,switch,0,51706,21,0,0,8,159.728,0,0,13.1959,0
8,drop_shared_buffer_overflow,1,S01,0,switch,0,51706,21,0,0,8,159.728,0,0,0,6.80408
8,allocate_send_arrival,1,S01,0,switch,0,51701,30,0,0,8,159.728,0,11.9456,20.3878,0
8,drop_shared_buffer_overflow,1,S01,0,switch,0,51701,30,0,0,8,159.728,0,0,0,20.3878
8,allocate_send_arrival,11,S03,0,switch,6,51708,23,0,0,8,132.338,0,31.9456,0,0
8,allocate_send_arrival,35,S17,2,switch,37,51712,72,0,0,8,246.878,0,51.655,0,0
8,allocate_send_arrival,47,S25,2,switch,4,51704,94,0,0,8,166.312,0,62.5,0,0
8,allocate_send_arrival,37,S32,0,switch,0,51712,72,0,0,8,103.31,0,1.655,50,0
8,enqueue_residual,37,S32,0,switch,0,51712,72,0,0,8,103.31,0,0,50,0
8,allocate_send_arrival,37,S32,0,switch,0,51702,110,0,0,8,103.31,0,1.655,50,0
8,enqueue_residual,37,S32,0,switch,0,51702,110,0,0,8,103.31,0,0,50,0
9,allocate_send_buffered,37,S32,0,switch,0,51712,72,0,0,9,103.31,100,50,0,0
9,allocate_send_buffered,37,S32,0,switch,0,51702,110,0,0,9,103.31,100,50,0,0
9,allocate_send_buffered,3,S27,0,switch,0,51709,85,0,0,9,119.129,100,50,0,0
9,allocate_send_buffered,3,S27,0,switch,0,51710,48,0,0,9,119.129,100,50,0,0
9,allocate_send_buffered,43,S22,0,switch,0,51713,64,0,0,9,203.304,100,25,0,0
9,allocate_send_buffered,43,S22,0,switch,0,51711,88,0,0,9,203.304,100,25,0,0
9,allocate_send_buffered,43,S22,0,switch,0,51707,40,0,0,9,203.304,100,25,0,0
9,allocate_send_buffered,43,S22,0,switch,0,51715,98,0,0,9,203.304,100,25,0,0
9,allocate_send_buffered,1,S01,0,switch,0,51708,23,0,0,9,159.728,100,20,0,0
9,allocate_send_buffered,1,S01,0,switch,0,51705,38,0,0,9,159.728,100,46.8041,7.27596e-15,0
9,allocate_send_buffered,1,S01,0,switch,0,51703,20,0,0,9,159.728,100,20,0,0
9,allocate_send_buffered,1,S01,0,switch,0,51706,21,0,0,9,159.728,100,13.1959,0,0
9,allocate_send_buffered,6,S02,0,switch,1,51701,30,0,0,9,138.732,92.2544,79.6301,0,0
9,allocate_send_buffered,6,S02,0,switch,1,51708,23,0,0,9,138.732,92.2544,12.6243,0,0
9,stage_arrival,0,S00,5,terminal,0,51714,35,0,0,9,1000,0,0,62.5518,0
9,stage_arrival,1,S01,0,switch,0,51706,21,0,0,9,159.728,0,0,31.9456,0
9,stage_arrival,19,S06,3,switch,10,51705,38,0,0,9,169.014,0,0,31.9456,0
9,stage_arrival,0,S00,5,terminal,0,51712,72,0,0,9,1000,0,0,1.655,0
9,stage_arrival,36,S18,0,switch,35,51712,72,0,0,9,247.316,0,0,51.655,0
9,stage_arrival,12,S04,0,switch,6,51701,30,0,0,9,184.169,63.8912,0,31.9456,0
9,stage_arrival,5,S63,0,switch,0,51700,63,0,0,9,259.679,0,0,62.5,0
9,stage_arrival,0,S00,5,terminal,0,51715,98,0,0,9,1000,0,0,25.826,0
9,stage_arrival,37,S32,0,switch,0,51712,72,0,0,9,103.31,0,0,51.655,0
9,stage_arrival,0,S00,5,terminal,0,51701,30,0,0,9,1000,0,0,11.9456,0
9,stage_arrival,0,S00,5,terminal,0,51704,94,0,0,9,1000,0,0,62.5,0
9,stage_arrival,47,S25,2,switch,4,51704,94,0,0,9,166.312,0,0,62.5,0
9,stage_arrival,24,S08,0,switch,22,51710,48,0,0,9,182.424,0,0,59.5645,0
9,stage_arrival,0,S00,5,terminal,0,51705,38,0,0,9,1000,0,0,13.6505,0
9,stage_arrival,43,S22,0,switch,0,51707,40,0,0,9,203.304,0,0,50.826,0
9,stage_arrival,3,S27,0,switch,0,51710,48,0,0,9,119.129,0,0,59.5645,0
9,stage_arrival,32,S21,1,switch,43,51713,64,0,0,9,261.425,0,0,50.826,0
9,stage_arrival,0,S00,5,terminal,0,51706,21,0,0,9,1000,0,0,11.9456,0
9,stage_arrival,55,S60,1,switch,37,51702,110,0,0,9,243.133,0,0,51.655,0
9,stage_arrival,6,S02,0,switch,1,51708,23,0,0,9,138.732,0,0,31.9456,0
9,stage_arrival,31,S62,3,switch,5,51700,63,0,0,9,238.676,0,0,62.5,0
9,stage_arrival,42,S20,2,switch,3,51709,85,0,0,9,251.806,0,0,59.5645,0
9,stage_arrival,43,S22,0,switch,0,51715,98,0,0,9,203.304,0,0,50.826,0
9,stage_arrival,1,S01,0,switch,0,51708,23,0,0,9,159.728,0,0,31.9456,0
9,stage_arrival,0,S00,5,terminal,0,51702,110,0,0,9,1000,0,0,1.655,0
9,stage_arrival,0,S00,5,terminal,0,51713,64,0,0,9,1000,0,0,25,0
9,stage_arrival,4,S37,0,switch,0,51704,94,0,0,9,203.508,0,0,62.5,0
9,stage_arrival,10,S61,0,switch,1,51706,21,0,0,9,227.172,0,0,31.9456,0
9,stage_arrival,32,S21,1,switch,43,51707,40,0,0,9,261.425,0,0,50.826,0
9,stage_arrival_coalesce,0,S00,5,terminal,0,51712,72,0,0,9,1000,0,0,51.655,0
9,stage_arrival_coalesce,0,S00,5,terminal,0,51715,98,0,0,9,1000,0,0,50.826,0
9,stage_arrival,0,S00,5,terminal,0,51709,85,0,0,9,1000,0,0,50,0
9,stage_arrival,4,S37,0,switch,0,51714,35,0,0,9,203.508,0,0,62.5,0
9,stage_arrival,3,S27,0,switch,0,51709,85,0,0,9,119.129,0,0,59.5645,0
9,stage_arrival_coalesce,0,S00,5,terminal,0,51713,64,0,0,9,1000,0,0,50.826,0
9,stage_arrival_coalesce,0,S00,5,terminal,0,51709,85,0,0,9,1000,0,0,59.5645,0
9,stage_arrival,1,S01,0,switch,0,51703,20,0,0,9,159.728,0,0,31.9456,0
9,stage_arrival,49,S26,0,switch,43,51715,98,0,0,9,126.404,0,0,50.826,0
9,stage_arrival,20,S15,4,switch,32,51707,40,0,0,9,143.593,0,0,50.826,0
9,stage_arrival_coalesce,0,S00,5,terminal,0,51705,38,0,0,9,1000,0,0,25.5961,0
9,stage_arrival,56,S36,2,switch,4,51714,35,0,0,9,112.305,0,0,62.5,0
9,stage_arrival,11,S03,0,switch,6,51708,23,0,0,9,132.338,0,0,31.9456,0
9,stage_arrival_coalesce,0,S00,5,terminal,0,51702,110,0,0,9,1000,0,0,51.655,0
9,stage_arrival,0,S00,5,terminal,0,51703,20,0,0,9,1000,0,0,11.9456,0
9,stage_arrival,0,S00,5,terminal,0,51707,40,0,0,9,1000,0,0,25,0
9,stage_arrival,37,S32,0,switch,0,51702,110,0,0,9,103.31,0,0,51.655,0
9,stage_arrival,26,S33,0,switch,3,51710,48,0,0,9,174.708,0,0,59.5645,0
9,stage_arrival,44,S23,0,switch,43,51711,88,0,0,9,211.017,0,0,50.826,0
9,stage_arrival,0,S00,5,terminal,0,51708,23,0,0,9,1000,0,0,11.9456,0
9,stage_arrival,17,S35,1,switch,56,51714,35,0,0,9,252.252,0,0,62.5,0
9,stage_arrival,43,S22,0,switch,0,51711,88,0,0,9,203.304,0,0,50.826,0
9,stage_arrival_coalesce,0,S00,5,terminal,0,51707,40,0,0,9,1000,0,0,50.826,0
9,stage_arrival,1,S01,0,switch,0,51705,38,0,0,9,159.728,0,0,31.9456,0
9,stage_arrival,0,S00,5,terminal,0,51711,88,0,0,9,1000,0,0,25,0
9,stage_arrival,0,S00,5,terminal,0,51700,63,0,0,9,1000,0,0,62.5,0
9,stage_arrival_coalesce,0,S00,5,terminal,0,51711,88,0,0,9,1000,0,0,50.826,0
9,stage_arrival,43,S22,0,switch,0,51713,64,0,0,9,203.304,0,0,50.826,0
9,stage_arrival,0,S00,5,terminal,0,51710,48,0,0,9,1000,0,0,9.5645,0
9,stage_arrival,15,S05,0,switch,12,51701,30,0,0,9,134.869,0,0,31.9456,0
9,stage_arrival,22,S07,3,switch,26,51710,48,0,0,9,124.406,0,0,59.5645,0
9,stage_arrival,10,S61,0,switch,1,51703,20,0,0,9,227.172,0,0,31.9456,0
9,stage_arrival_coalesce,0,S00,5,terminal,0,51710,48,0,0,9,1000,0,0,59.5645,0
9,stage_arrival,10,S61,0,switch,1,51705,38,0,0,9,227.172,0,0,31.9456,0
9,stage_arrival,35,S17,2,switch,37,51712,72,0,0,9,246.878,0,0,51.655,0
9,stage_arrival_coalesce,0,S00,5,terminal,0,51701,30,0,0,9,1000,0,0,98.2951,0
9,allocate_send_arrival,20,S15,4,switch,32,51707,40,0,0,9,143.593,0,50.826,0,0
9,allocate_send_arrival,22,S07,3,switch,26,51710,48,0,0,9,124.406,0,59.5645,0,0
9,allocate_send_arrival,44,S23,0,switch,43,51711,88,0,0,9,211.017,0,50.826,0,0
9,allocate_send_arrival,35,S17,2,switch,37,51712,72,0,0,9,246.878,0,51.655,0,0
9,allocate_send_arrival,0,S00,5,terminal,0,51714,35,0,0,9,1000,0,62.5518,0,0
9,allocate_send_arrival,0,S00,5,terminal,0,51712,72,0,0,9,1000,0,51.655,0,0
9,allocate_send_arrival,0,S00,5,terminal,0,51715,98,0,0,9,1000,0,50.826,0,0
9,allocate_send_arrival,0,S00,5,terminal,0,51701,30,0,0,9,1000,0,98.2951,0,0
9,allocate_send_arrival,0,S00,5,terminal,0,51704,94,0,0,9,1000,0,62.5,0,0
9,allocate_send_arrival,0,S00,5,terminal,0,51705,38,0,0,9,1000,0,25.5961,0,0
9,allocate_send_arrival,0,S00,5,terminal,0,51706,21,0,0,9,1000,0,11.9456,0,0
9,allocate_send_arrival,0,S00,5,terminal,0,51702,110,0,0,9,1000,0,51.655,0,0
9,allocate_send_arrival,0,S00,5,terminal,0,51713,64,0,0,9,1000,0,50.826,0,0
9,allocate_send_arrival,0,S00,5,terminal,0,51709,85,0,0,9,1000,0,59.5645,0,0
9,allocate_send_arrival,0,S00,5,terminal,0,51703,20,0,0,9,1000,0,11.9456,0,0
9,allocate_send_arrival,0,S00,5,terminal,0,51707,40,0,0,9,1000,0,50.826,0,0
9,allocate_send_arrival,0,S00,5,terminal,0,51708,23,0,0,9,1000,0,11.9456,0,0
9,allocate_send_arrival,0,S00,5,terminal,0,51711,88,0,0,9,1000,0,50.826,0,0
9,allocate_send_arrival,0,S00,5,terminal,0,51700,63,0,0,9,1000,0,62.5,0,0
9,allocate_send_arrival,0,S00,5,terminal,0,51710,48,0,0,9,1000,0,59.5645,0,0
9,allocate_send_arrival,10,S61,0,switch,1,51706,21,0,0,9,227.172,0,31.9456,3.63798e-15,0
9,allocate_send_arrival,10,S61,0,switch,1,51703,20,0,0,9,227.172,0,31.9456,3.63798e-15,0
9,allocate_send_arrival,10,S61,0,switch,1,51705,38,0,0,9,227.172,0,31.9456,3.63798e-15,0
9,allocate_send_arrival,1,S01,0,switch,0,51706,21,0,0,9,159.728,0,14.932,17.0136,0
9,enqueue_residual,1,S01,0,switch,0,51706,21,0,0,9,159.728,0,0,17.0136,0
9,allocate_send_arrival,1,S01,0,switch,0,51708,23,0,0,9,159.728,0,14.932,17.0136,0
9,enqueue_residual,1,S01,0,switch,0,51708,23,0,0,9,159.728,0,0,17.0136,0
9,allocate_send_arrival,1,S01,0,switch,0,51703,20,0,0,9,159.728,0,14.932,17.0136,0
9,enqueue_residual,1,S01,0,switch,0,51703,20,0,0,9,159.728,0,0,17.0136,0
9,allocate_send_arrival,1,S01,0,switch,0,51705,38,0,0,9,159.728,0,14.932,17.0136,0
9,enqueue_residual,1,S01,0,switch,0,51705,38,0,0,9,159.728,0,0,17.0136,0
9,allocate_send_arrival,26,S33,0,switch,3,51710,48,0,0,9,174.708,0,59.5645,0,0
9,allocate_send_arrival,17,S35,1,switch,56,51714,35,0,0,9,252.252,0,62.5,0,0
9,allocate_send_arrival,3,S27,0,switch,0,51710,48,0,0,9,119.129,0,9.5645,50,0
9,enqueue_residual,3,S27,0,switch,0,51710,48,0,0,9,119.129,0,0,50,0
9,allocate_send_arrival,3,S27,0,switch,0,51709,85,0,0,9,119.129,0,9.5645,50,0
9,enqueue_residual,3,S27,0,switch,0,51709,85,0,0,9,119.129,0,0,50,0
9,allocate_send_arrival,56,S36,2,switch,4,51714,35,0,0,9,112.305,0,62.5,0,0
9,allocate_send_arrival,32,S21,1,switch,43,51713,64,0,0,9,261.425,0,50.826,0,0
9,allocate_send_arrival,32,S21,1,switch,43,51707,40,0,0,9,261.425,0,50.826,0,0
9,allocate_send_arrival,55,S60,1,switch,37,51702,110,0,0,9,243.133,0,51.655,0,0
9,allocate_send_arrival,24,S08,0,switch,22,51710,48,0,0,9,182.424,0,59.5645,0,0
9,allocate_send_arrival,36,S18,0,switch,35,51712,72,0,0,9,247.316,0,51.655,0,0
9,allocate_send_arrival,6,S02,0,switch,1,51708,23,0,0,9,138.732,0,31.9456,0,0
9,allocate_send_arrival,4,S37,0,switch,0,51704,94,0,0,9,203.508,0,62.5,0,0
9,allocate_send_arrival,4,S37,0,switch,0,51714,35,0,0,9,203.508,0,62.5,0,0
9,allocate_send_arrival,5,S63,0,switch,0,51700,63,0,0,9,259.679,0,62.5,0,0
9,allocate_send_arrival,19,S06,3,switch,10,51705,38,0,0,9,169.014,0,31.9456,0,0
9,allocate_send_arrival,43,S22,0,switch,0,51707,40,0,0,9,203.304,0,25.826,25,0
9,enqueue_residual,43,S22,0,switch,0,51707,40,0,0,9,203.304,0,0,25,0
9,allocate_send_arrival,43,S22,0,switch,0,51715,98,0,0,9,203.304,0,25.826,25,0
9,enqueue_residual,43,S22,0,switch,0,51715,98,0,0,9,203.304,0,0,25,0
9,allocate_send_arrival,43,S22,0,switch,0,51711,88,0,0,9,203.304,0,25.826,25,0
9,enqueue_residual,43,S22,0,switch,0,51711,88,0,0,9,203.304,0,0,25,0
9,allocate_send_arrival,43,S22,0,switch,0,51713,64,0,0,9,203.304,0,25.826,25,0
9,enqueue_residual,43,S22,0,switch,0,51713,64,0,0,9,203.304,0,0,25,0
9,allocate_send_arrival,15,S05,0,switch,12,51701,30,0,0,9,134.869,0,31.9456,0,0
9,allocate_send_arrival,31,S62,3,switch,5,51700,63,0,0,9,238.676,0,62.5,0,0
9,allocate_send_arrival,11,S03,0,switch,6,51708,23,0,0,9,132.338,0,31.9456,0,0
9,allocate_send_arrival,47,S25,2,switch,4,51704,94,0,0,9,166.312,0,62.5,0,0
9,allocate_send_arrival,12,S04,0,switch,6,51701,30,0,0,9,184.169,63.8912,31.9456,0,0
9,allocate_send_arrival,37,S32,0,switch,0,51712,72,0,0,9,103.31,0,1.655,50,0
9,enqueue_residual,37,S32,0,switch,0,51712,72,0,0,9,103.31,0,0,50,0
9,allocate_send_arrival,37,S32,0,switch,0,51702,110,0,0,9,103.31,0,1.655,50,0
9,enqueue_residual,37,S32,0,switch,0,51702,110,0,0,9,103.31,0,0,50,0
9,allocate_send_arrival,42,S20,2,switch,3,51709,85,0,0,9,251.806,0,59.5645,0,0
9,allocate_send_arrival,49,S26,0,switch,43,51715,98,0,0,9,126.404,0,50.826,0,0
10,allocate_send_buffered,3,S27,0,switch,0,51710,48,0,0,10,119.129,100,50,0,0
10,allocate_send_buffered,3,S27,0,switch,0,51709,85,0,0,10,119.129,100,50,0,0
10,allocate_send_buffered,12,S04,0,switch,6,51701,30,0,0,10,184.169,63.8912,63.8912,0,0
10,allocate_send_buffered,37,S32,0,switch,0,51712,72,0,0,10,103.31,100,50,0,0
10,allocate_send_buffered,37,S32,0,switch,0,51702,110,0,0,10,103.31,100,50,0,0
10,allocate_send_buffered,1,S01,0,switch,0,51706,21,0,0,10,159.728,68.0544,17.0136,0,0
10,allocate_send_buffered,1,S01,0,switch,0,51708,23,0,0,10,159.728,68.0544,17.0136,3.63798e-15,0
10,allocate_send_buffered,1,S01,0,switch,0,51703,20,0,0,10,159.728,68.0544,17.0136,0,0
10,allocate_send_buffered,1,S01,0,switch,0,51705,38,0,0,10,159.728,68.0544,17.0136,0,0
10,allocate_send_buffered,43,S22,0,switch,0,51707,40,0,0,10,203.304,100,25,0,0
10,allocate_send_buffered,43,S22,0,switch,0,51715,98,0,0,10,203.304,100,25,0,0
10,allocate_send_buffered,43,S22,0,switch,0,51711,88,0,0,10,203.304,100,25,0,0
10,allocate_send_buffered,43,S22,0,switch,0,51713,64,0,0,10,203.304,100,25,0,0
10,stage_arrival,43,S22,0,switch,0,51713,64,0,0,10,203.304,0,0,50.826,0
10,stage_arrival,0,S00,5,terminal,0,51706,21,0,0,10,1000,0,0,13.1959,0
10,stage_arrival,0,S00,5,terminal,0,51707,40,0,0,10,1000,0,0,25.826,0
10,stage_arrival,0,S00,5,terminal,0,51709,85,0,0,10,1000,0,0,50,0
10,stage_arrival,17,S35,1,switch,56,51714,35,0,0,10,252.252,0,0,62.5,0
10,stage_arrival,11,S03,0,switch,6,51708,23,0,0,10,132.338,0,0,31.9456,0
10,stage_arrival,0,S00,5,terminal,0,51713,64,0,0,10,1000,0,0,25,0
10,stage_arrival,0,S00,5,terminal,0,51711,88,0,0,10,1000,0,0,25.826,0
10,stage_arrival,0,S00,5,terminal,0,51710,48,0,0,10,1000,0,0,50,0
10,stage_arrival,10,S61,0,switch,1,51706,21,0,0,10,227.172,0,0,31.9456,0
10,stage_arrival,15,S05,0,switch,12,51701,30,0,0,10,134.869,0,0,31.9456,0
10,stage_arrival,0,S00,5,terminal,0,51704,94,0,0,10,1000,0,0,62.5,0
10,stage_arrival,1,S01,0,switch,0,51705,38,0,0,10,159.728,0,0,31.9456,0
10,stage_arrival,0,S00,5,terminal,0,51715,98,0,0,10,1000,0,0,25,0
10,stage_arrival,22,S07,3,switch,26,51710,48,0,0,10,124.406,0,0,59.5645,0
10,stage_arrival,0,S00,5,terminal,0,51702,110,0,0,10,1000,0,0,1.655,0
10,stage_arrival,0,S00,5,terminal,0,51708,23,0,0,10,1000,0,0,20,0
10,stage_arrival,6,S02,0,switch,1,51701,30,0,0,10,138.732,0,0,31.9456,0
10,stage_arrival,37,S32,0,switch,0,51702,110,0,0,10,103.31,0,0,51.655,0
10,stage_arrival,4,S37,0,switch,0,51704,94,0,0,10,203.508,0,0,62.5,0
10,stage_arrival,10,S61,0,switch,1,51703,20,0,0,10,227.172,0,0,31.9456,0
10,stage_arrival,3,S27,0,switch,0,51709,85,0,0,10,119.129,0,0,59.5645,0
10,stage_arrival,32,S21,1,switch,43,51713,64,0,0,10,261.425,0,0,50.826,0
10,stage_arrival,1,S01,0,switch,0,51708,23,0,0,10,159.728,0,0,12.6243,0
10,stage_arrival_coalesce,0,S00,5,terminal,0,51709,85,0,0,10,1000,0,0,59.5645,0
10,stage_arrival,36,S18,0,switch,35,51712,72,0,0,10,247.316,0,0,51.655,0
10,stage_arrival,1,S01,0,switch,0,51703,20,0,0,10,159.728,0,0,31.9456,0
10,stage_arrival,24,S08,0,switch,22,51710,48,0,0,10,182.424,0,0,59.5645,0
10,stage_arrival,32,S21,1,switch,43,51707,40,0,0,10,261.425,0,0,50.826,0
10,stage_arrival,4,S37,0,switch,0,51714,35,0,0,10,203.508,0,0,62.5,0
10,stage_arrival_coalesce,0,S00,5,terminal,0,51708,23,0,0,10,1000,0,0,34.932,0
10,stage_arrival_coalesce,0,S00,5,terminal,0,51715,98,0,0,10,1000,0,0,50.826,0
10,stage_arrival,3,S27,0,switch,0,51710,48,0,0,10,119.129,0,0,59.5645,0
10,stage_arrival_coalesce,0,S00,5,terminal,0,51711,88,0,0,10,1000,0,0,50.826,0
10,stage_arrival,42,S20,2,switch,3,51709,85,0,0,10,251.806,0,0,59.5645,0
10,stage_arrival,10,S61,0,switch,1,51705,38,0,0,10,227.172,0,0,31.9456,0
10,stage_arrival,0,S00,5,terminal,0,51714,35,0,0,10,1000,0,0,62.5,0
10,stage_arrival,31,S62,3,switch,5,51700,63,0,0,10,238.676,0,0,62.5,0
10,stage_arrival_coalesce,0,S00,5,terminal,0,51710,48,0,0,10,1000,0,0,59.5645,0
10,stage_arrival,0,S00,5,terminal,0,51705,38,0,0,10,1000,0,0,14.932,0
10,stage_arrival,1,S01,0,switch,0,51701,30,0,0,10,159.728,0,0,79.6301,0
10,stage_arrival,0,S00,5,terminal,0,51712,72,0,0,10,1000,0,0,1.655,0
10,stage_arrival,37,S32,0,switch,0,51712,72,0,0,10,103.31,0,0,51.655,0
10,stage_arrival_coalesce,0,S00,5,terminal,0,51713,64,0,0,10,1000,0,0,50.826,0
10,stage_arrival,5,S63,0,switch,0,51700,63,0,0,10,259.679,0,0,62.5,0
10,stage_arrival_coalesce,1,S01,0,switch,0,51708,23,0,0,10,159.728,0,0,44.5699,0
10,stage_arrival,26,S33,0,switch,3,51710,48,0,0,10,174.708,0,0,59.5645,0
10,stage_arrival_coalesce,0,S00,5,terminal,0,51702,110,0,0,10,1000,0,0,51.655,0
10,stage_arrival,47,S25,2,switch,4,51704,94,0,0,10,166.312,0,0,62.5,0
10,stage_arrival,55,S60,1,switch,37,51702,110,0,0,10,243.133,0,0,51.655,0
10,stage_arrival_coalesce,0,S00,5,terminal,0,51706,21,0,0,10,1000,0,0,28.1279,0
10,stage_arrival,43,S22,0,switch,0,51707,40,0,0,10,203.304,0,0,50.826,0
10,stage_arrival,6,S02,0,switch,1,51708,23,0,0,10,138.732,0,0,31.9456,0
10,stage_arrival,56,S36,2,switch,4,51714,35,0,0,10,112.305,0,0,62.5,0
10,stage_arrival,43,S22,0,switch,0,51711,88,0,0,10,203.304,0,0,50.826,0
10,stage_arrival,35,S17,2,switch,37,51712,72,0,0,10,246.878,0,0,51.655,0
10,stage_arrival_coalesce,0,S00,5,terminal,0,51707,40,0,0,10,1000,0,0,50.826,0
10,stage_arrival,0,S00,5,terminal,0,51700,63,0,0,10,1000,0,0,62.5,0
10,stage_arrival,43,S22,0,switch,0,51715,98,0,0,10,203.304,0,0,50.826,0
10,stage_arrival,20,S15,4,switch,32,51707,40,0,0,10,143.593,0,0,50.826,0
10,stage_arrival_coalesce,0,S00,5,terminal,0,51705,38,0,0,10,1000,0,0,61.7361,0
10,stage_arrival,49,S26,0,switch,43,51715,98,0,0,10,126.404,0,0,50.826,0
10,stage_arrival,0,S00,5,terminal,0,51703,20,0,0,10,1000,0,0,20,0
10,stage_arrival,12,S04,0,switch,6,51701,30,0,0,10,184.169,0,0,31.9456,0
10,stage_arrival_coalesce,0,S00,5,terminal,0,51712,72,0,0,10,1000,0,0,51.655,0
10,stage_arrival,19,S06,3,switch,10,51705,38,0,0,10,169.014,0,0,31.9456,0
10,stage_arrival,1,S01,0,switch,0,51706,21,0,0,10,159.728,0,0,31.9456,0
10,stage_arrival,44,S23,0,switch,43,51711,88,0,0,10,211.017,0,0,50.826,0
10,stage_arrival_coalesce,0,S00,5,terminal,0,51703,20,0,0,10,1000,0,0,34.932,0
10,allocate_send_arrival,19,S06,3,switch,10,51705,38,0,0,10,169.014,0,31.9456,0,0
10,allocate_send_arrival,31,S62,3,switch,5,51700,63,0,0,10,238.676,0,62.5,0,0
10,allocate_send_arrival,15,S05,0,switch,12,51701,30,0,0,10,134.869,0,31.9456,0,0
10,allocate_send_arrival,0,S00,5,terminal,0,51706,21,0,0,10,1000,0,28.1279,0,0
10,allocate_send_arrival,0,S00,5,terminal,0,51707,40,0,0,10,1000,0,50.826,0,0
10,allocate_send_arrival,0,S00,5,terminal,0,51709,85,0,0,10,1000,0,59.5645,0,0
10,allocate_send_arrival,0,S00,5,terminal,0,51713,64,0,0,10,1000,0,50.826,0,0
10,allocate_send_arrival,0,S00,5,terminal,0,51711,88,0,0,10,1000,0,50.826,0,0
10,allocate_send_arrival,0,S00,5,terminal,0,51710,48,0,0,10,1000,0,59.5645,0,0
10,allocate_send_arrival,0,S00,5,terminal,0,51704,94,0,0,10,1000,0,62.5,3.63798e-14,0
10,allocate_send_arrival,0,S00,5,terminal,0,51715,98,0,0,10,1000,0,50.826,0,0
10,allocate_send_arrival,0,S00,5,terminal,0,51702,110,0,0,10,1000,0,51.655,0,0
10,allocate_send_arrival,0,S00,5,terminal,0,51708,23,0,0,10,1000,0,34.932,0,0
10,allocate_send_arrival,0,S00,5,terminal,0,51714,35,0,0,10,1000,0,62.5,3.63798e-14,0
10,allocate_send_arrival,0,S00,5,terminal,0,51705,38,0,0,10,1000,0,61.7361,0,0
10,allocate_send_arrival,0,S00,5,terminal,0,51712,72,0,0,10,1000,0,51.655,0,0
10,allocate_send_arrival,0,S00,5,terminal,0,51700,63,0,0,10,1000,0,62.5,3.63798e-14,0
10,allocate_send_arrival,0,S00,5,terminal,0,51703,20,0,0,10,1000,0,34.932,0,0
10,allocate_send_arrival,42,S20,2,switch,3,51709,85,0,0,10,251.806,0,59.5645,0,0
10,allocate_send_arrival,24,S08,0,switch,22,51710,48,0,0,10,182.424,0,59.5645,0,0
10,allocate_send_arrival,26,S33,0,switch,3,51710,48,0,0,10,174.708,0,59.5645,0,0
10,allocate_send_arrival,5,S63,0,switch,0,51700,63,0,0,10,259.679,0,62.5,0,0
10,allocate_send_arrival,49,S26,0,switch,43,51715,98,0,0,10,126.404,0,50.826,0,0
10,allocate_send_arrival,12,S04,0,switch,6,51701,30,0,0,10,184.169,0,31.9456,0,0
10,allocate_send_arrival,36,S18,0,switch,35,51712,72,0,0,10,247.316,0,51.655,0,0
10,allocate_send_arrival,44,S23,0,switch,43,51711,88,0,0,10,211.017,0,50.826,0,0
10,allocate_send_arrival,20,S15,4,switch,32,51707,40,0,0,10,143.593,0,50.826,0,0
10,allocate_send_arrival,4,S37,0,switch,0,51704,94,0,0,10,203.508,0,62.5,0,0
10,allocate_send_arrival,4,S37,0,switch,0,51714,35,0,0,10,203.508,0,62.5,0,0
10,allocate_send_arrival,55,S60,1,switch,37,51702,110,0,0,10,243.133,0,51.655,0,0
10,allocate_send_arrival,11,S03,0,switch,6,51708,23,0,0,10,132.338,0,31.9456,0,0
10,allocate_send_arrival,3,S27,0,switch,0,51709,85,0,0,10,119.129,0,9.5645,50,0
10,enqueue_residual,3,S27,0,switch,0,51709,85,0,0,10,119.129,0,0,50,0
10,allocate_send_arrival,3,S27,0,switch,0,51710,48,0,0,10,119.129,0,9.5645,50,0
10,enqueue_residual,3,S27,0,switch,0,51710,48,0,0,10,119.129,0,0,50,0
10,allocate_send_arrival,1,S01,0,switch,0,51705,38,0,0,10,159.728,0,18.3347,13.6109,0
10,enqueue_residual,1,S01,0,switch,0,51705,38,0,0,10,159.728,0,0,13.6109,0
10,allocate_send_arrival,1,S01,0,switch,0,51708,23,0,0,10,159.728,0,18.3347,26.2352,0
10,enqueue_residual,1,S01,0,switch,0,51708,23,0,0,10,159.728,0,0,26.2352,0
10,allocate_send_arrival,1,S01,0,switch,0,51703,20,0,0,10,159.728,0,18.3347,13.6109,0
10,enqueue_residual,1,S01,0,switch,0,51703,20,0,0,10,159.728,0,0,13.6109,0
10,allocate_send_arrival,1,S01,0,switch,0,51701,30,0,0,10,159.728,0,18.3347,61.2954,0
10,enqueue_residual,1,S01,0,switch,0,51701,30,0,0,10,159.728,0,0,46.543,0
10,drop_shared_buffer_overflow,1,S01,0,switch,0,51701,30,0,0,10,159.728,0,0,0,14.7523
10,allocate_send_arrival,1,S01,0,switch,0,51706,21,0,0,10,159.728,0,18.3347,13.6109,0
10,drop_shared_buffer_overflow,1,S01,0,switch,0,51706,21,0,0,10,159.728,0,0,0,13.6109
10,allocate_send_arrival,35,S17,2,switch,37,51712,72,0,0,10,246.878,0,51.655,0,0
10,allocate_send_arrival,56,S36,2,switch,4,51714,35,0,0,10,112.305,0,62.5,0,0
10,allocate_send_arrival,6,S02,0,switch,1,51701,30,0,0,10,138.732,0,31.9456,0,0
10,allocate_send_arrival,6,S02,0,switch,1,51708,23,0,0,10,138.732,0,31.9456,0,0
10,allocate_send_arrival,43,S22,0,switch,0,51713,64,0,0,10,203.304,0,25.826,25,0
10,enqueue_residual,43,S22,0,switch,0,51713,64,0,0,10,203.304,0,0,25,0
10,allocate_send_arrival,43,S22,0,switch,0,51707,40,0,0,10,203.304,0,25.826,25,0
10,enqueue_residual,43,S22,0,switch,0,51707,40,0,0,10,203.304,0,0,25,0
10,allocate_send_arrival,43,S22,0,switch,0,51711,88,0,0,10,203.304,0,25.826,25,0
10,enqueue_residual,43,S22,0,switch,0,51711,88,0,0,10,203.304,0,0,25,0
10,allocate_send_arrival,43,S22,0,switch,0,51715,98,0,0,10,203.304,0,25.826,25,0
10,enqueue_residual,43,S22,0,switch,0,51715,98,0,0,10,203.304,0,0,25,0
10,allocate_send_arrival,22,S07,3,switch,26,51710,48,0,0,10,124.406,0,59.5645,0,0
10,allocate_send_arrival,10,S61,0,switch,1,51706,21,0,0,10,227.172,0,31.9456,3.63798e-15,0
10,allocate_send_arrival,10,S61,0,switch,1,51703,20,0,0,10,227.172,0,31.9456,3.63798e-15,0
10,allocate_send_arrival,10,S61,0,switch,1,51705,38,0,0,10,227.172,0,31.9456,3.63798e-15,0
10,allocate_send_arrival,32,S21,1,switch,43,51713,64,0,0,10,261.425,0,50.826,0,0
10,allocate_send_arrival,32,S21,1,switch,43,51707,40,0,0,10,261.425,0,50.826,0,0
10,allocate_send_arrival,17,S35,1,switch,56,51714,35,0,0,10,252.252,0,62.5,0,0
10,allocate_send_arrival,37,S32,0,switch,0,51702,110,0,0,10,103.31,0,1.655,50,0
10,enqueue_residual,37,S32,0,switch,0,51702,110,0,0,10,103.31,0,0,50,0
10,allocate_send_arrival,37,S32,0,switch,0,51712,72,0,0,10,103.31,0,1.655,50,0
10,enqueue_residual,37,S32,0,switch,0,51712,72,0,0,10,103.31,0,0,50,0
10,allocate_send_arrival,47,S25,2,switch,4,51704,94,0,0,10,166.312,0,62.5,0,0
11,allocate_send_buffered,1,S01,0,switch,0,51705,38,0,0,11,159.728,100,13.6109,0,0
11,allocate_send_buffered,1,S01,0,switch,0,51708,23,0,0,11,159.728,100,26.2352,0,0
11,allocate_send_buffered,1,S01,0,switch,0,51703,20,0,0,11,159.728,100,13.6109,0,0
11,allocate_send_buffered,1,S01,0,switch,0,51701,30,0,0,11,159.728,100,46.543,0,0
11,allocate_send_buffered,37,S32,0,switch,0,51702,110,0,0,11,103.31,100,50,0,0
11,allocate_send_buffered,37,S32,0,switch,0,51712,72,0,0,11,103.31,100,50,0,0
11,allocate_send_buffered,3,S27,0,switch,0,51709,85,0,0,11,119.129,100,50,0,0
11,allocate_send_buffered,3,S27,0,switch,0,51710,48,0,0,11,119.129,100,50,0,0
11,allocate_send_buffered,43,S22,0,switch,0,51713,64,0,0,11,203.304,100,25,0,0
11,allocate_send_buffered,43,S22,0,switch,0,51707,40,0,0,11,203.304,100,25,0,0
11,allocate_send_buffered,43,S22,0,switch,0,51711,88,0,0,11,203.304,100,25,0,0
11,allocate_send_buffered,43,S22,0,switch,0,51715,98,0,0,11,203.304,100,25,0,0
11,stage_arrival,4,S37,0,switch,0,51704,94,0,0,11,203.508,0,0,62.5,0
11,stage_arrival,6,S02,0,switch,1,51701,30,0,0,11,138.732,0,0,31.9456,0
11,stage_arrival,1,S01,0,switch,0,51708,23,0,0,11,159.728,0,0,31.9456,0
11,stage_arrival,43,S22,0,switch,0,51713,64,0,0,11,203.304,0,0,50.826,0
11,stage_arrival,0,S00,5,terminal,0,51712,72,0,0,11,1000,0,0,1.655,0
11,stage_arrival,0,S00,5,terminal,0,51703,20,0,0,11,1000,0,0,17.0136,0
11,stage_arrival,17,S35,1,switch,56,51714,35,0,0,11,252.252,0,0,62.5,0
11,stage_arrival,37,S32,0,switch,0,51712,72,0,0,11,103.31,0,0,51.655,0
11,stage_arrival,4,S37,0,switch,0,51714,35,0,0,11,203.508,0,0,62.5,0
11,stage_arrival,42,S20,2,switch,3,51709,85,0,0,11,251.806,0,0,59.5645,0
11,stage_arrival,0,S00,5,terminal,0,51714,35,0,0,11,1000,0,0,62.5,0
11,stage_arrival,10,S61,0,switch,1,51706,21,0,0,11,227.172,0,0,31.9456,0
11,stage_arrival,0,S00,5,terminal,0,51709,85,0,0,11,1000,0,0,50,0
11,stage_arrival,19,S06,3,switch,10,51705,38,0,0,11,169.014,0,0,31.9456,0
11,stage_arrival,1,S01,0,switch,0,51706,21,0,0,11,159.728,0,0,31.9456,0
11,stage_arrival,12,S04,0,switch,6,51701,30,0,0,11,184.169,0,0,31.9456,0
11,stage_arrival,22,S07,3,switch,26,51710,48,0,0,11,124.406,0,0,59.5645,0
11,stage_arrival,0,S00,5,terminal,0,51700,63,0,0,11,1000,0,0,62.5,0
11,stage_arrival,36,S18,0,switch,35,51712,72,0,0,11,247.316,0,0,51.655,0
11,stage_arrival,55,S60,1,switch,37,51702,110,0,0,11,243.133,0,0,51.655,0
11,stage_arrival,1,S01,0,switch,0,51703,20,0,0,11,159.728,0,0,31.9456,0
11,stage_arrival,0,S00,5,terminal,0,51715,98,0,0,11,1000,0,0,25,0
11,stage_arrival,0,S00,5,terminal,0,51711,88,0,0,11,1000,0,0,25,0
11,stage_arrival,0,S00,5,terminal,0,51713,64,0,0,11,1000,0,0,25.826,0
11,stage_arrival_coalesce,0,S00,5,terminal,0,51712,72,0,0,11,1000,0,0,51.655,0
11,stage_arrival,0,S00,5,terminal,0,51707,40,0,0,11,1000,0,0,25.826,0
11,stage_arrival,0,S00,5,terminal,0,51706,21,0,0,11,1000,0,0,17.0136,0
11,stage_arrival,0,S00,5,terminal,0,51708,23,0,0,11,1000,0,0,17.0136,0
11,stage_arrival,0,S00,5,terminal,0,51710,48,0,0,11,1000,0,0,50,0
11,stage_arrival,0,S00,5,terminal,0,51704,94,0,0,11,1000,0,0,62.5,0
11,stage_arrival,26,S33,0,switch,3,51710,48,0,0,11,174.708,0,0,59.5645,0
11,stage_arrival,49,S26,0,switch,43,51715,98,0,0,11,126.404,0,0,50.826,0
11,stage_arrival,43,S22,0,switch,0,51715,98,0,0,11,203.304,0,0,50.826,0
11,stage_arrival,31,S62,3,switch,5,51700,63,0,0,11,238.676,0,0,62.5,0
11,stage_arrival,3,S27,0,switch,0,51709,85,0,0,11,119.129,0,0,59.5645,0
11,stage_arrival_coalesce,0,S00,5,terminal,0,51713,64,0,0,11,1000,0,0,50.826,0
11,stage_arrival,6,S02,0,switch,1,51708,23,0,0,11,138.732,0,0,31.9456,0
11,stage_arrival,20,S15,4,switch,32,51707,40,0,0,11,143.593,0,0,50.826,0
11,stage_arrival_coalesce,0,S00,5,terminal,0,51711,88,0,0,11,1000,0,0,50.826,0
11,stage_arrival,10,S61,0,switch,1,51705,38,0,0,11,227.172,0,0,31.9456,0
11,stage_arrival,10,S61,0,switch,1,51703,20,0,0,11,227.172,0,0,31.9456,0
11,stage_arrival_coalesce,0,S00,5,terminal,0,51703,20,0,0,11,1000,0,0,35.3483,0
11,stage_arrival,37,S32,0,switch,0,51702,110,0,0,11,103.31,0,0,51.655,0
11,stage_arrival,44,S23,0,switch,43,51711,88,0,0,11,211.017,0,0,50.826,0
11,stage_arrival,15,S05,0,switch,12,51701,30,0,0,11,134.869,0,0,31.9456,0
11,stage_arrival_coalesce,0,S00,5,terminal,0,51715,98,0,0,11,1000,0,0,50.826,0
11,stage_arrival,47,S25,2,switch,4,51704,94,0,0,11,166.312,0,0,62.5,0
11,stage_arrival,11,S03,0,switch,6,51708,23,0,0,11,132.338,0,0,31.9456,0
11,stage_arrival,5,S63,0,switch,0,51700,63,0,0,11,259.679,0,0,62.5,0
11,stage_arrival,43,S22,0,switch,0,51707,40,0,0,11,203.304,0,0,50.826,0
11,stage_arrival,35,S17,2,switch,37,51712,72,0,0,11,246.878,0,0,51.655,0
11,stage_arrival,0,S00,5,terminal,0,51702,110,0,0,11,1000,0,0,50,0
11,stage_arrival,56,S36,2,switch,4,51714,35,0,0,11,112.305,0,0,62.5,0
11,stage_arrival_coalesce,6,S02,0,switch,1,51701,30,0,0,11,138.732,0,0,95.8368,0
11,stage_arrival,1,S01,0,switch,0,51701,30,0,0,11,159.728,0,0,31.9456,0
11,stage_arrival_coalesce,0,S00,5,terminal,0,51710,48,0,0,11,1000,0,0,59.5645,0
11,stage_arrival_coalesce,0,S00,5,terminal,0,51706,21,0,0,11,1000,0,0,35.3483,0
11,stage_arrival,0,S00,5,terminal,0,51705,38,0,0,11,1000,0,0,17.0136,0
11,stage_arrival_coalesce,0,S00,5,terminal,0,51707,40,0,0,11,1000,0,0,50.826,0
11,stage_arrival_coalesce,0,S00,5,terminal,0,51705,38,0,0,11,1000,0,0,35.3483,0
11,stage_arrival_coalesce,0,S00,5,terminal,0,51709,85,0,0,11,1000,0,0,59.5645,0
11,stage_arrival,0,S00,5,terminal,0,51701,30,0,0,11,1000,0,0,18.3347,0
11,stage_arrival,24,S08,0,switch,22,51710,48,0,0,11,182.424,0,0,59.5645,0
11,stage_arrival_coalesce,0,S00,5,terminal,0,51708,23,0,0,11,1000,0,0,35.3483,0
11,stage_arrival_coalesce,0,S00,5,terminal,0,51702,110,0,0,11,1000,0,0,51.655,0
11,stage_arrival,32,S21,1,switch,43,51707,40,0,0,11,261.425,0,0,50.826,0
11,stage_arrival,1,S01,0,switch,0,51705,38,0,0,11,159.728,0,0,31.9456,0
11,stage_arrival,43,S22,0,switch,0,51711,88,0,0,11,203.304,0,0,50.826,0
11,stage_arrival,32,S21,1,switch,43,51713,64,0,0,11,261.425,0,0,50.826,0
11,stage_arrival,3,S27,0,switch,0,51710,48,0,0,11,119.129,0,0,59.5645,0
11,allocate_send_arrival,26,S33,0,switch,3,51710,48,0,0,11,174.708,0,59.5645,0,0
11,allocate_send_arrival,5,S63,0,switch,0,51700,63,0,0,11,259.679,0,62.5,0,0
11,allocate_send_arrival,0,S00,5,terminal,0,51712,72,0,0,11,1000,0,51.655,0,0
11,allocate_send_arrival,0,S00,5,terminal,0,51703,20,0,0,11,1000,0,35.3483,0,0
11,allocate_send_arrival,0,S00,5,terminal,0,51714,35,0,0,11,1000,0,62.5,2.18279e-14,0
11,allocate_send_arrival,0,S00,5,terminal,0,51709,85,0,0,11,1000,0,59.5645,0,0
11,allocate_send_arrival,0,S00,5,terminal,0,51700,63,0,0,11,1000,0,62.5,2.18279e-14,0
11,allocate_send_arrival,0,S00,5,terminal,0,51715,98,0,0,11,1000,0,50.826,0,0
11,allocate_send_arrival,0,S00,5,terminal,0,51711,88,0,0,11,1000,0,50.826,0,0
11,allocate_send_arrival,0,S00,5,terminal,0,51713,64,0,0,11,1000,0,50.826,0,0
11,allocate_send_arrival,0,S00,5,terminal,0,51707,40,0,0,11,1000,0,50.826,0,0
11,allocate_send_arrival,0,S00,5,terminal,0,51706,21,0,0,11,1000,0,35.3483,0,0
11,allocate_send_arrival,0,S00,5,terminal,0,51708,23,0,0,11,1000,0,35.3483,0,0
11,allocate_send_arrival,0,S00,5,terminal,0,51710,48,0,0,11,1000,0,59.5645,0,0
11,allocate_send_arrival,0,S00,5,terminal,0,51704,94,0,0,11,1000,0,62.5,2.18279e-14,0
11,allocate_send_arrival,0,S00,5,terminal,0,51702,110,0,0,11,1000,0,51.655,0,0
11,allocate_send_arrival,0,S00,5,terminal,0,51705,38,0,0,11,1000,0,35.3483,0,0
11,allocate_send_arrival,0,S00,5,terminal,0,51701,30,0,0,11,1000,0,18.3347,0,0
11,allocate_send_arrival,4,S37,0,switch,0,51704,94,0,0,11,203.508,0,62.5,0,0
11,allocate_send_arrival,4,S37,0,switch,0,51714,35,0,0,11,203.508,0,62.5,0,0
11,allocate_send_arrival,6,S02,0,switch,1,51701,30,0,0,11,138.732,0,95.8368,0,0
11,allocate_send_arrival,6,S02,0,switch,1,51708,23,0,0,11,138.732,0,31.9456,0,0
11,allocate_send_arrival,3,S27,0,switch,0,51709,85,0,0,11,119.129,0,9.5645,50,0
11,enqueue_residual,3,S27,0,switch,0,51709,85,0,0,11,119.129,0,0,50,0
11,allocate_send_arrival,3,S27,0,switch,0,51710,48,0,0,11,119.129,0,9.5645,50,0
11,enqueue_residual,3,S27,0,switch,0,51710,48,0,0,11,119.129,0,0,50,0
11,allocate_send_arrival,35,S17,2,switch,37,51712,72,0,0,11,246.878,0,51.655,0,0
11,allocate_send_arrival,49,S26,0,switch,43,51715,98,0,0,11,126.404,0,50.826,0,0
11,allocate_send_arrival,31,S62,3,switch,5,51700,63,0,0,11,238.676,0,62.5,0,0
11,allocate_send_arrival,42,S20,2,switch,3,51709,85,0,0,11,251.806,0,59.5645,0,0
11,allocate_send_arrival,43,S22,0,switch,0,51713,64,0,0,11,203.304,0,25.826,25,0
11,enqueue_residual,43,S22,0,switch,0,51713,64,0,0,11,203.304,0,0,25,0
11,allocate_send_arrival,43,S22,0,switch,0,51715,98,0,0,11,203.304,0,25.826,25,0
11,enqueue_residual,43,S22,0,switch,0,51715,98,0,0,11,203.304,0,0,25,0
11,allocate_send_arrival,43,S22,0,switch,0,51707,40,0,0,11,203.304,0,25.826,25,0
11,enqueue_residual,43,S22,0,switch,0,51707,40,0,0,11,203.304,0,0,25,0
11,allocate_send_arrival,43,S22,0,switch,0,51711,88,0,0,11,203.304,0,25.826,25,0
11,enqueue_residual,43,S22,0,switch,0,51711,88,0,0,11,203.304,0,0,25,0
11,allocate_send_arrival,12,S04,0,switch,6,51701,30,0,0,11,184.169,0,31.9456,0,0
11,allocate_send_arrival,44,S23,0,switch,43,51711,88,0,0,11,211.017,0,50.826,0,0
11,allocate_send_arrival,24,S08,0,switch,22,51710,48,0,0,11,182.424,0,59.5645,0,0
11,allocate_send_arrival,47,S25,2,switch,4,51704,94,0,0,11,166.312,0,62.5,0,0
11,allocate_send_arrival,11,S03,0,switch,6,51708,23,0,0,11,132.338,0,31.9456,0,0
11,allocate_send_arrival,19,S06,3,switch,10,51705,38,0,0,11,169.014,0,31.9456,0,0
11,allocate_send_arrival,10,S61,0,switch,1,51706,21,0,0,11,227.172,0,31.9456,3.63798e-15,0
11,allocate_send_arrival,10,S61,0,switch,1,51705,38,0,0,11,227.172,0,31.9456,3.63798e-15,0
11,allocate_send_arrival,10,S61,0,switch,1,51703,20,0,0,11,227.172,0,31.9456,3.63798e-15,0
11,allocate_send_arrival,15,S05,0,switch,12,51701,30,0,0,11,134.869,0,31.9456,0,0
11,allocate_send_arrival,22,S07,3,switch,26,51710,48,0,0,11,124.406,0,59.5645,0,0
11,allocate_send_arrival,32,S21,1,switch,43,51707,40,0,0,11,261.425,0,50.826,0,0
11,allocate_send_arrival,32,S21,1,switch,43,51713,64,0,0,11,261.425,0,50.826,0,0
11,allocate_send_arrival,1,S01,0,switch,0,51708,23,0,0,11,159.728,0,11.9456,20,0
11,enqueue_residual,1,S01,0,switch,0,51708,23,0,0,11,159.728,0,0,20,0
11,allocate_send_arrival,1,S01,0,switch,0,51706,21,0,0,11,159.728,0,11.9456,20,0
11,enqueue_residual,1,S01,0,switch,0,51706,21,0,0,11,159.728,0,0,20,0
11,allocate_send_arrival,1,S01,0,switch,0,51703,20,0,0,11,159.728,0,11.9456,20,0
11,enqueue_residual,1,S01,0,switch,0,51703,20,0,0,11,159.728,0,0,20,0
11,allocate_send_arrival,1,S01,0,switch,0,51701,30,0,0,11,159.728,0,11.9456,20,0
11,enqueue_residual,1,S01,0,switch,0,51701,30,0,0,11,159.728,0,0,20,0
11,allocate_send_arrival,1,S01,0,switch,0,51705,38,0,0,11,159.728,0,11.9456,20,0
11,enqueue_residual,1,S01,0,switch,0,51705,38,0,0,11,159.728,0,0,20,0
11,allocate_send_arrival,55,S60,1,switch,37,51702,110,0,0,11,243.133,0,51.655,0,0
11,allocate_send_arrival,56,S36,2,switch,4,51714,35,0,0,11,112.305,0,62.5,0,0
11,allocate_send_arrival,36,S18,0,switch,35,51712,72,0,0,11,247.316,0,51.655,0,0
11,allocate_send_arrival,37,S32,0,switch,0,51712,72,0,0,11,103.31,0,1.655,50,0
11,enqueue_residual,37,S32,0,switch,0,51712,72,0,0,11,103.31,0,0,50,0
11,allocate_send_arrival,37,S32,0,switch,0,51702,110,0,0,11,103.31,0,1.655,50,0
11,enqueue_residual,37,S32,0,switch,0,51702,110,0,0,11,103.31,0,0,50,0
11,allocate_send_arrival,20,S15,4,switch,32,51707,40,0,0,11,143.593,0,50.826,0,0
11,allocate_send_arrival,17,S35,1,switch,56,51714,35,0,0,11,252.252,0,62.5,0,0
12,allocate_send_buffered,43,S22,0,switch,0,51713,64,0,0,12,203.304,100,25,0,0
12,allocate_send_buffered,43,S22,0,switch,0,51715,98,0,0,12,203.304,100,25,0,0
12,allocate_send_buffered,43,S22,0,switch,0,51707,40,0,0,12,203.304,100,25,0,0
12,allocate_send_buffered,43,S22,0,switch,0,51711,88,0,0,12,203.304,100,25,0,0
12,allocate_send_buffered,1,S01,0,switch,0,51708,23,0,0,12,159.728,100,20,7.27596e-15,0
12,allocate_send_buffered,1,S01,0,switch,0,51706,21,0,0,12,159.728,100,20,0,0
12,allocate_send_buffered,1,S01,0,switch,0,51703,20,0,0,12,159.728,100,20,0,0
12,allocate_send_buffered,1,S01,0,switch,0,51701,30,0,0,12,159.728,100,20,7.27596e-15,0
12,allocate_send_buffered,1,S01,0,switch,0,51705,38,0,0,12,159.728,100,20,0,0
12,allocate_send_buffered,37,S32,0,switch,0,51712,72,0,0,12,103.31,100,50,0,0
12,allocate_send_buffered,37,S32,0,switch,0,51702,110,0,0,12,103.31,100,50,0,0
12,allocate_send_buffered,3,S27,0,switch,0,51709,85,0,0,12,119.129,100,50,0,0
12,allocate_send_buffered,3,S27,0,switch,0,51710,48,0,0,12,119.129,100,50,0,0
12,stage_arrival,0,S00,5,terminal,0,51713,64,0,0,12,1000,0,0,25.826,0
12,stage_arrival,44,S23,0,switch,43,51711,88,0,0,12,211.017,0,0,50.826,0
12,stage_arrival,43,S22,0,switch,0,51713,64,0,0,12,203.304,0,0,50.826,0
12,stage_arrival,3,S27,0,switch,0,51710,48,0,0,12,119.129,0,0,59.5645,0
12,stage_arrival,0,S00,5,terminal,0,51715,98,0,0,12,1000,0,0,25.826,0
12,stage_arrival,0,S00,5,terminal,0,51710,48,0,0,12,1000,0,0,9.5645,0
12,stage_arrival,32,S21,1,switch,43,51713,64,0,0,12,261.425,0,0,50.826,0
12,stage_arrival,26,S33,0,switch,3,51710,48,0,0,12,174.708,0,0,59.5645,0
12,stage_arrival,0,S00,5,terminal,0,51714,35,0,0,12,1000,0,0,62.5,0
12,stage_arrival,0,S00,5,terminal,0,51703,20,0,0,12,1000,0,0,11.9456,0
12,stage_arrival,31,S62,3,switch,5,51700,63,0,0,12,238.676,0,0,62.5,0
12,stage_arrival,42,S20,2,switch,3,51709,85,0,0,12,251.806,0,0,59.5645,0
12,stage_arrival,0,S00,5,terminal,0,51705,38,0,0,12,1000,0,0,11.9456,0
12,stage_arrival,43,S22,0,switch,0,51707,40,0,0,12,203.304,0,0,50.826,0
12,stage_arrival,1,S01,0,switch,0,51708,23,0,0,12,159.728,0,0,31.9456,0
12,stage_arrival,0,S00,5,terminal,0,51708,23,0,0,12,1000,0,0,11.9456,0
12,stage_arrival,4,S37,0,switch,0,51704,94,0,0,12,203.508,0,0,62.5,0
12,stage_arrival,0,S00,5,terminal,0,51711,88,0,0,12,1000,0,0,25,0
12,stage_arrival,32,S21,1,switch,43,51707,40,0,0,12,261.425,0,0,50.826,0
12,stage_arrival,0,S00,5,terminal,0,51709,85,0,0,12,1000,0,0,50,0
12,stage_arrival,10,S61,0,switch,1,51706,21,0,0,12,227.172,0,0,31.9456,0
12,stage_arrival_coalesce,0,S00,5,terminal,0,51710,48,0,0,12,1000,0,0,59.5645,0
12,stage_arrival,0,S00,5,terminal,0,51707,40,0,0,12,1000,0,0,25,0
12,stage_arrival,47,S25,2,switch,4,51704,94,0,0,12,166.312,0,0,62.5,0
12,stage_arrival,22,S07,3,switch,26,51710,48,0,0,12,124.406,0,0,59.5645,0
12,stage_arrival_coalesce,0,S00,5,terminal,0,51703,20,0,0,12,1000,0,0,25.5565,0
12,stage_arrival,0,S00,5,terminal,0,51712,72,0,0,12,1000,0,0,50,0
12,stage_arrival,4,S37,0,switch,0,51714,35,0,0,12,203.508,0,0,62.5,0
12,stage_arrival,1,S01,0,switch,0,51706,21,0,0,12,159.728,0,0,31.9456,0
12,stage_arrival,35,S17,2,switch,37,51712,72,0,0,12,246.878,0,0,51.655,0
12,stage_arrival,37,S32,0,switch,0,51702,110,0,0,12,103.31,0,0,51.655,0
12,stage_arrival,10,S61,0,switch,1,51703,20,0,0,12,227.172,0,0,31.9456,0
12,stage_arrival_coalesce,0,S00,5,terminal,0,51705,38,0,0,12,1000,0,0,25.5565,0
12,stage_arrival,1,S01,0,switch,0,51703,20,0,0,12,159.728,0,0,31.9456,0
12,stage_arrival,0,S00,5,terminal,0,51701,30,0,0,12,1000,0,0,11.9456,0
12,stage_arrival,15,S05,0,switch,12,51701,30,0,0,12,134.869,0,0,31.9456,0
12,stage_arrival,56,S36,2,switch,4,51714,35,0,0,12,112.305,0,0,62.5,0
12,stage_arrival_coalesce,0,S00,5,terminal,0,51715,98,0,0,12,1000,0,0,50.826,0
12,stage_arrival,24,S08,0,switch,22,51710,48,0,0,12,182.424,0,0,59.5645,0
12,stage_arrival,0,S00,5,terminal,0,51702,110,0,0,12,1000,0,0,50,0
12,stage_arrival,19,S06,3,switch,10,51705,38,0,0,12,169.014,0,0,31.9456,0
12,stage_arrival_coalesce,0,S00,5,terminal,0,51707,40,0,0,12,1000,0,0,50.826,0
12,stage_arrival,17,S35,1,switch,56,51714,35,0,0,12,252.252,0,0,62.5,0
12,stage_arrival,1,S01,0,switch,0,51705,38,0,0,12,159.728,0,0,31.9456,0
12,stage_arrival,0,S00,5,terminal,0,51700,63,0,0,12,1000,0,0,62.5,0
12,stage_arrival,43,S22,0,switch,0,51715,98,0,0,12,203.304,0,0,50.826,0
12,stage_arrival_coalesce,0,S00,5,terminal,0,51701,30,0,0,12,1000,0,0,58.4886,0
12,stage_arrival,0,S00,5,terminal,0,51704,94,0,0,12,1000,0,0,62.5,0
12,stage_arrival,36,S18,0,switch,35,51712,72,0,0,12,247.316,0,0,51.655,0
12,stage_arrival_coalesce,0,S00,5,terminal,0,51708,23,0,0,12,1000,0,0,38.1808,0
12,stage_arrival,6,S02,0,switch,1,51701,30,0,0,12,138.732,0,0,31.9456,0
12,stage_arrival_coalesce,0,S00,5,terminal,0,51712,72,0,0,12,1000,0,0,51.655,0
12,stage_arrival,20,S15,4,switch,32,51707,40,0,0,12,143.593,0,0,50.826,0
12,stage_arrival_coalesce,0,S00,5,terminal,0,51713,64,0,0,12,1000,0,0,50.826,0
12,stage_arrival,5,S63,0,switch,0,51700,63,0,0,12,259.679,0,0,62.5,0
12,stage_arrival,1,S01,0,switch,0,51701,30,0,0,12,159.728,0,0,95.8368,0
12,stage_arrival,37,S32,0,switch,0,51712,72,0,0,12,103.31,0,0,51.655,0
12,stage_arrival,55,S60,1,switch,37,51702,110,0,0,12,243.133,0,0,51.655,0
12,stage_arrival_coalesce,0,S00,5,terminal,0,51711,88,0,0,12,1000,0,0,50.826,0
12,stage_arrival,0,S00,5,terminal,0,51706,21,0,0,12,1000,0,0,11.9456,0
12,stage_arrival_coalesce,0,S00,5,terminal,0,51709,85,0,0,12,1000,0,0,59.5645,0
12,stage_arrival,10,S61,0,switch,1,51705,38,0,0,12,227.172,0,0,31.9456,0
12,stage_arrival,11,S03,0,switch,6,51708,23,0,0,12,132.338,0,0,31.9456,0
12,stage_arrival,49,S26,0,switch,43,51715,98,0,0,12,126.404,0,0,50.826,0
12,stage_arrival,6,S02,0,switch,1,51708,23,0,0,12,138.732,0,0,31.9456,0
12,stage_arrival_coalesce,0,S00,5,terminal,0,51702,110,0,0,12,1000,0,0,51.655,0
12,stage_arrival,12,S04,0,switch,6,51701,30,0,0,12,184.169,0,0,31.9456,0
12,stage_arrival,3,S27,0,switch,0,51709,85,0,0,12,119.129,0,0,59.5645,0
12,stage_arrival,43,S22,0,switch,0,51711,88,0,0,12,203.304,0,0,50.826,0
12,allocate_send_arrival,42,S20,2,switch,3,51709,85,0,0,12,251.806,0,59.5645,0,0
12,allocate_send_arrival,43,S22,0,switch,0,51713,64,0,0,12,203.304,0,25.826,25,0
12,enqueue_residual,43,S22,0,switch,0,51713,64,0,0,12,203.304,0,0,25,0
12,allocate_send_arrival,43,S22,0,switch,0,51707,40,0,0,12,203.304,0,25.826,25,0
12,enqueue_residual,43,S22,0,switch,0,51707,40,0,0,12,203.304,0,0,25,0
12,allocate_send_arrival,43,S22,0,switch,0,51715,98,0,0,12,203.304,0,25.826,25,0
12,enqueue_residual,43,S22,0,switch,0,51715,98,0,0,12,203.304,0,0,25,0
12,allocate_send_arrival,43,S22,0,switch,0,51711,88,0,0,12,203.304,0,25.826,25,0
12,enqueue_residual,43,S22,0,switch,0,51711,88,0,0,12,203.304,0,0,25,0
12,allocate_send_arrival,4,S37,0,switch,0,51704,94,0,0,12,203.508,0,62.5,0,0
12,allocate_send_arrival,4,S37,0,switch,0,51714,35,0,0,12,203.508,0,62.5,0,0
12,allocate_send_arrival,15,S05,0,switch,12,51701,30,0,0,12,134.869,0,31.9456,0,0
12,allocate_send_arrival,22,S07,3,switch,26,51710,48,0,0,12,124.406,0,59.5645,0,0
12,allocate_send_arrival,6,S02,0,switch,1,51701,30,0,0,12,138.732,0,31.9456,0,0
12,allocate_send_arrival,6,S02,0,switch,1,51708,23,0,0,12,138.732,0,31.9456,0,0
12,allocate_send_arrival,11,S03,0,switch,6,51708,23,0,0,12,132.338,0,31.9456,0,0
12,allocate_send_arrival,26,S33,0,switch,3,51710,48,0,0,12,174.708,0,59.5645,0,0
12,allocate_send_arrival,32,S21,1,switch,43,51713,64,0,0,12,261.425,0,50.826,0,0
12,allocate_send_arrival,32,S21,1,switch,43,51707,40,0,0,12,261.425,0,50.826,0,0
12,allocate_send_arrival,47,S25,2,switch,4,51704,94,0,0,12,166.312,0,62.5,0,0
12,allocate_send_arrival,10,S61,0,switch,1,51706,21,0,0,12,227.172,0,31.9456,3.63798e-15,0
12,allocate_send_arrival,10,S61,0,switch,1,51703,20,0,0,12,227.172,0,31.9456,3.63798e-15,0
12,allocate_send_arrival,10,S61,0,switch,1,51705,38,0,0,12,227.172,0,31.9456,3.63798e-15,0
12,allocate_send_arrival,37,S32,0,switch,0,51702,110,0,0,12,103.31,0,1.655,50,0
12,enqueue_residual,37,S32,0,switch,0,51702,110,0,0,12,103.31,0,0,50,0
12,allocate_send_arrival,37,S32,0,switch,0,51712,72,0,0,12,103.31,0,1.655,50,0
12,enqueue_residual,37,S32,0,switch,0,51712,72,0,0,12,103.31,0,0,50,0
12,allocate_send_arrival,35,S17,2,switch,37,51712,72,0,0,12,246.878,0,51.655,0,0
12,allocate_send_arrival,31,S62,3,switch,5,51700,63,0,0,12,238.676,0,62.5,0,0
12,allocate_send_arrival,1,S01,0,switch,0,51708,23,0,0,12,159.728,0,11.9456,20,0
12,enqueue_residual,1,S01,0,switch,0,51708,23,0,0,12,159.728,0,0,20,0
12,allocate_send_arrival,1,S01,0,switch,0,51706,21,0,0,12,159.728,0,11.9456,20,0
12,enqueue_residual,1,S01,0,switch,0,51706,21,0,0,12,159.728,0,0,20,0
12,allocate_send_arrival,1,S01,0,switch,0,51703,20,0,0,12,159.728,0,11.9456,20,0
12,enqueue_residual,1,S01,0,switch,0,51703,20,0,0,12,159.728,0,0,20,0
12,allocate_send_arrival,1,S01,0,switch,0,51705,38,0,0,12,159.728,0,11.9456,20,0
12,enqueue_residual,1,S01,0,switch,0,51705,38,0,0,12,159.728,0,0,20,0
12,allocate_send_arrival,1,S01,0,switch,0,51701,30,0,0,12,159.728,0,11.9456,83.8912,0
12,enqueue_residual,1,S01,0,switch,0,51701,30,0,0,12,159.728,0,0,20,0
12,drop_shared_buffer_overflow,1,S01,0,switch,0,51701,30,0,0,12,159.728,0,0,0,63.8912
12,allocate_send_arrival,24,S08,0,switch,22,51710,48,0,0,12,182.424,0,59.5645,0,0
12,allocate_send_arrival,3,S27,0,switch,0,51710,48,0,0,12,119.129,0,9.5645,50,0
12,enqueue_residual,3,S27,0,switch,0,51710,48,0,0,12,119.129,0,0,50,0
12,allocate_send_arrival,3,S27,0,switch,0,51709,85,0,0,12,119.129,0,9.5645,50,0
12,enqueue_residual,3,S27,0,switch,0,51709,85,0,0,12,119.129,0,0,50,0
12,allocate_send_arrival,56,S36,2,switch,4,51714,35,0,0,12,112.305,0,62.5,0,0
12,allocate_send_arrival,55,S60,1,switch,37,51702,110,0,0,12,243.133,0,51.655,0,0
12,allocate_send_arrival,12,S04,0,switch,6,51701,30,0,0,12,184.169,0,31.9456,0,0
12,allocate_send_arrival,36,S18,0,switch,35,51712,72,0,0,12,247.316,0,51.655,0,0
12,allocate_send_arrival,17,S35,1,switch,56,51714,35,0,0,12,252.252,0,62.5,0,0
12,allocate_send_arrival,20,S15,4,switch,32,51707,40,0,0,12,143.593,0,50.826,0,0
12,allocate_send_arrival,44,S23,0,switch,43,51711,88,0,0,12,211.017,0,50.826,0,0
12,allocate_send_arrival,0,S00,5,terminal,0,51713,64,0,0,12,1000,0,50.826,0,0
12,allocate_send_arrival,0,S00,5,terminal,0,51715,98,0,0,12,1000,0,50.826,0,0
12,allocate_send_arrival,0,S00,5,terminal,0,51710,48,0,0,12,1000,0,59.5645,0,0
12,allocate_send_arrival,0,S00,5,terminal,0,51714,35,0,0,12,1000,0,62.5,4.36557e-14,0
12,allocate_send_arrival,0,S00,5,terminal,0,51703,20,0,0,12,1000,0,25.5565,0,0
12,allocate_send_arrival,0,S00,5,terminal,0,51705,38,0,0,12,1000,0,25.5565,0,0
12,allocate_send_arrival,0,S00,5,terminal,0,51708,23,0,0,12,1000,0,38.1808,0,0
12,allocate_send_arrival,0,S00,5,terminal,0,51711,88,0,0,12,1000,0,50.826,0,0
12,allocate_send_arrival,0,S00,5,terminal,0,51709,85,0,0,12,1000,0,59.5645,0,0
12,allocate_send_arrival,0,S00,5,terminal,0,51707,40,0,0,12,1000,0,50.826,0,0
12,allocate_send_arrival,0,S00,5,terminal,0,51712,72,0,0,12,1000,0,51.655,0,0
12,allocate_send_arrival,0,S00,5,terminal,0,51701,30,0,0,12,1000,0,58.4886,0,0
12,allocate_send_arrival,0,S00,5,terminal,0,51702,110,0,0,12,1000,0,51.655,0,0
12,allocate_send_arrival,0,S00,5,terminal,0,51700,63,0,0,12,1000,0,62.5,4.36557e-14,0
12,allocate_send_arrival,0,S00,5,terminal,0,51704,94,0,0,12,1000,0,62.5,4.36557e-14,0
12,allocate_send_arrival,0,S00,5,terminal,0,51706,21,0,0,12,1000,0,11.9456,0,0
12,allocate_send_arrival,19,S06,3,switch,10,51705,38,0,0,12,169.014,0,31.9456,0,0
12,allocate_send_arrival,49,S26,0,switch,43,51715,98,0,0,12,126.404,0,50.826,0,0
12,allocate_send_arrival,5,S63,0,switch,0,51700,63,0,0,12,259.679,0,62.5,0,0
13,allocate_send_buffered,37,S32,0,switch,0,51702,110,0,0,13,103.31,100,50,0,0
13,allocate_send_buffered,37,S32,0,switch,0,51712,72,0,0,13,103.31,100,50,0,0
13,allocate_send_buffered,43,S22,0,switch,0,51713,64,0,0,13,203.304,100,25,0,0
13,allocate_send_buffered,43,S22,0,switch,0,51707,40,0,0,13,203.304,100,25,0,0
13,allocate_send_buffered,43,S22,0,switch,0,51715,98,0,0,13,203.304,100,25,0,0
13,allocate_send_buffered,43,S22,0,switch,0,51711,88,0,0,13,203.304,100,25,0,0
13,allocate_send_buffered,1,S01,0,switch,0,51708,23,0,0,13,159.728,100,20,0,0
13,allocate_send_buffered,1,S01,0,switch,0,51706,21,0,0,13,159.728,100,20,0,0
13,allocate_send_buffered,1,S01,0,switch,0,51703,20,0,0,13,159.728,100,20,0,0
13,allocate_send_buffered,1,S01,0,switch,0,51705,38,0,0,13,159.728,100,20,0,0
13,allocate_send_buffered,1,S01,0,switch,0,51701,30,0,0,13,159.728,100,20,4.36557e-14,0
13,allocate_send_buffered,3,S27,0,switch,0,51710,48,0,0,13,119.129,100,50,0,0
13,allocate_send_buffered,3,S27,0,switch,0,51709,85,0,0,13,119.129,100,50,0,0
13,stage_arrival,11,S03,0,switch,6,51708,23,0,0,13,132.338,0,0,31.9456,0
13,stage_arrival,32,S21,1,switch,43,51713,64,0,0,13,261.425,0,0,50.826,0
13,stage_arrival,0,S00,5,terminal,0,51713,64,0,0,13,1000,0,0,25.826,0
13,stage_arrival,5,S63,0,switch,0,51700,63,0,0,13,259.679,0,0,62.5,0
13,stage_arrival,0,S00,5,terminal,0,51708,23,0,0,13,1000,0,0,20,0
13,stage_arrival,43,S22,0,switch,0,51715,98,0,0,13,203.304,0,0,50.826,0
13,stage_arrival,4,S37,0,switch,0,51704,94,0,0,13,203.508,0,0,62.5,0
13,stage_arrival,0,S00,5,terminal,0,51712,72,0,0,13,1000,0,0,50,0
13,stage_arrival,43,S22,0,switch,0,51711,88,0,0,13,203.304,0,0,50.826,0
13,stage_arrival,32,S21,1,switch,43,51707,40,0,0,13,261.425,0,0,50.826,0
13,stage_arrival,0,S00,5,terminal,0,51709,85,0,0,13,1000,0,0,9.5645,0
13,stage_arrival,47,S25,2,switch,4,51704,94,0,0,13,166.312,0,0,62.5,0
13,stage_arrival,0,S00,5,terminal,0,51706,21,0,0,13,1000,0,0,20,0
13,stage_arrival,0,S00,5,terminal,0,51714,35,0,0,13,1000,0,0,62.5,0
13,stage_arrival_coalesce,0,S00,5,terminal,0,51712,72,0,0,13,1000,0,0,51.655,0
13,stage_arrival,0,S00,5,terminal,0,51715,98,0,0,13,1000,0,0,25.826,0
13,stage_arrival,0,S00,5,terminal,0,51702,110,0,0,13,1000,0,0,50,0
13,stage_arrival_coalesce,0,S00,5,terminal,0,51715,98,0,0,13,1000,0,0,50.826,0
13,stage_arrival,0,S00,5,terminal,0,51705,38,0,0,13,1000,0,0,11.9456,0
13,stage_arrival,10,S61,0,switch,1,51705,38,0,0,13,227.172,0,0,31.9456,0
13,stage_arrival,36,S18,0,switch,35,51712,72,0,0,13,247.316,0,0,51.655,0
13,stage_arrival,17,S35,1,switch,56,51714,35,0,0,13,252.252,0,0,62.5,0
13,stage_arrival,1,S01,0,switch,0,51703,20,0,0,13,159.728,0,0,31.9456,0
13,stage_arrival,0,S00,5,terminal,0,51707,40,0,0,13,1000,0,0,25.826,0
13,stage_arrival,37,S32,0,switch,0,51712,72,0,0,13,103.31,0,0,51.655,0
13,stage_arrival,42,S20,2,switch,3,51709,85,0,0,13,251.806,0,0,59.5645,0
13,stage_arrival,1,S01,0,switch,0,51705,38,0,0,13,159.728,0,0,31.9456,0
13,stage_arrival,24,S08,0,switch,22,51710,48,0,0,13,182.424,0,0,59.5645,0
13,stage_arrival,22,S07,3,switch,26,51710,48,0,0,13,124.406,0,0,59.5645,0
13,stage_arrival,44,S23,0,switch,43,51711,88,0,0,13,211.017,0,0,50.826,0
13,stage_arrival,0,S00,5,terminal,0,51711,88,0,0,13,1000,0,0,25,0
13,stage_arrival,3,S27,0,switch,0,51710,48,0,0,13,119.129,0,0,59.5645,0
13,stage_arrival,6,S02,0,switch,1,51708,23,0,0,13,138.732,0,0,31.9456,0
13,stage_arrival,1,S01,0,switch,0,51706,21,0,0,13,159.728,0,0,31.9456,0
13,stage_arrival_coalesce,0,S00,5,terminal,0,51706,21,0,0,13,1000,0,0,31.9456,0
13,stage_arrival,4,S37,0,switch,0,51714,35,0,0,13,203.508,0,0,62.5,0
13,stage_arrival,0,S00,5,terminal,0,51700,63,0,0,13,1000,0,0,62.5,0
13,stage_arrival,10,S61,0,switch,1,51706,21,0,0,13,227.172,0,0,31.9456,0
13,stage_arrival_coalesce,0,S00,5,terminal,0,51705,38,0,0,13,1000,0,0,31.9456,0
13,stage_arrival,0,S00,5,terminal,0,51704,94,0,0,13,1000,0,0,62.5,0
13,stage_arrival,0,S00,5,terminal,0,51710,48,0,0,13,1000,0,0,9.5645,0
13,stage_arrival,1,S01,0,switch,0,51701,30,0,0,13,159.728,0,0,31.9456,0
13,stage_arrival,43,S22,0,switch,0,51707,40,0,0,13,203.304,0,0,50.826,0
13,stage_arrival,1,S01,0,switch,0,51708,23,0,0,13,159.728,0,0,31.9456,0
13,stage_arrival,12,S04,0,switch,6,51701,30,0,0,13,184.169,0,0,31.9456,0
13,stage_arrival_coalesce,0,S00,5,terminal,0,51713,64,0,0,13,1000,0,0,50.826,0
13,stage_arrival,43,S22,0,switch,0,51713,64,0,0,13,203.304,0,0,50.826,0
13,stage_arrival,6,S02,0,switch,1,51701,30,0,0,13,138.732,0,0,31.9456,0
13,stage_arrival_coalesce,0,S00,5,terminal,0,51708,23,0,0,13,1000,0,0,31.9456,0
13,stage_arrival,10,S61,0,switch,1,51703,20,0,0,13,227.172,0,0,31.9456,0
13,stage_arrival,15,S05,0,switch,12,51701,30,0,0,13,134.869,0,0,31.9456,0
13,stage_arrival,3,S27,0,switch,0,51709,85,0,0,13,119.129,0,0,59.5645,0
13,stage_arrival,49,S26,0,switch,43,51715,98,0,0,13,126.404,0,0,50.826,0
13,stage_arrival,0,S00,5,terminal,0,51703,20,0,0,13,1000,0,0,11.9456,0
13,stage_arrival_coalesce,0,S00,5,terminal,0,51710,48,0,0,13,1000,0,0,59.5645,0
13,stage_arrival_coalesce,0,S00,5,terminal,0,51711,88,0,0,13,1000,0,0,50.826,0
13,stage_arrival_coalesce,0,S00,5,terminal,0,51707,40,0,0,13,1000,0,0,50.826,0
13,stage_arrival,0,S00,5,terminal,0,51701,30,0,0,13,1000,0,0,20,0
13,stage_arrival,55,S60,1,switch,37,51702,110,0,0,13,243.133,0,0,51.655,0
13,stage_arrival,19,S06,3,switch,10,51705,38,0,0,13,169.014,0,0,31.9456,0
13,stage_arrival_coalesce,0,S00,5,terminal,0,51703,20,0,0,13,1000,0,0,31.9456,0
13,stage_arrival,26,S33,0,switch,3,51710,48,0,0,13,174.708,0,0,59.5645,0
13,stage_arrival_coalesce,0,S00,5,terminal,0,51701,30,0,0,13,1000,0,0,31.9456,0
13,stage_arrival,37,S32,0,switch,0,51702,110,0,0,13,103.31,0,0,51.655,0
13,stage_arrival,56,S36,2,switch,4,51714,35,0,0,13,112.305,0,0,62.5,0
13,stage_arrival_coalesce,0,S00,5,terminal,0,51702,110,0,0,13,1000,0,0,51.655,0
13,stage_arrival,35,S17,2,switch,37,51712,72,0,0,13,246.878,0,0,51.655,0
13,stage_arrival,31,S62,3,switch,5,51700,63,0,0,13,238.676,0,0,62.5,0
13,stage_arrival_coalesce,0,S00,5,terminal,0,51709,85,0,0,13,1000,0,0,59.5645,0
13,stage_arrival,20,S15,4,switch,32,51707,40,0,0,13,143.593,0,0,50.826,0
13,allocate_send_arrival,0,S00,5,terminal,0,51713,64,0,0,13,1000,0,50.826,0,0
13,allocate_send_arrival,0,S00,5,terminal,0,51708,23,0,0,13,1000,0,31.9456,0,0
13,allocate_send_arrival,0,S00,5,terminal,0,51712,72,0,0,13,1000,0,51.655,0,0
13,allocate_send_arrival,0,S00,5,terminal,0,51709,85,0,0,13,1000,0,59.5645,0,0
13,allocate_send_arrival,0,S00,5,terminal,0,51706,21,0,0,13,1000,0,31.9456,0,0
13,allocate_send_arrival,0,S00,5,terminal,0,51714,35,0,0,13,1000,0,62.5,7.27596e-15,0
13,allocate_send_arrival,0,S00,5,terminal,0,51715,98,0,0,13,1000,0,50.826,0,0
13,allocate_send_arrival,0,S00,5,terminal,0,51702,110,0,0,13,1000,0,51.655,0,0
13,allocate_send_arrival,0,S00,5,terminal,0,51705,38,0,0,13,1000,0,31.9456,0,0
13,allocate_send_arrival,0,S00,5,terminal,0,51707,40,0,0,13,1000,0,50.826,0,0
13,allocate_send_arrival,0,S00,5,terminal,0,51711,88,0,0,13,1000,0,50.826,0,0
13,allocate_send_arrival,0,S00,5,terminal,0,51700,63,0,0,13,1000,0,62.5,7.27596e-15,0
13,allocate_send_arrival,0,S00,5,terminal,0,51704,94,0,0,13,1000,0,62.5,7.27596e-15,0
13,allocate_send_arrival,0,S00,5,terminal,0,51710,48,0,0,13,1000,0,59.5645,0,0
13,allocate_send_arrival,0,S00,5,terminal,0,51703,20,0,0,13,1000,0,31.9456,0,0
13,allocate_send_arrival,0,S00,5,terminal,0,51701,30,0,0,13,1000,0,31.9456,0,0
13,allocate_send_arrival,43,S22,0,switch,0,51715,98,0,0,13,203.304,0,25.826,25,0
13,enqueue_residual,43,S22,0,switch,0,51715,98,0,0,13,203.304,0,0,25,0
13,allocate_send_arrival,43,S22,0,switch,0,51711,88,0,0,13,203.304,0,25.826,25,0
13,enqueue_residual,43,S22,0,switch,0,51711,88,0,0,13,203.304,0,0,25,0
13,allocate_send_arrival,43,S22,0,switch,0,51707,40,0,0,13,203.304,0,25.826,25,0
13,enqueue_residual,43,S22,0,switch,0,51707,40,0,0,13,203.304,0,0,25,0
13,allocate_send_arrival,43,S22,0,switch,0,51713,64,0,0,13,203.304,0,25.826,25,0
13,enqueue_residual,43,S22,0,switch,0,51713,64,0,0,13,203.304,0,0,25,0
13,allocate_send_arrival,20,S15,4,switch,32,51707,40,0,0,13,143.593,0,50.826,0,0
13,allocate_send_arrival,49,S26,0,switch,43,51715,98,0,0,13,126.404,0,50.826,0,0
13,allocate_send_arrival,35,S17,2,switch,37,51712,72,0,0,13,246.878,0,51.655,0,0
13,allocate_send_arrival,1,S01,0,switch,0,51703,20,0,0,13,159.728,0,11.9456,20,0
13,enqueue_residual,1,S01,0,switch,0,51703,20,0,0,13,159.728,0,0,20,0
13,allocate_send_arrival,1,S01,0,switch,0,51705,38,0,0,13,159.728,0,11.9456,20,0
13,enqueue_residual,1,S01,0,switch,0,51705,38,0,0,13,159.728,0,0,20,0
13,allocate_send_arrival,1,S01,0,switch,0,51706,21,0,0,13,159.728,0,11.9456,20,0
13,enqueue_residual,1,S01,0,switch,0,51706,21,0,0,13,159.728,0,0,20,0
13,allocate_send_arrival,1,S01,0,switch,0,51701,30,0,0,13,159.728,0,11.9456,20,0
13,enqueue_residual,1,S01,0,switch,0,51701,30,0,0,13,159.728,0,0,20,0
13,allocate_send_arrival,1,S01,0,switch,0,51708,23,0,0,13,159.728,0,11.9456,20,0
13,enqueue_residual,1,S01,0,switch,0,51708,23,0,0,13,159.728,0,0,20,0
13,allocate_send_arrival,5,S63,0,switch,0,51700,63,0,0,13,259.679,0,62.5,0,0
13,allocate_send_arrival,32,S21,1,switch,43,51713,64,0,0,13,261.425,0,50.826,0,0
13,allocate_send_arrival,32,S21,1,switch,43,51707,40,0,0,13,261.425,0,50.826,0,0
13,allocate_send_arrival,47,S25,2,switch,4,51704,94,0,0,13,166.312,0,62.5,0,0
13,allocate_send_arrival,10,S61,0,switch,1,51705,38,0,0,13,227.172,0,31.9456,3.63798e-15,0
13,allocate_send_arrival,10,S61,0,switch,1,51706,21,0,0,13,227.172,0,31.9456,3.63798e-15,0
13,allocate_send_arrival,10,S61,0,switch,1,51703,20,0,0,13,227.172,0,31.9456,3.63798e-15,0
13,allocate_send_arrival,37,S32,0,switch,0,51712,72,0,0,13,103.31,0,1.655,50,0
13,enqueue_residual,37,S32,0,switch,0,51712,72,0,0,13,103.31,0,0,50,0
13,allocate_send_arrival,37,S32,0,switch,0,51702,110,0,0,13,103.31,0,1.655,50,0
13,enqueue_residual,37,S32,0,switch,0,51702,110,0,0,13,103.31,0,0,50,0
13,allocate_send_arrival,17,S35,1,switch,56,51714,35,0,0,13,252.252,0,62.5,0,0
13,allocate_send_arrival,15,S05,0,switch,12,51701,30,0,0,13,134.869,0,31.9456,0,0
13,allocate_send_arrival,4,S37,0,switch,0,51704,94,0,0,13,203.508,0,62.5,0,0
13,allocate_send_arrival,4,S37,0,switch,0,51714,35,0,0,13,203.508,0,62.5,0,0
13,allocate_send_arrival,42,S20,2,switch,3,51709,85,0,0,13,251.806,0,59.5645,0,0
13,allocate_send_arrival,36,S18,0,switch,35,51712,72,0,0,13,247.316,0,51.655,0,0
13,allocate_send_arrival,31,S62,3,switch,5,51700,63,0,0,13,238.676,0,62.5,0,0
13,allocate_send_arrival,6,S02,0,switch,1,51708,23,0,0,13,138.732,0,31.9456,0,0
13,allocate_send_arrival,6,S02,0,switch,1,51701,30,0,0,13,138.732,0,31.9456,0,0
13,allocate_send_arrival,22,S07,3,switch,26,51710,48,0,0,13,124.406,0,59.5645,0,0
13,allocate_send_arrival,3,S27,0,switch,0,51710,48,0,0,13,119.129,0,9.5645,50,0
13,enqueue_residual,3,S27,0,switch,0,51710,48,0,0,13,119.129,0,0,50,0
13,allocate_send_arrival,3,S27,0,switch,0,51709,85,0,0,13,119.129,0,9.5645,50,0
13,enqueue_residual,3,S27,0,switch,0,51709,85,0,0,13,119.129,0,0,50,0
13,allocate_send_arrival,26,S33,0,switch,3,51710,48,0,0,13,174.708,0,59.5645,0,0
13,allocate_send_arrival,19,S06,3,switch,10,51705,38,0,0,13,169.014,0,31.9456,0,0
13,allocate_send_arrival,55,S60,1,switch,37,51702,110,0,0,13,243.133,0,51.655,0,0
13,allocate_send_arrival,56,S36,2,switch,4,51714,35,0,0,13,112.305,0,62.5,0,0
13,allocate_send_arrival,11,S03,0,switch,6,51708,23,0,0,13,132.338,0,31.9456,0,0
13,allocate_send_arrival,24,S08,0,switch,22,51710,48,0,0,13,182.424,0,59.5645,0,0
13,allocate_send_arrival,12,S04,0,switch,6,51701,30,0,0,13,184.169,0,31.9456,0,0
13,allocate_send_arrival,44,S23,0,switch,43,51711,88,0,0,13,211.017,0,50.826,0,0
14,allocate_send_buffered,3,S27,0,switch,0,51710,48,0,0,14,119.129,100,50,0,0
14,allocate_send_buffered,3,S27,0,switch,0,51709,85,0,0,14,119.129,100,50,0,0
14,allocate_send_buffered,1,S01,0,switch,0,51703,20,0,0,14,159.728,100,20,0,0
14,allocate_send_buffered,1,S01,0,switch,0,51705,38,0,0,14,159.728,100,20,0,0
14,allocate_send_buffered,1,S01,0,switch,0,51706,21,0,0,14,159.728,100,20,0,0
14,allocate_send_buffered,1,S01,0,switch,0,51701,30,0,0,14,159.728,100,20,3.63798e-15,0
14,allocate_send_buffered,1,S01,0,switch,0,51708,23,0,0,14,159.728,100,20,3.63798e-15,0
14,allocate_send_buffered,37,S32,0,switch,0,51712,72,0,0,14,103.31,100,50,0,0
14,allocate_send_buffered,37,S32,0,switch,0,51702,110,0,0,14,103.31,100,50,0,0
14,allocate_send_buffered,43,S22,0,switch,0,51715,98,0,0,14,203.304,100,25,0,0
14,allocate_send_buffered,43,S22,0,switch,0,51711,88,0,0,14,203.304,100,25,0,0
14,allocate_send_buffered,43,S22,0,switch,0,51707,40,0,0,14,203.304,100,25,0,0
14,allocate_send_buffered,43,S22,0,switch,0,51713,64,0,0,14,203.304,100,25,0,0
14,stage_arrival,32,S21,1,switch,43,51707,40,0,0,14,261.425,0,0,50.826,0
14,stage_arrival,0,S00,5,terminal,0,51712,72,0,0,14,1000,0,0,1.655,0
14,stage_arrival,0,S00,5,terminal,0,51707,40,0,0,14,1000,0,0,25,0
14,stage_arrival,1,S01,0,switch,0,51705,38,0,0,14,159.728,0,0,31.9456,0
14,stage_arrival,0,S00,5,terminal,0,51710,48,0,0,14,1000,0,0,9.5645,0
14,stage_arrival,0,S00,5,terminal,0,51713,64,0,0,14,1000,0,0,25.826,0
14,stage_arrival,1,S01,0,switch,0,51703,20,0,0,14,159.728,0,0,31.9456,0
14,stage_arrival,0,S00,5,terminal,0,51715,98,0,0,14,1000,0,0,25,0
14,stage_arrival,0,S00,5,terminal,0,51706,21,0,0,14,1000,0,0,11.9456,0
14,stage_arrival,0,S00,5,terminal,0,51703,20,0,0,14,1000,0,0,20,0
14,stage_arrival,4,S37,0,switch,0,51714,35,0,0,14,203.508,0,0,62.5,0
14,stage_arrival,36,S18,0,switch,35,51712,72,0,0,14,247.316,0,0,51.655,0
14,stage_arrival,4,S37,0,switch,0,51704,94,0,0,14,203.508,0,0,62.5,0
14,stage_arrival,11,S03,0,switch,6,51708,23,0,0,14,132.338,0,0,31.9456,0
14,stage_arrival,5,S63,0,switch,0,51700,63,0,0,14,259.679,0,0,62.5,0
14,stage_arrival,55,S60,1,switch,37,51702,110,0,0,14,243.133,0,0,51.655,0
14,stage_arrival,43,S22,0,switch,0,51711,88,0,0,14,203.304,0,0,50.826,0
14,stage_arrival,0,S00,5,terminal,0,51714,35,0,0,14,1000,0,0,62.5,0
14,stage_arrival,0,S00,5,terminal,0,51704,94,0,0,14,1000,0,0,62.5,0
14,stage_arrival,24,S08,0,switch,22,51710,48,0,0,14,182.424,0,0,59.5645,0
14,stage_arrival,56,S36,2,switch,4,51714,35,0,0,14,112.305,0,0,62.5,0
14,stage_arrival,0,S00,5,terminal,0,51705,38,0,0,14,1000,0,0,11.9456,0
14,stage_arrival,32,S21,1,switch,43,51713,64,0,0,14,261.425,0,0,50.826,0
14,stage_arrival_coalesce,0,S00,5,terminal,0,51707,40,0,0,14,1000,0,0,50.826,0
14,stage_arrival,0,S00,5,terminal,0,51711,88,0,0,14,1000,0,0,25,0
14,stage_arrival,47,S25,2,switch,4,51704,94,0,0,14,166.312,0,0,62.5,0
14,stage_arrival,44,S23,0,switch,43,51711,88,0,0,14,211.017,0,0,50.826,0
14,stage_arrival_coalesce,0,S00,5,terminal,0,51703,20,0,0,14,1000,0,0,31.9456,0
14,stage_arrival,17,S35,1,switch,56,51714,35,0,0,14,252.252,0,0,62.5,0
14,stage_arrival,0,S00,5,terminal,0,51701,30,0,0,14,1000,0,0,11.9456,0
14,stage_arrival,12,S04,0,switch,6,51701,30,0,0,14,184.169,0,0,31.9456,0
14,stage_arrival_coalesce,0,S00,5,terminal,0,51711,88,0,0,14,1000,0,0,50.826,0
14,stage_arrival,0,S00,5,terminal,0,51709,85,0,0,14,1000,0,0,50,0
14,stage_arrival,37,S32,0,switch,0,51702,110,0,0,14,103.31,0,0,51.655,0
14,stage_arrival_coalesce,0,S00,5,terminal,0,51701,30,0,0,14,1000,0,0,31.9456,0
14,stage_arrival,0,S00,5,terminal,0,51708,23,0,0,14,1000,0,0,11.9456,0
14,stage_arrival_coalesce,0,S00,5,terminal,0,51715,98,0,0,14,1000,0,0,50.826,0
14,stage_arrival,0,S00,5,terminal,0,51700,63,0,0,14,1000,0,0,62.5,0
14,stage_arrival,10,S61,0,switch,1,51706,21,0,0,14,227.172,0,0,31.9456,0
14,stage_arrival,20,S15,4,switch,32,51707,40,0,0,14,143.593,0,0,50.826,0
14,stage_arrival,43,S22,0,switch,0,51713,64,0,0,14,203.304,0,0,50.826,0
14,stage_arrival,10,S61,0,switch,1,51705,38,0,0,14,227.172,0,0,31.9456,0
14,stage_arrival,10,S61,0,switch,1,51703,20,0,0,14,227.172,0,0,31.9456,0
14,stage_arrival,1,S01,0,switch,0,51706,21,0,0,14,159.728,0,0,31.9456,0
14,stage_arrival_coalesce,0,S00,5,terminal,0,51708,23,0,0,14,1000,0,0,31.9456,0
14,stage_arrival_coalesce,0,S00,5,terminal,0,51705,38,0,0,14,1000,0,0,31.9456,0
14,stage_arrival,1,S01,0,switch,0,51708,23,0,0,14,159.728,0,0,31.9456,0
14,stage_arrival_coalesce,0,S00,5,terminal,0,51706,21,0,0,14,1000,0,0,31.9456,0
14,stage_arrival,37,S32,0,switch,0,51712,72,0,0,14,103.31,0,0,51.655,0
14,stage_arrival,35,S17,2,switch,37,51712,72,0,0,14,246.878,0,0,51.655,0
14,stage_arrival,0,S00,5,terminal,0,51702,110,0,0,14,1000,0,0,50,0
14,stage_arrival,43,S22,0,switch,0,51715,98,0,0,14,203.304,0,0,50.826,0
14,stage_arrival,26,S33,0,switch,3,51710,48,0,0,14,174.708,0,0,59.5645,0
14,stage_arrival,43,S22,0,switch,0,51707,40,0,0,14,203.304,0,0,50.826,0
14,stage_arrival,22,S07,3,switch,26,51710,48,0,0,14,124.406,0,0,59.5645,0
14,stage_arrival_coalesce,0,S00,5,terminal,0,51709,85,0,0,14,1000,0,0,59.5645,0
14,stage_arrival,49,S26,0,switch,43,51715,98,0,0,14,126.404,0,0,50.826,0
14,stage_arrival,42,S20,2,switch,3,51709,85,0,0,14,251.806,0,0,59.5645,0
14,stage_arrival,3,S27,0,switch,0,51709,85,0,0,14,119.129,0,0,59.5645,0
14,stage_arrival,31,S62,3,switch,5,51700,63,0,0,14,238.676,0,0,62.5,0
14,stage_arrival_coalesce,0,S00,5,terminal,0,51702,110,0,0,14,1000,0,0,51.655,0
14,stage_arrival_coalesce,0,S00,5,terminal,0,51710,48,0,0,14,1000,0,0,59.5645,0
14,stage_arrival,19,S06,3,switch,10,51705,38,0,0,14,169.014,0,0,31.9456,0
14,stage_arrival_coalesce,0,S00,5,terminal,0,51713,64,0,0,14,1000,0,0,50.826,0
14,stage_arrival_coalesce,0,S00,5,terminal,0,51712,72,0,0,14,1000,0,0,51.655,0
14,stage_arrival,1,S01,0,switch,0,51701,30,0,0,14,159.728,0,0,31.9456,0
14,stage_arrival,3,S27,0,switch,0,51710,48,0,0,14,119.129,0,0,59.5645,0
14,stage_arrival,15,S05,0,switch,12,51701,30,0,0,14,134.869,0,0,31.9456,0
14,stage_arrival,6,S02,0,switch,1,51701,30,0,0,14,138.732,0,0,31.9456,0
14,stage_arrival,6,S02,0,switch,1,51708,23,0,0,14,138.732,0,0,31.9456,0
14,allocate_send_arrival,35,S17,2,switch,37,51712,72,0,0,14,246.878,0,51.655,0,0
14,allocate_send_arrival,56,S36,2,switch,4,51714,35,0,0,14,112.305,0,62.5,0,0
14,allocate_send_arrival,20,S15,4,switch,32,51707,40,0,0,14,143.593,0,50.826,0,0
14,allocate_send_arrival,22,S07,3,switch,26,51710,48,0,0,14,124.406,0,59.5645,0,0
14,allocate_send_arrival,12,S04,0,switch,6,51701,30,0,0,14,184.169,0,31.9456,0,0
14,allocate_send_arrival,43,S22,0,switch,0,51711,88,0,0,14,203.304,0,25.826,25,0
14,enqueue_residual,43,S22,0,switch,0,51711,88,0,0,14,203.304,0,0,25,0
14,allocate_send_arrival,43,S22,0,switch,0,51713,64,0,0,14,203.304,0,25.826,25,0
14,enqueue_residual,43,S22,0,switch,0,51713,64,0,0,14,203.304,0,0,25,0
14,allocate_send_arrival,43,S22,0,switch,0,51715,98,0,0,14,203.304,0,25.826,25,0
14,enqueue_residual,43,S22,0,switch,0,51715,98,0,0,14,203.304,0,0,25,0
14,allocate_send_arrival,43,S22,0,switch,0,51707,40,0,0,14,203.304,0,25.826,25,0
14,enqueue_residual,43,S22,0,switch,0,51707,40,0,0,14,203.304,0,0,25,0
14,allocate_send_arrival,15,S05,0,switch,12,51701,30,0,0,14,134.869,0,31.9456,0,0
14,allocate_send_arrival,6,S02,0,switch,1,51701,30,0,0,14,138.732,0,31.9456,0,0
14,allocate_send_arrival,6,S02,0,switch,1,51708,23,0,0,14,138.732,0,31.9456,0,0
14,allocate_send_arrival,37,S32,0,switch,0,51702,110,0,0,14,103.31,0,1.655,50,0
14,enqueue_residual,37,S32,0,switch,0,51702,110,0,0,14,103.31,0,0,50,0
14,allocate_send_arrival,37,S32,0,switch,0,51712,72,0,0,14,103.31,0,1.655,50,0
14,enqueue_residual,37,S32,0,switch,0,51712,72,0,0,14,103.31,0,0,50,0
14,allocate_send_arrival,17,S35,1,switch,56,51714,35,0,0,14,252.252,0,62.5,0,0
14,allocate_send_arrival,42,S20,2,switch,3,51709,85,0,0,14,251.806,0,59.5645,0,0
14,allocate_send_arrival,31,S62,3,switch,5,51700,63,0,0,14,238.676,0,62.5,0,0
14,allocate_send_arrival,47,S25,2,switch,4,51704,94,0,0,14,166.312,0,62.5,0,0
14,allocate_send_arrival,0,S00,5,terminal,0,51712,72,0,0,14,1000,0,51.655,0,0
14,allocate_send_arrival,0,S00,5,terminal,0,51707,40,0,0,14,1000,0,50.826,0,0
14,allocate_send_arrival,0,S00,5,terminal,0,51710,48,0,0,14,1000,0,59.5645,0,0
14,allocate_send_arrival,0,S00,5,terminal,0,51713,64,0,0,14,1000,0,50.826,0,0
14,allocate_send_arrival,0,S00,5,terminal,0,51715,98,0,0,14,1000,0,50.826,0,0
14,allocate_send_arrival,0,S00,5,terminal,0,51706,21,0,0,14,1000,0,31.9456,0,0
14,allocate_send_arrival,0,S00,5,terminal,0,51703,20,0,0,14,1000,0,31.9456,0,0
14,allocate_send_arrival,0,S00,5,terminal,0,51714,35,0,0,14,1000,0,62.5,2.18279e-14,0
14,allocate_send_arrival,0,S00,5,terminal,0,51704,94,0,0,14,1000,0,62.5,2.18279e-14,0
14,allocate_send_arrival,0,S00,5,terminal,0,51705,38,0,0,14,1000,0,31.9456,0,0
14,allocate_send_arrival,0,S00,5,terminal,0,51711,88,0,0,14,1000,0,50.826,0,0
14,allocate_send_arrival,0,S00,5,terminal,0,51701,30,0,0,14,1000,0,31.9456,0,0
14,allocate_send_arrival,0,S00,5,terminal,0,51709,85,0,0,14,1000,0,59.5645,0,0
14,allocate_send_arrival,0,S00,5,terminal,0,51708,23,0,0,14,1000,0,31.9456,0,0
14,allocate_send_arrival,0,S00,5,terminal,0,51700,63,0,0,14,1000,0,62.5,2.18279e-14,0
14,allocate_send_arrival,0,S00,5,terminal,0,51702,110,0,0,14,1000,0,51.655,0,0
14,allocate_send_arrival,44,S23,0,switch,43,51711,88,0,0,14,211.017,0,50.826,0,0
14,allocate_send_arrival,5,S63,0,switch,0,51700,63,0,0,14,259.679,0,62.5,0,0
14,allocate_send_arrival,55,S60,1,switch,37,51702,110,0,0,14,243.133,0,51.655,0,0
14,allocate_send_arrival,1,S01,0,switch,0,51705,38,0,0,14,159.728,0,11.9456,20,0
14,enqueue_residual,1,S01,0,switch,0,51705,38,0,0,14,159.728,0,0,20,0
14,allocate_send_arrival,1,S01,0,switch,0,51703,20,0,0,14,159.728,0,11.9456,20,0
14,enqueue_residual,1,S01,0,switch,0,51703,20,0,0,14,159.728,0,0,20,0
14,allocate_send_arrival,1,S01,0,switch,0,51706,21,0,0,14,159.728,0,11.9456,20,0
14,enqueue_residual,1,S01,0,switch,0,51706,21,0,0,14,159.728,0,0,20,0
14,allocate_send_arrival,1,S01,0,switch,0,51708,23,0,0,14,159.728,0,11.9456,20,0
14,enqueue_residual,1,S01,0,switch,0,51708,23,0,0,14,159.728,0,0,20,0
14,allocate_send_arrival,1,S01,0,switch,0,51701,30,0,0,14,159.728,0,11.9456,20,0
14,enqueue_residual,1,S01,0,switch,0,51701,30,0,0,14,159.728,0,0,20,0
14,allocate_send_arrival,3,S27,0,switch,0,51709,85,0,0,14,119.129,0,9.5645,50,0
14,enqueue_residual,3,S27,0,switch,0,51709,85,0,0,14,119.129,0,0,50,0
14,allocate_send_arrival,3,S27,0,switch,0,51710,48,0,0,14,119.129,0,9.5645,50,0
14,enqueue_residual,3,S27,0,switch,0,51710,48,0,0,14,119.129,0,0,50,0
14,allocate_send_arrival,11,S03,0,switch,6,51708,23,0,0,14,132.338,0,31.9456,0,0
14,allocate_send_arrival,24,S08,0,switch,22,51710,48,0,0,14,182.424,0,59.5645,0,0
14,allocate_send_arrival,26,S33,0,switch,3,51710,48,0,0,14,174.708,0,59.5645,0,0
14,allocate_send_arrival,10,S61,0,switch,1,51706,21,0,0,14,227.172,0,31.9456,3.63798e-15,0
14,allocate_send_arrival,10,S61,0,switch,1,51705,38,0,0,14,227.172,0,31.9456,3.63798e-15,0
14,allocate_send_arrival,10,S61,0,switch,1,51703,20,0,0,14,227.172,0,31.9456,3.63798e-15,0
14,allocate_send_arrival,19,S06,3,switch,10,51705,38,0,0,14,169.014,0,31.9456,0,0
14,allocate_send_arrival,49,S26,0,switch,43,51715,98,0,0,14,126.404,0,50.826,0,0
14,allocate_send_arrival,36,S18,0,switch,35,51712,72,0,0,14,247.316,0,51.655,0,0
14,allocate_send_arrival,32,S21,1,switch,43,51707,40,0,0,14,261.425,0,50.826,0,0
14,allocate_send_arrival,32,S21,1,switch,43,51713,64,0,0,14,261.425,0,50.826,0,0
14,allocate_send_arrival,4,S37,0,switch,0,51714,35,0,0,14,203.508,0,62.5,0,0
14,allocate_send_arrival,4,S37,0,switch,0,51704,94,0,0,14,203.508,0,62.5,0,0
15,allocate_send_buffered,37,S32,0,switch,0,51702,110,0,0,15,103.31,100,50,0,0
15,allocate_send_buffered,37,S32,0,switch,0,51712,72,0,0,15,103.31,100,50,0,0
15,allocate_send_buffered,43,S22,0,switch,0,51711,88,0,0,15,203.304,100,25,0,0
15,allocate_send_buffered,43,S22,0,switch,0,51713,64,0,0,15,203.304,100,25,0,0
15,allocate_send_buffered,43,S22,0,switch,0,51715,98,0,0,15,203.304,100,25,0,0
15,allocate_send_buffered,43,S22,0,switch,0,51707,40,0,0,15,203.304,100,25,0,0
15,allocate_send_buffered,1,S01,0,switch,0,51705,38,0,0,15,159.728,100,20,0,0
15,allocate_send_buffered,1,S01,0,switch,0,51703,20,0,0,15,159.728,100,20,0,0
15,allocate_send_buffered,1,S01,0,switch,0,51706,21,0,0,15,159.728,100,20,0,0
15,allocate_send_buffered,1,S01,0,switch,0,51708,23,0,0,15,159.728,100,20,7.27596e-15,0
15,allocate_send_buffered,1,S01,0,switch,0,51701,30,0,0,15,159.728,100,20,7.27596e-15,0
15,allocate_send_buffered,3,S27,0,switch,0,51709,85,0,0,15,119.129,100,50,0,0
15,allocate_send_buffered,3,S27,0,switch,0,51710,48,0,0,15,119.129,100,50,0,0
15,stage_arrival,0,S00,5,terminal,0,51705,38,0,0,15,1000,0,0,11.9456,0
15,stage_arrival,10,S61,0,switch,1,51703,20,0,0,15,227.172,0,0,31.9456,0
15,stage_arrival,10,S61,0,switch,1,51706,21,0,0,15,227.172,0,0,31.9456,0
15,stage_arrival,1,S01,0,switch,0,51703,20,0,0,15,159.728,0,0,31.9456,0
15,stage_arrival,0,S00,5,terminal,0,51712,72,0,0,15,1000,0,0,50,0
15,stage_arrival_coalesce,0,S00,5,terminal,0,51705,38,0,0,15,1000,0,0,31.9456,0
15,stage_arrival,4,S37,0,switch,0,51714,35,0,0,15,203.508,0,0,62.5,0
15,stage_arrival,0,S00,5,terminal,0,51707,40,0,0,15,1000,0,0,25.826,0
15,stage_arrival,1,S01,0,switch,0,51705,38,0,0,15,159.728,0,0,31.9456,0
15,stage_arrival,4,S37,0,switch,0,51704,94,0,0,15,203.508,0,0,62.5,0
15,stage_arrival,43,S22,0,switch,0,51715,98,0,0,15,203.304,0,0,50.826,0
15,stage_arrival,0,S00,5,terminal,0,51713,64,0,0,15,1000,0,0,25.826,0
15,stage_arrival,1,S01,0,switch,0,51701,30,0,0,15,159.728,0,0,31.9456,0
15,stage_arrival,0,S00,5,terminal,0,51709,85,0,0,15,1000,0,0,9.5645,0
15,stage_arrival,37,S32,0,switch,0,51712,72,0,0,15,103.31,0,0,51.655,0
15,stage_arrival_coalesce,0,S00,5,terminal,0,51707,40,0,0,15,1000,0,0,50.826,0
15,stage_arrival,0,S00,5,terminal,0,51703,20,0,0,15,1000,0,0,11.9456,0
15,stage_arrival,0,S00,5,terminal,0,51715,98,0,0,15,1000,0,0,25.826,0
15,stage_arrival,55,S60,1,switch,37,51702,110,0,0,15,243.133,0,0,51.655,0
15,stage_arrival,22,S07,3,switch,26,51710,48,0,0,15,124.406,0,0,59.5645,0
15,stage_arrival,0,S00,5,terminal,0,51708,23,0,0,15,1000,0,0,20,0
15,stage_arrival,36,S18,0,switch,35,51712,72,0,0,15,247.316,0,0,51.655,0
15,stage_arrival,20,S15,4,switch,32,51707,40,0,0,15,143.593,0,0,50.826,0
15,stage_arrival,5,S63,0,switch,0,51700,63,0,0,15,259.679,0,0,62.5,0
15,stage_arrival,0,S00,5,terminal,0,51714,35,0,0,15,1000,0,0,62.5,0
15,stage_arrival,0,S00,5,terminal,0,51701,30,0,0,15,1000,0,0,11.9456,0
15,stage_arrival,15,S05,0,switch,12,51701,30,0,0,15,134.869,0,0,31.9456,0
15,stage_arrival,26,S33,0,switch,3,51710,48,0,0,15,174.708,0,0,59.5645,0
15,stage_arrival_coalesce,0,S00,5,terminal,0,51715,98,0,0,15,1000,0,0,50.826,0
15,stage_arrival,0,S00,5,terminal,0,51704,94,0,0,15,1000,0,0,62.5,0
15,stage_arrival,0,S00,5,terminal,0,51706,21,0,0,15,1000,0,0,11.9456,0
15,stage_arrival,43,S22,0,switch,0,51711,88,0,0,15,203.304,0,0,50.826,0
15,stage_arrival_coalesce,0,S00,5,terminal,0,51713,64,0,0,15,1000,0,0,50.826,0
15,stage_arrival,0,S00,5,terminal,0,51702,110,0,0,15,1000,0,0,50,0
15,stage_arrival,6,S02,0,switch,1,51708,23,0,0,15,138.732,0,0,31.9456,0
15,stage_arrival_coalesce,0,S00,5,terminal,0,51708,23,0,0,15,1000,0,0,31.9456,0
15,stage_arrival,0,S00,5,terminal,0,51710,48,0,0,15,1000,0,0,50,0
15,stage_arrival,32,S21,1,switch,43,51707,40,0,0,15,261.425,0,0,50.826,0
15,stage_arrival,3,S27,0,switch,0,51709,85,0,0,15,119.129,0,0,59.5645,0
15,stage_arrival,1,S01,0,switch,0,51706,21,0,0,15,159.728,0,0,31.9456,0
15,stage_arrival_coalesce,0,S00,5,terminal,0,51706,21,0,0,15,1000,0,0,31.9456,0
15,stage_arrival_coalesce,0,S00,5,terminal,0,51702,110,0,0,15,1000,0,0,51.655,0
15,stage_arrival,10,S61,0,switch,1,51705,38,0,0,15,227.172,0,0,31.9456,0
15,stage_arrival_coalesce,0,S00,5,terminal,0,51709,85,0,0,15,1000,0,0,59.5645,0
15,stage_arrival,43,S22,0,switch,0,51713,64,0,0,15,203.304,0,0,50.826,0
15,stage_arrival,0,S00,5,terminal,0,51711,88,0,0,15,1000,0,0,25.826,0
15,stage_arrival,56,S36,2,switch,4,51714,35,0,0,15,112.305,0,0,62.5,0
15,stage_arrival,43,S22,0,switch,0,51707,40,0,0,15,203.304,0,0,50.826,0
15,stage_arrival,17,S35,1,switch,56,51714,35,0,0,15,252.252,0,0,62.5,0
15,stage_arrival,37,S32,0,switch,0,51702,110,0,0,15,103.31,0,0,51.655,0
15,stage_arrival_coalesce,0,S00,5,terminal,0,51711,88,0,0,15,1000,0,0,50.826,0
15,stage_arrival,32,S21,1,switch,43,51713,64,0,0,15,261.425,0,0,50.826,0
15,stage_arrival,24,S08,0,switch,22,51710,48,0,0,15,182.424,0,0,59.5645,0
15,stage_arrival,1,S01,0,switch,0,51708,23,0,0,15,159.728,0,0,31.9456,0
15,stage_arrival_coalesce,0,S00,5,terminal,0,51712,72,0,0,15,1000,0,0,51.655,0
15,stage_arrival,12,S04,0,switch,6,51701,30,0,0,15,184.169,0,0,31.9456,0
15,stage_arrival,19,S06,3,switch,10,51705,38,0,0,15,169.014,0,0,31.9456,0
15,stage_arrival,6,S02,0,switch,1,51701,30,0,0,15,138.732,0,0,31.9456,0
15,stage_arrival_coalesce,0,S00,5,terminal,0,51703,20,0,0,15,1000,0,0,31.9456,0
15,stage_arrival,0,S00,5,terminal,0,51700,63,0,0,15,1000,0,0,62.5,0
15,stage_arrival,11,S03,0,switch,6,51708,23,0,0,15,132.338,0,0,31.9456,0
15,stage_arrival,42,S20,2,switch,3,51709,85,0,0,15,251.806,0,0,59.5645,0
15,stage_arrival_coalesce,0,S00,5,terminal,0,51710,48,0,0,15,1000,0,0,59.5645,0
15,stage_arrival,49,S26,0,switch,43,51715,98,0,0,15,126.404,0,0,50.826,0
15,stage_arrival,31,S62,3,switch,5,51700,63,0,0,15,238.676,0,0,62.5,0
15,stage_arrival,47,S25,2,switch,4,51704,94,0,0,15,166.312,0,0,62.5,0
15,stage_arrival,35,S17,2,switch,37,51712,72,0,0,15,246.878,0,0,51.655,0
15,stage_arrival_coalesce,0,S00,5,terminal,0,51701,30,0,0,15,1000,0,0,31.9456,0
15,stage_arrival,44,S23,0,switch,43,51711,88,0,0,15,211.017,0,0,50.826,0
15,stage_arrival,3,S27,0,switch,0,51710,48,0,0,15,119.129,0,0,59.5645,0
15,allocate_send_arrival,56,S36,2,switch,4,51714,35,0,0,15,112.305,0,62.5,0,0
15,allocate_send_arrival,47,S25,2,switch,4,51704,94,0,0,15,166.312,0,62.5,0,0
15,allocate_send_arrival,20,S15,4,switch,32,51707,40,0,0,15,143.593,0,50.826,0,0
15,allocate_send_arrival,43,S22,0,switch,0,51715,98,0,0,15,203.304,0,25.826,25,0
15,enqueue_residual,43,S22,0,switch,0,51715,98,0,0,15,203.304,0,0,25,0
15,allocate_send_arrival,43,S22,0,switch,0,51711,88,0,0,15,203.304,0,25.826,25,0
15,enqueue_residual,43,S22,0,switch,0,51711,88,0,0,15,203.304,0,0,25,0
15,allocate_send_arrival,43,S22,0,switch,0,51713,64,0,0,15,203.304,0,25.826,25,0
15,enqueue_residual,43,S22,0,switch,0,51713,64,0,0,15,203.304,0,0,25,0
15,allocate_send_arrival,43,S22,0,switch,0,51707,40,0,0,15,203.304,0,25.826,25,0
15,enqueue_residual,43,S22,0,switch,0,51707,40,0,0,15,203.304,0,0,25,0
15,allocate_send_arrival,31,S62,3,switch,5,51700,63,0,0,15,238.676,0,62.5,0,0
15,allocate_send_arrival,4,S37,0,switch,0,51714,35,0,0,15,203.508,0,62.5,0,0
15,allocate_send_arrival,4,S37,0,switch,0,51704,94,0,0,15,203.508,0,62.5,0,0
15,allocate_send_arrival,24,S08,0,switch,22,51710,48,0,0,15,182.424,0,59.5645,0,0
15,allocate_send_arrival,44,S23,0,switch,43,51711,88,0,0,15,211.017,0,50.826,0,0
15,allocate_send_arrival,35,S17,2,switch,37,51712,72,0,0,15,246.878,0,51.655,0,0
15,allocate_send_arrival,1,S01,0,switch,0,51703,20,0,0,15,159.728,0,11.9456,20,0
15,enqueue_residual,1,S01,0,switch,0,51703,20,0,0,15,159.728,0,0,20,0
15,allocate_send_arrival,1,S01,0,switch,0,51705,38,0,0,15,159.728,0,11.9456,20,0
15,enqueue_residual,1,S01,0,switch,0,51705,38,0,0,15,159.728,0,0,20,0
15,allocate_send_arrival,1,S01,0,switch,0,51701,30,0,0,15,159.728,0,11.9456,20,0
15,enqueue_residual,1,S01,0,switch,0,51701,30,0,0,15,159.728,0,0,20,0
15,allocate_send_arrival,1,S01,0,switch,0,51706,21,0,0,15,159.728,0,11.9456,20,0
15,enqueue_residual,1,S01,0,switch,0,51706,21,0,0,15,159.728,0,0,20,0
15,allocate_send_arrival,1,S01,0,switch,0,51708,23,0,0,15,159.728,0,11.9456,20,0
15,enqueue_residual,1,S01,0,switch,0,51708,23,0,0,15,159.728,0,0,20,0
15,allocate_send_arrival,26,S33,0,switch,3,51710,48,0,0,15,174.708,0,59.5645,0,0
15,allocate_send_arrival,42,S20,2,switch,3,51709,85,0,0,15,251.806,0,59.5645,0,0
15,allocate_send_arrival,12,S04,0,switch,6,51701,30,0,0,15,184.169,0,31.9456,0,0
15,allocate_send_arrival,5,S63,0,switch,0,51700,63,0,0,15,259.679,0,62.5,0,0
15,allocate_send_arrival,6,S02,0,switch,1,51708,23,0,0,15,138.732,0,31.9456,0,0
15,allocate_send_arrival,6,S02,0,switch,1,51701,30,0,0,15,138.732,0,31.9456,0,0
15,allocate_send_arrival,32,S21,1,switch,43,51707,40,0,0,15,261.425,0,50.826,0,0
15,allocate_send_arrival,32,S21,1,switch,43,51713,64,0,0,15,261.425,0,50.826,0,0
15,allocate_send_arrival,0,S00,5,terminal,0,51705,38,0,0,15,1000,0,31.9456,0,0
15,allocate_send_arrival,0,S00,5,terminal,0,51712,72,0,0,15,1000,0,51.655,0,0
15,allocate_send_arrival,0,S00,5,terminal,0,51707,40,0,0,15,1000,0,50.826,0,0
15,allocate_send_arrival,0,S00,5,terminal,0,51713,64,0,0,15,1000,0,50.826,0,0
15,allocate_send_arrival,0,S00,5,terminal,0,51709,85,0,0,15,1000,0,59.5645,0,0
15,allocate_send_arrival,0,S00,5,terminal,0,51703,20,0,0,15,1000,0,31.9456,0,0
15,allocate_send_arrival,0,S00,5,terminal,0,51715,98,0,0,15,1000,0,50.826,0,0
15,allocate_send_arrival,0,S00,5,terminal,0,51708,23,0,0,15,1000,0,31.9456,0,0
15,allocate_send_arrival,0,S00,5,terminal,0,51714,35,0,0,15,1000,0,62.5,7.27596e-15,0
15,allocate_send_arrival,0,S00,5,terminal,0,51701,30,0,0,15,1000,0,31.9456,0,0
15,allocate_send_arrival,0,S00,5,terminal,0,51704,94,0,0,15,1000,0,62.5,7.27596e-15,0
15,allocate_send_arrival,0,S00,5,terminal,0,51706,21,0,0,15,1000,0,31.9456,0,0
15,allocate_send_arrival,0,S00,5,terminal,0,51702,110,0,0,15,1000,0,51.655,0,0
15,allocate_send_arrival,0,S00,5,terminal,0,51710,48,0,0,15,1000,0,59.5645,0,0
15,allocate_send_arrival,0,S00,5,terminal,0,51711,88,0,0,15,1000,0,50.826,0,0
15,allocate_send_arrival,0,S00,5,terminal,0,51700,63,0,0,15,1000,0,62.5,7.27596e-15,0
15,allocate_send_arrival,19,S06,3,switch,10,51705,38,0,0,15,169.014,0,31.9456,0,0
15,allocate_send_arrival,17,S35,1,switch,56,51714,35,0,0,15,252.252,0,62.5,0,0
15,allocate_send_arrival,55,S60,1,switch,37,51702,110,0,0,15,243.133,0,51.655,0,0
15,allocate_send_arrival,11,S03,0,switch,6,51708,23,0,0,15,132.338,0,31.9456,0,0
15,allocate_send_arrival,22,S07,3,switch,26,51710,48,0,0,15,124.406,0,59.5645,0,0
15,allocate_send_arrival,15,S05,0,switch,12,51701,30,0,0,15,134.869,0,31.9456,0,0
15,allocate_send_arrival,3,S27,0,switch,0,51709,85,0,0,15,119.129,0,9.5645,50,0
15,enqueue_residual,3,S27,0,switch,0,51709,85,0,0,15,119.129,0,0,50,0
15,allocate_send_arrival,3,S27,0,switch,0,51710,48,0,0,15,119.129,0,9.5645,50,0
15,enqueue_residual,3,S27,0,switch,0,51710,48,0,0,15,119.129,0,0,50,0
15,allocate_send_arrival,49,S26,0,switch,43,51715,98,0,0,15,126.404,0,50.826,0,0
15,allocate_send_arrival,10,S61,0,switch,1,51703,20,0,0,15,227.172,0,31.9456,3.63798e-15,0
15,allocate_send_arrival,10,S61,0,switch,1,51706,21,0,0,15,227.172,0,31.9456,3.63798e-15,0
15,allocate_send_arrival,10,S61,0,switch,1,51705,38,0,0,15,227.172,0,31.9456,3.63798e-15,0
15,allocate_send_arrival,36,S18,0,switch,35,51712,72,0,0,15,247.316,0,51.655,0,0
15,allocate_send_arrival,37,S32,0,switch,0,51712,72,0,0,15,103.31,0,1.655,50,0
15,enqueue_residual,37,S32,0,switch,0,51712,72,0,0,15,103.31,0,0,50,0
15,allocate_send_arrival,37,S32,0,switch,0,51702,110,0,0,15,103.31,0,1.655,50,0
15,enqueue_residual,37,S32,0,switch,0,51702,110,0,0,15,103.31,0,0,50,0
16,allocate_send_buffered,1,S01,0,switch,0,51703,20,0,0,16,159.728,100,20,0,0
16,allocate_send_buffered,1,S01,0,switch,0,51705,38,0,0,16,159.728,100,20,0,0
16,allocate_send_buffered,1,S01,0,switch,0,51701,30,0,0,16,159.728,100,20,3.63798e-15,0
16,allocate_send_buffered,1,S01,0,switch,0,51706,21,0,0,16,159.728,100,20,0,0
16,allocate_send_buffered,1,S01,0,switch,0,51708,23,0,0,16,159.728,100,20,3.63798e-15,0
16,allocate_send_buffered,37,S32,0,switch,0,51712,72,0,0,16,103.31,100,50,0,0
16,allocate_send_buffered,37,S32,0,switch,0,51702,110,0,0,16,103.31,100,50,0,0
16,allocate_send_buffered,43,S22,0,switch,0,51715,98,0,0,16,203.304,100,25,0,0
16,allocate_send_buffered,43,S22,0,switch,0,51711,88,0,0,16,203.304,100,25,0,0
16,allocate_send_buffered,43,S22,0,switch,0,51713,64,0,0,16,203.304,100,25,0,0
16,allocate_send_buffered,43,S22,0,switch,0,51707,40,0,0,16,203.304,100,25,0,0
16,allocate_send_buffered,3,S27,0,switch,0,51709,85,0,0,16,119.129,100,50,0,0
16,allocate_send_buffered,3,S27,0,switch,0,51710,48,0,0,16,119.129,100,50,0,0
16,stage_arrival,11,S03,0,switch,6,51708,23,0,0,16,132.338,0,0,31.9456,0
16,stage_arrival,37,S32,0,switch,0,51712,72,0,0,16,103.31,0,0,51.655,0
16,stage_arrival,0,S00,5,terminal,0,51707,40,0,0,16,1000,0,0,25.826,0
16,stage_arrival,0,S00,5,terminal,0,51714,35,0,0,16,1000,0,0,62.5,0
16,stage_arrival,31,S62,3,switch,5,51700,63,0,0,16,238.676,0,0,62.5,0
16,stage_arrival,0,S00,5,terminal,0,51709,85,0,0,16,1000,0,0,9.5645,0
16,stage_arrival,1,S01,0,switch,0,51703,20,0,0,16,159.728,0,0,31.9456,0
16,stage_arrival,0,S00,5,terminal,0,51713,64,0,0,16,1000,0,0,25,0
16,stage_arrival,0,S00,5,terminal,0,51705,38,0,0,16,1000,0,0,11.9456,0
16,stage_arrival,44,S23,0,switch,43,51711,88,0,0,16,211.017,0,0,50.826,0
16,stage_arrival,0,S00,5,terminal,0,51703,20,0,0,16,1000,0,0,20,0
16,stage_arrival,0,S00,5,terminal,0,51704,94,0,0,16,1000,0,0,62.5,0
16,stage_arrival,15,S05,0,switch,12,51701,30,0,0,16,134.869,0,0,31.9456,0
16,stage_arrival,32,S21,1,switch,43,51707,40,0,0,16,261.425,0,0,50.826,0
16,stage_arrival_coalesce,0,S00,5,terminal,0,51705,38,0,0,16,1000,0,0,31.9456,0
16,stage_arrival,10,S61,0,switch,1,51703,20,0,0,16,227.172,0,0,31.9456,0
16,stage_arrival,0,S00,5,terminal,0,51711,88,0,0,16,1000,0,0,25,0
16,stage_arrival,0,S00,5,terminal,0,51700,63,0,0,16,1000,0,0,62.5,0
16,stage_arrival,42,S20,2,switch,3,51709,85,0,0,16,251.806,0,0,59.5645,0
16,stage_arrival,0,S00,5,terminal,0,51715,98,0,0,16,1000,0,0,25.826,0
16,stage_arrival,56,S36,2,switch,4,51714,35,0,0,16,112.305,0,0,62.5,0
16,stage_arrival,4,S37,0,switch,0,51714,35,0,0,16,203.508,0,0,62.5,0
16,stage_arrival,49,S26,0,switch,43,51715,98,0,0,16,126.404,0,0,50.826,0
16,stage_arrival,43,S22,0,switch,0,51713,64,0,0,16,203.304,0,0,50.826,0
16,stage_arrival,36,S18,0,switch,35,51712,72,0,0,16,247.316,0,0,51.655,0
16,stage_arrival,0,S00,5,terminal,0,51712,72,0,0,16,1000,0,0,50,0
16,stage_arrival,0,S00,5,terminal,0,51701,30,0,0,16,1000,0,0,11.9456,0
16,stage_arrival,10,S61,0,switch,1,51705,38,0,0,16,227.172,0,0,31.9456,0
16,stage_arrival,6,S02,0,switch,1,51701,30,0,0,16,138.732,0,0,31.9456,0
16,stage_arrival,6,S02,0,switch,1,51708,23,0,0,16,138.732,0,0,31.9456,0
16,stage_arrival,43,S22,0,switch,0,51707,40,0,0,16,203.304,0,0,50.826,0
16,stage_arrival_coalesce,0,S00,5,terminal,0,51703,20,0,0,16,1000,0,0,31.9456,0
16,stage_arrival,3,S27,0,switch,0,51709,85,0,0,16,119.129,0,0,59.5645,0
16,stage_arrival,1,S01,0,switch,0,51706,21,0,0,16,159.728,0,0,31.9456,0
16,stage_arrival,37,S32,0,switch,0,51702,110,0,0,16,103.31,0,0,51.655,0
16,stage_arrival,20,S15,4,switch,32,51707,40,0,0,16,143.593,0,0,50.826,0
16,stage_arrival,5,S63,0,switch,0,51700,63,0,0,16,259.679,0,0,62.5,0
16,stage_arrival_coalesce,0,S00,5,terminal,0,51701,30,0,0,16,1000,0,0,31.9456,0
16,stage_arrival,32,S21,1,switch,43,51713,64,0,0,16,261.425,0,0,50.826,0
16,stage_arrival_coalesce,0,S00,5,terminal,0,51707,40,0,0,16,1000,0,0,50.826,0
16,stage_arrival,10,S61,0,switch,1,51706,21,0,0,16,227.172,0,0,31.9456,0
16,stage_arrival,0,S00,5,terminal,0,51708,23,0,0,16,1000,0,0,20,0
16,stage_arrival_coalesce,0,S00,5,terminal,0,51712,72,0,0,16,1000,0,0,51.655,0
16,stage_arrival,24,S08,0,switch,22,51710,48,0,0,16,182.424,0,0,59.5645,0
16,stage_arrival,47,S25,2,switch,4,51704,94,0,0,16,166.312,0,0,62.5,0
16,stage_arrival,1,S01,0,switch,0,51701,30,0,0,16,159.728,0,0,31.9456,0
16,stage_arrival,12,S04,0,switch,6,51701,30,0,0,16,184.169,0,0,31.9456,0
16,stage_arrival,0,S00,5,terminal,0,51710,48,0,0,16,1000,0,0,9.5645,0
16,stage_arrival,1,S01,0,switch,0,51708,23,0,0,16,159.728,0,0,31.9456,0
16,stage_arrival_coalesce,0,S00,5,terminal,0,51709,85,0,0,16,1000,0,0,59.5645,0
16,stage_arrival,3,S27,0,switch,0,51710,48,0,0,16,119.129,0,0,59.5645,0
16,stage_arrival,43,S22,0,switch,0,51715,98,0,0,16,203.304,0,0,50.826,0
16,stage_arrival,4,S37,0,switch,0,51704,94,0,0,16,203.508,0,0,62.5,0
16,stage_arrival,19,S06,3,switch,10,51705,38,0,0,16,169.014,0,0,31.9456,0
16,stage_arrival,0,S00,5,terminal,0,51706,21,0,0,16,1000,0,0,11.9456,0
16,stage_arrival_coalesce,0,S00,5,terminal,0,51708,23,0,0,16,1000,0,0,31.9456,0
16,stage_arrival,17,S35,1,switch,56,51714,35,0,0,16,252.252,0,0,62.5,0
16,stage_arrival_coalesce,0,S00,5,terminal,0,51706,21,0,0,16,1000,0,0,31.9456,0
16,stage_arrival,55,S60,1,switch,37,51702,110,0,0,16,243.133,0,0,51.655,0
16,stage_arrival,0,S00,5,terminal,0,51702,110,0,0,16,1000,0,0,1.655,0
16,stage_arrival,35,S17,2,switch,37,51712,72,0,0,16,246.878,0,0,51.655,0
16,stage_arrival,43,S22,0,switch,0,51711,88,0,0,16,203.304,0,0,50.826,0
16,stage_arrival_coalesce,0,S00,5,terminal,0,51713,64,0,0,16,1000,0,0,50.826,0
16,stage_arrival_coalesce,0,S00,5,terminal,0,51710,48,0,0,16,1000,0,0,59.5645,0
16,stage_arrival_coalesce,0,S00,5,terminal,0,51711,88,0,0,16,1000,0,0,50.826,0
16,stage_arrival,1,S01,0,switch,0,51705,38,0,0,16,159.728,0,0,31.9456,0
16,stage_arrival,26,S33,0,switch,3,51710,48,0,0,16,174.708,0,0,59.5645,0
16,stage_arrival_coalesce,0,S00,5,terminal,0,51715,98,0,0,16,1000,0,0,50.826,0
16,stage_arrival,22,S07,3,switch,26,51710,48,0,0,16,124.406,0,0,59.5645,0
16,stage_arrival_coalesce,0,S00,5,terminal,0,51702,110,0,0,16,1000,0,0,51.655,0
16,allocate_send_arrival,12,S04,0,switch,6,51701,30,0,0,16,184.169,0,31.9456,0,0
16,allocate_send_arrival,31,S62,3,switch,5,51700,63,0,0,16,238.676,0,62.5,0,0
16,allocate_send_arrival,6,S02,0,switch,1,51701,30,0,0,16,138.732,0,31.9456,0,0
16,allocate_send_arrival,6,S02,0,switch,1,51708,23,0,0,16,138.732,0,31.9456,0,0
16,allocate_send_arrival,10,S61,0,switch,1,51703,20,0,0,16,227.172,0,31.9456,3.63798e-15,0
16,allocate_send_arrival,10,S61,0,switch,1,51705,38,0,0,16,227.172,0,31.9456,3.63798e-15,0
16,allocate_send_arrival,10,S61,0,switch,1,51706,21,0,0,16,227.172,0,31.9456,3.63798e-15,0
16,allocate_send_arrival,55,S60,1,switch,37,51702,110,0,0,16,243.133,0,51.655,0,0
16,allocate_send_arrival,44,S23,0,switch,43,51711,88,0,0,16,211.017,0,50.826,0,0
16,allocate_send_arrival,32,S21,1,switch,43,51707,40,0,0,16,261.425,0,50.826,0,0
16,allocate_send_arrival,32,S21,1,switch,43,51713,64,0,0,16,261.425,0,50.826,0,0
16,allocate_send_arrival,36,S18,0,switch,35,51712,72,0,0,16,247.316,0,51.655,0,0
16,allocate_send_arrival,17,S35,1,switch,56,51714,35,0,0,16,252.252,0,62.5,0,0
16,allocate_send_arrival,24,S08,0,switch,22,51710,48,0,0,16,182.424,0,59.5645,0,0
16,allocate_send_arrival,26,S33,0,switch,3,51710,48,0,0,16,174.708,0,59.5645,0,0
16,allocate_send_arrival,0,S00,5,terminal,0,51707,40,0,0,16,1000,0,50.826,0,0
16,allocate_send_arrival,0,S00,5,terminal,0,51714,35,0,0,16,1000,0,62.5,2.18279e-14,0
16,allocate_send_arrival,0,S00,5,terminal,0,51709,85,0,0,16,1000,0,59.5645,0,0
16,allocate_send_arrival,0,S00,5,terminal,0,51713,64,0,0,16,1000,0,50.826,0,0
16,allocate_send_arrival,0,S00,5,terminal,0,51705,38,0,0,16,1000,0,31.9456,0,0
16,allocate_send_arrival,0,S00,5,terminal,0,51703,20,0,0,16,1000,0,31.9456,0,0
16,allocate_send_arrival,0,S00,5,terminal,0,51704,94,0,0,16,1000,0,62.5,2.18279e-14,0
16,allocate_send_arrival,0,S00,5,terminal,0,51711,88,0,0,16,1000,0,50.826,0,0
16,allocate_send_arrival,0,S00,5,terminal,0,51700,63,0,0,16,1000,0,62.5,2.18279e-14,0
16,allocate_send_arrival,0,S00,5,terminal,0,51715,98,0,0,16,1000,0,50.826,0,0
16,allocate_send_arrival,0,S00,5,terminal,0,51712,72,0,0,16,1000,0,51.655,0,0
16,allocate_send_arrival,0,S00,5,terminal,0,51701,30,0,0,16,1000,0,31.9456,0,0
16,allocate_send_arrival,0,S00,5,terminal,0,51708,23,0,0,16,1000,0,31.9456,0,0
16,allocate_send_arrival,0,S00,5,terminal,0,51710,48,0,0,16,1000,0,59.5645,0,0
16,allocate_send_arrival,0,S00,5,terminal,0,51706,21,0,0,16,1000,0,31.9456,0,0
16,allocate_send_arrival,0,S00,5,terminal,0,51702,110,0,0,16,1000,0,51.655,0,0
16,allocate_send_arrival,43,S22,0,switch,0,51713,64,0,0,16,203.304,0,25.826,25,0
16,enqueue_residual,43,S22,0,switch,0,51713,64,0,0,16,203.304,0,0,25,0
16,allocate_send_arrival,43,S22,0,switch,0,51707,40,0,0,16,203.304,0,25.826,25,0
16,enqueue_residual,43,S22,0,switch,0,51707,40,0,0,16,203.304,0,0,25,0
16,allocate_send_arrival,43,S22,0,switch,0,51715,98,0,0,16,203.304,0,25.826,25,0
16,enqueue_residual,43,S22,0,switch,0,51715,98,0,0,16,203.304,0,0,25,0
16,allocate_send_arrival,43,S22,0,switch,0,51711,88,0,0,16,203.304,0,25.826,25,0
16,enqueue_residual,43,S22,0,switch,0,51711,88,0,0,16,203.304,0,0,25,0
16,allocate_send_arrival,11,S03,0,switch,6,51708,23,0,0,16,132.338,0,31.9456,0,0
16,allocate_send_arrival,15,S05,0,switch,12,51701,30,0,0,16,134.869,0,31.9456,0,0
16,allocate_send_arrival,1,S01,0,switch,0,51703,20,0,0,16,159.728,0,11.9456,20,0
16,enqueue_residual,1,S01,0,switch,0,51703,20,0,0,16,159.728,0,0,20,0
16,allocate_send_arrival,1,S01,0,switch,0,51706,21,0,0,16,159.728,0,11.9456,20,0
16,enqueue_residual,1,S01,0,switch,0,51706,21,0,0,16,159.728,0,0,20,0
16,allocate_send_arrival,1,S01,0,switch,0,51701,30,0,0,16,159.728,0,11.9456,20,0
16,enqueue_residual,1,S01,0,switch,0,51701,30,0,0,16,159.728,0,0,20,0
16,allocate_send_arrival,1,S01,0,switch,0,51708,23,0,0,16,159.728,0,11.9456,20,0
16,enqueue_residual,1,S01,0,switch,0,51708,23,0,0,16,159.728,0,0,20,0
16,allocate_send_arrival,1,S01,0,switch,0,51705,38,0,0,16,159.728,0,11.9456,20,0
16,enqueue_residual,1,S01,0,switch,0,51705,38,0,0,16,159.728,0,0,20,0
16,allocate_send_arrival,37,S32,0,switch,0,51712,72,0,0,16,103.31,0,1.655,50,0
16,enqueue_residual,37,S32,0,switch,0,51712,72,0,0,16,103.31,0,0,50,0
16,allocate_send_arrival,37,S32,0,switch,0,51702,110,0,0,16,103.31,0,1.655,50,0
16,enqueue_residual,37,S32,0,switch,0,51702,110,0,0,16,103.31,0,0,50,0
16,allocate_send_arrival,3,S27,0,switch,0,51709,85,0,0,16,119.129,0,9.5645,50,0
16,enqueue_residual,3,S27,0,switch,0,51709,85,0,0,16,119.129,0,0,50,0
16,allocate_send_arrival,3,S27,0,switch,0,51710,48,0,0,16,119.129,0,9.5645,50,0
16,enqueue_residual,3,S27,0,switch,0,51710,48,0,0,16,119.129,0,0,50,0
16,allocate_send_arrival,49,S26,0,switch,43,51715,98,0,0,16,126.404,0,50.826,0,0
16,allocate_send_arrival,20,S15,4,switch,32,51707,40,0,0,16,143.593,0,50.826,0,0
16,allocate_send_arrival,47,S25,2,switch,4,51704,94,0,0,16,166.312,0,62.5,0,0
16,allocate_send_arrival,56,S36,2,switch,4,51714,35,0,0,16,112.305,0,62.5,0,0
16,allocate_send_arrival,5,S63,0,switch,0,51700,63,0,0,16,259.679,0,62.5,0,0
16,allocate_send_arrival,19,S06,3,switch,10,51705,38,0,0,16,169.014,0,31.9456,0,0
16,allocate_send_arrival,22,S07,3,switch,26,51710,48,0,0,16,124.406,0,59.5645,0,0
16,allocate_send_arrival,35,S17,2,switch,37,51712,72,0,0,16,246.878,0,51.655,0,0
16,allocate_send_arrival,42,S20,2,switch,3,51709,85,0,0,16,251.806,0,59.5645,0,0
16,allocate_send_arrival,4,S37,0,switch,0,51714,35,0,0,16,203.508,0,62.5,0,0
16,allocate_send_arrival,4,S37,0,switch,0,51704,94,0,0,16,203.508,0,62.5,0,0
17,allocate_send_buffered,37,S32,0,switch,0,51712,72,0,0,17,103.31,100,50,0,0
17,allocate_send_buffered,37,S32,0,switch,0,51702,110,0,0,17,103.31,100,50,0,0
17,allocate_send_buffered,3,S27,0,switch,0,51709,85,0,0,17,119.129,100,50,0,0
17,allocate_send_buffered,3,S27,0,switch,0,51710,48,0,0,17,119.129,100,50,0,0
17,allocate_send_buffered,43,S22,0,switch,0,51713,64,0,0,17,203.304,100,25,0,0
17,allocate_send_buffered,43,S22,0,switch,0,51707,40,0,0,17,203.304,100,25,0,0
17,allocate_send_buffered,43,S22,0,switch,0,51715,98,0,0,17,203.304,100,25,0,0
17,allocate_send_buffered,43,S22,0,switch,0,51711,88,0,0,17,203.304,100,25,0,0
17,allocate_send_buffered,1,S01,0,switch,0,51703,20,0,0,17,159.728,100,20,0,0
17,allocate_send_buffered,1,S01,0,switch,0,51706,21,0,0,17,159.728,100,20,0,0
17,allocate_send_buffered,1,S01,0,switch,0,51701,30,0,0,17,159.728,100,20,7.27596e-15,0
17,allocate_send_buffered,1,S01,0,switch,0,51708,23,0,0,17,159.728,100,20,7.27596e-15,0
17,allocate_send_buffered,1,S01,0,switch,0,51705,38,0,0,17,159.728,100,20,0,0
17,stage_arrival,0,S00,5,terminal,0,51705,38,0,0,17,1000,0,0,20,0
17,stage_arrival,24,S08,0,switch,22,51710,48,0,0,17,182.424,0,0,59.5645,0
17,stage_arrival,0,S00,5,terminal,0,51700,63,0,0,17,1000,0,0,62.5,0
17,stage_arrival,49,S26,0,switch,43,51715,98,0,0,17,126.404,0,0,50.826,0
17,stage_arrival,6,S02,0,switch,1,51708,23,0,0,17,138.732,0,0,31.9456,0
17,stage_arrival,0,S00,5,terminal,0,51704,94,0,0,17,1000,0,0,62.5,0
17,stage_arrival,3,S27,0,switch,0,51710,48,0,0,17,119.129,0,0,59.5645,0
17,stage_arrival,32,S21,1,switch,43,51713,64,0,0,17,261.425,0,0,50.826,0
17,stage_arrival,0,S00,5,terminal,0,51714,35,0,0,17,1000,0,0,62.5,0
17,stage_arrival,15,S05,0,switch,12,51701,30,0,0,17,134.869,0,0,31.9456,0
17,stage_arrival,37,S32,0,switch,0,51712,72,0,0,17,103.31,0,0,51.655,0
17,stage_arrival,1,S01,0,switch,0,51701,30,0,0,17,159.728,0,0,31.9456,0
17,stage_arrival,10,S61,0,switch,1,51706,21,0,0,17,227.172,0,0,31.9456,0
17,stage_arrival,10,S61,0,switch,1,51703,20,0,0,17,227.172,0,0,31.9456,0
17,stage_arrival,0,S00,5,terminal,0,51708,23,0,0,17,1000,0,0,11.9456,0
17,stage_arrival,0,S00,5,terminal,0,51706,21,0,0,17,1000,0,0,20,0
17,stage_arrival,43,S22,0,switch,0,51715,98,0,0,17,203.304,0,0,50.826,0
17,stage_arrival,1,S01,0,switch,0,51705,38,0,0,17,159.728,0,0,31.9456,0
17,stage_arrival,43,S22,0,switch,0,51713,64,0,0,17,203.304,0,0,50.826,0
17,stage_arrival,44,S23,0,switch,43,51711,88,0,0,17,211.017,0,0,50.826,0
17,stage_arrival,0,S00,5,terminal,0,51707,40,0,0,17,1000,0,0,25.826,0
17,stage_arrival,4,S37,0,switch,0,51714,35,0,0,17,203.508,0,0,62.5,0
17,stage_arrival,1,S01,0,switch,0,51706,21,0,0,17,159.728,0,0,31.9456,0
17,stage_arrival,0,S00,5,terminal,0,51713,64,0,0,17,1000,0,0,25,0
17,stage_arrival,10,S61,0,switch,1,51705,38,0,0,17,227.172,0,0,31.9456,0
17,stage_arrival,55,S60,1,switch,37,51702,110,0,0,17,243.133,0,0,51.655,0
17,stage_arrival,0,S00,5,terminal,0,51703,20,0,0,17,1000,0,0,20,0
17,stage_arrival,43,S22,0,switch,0,51711,88,0,0,17,203.304,0,0,50.826,0
17,stage_arrival,26,S33,0,switch,3,51710,48,0,0,17,174.708,0,0,59.5645,0
17,stage_arrival,35,S17,2,switch,37,51712,72,0,0,17,246.878,0,0,51.655,0
17,stage_arrival,19,S06,3,switch,10,51705,38,0,0,17,169.014,0,0,31.9456,0
17,stage_arrival,0,S00,5,terminal,0,51712,72,0,0,17,1000,0,0,1.655,0
17,stage_arrival,0,S00,5,terminal,0,51709,85,0,0,17,1000,0,0,9.5645,0
17,stage_arrival,56,S36,2,switch,4,51714,35,0,0,17,112.305,0,0,62.5,0
17,stage_arrival,0,S00,5,terminal,0,51715,98,0,0,17,1000,0,0,25,0
17,stage_arrival,17,S35,1,switch,56,51714,35,0,0,17,252.252,0,0,62.5,0
17,stage_arrival,3,S27,0,switch,0,51709,85,0,0,17,119.129,0,0,59.5645,0
17,stage_arrival,0,S00,5,terminal,0,51701,30,0,0,17,1000,0,0,11.9456,0
17,stage_arrival,0,S00,5,terminal,0,51711,88,0,0,17,1000,0,0,25.826,0
17,stage_arrival,32,S21,1,switch,43,51707,40,0,0,17,261.425,0,0,50.826,0
17,stage_arrival,11,S03,0,switch,6,51708,23,0,0,17,132.338,0,0,31.9456,0
17,stage_arrival_coalesce,0,S00,5,terminal,0,51707,40,0,0,17,1000,0,0,50.826,0
17,stage_arrival_coalesce,0,S00,5,terminal,0,51703,20,0,0,17,1000,0,0,31.9456,0
17,stage_arrival,43,S22,0,switch,0,51707,40,0,0,17,203.304,0,0,50.826,0
17,stage_arrival,36,S18,0,switch,35,51712,72,0,0,17,247.316,0,0,51.655,0
17,stage_arrival_coalesce,0,S00,5,terminal,0,51705,38,0,0,17,1000,0,0,31.9456,0
17,stage_arrival,47,S25,2,switch,4,51704,94,0,0,17,166.312,0,0,62.5,0
17,stage_arrival,37,S32,0,switch,0,51702,110,0,0,17,103.31,0,0,51.655,0
17,stage_arrival_coalesce,0,S00,5,terminal,0,51706,21,0,0,17,1000,0,0,31.9456,0
17,stage_arrival,0,S00,5,terminal,0,51702,110,0,0,17,1000,0,0,50,0
17,stage_arrival_coalesce,0,S00,5,terminal,0,51701,30,0,0,17,1000,0,0,31.9456,0
17,stage_arrival,5,S63,0,switch,0,51700,63,0,0,17,259.679,0,0,62.5,0
17,stage_arrival,42,S20,2,switch,3,51709,85,0,0,17,251.806,0,0,59.5645,0
17,stage_arrival,20,S15,4,switch,32,51707,40,0,0,17,143.593,0,0,50.826,0
17,stage_arrival,0,S00,5,terminal,0,51710,48,0,0,17,1000,0,0,50,0
17,stage_arrival_coalesce,0,S00,5,terminal,0,51710,48,0,0,17,1000,0,0,59.5645,0
17,stage_arrival_coalesce,0,S00,5,terminal,0,51715,98,0,0,17,1000,0,0,50.826,0
17,stage_arrival_coalesce,0,S00,5,terminal,0,51708,23,0,0,17,1000,0,0,31.9456,0
17,stage_arrival,4,S37,0,switch,0,51704,94,0,0,17,203.508,0,0,62.5,0
17,stage_arrival_coalesce,0,S00,5,terminal,0,51711,88,0,0,17,1000,0,0,50.826,0
17,stage_arrival,6,S02,0,switch,1,51701,30,0,0,17,138.732,0,0,31.9456,0
17,stage_arrival,31,S62,3,switch,5,51700,63,0,0,17,238.676,0,0,62.5,0
17,stage_arrival,22,S07,3,switch,26,51710,48,0,0,17,124.406,0,0,59.5645,0
17,stage_arrival_coalesce,0,S00,5,terminal,0,51713,64,0,0,17,1000,0,0,50.826,0
17,stage_arrival,1,S01,0,switch,0,51708,23,0,0,17,159.728,0,0,31.9456,0
17,stage_arrival_coalesce,0,S00,5,terminal,0,51709,85,0,0,17,1000,0,0,59.5645,0
17,stage_arrival,1,S01,0,switch,0,51703,20,0,0,17,159.728,0,0,31.9456,0
17,stage_arrival_coalesce,0,S00,5,terminal,0,51702,110,0,0,17,1000,0,0,51.655,0
17,stage_arrival,12,S04,0,switch,6,51701,30,0,0,17,184.169,0,0,31.9456,0
17,stage_arrival_coalesce,0,S00,5,terminal,0,51712,72,0,0,17,1000,0,0,51.655,0
17,allocate_send_arrival,26,S33,0,switch,3,51710,48,0,0,17,174.708,0,59.5645,0,0
17,allocate_send_arrival,56,S36,2,switch,4,51714,35,0,0,17,112.305,0,62.5,0,0
17,allocate_send_arrival,12,S04,0,switch,6,51701,30,0,0,17,184.169,0,31.9456,0,0
17,allocate_send_arrival,32,S21,1,switch,43,51713,64,0,0,17,261.425,0,50.826,0,0
17,allocate_send_arrival,32,S21,1,switch,43,51707,40,0,0,17,261.425,0,50.826,0,0
17,allocate_send_arrival,47,S25,2,switch,4,51704,94,0,0,17,166.312,0,62.5,0,0
17,allocate_send_arrival,11,S03,0,switch,6,51708,23,0,0,17,132.338,0,31.9456,0,0
17,allocate_send_arrival,10,S61,0,switch,1,51706,21,0,0,17,227.172,0,31.9456,3.63798e-15,0
17,allocate_send_arrival,10,S61,0,switch,1,51703,20,0,0,17,227.172,0,31.9456,3.63798e-15,0
17,allocate_send_arrival,10,S61,0,switch,1,51705,38,0,0,17,227.172,0,31.9456,3.63798e-15,0
17,allocate_send_arrival,19,S06,3,switch,10,51705,38,0,0,17,169.014,0,31.9456,0,0
17,allocate_send_arrival,24,S08,0,switch,22,51710,48,0,0,17,182.424,0,59.5645,0,0
17,allocate_send_arrival,20,S15,4,switch,32,51707,40,0,0,17,143.593,0,50.826,0,0
17,allocate_send_arrival,37,S32,0,switch,0,51712,72,0,0,17,103.31,0,1.655,50,0
17,enqueue_residual,37,S32,0,switch,0,51712,72,0,0,17,103.31,0,0,50,0
17,allocate_send_arrival,37,S32,0,switch,0,51702,110,0,0,17,103.31,0,1.655,50,0
17,enqueue_residual,37,S32,0,switch,0,51702,110,0,0,17,103.31,0,0,50,0
17,allocate_send_arrival,35,S17,2,switch,37,51712,72,0,0,17,246.878,0,51.655,0,0
17,allocate_send_arrival,55,S60,1,switch,37,51702,110,0,0,17,243.133,0,51.655,0,0
17,allocate_send_arrival,5,S63,0,switch,0,51700,63,0,0,17,259.679,0,62.5,0,0
17,allocate_send_arrival,15,S05,0,switch,12,51701,30,0,0,17,134.869,0,31.9456,0,0
17,allocate_send_arrival,17,S35,1,switch,56,51714,35,0,0,17,252.252,0,62.5,0,0
17,allocate_send_arrival,42,S20,2,switch,3,51709,85,0,0,17,251.806,0,59.5645,0,0
17,allocate_send_arrival,49,S26,0,switch,43,51715,98,0,0,17,126.404,0,50.826,0,0
17,allocate_send_arrival,3,S27,0,switch,0,51710,48,0,0,17,119.129,0,9.5645,50,0
17,enqueue_residual,3,S27,0,switch,0,51710,48,0,0,17,119.129,0,0,50,0
17,allocate_send_arrival,3,S27,0,switch,0,51709,85,0,0,17,119.129,0,9.5645,50,0
17,enqueue_residual,3,S27,0,switch,0,51709,85,0,0,17,119.129,0,0,50,0
17,allocate_send_arrival,4,S37,0,switch,0,51714,35,0,0,17,203.508,0,62.5,0,0
17,allocate_send_arrival,4,S37,0,switch,0,51704,94,0,0,17,203.508,0,62.5,0,0
17,allocate_send_arrival,36,S18,0,switch,35,51712,72,0,0,17,247.316,0,51.655,0,0
17,allocate_send_arrival,1,S01,0,switch,0,51701,30,0,0,17,159.728,0,11.9456,20,0
17,enqueue_residual,1,S01,0,switch,0,51701,30,0,0,17,159.728,0,0,20,0
17,allocate_send_arrival,1,S01,0,switch,0,51705,38,0,0,17,159.728,0,11.9456,20,0
17,enqueue_residual,1,S01,0,switch,0,51705,38,0,0,17,159.728,0,0,20,0
17,allocate_send_arrival,1,S01,0,switch,0,51706,21,0,0,17,159.728,0,11.9456,20,0
17,enqueue_residual,1,S01,0,switch,0,51706,21,0,0,17,159.728,0,0,20,0
17,allocate_send_arrival,1,S01,0,switch,0,51708,23,0,0,17,159.728,0,11.9456,20,0
17,enqueue_residual,1,S01,0,switch,0,51708,23,0,0,17,159.728,0,0,20,0
17,allocate_send_arrival,1,S01,0,switch,0,51703,20,0,0,17,159.728,0,11.9456,20,0
17,enqueue_residual,1,S01,0,switch,0,51703,20,0,0,17,159.728,0,0,20,0
17,allocate_send_arrival,6,S02,0,switch,1,51708,23,0,0,17,138.732,0,31.9456,0,0
17,allocate_send_arrival,6,S02,0,switch,1,51701,30,0,0,17,138.732,0,31.9456,0,0
17,allocate_send_arrival,22,S07,3,switch,26,51710,48,0,0,17,124.406,0,59.5645,0,0
17,allocate_send_arrival,0,S00,5,terminal,0,51705,38,0,0,17,1000,0,31.9456,0,0
17,allocate_send_arrival,0,S00,5,terminal,0,51700,63,0,0,17,1000,0,62.5,6.54836e-14,0
17,allocate_send_arrival,0,S00,5,terminal,0,51704,94,0,0,17,1000,0,62.5,6.54836e-14,0
17,allocate_send_arrival,0,S00,5,terminal,0,51714,35,0,0,17,1000,0,62.5,6.54836e-14,0
17,allocate_send_arrival,0,S00,5,terminal,0,51708,23,0,0,17,1000,0,31.9456,0,0
17,allocate_send_arrival,0,S00,5,terminal,0,51706,21,0,0,17,1000,0,31.9456,0,0
17,allocate_send_arrival,0,S00,5,terminal,0,51707,40,0,0,17,1000,0,50.826,0,0
17,allocate_send_arrival,0,S00,5,terminal,0,51713,64,0,0,17,1000,0,50.826,0,0
17,allocate_send_arrival,0,S00,5,terminal,0,51703,20,0,0,17,1000,0,31.9456,0,0
17,allocate_send_arrival,0,S00,5,terminal,0,51712,72,0,0,17,1000,0,51.655,0,0
17,allocate_send_arrival,0,S00,5,terminal,0,51709,85,0,0,17,1000,0,59.5645,0,0
17,allocate_send_arrival,0,S00,5,terminal,0,51715,98,0,0,17,1000,0,50.826,0,0
17,allocate_send_arrival,0,S00,5,terminal,0,51701,30,0,0,17,1000,0,31.9456,0,0
17,allocate_send_arrival,0,S00,5,terminal,0,51711,88,0,0,17,1000,0,50.826,0,0
17,allocate_send_arrival,0,S00,5,terminal,0,51702,110,0,0,17,1000,0,51.655,0,0
17,allocate_send_arrival,0,S00,5,terminal,0,51710,48,0,0,17,1000,0,59.5645,0,0
17,allocate_send_arrival,31,S62,3,switch,5,51700,63,0,0,17,238.676,0,62.5,0,0
17,allocate_send_arrival,43,S22,0,switch,0,51715,98,0,0,17,203.304,0,25.826,25,0
17,enqueue_residual,43,S22,0,switch,0,51715,98,0,0,17,203.304,0,0,25,0
17,allocate_send_arrival,43,S22,0,switch,0,51713,64,0,0,17,203.304,0,25.826,25,0
17,enqueue_residual,43,S22,0,switch,0,51713,64,0,0,17,203.304,0,0,25,0
17,allocate_send_arrival,43,S22,0,switch,0,51711,88,0,0,17,203.304,0,25.826,25,0
17,enqueue_residual,43,S22,0,switch,0,51711,88,0,0,17,203.304,0,0,25,0
17,allocate_send_arrival,43,S22,0,switch,0,51707,40,0,0,17,203.304,0,25.826,25,0
17,enqueue_residual,43,S22,0,switch,0,51707,40,0,0,17,203.304,0,0,25,0
17,allocate_send_arrival,44,S23,0,switch,43,51711,88,0,0,17,211.017,0,50.826,0,0
18,allocate_send_buffered,3,S27,0,switch,0,51710,48,0,0,18,119.129,100,50,0,0
18,allocate_send_buffered,3,S27,0,switch,0,51709,85,0,0,18,119.129,100,50,0,0
18,allocate_send_buffered,37,S32,0,switch,0,51712,72,0,0,18,103.31,100,50,0,0
18,allocate_send_buffered,37,S32,0,switch,0,51702,110,0,0,18,103.31,100,50,0,0
18,allocate_send_buffered,1,S01,0,switch,0,51701,30,0,0,18,159.728,100,20,0,0
18,allocate_send_buffered,1,S01,0,switch,0,51705,38,0,0,18,159.728,100,20,0,0
18,allocate_send_buffered,1,S01,0,switch,0,51706,21,0,0,18,159.728,100,20,0,0
18,allocate_send_buffered,1,S01,0,switch,0,51708,23,0,0,18,159.728,100,20,0,0
18,allocate_send_buffered,1,S01,0,switch,0,51703,20,0,0,18,159.728,100,20,0,0
18,allocate_send_buffered,43,S22,0,switch,0,51715,98,0,0,18,203.304,100,25,0,0
18,allocate_send_buffered,43,S22,0,switch,0,51713,64,0,0,18,203.304,100,25,0,0
18,allocate_send_buffered,43,S22,0,switch,0,51711,88,0,0,18,203.304,100,25,0,0
18,allocate_send_buffered,43,S22,0,switch,0,51707,40,0,0,18,203.304,100,25,0,0
18,stage_arrival,37,S32,0,switch,0,51702,110,0,0,18,103.31,0,0,51.655,0
18,stage_arrival,0,S00,5,terminal,0,51710,48,0,0,18,1000,0,0,50,0
18,stage_arrival,32,S21,1,switch,43,51713,64,0,0,18,261.425,0,0,50.826,0
18,stage_arrival,43,S22,0,switch,0,51707,40,0,0,18,203.304,0,0,50.826,0
18,stage_arrival,55,S60,1,switch,37,51702,110,0,0,18,243.133,0,0,51.655,0
18,stage_arrival,20,S15,4,switch,32,51707,40,0,0,18,143.593,0,0,50.826,0
18,stage_arrival,17,S35,1,switch,56,51714,35,0,0,18,252.252,0,0,62.5,0
18,stage_arrival,0,S00,5,terminal,0,51701,30,0,0,18,1000,0,0,11.9456,0
18,stage_arrival,36,S18,0,switch,35,51712,72,0,0,18,247.316,0,0,51.655,0
18,stage_arrival,19,S06,3,switch,10,51705,38,0,0,18,169.014,0,0,31.9456,0
18,stage_arrival,11,S03,0,switch,6,51708,23,0,0,18,132.338,0,0,31.9456,0
18,stage_arrival,0,S00,5,terminal,0,51704,94,0,0,18,1000,0,0,62.5,0
18,stage_arrival,0,S00,5,terminal,0,51702,110,0,0,18,1000,0,0,1.655,0
18,stage_arrival,0,S00,5,terminal,0,51705,38,0,0,18,1000,0,0,20,0
18,stage_arrival,15,S05,0,switch,12,51701,30,0,0,18,134.869,0,0,31.9456,0
18,stage_arrival,0,S00,5,terminal,0,51709,85,0,0,18,1000,0,0,50,0
18,stage_arrival,1,S01,0,switch,0,51701,30,0,0,18,159.728,0,0,31.9456,0
18,stage_arrival,0,S00,5,terminal,0,51714,35,0,0,18,1000,0,0,62.5,0
18,stage_arrival,4,S37,0,switch,0,51704,94,0,0,18,203.508,0,0,62.5,0
18,stage_arrival,0,S00,5,terminal,0,51712,72,0,0,18,1000,0,0,1.655,0
18,stage_arrival,0,S00,5,terminal,0,51703,20,0,0,18,1000,0,0,20,0
18,stage_arrival_coalesce,0,S00,5,terminal,0,51702,110,0,0,18,1000,0,0,51.655,0
18,stage_arrival,3,S27,0,switch,0,51709,85,0,0,18,119.129,0,0,59.5645,0
18,stage_arrival,49,S26,0,switch,43,51715,98,0,0,18,126.404,0,0,50.826,0
18,stage_arrival,47,S25,2,switch,4,51704,94,0,0,18,166.312,0,0,62.5,0
18,stage_arrival,1,S01,0,switch,0,51706,21,0,0,18,159.728,0,0,31.9456,0
18,stage_arrival,22,S07,3,switch,26,51710,48,0,0,18,124.406,0,0,59.5645,0
18,stage_arrival,4,S37,0,switch,0,51714,35,0,0,18,203.508,0,0,62.5,0
18,stage_arrival,56,S36,2,switch,4,51714,35,0,0,18,112.305,0,0,62.5,0
18,stage_arrival,0,S00,5,terminal,0,51715,98,0,0,18,1000,0,0,25,0
18,stage_arrival,0,S00,5,terminal,0,51711,88,0,0,18,1000,0,0,25.826,0
18,stage_arrival,6,S02,0,switch,1,51701,30,0,0,18,138.732,0,0,31.9456,0
18,stage_arrival,44,S23,0,switch,43,51711,88,0,0,18,211.017,0,0,50.826,0
18,stage_arrival_coalesce,0,S00,5,terminal,0,51712,72,0,0,18,1000,0,0,51.655,0
18,stage_arrival,0,S00,5,terminal,0,51706,21,0,0,18,1000,0,0,20,0
18,stage_arrival,6,S02,0,switch,1,51708,23,0,0,18,138.732,0,0,31.9456,0
18,stage_arrival,31,S62,3,switch,5,51700,63,0,0,18,238.676,0,0,62.5,0
18,stage_arrival,10,S61,0,switch,1,51706,21,0,0,18,227.172,0,0,31.9456,0
18,stage_arrival,0,S00,5,terminal,0,51707,40,0,0,18,1000,0,0,25.826,0
18,stage_arrival_coalesce,0,S00,5,terminal,0,51701,30,0,0,18,1000,0,0,31.9456,0
18,stage_arrival,0,S00,5,terminal,0,51713,64,0,0,18,1000,0,0,25.826,0
18,stage_arrival,24,S08,0,switch,22,51710,48,0,0,18,182.424,0,0,59.5645,0
18,stage_arrival,10,S61,0,switch,1,51703,20,0,0,18,227.172,0,0,31.9456,0
18,stage_arrival,1,S01,0,switch,0,51708,23,0,0,18,159.728,0,0,31.9456,0
18,stage_arrival_coalesce,0,S00,5,terminal,0,51709,85,0,0,18,1000,0,0,59.5645,0
18,stage_arrival,32,S21,1,switch,43,51707,40,0,0,18,261.425,0,0,50.826,0
18,stage_arrival,0,S00,5,terminal,0,51700,63,0,0,18,1000,0,0,62.5,0
18,stage_arrival_coalesce,0,S00,5,terminal,0,51713,64,0,0,18,1000,0,0,50.826,0
18,stage_arrival_coalesce,0,S00,5,terminal,0,51707,40,0,0,18,1000,0,0,50.826,0
18,stage_arrival,5,S63,0,switch,0,51700,63,0,0,18,259.679,0,0,62.5,0
18,stage_arrival_coalesce,0,S00,5,terminal,0,51703,20,0,0,18,1000,0,0,31.9456,0
18,stage_arrival_coalesce,0,S00,5,terminal,0,51710,48,0,0,18,1000,0,0,59.5645,0
18,stage_arrival,43,S22,0,switch,0,51713,64,0,0,18,203.304,0,0,50.826,0
18,stage_arrival,43,S22,0,switch,0,51715,98,0,0,18,203.304,0,0,50.826,0
18,stage_arrival,26,S33,0,switch,3,51710,48,0,0,18,174.708,0,0,59.5645,0
18,stage_arrival,37,S32,0,switch,0,51712,72,0,0,18,103.31,0,0,51.655,0
18,stage_arrival,35,S17,2,switch,37,51712,72,0,0,18,246.878,0,0,51.655,0
18,stage_arrival,1,S01,0,switch,0,51703,20,0,0,18,159.728,0,0,31.9456,0
18,stage_arrival_coalesce,0,S00,5,terminal,0,51705,38,0,0,18,1000,0,0,31.9456,0
18,stage_arrival,3,S27,0,switch,0,51710,48,0,0,18,119.129,0,0,59.5645,0
18,stage_arrival,42,S20,2,switch,3,51709,85,0,0,18,251.806,0,0,59.5645,0
18,stage_arrival,43,S22,0,switch,0,51711,88,0,0,18,203.304,0,0,50.826,0
18,stage_arrival_coalesce,0,S00,5,terminal,0,51711,88,0,0,18,1000,0,0,50.826,0
18,stage_arrival,0,S00,5,terminal,0,51708,23,0,0,18,1000,0,0,11.9456,0
18,stage_arrival,10,S61,0,switch,1,51705,38,0,0,18,227.172,0,0,31.9456,0
18,stage_arrival,1,S01,0,switch,0,51705,38,0,0,18,159.728,0,0,31.9456,0
18,stage_arrival_coalesce,0,S00,5,terminal,0,51715,98,0,0,18,1000,0,0,50.826,0
18,stage_arrival,12,S04,0,switch,6,51701,30,0,0,18,184.169,0,0,31.9456,0
18,stage_arrival_coalesce,0,S00,5,terminal,0,51708,23,0,0,18,1000,0,0,31.9456,0
18,stage_arrival_coalesce,0,S00,5,terminal,0,51706,21,0,0,18,1000,0,0,31.9456,0
18,allocate_send_arrival,12,S04,0,switch,6,51701,30,0,0,18,184.169,0,31.9456,0,0
18,allocate_send_arrival,49,S26,0,switch,43,51715,98,0,0,18,126.404,0,50.826,0,0
18,allocate_send_arrival,37,S32,0,switch,0,51702,110,0,0,18,103.31,0,1.655,50,0
18,enqueue_residual,37,S32,0,switch,0,51702,110,0,0,18,103.31,0,0,50,0
18,allocate_send_arrival,37,S32,0,switch,0,51712,72,0,0,18,103.31,0,1.655,50,0
18,enqueue_residual,37,S32,0,switch,0,51712,72,0,0,18,103.31,0,0,50,0
18,allocate_send_arrival,6,S02,0,switch,1,51701,30,0,0,18,138.732,0,31.9456,0,0
18,allocate_send_arrival,6,S02,0,switch,1,51708,23,0,0,18,138.732,0,31.9456,0,0
18,allocate_send_arrival,17,S35,1,switch,56,51714,35,0,0,18,252.252,0,62.5,0,0
18,allocate_send_arrival,11,S03,0,switch,6,51708,23,0,0,18,132.338,0,31.9456,0,0
18,allocate_send_arrival,20,S15,4,switch,32,51707,40,0,0,18,143.593,0,50.826,0,0
18,allocate_send_arrival,5,S63,0,switch,0,51700,63,0,0,18,259.679,0,62.5,0,0
18,allocate_send_arrival,10,S61,0,switch,1,51706,21,0,0,18,227.172,0,31.9456,3.63798e-15,0
18,allocate_send_arrival,10,S61,0,switch,1,51703,20,0,0,18,227.172,0,31.9456,3.63798e-15,0
18,allocate_send_arrival,10,S61,0,switch,1,51705,38,0,0,18,227.172,0,31.9456,3.63798e-15,0
18,allocate_send_arrival,55,S60,1,switch,37,51702,110,0,0,18,243.133,0,51.655,0,0
18,allocate_send_arrival,43,S22,0,switch,0,51707,40,0,0,18,203.304,0,25.826,25,0
18,enqueue_residual,43,S22,0,switch,0,51707,40,0,0,18,203.304,0,0,25,0
18,allocate_send_arrival,43,S22,0,switch,0,51713,64,0,0,18,203.304,0,25.826,25,0
18,enqueue_residual,43,S22,0,switch,0,51713,64,0,0,18,203.304,0,0,25,0
18,allocate_send_arrival,43,S22,0,switch,0,51715,98,0,0,18,203.304,0,25.826,25,0
18,enqueue_residual,43,S22,0,switch,0,51715,98,0,0,18,203.304,0,0,25,0
18,allocate_send_arrival,43,S22,0,switch,0,51711,88,0,0,18,203.304,0,25.826,25,0
18,enqueue_residual,43,S22,0,switch,0,51711,88,0,0,18,203.304,0,0,25,0
18,allocate_send_arrival,36,S18,0,switch,35,51712,72,0,0,18,247.316,0,51.655,0,0
18,allocate_send_arrival,56,S36,2,switch,4,51714,35,0,0,18,112.305,0,62.5,0,0
18,allocate_send_arrival,22,S07,3,switch,26,51710,48,0,0,18,124.406,0,59.5645,0,0
18,allocate_send_arrival,31,S62,3,switch,5,51700,63,0,0,18,238.676,0,62.5,0,0
18,allocate_send_arrival,4,S37,0,switch,0,51704,94,0,0,18,203.508,0,62.5,0,0
18,allocate_send_arrival,4,S37,0,switch,0,51714,35,0,0,18,203.508,0,62.5,0,0
18,allocate_send_arrival,35,S17,2,switch,37,51712,72,0,0,18,246.878,0,51.655,0,0
18,allocate_send_arrival,15,S05,0,switch,12,51701,30,0,0,18,134.869,0,31.9456,0,0
18,allocate_send_arrival,3,S27,0,switch,0,51709,85,0,0,18,119.129,0,9.5645,50,0
18,enqueue_residual,3,S27,0,switch,0,51709,85,0,0,18,119.129,0,0,50,0
18,allocate_send_arrival,3,S27,0,switch,0,51710,48,0,0,18,119.129,0,9.5645,50,0
18,enqueue_residual,3,S27,0,switch,0,51710,48,0,0,18,119.129,0,0,50,0
18,allocate_send_arrival,26,S33,0,switch,3,51710,48,0,0,18,174.708,0,59.5645,0,0
18,allocate_send_arrival,42,S20,2,switch,3,51709,85,0,0,18,251.806,0,59.5645,0,0
18,allocate_send_arrival,19,S06,3,switch,10,51705,38,0,0,18,169.014,0,31.9456,0,0
18,allocate_send_arrival,24,S08,0,switch,22,51710,48,0,0,18,182.424,0,59.5645,0,0
18,allocate_send_arrival,0,S00,5,terminal,0,51710,48,0,0,18,1000,0,59.5645,0,0
18,allocate_send_arrival,0,S00,5,terminal,0,51701,30,0,0,18,1000,0,31.9456,0,0
18,allocate_send_arrival,0,S00,5,terminal,0,51704,94,0,0,18,1000,0,62.5,0,0
18,allocate_send_arrival,0,S00,5,terminal,0,51702,110,0,0,18,1000,0,51.655,0,0
18,allocate_send_arrival,0,S00,5,terminal,0,51705,38,0,0,18,1000,0,31.9456,0,0
18,allocate_send_arrival,0,S00,5,terminal,0,51709,85,0,0,18,1000,0,59.5645,0,0
18,allocate_send_arrival,0,S00,5,terminal,0,51714,35,0,0,18,1000,0,62.5,0,0
18,allocate_send_arrival,0,S00,5,terminal,0,51712,72,0,0,18,1000,0,51.655,0,0
18,allocate_send_arrival,0,S00,5,terminal,0,51703,20,0,0,18,1000,0,31.9456,0,0
18,allocate_send_arrival,0,S00,5,terminal,0,51715,98,0,0,18,1000,0,50.826,0,0
18,allocate_send_arrival,0,S00,5,terminal,0,51711,88,0,0,18,1000,0,50.826,0,0
18,allocate_send_arrival,0,S00,5,terminal,0,51706,21,0,0,18,1000,0,31.9456,0,0
18,allocate_send_arrival,0,S00,5,terminal,0,51707,40,0,0,18,1000,0,50.826,0,0
18,allocate_send_arrival,0,S00,5,terminal,0,51713,64,0,0,18,1000,0,50.826,0,0
18,allocate_send_arrival,0,S00,5,terminal,0,51700,63,0,0,18,1000,0,62.5,0,0
18,allocate_send_arrival,0,S00,5,terminal,0,51708,23,0,0,18,1000,0,31.9456,0,0
18,allocate_send_arrival,47,S25,2,switch,4,51704,94,0,0,18,166.312,0,62.5,0,0
18,allocate_send_arrival,44,S23,0,switch,43,51711,88,0,0,18,211.017,0,50.826,0,0
18,allocate_send_arrival,32,S21,1,switch,43,51713,64,0,0,18,261.425,0,50.826,0,0
18,allocate_send_arrival,32,S21,1,switch,43,51707,40,0,0,18,261.425,0,50.826,0,0
18,allocate_send_arrival,1,S01,0,switch,0,51701,30,0,0,18,159.728,0,11.9456,20,0
18,enqueue_residual,1,S01,0,switch,0,51701,30,0,0,18,159.728,0,0,20,0
18,allocate_send_arrival,1,S01,0,switch,0,51706,21,0,0,18,159.728,0,11.9456,20,0
18,enqueue_residual,1,S01,0,switch,0,51706,21,0,0,18,159.728,0,0,20,0
18,allocate_send_arrival,1,S01,0,switch,0,51708,23,0,0,18,159.728,0,11.9456,20,0
18,enqueue_residual,1,S01,0,switch,0,51708,23,0,0,18,159.728,0,0,20,0
18,allocate_send_arrival,1,S01,0,switch,0,51703,20,0,0,18,159.728,0,11.9456,20,0
18,enqueue_residual,1,S01,0,switch,0,51703,20,0,0,18,159.728,0,0,20,0
18,allocate_send_arrival,1,S01,0,switch,0,51705,38,0,0,18,159.728,0,11.9456,20,0
18,enqueue_residual,1,S01,0,switch,0,51705,38,0,0,18,159.728,0,0,20,0
19,allocate_send_buffered,43,S22,0,switch,0,51707,40,0,0,19,203.304,100,25,0,0
19,allocate_send_buffered,43,S22,0,switch,0,51713,64,0,0,19,203.304,100,25,0,0
19,allocate_send_buffered,43,S22,0,switch,0,51715,98,0,0,19,203.304,100,25,0,0
19,allocate_send_buffered,43,S22,0,switch,0,51711,88,0,0,19,203.304,100,25,0,0
19,allocate_send_buffered,37,S32,0,switch,0,51702,110,0,0,19,103.31,100,50,0,0
19,allocate_send_buffered,37,S32,0,switch,0,51712,72,0,0,19,103.31,100,50,0,0
19,allocate_send_buffered,3,S27,0,switch,0,51709,85,0,0,19,119.129,100,50,0,0
19,allocate_send_buffered,3,S27,0,switch,0,51710,48,0,0,19,119.129,100,50,0,0
19,allocate_send_buffered,1,S01,0,switch,0,51701,30,0,0,19,159.728,100,20,3.63798e-15,0
19,allocate_send_buffered,1,S01,0,switch,0,51706,21,0,0,19,159.728,100,20,0,0
19,allocate_send_buffered,1,S01,0,switch,0,51708,23,0,0,19,159.728,100,20,3.63798e-15,0
19,allocate_send_buffered,1,S01,0,switch,0,51703,20,0,0,19,159.728,100,20,0,0
19,allocate_send_buffered,1,S01,0,switch,0,51705,38,0,0,19,159.728,100,20,0,0
19,stage_arrival,0,S00,5,terminal,0,51705,38,0,0,19,1000,0,0,20,0
19,stage_arrival,1,S01,0,switch,0,51706,21,0,0,19,159.728,0,0,31.9456,0
19,stage_arrival,0,S00,5,terminal,0,51715,98,0,0,19,1000,0,0,25,0
19,stage_arrival,0,S00,5,terminal,0,51711,88,0,0,19,1000,0,0,25,0
19,stage_arrival,35,S17,2,switch,37,51712,72,0,0,19,246.878,0,0,51.655,0
19,stage_arrival,43,S22,0,switch,0,51707,40,0,0,19,203.304,0,0,50.826,0
19,stage_arrival,0,S00,5,terminal,0,51713,64,0,0,19,1000,0,0,25,0
19,stage_arrival,0,S00,5,terminal,0,51708,23,0,0,19,1000,0,0,20,0
19,stage_arrival,3,S27,0,switch,0,51710,48,0,0,19,119.129,0,0,59.5645,0
19,stage_arrival,42,S20,2,switch,3,51709,85,0,0,19,251.806,0,0,59.5645,0
19,stage_arrival,0,S00,5,terminal,0,51701,30,0,0,19,1000,0,0,20,0
19,stage_arrival_coalesce,0,S00,5,terminal,0,51715,98,0,0,19,1000,0,0,50.826,0
19,stage_arrival,43,S22,0,switch,0,51713,64,0,0,19,203.304,0,0,50.826,0
19,stage_arrival,0,S00,5,terminal,0,51702,110,0,0,19,1000,0,0,1.655,0
19,stage_arrival,0,S00,5,terminal,0,51710,48,0,0,19,1000,0,0,50,0
19,stage_arrival,0,S00,5,terminal,0,51706,21,0,0,19,1000,0,0,11.9456,0
19,stage_arrival,26,S33,0,switch,3,51710,48,0,0,19,174.708,0,0,59.5645,0
19,stage_arrival,5,S63,0,switch,0,51700,63,0,0,19,259.679,0,0,62.5,0
19,stage_arrival,43,S22,0,switch,0,51715,98,0,0,19,203.304,0,0,50.826,0
19,stage_arrival,0,S00,5,terminal,0,51712,72,0,0,19,1000,0,0,1.655,0
19,stage_arrival,0,S00,5,terminal,0,51714,35,0,0,19,1000,0,0,62.5,0
19,stage_arrival,19,S06,3,switch,10,51705,38,0,0,19,169.014,0,0,31.9456,0
19,stage_arrival,31,S62,3,switch,5,51700,63,0,0,19,238.676,0,0,62.5,0
19,stage_arrival,55,S60,1,switch,37,51702,110,0,0,19,243.133,0,0,51.655,0
19,stage_arrival_coalesce,0,S00,5,terminal,0,51710,48,0,0,19,1000,0,0,59.5645,0
19,stage_arrival,1,S01,0,switch,0,51703,20,0,0,19,159.728,0,0,31.9456,0
19,stage_arrival_coalesce,0,S00,5,terminal,0,51712,72,0,0,19,1000,0,0,51.655,0
19,stage_arrival,6,S02,0,switch,1,51708,23,0,0,19,138.732,0,0,31.9456,0
19,stage_arrival_coalesce,0,S00,5,terminal,0,51708,23,0,0,19,1000,0,0,31.9456,0
19,stage_arrival_coalesce,0,S00,5,terminal,0,51702,110,0,0,19,1000,0,0,51.655,0
19,stage_arrival_coalesce,0,S00,5,terminal,0,51705,38,0,0,19,1000,0,0,31.9456,0
19,stage_arrival,44,S23,0,switch,43,51711,88,0,0,19,211.017,0,0,50.826,0
19,stage_arrival,56,S36,2,switch,4,51714,35,0,0,19,112.305,0,0,62.5,0
19,stage_arrival,0,S00,5,terminal,0,51703,20,0,0,19,1000,0,0,11.9456,0
19,stage_arrival_coalesce,0,S00,5,terminal,0,51713,64,0,0,19,1000,0,0,50.826,0
19,stage_arrival,6,S02,0,switch,1,51701,30,0,0,19,138.732,0,0,31.9456,0
19,stage_arrival,0,S00,5,terminal,0,51707,40,0,0,19,1000,0,0,25.826,0
19,stage_arrival,37,S32,0,switch,0,51702,110,0,0,19,103.31,0,0,51.655,0
19,stage_arrival,12,S04,0,switch,6,51701,30,0,0,19,184.169,0,0,31.9456,0
19,stage_arrival,32,S21,1,switch,43,51713,64,0,0,19,261.425,0,0,50.826,0
19,stage_arrival,47,S25,2,switch,4,51704,94,0,0,19,166.312,0,0,62.5,0
19,stage_arrival,1,S01,0,switch,0,51708,23,0,0,19,159.728,0,0,31.9456,0
19,stage_arrival_coalesce,0,S00,5,terminal,0,51707,40,0,0,19,1000,0,0,50.826,0
19,stage_arrival,17,S35,1,switch,56,51714,35,0,0,19,252.252,0,0,62.5,0
19,stage_arrival,10,S61,0,switch,1,51705,38,0,0,19,227.172,0,0,31.9456,0
19,stage_arrival,43,S22,0,switch,0,51711,88,0,0,19,203.304,0,0,50.826,0
19,stage_arrival,10,S61,0,switch,1,51706,21,0,0,19,227.172,0,0,31.9456,0
19,stage_arrival,1,S01,0,switch,0,51701,30,0,0,19,159.728,0,0,31.9456,0
19,stage_arrival,11,S03,0,switch,6,51708,23,0,0,19,132.338,0,0,31.9456,0
19,stage_arrival,0,S00,5,terminal,0,51709,85,0,0,19,1000,0,0,50,0
19,stage_arrival_coalesce,0,S00,5,terminal,0,51711,88,0,0,19,1000,0,0,50.826,0
19,stage_arrival,1,S01,0,switch,0,51705,38,0,0,19,159.728,0,0,31.9456,0
19,stage_arrival,24,S08,0,switch,22,51710,48,0,0,19,182.424,0,0,59.5645,0
19,stage_arrival,20,S15,4,switch,32,51707,40,0,0,19,143.593,0,0,50.826,0
19,stage_arrival_coalesce,0,S00,5,terminal,0,51706,21,0,0,19,1000,0,0,31.9456,0
19,stage_arrival,32,S21,1,switch,43,51707,40,0,0,19,261.425,0,0,50.826,0
19,stage_arrival,49,S26,0,switch,43,51715,98,0,0,19,126.404,0,0,50.826,0
19,stage_arrival,37,S32,0,switch,0,51712,72,0,0,19,103.31,0,0,51.655,0
19,stage_arrival_coalesce,0,S00,5,terminal,0,51703,20,0,0,19,1000,0,0,31.9456,0
19,stage_arrival,15,S05,0,switch,12,51701,30,0,0,19,134.869,0,0,31.9456,0
19,stage_arrival_coalesce,0,S00,5,terminal,0,51701,30,0,0,19,1000,0,0,31.9456,0
19,stage_arrival,22,S07,3,switch,26,51710,48,0,0,19,124.406,0,0,59.5645,0
19,stage_arrival,0,S00,5,terminal,0,51704,94,0,0,19,1000,0,0,62.5,0
19,stage_arrival,3,S27,0,switch,0,51709,85,0,0,19,119.129,0,0,59.5645,0
19,stage_arrival,36,S18,0,switch,35,51712,72,0,0,19,247.316,0,0,51.655,0
19,stage_arrival,0,S00,5,terminal,0,51700,63,0,0,19,1000,0,0,62.5,0
19,stage_arrival,4,S37,0,switch,0,51704,94,0,0,19,203.508,0,0,62.5,0
19,stage_arrival,10,S61,0,switch,1,51703,20,0,0,19,227.172,0,0,31.9456,0
19,stage_arrival_coalesce,0,S00,5,terminal,0,51709,85,0,0,19,1000,0,0,59.5645,0
19,stage_arrival,4,S37,0,switch,0,51714,35,0,0,19,203.508,0,0,62.5,0
19,allocate_send_arrival,47,S25,2,switch,4,51704,94,0,0,19,166.312,0,62.5,0,0
19,allocate_send_arrival,24,S08,0,switch,22,51710,48,0,0,19,182.424,0,59.5645,0,0
19,allocate_send_arrival,43,S22,0,switch,0,51707,40,0,0,19,203.304,0,25.826,25,0
19,enqueue_residual,43,S22,0,switch,0,51707,40,0,0,19,203.304,0,0,25,0
19,allocate_send_arrival,43,S22,0,switch,0,51713,64,0,0,19,203.304,0,25.826,25,0
19,enqueue_residual,43,S22,0,switch,0,51713,64,0,0,19,203.304,0,0,25,0
19,allocate_send_arrival,43,S22,0,switch,0,51715,98,0,0,19,203.304,0,25.826,25,0
19,enqueue_residual,43,S22,0,switch,0,51715,98,0,0,19,203.304,0,0,25,0
19,allocate_send_arrival,43,S22,0,switch,0,51711,88,0,0,19,203.304,0,25.826,25,0
19,enqueue_residual,43,S22,0,switch,0,51711,88,0,0,19,203.304,0,0,25,0
19,allocate_send_arrival,17,S35,1,switch,56,51714,35,0,0,19,252.252,0,62.5,0,0
19,allocate_send_arrival,26,S33,0,switch,3,51710,48,0,0,19,174.708,0,59.5645,0,0
19,allocate_send_arrival,42,S20,2,switch,3,51709,85,0,0,19,251.806,0,59.5645,0,0
19,allocate_send_arrival,3,S27,0,switch,0,51710,48,0,0,19,119.129,0,9.5645,50,0
19,enqueue_residual,3,S27,0,switch,0,51710,48,0,0,19,119.129,0,0,50,0
19,allocate_send_arrival,3,S27,0,switch,0,51709,85,0,0,19,119.129,0,9.5645,50,0
19,enqueue_residual,3,S27,0,switch,0,51709,85,0,0,19,119.129,0,0,50,0
19,allocate_send_arrival,11,S03,0,switch,6,51708,23,0,0,19,132.338,0,31.9456,0,0
19,allocate_send_arrival,1,S01,0,switch,0,51706,21,0,0,19,159.728,0,11.9456,20,0
19,enqueue_residual,1,S01,0,switch,0,51706,21,0,0,19,159.728,0,0,20,0
19,allocate_send_arrival,1,S01,0,switch,0,51703,20,0,0,19,159.728,0,11.9456,20,0
19,enqueue_residual,1,S01,0,switch,0,51703,20,0,0,19,159.728,0,0,20,0
19,allocate_send_arrival,1,S01,0,switch,0,51708,23,0,0,19,159.728,0,11.9456,20,0
19,enqueue_residual,1,S01,0,switch,0,51708,23,0,0,19,159.728,0,0,20,0
19,allocate_send_arrival,1,S01,0,switch,0,51701,30,0,0,19,159.728,0,11.9456,20,0
19,enqueue_residual,1,S01,0,switch,0,51701,30,0,0,19,159.728,0,0,20,0
19,allocate_send_arrival,1,S01,0,switch,0,51705,38,0,0,19,159.728,0,11.9456,20,0
19,enqueue_residual,1,S01,0,switch,0,51705,38,0,0,19,159.728,0,0,20,0
19,allocate_send_arrival,36,S18,0,switch,35,51712,72,0,0,19,247.316,0,51.655,0,0
19,allocate_send_arrival,56,S36,2,switch,4,51714,35,0,0,19,112.305,0,62.5,0,0
19,allocate_send_arrival,44,S23,0,switch,43,51711,88,0,0,19,211.017,0,50.826,0,0
19,allocate_send_arrival,5,S63,0,switch,0,51700,63,0,0,19,259.679,0,62.5,0,0
19,allocate_send_arrival,12,S04,0,switch,6,51701,30,0,0,19,184.169,0,31.9456,0,0
19,allocate_send_arrival,0,S00,5,terminal,0,51705,38,0,0,19,1000,0,31.9456,0,0
19,allocate_send_arrival,0,S00,5,terminal,0,51715,98,0,0,19,1000,0,50.826,0,0
19,allocate_send_arrival,0,S00,5,terminal,0,51711,88,0,0,19,1000,0,50.826,0,0
19,allocate_send_arrival,0,S00,5,terminal,0,51713,64,0,0,19,1000,0,50.826,0,0
19,allocate_send_arrival,0,S00,5,terminal,0,51708,23,0,0,19,1000,0,31.9456,0,0
19,allocate_send_arrival,0,S00,5,terminal,0,51701,30,0,0,19,1000,0,31.9456,0,0
19,allocate_send_arrival,0,S00,5,terminal,0,51702,110,0,0,19,1000,0,51.655,0,0
19,allocate_send_arrival,0,S00,5,terminal,0,51710,48,0,0,19,1000,0,59.5645,0,0
19,allocate_send_arrival,0,S00,5,terminal,0,51706,21,0,0,19,1000,0,31.9456,0,0
19,allocate_send_arrival,0,S00,5,terminal,0,51712,72,0,0,19,1000,0,51.655,0,0
19,allocate_send_arrival,0,S00,5,terminal,0,51714,35,0,0,19,1000,0,62.5,7.27596e-15,0
19,allocate_send_arrival,0,S00,5,terminal,0,51703,20,0,0,19,1000,0,31.9456,0,0
19,allocate_send_arrival,0,S00,5,terminal,0,51707,40,0,0,19,1000,0,50.826,0,0
19,allocate_send_arrival,0,S00,5,terminal,0,51709,85,0,0,19,1000,0,59.5645,0,0
19,allocate_send_arrival,0,S00,5,terminal,0,51704,94,0,0,19,1000,0,62.5,7.27596e-15,0
19,allocate_send_arrival,0,S00,5,terminal,0,51700,63,0,0,19,1000,0,62.5,7.27596e-15,0
19,allocate_send_arrival,22,S07,3,switch,26,51710,48,0,0,19,124.406,0,59.5645,0,0
19,allocate_send_arrival,19,S06,3,switch,10,51705,38,0,0,19,169.014,0,31.9456,0,0
19,allocate_send_arrival,20,S15,4,switch,32,51707,40,0,0,19,143.593,0,50.826,0,0
19,allocate_send_arrival,37,S32,0,switch,0,51702,110,0,0,19,103.31,0,1.655,50,0
19,enqueue_residual,37,S32,0,switch,0,51702,110,0,0,19,103.31,0,0,50,0
19,allocate_send_arrival,37,S32,0,switch,0,51712,72,0,0,19,103.31,0,1.655,50,0
19,enqueue_residual,37,S32,0,switch,0,51712,72,0,0,19,103.31,0,0,50,0
19,allocate_send_arrival,49,S26,0,switch,43,51715,98,0,0,19,126.404,0,50.826,0,0
19,allocate_send_arrival,6,S02,0,switch,1,51708,23,0,0,19,138.732,0,31.9456,0,0
19,allocate_send_arrival,6,S02,0,switch,1,51701,30,0,0,19,138.732,0,31.9456,0,0
19,allocate_send_arrival,35,S17,2,switch,37,51712,72,0,0,19,246.878,0,51.655,0,0
19,allocate_send_arrival,55,S60,1,switch,37,51702,110,0,0,19,243.133,0,51.655,0,0
19,allocate_send_arrival,15,S05,0,switch,12,51701,30,0,0,19,134.869,0,31.9456,0,0
19,allocate_send_arrival,32,S21,1,switch,43,51713,64,0,0,19,261.425,0,50.826,0,0
19,allocate_send_arrival,32,S21,1,switch,43,51707,40,0,0,19,261.425,0,50.826,0,0
19,allocate_send_arrival,4,S37,0,switch,0,51704,94,0,0,19,203.508,0,62.5,0,0
19,allocate_send_arrival,4,S37,0,switch,0,51714,35,0,0,19,203.508,0,62.5,0,0
19,allocate_send_arrival,31,S62,3,switch,5,51700,63,0,0,19,238.676,0,62.5,0,0
19,allocate_send_arrival,10,S61,0,switch,1,51705,38,0,0,19,227.172,0,31.9456,3.63798e-15,0
19,allocate_send_arrival,10,S61,0,switch,1,51706,21,0,0,19,227.172,0,31.9456,3.63798e-15,0
19,allocate_send_arrival,10,S61,0,switch,1,51703,20,0,0,19,227.172,0,31.9456,3.63798e-15,0
20,allocate_send_buffered,43,S22,0,switch,0,51707,40,0,0,20,203.304,100,25,0,0
20,allocate_send_buffered,43,S22,0,switch,0,51713,64,0,0,20,203.304,100,25,0,0
20,allocate_send_buffered,43,S22,0,switch,0,51715,98,0,0,20,203.304,100,25,0,0
20,allocate_send_buffered,43,S22,0,switch,0,51711,88,0,0,20,203.304,100,25,0,0
20,allocate_send_buffered,3,S27,0,switch,0,51710,48,0,0,20,119.129,100,50,0,0
20,allocate_send_buffered,3,S27,0,switch,0,51709,85,0,0,20,119.129,100,50,0,0
20,allocate_send_buffered,37,S32,0,switch,0,51702,110,0,0,20,103.31,100,50,0,0
20,allocate_send_buffered,37,S32,0,switch,0,51712,72,0,0,20,103.31,100,50,0,0
20,allocate_send_buffered,1,S01,0,switch,0,51706,21,0,0,20,159.728,100,20,0,0
20,allocate_send_buffered,1,S01,0,switch,0,51703,20,0,0,20,159.728,100,20,0,0
20,allocate_send_buffered,1,S01,0,switch,0,51708,23,0,0,20,159.728,100,20,3.63798e-15,0
20,allocate_send_buffered,1,S01,0,switch,0,51701,30,0,0,20,159.728,100,20,3.63798e-15,0
20,allocate_send_buffered,1,S01,0,switch,0,51705,38,0,0,20,159.728,100,20,0,0
20,stage_arrival,0,S00,5,terminal,0,51701,30,0,0,20,1000,0,0,11.9456,0
20,stage_arrival,31,S62,3,switch,5,51700,63,0,0,20,238.676,0,0,62.5,0
20,stage_arrival,0,S00,5,terminal,0,51712,72,0,0,20,1000,0,0,50,0
20,stage_arrival,6,S02,0,switch,1,51708,23,0,0,20,138.732,0,0,31.9456,0
20,stage_arrival_coalesce,0,S00,5,terminal,0,51712,72,0,0,20,1000,0,0,51.655,0
20,stage_arrival,19,S06,3,switch,10,51705,38,0,0,20,169.014,0,0,31.9456,0
20,stage_arrival,0,S00,5,terminal,0,51715,98,0,0,20,1000,0,0,25.826,0
20,stage_arrival,0,S00,5,terminal,0,51708,23,0,0,20,1000,0,0,20,0
20,stage_arrival,0,S00,5,terminal,0,51706,21,0,0,20,1000,0,0,11.9456,0
20,stage_arrival,0,S00,5,terminal,0,51714,35,0,0,20,1000,0,0,62.5,0
20,stage_arrival,6,S02,0,switch,1,51701,30,0,0,20,138.732,0,0,31.9456,0
20,stage_arrival,0,S00,5,terminal,0,51707,40,0,0,20,1000,0,0,25.826,0
20,stage_arrival,3,S27,0,switch,0,51709,85,0,0,20,119.129,0,0,59.5645,0
20,stage_arrival,1,S01,0,switch,0,51706,21,0,0,20,159.728,0,0,31.9456,0
20,stage_arrival,1,S01,0,switch,0,51703,20,0,0,20,159.728,0,0,31.9456,0
20,stage_arrival,0,S00,5,terminal,0,51702,110,0,0,20,1000,0,0,50,0
20,stage_arrival,43,S22,0,switch,0,51715,98,0,0,20,203.304,0,0,50.826,0
20,stage_arrival,1,S01,0,switch,0,51701,30,0,0,20,159.728,0,0,31.9456,0
20,stage_arrival,17,S35,1,switch,56,51714,35,0,0,20,252.252,0,0,62.5,0
20,stage_arrival,43,S22,0,switch,0,51713,64,0,0,20,203.304,0,0,50.826,0
20,stage_arrival,11,S03,0,switch,6,51708,23,0,0,20,132.338,0,0,31.9456,0
20,stage_arrival,24,S08,0,switch,22,51710,48,0,0,20,182.424,0,0,59.5645,0
20,stage_arrival,0,S00,5,terminal,0,51700,63,0,0,20,1000,0,0,62.5,0
20,stage_arrival,32,S21,1,switch,43,51713,64,0,0,20,261.425,0,0,50.826,0
20,stage_arrival,10,S61,0,switch,1,51706,21,0,0,20,227.172,0,0,31.9456,0
20,stage_arrival_coalesce,0,S00,5,terminal,0,51701,30,0,0,20,1000,0,0,31.9456,0
20,stage_arrival,0,S00,5,terminal,0,51709,85,0,0,20,1000,0,0,50,0
20,stage_arrival,0,S00,5,terminal,0,51703,20,0,0,20,1000,0,0,11.9456,0
20,stage_arrival,1,S01,0,switch,0,51708,23,0,0,20,159.728,0,0,31.9456,0
20,stage_arrival,0,S00,5,terminal,0,51710,48,0,0,20,1000,0,0,50,0
20,stage_arrival,10,S61,0,switch,1,51705,38,0,0,20,227.172,0,0,31.9456,0
20,stage_arrival,43,S22,0,switch,0,51707,40,0,0,20,203.304,0,0,50.826,0
20,stage_arrival_coalesce,0,S00,5,terminal,0,51708,23,0,0,20,1000,0,0,31.9456,0
20,stage_arrival,4,S37,0,switch,0,51714,35,0,0,20,203.508,0,0,62.5,0
20,stage_arrival,12,S04,0,switch,6,51701,30,0,0,20,184.169,0,0,31.9456,0
20,stage_arrival,0,S00,5,terminal,0,51705,38,0,0,20,1000,0,0,11.9456,0
20,stage_arrival_coalesce,0,S00,5,terminal,0,51715,98,0,0,20,1000,0,0,50.826,0
20,stage_arrival,3,S27,0,switch,0,51710,48,0,0,20,119.129,0,0,59.5645,0
20,stage_arrival,5,S63,0,switch,0,51700,63,0,0,20,259.679,0,0,62.5,0
20,stage_arrival,0,S00,5,terminal,0,51704,94,0,0,20,1000,0,0,62.5,0
20,stage_arrival,47,S25,2,switch,4,51704,94,0,0,20,166.312,0,0,62.5,0
20,stage_arrival_coalesce,0,S00,5,terminal,0,51703,20,0,0,20,1000,0,0,31.9456,0
20,stage_arrival_coalesce,0,S00,5,terminal,0,51710,48,0,0,20,1000,0,0,59.5645,0
20,stage_arrival,22,S07,3,switch,26,51710,48,0,0,20,124.406,0,0,59.5645,0
20,stage_arrival,56,S36,2,switch,4,51714,35,0,0,20,112.305,0,0,62.5,0
20,stage_arrival,0,S00,5,terminal,0,51711,88,0,0,20,1000,0,0,25,0
20,stage_arrival,55,S60,1,switch,37,51702,110,0,0,20,243.133,0,0,51.655,0
20,stage_arrival_coalesce,0,S00,5,terminal,0,51702,110,0,0,20,1000,0,0,51.655,0
20,stage_arrival,44,S23,0,switch,43,51711,88,0,0,20,211.017,0,0,50.826,0
20,stage_arrival_coalesce,0,S00,5,terminal,0,51711,88,0,0,20,1000,0,0,50.826,0
20,stage_arrival,37,S32,0,switch,0,51712,72,0,0,20,103.31,0,0,51.655,0
20,stage_arrival,20,S15,4,switch,32,51707,40,0,0,20,143.593,0,0,50.826,0
20,stage_arrival_coalesce,0,S00,5,terminal,0,51707,40,0,0,20,1000,0,0,50.826,0
20,stage_arrival,1,S01,0,switch,0,51705,38,0,0,20,159.728,0,0,31.9456,0
20,stage_arrival_coalesce,0,S00,5,terminal,0,51705,38,0,0,20,1000,0,0,31.9456,0
20,stage_arrival,42,S20,2,switch,3,51709,85,0,0,20,251.806,0,0,59.5645,0
20,stage_arrival,4,S37,0,switch,0,51704,94,0,0,20,203.508,0,0,62.5,0
20,stage_arrival,36,S18,0,switch,35,51712,72,0,0,20,247.316,0,0,51.655,0
20,stage_arrival,0,S00,5,terminal,0,51713,64,0,0,20,1000,0,0,25,0
20,stage_arrival,15,S05,0,switch,12,51701,30,0,0,20,134.869,0,0,31.9456,0
20,stage_arrival_coalesce,0,S00,5,terminal,0,51706,21,0,0,20,1000,0,0,31.9456,0
20,stage_arrival,32,S21,1,switch,43,51707,40,0,0,20,261.425,0,0,50.826,0
20,stage_arrival,10,S61,0,switch,1,51703,20,0,0,20,227.172,0,0,31.9456,0
20,stage_arrival,43,S22,0,switch,0,51711,88,0,0,20,203.304,0,0,50.826,0
20,stage_arrival,37,S32,0,switch,0,51702,110,0,0,20,103.31,0,0,51.655,0
20,stage_arrival_coalesce,0,S00,5,terminal,0,51713,64,0,0,20,1000,0,0,50.826,0
20,stage_arrival,26,S33,0,switch,3,51710,48,0,0,20,174.708,0,0,59.5645,0
20,stage_arrival,35,S17,2,switch,37,51712,72,0,0,20,246.878,0,0,51.655,0
20,stage_arrival_coalesce,0,S00,5,terminal,0,51709,85,0,0,20,1000,0,0,59.5645,0
20,stage_arrival,49,S26,0,switch,43,51715,98,0,0,20,126.404,0,0,50.826,0
20,allocate_send_arrival,5,S63,0,switch,0,51700,63,0,0,20,259.679,0,62.5,0,0
20,allocate_send_arrival,26,S33,0,switch,3,51710,48,0,0,20,174.708,0,59.5645,0,0
20,allocate_send_arrival,24,S08,0,switch,22,51710,48,0,0,20,182.424,0,59.5645,0,0
20,allocate_send_arrival,43,S22,0,switch,0,51715,98,0,0,20,203.304,0,25.826,25,0
20,enqueue_residual,43,S22,0,switch,0,51715,98,0,0,20,203.304,0,0,25,0
20,allocate_send_arrival,43,S22,0,switch,0,51713,64,0,0,20,203.304,0,25.826,25,0
20,enqueue_residual,43,S22,0,switch,0,51713,64,0,0,20,203.304,0,0,25,0
20,allocate_send_arrival,43,S22,0,switch,0,51707,40,0,0,20,203.304,0,25.826,25,0
20,enqueue_residual,43,S22,0,switch,0,51707,40,0,0,20,203.304,0,0,25,0
20,allocate_send_arrival,43,S22,0,switch,0,51711,88,0,0,20,203.304,0,25.826,25,0
20,enqueue_residual,43,S22,0,switch,0,51711,88,0,0,20,203.304,0,0,25,0
20,allocate_send_arrival,20,S15,4,switch,32,51707,40,0,0,20,143.593,0,50.826,0,0
20,allocate_send_arrival,35,S17,2,switch,37,51712,72,0,0,20,246.878,0,51.655,0,0
20,allocate_send_arrival,49,S26,0,switch,43,51715,98,0,0,20,126.404,0,50.826,0,0
20,allocate_send_arrival,36,S18,0,switch,35,51712,72,0,0,20,247.316,0,51.655,0,0
20,allocate_send_arrival,12,S04,0,switch,6,51701,30,0,0,20,184.169,0,31.9456,0,0
20,allocate_send_arrival,15,S05,0,switch,12,51701,30,0,0,20,134.869,0,31.9456,0,0
20,allocate_send_arrival,37,S32,0,switch,0,51712,72,0,0,20,103.31,0,1.655,50,0
20,enqueue_residual,37,S32,0,switch,0,51712,72,0,0,20,103.31,0,0,50,0
20,allocate_send_arrival,37,S32,0,switch,0,51702,110,0,0,20,103.31,0,1.655,50,0
20,enqueue_residual,37,S32,0,switch,0,51702,110,0,0,20,103.31,0,0,50,0
20,allocate_send_arrival,47,S25,2,switch,4,51704,94,0,0,20,166.312,0,62.5,0,0
20,allocate_send_arrival,10,S61,0,switch,1,51706,21,0,0,20,227.172,0,31.9456,3.63798e-15,0
20,allocate_send_arrival,10,S61,0,switch,1,51705,38,0,0,20,227.172,0,31.9456,3.63798e-15,0
20,allocate_send_arrival,10,S61,0,switch,1,51703,20,0,0,20,227.172,0,31.9456,3.63798e-15,0
20,allocate_send_arrival,0,S00,5,terminal,0,51701,30,0,0,20,1000,0,31.9456,0,0
20,allocate_send_arrival,0,S00,5,terminal,0,51712,72,0,0,20,1000,0,51.655,0,0
20,allocate_send_arrival,0,S00,5,terminal,0,51715,98,0,0,20,1000,0,50.826,0,0
20,allocate_send_arrival,0,S00,5,terminal,0,51708,23,0,0,20,1000,0,31.9456,0,0
20,allocate_send_arrival,0,S00,5,terminal,0,51706,21,0,0,20,1000,0,31.9456,0,0
20,allocate_send_arrival,0,S00,5,terminal,0,51714,35,0,0,20,1000,0,62.5,7.27596e-15,0
20,allocate_send_arrival,0,S00,5,terminal,0,51707,40,0,0,20,1000,0,50.826,0,0
20,allocate_send_arrival,0,S00,5,terminal,0,51702,110,0,0,20,1000,0,51.655,0,0
20,allocate_send_arrival,0,S00,5,terminal,0,51700,63,0,0,20,1000,0,62.5,7.27596e-15,0
20,allocate_send_arrival,0,S00,5,terminal,0,51709,85,0,0,20,1000,0,59.5645,0,0
20,allocate_send_arrival,0,S00,5,terminal,0,51703,20,0,0,20,1000,0,31.9456,0,0
20,allocate_send_arrival,0,S00,5,terminal,0,51710,48,0,0,20,1000,0,59.5645,0,0
20,allocate_send_arrival,0,S00,5,terminal,0,51705,38,0,0,20,1000,0,31.9456,0,0
20,allocate_send_arrival,0,S00,5,terminal,0,51704,94,0,0,20,1000,0,62.5,7.27596e-15,0
20,allocate_send_arrival,0,S00,5,terminal,0,51711,88,0,0,20,1000,0,50.826,0,0
20,allocate_send_arrival,0,S00,5,terminal,0,51713,64,0,0,20,1000,0,50.826,0,0
20,allocate_send_arrival,32,S21,1,switch,43,51713,64,0,0,20,261.425,0,50.826,0,0
20,allocate_send_arrival,32,S21,1,switch,43,51707,40,0,0,20,261.425,0,50.826,0,0
20,allocate_send_arrival,17,S35,1,switch,56,51714,35,0,0,20,252.252,0,62.5,0,0
20,allocate_send_arrival,42,S20,2,switch,3,51709,85,0,0,20,251.806,0,59.5645,0,0
20,allocate_send_arrival,11,S03,0,switch,6,51708,23,0,0,20,132.338,0,31.9456,0,0
20,allocate_send_arrival,56,S36,2,switch,4,51714,35,0,0,20,112.305,0,62.5,0,0
20,allocate_send_arrival,1,S01,0,switch,0,51706,21,0,0,20,159.728,0,11.9456,20,0
20,enqueue_residual,1,S01,0,switch,0,51706,21,0,0,20,159.728,0,0,20,0
20,allocate_send_arrival,1,S01,0,switch,0,51703,20,0,0,20,159.728,0,11.9456,20,0
20,enqueue_residual,1,S01,0,switch,0,51703,20,0,0,20,159.728,0,0,20,0
20,allocate_send_arrival,1,S01,0,switch,0,51701,30,0,0,20,159.728,0,11.9456,20,0
20,enqueue_residual,1,S01,0,switch,0,51701,30,0,0,20,159.728,0,0,20,0
20,allocate_send_arrival,1,S01,0,switch,0,51708,23,0,0,20,159.728,0,11.9456,20,0
20,enqueue_residual,1,S01,0,switch,0,51708,23,0,0,20,159.728,0,0,20,0
20,allocate_send_arrival,1,S01,0,switch,0,51705,38,0,0,20,159.728,0,11.9456,20,0
20,enqueue_residual,1,S01,0,switch,0,51705,38,0,0,20,159.728,0,0,20,0
20,allocate_send_arrival,3,S27,0,switch,0,51709,85,0,0,20,119.129,0,9.5645,50,0
20,enqueue_residual,3,S27,0,switch,0,51709,85,0,0,20,119.129,0,0,50,0
20,allocate_send_arrival,3,S27,0,switch,0,51710,48,0,0,20,119.129,0,9.5645,50,0
20,enqueue_residual,3,S27,0,switch,0,51710,48,0,0,20,119.129,0,0,50,0
20,allocate_send_arrival,31,S62,3,switch,5,51700,63,0,0,20,238.676,0,62.5,0,0
20,allocate_send_arrival,6,S02,0,switch,1,51708,23,0,0,20,138.732,0,31.9456,0,0
20,allocate_send_arrival,6,S02,0,switch,1,51701,30,0,0,20,138.732,0,31.9456,0,0
20,allocate_send_arrival,22,S07,3,switch,26,51710,48,0,0,20,124.406,0,59.5645,0,0
20,allocate_send_arrival,44,S23,0,switch,43,51711,88,0,0,20,211.017,0,50.826,0,0
20,allocate_send_arrival,4,S37,0,switch,0,51714,35,0,0,20,203.508,0,62.5,0,0
20,allocate_send_arrival,4,S37,0,switch,0,51704,94,0,0,20,203.508,0,62.5,0,0
20,allocate_send_arrival,19,S06,3,switch,10,51705,38,0,0,20,169.014,0,31.9456,0,0
20,allocate_send_arrival,55,S60,1,switch,37,51702,110,0,0,20,243.133,0,51.655,0,0
21,allocate_send_buffered,43,S22,0,switch,0,51715,98,0,0,21,203.304,100,25,0,0
21,allocate_send_buffered,43,S22,0,switch,0,51713,64,0,0,21,203.304,100,25,0,0
21,allocate_send_buffered,43,S22,0,switch,0,51707,40,0,0,21,203.304,100,25,0,0
21,allocate_send_buffered,43,S22,0,switch,0,51711,88,0,0,21,203.304,100,25,0,0
21,allocate_send_buffered,3,S27,0,switch,0,51709,85,0,0,21,119.129,100,50,0,0
21,allocate_send_buffered,3,S27,0,switch,0,51710,48,0,0,21,119.129,100,50,0,0
21,allocate_send_buffered,1,S01,0,switch,0,51706,21,0,0,21,159.728,100,20,0,0
21,allocate_send_buffered,1,S01,0,switch,0,51703,20,0,0,21,159.728,100,20,0,0
21,allocate_send_buffered,1,S01,0,switch,0,51701,30,0,0,21,159.728,100,20,0,0
21,allocate_send_buffered,1,S01,0,switch,0,51708,23,0,0,21,159.728,100,20,0,0
21,allocate_send_buffered,1,S01,0,switch,0,51705,38,0,0,21,159.728,100,20,0,0
21,allocate_send_buffered,37,S32,0,switch,0,51712,72,0,0,21,103.31,100,50,0,0
21,allocate_send_buffered,37,S32,0,switch,0,51702,110,0,0,21,103.31,100,50,0,0
21,stage_arrival,0,S00,5,terminal,0,51715,98,0,0,21,1000,0,0,25,0
21,stage_arrival,0,S00,5,terminal,0,51713,64,0,0,21,1000,0,0,25.826,0
21,stage_arrival_coalesce,0,S00,5,terminal,0,51713,64,0,0,21,1000,0,0,50.826,0
21,stage_arrival,12,S04,0,switch,6,51701,30,0,0,21,184.169,0,0,31.9456,0
21,stage_arrival,43,S22,0,switch,0,51715,98,0,0,21,203.304,0,0,50.826,0
21,stage_arrival,0,S00,5,terminal,0,51701,30,0,0,21,1000,0,0,20,0
21,stage_arrival,0,S00,5,terminal,0,51710,48,0,0,21,1000,0,0,9.5645,0
21,stage_arrival,0,S00,5,terminal,0,51712,72,0,0,21,1000,0,0,1.655,0
21,stage_arrival,10,S61,0,switch,1,51705,38,0,0,21,227.172,0,0,31.9456,0
21,stage_arrival,3,S27,0,switch,0,51710,48,0,0,21,119.129,0,0,59.5645,0
21,stage_arrival,0,S00,5,terminal,0,51714,35,0,0,21,1000,0,0,62.5,0
21,stage_arrival,26,S33,0,switch,3,51710,48,0,0,21,174.708,0,0,59.5645,0
21,stage_arrival,1,S01,0,switch,0,51705,38,0,0,21,159.728,0,0,31.9456,0
21,stage_arrival,4,S37,0,switch,0,51714,35,0,0,21,203.508,0,0,62.5,0
21,stage_arrival_coalesce,0,S00,5,terminal,0,51701,30,0,0,21,1000,0,0,31.9456,0
21,stage_arrival,22,S07,3,switch,26,51710,48,0,0,21,124.406,0,0,59.5645,0
21,stage_arrival,1,S01,0,switch,0,51703,20,0,0,21,159.728,0,0,31.9456,0
21,stage_arrival,42,S20,2,switch,3,51709,85,0,0,21,251.806,0,0,59.5645,0
21,stage_arrival,0,S00,5,terminal,0,51700,63,0,0,21,1000,0,0,62.5,0
21,stage_arrival,0,S00,5,terminal,0,51703,20,0,0,21,1000,0,0,11.9456,0
21,stage_arrival,24,S08,0,switch,22,51710,48,0,0,21,182.424,0,0,59.5645,0
21,stage_arrival_coalesce,0,S00,5,terminal,0,51712,72,0,0,21,1000,0,0,51.655,0
21,stage_arrival,0,S00,5,terminal,0,51709,85,0,0,21,1000,0,0,9.5645,0
21,stage_arrival_coalesce,0,S00,5,terminal,0,51709,85,0,0,21,1000,0,0,59.5645,0
21,stage_arrival,1,S01,0,switch,0,51708,23,0,0,21,159.728,0,0,31.9456,0
21,stage_arrival,0,S00,5,terminal,0,51702,110,0,0,21,1000,0,0,1.655,0
21,stage_arrival,20,S15,4,switch,32,51707,40,0,0,21,143.593,0,0,50.826,0
21,stage_arrival,0,S00,5,terminal,0,51711,88,0,0,21,1000,0,0,25.826,0
21,stage_arrival,0,S00,5,terminal,0,51705,38,0,0,21,1000,0,0,11.9456,0
21,stage_arrival_coalesce,0,S00,5,terminal,0,51715,98,0,0,21,1000,0,0,50.826,0
21,stage_arrival_coalesce,0,S00,5,terminal,0,51705,38,0,0,21,1000,0,0,31.9456,0
21,stage_arrival,32,S21,1,switch,43,51707,40,0,0,21,261.425,0,0,50.826,0
21,stage_arrival,49,S26,0,switch,43,51715,98,0,0,21,126.404,0,0,50.826,0
21,stage_arrival,35,S17,2,switch,37,51712,72,0,0,21,246.878,0,0,51.655,0
21,stage_arrival,37,S32,0,switch,0,51702,110,0,0,21,103.31,0,0,51.655,0
21,stage_arrival,1,S01,0,switch,0,51701,30,0,0,21,159.728,0,0,31.9456,0
21,stage_arrival,44,S23,0,switch,43,51711,88,0,0,21,211.017,0,0,50.826,0
21,stage_arrival,6,S02,0,switch,1,51701,30,0,0,21,138.732,0,0,31.9456,0
21,stage_arrival,3,S27,0,switch,0,51709,85,0,0,21,119.129,0,0,59.5645,0
21,stage_arrival,1,S01,0,switch,0,51706,21,0,0,21,159.728,0,0,31.9456,0
21,stage_arrival,0,S00,5,terminal,0,51704,94,0,0,21,1000,0,0,62.5,0
21,stage_arrival_coalesce,0,S00,5,terminal,0,51702,110,0,0,21,1000,0,0,51.655,0
21,stage_arrival,0,S00,5,terminal,0,51708,23,0,0,21,1000,0,0,20,0
21,stage_arrival,10,S61,0,switch,1,51703,20,0,0,21,227.172,0,0,31.9456,0
21,stage_arrival,17,S35,1,switch,56,51714,35,0,0,21,252.252,0,0,62.5,0
21,stage_arrival,15,S05,0,switch,12,51701,30,0,0,21,134.869,0,0,31.9456,0
21,stage_arrival,0,S00,5,terminal,0,51707,40,0,0,21,1000,0,0,25.826,0
21,stage_arrival_coalesce,0,S00,5,terminal,0,51703,20,0,0,21,1000,0,0,31.9456,0
21,stage_arrival,47,S25,2,switch,4,51704,94,0,0,21,166.312,0,0,62.5,0
21,stage_arrival,43,S22,0,switch,0,51711,88,0,0,21,203.304,0,0,50.826,0
21,stage_arrival,36,S18,0,switch,35,51712,72,0,0,21,247.316,0,0,51.655,0
21,stage_arrival,56,S36,2,switch,4,51714,35,0,0,21,112.305,0,0,62.5,0
21,stage_arrival_coalesce,0,S00,5,terminal,0,51708,23,0,0,21,1000,0,0,31.9456,0
21,stage_arrival,4,S37,0,switch,0,51704,94,0,0,21,203.508,0,0,62.5,0
21,stage_arrival,31,S62,3,switch,5,51700,63,0,0,21,238.676,0,0,62.5,0
21,stage_arrival,32,S21,1,switch,43,51713,64,0,0,21,261.425,0,0,50.826,0
21,stage_arrival,55,S60,1,switch,37,51702,110,0,0,21,243.133,0,0,51.655,0
21,stage_arrival_coalesce,0,S00,5,terminal,0,51711,88,0,0,21,1000,0,0,50.826,0
21,stage_arrival,0,S00,5,terminal,0,51706,21,0,0,21,1000,0,0,20,0
21,stage_arrival,43,S22,0,switch,0,51707,40,0,0,21,203.304,0,0,50.826,0
21,stage_arrival_coalesce,0,S00,5,terminal,0,51706,21,0,0,21,1000,0,0,31.9456,0
21,stage_arrival,11,S03,0,switch,6,51708,23,0,0,21,132.338,0,0,31.9456,0
21,stage_arrival,19,S06,3,switch,10,51705,38,0,0,21,169.014,0,0,31.9456,0
21,stage_arrival_coalesce,0,S00,5,terminal,0,51707,40,0,0,21,1000,0,0,50.826,0
21,stage_arrival,6,S02,0,switch,1,51708,23,0,0,21,138.732,0,0,31.9456,0
21,stage_arrival_coalesce,0,S00,5,terminal,0,51710,48,0,0,21,1000,0,0,59.5645,0
21,stage_arrival,43,S22,0,switch,0,51713,64,0,0,21,203.304,0,0,50.826,0
21,stage_arrival,5,S63,0,switch,0,51700,63,0,0,21,259.679,0,0,62.5,0
21,stage_arrival,37,S32,0,switch,0,51712,72,0,0,21,103.31,0,0,51.655,0
21,stage_arrival,10,S61,0,switch,1,51706,21,0,0,21,227.172,0,0,31.9456,0
21,allocate_send_arrival,20,S15,4,switch,32,51707,40,0,0,21,143.593,0,50.826,0,0
21,allocate_send_arrival,10,S61,0,switch,1,51705,38,0,0,21,227.172,0,31.9456,3.63798e-15,0
21,allocate_send_arrival,10,S61,0,switch,1,51703,20,0,0,21,227.172,0,31.9456,3.63798e-15,0
21,allocate_send_arrival,10,S61,0,switch,1,51706,21,0,0,21,227.172,0,31.9456,3.63798e-15,0
21,allocate_send_arrival,56,S36,2,switch,4,51714,35,0,0,21,112.305,0,62.5,0,0
21,allocate_send_arrival,43,S22,0,switch,0,51715,98,0,0,21,203.304,0,25.826,25,0
21,enqueue_residual,43,S22,0,switch,0,51715,98,0,0,21,203.304,0,0,25,0
21,allocate_send_arrival,43,S22,0,switch,0,51711,88,0,0,21,203.304,0,25.826,25,0
21,enqueue_residual,43,S22,0,switch,0,51711,88,0,0,21,203.304,0,0,25,0
21,allocate_send_arrival,43,S22,0,switch,0,51707,40,0,0,21,203.304,0,25.826,25,0
21,enqueue_residual,43,S22,0,switch,0,51707,40,0,0,21,203.304,0,0,25,0
21,allocate_send_arrival,43,S22,0,switch,0,51713,64,0,0,21,203.304,0,25.826,25,0
21,enqueue_residual,43,S22,0,switch,0,51713,64,0,0,21,203.304,0,0,25,0
21,allocate_send_arrival,22,S07,3,switch,26,51710,48,0,0,21,124.406,0,59.5645,0,0
21,allocate_send_arrival,47,S25,2,switch,4,51704,94,0,0,21,166.312,0,62.5,0,0
21,allocate_send_arrival,12,S04,0,switch,6,51701,30,0,0,21,184.169,0,31.9456,0,0
21,allocate_send_arrival,35,S17,2,switch,37,51712,72,0,0,21,246.878,0,51.655,0,0
21,allocate_send_arrival,42,S20,2,switch,3,51709,85,0,0,21,251.806,0,59.5645,0,0
21,allocate_send_arrival,49,S26,0,switch,43,51715,98,0,0,21,126.404,0,50.826,0,0
21,allocate_send_arrival,5,S63,0,switch,0,51700,63,0,0,21,259.679,0,62.5,0,0
21,allocate_send_arrival,32,S21,1,switch,43,51707,40,0,0,21,261.425,0,50.826,0,0
21,allocate_send_arrival,32,S21,1,switch,43,51713,64,0,0,21,261.425,0,50.826,0,0
21,allocate_send_arrival,11,S03,0,switch,6,51708,23,0,0,21,132.338,0,31.9456,0,0
21,allocate_send_arrival,44,S23,0,switch,43,51711,88,0,0,21,211.017,0,50.826,0,0
21,allocate_send_arrival,36,S18,0,switch,35,51712,72,0,0,21,247.316,0,51.655,0,0
21,allocate_send_arrival,55,S60,1,switch,37,51702,110,0,0,21,243.133,0,51.655,0,0
21,allocate_send_arrival,6,S02,0,switch,1,51701,30,0,0,21,138.732,0,31.9456,0,0
21,allocate_send_arrival,6,S02,0,switch,1,51708,23,0,0,21,138.732,0,31.9456,0,0
21,allocate_send_arrival,26,S33,0,switch,3,51710,48,0,0,21,174.708,0,59.5645,0,0
21,allocate_send_arrival,4,S37,0,switch,0,51714,35,0,0,21,203.508,0,62.5,0,0
21,allocate_send_arrival,4,S37,0,switch,0,51704,94,0,0,21,203.508,0,62.5,0,0
21,allocate_send_arrival,0,S00,5,terminal,0,51715,98,0,0,21,1000,0,50.826,0,0
21,allocate_send_arrival,0,S00,5,terminal,0,51713,64,0,0,21,1000,0,50.826,0,0
21,allocate_send_arrival,0,S00,5,terminal,0,51701,30,0,0,21,1000,0,31.9456,0,0
21,allocate_send_arrival,0,S00,5,terminal,0,51710,48,0,0,21,1000,0,59.5645,0,0
21,allocate_send_arrival,0,S00,5,terminal,0,51712,72,0,0,21,1000,0,51.655,0,0
21,allocate_send_arrival,0,S00,5,terminal,0,51714,35,0,0,21,1000,0,62.5,2.18279e-14,0
21,allocate_send_arrival,0,S00,5,terminal,0,51700,63,0,0,21,1000,0,62.5,2.18279e-14,0
21,allocate_send_arrival,0,S00,5,terminal,0,51703,20,0,0,21,1000,0,31.9456,0,0
21,allocate_send_arrival,0,S00,5,terminal,0,51709,85,0,0,21,1000,0,59.5645,0,0
21,allocate_send_arrival,0,S00,5,terminal,0,51702,110,0,0,21,1000,0,51.655,0,0
21,allocate_send_arrival,0,S00,5,terminal,0,51711,88,0,0,21,1000,0,50.826,0,0
21,allocate_send_arrival,0,S00,5,terminal,0,51705,38,0,0,21,1000,0,31.9456,0,0
21,allocate_send_arrival,0,S00,5,terminal,0,51704,94,0,0,21,1000,0,62.5,2.18279e-14,0
21,allocate_send_arrival,0,S00,5,terminal,0,51708,23,0,0,21,1000,0,31.9456,0,0
21,allocate_send_arrival,0,S00,5,terminal,0,51707,40,0,0,21,1000,0,50.826,0,0
21,allocate_send_arrival,0,S00,5,terminal,0,51706,21,0,0,21,1000,0,31.9456,0,0
21,allocate_send_arrival,3,S27,0,switch,0,51710,48,0,0,21,119.129,0,9.5645,50,0
21,enqueue_residual,3,S27,0,switch,0,51710,48,0,0,21,119.129,0,0,50,0
21,allocate_send_arrival,3,S27,0,switch,0,51709,85,0,0,21,119.129,0,9.5645,50,0
21,enqueue_residual,3,S27,0,switch,0,51709,85,0,0,21,119.129,0,0,50,0
21,allocate_send_arrival,17,S35,1,switch,56,51714,35,0,0,21,252.252,0,62.5,0,0
21,allocate_send_arrival,15,S05,0,switch,12,51701,30,0,0,21,134.869,0,31.9456,0,0
21,allocate_send_arrival,31,S62,3,switch,5,51700,63,0,0,21,238.676,0,62.5,0,0
21,allocate_send_arrival,19,S06,3,switch,10,51705,38,0,0,21,169.014,0,31.9456,0,0
21,allocate_send_arrival,37,S32,0,switch,0,51702,110,0,0,21,103.31,0,1.655,50,0
21,enqueue_residual,37,S32,0,switch,0,51702,110,0,0,21,103.31,0,0,50,0
21,allocate_send_arrival,37,S32,0,switch,0,51712,72,0,0,21,103.31,0,1.655,50,0
21,enqueue_residual,37,S32,0,switch,0,51712,72,0,0,21,103.31,0,0,50,0
21,allocate_send_arrival,1,S01,0,switch,0,51705,38,0,0,21,159.728,0,11.9456,20,0
21,enqueue_residual,1,S01,0,switch,0,51705,38,0,0,21,159.728,0,0,20,0
21,allocate_send_arrival,1,S01,0,switch,0,51703,20,0,0,21,159.728,0,11.9456,20,0
21,enqueue_residual,1,S01,0,switch,0,51703,20,0,0,21,159.728,0,0,20,0
21,allocate_send_arrival,1,S01,0,switch,0,51708,23,0,0,21,159.728,0,11.9456,20,0
21,enqueue_residual,1,S01,0,switch,0,51708,23,0,0,21,159.728,0,0,20,0
21,allocate_send_arrival,1,S01,0,switch,0,51701,30,0,0,21,159.728,0,11.9456,20,0
21,enqueue_residual,1,S01,0,switch,0,51701,30,0,0,21,159.728,0,0,20,0
21,allocate_send_arrival,1,S01,0,switch,0,51706,21,0,0,21,159.728,0,11.9456,20,0
21,enqueue_residual,1,S01,0,switch,0,51706,21,0,0,21,159.728,0,0,20,0
21,allocate_send_arrival,24,S08,0,switch,22,51710,48,0,0,21,182.424,0,59.5645,0,0
22,allocate_send_buffered,37,S32,0,switch,0,51702,110,0,0,22,103.31,100,50,0,0
22,allocate_send_buffered,37,S32,0,switch,0,51712,72,0,0,22,103.31,100,50,0,0
22,allocate_send_buffered,43,S22,0,switch,0,51715,98,0,0,22,203.304,100,25,0,0
22,allocate_send_buffered,43,S22,0,switch,0,51711,88,0,0,22,203.304,100,25,0,0
22,allocate_send_buffered,43,S22,0,switch,0,51707,40,0,0,22,203.304,100,25,0,0
22,allocate_send_buffered,43,S22,0,switch,0,51713,64,0,0,22,203.304,100,25,0,0
22,allocate_send_buffered,3,S27,0,switch,0,51710,48,0,0,22,119.129,100,50,0,0
22,allocate_send_buffered,3,S27,0,switch,0,51709,85,0,0,22,119.129,100,50,0,0
22,allocate_send_buffered,1,S01,0,switch,0,51705,38,0,0,22,159.728,100,20,0,0
22,allocate_send_buffered,1,S01,0,switch,0,51703,20,0,0,22,159.728,100,20,0,0
22,allocate_send_buffered,1,S01,0,switch,0,51708,23,0,0,22,159.728,100,20,0,0
22,allocate_send_buffered,1,S01,0,switch,0,51701,30,0,0,22,159.728,100,20,0,0
22,allocate_send_buffered,1,S01,0,switch,0,51706,21,0,0,22,159.728,100,20,0,0
22,stage_arrival,0,S00,5,terminal,0,51705,38,0,0,22,1000,0,0,20,0
22,stage_arrival,0,S00,5,terminal,0,51704,94,0,0,22,1000,0,0,62.5,0
22,stage_arrival,6,S02,0,switch,1,51701,30,0,0,22,138.732,0,0,31.9456,0
22,stage_arrival,24,S08,0,switch,22,51710,48,0,0,22,182.424,0,0,59.5645,0
22,stage_arrival,0,S00,5,terminal,0,51707,40,0,0,22,1000,0,0,25,0
22,stage_arrival,17,S35,1,switch,56,51714,35,0,0,22,252.252,0,0,62.5,0
22,stage_arrival,10,S61,0,switch,1,51703,20,0,0,22,227.172,0,0,31.9456,0
22,stage_arrival,0,S00,5,terminal,0,51713,64,0,0,22,1000,0,0,25,0
22,stage_arrival,32,S21,1,switch,43,51713,64,0,0,22,261.425,0,0,50.826,0
22,stage_arrival,12,S04,0,switch,6,51701,30,0,0,22,184.169,0,0,31.9456,0
22,stage_arrival,56,S36,2,switch,4,51714,35,0,0,22,112.305,0,0,62.5,0
22,stage_arrival,0,S00,5,terminal,0,51710,48,0,0,22,1000,0,0,9.5645,0
22,stage_arrival,0,S00,5,terminal,0,51712,72,0,0,22,1000,0,0,1.655,0
22,stage_arrival,0,S00,5,terminal,0,51714,35,0,0,22,1000,0,0,62.5,0
22,stage_arrival,19,S06,3,switch,10,51705,38,0,0,22,169.014,0,0,31.9456,0
22,stage_arrival,43,S22,0,switch,0,51713,64,0,0,22,203.304,0,0,50.826,0
22,stage_arrival,0,S00,5,terminal,0,51711,88,0,0,22,1000,0,0,25.826,0
22,stage_arrival,3,S27,0,switch,0,51710,48,0,0,22,119.129,0,0,59.5645,0
22,stage_arrival,1,S01,0,switch,0,51705,38,0,0,22,159.728,0,0,31.9456,0
22,stage_arrival,10,S61,0,switch,1,51706,21,0,0,22,227.172,0,0,31.9456,0
22,stage_arrival_coalesce,0,S00,5,terminal,0,51705,38,0,0,22,1000,0,0,31.9456,0
22,stage_arrival,4,S37,0,switch,0,51714,35,0,0,22,203.508,0,0,62.5,0
22,stage_arrival,1,S01,0,switch,0,51708,23,0,0,22,159.728,0,0,31.9456,0
22,stage_arrival,0,S00,5,terminal,0,51715,98,0,0,22,1000,0,0,25,0
22,stage_arrival,0,S00,5,terminal,0,51702,110,0,0,22,1000,0,0,50,0
22,stage_arrival,43,S22,0,switch,0,51707,40,0,0,22,203.304,0,0,50.826,0
22,stage_arrival,1,S01,0,switch,0,51703,20,0,0,22,159.728,0,0,31.9456,0
22,stage_arrival,0,S00,5,terminal,0,51703,20,0,0,22,1000,0,0,20,0
22,stage_arrival,0,S00,5,terminal,0,51701,30,0,0,22,1000,0,0,20,0
22,stage_arrival_coalesce,0,S00,5,terminal,0,51701,30,0,0,22,1000,0,0,31.9456,0
22,stage_arrival_coalesce,0,S00,5,terminal,0,51707,40,0,0,22,1000,0,0,50.826,0
22,stage_arrival_coalesce,0,S00,5,terminal,0,51703,20,0,0,22,1000,0,0,31.9456,0
22,stage_arrival,0,S00,5,terminal,0,51708,23,0,0,22,1000,0,0,11.9456,0
22,stage_arrival,0,S00,5,terminal,0,51700,63,0,0,22,1000,0,0,62.5,0
22,stage_arrival,11,S03,0,switch,6,51708,23,0,0,22,132.338,0,0,31.9456,0
22,stage_arrival,6,S02,0,switch,1,51708,23,0,0,22,138.732,0,0,31.9456,0
22,stage_arrival,47,S25,2,switch,4,51704,94,0,0,22,166.312,0,0,62.5,0
22,stage_arrival,0,S00,5,terminal,0,51709,85,0,0,22,1000,0,0,50,0
22,stage_arrival,43,S22,0,switch,0,51711,88,0,0,22,203.304,0,0,50.826,0
22,stage_arrival_coalesce,0,S00,5,terminal,0,51702,110,0,0,22,1000,0,0,51.655,0
22,stage_arrival,49,S26,0,switch,43,51715,98,0,0,22,126.404,0,0,50.826,0
22,stage_arrival,0,S00,5,terminal,0,51706,21,0,0,22,1000,0,0,11.9456,0
22,stage_arrival,4,S37,0,switch,0,51704,94,0,0,22,203.508,0,0,62.5,0
22,stage_arrival,55,S60,1,switch,37,51702,110,0,0,22,243.133,0,0,51.655,0
22,stage_arrival,20,S15,4,switch,32,51707,40,0,0,22,143.593,0,0,50.826,0
22,stage_arrival_coalesce,0,S00,5,terminal,0,51711,88,0,0,22,1000,0,0,50.826,0
22,stage_arrival,15,S05,0,switch,12,51701,30,0,0,22,134.869,0,0,31.9456,0
22,stage_arrival,31,S62,3,switch,5,51700,63,0,0,22,238.676,0,0,62.5,0
22,stage_arrival_coalesce,0,S00,5,terminal,0,51709,85,0,0,22,1000,0,0,59.5645,0
22,stage_arrival,35,S17,2,switch,37,51712,72,0,0,22,246.878,0,0,51.655,0
22,stage_arrival,22,S07,3,switch,26,51710,48,0,0,22,124.406,0,0,59.5645,0
22,stage_arrival_coalesce,0,S00,5,terminal,0,51708,23,0,0,22,1000,0,0,31.9456,0
22,stage_arrival,10,S61,0,switch,1,51705,38,0,0,22,227.172,0,0,31.9456,0
22,stage_arrival,5,S63,0,switch,0,51700,63,0,0,22,259.679,0,0,62.5,0
22,stage_arrival,1,S01,0,switch,0,51701,30,0,0,22,159.728,0,0,31.9456,0
22,stage_arrival_coalesce,0,S00,5,terminal,0,51712,72,0,0,22,1000,0,0,51.655,0
22,stage_arrival_coalesce,0,S00,5,terminal,0,51715,98,0,0,22,1000,0,0,50.826,0
22,stage_arrival,44,S23,0,switch,43,51711,88,0,0,22,211.017,0,0,50.826,0
22,stage_arrival,3,S27,0,switch,0,51709,85,0,0,22,119.129,0,0,59.5645,0
22,stage_arrival,26,S33,0,switch,3,51710,48,0,0,22,174.708,0,0,59.5645,0
22,stage_arrival,42,S20,2,switch,3,51709,85,0,0,22,251.806,0,0,59.5645,0
22,stage_arrival,36,S18,0,switch,35,51712,72,0,0,22,247.316,0,0,51.655,0
22,stage_arrival,37,S32,0,switch,0,51702,110,0,0,22,103.31,0,0,51.655,0
22,stage_arrival_coalesce,0,S00,5,terminal,0,51706,21,0,0,22,1000,0,0,31.9456,0
22,stage_arrival,37,S32,0,switch,0,51712,72,0,0,22,103.31,0,0,51.655,0
22,stage_arrival,43,S22,0,switch,0,51715,98,0,0,22,203.304,0,0,50.826,0
22,stage_arrival_coalesce,0,S00,5,terminal,0,51713,64,0,0,22,1000,0,0,50.826,0
22,stage_arrival,32,S21,1,switch,43,51707,40,0,0,22,261.425,0,0,50.826,0
22,stage_arrival_coalesce,0,S00,5,terminal,0,51710,48,0,0,22,1000,0,0,59.5645,0
22,stage_arrival,1,S01,0,switch,0,51706,21,0,0,22,159.728,0,0,31.9456,0
22,allocate_send_arrival,20,S15,4,switch,32,51707,40,0,0,22,143.593,0,50.826,0,0
22,allocate_send_arrival,6,S02,0,switch,1,51701,30,0,0,22,138.732,0,31.9456,0,0
22,allocate_send_arrival,6,S02,0,switch,1,51708,23,0,0,22,138.732,0,31.9456,0,0
22,allocate_send_arrival,31,S62,3,switch,5,51700,63,0,0,22,238.676,0,62.5,0,0
22,allocate_send_arrival,56,S36,2,switch,4,51714,35,0,0,22,112.305,0,62.5,0,0
22,allocate_send_arrival,17,S35,1,switch,56,51714,35,0,0,22,252.252,0,62.5,0,0
22,allocate_send_arrival,55,S60,1,switch,37,51702,110,0,0,22,243.133,0,51.655,0,0
22,allocate_send_arrival,37,S32,0,switch,0,51702,110,0,0,22,103.31,0,1.655,50,0
22,enqueue_residual,37,S32,0,switch,0,51702,110,0,0,22,103.31,0,0,50,0
22,allocate_send_arrival,37,S32,0,switch,0,51712,72,0,0,22,103.31,0,1.655,50,0
22,enqueue_residual,37,S32,0,switch,0,51712,72,0,0,22,103.31,0,0,50,0
22,allocate_send_arrival,49,S26,0,switch,43,51715,98,0,0,22,126.404,0,50.826,0,0
22,allocate_send_arrival,19,S06,3,switch,10,51705,38,0,0,22,169.014,0,31.9456,0,0
22,allocate_send_arrival,0,S00,5,terminal,0,51705,38,0,0,22,1000,0,31.9456,0,0
22,allocate_send_arrival,0,S00,5,terminal,0,51704,94,0,0,22,1000,0,62.5,2.18279e-14,0
22,allocate_send_arrival,0,S00,5,terminal,0,51707,40,0,0,22,1000,0,50.826,0,0
22,allocate_send_arrival,0,S00,5,terminal,0,51713,64,0,0,22,1000,0,50.826,0,0
22,allocate_send_arrival,0,S00,5,terminal,0,51710,48,0,0,22,1000,0,59.5645,0,0
22,allocate_send_arrival,0,S00,5,terminal,0,51712,72,0,0,22,1000,0,51.655,0,0
22,allocate_send_arrival,0,S00,5,terminal,0,51714,35,0,0,22,1000,0,62.5,2.18279e-14,0
22,allocate_send_arrival,0,S00,5,terminal,0,51711,88,0,0,22,1000,0,50.826,0,0
22,allocate_send_arrival,0,S00,5,terminal,0,51715,98,0,0,22,1000,0,50.826,0,0
22,allocate_send_arrival,0,S00,5,terminal,0,51702,110,0,0,22,1000,0,51.655,0,0
22,allocate_send_arrival,0,S00,5,terminal,0,51703,20,0,0,22,1000,0,31.9456,0,0
22,allocate_send_arrival,0,S00,5,terminal,0,51701,30,0,0,22,1000,0,31.9456,0,0
22,allocate_send_arrival,0,S00,5,terminal,0,51708,23,0,0,22,1000,0,31.9456,0,0
22,allocate_send_arrival,0,S00,5,terminal,0,51700,63,0,0,22,1000,0,62.5,2.18279e-14,0
22,allocate_send_arrival,0,S00,5,terminal,0,51709,85,0,0,22,1000,0,59.5645,0,0
22,allocate_send_arrival,0,S00,5,terminal,0,51706,21,0,0,22,1000,0,31.9456,0,0
22,allocate_send_arrival,22,S07,3,switch,26,51710,48,0,0,22,124.406,0,59.5645,0,0
22,allocate_send_arrival,32,S21,1,switch,43,51713,64,0,0,22,261.425,0,50.826,0,0
22,allocate_send_arrival,32,S21,1,switch,43,51707,40,0,0,22,261.425,0,50.826,0,0
22,allocate_send_arrival,36,S18,0,switch,35,51712,72,0,0,22,247.316,0,51.655,0,0
22,allocate_send_arrival,35,S17,2,switch,37,51712,72,0,0,22,246.878,0,51.655,0,0
22,allocate_send_arrival,44,S23,0,switch,43,51711,88,0,0,22,211.017,0,50.826,0,0
22,allocate_send_arrival,15,S05,0,switch,12,51701,30,0,0,22,134.869,0,31.9456,0,0
22,allocate_send_arrival,43,S22,0,switch,0,51713,64,0,0,22,203.304,0,25.826,25,0
22,enqueue_residual,43,S22,0,switch,0,51713,64,0,0,22,203.304,0,0,25,0
22,allocate_send_arrival,43,S22,0,switch,0,51707,40,0,0,22,203.304,0,25.826,25,0
22,enqueue_residual,43,S22,0,switch,0,51707,40,0,0,22,203.304,0,0,25,0
22,allocate_send_arrival,43,S22,0,switch,0,51711,88,0,0,22,203.304,0,25.826,25,0
22,enqueue_residual,43,S22,0,switch,0,51711,88,0,0,22,203.304,0,0,25,0
22,allocate_send_arrival,43,S22,0,switch,0,51715,98,0,0,22,203.304,0,25.826,25,0
22,enqueue_residual,43,S22,0,switch,0,51715,98,0,0,22,203.304,0,0,25,0
22,allocate_send_arrival,11,S03,0,switch,6,51708,23,0,0,22,132.338,0,31.9456,0,0
22,allocate_send_arrival,26,S33,0,switch,3,51710,48,0,0,22,174.708,0,59.5645,0,0
22,allocate_send_arrival,10,S61,0,switch,1,51703,20,0,0,22,227.172,0,31.9456,3.63798e-15,0
22,allocate_send_arrival,10,S61,0,switch,1,51706,21,0,0,22,227.172,0,31.9456,3.63798e-15,0
22,allocate_send_arrival,10,S61,0,switch,1,51705,38,0,0,22,227.172,0,31.9456,3.63798e-15,0
22,allocate_send_arrival,4,S37,0,switch,0,51714,35,0,0,22,203.508,0,62.5,0,0
22,allocate_send_arrival,4,S37,0,switch,0,51704,94,0,0,22,203.508,0,62.5,0,0
22,allocate_send_arrival,47,S25,2,switch,4,51704,94,0,0,22,166.312,0,62.5,0,0
22,allocate_send_arrival,42,S20,2,switch,3,51709,85,0,0,22,251.806,0,59.5645,0,0
22,allocate_send_arrival,1,S01,0,switch,0,51705,38,0,0,22,159.728,0,11.9456,20,0
22,enqueue_residual,1,S01,0,switch,0,51705,38,0,0,22,159.728,0,0,20,0
22,allocate_send_arrival,1,S01,0,switch,0,51708,23,0,0,22,159.728,0,11.9456,20,0
22,enqueue_residual,1,S01,0,switch,0,51708,23,0,0,22,159.728,0,0,20,0
22,allocate_send_arrival,1,S01,0,switch,0,51703,20,0,0,22,159.728,0,11.9456,20,0
22,enqueue_residual,1,S01,0,switch,0,51703,20,0,0,22,159.728,0,0,20,0
22,allocate_send_arrival,1,S01,0,switch,0,51701,30,0,0,22,159.728,0,11.9456,20,0
22,enqueue_residual,1,S01,0,switch,0,51701,30,0,0,22,159.728,0,0,20,0
22,allocate_send_arrival,1,S01,0,switch,0,51706,21,0,0,22,159.728,0,11.9456,20,0
22,enqueue_residual,1,S01,0,switch,0,51706,21,0,0,22,159.728,0,0,20,0
22,allocate_send_arrival,12,S04,0,switch,6,51701,30,0,0,22,184.169,0,31.9456,0,0
22,allocate_send_arrival,5,S63,0,switch,0,51700,63,0,0,22,259.679,0,62.5,0,0
22,allocate_send_arrival,3,S27,0,switch,0,51710,48,0,0,22,119.129,0,9.5645,50,0
22,enqueue_residual,3,S27,0,switch,0,51710,48,0,0,22,119.129,0,0,50,0
22,allocate_send_arrival,3,S27,0,switch,0,51709,85,0,0,22,119.129,0,9.5645,50,0
22,enqueue_residual,3,S27,0,switch,0,51709,85,0,0,22,119.129,0,0,50,0
22,allocate_send_arrival,24,S08,0,switch,22,51710,48,0,0,22,182.424,0,59.5645,0,0
23,allocate_send_buffered,3,S27,0,switch,0,51710,48,0,0,23,119.129,100,50,0,0
23,allocate_send_buffered,3,S27,0,switch,0,51709,85,0,0,23,119.129,100,50,0,0
23,allocate_send_buffered,43,S22,0,switch,0,51713,64,0,0,23,203.304,100,25,0,0
23,allocate_send_buffered,43,S22,0,switch,0,51707,40,0,0,23,203.304,100,25,0,0
23,allocate_send_buffered,43,S22,0,switch,0,51711,88,0,0,23,203.304,100,25,0,0
23,allocate_send_buffered,43,S22,0,switch,0,51715,98,0,0,23,203.304,100,25,0,0
23,allocate_send_buffered,1,S01,0,switch,0,51705,38,0,0,23,159.728,100,20,0,0
23,allocate_send_buffered,1,S01,0,switch,0,51708,23,0,0,23,159.728,100,20,3.63798e-15,0
23,allocate_send_buffered,1,S01,0,switch,0,51703,20,0,0,23,159.728,100,20,0,0
23,allocate_send_buffered,1,S01,0,switch,0,51701,30,0,0,23,159.728,100,20,3.63798e-15,0
23,allocate_send_buffered,1,S01,0,switch,0,51706,21,0,0,23,159.728,100,20,0,0
23,allocate_send_buffered,37,S32,0,switch,0,51702,110,0,0,23,103.31,100,50,0,0
23,allocate_send_buffered,37,S32,0,switch,0,51712,72,0,0,23,103.31,100,50,0,0
23,stage_arrival,32,S21,1,switch,43,51713,64,0,0,23,261.425,0,0,50.826,0
23,stage_arrival,12,S04,0,switch,6,51701,30,0,0,23,184.169,0,0,31.9456,0
23,stage_arrival,35,S17,2,switch,37,51712,72,0,0,23,246.878,0,0,51.655,0
23,stage_arrival,42,S20,2,switch,3,51709,85,0,0,23,251.806,0,0,59.5645,0
23,stage_arrival,17,S35,1,switch,56,51714,35,0,0,23,252.252,0,0,62.5,0
23,stage_arrival,0,S00,5,terminal,0,51703,20,0,0,23,1000,0,0,20,0
23,stage_arrival,0,S00,5,terminal,0,51712,72,0,0,23,1000,0,0,50,0
23,stage_arrival,44,S23,0,switch,43,51711,88,0,0,23,211.017,0,0,50.826,0
23,stage_arrival,36,S18,0,switch,35,51712,72,0,0,23,247.316,0,0,51.655,0
23,stage_arrival,0,S00,5,terminal,0,51706,21,0,0,23,1000,0,0,11.9456,0
23,stage_arrival,0,S00,5,terminal,0,51708,23,0,0,23,1000,0,0,11.9456,0
23,stage_arrival,0,S00,5,terminal,0,51713,64,0,0,23,1000,0,0,25,0
23,stage_arrival,0,S00,5,terminal,0,51715,98,0,0,23,1000,0,0,25.826,0
23,stage_arrival,1,S01,0,switch,0,51706,21,0,0,23,159.728,0,0,31.9456,0
23,stage_arrival,4,S37,0,switch,0,51714,35,0,0,23,203.508,0,0,62.5,0
23,stage_arrival,10,S61,0,switch,1,51705,38,0,0,23,227.172,0,0,31.9456,0
23,stage_arrival,0,S00,5,terminal,0,51705,38,0,0,23,1000,0,0,20,0
23,stage_arrival,0,S00,5,terminal,0,51707,40,0,0,23,1000,0,0,25.826,0
23,stage_arrival,0,S00,5,terminal,0,51701,30,0,0,23,1000,0,0,20,0
23,stage_arrival,37,S32,0,switch,0,51712,72,0,0,23,103.31,0,0,51.655,0
23,stage_arrival,0,S00,5,terminal,0,51709,85,0,0,23,1000,0,0,50,0
23,stage_arrival,47,S25,2,switch,4,51704,94,0,0,23,166.312,0,0,62.5,0
23,stage_arrival,3,S27,0,switch,0,51709,85,0,0,23,119.129,0,0,59.5645,0
23,stage_arrival_coalesce,0,S00,5,terminal,0,51705,38,0,0,23,1000,0,0,31.9456,0
23,stage_arrival,6,S02,0,switch,1,51701,30,0,0,23,138.732,0,0,31.9456,0
23,stage_arrival,1,S01,0,switch,0,51708,23,0,0,23,159.728,0,0,31.9456,0
23,stage_arrival_coalesce,0,S00,5,terminal,0,51713,64,0,0,23,1000,0,0,50.826,0
23,stage_arrival,6,S02,0,switch,1,51708,23,0,0,23,138.732,0,0,31.9456,0
23,stage_arrival,43,S22,0,switch,0,51715,98,0,0,23,203.304,0,0,50.826,0
23,stage_arrival_coalesce,0,S00,5,terminal,0,51701,30,0,0,23,1000,0,0,31.9456,0
23,stage_arrival,20,S15,4,switch,32,51707,40,0,0,23,143.593,0,0,50.826,0
23,stage_arrival,55,S60,1,switch,37,51702,110,0,0,23,243.133,0,0,51.655,0
23,stage_arrival_coalesce,0,S00,5,terminal,0,51708,23,0,0,23,1000,0,0,31.9456,0
23,stage_arrival,49,S26,0,switch,43,51715,98,0,0,23,126.404,0,0,50.826,0
23,stage_arrival,0,S00,5,terminal,0,51710,48,0,0,23,1000,0,0,9.5645,0
23,stage_arrival,26,S33,0,switch,3,51710,48,0,0,23,174.708,0,0,59.5645,0
23,stage_arrival,0,S00,5,terminal,0,51711,88,0,0,23,1000,0,0,25,0
23,stage_arrival,1,S01,0,switch,0,51701,30,0,0,23,159.728,0,0,31.9456,0
23,stage_arrival,0,S00,5,terminal,0,51704,94,0,0,23,1000,0,0,62.5,0
23,stage_arrival,5,S63,0,switch,0,51700,63,0,0,23,259.679,0,0,62.5,0
23,stage_arrival_coalesce,0,S00,5,terminal,0,51712,72,0,0,23,1000,0,0,51.655,0
23,stage_arrival,0,S00,5,terminal,0,51702,110,0,0,23,1000,0,0,1.655,0
23,stage_arrival,11,S03,0,switch,6,51708,23,0,0,23,132.338,0,0,31.9456,0
23,stage_arrival,15,S05,0,switch,12,51701,30,0,0,23,134.869,0,0,31.9456,0
23,stage_arrival_coalesce,0,S00,5,terminal,0,51703,20,0,0,23,1000,0,0,31.9456,0
23,stage_arrival,1,S01,0,switch,0,51703,20,0,0,23,159.728,0,0,31.9456,0
23,stage_arrival,24,S08,0,switch,22,51710,48,0,0,23,182.424,0,0,59.5645,0
23,stage_arrival,43,S22,0,switch,0,51711,88,0,0,23,203.304,0,0,50.826,0
23,stage_arrival,10,S61,0,switch,1,51706,21,0,0,23,227.172,0,0,31.9456,0
23,stage_arrival_coalesce,0,S00,5,terminal,0,51706,21,0,0,23,1000,0,0,31.9456,0
23,stage_arrival,22,S07,3,switch,26,51710,48,0,0,23,124.406,0,0,59.5645,0
23,stage_arrival_coalesce,0,S00,5,terminal,0,51715,98,0,0,23,1000,0,0,50.826,0
23,stage_arrival,32,S21,1,switch,43,51707,40,0,0,23,261.425,0,0,50.826,0
23,stage_arrival,0,S00,5,terminal,0,51714,35,0,0,23,1000,0,0,62.5,0
23,stage_arrival,37,S32,0,switch,0,51702,110,0,0,23,103.31,0,0,51.655,0
23,stage_arrival,0,S00,5,terminal,0,51700,63,0,0,23,1000,0,0,62.5,0
23,stage_arrival,4,S37,0,switch,0,51704,94,0,0,23,203.508,0,0,62.5,0
23,stage_arrival,19,S06,3,switch,10,51705,38,0,0,23,169.014,0,0,31.9456,0
23,stage_arrival,56,S36,2,switch,4,51714,35,0,0,23,112.305,0,0,62.5,0
23,stage_arrival_coalesce,0,S00,5,terminal,0,51707,40,0,0,23,1000,0,0,50.826,0
23,stage_arrival_coalesce,0,S00,5,terminal,0,51711,88,0,0,23,1000,0,0,50.826,0
23,stage_arrival,31,S62,3,switch,5,51700,63,0,0,23,238.676,0,0,62.5,0
23,stage_arrival_coalesce,0,S00,5,terminal,0,51710,48,0,0,23,1000,0,0,59.5645,0
23,stage_arrival_coalesce,0,S00,5,terminal,0,51709,85,0,0,23,1000,0,0,59.5645,0
23,stage_arrival_coalesce,0,S00,5,terminal,0,51702,110,0,0,23,1000,0,0,51.655,0
23,stage_arrival,1,S01,0,switch,0,51705,38,0,0,23,159.728,0,0,31.9456,0
23,stage_arrival,3,S27,0,switch,0,51710,48,0,0,23,119.129,0,0,59.5645,0
23,stage_arrival,10,S61,0,switch,1,51703,20,0,0,23,227.172,0,0,31.9456,0
23,stage_arrival,43,S22,0,switch,0,51713,64,0,0,23,203.304,0,0,50.826,0
23,stage_arrival,43,S22,0,switch,0,51707,40,0,0,23,203.304,0,0,50.826,0
23,allocate_send_arrival,31,S62,3,switch,5,51700,63,0,0,23,238.676,0,62.5,0,0
23,allocate_send_arrival,4,S37,0,switch,0,51714,35,0,0,23,203.508,0,62.5,0,0
23,allocate_send_arrival,4,S37,0,switch,0,51704,94,0,0,23,203.508,0,62.5,0,0
23,allocate_send_arrival,12,S04,0,switch,6,51701,30,0,0,23,184.169,0,31.9456,0,0
23,allocate_send_arrival,10,S61,0,switch,1,51705,38,0,0,23,227.172,0,31.9456,3.63798e-15,0
23,allocate_send_arrival,10,S61,0,switch,1,51706,21,0,0,23,227.172,0,31.9456,3.63798e-15,0
23,allocate_send_arrival,10,S61,0,switch,1,51703,20,0,0,23,227.172,0,31.9456,3.63798e-15,0
23,allocate_send_arrival,55,S60,1,switch,37,51702,110,0,0,23,243.133,0,51.655,0,0
23,allocate_send_arrival,1,S01,0,switch,0,51706,21,0,0,23,159.728,0,11.9456,20,0
23,enqueue_residual,1,S01,0,switch,0,51706,21,0,0,23,159.728,0,0,20,0
23,allocate_send_arrival,1,S01,0,switch,0,51708,23,0,0,23,159.728,0,11.9456,20,0
23,enqueue_residual,1,S01,0,switch,0,51708,23,0,0,23,159.728,0,0,20,0
23,allocate_send_arrival,1,S01,0,switch,0,51701,30,0,0,23,159.728,0,11.9456,20,0
23,enqueue_residual,1,S01,0,switch,0,51701,30,0,0,23,159.728,0,0,20,0
23,allocate_send_arrival,1,S01,0,switch,0,51703,20,0,0,23,159.728,0,11.9456,20,0
23,enqueue_residual,1,S01,0,switch,0,51703,20,0,0,23,159.728,0,0,20,0
23,allocate_send_arrival,1,S01,0,switch,0,51705,38,0,0,23,159.728,0,11.9456,20,0
23,enqueue_residual,1,S01,0,switch,0,51705,38,0,0,23,159.728,0,0,20,0
23,allocate_send_arrival,22,S07,3,switch,26,51710,48,0,0,23,124.406,0,59.5645,0,0
23,allocate_send_arrival,43,S22,0,switch,0,51715,98,0,0,23,203.304,0,25.826,25,0
23,enqueue_residual,43,S22,0,switch,0,51715,98,0,0,23,203.304,0,0,25,0
23,allocate_send_arrival,43,S22,0,switch,0,51711,88,0,0,23,203.304,0,25.826,25,0
23,enqueue_residual,43,S22,0,switch,0,51711,88,0,0,23,203.304,0,0,25,0
23,allocate_send_arrival,43,S22,0,switch,0,51713,64,0,0,23,203.304,0,25.826,25,0
23,enqueue_residual,43,S22,0,switch,0,51713,64,0,0,23,203.304,0,0,25,0
23,allocate_send_arrival,43,S22,0,switch,0,51707,40,0,0,23,203.304,0,25.826,25,0
23,enqueue_residual,43,S22,0,switch,0,51707,40,0,0,23,203.304,0,0,25,0
23,allocate_send_arrival,0,S00,5,terminal,0,51703,20,0,0,23,1000,0,31.9456,0,0
23,allocate_send_arrival,0,S00,5,terminal,0,51712,72,0,0,23,1000,0,51.655,0,0
23,allocate_send_arrival,0,S00,5,terminal,0,51706,21,0,0,23,1000,0,31.9456,0,0
23,allocate_send_arrival,0,S00,5,terminal,0,51708,23,0,0,23,1000,0,31.9456,0,0
23,allocate_send_arrival,0,S00,5,terminal,0,51713,64,0,0,23,1000,0,50.826,0,0
23,allocate_send_arrival,0,S00,5,terminal,0,51715,98,0,0,23,1000,0,50.826,0,0
23,allocate_send_arrival,0,S00,5,terminal,0,51705,38,0,0,23,1000,0,31.9456,0,0
23,allocate_send_arrival,0,S00,5,terminal,0,51707,40,0,0,23,1000,0,50.826,0,0
23,allocate_send_arrival,0,S00,5,terminal,0,51701,30,0,0,23,1000,0,31.9456,0,0
23,allocate_send_arrival,0,S00,5,terminal,0,51709,85,0,0,23,1000,0,59.5645,0,0
23,allocate_send_arrival,0,S00,5,terminal,0,51710,48,0,0,23,1000,0,59.5645,0,0
23,allocate_send_arrival,0,S00,5,terminal,0,51711,88,0,0,23,1000,0,50.826,0,0
23,allocate_send_arrival,0,S00,5,terminal,0,51704,94,0,0,23,1000,0,62.5,7.27596e-15,0
23,allocate_send_arrival,0,S00,5,terminal,0,51702,110,0,0,23,1000,0,51.655,0,0
23,allocate_send_arrival,0,S00,5,terminal,0,51714,35,0,0,23,1000,0,62.5,7.27596e-15,0
23,allocate_send_arrival,0,S00,5,terminal,0,51700,63,0,0,23,1000,0,62.5,7.27596e-15,0
23,allocate_send_arrival,37,S32,0,switch,0,51712,72,0,0,23,103.31,0,1.655,50,0
23,enqueue_residual,37,S32,0,switch,0,51712,72,0,0,23,103.31,0,0,50,0
23,allocate_send_arrival,37,S32,0,switch,0,51702,110,0,0,23,103.31,0,1.655,50,0
23,enqueue_residual,37,S32,0,switch,0,51702,110,0,0,23,103.31,0,0,50,0
23,allocate_send_arrival,49,S26,0,switch,43,51715,98,0,0,23,126.404,0,50.826,0,0
23,allocate_send_arrival,5,S63,0,switch,0,51700,63,0,0,23,259.679,0,62.5,0,0
23,allocate_send_arrival,42,S20,2,switch,3,51709,85,0,0,23,251.806,0,59.5645,0,0
23,allocate_send_arrival,3,S27,0,switch,0,51709,85,0,0,23,119.129,0,9.5645,50,0
23,enqueue_residual,3,S27,0,switch,0,51709,85,0,0,23,119.129,0,0,50,0
23,allocate_send_arrival,3,S27,0,switch,0,51710,48,0,0,23,119.129,0,9.5645,50,0
23,enqueue_residual,3,S27,0,switch,0,51710,48,0,0,23,119.129,0,0,50,0
23,allocate_send_arrival,19,S06,3,switch,10,51705,38,0,0,23,169.014,0,31.9456,0,0
23,allocate_send_arrival,11,S03,0,switch,6,51708,23,0,0,23,132.338,0,31.9456,0,0
23,allocate_send_arrival,15,S05,0,switch,12,51701,30,0,0,23,134.869,0,31.9456,0,0
23,allocate_send_arrival,44,S23,0,switch,43,51711,88,0,0,23,211.017,0,50.826,0,0
23,allocate_send_arrival,26,S33,0,switch,3,51710,48,0,0,23,174.708,0,59.5645,0,0
23,allocate_send_arrival,36,S18,0,switch,35,51712,72,0,0,23,247.316,0,51.655,0,0
23,allocate_send_arrival,35,S17,2,switch,37,51712,72,0,0,23,246.878,0,51.655,0,0
23,allocate_send_arrival,32,S21,1,switch,43,51713,64,0,0,23,261.425,0,50.826,0,0
23,allocate_send_arrival,32,S21,1,switch,43,51707,40,0,0,23,261.425,0,50.826,0,0
23,allocate_send_arrival,6,S02,0,switch,1,51701,30,0,0,23,138.732,0,31.9456,0,0
23,allocate_send_arrival,6,S02,0,switch,1,51708,23,0,0,23,138.732,0,31.9456,0,0
23,allocate_send_arrival,17,S35,1,switch,56,51714,35,0,0,23,252.252,0,62.5,0,0
23,allocate_send_arrival,24,S08,0,switch,22,51710,48,0,0,23,182.424,0,59.5645,0,0
23,allocate_send_arrival,20,S15,4,switch,32,51707,40,0,0,23,143.593,0,50.826,0,0
23,allocate_send_arrival,47,S25,2,switch,4,51704,94,0,0,23,166.312,0,62.5,0,0
23,allocate_send_arrival,56,S36,2,switch,4,51714,35,0,0,23,112.305,0,62.5,0,0
24,allocate_send_buffered,37,S32,0,switch,0,51712,72,0,0,24,103.31,100,50,0,0
24,allocate_send_buffered,37,S32,0,switch,0,51702,110,0,0,24,103.31,100,50,0,0
24,allocate_send_buffered,1,S01,0,switch,0,51706,21,0,0,24,159.728,100,20,0,0
24,allocate_send_buffered,1,S01,0,switch,0,51708,23,0,0,24,159.728,100,20,3.63798e-15,0
24,allocate_send_buffered,1,S01,0,switch,0,51701,30,0,0,24,159.728,100,20,3.63798e-15,0
24,allocate_send_buffered,1,S01,0,switch,0,51703,20,0,0,24,159.728,100,20,0,0
24,allocate_send_buffered,1,S01,0,switch,0,51705,38,0,0,24,159.728,100,20,0,0
24,allocate_send_buffered,3,S27,0,switch,0,51709,85,0,0,24,119.129,100,50,0,0
24,allocate_send_buffered,3,S27,0,switch,0,51710,48,0,0,24,119.129,100,50,0,0
24,allocate_send_buffered,43,S22,0,switch,0,51715,98,0,0,24,203.304,100,25,0,0
24,allocate_send_buffered,43,S22,0,switch,0,51711,88,0,0,24,203.304,100,25,0,0
24,allocate_send_buffered,43,S22,0,switch,0,51713,64,0,0,24,203.304,100,25,0,0
24,allocate_send_buffered,43,S22,0,switch,0,51707,40,0,0,24,203.304,100,25,0,0
24,stage_arrival,1,S01,0,switch,0,51703,20,0,0,24,159.728,0,0,31.9456,0
24,stage_arrival,43,S22,0,switch,0,51711,88,0,0,24,203.304,0,0,50.826,0
24,stage_arrival,5,S63,0,switch,0,51700,63,0,0,24,259.679,0,0,62.5,0
24,stage_arrival,37,S32,0,switch,0,51712,72,0,0,24,103.31,0,0,51.655,0
24,stage_arrival,15,S05,0,switch,12,51701,30,0,0,24,134.869,0,0,31.9456,0
24,stage_arrival,0,S00,5,terminal,0,51708,23,0,0,24,1000,0,0,11.9456,0
24,stage_arrival,47,S25,2,switch,4,51704,94,0,0,24,166.312,0,0,62.5,0
24,stage_arrival,36,S18,0,switch,35,51712,72,0,0,24,247.316,0,0,51.655,0
24,stage_arrival,0,S00,5,terminal,0,51702,110,0,0,24,1000,0,0,50,0
24,stage_arrival,10,S61,0,switch,1,51706,21,0,0,24,227.172,0,0,31.9456,0
24,stage_arrival,0,S00,5,terminal,0,51707,40,0,0,24,1000,0,0,25,0
24,stage_arrival,43,S22,0,switch,0,51707,40,0,0,24,203.304,0,0,50.826,0
24,stage_arrival,11,S03,0,switch,6,51708,23,0,0,24,132.338,0,0,31.9456,0
24,stage_arrival,0,S00,5,terminal,0,51704,94,0,0,24,1000,0,0,62.5,0
24,stage_arrival,10,S61,0,switch,1,51705,38,0,0,24,227.172,0,0,31.9456,0
24,stage_arrival,3,S27,0,switch,0,51709,85,0,0,24,119.129,0,0,59.5645,0
24,stage_arrival,0,S00,5,terminal,0,51706,21,0,0,24,1000,0,0,20,0
24,stage_arrival,0,S00,5,terminal,0,51715,98,0,0,24,1000,0,0,25.826,0
24,stage_arrival,24,S08,0,switch,22,51710,48,0,0,24,182.424,0,0,59.5645,0
24,stage_arrival,42,S20,2,switch,3,51709,85,0,0,24,251.806,0,0,59.5645,0
24,stage_arrival,0,S00,5,terminal,0,51701,30,0,0,24,1000,0,0,11.9456,0
24,stage_arrival,4,S37,0,switch,0,51704,94,0,0,24,203.508,0,0,62.5,0
24,stage_arrival,0,S00,5,terminal,0,51710,48,0,0,24,1000,0,0,50,0
24,stage_arrival,43,S22,0,switch,0,51713,64,0,0,24,203.304,0,0,50.826,0
24,stage_arrival,1,S01,0,switch,0,51708,23,0,0,24,159.728,0,0,31.9456,0
24,stage_arrival,1,S01,0,switch,0,51701,30,0,0,24,159.728,0,0,31.9456,0
24,stage_arrival,12,S04,0,switch,6,51701,30,0,0,24,184.169,0,0,31.9456,0
24,stage_arrival,44,S23,0,switch,43,51711,88,0,0,24,211.017,0,0,50.826,0
24,stage_arrival,32,S21,1,switch,43,51713,64,0,0,24,261.425,0,0,50.826,0
24,stage_arrival,0,S00,5,terminal,0,51711,88,0,0,24,1000,0,0,25,0
24,stage_arrival,32,S21,1,switch,43,51707,40,0,0,24,261.425,0,0,50.826,0
24,stage_arrival,0,S00,5,terminal,0,51713,64,0,0,24,1000,0,0,25.826,0
24,stage_arrival_coalesce,0,S00,5,terminal,0,51710,48,0,0,24,1000,0,0,59.5645,0
24,stage_arrival_coalesce,0,S00,5,terminal,0,51715,98,0,0,24,1000,0,0,50.826,0
24,stage_arrival,43,S22,0,switch,0,51715,98,0,0,24,203.304,0,0,50.826,0
24,stage_arrival,0,S00,5,terminal,0,51705,38,0,0,24,1000,0,0,20,0
24,stage_arrival_coalesce,0,S00,5,terminal,0,51705,38,0,0,24,1000,0,0,31.9456,0
24,stage_arrival,37,S32,0,switch,0,51702,110,0,0,24,103.31,0,0,51.655,0
24,stage_arrival_coalesce,0,S00,5,terminal,0,51702,110,0,0,24,1000,0,0,51.655,0
24,stage_arrival_coalesce,0,S00,5,terminal,0,51701,30,0,0,24,1000,0,0,31.9456,0
24,stage_arrival,3,S27,0,switch,0,51710,48,0,0,24,119.129,0,0,59.5645,0
24,stage_arrival,31,S62,3,switch,5,51700,63,0,0,24,238.676,0,0,62.5,0
24,stage_arrival,0,S00,5,terminal,0,51703,20,0,0,24,1000,0,0,11.9456,0
24,stage_arrival,10,S61,0,switch,1,51703,20,0,0,24,227.172,0,0,31.9456,0
24,stage_arrival_coalesce,0,S00,5,terminal,0,51708,23,0,0,24,1000,0,0,31.9456,0
24,stage_arrival,0,S00,5,terminal,0,51712,72,0,0,24,1000,0,0,50,0
24,stage_arrival,26,S33,0,switch,3,51710,48,0,0,24,174.708,0,0,59.5645,0
24,stage_arrival,19,S06,3,switch,10,51705,38,0,0,24,169.014,0,0,31.9456,0
24,stage_arrival,1,S01,0,switch,0,51706,21,0,0,24,159.728,0,0,31.9456,0
24,stage_arrival,17,S35,1,switch,56,51714,35,0,0,24,252.252,0,0,62.5,0
24,stage_arrival,1,S01,0,switch,0,51705,38,0,0,24,159.728,0,0,31.9456,0
24,stage_arrival,56,S36,2,switch,4,51714,35,0,0,24,112.305,0,0,62.5,0
24,stage_arrival,35,S17,2,switch,37,51712,72,0,0,24,246.878,0,0,51.655,0
24,stage_arrival_coalesce,0,S00,5,terminal,0,51711,88,0,0,24,1000,0,0,50.826,0
24,stage_arrival,55,S60,1,switch,37,51702,110,0,0,24,243.133,0,0,51.655,0
24,stage_arrival,0,S00,5,terminal,0,51714,35,0,0,24,1000,0,0,62.5,0
24,stage_arrival,0,S00,5,terminal,0,51709,85,0,0,24,1000,0,0,9.5645,0
24,stage_arrival,0,S00,5,terminal,0,51700,63,0,0,24,1000,0,0,62.5,0
24,stage_arrival,6,S02,0,switch,1,51708,23,0,0,24,138.732,0,0,31.9456,0
24,stage_arrival_coalesce,0,S00,5,terminal,0,51706,21,0,0,24,1000,0,0,31.9456,0
24,stage_arrival,20,S15,4,switch,32,51707,40,0,0,24,143.593,0,0,50.826,0
24,stage_arrival_coalesce,0,S00,5,terminal,0,51713,64,0,0,24,1000,0,0,50.826,0
24,stage_arrival_coalesce,0,S00,5,terminal,0,51707,40,0,0,24,1000,0,0,50.826,0
24,stage_arrival_coalesce,0,S00,5,terminal,0,51703,20,0,0,24,1000,0,0,31.9456,0
24,stage_arrival,6,S02,0,switch,1,51701,30,0,0,24,138.732,0,0,31.9456,0
24,stage_arrival,49,S26,0,switch,43,51715,98,0,0,24,126.404,0,0,50.826,0
24,stage_arrival,4,S37,0,switch,0,51714,35,0,0,24,203.508,0,0,62.5,0
24,stage_arrival_coalesce,0,S00,5,terminal,0,51709,85,0,0,24,1000,0,0,59.5645,0
24,stage_arrival,22,S07,3,switch,26,51710,48,0,0,24,124.406,0,0,59.5645,0
24,stage_arrival_coalesce,0,S00,5,terminal,0,51712,72,0,0,24,1000,0,0,51.655,0
24,allocate_send_arrival,26,S33,0,switch,3,51710,48,0,0,24,174.708,0,59.5645,0,0
24,allocate_send_arrival,10,S61,0,switch,1,51706,21,0,0,24,227.172,0,31.9456,3.63798e-15,0
24,allocate_send_arrival,10,S61,0,switch,1,51705,38,0,0,24,227.172,0,31.9456,3.63798e-15,0
24,allocate_send_arrival,10,S61,0,switch,1,51703,20,0,0,24,227.172,0,31.9456,3.63798e-15,0
24,allocate_send_arrival,12,S04,0,switch,6,51701,30,0,0,24,184.169,0,31.9456,0,0
24,allocate_send_arrival,47,S25,2,switch,4,51704,94,0,0,24,166.312,0,62.5,0,0
24,allocate_send_arrival,11,S03,0,switch,6,51708,23,0,0,24,132.338,0,31.9456,0,0
24,allocate_send_arrival,43,S22,0,switch,0,51711,88,0,0,24,203.304,0,25.826,25,0
24,enqueue_residual,43,S22,0,switch,0,51711,88,0,0,24,203.304,0,0,25,0
24,allocate_send_arrival,43,S22,0,switch,0,51707,40,0,0,24,203.304,0,25.826,25,0
24,enqueue_residual,43,S22,0,switch,0,51707,40,0,0,24,203.304,0,0,25,0
24,allocate_send_arrival,43,S22,0,switch,0,51713,64,0,0,24,203.304,0,25.826,25,0
24,enqueue_residual,43,S22,0,switch,0,51713,64,0,0,24,203.304,0,0,25,0
24,allocate_send_arrival,43,S22,0,switch,0,51715,98,0,0,24,203.304,0,25.826,25,0
24,enqueue_residual,43,S22,0,switch,0,51715,98,0,0,24,203.304,0,0,25,0
24,allocate_send_arrival,15,S05,0,switch,12,51701,30,0,0,24,134.869,0,31.9456,0,0
24,allocate_send_arrival,20,S15,4,switch,32,51707,40,0,0,24,143.593,0,50.826,0,0
24,allocate_send_arrival,44,S23,0,switch,43,51711,88,0,0,24,211.017,0,50.826,0,0
24,allocate_send_arrival,56,S36,2,switch,4,51714,35,0,0,24,112.305,0,62.5,0,0
24,allocate_send_arrival,5,S63,0,switch,0,51700,63,0,0,24,259.679,0,62.5,0,0
24,allocate_send_arrival,4,S37,0,switch,0,51704,94,0,0,24,203.508,0,62.5,0,0
24,allocate_send_arrival,4,S37,0,switch,0,51714,35,0,0,24,203.508,0,62.5,0,0
24,allocate_send_arrival,0,S00,5,terminal,0,51708,23,0,0,24,1000,0,31.9456,0,0
24,allocate_send_arrival,0,S00,5,terminal,0,51702,110,0,0,24,1000,0,51.655,0,0
24,allocate_send_arrival,0,S00,5,terminal,0,51707,40,0,0,24,1000,0,50.826,0,0
24,allocate_send_arrival,0,S00,5,terminal,0,51704,94,0,0,24,1000,0,62.5,7.27596e-15,0
24,allocate_send_arrival,0,S00,5,terminal,0,51706,21,0,0,24,1000,0,31.9456,0,0
24,allocate_send_arrival,0,S00,5,terminal,0,51715,98,0,0,24,1000,0,50.826,0,0
24,allocate_send_arrival,0,S00,5,terminal,0,51701,30,0,0,24,1000,0,31.9456,0,0
24,allocate_send_arrival,0,S00,5,terminal,0,51710,48,0,0,24,1000,0,59.5645,0,0
24,allocate_send_arrival,0,S00,5,terminal,0,51711,88,0,0,24,1000,0,50.826,0,0
24,allocate_send_arrival,0,S00,5,terminal,0,51713,64,0,0,24,1000,0,50.826,0,0
24,allocate_send_arrival,0,S00,5,terminal,0,51705,38,0,0,24,1000,0,31.9456,0,0
24,allocate_send_arrival,0,S00,5,terminal,0,51703,20,0,0,24,1000,0,31.9456,0,0
24,allocate_send_arrival,0,S00,5,terminal,0,51712,72,0,0,24,1000,0,51.655,0,0
24,allocate_send_arrival,0,S00,5,terminal,0,51714,35,0,0,24,1000,0,62.5,7.27596e-15,0
24,allocate_send_arrival,0,S00,5,terminal,0,51709,85,0,0,24,1000,0,59.5645,0,0
24,allocate_send_arrival,0,S00,5,terminal,0,51700,63,0,0,24,1000,0,62.5,7.27596e-15,0
24,allocate_send_arrival,55,S60,1,switch,37,51702,110,0,0,24,243.133,0,51.655,0,0
24,allocate_send_arrival,22,S07,3,switch,26,51710,48,0,0,24,124.406,0,59.5645,0,0
24,allocate_send_arrival,1,S01,0,switch,0,51703,20,0,0,24,159.728,0,11.9456,20,0
24,enqueue_residual,1,S01,0,switch,0,51703,20,0,0,24,159.728,0,0,20,0
24,allocate_send_arrival,1,S01,0,switch,0,51708,23,0,0,24,159.728,0,11.9456,20,0
24,enqueue_residual,1,S01,0,switch,0,51708,23,0,0,24,159.728,0,0,20,0
24,allocate_send_arrival,1,S01,0,switch,0,51701,30,0,0,24,159.728,0,11.9456,20,0
24,enqueue_residual,1,S01,0,switch,0,51701,30,0,0,24,159.728,0,0,20,0
24,allocate_send_arrival,1,S01,0,switch,0,51706,21,0,0,24,159.728,0,11.9456,20,0
24,enqueue_residual,1,S01,0,switch,0,51706,21,0,0,24,159.728,0,0,20,0
24,allocate_send_arrival,1,S01,0,switch,0,51705,38,0,0,24,159.728,0,11.9456,20,0
24,enqueue_residual,1,S01,0,switch,0,51705,38,0,0,24,159.728,0,0,20,0
24,allocate_send_arrival,36,S18,0,switch,35,51712,72,0,0,24,247.316,0,51.655,0,0
24,allocate_send_arrival,42,S20,2,switch,3,51709,85,0,0,24,251.806,0,59.5645,0,0
24,allocate_send_arrival,49,S26,0,switch,43,51715,98,0,0,24,126.404,0,50.826,0,0
24,allocate_send_arrival,6,S02,0,switch,1,51708,23,0,0,24,138.732,0,31.9456,0,0
24,allocate_send_arrival,6,S02,0,switch,1,51701,30,0,0,24,138.732,0,31.9456,0,0
24,allocate_send_arrival,24,S08,0,switch,22,51710,48,0,0,24,182.424,0,59.5645,0,0
24,allocate_send_arrival,32,S21,1,switch,43,51713,64,0,0,24,261.425,0,50.826,0,0
24,allocate_send_arrival,32,S21,1,switch,43,51707,40,0,0,24,261.425,0,50.826,0,0
24,allocate_send_arrival,37,S32,0,switch,0,51712,72,0,0,24,103.31,0,1.655,50,0
24,enqueue_residual,37,S32,0,switch,0,51712,72,0,0,24,103.31,0,0,50,0
24,allocate_send_arrival,37,S32,0,switch,0,51702,110,0,0,24,103.31,0,1.655,50,0
24,enqueue_residual,37,S32,0,switch,0,51702,110,0,0,24,103.31,0,0,50,0
24,allocate_send_arrival,17,S35,1,switch,56,51714,35,0,0,24,252.252,0,62.5,0,0
24,allocate_send_arrival,31,S62,3,switch,5,51700,63,0,0,24,238.676,0,62.5,0,0
24,allocate_send_arrival,19,S06,3,switch,10,51705,38,0,0,24,169.014,0,31.9456,0,0
24,allocate_send_arrival,35,S17,2,switch,37,51712,72,0,0,24,246.878,0,51.655,0,0
24,allocate_send_arrival,3,S27,0,switch,0,51709,85,0,0,24,119.129,0,9.5645,50,0
24,enqueue_residual,3,S27,0,switch,0,51709,85,0,0,24,119.129,0,0,50,0
24,allocate_send_arrival,3,S27,0,switch,0,51710,48,0,0,24,119.129,0,9.5645,50,0
24,enqueue_residual,3,S27,0,switch,0,51710,48,0,0,24,119.129,0,0,50,0
25,allocate_send_buffered,1,S01,0,switch,0,51703,20,0,0,25,159.728,100,20,0,0
25,allocate_send_buffered,1,S01,0,switch,0,51708,23,0,0,25,159.728,100,20,7.27596e-15,0
25,allocate_send_buffered,1,S01,0,switch,0,51701,30,0,0,25,159.728,100,20,7.27596e-15,0
25,allocate_send_buffered,1,S01,0,switch,0,51706,21,0,0,25,159.728,100,20,0,0
25,allocate_send_buffered,1,S01,0,switch,0,51705,38,0,0,25,159.728,100,20,0,0
25,allocate_send_buffered,37,S32,0,switch,0,51712,72,0,0,25,103.31,100,50,0,0
25,allocate_send_buffered,37,S32,0,switch,0,51702,110,0,0,25,103.31,100,50,0,0
25,allocate_send_buffered,3,S27,0,switch,0,51709,85,0,0,25,119.129,100,50,0,0
25,allocate_send_buffered,3,S27,0,switch,0,51710,48,0,0,25,119.129,100,50,0,0
25,allocate_send_buffered,43,S22,0,switch,0,51711,88,0,0,25,203.304,100,25,0,0
25,allocate_send_buffered,43,S22,0,switch,0,51707,40,0,0,25,203.304,100,25,0,0
25,allocate_send_buffered,43,S22,0,switch,0,51713,64,0,0,25,203.304,100,25,0,0
25,allocate_send_buffered,43,S22,0,switch,0,51715,98,0,0,25,203.304,100,25,0,0
25,stage_arrival,37,S32,0,switch,0,51712,72,0,0,25,103.31,0,0,51.655,0
25,stage_arrival,0,S00,5,terminal,0,51706,21,0,0,25,1000,0,0,20,0
25,stage_arrival,1,S01,0,switch,0,51706,21,0,0,25,159.728,0,0,31.9456,0
25,stage_arrival,10,S61,0,switch,1,51703,20,0,0,25,227.172,0,0,31.9456,0
25,stage_arrival,0,S00,5,terminal,0,51711,88,0,0,25,1000,0,0,25.826,0
25,stage_arrival,6,S02,0,switch,1,51701,30,0,0,25,138.732,0,0,31.9456,0
25,stage_arrival,42,S20,2,switch,3,51709,85,0,0,25,251.806,0,0,59.5645,0
25,stage_arrival,11,S03,0,switch,6,51708,23,0,0,25,132.338,0,0,31.9456,0
25,stage_arrival,0,S00,5,terminal,0,51709,85,0,0,25,1000,0,0,50,0
25,stage_arrival,37,S32,0,switch,0,51702,110,0,0,25,103.31,0,0,51.655,0
25,stage_arrival,15,S05,0,switch,12,51701,30,0,0,25,134.869,0,0,31.9456,0
25,stage_arrival,43,S22,0,switch,0,51715,98,0,0,25,203.304,0,0,50.826,0
25,stage_arrival,1,S01,0,switch,0,51708,23,0,0,25,159.728,0,0,31.9456,0
25,stage_arrival,0,S00,5,terminal,0,51710,48,0,0,25,1000,0,0,9.5645,0
25,stage_arrival,10,S61,0,switch,1,51705,38,0,0,25,227.172,0,0,31.9456,0
25,stage_arrival,0,S00,5,terminal,0,51702,110,0,0,25,1000,0,0,1.655,0
25,stage_arrival,55,S60,1,switch,37,51702,110,0,0,25,243.133,0,0,51.655,0
25,stage_arrival,20,S15,4,switch,32,51707,40,0,0,25,143.593,0,0,50.826,0
25,stage_arrival,0,S00,5,terminal,0,51712,72,0,0,25,1000,0,0,50,0
25,stage_arrival,35,S17,2,switch,37,51712,72,0,0,25,246.878,0,0,51.655,0
25,stage_arrival,0,S00,5,terminal,0,51707,40,0,0,25,1000,0,0,25,0
25,stage_arrival,22,S07,3,switch,26,51710,48,0,0,25,124.406,0,0,59.5645,0
25,stage_arrival,43,S22,0,switch,0,51711,88,0,0,25,203.304,0,0,50.826,0
25,stage_arrival,0,S00,5,terminal,0,51708,23,0,0,25,1000,0,0,20,0
25,stage_arrival,4,S37,0,switch,0,51714,35,0,0,25,203.508,0,0,62.5,0
25,stage_arrival_coalesce,0,S00,5,terminal,0,51709,85,0,0,25,1000,0,0,59.5645,0
25,stage_arrival,0,S00,5,terminal,0,51714,35,0,0,25,1000,0,0,62.5,0
25,stage_arrival,44,S23,0,switch,43,51711,88,0,0,25,211.017,0,0,50.826,0
25,stage_arrival,1,S01,0,switch,0,51703,20,0,0,25,159.728,0,0,31.9456,0
25,stage_arrival,0,S00,5,terminal,0,51713,64,0,0,25,1000,0,0,25,0
25,stage_arrival,32,S21,1,switch,43,51707,40,0,0,25,261.425,0,0,50.826,0
25,stage_arrival,49,S26,0,switch,43,51715,98,0,0,25,126.404,0,0,50.826,0
25,stage_arrival_coalesce,0,S00,5,terminal,0,51711,88,0,0,25,1000,0,0,50.826,0
25,stage_arrival,31,S62,3,switch,5,51700,63,0,0,25,238.676,0,0,62.5,0
25,stage_arrival_coalesce,0,S00,5,terminal,0,51708,23,0,0,25,1000,0,0,31.9456,0
25,stage_arrival,12,S04,0,switch,6,51701,30,0,0,25,184.169,0,0,31.9456,0
25,stage_arrival,10,S61,0,switch,1,51706,21,0,0,25,227.172,0,0,31.9456,0
25,stage_arrival,56,S36,2,switch,4,51714,35,0,0,25,112.305,0,0,62.5,0
25,stage_arrival,0,S00,5,terminal,0,51700,63,0,0,25,1000,0,0,62.5,0
25,stage_arrival,19,S06,3,switch,10,51705,38,0,0,25,169.014,0,0,31.9456,0
25,stage_arrival,36,S18,0,switch,35,51712,72,0,0,25,247.316,0,0,51.655,0
25,stage_arrival_coalesce,0,S00,5,terminal,0,51712,72,0,0,25,1000,0,0,51.655,0
25,stage_arrival,17,S35,1,switch,56,51714,35,0,0,25,252.252,0,0,62.5,0
25,stage_arrival,3,S27,0,switch,0,51709,85,0,0,25,119.129,0,0,59.5645,0
25,stage_arrival_coalesce,0,S00,5,terminal,0,51713,64,0,0,25,1000,0,0,50.826,0
25,stage_arrival,0,S00,5,terminal,0,51705,38,0,0,25,1000,0,0,20,0
25,stage_arrival_coalesce,0,S00,5,terminal,0,51702,110,0,0,25,1000,0,0,51.655,0
25,stage_arrival,6,S02,0,switch,1,51708,23,0,0,25,138.732,0,0,31.9456,0
25,stage_arrival,5,S63,0,switch,0,51700,63,0,0,25,259.679,0,0,62.5,0
25,stage_arrival,4,S37,0,switch,0,51704,94,0,0,25,203.508,0,0,62.5,0
25,stage_arrival_coalesce,0,S00,5,terminal,0,51706,21,0,0,25,1000,0,0,31.9456,0
25,stage_arrival,0,S00,5,terminal,0,51715,98,0,0,25,1000,0,0,25,0
25,stage_arrival,0,S00,5,terminal,0,51703,20,0,0,25,1000,0,0,11.9456,0
25,stage_arrival,43,S22,0,switch,0,51713,64,0,0,25,203.304,0,0,50.826,0
25,stage_arrival,0,S00,5,terminal,0,51704,94,0,0,25,1000,0,0,62.5,0
25,stage_arrival_coalesce,0,S00,5,terminal,0,51703,20,0,0,25,1000,0,0,31.9456,0
25,stage_arrival,32,S21,1,switch,43,51713,64,0,0,25,261.425,0,0,50.826,0
25,stage_arrival_coalesce,0,S00,5,terminal,0,51707,40,0,0,25,1000,0,0,50.826,0
25,stage_arrival,3,S27,0,switch,0,51710,48,0,0,25,119.129,0,0,59.5645,0
25,stage_arrival_coalesce,0,S00,5,terminal,0,51705,38,0,0,25,1000,0,0,31.9456,0
25,stage_arrival,26,S33,0,switch,3,51710,48,0,0,25,174.708,0,0,59.5645,0
25,stage_arrival_coalesce,0,S00,5,terminal,0,51710,48,0,0,25,1000,0,0,59.5645,0
25,stage_arrival_coalesce,0,S00,5,terminal,0,51715,98,0,0,25,1000,0,0,50.826,0
25,stage_arrival,1,S01,0,switch,0,51705,38,0,0,25,159.728,0,0,31.9456,0
25,stage_arrival,0,S00,5,terminal,0,51701,30,0,0,25,1000,0,0,20,0
25,stage_arrival,47,S25,2,switch,4,51704,94,0,0,25,166.312,0,0,62.5,0
25,stage_arrival,1,S01,0,switch,0,51701,30,0,0,25,159.728,0,0,31.9456,0
25,stage_arrival,43,S22,0,switch,0,51707,40,0,0,25,203.304,0,0,50.826,0
25,stage_arrival_coalesce,0,S00,5,terminal,0,51701,30,0,0,25,1000,0,0,31.9456,0
25,stage_arrival,24,S08,0,switch,22,51710,48,0,0,25,182.424,0,0,59.5645,0
25,allocate_send_arrival,1,S01,0,switch,0,51706,21,0,0,25,159.728,0,11.9456,20,0
25,enqueue_residual,1,S01,0,switch,0,51706,21,0,0,25,159.728,0,0,20,0
25,allocate_send_arrival,1,S01,0,switch,0,51708,23,0,0,25,159.728,0,11.9456,20,0
25,enqueue_residual,1,S01,0,switch,0,51708,23,0,0,25,159.728,0,0,20,0
25,allocate_send_arrival,1,S01,0,switch,0,51703,20,0,0,25,159.728,0,11.9456,20,0
25,enqueue_residual,1,S01,0,switch,0,51703,20,0,0,25,159.728,0,0,20,0
25,allocate_send_arrival,1,S01,0,switch,0,51705,38,0,0,25,159.728,0,11.9456,20,0
25,enqueue_residual,1,S01,0,switch,0,51705,38,0,0,25,159.728,0,0,20,0
25,allocate_send_arrival,1,S01,0,switch,0,51701,30,0,0,25,159.728,0,11.9456,20,0
25,enqueue_residual,1,S01,0,switch,0,51701,30,0,0,25,159.728,0,0,20,0
25,allocate_send_arrival,4,S37,0,switch,0,51714,35,0,0,25,203.508,0,62.5,0,0
25,allocate_send_arrival,4,S37,0,switch,0,51704,94,0,0,25,203.508,0,62.5,0,0
25,allocate_send_arrival,49,S26,0,switch,43,51715,98,0,0,25,126.404,0,50.826,0,0
25,allocate_send_arrival,42,S20,2,switch,3,51709,85,0,0,25,251.806,0,59.5645,0,0
25,allocate_send_arrival,36,S18,0,switch,35,51712,72,0,0,25,247.316,0,51.655,0,0
25,allocate_send_arrival,3,S27,0,switch,0,51709,85,0,0,25,119.129,0,9.5645,50,0
25,enqueue_residual,3,S27,0,switch,0,51709,85,0,0,25,119.129,0,0,50,0
25,allocate_send_arrival,3,S27,0,switch,0,51710,48,0,0,25,119.129,0,9.5645,50,0
25,enqueue_residual,3,S27,0,switch,0,51710,48,0,0,25,119.129,0,0,50,0
25,allocate_send_arrival,32,S21,1,switch,43,51707,40,0,0,25,261.425,0,50.826,0,0
25,allocate_send_arrival,32,S21,1,switch,43,51713,64,0,0,25,261.425,0,50.826,0,0
25,allocate_send_arrival,55,S60,1,switch,37,51702,110,0,0,25,243.133,0,51.655,0,0
25,allocate_send_arrival,31,S62,3,switch,5,51700,63,0,0,25,238.676,0,62.5,0,0
25,allocate_send_arrival,12,S04,0,switch,6,51701,30,0,0,25,184.169,0,31.9456,0,0
25,allocate_send_arrival,56,S36,2,switch,4,51714,35,0,0,25,112.305,0,62.5,0,0
25,allocate_send_arrival,17,S35,1,switch,56,51714,35,0,0,25,252.252,0,62.5,0,0
25,allocate_send_arrival,11,S03,0,switch,6,51708,23,0,0,25,132.338,0,31.9456,0,0
25,allocate_send_arrival,35,S17,2,switch,37,51712,72,0,0,25,246.878,0,51.655,0,0
25,allocate_send_arrival,6,S02,0,switch,1,51701,30,0,0,25,138.732,0,31.9456,0,0
25,allocate_send_arrival,6,S02,0,switch,1,51708,23,0,0,25,138.732,0,31.9456,0,0
25,allocate_send_arrival,0,S00,5,terminal,0,51706,21,0,0,25,1000,0,31.9456,0,0
25,allocate_send_arrival,0,S00,5,terminal,0,51711,88,0,0,25,1000,0,50.826,0,0
25,allocate_send_arrival,0,S00,5,terminal,0,51709,85,0,0,25,1000,0,59.5645,0,0
25,allocate_send_arrival,0,S00,5,terminal,0,51710,48,0,0,25,1000,0,59.5645,0,0
25,allocate_send_arrival,0,S00,5,terminal,0,51702,110,0,0,25,1000,0,51.655,0,0
25,allocate_send_arrival,0,S00,5,terminal,0,51712,72,0,0,25,1000,0,51.655,0,0
25,allocate_send_arrival,0,S00,5,terminal,0,51707,40,0,0,25,1000,0,50.826,0,0
25,allocate_send_arrival,0,S00,5,terminal,0,51708,23,0,0,25,1000,0,31.9456,0,0
25,allocate_send_arrival,0,S00,5,terminal,0,51714,35,0,0,25,1000,0,62.5,2.18279e-14,0
25,allocate_send_arrival,0,S00,5,terminal,0,51713,64,0,0,25,1000,0,50.826,0,0
25,allocate_send_arrival,0,S00,5,terminal,0,51700,63,0,0,25,1000,0,62.5,2.18279e-14,0
25,allocate_send_arrival,0,S00,5,terminal,0,51705,38,0,0,25,1000,0,31.9456,0,0
25,allocate_send_arrival,0,S00,5,terminal,0,51715,98,0,0,25,1000,0,50.826,0,0
25,allocate_send_arrival,0,S00,5,terminal,0,51703,20,0,0,25,1000,0,31.9456,0,0
25,allocate_send_arrival,0,S00,5,terminal,0,51704,94,0,0,25,1000,0,62.5,2.18279e-14,0
25,allocate_send_arrival,0,S00,5,terminal,0,51701,30,0,0,25,1000,0,31.9456,0,0
25,allocate_send_arrival,19,S06,3,switch,10,51705,38,0,0,25,169.014,0,31.9456,0,0
25,allocate_send_arrival,5,S63,0,switch,0,51700,63,0,0,25,259.679,0,62.5,0,0
25,allocate_send_arrival,20,S15,4,switch,32,51707,40,0,0,25,143.593,0,50.826,0,0
25,allocate_send_arrival,37,S32,0,switch,0,51712,72,0,0,25,103.31,0,1.655,50,0
25,enqueue_residual,37,S32,0,switch,0,51712,72,0,0,25,103.31,0,0,50,0
25,allocate_send_arrival,37,S32,0,switch,0,51702,110,0,0,25,103.31,0,1.655,50,0
25,enqueue_residual,37,S32,0,switch,0,51702,110,0,0,25,103.31,0,0,50,0
25,allocate_send_arrival,10,S61,0,switch,1,51703,20,0,0,25,227.172,0,31.9456,3.63798e-15,0
25,allocate_send_arrival,10,S61,0,switch,1,51705,38,0,0,25,227.172,0,31.9456,3.63798e-15,0
25,allocate_send_arrival,10,S61,0,switch,1,51706,21,0,0,25,227.172,0,31.9456,3.63798e-15,0
25,allocate_send_arrival,15,S05,0,switch,12,51701,30,0,0,25,134.869,0,31.9456,0,0
25,allocate_send_arrival,24,S08,0,switch,22,51710,48,0,0,25,182.424,0,59.5645,0,0
25,allocate_send_arrival,26,S33,0,switch,3,51710,48,0,0,25,174.708,0,59.5645,0,0
25,allocate_send_arrival,47,S25,2,switch,4,51704,94,0,0,25,166.312,0,62.5,0,0
25,allocate_send_arrival,44,S23,0,switch,43,51711,88,0,0,25,211.017,0,50.826,0,0
25,allocate_send_arrival,22,S07,3,switch,26,51710,48,0,0,25,124.406,0,59.5645,0,0
25,allocate_send_arrival,43,S22,0,switch,0,51715,98,0,0,25,203.304,0,25.826,25,0
25,enqueue_residual,43,S22,0,switch,0,51715,98,0,0,25,203.304,0,0,25,0
25,allocate_send_arrival,43,S22,0,switch,0,51711,88,0,0,25,203.304,0,25.826,25,0
25,enqueue_residual,43,S22,0,switch,0,51711,88,0,0,25,203.304,0,0,25,0
25,allocate_send_arrival,43,S22,0,switch,0,51713,64,0,0,25,203.304,0,25.826,25,0
25,enqueue_residual,43,S22,0,switch,0,51713,64,0,0,25,203.304,0,0,25,0
25,allocate_send_arrival,43,S22,0,switch,0,51707,40,0,0,25,203.304,0,25.826,25,0
25,enqueue_residual,43,S22,0,switch,0,51707,40,0,0,25,203.304,0,0,25,0
26,allocate_send_buffered,3,S27,0,switch,0,51709,85,0,0,26,119.129,100,50,0,0
26,allocate_send_buffered,3,S27,0,switch,0,51710,48,0,0,26,119.129,100,50,0,0
26,allocate_send_buffered,43,S22,0,switch,0,51715,98,0,0,26,203.304,100,25,0,0
26,allocate_send_buffered,43,S22,0,switch,0,51711,88,0,0,26,203.304,100,25,0,0
26,allocate_send_buffered,43,S22,0,switch,0,51713,64,0,0,26,203.304,100,25,0,0
26,allocate_send_buffered,43,S22,0,switch,0,51707,40,0,0,26,203.304,100,25,0,0
26,allocate_send_buffered,37,S32,0,switch,0,51712,72,0,0,26,103.31,100,50,0,0
26,allocate_send_buffered,37,S32,0,switch,0,51702,110,0,0,26,103.31,100,50,0,0
26,allocate_send_buffered,1,S01,0,switch,0,51706,21,0,0,26,159.728,100,20,0,0
26,allocate_send_buffered,1,S01,0,switch,0,51708,23,0,0,26,159.728,100,20,3.63798e-15,0
26,allocate_send_buffered,1,S01,0,switch,0,51703,20,0,0,26,159.728,100,20,0,0
26,allocate_send_buffered,1,S01,0,switch,0,51705,38,0,0,26,159.728,100,20,0,0
26,allocate_send_buffered,1,S01,0,switch,0,51701,30,0,0,26,159.728,100,20,3.63798e-15,0
26,stage_arrival,0,S00,5,terminal,0,51703,20,0,0,26,1000,0,0,20,0
26,stage_arrival,35,S17,2,switch,37,51712,72,0,0,26,246.878,0,0,51.655,0
26,stage_arrival,4,S37,0,switch,0,51714,35,0,0,26,203.508,0,0,62.5,0
26,stage_arrival,1,S01,0,switch,0,51703,20,0,0,26,159.728,0,0,31.9456,0
26,stage_arrival_coalesce,0,S00,5,terminal,0,51703,20,0,0,26,1000,0,0,31.9456,0
26,stage_arrival,10,S61,0,switch,1,51706,21,0,0,26,227.172,0,0,31.9456,0
26,stage_arrival,0,S00,5,terminal,0,51706,21,0,0,26,1000,0,0,20,0
26,stage_arrival,0,S00,5,terminal,0,51702,110,0,0,26,1000,0,0,1.655,0
26,stage_arrival,6,S02,0,switch,1,51701,30,0,0,26,138.732,0,0,31.9456,0
26,stage_arrival,0,S00,5,terminal,0,51709,85,0,0,26,1000,0,0,9.5645,0
26,stage_arrival,55,S60,1,switch,37,51702,110,0,0,26,243.133,0,0,51.655,0
26,stage_arrival,20,S15,4,switch,32,51707,40,0,0,26,143.593,0,0,50.826,0
26,stage_arrival,6,S02,0,switch,1,51708,23,0,0,26,138.732,0,0,31.9456,0
26,stage_arrival,0,S00,5,terminal,0,51705,38,0,0,26,1000,0,0,20,0
26,stage_arrival,0,S00,5,terminal,0,51715,98,0,0,26,1000,0,0,25,0
26,stage_arrival_coalesce,0,S00,5,terminal,0,51705,38,0,0,26,1000,0,0,31.9456,0
26,stage_arrival,12,S04,0,switch,6,51701,30,0,0,26,184.169,0,0,31.9456,0
26,stage_arrival,32,S21,1,switch,43,51713,64,0,0,26,261.425,0,0,50.826,0
26,stage_arrival,0,S00,5,terminal,0,51713,64,0,0,26,1000,0,0,25.826,0
26,stage_arrival_coalesce,0,S00,5,terminal,0,51715,98,0,0,26,1000,0,0,50.826,0
26,stage_arrival,10,S61,0,switch,1,51705,38,0,0,26,227.172,0,0,31.9456,0
26,stage_arrival,15,S05,0,switch,12,51701,30,0,0,26,134.869,0,0,31.9456,0
26,stage_arrival,36,S18,0,switch,35,51712,72,0,0,26,247.316,0,0,51.655,0
26,stage_arrival_coalesce,0,S00,5,terminal,0,51702,110,0,0,26,1000,0,0,51.655,0
26,stage_arrival,0,S00,5,terminal,0,51707,40,0,0,26,1000,0,0,25,0
26,stage_arrival,0,S00,5,terminal,0,51704,94,0,0,26,1000,0,0,62.5,0
26,stage_arrival_coalesce,0,S00,5,terminal,0,51709,85,0,0,26,1000,0,0,59.5645,0
26,stage_arrival,11,S03,0,switch,6,51708,23,0,0,26,132.338,0,0,31.9456,0
26,stage_arrival,56,S36,2,switch,4,51714,35,0,0,26,112.305,0,0,62.5,0
26,stage_arrival_coalesce,0,S00,5,terminal,0,51707,40,0,0,26,1000,0,0,50.826,0
26,stage_arrival,43,S22,0,switch,0,51715,98,0,0,26,203.304,0,0,50.826,0
26,stage_arrival,1,S01,0,switch,0,51705,38,0,0,26,159.728,0,0,31.9456,0
26,stage_arrival,3,S27,0,switch,0,51709,85,0,0,26,119.129,0,0,59.5645,0
26,stage_arrival,4,S37,0,switch,0,51704,94,0,0,26,203.508,0,0,62.5,0
26,stage_arrival,0,S00,5,terminal,0,51714,35,0,0,26,1000,0,0,62.5,0
26,stage_arrival,0,S00,5,terminal,0,51708,23,0,0,26,1000,0,0,20,0
26,stage_arrival_coalesce,0,S00,5,terminal,0,51708,23,0,0,26,1000,0,0,31.9456,0
26,stage_arrival,43,S22,0,switch,0,51711,88,0,0,26,203.304,0,0,50.826,0
26,stage_arrival,17,S35,1,switch,56,51714,35,0,0,26,252.252,0,0,62.5,0
26,stage_arrival,0,S00,5,terminal,0,51711,88,0,0,26,1000,0,0,25,0
26,stage_arrival,44,S23,0,switch,43,51711,88,0,0,26,211.017,0,0,50.826,0
26,stage_arrival,0,S00,5,terminal,0,51710,48,0,0,26,1000,0,0,9.5645,0
26,stage_arrival,3,S27,0,switch,0,51710,48,0,0,26,119.129,0,0,59.5645,0
26,stage_arrival,42,S20,2,switch,3,51709,85,0,0,26,251.806,0,0,59.5645,0
26,stage_arrival,0,S00,5,terminal,0,51712,72,0,0,26,1000,0,0,1.655,0
26,stage_arrival,1,S01,0,switch,0,51701,30,0,0,26,159.728,0,0,31.9456,0
26,stage_arrival,0,S00,5,terminal,0,51700,63,0,0,26,1000,0,0,62.5,0
26,stage_arrival,32,S21,1,switch,43,51707,40,0,0,26,261.425,0,0,50.826,0
26,stage_arrival_coalesce,0,S00,5,terminal,0,51710,48,0,0,26,1000,0,0,59.5645,0
26,stage_arrival_coalesce,0,S00,5,terminal,0,51712,72,0,0,26,1000,0,0,51.655,0
26,stage_arrival,0,S00,5,terminal,0,51701,30,0,0,26,1000,0,0,20,0
26,stage_arrival,47,S25,2,switch,4,51704,94,0,0,26,166.312,0,0,62.5,0
26,stage_arrival,22,S07,3,switch,26,51710,48,0,0,26,124.406,0,0,59.5645,0
26,stage_arrival,43,S22,0,switch,0,51707,40,0,0,26,203.304,0,0,50.826,0
26,stage_arrival,19,S06,3,switch,10,51705,38,0,0,26,169.014,0,0,31.9456,0
26,stage_arrival,43,S22,0,switch,0,51713,64,0,0,26,203.304,0,0,50.826,0
26,stage_arrival,31,S62,3,switch,5,51700,63,0,0,26,238.676,0,0,62.5,0
26,stage_arrival,1,S01,0,switch,0,51708,23,0,0,26,159.728,0,0,31.9456,0
26,stage_arrival_coalesce,0,S00,5,terminal,0,51713,64,0,0,26,1000,0,0,50.826,0
26,stage_arrival,1,S01,0,switch,0,51706,21,0,0,26,159.728,0,0,31.9456,0
26,stage_arrival,10,S61,0,switch,1,51703,20,0,0,26,227.172,0,0,31.9456,0
26,stage_arrival,37,S32,0,switch,0,51712,72,0,0,26,103.31,0,0,51.655,0
26,stage_arrival,49,S26,0,switch,43,51715,98,0,0,26,126.404,0,0,50.826,0
26,stage_arrival_coalesce,0,S00,5,terminal,0,51706,21,0,0,26,1000,0,0,31.9456,0
26,stage_arrival_coalesce,0,S00,5,terminal,0,51701,30,0,0,26,1000,0,0,31.9456,0
26,stage_arrival,26,S33,0,switch,3,51710,48,0,0,26,174.708,0,0,59.5645,0
26,stage_arrival_coalesce,0,S00,5,terminal,0,51711,88,0,0,26,1000,0,0,50.826,0
26,stage_arrival,5,S63,0,switch,0,51700,63,0,0,26,259.679,0,0,62.5,0
26,stage_arrival,37,S32,0,switch,0,51702,110,0,0,26,103.31,0,0,51.655,0
26,stage_arrival,24,S08,0,switch,22,51710,48,0,0,26,182.424,0,0,59.5645,0
26,allocate_send_arrival,3,S27,0,switch,0,51709,85,0,0,26,119.129,0,9.5645,50,0
26,enqueue_residual,3,S27,0,switch,0,51709,85,0,0,26,119.129,0,0,50,0
26,allocate_send_arrival,3,S27,0,switch,0,51710,48,0,0,26,119.129,0,9.5645,50,0
26,enqueue_residual,3,S27,0,switch,0,51710,48,0,0,26,119.129,0,0,50,0
26,allocate_send_arrival,4,S37,0,switch,0,51714,35,0,0,26,203.508,0,62.5,0,0
26,allocate_send_arrival,4,S37,0,switch,0,51704,94,0,0,26,203.508,0,62.5,0,0
26,allocate_send_arrival,35,S17,2,switch,37,51712,72,0,0,26,246.878,0,51.655,0,0
26,allocate_send_arrival,17,S35,1,switch,56,51714,35,0,0,26,252.252,0,62.5,0,0
26,allocate_send_arrival,43,S22,0,switch,0,51715,98,0,0,26,203.304,0,25.826,25,0
26,enqueue_residual,43,S22,0,switch,0,51715,98,0,0,26,203.304,0,0,25,0
26,allocate_send_arrival,43,S22,0,switch,0,51711,88,0,0,26,203.304,0,25.826,25,0
26,enqueue_residual,43,S22,0,switch,0,51711,88,0,0,26,203.304,0,0,25,0
26,allocate_send_arrival,43,S22,0,switch,0,51707,40,0,0,26,203.304,0,25.826,25,0
26,enqueue_residual,43,S22,0,switch,0,51707,40,0,0,26,203.304,0,0,25,0
26,allocate_send_arrival,43,S22,0,switch,0,51713,64,0,0,26,203.304,0,25.826,25,0
26,enqueue_residual,43,S22,0,switch,0,51713,64,0,0,26,203.304,0,0,25,0
26,allocate_send_arrival,20,S15,4,switch,32,51707,40,0,0,26,143.593,0,50.826,0,0
26,allocate_send_arrival,6,S02,0,switch,1,51701,30,0,0,26,138.732,0,31.9456,0,0
26,allocate_send_arrival,6,S02,0,switch,1,51708,23,0,0,26,138.732,0,31.9456,0,0
26,allocate_send_arrival,47,S25,2,switch,4,51704,94,0,0,26,166.312,0,62.5,0,0
26,allocate_send_arrival,0,S00,5,terminal,0,51703,20,0,0,26,1000,0,31.9456,0,0
26,allocate_send_arrival,0,S00,5,terminal,0,51706,21,0,0,26,1000,0,31.9456,0,0
26,allocate_send_arrival,0,S00,5,terminal,0,51702,110,0,0,26,1000,0,51.655,0,0
26,allocate_send_arrival,0,S00,5,terminal,0,51709,85,0,0,26,1000,0,59.5645,0,0
26,allocate_send_arrival,0,S00,5,terminal,0,51705,38,0,0,26,1000,0,31.9456,0,0
26,allocate_send_arrival,0,S00,5,terminal,0,51715,98,0,0,26,1000,0,50.826,0,0
26,allocate_send_arrival,0,S00,5,terminal,0,51713,64,0,0,26,1000,0,50.826,0,0
26,allocate_send_arrival,0,S00,5,terminal,0,51707,40,0,0,26,1000,0,50.826,0,0
26,allocate_send_arrival,0,S00,5,terminal,0,51704,94,0,0,26,1000,0,62.5,7.27596e-15,0
26,allocate_send_arrival,0,S00,5,terminal,0,51714,35,0,0,26,1000,0,62.5,7.27596e-15,0
26,allocate_send_arrival,0,S00,5,terminal,0,51708,23,0,0,26,1000,0,31.9456,0,0
26,allocate_send_arrival,0,S00,5,terminal,0,51711,88,0,0,26,1000,0,50.826,0,0
26,allocate_send_arrival,0,S00,5,terminal,0,51710,48,0,0,26,1000,0,59.5645,0,0
26,allocate_send_arrival,0,S00,5,terminal,0,51712,72,0,0,26,1000,0,51.655,0,0
26,allocate_send_arrival,0,S00,5,terminal,0,51700,63,0,0,26,1000,0,62.5,7.27596e-15,0
26,allocate_send_arrival,0,S00,5,terminal,0,51701,30,0,0,26,1000,0,31.9456,0,0
26,allocate_send_arrival,42,S20,2,switch,3,51709,85,0,0,26,251.806,0,59.5645,0,0
26,allocate_send_arrival,10,S61,0,switch,1,51706,21,0,0,26,227.172,0,31.9456,0,0
26,allocate_send_arrival,10,S61,0,switch,1,51705,38,0,0,26,227.172,0,31.9456,6.18456e-14,0
26,allocate_send_arrival,10,S61,0,switch,1,51703,20,0,0,26,227.172,0,31.9456,0,0
26,allocate_send_arrival,15,S05,0,switch,12,51701,30,0,0,26,134.869,0,31.9456,0,0
26,allocate_send_arrival,24,S08,0,switch,22,51710,48,0,0,26,182.424,0,59.5645,0,0
26,allocate_send_arrival,22,S07,3,switch,26,51710,48,0,0,26,124.406,0,59.5645,0,0
26,allocate_send_arrival,11,S03,0,switch,6,51708,23,0,0,26,132.338,0,31.9456,0,0
26,allocate_send_arrival,31,S62,3,switch,5,51700,63,0,0,26,238.676,0,62.5,0,0
26,allocate_send_arrival,32,S21,1,switch,43,51713,64,0,0,26,261.425,0,50.826,0,0
26,allocate_send_arrival,32,S21,1,switch,43,51707,40,0,0,26,261.425,0,50.826,7.27596e-14,0
26,allocate_send_arrival,12,S04,0,switch,6,51701,30,0,0,26,184.169,0,31.9456,0,0
26,allocate_send_arrival,55,S60,1,switch,37,51702,110,0,0,26,243.133,0,51.655,0,0
26,allocate_send_arrival,19,S06,3,switch,10,51705,38,0,0,26,169.014,0,31.9456,0,0
26,allocate_send_arrival,5,S63,0,switch,0,51700,63,0,0,26,259.679,0,62.5,0,0
26,allocate_send_arrival,36,S18,0,switch,35,51712,72,0,0,26,247.316,0,51.655,0,0
26,allocate_send_arrival,26,S33,0,switch,3,51710,48,0,0,26,174.708,0,59.5645,0,0
26,allocate_send_arrival,44,S23,0,switch,43,51711,88,0,0,26,211.017,0,50.826,0,0
26,allocate_send_arrival,56,S36,2,switch,4,51714,35,0,0,26,112.305,0,62.5,0,0
26,allocate_send_arrival,1,S01,0,switch,0,51703,20,0,0,26,159.728,0,11.9456,20,0
26,enqueue_residual,1,S01,0,switch,0,51703,20,0,0,26,159.728,0,0,20,0
26,allocate_send_arrival,1,S01,0,switch,0,51705,38,0,0,26,159.728,0,11.9456,20,0
26,enqueue_residual,1,S01,0,switch,0,51705,38,0,0,26,159.728,0,0,20,0
26,allocate_send_arrival,1,S01,0,switch,0,51701,30,0,0,26,159.728,0,11.9456,20,0
26,enqueue_residual,1,S01,0,switch,0,51701,30,0,0,26,159.728,0,0,20,0
26,allocate_send_arrival,1,S01,0,switch,0,51708,23,0,0,26,159.728,0,11.9456,20,0
26,enqueue_residual,1,S01,0,switch,0,51708,23,0,0,26,159.728,0,0,20,0
26,allocate_send_arrival,1,S01,0,switch,0,51706,21,0,0,26,159.728,0,11.9456,20,0
26,enqueue_residual,1,S01,0,switch,0,51706,21,0,0,26,159.728,0,0,20,0
26,allocate_send_arrival,49,S26,0,switch,43,51715,98,0,0,26,126.404,0,50.826,0,0
26,allocate_send_arrival,37,S32,0,switch,0,51712,72,0,0,26,103.31,0,1.655,50,0
26,enqueue_residual,37,S32,0,switch,0,51712,72,0,0,26,103.31,0,0,50,0
26,allocate_send_arrival,37,S32,0,switch,0,51702,110,0,0,26,103.31,0,1.655,50,0
26,enqueue_residual,37,S32,0,switch,0,51702,110,0,0,26,103.31,0,0,50,0
27,allocate_send_buffered,3,S27,0,switch,0,51709,85,0,0,27,119.129,100,50,0,0
27,allocate_send_buffered,3,S27,0,switch,0,51710,48,0,0,27,119.129,100,50,0,0
27,allocate_send_buffered,37,S32,0,switch,0,51712,72,0,0,27,103.31,100,50,0,0
27,allocate_send_buffered,37,S32,0,switch,0,51702,110,0,0,27,103.31,100,50,0,0
27,allocate_send_buffered,1,S01,0,switch,0,51703,20,0,0,27,159.728,100,20,0,0
27,allocate_send_buffered,1,S01,0,switch,0,51705,38,0,0,27,159.728,100,20,0,0
27,allocate_send_buffered,1,S01,0,switch,0,51701,30,0,0,27,159.728,100,20,0,0
27,allocate_send_buffered,1,S01,0,switch,0,51708,23,0,0,27,159.728,100,20,0,0
27,allocate_send_buffered,1,S01,0,switch,0,51706,21,0,0,27,159.728,100,20,0,0
27,allocate_send_buffered,43,S22,0,switch,0,51715,98,0,0,27,203.304,100,25,0,0
27,allocate_send_buffered,43,S22,0,switch,0,51711,88,0,0,27,203.304,100,25,0,0
27,allocate_send_buffered,43,S22,0,switch,0,51707,40,0,0,27,203.304,100,25,0,0
27,allocate_send_buffered,43,S22,0,switch,0,51713,64,0,0,27,203.304,100,25,0,0
27,stage_arrival,4,S37,0,switch,0,51714,35,0,0,27,203.508,0,0,62.5,0
27,stage_arrival,0,S00,5,terminal,0,51703,20,0,0,27,1000,0,0,11.9456,0
27,stage_arrival,6,S02,0,switch,1,51708,23,0,0,27,138.732,0,0,31.9456,0
27,stage_arrival,37,S32,0,switch,0,51712,72,0,0,27,103.31,0,0,51.655,0
27,stage_arrival,43,S22,0,switch,0,51707,40,0,0,27,203.304,0,0,50.826,0
27,stage_arrival,20,S15,4,switch,32,51707,40,0,0,27,143.593,0,0,50.826,0
27,stage_arrival,0,S00,5,terminal,0,51713,64,0,0,27,1000,0,0,25,0
27,stage_arrival,15,S05,0,switch,12,51701,30,0,0,27,134.869,0,0,31.9456,0
27,stage_arrival,0,S00,5,terminal,0,51702,110,0,0,27,1000,0,0,1.655,0
27,stage_arrival_coalesce,0,S00,5,terminal,0,51703,20,0,0,27,1000,0,0,31.9456,0
27,stage_arrival,0,S00,5,terminal,0,51704,94,0,0,27,1000,0,0,62.5,0
27,stage_arrival,56,S36,2,switch,4,51714,35,0,0,27,112.305,0,0,62.5,0
27,stage_arrival,0,S00,5,terminal,0,51709,85,0,0,27,1000,0,0,50,0
27,stage_arrival,0,S00,5,terminal,0,51712,72,0,0,27,1000,0,0,50,0
27,stage_arrival,12,S04,0,switch,6,51701,30,0,0,27,184.169,0,0,31.9456,0
27,stage_arrival,43,S22,0,switch,0,51711,88,0,0,27,203.304,0,0,50.826,0
27,stage_arrival,0,S00,5,terminal,0,51715,98,0,0,27,1000,0,0,25,0
27,stage_arrival,31,S62,3,switch,5,51700,63,0,0,27,238.676,0,0,62.5,0
27,stage_arrival,0,S00,5,terminal,0,51708,23,0,0,27,1000,0,0,11.9456,0
27,stage_arrival,5,S63,0,switch,0,51700,63,0,0,27,259.679,0,0,62.5,0
27,stage_arrival,11,S03,0,switch,6,51708,23,0,0,27,132.338,0,0,31.9456,0
27,stage_arrival,0,S00,5,terminal,0,51706,21,0,0,27,1000,0,0,20,0
27,stage_arrival,24,S08,0,switch,22,51710,48,0,0,27,182.424,0,0,59.5645,0
27,stage_arrival,32,S21,1,switch,43,51707,40,0,0,27,261.425,0,0,50.826,0
27,stage_arrival,0,S00,5,terminal,0,51707,40,0,0,27,1000,0,0,25.826,0
27,stage_arrival,17,S35,1,switch,56,51714,35,0,0,27,252.252,0,0,62.5,0
27,stage_arrival,0,S00,5,terminal,0,51701,30,0,0,27,1000,0,0,20,0
27,stage_arrival,49,S26,0,switch,43,51715,98,0,0,27,126.404,0,0,50.826,0
27,stage_arrival,43,S22,0,switch,0,51713,64,0,0,27,203.304,0,0,50.826,0
27,stage_arrival,0,S00,5,terminal,0,51700,63,0,0,27,1000,0,0,62.5,0
27,stage_arrival_coalesce,0,S00,5,terminal,0,51709,85,0,0,27,1000,0,0,59.5645,0
27,stage_arrival,1,S01,0,switch,0,51705,38,0,0,27,159.728,0,0,31.9456,0
27,stage_arrival,0,S00,5,terminal,0,51714,35,0,0,27,1000,0,0,62.5,0
27,stage_arrival,22,S07,3,switch,26,51710,48,0,0,27,124.406,0,0,59.5645,0
27,stage_arrival,1,S01,0,switch,0,51701,30,0,0,27,159.728,0,0,31.9456,0
27,stage_arrival_coalesce,0,S00,5,terminal,0,51715,98,0,0,27,1000,0,0,50.826,0
27,stage_arrival,10,S61,0,switch,1,51705,38,0,0,27,227.172,0,0,31.9456,0
27,stage_arrival,0,S00,5,terminal,0,51711,88,0,0,27,1000,0,0,25,0
27,stage_arrival_coalesce,0,S00,5,terminal,0,51713,64,0,0,27,1000,0,0,50.826,0
27,stage_arrival,0,S00,5,terminal,0,51705,38,0,0,27,1000,0,0,11.9456,0
27,stage_arrival,44,S23,0,switch,43,51711,88,0,0,27,211.017,0,0,50.826,0
27,stage_arrival,19,S06,3,switch,10,51705,38,0,0,27,169.014,0,0,31.9456,0
27,stage_arrival,0,S00,5,terminal,0,51710,48,0,0,27,1000,0,0,9.5645,0
27,stage_arrival,10,S61,0,switch,1,51706,21,0,0,27,227.172,0,0,31.9456,0
27,stage_arrival,26,S33,0,switch,3,51710,48,0,0,27,174.708,0,0,59.5645,0
27,stage_arrival,3,S27,0,switch,0,51709,85,0,0,27,119.129,0,0,59.5645,0
27,stage_arrival,43,S22,0,switch,0,51715,98,0,0,27,203.304,0,0,50.826,0
27,stage_arrival_coalesce,0,S00,5,terminal,0,51705,38,0,0,27,1000,0,0,31.9456,0
27,stage_arrival,47,S25,2,switch,4,51704,94,0,0,27,166.312,0,0,62.5,0
27,stage_arrival_coalesce,0,S00,5,terminal,0,51710,48,0,0,27,1000,0,0,59.5645,0
27,stage_arrival,35,S17,2,switch,37,51712,72,0,0,27,246.878,0,0,51.655,0
27,stage_arrival_coalesce,0,S00,5,terminal,0,51702,110,0,0,27,1000,0,0,51.655,0
27,stage_arrival,1,S01,0,switch,0,51708,23,0,0,27,159.728,0,0,31.9456,0
27,stage_arrival,42,S20,2,switch,3,51709,85,0,0,27,251.806,0,0,59.5645,0
27,stage_arrival,1,S01,0,switch,0,51706,21,0,0,27,159.728,0,0,31.9456,0
27,stage_arrival_coalesce,0,S00,5,terminal,0,51711,88,0,0,27,1000,0,0,50.826,0
27,stage_arrival,10,S61,0,switch,1,51703,20,0,0,27,227.172,0,0,31.9456,0
27,stage_arrival_coalesce,0,S00,5,terminal,0,51708,23,0,0,27,1000,0,0,31.9456,0
27,stage_arrival,37,S32,0,switch,0,51702,110,0,0,27,103.31,0,0,51.655,0
27,stage_arrival,4,S37,0,switch,0,51704,94,0,0,27,203.508,0,0,62.5,0
27,stage_arrival_coalesce,0,S00,5,terminal,0,51706,21,0,0,27,1000,0,0,31.9456,0
27,stage_arrival_coalesce,0,S00,5,terminal,0,51701,30,0,0,27,1000,0,0,31.9456,0
27,stage_arrival,3,S27,0,switch,0,51710,48,0,0,27,119.129,0,0,59.5645,0
27,stage_arrival,1,S01,0,switch,0,51703,20,0,0,27,159.728,0,0,31.9456,0
27,stage_arrival_coalesce,0,S00,5,terminal,0,51712,72,0,0,27,1000,0,0,51.655,0
27,stage_arrival,6,S02,0,switch,1,51701,30,0,0,27,138.732,0,0,31.9456,0
27,stage_arrival,32,S21,1,switch,43,51713,64,0,0,27,261.425,0,0,50.826,0
27,stage_arrival,36,S18,0,switch,35,51712,72,0,0,27,247.316,0,0,51.655,0
27,stage_arrival,55,S60,1,switch,37,51702,110,0,0,27,243.133,0,0,51.655,0
27,stage_arrival_coalesce,0,S00,5,terminal,0,51707,40,0,0,27,1000,0,0,50.826,0
27,allocate_send_arrival,31,S62,3,switch,5,51700,63,0,0,27,238.676,0,62.5,0,0
27,allocate_send_arrival,6,S02,0,switch,1,51708,23,0,0,27,138.732,0,31.9456,0,0
27,allocate_send_arrival,6,S02,0,switch,1,51701,30,0,0,27,138.732,0,31.9456,4.72937e-14,0
27,allocate_send_arrival,26,S33,0,switch,3,51710,48,0,0,27,174.708,0,59.5645,0,0
27,allocate_send_arrival,12,S04,0,switch,6,51701,30,0,0,27,184.169,0,31.9456,0,0
27,allocate_send_arrival,36,S18,0,switch,35,51712,72,0,0,27,247.316,0,51.655,0,0
27,allocate_send_arrival,3,S27,0,switch,0,51709,85,0,0,27,119.129,0,9.5645,50,0
27,enqueue_residual,3,S27,0,switch,0,51709,85,0,0,27,119.129,0,0,50,0
27,allocate_send_arrival,3,S27,0,switch,0,51710,48,0,0,27,119.129,0,9.5645,50,0
27,enqueue_residual,3,S27,0,switch,0,51710,48,0,0,27,119.129,0,0,50,0
27,allocate_send_arrival,37,S32,0,switch,0,51712,72,0,0,27,103.31,0,1.655,50,0
27,enqueue_residual,37,S32,0,switch,0,51712,72,0,0,27,103.31,0,0,50,0
27,allocate_send_arrival,37,S32,0,switch,0,51702,110,0,0,27,103.31,0,1.655,50,0
27,enqueue_residual,37,S32,0,switch,0,51702,110,0,0,27,103.31,0,0,50,0
27,allocate_send_arrival,22,S07,3,switch,26,51710,48,0,0,27,124.406,0,59.5645,0,0
27,allocate_send_arrival,20,S15,4,switch,32,51707,40,0,0,27,143.593,0,50.826,0,0
27,allocate_send_arrival,49,S26,0,switch,43,51715,98,0,0,27,126.404,0,50.826,0,0
27,allocate_send_arrival,32,S21,1,switch,43,51707,40,0,0,27,261.425,0,50.826,0,0
27,allocate_send_arrival,32,S21,1,switch,43,51713,64,0,0,27,261.425,0,50.826,1.60071e-13,0
27,allocate_send_arrival,44,S23,0,switch,43,51711,88,0,0,27,211.017,0,50.826,0,0
27,allocate_send_arrival,47,S25,2,switch,4,51704,94,0,0,27,166.312,0,62.5,0,0
27,allocate_send_arrival,11,S03,0,switch,6,51708,23,0,0,27,132.338,0,31.9456,0,0
27,allocate_send_arrival,43,S22,0,switch,0,51707,40,0,0,27,203.304,0,25.826,25,0
27,enqueue_residual,43,S22,0,switch,0,51707,40,0,0,27,203.304,0,0,25,0
27,allocate_send_arrival,43,S22,0,switch,0,51711,88,0,0,27,203.304,0,25.826,25,0
27,enqueue_residual,43,S22,0,switch,0,51711,88,0,0,27,203.304,0,0,25,0
27,allocate_send_arrival,43,S22,0,switch,0,51713,64,0,0,27,203.304,0,25.826,25,0
27,enqueue_residual,43,S22,0,switch,0,51713,64,0,0,27,203.304,0,0,25,0
27,allocate_send_arrival,43,S22,0,switch,0,51715,98,0,0,27,203.304,0,25.826,25,0
27,enqueue_residual,43,S22,0,switch,0,51715,98,0,0,27,203.304,0,0,25,0
27,allocate_send_arrival,1,S01,0,switch,0,51705,38,0,0,27,159.728,0,11.9456,20,0
27,enqueue_residual,1,S01,0,switch,0,51705,38,0,0,27,159.728,0,0,20,0
27,allocate_send_arrival,1,S01,0,switch,0,51701,30,0,0,27,159.728,0,11.9456,20,0
27,enqueue_residual,1,S01,0,switch,0,51701,30,0,0,27,159.728,0,0,20,0
27,allocate_send_arrival,1,S01,0,switch,0,51708,23,0,0,27,159.728,0,11.9456,20,0
27,enqueue_residual,1,S01,0,switch,0,51708,23,0,0,27,159.728,0,0,20,0
27,allocate_send_arrival,1,S01,0,switch,0,51706,21,0,0,27,159.728,0,11.9456,20,0
27,enqueue_residual,1,S01,0,switch,0,51706,21,0,0,27,159.728,0,0,20,0
27,allocate_send_arrival,1,S01,0,switch,0,51703,20,0,0,27,159.728,0,11.9456,20,0
27,enqueue_residual,1,S01,0,switch,0,51703,20,0,0,27,159.728,0,0,20,0
27,allocate_send_arrival,19,S06,3,switch,10,51705,38,0,0,27,169.014,0,31.9456,0,0
27,allocate_send_arrival,55,S60,1,switch,37,51702,110,0,0,27,243.133,0,51.655,0,0
27,allocate_send_arrival,0,S00,5,terminal,0,51703,20,0,0,27,1000,0,31.9456,0,0
27,allocate_send_arrival,0,S00,5,terminal,0,51713,64,0,0,27,1000,0,50.826,0,0
27,allocate_send_arrival,0,S00,5,terminal,0,51702,110,0,0,27,1000,0,51.655,0,0
27,allocate_send_arrival,0,S00,5,terminal,0,51704,94,0,0,27,1000,0,62.5,2.18279e-14,0
27,allocate_send_arrival,0,S00,5,terminal,0,51709,85,0,0,27,1000,0,59.5645,0,0
27,allocate_send_arrival,0,S00,5,terminal,0,51712,72,0,0,27,1000,0,51.655,0,0
27,allocate_send_arrival,0,S00,5,terminal,0,51715,98,0,0,27,1000,0,50.826,0,0
27,allocate_send_arrival,0,S00,5,terminal,0,51708,23,0,0,27,1000,0,31.9456,0,0
27,allocate_send_arrival,0,S00,5,terminal,0,51706,21,0,0,27,1000,0,31.9456,0,0
27,allocate_send_arrival,0,S00,5,terminal,0,51707,40,0,0,27,1000,0,50.826,0,0
27,allocate_send_arrival,0,S00,5,terminal,0,51701,30,0,0,27,1000,0,31.9456,0,0
27,allocate_send_arrival,0,S00,5,terminal,0,51700,63,0,0,27,1000,0,62.5,2.18279e-14,0
27,allocate_send_arrival,0,S00,5,terminal,0,51714,35,0,0,27,1000,0,62.5,2.18279e-14,0
27,allocate_send_arrival,0,S00,5,terminal,0,51711,88,0,0,27,1000,0,50.826,0,0
27,allocate_send_arrival,0,S00,5,terminal,0,51705,38,0,0,27,1000,0,31.9456,0,0
27,allocate_send_arrival,0,S00,5,terminal,0,51710,48,0,0,27,1000,0,59.5645,0,0
27,allocate_send_arrival,4,S37,0,switch,0,51714,35,0,0,27,203.508,0,62.5,9.45874e-14,0
27,allocate_send_arrival,4,S37,0,switch,0,51704,94,0,0,27,203.508,0,62.5,0,0
27,allocate_send_arrival,17,S35,1,switch,56,51714,35,0,0,27,252.252,0,62.5,0,0
27,allocate_send_arrival,10,S61,0,switch,1,51705,38,0,0,27,227.172,0,31.9456,0,0
27,allocate_send_arrival,10,S61,0,switch,1,51706,21,0,0,27,227.172,0,31.9456,6.54836e-14,0
27,allocate_send_arrival,10,S61,0,switch,1,51703,20,0,0,27,227.172,0,31.9456,6.54836e-14,0
27,allocate_send_arrival,24,S08,0,switch,22,51710,48,0,0,27,182.424,0,59.5645,0,0
27,allocate_send_arrival,35,S17,2,switch,37,51712,72,0,0,27,246.878,0,51.655,0,0
27,allocate_send_arrival,5,S63,0,switch,0,51700,63,0,0,27,259.679,0,62.5,0,0
27,allocate_send_arrival,56,S36,2,switch,4,51714,35,0,0,27,112.305,0,62.5,0,0
27,allocate_send_arrival,42,S20,2,switch,3,51709,85,0,0,27,251.806,0,59.5645,0,0
27,allocate_send_arrival,15,S05,0,switch,12,51701,30,0,0,27,134.869,0,31.9456,0,0
28,allocate_send_buffered,43,S22,0,switch,0,51707,40,0,0,28,203.304,100,25,5.82077e-14,0
28,allocate_send_buffered,43,S22,0,switch,0,51711,88,0,0,28,203.304,100,25,0,0
28,allocate_send_buffered,43,S22,0,switch,0,51713,64,0,0,28,203.304,100,25,0,0
28,allocate_send_buffered,43,S22,0,switch,0,51715,98,0,0,28,203.304,100,25,0,0
28,allocate_send_buffered,1,S01,0,switch,0,51705,38,0,0,28,159.728,100,20,0,0
28,allocate_send_buffered,1,S01,0,switch,0,51701,30,0,0,28,159.728,100,20,5.09317e-14,0
28,allocate_send_buffered,1,S01,0,switch,0,51708,23,0,0,28,159.728,100,20,5.09317e-14,0
28,allocate_send_buffered,1,S01,0,switch,0,51706,21,0,0,28,159.728,100,20,0,0
28,allocate_send_buffered,1,S01,0,switch,0,51703,20,0,0,28,159.728,100,20,0,0
28,allocate_send_buffered,3,S27,0,switch,0,51709,85,0,0,28,119.129,100,50,0,0
28,allocate_send_buffered,3,S27,0,switch,0,51710,48,0,0,28,119.129,100,50,8.73115e-14,0
28,allocate_send_buffered,37,S32,0,switch,0,51712,72,0,0,28,103.31,100,50,7.27596e-14,0
28,allocate_send_buffered,37,S32,0,switch,0,51702,110,0,0,28,103.31,100,50,0,0
28,stage_arrival,42,S20,2,switch,3,51709,85,0,0,28,251.806,0,0,59.5645,0
28,stage_arrival,55,S60,1,switch,37,51702,110,0,0,28,243.133,0,0,51.655,0
28,stage_arrival,6,S02,0,switch,1,51701,30,0,0,28,138.732,0,0,31.9456,0
28,stage_arrival,0,S00,5,terminal,0,51708,23,0,0,28,1000,0,0,11.9456,0
28,stage_arrival,0,S00,5,terminal,0,51701,30,0,0,28,1000,0,0,20,0
28,stage_arrival,0,S00,5,terminal,0,51715,98,0,0,28,1000,0,0,25.826,0
28,stage_arrival,32,S21,1,switch,43,51713,64,0,0,28,261.425,0,0,50.826,0
28,stage_arrival,0,S00,5,terminal,0,51702,110,0,0,28,1000,0,0,50,0
28,stage_arrival,5,S63,0,switch,0,51700,63,0,0,28,259.679,0,0,62.5,0
28,stage_arrival,0,S00,5,terminal,0,51711,88,0,0,28,1000,0,0,25.826,0
28,stage_arrival,0,S00,5,terminal,0,51713,64,0,0,28,1000,0,0,25.826,0
28,stage_arrival,17,S35,1,switch,56,51714,35,0,0,28,252.252,0,0,62.5,0
28,stage_arrival,4,S37,0,switch,0,51714,35,0,0,28,203.508,0,0,62.5,0
28,stage_arrival,0,S00,5,terminal,0,51709,85,0,0,28,1000,0,0,50,0
28,stage_arrival,1,S01,0,switch,0,51701,30,0,0,28,159.728,0,0,31.9456,0
28,stage_arrival,15,S05,0,switch,12,51701,30,0,0,28,134.869,0,0,31.9456,0
28,stage_arrival,24,S08,0,switch,22,51710,48,0,0,28,182.424,0,0,59.5645,0
28,stage_arrival,0,S00,5,terminal,0,51700,63,0,0,28,1000,0,0,62.5,0
28,stage_arrival,43,S22,0,switch,0,51715,98,0,0,28,203.304,0,0,50.826,0
28,stage_arrival_coalesce,0,S00,5,terminal,0,51701,30,0,0,28,1000,0,0,31.9456,0
28,stage_arrival,0,S00,5,terminal,0,51710,48,0,0,28,1000,0,0,9.5645,0
28,stage_arrival_coalesce,0,S00,5,terminal,0,51709,85,0,0,28,1000,0,0,59.5645,0
28,stage_arrival,0,S00,5,terminal,0,51705,38,0,0,28,1000,0,0,20,0
28,stage_arrival,0,S00,5,terminal,0,51703,20,0,0,28,1000,0,0,20,0
28,stage_arrival,35,S17,2,switch,37,51712,72,0,0,28,246.878,0,0,51.655,0
28,stage_arrival,10,S61,0,switch,1,51705,38,0,0,28,227.172,0,0,31.9456,0
28,stage_arrival,37,S32,0,switch,0,51702,110,0,0,28,103.31,0,0,51.655,0
28,stage_arrival,3,S27,0,switch,0,51709,85,0,0,28,119.129,0,0,59.5645,0
28,stage_arrival,10,S61,0,switch,1,51706,21,0,0,28,227.172,0,0,31.9456,0
28,stage_arrival,3,S27,0,switch,0,51710,48,0,0,28,119.129,0,0,59.5645,0
28,stage_arrival,49,S26,0,switch,43,51715,98,0,0,28,126.404,0,0,50.826,0
28,stage_arrival,43,S22,0,switch,0,51707,40,0,0,28,203.304,0,0,50.826,0
28,stage_arrival,6,S02,0,switch,1,51708,23,0,0,28,138.732,0,0,31.9456,0
28,stage_arrival,36,S18,0,switch,35,51712,72,0,0,28,247.316,0,0,51.655,0
28,stage_arrival_coalesce,0,S00,5,terminal,0,51715,98,0,0,28,1000,0,0,50.826,0
28,stage_arrival_coalesce,0,S00,5,terminal,0,51710,48,0,0,28,1000,0,0,59.5645,0
28,stage_arrival_coalesce,0,S00,5,terminal,0,51703,20,0,0,28,1000,0,0,31.9456,0
28,stage_arrival,0,S00,5,terminal,0,51707,40,0,0,28,1000,0,0,25,0
28,stage_arrival,10,S61,0,switch,1,51703,20,0,0,28,227.172,0,0,31.9456,0
28,stage_arrival,12,S04,0,switch,6,51701,30,0,0,28,184.169,0,0,31.9456,0
28,stage_arrival,1,S01,0,switch,0,51708,23,0,0,28,159.728,0,0,31.9456,0
28,stage_arrival,0,S00,5,terminal,0,51714,35,0,0,28,1000,0,0,62.5,0
28,stage_arrival,32,S21,1,switch,43,51707,40,0,0,28,261.425,0,0,50.826,0
28,stage_arrival,20,S15,4,switch,32,51707,40,0,0,28,143.593,0,0,50.826,0
28,stage_arrival,43,S22,0,switch,0,51713,64,0,0,28,203.304,0,0,50.826,0
28,stage_arrival,47,S25,2,switch,4,51704,94,0,0,28,166.312,0,0,62.5,0
28,stage_arrival,4,S37,0,switch,0,51704,94,0,0,28,203.508,0,0,62.5,0
28,stage_arrival_coalesce,0,S00,5,terminal,0,51707,40,0,0,28,1000,0,0,50.826,0
28,stage_arrival,44,S23,0,switch,43,51711,88,0,0,28,211.017,0,0,50.826,0
28,stage_arrival_coalesce,0,S00,5,terminal,0,51711,88,0,0,28,1000,0,0,50.826,0
28,stage_arrival_coalesce,0,S00,5,terminal,0,51705,38,0,0,28,1000,0,0,31.9456,0
28,stage_arrival,43,S22,0,switch,0,51711,88,0,0,28,203.304,0,0,50.826,0
28,stage_arrival,1,S01,0,switch,0,51706,21,0,0,28,159.728,0,0,31.9456,0
28,stage_arrival,0,S00,5,terminal,0,51706,21,0,0,28,1000,0,0,20,0
28,stage_arrival,0,S00,5,terminal,0,51712,72,0,0,28,1000,0,0,50,0
28,stage_arrival_coalesce,0,S00,5,terminal,0,51702,110,0,0,28,1000,0,0,51.655,0
28,stage_arrival,26,S33,0,switch,3,51710,48,0,0,28,174.708,0,0,59.5645,0
28,stage_arrival,22,S07,3,switch,26,51710,48,0,0,28,124.406,0,0,59.5645,0
28,stage_arrival_coalesce,0,S00,5,terminal,0,51712,72,0,0,28,1000,0,0,51.655,0
28,stage_arrival,31,S62,3,switch,5,51700,63,0,0,28,238.676,0,0,62.5,0
28,stage_arrival,37,S32,0,switch,0,51712,72,0,0,28,103.31,0,0,51.655,0
28,stage_arrival,56,S36,2,switch,4,51714,35,0,0,28,112.305,0,0,62.5,0
28,stage_arrival_coalesce,0,S00,5,terminal,0,51713,64,0,0,28,1000,0,0,50.826,0
28,stage_arrival,1,S01,0,switch,0,51703,20,0,0,28,159.728,0,0,31.9456,0
28,stage_arrival,1,S01,0,switch,0,51705,38,0,0,28,159.728,0,0,31.9456,0
28,stage_arrival_coalesce,0,S00,5,terminal,0,51706,21,0,0,28,1000,0,0,31.9456,0
28,stage_arrival,0,S00,5,terminal,0,51704,94,0,0,28,1000,0,0,62.5,0
28,stage_arrival,19,S06,3,switch,10,51705,38,0,0,28,169.014,0,0,31.9456,0
28,stage_arrival,11,S03,0,switch,6,51708,23,0,0,28,132.338,0,0,31.9456,0
28,stage_arrival_coalesce,0,S00,5,terminal,0,51708,23,0,0,28,1000,0,0,31.9456,0
28,allocate_send_arrival,42,S20,2,switch,3,51709,85,0,0,28,251.806,0,59.5645,0,0
28,allocate_send_arrival,24,S08,0,switch,22,51710,48,0,0,28,182.424,0,59.5645,0,0
28,allocate_send_arrival,32,S21,1,switch,43,51713,64,0,0,28,261.425,0,50.826,0,0
28,allocate_send_arrival,32,S21,1,switch,43,51707,40,0,0,28,261.425,0,50.826,8.00355e-14,0
28,allocate_send_arrival,47,S25,2,switch,4,51704,94,0,0,28,166.312,0,62.5,0,0
28,allocate_send_arrival,1,S01,0,switch,0,51701,30,0,0,28,159.728,0,11.9456,20,0
28,enqueue_residual,1,S01,0,switch,0,51701,30,0,0,28,159.728,0,0,20,0
28,allocate_send_arrival,1,S01,0,switch,0,51708,23,0,0,28,159.728,0,11.9456,20,0
28,enqueue_residual,1,S01,0,switch,0,51708,23,0,0,28,159.728,0,0,20,0
28,allocate_send_arrival,1,S01,0,switch,0,51706,21,0,0,28,159.728,0,11.9456,20,0
28,enqueue_residual,1,S01,0,switch,0,51706,21,0,0,28,159.728,0,0,20,0
28,allocate_send_arrival,1,S01,0,switch,0,51703,20,0,0,28,159.728,0,11.9456,20,0
28,enqueue_residual,1,S01,0,switch,0,51703,20,0,0,28,159.728,0,0,20,0
28,allocate_send_arrival,1,S01,0,switch,0,51705,38,0,0,28,159.728,0,11.9456,20,0
28,enqueue_residual,1,S01,0,switch,0,51705,38,0,0,28,159.728,0,0,20,0
28,allocate_send_arrival,0,S00,5,terminal,0,51708,23,0,0,28,1000,0,31.9456,0,0
28,allocate_send_arrival,0,S00,5,terminal,0,51701,30,0,0,28,1000,0,31.9456,0,0
28,allocate_send_arrival,0,S00,5,terminal,0,51715,98,0,0,28,1000,0,50.826,0,0
28,allocate_send_arrival,0,S00,5,terminal,0,51702,110,0,0,28,1000,0,51.655,0,0
28,allocate_send_arrival,0,S00,5,terminal,0,51711,88,0,0,28,1000,0,50.826,0,0
28,allocate_send_arrival,0,S00,5,terminal,0,51713,64,0,0,28,1000,0,50.826,0,0
28,allocate_send_arrival,0,S00,5,terminal,0,51709,85,0,0,28,1000,0,59.5645,0,0
28,allocate_send_arrival,0,S00,5,terminal,0,51700,63,0,0,28,1000,0,62.5,0,0
28,allocate_send_arrival,0,S00,5,terminal,0,51710,48,0,0,28,1000,0,59.5645,0,0
28,allocate_send_arrival,0,S00,5,terminal,0,51705,38,0,0,28,1000,0,31.9456,0,0
28,allocate_send_arrival,0,S00,5,terminal,0,51703,20,0,0,28,1000,0,31.9456,0,0
28,allocate_send_arrival,0,S00,5,terminal,0,51707,40,0,0,28,1000,0,50.826,0,0
28,allocate_send_arrival,0,S00,5,terminal,0,51714,35,0,0,28,1000,0,62.5,8.00355e-14,0
28,allocate_send_arrival,0,S00,5,terminal,0,51706,21,0,0,28,1000,0,31.9456,0,0
28,allocate_send_arrival,0,S00,5,terminal,0,51712,72,0,0,28,1000,0,51.655,0,0
28,allocate_send_arrival,0,S00,5,terminal,0,51704,94,0,0,28,1000,0,62.5,0,0
28,allocate_send_arrival,31,S62,3,switch,5,51700,63,0,0,28,238.676,0,62.5,0,0
28,allocate_send_arrival,37,S32,0,switch,0,51702,110,0,0,28,103.31,0,1.655,50,0
28,enqueue_residual,37,S32,0,switch,0,51702,110,0,0,28,103.31,0,0,50,0
28,allocate_send_arrival,37,S32,0,switch,0,51712,72,0,0,28,103.31,0,1.655,50,0
28,enqueue_residual,37,S32,0,switch,0,51712,72,0,0,28,103.31,0,0,50,0
28,allocate_send_arrival,17,S35,1,switch,56,51714,35,0,0,28,252.252,0,62.5,0,0
28,allocate_send_arrival,6,S02,0,switch,1,51701,30,0,0,28,138.732,0,31.9456,0,0
28,allocate_send_arrival,6,S02,0,switch,1,51708,23,0,0,28,138.732,0,31.9456,9.82254e-14,0
28,allocate_send_arrival,36,S18,0,switch,35,51712,72,0,0,28,247.316,0,51.655,0,0
28,allocate_send_arrival,22,S07,3,switch,26,51710,48,0,0,28,124.406,0,59.5645,0,0
28,allocate_send_arrival,49,S26,0,switch,43,51715,98,0,0,28,126.404,0,50.826,0,0
28,allocate_send_arrival,15,S05,0,switch,12,51701,30,0,0,28,134.869,0,31.9456,0,0
28,allocate_send_arrival,43,S22,0,switch,0,51715,98,0,0,28,203.304,0,25.826,25,0
28,enqueue_residual,43,S22,0,switch,0,51715,98,0,0,28,203.304,0,0,25,0
28,allocate_send_arrival,43,S22,0,switch,0,51707,40,0,0,28,203.304,0,25.826,25,0
28,enqueue_residual,43,S22,0,switch,0,51707,40,0,0,28,203.304,0,0,25,0
28,allocate_send_arrival,43,S22,0,switch,0,51713,64,0,0,28,203.304,0,25.826,25,0
28,enqueue_residual,43,S22,0,switch,0,51713,64,0,0,28,203.304,0,0,25,0
28,allocate_send_arrival,43,S22,0,switch,0,51711,88,0,0,28,203.304,0,25.826,25,0
28,enqueue_residual,43,S22,0,switch,0,51711,88,0,0,28,203.304,0,0,25,0
28,allocate_send_arrival,44,S23,0,switch,43,51711,88,0,0,28,211.017,0,50.826,0,0
28,allocate_send_arrival,55,S60,1,switch,37,51702,110,0,0,28,243.133,0,51.655,0,0
28,allocate_send_arrival,3,S27,0,switch,0,51709,85,0,0,28,119.129,0,9.5645,50,0
28,enqueue_residual,3,S27,0,switch,0,51709,85,0,0,28,119.129,0,0,50,0
28,allocate_send_arrival,3,S27,0,switch,0,51710,48,0,0,28,119.129,0,9.5645,50,0
28,enqueue_residual,3,S27,0,switch,0,51710,48,0,0,28,119.129,0,0,50,0
28,allocate_send_arrival,56,S36,2,switch,4,51714,35,0,0,28,112.305,0,62.5,0,0
28,allocate_send_arrival,11,S03,0,switch,6,51708,23,0,0,28,132.338,0,31.9456,0,0
28,allocate_send_arrival,20,S15,4,switch,32,51707,40,0,0,28,143.593,0,50.826,0,0
28,allocate_send_arrival,19,S06,3,switch,10,51705,38,0,0,28,169.014,0,31.9456,0,0
28,allocate_send_arrival,35,S17,2,switch,37,51712,72,0,0,28,246.878,0,51.655,0,0
28,allocate_send_arrival,26,S33,0,switch,3,51710,48,0,0,28,174.708,0,59.5645,0,0
28,allocate_send_arrival,10,S61,0,switch,1,51705,38,0,0,28,227.172,0,31.9456,6.18456e-14,0
28,allocate_send_arrival,10,S61,0,switch,1,51706,21,0,0,28,227.172,0,31.9456,0,0
28,allocate_send_arrival,10,S61,0,switch,1,51703,20,0,0,28,227.172,0,31.9456,0,0
28,allocate_send_arrival,5,S63,0,switch,0,51700,63,0,0,28,259.679,0,62.5,0,0
28,allocate_send_arrival,4,S37,0,switch,0,51714,35,0,0,28,203.508,0,62.5,0,0
28,allocate_send_arrival,4,S37,0,switch,0,51704,94,0,0,28,203.508,0,62.5,1.89175e-13,0
28,allocate_send_arrival,12,S04,0,switch,6,51701,30,0,0,28,184.169,0,31.9456,0,0
29,allocate_send_buffered,1,S01,0,switch,0,51701,30,0,0,29,159.728,100,20,0,0
29,allocate_send_buffered,1,S01,0,switch,0,51708,23,0,0,29,159.728,100,20,0,0
29,allocate_send_buffered,1,S01,0,switch,0,51706,21,0,0,29,159.728,100,20,6.54836e-14,0
29,allocate_send_buffered,1,S01,0,switch,0,51703,20,0,0,29,159.728,100,20,6.54836e-14,0
29,allocate_send_buffered,1,S01,0,switch,0,51705,38,0,0,29,159.728,100,20,0,0
29,allocate_send_buffered,37,S32,0,switch,0,51702,110,0,0,29,103.31,100,50,1.52795e-13,0
29,allocate_send_buffered,37,S32,0,switch,0,51712,72,0,0,29,103.31,100,50,0,0
29,allocate_send_buffered,3,S27,0,switch,0,51709,85,0,0,29,119.129,100,50,8.73115e-14,0
29,allocate_send_buffered,3,S27,0,switch,0,51710,48,0,0,29,119.129,100,50,0,0
29,allocate_send_buffered,43,S22,0,switch,0,51715,98,0,0,29,203.304,100,25,1.20053e-13,0
29,allocate_send_buffered,43,S22,0,switch,0,51707,40,0,0,29,203.304,100,25,0,0
29,allocate_send_buffered,43,S22,0,switch,0,51713,64,0,0,29,203.304,100,25,0,0
29,allocate_send_buffered,43,S22,0,switch,0,51711,88,0,0,29,203.304,100,25,1.20053e-13,0
29,stage_arrival,0,S00,5,terminal,0,51706,21,0,0,29,1000,0,0,20,0
29,stage_arrival,43,S22,0,switch,0,51713,64,0,0,29,203.304,0,0,50.826,0
29,stage_arrival,0,S00,5,terminal,0,51715,98,0,0,29,1000,0,0,25.826,0
29,stage_arrival,11,S03,0,switch,6,51708,23,0,0,29,132.338,0,0,31.9456,0
29,stage_arrival,0,S00,5,terminal,0,51700,63,0,0,29,1000,0,0,62.5,0
29,stage_arrival,0,S00,5,terminal,0,51712,72,0,0,29,1000,0,0,1.655,0
29,stage_arrival,0,S00,5,terminal,0,51710,48,0,0,29,1000,0,0,9.5645,0
29,stage_arrival,0,S00,5,terminal,0,51708,23,0,0,29,1000,0,0,20,0
29,stage_arrival,0,S00,5,terminal,0,51705,38,0,0,29,1000,0,0,11.9456,0
29,stage_arrival,0,S00,5,terminal,0,51701,30,0,0,29,1000,0,0,20,0
29,stage_arrival,42,S20,2,switch,3,51709,85,0,0,29,251.806,0,0,59.5645,0
29,stage_arrival,0,S00,5,terminal,0,51714,35,0,0,29,1000,0,0,62.5,0
29,stage_arrival_coalesce,0,S00,5,terminal,0,51712,72,0,0,29,1000,0,0,51.655,0
29,stage_arrival,0,S00,5,terminal,0,51709,85,0,0,29,1000,0,0,9.5645,0
29,stage_arrival,0,S00,5,terminal,0,51713,64,0,0,29,1000,0,0,25.826,0
29,stage_arrival,1,S01,0,switch,0,51708,23,0,0,29,159.728,0,0,31.9456,0
29,stage_arrival,6,S02,0,switch,1,51708,23,0,0,29,138.732,0,0,31.9456,0
29,stage_arrival,43,S22,0,switch,0,51715,98,0,0,29,203.304,0,0,50.826,0
29,stage_arrival,1,S01,0,switch,0,51705,38,0,0,29,159.728,0,0,31.9456,0
29,stage_arrival,10,S61,0,switch,1,51703,20,0,0,29,227.172,0,0,31.9456,0
29,stage_arrival,49,S26,0,switch,43,51715,98,0,0,29,126.404,0,0,50.826,0
29,stage_arrival,4,S37,0,switch,0,51704,94,0,0,29,203.508,0,0,62.5,0
29,stage_arrival,0,S00,5,terminal,0,51707,40,0,0,29,1000,0,0,25.826,0
29,stage_arrival,44,S23,0,switch,43,51711,88,0,0,29,211.017,0,0,50.826,0
29,stage_arrival,22,S07,3,switch,26,51710,48,0,0,29,124.406,0,0,59.5645,0
29,stage_arrival,36,S18,0,switch,35,51712,72,0,0,29,247.316,0,0,51.655,0
29,stage_arrival_coalesce,0,S00,5,terminal,0,51715,98,0,0,29,1000,0,0,50.826,0
29,stage_arrival,19,S06,3,switch,10,51705,38,0,0,29,169.014,0,0,31.9456,0
29,stage_arrival,0,S00,5,terminal,0,51702,110,0,0,29,1000,0,0,50,0
29,stage_arrival,26,S33,0,switch,3,51710,48,0,0,29,174.708,0,0,59.5645,0
29,stage_arrival,32,S21,1,switch,43,51707,40,0,0,29,261.425,0,0,50.826,0
29,stage_arrival,55,S60,1,switch,37,51702,110,0,0,29,243.133,0,0,51.655,0
29,stage_arrival,0,S00,5,terminal,0,51703,20,0,0,29,1000,0,0,20,0
29,stage_arrival,43,S22,0,switch,0,51711,88,0,0,29,203.304,0,0,50.826,0
29,stage_arrival,1,S01,0,switch,0,51703,20,0,0,29,159.728,0,0,31.9456,0
29,stage_arrival,15,S05,0,switch,12,51701,30,0,0,29,134.869,0,0,31.9456,0
29,stage_arrival_coalesce,0,S00,5,terminal,0,51705,38,0,0,29,1000,0,0,31.9456,0
29,stage_arrival,4,S37,0,switch,0,51714,35,0,0,29,203.508,0,0,62.5,0
29,stage_arrival_coalesce,0,S00,5,terminal,0,51706,21,0,0,29,1000,0,0,31.9456,0
29,stage_arrival_coalesce,0,S00,5,terminal,0,51701,30,0,0,29,1000,0,0,31.9456,0
29,stage_arrival_coalesce,0,S00,5,terminal,0,51707,40,0,0,29,1000,0,0,50.826,0
29,stage_arrival,37,S32,0,switch,0,51712,72,0,0,29,103.31,0,0,51.655,0
29,stage_arrival_coalesce,0,S00,5,terminal,0,51703,20,0,0,29,1000,0,0,31.9456,0
29,stage_arrival_coalesce,0,S00,5,terminal,0,51709,85,0,0,29,1000,0,0,59.5645,0
29,stage_arrival_coalesce,0,S00,5,terminal,0,51710,48,0,0,29,1000,0,0,59.5645,0
29,stage_arrival_coalesce,0,S00,5,terminal,0,51713,64,0,0,29,1000,0,0,50.826,0
29,stage_arrival,56,S36,2,switch,4,51714,35,0,0,29,112.305,0,0,62.5,0
29,stage_arrival,1,S01,0,switch,0,51706,21,0,0,29,159.728,0,0,31.9456,0
29,stage_arrival,37,S32,0,switch,0,51702,110,0,0,29,103.31,0,0,51.655,0
29,stage_arrival,0,S00,5,terminal,0,51711,88,0,0,29,1000,0,0,25,0
29,stage_arrival,6,S02,0,switch,1,51701,30,0,0,29,138.732,0,0,31.9456,0
29,stage_arrival,32,S21,1,switch,43,51713,64,0,0,29,261.425,0,0,50.826,0
29,stage_arrival,10,S61,0,switch,1,51706,21,0,0,29,227.172,0,0,31.9456,0
29,stage_arrival,31,S62,3,switch,5,51700,63,0,0,29,238.676,0,0,62.5,0
29,stage_arrival,3,S27,0,switch,0,51710,48,0,0,29,119.129,0,0,59.5645,0
29,stage_arrival,1,S01,0,switch,0,51701,30,0,0,29,159.728,0,0,31.9456,0
29,stage_arrival,47,S25,2,switch,4,51704,94,0,0,29,166.312,0,0,62.5,0
29,stage_arrival_coalesce,0,S00,5,terminal,0,51711,88,0,0,29,1000,0,0,50.826,0
29,stage_arrival,12,S04,0,switch,6,51701,30,0,0,29,184.169,0,0,31.9456,0
29,stage_arrival,10,S61,0,switch,1,51705,38,0,0,29,227.172,0,0,31.9456,0
29,stage_arrival_coalesce,0,S00,5,terminal,0,51708,23,0,0,29,1000,0,0,31.9456,0
29,stage_arrival,5,S63,0,switch,0,51700,63,0,0,29,259.679,0,0,62.5,0
29,stage_arrival,0,S00,5,terminal,0,51704,94,0,0,29,1000,0,0,62.5,0
29,stage_arrival,17,S35,1,switch,56,51714,35,0,0,29,252.252,0,0,62.5,0
29,stage_arrival,20,S15,4,switch,32,51707,40,0,0,29,143.593,0,0,50.826,0
29,stage_arrival_coalesce,0,S00,5,terminal,0,51702,110,0,0,29,1000,0,0,51.655,0
29,stage_arrival,3,S27,0,switch,0,51709,85,0,0,29,119.129,0,0,59.5645,0
29,stage_arrival,24,S08,0,switch,22,51710,48,0,0,29,182.424,0,0,59.5645,0
29,stage_arrival,43,S22,0,switch,0,51707,40,0,0,29,203.304,0,0,50.826,0
29,stage_arrival,35,S17,2,switch,37,51712,72,0,0,29,246.878,0,0,51.655,0
29,allocate_send_arrival,12,S04,0,switch,6,51701,30,0,0,29,184.169,0,31.9456,0,0
29,allocate_send_arrival,47,S25,2,switch,4,51704,94,0,0,29,166.312,0,62.5,0,0
29,allocate_send_arrival,6,S02,0,switch,1,51708,23,0,0,29,138.732,0,31.9456,0,0
29,allocate_send_arrival,6,S02,0,switch,1,51701,30,0,0,29,138.732,0,31.9456,4.72937e-14,0
29,allocate_send_arrival,37,S32,0,switch,0,51712,72,0,0,29,103.31,0,1.655,50,0
29,enqueue_residual,37,S32,0,switch,0,51712,72,0,0,29,103.31,0,0,50,0
29,allocate_send_arrival,37,S32,0,switch,0,51702,110,0,0,29,103.31,0,1.655,50,0
29,enqueue_residual,37,S32,0,switch,0,51702,110,0,0,29,103.31,0,0,50,0
29,allocate_send_arrival,43,S22,0,switch,0,51713,64,0,0,29,203.304,0,25.826,25,0
29,enqueue_residual,43,S22,0,switch,0,51713,64,0,0,29,203.304,0,0,25,0
29,allocate_send_arrival,43,S22,0,switch,0,51715,98,0,0,29,203.304,0,25.826,25,0
29,enqueue_residual,43,S22,0,switch,0,51715,98,0,0,29,203.304,0,0,25,0
29,allocate_send_arrival,43,S22,0,switch,0,51711,88,0,0,29,203.304,0,25.826,25,0
29,enqueue_residual,43,S22,0,switch,0,51711,88,0,0,29,203.304,0,0,25,0
29,allocate_send_arrival,43,S22,0,switch,0,51707,40,0,0,29,203.304,0,25.826,25,0
29,enqueue_residual,43,S22,0,switch,0,51707,40,0,0,29,203.304,0,0,25,0
29,allocate_send_arrival,26,S33,0,switch,3,51710,48,0,0,29,174.708,0,59.5645,0,0
29,allocate_send_arrival,15,S05,0,switch,12,51701,30,0,0,29,134.869,0,31.9456,0,0
29,allocate_send_arrival,44,S23,0,switch,43,51711,88,0,0,29,211.017,0,50.826,0,0
29,allocate_send_arrival,4,S37,0,switch,0,51704,94,0,0,29,203.508,0,62.5,0,0
29,allocate_send_arrival,4,S37,0,switch,0,51714,35,0,0,29,203.508,0,62.5,9.45874e-14,0
29,allocate_send_arrival,1,S01,0,switch,0,51708,23,0,0,29,159.728,0,11.9456,20,0
29,enqueue_residual,1,S01,0,switch,0,51708,23,0,0,29,159.728,0,0,20,0
29,allocate_send_arrival,1,S01,0,switch,0,51705,38,0,0,29,159.728,0,11.9456,20,0
29,enqueue_residual,1,S01,0,switch,0,51705,38,0,0,29,159.728,0,0,20,0
29,allocate_send_arrival,1,S01,0,switch,0,51703,20,0,0,29,159.728,0,11.9456,20,0
29,enqueue_residual,1,S01,0,switch,0,51703,20,0,0,29,159.728,0,0,20,0
29,allocate_send_arrival,1,S01,0,switch,0,51706,21,0,0,29,159.728,0,11.9456,20,0
29,enqueue_residual,1,S01,0,switch,0,51706,21,0,0,29,159.728,0,0,20,0
29,allocate_send_arrival,1,S01,0,switch,0,51701,30,0,0,29,159.728,0,11.9456,20,0
29,enqueue_residual,1,S01,0,switch,0,51701,30,0,0,29,159.728,0,0,20,0
29,allocate_send_arrival,36,S18,0,switch,35,51712,72,0,0,29,247.316,0,51.655,0,0
29,allocate_send_arrival,22,S07,3,switch,26,51710,48,0,0,29,124.406,0,59.5645,0,0
29,allocate_send_arrival,31,S62,3,switch,5,51700,63,0,0,29,238.676,0,62.5,0,0
29,allocate_send_arrival,17,S35,1,switch,56,51714,35,0,0,29,252.252,0,62.5,0,0
29,allocate_send_arrival,10,S61,0,switch,1,51703,20,0,0,29,227.172,0,31.9456,3.63798e-15,0
29,allocate_send_arrival,10,S61,0,switch,1,51706,21,0,0,29,227.172,0,31.9456,3.63798e-15,0
29,allocate_send_arrival,10,S61,0,switch,1,51705,38,0,0,29,227.172,0,31.9456,3.63798e-15,0
29,allocate_send_arrival,11,S03,0,switch,6,51708,23,0,0,29,132.338,0,31.9456,0,0
29,allocate_send_arrival,42,S20,2,switch,3,51709,85,0,0,29,251.806,0,59.5645,0,0
29,allocate_send_arrival,19,S06,3,switch,10,51705,38,0,0,29,169.014,0,31.9456,0,0
29,allocate_send_arrival,0,S00,5,terminal,0,51706,21,0,0,29,1000,0,31.9456,0,0
29,allocate_send_arrival,0,S00,5,terminal,0,51715,98,0,0,29,1000,0,50.826,0,0
29,allocate_send_arrival,0,S00,5,terminal,0,51700,63,0,0,29,1000,0,62.5,2.32831e-13,0
29,allocate_send_arrival,0,S00,5,terminal,0,51712,72,0,0,29,1000,0,51.655,0,0
29,allocate_send_arrival,0,S00,5,terminal,0,51710,48,0,0,29,1000,0,59.5645,0,0
29,allocate_send_arrival,0,S00,5,terminal,0,51708,23,0,0,29,1000,0,31.9456,0,0
29,allocate_send_arrival,0,S00,5,terminal,0,51705,38,0,0,29,1000,0,31.9456,0,0
29,allocate_send_arrival,0,S00,5,terminal,0,51701,30,0,0,29,1000,0,31.9456,0,0
29,allocate_send_arrival,0,S00,5,terminal,0,51714,35,0,0,29,1000,0,62.5,0,0
29,allocate_send_arrival,0,S00,5,terminal,0,51709,85,0,0,29,1000,0,59.5645,0,0
29,allocate_send_arrival,0,S00,5,terminal,0,51713,64,0,0,29,1000,0,50.826,0,0
29,allocate_send_arrival,0,S00,5,terminal,0,51707,40,0,0,29,1000,0,50.826,0,0
29,allocate_send_arrival,0,S00,5,terminal,0,51702,110,0,0,29,1000,0,51.655,0,0
29,allocate_send_arrival,0,S00,5,terminal,0,51703,20,0,0,29,1000,0,31.9456,0,0
29,allocate_send_arrival,0,S00,5,terminal,0,51711,88,0,0,29,1000,0,50.826,0,0
29,allocate_send_arrival,0,S00,5,terminal,0,51704,94,0,0,29,1000,0,62.5,4.36557e-14,0
29,allocate_send_arrival,49,S26,0,switch,43,51715,98,0,0,29,126.404,0,50.826,0,0
29,allocate_send_arrival,32,S21,1,switch,43,51707,40,0,0,29,261.425,0,50.826,0,0
29,allocate_send_arrival,32,S21,1,switch,43,51713,64,0,0,29,261.425,0,50.826,0,0
29,allocate_send_arrival,35,S17,2,switch,37,51712,72,0,0,29,246.878,0,51.655,0,0
29,allocate_send_arrival,20,S15,4,switch,32,51707,40,0,0,29,143.593,0,50.826,0,0
29,allocate_send_arrival,3,S27,0,switch,0,51710,48,0,0,29,119.129,0,9.5645,50,0
29,enqueue_residual,3,S27,0,switch,0,51710,48,0,0,29,119.129,0,0,50,0
29,allocate_send_arrival,3,S27,0,switch,0,51709,85,0,0,29,119.129,0,9.5645,50,0
29,enqueue_residual,3,S27,0,switch,0,51709,85,0,0,29,119.129,0,0,50,0
29,allocate_send_arrival,5,S63,0,switch,0,51700,63,0,0,29,259.679,0,62.5,0,0
29,allocate_send_arrival,56,S36,2,switch,4,51714,35,0,0,29,112.305,0,62.5,0,0
29,allocate_send_arrival,24,S08,0,switch,22,51710,48,0,0,29,182.424,0,59.5645,0,0
29,allocate_send_arrival,55,S60,1,switch,37,51702,110,0,0,29,243.133,0,51.655,0,0
30,allocate_send_buffered,37,S32,0,switch,0,51712,72,0,0,30,103.31,100,50,8.00355e-14,0
30,allocate_send_buffered,37,S32,0,switch,0,51702,110,0,0,30,103.31,100,50,0,0
30,allocate_send_buffered,43,S22,0,switch,0,51713,64,0,0,30,203.304,100,25,0,0
30,allocate_send_buffered,43,S22,0,switch,0,51715,98,0,0,30,203.304,100,25,0,0
30,allocate_send_buffered,43,S22,0,switch,0,51711,88,0,0,30,203.304,100,25,0,0
30,allocate_send_buffered,43,S22,0,switch,0,51707,40,0,0,30,203.304,100,25,6.18456e-14,0
30,allocate_send_buffered,1,S01,0,switch,0,51708,23,0,0,30,159.728,100,20,1.45519e-14,0
30,allocate_send_buffered,1,S01,0,switch,0,51705,38,0,0,30,159.728,100,20,5.09317e-14,0
30,allocate_send_buffered,1,S01,0,switch,0,51703,20,0,0,30,159.728,100,20,1.45519e-14,0
30,allocate_send_buffered,1,S01,0,switch,0,51706,21,0,0,30,159.728,100,20,1.45519e-14,0
30,allocate_send_buffered,1,S01,0,switch,0,51701,30,0,0,30,159.728,100,20,0,0
30,allocate_send_buffered,3,S27,0,switch,0,51710,48,0,0,30,119.129,100,50,0,0
30,allocate_send_buffered,3,S27,0,switch,0,51709,85,0,0,30,119.129,100,50,8.73115e-14,0
30,stage_arrival,0,S00,5,terminal,0,51712,72,0,0,30,1000,0,0,50,0
30,stage_arrival_coalesce,0,S00,5,terminal,0,51712,72,0,0,30,1000,0,0,51.655,0
30,stage_arrival,1,S01,0,switch,0,51701,30,0,0,30,159.728,0,0,31.9456,0
30,stage_arrival,37,S32,0,switch,0,51712,72,0,0,30,103.31,0,0,51.655,0
30,stage_arrival,43,S22,0,switch,0,51711,88,0,0,30,203.304,0,0,50.826,0
30,stage_arrival,5,S63,0,switch,0,51700,63,0,0,30,259.679,0,0,62.5,0
30,stage_arrival,44,S23,0,switch,43,51711,88,0,0,30,211.017,0,0,50.826,0
30,stage_arrival,0,S00,5,terminal,0,51706,21,0,0,30,1000,0,0,20,0
30,stage_arrival,0,S00,5,terminal,0,51704,94,0,0,30,1000,0,0,62.5,0
30,stage_arrival,1,S01,0,switch,0,51706,21,0,0,30,159.728,0,0,31.9456,0
30,stage_arrival,0,S00,5,terminal,0,51709,85,0,0,30,1000,0,0,50,0
30,stage_arrival,0,S00,5,terminal,0,51713,64,0,0,30,1000,0,0,25,0
30,stage_arrival,1,S01,0,switch,0,51705,38,0,0,30,159.728,0,0,31.9456,0
30,stage_arrival,0,S00,5,terminal,0,51715,98,0,0,30,1000,0,0,25.826,0
30,stage_arrival,43,S22,0,switch,0,51715,98,0,0,30,203.304,0,0,50.826,0
30,stage_arrival,19,S06,3,switch,10,51705,38,0,0,30,169.014,0,0,31.9456,0
30,stage_arrival,0,S00,5,terminal,0,51702,110,0,0,30,1000,0,0,50,0
30,stage_arrival_coalesce,0,S00,5,terminal,0,51706,21,0,0,30,1000,0,0,31.9456,0
30,stage_arrival,0,S00,5,terminal,0,51710,48,0,0,30,1000,0,0,50,0
30,stage_arrival,10,S61,0,switch,1,51703,20,0,0,30,227.172,0,0,31.9456,0
30,stage_arrival_coalesce,0,S00,5,terminal,0,51709,85,0,0,30,1000,0,0,59.5645,0
30,stage_arrival,49,S26,0,switch,43,51715,98,0,0,30,126.404,0,0,50.826,0
30,stage_arrival,36,S18,0,switch,35,51712,72,0,0,30,247.316,0,0,51.655,0
30,stage_arrival,31,S62,3,switch,5,51700,63,0,0,30,238.676,0,0,28.2992,0
30,stage_arrival,0,S00,5,terminal,0,51700,63,0,0,30,1000,0,0,62.5,0
30,stage_arrival,15,S05,0,switch,12,51701,30,0,0,30,134.869,0,0,31.9456,0
30,stage_arrival,22,S07,3,switch,26,51710,48,0,0,30,124.406,0,0,59.5645,0
30,stage_arrival,47,S25,2,switch,4,51704,94,0,0,30,166.312,0,0,28.3516,0
30,stage_arrival,17,S35,1,switch,56,51714,35,0,0,30,252.252,0,0,28.3438,0
30,stage_arrival,0,S00,5,terminal,0,51707,40,0,0,30,1000,0,0,25.826,0
30,stage_arrival,32,S21,1,switch,43,51713,64,0,0,30,261.425,0,0,50.826,0
30,stage_arrival,0,S00,5,terminal,0,51708,23,0,0,30,1000,0,0,20,0
30,stage_arrival,10,S61,0,switch,1,51706,21,0,0,30,227.172,0,0,31.9456,0
30,stage_arrival,0,S00,5,terminal,0,51714,35,0,0,30,1000,0,0,62.5,0
30,stage_arrival,4,S37,0,switch,0,51714,35,0,0,30,203.508,0,0,62.5,0
30,stage_arrival,56,S36,2,switch,4,51714,35,0,0,30,112.305,0,0,62.5,0
30,stage_arrival,12,S04,0,switch,6,51701,30,0,0,30,184.169,0,0,31.9456,0
30,stage_arrival_coalesce,0,S00,5,terminal,0,51708,23,0,0,30,1000,0,0,31.9456,0
30,stage_arrival_coalesce,0,S00,5,terminal,0,51713,64,0,0,30,1000,0,0,50.826,0
30,stage_arrival_coalesce,0,S00,5,terminal,0,51702,110,0,0,30,1000,0,0,51.655,0
30,stage_arrival_coalesce,0,S00,5,terminal,0,51707,40,0,0,30,1000,0,0,50.826,0
30,stage_arrival,26,S33,0,switch,3,51710,48,0,0,30,174.708,0,0,59.5645,0
30,stage_arrival,35,S17,2,switch,37,51712,72,0,0,30,246.878,0,0,51.655,0
30,stage_arrival,0,S00,5,terminal,0,51701,30,0,0,30,1000,0,0,11.9456,0
30,stage_arrival,6,S02,0,switch,1,51701,30,0,0,30,138.732,0,0,31.9456,0
30,stage_arrival,3,S27,0,switch,0,51709,85,0,0,30,119.129,0,0,59.5645,0
30,stage_arrival,43,S22,0,switch,0,51707,40,0,0,30,203.304,0,0,50.826,0
30,stage_arrival,0,S00,5,terminal,0,51711,88,0,0,30,1000,0,0,25,0
30,stage_arrival_coalesce,0,S00,5,terminal,0,51710,48,0,0,30,1000,0,0,59.5645,0
30,stage_arrival,37,S32,0,switch,0,51702,110,0,0,30,103.31,0,0,51.655,0
30,stage_arrival_coalesce,0,S00,5,terminal,0,51711,88,0,0,30,1000,0,0,50.826,0
30,stage_arrival_coalesce,0,S00,5,terminal,0,51715,98,0,0,30,1000,0,0,50.826,0
30,stage_arrival,0,S00,5,terminal,0,51705,38,0,0,30,1000,0,0,11.9456,0
30,stage_arrival,10,S61,0,switch,1,51705,38,0,0,30,227.172,0,0,31.9456,0
30,stage_arrival,32,S21,1,switch,43,51707,40,0,0,30,261.425,0,0,50.826,0
30,stage_arrival,43,S22,0,switch,0,51713,64,0,0,30,203.304,0,0,50.826,0
30,stage_arrival,3,S27,0,switch,0,51710,48,0,0,30,119.129,0,0,59.5645,0
30,stage_arrival_coalesce,0,S00,5,terminal,0,51701,30,0,0,30,1000,0,0,31.9456,0
30,stage_arrival,6,S02,0,switch,1,51708,23,0,0,30,138.732,0,0,31.9456,0
30,stage_arrival,1,S01,0,switch,0,51703,20,0,0,30,159.728,0,0,31.9456,0
30,stage_arrival,0,S00,5,terminal,0,51703,20,0,0,30,1000,0,0,20,0
30,stage_arrival,42,S20,2,switch,3,51709,85,0,0,30,251.806,0,0,59.5645,0
30,stage_arrival,20,S15,4,switch,32,51707,40,0,0,30,143.593,0,0,50.826,0
30,stage_arrival,55,S60,1,switch,37,51702,110,0,0,30,243.133,0,0,51.655,0
30,stage_arrival_coalesce,0,S00,5,terminal,0,51703,20,0,0,30,1000,0,0,31.9456,0
30,stage_arrival,4,S37,0,switch,0,51704,94,0,0,30,203.508,0,0,62.5,0
30,stage_arrival_coalesce,0,S00,5,terminal,0,51705,38,0,0,30,1000,0,0,31.9456,0
30,stage_arrival,1,S01,0,switch,0,51708,23,0,0,30,159.728,0,0,31.9456,0
30,stage_arrival,11,S03,0,switch,6,51708,23,0,0,30,132.338,0,0,31.9456,0
30,stage_arrival,24,S08,0,switch,22,51710,48,0,0,30,182.424,0,0,59.5645,0
30,allocate_send_arrival,44,S23,0,switch,43,51711,88,0,0,30,211.017,0,50.826,0,0
30,allocate_send_arrival,32,S21,1,switch,43,51713,64,0,0,30,261.425,0,50.826,0,0
30,allocate_send_arrival,32,S21,1,switch,43,51707,40,0,0,30,261.425,0,50.826,0,0
30,allocate_send_arrival,12,S04,0,switch,6,51701,30,0,0,30,184.169,0,31.9456,0,0
30,allocate_send_arrival,47,S25,2,switch,4,51704,94,0,0,30,166.312,0,28.3516,0,0
30,allocate_send_arrival,1,S01,0,switch,0,51701,30,0,0,30,159.728,0,11.9456,20,0
30,enqueue_residual,1,S01,0,switch,0,51701,30,0,0,30,159.728,0,0,20,0
30,allocate_send_arrival,1,S01,0,switch,0,51706,21,0,0,30,159.728,0,11.9456,20,0
30,enqueue_residual,1,S01,0,switch,0,51706,21,0,0,30,159.728,0,0,20,0
30,allocate_send_arrival,1,S01,0,switch,0,51705,38,0,0,30,159.728,0,11.9456,20,0
30,enqueue_residual,1,S01,0,switch,0,51705,38,0,0,30,159.728,0,0,20,0
30,allocate_send_arrival,1,S01,0,switch,0,51703,20,0,0,30,159.728,0,11.9456,20,0
30,enqueue_residual,1,S01,0,switch,0,51703,20,0,0,30,159.728,0,0,20,0
30,allocate_send_arrival,1,S01,0,switch,0,51708,23,0,0,30,159.728,0,11.9456,20,0
30,enqueue_residual,1,S01,0,switch,0,51708,23,0,0,30,159.728,0,0,20,0
30,allocate_send_arrival,35,S17,2,switch,37,51712,72,0,0,30,246.878,0,51.655,0,0
30,allocate_send_arrival,19,S06,3,switch,10,51705,38,0,0,30,169.014,0,31.9456,0,0
30,allocate_send_arrival,22,S07,3,switch,26,51710,48,0,0,30,124.406,0,59.5645,0,0
30,allocate_send_arrival,31,S62,3,switch,5,51700,63,0,0,30,238.676,0,28.2992,0,0
30,allocate_send_arrival,17,S35,1,switch,56,51714,35,0,0,30,252.252,0,28.3438,0,0
30,allocate_send_arrival,26,S33,0,switch,3,51710,48,0,0,30,174.708,0,59.5645,0,0
30,allocate_send_arrival,15,S05,0,switch,12,51701,30,0,0,30,134.869,0,31.9456,0,0
30,allocate_send_arrival,49,S26,0,switch,43,51715,98,0,0,30,126.404,0,50.826,0,0
30,allocate_send_arrival,42,S20,2,switch,3,51709,85,0,0,30,251.806,0,59.5645,0,0
30,allocate_send_arrival,6,S02,0,switch,1,51701,30,0,0,30,138.732,0,31.9456,0,0
30,allocate_send_arrival,6,S02,0,switch,1,51708,23,0,0,30,138.732,0,31.9456,0,0
30,allocate_send_arrival,10,S61,0,switch,1,51703,20,0,0,30,227.172,0,31.9456,3.63798e-15,0
30,allocate_send_arrival,10,S61,0,switch,1,51706,21,0,0,30,227.172,0,31.9456,3.63798e-15,0
30,allocate_send_arrival,10,S61,0,switch,1,51705,38,0,0,30,227.172,0,31.9456,3.63798e-15,0
30,allocate_send_arrival,4,S37,0,switch,0,51714,35,0,0,30,203.508,0,62.5,0,0
30,allocate_send_arrival,4,S37,0,switch,0,51704,94,0,0,30,203.508,0,62.5,0,0
30,allocate_send_arrival,56,S36,2,switch,4,51714,35,0,0,30,112.305,0,62.5,0,0
30,allocate_send_arrival,20,S15,4,switch,32,51707,40,0,0,30,143.593,0,50.826,0,0
30,allocate_send_arrival,3,S27,0,switch,0,51709,85,0,0,30,119.129,0,9.5645,50,0
30,enqueue_residual,3,S27,0,switch,0,51709,85,0,0,30,119.129,0,0,50,0
30,allocate_send_arrival,3,S27,0,switch,0,51710,48,0,0,30,119.129,0,9.5645,50,0
30,enqueue_residual,3,S27,0,switch,0,51710,48,0,0,30,119.129,0,0,50,0
30,allocate_send_arrival,5,S63,0,switch,0,51700,63,0,0,30,259.679,0,62.5,0,0
30,allocate_send_arrival,55,S60,1,switch,37,51702,110,0,0,30,243.133,0,51.655,0,0
30,allocate_send_arrival,24,S08,0,switch,22,51710,48,0,0,30,182.424,0,59.5645,0,0
30,allocate_send_arrival,37,S32,0,switch,0,51712,72,0,0,30,103.31,0,1.655,50,0
30,enqueue_residual,37,S32,0,switch,0,51712,72,0,0,30,103.31,0,0,50,0
30,allocate_send_arrival,37,S32,0,switch,0,51702,110,0,0,30,103.31,0,1.655,50,0
30,enqueue_residual,37,S32,0,switch,0,51702,110,0,0,30,103.31,0,0,50,0
30,allocate_send_arrival,11,S03,0,switch,6,51708,23,0,0,30,132.338,0,31.9456,0,0
30,allocate_send_arrival,36,S18,0,switch,35,51712,72,0,0,30,247.316,0,51.655,0,0
30,allocate_send_arrival,0,S00,5,terminal,0,51712,72,0,0,30,1000,0,51.655,0,0
30,allocate_send_arrival,0,S00,5,terminal,0,51706,21,0,0,30,1000,0,31.9456,0,0
30,allocate_send_arrival,0,S00,5,terminal,0,51704,94,0,0,30,1000,0,62.5,0,0
30,allocate_send_arrival,0,S00,5,terminal,0,51709,85,0,0,30,1000,0,59.5645,0,0
30,allocate_send_arrival,0,S00,5,terminal,0,51713,64,0,0,30,1000,0,50.826,0,0
30,allocate_send_arrival,0,S00,5,terminal,0,51715,98,0,0,30,1000,0,50.826,0,0
30,allocate_send_arrival,0,S00,5,terminal,0,51702,110,0,0,30,1000,0,51.655,0,0
30,allocate_send_arrival,0,S00,5,terminal,0,51710,48,0,0,30,1000,0,59.5645,0,0
30,allocate_send_arrival,0,S00,5,terminal,0,51700,63,0,0,30,1000,0,62.5,0,0
30,allocate_send_arrival,0,S00,5,terminal,0,51707,40,0,0,30,1000,0,50.826,0,0
30,allocate_send_arrival,0,S00,5,terminal,0,51708,23,0,0,30,1000,0,31.9456,0,0
30,allocate_send_arrival,0,S00,5,terminal,0,51714,35,0,0,30,1000,0,62.5,5.09317e-14,0
30,allocate_send_arrival,0,S00,5,terminal,0,51701,30,0,0,30,1000,0,31.9456,0,0
30,allocate_send_arrival,0,S00,5,terminal,0,51711,88,0,0,30,1000,0,50.826,0,0
30,allocate_send_arrival,0,S00,5,terminal,0,51705,38,0,0,30,1000,0,31.9456,0,0
30,allocate_send_arrival,0,S00,5,terminal,0,51703,20,0,0,30,1000,0,31.9456,0,0
30,allocate_send_arrival,43,S22,0,switch,0,51711,88,0,0,30,203.304,0,25.826,25,0
30,enqueue_residual,43,S22,0,switch,0,51711,88,0,0,30,203.304,0,0,25,0
30,allocate_send_arrival,43,S22,0,switch,0,51715,98,0,0,30,203.304,0,25.826,25,0
30,enqueue_residual,43,S22,0,switch,0,51715,98,0,0,30,203.304,0,0,25,0
30,allocate_send_arrival,43,S22,0,switch,0,51707,40,0,0,30,203.304,0,25.826,25,0
30,enqueue_residual,43,S22,0,switch,0,51707,40,0,0,30,203.304,0,0,25,0
30,allocate_send_arrival,43,S22,0,switch,0,51713,64,0,0,30,203.304,0,25.826,25,0
30,enqueue_residual,43,S22,0,switch,0,51713,64,0,0,30,203.304,0,0,25,0
31,allocate_send_buffered,43,S22,0,switch,0,51711,88,0,0,31,203.304,100,25,0,0
31,allocate_send_buffered,43,S22,0,switch,0,51715,98,0,0,31,203.304,100,25,0,0
31,allocate_send_buffered,43,S22,0,switch,0,51707,40,0,0,31,203.304,100,25,0,0
31,allocate_send_buffered,43,S22,0,switch,0,51713,64,0,0,31,203.304,100,25,0,0
31,allocate_send_buffered,1,S01,0,switch,0,51701,30,0,0,31,159.728,100,20,4.36557e-14,0
31,allocate_send_buffered,1,S01,0,switch,0,51706,21,0,0,31,159.728,100,20,0,0
31,allocate_send_buffered,1,S01,0,switch,0,51705,38,0,0,31,159.728,100,20,0,0
31,allocate_send_buffered,1,S01,0,switch,0,51703,20,0,0,31,159.728,100,20,0,0
31,allocate_send_buffered,1,S01,0,switch,0,51708,23,0,0,31,159.728,100,20,0,0
31,allocate_send_buffered,3,S27,0,switch,0,51709,85,0,0,31,119.129,100,50,0,0
31,allocate_send_buffered,3,S27,0,switch,0,51710,48,0,0,31,119.129,100,50,8.73115e-14,0
31,allocate_send_buffered,37,S32,0,switch,0,51712,72,0,0,31,103.31,100,50,0,0
31,allocate_send_buffered,37,S32,0,switch,0,51702,110,0,0,31,103.31,100,50,0,0
31,stage_arrival,3,S27,0,switch,0,51709,85,0,0,31,119.129,0,0,59.5645,0
31,stage_arrival,32,S21,1,switch,43,51713,64,0,0,31,261.425,0,0,50.826,0
31,stage_arrival,3,S27,0,switch,0,51710,48,0,0,31,119.129,0,0,59.5645,0
31,stage_arrival,55,S60,1,switch,37,51702,110,0,0,31,243.133,0,0,51.655,0
31,stage_arrival,11,S03,0,switch,6,51708,23,0,0,31,132.338,0,0,31.9456,0
31,stage_arrival,35,S17,2,switch,37,51712,72,0,0,31,246.878,0,0,51.655,0
31,stage_arrival,0,S00,5,terminal,0,51706,21,0,0,31,1000,0,0,20,0
31,stage_arrival,0,S00,5,terminal,0,51709,85,0,0,31,1000,0,0,50,0
31,stage_arrival,0,S00,5,terminal,0,51701,30,0,0,31,1000,0,0,11.9456,0
31,stage_arrival,42,S20,2,switch,3,51709,85,0,0,31,251.806,0,0,51.0446,0
31,stage_arrival,32,S21,1,switch,43,51707,40,0,0,31,261.425,0,0,50.826,0
31,stage_arrival,26,S33,0,switch,3,51710,48,0,0,31,174.708,0,0,59.5645,0
31,stage_arrival,1,S01,0,switch,0,51708,23,0,0,31,159.728,0,0,31.9456,0
31,stage_arrival,0,S00,5,terminal,0,51713,64,0,0,31,1000,0,0,25.826,0
31,stage_arrival,22,S07,3,switch,26,51710,48,0,0,31,124.406,0,0,59.5645,0
31,stage_arrival,19,S06,3,switch,10,51705,38,0,0,31,169.014,0,0,31.9456,0
31,stage_arrival,10,S61,0,switch,1,51706,21,0,0,31,227.172,0,0,31.9456,0
31,stage_arrival,6,S02,0,switch,1,51708,23,0,0,31,138.732,0,0,31.9456,0
31,stage_arrival_coalesce,0,S00,5,terminal,0,51713,64,0,0,31,1000,0,0,50.826,0
31,stage_arrival,0,S00,5,terminal,0,51715,98,0,0,31,1000,0,0,25,0
31,stage_arrival,0,S00,5,terminal,0,51712,72,0,0,31,1000,0,0,1.655,0
31,stage_arrival,24,S08,0,switch,22,51710,48,0,0,31,182.424,0,0,50.9469,0
31,stage_arrival,4,S37,0,switch,0,51704,94,0,0,31,203.508,0,0,28.3516,0
31,stage_arrival,43,S22,0,switch,0,51715,98,0,0,31,203.304,0,0,50.826,0
31,stage_arrival,36,S18,0,switch,35,51712,72,0,0,31,247.316,0,0,51.655,0
31,stage_arrival_coalesce,0,S00,5,terminal,0,51712,72,0,0,31,1000,0,0,51.655,0
31,stage_arrival,10,S61,0,switch,1,51703,20,0,0,31,227.172,0,0,31.9456,0
31,stage_arrival,0,S00,5,terminal,0,51704,94,0,0,31,1000,0,0,62.5,0
31,stage_arrival,20,S15,4,switch,32,51707,40,0,0,31,143.593,0,0,50.826,0
31,stage_arrival,0,S00,5,terminal,0,51711,88,0,0,31,1000,0,0,25.826,0
31,stage_arrival,49,S26,0,switch,43,51715,98,0,0,31,126.404,0,0,50.826,0
31,stage_arrival,0,S00,5,terminal,0,51714,35,0,0,31,1000,0,0,62.5,0
31,stage_arrival,0,S00,5,terminal,0,51708,23,0,0,31,1000,0,0,20,0
31,stage_arrival_coalesce,0,S00,5,terminal,0,51715,98,0,0,31,1000,0,0,50.826,0
31,stage_arrival,6,S02,0,switch,1,51701,30,0,0,31,138.732,0,0,31.9456,0
31,stage_arrival,0,S00,5,terminal,0,51710,48,0,0,31,1000,0,0,9.5645,0
31,stage_arrival,43,S22,0,switch,0,51713,64,0,0,31,203.304,0,0,50.826,0
31,stage_arrival,1,S01,0,switch,0,51706,21,0,0,31,159.728,0,0,31.9456,0
31,stage_arrival,12,S04,0,switch,6,51701,30,0,0,31,184.169,0,0,31.9456,0
31,stage_arrival,5,S63,0,switch,0,51700,63,0,0,31,259.679,0,0,28.2992,0
31,stage_arrival,0,S00,5,terminal,0,51703,20,0,0,31,1000,0,0,20,0
31,stage_arrival,44,S23,0,switch,43,51711,88,0,0,31,211.017,0,0,50.826,0
31,stage_arrival,0,S00,5,terminal,0,51705,38,0,0,31,1000,0,0,20,0
31,stage_arrival,56,S36,2,switch,4,51714,35,0,0,31,112.305,0,0,28.3438,0
31,stage_arrival_coalesce,0,S00,5,terminal,0,51701,30,0,0,31,1000,0,0,31.9456,0
31,stage_arrival,43,S22,0,switch,0,51711,88,0,0,31,203.304,0,0,50.826,0
31,stage_arrival,10,S61,0,switch,1,51705,38,0,0,31,227.172,0,0,31.9456,0
31,stage_arrival,1,S01,0,switch,0,51705,38,0,0,31,159.728,0,0,31.9456,0
31,stage_arrival_coalesce,0,S00,5,terminal,0,51708,23,0,0,31,1000,0,0,31.9456,0
31,stage_arrival,15,S05,0,switch,12,51701,30,0,0,31,134.869,0,0,31.9456,0
31,stage_arrival,0,S00,5,terminal,0,51707,40,0,0,31,1000,0,0,25,0
31,stage_arrival_coalesce,0,S00,5,terminal,0,51709,85,0,0,31,1000,0,0,59.5645,0
31,stage_arrival,37,S32,0,switch,0,51702,110,0,0,31,103.31,0,0,51.655,0
31,stage_arrival_coalesce,0,S00,5,terminal,0,51706,21,0,0,31,1000,0,0,31.9456,0
31,stage_arrival,1,S01,0,switch,0,51701,30,0,0,31,159.728,0,0,31.9456,0
31,stage_arrival,0,S00,5,terminal,0,51700,63,0,0,31,1000,0,0,62.5,0
31,stage_arrival,37,S32,0,switch,0,51712,72,0,0,31,103.31,0,0,51.655,0
31,stage_arrival,43,S22,0,switch,0,51707,40,0,0,31,203.304,0,0,50.826,0
31,stage_arrival,1,S01,0,switch,0,51703,20,0,0,31,159.728,0,0,31.9456,0
31,stage_arrival_coalesce,0,S00,5,terminal,0,51705,38,0,0,31,1000,0,0,31.9456,0
31,stage_arrival,4,S37,0,switch,0,51714,35,0,0,31,203.508,0,0,62.5,0
31,stage_arrival_coalesce,0,S00,5,terminal,0,51703,20,0,0,31,1000,0,0,31.9456,0
31,stage_arrival,0,S00,5,terminal,0,51702,110,0,0,31,1000,0,0,1.655,0
31,stage_arrival_coalesce,0,S00,5,terminal,0,51711,88,0,0,31,1000,0,0,50.826,0
31,stage_arrival_coalesce,0,S00,5,terminal,0,51702,110,0,0,31,1000,0,0,51.655,0
31,stage_arrival_coalesce,0,S00,5,terminal,0,51710,48,0,0,31,1000,0,0,59.5645,0
31,stage_arrival_coalesce,0,S00,5,terminal,0,51707,40,0,0,31,1000,0,0,50.826,0
31,allocate_send_arrival,20,S15,4,switch,32,51707,40,0,0,31,143.593,0,50.826,0,0
31,allocate_send_arrival,44,S23,0,switch,43,51711,88,0,0,31,211.017,0,50.826,0,0
31,allocate_send_arrival,12,S04,0,switch,6,51701,30,0,0,31,184.169,0,31.9456,0,0
31,allocate_send_arrival,5,S63,0,switch,0,51700,63,0,0,31,259.679,0,28.2992,0,0
31,allocate_send_arrival,26,S33,0,switch,3,51710,48,0,0,31,174.708,0,59.5645,0,0
31,allocate_send_arrival,22,S07,3,switch,26,51710,48,0,0,31,124.406,0,59.5645,0,0
31,allocate_send_arrival,11,S03,0,switch,6,51708,23,0,0,31,132.338,0,31.9456,0,0
31,allocate_send_arrival,37,S32,0,switch,0,51702,110,0,0,31,103.31,0,1.655,50,0
31,enqueue_residual,37,S32,0,switch,0,51702,110,0,0,31,103.31,0,0,50,0
31,allocate_send_arrival,37,S32,0,switch,0,51712,72,0,0,31,103.31,0,1.655,50,0
31,enqueue_residual,37,S32,0,switch,0,51712,72,0,0,31,103.31,0,0,50,0
31,allocate_send_arrival,35,S17,2,switch,37,51712,72,0,0,31,246.878,0,51.655,0,0
31,allocate_send_arrival,32,S21,1,switch,43,51713,64,0,0,31,261.425,0,50.826,0,0
31,allocate_send_arrival,32,S21,1,switch,43,51707,40,0,0,31,261.425,0,50.826,0,0
31,allocate_send_arrival,56,S36,2,switch,4,51714,35,0,0,31,112.305,0,28.3438,0,0
31,allocate_send_arrival,0,S00,5,terminal,0,51706,21,0,0,31,1000,0,31.9456,0,0
31,allocate_send_arrival,0,S00,5,terminal,0,51709,85,0,0,31,1000,0,59.5645,0,0
31,allocate_send_arrival,0,S00,5,terminal,0,51701,30,0,0,31,1000,0,31.9456,0,0
31,allocate_send_arrival,0,S00,5,terminal,0,51713,64,0,0,31,1000,0,50.826,0,0
31,allocate_send_arrival,0,S00,5,terminal,0,51715,98,0,0,31,1000,0,50.826,0,0
31,allocate_send_arrival,0,S00,5,terminal,0,51712,72,0,0,31,1000,0,51.655,0,0
31,allocate_send_arrival,0,S00,5,terminal,0,51704,94,0,0,31,1000,0,62.5,7.27596e-15,0
31,allocate_send_arrival,0,S00,5,terminal,0,51711,88,0,0,31,1000,0,50.826,0,0
31,allocate_send_arrival,0,S00,5,terminal,0,51714,35,0,0,31,1000,0,62.5,7.27596e-15,0
31,allocate_send_arrival,0,S00,5,terminal,0,51708,23,0,0,31,1000,0,31.9456,0,0
31,allocate_send_arrival,0,S00,5,terminal,0,51710,48,0,0,31,1000,0,59.5645,0,0
31,allocate_send_arrival,0,S00,5,terminal,0,51703,20,0,0,31,1000,0,31.9456,0,0
31,allocate_send_arrival,0,S00,5,terminal,0,51705,38,0,0,31,1000,0,31.9456,0,0
31,allocate_send_arrival,0,S00,5,terminal,0,51707,40,0,0,31,1000,0,50.826,0,0
31,allocate_send_arrival,0,S00,5,terminal,0,51700,63,0,0,31,1000,0,62.5,7.27596e-15,0
31,allocate_send_arrival,0,S00,5,terminal,0,51702,110,0,0,31,1000,0,51.655,0,0
31,allocate_send_arrival,19,S06,3,switch,10,51705,38,0,0,31,169.014,0,31.9456,0,0
31,allocate_send_arrival,55,S60,1,switch,37,51702,110,0,0,31,243.133,0,51.655,0,0
31,allocate_send_arrival,4,S37,0,switch,0,51704,94,0,0,31,203.508,0,28.3516,0,0
31,allocate_send_arrival,4,S37,0,switch,0,51714,35,0,0,31,203.508,0,62.5,0,0
31,allocate_send_arrival,1,S01,0,switch,0,51708,23,0,0,31,159.728,0,11.9456,20,0
31,enqueue_residual,1,S01,0,switch,0,51708,23,0,0,31,159.728,0,0,20,0
31,allocate_send_arrival,1,S01,0,switch,0,51706,21,0,0,31,159.728,0,11.9456,20,0
31,enqueue_residual,1,S01,0,switch,0,51706,21,0,0,31,159.728,0,0,20,0
31,allocate_send_arrival,1,S01,0,switch,0,51705,38,0,0,31,159.728,0,11.9456,20,0
31,enqueue_residual,1,S01,0,switch,0,51705,38,0,0,31,159.728,0,0,20,0
31,allocate_send_arrival,1,S01,0,switch,0,51701,30,0,0,31,159.728,0,11.9456,20,0
31,enqueue_residual,1,S01,0,switch,0,51701,30,0,0,31,159.728,0,0,20,0
31,allocate_send_arrival,1,S01,0,switch,0,51703,20,0,0,31,159.728,0,11.9456,20,0
31,enqueue_residual,1,S01,0,switch,0,51703,20,0,0,31,159.728,0,0,20,0
31,allocate_send_arrival,10,S61,0,switch,1,51706,21,0,0,31,227.172,0,31.9456,3.63798e-15,0
31,allocate_send_arrival,10,S61,0,switch,1,51703,20,0,0,31,227.172,0,31.9456,3.63798e-15,0
31,allocate_send_arrival,10,S61,0,switch,1,51705,38,0,0,31,227.172,0,31.9456,3.63798e-15,0
31,allocate_send_arrival,6,S02,0,switch,1,51708,23,0,0,31,138.732,0,31.9456,0,0
31,allocate_send_arrival,6,S02,0,switch,1,51701,30,0,0,31,138.732,0,31.9456,0,0
31,allocate_send_arrival,3,S27,0,switch,0,51709,85,0,0,31,119.129,0,9.5645,50,0
31,enqueue_residual,3,S27,0,switch,0,51709,85,0,0,31,119.129,0,0,50,0
31,allocate_send_arrival,3,S27,0,switch,0,51710,48,0,0,31,119.129,0,9.5645,50,0
31,enqueue_residual,3,S27,0,switch,0,51710,48,0,0,31,119.129,0,0,50,0
31,allocate_send_arrival,15,S05,0,switch,12,51701,30,0,0,31,134.869,0,31.9456,0,0
31,allocate_send_arrival,49,S26,0,switch,43,51715,98,0,0,31,126.404,0,50.826,0,0
31,allocate_send_arrival,43,S22,0,switch,0,51715,98,0,0,31,203.304,0,25.826,25,0
31,enqueue_residual,43,S22,0,switch,0,51715,98,0,0,31,203.304,0,0,25,0
31,allocate_send_arrival,43,S22,0,switch,0,51713,64,0,0,31,203.304,0,25.826,25,0
31,enqueue_residual,43,S22,0,switch,0,51713,64,0,0,31,203.304,0,0,25,0
31,allocate_send_arrival,43,S22,0,switch,0,51711,88,0,0,31,203.304,0,25.826,25,0
31,enqueue_residual,43,S22,0,switch,0,51711,88,0,0,31,203.304,0,0,25,0
31,allocate_send_arrival,43,S22,0,switch,0,51707,40,0,0,31,203.304,0,25.826,25,0
31,enqueue_residual,43,S22,0,switch,0,51707,40,0,0,31,203.304,0,0,25,0
31,allocate_send_arrival,24,S08,0,switch,22,51710,48,0,0,31,182.424,0,50.9469,0,0
31,allocate_send_arrival,36,S18,0,switch,35,51712,72,0,0,31,247.316,0,51.655,0,0
31,allocate_send_arrival,42,S20,2,switch,3,51709,85,0,0,31,251.806,0,51.0446,0,0
32,allocate_send_buffered,37,S32,0,switch,0,51702,110,0,0,32,103.31,100,50,0,0
32,allocate_send_buffered,37,S32,0,switch,0,51712,72,0,0,32,103.31,100,50,0,0
32,allocate_send_buffered,1,S01,0,switch,0,51708,23,0,0,32,159.728,100,20,0,0
32,allocate_send_buffered,1,S01,0,switch,0,51706,21,0,0,32,159.728,100,20,0,0
32,allocate_send_buffered,1,S01,0,switch,0,51705,38,0,0,32,159.728,100,20,0,0
32,allocate_send_buffered,1,S01,0,switch,0,51701,30,0,0,32,159.728,100,20,0,0
32,allocate_send_buffered,1,S01,0,switch,0,51703,20,0,0,32,159.728,100,20,0,0
32,allocate_send_buffered,43,S22,0,switch,0,51715,98,0,0,32,203.304,100,25,0,0
32,allocate_send_buffered,43,S22,0,switch,0,51713,64,0,0,32,203.304,100,25,0,0
32,allocate_send_buffered,43,S22,0,switch,0,51711,88,0,0,32,203.304,100,25,0,0
32,allocate_send_buffered,43,S22,0,switch,0,51707,40,0,0,32,203.304,100,25,0,0
32,allocate_send_buffered,3,S27,0,switch,0,51709,85,0,0,32,119.129,100,50,0,0
32,allocate_send_buffered,3,S27,0,switch,0,51710,48,0,0,32,119.129,100,50,0,0
32,stage_arrival,0,S00,5,terminal,0,51707,40,0,0,32,1000,0,0,25,0
32,stage_arrival,0,S00,5,terminal,0,51714,35,0,0,32,1000,0,0,62.5,0
32,stage_arrival,43,S22,0,switch,0,51713,64,0,0,32,203.304,0,0,50.826,0
32,stage_arrival,55,S60,1,switch,37,51702,110,0,0,32,243.133,0,0,51.655,0
32,stage_arrival,0,S00,5,terminal,0,51703,20,0,0,32,1000,0,0,11.9456,0
32,stage_arrival,20,S15,4,switch,32,51707,40,0,0,32,143.593,0,0,50.826,0
32,stage_arrival,0,S00,5,terminal,0,51705,38,0,0,32,1000,0,0,20,0
32,stage_arrival,0,S00,5,terminal,0,51713,64,0,0,32,1000,0,0,25,0
32,stage_arrival,37,S32,0,switch,0,51702,110,0,0,32,103.31,0,0,51.655,0
32,stage_arrival,0,S00,5,terminal,0,51700,63,0,0,32,1000,0,0,28.2992,0
32,stage_arrival,43,S22,0,switch,0,51707,40,0,0,32,203.304,0,0,50.826,0
32,stage_arrival,1,S01,0,switch,0,51703,20,0,0,32,159.728,0,0,31.9456,0
32,stage_arrival,0,S00,5,terminal,0,51709,85,0,0,32,1000,0,0,50,0
32,stage_arrival,0,S00,5,terminal,0,51712,72,0,0,32,1000,0,0,50,0
32,stage_arrival,3,S27,0,switch,0,51710,48,0,0,32,119.129,0,0,59.5645,0
32,stage_arrival,0,S00,5,terminal,0,51710,48,0,0,32,1000,0,0,50,0
32,stage_arrival,1,S01,0,switch,0,51705,38,0,0,32,159.728,0,0,31.9456,0
32,stage_arrival,0,S00,5,terminal,0,51711,88,0,0,32,1000,0,0,25.826,0
32,stage_arrival,49,S26,0,switch,43,51715,98,0,0,32,126.404,0,0,50.826,0
32,stage_arrival_coalesce,0,S00,5,terminal,0,51705,38,0,0,32,1000,0,0,31.9456,0
32,stage_arrival,1,S01,0,switch,0,51701,30,0,0,32,159.728,0,0,31.9456,0
32,stage_arrival,0,S00,5,terminal,0,51715,98,0,0,32,1000,0,0,25.826,0
32,stage_arrival,36,S18,0,switch,35,51712,72,0,0,32,247.316,0,0,51.655,0
32,stage_arrival,10,S61,0,switch,1,51705,38,0,0,32,227.172,0,0,31.9456,0
32,stage_arrival,0,S00,5,terminal,0,51701,30,0,0,32,1000,0,0,20,0
32,stage_arrival,32,S21,1,switch,43,51713,64,0,0,32,261.425,0,0,50.826,0
32,stage_arrival,11,S03,0,switch,6,51708,23,0,0,32,132.338,0,0,31.9456,0
32,stage_arrival_coalesce,0,S00,5,terminal,0,51707,40,0,0,32,1000,0,0,50.826,0
32,stage_arrival,12,S04,0,switch,6,51701,30,0,0,32,184.169,0,0,31.9456,0
32,stage_arrival_coalesce,0,S00,5,terminal,0,51713,64,0,0,32,1000,0,0,50.826,0
32,stage_arrival,37,S32,0,switch,0,51712,72,0,0,32,103.31,0,0,51.655,0
32,stage_arrival,35,S17,2,switch,37,51712,72,0,0,32,246.878,0,0,51.655,0
32,stage_arrival,0,S00,5,terminal,0,51706,21,0,0,32,1000,0,0,20,0
32,stage_arrival,15,S05,0,switch,12,51701,30,0,0,32,134.869,0,0,31.9456,0
32,stage_arrival,0,S00,5,terminal,0,51702,110,0,0,32,1000,0,0,1.655,0
32,stage_arrival,44,S23,0,switch,43,51711,88,0,0,32,211.017,0,0,50.826,0
32,stage_arrival,6,S02,0,switch,1,51701,30,0,0,32,138.732,0,0,31.9456,0
32,stage_arrival,19,S06,3,switch,10,51705,38,0,0,32,169.014,0,0,31.9456,0
32,stage_arrival,0,S00,5,terminal,0,51708,23,0,0,32,1000,0,0,20,0
32,stage_arrival_coalesce,0,S00,5,terminal,0,51715,98,0,0,32,1000,0,0,50.826,0
32,stage_arrival,43,S22,0,switch,0,51715,98,0,0,32,203.304,0,0,50.826,0
32,stage_arrival_coalesce,0,S00,5,terminal,0,51701,30,0,0,32,1000,0,0,31.9456,0
32,stage_arrival_coalesce,0,S00,5,terminal,0,51708,23,0,0,32,1000,0,0,31.9456,0
32,stage_arrival,4,S37,0,switch,0,51714,35,0,0,32,203.508,0,0,28.3438,0
32,stage_arrival_coalesce,0,S00,5,terminal,0,51702,110,0,0,32,1000,0,0,51.655,0
32,stage_arrival,22,S07,3,switch,26,51710,48,0,0,32,124.406,0,0,50.9469,0
32,stage_arrival_coalesce,0,S00,5,terminal,0,51709,85,0,0,32,1000,0,0,59.5645,0
32,stage_arrival,1,S01,0,switch,0,51706,21,0,0,32,159.728,0,0,31.9456,0
32,stage_arrival_coalesce,0,S00,5,terminal,0,51706,21,0,0,32,1000,0,0,31.9456,0
32,stage_arrival,10,S61,0,switch,1,51703,20,0,0,32,227.172,0,0,31.9456,0
32,stage_arrival_coalesce,0,S00,5,terminal,0,51712,72,0,0,32,1000,0,0,51.655,0
32,stage_arrival_coalesce,0,S00,5,terminal,0,51703,20,0,0,32,1000,0,0,31.9456,0
32,stage_arrival,3,S27,0,switch,0,51709,85,0,0,32,119.129,0,0,51.0446,0
32,stage_arrival_coalesce,0,S00,5,terminal,0,51711,88,0,0,32,1000,0,0,50.826,0
32,stage_arrival_coalesce,0,S00,5,terminal,0,51710,48,0,0,32,1000,0,0,59.5645,0
32,stage_arrival,1,S01,0,switch,0,51708,23,0,0,32,159.728,0,0,31.9456,0
32,stage_arrival,26,S33,0,switch,3,51710,48,0,0,32,174.708,0,0,59.5645,0
32,stage_arrival,10,S61,0,switch,1,51706,21,0,0,32,227.172,0,0,31.9456,0
32,stage_arrival,0,S00,5,terminal,0,51704,94,0,0,32,1000,0,0,28.3516,0
32,stage_arrival,6,S02,0,switch,1,51708,23,0,0,32,138.732,0,0,31.9456,0
32,stage_arrival,32,S21,1,switch,43,51707,40,0,0,32,261.425,0,0,50.826,0
32,stage_arrival,43,S22,0,switch,0,51711,88,0,0,32,203.304,0,0,50.826,0
32,allocate_send_arrival,11,S03,0,switch,6,51708,23,0,0,32,132.338,0,31.9456,0,0
32,allocate_send_arrival,32,S21,1,switch,43,51713,64,0,0,32,261.425,0,50.826,0,0
32,allocate_send_arrival,32,S21,1,switch,43,51707,40,0,0,32,261.425,0,50.826,0,0
32,allocate_send_arrival,49,S26,0,switch,43,51715,98,0,0,32,126.404,0,50.826,0,0
32,allocate_send_arrival,1,S01,0,switch,0,51703,20,0,0,32,159.728,0,11.9456,20,0
32,enqueue_residual,1,S01,0,switch,0,51703,20,0,0,32,159.728,0,0,20,0
32,allocate_send_arrival,1,S01,0,switch,0,51705,38,0,0,32,159.728,0,11.9456,20,0
32,enqueue_residual,1,S01,0,switch,0,51705,38,0,0,32,159.728,0,0,20,0
32,allocate_send_arrival,1,S01,0,switch,0,51701,30,0,0,32,159.728,0,11.9456,20,0
32,enqueue_residual,1,S01,0,switch,0,51701,30,0,0,32,159.728,0,0,20,0
32,allocate_send_arrival,1,S01,0,switch,0,51706,21,0,0,32,159.728,0,11.9456,20,0
32,enqueue_residual,1,S01,0,switch,0,51706,21,0,0,32,159.728,0,0,20,0
32,allocate_send_arrival,1,S01,0,switch,0,51708,23,0,0,32,159.728,0,11.9456,20,0
32,enqueue_residual,1,S01,0,switch,0,51708,23,0,0,32,159.728,0,0,20,0
32,allocate_send_arrival,12,S04,0,switch,6,51701,30,0,0,32,184.169,0,31.9456,0,0
32,allocate_send_arrival,0,S00,5,terminal,0,51707,40,0,0,32,1000,0,50.826,0,0
32,allocate_send_arrival,0,S00,5,terminal,0,51714,35,0,0,32,1000,0,62.5,0,0
32,allocate_send_arrival,0,S00,5,terminal,0,51703,20,0,0,32,1000,0,31.9456,0,0
32,allocate_send_arrival,0,S00,5,terminal,0,51705,38,0,0,32,1000,0,31.9456,0,0
32,allocate_send_arrival,0,S00,5,terminal,0,51713,64,0,0,32,1000,0,50.826,0,0
32,allocate_send_arrival,0,S00,5,terminal,0,51700,63,0,0,32,1000,0,28.2992,0,0
32,allocate_send_arrival,0,S00,5,terminal,0,51709,85,0,0,32,1000,0,59.5645,0,0
32,allocate_send_arrival,0,S00,5,terminal,0,51712,72,0,0,32,1000,0,51.655,0,0
32,allocate_send_arrival,0,S00,5,terminal,0,51710,48,0,0,32,1000,0,59.5645,0,0
32,allocate_send_arrival,0,S00,5,terminal,0,51711,88,0,0,32,1000,0,50.826,0,0
32,allocate_send_arrival,0,S00,5,terminal,0,51715,98,0,0,32,1000,0,50.826,0,0
32,allocate_send_arrival,0,S00,5,terminal,0,51701,30,0,0,32,1000,0,31.9456,0,0
32,allocate_send_arrival,0,S00,5,terminal,0,51706,21,0,0,32,1000,0,31.9456,0,0
32,allocate_send_arrival,0,S00,5,terminal,0,51702,110,0,0,32,1000,0,51.655,0,0
32,allocate_send_arrival,0,S00,5,terminal,0,51708,23,0,0,32,1000,0,31.9456,0,0
32,allocate_send_arrival,0,S00,5,terminal,0,51704,94,0,0,32,1000,0,28.3516,0,0
32,allocate_send_arrival,36,S18,0,switch,35,51712,72,0,0,32,247.316,0,51.655,0,0
32,allocate_send_arrival,37,S32,0,switch,0,51702,110,0,0,32,103.31,0,1.655,50,0
32,enqueue_residual,37,S32,0,switch,0,51702,110,0,0,32,103.31,0,0,50,0
32,allocate_send_arrival,37,S32,0,switch,0,51712,72,0,0,32,103.31,0,1.655,50,0
32,enqueue_residual,37,S32,0,switch,0,51712,72,0,0,32,103.31,0,0,50,0
32,allocate_send_arrival,19,S06,3,switch,10,51705,38,0,0,32,169.014,0,31.9456,0,0
32,allocate_send_arrival,43,S22,0,switch,0,51713,64,0,0,32,203.304,0,25.826,25,0
32,enqueue_residual,43,S22,0,switch,0,51713,64,0,0,32,203.304,0,0,25,0
32,allocate_send_arrival,43,S22,0,switch,0,51707,40,0,0,32,203.304,0,25.826,25,0
32,enqueue_residual,43,S22,0,switch,0,51707,40,0,0,32,203.304,0,0,25,0
32,allocate_send_arrival,43,S22,0,switch,0,51715,98,0,0,32,203.304,0,25.826,25,0
32,enqueue_residual,43,S22,0,switch,0,51715,98,0,0,32,203.304,0,0,25,0
32,allocate_send_arrival,43,S22,0,switch,0,51711,88,0,0,32,203.304,0,25.826,25,0
32,enqueue_residual,43,S22,0,switch,0,51711,88,0,0,32,203.304,0,0,25,0
32,allocate_send_arrival,6,S02,0,switch,1,51701,30,0,0,32,138.732,0,31.9456,0,0
32,allocate_send_arrival,6,S02,0,switch,1,51708,23,0,0,32,138.732,0,31.9456,0,0
32,allocate_send_arrival,3,S27,0,switch,0,51710,48,0,0,32,119.129,0,9.5645,50,0
32,enqueue_residual,3,S27,0,switch,0,51710,48,0,0,32,119.129,0,0,50,0
32,allocate_send_arrival,3,S27,0,switch,0,51709,85,0,0,32,119.129,0,9.5645,41.4801,0
32,enqueue_residual,3,S27,0,switch,0,51709,85,0,0,32,119.129,0,0,41.4801,0
32,allocate_send_arrival,26,S33,0,switch,3,51710,48,0,0,32,174.708,0,59.5645,0,0
32,allocate_send_arrival,10,S61,0,switch,1,51705,38,0,0,32,227.172,0,31.9456,3.63798e-15,0
32,allocate_send_arrival,10,S61,0,switch,1,51703,20,0,0,32,227.172,0,31.9456,3.63798e-15,0
32,allocate_send_arrival,10,S61,0,switch,1,51706,21,0,0,32,227.172,0,31.9456,3.63798e-15,0
32,allocate_send_arrival,4,S37,0,switch,0,51714,35,0,0,32,203.508,0,28.3438,0,0
32,allocate_send_arrival,44,S23,0,switch,43,51711,88,0,0,32,211.017,0,50.826,0,0
32,allocate_send_arrival,20,S15,4,switch,32,51707,40,0,0,32,143.593,0,50.826,0,0
32,allocate_send_arrival,55,S60,1,switch,37,51702,110,0,0,32,243.133,0,51.655,0,0
32,allocate_send_arrival,35,S17,2,switch,37,51712,72,0,0,32,246.878,0,51.655,0,0
32,allocate_send_arrival,22,S07,3,switch,26,51710,48,0,0,32,124.406,0,50.9469,0,0
32,allocate_send_arrival,15,S05,0,switch,12,51701,30,0,0,32,134.869,0,31.9456,0,0
33,allocate_send_buffered,1,S01,0,switch,0,51703,20,0,0,33,159.728,100,20,0,0
33,allocate_send_buffered,1,S01,0,switch,0,51705,38,0,0,33,159.728,100,20,0,0
33,allocate_send_buffered,1,S01,0,switch,0,51701,30,0,0,33,159.728,100,20,7.27596e-15,0
33,allocate_send_buffered,1,S01,0,switch,0,51706,21,0,0,33,159.728,100,20,0,0
33,allocate_send_buffered,1,S01,0,switch,0,51708,23,0,0,33,159.728,100,20,7.27596e-15,0
33,allocate_send_buffered,37,S32,0,switch,0,51702,110,0,0,33,103.31,100,50,0,0
33,allocate_send_buffered,37,S32,0,switch,0,51712,72,0,0,33,103.31,100,50,0,0
33,allocate_send_buffered,3,S27,0,switch,0,51710,48,0,0,33,119.129,91.4801,50,0,0
33,allocate_send_buffered,3,S27,0,switch,0,51709,85,0,0,33,119.129,91.4801,41.4801,0,0
33,allocate_send_buffered,43,S22,0,switch,0,51713,64,0,0,33,203.304,100,25,0,0
33,allocate_send_buffered,43,S22,0,switch,0,51707,40,0,0,33,203.304,100,25,0,0
33,allocate_send_buffered,43,S22,0,switch,0,51715,98,0,0,33,203.304,100,25,0,0
33,allocate_send_buffered,43,S22,0,switch,0,51711,88,0,0,33,203.304,100,25,0,0
33,stage_arrival,0,S00,5,terminal,0,51715,98,0,0,33,1000,0,0,25,0
33,stage_arrival,10,S61,0,switch,1,51703,20,0,0,33,227.172,0,0,31.9456,0
33,stage_arrival,0,S00,5,terminal,0,51714,35,0,0,33,1000,0,0,28.3438,0
33,stage_arrival,10,S61,0,switch,1,51705,38,0,0,33,227.172,0,0,31.9456,0
33,stage_arrival,12,S04,0,switch,6,51701,30,0,0,33,184.169,0,0,31.9456,0
33,stage_arrival,26,S33,0,switch,3,51710,48,0,0,33,174.708,0,0,50.9469,0
33,stage_arrival,0,S00,5,terminal,0,51703,20,0,0,33,1000,0,0,11.9456,0
33,stage_arrival,43,S22,0,switch,0,51713,64,0,0,33,203.304,0,0,50.826,0
33,stage_arrival,11,S03,0,switch,6,51708,23,0,0,33,132.338,0,0,31.9456,0
33,stage_arrival,3,S27,0,switch,0,51710,48,0,0,33,119.129,0,0,59.5645,0
33,stage_arrival,0,S00,5,terminal,0,51712,72,0,0,33,1000,0,0,1.655,0
33,stage_arrival,35,S17,2,switch,37,51712,72,0,0,33,246.878,0,0,51.655,0
33,stage_arrival_coalesce,0,S00,5,terminal,0,51703,20,0,0,33,1000,0,0,31.9456,0
33,stage_arrival,0,S00,5,terminal,0,51705,38,0,0,33,1000,0,0,11.9456,0
33,stage_arrival,1,S01,0,switch,0,51706,21,0,0,33,159.728,0,0,31.9456,0
33,stage_arrival_coalesce,0,S00,5,terminal,0,51705,38,0,0,33,1000,0,0,31.9456,0
33,stage_arrival,0,S00,5,terminal,0,51711,88,0,0,33,1000,0,0,25,0
33,stage_arrival,0,S00,5,terminal,0,51708,23,0,0,33,1000,0,0,11.9456,0
33,stage_arrival,32,S21,1,switch,43,51707,40,0,0,33,261.425,0,0,50.826,0
33,stage_arrival,37,S32,0,switch,0,51702,110,0,0,33,103.31,0,0,51.655,0
33,stage_arrival,0,S00,5,terminal,0,51706,21,0,0,33,1000,0,0,11.9456,0
33,stage_arrival_coalesce,0,S00,5,terminal,0,51706,21,0,0,33,1000,0,0,31.9456,0
33,stage_arrival,0,S00,5,terminal,0,51709,85,0,0,33,1000,0,0,50,0
33,stage_arrival,0,S00,5,terminal,0,51713,64,0,0,33,1000,0,0,25,0
33,stage_arrival,55,S60,1,switch,37,51702,110,0,0,33,243.133,0,0,51.655,0
33,stage_arrival,44,S23,0,switch,43,51711,88,0,0,33,211.017,0,0,50.826,0
33,stage_arrival,10,S61,0,switch,1,51706,21,0,0,33,227.172,0,0,31.9456,0
33,stage_arrival,20,S15,4,switch,32,51707,40,0,0,33,143.593,0,0,50.826,0
33,stage_arrival,6,S02,0,switch,1,51701,30,0,0,33,138.732,0,0,31.9456,0
33,stage_arrival,0,S00,5,terminal,0,51701,30,0,0,33,1000,0,0,11.9456,0
33,stage_arrival,43,S22,0,switch,0,51711,88,0,0,33,203.304,0,0,50.826,0
33,stage_arrival,0,S00,5,terminal,0,51707,40,0,0,33,1000,0,0,25.826,0
33,stage_arrival_coalesce,0,S00,5,terminal,0,51711,88,0,0,33,1000,0,0,50.826,0
33,stage_arrival_coalesce,0,S00,5,terminal,0,51713,64,0,0,33,1000,0,0,50.826,0
33,stage_arrival,6,S02,0,switch,1,51708,23,0,0,33,138.732,0,0,31.9456,0
33,stage_arrival,36,S18,0,switch,35,51712,72,0,0,33,247.316,0,0,51.655,0
33,stage_arrival,1,S01,0,switch,0,51703,20,0,0,33,159.728,0,0,31.9456,0
33,stage_arrival,1,S01,0,switch,0,51705,38,0,0,33,159.728,0,0,31.9456,0
33,stage_arrival,37,S32,0,switch,0,51712,72,0,0,33,103.31,0,0,51.655,0
33,stage_arrival,15,S05,0,switch,12,51701,30,0,0,33,134.869,0,0,31.9456,0
33,stage_arrival,43,S22,0,switch,0,51707,40,0,0,33,203.304,0,0,50.826,0
33,stage_arrival,49,S26,0,switch,43,51715,98,0,0,33,126.404,0,0,50.826,0
33,stage_arrival_coalesce,0,S00,5,terminal,0,51707,40,0,0,33,1000,0,0,50.826,0
33,stage_arrival,32,S21,1,switch,43,51713,64,0,0,33,261.425,0,0,50.826,0
33,stage_arrival,19,S06,3,switch,10,51705,38,0,0,33,169.014,0,0,31.9456,0
33,stage_arrival_coalesce,0,S00,5,terminal,0,51708,23,0,0,33,1000,0,0,31.9456,0
33,stage_arrival,0,S00,5,terminal,0,51710,48,0,0,33,1000,0,0,50,0
33,stage_arrival_coalesce,0,S00,5,terminal,0,51712,72,0,0,33,1000,0,0,51.655,0
33,stage_arrival_coalesce,0,S00,5,terminal,0,51701,30,0,0,33,1000,0,0,31.9456,0
33,stage_arrival_coalesce,0,S00,5,terminal,0,51710,48,0,0,33,1000,0,0,59.5645,0
33,stage_arrival_coalesce,0,S00,5,terminal,0,51709,85,0,0,33,1000,0,0,59.5645,0
33,stage_arrival_coalesce,0,S00,5,terminal,0,51715,98,0,0,33,1000,0,0,50.826,0
33,stage_arrival,0,S00,5,terminal,0,51702,110,0,0,33,1000,0,0,50,0
33,stage_arrival,43,S22,0,switch,0,51715,98,0,0,33,203.304,0,0,50.826,0
33,stage_arrival_coalesce,0,S00,5,terminal,0,51702,110,0,0,33,1000,0,0,51.655,0
33,stage_arrival,1,S01,0,switch,0,51701,30,0,0,33,159.728,0,0,31.9456,0
33,stage_arrival,1,S01,0,switch,0,51708,23,0,0,33,159.728,0,0,31.9456,0
33,allocate_send_arrival,19,S06,3,switch,10,51705,38,0,0,33,169.014,0,31.9456,0,0
33,allocate_send_arrival,32,S21,1,switch,43,51707,40,0,0,33,261.425,0,50.826,0,0
33,allocate_send_arrival,32,S21,1,switch,43,51713,64,0,0,33,261.425,0,50.826,0,0
33,allocate_send_arrival,49,S26,0,switch,43,51715,98,0,0,33,126.404,0,50.826,0,0
33,allocate_send_arrival,12,S04,0,switch,6,51701,30,0,0,33,184.169,0,31.9456,0,0
33,allocate_send_arrival,37,S32,0,switch,0,51702,110,0,0,33,103.31,0,1.655,50,0
33,enqueue_residual,37,S32,0,switch,0,51702,110,0,0,33,103.31,0,0,50,0
33,allocate_send_arrival,37,S32,0,switch,0,51712,72,0,0,33,103.31,0,1.655,50,0
33,enqueue_residual,37,S32,0,switch,0,51712,72,0,0,33,103.31,0,0,50,0
33,allocate_send_arrival,26,S33,0,switch,3,51710,48,0,0,33,174.708,0,50.9469,0,0
33,allocate_send_arrival,35,S17,2,switch,37,51712,72,0,0,33,246.878,0,51.655,0,0
33,allocate_send_arrival,15,S05,0,switch,12,51701,30,0,0,33,134.869,0,31.9456,0,0
33,allocate_send_arrival,0,S00,5,terminal,0,51715,98,0,0,33,1000,0,50.826,0,0
33,allocate_send_arrival,0,S00,5,terminal,0,51714,35,0,0,33,1000,0,28.3438,0,0
33,allocate_send_arrival,0,S00,5,terminal,0,51703,20,0,0,33,1000,0,31.9456,0,0
33,allocate_send_arrival,0,S00,5,terminal,0,51712,72,0,0,33,1000,0,51.655,0,0
33,allocate_send_arrival,0,S00,5,terminal,0,51705,38,0,0,33,1000,0,31.9456,0,0
33,allocate_send_arrival,0,S00,5,terminal,0,51711,88,0,0,33,1000,0,50.826,0,0
33,allocate_send_arrival,0,S00,5,terminal,0,51708,23,0,0,33,1000,0,31.9456,0,0
33,allocate_send_arrival,0,S00,5,terminal,0,51706,21,0,0,33,1000,0,31.9456,0,0
33,allocate_send_arrival,0,S00,5,terminal,0,51709,85,0,0,33,1000,0,59.5645,0,0
33,allocate_send_arrival,0,S00,5,terminal,0,51713,64,0,0,33,1000,0,50.826,0,0
33,allocate_send_arrival,0,S00,5,terminal,0,51701,30,0,0,33,1000,0,31.9456,0,0
33,allocate_send_arrival,0,S00,5,terminal,0,51707,40,0,0,33,1000,0,50.826,0,0
33,allocate_send_arrival,0,S00,5,terminal,0,51710,48,0,0,33,1000,0,59.5645,0,0
33,allocate_send_arrival,0,S00,5,terminal,0,51702,110,0,0,33,1000,0,51.655,0,0
33,allocate_send_arrival,6,S02,0,switch,1,51701,30,0,0,33,138.732,0,31.9456,0,0
33,allocate_send_arrival,6,S02,0,switch,1,51708,23,0,0,33,138.732,0,31.9456,0,0
33,allocate_send_arrival,1,S01,0,switch,0,51706,21,0,0,33,159.728,0,11.9456,20,0
33,enqueue_residual,1,S01,0,switch,0,51706,21,0,0,33,159.728,0,0,20,0
33,allocate_send_arrival,1,S01,0,switch,0,51703,20,0,0,33,159.728,0,11.9456,20,0
33,enqueue_residual,1,S01,0,switch,0,51703,20,0,0,33,159.728,0,0,20,0
33,allocate_send_arrival,1,S01,0,switch,0,51705,38,0,0,33,159.728,0,11.9456,20,0
33,enqueue_residual,1,S01,0,switch,0,51705,38,0,0,33,159.728,0,0,20,0
33,allocate_send_arrival,1,S01,0,switch,0,51701,30,0,0,33,159.728,0,11.9456,20,0
33,enqueue_residual,1,S01,0,switch,0,51701,30,0,0,33,159.728,0,0,20,0
33,allocate_send_arrival,1,S01,0,switch,0,51708,23,0,0,33,159.728,0,11.9456,20,0
33,enqueue_residual,1,S01,0,switch,0,51708,23,0,0,33,159.728,0,0,20,0
33,allocate_send_arrival,44,S23,0,switch,43,51711,88,0,0,33,211.017,0,50.826,0,0
33,allocate_send_arrival,3,S27,0,switch,0,51710,48,0,0,33,119.129,0,27.6489,31.9156,0
33,enqueue_residual,3,S27,0,switch,0,51710,48,0,0,33,119.129,0,0,31.9156,0
33,allocate_send_arrival,55,S60,1,switch,37,51702,110,0,0,33,243.133,0,51.655,0,0
33,allocate_send_arrival,10,S61,0,switch,1,51703,20,0,0,33,227.172,0,31.9456,3.63798e-15,0
33,allocate_send_arrival,10,S61,0,switch,1,51705,38,0,0,33,227.172,0,31.9456,3.63798e-15,0
33,allocate_send_arrival,10,S61,0,switch,1,51706,21,0,0,33,227.172,0,31.9456,3.63798e-15,0
33,allocate_send_arrival,11,S03,0,switch,6,51708,23,0,0,33,132.338,0,31.9456,0,0
33,allocate_send_arrival,20,S15,4,switch,32,51707,40,0,0,33,143.593,0,50.826,0,0
33,allocate_send_arrival,43,S22,0,switch,0,51713,64,0,0,33,203.304,0,25.826,25,0
33,enqueue_residual,43,S22,0,switch,0,51713,64,0,0,33,203.304,0,0,25,0
33,allocate_send_arrival,43,S22,0,switch,0,51711,88,0,0,33,203.304,0,25.826,25,0
33,enqueue_residual,43,S22,0,switch,0,51711,88,0,0,33,203.304,0,0,25,0
33,allocate_send_arrival,43,S22,0,switch,0,51707,40,0,0,33,203.304,0,25.826,25,0
33,enqueue_residual,43,S22,0,switch,0,51707,40,0,0,33,203.304,0,0,25,0
33,allocate_send_arrival,43,S22,0,switch,0,51715,98,0,0,33,203.304,0,25.826,25,0
33,enqueue_residual,43,S22,0,switch,0,51715,98,0,0,33,203.304,0,0,25,0
33,allocate_send_arrival,36,S18,0,switch,35,51712,72,0,0,33,247.316,0,51.655,0,0
34,allocate_send_buffered,37,S32,0,switch,0,51702,110,0,0,34,103.31,100,50,0,0
34,allocate_send_buffered,37,S32,0,switch,0,51712,72,0,0,34,103.31,100,50,0,0
34,allocate_send_buffered,3,S27,0,switch,0,51710,48,0,0,34,119.129,31.9156,31.9156,0,0
34,allocate_send_buffered,43,S22,0,switch,0,51713,64,0,0,34,203.304,100,25,0,0
34,allocate_send_buffered,43,S22,0,switch,0,51711,88,0,0,34,203.304,100,25,0,0
34,allocate_send_buffered,43,S22,0,switch,0,51707,40,0,0,34,203.304,100,25,0,0
34,allocate_send_buffered,43,S22,0,switch,0,51715,98,0,0,34,203.304,100,25,0,0
34,allocate_send_buffered,1,S01,0,switch,0,51706,21,0,0,34,159.728,100,20,0,0
34,allocate_send_buffered,1,S01,0,switch,0,51703,20,0,0,34,159.728,100,20,0,0
34,allocate_send_buffered,1,S01,0,switch,0,51705,38,0,0,34,159.728,100,20,0,0
34,allocate_send_buffered,1,S01,0,switch,0,51701,30,0,0,34,159.728,100,20,3.63798e-15,0
34,allocate_send_buffered,1,S01,0,switch,0,51708,23,0,0,34,159.728,100,20,3.63798e-15,0
34,stage_arrival,15,S05,0,switch,12,51701,30,0,0,34,134.869,0,0,31.9456,0
34,stage_arrival,32,S21,1,switch,43,51713,64,0,0,34,261.425,0,0,50.826,0
34,stage_arrival,43,S22,0,switch,0,51713,64,0,0,34,203.304,0,0,50.826,0
34,stage_arrival,0,S00,5,terminal,0,51703,20,0,0,34,1000,0,0,11.9456,0
34,stage_arrival,0,S00,5,terminal,0,51702,110,0,0,34,1000,0,0,50,0
34,stage_arrival_coalesce,0,S00,5,terminal,0,51702,110,0,0,34,1000,0,0,51.655,0
34,stage_arrival,0,S00,5,terminal,0,51715,98,0,0,34,1000,0,0,25,0
34,stage_arrival,10,S61,0,switch,1,51706,21,0,0,34,227.172,0,0,31.9456,0
34,stage_arrival,43,S22,0,switch,0,51707,40,0,0,34,203.304,0,0,50.826,0
34,stage_arrival,1,S01,0,switch,0,51708,23,0,0,34,159.728,0,0,31.9456,0
34,stage_arrival,1,S01,0,switch,0,51703,20,0,0,34,159.728,0,0,31.9456,0
34,stage_arrival,0,S00,5,terminal,0,51712,72,0,0,34,1000,0,0,1.655,0
34,stage_arrival,10,S61,0,switch,1,51705,38,0,0,34,227.172,0,0,31.9456,0
34,stage_arrival_coalesce,0,S00,5,terminal,0,51712,72,0,0,34,1000,0,0,51.655,0
34,stage_arrival,0,S00,5,terminal,0,51711,88,0,0,34,1000,0,0,25.826,0
34,stage_arrival_coalesce,0,S00,5,terminal,0,51711,88,0,0,34,1000,0,0,50.826,0
34,stage_arrival,12,S04,0,switch,6,51701,30,0,0,34,184.169,0,0,31.9456,0
34,stage_arrival,1,S01,0,switch,0,51705,38,0,0,34,159.728,0,0,31.9456,0
34,stage_arrival_coalesce,0,S00,5,terminal,0,51703,20,0,0,34,1000,0,0,31.9456,0
34,stage_arrival,0,S00,5,terminal,0,51706,21,0,0,34,1000,0,0,11.9456,0
34,stage_arrival,44,S23,0,switch,43,51711,88,0,0,34,211.017,0,0,50.826,0
34,stage_arrival,1,S01,0,switch,0,51701,30,0,0,34,159.728,0,0,31.9456,0
34,stage_arrival,37,S32,0,switch,0,51702,110,0,0,34,103.31,0,0,51.655,0
34,stage_arrival,6,S02,0,switch,1,51701,30,0,0,34,138.732,0,0,31.9456,0
34,stage_arrival,0,S00,5,terminal,0,51708,23,0,0,34,1000,0,0,20,0
34,stage_arrival,20,S15,4,switch,32,51707,40,0,0,34,143.593,0,0,50.826,0
34,stage_arrival,0,S00,5,terminal,0,51707,40,0,0,34,1000,0,0,25,0
34,stage_arrival,0,S00,5,terminal,0,51710,48,0,0,34,1000,0,0,27.6489,0
34,stage_arrival,55,S60,1,switch,37,51702,110,0,0,34,243.133,0,0,51.655,0
34,stage_arrival,11,S03,0,switch,6,51708,23,0,0,34,132.338,0,0,31.9456,0
34,stage_arrival,36,S18,0,switch,35,51712,72,0,0,34,247.316,0,0,51.655,0
34,stage_arrival,0,S00,5,terminal,0,51713,64,0,0,34,1000,0,0,25,0
34,stage_arrival,3,S27,0,switch,0,51710,48,0,0,34,119.129,0,0,50.9469,0
34,stage_arrival,43,S22,0,switch,0,51711,88,0,0,34,203.304,0,0,50.826,0
34,stage_arrival,0,S00,5,terminal,0,51705,38,0,0,34,1000,0,0,11.9456,0
34,stage_arrival,6,S02,0,switch,1,51708,23,0,0,34,138.732,0,0,31.9456,0
34,stage_arrival,0,S00,5,terminal,0,51709,85,0,0,34,1000,0,0,41.4801,0
34,stage_arrival,32,S21,1,switch,43,51707,40,0,0,34,261.425,0,0,50.826,0
34,stage_arrival,10,S61,0,switch,1,51703,20,0,0,34,227.172,0,0,31.9456,0
34,stage_arrival,37,S32,0,switch,0,51712,72,0,0,34,103.31,0,0,51.655,0
34,stage_arrival,1,S01,0,switch,0,51706,21,0,0,34,159.728,0,0,31.9456,0
34,stage_arrival,35,S17,2,switch,37,51712,72,0,0,34,246.878,0,0,51.655,0
34,stage_arrival_coalesce,0,S00,5,terminal,0,51710,48,0,0,34,1000,0,0,77.6489,0
34,stage_arrival,19,S06,3,switch,10,51705,38,0,0,34,169.014,0,0,31.9456,0
34,stage_arrival,0,S00,5,terminal,0,51701,30,0,0,34,1000,0,0,11.9456,0
34,stage_arrival_coalesce,0,S00,5,terminal,0,51715,98,0,0,34,1000,0,0,50.826,0
34,stage_arrival_coalesce,0,S00,5,terminal,0,51706,21,0,0,34,1000,0,0,31.9456,0
34,stage_arrival_coalesce,0,S00,5,terminal,0,51713,64,0,0,34,1000,0,0,50.826,0
34,stage_arrival_coalesce,0,S00,5,terminal,0,51705,38,0,0,34,1000,0,0,31.9456,0
34,stage_arrival,43,S22,0,switch,0,51715,98,0,0,34,203.304,0,0,50.826,0
34,stage_arrival_coalesce,0,S00,5,terminal,0,51707,40,0,0,34,1000,0,0,50.826,0
34,stage_arrival_coalesce,0,S00,5,terminal,0,51701,30,0,0,34,1000,0,0,31.9456,0
34,stage_arrival,49,S26,0,switch,43,51715,98,0,0,34,126.404,0,0,50.826,0
34,stage_arrival_coalesce,0,S00,5,terminal,0,51708,23,0,0,34,1000,0,0,31.9456,0
34,allocate_send_arrival,3,S27,0,switch,0,51710,48,0,0,34,119.129,0,50.9469,0,0
34,allocate_send_arrival,20,S15,4,switch,32,51707,40,0,0,34,143.593,0,50.826,0,0
34,allocate_send_arrival,35,S17,2,switch,37,51712,72,0,0,34,246.878,0,51.655,0,0
34,allocate_send_arrival,36,S18,0,switch,35,51712,72,0,0,34,247.316,0,51.655,0,0
34,allocate_send_arrival,6,S02,0,switch,1,51701,30,0,0,34,138.732,0,31.9456,0,0
34,allocate_send_arrival,6,S02,0,switch,1,51708,23,0,0,34,138.732,0,31.9456,0,0
34,allocate_send_arrival,12,S04,0,switch,6,51701,30,0,0,34,184.169,0,31.9456,0,0
34,allocate_send_arrival,44,S23,0,switch,43,51711,88,0,0,34,211.017,0,50.826,0,0
34,allocate_send_arrival,11,S03,0,switch,6,51708,23,0,0,34,132.338,0,31.9456,0,0
34,allocate_send_arrival,43,S22,0,switch,0,51713,64,0,0,34,203.304,0,25.826,25,0
34,enqueue_residual,43,S22,0,switch,0,51713,64,0,0,34,203.304,0,0,25,0
34,allocate_send_arrival,43,S22,0,switch,0,51707,40,0,0,34,203.304,0,25.826,25,0
34,enqueue_residual,43,S22,0,switch,0,51707,40,0,0,34,203.304,0,0,25,0
34,allocate_send_arrival,43,S22,0,switch,0,51711,88,0,0,34,203.304,0,25.826,25,0
34,enqueue_residual,43,S22,0,switch,0,51711,88,0,0,34,203.304,0,0,25,0
34,allocate_send_arrival,43,S22,0,switch,0,51715,98,0,0,34,203.304,0,25.826,25,0
34,enqueue_residual,43,S22,0,switch,0,51715,98,0,0,34,203.304,0,0,25,0
34,allocate_send_arrival,55,S60,1,switch,37,51702,110,0,0,34,243.133,0,51.655,0,0
34,allocate_send_arrival,19,S06,3,switch,10,51705,38,0,0,34,169.014,0,31.9456,0,0
34,allocate_send_arrival,37,S32,0,switch,0,51702,110,0,0,34,103.31,0,1.655,50,0
34,enqueue_residual,37,S32,0,switch,0,51702,110,0,0,34,103.31,0,0,50,0
34,allocate_send_arrival,37,S32,0,switch,0,51712,72,0,0,34,103.31,0,1.655,50,0
34,enqueue_residual,37,S32,0,switch,0,51712,72,0,0,34,103.31,0,0,50,0
34,allocate_send_arrival,15,S05,0,switch,12,51701,30,0,0,34,134.869,0,31.9456,0,0
34,allocate_send_arrival,10,S61,0,switch,1,51706,21,0,0,34,227.172,0,31.9456,3.63798e-15,0
34,allocate_send_arrival,10,S61,0,switch,1,51705,38,0,0,34,227.172,0,31.9456,3.63798e-15,0
34,allocate_send_arrival,10,S61,0,switch,1,51703,20,0,0,34,227.172,0,31.9456,3.63798e-15,0
34,allocate_send_arrival,0,S00,5,terminal,0,51703,20,0,0,34,1000,0,31.9456,0,0
34,allocate_send_arrival,0,S00,5,terminal,0,51702,110,0,0,34,1000,0,51.655,0,0
34,allocate_send_arrival,0,S00,5,terminal,0,51715,98,0,0,34,1000,0,50.826,0,0
34,allocate_send_arrival,0,S00,5,terminal,0,51712,72,0,0,34,1000,0,51.655,0,0
34,allocate_send_arrival,0,S00,5,terminal,0,51711,88,0,0,34,1000,0,50.826,0,0
34,allocate_send_arrival,0,S00,5,terminal,0,51706,21,0,0,34,1000,0,31.9456,0,0
34,allocate_send_arrival,0,S00,5,terminal,0,51708,23,0,0,34,1000,0,31.9456,0,0
34,allocate_send_arrival,0,S00,5,terminal,0,51707,40,0,0,34,1000,0,50.826,0,0
34,allocate_send_arrival,0,S00,5,terminal,0,51710,48,0,0,34,1000,0,77.6489,0,0
34,allocate_send_arrival,0,S00,5,terminal,0,51713,64,0,0,34,1000,0,50.826,0,0
34,allocate_send_arrival,0,S00,5,terminal,0,51705,38,0,0,34,1000,0,31.9456,0,0
34,allocate_send_arrival,0,S00,5,terminal,0,51709,85,0,0,34,1000,0,41.4801,0,0
34,allocate_send_arrival,0,S00,5,terminal,0,51701,30,0,0,34,1000,0,31.9456,0,0
34,allocate_send_arrival,32,S21,1,switch,43,51713,64,0,0,34,261.425,0,50.826,0,0
34,allocate_send_arrival,32,S21,1,switch,43,51707,40,0,0,34,261.425,0,50.826,0,0
34,allocate_send_arrival,49,S26,0,switch,43,51715,98,0,0,34,126.404,0,50.826,0,0
34,allocate_send_arrival,1,S01,0,switch,0,51708,23,0,0,34,159.728,0,11.9456,20,0
34,enqueue_residual,1,S01,0,switch,0,51708,23,0,0,34,159.728,0,0,20,0
34,allocate_send_arrival,1,S01,0,switch,0,51703,20,0,0,34,159.728,0,11.9456,20,0
34,enqueue_residual,1,S01,0,switch,0,51703,20,0,0,34,159.728,0,0,20,0
34,allocate_send_arrival,1,S01,0,switch,0,51705,38,0,0,34,159.728,0,11.9456,20,0
34,enqueue_residual,1,S01,0,switch,0,51705,38,0,0,34,159.728,0,0,20,0
34,allocate_send_arrival,1,S01,0,switch,0,51701,30,0,0,34,159.728,0,11.9456,20,0
34,enqueue_residual,1,S01,0,switch,0,51701,30,0,0,34,159.728,0,0,20,0
34,allocate_send_arrival,1,S01,0,switch,0,51706,21,0,0,34,159.728,0,11.9456,20,0
34,enqueue_residual,1,S01,0,switch,0,51706,21,0,0,34,159.728,0,0,20,0
35,allocate_send_buffered,37,S32,0,switch,0,51702,110,0,0,35,103.31,100,50,0,0
35,allocate_send_buffered,37,S32,0,switch,0,51712,72,0,0,35,103.31,100,50,0,0
35,allocate_send_buffered,43,S22,0,switch,0,51713,64,0,0,35,203.304,100,25,0,0
35,allocate_send_buffered,43,S22,0,switch,0,51707,40,0,0,35,203.304,100,25,0,0
35,allocate_send_buffered,43,S22,0,switch,0,51711,88,0,0,35,203.304,100,25,0,0
35,allocate_send_buffered,43,S22,0,switch,0,51715,98,0,0,35,203.304,100,25,0,0
35,allocate_send_buffered,1,S01,0,switch,0,51708,23,0,0,35,159.728,100,20,7.27596e-15,0
35,allocate_send_buffered,1,S01,0,switch,0,51703,20,0,0,35,159.728,100,20,0,0
35,allocate_send_buffered,1,S01,0,switch,0,51705,38,0,0,35,159.728,100,20,0,0
35,allocate_send_buffered,1,S01,0,switch,0,51701,30,0,0,35,159.728,100,20,7.27596e-15,0
35,allocate_send_buffered,1,S01,0,switch,0,51706,21,0,0,35,159.728,100,20,0,0
35,stage_arrival,12,S04,0,switch,6,51701,30,0,0,35,184.169,0,0,31.9456,0
35,stage_arrival,0,S00,5,terminal,0,51705,38,0,0,35,1000,0,0,11.9456,0
35,stage_arrival,0,S00,5,terminal,0,51707,40,0,0,35,1000,0,0,25.826,0
35,stage_arrival,19,S06,3,switch,10,51705,38,0,0,35,169.014,0,0,31.9456,0
35,stage_arrival,0,S00,5,terminal,0,51703,20,0,0,35,1000,0,0,20,0
35,stage_arrival,0,S00,5,terminal,0,51712,72,0,0,35,1000,0,0,1.655,0
35,stage_arrival,1,S01,0,switch,0,51706,21,0,0,35,159.728,0,0,31.9456,0
35,stage_arrival,6,S02,0,switch,1,51708,23,0,0,35,138.732,0,0,31.9456,0
35,stage_arrival,43,S22,0,switch,0,51707,40,0,0,35,203.304,0,0,50.826,0
35,stage_arrival,0,S00,5,terminal,0,51706,21,0,0,35,1000,0,0,20,0
35,stage_arrival,0,S00,5,terminal,0,51715,98,0,0,35,1000,0,0,25.826,0
35,stage_arrival,37,S32,0,switch,0,51702,110,0,0,35,103.31,0,0,51.655,0
35,stage_arrival_coalesce,0,S00,5,terminal,0,51706,21,0,0,35,1000,0,0,31.9456,0
35,stage_arrival,1,S01,0,switch,0,51703,20,0,0,35,159.728,0,0,31.9456,0
35,stage_arrival,36,S18,0,switch,35,51712,72,0,0,35,247.316,0,0,51.655,0
35,stage_arrival,1,S01,0,switch,0,51708,23,0,0,35,159.728,0,0,31.9456,0
35,stage_arrival,1,S01,0,switch,0,51701,30,0,0,35,159.728,0,0,31.9456,0
35,stage_arrival,0,S00,5,terminal,0,51708,23,0,0,35,1000,0,0,11.9456,0
35,stage_arrival,37,S32,0,switch,0,51712,72,0,0,35,103.31,0,0,51.655,0
35,stage_arrival,43,S22,0,switch,0,51715,98,0,0,35,203.304,0,0,50.826,0
35,stage_arrival,32,S21,1,switch,43,51707,40,0,0,35,261.425,0,0,50.826,0
35,stage_arrival,44,S23,0,switch,43,51711,88,0,0,35,211.017,0,0,50.826,0
35,stage_arrival,1,S01,0,switch,0,51705,38,0,0,35,159.728,0,0,31.9456,0
35,stage_arrival_coalesce,0,S00,5,terminal,0,51715,98,0,0,35,1000,0,0,50.826,0
35,stage_arrival,11,S03,0,switch,6,51708,23,0,0,35,132.338,0,0,31.9456,0
35,stage_arrival,0,S00,5,terminal,0,51711,88,0,0,35,1000,0,0,25.826,0
35,stage_arrival,10,S61,0,switch,1,51706,21,0,0,35,227.172,0,0,31.9456,0
35,stage_arrival_coalesce,0,S00,5,terminal,0,51711,88,0,0,35,1000,0,0,50.826,0
35,stage_arrival,0,S00,5,terminal,0,51702,110,0,0,35,1000,0,0,50,0
35,stage_arrival,43,S22,0,switch,0,51711,88,0,0,35,203.304,0,0,50.826,0
35,stage_arrival_coalesce,0,S00,5,terminal,0,51707,40,0,0,35,1000,0,0,50.826,0
35,stage_arrival,0,S00,5,terminal,0,51701,30,0,0,35,1000,0,0,20,0
35,stage_arrival,6,S02,0,switch,1,51701,30,0,0,35,138.732,0,0,31.9456,0
35,stage_arrival,0,S00,5,terminal,0,51710,48,0,0,35,1000,0,0,31.9156,0
35,stage_arrival,10,S61,0,switch,1,51703,20,0,0,35,227.172,0,0,31.9456,0
35,stage_arrival_coalesce,0,S00,5,terminal,0,51702,110,0,0,35,1000,0,0,51.655,0
35,stage_arrival_coalesce,0,S00,5,terminal,0,51710,48,0,0,35,1000,0,0,82.8626,0
35,stage_arrival,0,S00,5,terminal,0,51713,64,0,0,35,1000,0,0,25.826,0
35,stage_arrival_coalesce,0,S00,5,terminal,0,51713,64,0,0,35,1000,0,0,50.826,0
35,stage_arrival,15,S05,0,switch,12,51701,30,0,0,35,134.869,0,0,31.9456,0
35,stage_arrival,20,S15,4,switch,32,51707,40,0,0,35,143.593,0,0,50.826,0
35,stage_arrival,49,S26,0,switch,43,51715,98,0,0,35,126.404,0,0,50.826,0
35,stage_arrival_coalesce,0,S00,5,terminal,0,51701,30,0,0,35,1000,0,0,31.9456,0
35,stage_arrival,43,S22,0,switch,0,51713,64,0,0,35,203.304,0,0,50.826,0
35,stage_arrival_coalesce,0,S00,5,terminal,0,51705,38,0,0,35,1000,0,0,31.9456,0
35,stage_arrival,10,S61,0,switch,1,51705,38,0,0,35,227.172,0,0,31.9456,0
35,stage_arrival_coalesce,0,S00,5,terminal,0,51703,20,0,0,35,1000,0,0,31.9456,0
35,stage_arrival_coalesce,0,S00,5,terminal,0,51712,72,0,0,35,1000,0,0,51.655,0
35,stage_arrival,35,S17,2,switch,37,51712,72,0,0,35,246.878,0,0,51.655,0
35,stage_arrival_coalesce,0,S00,5,terminal,0,51708,23,0,0,35,1000,0,0,31.9456,0
35,stage_arrival,32,S21,1,switch,43,51713,64,0,0,35,261.425,0,0,50.826,0
35,stage_arrival,55,S60,1,switch,37,51702,110,0,0,35,243.133,0,0,51.655,0
35,allocate_send_arrival,37,S32,0,switch,0,51702,110,0,0,35,103.31,0,1.655,50,0
35,enqueue_residual,37,S32,0,switch,0,51702,110,0,0,35,103.31,0,0,50,0
35,allocate_send_arrival,37,S32,0,switch,0,51712,72,0,0,35,103.31,0,1.655,50,0
35,enqueue_residual,37,S32,0,switch,0,51712,72,0,0,35,103.31,0,0,50,0
35,allocate_send_arrival,32,S21,1,switch,43,51707,40,0,0,35,261.425,0,50.826,0,0
35,allocate_send_arrival,32,S21,1,switch,43,51713,64,0,0,35,261.425,0,50.826,0,0
35,allocate_send_arrival,1,S01,0,switch,0,51706,21,0,0,35,159.728,0,11.9456,20,0
35,enqueue_residual,1,S01,0,switch,0,51706,21,0,0,35,159.728,0,0,20,0
35,allocate_send_arrival,1,S01,0,switch,0,51703,20,0,0,35,159.728,0,11.9456,20,0
35,enqueue_residual,1,S01,0,switch,0,51703,20,0,0,35,159.728,0,0,20,0
35,allocate_send_arrival,1,S01,0,switch,0,51708,23,0,0,35,159.728,0,11.9456,20,0
35,enqueue_residual,1,S01,0,switch,0,51708,23,0,0,35,159.728,0,0,20,0
35,allocate_send_arrival,1,S01,0,switch,0,51701,30,0,0,35,159.728,0,11.9456,20,0
35,enqueue_residual,1,S01,0,switch,0,51701,30,0,0,35,159.728,0,0,20,0
35,allocate_send_arrival,1,S01,0,switch,0,51705,38,0,0,35,159.728,0,11.9456,20,0
35,enqueue_residual,1,S01,0,switch,0,51705,38,0,0,35,159.728,0,0,20,0
35,allocate_send_arrival,19,S06,3,switch,10,51705,38,0,0,35,169.014,0,31.9456,0,0
35,allocate_send_arrival,49,S26,0,switch,43,51715,98,0,0,35,126.404,0,50.826,0,0
35,allocate_send_arrival,35,S17,2,switch,37,51712,72,0,0,35,246.878,0,51.655,0,0
35,allocate_send_arrival,55,S60,1,switch,37,51702,110,0,0,35,243.133,0,51.655,0,0
35,allocate_send_arrival,0,S00,5,terminal,0,51705,38,0,0,35,1000,0,31.9456,0,0
35,allocate_send_arrival,0,S00,5,terminal,0,51707,40,0,0,35,1000,0,50.826,0,0
35,allocate_send_arrival,0,S00,5,terminal,0,51703,20,0,0,35,1000,0,31.9456,0,0
35,allocate_send_arrival,0,S00,5,terminal,0,51712,72,0,0,35,1000,0,51.655,0,0
35,allocate_send_arrival,0,S00,5,terminal,0,51706,21,0,0,35,1000,0,31.9456,0,0
35,allocate_send_arrival,0,S00,5,terminal,0,51715,98,0,0,35,1000,0,50.826,0,0
35,allocate_send_arrival,0,S00,5,terminal,0,51708,23,0,0,35,1000,0,31.9456,0,0
35,allocate_send_arrival,0,S00,5,terminal,0,51711,88,0,0,35,1000,0,50.826,0,0
35,allocate_send_arrival,0,S00,5,terminal,0,51702,110,0,0,35,1000,0,51.655,0,0
35,allocate_send_arrival,0,S00,5,terminal,0,51701,30,0,0,35,1000,0,31.9456,0,0
35,allocate_send_arrival,0,S00,5,terminal,0,51710,48,0,0,35,1000,0,82.8626,0,0
35,allocate_send_arrival,0,S00,5,terminal,0,51713,64,0,0,35,1000,0,50.826,0,0
35,allocate_send_arrival,11,S03,0,switch,6,51708,23,0,0,35,132.338,0,31.9456,0,0
35,allocate_send_arrival,44,S23,0,switch,43,51711,88,0,0,35,211.017,0,50.826,0,0
35,allocate_send_arrival,12,S04,0,switch,6,51701,30,0,0,35,184.169,0,31.9456,0,0
35,allocate_send_arrival,43,S22,0,switch,0,51707,40,0,0,35,203.304,0,25.826,25,0
35,enqueue_residual,43,S22,0,switch,0,51707,40,0,0,35,203.304,0,0,25,0
35,allocate_send_arrival,43,S22,0,switch,0,51715,98,0,0,35,203.304,0,25.826,25,0
35,enqueue_residual,43,S22,0,switch,0,51715,98,0,0,35,203.304,0,0,25,0
35,allocate_send_arrival,43,S22,0,switch,0,51711,88,0,0,35,203.304,0,25.826,25,0
35,enqueue_residual,43,S22,0,switch,0,51711,88,0,0,35,203.304,0,0,25,0
35,allocate_send_arrival,43,S22,0,switch,0,51713,64,0,0,35,203.304,0,25.826,25,0
35,enqueue_residual,43,S22,0,switch,0,51713,64,0,0,35,203.304,0,0,25,0
35,allocate_send_arrival,6,S02,0,switch,1,51708,23,0,0,35,138.732,0,31.9456,0,0
35,allocate_send_arrival,6,S02,0,switch,1,51701,30,0,0,35,138.732,0,31.9456,0,0
35,allocate_send_arrival,20,S15,4,switch,32,51707,40,0,0,35,143.593,0,50.826,0,0
35,allocate_send_arrival,36,S18,0,switch,35,51712,72,0,0,35,247.316,0,51.655,0,0
35,allocate_send_arrival,10,S61,0,switch,1,51706,21,0,0,35,227.172,0,31.9456,3.63798e-15,0
35,allocate_send_arrival,10,S61,0,switch,1,51703,20,0,0,35,227.172,0,31.9456,3.63798e-15,0
35,allocate_send_arrival,10,S61,0,switch,1,51705,38,0,0,35,227.172,0,31.9456,3.63798e-15,0
35,allocate_send_arrival,15,S05,0,switch,12,51701,30,0,0,35,134.869,0,31.9456,0,0
36,allocate_send_buffered,1,S01,0,switch,0,51706,21,0,0,36,159.728,100,20,0,0
36,allocate_send_buffered,1,S01,0,switch,0,51703,20,0,0,36,159.728,100,20,0,0
36,allocate_send_buffered,1,S01,0,switch,0,51708,23,0,0,36,159.728,100,20,0,0
36,allocate_send_buffered,1,S01,0,switch,0,51701,30,0,0,36,159.728,100,20,0,0
36,allocate_send_buffered,1,S01,0,switch,0,51705,38,0,0,36,159.728,100,20,0,0
36,allocate_send_buffered,37,S32,0,switch,0,51702,110,0,0,36,103.31,100,50,0,0
36,allocate_send_buffered,37,S32,0,switch,0,51712,72,0,0,36,103.31,100,50,0,0
36,allocate_send_buffered,43,S22,0,switch,0,51707,40,0,0,36,203.304,100,25,0,0
36,allocate_send_buffered,43,S22,0,switch,0,51715,98,0,0,36,203.304,100,25,0,0
36,allocate_send_buffered,43,S22,0,switch,0,51711,88,0,0,36,203.304,100,25,0,0
36,allocate_send_buffered,43,S22,0,switch,0,51713,64,0,0,36,203.304,100,25,0,0
36,stage_arrival,0,S00,5,terminal,0,51712,72,0,0,36,1000,0,0,50,0
36,stage_arrival,0,S00,5,terminal,0,51705,38,0,0,36,1000,0,0,11.9456,0
36,stage_arrival,32,S21,1,switch,43,51713,64,0,0,36,261.425,0,0,50.826,0
36,stage_arrival,49,S26,0,switch,43,51715,98,0,0,36,126.404,0,0,50.826,0
36,stage_arrival,10,S61,0,switch,1,51706,21,0,0,36,227.172,0,0,31.9456,0
36,stage_arrival,0,S00,5,terminal,0,51715,98,0,0,36,1000,0,0,25.826,0
36,stage_arrival,0,S00,5,terminal,0,51707,40,0,0,36,1000,0,0,25.826,0
36,stage_arrival,0,S00,5,terminal,0,51711,88,0,0,36,1000,0,0,25,0
36,stage_arrival,1,S01,0,switch,0,51701,30,0,0,36,159.728,0,0,31.9456,0
36,stage_arrival,6,S02,0,switch,1,51701,30,0,0,36,138.732,0,0,31.9456,0
36,stage_arrival,0,S00,5,terminal,0,51701,30,0,0,36,1000,0,0,11.9456,0
36,stage_arrival,43,S22,0,switch,0,51715,98,0,0,36,203.304,0,0,50.826,0
36,stage_arrival,0,S00,5,terminal,0,51706,21,0,0,36,1000,0,0,11.9456,0
36,stage_arrival,10,S61,0,switch,1,51705,38,0,0,36,227.172,0,0,31.9456,0
36,stage_arrival_coalesce,0,S00,5,terminal,0,51705,38,0,0,36,1000,0,0,31.9456,0
36,stage_arrival,55,S60,1,switch,37,51702,110,0,0,36,243.133,0,0,46.7611,0
36,stage_arrival,44,S23,0,switch,43,51711,88,0,0,36,211.017,0,0,50.826,0
36,stage_arrival_coalesce,0,S00,5,terminal,0,51701,30,0,0,36,1000,0,0,31.9456,0
36,stage_arrival_coalesce,0,S00,5,terminal,0,51706,21,0,0,36,1000,0,0,31.9456,0
36,stage_arrival,0,S00,5,terminal,0,51703,20,0,0,36,1000,0,0,11.9456,0
36,stage_arrival,10,S61,0,switch,1,51703,20,0,0,36,227.172,0,0,31.9456,0
36,stage_arrival,11,S03,0,switch,6,51708,23,0,0,36,132.338,0,0,31.9456,0
36,stage_arrival,0,S00,5,terminal,0,51702,110,0,0,36,1000,0,0,50,0
36,stage_arrival_coalesce,0,S00,5,terminal,0,51703,20,0,0,36,1000,0,0,31.9456,0
36,stage_arrival,19,S06,3,switch,10,51705,38,0,0,36,169.014,0,0,31.9456,0
36,stage_arrival_coalesce,0,S00,5,terminal,0,51711,88,0,0,36,1000,0,0,50.826,0
36,stage_arrival,1,S01,0,switch,0,51708,23,0,0,36,159.728,0,0,31.9456,0
36,stage_arrival,43,S22,0,switch,0,51707,40,0,0,36,203.304,0,0,50.826,0
36,stage_arrival,35,S17,2,switch,37,51712,72,0,0,36,246.878,0,0,51.655,0
36,stage_arrival,37,S32,0,switch,0,51712,72,0,0,36,103.31,0,0,51.655,0
36,stage_arrival,6,S02,0,switch,1,51708,23,0,0,36,138.732,0,0,31.9456,0
36,stage_arrival,1,S01,0,switch,0,51705,38,0,0,36,159.728,0,0,31.9456,0
36,stage_arrival,37,S32,0,switch,0,51702,110,0,0,36,103.31,0,0,51.655,0
36,stage_arrival,0,S00,5,terminal,0,51713,64,0,0,36,1000,0,0,25.826,0
36,stage_arrival,12,S04,0,switch,6,51701,30,0,0,36,184.169,0,0,31.9456,0
36,stage_arrival,20,S15,4,switch,32,51707,40,0,0,36,143.593,0,0,50.826,0
36,stage_arrival_coalesce,0,S00,5,terminal,0,51715,98,0,0,36,1000,0,0,50.826,0
36,stage_arrival,43,S22,0,switch,0,51713,64,0,0,36,203.304,0,0,50.826,0
36,stage_arrival_coalesce,0,S00,5,terminal,0,51712,72,0,0,36,1000,0,0,51.655,0
36,stage_arrival,36,S18,0,switch,35,51712,72,0,0,36,247.316,0,0,45.9468,0
36,stage_arrival,43,S22,0,switch,0,51711,88,0,0,36,203.304,0,0,50.826,0
36,stage_arrival,1,S01,0,switch,0,51703,20,0,0,36,159.728,0,0,31.9456,0
36,stage_arrival,1,S01,0,switch,0,51706,21,0,0,36,159.728,0,0,31.9456,0
36,stage_arrival_coalesce,0,S00,5,terminal,0,51707,40,0,0,36,1000,0,0,50.826,0
36,stage_arrival,15,S05,0,switch,12,51701,30,0,0,36,134.869,0,0,31.9456,0
36,stage_arrival,32,S21,1,switch,43,51707,40,0,0,36,261.425,0,0,50.826,0
36,stage_arrival,0,S00,5,terminal,0,51708,23,0,0,36,1000,0,0,11.9456,0
36,stage_arrival_coalesce,0,S00,5,terminal,0,51713,64,0,0,36,1000,0,0,50.826,0
36,stage_arrival_coalesce,0,S00,5,terminal,0,51702,110,0,0,36,1000,0,0,51.655,0
36,stage_arrival_coalesce,0,S00,5,terminal,0,51708,23,0,0,36,1000,0,0,31.9456,0
36,allocate_send_arrival,49,S26,0,switch,43,51715,98,0,0,36,126.404,0,50.826,0,0
36,allocate_send_arrival,19,S06,3,switch,10,51705,38,0,0,36,169.014,0,31.9456,0,0
36,allocate_send_arrival,36,S18,0,switch,35,51712,72,0,0,36,247.316,0,45.9468,0,0
36,allocate_send_arrival,43,S22,0,switch,0,51715,98,0,0,36,203.304,0,25.826,25,0
36,enqueue_residual,43,S22,0,switch,0,51715,98,0,0,36,203.304,0,0,25,0
36,allocate_send_arrival,43,S22,0,switch,0,51707,40,0,0,36,203.304,0,25.826,25,0
36,enqueue_residual,43,S22,0,switch,0,51707,40,0,0,36,203.304,0,0,25,0
36,allocate_send_arrival,43,S22,0,switch,0,51713,64,0,0,36,203.304,0,25.826,25,0
36,enqueue_residual,43,S22,0,switch,0,51713,64,0,0,36,203.304,0,0,25,0
36,allocate_send_arrival,43,S22,0,switch,0,51711,88,0,0,36,203.304,0,25.826,25,0
36,enqueue_residual,43,S22,0,switch,0,51711,88,0,0,36,203.304,0,0,25,0
36,allocate_send_arrival,32,S21,1,switch,43,51713,64,0,0,36,261.425,0,50.826,0,0
36,allocate_send_arrival,32,S21,1,switch,43,51707,40,0,0,36,261.425,0,50.826,0,0
36,allocate_send_arrival,6,S02,0,switch,1,51701,30,0,0,36,138.732,0,31.9456,0,0
36,allocate_send_arrival,6,S02,0,switch,1,51708,23,0,0,36,138.732,0,31.9456,0,0
36,allocate_send_arrival,20,S15,4,switch,32,51707,40,0,0,36,143.593,0,50.826,0,0
36,allocate_send_arrival,55,S60,1,switch,37,51702,110,0,0,36,243.133,0,46.7611,0,0
36,allocate_send_arrival,37,S32,0,switch,0,51712,72,0,0,36,103.31,0,1.655,50,0
36,enqueue_residual,37,S32,0,switch,0,51712,72,0,0,36,103.31,0,0,50,0
36,allocate_send_arrival,37,S32,0,switch,0,51702,110,0,0,36,103.31,0,1.655,50,0
36,enqueue_residual,37,S32,0,switch,0,51702,110,0,0,36,103.31,0,0,50,0
36,allocate_send_arrival,35,S17,2,switch,37,51712,72,0,0,36,246.878,0,51.655,0,0
36,allocate_send_arrival,0,S00,5,terminal,0,51712,72,0,0,36,1000,0,51.655,0,0
36,allocate_send_arrival,0,S00,5,terminal,0,51705,38,0,0,36,1000,0,31.9456,0,0
36,allocate_send_arrival,0,S00,5,terminal,0,51715,98,0,0,36,1000,0,50.826,0,0
36,allocate_send_arrival,0,S00,5,terminal,0,51707,40,0,0,36,1000,0,50.826,0,0
36,allocate_send_arrival,0,S00,5,terminal,0,51711,88,0,0,36,1000,0,50.826,0,0
36,allocate_send_arrival,0,S00,5,terminal,0,51701,30,0,0,36,1000,0,31.9456,0,0
36,allocate_send_arrival,0,S00,5,terminal,0,51706,21,0,0,36,1000,0,31.9456,0,0
36,allocate_send_arrival,0,S00,5,terminal,0,51703,20,0,0,36,1000,0,31.9456,0,0
36,allocate_send_arrival,0,S00,5,terminal,0,51702,110,0,0,36,1000,0,51.655,0,0
36,allocate_send_arrival,0,S00,5,terminal,0,51713,64,0,0,36,1000,0,50.826,0,0
36,allocate_send_arrival,0,S00,5,terminal,0,51708,23,0,0,36,1000,0,31.9456,0,0
36,allocate_send_arrival,44,S23,0,switch,43,51711,88,0,0,36,211.017,0,50.826,0,0
36,allocate_send_arrival,1,S01,0,switch,0,51701,30,0,0,36,159.728,0,11.9456,20,0
36,enqueue_residual,1,S01,0,switch,0,51701,30,0,0,36,159.728,0,0,20,0
36,allocate_send_arrival,1,S01,0,switch,0,51708,23,0,0,36,159.728,0,11.9456,20,0
36,enqueue_residual,1,S01,0,switch,0,51708,23,0,0,36,159.728,0,0,20,0
36,allocate_send_arrival,1,S01,0,switch,0,51705,38,0,0,36,159.728,0,11.9456,20,0
36,enqueue_residual,1,S01,0,switch,0,51705,38,0,0,36,159.728,0,0,20,0
36,allocate_send_arrival,1,S01,0,switch,0,51703,20,0,0,36,159.728,0,11.9456,20,0
36,enqueue_residual,1,S01,0,switch,0,51703,20,0,0,36,159.728,0,0,20,0
36,allocate_send_arrival,1,S01,0,switch,0,51706,21,0,0,36,159.728,0,11.9456,20,0
36,enqueue_residual,1,S01,0,switch,0,51706,21,0,0,36,159.728,0,0,20,0
36,allocate_send_arrival,12,S04,0,switch,6,51701,30,0,0,36,184.169,0,31.9456,0,0
36,allocate_send_arrival,15,S05,0,switch,12,51701,30,0,0,36,134.869,0,31.9456,0,0
36,allocate_send_arrival,10,S61,0,switch,1,51706,21,0,0,36,227.172,0,31.9456,3.63798e-15,0
36,allocate_send_arrival,10,S61,0,switch,1,51705,38,0,0,36,227.172,0,31.9456,3.63798e-15,0
36,allocate_send_arrival,10,S61,0,switch,1,51703,20,0,0,36,227.172,0,31.9456,3.63798e-15,0
36,allocate_send_arrival,11,S03,0,switch,6,51708,23,0,0,36,132.338,0,31.9456,0,0
37,allocate_send_buffered,1,S01,0,switch,0,51701,30,0,0,37,159.728,100,20,3.63798e-15,0
37,allocate_send_buffered,1,S01,0,switch,0,51708,23,0,0,37,159.728,100,20,3.63798e-15,0
37,allocate_send_buffered,1,S01,0,switch,0,51705,38,0,0,37,159.728,100,20,0,0
37,allocate_send_buffered,1,S01,0,switch,0,51703,20,0,0,37,159.728,100,20,0,0
37,allocate_send_buffered,1,S01,0,switch,0,51706,21,0,0,37,159.728,100,20,0,0
37,allocate_send_buffered,37,S32,0,switch,0,51712,72,0,0,37,103.31,100,50,0,0
37,allocate_send_buffered,37,S32,0,switch,0,51702,110,0,0,37,103.31,100,50,0,0
37,allocate_send_buffered,43,S22,0,switch,0,51715,98,0,0,37,203.304,100,25,0,0
37,allocate_send_buffered,43,S22,0,switch,0,51707,40,0,0,37,203.304,100,25,0,0
37,allocate_send_buffered,43,S22,0,switch,0,51713,64,0,0,37,203.304,100,25,0,0
37,allocate_send_buffered,43,S22,0,switch,0,51711,88,0,0,37,203.304,100,25,0,0
37,stage_arrival,32,S21,1,switch,43,51707,40,0,0,37,261.425,0,0,50.826,0
37,stage_arrival,6,S02,0,switch,1,51701,30,0,0,37,138.732,0,0,31.9456,0
37,stage_arrival,10,S61,0,switch,1,51706,21,0,0,37,227.172,0,0,31.9456,0
37,stage_arrival,0,S00,5,terminal,0,51705,38,0,0,37,1000,0,0,11.9456,0
37,stage_arrival,0,S00,5,terminal,0,51712,72,0,0,37,1000,0,0,1.655,0
37,stage_arrival,43,S22,0,switch,0,51713,64,0,0,37,203.304,0,0,50.826,0
37,stage_arrival,12,S04,0,switch,6,51701,30,0,0,37,184.169,0,0,31.9456,0
37,stage_arrival,0,S00,5,terminal,0,51706,21,0,0,37,1000,0,0,20,0
37,stage_arrival,0,S00,5,terminal,0,51701,30,0,0,37,1000,0,0,11.9456,0
37,stage_arrival,0,S00,5,terminal,0,51713,64,0,0,37,1000,0,0,25.826,0
37,stage_arrival,43,S22,0,switch,0,51711,88,0,0,37,203.304,0,0,50.826,0
37,stage_arrival,0,S00,5,terminal,0,51702,110,0,0,37,1000,0,0,1.655,0
37,stage_arrival,1,S01,0,switch,0,51703,20,0,0,37,159.728,0,0,31.9456,0
37,stage_arrival_coalesce,0,S00,5,terminal,0,51706,21,0,0,37,1000,0,0,31.9456,0
37,stage_arrival,19,S06,3,switch,10,51705,38,0,0,37,169.014,0,0,31.9456,0
37,stage_arrival,32,S21,1,switch,43,51713,64,0,0,37,261.425,0,0,50.826,0
37,stage_arrival,0,S00,5,terminal,0,51703,20,0,0,37,1000,0,0,11.9456,0
37,stage_arrival_coalesce,0,S00,5,terminal,0,51713,64,0,0,37,1000,0,0,50.826,0
37,stage_arrival,0,S00,5,terminal,0,51711,88,0,0,37,1000,0,0,25.826,0
37,stage_arrival,43,S22,0,switch,0,51707,40,0,0,37,203.304,0,0,50.826,0
37,stage_arrival,37,S32,0,switch,0,51702,110,0,0,37,103.31,0,0,46.7611,0
37,stage_arrival,37,S32,0,switch,0,51712,72,0,0,37,103.31,0,0,51.655,0
37,stage_arrival,1,S01,0,switch,0,51701,30,0,0,37,159.728,0,0,31.9456,0
37,stage_arrival_coalesce,0,S00,5,terminal,0,51705,38,0,0,37,1000,0,0,31.9456,0
37,stage_arrival,43,S22,0,switch,0,51715,98,0,0,37,203.304,0,0,50.826,0
37,stage_arrival,44,S23,0,switch,43,51711,88,0,0,37,211.017,0,0,50.826,0
37,stage_arrival_coalesce,0,S00,5,terminal,0,51701,30,0,0,37,1000,0,0,31.9456,0
37,stage_arrival_coalesce,0,S00,5,terminal,0,51712,72,0,0,37,1000,0,0,51.655,0
37,stage_arrival,0,S00,5,terminal,0,51715,98,0,0,37,1000,0,0,25,0
37,stage_arrival,20,S15,4,switch,32,51707,40,0,0,37,143.593,0,0,22.2225,0
37,stage_arrival_coalesce,0,S00,5,terminal,0,51702,110,0,0,37,1000,0,0,51.655,0
37,stage_arrival,1,S01,0,switch,0,51706,21,0,0,37,159.728,0,0,31.9456,0
37,stage_arrival,15,S05,0,switch,12,51701,30,0,0,37,134.869,0,0,31.9456,0
37,stage_arrival,6,S02,0,switch,1,51708,23,0,0,37,138.732,0,0,31.9456,0
37,stage_arrival,0,S00,5,terminal,0,51707,40,0,0,37,1000,0,0,25,0
37,stage_arrival_coalesce,0,S00,5,terminal,0,51707,40,0,0,37,1000,0,0,50.826,0
37,stage_arrival,10,S61,0,switch,1,51703,20,0,0,37,227.172,0,0,31.9456,0
37,stage_arrival_coalesce,0,S00,5,terminal,0,51715,98,0,0,37,1000,0,0,50.826,0
37,stage_arrival,49,S26,0,switch,43,51715,98,0,0,37,126.404,0,0,50.826,0
37,stage_arrival,0,S00,5,terminal,0,51708,23,0,0,37,1000,0,0,20,0
37,stage_arrival,35,S17,2,switch,37,51712,72,0,0,37,246.878,0,0,45.9468,0
37,stage_arrival_coalesce,0,S00,5,terminal,0,51711,88,0,0,37,1000,0,0,50.826,0
37,stage_arrival,10,S61,0,switch,1,51705,38,0,0,37,227.172,0,0,31.9456,0
37,stage_arrival,1,S01,0,switch,0,51708,23,0,0,37,159.728,0,0,31.9456,0
37,stage_arrival_coalesce,0,S00,5,terminal,0,51708,23,0,0,37,1000,0,0,31.9456,0
37,stage_arrival_coalesce,0,S00,5,terminal,0,51703,20,0,0,37,1000,0,0,31.9456,0
37,stage_arrival,1,S01,0,switch,0,51705,38,0,0,37,159.728,0,0,31.9456,0
37,stage_arrival,11,S03,0,switch,6,51708,23,0,0,37,132.338,0,0,31.9456,0
37,allocate_send_arrival,0,S00,5,terminal,0,51705,38,0,0,37,1000,0,31.9456,0,0
37,allocate_send_arrival,0,S00,5,terminal,0,51712,72,0,0,37,1000,0,51.655,7.27596e-15,0
37,allocate_send_arrival,0,S00,5,terminal,0,51706,21,0,0,37,1000,0,31.9456,0,0
37,allocate_send_arrival,0,S00,5,terminal,0,51701,30,0,0,37,1000,0,31.9456,0,0
37,allocate_send_arrival,0,S00,5,terminal,0,51713,64,0,0,37,1000,0,50.826,0,0
37,allocate_send_arrival,0,S00,5,terminal,0,51702,110,0,0,37,1000,0,51.655,7.27596e-15,0
37,allocate_send_arrival,0,S00,5,terminal,0,51703,20,0,0,37,1000,0,31.9456,0,0
37,allocate_send_arrival,0,S00,5,terminal,0,51711,88,0,0,37,1000,0,50.826,0,0
37,allocate_send_arrival,0,S00,5,terminal,0,51715,98,0,0,37,1000,0,50.826,0,0
37,allocate_send_arrival,0,S00,5,terminal,0,51707,40,0,0,37,1000,0,50.826,0,0
37,allocate_send_arrival,0,S00,5,terminal,0,51708,23,0,0,37,1000,0,31.9456,0,0
37,allocate_send_arrival,32,S21,1,switch,43,51707,40,0,0,37,261.425,0,50.826,0,0
37,allocate_send_arrival,32,S21,1,switch,43,51713,64,0,0,37,261.425,0,50.826,0,0
37,allocate_send_arrival,35,S17,2,switch,37,51712,72,0,0,37,246.878,0,45.9468,0,0
37,allocate_send_arrival,20,S15,4,switch,32,51707,40,0,0,37,143.593,0,22.2225,0,0
37,allocate_send_arrival,10,S61,0,switch,1,51706,21,0,0,37,227.172,0,31.9456,3.63798e-15,0
37,allocate_send_arrival,10,S61,0,switch,1,51703,20,0,0,37,227.172,0,31.9456,3.63798e-15,0
37,allocate_send_arrival,10,S61,0,switch,1,51705,38,0,0,37,227.172,0,31.9456,3.63798e-15,0
37,allocate_send_arrival,12,S04,0,switch,6,51701,30,0,0,37,184.169,0,31.9456,0,0
37,allocate_send_arrival,37,S32,0,switch,0,51702,110,0,0,37,103.31,0,1.655,45.1061,0
37,enqueue_residual,37,S32,0,switch,0,51702,110,0,0,37,103.31,0,0,45.1061,0
37,allocate_send_arrival,37,S32,0,switch,0,51712,72,0,0,37,103.31,0,1.655,50,0
37,enqueue_residual,37,S32,0,switch,0,51712,72,0,0,37,103.31,0,0,50,0
37,allocate_send_arrival,11,S03,0,switch,6,51708,23,0,0,37,132.338,0,31.9456,0,0
37,allocate_send_arrival,1,S01,0,switch,0,51703,20,0,0,37,159.728,0,11.9456,20,0
37,enqueue_residual,1,S01,0,switch,0,51703,20,0,0,37,159.728,0,0,20,0
37,allocate_send_arrival,1,S01,0,switch,0,51701,30,0,0,37,159.728,0,11.9456,20,0
37,enqueue_residual,1,S01,0,switch,0,51701,30,0,0,37,159.728,0,0,20,0
37,allocate_send_arrival,1,S01,0,switch,0,51706,21,0,0,37,159.728,0,11.9456,20,0
37,enqueue_residual,1,S01,0,switch,0,51706,21,0,0,37,159.728,0,0,20,0
37,allocate_send_arrival,1,S01,0,switch,0,51708,23,0,0,37,159.728,0,11.9456,20,0
37,enqueue_residual,1,S01,0,switch,0,51708,23,0,0,37,159.728,0,0,20,0
37,allocate_send_arrival,1,S01,0,switch,0,51705,38,0,0,37,159.728,0,11.9456,20,0
37,enqueue_residual,1,S01,0,switch,0,51705,38,0,0,37,159.728,0,0,20,0
37,allocate_send_arrival,44,S23,0,switch,43,51711,88,0,0,37,211.017,0,50.826,0,0
37,allocate_send_arrival,43,S22,0,switch,0,51713,64,0,0,37,203.304,0,25.826,25,0
37,enqueue_residual,43,S22,0,switch,0,51713,64,0,0,37,203.304,0,0,25,0
37,allocate_send_arrival,43,S22,0,switch,0,51711,88,0,0,37,203.304,0,25.826,25,0
37,enqueue_residual,43,S22,0,switch,0,51711,88,0,0,37,203.304,0,0,25,0
37,allocate_send_arrival,43,S22,0,switch,0,51707,40,0,0,37,203.304,0,25.826,25,0
37,enqueue_residual,43,S22,0,switch,0,51707,40,0,0,37,203.304,0,0,25,0
37,allocate_send_arrival,43,S22,0,switch,0,51715,98,0,0,37,203.304,0,25.826,25,0
37,enqueue_residual,43,S22,0,switch,0,51715,98,0,0,37,203.304,0,0,25,0
37,allocate_send_arrival,49,S26,0,switch,43,51715,98,0,0,37,126.404,0,50.826,0,0
37,allocate_send_arrival,19,S06,3,switch,10,51705,38,0,0,37,169.014,0,31.9456,0,0
37,allocate_send_arrival,15,S05,0,switch,12,51701,30,0,0,37,134.869,0,31.9456,0,0
37,allocate_send_arrival,6,S02,0,switch,1,51701,30,0,0,37,138.732,0,31.9456,0,0
37,allocate_send_arrival,6,S02,0,switch,1,51708,23,0,0,37,138.732,0,31.9456,0,0
38,allocate_send_buffered,43,S22,0,switch,0,51713,64,0,0,38,203.304,100,25,0,0
38,allocate_send_buffered,43,S22,0,switch,0,51711,88,0,0,38,203.304,100,25,0,0
38,allocate_send_buffered,43,S22,0,switch,0,51707,40,0,0,38,203.304,100,25,0,0
38,allocate_send_buffered,43,S22,0,switch,0,51715,98,0,0,38,203.304,100,25,0,0
38,allocate_send_buffered,37,S32,0,switch,0,51702,110,0,0,38,103.31,95.1061,45.1061,0,0
38,allocate_send_buffered,37,S32,0,switch,0,51712,72,0,0,38,103.31,95.1061,50,0,0
38,allocate_send_buffered,1,S01,0,switch,0,51703,20,0,0,38,159.728,100,20,0,0
38,allocate_send_buffered,1,S01,0,switch,0,51701,30,0,0,38,159.728,100,20,3.63798e-15,0
38,allocate_send_buffered,1,S01,0,switch,0,51706,21,0,0,38,159.728,100,20,0,0
38,allocate_send_buffered,1,S01,0,switch,0,51708,23,0,0,38,159.728,100,20,3.63798e-15,0
38,allocate_send_buffered,1,S01,0,switch,0,51705,38,0,0,38,159.728,100,20,0,0
38,stage_arrival,43,S22,0,switch,0,51713,64,0,0,38,203.304,0,0,50.826,0
38,stage_arrival,11,S03,0,switch,6,51708,23,0,0,38,132.338,0,0,31.9456,0
38,stage_arrival,1,S01,0,switch,0,51703,20,0,0,38,159.728,0,0,31.9456,0
38,stage_arrival,49,S26,0,switch,43,51715,98,0,0,38,126.404,0,0,3.73988,0
38,stage_arrival,10,S61,0,switch,1,51705,38,0,0,38,227.172,0,0,31.9456,0
38,stage_arrival,0,S00,5,terminal,0,51702,110,0,0,38,1000,0,0,50,0
38,stage_arrival,0,S00,5,terminal,0,51701,30,0,0,38,1000,0,0,20,0
38,stage_arrival,0,S00,5,terminal,0,51708,23,0,0,38,1000,0,0,20,0
38,stage_arrival,43,S22,0,switch,0,51715,98,0,0,38,203.304,0,0,50.826,0
38,stage_arrival,6,S02,0,switch,1,51701,30,0,0,38,138.732,0,0,31.9456,0
38,stage_arrival,37,S32,0,switch,0,51712,72,0,0,38,103.31,0,0,45.9468,0
38,stage_arrival,1,S01,0,switch,0,51706,21,0,0,38,159.728,0,0,31.9456,0
38,stage_arrival,19,S06,3,switch,10,51705,38,0,0,38,169.014,0,0,31.9456,0
38,stage_arrival,15,S05,0,switch,12,51701,30,0,0,38,134.869,0,0,31.9456,0
38,stage_arrival,0,S00,5,terminal,0,51712,72,0,0,38,1000,0,0,1.655,0
38,stage_arrival_coalesce,0,S00,5,terminal,0,51701,30,0,0,38,1000,0,0,31.9456,0
38,stage_arrival,1,S01,0,switch,0,51705,38,0,0,38,159.728,0,0,31.9456,0
38,stage_arrival,0,S00,5,terminal,0,51715,98,0,0,38,1000,0,0,25,0
38,stage_arrival,32,S21,1,switch,43,51713,64,0,0,38,261.425,0,0,3.03691,0
38,stage_arrival,1,S01,0,switch,0,51701,30,0,0,38,159.728,0,0,31.9456,0
38,stage_arrival,44,S23,0,switch,43,51711,88,0,0,38,211.017,0,0,3.28297,0
38,stage_arrival_coalesce,0,S00,5,terminal,0,51702,110,0,0,38,1000,0,0,51.655,0
38,stage_arrival,0,S00,5,terminal,0,51707,40,0,0,38,1000,0,0,25.826,0
38,stage_arrival,0,S00,5,terminal,0,51706,21,0,0,38,1000,0,0,11.9456,0
38,stage_arrival,0,S00,5,terminal,0,51705,38,0,0,38,1000,0,0,11.9456,0
38,stage_arrival,10,S61,0,switch,1,51706,21,0,0,38,227.172,0,0,31.9456,0
38,stage_arrival_coalesce,0,S00,5,terminal,0,51706,21,0,0,38,1000,0,0,31.9456,0
38,stage_arrival,0,S00,5,terminal,0,51713,64,0,0,38,1000,0,0,25,0
38,stage_arrival,32,S21,1,switch,43,51707,40,0,0,38,261.425,0,0,22.2225,0
38,stage_arrival,1,S01,0,switch,0,51708,23,0,0,38,159.728,0,0,31.9456,0
38,stage_arrival_coalesce,0,S00,5,terminal,0,51712,72,0,0,38,1000,0,0,51.655,0
38,stage_arrival_coalesce,0,S00,5,terminal,0,51713,64,0,0,38,1000,0,0,50.826,0
38,stage_arrival,10,S61,0,switch,1,51703,20,0,0,38,227.172,0,0,31.9456,0
38,stage_arrival_coalesce,0,S00,5,terminal,0,51708,23,0,0,38,1000,0,0,31.9456,0
38,stage_arrival,0,S00,5,terminal,0,51703,20,0,0,38,1000,0,0,11.9456,0
38,stage_arrival_coalesce,0,S00,5,terminal,0,51707,40,0,0,38,1000,0,0,50.826,0
38,stage_arrival,6,S02,0,switch,1,51708,23,0,0,38,138.732,0,0,31.9456,0
38,stage_arrival,12,S04,0,switch,6,51701,30,0,0,38,184.169,0,0,31.9456,0
38,stage_arrival,43,S22,0,switch,0,51711,88,0,0,38,203.304,0,0,50.826,0
38,stage_arrival_coalesce,0,S00,5,terminal,0,51703,20,0,0,38,1000,0,0,31.9456,0
38,stage_arrival,43,S22,0,switch,0,51707,40,0,0,38,203.304,0,0,50.826,0
38,stage_arrival_coalesce,0,S00,5,terminal,0,51705,38,0,0,38,1000,0,0,31.9456,0
38,stage_arrival,0,S00,5,terminal,0,51711,88,0,0,38,1000,0,0,25.826,0
38,stage_arrival_coalesce,0,S00,5,terminal,0,51715,98,0,0,38,1000,0,0,50.826,0
38,stage_arrival_coalesce,0,S00,5,terminal,0,51711,88,0,0,38,1000,0,0,50.826,0
38,allocate_send_arrival,10,S61,0,switch,1,51705,38,0,0,38,227.172,0,31.9456,3.63798e-15,0
38,allocate_send_arrival,10,S61,0,switch,1,51706,21,0,0,38,227.172,0,31.9456,3.63798e-15,0
38,allocate_send_arrival,10,S61,0,switch,1,51703,20,0,0,38,227.172,0,31.9456,3.63798e-15,0
38,allocate_send_arrival,19,S06,3,switch,10,51705,38,0,0,38,169.014,0,31.9456,0,0
38,allocate_send_arrival,12,S04,0,switch,6,51701,30,0,0,38,184.169,0,31.9456,0,0
38,allocate_send_arrival,44,S23,0,switch,43,51711,88,0,0,38,211.017,0,3.28297,0,0
38,allocate_send_arrival,15,S05,0,switch,12,51701,30,0,0,38,134.869,0,31.9456,0,0
38,allocate_send_arrival,0,S00,5,terminal,0,51702,110,0,0,38,1000,0,51.655,0,0
38,allocate_send_arrival,0,S00,5,terminal,0,51701,30,0,0,38,1000,0,31.9456,0,0
38,allocate_send_arrival,0,S00,5,terminal,0,51708,23,0,0,38,1000,0,31.9456,0,0
38,allocate_send_arrival,0,S00,5,terminal,0,51712,72,0,0,38,1000,0,51.655,0,0
38,allocate_send_arrival,0,S00,5,terminal,0,51715,98,0,0,38,1000,0,50.826,0,0
38,allocate_send_arrival,0,S00,5,terminal,0,51707,40,0,0,38,1000,0,50.826,0,0
38,allocate_send_arrival,0,S00,5,terminal,0,51706,21,0,0,38,1000,0,31.9456,0,0
38,allocate_send_arrival,0,S00,5,terminal,0,51705,38,0,0,38,1000,0,31.9456,0,0
38,allocate_send_arrival,0,S00,5,terminal,0,51713,64,0,0,38,1000,0,50.826,0,0
38,allocate_send_arrival,0,S00,5,terminal,0,51703,20,0,0,38,1000,0,31.9456,0,0
38,allocate_send_arrival,0,S00,5,terminal,0,51711,88,0,0,38,1000,0,50.826,0,0
38,allocate_send_arrival,6,S02,0,switch,1,51701,30,0,0,38,138.732,0,31.9456,0,0
38,allocate_send_arrival,6,S02,0,switch,1,51708,23,0,0,38,138.732,0,31.9456,0,0
38,allocate_send_arrival,49,S26,0,switch,43,51715,98,0,0,38,126.404,0,3.73988,0,0
38,allocate_send_arrival,32,S21,1,switch,43,51713,64,0,0,38,261.425,0,3.03691,0,0
38,allocate_send_arrival,32,S21,1,switch,43,51707,40,0,0,38,261.425,0,22.2225,0,0
38,allocate_send_arrival,1,S01,0,switch,0,51703,20,0,0,38,159.728,0,11.9456,20,0
38,enqueue_residual,1,S01,0,switch,0,51703,20,0,0,38,159.728,0,0,20,0
38,allocate_send_arrival,1,S01,0,switch,0,51706,21,0,0,38,159.728,0,11.9456,20,0
38,enqueue_residual,1,S01,0,switch,0,51706,21,0,0,38,159.728,0,0,20,0
38,allocate_send_arrival,1,S01,0,switch,0,51705,38,0,0,38,159.728,0,11.9456,20,0
38,enqueue_residual,1,S01,0,switch,0,51705,38,0,0,38,159.728,0,0,20,0
38,allocate_send_arrival,1,S01,0,switch,0,51701,30,0,0,38,159.728,0,11.9456,20,0
38,enqueue_residual,1,S01,0,switch,0,51701,30,0,0,38,159.728,0,0,20,0
38,allocate_send_arrival,1,S01,0,switch,0,51708,23,0,0,38,159.728,0,11.9456,20,0
38,enqueue_residual,1,S01,0,switch,0,51708,23,0,0,38,159.728,0,0,20,0
38,allocate_send_arrival,11,S03,0,switch,6,51708,23,0,0,38,132.338,0,31.9456,0,0
38,allocate_send_arrival,43,S22,0,switch,0,51713,64,0,0,38,203.304,0,25.826,25,0
38,enqueue_residual,43,S22,0,switch,0,51713,64,0,0,38,203.304,0,0,25,0
38,allocate_send_arrival,43,S22,0,switch,0,51715,98,0,0,38,203.304,0,25.826,25,0
38,enqueue_residual,43,S22,0,switch,0,51715,98,0,0,38,203.304,0,0,25,0
38,allocate_send_arrival,43,S22,0,switch,0,51711,88,0,0,38,203.304,0,25.826,25,0
38,enqueue_residual,43,S22,0,switch,0,51711,88,0,0,38,203.304,0,0,25,0
38,allocate_send_arrival,43,S22,0,switch,0,51707,40,0,0,38,203.304,0,25.826,25,0
38,enqueue_residual,43,S22,0,switch,0,51707,40,0,0,38,203.304,0,0,25,0
38,allocate_send_arrival,37,S32,0,switch,0,51712,72,0,0,38,103.31,0,8.20394,37.7428,0
38,enqueue_residual,37,S32,0,switch,0,51712,72,0,0,38,103.31,0,0,37.7428,0
39,allocate_send_buffered,43,S22,0,switch,0,51713,64,0,0,39,203.304,100,25,0,0
39,allocate_send_buffered,43,S22,0,switch,0,51715,98,0,0,39,203.304,100,25,0,0
39,allocate_send_buffered,43,S22,0,switch,0,51711,88,0,0,39,203.304,100,25,0,0
39,allocate_send_buffered,43,S22,0,switch,0,51707,40,0,0,39,203.304,100,25,0,0
39,allocate_send_buffered,37,S32,0,switch,0,51712,72,0,0,39,103.31,37.7428,37.7428,0,0
39,allocate_send_buffered,1,S01,0,switch,0,51703,20,0,0,39,159.728,100,20,0,0
39,allocate_send_buffered,1,S01,0,switch,0,51706,21,0,0,39,159.728,100,20,0,0
39,allocate_send_buffered,1,S01,0,switch,0,51705,38,0,0,39,159.728,100,20,0,0
39,allocate_send_buffered,1,S01,0,switch,0,51701,30,0,0,39,159.728,100,20,3.63798e-15,0
39,allocate_send_buffered,1,S01,0,switch,0,51708,23,0,0,39,159.728,100,20,3.63798e-15,0
39,stage_arrival,1,S01,0,switch,0,51708,23,0,0,39,159.728,0,0,31.9456,0
39,stage_arrival,0,S00,5,terminal,0,51708,23,0,0,39,1000,0,0,20,0
39,stage_arrival,0,S00,5,terminal,0,51711,88,0,0,39,1000,0,0,25.826,0
39,stage_arrival,0,S00,5,terminal,0,51715,98,0,0,39,1000,0,0,25,0
39,stage_arrival,1,S01,0,switch,0,51701,30,0,0,39,159.728,0,0,31.9456,0
39,stage_arrival,0,S00,5,terminal,0,51713,64,0,0,39,1000,0,0,25.826,0
39,stage_arrival_coalesce,0,S00,5,terminal,0,51715,98,0,0,39,1000,0,0,50.826,0
39,stage_arrival,10,S61,0,switch,1,51705,38,0,0,39,227.172,0,0,31.9456,0
39,stage_arrival,43,S22,0,switch,0,51707,40,0,0,39,203.304,0,0,22.2225,0
39,stage_arrival,43,S22,0,switch,0,51711,88,0,0,39,203.304,0,0,3.28297,0
39,stage_arrival,0,S00,5,terminal,0,51705,38,0,0,39,1000,0,0,20,0
39,stage_arrival,0,S00,5,terminal,0,51706,21,0,0,39,1000,0,0,11.9456,0
39,stage_arrival,43,S22,0,switch,0,51713,64,0,0,39,203.304,0,0,3.03691,0
39,stage_arrival,12,S04,0,switch,6,51701,30,0,0,39,184.169,0,0,31.9456,0
39,stage_arrival,6,S02,0,switch,1,51701,30,0,0,39,138.732,0,0,31.9456,0
39,stage_arrival,1,S01,0,switch,0,51705,38,0,0,39,159.728,0,0,31.9456,0
39,stage_arrival_coalesce,0,S00,5,terminal,0,51706,21,0,0,39,1000,0,0,31.9456,0
39,stage_arrival,15,S05,0,switch,12,51701,30,0,0,39,134.869,0,0,31.9456,0
39,stage_arrival,19,S06,3,switch,10,51705,38,0,0,39,169.014,0,0,31.9456,0
39,stage_arrival,43,S22,0,switch,0,51715,98,0,0,39,203.304,0,0,3.73988,0
39,stage_arrival_coalesce,0,S00,5,terminal,0,51708,23,0,0,39,1000,0,0,31.9456,0
39,stage_arrival,0,S00,5,terminal,0,51703,20,0,0,39,1000,0,0,20,0
39,stage_arrival,6,S02,0,switch,1,51708,23,0,0,39,138.732,0,0,31.9456,0
39,stage_arrival,0,S00,5,terminal,0,51701,30,0,0,39,1000,0,0,20,0
39,stage_arrival_coalesce,0,S00,5,terminal,0,51701,30,0,0,39,1000,0,0,31.9456,0
39,stage_arrival_coalesce,0,S00,5,terminal,0,51705,38,0,0,39,1000,0,0,31.9456,0
39,stage_arrival,10,S61,0,switch,1,51703,20,0,0,39,227.172,0,0,31.9456,0
39,stage_arrival,1,S01,0,switch,0,51706,21,0,0,39,159.728,0,0,31.9456,0
39,stage_arrival_coalesce,0,S00,5,terminal,0,51711,88,0,0,39,1000,0,0,50.826,0
39,stage_arrival,0,S00,5,terminal,0,51712,72,0,0,39,1000,0,0,50,0
39,stage_arrival,10,S61,0,switch,1,51706,21,0,0,39,227.172,0,0,31.9456,0
39,stage_arrival,0,S00,5,terminal,0,51707,40,0,0,39,1000,0,0,25,0
39,stage_arrival,0,S00,5,terminal,0,51702,110,0,0,39,1000,0,0,45.1061,0
39,stage_arrival_coalesce,0,S00,5,terminal,0,51707,40,0,0,39,1000,0,0,50.826,0
39,stage_arrival,1,S01,0,switch,0,51703,20,0,0,39,159.728,0,0,31.9456,0
39,stage_arrival_coalesce,0,S00,5,terminal,0,51713,64,0,0,39,1000,0,0,50.826,0
39,stage_arrival_coalesce,0,S00,5,terminal,0,51712,72,0,0,39,1000,0,0,58.2039,0
39,stage_arrival,11,S03,0,switch,6,51708,23,0,0,39,132.338,0,0,31.9456,0
39,stage_arrival_coalesce,0,S00,5,terminal,0,51703,20,0,0,39,1000,0,0,31.9456,0
39,allocate_send_arrival,12,S04,0,switch,6,51701,30,0,0,39,184.169,0,31.9456,0,0
39,allocate_send_arrival,15,S05,0,switch,12,51701,30,0,0,39,134.869,0,31.9456,0,0
39,allocate_send_arrival,43,S22,0,switch,0,51707,40,0,0,39,203.304,0,22.2225,0,0
39,allocate_send_arrival,43,S22,0,switch,0,51711,88,0,0,39,203.304,0,3.28297,0,0
39,allocate_send_arrival,43,S22,0,switch,0,51713,64,0,0,39,203.304,0,3.03691,0,0
39,allocate_send_arrival,43,S22,0,switch,0,51715,98,0,0,39,203.304,0,3.73988,0,0
39,allocate_send_arrival,19,S06,3,switch,10,51705,38,0,0,39,169.014,0,31.9456,0,0
39,allocate_send_arrival,1,S01,0,switch,0,51708,23,0,0,39,159.728,0,11.9456,20,0
39,enqueue_residual,1,S01,0,switch,0,51708,23,0,0,39,159.728,0,0,20,0
39,allocate_send_arrival,1,S01,0,switch,0,51701,30,0,0,39,159.728,0,11.9456,20,0
39,enqueue_residual,1,S01,0,switch,0,51701,30,0,0,39,159.728,0,0,20,0
39,allocate_send_arrival,1,S01,0,switch,0,51705,38,0,0,39,159.728,0,11.9456,20,0
39,enqueue_residual,1,S01,0,switch,0,51705,38,0,0,39,159.728,0,0,20,0
39,allocate_send_arrival,1,S01,0,switch,0,51706,21,0,0,39,159.728,0,11.9456,20,0
39,enqueue_residual,1,S01,0,switch,0,51706,21,0,0,39,159.728,0,0,20,0
39,allocate_send_arrival,1,S01,0,switch,0,51703,20,0,0,39,159.728,0,11.9456,20,0
39,enqueue_residual,1,S01,0,switch,0,51703,20,0,0,39,159.728,0,0,20,0
39,allocate_send_arrival,10,S61,0,switch,1,51705,38,0,0,39,227.172,0,31.9456,3.63798e-15,0
39,allocate_send_arrival,10,S61,0,switch,1,51703,20,0,0,39,227.172,0,31.9456,3.63798e-15,0
39,allocate_send_arrival,10,S61,0,switch,1,51706,21,0,0,39,227.172,0,31.9456,3.63798e-15,0
39,allocate_send_arrival,0,S00,5,terminal,0,51708,23,0,0,39,1000,0,31.9456,0,0
39,allocate_send_arrival,0,S00,5,terminal,0,51711,88,0,0,39,1000,0,50.826,0,0
39,allocate_send_arrival,0,S00,5,terminal,0,51715,98,0,0,39,1000,0,50.826,0,0
39,allocate_send_arrival,0,S00,5,terminal,0,51713,64,0,0,39,1000,0,50.826,0,0
39,allocate_send_arrival,0,S00,5,terminal,0,51705,38,0,0,39,1000,0,31.9456,0,0
39,allocate_send_arrival,0,S00,5,terminal,0,51706,21,0,0,39,1000,0,31.9456,0,0
39,allocate_send_arrival,0,S00,5,terminal,0,51703,20,0,0,39,1000,0,31.9456,0,0
39,allocate_send_arrival,0,S00,5,terminal,0,51701,30,0,0,39,1000,0,31.9456,0,0
39,allocate_send_arrival,0,S00,5,terminal,0,51712,72,0,0,39,1000,0,58.2039,7.27596e-14,0
39,allocate_send_arrival,0,S00,5,terminal,0,51707,40,0,0,39,1000,0,50.826,0,0
39,allocate_send_arrival,0,S00,5,terminal,0,51702,110,0,0,39,1000,0,45.1061,0,0
39,allocate_send_arrival,6,S02,0,switch,1,51701,30,0,0,39,138.732,0,31.9456,0,0
39,allocate_send_arrival,6,S02,0,switch,1,51708,23,0,0,39,138.732,0,31.9456,0,0
39,allocate_send_arrival,11,S03,0,switch,6,51708,23,0,0,39,132.338,0,31.9456,0,0
40,stage_arrival,1,S01,0,switch,0,51705,38,0,0,40,159.728,100,0,31.9456,0
40,stage_arrival,0,S00,5,terminal,0,51713,64,0,0,40,1000,0,0,3.03691,0
40,stage_arrival,6,S02,0,switch,1,51701,30,0,0,40,138.732,0,0,31.9456,0
40,stage_arrival,19,S06,3,switch,10,51705,38,0,0,40,169.014,0,0,31.9456,0
40,stage_arrival_coalesce,0,S00,5,terminal,0,51713,64,0,0,40,1000,0,0,28.0369,0
40,stage_arrival,0,S00,5,terminal,0,51711,88,0,0,40,1000,0,0,25,0
40,stage_arrival,12,S04,0,switch,6,51701,30,0,0,40,184.169,0,0,31.9456,0
40,stage_arrival_coalesce,0,S00,5,terminal,0,51711,88,0,0,40,1000,0,0,28.283,0
40,stage_arrival,0,S00,5,terminal,0,51705,38,0,0,40,1000,0,0,20,0
40,stage_arrival,10,S61,0,switch,1,51706,21,0,0,40,227.172,0,0,31.9456,0
40,stage_arrival,15,S05,0,switch,12,51701,30,0,0,40,134.869,0,0,31.9456,0
40,stage_arrival,1,S01,0,switch,0,51703,20,0,0,40,159.728,100,0,31.9456,0
40,stage_arrival,0,S00,5,terminal,0,51715,98,0,0,40,1000,0,0,3.73988,0
40,stage_arrival,0,S00,5,terminal,0,51708,23,0,0,40,1000,0,0,20,0
40,stage_arrival,0,S00,5,terminal,0,51703,20,0,0,40,1000,0,0,11.9456,0
40,stage_arrival,10,S61,0,switch,1,51705,38,0,0,40,227.172,0,0,31.9456,0
40,stage_arrival_coalesce,0,S00,5,terminal,0,51705,38,0,0,40,1000,0,0,31.9456,0
40,stage_arrival,1,S01,0,switch,0,51706,21,0,0,40,159.728,100,0,31.9456,0
40,stage_arrival,0,S00,5,terminal,0,51701,30,0,0,40,1000,0,0,11.9456,0
40,stage_arrival_coalesce,0,S00,5,terminal,0,51703,20,0,0,40,1000,0,0,31.9456,0
40,stage_arrival,0,S00,5,terminal,0,51706,21,0,0,40,1000,0,0,20,0
40,stage_arrival_coalesce,0,S00,5,terminal,0,51701,30,0,0,40,1000,0,0,31.9456,0
40,stage_arrival,6,S02,0,switch,1,51708,23,0,0,40,138.732,0,0,31.9456,0
40,stage_arrival,1,S01,0,switch,0,51708,23,0,0,40,159.728,100,0,31.9456,0
40,stage_arrival,1,S01,0,switch,0,51701,30,0,0,40,159.728,100,0,31.9456,0
40,stage_arrival,11,S03,0,switch,6,51708,23,0,0,40,132.338,0,0,31.9456,0
40,stage_arrival_coalesce,0,S00,5,terminal,0,51715,98,0,0,40,1000,0,0,28.7399,0
40,stage_arrival,10,S61,0,switch,1,51703,20,0,0,40,227.172,0,0,31.9456,0
40,stage_arrival_coalesce,0,S00,5,terminal,0,51706,21,0,0,40,1000,0,0,31.9456,0
40,stage_arrival,0,S00,5,terminal,0,51712,72,0,0,40,1000,0,0,37.7428,0
40,stage_arrival_coalesce,0,S00,5,terminal,0,51708,23,0,0,40,1000,0,0,31.9456,0
40,stage_arrival,0,S00,5,terminal,0,51707,40,0,0,40,1000,0,0,22.2225,0
40,stage_arrival_coalesce,0,S00,5,terminal,0,51707,40,0,0,40,1000,0,0,47.2225,0
