interval,event,switch,switch_name,port,target_type,target_index,flowlet_id,source_terminal,destination_terminal,creation_interval,age_intervals,capacity_gbit,queued_before_gbit,send_gbit,remaining_after_gbit,dropped_gbit
1,stage_arrival,7,S45,1,switch,60,20002,14,120,0,1,100.637,0,0,75,0
1,stage_arrival,7,S45,1,switch,60,20006,14,120,0,1,100.637,0,0,75,0
1,stage_arrival,7,S45,1,switch,60,20000,14,120,0,1,100.637,0,0,75,0
1,stage_arrival,7,S45,1,switch,60,20007,14,120,0,1,100.637,0,0,75,0
1,stage_arrival,7,S45,1,switch,60,20004,14,120,0,1,100.637,0,0,75,0
1,stage_arrival,7,S45,1,switch,60,20001,14,120,0,1,100.637,0,0,75,0
1,stage_arrival,7,S45,1,switch,60,20008,14,120,0,1,100.637,0,0,10,0
1,stage_arrival,7,S45,1,switch,60,20005,14,120,0,1,100.637,0,0,75,0
1,stage_arrival,7,S45,1,switch,60,20003,14,120,0,1,100.637,0,0,75,0
1,allocate_send_arrival,7,S45,1,switch,60,20002,14,120,0,1,100.637,0,11.3296,63.6704,0
1,enqueue_residual,7,S45,1,switch,60,20002,14,120,0,1,100.637,0,0,63.6704,0
1,allocate_send_arrival,7,S45,1,switch,60,20006,14,120,0,1,100.637,0,11.3296,63.6704,0
1,enqueue_residual,7,S45,1,switch,60,20006,14,120,0,1,100.637,0,0,36.3296,0
1,drop_shared_buffer_overflow,7,S45,1,switch,60,20006,14,120,0,1,100.637,0,0,0,27.3407
1,allocate_send_arrival,7,S45,1,switch,60,20000,14,120,0,1,100.637,0,11.3296,63.6704,0
1,drop_shared_buffer_overflow,7,S45,1,switch,60,20000,14,120,0,1,100.637,0,0,0,63.6704
1,allocate_send_arrival,7,S45,1,switch,60,20007,14,120,0,1,100.637,0,11.3296,63.6704,0
1,drop_shared_buffer_overflow,7,S45,1,switch,60,20007,14,120,0,1,100.637,0,0,0,63.6704
1,allocate_send_arrival,7,S45,1,switch,60,20004,14,120,0,1,100.637,0,11.3296,63.6704,0
1,drop_shared_buffer_overflow,7,S45,1,switch,60,20004,14,120,0,1,100.637,0,0,0,63.6704
1,allocate_send_arrival,7,S45,1,switch,60,20001,14,120,0,1,100.637,0,11.3296,63.6704,0
1,drop_shared_buffer_overflow,7,S45,1,switch,60,20001,14,120,0,1,100.637,0,0,0,63.6704
1,allocate_send_arrival,7,S45,1,switch,60,20008,14,120,0,1,100.637,0,10,0,0
1,allocate_send_arrival,7,S45,1,switch,60,20005,14,120,0,1,100.637,0,11.3296,63.6704,0
1,drop_shared_buffer_overflow,7,S45,1,switch,60,20005,14,120,0,1,100.637,0,0,0,63.6704
1,allocate_send_arrival,7,S45,1,switch,60,20003,14,120,0,1,100.637,0,11.3296,63.6704,0
1,drop_shared_buffer_overflow,7,S45,1,switch,60,20003,14,120,0,1,100.637,0,0,0,63.6704
2,allocate_send_buffered,7,S45,1,switch,60,20002,14,120,0,2,100.637,100,63.6704,0,0
2,allocate_send_buffered,7,S45,1,switch,60,20006,14,120,0,2,100.637,100,36.3296,0,0
2,stage_arrival,7,S45,1,switch,60,20003,14,120,0,2,100.637,0,0,1.13464,0
2,stage_arrival,7,S45,1,switch,60,20002,14,120,0,2,100.637,0,0,1.13464,0
2,stage_arrival,7,S45,1,switch,60,20001,14,120,0,2,100.637,0,0,1.13464,0
2,stage_arrival,60,S44,1,terminal,120,20007,14,120,0,2,1000,0,0,11.3296,0
2,stage_arrival,7,S45,1,switch,60,20000,14,120,0,2,100.637,0,0,1.13464,0
2,stage_arrival,60,S44,1,terminal,120,20003,14,120,0,2,1000,0,0,11.3296,0
2,stage_arrival,60,S44,1,terminal,120,20001,14,120,0,2,1000,0,0,11.3296,0
2,stage_arrival,7,S45,1,switch,60,20006,14,120,0,2,100.637,0,0,1.13464,0
2,stage_arrival,60,S44,1,terminal,120,20002,14,120,0,2,1000,0,0,11.3296,0
2,stage_arrival,60,S44,1,terminal,120,20004,14,120,0,2,1000,0,0,11.3296,0
2,stage_arrival,7,S45,1,switch,60,20007,14,120,0,2,100.637,0,0,1.13464,0
2,stage_arrival,7,S45,1,switch,60,20005,14,120,0,2,100.637,0,0,1.13464,0
2,stage_arrival,60,S44,1,terminal,120,20005,14,120,0,2,1000,0,0,11.3296,0
2,stage_arrival,7,S45,1,switch,60,20008,14,120,0,2,100.637,0,0,1.13464,0
2,stage_arrival,7,S45,1,switch,60,20004,14,120,0,2,100.637,0,0,1.13464,0
2,stage_arrival,60,S44,1,terminal,120,20006,14,120,0,2,1000,0,0,11.3296,0
2,stage_arrival,60,S44,1,terminal,120,20008,14,120,0,2,1000,0,0,10,0
2,stage_arrival,60,S44,1,terminal,120,20000,14,120,0,2,1000,0,0,11.3296,0
2,allocate_send_arrival,60,S44,1,terminal,120,20007,14,120,0,2,1000,0,11.3296,0,0
2,allocate_send_arrival,60,S44,1,terminal,120,20003,14,120,0,2,1000,0,11.3296,0,0
2,allocate_send_arrival,60,S44,1,terminal,120,20001,14,120,0,2,1000,0,11.3296,0,0
2,allocate_send_arrival,60,S44,1,terminal,120,20002,14,120,0,2,1000,0,11.3296,0,0
2,allocate_send_arrival,60,S44,1,terminal,120,20004,14,120,0,2,1000,0,11.3296,0,0
2,allocate_send_arrival,60,S44,1,terminal,120,20005,14,120,0,2,1000,0,11.3296,0,0
2,allocate_send_arrival,60,S44,1,terminal,120,20006,14,120,0,2,1000,0,11.3296,0,0
2,allocate_send_arrival,60,S44,1,terminal,120,20008,14,120,0,2,1000,0,10,0,0
2,allocate_send_arrival,60,S44,1,terminal,120,20000,14,120,0,2,1000,0,11.3296,0,0
2,allocate_send_arrival,7,S45,1,switch,60,20003,14,120,0,2,100.637,0,0.0707778,1.06386,0
2,enqueue_residual,7,S45,1,switch,60,20003,14,120,0,2,100.637,0,0,1.06386,0
2,allocate_send_arrival,7,S45,1,switch,60,20002,14,120,0,2,100.637,0,0.0707778,1.06386,0
2,enqueue_residual,7,S45,1,switch,60,20002,14,120,0,2,100.637,0,0,1.06386,0
2,allocate_send_arrival,7,S45,1,switch,60,20001,14,120,0,2,100.637,0,0.0707778,1.06386,0
2,enqueue_residual,7,S45,1,switch,60,20001,14,120,0,2,100.637,0,0,1.06386,0
2,allocate_send_arrival,7,S45,1,switch,60,20000,14,120,0,2,100.637,0,0.0707778,1.06386,0
2,enqueue_residual,7,S45,1,switch,60,20000,14,120,0,2,100.637,0,0,1.06386,0
2,allocate_send_arrival,7,S45,1,switch,60,20006,14,120,0,2,100.637,0,0.0707778,1.06386,0
2,enqueue_residual,7,S45,1,switch,60,20006,14,120,0,2,100.637,0,0,1.06386,0
2,allocate_send_arrival,7,S45,1,switch,60,20007,14,120,0,2,100.637,0,0.0707778,1.06386,0
2,enqueue_residual,7,S45,1,switch,60,20007,14,120,0,2,100.637,0,0,1.06386,0
2,allocate_send_arrival,7,S45,1,switch,60,20005,14,120,0,2,100.637,0,0.0707778,1.06386,0
2,enqueue_residual,7,S45,1,switch,60,20005,14,120,0,2,100.637,0,0,1.06386,0
2,allocate_send_arrival,7,S45,1,switch,60,20008,14,120,0,2,100.637,0,0.0707778,1.06386,0
2,enqueue_residual,7,S45,1,switch,60,20008,14,120,0,2,100.637,0,0,1.06386,0
2,allocate_send_arrival,7,S45,1,switch,60,20004,14,120,0,2,100.637,0,0.0707778,1.06386,0
2,enqueue_residual,7,S45,1,switch,60,20004,14,120,0,2,100.637,0,0,1.06386,0
3,allocate_send_buffered,7,S45,1,switch,60,20003,14,120,0,3,100.637,9.57472,1.06386,0,0
3,allocate_send_buffered,7,S45,1,switch,60,20002,14,120,0,3,100.637,9.57472,1.06386,0,0
3,allocate_send_buffered,7,S45,1,switch,60,20001,14,120,0,3,100.637,9.57472,1.06386,0,0
3,allocate_send_buffered,7,S45,1,switch,60,20000,14,120,0,3,100.637,9.57472,1.06386,0,0
3,allocate_send_buffered,7,S45,1,switch,60,20006,14,120,0,3,100.637,9.57472,1.06386,0,0
3,allocate_send_buffered,7,S45,1,switch,60,20007,14,120,0,3,100.637,9.57472,1.06386,0,0
3,allocate_send_buffered,7,S45,1,switch,60,20005,14,120,0,3,100.637,9.57472,1.06386,0,0
3,allocate_send_buffered,7,S45,1,switch,60,20008,14,120,0,3,100.637,9.57472,1.06386,0,0
3,allocate_send_buffered,7,S45,1,switch,60,20004,14,120,0,3,100.637,9.57472,1.06386,0,0
3,stage_arrival,60,S44,1,terminal,120,20001,14,120,0,3,1000,0,0,0.0707778,0
3,stage_arrival,60,S44,1,terminal,120,20003,14,120,0,3,1000,0,0,0.0707778,0
3,stage_arrival,7,S45,1,switch,60,20000,14,120,0,3,100.637,0,0,11.1819,0
3,stage_arrival,7,S45,1,switch,60,20005,14,120,0,3,100.637,0,0,11.1819,0
3,stage_arrival,60,S44,1,terminal,120,20008,14,120,0,3,1000,0,0,0.0707778,0
3,stage_arrival,60,S44,1,terminal,120,20000,14,120,0,3,1000,0,0,0.0707778,0
3,stage_arrival,60,S44,1,terminal,120,20007,14,120,0,3,1000,0,0,0.0707778,0
3,stage_arrival,7,S45,1,switch,60,20004,14,120,0,3,100.637,0,0,11.1819,0
3,stage_arrival,60,S44,1,terminal,120,20005,14,120,0,3,1000,0,0,0.0707778,0
3,stage_arrival,7,S45,1,switch,60,20003,14,120,0,3,100.637,0,0,11.1819,0
3,stage_arrival,60,S44,1,terminal,120,20004,14,120,0,3,1000,0,0,0.0707778,0
3,stage_arrival,60,S44,1,terminal,120,20006,14,120,0,3,1000,0,0,0.0707778,0
3,stage_arrival_coalesce,60,S44,1,terminal,120,20006,14,120,0,3,1000,0,0,36.4004,0
3,stage_arrival,7,S45,1,switch,60,20002,14,120,0,3,100.637,0,0,11.1819,0
3,stage_arrival,60,S44,1,terminal,120,20002,14,120,0,3,1000,0,0,63.6704,0
3,stage_arrival,7,S45,1,switch,60,20008,14,120,0,3,100.637,0,0,11.1819,0
3,stage_arrival_coalesce,60,S44,1,terminal,120,20002,14,120,0,3,1000,0,0,63.7412,0
3,stage_arrival,7,S45,1,switch,60,20001,14,120,0,3,100.637,0,0,11.1819,0
3,stage_arrival,7,S45,1,switch,60,20006,14,120,0,3,100.637,0,0,11.1819,0
3,stage_arrival,7,S45,1,switch,60,20007,14,120,0,3,100.637,0,0,11.1819,0
3,allocate_send_arrival,60,S44,1,terminal,120,20001,14,120,0,3,1000,0,0.0707778,0,0
3,allocate_send_arrival,60,S44,1,terminal,120,20003,14,120,0,3,1000,0,0.0707778,0,0
3,allocate_send_arrival,60,S44,1,terminal,120,20008,14,120,0,3,1000,0,0.0707778,0,0
3,allocate_send_arrival,60,S44,1,terminal,120,20000,14,120,0,3,1000,0,0.0707778,0,0
3,allocate_send_arrival,60,S44,1,terminal,120,20007,14,120,0,3,1000,0,0.0707778,0,0
3,allocate_send_arrival,60,S44,1,terminal,120,20005,14,120,0,3,1000,0,0.0707778,0,0
3,allocate_send_arrival,60,S44,1,terminal,120,20004,14,120,0,3,1000,0,0.0707778,0,0
3,allocate_send_arrival,60,S44,1,terminal,120,20006,14,120,0,3,1000,0,36.4004,0,0
3,allocate_send_arrival,60,S44,1,terminal,120,20002,14,120,0,3,1000,0,63.7412,0,0
3,allocate_send_arrival,7,S45,1,switch,60,20000,14,120,0,3,100.637,0,10.118,1.06386,0
3,enqueue_residual,7,S45,1,switch,60,20000,14,120,0,3,100.637,0,0,1.06386,0
3,allocate_send_arrival,7,S45,1,switch,60,20005,14,120,0,3,100.637,0,10.118,1.06386,0
3,enqueue_residual,7,S45,1,switch,60,20005,14,120,0,3,100.637,0,0,1.06386,0
3,allocate_send_arrival,7,S45,1,switch,60,20004,14,120,0,3,100.637,0,10.118,1.06386,0
3,enqueue_residual,7,S45,1,switch,60,20004,14,120,0,3,100.637,0,0,1.06386,0
3,allocate_send_arrival,7,S45,1,switch,60,20003,14,120,0,3,100.637,0,10.118,1.06386,0
3,enqueue_residual,7,S45,1,switch,60,20003,14,120,0,3,100.637,0,0,1.06386,0
3,allocate_send_arrival,7,S45,1,switch,60,20002,14,120,0,3,100.637,0,10.118,1.06386,0
3,enqueue_residual,7,S45,1,switch,60,20002,14,120,0,3,100.637,0,0,1.06386,0
3,allocate_send_arrival,7,S45,1,switch,60,20008,14,120,0,3,100.637,0,10.118,1.06386,0
3,enqueue_residual,7,S45,1,switch,60,20008,14,120,0,3,100.637,0,0,1.06386,0
3,allocate_send_arrival,7,S45,1,switch,60,20001,14,120,0,3,100.637,0,10.118,1.06386,0
3,enqueue_residual,7,S45,1,switch,60,20001,14,120,0,3,100.637,0,0,1.06386,0
3,allocate_send_arrival,7,S45,1,switch,60,20006,14,120,0,3,100.637,0,10.118,1.06386,0
3,enqueue_residual,7,S45,1,switch,60,20006,14,120,0,3,100.637,0,0,1.06386,0
3,allocate_send_arrival,7,S45,1,switch,60,20007,14,120,0,3,100.637,0,10.118,1.06386,0
3,enqueue_residual,7,S45,1,switch,60,20007,14,120,0,3,100.637,0,0,1.06386,0
4,allocate_send_buffered,7,S45,1,switch,60,20000,14,120,0,4,100.637,9.57472,1.06386,0,0
4,allocate_send_buffered,7,S45,1,switch,60,20005,14,120,0,4,100.637,9.57472,1.06386,0,0
4,allocate_send_buffered,7,S45,1,switch,60,20004,14,120,0,4,100.637,9.57472,1.06386,0,0
4,allocate_send_buffered,7,S45,1,switch,60,20003,14,120,0,4,100.637,9.57472,1.06386,0,0
4,allocate_send_buffered,7,S45,1,switch,60,20002,14,120,0,4,100.637,9.57472,1.06386,0,0
4,allocate_send_buffered,7,S45,1,switch,60,20008,14,120,0,4,100.637,9.57472,1.06386,0,0
4,allocate_send_buffered,7,S45,1,switch,60,20001,14,120,0,4,100.637,9.57472,1.06386,0,0
4,allocate_send_buffered,7,S45,1,switch,60,20006,14,120,0,4,100.637,9.57472,1.06386,0,0
4,allocate_send_buffered,7,S45,1,switch,60,20007,14,120,0,4,100.637,9.57472,1.06386,0,0
4,stage_arrival,60,S44,1,terminal,120,20007,14,120,0,4,1000,0,0,10.118,0
4,stage_arrival,60,S44,1,terminal,120,20002,14,120,0,4,1000,0,0,1.06386,0
4,stage_arrival,60,S44,1,terminal,120,20000,14,120,0,4,1000,0,0,10.118,0
4,stage_arrival_coalesce,60,S44,1,terminal,120,20002,14,120,0,4,1000,0,0,11.1819,0
4,stage_arrival,7,S45,1,switch,60,20006,14,120,0,4,100.637,0,0,11.1819,0
4,stage_arrival,7,S45,1,switch,60,20001,14,120,0,4,100.637,0,0,11.1819,0
4,stage_arrival,7,S45,1,switch,60,20005,14,120,0,4,100.637,0,0,11.1819,0
4,stage_arrival,60,S44,1,terminal,120,20004,14,120,0,4,1000,0,0,1.06386,0
4,stage_arrival,60,S44,1,terminal,120,20003,14,120,0,4,1000,0,0,1.06386,0
4,stage_arrival_coalesce,60,S44,1,terminal,120,20004,14,120,0,4,1000,0,0,11.1819,0
4,stage_arrival,7,S45,1,switch,60,20002,14,120,0,4,100.637,0,0,11.1819,0
4,stage_arrival,7,S45,1,switch,60,20007,14,120,0,4,100.637,0,0,11.1819,0
4,stage_arrival_coalesce,60,S44,1,terminal,120,20000,14,120,0,4,1000,0,0,11.1819,0
4,stage_arrival,60,S44,1,terminal,120,20001,14,120,0,4,1000,0,0,1.06386,0
4,stage_arrival,60,S44,1,terminal,120,20006,14,120,0,4,1000,0,0,10.118,0
4,stage_arrival_coalesce,60,S44,1,terminal,120,20007,14,120,0,4,1000,0,0,11.1819,0
4,stage_arrival_coalesce,60,S44,1,terminal,120,20003,14,120,0,4,1000,0,0,11.1819,0
4,stage_arrival,60,S44,1,terminal,120,20008,14,120,0,4,1000,0,0,1.06386,0
4,stage_arrival,60,S44,1,terminal,120,20005,14,120,0,4,1000,0,0,1.06386,0
4,stage_arrival,7,S45,1,switch,60,20003,14,120,0,4,100.637,0,0,11.1819,0
4,stage_arrival,7,S45,1,switch,60,20000,14,120,0,4,100.637,0,0,11.1819,0
4,stage_arrival,7,S45,1,switch,60,20004,14,120,0,4,100.637,0,0,11.1819,0
4,stage_arrival_coalesce,60,S44,1,terminal,120,20005,14,120,0,4,1000,0,0,11.1819,0
4,stage_arrival_coalesce,60,S44,1,terminal,120,20001,14,120,0,4,1000,0,0,11.1819,0
4,stage_arrival,7,S45,1,switch,60,20008,14,120,0,4,100.637,0,0,11.1819,0
4,stage_arrival_coalesce,60,S44,1,terminal,120,20006,14,120,0,4,1000,0,0,11.1819,0
4,stage_arrival_coalesce,60,S44,1,terminal,120,20008,14,120,0,4,1000,0,0,11.1819,0
4,allocate_send_arrival,60,S44,1,terminal,120,20007,14,120,0,4,1000,0,11.1819,0,0
4,allocate_send_arrival,60,S44,1,terminal,120,20002,14,120,0,4,1000,0,11.1819,0,0
4,allocate_send_arrival,60,S44,1,terminal,120,20000,14,120,0,4,1000,0,11.1819,0,0
4,allocate_send_arrival,60,S44,1,terminal,120,20004,14,120,0,4,1000,0,11.1819,0,0
4,allocate_send_arrival,60,S44,1,terminal,120,20003,14,120,0,4,1000,0,11.1819,0,0
4,allocate_send_arrival,60,S44,1,terminal,120,20001,14,120,0,4,1000,0,11.1819,0,0
4,allocate_send_arrival,60,S44,1,terminal,120,20006,14,120,0,4,1000,0,11.1819,0,0
4,allocate_send_arrival,60,S44,1,terminal,120,20008,14,120,0,4,1000,0,11.1819,0,0
4,allocate_send_arrival,60,S44,1,terminal,120,20005,14,120,0,4,1000,0,11.1819,0,0
4,allocate_send_arrival,7,S45,1,switch,60,20006,14,120,0,4,100.637,0,10.118,1.06386,0
4,enqueue_residual,7,S45,1,switch,60,20006,14,120,0,4,100.637,0,0,1.06386,0
4,allocate_send_arrival,7,S45,1,switch,60,20001,14,120,0,4,100.637,0,10.118,1.06386,0
4,enqueue_residual,7,S45,1,switch,60,20001,14,120,0,4,100.637,0,0,1.06386,0
4,allocate_send_arrival,7,S45,1,switch,60,20005,14,120,0,4,100.637,0,10.118,1.06386,0
4,enqueue_residual,7,S45,1,switch,60,20005,14,120,0,4,100.637,0,0,1.06386,0
4,allocate_send_arrival,7,S45,1,switch,60,20002,14,120,0,4,100.637,0,10.118,1.06386,0
4,enqueue_residual,7,S45,1,switch,60,20002,14,120,0,4,100.637,0,0,1.06386,0
4,allocate_send_arrival,7,S45,1,switch,60,20007,14,120,0,4,100.637,0,10.118,1.06386,0
4,enqueue_residual,7,S45,1,switch,60,20007,14,120,0,4,100.637,0,0,1.06386,0
4,allocate_send_arrival,7,S45,1,switch,60,20003,14,120,0,4,100.637,0,10.118,1.06386,0
4,enqueue_residual,7,S45,1,switch,60,20003,14,120,0,4,100.637,0,0,1.06386,0
4,allocate_send_arrival,7,S45,1,switch,60,20000,14,120,0,4,100.637,0,10.118,1.06386,0
4,enqueue_residual,7,S45,1,switch,60,20000,14,120,0,4,100.637,0,0,1.06386,0
4,allocate_send_arrival,7,S45,1,switch,60,20004,14,120,0,4,100.637,0,10.118,1.06386,0
4,enqueue_residual,7,S45,1,switch,60,20004,14,120,0,4,100.637,0,0,1.06386,0
4,allocate_send_arrival,7,S45,1,switch,60,20008,14,120,0,4,100.637,0,10.118,1.06386,0
4,enqueue_residual,7,S45,1,switch,60,20008,14,120,0,4,100.637,0,0,1.06386,0
5,allocate_send_buffered,7,S45,1,switch,60,20006,14,120,0,5,100.637,9.57472,1.06386,0,0
5,allocate_send_buffered,7,S45,1,switch,60,20001,14,120,0,5,100.637,9.57472,1.06386,0,0
5,allocate_send_buffered,7,S45,1,switch,60,20005,14,120,0,5,100.637,9.57472,1.06386,0,0
5,allocate_send_buffered,7,S45,1,switch,60,20002,14,120,0,5,100.637,9.57472,1.06386,0,0
5,allocate_send_buffered,7,S45,1,switch,60,20007,14,120,0,5,100.637,9.57472,1.06386,0,0
5,allocate_send_buffered,7,S45,1,switch,60,20003,14,120,0,5,100.637,9.57472,1.06386,0,0
5,allocate_send_buffered,7,S45,1,switch,60,20000,14,120,0,5,100.637,9.57472,1.06386,0,0
5,allocate_send_buffered,7,S45,1,switch,60,20004,14,120,0,5,100.637,9.57472,1.06386,0,0
5,allocate_send_buffered,7,S45,1,switch,60,20008,14,120,0,5,100.637,9.57472,1.06386,0,0
5,stage_arrival,60,S44,1,terminal,120,20004,14,120,0,5,1000,0,0,1.06386,0
5,stage_arrival,60,S44,1,terminal,120,20008,14,120,0,5,1000,0,0,1.06386,0
5,stage_arrival,7,S45,1,switch,60,20007,14,120,0,5,100.637,0,0,11.1819,0
5,stage_arrival,7,S45,1,switch,60,20005,14,120,0,5,100.637,0,0,11.1819,0
5,stage_arrival,7,S45,1,switch,60,20002,14,120,0,5,100.637,0,0,11.1819,0
5,stage_arrival,60,S44,1,terminal,120,20007,14,120,0,5,1000,0,0,1.06386,0
5,stage_arrival,60,S44,1,terminal,120,20001,14,120,0,5,1000,0,0,10.118,0
5,stage_arrival,60,S44,1,terminal,120,20003,14,120,0,5,1000,0,0,10.118,0
5,stage_arrival,7,S45,1,switch,60,20006,14,120,0,5,100.637,0,0,11.1819,0
5,stage_arrival_coalesce,60,S44,1,terminal,120,20008,14,120,0,5,1000,0,0,11.1819,0
5,stage_arrival,7,S45,1,switch,60,20008,14,120,0,5,100.637,0,0,11.1819,0
5,stage_arrival,60,S44,1,terminal,120,20006,14,120,0,5,1000,0,0,10.118,0
5,stage_arrival,7,S45,1,switch,60,20004,14,120,0,5,100.637,0,0,11.1819,0
5,stage_arrival,60,S44,1,terminal,120,20000,14,120,0,5,1000,0,0,10.118,0
5,stage_arrival_coalesce,60,S44,1,terminal,120,20000,14,120,0,5,1000,0,0,11.1819,0
5,stage_arrival,7,S45,1,switch,60,20001,14,120,0,5,100.637,0,0,11.1819,0
5,stage_arrival,7,S45,1,switch,60,20000,14,120,0,5,100.637,0,0,11.1819,0
5,stage_arrival,60,S44,1,terminal,120,20005,14,120,0,5,1000,0,0,10.118,0
5,stage_arrival_coalesce,60,S44,1,terminal,120,20001,14,120,0,5,1000,0,0,11.1819,0
5,stage_arrival_coalesce,60,S44,1,terminal,120,20006,14,120,0,5,1000,0,0,11.1819,0
5,stage_arrival_coalesce,60,S44,1,terminal,120,20007,14,120,0,5,1000,0,0,11.1819,0
5,stage_arrival_coalesce,60,S44,1,terminal,120,20004,14,120,0,5,1000,0,0,11.1819,0
5,stage_arrival_coalesce,60,S44,1,terminal,120,20005,14,120,0,5,1000,0,0,11.1819,0
5,stage_arrival,60,S44,1,terminal,120,20002,14,120,0,5,1000,0,0,10.118,0
5,stage_arrival_coalesce,60,S44,1,terminal,120,20002,14,120,0,5,1000,0,0,11.1819,0
5,stage_arrival,7,S45,1,switch,60,20003,14,120,0,5,100.637,0,0,11.1819,0
5,stage_arrival_coalesce,60,S44,1,terminal,120,20003,14,120,0,5,1000,0,0,11.1819,0
5,allocate_send_arrival,60,S44,1,terminal,120,20004,14,120,0,5,1000,0,11.1819,0,0
5,allocate_send_arrival,60,S44,1,terminal,120,20008,14,120,0,5,1000,0,11.1819,0,0
5,allocate_send_arrival,60,S44,1,terminal,120,20007,14,120,0,5,1000,0,11.1819,0,0
5,allocate_send_arrival,60,S44,1,terminal,120,20001,14,120,0,5,1000,0,11.1819,0,0
5,allocate_send_arrival,60,S44,1,terminal,120,20003,14,120,0,5,1000,0,11.1819,0,0
5,allocate_send_arrival,60,S44,1,terminal,120,20006,14,120,0,5,1000,0,11.1819,0,0
5,allocate_send_arrival,60,S44,1,terminal,120,20000,14,120,0,5,1000,0,11.1819,0,0
5,allocate_send_arrival,60,S44,1,terminal,120,20005,14,120,0,5,1000,0,11.1819,0,0
5,allocate_send_arrival,60,S44,1,terminal,120,20002,14,120,0,5,1000,0,11.1819,0,0
5,allocate_send_arrival,7,S45,1,switch,60,20007,14,120,0,5,100.637,0,10.118,1.06386,0
5,enqueue_residual,7,S45,1,switch,60,20007,14,120,0,5,100.637,0,0,1.06386,0
5,allocate_send_arrival,7,S45,1,switch,60,20005,14,120,0,5,100.637,0,10.118,1.06386,0
5,enqueue_residual,7,S45,1,switch,60,20005,14,120,0,5,100.637,0,0,1.06386,0
5,allocate_send_arrival,7,S45,1,switch,60,20002,14,120,0,5,100.637,0,10.118,1.06386,0
5,enqueue_residual,7,S45,1,switch,60,20002,14,120,0,5,100.637,0,0,1.06386,0
5,allocate_send_arrival,7,S45,1,switch,60,20006,14,120,0,5,100.637,0,10.118,1.06386,0
5,enqueue_residual,7,S45,1,switch,60,20006,14,120,0,5,100.637,0,0,1.06386,0
5,allocate_send_arrival,7,S45,1,switch,60,20008,14,120,0,5,100.637,0,10.118,1.06386,0
5,enqueue_residual,7,S45,1,switch,60,20008,14,120,0,5,100.637,0,0,1.06386,0
5,allocate_send_arrival,7,S45,1,switch,60,20004,14,120,0,5,100.637,0,10.118,1.06386,0
5,enqueue_residual,7,S45,1,switch,60,20004,14,120,0,5,100.637,0,0,1.06386,0
5,allocate_send_arrival,7,S45,1,switch,60,20001,14,120,0,5,100.637,0,10.118,1.06386,0
5,enqueue_residual,7,S45,1,switch,60,20001,14,120,0,5,100.637,0,0,1.06386,0
5,allocate_send_arrival,7,S45,1,switch,60,20000,14,120,0,5,100.637,0,10.118,1.06386,0
5,enqueue_residual,7,S45,1,switch,60,20000,14,120,0,5,100.637,0,0,1.06386,0
5,allocate_send_arrival,7,S45,1,switch,60,20003,14,120,0,5,100.637,0,10.118,1.06386,0
5,enqueue_residual,7,S45,1,switch,60,20003,14,120,0,5,100.637,0,0,1.06386,0
6,allocate_send_buffered,7,S45,1,switch,60,20007,14,120,0,6,100.637,9.57472,1.06386,0,0
6,allocate_send_buffered,7,S45,1,switch,60,20005,14,120,0,6,100.637,9.57472,1.06386,0,0
6,allocate_send_buffered,7,S45,1,switch,60,20002,14,120,0,6,100.637,9.57472,1.06386,0,0
6,allocate_send_buffered,7,S45,1,switch,60,20006,14,120,0,6,100.637,9.57472,1.06386,0,0
6,allocate_send_buffered,7,S45,1,switch,60,20008,14,120,0,6,100.637,9.57472,1.06386,0,0
6,allocate_send_buffered,7,S45,1,switch,60,20004,14,120,0,6,100.637,9.57472,1.06386,0,0
6,allocate_send_buffered,7,S45,1,switch,60,20001,14,120,0,6,100.637,9.57472,1.06386,0,0
6,allocate_send_buffered,7,S45,1,switch,60,20000,14,120,0,6,100.637,9.57472,1.06386,0,0
6,allocate_send_buffered,7,S45,1,switch,60,20003,14,120,0,6,100.637,9.57472,1.06386,0,0
6,stage_arrival,7,S45,1,switch,60,20006,14,120,0,6,100.637,0,0,11.1819,0
6,stage_arrival,7,S45,1,switch,60,20005,14,120,0,6,100.637,0,0,11.1819,0
6,stage_arrival,7,S45,1,switch,60,20001,14,120,0,6,100.637,0,0,11.1819,0
6,stage_arrival,60,S44,1,terminal,120,20004,14,120,0,6,1000,0,0,10.118,0
6,stage_arrival,60,S44,1,terminal,120,20000,14,120,0,6,1000,0,0,10.118,0
6,stage_arrival,60,S44,1,terminal,120,20005,14,120,0,6,1000,0,0,10.118,0
6,stage_arrival,7,S45,1,switch,60,20003,14,120,0,6,100.637,0,0,11.1819,0
6,stage_arrival,7,S45,1,switch,60,20002,14,120,0,6,100.637,0,0,11.1819,0
6,stage_arrival,60,S44,1,terminal,120,20006,14,120,0,6,1000,0,0,1.06386,0
6,stage_arrival,60,S44,1,terminal,120,20002,14,120,0,6,1000,0,0,1.06386,0
6,stage_arrival,60,S44,1,terminal,120,20008,14,120,0,6,1000,0,0,1.06386,0
6,stage_arrival,7,S45,1,switch,60,20000,14,120,0,6,100.637,0,0,11.1819,0
6,stage_arrival,60,S44,1,terminal,120,20001,14,120,0,6,1000,0,0,1.06386,0
6,stage_arrival_coalesce,60,S44,1,terminal,120,20000,14,120,0,6,1000,0,0,11.1819,0
6,stage_arrival,7,S45,1,switch,60,20008,14,120,0,6,100.637,0,0,11.1819,0
6,stage_arrival,7,S45,1,switch,60,20007,14,120,0,6,100.637,0,0,11.1819,0
6,stage_arrival,60,S44,1,terminal,120,20007,14,120,0,6,1000,0,0,1.06386,0
6,stage_arrival_coalesce,60,S44,1,terminal,120,20004,14,120,0,6,1000,0,0,11.1819,0
6,stage_arrival,60,S44,1,terminal,120,20003,14,120,0,6,1000,0,0,10.118,0
6,stage_arrival,7,S45,1,switch,60,20004,14,120,0,6,100.637,0,0,11.1819,0
6,stage_arrival_coalesce,60,S44,1,terminal,120,20006,14,120,0,6,1000,0,0,11.1819,0
6,stage_arrival_coalesce,60,S44,1,terminal,120,20005,14,120,0,6,1000,0,0,11.1819,0
6,stage_arrival_coalesce,60,S44,1,terminal,120,20001,14,120,0,6,1000,0,0,11.1819,0
6,stage_arrival_coalesce,60,S44,1,terminal,120,20002,14,120,0,6,1000,0,0,11.1819,0
6,stage_arrival_coalesce,60,S44,1,terminal,120,20003,14,120,0,6,1000,0,0,11.1819,0
6,stage_arrival_coalesce,60,S44,1,terminal,120,20008,14,120,0,6,1000,0,0,11.1819,0
6,stage_arrival_coalesce,60,S44,1,terminal,120,20007,14,120,0,6,1000,0,0,11.1819,0
6,allocate_send_arrival,7,S45,1,switch,60,20006,14,120,0,6,100.637,0,10.118,1.06386,0
6,enqueue_residual,7,S45,1,switch,60,20006,14,120,0,6,100.637,0,0,1.06386,0
6,allocate_send_arrival,7,S45,1,switch,60,20005,14,120,0,6,100.637,0,10.118,1.06386,0
6,enqueue_residual,7,S45,1,switch,60,20005,14,120,0,6,100.637,0,0,1.06386,0
6,allocate_send_arrival,7,S45,1,switch,60,20001,14,120,0,6,100.637,0,10.118,1.06386,0
6,enqueue_residual,7,S45,1,switch,60,20001,14,120,0,6,100.637,0,0,1.06386,0
6,allocate_send_arrival,7,S45,1,switch,60,20003,14,120,0,6,100.637,0,10.118,1.06386,0
6,enqueue_residual,7,S45,1,switch,60,20003,14,120,0,6,100.637,0,0,1.06386,0
6,allocate_send_arrival,7,S45,1,switch,60,20002,14,120,0,6,100.637,0,10.118,1.06386,0
6,enqueue_residual,7,S45,1,switch,60,20002,14,120,0,6,100.637,0,0,1.06386,0
6,allocate_send_arrival,7,S45,1,switch,60,20000,14,120,0,6,100.637,0,10.118,1.06386,0
6,enqueue_residual,7,S45,1,switch,60,20000,14,120,0,6,100.637,0,0,1.06386,0
6,allocate_send_arrival,7,S45,1,switch,60,20008,14,120,0,6,100.637,0,10.118,1.06386,0
6,enqueue_residual,7,S45,1,switch,60,20008,14,120,0,6,100.637,0,0,1.06386,0
6,allocate_send_arrival,7,S45,1,switch,60,20007,14,120,0,6,100.637,0,10.118,1.06386,0
6,enqueue_residual,7,S45,1,switch,60,20007,14,120,0,6,100.637,0,0,1.06386,0
6,allocate_send_arrival,7,S45,1,switch,60,20004,14,120,0,6,100.637,0,10.118,1.06386,0
6,enqueue_residual,7,S45,1,switch,60,20004,14,120,0,6,100.637,0,0,1.06386,0
6,allocate_send_arrival,60,S44,1,terminal,120,20004,14,120,0,6,1000,0,11.1819,0,0
6,allocate_send_arrival,60,S44,1,terminal,120,20000,14,120,0,6,1000,0,11.1819,0,0
6,allocate_send_arrival,60,S44,1,terminal,120,20005,14,120,0,6,1000,0,11.1819,0,0
6,allocate_send_arrival,60,S44,1,terminal,120,20006,14,120,0,6,1000,0,11.1819,0,0
6,allocate_send_arrival,60,S44,1,terminal,120,20002,14,120,0,6,1000,0,11.1819,0,0
6,allocate_send_arrival,60,S44,1,terminal,120,20008,14,120,0,6,1000,0,11.1819,0,0
6,allocate_send_arrival,60,S44,1,terminal,120,20001,14,120,0,6,1000,0,11.1819,0,0
6,allocate_send_arrival,60,S44,1,terminal,120,20007,14,120,0,6,1000,0,11.1819,0,0
6,allocate_send_arrival,60,S44,1,terminal,120,20003,14,120,0,6,1000,0,11.1819,0,0
7,allocate_send_buffered,7,S45,1,switch,60,20006,14,120,0,7,100.637,9.57472,1.06386,0,0
7,allocate_send_buffered,7,S45,1,switch,60,20005,14,120,0,7,100.637,9.57472,1.06386,0,0
7,allocate_send_buffered,7,S45,1,switch,60,20001,14,120,0,7,100.637,9.57472,1.06386,0,0
7,allocate_send_buffered,7,S45,1,switch,60,20003,14,120,0,7,100.637,9.57472,1.06386,0,0
7,allocate_send_buffered,7,S45,1,switch,60,20002,14,120,0,7,100.637,9.57472,1.06386,0,0
7,allocate_send_buffered,7,S45,1,switch,60,20000,14,120,0,7,100.637,9.57472,1.06386,0,0
7,allocate_send_buffered,7,S45,1,switch,60,20008,14,120,0,7,100.637,9.57472,1.06386,0,0
7,allocate_send_buffered,7,S45,1,switch,60,20007,14,120,0,7,100.637,9.57472,1.06386,0,0
7,allocate_send_buffered,7,S45,1,switch,60,20004,14,120,0,7,100.637,9.57472,1.06386,0,0
7,stage_arrival,7,S45,1,switch,60,20008,14,120,0,7,100.637,0,0,11.1819,0
7,stage_arrival,60,S44,1,terminal,120,20006,14,120,0,7,1000,0,0,10.118,0
7,stage_arrival,7,S45,1,switch,60,20001,14,120,0,7,100.637,0,0,11.1819,0
7,stage_arrival,60,S44,1,terminal,120,20003,14,120,0,7,1000,0,0,1.06386,0
7,stage_arrival,60,S44,1,terminal,120,20004,14,120,0,7,1000,0,0,1.06386,0
7,stage_arrival_coalesce,60,S44,1,terminal,120,20006,14,120,0,7,1000,0,0,11.1819,0
7,stage_arrival,60,S44,1,terminal,120,20000,14,120,0,7,1000,0,0,10.118,0
7,stage_arrival,60,S44,1,terminal,120,20005,14,120,0,7,1000,0,0,1.06386,0
7,stage_arrival,7,S45,1,switch,60,20004,14,120,0,7,100.637,0,0,11.1819,0
7,stage_arrival_coalesce,60,S44,1,terminal,120,20004,14,120,0,7,1000,0,0,11.1819,0
7,stage_arrival,7,S45,1,switch,60,20002,14,120,0,7,100.637,0,0,11.1819,0
7,stage_arrival,60,S44,1,terminal,120,20008,14,120,0,7,1000,0,0,1.06386,0
7,stage_arrival_coalesce,60,S44,1,terminal,120,20003,14,120,0,7,1000,0,0,11.1819,0
7,stage_arrival,7,S45,1,switch,60,20005,14,120,0,7,100.637,0,0,11.1819,0
7,stage_arrival,60,S44,1,terminal,120,20001,14,120,0,7,1000,0,0,1.06386,0
7,stage_arrival,60,S44,1,terminal,120,20007,14,120,0,7,1000,0,0,1.06386,0
7,stage_arrival,7,S45,1,switch,60,20007,14,120,0,7,100.637,0,0,11.1819,0
7,stage_arrival,7,S45,1,switch,60,20006,14,120,0,7,100.637,0,0,11.1819,0
7,stage_arrival,7,S45,1,switch,60,20003,14,120,0,7,100.637,0,0,11.1819,0
7,stage_arrival_coalesce,60,S44,1,terminal,120,20005,14,120,0,7,1000,0,0,11.1819,0
7,stage_arrival,60,S44,1,terminal,120,20002,14,120,0,7,1000,0,0,10.118,0
7,stage_arrival_coalesce,60,S44,1,terminal,120,20002,14,120,0,7,1000,0,0,11.1819,0
7,stage_arrival_coalesce,60,S44,1,terminal,120,20000,14,120,0,7,1000,0,0,11.1819,0
7,stage_arrival,7,S45,1,switch,60,20000,14,120,0,7,100.637,0,0,11.1819,0
7,stage_arrival_coalesce,60,S44,1,terminal,120,20008,14,120,0,7,1000,0,0,11.1819,0
7,stage_arrival_coalesce,60,S44,1,terminal,120,20007,14,120,0,7,1000,0,0,11.1819,0
7,stage_arrival_coalesce,60,S44,1,terminal,120,20001,14,120,0,7,1000,0,0,11.1819,0
7,allocate_send_arrival,60,S44,1,terminal,120,20006,14,120,0,7,1000,0,11.1819,0,0
7,allocate_send_arrival,60,S44,1,terminal,120,20003,14,120,0,7,1000,0,11.1819,0,0
7,allocate_send_arrival,60,S44,1,terminal,120,20004,14,120,0,7,1000,0,11.1819,0,0
7,allocate_send_arrival,60,S44,1,terminal,120,20000,14,120,0,7,1000,0,11.1819,0,0
7,allocate_send_arrival,60,S44,1,terminal,120,20005,14,120,0,7,1000,0,11.1819,0,0
7,allocate_send_arrival,60,S44,1,terminal,120,20008,14,120,0,7,1000,0,11.1819,0,0
7,allocate_send_arrival,60,S44,1,terminal,120,20001,14,120,0,7,1000,0,11.1819,0,0
7,allocate_send_arrival,60,S44,1,terminal,120,20007,14,120,0,7,1000,0,11.1819,0,0
7,allocate_send_arrival,60,S44,1,terminal,120,20002,14,120,0,7,1000,0,11.1819,0,0
7,allocate_send_arrival,7,S45,1,switch,60,20008,14,120,0,7,100.637,0,10.118,1.06386,0
7,enqueue_residual,7,S45,1,switch,60,20008,14,120,0,7,100.637,0,0,1.06386,0
7,allocate_send_arrival,7,S45,1,switch,60,20001,14,120,0,7,100.637,0,10.118,1.06386,0
7,enqueue_residual,7,S45,1,switch,60,20001,14,120,0,7,100.637,0,0,1.06386,0
7,allocate_send_arrival,7,S45,1,switch,60,20004,14,120,0,7,100.637,0,10.118,1.06386,0
7,enqueue_residual,7,S45,1,switch,60,20004,14,120,0,7,100.637,0,0,1.06386,0
7,allocate_send_arrival,7,S45,1,switch,60,20002,14,120,0,7,100.637,0,10.118,1.06386,0
7,enqueue_residual,7,S45,1,switch,60,20002,14,120,0,7,100.637,0,0,1.06386,0
7,allocate_send_arrival,7,S45,1,switch,60,20005,14,120,0,7,100.637,0,10.118,1.06386,0
7,enqueue_residual,7,S45,1,switch,60,20005,14,120,0,7,100.637,0,0,1.06386,0
7,allocate_send_arrival,7,S45,1,switch,60,20007,14,120,0,7,100.637,0,10.118,1.06386,0
7,enqueue_residual,7,S45,1,switch,60,20007,14,120,0,7,100.637,0,0,1.06386,0
7,allocate_send_arrival,7,S45,1,switch,60,20006,14,120,0,7,100.637,0,10.118,1.06386,0
7,enqueue_residual,7,S45,1,switch,60,20006,14,120,0,7,100.637,0,0,1.06386,0
7,allocate_send_arrival,7,S45,1,switch,60,20003,14,120,0,7,100.637,0,10.118,1.06386,0
7,enqueue_residual,7,S45,1,switch,60,20003,14,120,0,7,100.637,0,0,1.06386,0
7,allocate_send_arrival,7,S45,1,switch,60,20000,14,120,0,7,100.637,0,10.118,1.06386,0
7,enqueue_residual,7,S45,1,switch,60,20000,14,120,0,7,100.637,0,0,1.06386,0
8,allocate_send_buffered,7,S45,1,switch,60,20008,14,120,0,8,100.637,9.57472,1.06386,0,0
8,allocate_send_buffered,7,S45,1,switch,60,20001,14,120,0,8,100.637,9.57472,1.06386,0,0
8,allocate_send_buffered,7,S45,1,switch,60,20004,14,120,0,8,100.637,9.57472,1.06386,0,0
8,allocate_send_buffered,7,S45,1,switch,60,20002,14,120,0,8,100.637,9.57472,1.06386,0,0
8,allocate_send_buffered,7,S45,1,switch,60,20005,14,120,0,8,100.637,9.57472,1.06386,0,0
8,allocate_send_buffered,7,S45,1,switch,60,20007,14,120,0,8,100.637,9.57472,1.06386,0,0
8,allocate_send_buffered,7,S45,1,switch,60,20006,14,120,0,8,100.637,9.57472,1.06386,0,0
8,allocate_send_buffered,7,S45,1,switch,60,20003,14,120,0,8,100.637,9.57472,1.06386,0,0
8,allocate_send_buffered,7,S45,1,switch,60,20000,14,120,0,8,100.637,9.57472,1.06386,0,0
8,stage_arrival,7,S45,1,switch,60,20003,14,120,0,8,100.637,0,0,11.1819,0
8,stage_arrival,60,S44,1,terminal,120,20004,14,120,0,8,1000,0,0,1.06386,0
8,stage_arrival,7,S45,1,switch,60,20007,14,120,0,8,100.637,0,0,11.1819,0
8,stage_arrival,60,S44,1,terminal,120,20007,14,120,0,8,1000,0,0,10.118,0
8,stage_arrival,7,S45,1,switch,60,20006,14,120,0,8,100.637,0,0,11.1819,0
8,stage_arrival,60,S44,1,terminal,120,20003,14,120,0,8,1000,0,0,1.06386,0
8,stage_arrival,60,S44,1,terminal,120,20002,14,120,0,8,1000,0,0,10.118,0
8,stage_arrival,7,S45,1,switch,60,20000,14,120,0,8,100.637,0,0,11.1819,0
8,stage_arrival,60,S44,1,terminal,120,20000,14,120,0,8,1000,0,0,1.06386,0
8,stage_arrival,7,S45,1,switch,60,20002,14,120,0,8,100.637,0,0,11.1819,0
8,stage_arrival,7,S45,1,switch,60,20005,14,120,0,8,100.637,0,0,11.1819,0
8,stage_arrival,60,S44,1,terminal,120,20008,14,120,0,8,1000,0,0,10.118,0
8,stage_arrival,7,S45,1,switch,60,20001,14,120,0,8,100.637,0,0,11.1819,0
8,stage_arrival_coalesce,60,S44,1,terminal,120,20007,14,120,0,8,1000,0,0,11.1819,0
8,stage_arrival_coalesce,60,S44,1,terminal,120,20002,14,120,0,8,1000,0,0,11.1819,0
8,stage_arrival,60,S44,1,terminal,120,20001,14,120,0,8,1000,0,0,1.06386,0
8,stage_arrival,7,S45,1,switch,60,20004,14,120,0,8,100.637,0,0,11.1819,0
8,stage_arrival_coalesce,60,S44,1,terminal,120,20001,14,120,0,8,1000,0,0,11.1819,0
8,stage_arrival_coalesce,60,S44,1,terminal,120,20003,14,120,0,8,1000,0,0,11.1819,0
8,stage_arrival,60,S44,1,terminal,120,20005,14,120,0,8,1000,0,0,10.118,0
8,stage_arrival_coalesce,60,S44,1,terminal,120,20004,14,120,0,8,1000,0,0,11.1819,0
8,stage_arrival,7,S45,1,switch,60,20008,14,120,0,8,100.637,0,0,11.1819,0
8,stage_arrival,60,S44,1,terminal,120,20006,14,120,0,8,1000,0,0,10.118,0
8,stage_arrival_coalesce,60,S44,1,terminal,120,20005,14,120,0,8,1000,0,0,11.1819,0
8,stage_arrival_coalesce,60,S44,1,terminal,120,20000,14,120,0,8,1000,0,0,11.1819,0
8,stage_arrival_coalesce,60,S44,1,terminal,120,20006,14,120,0,8,1000,0,0,11.1819,0
8,stage_arrival_coalesce,60,S44,1,terminal,120,20008,14,120,0,8,1000,0,0,11.1819,0
8,allocate_send_arrival,60,S44,1,terminal,120,20004,14,120,0,8,1000,0,11.1819,0,0
8,allocate_send_arrival,60,S44,1,terminal,120,20007,14,120,0,8,1000,0,11.1819,0,0
8,allocate_send_arrival,60,S44,1,terminal,120,20003,14,120,0,8,1000,0,11.1819,0,0
8,allocate_send_arrival,60,S44,1,terminal,120,20002,14,120,0,8,1000,0,11.1819,0,0
8,allocate_send_arrival,60,S44,1,terminal,120,20000,14,120,0,8,1000,0,11.1819,0,0
8,allocate_send_arrival,60,S44,1,terminal,120,20008,14,120,0,8,1000,0,11.1819,0,0
8,allocate_send_arrival,60,S44,1,terminal,120,20001,14,120,0,8,1000,0,11.1819,0,0
8,allocate_send_arrival,60,S44,1,terminal,120,20005,14,120,0,8,1000,0,11.1819,0,0
8,allocate_send_arrival,60,S44,1,terminal,120,20006,14,120,0,8,1000,0,11.1819,0,0
8,allocate_send_arrival,7,S45,1,switch,60,20003,14,120,0,8,100.637,0,10.118,1.06386,0
8,enqueue_residual,7,S45,1,switch,60,20003,14,120,0,8,100.637,0,0,1.06386,0
8,allocate_send_arrival,7,S45,1,switch,60,20007,14,120,0,8,100.637,0,10.118,1.06386,0
8,enqueue_residual,7,S45,1,switch,60,20007,14,120,0,8,100.637,0,0,1.06386,0
8,allocate_send_arrival,7,S45,1,switch,60,20006,14,120,0,8,100.637,0,10.118,1.06386,0
8,enqueue_residual,7,S45,1,switch,60,20006,14,120,0,8,100.637,0,0,1.06386,0
8,allocate_send_arrival,7,S45,1,switch,60,20000,14,120,0,8,100.637,0,10.118,1.06386,0
8,enqueue_residual,7,S45,1,switch,60,20000,14,120,0,8,100.637,0,0,1.06386,0
8,allocate_send_arrival,7,S45,1,switch,60,20002,14,120,0,8,100.637,0,10.118,1.06386,0
8,enqueue_residual,7,S45,1,switch,60,20002,14,120,0,8,100.637,0,0,1.06386,0
8,allocate_send_arrival,7,S45,1,switch,60,20005,14,120,0,8,100.637,0,10.118,1.06386,0
8,enqueue_residual,7,S45,1,switch,60,20005,14,120,0,8,100.637,0,0,1.06386,0
8,allocate_send_arrival,7,S45,1,switch,60,20001,14,120,0,8,100.637,0,10.118,1.06386,0
8,enqueue_residual,7,S45,1,switch,60,20001,14,120,0,8,100.637,0,0,1.06386,0
8,allocate_send_arrival,7,S45,1,switch,60,20004,14,120,0,8,100.637,0,10.118,1.06386,0
8,enqueue_residual,7,S45,1,switch,60,20004,14,120,0,8,100.637,0,0,1.06386,0
8,allocate_send_arrival,7,S45,1,switch,60,20008,14,120,0,8,100.637,0,10.118,1.06386,0
8,enqueue_residual,7,S45,1,switch,60,20008,14,120,0,8,100.637,0,0,1.06386,0
9,allocate_send_buffered,7,S45,1,switch,60,20003,14,120,0,9,100.637,9.57472,1.06386,0,0
9,allocate_send_buffered,7,S45,1,switch,60,20007,14,120,0,9,100.637,9.57472,1.06386,0,0
9,allocate_send_buffered,7,S45,1,switch,60,20006,14,120,0,9,100.637,9.57472,1.06386,0,0
9,allocate_send_buffered,7,S45,1,switch,60,20000,14,120,0,9,100.637,9.57472,1.06386,0,0
9,allocate_send_buffered,7,S45,1,switch,60,20002,14,120,0,9,100.637,9.57472,1.06386,0,0
9,allocate_send_buffered,7,S45,1,switch,60,20005,14,120,0,9,100.637,9.57472,1.06386,0,0
9,allocate_send_buffered,7,S45,1,switch,60,20001,14,120,0,9,100.637,9.57472,1.06386,0,0
9,allocate_send_buffered,7,S45,1,switch,60,20004,14,120,0,9,100.637,9.57472,1.06386,0,0
9,allocate_send_buffered,7,S45,1,switch,60,20008,14,120,0,9,100.637,9.57472,1.06386,0,0
9,stage_arrival,60,S44,1,terminal,120,20001,14,120,0,9,1000,0,0,1.06386,0
9,stage_arrival,7,S45,1,switch,60,20005,14,120,0,9,100.637,0,0,11.1819,0
9,stage_arrival,60,S44,1,terminal,120,20007,14,120,0,9,1000,0,0,1.06386,0
9,stage_arrival,7,S45,1,switch,60,20001,14,120,0,9,100.637,0,0,11.1819,0
9,stage_arrival,60,S44,1,terminal,120,20008,14,120,0,9,1000,0,0,10.118,0
9,stage_arrival_coalesce,60,S44,1,terminal,120,20007,14,120,0,9,1000,0,0,11.1819,0
9,stage_arrival,60,S44,1,terminal,120,20005,14,120,0,9,1000,0,0,1.06386,0
9,stage_arrival,60,S44,1,terminal,120,20004,14,120,0,9,1000,0,0,10.118,0
9,stage_arrival,60,S44,1,terminal,120,20006,14,120,0,9,1000,0,0,10.118,0
9,stage_arrival_coalesce,60,S44,1,terminal,120,20006,14,120,0,9,1000,0,0,11.1819,0
9,stage_arrival_coalesce,60,S44,1,terminal,120,20001,14,120,0,9,1000,0,0,11.1819,0
9,stage_arrival,60,S44,1,terminal,120,20003,14,120,0,9,1000,0,0,10.118,0
9,stage_arrival,60,S44,1,terminal,120,20002,14,120,0,9,1000,0,0,10.118,0
9,stage_arrival_coalesce,60,S44,1,terminal,120,20003,14,120,0,9,1000,0,0,11.1819,0
9,stage_arrival,7,S45,1,switch,60,20003,14,120,0,9,100.637,0,0,11.1819,0
9,stage_arrival,7,S45,1,switch,60,20002,14,120,0,9,100.637,0,0,11.1819,0
9,stage_arrival,7,S45,1,switch,60,20000,14,120,0,9,100.637,0,0,11.1819,0
9,stage_arrival,7,S45,1,switch,60,20008,14,120,0,9,100.637,0,0,11.1819,0
9,stage_arrival,60,S44,1,terminal,120,20000,14,120,0,9,1000,0,0,10.118,0
9,stage_arrival_coalesce,60,S44,1,terminal,120,20000,14,120,0,9,1000,0,0,11.1819,0
9,stage_arrival_coalesce,60,S44,1,terminal,120,20005,14,120,0,9,1000,0,0,11.1819,0
9,stage_arrival_coalesce,60,S44,1,terminal,120,20004,14,120,0,9,1000,0,0,11.1819,0
9,stage_arrival,7,S45,1,switch,60,20006,14,120,0,9,100.637,0,0,11.1819,0
9,stage_arrival,7,S45,1,switch,60,20007,14,120,0,9,100.637,0,0,11.1819,0
9,stage_arrival_coalesce,60,S44,1,terminal,120,20002,14,120,0,9,1000,0,0,11.1819,0
9,stage_arrival_coalesce,60,S44,1,terminal,120,20008,14,120,0,9,1000,0,0,11.1819,0
9,stage_arrival,7,S45,1,switch,60,20004,14,120,0,9,100.637,0,0,11.1819,0
9,allocate_send_arrival,60,S44,1,terminal,120,20001,14,120,0,9,1000,0,11.1819,0,0
9,allocate_send_arrival,60,S44,1,terminal,120,20007,14,120,0,9,1000,0,11.1819,0,0
9,allocate_send_arrival,60,S44,1,terminal,120,20008,14,120,0,9,1000,0,11.1819,0,0
9,allocate_send_arrival,60,S44,1,terminal,120,20005,14,120,0,9,1000,0,11.1819,0,0
9,allocate_send_arrival,60,S44,1,terminal,120,20004,14,120,0,9,1000,0,11.1819,0,0
9,allocate_send_arrival,60,S44,1,terminal,120,20006,14,120,0,9,1000,0,11.1819,0,0
9,allocate_send_arrival,60,S44,1,terminal,120,20003,14,120,0,9,1000,0,11.1819,0,0
9,allocate_send_arrival,60,S44,1,terminal,120,20002,14,120,0,9,1000,0,11.1819,0,0
9,allocate_send_arrival,60,S44,1,terminal,120,20000,14,120,0,9,1000,0,11.1819,0,0
9,allocate_send_arrival,7,S45,1,switch,60,20005,14,120,0,9,100.637,0,10.118,1.06386,0
9,enqueue_residual,7,S45,1,switch,60,20005,14,120,0,9,100.637,0,0,1.06386,0
9,allocate_send_arrival,7,S45,1,switch,60,20001,14,120,0,9,100.637,0,10.118,1.06386,0
9,enqueue_residual,7,S45,1,switch,60,20001,14,120,0,9,100.637,0,0,1.06386,0
9,allocate_send_arrival,7,S45,1,switch,60,20003,14,120,0,9,100.637,0,10.118,1.06386,0
9,enqueue_residual,7,S45,1,switch,60,20003,14,120,0,9,100.637,0,0,1.06386,0
9,allocate_send_arrival,7,S45,1,switch,60,20002,14,120,0,9,100.637,0,10.118,1.06386,0
9,enqueue_residual,7,S45,1,switch,60,20002,14,120,0,9,100.637,0,0,1.06386,0
9,allocate_send_arrival,7,S45,1,switch,60,20000,14,120,0,9,100.637,0,10.118,1.06386,0
9,enqueue_residual,7,S45,1,switch,60,20000,14,120,0,9,100.637,0,0,1.06386,0
9,allocate_send_arrival,7,S45,1,switch,60,20008,14,120,0,9,100.637,0,10.118,1.06386,0
9,enqueue_residual,7,S45,1,switch,60,20008,14,120,0,9,100.637,0,0,1.06386,0
9,allocate_send_arrival,7,S45,1,switch,60,20006,14,120,0,9,100.637,0,10.118,1.06386,0
9,enqueue_residual,7,S45,1,switch,60,20006,14,120,0,9,100.637,0,0,1.06386,0
9,allocate_send_arrival,7,S45,1,switch,60,20007,14,120,0,9,100.637,0,10.118,1.06386,0
9,enqueue_residual,7,S45,1,switch,60,20007,14,120,0,9,100.637,0,0,1.06386,0
9,allocate_send_arrival,7,S45,1,switch,60,20004,14,120,0,9,100.637,0,10.118,1.06386,0
9,enqueue_residual,7,S45,1,switch,60,20004,14,120,0,9,100.637,0,0,1.06386,0
10,allocate_send_buffered,7,S45,1,switch,60,20005,14,120,0,10,100.637,9.57472,1.06386,0,0
10,allocate_send_buffered,7,S45,1,switch,60,20001,14,120,0,10,100.637,9.57472,1.06386,0,0
10,allocate_send_buffered,7,S45,1,switch,60,20003,14,120,0,10,100.637,9.57472,1.06386,0,0
10,allocate_send_buffered,7,S45,1,switch,60,20002,14,120,0,10,100.637,9.57472,1.06386,0,0
10,allocate_send_buffered,7,S45,1,switch,60,20000,14,120,0,10,100.637,9.57472,1.06386,0,0
10,allocate_send_buffered,7,S45,1,switch,60,20008,14,120,0,10,100.637,9.57472,1.06386,0,0
10,allocate_send_buffered,7,S45,1,switch,60,20006,14,120,0,10,100.637,9.57472,1.06386,0,0
10,allocate_send_buffered,7,S45,1,switch,60,20007,14,120,0,10,100.637,9.57472,1.06386,0,0
10,allocate_send_buffered,7,S45,1,switch,60,20004,14,120,0,10,100.637,9.57472,1.06386,0,0
10,stage_arrival,7,S45,1,switch,60,20003,14,120,0,10,100.637,0,0,11.1819,0
10,stage_arrival,7,S45,1,switch,60,20002,14,120,0,10,100.637,0,0,11.1819,0
10,stage_arrival,60,S44,1,terminal,120,20008,14,120,0,10,1000,0,0,1.06386,0
10,stage_arrival,60,S44,1,terminal,120,20006,14,120,0,10,1000,0,0,1.06386,0
10,stage_arrival,7,S45,1,switch,60,20000,14,120,0,10,100.637,0,0,11.1819,0
10,stage_arrival,7,S45,1,switch,60,20004,14,120,0,10,100.637,0,0,11.1819,0
10,stage_arrival,60,S44,1,terminal,120,20007,14,120,0,10,1000,0,0,10.118,0
10,stage_arrival_coalesce,60,S44,1,terminal,120,20007,14,120,0,10,1000,0,0,11.1819,0
10,stage_arrival,7,S45,1,switch,60,20008,14,120,0,10,100.637,0,0,10.5921,0
10,stage_arrival,60,S44,1,terminal,120,20000,14,120,0,10,1000,0,0,1.06386,0
10,stage_arrival,7,S45,1,switch,60,20005,14,120,0,10,100.637,0,0,11.1819,0
10,stage_arrival,60,S44,1,terminal,120,20001,14,120,0,10,1000,0,0,10.118,0
10,stage_arrival,60,S44,1,terminal,120,20004,14,120,0,10,1000,0,0,10.118,0
10,stage_arrival_coalesce,60,S44,1,terminal,120,20006,14,120,0,10,1000,0,0,11.1819,0
10,stage_arrival_coalesce,60,S44,1,terminal,120,20004,14,120,0,10,1000,0,0,11.1819,0
10,stage_arrival,7,S45,1,switch,60,20006,14,120,0,10,100.637,0,0,11.1819,0
10,stage_arrival_coalesce,60,S44,1,terminal,120,20008,14,120,0,10,1000,0,0,11.1819,0
10,stage_arrival,60,S44,1,terminal,120,20005,14,120,0,10,1000,0,0,1.06386,0
10,stage_arrival_coalesce,60,S44,1,terminal,120,20005,14,120,0,10,1000,0,0,11.1819,0
10,stage_arrival,60,S44,1,terminal,120,20003,14,120,0,10,1000,0,0,10.118,0
10,stage_arrival,7,S45,1,switch,60,20007,14,120,0,10,100.637,0,0,11.1819,0
10,stage_arrival_coalesce,60,S44,1,terminal,120,20001,14,120,0,10,1000,0,0,11.1819,0
10,stage_arrival_coalesce,60,S44,1,terminal,120,20003,14,120,0,10,1000,0,0,11.1819,0
10,stage_arrival_coalesce,60,S44,1,terminal,120,20000,14,120,0,10,1000,0,0,11.1819,0
10,stage_arrival,7,S45,1,switch,60,20001,14,120,0,10,100.637,0,0,11.1819,0
10,stage_arrival,60,S44,1,terminal,120,20002,14,120,0,10,1000,0,0,1.06386,0
10,stage_arrival_coalesce,60,S44,1,terminal,120,20002,14,120,0,10,1000,0,0,11.1819,0
10,allocate_send_arrival,60,S44,1,terminal,120,20008,14,120,0,10,1000,0,11.1819,0,0
10,allocate_send_arrival,60,S44,1,terminal,120,20006,14,120,0,10,1000,0,11.1819,0,0
10,allocate_send_arrival,60,S44,1,terminal,120,20007,14,120,0,10,1000,0,11.1819,0,0
10,allocate_send_arrival,60,S44,1,terminal,120,20000,14,120,0,10,1000,0,11.1819,0,0
10,allocate_send_arrival,60,S44,1,terminal,120,20001,14,120,0,10,1000,0,11.1819,0,0
10,allocate_send_arrival,60,S44,1,terminal,120,20004,14,120,0,10,1000,0,11.1819,0,0
10,allocate_send_arrival,60,S44,1,terminal,120,20005,14,120,0,10,1000,0,11.1819,0,0
10,allocate_send_arrival,60,S44,1,terminal,120,20003,14,120,0,10,1000,0,11.1819,0,0
10,allocate_send_arrival,60,S44,1,terminal,120,20002,14,120,0,10,1000,0,11.1819,0,0
10,allocate_send_arrival,7,S45,1,switch,60,20003,14,120,0,10,100.637,0,10.118,1.06386,0
10,enqueue_residual,7,S45,1,switch,60,20003,14,120,0,10,100.637,0,0,1.06386,0
10,allocate_send_arrival,7,S45,1,switch,60,20002,14,120,0,10,100.637,0,10.118,1.06386,0
10,enqueue_residual,7,S45,1,switch,60,20002,14,120,0,10,100.637,0,0,1.06386,0
10,allocate_send_arrival,7,S45,1,switch,60,20000,14,120,0,10,100.637,0,10.118,1.06386,0
10,enqueue_residual,7,S45,1,switch,60,20000,14,120,0,10,100.637,0,0,1.06386,0
10,allocate_send_arrival,7,S45,1,switch,60,20004,14,120,0,10,100.637,0,10.118,1.06386,0
10,enqueue_residual,7,S45,1,switch,60,20004,14,120,0,10,100.637,0,0,1.06386,0
10,allocate_send_arrival,7,S45,1,switch,60,20008,14,120,0,10,100.637,0,10.118,0.474111,0
10,enqueue_residual,7,S45,1,switch,60,20008,14,120,0,10,100.637,0,0,0.474111,0
10,allocate_send_arrival,7,S45,1,switch,60,20005,14,120,0,10,100.637,0,10.118,1.06386,0
10,enqueue_residual,7,S45,1,switch,60,20005,14,120,0,10,100.637,0,0,1.06386,0
10,allocate_send_arrival,7,S45,1,switch,60,20006,14,120,0,10,100.637,0,10.118,1.06386,0
10,enqueue_residual,7,S45,1,switch,60,20006,14,120,0,10,100.637,0,0,1.06386,0
10,allocate_send_arrival,7,S45,1,switch,60,20007,14,120,0,10,100.637,0,10.118,1.06386,0
10,enqueue_residual,7,S45,1,switch,60,20007,14,120,0,10,100.637,0,0,1.06386,0
10,allocate_send_arrival,7,S45,1,switch,60,20001,14,120,0,10,100.637,0,10.118,1.06386,0
10,enqueue_residual,7,S45,1,switch,60,20001,14,120,0,10,100.637,0,0,1.06386,0
11,allocate_send_buffered,7,S45,1,switch,60,20003,14,120,0,11,100.637,8.98498,1.06386,0,0
11,allocate_send_buffered,7,S45,1,switch,60,20002,14,120,0,11,100.637,8.98498,1.06386,0,0
11,allocate_send_buffered,7,S45,1,switch,60,20000,14,120,0,11,100.637,8.98498,1.06386,0,0
11,allocate_send_buffered,7,S45,1,switch,60,20004,14,120,0,11,100.637,8.98498,1.06386,0,0
11,allocate_send_buffered,7,S45,1,switch,60,20008,14,120,0,11,100.637,8.98498,0.474111,0,0
11,allocate_send_buffered,7,S45,1,switch,60,20005,14,120,0,11,100.637,8.98498,1.06386,0,0
11,allocate_send_buffered,7,S45,1,switch,60,20006,14,120,0,11,100.637,8.98498,1.06386,0,0
11,allocate_send_buffered,7,S45,1,switch,60,20007,14,120,0,11,100.637,8.98498,1.06386,0,0
11,allocate_send_buffered,7,S45,1,switch,60,20001,14,120,0,11,100.637,8.98498,1.06386,0,0
11,stage_arrival,60,S44,1,terminal,120,20006,14,120,0,11,1000,0,0,10.118,0
11,stage_arrival,60,S44,1,terminal,120,20008,14,120,0,11,1000,0,0,10.118,0
11,stage_arrival,60,S44,1,terminal,120,20005,14,120,0,11,1000,0,0,10.118,0
11,stage_arrival,60,S44,1,terminal,120,20001,14,120,0,11,1000,0,0,1.06386,0
11,stage_arrival,60,S44,1,terminal,120,20000,14,120,0,11,1000,0,0,10.118,0
11,stage_arrival,7,S45,1,switch,60,20004,14,120,0,11,100.637,0,0,11.1819,0
11,stage_arrival,7,S45,1,switch,60,20002,14,120,0,11,100.637,0,0,11.1819,0
11,stage_arrival_coalesce,60,S44,1,terminal,120,20005,14,120,0,11,1000,0,0,11.1819,0
11,stage_arrival,60,S44,1,terminal,120,20007,14,120,0,11,1000,0,0,10.118,0
11,stage_arrival_coalesce,60,S44,1,terminal,120,20006,14,120,0,11,1000,0,0,11.1819,0
11,stage_arrival,60,S44,1,terminal,120,20003,14,120,0,11,1000,0,0,1.06386,0
11,stage_arrival,7,S45,1,switch,60,20008,14,120,0,11,100.637,0,0,10,0
11,stage_arrival_coalesce,60,S44,1,terminal,120,20007,14,120,0,11,1000,0,0,11.1819,0
11,stage_arrival_coalesce,60,S44,1,terminal,120,20000,14,120,0,11,1000,0,0,11.1819,0
11,stage_arrival,7,S45,1,switch,60,20003,14,120,0,11,100.637,0,0,11.1819,0
11,stage_arrival,60,S44,1,terminal,120,20002,14,120,0,11,1000,0,0,1.06386,0
11,stage_arrival,7,S45,1,switch,60,20005,14,120,0,11,100.637,0,0,11.1819,0
11,stage_arrival,60,S44,1,terminal,120,20004,14,120,0,11,1000,0,0,1.06386,0
11,stage_arrival_coalesce,60,S44,1,terminal,120,20002,14,120,0,11,1000,0,0,11.1819,0
11,stage_arrival,7,S45,1,switch,60,20001,14,120,0,11,100.637,0,0,11.1819,0
11,stage_arrival_coalesce,60,S44,1,terminal,120,20004,14,120,0,11,1000,0,0,11.1819,0
11,stage_arrival_coalesce,60,S44,1,terminal,120,20008,14,120,0,11,1000,0,0,11.1819,0
11,stage_arrival_coalesce,60,S44,1,terminal,120,20001,14,120,0,11,1000,0,0,11.1819,0
11,stage_arrival,7,S45,1,switch,60,20007,14,120,0,11,100.637,0,0,11.1819,0
11,stage_arrival,7,S45,1,switch,60,20000,14,120,0,11,100.637,0,0,11.1819,0
11,stage_arrival,7,S45,1,switch,60,20006,14,120,0,11,100.637,0,0,11.1819,0
11,stage_arrival_coalesce,60,S44,1,terminal,120,20003,14,120,0,11,1000,0,0,11.1819,0
11,allocate_send_arrival,60,S44,1,terminal,120,20006,14,120,0,11,1000,0,11.1819,0,0
11,allocate_send_arrival,60,S44,1,terminal,120,20008,14,120,0,11,1000,0,11.1819,0,0
11,allocate_send_arrival,60,S44,1,terminal,120,20005,14,120,0,11,1000,0,11.1819,0,0
11,allocate_send_arrival,60,S44,1,terminal,120,20001,14,120,0,11,1000,0,11.1819,0,0
11,allocate_send_arrival,60,S44,1,terminal,120,20000,14,120,0,11,1000,0,11.1819,0,0
11,allocate_send_arrival,60,S44,1,terminal,120,20007,14,120,0,11,1000,0,11.1819,0,0
11,allocate_send_arrival,60,S44,1,terminal,120,20003,14,120,0,11,1000,0,11.1819,0,0
11,allocate_send_arrival,60,S44,1,terminal,120,20002,14,120,0,11,1000,0,11.1819,0,0
11,allocate_send_arrival,60,S44,1,terminal,120,20004,14,120,0,11,1000,0,11.1819,0,0
11,allocate_send_arrival,7,S45,1,switch,60,20004,14,120,0,11,100.637,0,10.2065,0.975386,0
11,enqueue_residual,7,S45,1,switch,60,20004,14,120,0,11,100.637,0,0,0.975386,0
11,allocate_send_arrival,7,S45,1,switch,60,20002,14,120,0,11,100.637,0,10.2065,0.975386,0
11,enqueue_residual,7,S45,1,switch,60,20002,14,120,0,11,100.637,0,0,0.975386,0
11,allocate_send_arrival,7,S45,1,switch,60,20008,14,120,0,11,100.637,0,10,0,0
11,allocate_send_arrival,7,S45,1,switch,60,20003,14,120,0,11,100.637,0,10.2065,0.975386,0
11,enqueue_residual,7,S45,1,switch,60,20003,14,120,0,11,100.637,0,0,0.975386,0
11,allocate_send_arrival,7,S45,1,switch,60,20005,14,120,0,11,100.637,0,10.2065,0.975386,0
11,enqueue_residual,7,S45,1,switch,60,20005,14,120,0,11,100.637,0,0,0.975386,0
11,allocate_send_arrival,7,S45,1,switch,60,20001,14,120,0,11,100.637,0,10.2065,0.975386,0
11,enqueue_residual,7,S45,1,switch,60,20001,14,120,0,11,100.637,0,0,0.975386,0
11,allocate_send_arrival,7,S45,1,switch,60,20007,14,120,0,11,100.637,0,10.2065,0.975386,0
11,enqueue_residual,7,S45,1,switch,60,20007,14,120,0,11,100.637,0,0,0.975386,0
11,allocate_send_arrival,7,S45,1,switch,60,20000,14,120,0,11,100.637,0,10.2065,0.975386,0
11,enqueue_residual,7,S45,1,switch,60,20000,14,120,0,11,100.637,0,0,0.975386,0
11,allocate_send_arrival,7,S45,1,switch,60,20006,14,120,0,11,100.637,0,10.2065,0.975386,0
11,enqueue_residual,7,S45,1,switch,60,20006,14,120,0,11,100.637,0,0,0.975386,0
12,allocate_send_buffered,7,S45,1,switch,60,20004,14,120,0,12,100.637,7.80309,0.975386,0,0
12,allocate_send_buffered,7,S45,1,switch,60,20002,14,120,0,12,100.637,7.80309,0.975386,0,0
12,allocate_send_buffered,7,S45,1,switch,60,20003,14,120,0,12,100.637,7.80309,0.975386,0,0
12,allocate_send_buffered,7,S45,1,switch,60,20005,14,120,0,12,100.637,7.80309,0.975386,0,0
12,allocate_send_buffered,7,S45,1,switch,60,20001,14,120,0,12,100.637,7.80309,0.975386,0,0
12,allocate_send_buffered,7,S45,1,switch,60,20007,14,120,0,12,100.637,7.80309,0.975386,0,0
12,allocate_send_buffered,7,S45,1,switch,60,20000,14,120,0,12,100.637,7.80309,0.975386,0,0
12,allocate_send_buffered,7,S45,1,switch,60,20006,14,120,0,12,100.637,7.80309,0.975386,0,0
12,stage_arrival,60,S44,1,terminal,120,20005,14,120,0,12,1000,0,0,1.06386,0
12,stage_arrival,60,S44,1,terminal,120,20003,14,120,0,12,1000,0,0,1.06386,0
12,stage_arrival,60,S44,1,terminal,120,20000,14,120,0,12,1000,0,0,1.06386,0
12,stage_arrival,60,S44,1,terminal,120,20008,14,120,0,12,1000,0,0,10,0
12,stage_arrival,60,S44,1,terminal,120,20007,14,120,0,12,1000,0,0,1.06386,0
12,stage_arrival,60,S44,1,terminal,120,20002,14,120,0,12,1000,0,0,10.2065,0
12,stage_arrival,7,S45,1,switch,60,20005,14,120,0,12,100.637,0,0,11.1819,0
12,stage_arrival,7,S45,1,switch,60,20001,14,120,0,12,100.637,0,0,11.1819,0
12,stage_arrival,7,S45,1,switch,60,20000,14,120,0,12,100.637,0,0,11.1819,0
12,stage_arrival,60,S44,1,terminal,120,20006,14,120,0,12,1000,0,0,10.2065,0
12,stage_arrival_coalesce,60,S44,1,terminal,120,20006,14,120,0,12,1000,0,0,11.2704,0
12,stage_arrival,60,S44,1,terminal,120,20004,14,120,0,12,1000,0,0,1.06386,0
12,stage_arrival,7,S45,1,switch,60,20006,14,120,0,12,100.637,0,0,11.1819,0
12,stage_arrival,60,S44,1,terminal,120,20001,14,120,0,12,1000,0,0,1.06386,0
12,stage_arrival,7,S45,1,switch,60,20008,14,120,0,12,100.637,0,0,10,0
12,stage_arrival_coalesce,60,S44,1,terminal,120,20002,14,120,0,12,1000,0,0,11.2704,0
12,stage_arrival_coalesce,60,S44,1,terminal,120,20007,14,120,0,12,1000,0,0,11.2704,0
12,stage_arrival_coalesce,60,S44,1,terminal,120,20001,14,120,0,12,1000,0,0,11.2704,0
12,stage_arrival,7,S45,1,switch,60,20004,14,120,0,12,100.637,0,0,11.1819,0
12,stage_arrival_coalesce,60,S44,1,terminal,120,20000,14,120,0,12,1000,0,0,11.2704,0
12,stage_arrival,7,S45,1,switch,60,20003,14,120,0,12,100.637,0,0,11.1819,0
12,stage_arrival,7,S45,1,switch,60,20007,14,120,0,12,100.637,0,0,11.1819,0
12,stage_arrival_coalesce,60,S44,1,terminal,120,20004,14,120,0,12,1000,0,0,11.2704,0
12,stage_arrival_coalesce,60,S44,1,terminal,120,20005,14,120,0,12,1000,0,0,11.2704,0
12,stage_arrival_coalesce,60,S44,1,terminal,120,20008,14,120,0,12,1000,0,0,10.4741,0
12,stage_arrival,7,S45,1,switch,60,20002,14,120,0,12,100.637,0,0,11.1819,0
12,stage_arrival_coalesce,60,S44,1,terminal,120,20003,14,120,0,12,1000,0,0,11.2704,0
12,allocate_send_arrival,7,S45,1,switch,60,20005,14,120,0,12,100.637,0,10.3542,0.82765,0
12,enqueue_residual,7,S45,1,switch,60,20005,14,120,0,12,100.637,0,0,0.82765,0
12,allocate_send_arrival,7,S45,1,switch,60,20001,14,120,0,12,100.637,0,10.3542,0.82765,0
12,enqueue_residual,7,S45,1,switch,60,20001,14,120,0,12,100.637,0,0,0.82765,0
12,allocate_send_arrival,7,S45,1,switch,60,20000,14,120,0,12,100.637,0,10.3542,0.82765,0
12,enqueue_residual,7,S45,1,switch,60,20000,14,120,0,12,100.637,0,0,0.82765,0
12,allocate_send_arrival,7,S45,1,switch,60,20006,14,120,0,12,100.637,0,10.3542,0.82765,0
12,enqueue_residual,7,S45,1,switch,60,20006,14,120,0,12,100.637,0,0,0.82765,0
12,allocate_send_arrival,7,S45,1,switch,60,20008,14,120,0,12,100.637,0,10,0,0
12,allocate_send_arrival,7,S45,1,switch,60,20004,14,120,0,12,100.637,0,10.3542,0.82765,0
12,enqueue_residual,7,S45,1,switch,60,20004,14,120,0,12,100.637,0,0,0.82765,0
12,allocate_send_arrival,7,S45,1,switch,60,20003,14,120,0,12,100.637,0,10.3542,0.82765,0
12,enqueue_residual,7,S45,1,switch,60,20003,14,120,0,12,100.637,0,0,0.82765,0
12,allocate_send_arrival,7,S45,1,switch,60,20007,14,120,0,12,100.637,0,10.3542,0.82765,0
12,enqueue_residual,7,S45,1,switch,60,20007,14,120,0,12,100.637,0,0,0.82765,0
12,allocate_send_arrival,7,S45,1,switch,60,20002,14,120,0,12,100.637,0,10.3542,0.82765,0
12,enqueue_residual,7,S45,1,switch,60,20002,14,120,0,12,100.637,0,0,0.82765,0
12,allocate_send_arrival,60,S44,1,terminal,120,20005,14,120,0,12,1000,0,11.2704,1.81899e-15,0
12,allocate_send_arrival,60,S44,1,terminal,120,20003,14,120,0,12,1000,0,11.2704,1.81899e-15,0
12,allocate_send_arrival,60,S44,1,terminal,120,20000,14,120,0,12,1000,0,11.2704,1.81899e-15,0
12,allocate_send_arrival,60,S44,1,terminal,120,20008,14,120,0,12,1000,0,10.4741,0,0
12,allocate_send_arrival,60,S44,1,terminal,120,20007,14,120,0,12,1000,0,11.2704,1.81899e-15,0
12,allocate_send_arrival,60,S44,1,terminal,120,20002,14,120,0,12,1000,0,11.2704,1.81899e-15,0
12,allocate_send_arrival,60,S44,1,terminal,120,20006,14,120,0,12,1000,0,11.2704,1.81899e-15,0
12,allocate_send_arrival,60,S44,1,terminal,120,20004,14,120,0,12,1000,0,11.2704,1.81899e-15,0
12,allocate_send_arrival,60,S44,1,terminal,120,20001,14,120,0,12,1000,0,11.2704,1.81899e-15,0
13,allocate_send_buffered,7,S45,1,switch,60,20005,14,120,0,13,100.637,6.6212,0.82765,0,0
13,allocate_send_buffered,7,S45,1,switch,60,20001,14,120,0,13,100.637,6.6212,0.82765,0,0
13,allocate_send_buffered,7,S45,1,switch,60,20000,14,120,0,13,100.637,6.6212,0.82765,0,0
13,allocate_send_buffered,7,S45,1,switch,60,20006,14,120,0,13,100.637,6.6212,0.82765,0,0
13,allocate_send_buffered,7,S45,1,switch,60,20004,14,120,0,13,100.637,6.6212,0.82765,0,0
13,allocate_send_buffered,7,S45,1,switch,60,20003,14,120,0,13,100.637,6.6212,0.82765,0,0
13,allocate_send_buffered,7,S45,1,switch,60,20007,14,120,0,13,100.637,6.6212,0.82765,0,0
13,allocate_send_buffered,7,S45,1,switch,60,20002,14,120,0,13,100.637,6.6212,0.82765,0,0
13,stage_arrival,60,S44,1,terminal,120,20007,14,120,0,13,1000,0,0,0.975386,0
13,stage_arrival,60,S44,1,terminal,120,20002,14,120,0,13,1000,0,0,0.975386,0
13,stage_arrival,60,S44,1,terminal,120,20004,14,120,0,13,1000,0,0,10.3542,0
13,stage_arrival,60,S44,1,terminal,120,20005,14,120,0,13,1000,0,0,10.3542,0
13,stage_arrival,60,S44,1,terminal,120,20003,14,120,0,13,1000,0,0,0.975386,0
13,stage_arrival,7,S45,1,switch,60,20008,14,120,0,13,100.637,0,0,10,0
13,stage_arrival,60,S44,1,terminal,120,20001,14,120,0,13,1000,0,0,0.975386,0
13,stage_arrival,7,S45,1,switch,60,20006,14,120,0,13,100.637,0,0,11.1819,0
13,stage_arrival,60,S44,1,terminal,120,20000,14,120,0,13,1000,0,0,0.975386,0
13,stage_arrival_coalesce,60,S44,1,terminal,120,20001,14,120,0,13,1000,0,0,11.3296,0
13,stage_arrival_coalesce,60,S44,1,terminal,120,20002,14,120,0,13,1000,0,0,11.3296,0
13,stage_arrival_coalesce,60,S44,1,terminal,120,20007,14,120,0,13,1000,0,0,11.3296,0
13,stage_arrival,7,S45,1,switch,60,20001,14,120,0,13,100.637,0,0,11.1819,0
13,stage_arrival,60,S44,1,terminal,120,20008,14,120,0,13,1000,0,0,10,0
13,stage_arrival,7,S45,1,switch,60,20003,14,120,0,13,100.637,0,0,11.1819,0
13,stage_arrival,7,S45,1,switch,60,20004,14,120,0,13,100.637,0,0,11.1819,0
13,stage_arrival,60,S44,1,terminal,120,20006,14,120,0,13,1000,0,0,0.975386,0
13,stage_arrival,7,S45,1,switch,60,20000,14,120,0,13,100.637,0,0,11.1819,0
13,stage_arrival,7,S45,1,switch,60,20005,14,120,0,13,100.637,0,0,11.1819,0
13,stage_arrival,7,S45,1,switch,60,20007,14,120,0,13,100.637,0,0,11.1819,0
13,stage_arrival,7,S45,1,switch,60,20002,14,120,0,13,100.637,0,0,11.1819,0
13,stage_arrival_coalesce,60,S44,1,terminal,120,20003,14,120,0,13,1000,0,0,11.3296,0
13,stage_arrival_coalesce,60,S44,1,terminal,120,20006,14,120,0,13,1000,0,0,11.3296,0
13,stage_arrival_coalesce,60,S44,1,terminal,120,20000,14,120,0,13,1000,0,0,11.3296,0
13,stage_arrival_coalesce,60,S44,1,terminal,120,20005,14,120,0,13,1000,0,0,11.3296,0
13,stage_arrival_coalesce,60,S44,1,terminal,120,20004,14,120,0,13,1000,0,0,11.3296,0
13,allocate_send_arrival,7,S45,1,switch,60,20008,14,120,0,13,100.637,0,10,0,0
13,allocate_send_arrival,7,S45,1,switch,60,20006,14,120,0,13,100.637,0,10.502,0.679914,0
13,enqueue_residual,7,S45,1,switch,60,20006,14,120,0,13,100.637,0,0,0.679914,0
13,allocate_send_arrival,7,S45,1,switch,60,20001,14,120,0,13,100.637,0,10.502,0.679914,0
13,enqueue_residual,7,S45,1,switch,60,20001,14,120,0,13,100.637,0,0,0.679914,0
13,allocate_send_arrival,7,S45,1,switch,60,20003,14,120,0,13,100.637,0,10.502,0.679914,0
13,enqueue_residual,7,S45,1,switch,60,20003,14,120,0,13,100.637,0,0,0.679914,0
13,allocate_send_arrival,7,S45,1,switch,60,20004,14,120,0,13,100.637,0,10.502,0.679914,0
13,enqueue_residual,7,S45,1,switch,60,20004,14,120,0,13,100.637,0,0,0.679914,0
13,allocate_send_arrival,7,S45,1,switch,60,20000,14,120,0,13,100.637,0,10.502,0.679914,0
13,enqueue_residual,7,S45,1,switch,60,20000,14,120,0,13,100.637,0,0,0.679914,0
13,allocate_send_arrival,7,S45,1,switch,60,20005,14,120,0,13,100.637,0,10.502,0.679914,0
13,enqueue_residual,7,S45,1,switch,60,20005,14,120,0,13,100.637,0,0,0.679914,0
13,allocate_send_arrival,7,S45,1,switch,60,20007,14,120,0,13,100.637,0,10.502,0.679914,0
13,enqueue_residual,7,S45,1,switch,60,20007,14,120,0,13,100.637,0,0,0.679914,0
13,allocate_send_arrival,7,S45,1,switch,60,20002,14,120,0,13,100.637,0,10.502,0.679914,0
13,enqueue_residual,7,S45,1,switch,60,20002,14,120,0,13,100.637,0,0,0.679914,0
13,allocate_send_arrival,60,S44,1,terminal,120,20007,14,120,0,13,1000,0,11.3296,1.81899e-15,0
13,allocate_send_arrival,60,S44,1,terminal,120,20002,14,120,0,13,1000,0,11.3296,1.81899e-15,0
13,allocate_send_arrival,60,S44,1,terminal,120,20004,14,120,0,13,1000,0,11.3296,1.81899e-15,0
13,allocate_send_arrival,60,S44,1,terminal,120,20005,14,120,0,13,1000,0,11.3296,1.81899e-15,0
13,allocate_send_arrival,60,S44,1,terminal,120,20003,14,120,0,13,1000,0,11.3296,1.81899e-15,0
13,allocate_send_arrival,60,S44,1,terminal,120,20001,14,120,0,13,1000,0,11.3296,1.81899e-15,0
13,allocate_send_arrival,60,S44,1,terminal,120,20000,14,120,0,13,1000,0,11.3296,1.81899e-15,0
13,allocate_send_arrival,60,S44,1,terminal,120,20008,14,120,0,13,1000,0,10,0,0
13,allocate_send_arrival,60,S44,1,terminal,120,20006,14,120,0,13,1000,0,11.3296,1.81899e-15,0
14,allocate_send_buffered,7,S45,1,switch,60,20006,14,120,0,14,100.637,5.43931,0.679914,0,0
14,allocate_send_buffered,7,S45,1,switch,60,20001,14,120,0,14,100.637,5.43931,0.679914,0,0
14,allocate_send_buffered,7,S45,1,switch,60,20003,14,120,0,14,100.637,5.43931,0.679914,0,0
14,allocate_send_buffered,7,S45,1,switch,60,20004,14,120,0,14,100.637,5.43931,0.679914,0,0
14,allocate_send_buffered,7,S45,1,switch,60,20000,14,120,0,14,100.637,5.43931,0.679914,0,0
14,allocate_send_buffered,7,S45,1,switch,60,20005,14,120,0,14,100.637,5.43931,0.679914,0,0
14,allocate_send_buffered,7,S45,1,switch,60,20007,14,120,0,14,100.637,5.43931,0.679914,0,0
14,allocate_send_buffered,7,S45,1,switch,60,20002,14,120,0,14,100.637,5.43931,0.679914,0,0
14,stage_arrival,60,S44,1,terminal,120,20005,14,120,0,14,1000,0,0,0.82765,0
14,stage_arrival,60,S44,1,terminal,120,20004,14,120,0,14,1000,0,0,10.502,0
14,stage_arrival,60,S44,1,terminal,120,20007,14,120,0,14,1000,0,0,10.502,0
14,stage_arrival,7,S45,1,switch,60,20004,14,120,0,14,100.637,0,0,11.1819,0
14,stage_arrival,60,S44,1,terminal,120,20008,14,120,0,14,1000,0,0,10,0
14,stage_arrival,7,S45,1,switch,60,20005,14,120,0,14,100.637,0,0,11.1819,0
14,stage_arrival,7,S45,1,switch,60,20007,14,120,0,14,100.637,0,0,11.1819,0
14,stage_arrival,60,S44,1,terminal,120,20006,14,120,0,14,1000,0,0,10.502,0
14,stage_arrival_coalesce,60,S44,1,terminal,120,20005,14,120,0,14,1000,0,0,11.3296,0
14,stage_arrival,60,S44,1,terminal,120,20000,14,120,0,14,1000,0,0,0.82765,0
14,stage_arrival_coalesce,60,S44,1,terminal,120,20000,14,120,0,14,1000,0,0,11.3296,0
14,stage_arrival_coalesce,60,S44,1,terminal,120,20007,14,120,0,14,1000,0,0,11.3296,0
14,stage_arrival,60,S44,1,terminal,120,20001,14,120,0,14,1000,0,0,0.82765,0
14,stage_arrival,60,S44,1,terminal,120,20002,14,120,0,14,1000,0,0,0.82765,0
14,stage_arrival,60,S44,1,terminal,120,20003,14,120,0,14,1000,0,0,0.82765,0
14,stage_arrival_coalesce,60,S44,1,terminal,120,20001,14,120,0,14,1000,0,0,11.3296,0
14,stage_arrival_coalesce,60,S44,1,terminal,120,20003,14,120,0,14,1000,0,0,11.3296,0
14,stage_arrival_coalesce,60,S44,1,terminal,120,20006,14,120,0,14,1000,0,0,11.3296,0
14,stage_arrival,7,S45,1,switch,60,20001,14,120,0,14,100.637,0,0,11.1819,0
14,stage_arrival_coalesce,60,S44,1,terminal,120,20002,14,120,0,14,1000,0,0,11.3296,0
14,stage_arrival,7,S45,1,switch,60,20000,14,120,0,14,100.637,0,0,11.1819,0
14,stage_arrival,7,S45,1,switch,60,20008,14,120,0,14,100.637,0,0,10,0
14,stage_arrival,7,S45,1,switch,60,20002,14,120,0,14,100.637,0,0,11.1819,0
14,stage_arrival,7,S45,1,switch,60,20003,14,120,0,14,100.637,0,0,11.1819,0
14,stage_arrival_coalesce,60,S44,1,terminal,120,20004,14,120,0,14,1000,0,0,11.3296,0
14,stage_arrival,7,S45,1,switch,60,20006,14,120,0,14,100.637,0,0,11.1819,0
14,allocate_send_arrival,60,S44,1,terminal,120,20005,14,120,0,14,1000,0,11.3296,0,0
14,allocate_send_arrival,60,S44,1,terminal,120,20004,14,120,0,14,1000,0,11.3296,0,0
14,allocate_send_arrival,60,S44,1,terminal,120,20007,14,120,0,14,1000,0,11.3296,0,0
14,allocate_send_arrival,60,S44,1,terminal,120,20008,14,120,0,14,1000,0,10,0,0
14,allocate_send_arrival,60,S44,1,terminal,120,20006,14,120,0,14,1000,0,11.3296,0,0
14,allocate_send_arrival,60,S44,1,terminal,120,20000,14,120,0,14,1000,0,11.3296,0,0
14,allocate_send_arrival,60,S44,1,terminal,120,20001,14,120,0,14,1000,0,11.3296,0,0
14,allocate_send_arrival,60,S44,1,terminal,120,20002,14,120,0,14,1000,0,11.3296,0,0
14,allocate_send_arrival,60,S44,1,terminal,120,20003,14,120,0,14,1000,0,11.3296,0,0
14,allocate_send_arrival,7,S45,1,switch,60,20004,14,120,0,14,100.637,0,10.6497,0.532178,0
14,enqueue_residual,7,S45,1,switch,60,20004,14,120,0,14,100.637,0,0,0.532178,0
14,allocate_send_arrival,7,S45,1,switch,60,20005,14,120,0,14,100.637,0,10.6497,0.532178,0
14,enqueue_residual,7,S45,1,switch,60,20005,14,120,0,14,100.637,0,0,0.532178,0
14,allocate_send_arrival,7,S45,1,switch,60,20007,14,120,0,14,100.637,0,10.6497,0.532178,0
14,enqueue_residual,7,S45,1,switch,60,20007,14,120,0,14,100.637,0,0,0.532178,0
14,allocate_send_arrival,7,S45,1,switch,60,20001,14,120,0,14,100.637,0,10.6497,0.532178,0
14,enqueue_residual,7,S45,1,switch,60,20001,14,120,0,14,100.637,0,0,0.532178,0
14,allocate_send_arrival,7,S45,1,switch,60,20000,14,120,0,14,100.637,0,10.6497,0.532178,0
14,enqueue_residual,7,S45,1,switch,60,20000,14,120,0,14,100.637,0,0,0.532178,0
14,allocate_send_arrival,7,S45,1,switch,60,20008,14,120,0,14,100.637,0,10,0,0
14,allocate_send_arrival,7,S45,1,switch,60,20002,14,120,0,14,100.637,0,10.6497,0.532178,0
14,enqueue_residual,7,S45,1,switch,60,20002,14,120,0,14,100.637,0,0,0.532178,0
14,allocate_send_arrival,7,S45,1,switch,60,20003,14,120,0,14,100.637,0,10.6497,0.532178,0
14,enqueue_residual,7,S45,1,switch,60,20003,14,120,0,14,100.637,0,0,0.532178,0
14,allocate_send_arrival,7,S45,1,switch,60,20006,14,120,0,14,100.637,0,10.6497,0.532178,0
14,enqueue_residual,7,S45,1,switch,60,20006,14,120,0,14,100.637,0,0,0.532178,0
15,allocate_send_buffered,7,S45,1,switch,60,20004,14,120,0,15,100.637,4.25742,0.532178,0,0
15,allocate_send_buffered,7,S45,1,switch,60,20005,14,120,0,15,100.637,4.25742,0.532178,0,0
15,allocate_send_buffered,7,S45,1,switch,60,20007,14,120,0,15,100.637,4.25742,0.532178,0,0
15,allocate_send_buffered,7,S45,1,switch,60,20001,14,120,0,15,100.637,4.25742,0.532178,0,0
15,allocate_send_buffered,7,S45,1,switch,60,20000,14,120,0,15,100.637,4.25742,0.532178,0,0
15,allocate_send_buffered,7,S45,1,switch,60,20002,14,120,0,15,100.637,4.25742,0.532178,0,0
15,allocate_send_buffered,7,S45,1,switch,60,20003,14,120,0,15,100.637,4.25742,0.532178,0,0
15,allocate_send_buffered,7,S45,1,switch,60,20006,14,120,0,15,100.637,4.25742,0.532178,0,0
15,stage_arrival,7,S45,1,switch,60,20004,14,120,0,15,100.637,0,0,11.1819,0
15,stage_arrival,60,S44,1,terminal,120,20005,14,120,0,15,1000,0,0,10.6497,0
15,stage_arrival,7,S45,1,switch,60,20007,14,120,0,15,100.637,0,0,11.1819,0
15,stage_arrival,7,S45,1,switch,60,20008,14,120,0,15,100.637,0,0,10,0
15,stage_arrival,60,S44,1,terminal,120,20000,14,120,0,15,1000,0,0,0.679914,0
15,stage_arrival,7,S45,1,switch,60,20003,14,120,0,15,100.637,0,0,11.1819,0
15,stage_arrival,7,S45,1,switch,60,20005,14,120,0,15,100.637,0,0,11.1819,0
15,stage_arrival,60,S44,1,terminal,120,20003,14,120,0,15,1000,0,0,0.679914,0
15,stage_arrival,7,S45,1,switch,60,20002,14,120,0,15,100.637,0,0,11.1819,0
15,stage_arrival,7,S45,1,switch,60,20006,14,120,0,15,100.637,0,0,11.1819,0
15,stage_arrival_coalesce,60,S44,1,terminal,120,20000,14,120,0,15,1000,0,0,11.3296,0
15,stage_arrival_coalesce,60,S44,1,terminal,120,20003,14,120,0,15,1000,0,0,11.3296,0
15,stage_arrival,60,S44,1,terminal,120,20004,14,120,0,15,1000,0,0,10.6497,0
15,stage_arrival,60,S44,1,terminal,120,20008,14,120,0,15,1000,0,0,10,0
15,stage_arrival,60,S44,1,terminal,120,20001,14,120,0,15,1000,0,0,0.679914,0
15,stage_arrival,60,S44,1,terminal,120,20002,14,120,0,15,1000,0,0,0.679914,0
15,stage_arrival,60,S44,1,terminal,120,20006,14,120,0,15,1000,0,0,0.679914,0
15,stage_arrival,60,S44,1,terminal,120,20007,14,120,0,15,1000,0,0,0.679914,0
15,stage_arrival_coalesce,60,S44,1,terminal,120,20001,14,120,0,15,1000,0,0,11.3296,0
15,stage_arrival_coalesce,60,S44,1,terminal,120,20002,14,120,0,15,1000,0,0,11.3296,0
15,stage_arrival_coalesce,60,S44,1,terminal,120,20004,14,120,0,15,1000,0,0,11.3296,0
15,stage_arrival,7,S45,1,switch,60,20000,14,120,0,15,100.637,0,0,11.1819,0
15,stage_arrival_coalesce,60,S44,1,terminal,120,20005,14,120,0,15,1000,0,0,11.3296,0
15,stage_arrival,7,S45,1,switch,60,20001,14,120,0,15,100.637,0,0,11.1819,0
15,stage_arrival_coalesce,60,S44,1,terminal,120,20006,14,120,0,15,1000,0,0,11.3296,0
15,stage_arrival_coalesce,60,S44,1,terminal,120,20007,14,120,0,15,1000,0,0,11.3296,0
15,allocate_send_arrival,7,S45,1,switch,60,20004,14,120,0,15,100.637,0,10.7974,0.384441,0
15,enqueue_residual,7,S45,1,switch,60,20004,14,120,0,15,100.637,0,0,0.384441,0
15,allocate_send_arrival,7,S45,1,switch,60,20007,14,120,0,15,100.637,0,10.7974,0.384441,0
15,enqueue_residual,7,S45,1,switch,60,20007,14,120,0,15,100.637,0,0,0.384441,0
15,allocate_send_arrival,7,S45,1,switch,60,20008,14,120,0,15,100.637,0,10,0,0
15,allocate_send_arrival,7,S45,1,switch,60,20003,14,120,0,15,100.637,0,10.7974,0.384441,0
15,enqueue_residual,7,S45,1,switch,60,20003,14,120,0,15,100.637,0,0,0.384441,0
15,allocate_send_arrival,7,S45,1,switch,60,20005,14,120,0,15,100.637,0,10.7974,0.384441,0
15,enqueue_residual,7,S45,1,switch,60,20005,14,120,0,15,100.637,0,0,0.384441,0
15,allocate_send_arrival,7,S45,1,switch,60,20002,14,120,0,15,100.637,0,10.7974,0.384441,0
15,enqueue_residual,7,S45,1,switch,60,20002,14,120,0,15,100.637,0,0,0.384441,0
15,allocate_send_arrival,7,S45,1,switch,60,20006,14,120,0,15,100.637,0,10.7974,0.384441,0
15,enqueue_residual,7,S45,1,switch,60,20006,14,120,0,15,100.637,0,0,0.384441,0
15,allocate_send_arrival,7,S45,1,switch,60,20000,14,120,0,15,100.637,0,10.7974,0.384441,0
15,enqueue_residual,7,S45,1,switch,60,20000,14,120,0,15,100.637,0,0,0.384441,0
15,allocate_send_arrival,7,S45,1,switch,60,20001,14,120,0,15,100.637,0,10.7974,0.384441,0
15,enqueue_residual,7,S45,1,switch,60,20001,14,120,0,15,100.637,0,0,0.384441,0
15,allocate_send_arrival,60,S44,1,terminal,120,20005,14,120,0,15,1000,0,11.3296,0,0
15,allocate_send_arrival,60,S44,1,terminal,120,20000,14,120,0,15,1000,0,11.3296,0,0
15,allocate_send_arrival,60,S44,1,terminal,120,20003,14,120,0,15,1000,0,11.3296,0,0
15,allocate_send_arrival,60,S44,1,terminal,120,20004,14,120,0,15,1000,0,11.3296,0,0
15,allocate_send_arrival,60,S44,1,terminal,120,20008,14,120,0,15,1000,0,10,0,0
15,allocate_send_arrival,60,S44,1,terminal,120,20001,14,120,0,15,1000,0,11.3296,0,0
15,allocate_send_arrival,60,S44,1,terminal,120,20002,14,120,0,15,1000,0,11.3296,0,0
15,allocate_send_arrival,60,S44,1,terminal,120,20006,14,120,0,15,1000,0,11.3296,0,0
15,allocate_send_arrival,60,S44,1,terminal,120,20007,14,120,0,15,1000,0,11.3296,0,0
16,allocate_send_buffered,7,S45,1,switch,60,20004,14,120,0,16,100.637,3.07553,0.384441,0,0
16,allocate_send_buffered,7,S45,1,switch,60,20007,14,120,0,16,100.637,3.07553,0.384441,0,0
16,allocate_send_buffered,7,S45,1,switch,60,20003,14,120,0,16,100.637,3.07553,0.384441,0,0
16,allocate_send_buffered,7,S45,1,switch,60,20005,14,120,0,16,100.637,3.07553,0.384441,0,0
16,allocate_send_buffered,7,S45,1,switch,60,20002,14,120,0,16,100.637,3.07553,0.384441,0,0
16,allocate_send_buffered,7,S45,1,switch,60,20006,14,120,0,16,100.637,3.07553,0.384441,0,0
16,allocate_send_buffered,7,S45,1,switch,60,20000,14,120,0,16,100.637,3.07553,0.384441,0,0
16,allocate_send_buffered,7,S45,1,switch,60,20001,14,120,0,16,100.637,3.07553,0.384441,0,0
16,stage_arrival,7,S45,1,switch,60,20002,14,120,0,16,100.637,0,0,11.1819,0
16,stage_arrival,7,S45,1,switch,60,20000,14,120,0,16,100.637,0,0,11.1819,0
16,stage_arrival,60,S44,1,terminal,120,20006,14,120,0,16,1000,0,0,0.532178,0
16,stage_arrival_coalesce,60,S44,1,terminal,120,20006,14,120,0,16,1000,0,0,11.3296,0
16,stage_arrival,7,S45,1,switch,60,20003,14,120,0,16,100.637,0,0,11.1819,0
16,stage_arrival,7,S45,1,switch,60,20007,14,120,0,16,100.637,0,0,11.1819,0
16,stage_arrival,60,S44,1,terminal,120,20003,14,120,0,16,1000,0,0,0.532178,0
16,stage_arrival,7,S45,1,switch,60,20005,14,120,0,16,100.637,0,0,11.1819,0
16,stage_arrival,7,S45,1,switch,60,20001,14,120,0,16,100.637,0,0,11.1819,0
16,stage_arrival,60,S44,1,terminal,120,20001,14,120,0,16,1000,0,0,10.7974,0
16,stage_arrival,60,S44,1,terminal,120,20007,14,120,0,16,1000,0,0,0.532178,0
16,stage_arrival,60,S44,1,terminal,120,20004,14,120,0,16,1000,0,0,0.532178,0
16,stage_arrival,7,S45,1,switch,60,20004,14,120,0,16,100.637,0,0,11.1819,0
16,stage_arrival,60,S44,1,terminal,120,20005,14,120,0,16,1000,0,0,0.532178,0
16,stage_arrival_coalesce,60,S44,1,terminal,120,20005,14,120,0,16,1000,0,0,11.3296,0
16,stage_arrival_coalesce,60,S44,1,terminal,120,20004,14,120,0,16,1000,0,0,11.3296,0
16,stage_arrival,60,S44,1,terminal,120,20002,14,120,0,16,1000,0,0,10.7974,0
16,stage_arrival,60,S44,1,terminal,120,20000,14,120,0,16,1000,0,0,10.7974,0
16,stage_arrival_coalesce,60,S44,1,terminal,120,20003,14,120,0,16,1000,0,0,11.3296,0
16,stage_arrival_coalesce,60,S44,1,terminal,120,20001,14,120,0,16,1000,0,0,11.3296,0
16,stage_arrival,7,S45,1,switch,60,20006,14,120,0,16,100.637,0,0,11.1819,0
16,stage_arrival_coalesce,60,S44,1,terminal,120,20002,14,120,0,16,1000,0,0,11.3296,0
16,stage_arrival_coalesce,60,S44,1,terminal,120,20007,14,120,0,16,1000,0,0,11.3296,0
16,stage_arrival,7,S45,1,switch,60,20008,14,120,0,16,100.637,0,0,10,0
16,stage_arrival_coalesce,60,S44,1,terminal,120,20000,14,120,0,16,1000,0,0,11.3296,0
16,stage_arrival,60,S44,1,terminal,120,20008,14,120,0,16,1000,0,0,10,0
16,allocate_send_arrival,7,S45,1,switch,60,20002,14,120,0,16,100.637,0,10.9452,0.236705,0
16,enqueue_residual,7,S45,1,switch,60,20002,14,120,0,16,100.637,0,0,0.236705,0
16,allocate_send_arrival,7,S45,1,switch,60,20000,14,120,0,16,100.637,0,10.9452,0.236705,0
16,enqueue_residual,7,S45,1,switch,60,20000,14,120,0,16,100.637,0,0,0.236705,0
16,allocate_send_arrival,7,S45,1,switch,60,20003,14,120,0,16,100.637,0,10.9452,0.236705,0
16,enqueue_residual,7,S45,1,switch,60,20003,14,120,0,16,100.637,0,0,0.236705,0
16,allocate_send_arrival,7,S45,1,switch,60,20007,14,120,0,16,100.637,0,10.9452,0.236705,0
16,enqueue_residual,7,S45,1,switch,60,20007,14,120,0,16,100.637,0,0,0.236705,0
16,allocate_send_arrival,7,S45,1,switch,60,20005,14,120,0,16,100.637,0,10.9452,0.236705,0
16,enqueue_residual,7,S45,1,switch,60,20005,14,120,0,16,100.637,0,0,0.236705,0
16,allocate_send_arrival,7,S45,1,switch,60,20001,14,120,0,16,100.637,0,10.9452,0.236705,0
16,enqueue_residual,7,S45,1,switch,60,20001,14,120,0,16,100.637,0,0,0.236705,0
16,allocate_send_arrival,7,S45,1,switch,60,20004,14,120,0,16,100.637,0,10.9452,0.236705,0
16,enqueue_residual,7,S45,1,switch,60,20004,14,120,0,16,100.637,0,0,0.236705,0
16,allocate_send_arrival,7,S45,1,switch,60,20006,14,120,0,16,100.637,0,10.9452,0.236705,0
16,enqueue_residual,7,S45,1,switch,60,20006,14,120,0,16,100.637,0,0,0.236705,0
16,allocate_send_arrival,7,S45,1,switch,60,20008,14,120,0,16,100.637,0,10,0,0
16,allocate_send_arrival,60,S44,1,terminal,120,20006,14,120,0,16,1000,0,11.3296,1.81899e-15,0
16,allocate_send_arrival,60,S44,1,terminal,120,20003,14,120,0,16,1000,0,11.3296,1.81899e-15,0
16,allocate_send_arrival,60,S44,1,terminal,120,20001,14,120,0,16,1000,0,11.3296,1.81899e-15,0
16,allocate_send_arrival,60,S44,1,terminal,120,20007,14,120,0,16,1000,0,11.3296,1.81899e-15,0
16,allocate_send_arrival,60,S44,1,terminal,120,20004,14,120,0,16,1000,0,11.3296,1.81899e-15,0
16,allocate_send_arrival,60,S44,1,terminal,120,20005,14,120,0,16,1000,0,11.3296,1.81899e-15,0
16,allocate_send_arrival,60,S44,1,terminal,120,20002,14,120,0,16,1000,0,11.3296,1.81899e-15,0
16,allocate_send_arrival,60,S44,1,terminal,120,20000,14,120,0,16,1000,0,11.3296,1.81899e-15,0
16,allocate_send_arrival,60,S44,1,terminal,120,20008,14,120,0,16,1000,0,10,0,0
17,allocate_send_buffered,7,S45,1,switch,60,20002,14,120,0,17,100.637,1.89364,0.236705,0,0
17,allocate_send_buffered,7,S45,1,switch,60,20000,14,120,0,17,100.637,1.89364,0.236705,0,0
17,allocate_send_buffered,7,S45,1,switch,60,20003,14,120,0,17,100.637,1.89364,0.236705,0,0
17,allocate_send_buffered,7,S45,1,switch,60,20007,14,120,0,17,100.637,1.89364,0.236705,0,0
17,allocate_send_buffered,7,S45,1,switch,60,20005,14,120,0,17,100.637,1.89364,0.236705,0,0
17,allocate_send_buffered,7,S45,1,switch,60,20001,14,120,0,17,100.637,1.89364,0.236705,0,0
17,allocate_send_buffered,7,S45,1,switch,60,20004,14,120,0,17,100.637,1.89364,0.236705,0,0
17,allocate_send_buffered,7,S45,1,switch,60,20006,14,120,0,17,100.637,1.89364,0.236705,0,0
17,stage_arrival,60,S44,1,terminal,120,20000,14,120,0,17,1000,0,0,0.384441,0
17,stage_arrival,60,S44,1,terminal,120,20007,14,120,0,17,1000,0,0,0.384441,0
17,stage_arrival,60,S44,1,terminal,120,20002,14,120,0,17,1000,0,0,0.384441,0
17,stage_arrival,60,S44,1,terminal,120,20003,14,120,0,17,1000,0,0,10.9452,0
17,stage_arrival_coalesce,60,S44,1,terminal,120,20002,14,120,0,17,1000,0,0,11.3296,0
17,stage_arrival,60,S44,1,terminal,120,20004,14,120,0,17,1000,0,0,10.9452,0
17,stage_arrival,60,S44,1,terminal,120,20008,14,120,0,17,1000,0,0,10,0
17,stage_arrival,7,S45,1,switch,60,20004,14,120,0,17,100.637,0,0,11.1819,0
17,stage_arrival,7,S45,1,switch,60,20003,14,120,0,17,100.637,0,0,11.1819,0
17,stage_arrival_coalesce,60,S44,1,terminal,120,20003,14,120,0,17,1000,0,0,11.3296,0
17,stage_arrival,7,S45,1,switch,60,20008,14,120,0,17,100.637,0,0,10,0
17,stage_arrival_coalesce,60,S44,1,terminal,120,20004,14,120,0,17,1000,0,0,11.3296,0
17,stage_arrival,7,S45,1,switch,60,20002,14,120,0,17,100.637,0,0,11.1819,0
17,stage_arrival,7,S45,1,switch,60,20000,14,120,0,17,100.637,0,0,11.1819,0
17,stage_arrival,7,S45,1,switch,60,20007,14,120,0,17,100.637,0,0,11.1819,0
17,stage_arrival,60,S44,1,terminal,120,20005,14,120,0,17,1000,0,0,0.384441,0
17,stage_arrival,7,S45,1,switch,60,20006,14,120,0,17,100.637,0,0,11.1819,0
17,stage_arrival,60,S44,1,terminal,120,20006,14,120,0,17,1000,0,0,10.9452,0
17,stage_arrival_coalesce,60,S44,1,terminal,120,20007,14,120,0,17,1000,0,0,11.3296,0
17,stage_arrival_coalesce,60,S44,1,terminal,120,20006,14,120,0,17,1000,0,0,11.3296,0
17,stage_arrival,60,S44,1,terminal,120,20001,14,120,0,17,1000,0,0,10.9452,0
17,stage_arrival,7,S45,1,switch,60,20001,14,120,0,17,100.637,0,0,11.1819,0
17,stage_arrival_coalesce,60,S44,1,terminal,120,20005,14,120,0,17,1000,0,0,11.3296,0
17,stage_arrival_coalesce,60,S44,1,terminal,120,20001,14,120,0,17,1000,0,0,11.3296,0
17,stage_arrival_coalesce,60,S44,1,terminal,120,20000,14,120,0,17,1000,0,0,11.3296,0
17,stage_arrival,7,S45,1,switch,60,20005,14,120,0,17,100.637,0,0,11.1819,0
17,allocate_send_arrival,60,S44,1,terminal,120,20000,14,120,0,17,1000,0,11.3296,1.81899e-15,0
17,allocate_send_arrival,60,S44,1,terminal,120,20007,14,120,0,17,1000,0,11.3296,1.81899e-15,0
17,allocate_send_arrival,60,S44,1,terminal,120,20002,14,120,0,17,1000,0,11.3296,1.81899e-15,0
17,allocate_send_arrival,60,S44,1,terminal,120,20003,14,120,0,17,1000,0,11.3296,1.81899e-15,0
17,allocate_send_arrival,60,S44,1,terminal,120,20004,14,120,0,17,1000,0,11.3296,1.81899e-15,0
17,allocate_send_arrival,60,S44,1,terminal,120,20008,14,120,0,17,1000,0,10,0,0
17,allocate_send_arrival,60,S44,1,terminal,120,20005,14,120,0,17,1000,0,11.3296,1.81899e-15,0
17,allocate_send_arrival,60,S44,1,terminal,120,20006,14,120,0,17,1000,0,11.3296,1.81899e-15,0
17,allocate_send_arrival,60,S44,1,terminal,120,20001,14,120,0,17,1000,0,11.3296,1.81899e-15,0
17,allocate_send_arrival,7,S45,1,switch,60,20004,14,120,0,17,100.637,0,11.0929,0.0889692,0
17,enqueue_residual,7,S45,1,switch,60,20004,14,120,0,17,100.637,0,0,0.0889692,0
17,allocate_send_arrival,7,S45,1,switch,60,20003,14,120,0,17,100.637,0,11.0929,0.0889692,0
17,enqueue_residual,7,S45,1,switch,60,20003,14,120,0,17,100.637,0,0,0.0889692,0
17,allocate_send_arrival,7,S45,1,switch,60,20008,14,120,0,17,100.637,0,10,0,0
17,allocate_send_arrival,7,S45,1,switch,60,20002,14,120,0,17,100.637,0,11.0929,0.0889692,0
17,enqueue_residual,7,S45,1,switch,60,20002,14,120,0,17,100.637,0,0,0.0889692,0
17,allocate_send_arrival,7,S45,1,switch,60,20000,14,120,0,17,100.637,0,11.0929,0.0889692,0
17,enqueue_residual,7,S45,1,switch,60,20000,14,120,0,17,100.637,0,0,0.0889692,0
17,allocate_send_arrival,7,S45,1,switch,60,20007,14,120,0,17,100.637,0,11.0929,0.0889692,0
17,enqueue_residual,7,S45,1,switch,60,20007,14,120,0,17,100.637,0,0,0.0889692,0
17,allocate_send_arrival,7,S45,1,switch,60,20006,14,120,0,17,100.637,0,11.0929,0.0889692,0
17,enqueue_residual,7,S45,1,switch,60,20006,14,120,0,17,100.637,0,0,0.0889692,0
17,allocate_send_arrival,7,S45,1,switch,60,20001,14,120,0,17,100.637,0,11.0929,0.0889692,0
17,enqueue_residual,7,S45,1,switch,60,20001,14,120,0,17,100.637,0,0,0.0889692,0
17,allocate_send_arrival,7,S45,1,switch,60,20005,14,120,0,17,100.637,0,11.0929,0.0889692,0
17,enqueue_residual,7,S45,1,switch,60,20005,14,120,0,17,100.637,0,0,0.0889692,0
18,allocate_send_buffered,7,S45,1,switch,60,20004,14,120,0,18,100.637,0.711753,0.0889692,0,0
18,allocate_send_buffered,7,S45,1,switch,60,20003,14,120,0,18,100.637,0.711753,0.0889692,0,0
18,allocate_send_buffered,7,S45,1,switch,60,20002,14,120,0,18,100.637,0.711753,0.0889692,0,0
18,allocate_send_buffered,7,S45,1,switch,60,20000,14,120,0,18,100.637,0.711753,0.0889692,0,0
18,allocate_send_buffered,7,S45,1,switch,60,20007,14,120,0,18,100.637,0.711753,0.0889692,0,0
18,allocate_send_buffered,7,S45,1,switch,60,20006,14,120,0,18,100.637,0.711753,0.0889692,0,0
18,allocate_send_buffered,7,S45,1,switch,60,20001,14,120,0,18,100.637,0.711753,0.0889692,0,0
18,allocate_send_buffered,7,S45,1,switch,60,20005,14,120,0,18,100.637,0.711753,0.0889692,0,0
18,stage_arrival,7,S45,1,switch,60,20002,14,120,0,18,100.637,0,0,11.1819,0
18,stage_arrival,60,S44,1,terminal,120,20005,14,120,0,18,1000,0,0,11.0929,0
18,stage_arrival,7,S45,1,switch,60,20001,14,120,0,18,100.637,0,0,11.1819,0
18,stage_arrival,60,S44,1,terminal,120,20001,14,120,0,18,1000,0,0,11.0929,0
18,stage_arrival,7,S45,1,switch,60,20003,14,120,0,18,100.637,0,0,11.1819,0
18,stage_arrival,7,S45,1,switch,60,20005,14,120,0,18,100.637,0,0,11.1819,0
18,stage_arrival,60,S44,1,terminal,120,20000,14,120,0,18,1000,0,0,11.0929,0
18,stage_arrival_coalesce,60,S44,1,terminal,120,20001,14,120,0,18,1000,0,0,11.3296,0
18,stage_arrival,7,S45,1,switch,60,20007,14,120,0,18,100.637,0,0,11.1819,0
18,stage_arrival,60,S44,1,terminal,120,20008,14,120,0,18,1000,0,0,10,0
18,stage_arrival,60,S44,1,terminal,120,20003,14,120,0,18,1000,0,0,11.0929,0
18,stage_arrival,7,S45,1,switch,60,20006,14,120,0,18,100.637,0,0,11.1819,0
18,stage_arrival_coalesce,60,S44,1,terminal,120,20003,14,120,0,18,1000,0,0,11.3296,0
18,stage_arrival_coalesce,60,S44,1,terminal,120,20005,14,120,0,18,1000,0,0,11.3296,0
18,stage_arrival,7,S45,1,switch,60,20000,14,120,0,18,100.637,0,0,11.1819,0
18,stage_arrival,60,S44,1,terminal,120,20004,14,120,0,18,1000,0,0,11.0929,0
18,stage_arrival_coalesce,60,S44,1,terminal,120,20000,14,120,0,18,1000,0,0,11.3296,0
18,stage_arrival,7,S45,1,switch,60,20004,14,120,0,18,100.637,0,0,11.1819,0
18,stage_arrival,60,S44,1,terminal,120,20006,14,120,0,18,1000,0,0,11.0929,0
18,stage_arrival_coalesce,60,S44,1,terminal,120,20004,14,120,0,18,1000,0,0,11.3296,0
18,stage_arrival,7,S45,1,switch,60,20008,14,120,0,18,100.637,0,0,10,0
18,stage_arrival_coalesce,60,S44,1,terminal,120,20006,14,120,0,18,1000,0,0,11.3296,0
18,stage_arrival,60,S44,1,terminal,120,20007,14,120,0,18,1000,0,0,0.236705,0
18,stage_arrival,60,S44,1,terminal,120,20002,14,120,0,18,1000,0,0,0.236705,0
18,stage_arrival_coalesce,60,S44,1,terminal,120,20002,14,120,0,18,1000,0,0,11.3296,0
18,stage_arrival_coalesce,60,S44,1,terminal,120,20007,14,120,0,18,1000,0,0,11.3296,0
18,allocate_send_arrival,7,S45,1,switch,60,20002,14,120,0,18,100.637,0,11.1819,0,0
18,allocate_send_arrival,7,S45,1,switch,60,20001,14,120,0,18,100.637,0,11.1819,0,0
18,allocate_send_arrival,7,S45,1,switch,60,20003,14,120,0,18,100.637,0,11.1819,0,0
18,allocate_send_arrival,7,S45,1,switch,60,20005,14,120,0,18,100.637,0,11.1819,0,0
18,allocate_send_arrival,7,S45,1,switch,60,20007,14,120,0,18,100.637,0,11.1819,0,0
18,allocate_send_arrival,7,S45,1,switch,60,20006,14,120,0,18,100.637,0,11.1819,0,0
18,allocate_send_arrival,7,S45,1,switch,60,20000,14,120,0,18,100.637,0,11.1819,0,0
18,allocate_send_arrival,7,S45,1,switch,60,20004,14,120,0,18,100.637,0,11.1819,0,0
18,allocate_send_arrival,7,S45,1,switch,60,20008,14,120,0,18,100.637,0,10,0,0
18,allocate_send_arrival,60,S44,1,terminal,120,20005,14,120,0,18,1000,0,11.3296,0,0
18,allocate_send_arrival,60,S44,1,terminal,120,20001,14,120,0,18,1000,0,11.3296,0,0
18,allocate_send_arrival,60,S44,1,terminal,120,20000,14,120,0,18,1000,0,11.3296,0,0
18,allocate_send_arrival,60,S44,1,terminal,120,20008,14,120,0,18,1000,0,10,0,0
18,allocate_send_arrival,60,S44,1,terminal,120,20003,14,120,0,18,1000,0,11.3296,0,0
18,allocate_send_arrival,60,S44,1,terminal,120,20004,14,120,0,18,1000,0,11.3296,0,0
18,allocate_send_arrival,60,S44,1,terminal,120,20006,14,120,0,18,1000,0,11.3296,0,0
18,allocate_send_arrival,60,S44,1,terminal,120,20007,14,120,0,18,1000,0,11.3296,0,0
18,allocate_send_arrival,60,S44,1,terminal,120,20002,14,120,0,18,1000,0,11.3296,0,0
19,stage_arrival,60,S44,1,terminal,120,20000,14,120,0,19,1000,0,0,0.0889692,0
19,stage_arrival,60,S44,1,terminal,120,20007,14,120,0,19,1000,0,0,11.1819,0
19,stage_arrival,60,S44,1,terminal,120,20004,14,120,0,19,1000,0,0,11.1819,0
19,stage_arrival,60,S44,1,terminal,120,20006,14,120,0,19,1000,0,0,0.0889692,0
19,stage_arrival,60,S44,1,terminal,120,20003,14,120,0,19,1000,0,0,0.0889692,0
19,stage_arrival,60,S44,1,terminal,120,20008,14,120,0,19,1000,0,0,10,0
19,stage_arrival,7,S45,1,switch,60,20001,14,120,0,19,100.637,0,0,11.1819,0
19,stage_arrival_coalesce,60,S44,1,terminal,120,20007,14,120,0,19,1000,0,0,11.2709,0
19,stage_arrival,60,S44,1,terminal,120,20001,14,120,0,19,1000,0,0,0.0889692,0
19,stage_arrival_coalesce,60,S44,1,terminal,120,20000,14,120,0,19,1000,0,0,11.2709,0
19,stage_arrival,7,S45,1,switch,60,20000,14,120,0,19,100.637,0,0,11.1819,0
19,stage_arrival,60,S44,1,terminal,120,20005,14,120,0,19,1000,0,0,0.0889692,0
19,stage_arrival,60,S44,1,terminal,120,20002,14,120,0,19,1000,0,0,0.0889692,0
19,stage_arrival_coalesce,60,S44,1,terminal,120,20001,14,120,0,19,1000,0,0,11.2709,0
19,stage_arrival,7,S45,1,switch,60,20002,14,120,0,19,100.637,0,0,11.1819,0
19,stage_arrival_coalesce,60,S44,1,terminal,120,20002,14,120,0,19,1000,0,0,11.2709,0
19,stage_arrival,7,S45,1,switch,60,20007,14,120,0,19,100.637,0,0,11.1819,0
19,stage_arrival_coalesce,60,S44,1,terminal,120,20006,14,120,0,19,1000,0,0,11.2709,0
19,stage_arrival_coalesce,60,S44,1,terminal,120,20004,14,120,0,19,1000,0,0,11.2709,0
19,stage_arrival,7,S45,1,switch,60,20003,14,120,0,19,100.637,0,0,11.1819,0
19,stage_arrival,7,S45,1,switch,60,20008,14,120,0,19,100.637,0,0,10,0
19,stage_arrival,7,S45,1,switch,60,20006,14,120,0,19,100.637,0,0,11.1819,0
19,stage_arrival,7,S45,1,switch,60,20004,14,120,0,19,100.637,0,0,11.1819,0
19,stage_arrival_coalesce,60,S44,1,terminal,120,20003,14,120,0,19,1000,0,0,11.2709,0
19,stage_arrival_coalesce,60,S44,1,terminal,120,20005,14,120,0,19,1000,0,0,11.2709,0
19,stage_arrival,7,S45,1,switch,60,20005,14,120,0,19,100.637,0,0,11.1819,0
19,allocate_send_arrival,7,S45,1,switch,60,20001,14,120,0,19,100.637,0,11.1819,0,0
19,allocate_send_arrival,7,S45,1,switch,60,20000,14,120,0,19,100.637,0,11.1819,0,0
19,allocate_send_arrival,7,S45,1,switch,60,20002,14,120,0,19,100.637,0,11.1819,0,0
19,allocate_send_arrival,7,S45,1,switch,60,20007,14,120,0,19,100.637,0,11.1819,0,0
19,allocate_send_arrival,7,S45,1,switch,60,20003,14,120,0,19,100.637,0,11.1819,0,0
19,allocate_send_arrival,7,S45,1,switch,60,20008,14,120,0,19,100.637,0,10,0,0
19,allocate_send_arrival,7,S45,1,switch,60,20006,14,120,0,19,100.637,0,11.1819,0,0
19,allocate_send_arrival,7,S45,1,switch,60,20004,14,120,0,19,100.637,0,11.1819,0,0
19,allocate_send_arrival,7,S45,1,switch,60,20005,14,120,0,19,100.637,0,11.1819,0,0
19,allocate_send_arrival,60,S44,1,terminal,120,20000,14,120,0,19,1000,0,11.2709,1.81899e-15,0
19,allocate_send_arrival,60,S44,1,terminal,120,20007,14,120,0,19,1000,0,11.2709,1.81899e-15,0
19,allocate_send_arrival,60,S44,1,terminal,120,20004,14,120,0,19,1000,0,11.2709,1.81899e-15,0
19,allocate_send_arrival,60,S44,1,terminal,120,20006,14,120,0,19,1000,0,11.2709,1.81899e-15,0
19,allocate_send_arrival,60,S44,1,terminal,120,20003,14,120,0,19,1000,0,11.2709,1.81899e-15,0
19,allocate_send_arrival,60,S44,1,terminal,120,20008,14,120,0,19,1000,0,10,0,0
19,allocate_send_arrival,60,S44,1,terminal,120,20001,14,120,0,19,1000,0,11.2709,1.81899e-15,0
19,allocate_send_arrival,60,S44,1,terminal,120,20005,14,120,0,19,1000,0,11.2709,1.81899e-15,0
19,allocate_send_arrival,60,S44,1,terminal,120,20002,14,120,0,19,1000,0,11.2709,1.81899e-15,0
20,stage_arrival,7,S45,1,switch,60,20001,14,120,0,20,100.637,0,0,11.1819,0
20,stage_arrival,7,S45,1,switch,60,20007,14,120,0,20,100.637,0,0,11.1819,0
20,stage_arrival,60,S44,1,terminal,120,20001,14,120,0,20,1000,0,0,11.1819,0
20,stage_arrival,7,S45,1,switch,60,20006,14,120,0,20,100.637,0,0,11.1819,0
20,stage_arrival,60,S44,1,terminal,120,20006,14,120,0,20,1000,0,0,11.1819,0
20,stage_arrival,60,S44,1,terminal,120,20003,14,120,0,20,1000,0,0,11.1819,0
20,stage_arrival,60,S44,1,terminal,120,20004,14,120,0,20,1000,0,0,11.1819,0
20,stage_arrival,7,S45,1,switch,60,20008,14,120,0,20,100.637,0,0,10,0
20,stage_arrival,60,S44,1,terminal,120,20008,14,120,0,20,1000,0,0,10,0
20,stage_arrival,7,S45,1,switch,60,20000,14,120,0,20,100.637,0,0,11.1819,0
20,stage_arrival,7,S45,1,switch,60,20005,14,120,0,20,100.637,0,0,11.1819,0
20,stage_arrival,60,S44,1,terminal,120,20000,14,120,0,20,1000,0,0,11.1819,0
20,stage_arrival,7,S45,1,switch,60,20002,14,120,0,20,100.637,0,0,11.1819,0
20,stage_arrival,7,S45,1,switch,60,20003,14,120,0,20,100.637,0,0,11.1819,0
20,stage_arrival,60,S44,1,terminal,120,20002,14,120,0,20,1000,0,0,11.1819,0
20,stage_arrival,7,S45,1,switch,60,20004,14,120,0,20,100.637,0,0,11.1819,0
20,stage_arrival,60,S44,1,terminal,120,20007,14,120,0,20,1000,0,0,11.1819,0
20,stage_arrival,60,S44,1,terminal,120,20005,14,120,0,20,1000,0,0,11.1819,0
20,allocate_send_arrival,60,S44,1,terminal,120,20001,14,120,0,20,1000,0,11.1819,0,0
20,allocate_send_arrival,60,S44,1,terminal,120,20006,14,120,0,20,1000,0,11.1819,0,0
20,allocate_send_arrival,60,S44,1,terminal,120,20003,14,120,0,20,1000,0,11.1819,0,0
20,allocate_send_arrival,60,S44,1,terminal,120,20004,14,120,0,20,1000,0,11.1819,0,0
20,allocate_send_arrival,60,S44,1,terminal,120,20008,14,120,0,20,1000,0,10,0,0
20,allocate_send_arrival,60,S44,1,terminal,120,20000,14,120,0,20,1000,0,11.1819,0,0
20,allocate_send_arrival,60,S44,1,terminal,120,20002,14,120,0,20,1000,0,11.1819,0,0
20,allocate_send_arrival,60,S44,1,terminal,120,20007,14,120,0,20,1000,0,11.1819,0,0
20,allocate_send_arrival,60,S44,1,terminal,120,20005,14,120,0,20,1000,0,11.1819,0,0
20,allocate_send_arrival,7,S45,1,switch,60,20001,14,120,0,20,100.637,0,11.1819,0,0
20,allocate_send_arrival,7,S45,1,switch,60,20007,14,120,0,20,100.637,0,11.1819,0,0
20,allocate_send_arrival,7,S45,1,switch,60,20006,14,120,0,20,100.637,0,11.1819,0,0
20,allocate_send_arrival,7,S45,1,switch,60,20008,14,120,0,20,100.637,0,10,0,0
20,allocate_send_arrival,7,S45,1,switch,60,20000,14,120,0,20,100.637,0,11.1819,0,0
20,allocate_send_arrival,7,S45,1,switch,60,20005,14,120,0,20,100.637,0,11.1819,0,0
20,allocate_send_arrival,7,S45,1,switch,60,20002,14,120,0,20,100.637,0,11.1819,0,0
20,allocate_send_arrival,7,S45,1,switch,60,20003,14,120,0,20,100.637,0,11.1819,0,0
20,allocate_send_arrival,7,S45,1,switch,60,20004,14,120,0,20,100.637,0,11.1819,0,0
21,stage_arrival,7,S45,1,switch,60,20005,14,120,0,21,100.637,0,0,11.1819,0
21,stage_arrival,7,S45,1,switch,60,20002,14,120,0,21,100.637,0,0,11.1819,0
21,stage_arrival,60,S44,1,terminal,120,20003,14,120,0,21,1000,0,0,11.1819,0
21,stage_arrival,60,S44,1,terminal,120,20005,14,120,0,21,1000,0,0,11.1819,0
21,stage_arrival,60,S44,1,terminal,120,20000,14,120,0,21,1000,0,0,11.1819,0
21,stage_arrival,7,S45,1,switch,60,20003,14,120,0,21,100.637,0,0,11.1819,0
21,stage_arrival,7,S45,1,switch,60,20007,14,120,0,21,100.637,0,0,11.1819,0
21,stage_arrival,60,S44,1,terminal,120,20008,14,120,0,21,1000,0,0,10,0
21,stage_arrival,60,S44,1,terminal,120,20006,14,120,0,21,1000,0,0,11.1819,0
21,stage_arrival,7,S45,1,switch,60,20000,14,120,0,21,100.637,0,0,11.1819,0
21,stage_arrival,7,S45,1,switch,60,20004,14,120,0,21,100.637,0,0,11.1819,0
21,stage_arrival,60,S44,1,terminal,120,20004,14,120,0,21,1000,0,0,11.1819,0
21,stage_arrival,60,S44,1,terminal,120,20001,14,120,0,21,1000,0,0,11.1819,0
21,stage_arrival,7,S45,1,switch,60,20006,14,120,0,21,100.637,0,0,11.1819,0
21,stage_arrival,60,S44,1,terminal,120,20002,14,120,0,21,1000,0,0,11.1819,0
21,stage_arrival,7,S45,1,switch,60,20008,14,120,0,21,100.637,0,0,10,0
21,stage_arrival,60,S44,1,terminal,120,20007,14,120,0,21,1000,0,0,11.1819,0
21,stage_arrival,7,S45,1,switch,60,20001,14,120,0,21,100.637,0,0,11.1819,0
21,allocate_send_arrival,7,S45,1,switch,60,20005,14,120,0,21,100.637,0,11.1819,0,0
21,allocate_send_arrival,7,S45,1,switch,60,20002,14,120,0,21,100.637,0,11.1819,0,0
21,allocate_send_arrival,7,S45,1,switch,60,20003,14,120,0,21,100.637,0,11.1819,0,0
21,allocate_send_arrival,7,S45,1,switch,60,20007,14,120,0,21,100.637,0,11.1819,0,0
21,allocate_send_arrival,7,S45,1,switch,60,20000,14,120,0,21,100.637,0,11.1819,0,0
21,allocate_send_arrival,7,S45,1,switch,60,20004,14,120,0,21,100.637,0,11.1819,0,0
21,allocate_send_arrival,7,S45,1,switch,60,20006,14,120,0,21,100.637,0,11.1819,0,0
21,allocate_send_arrival,7,S45,1,switch,60,20008,14,120,0,21,100.637,0,10,0,0
21,allocate_send_arrival,7,S45,1,switch,60,20001,14,120,0,21,100.637,0,11.1819,0,0
21,allocate_send_arrival,60,S44,1,terminal,120,20003,14,120,0,21,1000,0,11.1819,0,0
21,allocate_send_arrival,60,S44,1,terminal,120,20005,14,120,0,21,1000,0,11.1819,0,0
21,allocate_send_arrival,60,S44,1,terminal,120,20000,14,120,0,21,1000,0,11.1819,0,0
21,allocate_send_arrival,60,S44,1,terminal,120,20008,14,120,0,21,1000,0,10,0,0
21,allocate_send_arrival,60,S44,1,terminal,120,20006,14,120,0,21,1000,0,11.1819,0,0
21,allocate_send_arrival,60,S44,1,terminal,120,20004,14,120,0,21,1000,0,11.1819,0,0
21,allocate_send_arrival,60,S44,1,terminal,120,20001,14,120,0,21,1000,0,11.1819,0,0
21,allocate_send_arrival,60,S44,1,terminal,120,20002,14,120,0,21,1000,0,11.1819,0,0
21,allocate_send_arrival,60,S44,1,terminal,120,20007,14,120,0,21,1000,0,11.1819,0,0
22,stage_arrival,60,S44,1,terminal,120,20007,14,120,0,22,1000,0,0,11.1819,0
22,stage_arrival,60,S44,1,terminal,120,20000,14,120,0,22,1000,0,0,11.1819,0
22,stage_arrival,7,S45,1,switch,60,20001,14,120,0,22,100.637,0,0,11.1819,0
22,stage_arrival,7,S45,1,switch,60,20002,14,120,0,22,100.637,0,0,11.1819,0
22,stage_arrival,7,S45,1,switch,60,20008,14,120,0,22,100.637,0,0,10,0
22,stage_arrival,60,S44,1,terminal,120,20004,14,120,0,22,1000,0,0,11.1819,0
22,stage_arrival,60,S44,1,terminal,120,20005,14,120,0,22,1000,0,0,11.1819,0
22,stage_arrival,7,S45,1,switch,60,20005,14,120,0,22,100.637,0,0,11.1819,0
22,stage_arrival,60,S44,1,terminal,120,20001,14,120,0,22,1000,0,0,11.1819,0
22,stage_arrival,7,S45,1,switch,60,20006,14,120,0,22,100.637,0,0,11.1819,0
22,stage_arrival,60,S44,1,terminal,120,20008,14,120,0,22,1000,0,0,10,0
22,stage_arrival,7,S45,1,switch,60,20004,14,120,0,22,100.637,0,0,11.1819,0
22,stage_arrival,7,S45,1,switch,60,20003,14,120,0,22,100.637,0,0,11.1819,0
22,stage_arrival,60,S44,1,terminal,120,20003,14,120,0,22,1000,0,0,11.1819,0
22,stage_arrival,60,S44,1,terminal,120,20002,14,120,0,22,1000,0,0,11.1819,0
22,stage_arrival,7,S45,1,switch,60,20007,14,120,0,22,100.637,0,0,11.1819,0
22,stage_arrival,7,S45,1,switch,60,20000,14,120,0,22,100.637,0,0,11.1819,0
22,stage_arrival,60,S44,1,terminal,120,20006,14,120,0,22,1000,0,0,11.1819,0
22,allocate_send_arrival,7,S45,1,switch,60,20001,14,120,0,22,100.637,0,11.1819,0,0
22,allocate_send_arrival,7,S45,1,switch,60,20002,14,120,0,22,100.637,0,11.1819,0,0
22,allocate_send_arrival,7,S45,1,switch,60,20008,14,120,0,22,100.637,0,10,0,0
22,allocate_send_arrival,7,S45,1,switch,60,20005,14,120,0,22,100.637,0,11.1819,0,0
22,allocate_send_arrival,7,S45,1,switch,60,20006,14,120,0,22,100.637,0,11.1819,0,0
22,allocate_send_arrival,7,S45,1,switch,60,20004,14,120,0,22,100.637,0,11.1819,0,0
22,allocate_send_arrival,7,S45,1,switch,60,20003,14,120,0,22,100.637,0,11.1819,0,0
22,allocate_send_arrival,7,S45,1,switch,60,20007,14,120,0,22,100.637,0,11.1819,0,0
22,allocate_send_arrival,7,S45,1,switch,60,20000,14,120,0,22,100.637,0,11.1819,0,0
22,allocate_send_arrival,60,S44,1,terminal,120,20007,14,120,0,22,1000,0,11.1819,0,0
22,allocate_send_arrival,60,S44,1,terminal,120,20000,14,120,0,22,1000,0,11.1819,0,0
22,allocate_send_arrival,60,S44,1,terminal,120,20004,14,120,0,22,1000,0,11.1819,0,0
22,allocate_send_arrival,60,S44,1,terminal,120,20005,14,120,0,22,1000,0,11.1819,0,0
22,allocate_send_arrival,60,S44,1,terminal,120,20001,14,120,0,22,1000,0,11.1819,0,0
22,allocate_send_arrival,60,S44,1,terminal,120,20008,14,120,0,22,1000,0,10,0,0
22,allocate_send_arrival,60,S44,1,terminal,120,20003,14,120,0,22,1000,0,11.1819,0,0
22,allocate_send_arrival,60,S44,1,terminal,120,20002,14,120,0,22,1000,0,11.1819,0,0
22,allocate_send_arrival,60,S44,1,terminal,120,20006,14,120,0,22,1000,0,11.1819,0,0
23,stage_arrival,60,S44,1,terminal,120,20002,14,120,0,23,1000,0,0,11.1819,0
23,stage_arrival,7,S45,1,switch,60,20003,14,120,0,23,100.637,0,0,11.1819,0
23,stage_arrival,60,S44,1,terminal,120,20006,14,120,0,23,1000,0,0,11.1819,0
23,stage_arrival,60,S44,1,terminal,120,20008,14,120,0,23,1000,0,0,10,0
23,stage_arrival,7,S45,1,switch,60,20001,14,120,0,23,100.637,0,0,11.1819,0
23,stage_arrival,7,S45,1,switch,60,20006,14,120,0,23,100.637,0,0,11.1819,0
23,stage_arrival,60,S44,1,terminal,120,20004,14,120,0,23,1000,0,0,11.1819,0
23,stage_arrival,60,S44,1,terminal,120,20001,14,120,0,23,1000,0,0,11.1819,0
23,stage_arrival,7,S45,1,switch,60,20002,14,120,0,23,100.637,0,0,11.1819,0
23,stage_arrival,60,S44,1,terminal,120,20005,14,120,0,23,1000,0,0,11.1819,0
23,stage_arrival,7,S45,1,switch,60,20007,14,120,0,23,100.637,0,0,11.1819,0
23,stage_arrival,60,S44,1,terminal,120,20000,14,120,0,23,1000,0,0,11.1819,0
23,stage_arrival,7,S45,1,switch,60,20005,14,120,0,23,100.637,0,0,11.1819,0
23,stage_arrival,60,S44,1,terminal,120,20007,14,120,0,23,1000,0,0,11.1819,0
23,stage_arrival,7,S45,1,switch,60,20008,14,120,0,23,100.637,0,0,10,0
23,stage_arrival,7,S45,1,switch,60,20000,14,120,0,23,100.637,0,0,11.1819,0
23,stage_arrival,60,S44,1,terminal,120,20003,14,120,0,23,1000,0,0,11.1819,0
23,stage_arrival,7,S45,1,switch,60,20004,14,120,0,23,100.637,0,0,11.1819,0
23,allocate_send_arrival,7,S45,1,switch,60,20003,14,120,0,23,100.637,0,11.1819,0,0
23,allocate_send_arrival,7,S45,1,switch,60,20001,14,120,0,23,100.637,0,11.1819,0,0
23,allocate_send_arrival,7,S45,1,switch,60,20006,14,120,0,23,100.637,0,11.1819,0,0
23,allocate_send_arrival,7,S45,1,switch,60,20002,14,120,0,23,100.637,0,11.1819,0,0
23,allocate_send_arrival,7,S45,1,switch,60,20007,14,120,0,23,100.637,0,11.1819,0,0
23,allocate_send_arrival,7,S45,1,switch,60,20005,14,120,0,23,100.637,0,11.1819,0,0
23,allocate_send_arrival,7,S45,1,switch,60,20008,14,120,0,23,100.637,0,10,0,0
23,allocate_send_arrival,7,S45,1,switch,60,20000,14,120,0,23,100.637,0,11.1819,0,0
23,allocate_send_arrival,7,S45,1,switch,60,20004,14,120,0,23,100.637,0,11.1819,0,0
23,allocate_send_arrival,60,S44,1,terminal,120,20002,14,120,0,23,1000,0,11.1819,0,0
23,allocate_send_arrival,60,S44,1,terminal,120,20006,14,120,0,23,1000,0,11.1819,0,0
23,allocate_send_arrival,60,S44,1,terminal,120,20008,14,120,0,23,1000,0,10,0,0
23,allocate_send_arrival,60,S44,1,terminal,120,20004,14,120,0,23,1000,0,11.1819,0,0
23,allocate_send_arrival,60,S44,1,terminal,120,20001,14,120,0,23,1000,0,11.1819,0,0
23,allocate_send_arrival,60,S44,1,terminal,120,20005,14,120,0,23,1000,0,11.1819,0,0
23,allocate_send_arrival,60,S44,1,terminal,120,20000,14,120,0,23,1000,0,11.1819,0,0
23,allocate_send_arrival,60,S44,1,terminal,120,20007,14,120,0,23,1000,0,11.1819,0,0
23,allocate_send_arrival,60,S44,1,terminal,120,20003,14,120,0,23,1000,0,11.1819,0,0
24,stage_arrival,7,S45,1,switch,60,20001,14,120,0,24,100.637,0,0,11.1819,0
24,stage_arrival,60,S44,1,terminal,120,20005,14,120,0,24,1000,0,0,11.1819,0
24,stage_arrival,7,S45,1,switch,60,20002,14,120,0,24,100.637,0,0,11.1819,0
24,stage_arrival,7,S45,1,switch,60,20008,14,120,0,24,100.637,0,0,10,0
24,stage_arrival,60,S44,1,terminal,120,20002,14,120,0,24,1000,0,0,11.1819,0
24,stage_arrival,60,S44,1,terminal,120,20000,14,120,0,24,1000,0,0,11.1819,0
24,stage_arrival,60,S44,1,terminal,120,20004,14,120,0,24,1000,0,0,11.1819,0
24,stage_arrival,7,S45,1,switch,60,20000,14,120,0,24,100.637,0,0,11.1819,0
24,stage_arrival,60,S44,1,terminal,120,20007,14,120,0,24,1000,0,0,11.1819,0
24,stage_arrival,60,S44,1,terminal,120,20003,14,120,0,24,1000,0,0,11.1819,0
24,stage_arrival,60,S44,1,terminal,120,20001,14,120,0,24,1000,0,0,11.1819,0
24,stage_arrival,7,S45,1,switch,60,20006,14,120,0,24,100.637,0,0,11.1819,0
24,stage_arrival,7,S45,1,switch,60,20004,14,120,0,24,100.637,0,0,11.1819,0
24,stage_arrival,7,S45,1,switch,60,20007,14,120,0,24,100.637,0,0,11.1819,0
24,stage_arrival,7,S45,1,switch,60,20003,14,120,0,24,100.637,0,0,11.1819,0
24,stage_arrival,60,S44,1,terminal,120,20006,14,120,0,24,1000,0,0,11.1819,0
24,stage_arrival,7,S45,1,switch,60,20005,14,120,0,24,100.637,0,0,11.1819,0
24,stage_arrival,60,S44,1,terminal,120,20008,14,120,0,24,1000,0,0,10,0
24,allocate_send_arrival,7,S45,1,switch,60,20001,14,120,0,24,100.637,0,11.1819,0,0
24,allocate_send_arrival,7,S45,1,switch,60,20002,14,120,0,24,100.637,0,11.1819,0,0
24,allocate_send_arrival,7,S45,1,switch,60,20008,14,120,0,24,100.637,0,10,0,0
24,allocate_send_arrival,7,S45,1,switch,60,20000,14,120,0,24,100.637,0,11.1819,0,0
24,allocate_send_arrival,7,S45,1,switch,60,20006,14,120,0,24,100.637,0,11.1819,0,0
24,allocate_send_arrival,7,S45,1,switch,60,20004,14,120,0,24,100.637,0,11.1819,0,0
24,allocate_send_arrival,7,S45,1,switch,60,20007,14,120,0,24,100.637,0,11.1819,0,0
24,allocate_send_arrival,7,S45,1,switch,60,20003,14,120,0,24,100.637,0,11.1819,0,0
24,allocate_send_arrival,7,S45,1,switch,60,20005,14,120,0,24,100.637,0,11.1819,0,0
24,allocate_send_arrival,60,S44,1,terminal,120,20005,14,120,0,24,1000,0,11.1819,0,0
24,allocate_send_arrival,60,S44,1,terminal,120,20002,14,120,0,24,1000,0,11.1819,0,0
24,allocate_send_arrival,60,S44,1,terminal,120,20000,14,120,0,24,1000,0,11.1819,0,0
24,allocate_send_arrival,60,S44,1,terminal,120,20004,14,120,0,24,1000,0,11.1819,0,0
24,allocate_send_arrival,60,S44,1,terminal,120,20007,14,120,0,24,1000,0,11.1819,0,0
24,allocate_send_arrival,60,S44,1,terminal,120,20003,14,120,0,24,1000,0,11.1819,0,0
24,allocate_send_arrival,60,S44,1,terminal,120,20001,14,120,0,24,1000,0,11.1819,0,0
24,allocate_send_arrival,60,S44,1,terminal,120,20006,14,120,0,24,1000,0,11.1819,0,0
24,allocate_send_arrival,60,S44,1,terminal,120,20008,14,120,0,24,1000,0,10,0,0
25,stage_arrival,60,S44,1,terminal,120,20003,14,120,0,25,1000,0,0,11.1819,0
25,stage_arrival,60,S44,1,terminal,120,20002,14,120,0,25,1000,0,0,11.1819,0
25,stage_arrival,60,S44,1,terminal,120,20000,14,120,0,25,1000,0,0,11.1819,0
25,stage_arrival,60,S44,1,terminal,120,20001,14,120,0,25,1000,0,0,11.1819,0
25,stage_arrival,60,S44,1,terminal,120,20004,14,120,0,25,1000,0,0,11.1819,0
25,stage_arrival,60,S44,1,terminal,120,20005,14,120,0,25,1000,0,0,11.1819,0
25,stage_arrival,7,S45,1,switch,60,20001,14,120,0,25,100.637,0,0,11.1819,0
25,stage_arrival,7,S45,1,switch,60,20004,14,120,0,25,100.637,0,0,11.1819,0
25,stage_arrival,7,S45,1,switch,60,20000,14,120,0,25,100.637,0,0,11.1819,0
25,stage_arrival,60,S44,1,terminal,120,20006,14,120,0,25,1000,0,0,11.1819,0
25,stage_arrival,7,S45,1,switch,60,20008,14,120,0,25,100.637,0,0,10,0
25,stage_arrival,7,S45,1,switch,60,20002,14,120,0,25,100.637,0,0,11.1819,0
25,stage_arrival,7,S45,1,switch,60,20007,14,120,0,25,100.637,0,0,11.1819,0
25,stage_arrival,60,S44,1,terminal,120,20007,14,120,0,25,1000,0,0,11.1819,0
25,stage_arrival,60,S44,1,terminal,120,20008,14,120,0,25,1000,0,0,10,0
25,stage_arrival,7,S45,1,switch,60,20006,14,120,0,25,100.637,0,0,11.1819,0
25,stage_arrival,7,S45,1,switch,60,20003,14,120,0,25,100.637,0,0,11.1819,0
25,stage_arrival,7,S45,1,switch,60,20005,14,120,0,25,100.637,0,0,11.1819,0
25,allocate_send_arrival,7,S45,1,switch,60,20001,14,120,0,25,100.637,0,11.1819,0,0
25,allocate_send_arrival,7,S45,1,switch,60,20004,14,120,0,25,100.637,0,11.1819,0,0
25,allocate_send_arrival,7,S45,1,switch,60,20000,14,120,0,25,100.637,0,11.1819,0,0
25,allocate_send_arrival,7,S45,1,switch,60,20008,14,120,0,25,100.637,0,10,0,0
25,allocate_send_arrival,7,S45,1,switch,60,20002,14,120,0,25,100.637,0,11.1819,0,0
25,allocate_send_arrival,7,S45,1,switch,60,20007,14,120,0,25,100.637,0,11.1819,0,0
25,allocate_send_arrival,7,S45,1,switch,60,20006,14,120,0,25,100.637,0,11.1819,0,0
25,allocate_send_arrival,7,S45,1,switch,60,20003,14,120,0,25,100.637,0,11.1819,0,0
25,allocate_send_arrival,7,S45,1,switch,60,20005,14,120,0,25,100.637,0,11.1819,0,0
25,allocate_send_arrival,60,S44,1,terminal,120,20003,14,120,0,25,1000,0,11.1819,0,0
25,allocate_send_arrival,60,S44,1,terminal,120,20002,14,120,0,25,1000,0,11.1819,0,0
25,allocate_send_arrival,60,S44,1,terminal,120,20000,14,120,0,25,1000,0,11.1819,0,0
25,allocate_send_arrival,60,S44,1,terminal,120,20001,14,120,0,25,1000,0,11.1819,0,0
25,allocate_send_arrival,60,S44,1,terminal,120,20004,14,120,0,25,1000,0,11.1819,0,0
25,allocate_send_arrival,60,S44,1,terminal,120,20005,14,120,0,25,1000,0,11.1819,0,0
25,allocate_send_arrival,60,S44,1,terminal,120,20006,14,120,0,25,1000,0,11.1819,0,0
25,allocate_send_arrival,60,S44,1,terminal,120,20007,14,120,0,25,1000,0,11.1819,0,0
25,allocate_send_arrival,60,S44,1,terminal,120,20008,14,120,0,25,1000,0,10,0,0
26,stage_arrival,7,S45,1,switch,60,20004,14,120,0,26,100.637,0,0,11.1819,0
26,stage_arrival,7,S45,1,switch,60,20005,14,120,0,26,100.637,0,0,11.1819,0
26,stage_arrival,7,S45,1,switch,60,20001,14,120,0,26,100.637,0,0,11.1819,0
26,stage_arrival,60,S44,1,terminal,120,20002,14,120,0,26,1000,0,0,11.1819,0
26,stage_arrival,7,S45,1,switch,60,20006,14,120,0,26,100.637,0,0,11.1819,0
26,stage_arrival,7,S45,1,switch,60,20007,14,120,0,26,100.637,0,0,11.1819,0
26,stage_arrival,60,S44,1,terminal,120,20000,14,120,0,26,1000,0,0,11.1819,0
26,stage_arrival,60,S44,1,terminal,120,20008,14,120,0,26,1000,0,0,10,0
26,stage_arrival,60,S44,1,terminal,120,20005,14,120,0,26,1000,0,0,11.1819,0
26,stage_arrival,60,S44,1,terminal,120,20001,14,120,0,26,1000,0,0,11.1819,0
26,stage_arrival,7,S45,1,switch,60,20000,14,120,0,26,100.637,0,0,11.1819,0
26,stage_arrival,60,S44,1,terminal,120,20003,14,120,0,26,1000,0,0,11.1819,0
26,stage_arrival,7,S45,1,switch,60,20008,14,120,0,26,100.637,0,0,10,0
26,stage_arrival,7,S45,1,switch,60,20003,14,120,0,26,100.637,0,0,11.1819,0
26,stage_arrival,60,S44,1,terminal,120,20007,14,120,0,26,1000,0,0,11.1819,0
26,stage_arrival,7,S45,1,switch,60,20002,14,120,0,26,100.637,0,0,11.1819,0
26,stage_arrival,60,S44,1,terminal,120,20004,14,120,0,26,1000,0,0,11.1819,0
26,stage_arrival,60,S44,1,terminal,120,20006,14,120,0,26,1000,0,0,11.1819,0
26,allocate_send_arrival,7,S45,1,switch,60,20004,14,120,0,26,100.637,0,11.1819,0,0
26,allocate_send_arrival,7,S45,1,switch,60,20005,14,120,0,26,100.637,0,11.1819,0,0
26,allocate_send_arrival,7,S45,1,switch,60,20001,14,120,0,26,100.637,0,11.1819,0,0
26,allocate_send_arrival,7,S45,1,switch,60,20006,14,120,0,26,100.637,0,11.1819,0,0
26,allocate_send_arrival,7,S45,1,switch,60,20007,14,120,0,26,100.637,0,11.1819,0,0
26,allocate_send_arrival,7,S45,1,switch,60,20000,14,120,0,26,100.637,0,11.1819,0,0
26,allocate_send_arrival,7,S45,1,switch,60,20008,14,120,0,26,100.637,0,10,0,0
26,allocate_send_arrival,7,S45,1,switch,60,20003,14,120,0,26,100.637,0,11.1819,0,0
26,allocate_send_arrival,7,S45,1,switch,60,20002,14,120,0,26,100.637,0,11.1819,0,0
26,allocate_send_arrival,60,S44,1,terminal,120,20002,14,120,0,26,1000,0,11.1819,0,0
26,allocate_send_arrival,60,S44,1,terminal,120,20000,14,120,0,26,1000,0,11.1819,0,0
26,allocate_send_arrival,60,S44,1,terminal,120,20008,14,120,0,26,1000,0,10,0,0
26,allocate_send_arrival,60,S44,1,terminal,120,20005,14,120,0,26,1000,0,11.1819,0,0
26,allocate_send_arrival,60,S44,1,terminal,120,20001,14,120,0,26,1000,0,11.1819,0,0
26,allocate_send_arrival,60,S44,1,terminal,120,20003,14,120,0,26,1000,0,11.1819,0,0
26,allocate_send_arrival,60,S44,1,terminal,120,20007,14,120,0,26,1000,0,11.1819,0,0
26,allocate_send_arrival,60,S44,1,terminal,120,20004,14,120,0,26,1000,0,11.1819,0,0
26,allocate_send_arrival,60,S44,1,terminal,120,20006,14,120,0,26,1000,0,11.1819,0,0
27,stage_arrival,60,S44,1,terminal,120,20007,14,120,0,27,1000,0,0,11.1819,0
27,stage_arrival,60,S44,1,terminal,120,20001,14,120,0,27,1000,0,0,11.1819,0
27,stage_arrival,7,S45,1,switch,60,20001,14,120,0,27,100.637,0,0,11.1819,0
27,stage_arrival,7,S45,1,switch,60,20006,14,120,0,27,100.637,0,0,11.1819,0
27,stage_arrival,7,S45,1,switch,60,20004,14,120,0,27,100.637,0,0,11.1819,0
27,stage_arrival,60,S44,1,terminal,120,20002,14,120,0,27,1000,0,0,11.1819,0
27,stage_arrival,60,S44,1,terminal,120,20005,14,120,0,27,1000,0,0,11.1819,0
27,stage_arrival,60,S44,1,terminal,120,20004,14,120,0,27,1000,0,0,11.1819,0
27,stage_arrival,7,S45,1,switch,60,20007,14,120,0,27,100.637,0,0,11.1819,0
27,stage_arrival,60,S44,1,terminal,120,20006,14,120,0,27,1000,0,0,11.1819,0
27,stage_arrival,60,S44,1,terminal,120,20000,14,120,0,27,1000,0,0,11.1819,0
27,stage_arrival,7,S45,1,switch,60,20002,14,120,0,27,100.637,0,0,11.1819,0
27,stage_arrival,7,S45,1,switch,60,20008,14,120,0,27,100.637,0,0,10,0
27,stage_arrival,60,S44,1,terminal,120,20008,14,120,0,27,1000,0,0,10,0
27,stage_arrival,7,S45,1,switch,60,20005,14,120,0,27,100.637,0,0,11.1819,0
27,stage_arrival,60,S44,1,terminal,120,20003,14,120,0,27,1000,0,0,11.1819,0
27,stage_arrival,7,S45,1,switch,60,20000,14,120,0,27,100.637,0,0,11.1819,0
27,stage_arrival,7,S45,1,switch,60,20003,14,120,0,27,100.637,0,0,11.1819,0
27,allocate_send_arrival,7,S45,1,switch,60,20001,14,120,0,27,100.637,0,11.1819,0,0
27,allocate_send_arrival,7,S45,1,switch,60,20006,14,120,0,27,100.637,0,11.1819,0,0
27,allocate_send_arrival,7,S45,1,switch,60,20004,14,120,0,27,100.637,0,11.1819,0,0
27,allocate_send_arrival,7,S45,1,switch,60,20007,14,120,0,27,100.637,0,11.1819,0,0
27,allocate_send_arrival,7,S45,1,switch,60,20002,14,120,0,27,100.637,0,11.1819,0,0
27,allocate_send_arrival,7,S45,1,switch,60,20008,14,120,0,27,100.637,0,10,0,0
27,allocate_send_arrival,7,S45,1,switch,60,20005,14,120,0,27,100.637,0,11.1819,0,0
27,allocate_send_arrival,7,S45,1,switch,60,20000,14,120,0,27,100.637,0,11.1819,0,0
27,allocate_send_arrival,7,S45,1,switch,60,20003,14,120,0,27,100.637,0,11.1819,0,0
27,allocate_send_arrival,60,S44,1,terminal,120,20007,14,120,0,27,1000,0,11.1819,0,0
27,allocate_send_arrival,60,S44,1,terminal,120,20001,14,120,0,27,1000,0,11.1819,0,0
27,allocate_send_arrival,60,S44,1,terminal,120,20002,14,120,0,27,1000,0,11.1819,0,0
27,allocate_send_arrival,60,S44,1,terminal,120,20005,14,120,0,27,1000,0,11.1819,0,0
27,allocate_send_arrival,60,S44,1,terminal,120,20004,14,120,0,27,1000,0,11.1819,0,0
27,allocate_send_arrival,60,S44,1,terminal,120,20006,14,120,0,27,1000,0,11.1819,0,0
27,allocate_send_arrival,60,S44,1,terminal,120,20000,14,120,0,27,1000,0,11.1819,0,0
27,allocate_send_arrival,60,S44,1,terminal,120,20008,14,120,0,27,1000,0,10,0,0
27,allocate_send_arrival,60,S44,1,terminal,120,20003,14,120,0,27,1000,0,11.1819,0,0
28,stage_arrival,7,S45,1,switch,60,20002,14,120,0,28,100.637,0,0,11.1819,0
28,stage_arrival,60,S44,1,terminal,120,20002,14,120,0,28,1000,0,0,11.1819,0
28,stage_arrival,7,S45,1,switch,60,20008,14,120,0,28,100.637,0,0,10,0
28,stage_arrival,7,S45,1,switch,60,20004,14,120,0,28,100.637,0,0,11.1819,0
28,stage_arrival,7,S45,1,switch,60,20006,14,120,0,28,100.637,0,0,11.1819,0
28,stage_arrival,60,S44,1,terminal,120,20007,14,120,0,28,1000,0,0,11.1819,0
28,stage_arrival,7,S45,1,switch,60,20005,14,120,0,28,100.637,0,0,11.1819,0
28,stage_arrival,7,S45,1,switch,60,20000,14,120,0,28,100.637,0,0,11.1819,0
28,stage_arrival,7,S45,1,switch,60,20007,14,120,0,28,100.637,0,0,11.1819,0
28,stage_arrival,60,S44,1,terminal,120,20006,14,120,0,28,1000,0,0,11.1819,0
28,stage_arrival,60,S44,1,terminal,120,20001,14,120,0,28,1000,0,0,11.1819,0
28,stage_arrival,7,S45,1,switch,60,20003,14,120,0,28,100.637,0,0,11.1819,0
28,stage_arrival,60,S44,1,terminal,120,20004,14,120,0,28,1000,0,0,11.1819,0
28,stage_arrival,60,S44,1,terminal,120,20005,14,120,0,28,1000,0,0,11.1819,0
28,stage_arrival,7,S45,1,switch,60,20001,14,120,0,28,100.637,0,0,11.1819,0
28,stage_arrival,60,S44,1,terminal,120,20000,14,120,0,28,1000,0,0,11.1819,0
28,stage_arrival,60,S44,1,terminal,120,20003,14,120,0,28,1000,0,0,11.1819,0
28,stage_arrival,60,S44,1,terminal,120,20008,14,120,0,28,1000,0,0,10,0
28,allocate_send_arrival,60,S44,1,terminal,120,20002,14,120,0,28,1000,0,11.1819,0,0
28,allocate_send_arrival,60,S44,1,terminal,120,20007,14,120,0,28,1000,0,11.1819,0,0
28,allocate_send_arrival,60,S44,1,terminal,120,20006,14,120,0,28,1000,0,11.1819,0,0
28,allocate_send_arrival,60,S44,1,terminal,120,20001,14,120,0,28,1000,0,11.1819,0,0
28,allocate_send_arrival,60,S44,1,terminal,120,20004,14,120,0,28,1000,0,11.1819,0,0
28,allocate_send_arrival,60,S44,1,terminal,120,20005,14,120,0,28,1000,0,11.1819,0,0
28,allocate_send_arrival,60,S44,1,terminal,120,20000,14,120,0,28,1000,0,11.1819,0,0
28,allocate_send_arrival,60,S44,1,terminal,120,20003,14,120,0,28,1000,0,11.1819,0,0
28,allocate_send_arrival,60,S44,1,terminal,120,20008,14,120,0,28,1000,0,10,0,0
28,allocate_send_arrival,7,S45,1,switch,60,20002,14,120,0,28,100.637,0,11.1819,0,0
28,allocate_send_arrival,7,S45,1,switch,60,20008,14,120,0,28,100.637,0,10,0,0
28,allocate_send_arrival,7,S45,1,switch,60,20004,14,120,0,28,100.637,0,11.1819,0,0
28,allocate_send_arrival,7,S45,1,switch,60,20006,14,120,0,28,100.637,0,11.1819,0,0
28,allocate_send_arrival,7,S45,1,switch,60,20005,14,120,0,28,100.637,0,11.1819,0,0
28,allocate_send_arrival,7,S45,1,switch,60,20000,14,120,0,28,100.637,0,11.1819,0,0
28,allocate_send_arrival,7,S45,1,switch,60,20007,14,120,0,28,100.637,0,11.1819,0,0
28,allocate_send_arrival,7,S45,1,switch,60,20003,14,120,0,28,100.637,0,11.1819,0,0
28,allocate_send_arrival,7,S45,1,switch,60,20001,14,120,0,28,100.637,0,11.1819,0,0
29,stage_arrival,7,S45,1,switch,60,20008,14,120,0,29,100.637,0,0,10,0
29,stage_arrival,60,S44,1,terminal,120,20003,14,120,0,29,1000,0,0,11.1819,0
29,stage_arrival,7,S45,1,switch,60,20003,14,120,0,29,100.637,0,0,11.1819,0
29,stage_arrival,60,S44,1,terminal,120,20001,14,120,0,29,1000,0,0,11.1819,0
29,stage_arrival,7,S45,1,switch,60,20002,14,120,0,29,100.637,0,0,11.1819,0
29,stage_arrival,60,S44,1,terminal,120,20007,14,120,0,29,1000,0,0,11.1819,0
29,stage_arrival,7,S45,1,switch,60,20000,14,120,0,29,100.637,0,0,11.1819,0
29,stage_arrival,7,S45,1,switch,60,20001,14,120,0,29,100.637,0,0,11.1819,0
29,stage_arrival,60,S44,1,terminal,120,20004,14,120,0,29,1000,0,0,11.1819,0
29,stage_arrival,7,S45,1,switch,60,20005,14,120,0,29,100.637,0,0,11.1819,0
29,stage_arrival,7,S45,1,switch,60,20007,14,120,0,29,100.637,0,0,11.1819,0
29,stage_arrival,60,S44,1,terminal,120,20008,14,120,0,29,1000,0,0,10,0
29,stage_arrival,60,S44,1,terminal,120,20002,14,120,0,29,1000,0,0,11.1819,0
29,stage_arrival,7,S45,1,switch,60,20006,14,120,0,29,100.637,0,0,11.1819,0
29,stage_arrival,60,S44,1,terminal,120,20006,14,120,0,29,1000,0,0,11.1819,0
29,stage_arrival,60,S44,1,terminal,120,20005,14,120,0,29,1000,0,0,11.1819,0
29,stage_arrival,60,S44,1,terminal,120,20000,14,120,0,29,1000,0,0,11.1819,0
29,stage_arrival,7,S45,1,switch,60,20004,14,120,0,29,100.637,0,0,11.1819,0
29,allocate_send_arrival,60,S44,1,terminal,120,20003,14,120,0,29,1000,0,11.1819,0,0
29,allocate_send_arrival,60,S44,1,terminal,120,20001,14,120,0,29,1000,0,11.1819,0,0
29,allocate_send_arrival,60,S44,1,terminal,120,20007,14,120,0,29,1000,0,11.1819,0,0
29,allocate_send_arrival,60,S44,1,terminal,120,20004,14,120,0,29,1000,0,11.1819,0,0
29,allocate_send_arrival,60,S44,1,terminal,120,20008,14,120,0,29,1000,0,10,0,0
29,allocate_send_arrival,60,S44,1,terminal,120,20002,14,120,0,29,1000,0,11.1819,0,0
29,allocate_send_arrival,60,S44,1,terminal,120,20006,14,120,0,29,1000,0,11.1819,0,0
29,allocate_send_arrival,60,S44,1,terminal,120,20005,14,120,0,29,1000,0,11.1819,0,0
29,allocate_send_arrival,60,S44,1,terminal,120,20000,14,120,0,29,1000,0,11.1819,0,0
29,allocate_send_arrival,7,S45,1,switch,60,20008,14,120,0,29,100.637,0,10,0,0
29,allocate_send_arrival,7,S45,1,switch,60,20003,14,120,0,29,100.637,0,11.1819,0,0
29,allocate_send_arrival,7,S45,1,switch,60,20002,14,120,0,29,100.637,0,11.1819,0,0
29,allocate_send_arrival,7,S45,1,switch,60,20000,14,120,0,29,100.637,0,11.1819,0,0
29,allocate_send_arrival,7,S45,1,switch,60,20001,14,120,0,29,100.637,0,11.1819,0,0
29,allocate_send_arrival,7,S45,1,switch,60,20005,14,120,0,29,100.637,0,11.1819,0,0
29,allocate_send_arrival,7,S45,1,switch,60,20007,14,120,0,29,100.637,0,11.1819,0,0
29,allocate_send_arrival,7,S45,1,switch,60,20006,14,120,0,29,100.637,0,11.1819,0,0
29,allocate_send_arrival,7,S45,1,switch,60,20004,14,120,0,29,100.637,0,11.1819,0,0
30,stage_arrival,60,S44,1,terminal,120,20005,14,120,0,30,1000,0,0,11.1819,0
30,stage_arrival,60,S44,1,terminal,120,20000,14,120,0,30,1000,0,0,11.1819,0
30,stage_arrival,60,S44,1,terminal,120,20004,14,120,0,30,1000,0,0,11.1819,0
30,stage_arrival,60,S44,1,terminal,120,20001,14,120,0,30,1000,0,0,11.1819,0
30,stage_arrival,7,S45,1,switch,60,20007,14,120,0,30,100.637,0,0,11.1819,0
30,stage_arrival,7,S45,1,switch,60,20001,14,120,0,30,100.637,0,0,11.1819,0
30,stage_arrival,60,S44,1,terminal,120,20002,14,120,0,30,1000,0,0,11.1819,0
30,stage_arrival,7,S45,1,switch,60,20002,14,120,0,30,100.637,0,0,11.1819,0
30,stage_arrival,60,S44,1,terminal,120,20007,14,120,0,30,1000,0,0,11.1819,0
30,stage_arrival,7,S45,1,switch,60,20006,14,120,0,30,100.637,0,0,11.1819,0
30,stage_arrival,7,S45,1,switch,60,20000,14,120,0,30,100.637,0,0,11.1819,0
30,stage_arrival,60,S44,1,terminal,120,20003,14,120,0,30,1000,0,0,11.1819,0
30,stage_arrival,7,S45,1,switch,60,20003,14,120,0,30,100.637,0,0,11.1819,0
30,stage_arrival,60,S44,1,terminal,120,20008,14,120,0,30,1000,0,0,10,0
30,stage_arrival,7,S45,1,switch,60,20008,14,120,0,30,100.637,0,0,10,0
30,stage_arrival,60,S44,1,terminal,120,20006,14,120,0,30,1000,0,0,11.1819,0
30,stage_arrival,7,S45,1,switch,60,20005,14,120,0,30,100.637,0,0,11.1819,0
30,stage_arrival,7,S45,1,switch,60,20004,14,120,0,30,100.637,0,0,11.1819,0
30,allocate_send_arrival,7,S45,1,switch,60,20007,14,120,0,30,100.637,0,11.1819,0,0
30,allocate_send_arrival,7,S45,1,switch,60,20001,14,120,0,30,100.637,0,11.1819,0,0
30,allocate_send_arrival,7,S45,1,switch,60,20002,14,120,0,30,100.637,0,11.1819,0,0
30,allocate_send_arrival,7,S45,1,switch,60,20006,14,120,0,30,100.637,0,11.1819,0,0
30,allocate_send_arrival,7,S45,1,switch,60,20000,14,120,0,30,100.637,0,11.1819,0,0
30,allocate_send_arrival,7,S45,1,switch,60,20003,14,120,0,30,100.637,0,11.1819,0,0
30,allocate_send_arrival,7,S45,1,switch,60,20008,14,120,0,30,100.637,0,10,0,0
30,allocate_send_arrival,7,S45,1,switch,60,20005,14,120,0,30,100.637,0,11.1819,0,0
30,allocate_send_arrival,7,S45,1,switch,60,20004,14,120,0,30,100.637,0,11.1819,0,0
30,allocate_send_arrival,60,S44,1,terminal,120,20005,14,120,0,30,1000,0,11.1819,0,0
30,allocate_send_arrival,60,S44,1,terminal,120,20000,14,120,0,30,1000,0,11.1819,0,0
30,allocate_send_arrival,60,S44,1,terminal,120,20004,14,120,0,30,1000,0,11.1819,0,0
30,allocate_send_arrival,60,S44,1,terminal,120,20001,14,120,0,30,1000,0,11.1819,0,0
30,allocate_send_arrival,60,S44,1,terminal,120,20002,14,120,0,30,1000,0,11.1819,0,0
30,allocate_send_arrival,60,S44,1,terminal,120,20007,14,120,0,30,1000,0,11.1819,0,0
30,allocate_send_arrival,60,S44,1,terminal,120,20003,14,120,0,30,1000,0,11.1819,0,0
30,allocate_send_arrival,60,S44,1,terminal,120,20008,14,120,0,30,1000,0,10,0,0
30,allocate_send_arrival,60,S44,1,terminal,120,20006,14,120,0,30,1000,0,11.1819,0,0
31,stage_arrival,7,S45,1,switch,60,20008,14,120,0,31,100.637,0,0,10,0
31,stage_arrival,60,S44,1,terminal,120,20004,14,120,0,31,1000,0,0,11.1819,0
31,stage_arrival,60,S44,1,terminal,120,20005,14,120,0,31,1000,0,0,11.1819,0
31,stage_arrival,7,S45,1,switch,60,20001,14,120,0,31,100.637,0,0,11.1819,0
31,stage_arrival,7,S45,1,switch,60,20004,14,120,0,31,100.637,0,0,11.1819,0
31,stage_arrival,60,S44,1,terminal,120,20000,14,120,0,31,1000,0,0,11.1819,0
31,stage_arrival,7,S45,1,switch,60,20005,14,120,0,31,100.637,0,0,11.1819,0
31,stage_arrival,60,S44,1,terminal,120,20001,14,120,0,31,1000,0,0,11.1819,0
31,stage_arrival,7,S45,1,switch,60,20000,14,120,0,31,100.637,0,0,11.1819,0
31,stage_arrival,7,S45,1,switch,60,20003,14,120,0,31,100.637,0,0,11.1819,0
31,stage_arrival,60,S44,1,terminal,120,20002,14,120,0,31,1000,0,0,11.1819,0
31,stage_arrival,60,S44,1,terminal,120,20007,14,120,0,31,1000,0,0,11.1819,0
31,stage_arrival,60,S44,1,terminal,120,20003,14,120,0,31,1000,0,0,11.1819,0
31,stage_arrival,7,S45,1,switch,60,20002,14,120,0,31,100.637,0,0,11.1819,0
31,stage_arrival,7,S45,1,switch,60,20006,14,120,0,31,100.637,0,0,11.1819,0
31,stage_arrival,60,S44,1,terminal,120,20006,14,120,0,31,1000,0,0,11.1819,0
31,stage_arrival,60,S44,1,terminal,120,20008,14,120,0,31,1000,0,0,10,0
31,stage_arrival,7,S45,1,switch,60,20007,14,120,0,31,100.637,0,0,11.1819,0
31,allocate_send_arrival,7,S45,1,switch,60,20008,14,120,0,31,100.637,0,10,0,0
31,allocate_send_arrival,7,S45,1,switch,60,20001,14,120,0,31,100.637,0,11.1819,0,0
31,allocate_send_arrival,7,S45,1,switch,60,20004,14,120,0,31,100.637,0,11.1819,0,0
31,allocate_send_arrival,7,S45,1,switch,60,20005,14,120,0,31,100.637,0,11.1819,0,0
31,allocate_send_arrival,7,S45,1,switch,60,20000,14,120,0,31,100.637,0,11.1819,0,0
31,allocate_send_arrival,7,S45,1,switch,60,20003,14,120,0,31,100.637,0,11.1819,0,0
31,allocate_send_arrival,7,S45,1,switch,60,20002,14,120,0,31,100.637,0,11.1819,0,0
31,allocate_send_arrival,7,S45,1,switch,60,20006,14,120,0,31,100.637,0,11.1819,0,0
31,allocate_send_arrival,7,S45,1,switch,60,20007,14,120,0,31,100.637,0,11.1819,0,0
31,allocate_send_arrival,60,S44,1,terminal,120,20004,14,120,0,31,1000,0,11.1819,0,0
31,allocate_send_arrival,60,S44,1,terminal,120,20005,14,120,0,31,1000,0,11.1819,0,0
31,allocate_send_arrival,60,S44,1,terminal,120,20000,14,120,0,31,1000,0,11.1819,0,0
31,allocate_send_arrival,60,S44,1,terminal,120,20001,14,120,0,31,1000,0,11.1819,0,0
31,allocate_send_arrival,60,S44,1,terminal,120,20002,14,120,0,31,1000,0,11.1819,0,0
31,allocate_send_arrival,60,S44,1,terminal,120,20007,14,120,0,31,1000,0,11.1819,0,0
31,allocate_send_arrival,60,S44,1,terminal,120,20003,14,120,0,31,1000,0,11.1819,0,0
31,allocate_send_arrival,60,S44,1,terminal,120,20006,14,120,0,31,1000,0,11.1819,0,0
31,allocate_send_arrival,60,S44,1,terminal,120,20008,14,120,0,31,1000,0,10,0,0
32,stage_arrival,60,S44,1,terminal,120,20001,14,120,0,32,1000,0,0,11.1819,0
32,stage_arrival,7,S45,1,switch,60,20000,14,120,0,32,100.637,0,0,11.1819,0
32,stage_arrival,7,S45,1,switch,60,20003,14,120,0,32,100.637,0,0,11.1819,0
32,stage_arrival,60,S44,1,terminal,120,20004,14,120,0,32,1000,0,0,11.1819,0
32,stage_arrival,7,S45,1,switch,60,20004,14,120,0,32,100.637,0,0,11.1819,0
32,stage_arrival,7,S45,1,switch,60,20002,14,120,0,32,100.637,0,0,11.1819,0
32,stage_arrival,60,S44,1,terminal,120,20006,14,120,0,32,1000,0,0,11.1819,0
32,stage_arrival,7,S45,1,switch,60,20001,14,120,0,32,100.637,0,0,11.1819,0
32,stage_arrival,60,S44,1,terminal,120,20002,14,120,0,32,1000,0,0,11.1819,0
32,stage_arrival,60,S44,1,terminal,120,20007,14,120,0,32,1000,0,0,11.1819,0
32,stage_arrival,60,S44,1,terminal,120,20008,14,120,0,32,1000,0,0,10,0
32,stage_arrival,60,S44,1,terminal,120,20000,14,120,0,32,1000,0,0,11.1819,0
32,stage_arrival,7,S45,1,switch,60,20005,14,120,0,32,100.637,0,0,11.1819,0
32,stage_arrival,60,S44,1,terminal,120,20005,14,120,0,32,1000,0,0,11.1819,0
32,stage_arrival,60,S44,1,terminal,120,20003,14,120,0,32,1000,0,0,11.1819,0
32,stage_arrival,7,S45,1,switch,60,20008,14,120,0,32,100.637,0,0,10,0
32,stage_arrival,7,S45,1,switch,60,20006,14,120,0,32,100.637,0,0,11.1819,0
32,stage_arrival,7,S45,1,switch,60,20007,14,120,0,32,100.637,0,0,11.1819,0
32,allocate_send_arrival,60,S44,1,terminal,120,20001,14,120,0,32,1000,0,11.1819,0,0
32,allocate_send_arrival,60,S44,1,terminal,120,20004,14,120,0,32,1000,0,11.1819,0,0
32,allocate_send_arrival,60,S44,1,terminal,120,20006,14,120,0,32,1000,0,11.1819,0,0
32,allocate_send_arrival,60,S44,1,terminal,120,20002,14,120,0,32,1000,0,11.1819,0,0
32,allocate_send_arrival,60,S44,1,terminal,120,20007,14,120,0,32,1000,0,11.1819,0,0
32,allocate_send_arrival,60,S44,1,terminal,120,20008,14,120,0,32,1000,0,10,0,0
32,allocate_send_arrival,60,S44,1,terminal,120,20000,14,120,0,32,1000,0,11.1819,0,0
32,allocate_send_arrival,60,S44,1,terminal,120,20005,14,120,0,32,1000,0,11.1819,0,0
32,allocate_send_arrival,60,S44,1,terminal,120,20003,14,120,0,32,1000,0,11.1819,0,0
32,allocate_send_arrival,7,S45,1,switch,60,20000,14,120,0,32,100.637,0,11.1819,0,0
32,allocate_send_arrival,7,S45,1,switch,60,20003,14,120,0,32,100.637,0,11.1819,0,0
32,allocate_send_arrival,7,S45,1,switch,60,20004,14,120,0,32,100.637,0,11.1819,0,0
32,allocate_send_arrival,7,S45,1,switch,60,20002,14,120,0,32,100.637,0,11.1819,0,0
32,allocate_send_arrival,7,S45,1,switch,60,20001,14,120,0,32,100.637,0,11.1819,0,0
32,allocate_send_arrival,7,S45,1,switch,60,20005,14,120,0,32,100.637,0,11.1819,0,0
32,allocate_send_arrival,7,S45,1,switch,60,20008,14,120,0,32,100.637,0,10,0,0
32,allocate_send_arrival,7,S45,1,switch,60,20006,14,120,0,32,100.637,0,11.1819,0,0
32,allocate_send_arrival,7,S45,1,switch,60,20007,14,120,0,32,100.637,0,11.1819,0,0
33,stage_arrival,7,S45,1,switch,60,20000,14,120,0,33,100.637,0,0,11.1819,0
33,stage_arrival,7,S45,1,switch,60,20001,14,120,0,33,100.637,0,0,11.1819,0
33,stage_arrival,7,S45,1,switch,60,20003,14,120,0,33,100.637,0,0,11.1819,0
33,stage_arrival,60,S44,1,terminal,120,20007,14,120,0,33,1000,0,0,11.1819,0
33,stage_arrival,7,S45,1,switch,60,20004,14,120,0,33,100.637,0,0,11.1819,0
33,stage_arrival,60,S44,1,terminal,120,20005,14,120,0,33,1000,0,0,11.1819,0
33,stage_arrival,60,S44,1,terminal,120,20008,14,120,0,33,1000,0,0,10,0
33,stage_arrival,7,S45,1,switch,60,20006,14,120,0,33,100.637,0,0,11.1819,0
33,stage_arrival,60,S44,1,terminal,120,20004,14,120,0,33,1000,0,0,11.1819,0
33,stage_arrival,60,S44,1,terminal,120,20006,14,120,0,33,1000,0,0,11.1819,0
33,stage_arrival,7,S45,1,switch,60,20002,14,120,0,33,100.637,0,0,11.1819,0
33,stage_arrival,7,S45,1,switch,60,20007,14,120,0,33,100.637,0,0,11.1819,0
33,stage_arrival,60,S44,1,terminal,120,20003,14,120,0,33,1000,0,0,11.1819,0
33,stage_arrival,60,S44,1,terminal,120,20001,14,120,0,33,1000,0,0,11.1819,0
33,stage_arrival,7,S45,1,switch,60,20008,14,120,0,33,100.637,0,0,10,0
33,stage_arrival,60,S44,1,terminal,120,20002,14,120,0,33,1000,0,0,11.1819,0
33,stage_arrival,7,S45,1,switch,60,20005,14,120,0,33,100.637,0,0,11.1819,0
33,stage_arrival,60,S44,1,terminal,120,20000,14,120,0,33,1000,0,0,11.1819,0
33,allocate_send_arrival,60,S44,1,terminal,120,20007,14,120,0,33,1000,0,11.1819,0,0
33,allocate_send_arrival,60,S44,1,terminal,120,20005,14,120,0,33,1000,0,11.1819,0,0
33,allocate_send_arrival,60,S44,1,terminal,120,20008,14,120,0,33,1000,0,10,0,0
33,allocate_send_arrival,60,S44,1,terminal,120,20004,14,120,0,33,1000,0,11.1819,0,0
33,allocate_send_arrival,60,S44,1,terminal,120,20006,14,120,0,33,1000,0,11.1819,0,0
33,allocate_send_arrival,60,S44,1,terminal,120,20003,14,120,0,33,1000,0,11.1819,0,0
33,allocate_send_arrival,60,S44,1,terminal,120,20001,14,120,0,33,1000,0,11.1819,0,0
33,allocate_send_arrival,60,S44,1,terminal,120,20002,14,120,0,33,1000,0,11.1819,0,0
33,allocate_send_arrival,60,S44,1,terminal,120,20000,14,120,0,33,1000,0,11.1819,0,0
33,allocate_send_arrival,7,S45,1,switch,60,20000,14,120,0,33,100.637,0,11.1819,0,0
33,allocate_send_arrival,7,S45,1,switch,60,20001,14,120,0,33,100.637,0,11.1819,0,0
33,allocate_send_arrival,7,S45,1,switch,60,20003,14,120,0,33,100.637,0,11.1819,0,0
33,allocate_send_arrival,7,S45,1,switch,60,20004,14,120,0,33,100.637,0,11.1819,0,0
33,allocate_send_arrival,7,S45,1,switch,60,20006,14,120,0,33,100.637,0,11.1819,0,0
33,allocate_send_arrival,7,S45,1,switch,60,20002,14,120,0,33,100.637,0,11.1819,0,0
33,allocate_send_arrival,7,S45,1,switch,60,20007,14,120,0,33,100.637,0,11.1819,0,0
33,allocate_send_arrival,7,S45,1,switch,60,20008,14,120,0,33,100.637,0,10,0,0
33,allocate_send_arrival,7,S45,1,switch,60,20005,14,120,0,33,100.637,0,11.1819,0,0
34,stage_arrival,7,S45,1,switch,60,20003,14,120,0,34,100.637,0,0,11.1819,0
34,stage_arrival,7,S45,1,switch,60,20000,14,120,0,34,100.637,0,0,11.1819,0
34,stage_arrival,60,S44,1,terminal,120,20004,14,120,0,34,1000,0,0,11.1819,0
34,stage_arrival,7,S45,1,switch,60,20005,14,120,0,34,100.637,0,0,11.1819,0
34,stage_arrival,7,S45,1,switch,60,20001,14,120,0,34,100.637,0,0,11.1819,0
34,stage_arrival,60,S44,1,terminal,120,20008,14,120,0,34,1000,0,0,10,0
34,stage_arrival,60,S44,1,terminal,120,20000,14,120,0,34,1000,0,0,11.1819,0
34,stage_arrival,7,S45,1,switch,60,20004,14,120,0,34,100.637,0,0,11.1819,0
34,stage_arrival,7,S45,1,switch,60,20002,14,120,0,34,100.637,0,0,11.1819,0
34,stage_arrival,7,S45,1,switch,60,20006,14,120,0,34,100.637,0,0,11.1819,0
34,stage_arrival,60,S44,1,terminal,120,20002,14,120,0,34,1000,0,0,11.1819,0
34,stage_arrival,60,S44,1,terminal,120,20005,14,120,0,34,1000,0,0,11.1819,0
34,stage_arrival,60,S44,1,terminal,120,20001,14,120,0,34,1000,0,0,11.1819,0
34,stage_arrival,7,S45,1,switch,60,20008,14,120,0,34,100.637,0,0,10,0
34,stage_arrival,60,S44,1,terminal,120,20003,14,120,0,34,1000,0,0,11.1819,0
34,stage_arrival,60,S44,1,terminal,120,20007,14,120,0,34,1000,0,0,11.1819,0
34,stage_arrival,60,S44,1,terminal,120,20006,14,120,0,34,1000,0,0,11.1819,0
34,stage_arrival,7,S45,1,switch,60,20007,14,120,0,34,100.637,0,0,11.1819,0
34,allocate_send_arrival,7,S45,1,switch,60,20003,14,120,0,34,100.637,0,11.1819,0,0
34,allocate_send_arrival,7,S45,1,switch,60,20000,14,120,0,34,100.637,0,11.1819,0,0
34,allocate_send_arrival,7,S45,1,switch,60,20005,14,120,0,34,100.637,0,11.1819,0,0
34,allocate_send_arrival,7,S45,1,switch,60,20001,14,120,0,34,100.637,0,11.1819,0,0
34,allocate_send_arrival,7,S45,1,switch,60,20004,14,120,0,34,100.637,0,11.1819,0,0
34,allocate_send_arrival,7,S45,1,switch,60,20002,14,120,0,34,100.637,0,11.1819,0,0
34,allocate_send_arrival,7,S45,1,switch,60,20006,14,120,0,34,100.637,0,11.1819,0,0
34,allocate_send_arrival,7,S45,1,switch,60,20008,14,120,0,34,100.637,0,10,0,0
34,allocate_send_arrival,7,S45,1,switch,60,20007,14,120,0,34,100.637,0,11.1819,0,0
34,allocate_send_arrival,60,S44,1,terminal,120,20004,14,120,0,34,1000,0,11.1819,0,0
34,allocate_send_arrival,60,S44,1,terminal,120,20008,14,120,0,34,1000,0,10,0,0
34,allocate_send_arrival,60,S44,1,terminal,120,20000,14,120,0,34,1000,0,11.1819,0,0
34,allocate_send_arrival,60,S44,1,terminal,120,20002,14,120,0,34,1000,0,11.1819,0,0
34,allocate_send_arrival,60,S44,1,terminal,120,20005,14,120,0,34,1000,0,11.1819,0,0
34,allocate_send_arrival,60,S44,1,terminal,120,20001,14,120,0,34,1000,0,11.1819,0,0
34,allocate_send_arrival,60,S44,1,terminal,120,20003,14,120,0,34,1000,0,11.1819,0,0
34,allocate_send_arrival,60,S44,1,terminal,120,20007,14,120,0,34,1000,0,11.1819,0,0
34,allocate_send_arrival,60,S44,1,terminal,120,20006,14,120,0,34,1000,0,11.1819,0,0
35,stage_arrival,7,S45,1,switch,60,20000,14,120,0,35,100.637,0,0,11.1819,0
35,stage_arrival,60,S44,1,terminal,120,20005,14,120,0,35,1000,0,0,11.1819,0
35,stage_arrival,60,S44,1,terminal,120,20006,14,120,0,35,1000,0,0,11.1819,0
35,stage_arrival,60,S44,1,terminal,120,20007,14,120,0,35,1000,0,0,11.1819,0
35,stage_arrival,7,S45,1,switch,60,20008,14,120,0,35,100.637,0,0,10,0
35,stage_arrival,60,S44,1,terminal,120,20000,14,120,0,35,1000,0,0,11.1819,0
35,stage_arrival,60,S44,1,terminal,120,20001,14,120,0,35,1000,0,0,11.1819,0
35,stage_arrival,60,S44,1,terminal,120,20003,14,120,0,35,1000,0,0,11.1819,0
35,stage_arrival,7,S45,1,switch,60,20003,14,120,0,35,100.637,0,0,11.1819,0
35,stage_arrival,7,S45,1,switch,60,20007,14,120,0,35,100.637,0,0,11.1819,0
35,stage_arrival,7,S45,1,switch,60,20004,14,120,0,35,100.637,0,0,11.1819,0
35,stage_arrival,60,S44,1,terminal,120,20008,14,120,0,35,1000,0,0,10,0
35,stage_arrival,7,S45,1,switch,60,20001,14,120,0,35,100.637,0,0,11.1819,0
35,stage_arrival,7,S45,1,switch,60,20002,14,120,0,35,100.637,0,0,11.1819,0
35,stage_arrival,60,S44,1,terminal,120,20004,14,120,0,35,1000,0,0,11.1819,0
35,stage_arrival,7,S45,1,switch,60,20005,14,120,0,35,100.637,0,0,11.1819,0
35,stage_arrival,60,S44,1,terminal,120,20002,14,120,0,35,1000,0,0,11.1819,0
35,stage_arrival,7,S45,1,switch,60,20006,14,120,0,35,100.637,0,0,11.1819,0
35,allocate_send_arrival,60,S44,1,terminal,120,20005,14,120,0,35,1000,0,11.1819,0,0
35,allocate_send_arrival,60,S44,1,terminal,120,20006,14,120,0,35,1000,0,11.1819,0,0
35,allocate_send_arrival,60,S44,1,terminal,120,20007,14,120,0,35,1000,0,11.1819,0,0
35,allocate_send_arrival,60,S44,1,terminal,120,20000,14,120,0,35,1000,0,11.1819,0,0
35,allocate_send_arrival,60,S44,1,terminal,120,20001,14,120,0,35,1000,0,11.1819,0,0
35,allocate_send_arrival,60,S44,1,terminal,120,20003,14,120,0,35,1000,0,11.1819,0,0
35,allocate_send_arrival,60,S44,1,terminal,120,20008,14,120,0,35,1000,0,10,0,0
35,allocate_send_arrival,60,S44,1,terminal,120,20004,14,120,0,35,1000,0,11.1819,0,0
35,allocate_send_arrival,60,S44,1,terminal,120,20002,14,120,0,35,1000,0,11.1819,0,0
35,allocate_send_arrival,7,S45,1,switch,60,20000,14,120,0,35,100.637,0,11.1819,0,0
35,allocate_send_arrival,7,S45,1,switch,60,20008,14,120,0,35,100.637,0,10,0,0
35,allocate_send_arrival,7,S45,1,switch,60,20003,14,120,0,35,100.637,0,11.1819,0,0
35,allocate_send_arrival,7,S45,1,switch,60,20007,14,120,0,35,100.637,0,11.1819,0,0
35,allocate_send_arrival,7,S45,1,switch,60,20004,14,120,0,35,100.637,0,11.1819,0,0
35,allocate_send_arrival,7,S45,1,switch,60,20001,14,120,0,35,100.637,0,11.1819,0,0
35,allocate_send_arrival,7,S45,1,switch,60,20002,14,120,0,35,100.637,0,11.1819,0,0
35,allocate_send_arrival,7,S45,1,switch,60,20005,14,120,0,35,100.637,0,11.1819,0,0
35,allocate_send_arrival,7,S45,1,switch,60,20006,14,120,0,35,100.637,0,11.1819,0,0
36,stage_arrival,60,S44,1,terminal,120,20008,14,120,0,36,1000,0,0,10,0
36,stage_arrival,7,S45,1,switch,60,20006,14,120,0,36,100.637,0,0,11.1819,0
36,stage_arrival,60,S44,1,terminal,120,20007,14,120,0,36,1000,0,0,11.1819,0
36,stage_arrival,7,S45,1,switch,60,20003,14,120,0,36,100.637,0,0,11.1819,0
36,stage_arrival,60,S44,1,terminal,120,20006,14,120,0,36,1000,0,0,11.1819,0
36,stage_arrival,60,S44,1,terminal,120,20001,14,120,0,36,1000,0,0,11.1819,0
36,stage_arrival,60,S44,1,terminal,120,20005,14,120,0,36,1000,0,0,11.1819,0
36,stage_arrival,7,S45,1,switch,60,20005,14,120,0,36,100.637,0,0,11.1819,0
36,stage_arrival,60,S44,1,terminal,120,20000,14,120,0,36,1000,0,0,11.1819,0
36,stage_arrival,7,S45,1,switch,60,20000,14,120,0,36,100.637,0,0,11.1819,0
36,stage_arrival,7,S45,1,switch,60,20002,14,120,0,36,100.637,0,0,11.1819,0
36,stage_arrival,7,S45,1,switch,60,20001,14,120,0,36,100.637,0,0,11.1819,0
36,stage_arrival,60,S44,1,terminal,120,20004,14,120,0,36,1000,0,0,11.1819,0
36,stage_arrival,60,S44,1,terminal,120,20003,14,120,0,36,1000,0,0,11.1819,0
36,stage_arrival,7,S45,1,switch,60,20008,14,120,0,36,100.637,0,0,10,0
36,stage_arrival,7,S45,1,switch,60,20004,14,120,0,36,100.637,0,0,11.1819,0
36,stage_arrival,60,S44,1,terminal,120,20002,14,120,0,36,1000,0,0,11.1819,0
36,stage_arrival,7,S45,1,switch,60,20007,14,120,0,36,100.637,0,0,11.1819,0
36,allocate_send_arrival,60,S44,1,terminal,120,20008,14,120,0,36,1000,0,10,0,0
36,allocate_send_arrival,60,S44,1,terminal,120,20007,14,120,0,36,1000,0,11.1819,0,0
36,allocate_send_arrival,60,S44,1,terminal,120,20006,14,120,0,36,1000,0,11.1819,0,0
36,allocate_send_arrival,60,S44,1,terminal,120,20001,14,120,0,36,1000,0,11.1819,0,0
36,allocate_send_arrival,60,S44,1,terminal,120,20005,14,120,0,36,1000,0,11.1819,0,0
36,allocate_send_arrival,60,S44,1,terminal,120,20000,14,120,0,36,1000,0,11.1819,0,0
36,allocate_send_arrival,60,S44,1,terminal,120,20004,14,120,0,36,1000,0,11.1819,0,0
36,allocate_send_arrival,60,S44,1,terminal,120,20003,14,120,0,36,1000,0,11.1819,0,0
36,allocate_send_arrival,60,S44,1,terminal,120,20002,14,120,0,36,1000,0,11.1819,0,0
36,allocate_send_arrival,7,S45,1,switch,60,20006,14,120,0,36,100.637,0,11.1819,0,0
36,allocate_send_arrival,7,S45,1,switch,60,20003,14,120,0,36,100.637,0,11.1819,0,0
36,allocate_send_arrival,7,S45,1,switch,60,20005,14,120,0,36,100.637,0,11.1819,0,0
36,allocate_send_arrival,7,S45,1,switch,60,20000,14,120,0,36,100.637,0,11.1819,0,0
36,allocate_send_arrival,7,S45,1,switch,60,20002,14,120,0,36,100.637,0,11.1819,0,0
36,allocate_send_arrival,7,S45,1,switch,60,20001,14,120,0,36,100.637,0,11.1819,0,0
36,allocate_send_arrival,7,S45,1,switch,60,20008,14,120,0,36,100.637,0,10,0,0
36,allocate_send_arrival,7,S45,1,switch,60,20004,14,120,0,36,100.637,0,11.1819,0,0
36,allocate_send_arrival,7,S45,1,switch,60,20007,14,120,0,36,100.637,0,11.1819,0,0
37,stage_arrival,60,S44,1,terminal,120,20005,14,120,0,37,1000,0,0,11.1819,0
37,stage_arrival,7,S45,1,switch,60,20004,14,120,0,37,100.637,0,0,11.1819,0
37,stage_arrival,60,S44,1,terminal,120,20000,14,120,0,37,1000,0,0,11.1819,0
37,stage_arrival,7,S45,1,switch,60,20001,14,120,0,37,100.637,0,0,11.1819,0
37,stage_arrival,60,S44,1,terminal,120,20003,14,120,0,37,1000,0,0,11.1819,0
37,stage_arrival,60,S44,1,terminal,120,20001,14,120,0,37,1000,0,0,11.1819,0
37,stage_arrival,60,S44,1,terminal,120,20006,14,120,0,37,1000,0,0,11.1819,0
37,stage_arrival,7,S45,1,switch,60,20005,14,120,0,37,100.637,0,0,11.1819,0
37,stage_arrival,7,S45,1,switch,60,20006,14,120,0,37,100.637,0,0,11.1819,0
37,stage_arrival,60,S44,1,terminal,120,20008,14,120,0,37,1000,0,0,10,0
37,stage_arrival,7,S45,1,switch,60,20008,14,120,0,37,100.637,0,0,10,0
37,stage_arrival,7,S45,1,switch,60,20007,14,120,0,37,100.637,0,0,11.1819,0
37,stage_arrival,7,S45,1,switch,60,20002,14,120,0,37,100.637,0,0,11.1819,0
37,stage_arrival,60,S44,1,terminal,120,20002,14,120,0,37,1000,0,0,11.1819,0
37,stage_arrival,60,S44,1,terminal,120,20004,14,120,0,37,1000,0,0,11.1819,0
37,stage_arrival,7,S45,1,switch,60,20003,14,120,0,37,100.637,0,0,11.1819,0
37,stage_arrival,7,S45,1,switch,60,20000,14,120,0,37,100.637,0,0,11.1819,0
37,stage_arrival,60,S44,1,terminal,120,20007,14,120,0,37,1000,0,0,11.1819,0
37,allocate_send_arrival,60,S44,1,terminal,120,20005,14,120,0,37,1000,0,11.1819,0,0
37,allocate_send_arrival,60,S44,1,terminal,120,20000,14,120,0,37,1000,0,11.1819,0,0
37,allocate_send_arrival,60,S44,1,terminal,120,20003,14,120,0,37,1000,0,11.1819,0,0
37,allocate_send_arrival,60,S44,1,terminal,120,20001,14,120,0,37,1000,0,11.1819,0,0
37,allocate_send_arrival,60,S44,1,terminal,120,20006,14,120,0,37,1000,0,11.1819,0,0
37,allocate_send_arrival,60,S44,1,terminal,120,20008,14,120,0,37,1000,0,10,0,0
37,allocate_send_arrival,60,S44,1,terminal,120,20002,14,120,0,37,1000,0,11.1819,0,0
37,allocate_send_arrival,60,S44,1,terminal,120,20004,14,120,0,37,1000,0,11.1819,0,0
37,allocate_send_arrival,60,S44,1,terminal,120,20007,14,120,0,37,1000,0,11.1819,0,0
37,allocate_send_arrival,7,S45,1,switch,60,20004,14,120,0,37,100.637,0,11.1819,0,0
37,allocate_send_arrival,7,S45,1,switch,60,20001,14,120,0,37,100.637,0,11.1819,0,0
37,allocate_send_arrival,7,S45,1,switch,60,20005,14,120,0,37,100.637,0,11.1819,0,0
37,allocate_send_arrival,7,S45,1,switch,60,20006,14,120,0,37,100.637,0,11.1819,0,0
37,allocate_send_arrival,7,S45,1,switch,60,20008,14,120,0,37,100.637,0,10,0,0
37,allocate_send_arrival,7,S45,1,switch,60,20007,14,120,0,37,100.637,0,11.1819,0,0
37,allocate_send_arrival,7,S45,1,switch,60,20002,14,120,0,37,100.637,0,11.1819,0,0
37,allocate_send_arrival,7,S45,1,switch,60,20003,14,120,0,37,100.637,0,11.1819,0,0
37,allocate_send_arrival,7,S45,1,switch,60,20000,14,120,0,37,100.637,0,11.1819,0,0
38,stage_arrival,7,S45,1,switch,60,20001,14,120,0,38,100.637,0,0,11.1819,0
38,stage_arrival,60,S44,1,terminal,120,20004,14,120,0,38,1000,0,0,11.1819,0
38,stage_arrival,7,S45,1,switch,60,20002,14,120,0,38,100.637,0,0,11.1819,0
38,stage_arrival,7,S45,1,switch,60,20007,14,120,0,38,100.637,0,0,11.1819,0
38,stage_arrival,60,S44,1,terminal,120,20007,14,120,0,38,1000,0,0,11.1819,0
38,stage_arrival,7,S45,1,switch,60,20005,14,120,0,38,100.637,0,0,11.1819,0
38,stage_arrival,60,S44,1,terminal,120,20001,14,120,0,38,1000,0,0,11.1819,0
38,stage_arrival,60,S44,1,terminal,120,20006,14,120,0,38,1000,0,0,11.1819,0
38,stage_arrival,7,S45,1,switch,60,20000,14,120,0,38,100.637,0,0,11.1819,0
38,stage_arrival,7,S45,1,switch,60,20006,14,120,0,38,100.637,0,0,11.1819,0
38,stage_arrival,7,S45,1,switch,60,20004,14,120,0,38,100.637,0,0,11.1819,0
38,stage_arrival,60,S44,1,terminal,120,20008,14,120,0,38,1000,0,0,10,0
38,stage_arrival,7,S45,1,switch,60,20003,14,120,0,38,100.637,0,0,11.1819,0
38,stage_arrival,60,S44,1,terminal,120,20000,14,120,0,38,1000,0,0,11.1819,0
38,stage_arrival,60,S44,1,terminal,120,20003,14,120,0,38,1000,0,0,11.1819,0
38,stage_arrival,60,S44,1,terminal,120,20005,14,120,0,38,1000,0,0,11.1819,0
38,stage_arrival,60,S44,1,terminal,120,20002,14,120,0,38,1000,0,0,11.1819,0
38,stage_arrival,7,S45,1,switch,60,20008,14,120,0,38,100.637,0,0,10,0
38,allocate_send_arrival,7,S45,1,switch,60,20001,14,120,0,38,100.637,0,11.1819,0,0
38,allocate_send_arrival,7,S45,1,switch,60,20002,14,120,0,38,100.637,0,11.1819,0,0
38,allocate_send_arrival,7,S45,1,switch,60,20007,14,120,0,38,100.637,0,11.1819,0,0
38,allocate_send_arrival,7,S45,1,switch,60,20005,14,120,0,38,100.637,0,11.1819,0,0
38,allocate_send_arrival,7,S45,1,switch,60,20000,14,120,0,38,100.637,0,11.1819,0,0
38,allocate_send_arrival,7,S45,1,switch,60,20006,14,120,0,38,100.637,0,11.1819,0,0
38,allocate_send_arrival,7,S45,1,switch,60,20004,14,120,0,38,100.637,0,11.1819,0,0
38,allocate_send_arrival,7,S45,1,switch,60,20003,14,120,0,38,100.637,0,11.1819,0,0
38,allocate_send_arrival,7,S45,1,switch,60,20008,14,120,0,38,100.637,0,10,0,0
38,allocate_send_arrival,60,S44,1,terminal,120,20004,14,120,0,38,1000,0,11.1819,0,0
38,allocate_send_arrival,60,S44,1,terminal,120,20007,14,120,0,38,1000,0,11.1819,0,0
38,allocate_send_arrival,60,S44,1,terminal,120,20001,14,120,0,38,1000,0,11.1819,0,0
38,allocate_send_arrival,60,S44,1,terminal,120,20006,14,120,0,38,1000,0,11.1819,0,0
38,allocate_send_arrival,60,S44,1,terminal,120,20008,14,120,0,38,1000,0,10,0,0
38,allocate_send_arrival,60,S44,1,terminal,120,20000,14,120,0,38,1000,0,11.1819,0,0
38,allocate_send_arrival,60,S44,1,terminal,120,20003,14,120,0,38,1000,0,11.1819,0,0
38,allocate_send_arrival,60,S44,1,terminal,120,20005,14,120,0,38,1000,0,11.1819,0,0
38,allocate_send_arrival,60,S44,1,terminal,120,20002,14,120,0,38,1000,0,11.1819,0,0
39,stage_arrival,60,S44,1,terminal,120,20007,14,120,0,39,1000,0,0,11.1819,0
39,stage_arrival,60,S44,1,terminal,120,20003,14,120,0,39,1000,0,0,11.1819,0
39,stage_arrival,7,S45,1,switch,60,20004,14,120,0,39,100.637,0,0,11.1819,0
39,stage_arrival,60,S44,1,terminal,120,20006,14,120,0,39,1000,0,0,11.1819,0
39,stage_arrival,60,S44,1,terminal,120,20000,14,120,0,39,1000,0,0,11.1819,0
39,stage_arrival,60,S44,1,terminal,120,20005,14,120,0,39,1000,0,0,11.1819,0
39,stage_arrival,60,S44,1,terminal,120,20002,14,120,0,39,1000,0,0,11.1819,0
39,stage_arrival,7,S45,1,switch,60,20008,14,120,0,39,100.637,0,0,10,0
39,stage_arrival,7,S45,1,switch,60,20007,14,120,0,39,100.637,0,0,11.1819,0
39,stage_arrival,7,S45,1,switch,60,20006,14,120,0,39,100.637,0,0,11.1819,0
39,stage_arrival,7,S45,1,switch,60,20003,14,120,0,39,100.637,0,0,11.1819,0
39,stage_arrival,7,S45,1,switch,60,20000,14,120,0,39,100.637,0,0,11.1819,0
39,stage_arrival,60,S44,1,terminal,120,20008,14,120,0,39,1000,0,0,10,0
39,stage_arrival,7,S45,1,switch,60,20005,14,120,0,39,100.637,0,0,11.1819,0
39,stage_arrival,7,S45,1,switch,60,20002,14,120,0,39,100.637,0,0,11.1819,0
39,stage_arrival,60,S44,1,terminal,120,20004,14,120,0,39,1000,0,0,11.1819,0
39,stage_arrival,7,S45,1,switch,60,20001,14,120,0,39,100.637,0,0,11.1819,0
39,stage_arrival,60,S44,1,terminal,120,20001,14,120,0,39,1000,0,0,11.1819,0
39,allocate_send_arrival,7,S45,1,switch,60,20004,14,120,0,39,100.637,0,11.1819,0,0
39,allocate_send_arrival,7,S45,1,switch,60,20008,14,120,0,39,100.637,0,10,0,0
39,allocate_send_arrival,7,S45,1,switch,60,20007,14,120,0,39,100.637,0,11.1819,0,0
39,allocate_send_arrival,7,S45,1,switch,60,20006,14,120,0,39,100.637,0,11.1819,0,0
39,allocate_send_arrival,7,S45,1,switch,60,20003,14,120,0,39,100.637,0,11.1819,0,0
39,allocate_send_arrival,7,S45,1,switch,60,20000,14,120,0,39,100.637,0,11.1819,0,0
39,allocate_send_arrival,7,S45,1,switch,60,20005,14,120,0,39,100.637,0,11.1819,0,0
39,allocate_send_arrival,7,S45,1,switch,60,20002,14,120,0,39,100.637,0,11.1819,0,0
39,allocate_send_arrival,7,S45,1,switch,60,20001,14,120,0,39,100.637,0,11.1819,0,0
39,allocate_send_arrival,60,S44,1,terminal,120,20007,14,120,0,39,1000,0,11.1819,0,0
39,allocate_send_arrival,60,S44,1,terminal,120,20003,14,120,0,39,1000,0,11.1819,0,0
39,allocate_send_arrival,60,S44,1,terminal,120,20006,14,120,0,39,1000,0,11.1819,0,0
39,allocate_send_arrival,60,S44,1,terminal,120,20000,14,120,0,39,1000,0,11.1819,0,0
39,allocate_send_arrival,60,S44,1,terminal,120,20005,14,120,0,39,1000,0,11.1819,0,0
39,allocate_send_arrival,60,S44,1,terminal,120,20002,14,120,0,39,1000,0,11.1819,0,0
39,allocate_send_arrival,60,S44,1,terminal,120,20008,14,120,0,39,1000,0,10,0,0
39,allocate_send_arrival,60,S44,1,terminal,120,20004,14,120,0,39,1000,0,11.1819,0,0
39,allocate_send_arrival,60,S44,1,terminal,120,20001,14,120,0,39,1000,0,11.1819,0,0
40,stage_arrival,60,S44,1,terminal,120,20006,14,120,0,40,1000,0,0,11.1819,0
40,stage_arrival,7,S45,1,switch,60,20007,14,120,0,40,100.637,0,0,11.1819,0
40,stage_arrival,7,S45,1,switch,60,20008,14,120,0,40,100.637,0,0,10,0
40,stage_arrival,7,S45,1,switch,60,20000,14,120,0,40,100.637,0,0,11.1819,0
40,stage_arrival,60,S44,1,terminal,120,20002,14,120,0,40,1000,0,0,11.1819,0
40,stage_arrival,7,S45,1,switch,60,20004,14,120,0,40,100.637,0,0,11.1819,0
40,stage_arrival,60,S44,1,terminal,120,20007,14,120,0,40,1000,0,0,11.1819,0
40,stage_arrival,7,S45,1,switch,60,20001,14,120,0,40,100.637,0,0,11.1819,0
40,stage_arrival,60,S44,1,terminal,120,20008,14,120,0,40,1000,0,0,10,0
40,stage_arrival,60,S44,1,terminal,120,20004,14,120,0,40,1000,0,0,11.1819,0
40,stage_arrival,60,S44,1,terminal,120,20000,14,120,0,40,1000,0,0,11.1819,0
40,stage_arrival,7,S45,1,switch,60,20005,14,120,0,40,100.637,0,0,11.1819,0
40,stage_arrival,60,S44,1,terminal,120,20005,14,120,0,40,1000,0,0,11.1819,0
40,stage_arrival,60,S44,1,terminal,120,20003,14,120,0,40,1000,0,0,11.1819,0
40,stage_arrival,7,S45,1,switch,60,20002,14,120,0,40,100.637,0,0,11.1819,0
40,stage_arrival,7,S45,1,switch,60,20003,14,120,0,40,100.637,0,0,11.1819,0
40,stage_arrival,7,S45,1,switch,60,20006,14,120,0,40,100.637,0,0,11.1819,0
40,stage_arrival,60,S44,1,terminal,120,20001,14,120,0,40,1000,0,0,11.1819,0
40,allocate_send_arrival,7,S45,1,switch,60,20007,14,120,0,40,100.637,0,11.1819,0,0
40,allocate_send_arrival,7,S45,1,switch,60,20008,14,120,0,40,100.637,0,10,0,0
40,allocate_send_arrival,7,S45,1,switch,60,20000,14,120,0,40,100.637,0,11.1819,0,0
40,allocate_send_arrival,7,S45,1,switch,60,20004,14,120,0,40,100.637,0,11.1819,0,0
40,allocate_send_arrival,7,S45,1,switch,60,20001,14,120,0,40,100.637,0,11.1819,0,0
40,allocate_send_arrival,7,S45,1,switch,60,20005,14,120,0,40,100.637,0,11.1819,0,0
40,allocate_send_arrival,7,S45,1,switch,60,20002,14,120,0,40,100.637,0,11.1819,0,0
40,allocate_send_arrival,7,S45,1,switch,60,20003,14,120,0,40,100.637,0,11.1819,0,0
40,allocate_send_arrival,7,S45,1,switch,60,20006,14,120,0,40,100.637,0,11.1819,0,0
40,allocate_send_arrival,60,S44,1,terminal,120,20006,14,120,0,40,1000,0,11.1819,0,0
40,allocate_send_arrival,60,S44,1,terminal,120,20002,14,120,0,40,1000,0,11.1819,0,0
40,allocate_send_arrival,60,S44,1,terminal,120,20007,14,120,0,40,1000,0,11.1819,0,0
40,allocate_send_arrival,60,S44,1,terminal,120,20008,14,120,0,40,1000,0,10,0,0
40,allocate_send_arrival,60,S44,1,terminal,120,20004,14,120,0,40,1000,0,11.1819,0,0
40,allocate_send_arrival,60,S44,1,terminal,120,20000,14,120,0,40,1000,0,11.1819,0,0
40,allocate_send_arrival,60,S44,1,terminal,120,20005,14,120,0,40,1000,0,11.1819,0,0
40,allocate_send_arrival,60,S44,1,terminal,120,20003,14,120,0,40,1000,0,11.1819,0,0
40,allocate_send_arrival,60,S44,1,terminal,120,20001,14,120,0,40,1000,0,11.1819,0,0
41,stage_arrival,7,S45,1,switch,60,20001,14,120,0,41,100.637,0,0,12.5164,0
41,stage_arrival,60,S44,1,terminal,120,20006,14,120,0,41,1000,0,0,11.1819,0
41,stage_arrival,7,S45,1,switch,60,20007,14,120,0,41,100.637,0,0,12.5164,0
41,stage_arrival,60,S44,1,terminal,120,20003,14,120,0,41,1000,0,0,11.1819,0
41,stage_arrival,60,S44,1,terminal,120,20007,14,120,0,41,1000,0,0,11.1819,0
41,stage_arrival,7,S45,1,switch,60,20004,14,120,0,41,100.637,0,0,12.5164,0
41,stage_arrival,7,S45,1,switch,60,20006,14,120,0,41,100.637,0,0,12.5164,0
41,stage_arrival,7,S45,1,switch,60,20003,14,120,0,41,100.637,0,0,12.5164,0
41,stage_arrival,60,S44,1,terminal,120,20008,14,120,0,41,1000,0,0,10,0
41,stage_arrival,60,S44,1,terminal,120,20001,14,120,0,41,1000,0,0,11.1819,0
41,stage_arrival,60,S44,1,terminal,120,20005,14,120,0,41,1000,0,0,11.1819,0
41,stage_arrival,60,S44,1,terminal,120,20000,14,120,0,41,1000,0,0,11.1819,0
41,stage_arrival,7,S45,1,switch,60,20002,14,120,0,41,100.637,0,0,12.5164,0
41,stage_arrival,60,S44,1,terminal,120,20004,14,120,0,41,1000,0,0,11.1819,0
41,stage_arrival,60,S44,1,terminal,120,20002,14,120,0,41,1000,0,0,11.1819,0
41,stage_arrival,7,S45,1,switch,60,20005,14,120,0,41,100.637,0,0,12.5164,0
41,stage_arrival,7,S45,1,switch,60,20000,14,120,0,41,100.637,0,0,12.5164,0
41,allocate_send_arrival,7,S45,1,switch,60,20001,14,120,0,41,100.637,0,12.5164,0,0
41,allocate_send_arrival,7,S45,1,switch,60,20007,14,120,0,41,100.637,0,12.5164,0,0
41,allocate_send_arrival,7,S45,1,switch,60,20004,14,120,0,41,100.637,0,12.5164,0,0
41,allocate_send_arrival,7,S45,1,switch,60,20006,14,120,0,41,100.637,0,12.5164,0,0
41,allocate_send_arrival,7,S45,1,switch,60,20003,14,120,0,41,100.637,0,12.5164,0,0
41,allocate_send_arrival,7,S45,1,switch,60,20002,14,120,0,41,100.637,0,12.5164,0,0
41,allocate_send_arrival,7,S45,1,switch,60,20005,14,120,0,41,100.637,0,12.5164,0,0
41,allocate_send_arrival,7,S45,1,switch,60,20000,14,120,0,41,100.637,0,12.5164,0,0
41,allocate_send_arrival,60,S44,1,terminal,120,20006,14,120,0,41,1000,0,11.1819,0,0
41,allocate_send_arrival,60,S44,1,terminal,120,20003,14,120,0,41,1000,0,11.1819,0,0
41,allocate_send_arrival,60,S44,1,terminal,120,20007,14,120,0,41,1000,0,11.1819,0,0
41,allocate_send_arrival,60,S44,1,terminal,120,20008,14,120,0,41,1000,0,10,0,0
41,allocate_send_arrival,60,S44,1,terminal,120,20001,14,120,0,41,1000,0,11.1819,0,0
41,allocate_send_arrival,60,S44,1,terminal,120,20005,14,120,0,41,1000,0,11.1819,0,0
41,allocate_send_arrival,60,S44,1,terminal,120,20000,14,120,0,41,1000,0,11.1819,0,0
41,allocate_send_arrival,60,S44,1,terminal,120,20004,14,120,0,41,1000,0,11.1819,0,0
41,allocate_send_arrival,60,S44,1,terminal,120,20002,14,120,0,41,1000,0,11.1819,0,0
42,stage_arrival,7,S45,1,switch,60,20007,14,120,0,42,100.637,0,0,12.5796,0
42,stage_arrival,7,S45,1,switch,60,20006,14,120,0,42,100.637,0,0,12.5796,0
42,stage_arrival,7,S45,1,switch,60,20003,14,120,0,42,100.637,0,0,12.5796,0
42,stage_arrival,60,S44,1,terminal,120,20007,14,120,0,42,1000,0,0,12.5164,0
42,stage_arrival,60,S44,1,terminal,120,20006,14,120,0,42,1000,0,0,12.5164,0
42,stage_arrival,60,S44,1,terminal,120,20005,14,120,0,42,1000,0,0,12.5164,0
42,stage_arrival,60,S44,1,terminal,120,20001,14,120,0,42,1000,0,0,12.5164,0
42,stage_arrival,60,S44,1,terminal,120,20000,14,120,0,42,1000,0,0,12.5164,0
42,stage_arrival,7,S45,1,switch,60,20000,14,120,0,42,100.637,0,0,12.5796,0
42,stage_arrival,60,S44,1,terminal,120,20004,14,120,0,42,1000,0,0,12.5164,0
42,stage_arrival,7,S45,1,switch,60,20001,14,120,0,42,100.637,0,0,12.5796,0
42,stage_arrival,7,S45,1,switch,60,20005,14,120,0,42,100.637,0,0,12.5796,0
42,stage_arrival,60,S44,1,terminal,120,20003,14,120,0,42,1000,0,0,12.5164,0
42,stage_arrival,7,S45,1,switch,60,20004,14,120,0,42,100.637,0,0,12.5796,0
42,stage_arrival,7,S45,1,switch,60,20002,14,120,0,42,100.637,0,0,12.5796,0
42,stage_arrival,60,S44,1,terminal,120,20002,14,120,0,42,1000,0,0,12.5164,0
42,allocate_send_arrival,7,S45,1,switch,60,20007,14,120,0,42,100.637,0,12.5796,0,0
42,allocate_send_arrival,7,S45,1,switch,60,20006,14,120,0,42,100.637,0,12.5796,0,0
42,allocate_send_arrival,7,S45,1,switch,60,20003,14,120,0,42,100.637,0,12.5796,0,0
42,allocate_send_arrival,7,S45,1,switch,60,20000,14,120,0,42,100.637,0,12.5796,0,0
42,allocate_send_arrival,7,S45,1,switch,60,20001,14,120,0,42,100.637,0,12.5796,0,0
42,allocate_send_arrival,7,S45,1,switch,60,20005,14,120,0,42,100.637,0,12.5796,0,0
42,allocate_send_arrival,7,S45,1,switch,60,20004,14,120,0,42,100.637,0,12.5796,0,0
42,allocate_send_arrival,7,S45,1,switch,60,20002,14,120,0,42,100.637,0,12.5796,0,0
42,allocate_send_arrival,60,S44,1,terminal,120,20007,14,120,0,42,1000,0,12.5164,0,0
42,allocate_send_arrival,60,S44,1,terminal,120,20006,14,120,0,42,1000,0,12.5164,0,0
42,allocate_send_arrival,60,S44,1,terminal,120,20005,14,120,0,42,1000,0,12.5164,0,0
42,allocate_send_arrival,60,S44,1,terminal,120,20001,14,120,0,42,1000,0,12.5164,0,0
42,allocate_send_arrival,60,S44,1,terminal,120,20000,14,120,0,42,1000,0,12.5164,0,0
42,allocate_send_arrival,60,S44,1,terminal,120,20004,14,120,0,42,1000,0,12.5164,0,0
42,allocate_send_arrival,60,S44,1,terminal,120,20003,14,120,0,42,1000,0,12.5164,0,0
42,allocate_send_arrival,60,S44,1,terminal,120,20002,14,120,0,42,1000,0,12.5164,0,0
43,stage_arrival,7,S45,1,switch,60,20003,14,120,0,43,100.637,0,0,12.5796,0
43,stage_arrival,60,S44,1,terminal,120,20005,14,120,0,43,1000,0,0,12.5796,0
43,stage_arrival,7,S45,1,switch,60,20004,14,120,0,43,100.637,0,0,12.5796,0
43,stage_arrival,60,S44,1,terminal,120,20007,14,120,0,43,1000,0,0,12.5796,0
43,stage_arrival,60,S44,1,terminal,120,20006,14,120,0,43,1000,0,0,12.5796,0
43,stage_arrival,60,S44,1,terminal,120,20003,14,120,0,43,1000,0,0,12.5796,0
43,stage_arrival,7,S45,1,switch,60,20002,14,120,0,43,100.637,0,0,12.5796,0
43,stage_arrival,60,S44,1,terminal,120,20001,14,120,0,43,1000,0,0,12.5796,0
43,stage_arrival,7,S45,1,switch,60,20006,14,120,0,43,100.637,0,0,12.5796,0
43,stage_arrival,7,S45,1,switch,60,20001,14,120,0,43,100.637,0,0,12.5796,0
43,stage_arrival,7,S45,1,switch,60,20000,14,120,0,43,100.637,0,0,12.5796,0
43,stage_arrival,7,S45,1,switch,60,20007,14,120,0,43,100.637,0,0,12.5796,0
43,stage_arrival,7,S45,1,switch,60,20005,14,120,0,43,100.637,0,0,12.5796,0
43,stage_arrival,60,S44,1,terminal,120,20004,14,120,0,43,1000,0,0,12.5796,0
43,stage_arrival,60,S44,1,terminal,120,20000,14,120,0,43,1000,0,0,12.5796,0
43,stage_arrival,60,S44,1,terminal,120,20002,14,120,0,43,1000,0,0,12.5796,0
43,allocate_send_arrival,7,S45,1,switch,60,20003,14,120,0,43,100.637,0,12.5796,0,0
43,allocate_send_arrival,7,S45,1,switch,60,20004,14,120,0,43,100.637,0,12.5796,0,0
43,allocate_send_arrival,7,S45,1,switch,60,20002,14,120,0,43,100.637,0,12.5796,0,0
43,allocate_send_arrival,7,S45,1,switch,60,20006,14,120,0,43,100.637,0,12.5796,0,0
43,allocate_send_arrival,7,S45,1,switch,60,20001,14,120,0,43,100.637,0,12.5796,0,0
43,allocate_send_arrival,7,S45,1,switch,60,20000,14,120,0,43,100.637,0,12.5796,0,0
43,allocate_send_arrival,7,S45,1,switch,60,20007,14,120,0,43,100.637,0,12.5796,0,0
43,allocate_send_arrival,7,S45,1,switch,60,20005,14,120,0,43,100.637,0,12.5796,0,0
43,allocate_send_arrival,60,S44,1,terminal,120,20005,14,120,0,43,1000,0,12.5796,0,0
43,allocate_send_arrival,60,S44,1,terminal,120,20007,14,120,0,43,1000,0,12.5796,0,0
43,allocate_send_arrival,60,S44,1,terminal,120,20006,14,120,0,43,1000,0,12.5796,0,0
43,allocate_send_arrival,60,S44,1,terminal,120,20003,14,120,0,43,1000,0,12.5796,0,0
43,allocate_send_arrival,60,S44,1,terminal,120,20001,14,120,0,43,1000,0,12.5796,0,0
43,allocate_send_arrival,60,S44,1,terminal,120,20004,14,120,0,43,1000,0,12.5796,0,0
43,allocate_send_arrival,60,S44,1,terminal,120,20000,14,120,0,43,1000,0,12.5796,0,0
43,allocate_send_arrival,60,S44,1,terminal,120,20002,14,120,0,43,1000,0,12.5796,0,0
44,stage_arrival,60,S44,1,terminal,120,20007,14,120,0,44,1000,0,0,12.5796,0
44,stage_arrival,7,S45,1,switch,60,20006,14,120,0,44,100.637,0,0,12.5796,0
44,stage_arrival,60,S44,1,terminal,120,20001,14,120,0,44,1000,0,0,12.5796,0
44,stage_arrival,60,S44,1,terminal,120,20006,14,120,0,44,1000,0,0,12.5796,0
44,stage_arrival,7,S45,1,switch,60,20005,14,120,0,44,100.637,0,0,12.5796,0
44,stage_arrival,60,S44,1,terminal,120,20004,14,120,0,44,1000,0,0,12.5796,0
44,stage_arrival,7,S45,1,switch,60,20007,14,120,0,44,100.637,0,0,12.5796,0
44,stage_arrival,7,S45,1,switch,60,20001,14,120,0,44,100.637,0,0,12.5796,0
44,stage_arrival,60,S44,1,terminal,120,20000,14,120,0,44,1000,0,0,12.5796,0
44,stage_arrival,60,S44,1,terminal,120,20002,14,120,0,44,1000,0,0,12.5796,0
44,stage_arrival,7,S45,1,switch,60,20003,14,120,0,44,100.637,0,0,12.5796,0
44,stage_arrival,7,S45,1,switch,60,20000,14,120,0,44,100.637,0,0,12.5796,0
44,stage_arrival,7,S45,1,switch,60,20004,14,120,0,44,100.637,0,0,12.5796,0
44,stage_arrival,7,S45,1,switch,60,20002,14,120,0,44,100.637,0,0,12.5796,0
44,stage_arrival,60,S44,1,terminal,120,20005,14,120,0,44,1000,0,0,12.5796,0
44,stage_arrival,60,S44,1,terminal,120,20003,14,120,0,44,1000,0,0,12.5796,0
44,allocate_send_arrival,60,S44,1,terminal,120,20007,14,120,0,44,1000,0,12.5796,0,0
44,allocate_send_arrival,60,S44,1,terminal,120,20001,14,120,0,44,1000,0,12.5796,0,0
44,allocate_send_arrival,60,S44,1,terminal,120,20006,14,120,0,44,1000,0,12.5796,0,0
44,allocate_send_arrival,60,S44,1,terminal,120,20004,14,120,0,44,1000,0,12.5796,0,0
44,allocate_send_arrival,60,S44,1,terminal,120,20000,14,120,0,44,1000,0,12.5796,0,0
44,allocate_send_arrival,60,S44,1,terminal,120,20002,14,120,0,44,1000,0,12.5796,0,0
44,allocate_send_arrival,60,S44,1,terminal,120,20005,14,120,0,44,1000,0,12.5796,0,0
44,allocate_send_arrival,60,S44,1,terminal,120,20003,14,120,0,44,1000,0,12.5796,0,0
44,allocate_send_arrival,7,S45,1,switch,60,20006,14,120,0,44,100.637,0,12.5796,0,0
44,allocate_send_arrival,7,S45,1,switch,60,20005,14,120,0,44,100.637,0,12.5796,0,0
44,allocate_send_arrival,7,S45,1,switch,60,20007,14,120,0,44,100.637,0,12.5796,0,0
44,allocate_send_arrival,7,S45,1,switch,60,20001,14,120,0,44,100.637,0,12.5796,0,0
44,allocate_send_arrival,7,S45,1,switch,60,20003,14,120,0,44,100.637,0,12.5796,0,0
44,allocate_send_arrival,7,S45,1,switch,60,20000,14,120,0,44,100.637,0,12.5796,0,0
44,allocate_send_arrival,7,S45,1,switch,60,20004,14,120,0,44,100.637,0,12.5796,0,0
44,allocate_send_arrival,7,S45,1,switch,60,20002,14,120,0,44,100.637,0,12.5796,0,0
45,stage_arrival,7,S45,1,switch,60,20006,14,120,0,45,100.637,0,0,12.5796,0
45,stage_arrival,60,S44,1,terminal,120,20003,14,120,0,45,1000,0,0,12.5796,0
45,stage_arrival,60,S44,1,terminal,120,20001,14,120,0,45,1000,0,0,12.5796,0
45,stage_arrival,60,S44,1,terminal,120,20005,14,120,0,45,1000,0,0,12.5796,0
45,stage_arrival,7,S45,1,switch,60,20004,14,120,0,45,100.637,0,0,12.5796,0
45,stage_arrival,7,S45,1,switch,60,20005,14,120,0,45,100.637,0,0,12.5796,0
45,stage_arrival,7,S45,1,switch,60,20007,14,120,0,45,100.637,0,0,12.5796,0
45,stage_arrival,7,S45,1,switch,60,20003,14,120,0,45,100.637,0,0,12.5796,0
45,stage_arrival,60,S44,1,terminal,120,20007,14,120,0,45,1000,0,0,12.5796,0
45,stage_arrival,60,S44,1,terminal,120,20006,14,120,0,45,1000,0,0,12.5796,0
45,stage_arrival,60,S44,1,terminal,120,20000,14,120,0,45,1000,0,0,12.5796,0
45,stage_arrival,60,S44,1,terminal,120,20002,14,120,0,45,1000,0,0,12.5796,0
45,stage_arrival,7,S45,1,switch,60,20002,14,120,0,45,100.637,0,0,12.5796,0
45,stage_arrival,7,S45,1,switch,60,20001,14,120,0,45,100.637,0,0,12.5796,0
45,stage_arrival,60,S44,1,terminal,120,20004,14,120,0,45,1000,0,0,12.5796,0
45,stage_arrival,7,S45,1,switch,60,20000,14,120,0,45,100.637,0,0,12.5796,0
45,allocate_send_arrival,7,S45,1,switch,60,20006,14,120,0,45,100.637,0,12.5796,0,0
45,allocate_send_arrival,7,S45,1,switch,60,20004,14,120,0,45,100.637,0,12.5796,0,0
45,allocate_send_arrival,7,S45,1,switch,60,20005,14,120,0,45,100.637,0,12.5796,0,0
45,allocate_send_arrival,7,S45,1,switch,60,20007,14,120,0,45,100.637,0,12.5796,0,0
45,allocate_send_arrival,7,S45,1,switch,60,20003,14,120,0,45,100.637,0,12.5796,0,0
45,allocate_send_arrival,7,S45,1,switch,60,20002,14,120,0,45,100.637,0,12.5796,0,0
45,allocate_send_arrival,7,S45,1,switch,60,20001,14,120,0,45,100.637,0,12.5796,0,0
45,allocate_send_arrival,7,S45,1,switch,60,20000,14,120,0,45,100.637,0,12.5796,0,0
45,allocate_send_arrival,60,S44,1,terminal,120,20003,14,120,0,45,1000,0,12.5796,0,0
45,allocate_send_arrival,60,S44,1,terminal,120,20001,14,120,0,45,1000,0,12.5796,0,0
45,allocate_send_arrival,60,S44,1,terminal,120,20005,14,120,0,45,1000,0,12.5796,0,0
45,allocate_send_arrival,60,S44,1,terminal,120,20007,14,120,0,45,1000,0,12.5796,0,0
45,allocate_send_arrival,60,S44,1,terminal,120,20006,14,120,0,45,1000,0,12.5796,0,0
45,allocate_send_arrival,60,S44,1,terminal,120,20000,14,120,0,45,1000,0,12.5796,0,0
45,allocate_send_arrival,60,S44,1,terminal,120,20002,14,120,0,45,1000,0,12.5796,0,0
45,allocate_send_arrival,60,S44,1,terminal,120,20004,14,120,0,45,1000,0,12.5796,0,0
46,stage_arrival,7,S45,1,switch,60,20002,14,120,0,46,100.637,0,0,12.5796,0
46,stage_arrival,7,S45,1,switch,60,20004,14,120,0,46,100.637,0,0,12.5796,0
46,stage_arrival,60,S44,1,terminal,120,20003,14,120,0,46,1000,0,0,12.5796,0
46,stage_arrival,60,S44,1,terminal,120,20002,14,120,0,46,1000,0,0,12.5796,0
46,stage_arrival,7,S45,1,switch,60,20001,14,120,0,46,100.637,0,0,12.5796,0
46,stage_arrival,60,S44,1,terminal,120,20005,14,120,0,46,1000,0,0,12.5796,0
46,stage_arrival,7,S45,1,switch,60,20005,14,120,0,46,100.637,0,0,12.5796,0
46,stage_arrival,7,S45,1,switch,60,20007,14,120,0,46,100.637,0,0,12.5796,0
46,stage_arrival,7,S45,1,switch,60,20003,14,120,0,46,100.637,0,0,12.5796,0
46,stage_arrival,7,S45,1,switch,60,20000,14,120,0,46,100.637,0,0,12.5796,0
46,stage_arrival,60,S44,1,terminal,120,20001,14,120,0,46,1000,0,0,12.5796,0
46,stage_arrival,60,S44,1,terminal,120,20004,14,120,0,46,1000,0,0,12.5796,0
46,stage_arrival,60,S44,1,terminal,120,20006,14,120,0,46,1000,0,0,12.5796,0
46,stage_arrival,7,S45,1,switch,60,20006,14,120,0,46,100.637,0,0,12.5796,0
46,stage_arrival,60,S44,1,terminal,120,20000,14,120,0,46,1000,0,0,12.5796,0
46,stage_arrival,60,S44,1,terminal,120,20007,14,120,0,46,1000,0,0,12.5796,0
46,allocate_send_arrival,60,S44,1,terminal,120,20003,14,120,0,46,1000,0,12.5796,0,0
46,allocate_send_arrival,60,S44,1,terminal,120,20002,14,120,0,46,1000,0,12.5796,0,0
46,allocate_send_arrival,60,S44,1,terminal,120,20005,14,120,0,46,1000,0,12.5796,0,0
46,allocate_send_arrival,60,S44,1,terminal,120,20001,14,120,0,46,1000,0,12.5796,0,0
46,allocate_send_arrival,60,S44,1,terminal,120,20004,14,120,0,46,1000,0,12.5796,0,0
46,allocate_send_arrival,60,S44,1,terminal,120,20006,14,120,0,46,1000,0,12.5796,0,0
46,allocate_send_arrival,60,S44,1,terminal,120,20000,14,120,0,46,1000,0,12.5796,0,0
46,allocate_send_arrival,60,S44,1,terminal,120,20007,14,120,0,46,1000,0,12.5796,0,0
46,allocate_send_arrival,7,S45,1,switch,60,20002,14,120,0,46,100.637,0,12.5796,0,0
46,allocate_send_arrival,7,S45,1,switch,60,20004,14,120,0,46,100.637,0,12.5796,0,0
46,allocate_send_arrival,7,S45,1,switch,60,20001,14,120,0,46,100.637,0,12.5796,0,0
46,allocate_send_arrival,7,S45,1,switch,60,20005,14,120,0,46,100.637,0,12.5796,0,0
46,allocate_send_arrival,7,S45,1,switch,60,20007,14,120,0,46,100.637,0,12.5796,0,0
46,allocate_send_arrival,7,S45,1,switch,60,20003,14,120,0,46,100.637,0,12.5796,0,0
46,allocate_send_arrival,7,S45,1,switch,60,20000,14,120,0,46,100.637,0,12.5796,0,0
46,allocate_send_arrival,7,S45,1,switch,60,20006,14,120,0,46,100.637,0,12.5796,0,0
47,stage_arrival,7,S45,1,switch,60,20004,14,120,0,47,100.637,0,0,12.5796,0
47,stage_arrival,60,S44,1,terminal,120,20001,14,120,0,47,1000,0,0,12.5796,0
47,stage_arrival,60,S44,1,terminal,120,20002,14,120,0,47,1000,0,0,12.5796,0
47,stage_arrival,7,S45,1,switch,60,20001,14,120,0,47,100.637,0,0,12.5796,0
47,stage_arrival,60,S44,1,terminal,120,20006,14,120,0,47,1000,0,0,12.5796,0
47,stage_arrival,60,S44,1,terminal,120,20000,14,120,0,47,1000,0,0,12.5796,0
47,stage_arrival,60,S44,1,terminal,120,20003,14,120,0,47,1000,0,0,12.5796,0
47,stage_arrival,7,S45,1,switch,60,20002,14,120,0,47,100.637,0,0,12.5796,0
47,stage_arrival,7,S45,1,switch,60,20007,14,120,0,47,100.637,0,0,12.5796,0
47,stage_arrival,7,S45,1,switch,60,20005,14,120,0,47,100.637,0,0,12.5796,0
47,stage_arrival,60,S44,1,terminal,120,20004,14,120,0,47,1000,0,0,12.5796,0
47,stage_arrival,7,S45,1,switch,60,20000,14,120,0,47,100.637,0,0,12.5796,0
47,stage_arrival,60,S44,1,terminal,120,20007,14,120,0,47,1000,0,0,12.5796,0
47,stage_arrival,7,S45,1,switch,60,20003,14,120,0,47,100.637,0,0,12.5796,0
47,stage_arrival,7,S45,1,switch,60,20006,14,120,0,47,100.637,0,0,12.5796,0
47,stage_arrival,60,S44,1,terminal,120,20005,14,120,0,47,1000,0,0,12.5796,0
47,allocate_send_arrival,7,S45,1,switch,60,20004,14,120,0,47,100.637,0,12.5796,0,0
47,allocate_send_arrival,7,S45,1,switch,60,20001,14,120,0,47,100.637,0,12.5796,0,0
47,allocate_send_arrival,7,S45,1,switch,60,20002,14,120,0,47,100.637,0,12.5796,0,0
47,allocate_send_arrival,7,S45,1,switch,60,20007,14,120,0,47,100.637,0,12.5796,0,0
47,allocate_send_arrival,7,S45,1,switch,60,20005,14,120,0,47,100.637,0,12.5796,0,0
47,allocate_send_arrival,7,S45,1,switch,60,20000,14,120,0,47,100.637,0,12.5796,0,0
47,allocate_send_arrival,7,S45,1,switch,60,20003,14,120,0,47,100.637,0,12.5796,0,0
47,allocate_send_arrival,7,S45,1,switch,60,20006,14,120,0,47,100.637,0,12.5796,0,0
47,allocate_send_arrival,60,S44,1,terminal,120,20001,14,120,0,47,1000,0,12.5796,0,0
47,allocate_send_arrival,60,S44,1,terminal,120,20002,14,120,0,47,1000,0,12.5796,0,0
47,allocate_send_arrival,60,S44,1,terminal,120,20006,14,120,0,47,1000,0,12.5796,0,0
47,allocate_send_arrival,60,S44,1,terminal,120,20000,14,120,0,47,1000,0,12.5796,0,0
47,allocate_send_arrival,60,S44,1,terminal,120,20003,14,120,0,47,1000,0,12.5796,0,0
47,allocate_send_arrival,60,S44,1,terminal,120,20004,14,120,0,47,1000,0,12.5796,0,0
47,allocate_send_arrival,60,S44,1,terminal,120,20007,14,120,0,47,1000,0,12.5796,0,0
47,allocate_send_arrival,60,S44,1,terminal,120,20005,14,120,0,47,1000,0,12.5796,0,0
48,stage_arrival,60,S44,1,terminal,120,20002,14,120,0,48,1000,0,0,12.5796,0
48,stage_arrival,7,S45,1,switch,60,20006,14,120,0,48,100.637,0,0,12.5796,0
48,stage_arrival,60,S44,1,terminal,120,20001,14,120,0,48,1000,0,0,12.5796,0
48,stage_arrival,7,S45,1,switch,60,20004,14,120,0,48,100.637,0,0,12.5796,0
48,stage_arrival,7,S45,1,switch,60,20005,14,120,0,48,100.637,0,0,12.5796,0
48,stage_arrival,7,S45,1,switch,60,20000,14,120,0,48,100.637,0,0,12.5796,0
48,stage_arrival,60,S44,1,terminal,120,20006,14,120,0,48,1000,0,0,12.5796,0
48,stage_arrival,60,S44,1,terminal,120,20004,14,120,0,48,1000,0,0,12.5796,0
48,stage_arrival,7,S45,1,switch,60,20002,14,120,0,48,100.637,0,0,12.5796,0
48,stage_arrival,7,S45,1,switch,60,20003,14,120,0,48,100.637,0,0,12.5796,0
48,stage_arrival,60,S44,1,terminal,120,20003,14,120,0,48,1000,0,0,12.5796,0
48,stage_arrival,60,S44,1,terminal,120,20005,14,120,0,48,1000,0,0,12.5796,0
48,stage_arrival,60,S44,1,terminal,120,20000,14,120,0,48,1000,0,0,12.5796,0
48,stage_arrival,7,S45,1,switch,60,20007,14,120,0,48,100.637,0,0,12.5796,0
48,stage_arrival,60,S44,1,terminal,120,20007,14,120,0,48,1000,0,0,12.5796,0
48,stage_arrival,7,S45,1,switch,60,20001,14,120,0,48,100.637,0,0,12.5796,0
48,allocate_send_arrival,7,S45,1,switch,60,20006,14,120,0,48,100.637,0,12.5796,0,0
48,allocate_send_arrival,7,S45,1,switch,60,20004,14,120,0,48,100.637,0,12.5796,0,0
48,allocate_send_arrival,7,S45,1,switch,60,20005,14,120,0,48,100.637,0,12.5796,0,0
48,allocate_send_arrival,7,S45,1,switch,60,20000,14,120,0,48,100.637,0,12.5796,0,0
48,allocate_send_arrival,7,S45,1,switch,60,20002,14,120,0,48,100.637,0,12.5796,0,0
48,allocate_send_arrival,7,S45,1,switch,60,20003,14,120,0,48,100.637,0,12.5796,0,0
48,allocate_send_arrival,7,S45,1,switch,60,20007,14,120,0,48,100.637,0,12.5796,0,0
48,allocate_send_arrival,7,S45,1,switch,60,20001,14,120,0,48,100.637,0,12.5796,0,0
48,allocate_send_arrival,60,S44,1,terminal,120,20002,14,120,0,48,1000,0,12.5796,0,0
48,allocate_send_arrival,60,S44,1,terminal,120,20001,14,120,0,48,1000,0,12.5796,0,0
48,allocate_send_arrival,60,S44,1,terminal,120,20006,14,120,0,48,1000,0,12.5796,0,0
48,allocate_send_arrival,60,S44,1,terminal,120,20004,14,120,0,48,1000,0,12.5796,0,0
48,allocate_send_arrival,60,S44,1,terminal,120,20003,14,120,0,48,1000,0,12.5796,0,0
48,allocate_send_arrival,60,S44,1,terminal,120,20005,14,120,0,48,1000,0,12.5796,0,0
48,allocate_send_arrival,60,S44,1,terminal,120,20000,14,120,0,48,1000,0,12.5796,0,0
48,allocate_send_arrival,60,S44,1,terminal,120,20007,14,120,0,48,1000,0,12.5796,0,0
49,stage_arrival,60,S44,1,terminal,120,20007,14,120,0,49,1000,0,0,12.5796,0
49,stage_arrival,60,S44,1,terminal,120,20006,14,120,0,49,1000,0,0,12.5796,0
49,stage_arrival,60,S44,1,terminal,120,20001,14,120,0,49,1000,0,0,12.5796,0
49,stage_arrival,7,S45,1,switch,60,20004,14,120,0,49,100.637,0,0,12.5796,0
49,stage_arrival,60,S44,1,terminal,120,20000,14,120,0,49,1000,0,0,12.5796,0
49,stage_arrival,7,S45,1,switch,60,20005,14,120,0,49,100.637,0,0,12.5796,0
49,stage_arrival,7,S45,1,switch,60,20002,14,120,0,49,100.637,0,0,12.5796,0
49,stage_arrival,7,S45,1,switch,60,20007,14,120,0,49,100.637,0,0,12.5796,0
49,stage_arrival,60,S44,1,terminal,120,20005,14,120,0,49,1000,0,0,12.5796,0
49,stage_arrival,60,S44,1,terminal,120,20004,14,120,0,49,1000,0,0,12.5796,0
49,stage_arrival,7,S45,1,switch,60,20001,14,120,0,49,100.637,0,0,12.5796,0
49,stage_arrival,60,S44,1,terminal,120,20003,14,120,0,49,1000,0,0,12.5796,0
49,stage_arrival,7,S45,1,switch,60,20003,14,120,0,49,100.637,0,0,12.5796,0
49,stage_arrival,60,S44,1,terminal,120,20002,14,120,0,49,1000,0,0,12.5796,0
49,stage_arrival,7,S45,1,switch,60,20006,14,120,0,49,100.637,0,0,12.5796,0
49,stage_arrival,7,S45,1,switch,60,20000,14,120,0,49,100.637,0,0,12.5796,0
49,allocate_send_arrival,60,S44,1,terminal,120,20007,14,120,0,49,1000,0,12.5796,0,0
49,allocate_send_arrival,60,S44,1,terminal,120,20006,14,120,0,49,1000,0,12.5796,0,0
49,allocate_send_arrival,60,S44,1,terminal,120,20001,14,120,0,49,1000,0,12.5796,0,0
49,allocate_send_arrival,60,S44,1,terminal,120,20000,14,120,0,49,1000,0,12.5796,0,0
49,allocate_send_arrival,60,S44,1,terminal,120,20005,14,120,0,49,1000,0,12.5796,0,0
49,allocate_send_arrival,60,S44,1,terminal,120,20004,14,120,0,49,1000,0,12.5796,0,0
49,allocate_send_arrival,60,S44,1,terminal,120,20003,14,120,0,49,1000,0,12.5796,0,0
49,allocate_send_arrival,60,S44,1,terminal,120,20002,14,120,0,49,1000,0,12.5796,0,0
49,allocate_send_arrival,7,S45,1,switch,60,20004,14,120,0,49,100.637,0,12.5796,0,0
49,allocate_send_arrival,7,S45,1,switch,60,20005,14,120,0,49,100.637,0,12.5796,0,0
49,allocate_send_arrival,7,S45,1,switch,60,20002,14,120,0,49,100.637,0,12.5796,0,0
49,allocate_send_arrival,7,S45,1,switch,60,20007,14,120,0,49,100.637,0,12.5796,0,0
49,allocate_send_arrival,7,S45,1,switch,60,20001,14,120,0,49,100.637,0,12.5796,0,0
49,allocate_send_arrival,7,S45,1,switch,60,20003,14,120,0,49,100.637,0,12.5796,0,0
49,allocate_send_arrival,7,S45,1,switch,60,20006,14,120,0,49,100.637,0,12.5796,0,0
49,allocate_send_arrival,7,S45,1,switch,60,20000,14,120,0,49,100.637,0,12.5796,0,0
50,stage_arrival,7,S45,1,switch,60,20005,14,120,0,50,100.637,0,0,12.5796,0
50,stage_arrival,60,S44,1,terminal,120,20007,14,120,0,50,1000,0,0,12.5796,0
50,stage_arrival,60,S44,1,terminal,120,20004,14,120,0,50,1000,0,0,12.5796,0
50,stage_arrival,60,S44,1,terminal,120,20005,14,120,0,50,1000,0,0,12.5796,0
50,stage_arrival,7,S45,1,switch,60,20006,14,120,0,50,100.637,0,0,12.5796,0
50,stage_arrival,60,S44,1,terminal,120,20003,14,120,0,50,1000,0,0,12.5796,0
50,stage_arrival,60,S44,1,terminal,120,20002,14,120,0,50,1000,0,0,12.5796,0
50,stage_arrival,60,S44,1,terminal,120,20000,14,120,0,50,1000,0,0,12.5796,0
50,stage_arrival,7,S45,1,switch,60,20000,14,120,0,50,100.637,0,0,12.5796,0
50,stage_arrival,60,S44,1,terminal,120,20001,14,120,0,50,1000,0,0,12.5796,0
50,stage_arrival,60,S44,1,terminal,120,20006,14,120,0,50,1000,0,0,12.5796,0
50,stage_arrival,7,S45,1,switch,60,20001,14,120,0,50,100.637,0,0,12.5796,0
50,stage_arrival,7,S45,1,switch,60,20004,14,120,0,50,100.637,0,0,12.5796,0
50,stage_arrival,7,S45,1,switch,60,20003,14,120,0,50,100.637,0,0,12.5796,0
50,stage_arrival,7,S45,1,switch,60,20002,14,120,0,50,100.637,0,0,12.5796,0
50,stage_arrival,7,S45,1,switch,60,20007,14,120,0,50,100.637,0,0,12.5796,0
50,allocate_send_arrival,60,S44,1,terminal,120,20007,14,120,0,50,1000,0,12.5796,0,0
50,allocate_send_arrival,60,S44,1,terminal,120,20004,14,120,0,50,1000,0,12.5796,0,0
50,allocate_send_arrival,60,S44,1,terminal,120,20005,14,120,0,50,1000,0,12.5796,0,0
50,allocate_send_arrival,60,S44,1,terminal,120,20003,14,120,0,50,1000,0,12.5796,0,0
50,allocate_send_arrival,60,S44,1,terminal,120,20002,14,120,0,50,1000,0,12.5796,0,0
50,allocate_send_arrival,60,S44,1,terminal,120,20000,14,120,0,50,1000,0,12.5796,0,0
50,allocate_send_arrival,60,S44,1,terminal,120,20001,14,120,0,50,1000,0,12.5796,0,0
50,allocate_send_arrival,60,S44,1,terminal,120,20006,14,120,0,50,1000,0,12.5796,0,0
50,allocate_send_arrival,7,S45,1,switch,60,20005,14,120,0,50,100.637,0,12.5796,0,0
50,allocate_send_arrival,7,S45,1,switch,60,20006,14,120,0,50,100.637,0,12.5796,0,0
50,allocate_send_arrival,7,S45,1,switch,60,20000,14,120,0,50,100.637,0,12.5796,0,0
50,allocate_send_arrival,7,S45,1,switch,60,20001,14,120,0,50,100.637,0,12.5796,0,0
50,allocate_send_arrival,7,S45,1,switch,60,20004,14,120,0,50,100.637,0,12.5796,0,0
50,allocate_send_arrival,7,S45,1,switch,60,20003,14,120,0,50,100.637,0,12.5796,0,0
50,allocate_send_arrival,7,S45,1,switch,60,20002,14,120,0,50,100.637,0,12.5796,0,0
50,allocate_send_arrival,7,S45,1,switch,60,20007,14,120,0,50,100.637,0,12.5796,0,0
51,stage_arrival,60,S44,1,terminal,120,20002,14,120,0,51,1000,0,0,12.5796,0
51,stage_arrival,60,S44,1,terminal,120,20005,14,120,0,51,1000,0,0,12.5796,0
51,stage_arrival,7,S45,1,switch,60,20006,14,120,0,51,100.637,0,0,12.5796,0
51,stage_arrival,60,S44,1,terminal,120,20003,14,120,0,51,1000,0,0,12.5796,0
51,stage_arrival,60,S44,1,terminal,120,20006,14,120,0,51,1000,0,0,12.5796,0
51,stage_arrival,7,S45,1,switch,60,20007,14,120,0,51,100.637,0,0,12.5796,0
51,stage_arrival,60,S44,1,terminal,120,20007,14,120,0,51,1000,0,0,12.5796,0
51,stage_arrival,7,S45,1,switch,60,20001,14,120,0,51,100.637,0,0,12.5796,0
51,stage_arrival,7,S45,1,switch,60,20000,14,120,0,51,100.637,0,0,12.5796,0
51,stage_arrival,7,S45,1,switch,60,20005,14,120,0,51,100.637,0,0,12.5796,0
51,stage_arrival,7,S45,1,switch,60,20004,14,120,0,51,100.637,0,0,12.5796,0
51,stage_arrival,60,S44,1,terminal,120,20004,14,120,0,51,1000,0,0,12.5796,0
51,stage_arrival,7,S45,1,switch,60,20003,14,120,0,51,100.637,0,0,12.5796,0
51,stage_arrival,7,S45,1,switch,60,20002,14,120,0,51,100.637,0,0,12.5796,0
51,stage_arrival,60,S44,1,terminal,120,20000,14,120,0,51,1000,0,0,12.5796,0
51,stage_arrival,60,S44,1,terminal,120,20001,14,120,0,51,1000,0,0,12.5796,0
51,allocate_send_arrival,7,S45,1,switch,60,20006,14,120,0,51,100.637,0,12.5796,0,0
51,allocate_send_arrival,7,S45,1,switch,60,20007,14,120,0,51,100.637,0,12.5796,0,0
51,allocate_send_arrival,7,S45,1,switch,60,20001,14,120,0,51,100.637,0,12.5796,0,0
51,allocate_send_arrival,7,S45,1,switch,60,20000,14,120,0,51,100.637,0,12.5796,0,0
51,allocate_send_arrival,7,S45,1,switch,60,20005,14,120,0,51,100.637,0,12.5796,0,0
51,allocate_send_arrival,7,S45,1,switch,60,20004,14,120,0,51,100.637,0,12.5796,0,0
51,allocate_send_arrival,7,S45,1,switch,60,20003,14,120,0,51,100.637,0,12.5796,0,0
51,allocate_send_arrival,7,S45,1,switch,60,20002,14,120,0,51,100.637,0,12.5796,0,0
51,allocate_send_arrival,60,S44,1,terminal,120,20002,14,120,0,51,1000,0,12.5796,0,0
51,allocate_send_arrival,60,S44,1,terminal,120,20005,14,120,0,51,1000,0,12.5796,0,0
51,allocate_send_arrival,60,S44,1,terminal,120,20003,14,120,0,51,1000,0,12.5796,0,0
51,allocate_send_arrival,60,S44,1,terminal,120,20006,14,120,0,51,1000,0,12.5796,0,0
51,allocate_send_arrival,60,S44,1,terminal,120,20007,14,120,0,51,1000,0,12.5796,0,0
51,allocate_send_arrival,60,S44,1,terminal,120,20004,14,120,0,51,1000,0,12.5796,0,0
51,allocate_send_arrival,60,S44,1,terminal,120,20000,14,120,0,51,1000,0,12.5796,0,0
51,allocate_send_arrival,60,S44,1,terminal,120,20001,14,120,0,51,1000,0,12.5796,0,0
52,stage_arrival,60,S44,1,terminal,120,20002,14,120,0,52,1000,0,0,12.5796,0
52,stage_arrival,60,S44,1,terminal,120,20001,14,120,0,52,1000,0,0,12.5796,0
52,stage_arrival,60,S44,1,terminal,120,20005,14,120,0,52,1000,0,0,12.5796,0
52,stage_arrival,60,S44,1,terminal,120,20004,14,120,0,52,1000,0,0,12.5796,0
52,stage_arrival,7,S45,1,switch,60,20000,14,120,0,52,100.637,0,0,12.5796,0
52,stage_arrival,7,S45,1,switch,60,20001,14,120,0,52,100.637,0,0,12.5796,0
52,stage_arrival,7,S45,1,switch,60,20003,14,120,0,52,100.637,0,0,12.5796,0
52,stage_arrival,60,S44,1,terminal,120,20000,14,120,0,52,1000,0,0,12.5796,0
52,stage_arrival,7,S45,1,switch,60,20005,14,120,0,52,100.637,0,0,12.5796,0
52,stage_arrival,7,S45,1,switch,60,20004,14,120,0,52,100.637,0,0,12.5796,0
52,stage_arrival,7,S45,1,switch,60,20002,14,120,0,52,100.637,0,0,12.5796,0
52,stage_arrival,60,S44,1,terminal,120,20007,14,120,0,52,1000,0,0,12.5796,0
52,stage_arrival,7,S45,1,switch,60,20006,14,120,0,52,100.637,0,0,12.5796,0
52,stage_arrival,7,S45,1,switch,60,20007,14,120,0,52,100.637,0,0,12.5796,0
52,stage_arrival,60,S44,1,terminal,120,20006,14,120,0,52,1000,0,0,12.5796,0
52,stage_arrival,60,S44,1,terminal,120,20003,14,120,0,52,1000,0,0,12.5796,0
52,allocate_send_arrival,60,S44,1,terminal,120,20002,14,120,0,52,1000,0,12.5796,0,0
52,allocate_send_arrival,60,S44,1,terminal,120,20001,14,120,0,52,1000,0,12.5796,0,0
52,allocate_send_arrival,60,S44,1,terminal,120,20005,14,120,0,52,1000,0,12.5796,0,0
52,allocate_send_arrival,60,S44,1,terminal,120,20004,14,120,0,52,1000,0,12.5796,0,0
52,allocate_send_arrival,60,S44,1,terminal,120,20000,14,120,0,52,1000,0,12.5796,0,0
52,allocate_send_arrival,60,S44,1,terminal,120,20007,14,120,0,52,1000,0,12.5796,0,0
52,allocate_send_arrival,60,S44,1,terminal,120,20006,14,120,0,52,1000,0,12.5796,0,0
52,allocate_send_arrival,60,S44,1,terminal,120,20003,14,120,0,52,1000,0,12.5796,0,0
52,allocate_send_arrival,7,S45,1,switch,60,20000,14,120,0,52,100.637,0,12.5796,0,0
52,allocate_send_arrival,7,S45,1,switch,60,20001,14,120,0,52,100.637,0,12.5796,0,0
52,allocate_send_arrival,7,S45,1,switch,60,20003,14,120,0,52,100.637,0,12.5796,0,0
52,allocate_send_arrival,7,S45,1,switch,60,20005,14,120,0,52,100.637,0,12.5796,0,0
52,allocate_send_arrival,7,S45,1,switch,60,20004,14,120,0,52,100.637,0,12.5796,0,0
52,allocate_send_arrival,7,S45,1,switch,60,20002,14,120,0,52,100.637,0,12.5796,0,0
52,allocate_send_arrival,7,S45,1,switch,60,20006,14,120,0,52,100.637,0,12.5796,0,0
52,allocate_send_arrival,7,S45,1,switch,60,20007,14,120,0,52,100.637,0,12.5796,0,0
53,stage_arrival,60,S44,1,terminal,120,20006,14,120,0,53,1000,0,0,12.5796,0
53,stage_arrival,7,S45,1,switch,60,20003,14,120,0,53,100.637,0,0,12.5796,0
53,stage_arrival,7,S45,1,switch,60,20000,14,120,0,53,100.637,0,0,12.5796,0
53,stage_arrival,7,S45,1,switch,60,20007,14,120,0,53,100.637,0,0,12.5796,0
53,stage_arrival,60,S44,1,terminal,120,20007,14,120,0,53,1000,0,0,12.5796,0
53,stage_arrival,60,S44,1,terminal,120,20000,14,120,0,53,1000,0,0,12.5796,0
53,stage_arrival,7,S45,1,switch,60,20005,14,120,0,53,100.637,0,0,12.5796,0
53,stage_arrival,7,S45,1,switch,60,20002,14,120,0,53,100.637,0,0,12.5796,0
53,stage_arrival,60,S44,1,terminal,120,20001,14,120,0,53,1000,0,0,12.5796,0
53,stage_arrival,7,S45,1,switch,60,20001,14,120,0,53,100.637,0,0,12.5796,0
53,stage_arrival,60,S44,1,terminal,120,20005,14,120,0,53,1000,0,0,12.5796,0
53,stage_arrival,60,S44,1,terminal,120,20002,14,120,0,53,1000,0,0,12.5796,0
53,stage_arrival,7,S45,1,switch,60,20004,14,120,0,53,100.637,0,0,12.5796,0
53,stage_arrival,60,S44,1,terminal,120,20004,14,120,0,53,1000,0,0,12.5796,0
53,stage_arrival,7,S45,1,switch,60,20006,14,120,0,53,100.637,0,0,12.5796,0
53,stage_arrival,60,S44,1,terminal,120,20003,14,120,0,53,1000,0,0,12.5796,0
53,allocate_send_arrival,7,S45,1,switch,60,20003,14,120,0,53,100.637,0,12.5796,0,0
53,allocate_send_arrival,7,S45,1,switch,60,20000,14,120,0,53,100.637,0,12.5796,0,0
53,allocate_send_arrival,7,S45,1,switch,60,20007,14,120,0,53,100.637,0,12.5796,0,0
53,allocate_send_arrival,7,S45,1,switch,60,20005,14,120,0,53,100.637,0,12.5796,0,0
53,allocate_send_arrival,7,S45,1,switch,60,20002,14,120,0,53,100.637,0,12.5796,0,0
53,allocate_send_arrival,7,S45,1,switch,60,20001,14,120,0,53,100.637,0,12.5796,0,0
53,allocate_send_arrival,7,S45,1,switch,60,20004,14,120,0,53,100.637,0,12.5796,0,0
53,allocate_send_arrival,7,S45,1,switch,60,20006,14,120,0,53,100.637,0,12.5796,0,0
53,allocate_send_arrival,60,S44,1,terminal,120,20006,14,120,0,53,1000,0,12.5796,0,0
53,allocate_send_arrival,60,S44,1,terminal,120,20007,14,120,0,53,1000,0,12.5796,0,0
53,allocate_send_arrival,60,S44,1,terminal,120,20000,14,120,0,53,1000,0,12.5796,0,0
53,allocate_send_arrival,60,S44,1,terminal,120,20001,14,120,0,53,1000,0,12.5796,0,0
53,allocate_send_arrival,60,S44,1,terminal,120,20005,14,120,0,53,1000,0,12.5796,0,0
53,allocate_send_arrival,60,S44,1,terminal,120,20002,14,120,0,53,1000,0,12.5796,0,0
53,allocate_send_arrival,60,S44,1,terminal,120,20004,14,120,0,53,1000,0,12.5796,0,0
53,allocate_send_arrival,60,S44,1,terminal,120,20003,14,120,0,53,1000,0,12.5796,0,0
54,stage_arrival,7,S45,1,switch,60,20005,14,120,0,54,100.637,0,0,12.5796,0
54,stage_arrival,7,S45,1,switch,60,20006,14,120,0,54,100.637,0,0,12.5796,0
54,stage_arrival,7,S45,1,switch,60,20007,14,120,0,54,100.637,0,0,12.5796,0
54,stage_arrival,7,S45,1,switch,60,20001,14,120,0,54,100.637,0,0,12.5796,0
54,stage_arrival,7,S45,1,switch,60,20002,14,120,0,54,100.637,0,0,12.5796,0
54,stage_arrival,60,S44,1,terminal,120,20003,14,120,0,54,1000,0,0,12.5796,0
54,stage_arrival,60,S44,1,terminal,120,20007,14,120,0,54,1000,0,0,12.5796,0
54,stage_arrival,60,S44,1,terminal,120,20004,14,120,0,54,1000,0,0,12.5796,0
54,stage_arrival,60,S44,1,terminal,120,20001,14,120,0,54,1000,0,0,12.5796,0
54,stage_arrival,7,S45,1,switch,60,20004,14,120,0,54,100.637,0,0,12.5796,0
54,stage_arrival,60,S44,1,terminal,120,20000,14,120,0,54,1000,0,0,12.5796,0
54,stage_arrival,60,S44,1,terminal,120,20005,14,120,0,54,1000,0,0,12.5796,0
54,stage_arrival,7,S45,1,switch,60,20003,14,120,0,54,100.637,0,0,12.5796,0
54,stage_arrival,60,S44,1,terminal,120,20006,14,120,0,54,1000,0,0,12.5796,0
54,stage_arrival,60,S44,1,terminal,120,20002,14,120,0,54,1000,0,0,12.5796,0
54,stage_arrival,7,S45,1,switch,60,20000,14,120,0,54,100.637,0,0,12.5796,0
54,allocate_send_arrival,60,S44,1,terminal,120,20003,14,120,0,54,1000,0,12.5796,0,0
54,allocate_send_arrival,60,S44,1,terminal,120,20007,14,120,0,54,1000,0,12.5796,0,0
54,allocate_send_arrival,60,S44,1,terminal,120,20004,14,120,0,54,1000,0,12.5796,0,0
54,allocate_send_arrival,60,S44,1,terminal,120,20001,14,120,0,54,1000,0,12.5796,0,0
54,allocate_send_arrival,60,S44,1,terminal,120,20000,14,120,0,54,1000,0,12.5796,0,0
54,allocate_send_arrival,60,S44,1,terminal,120,20005,14,120,0,54,1000,0,12.5796,0,0
54,allocate_send_arrival,60,S44,1,terminal,120,20006,14,120,0,54,1000,0,12.5796,0,0
54,allocate_send_arrival,60,S44,1,terminal,120,20002,14,120,0,54,1000,0,12.5796,0,0
54,allocate_send_arrival,7,S45,1,switch,60,20005,14,120,0,54,100.637,0,12.5796,0,0
54,allocate_send_arrival,7,S45,1,switch,60,20006,14,120,0,54,100.637,0,12.5796,0,0
54,allocate_send_arrival,7,S45,1,switch,60,20007,14,120,0,54,100.637,0,12.5796,0,0
54,allocate_send_arrival,7,S45,1,switch,60,20001,14,120,0,54,100.637,0,12.5796,0,0
54,allocate_send_arrival,7,S45,1,switch,60,20002,14,120,0,54,100.637,0,12.5796,0,0
54,allocate_send_arrival,7,S45,1,switch,60,20004,14,120,0,54,100.637,0,12.5796,0,0
54,allocate_send_arrival,7,S45,1,switch,60,20003,14,120,0,54,100.637,0,12.5796,0,0
54,allocate_send_arrival,7,S45,1,switch,60,20000,14,120,0,54,100.637,0,12.5796,0,0
55,stage_arrival,7,S45,1,switch,60,20002,14,120,0,55,100.637,0,0,12.5796,0
55,stage_arrival,60,S44,1,terminal,120,20000,14,120,0,55,1000,0,0,12.5796,0
55,stage_arrival,60,S44,1,terminal,120,20003,14,120,0,55,1000,0,0,12.5796,0
55,stage_arrival,7,S45,1,switch,60,20001,14,120,0,55,100.637,0,0,12.5796,0
55,stage_arrival,7,S45,1,switch,60,20000,14,120,0,55,100.637,0,0,12.5796,0
55,stage_arrival,60,S44,1,terminal,120,20002,14,120,0,55,1000,0,0,12.5796,0
55,stage_arrival,7,S45,1,switch,60,20006,14,120,0,55,100.637,0,0,12.5796,0
55,stage_arrival,60,S44,1,terminal,120,20004,14,120,0,55,1000,0,0,12.5796,0
55,stage_arrival,7,S45,1,switch,60,20005,14,120,0,55,100.637,0,0,12.5796,0
55,stage_arrival,60,S44,1,terminal,120,20007,14,120,0,55,1000,0,0,12.5796,0
55,stage_arrival,60,S44,1,terminal,120,20001,14,120,0,55,1000,0,0,12.5796,0
55,stage_arrival,7,S45,1,switch,60,20007,14,120,0,55,100.637,0,0,12.5796,0
55,stage_arrival,7,S45,1,switch,60,20003,14,120,0,55,100.637,0,0,12.5796,0
55,stage_arrival,7,S45,1,switch,60,20004,14,120,0,55,100.637,0,0,12.5796,0
55,stage_arrival,60,S44,1,terminal,120,20005,14,120,0,55,1000,0,0,12.5796,0
55,stage_arrival,60,S44,1,terminal,120,20006,14,120,0,55,1000,0,0,12.5796,0
55,allocate_send_arrival,7,S45,1,switch,60,20002,14,120,0,55,100.637,0,12.5796,0,0
55,allocate_send_arrival,7,S45,1,switch,60,20001,14,120,0,55,100.637,0,12.5796,0,0
55,allocate_send_arrival,7,S45,1,switch,60,20000,14,120,0,55,100.637,0,12.5796,0,0
55,allocate_send_arrival,7,S45,1,switch,60,20006,14,120,0,55,100.637,0,12.5796,0,0
55,allocate_send_arrival,7,S45,1,switch,60,20005,14,120,0,55,100.637,0,12.5796,0,0
55,allocate_send_arrival,7,S45,1,switch,60,20007,14,120,0,55,100.637,0,12.5796,0,0
55,allocate_send_arrival,7,S45,1,switch,60,20003,14,120,0,55,100.637,0,12.5796,0,0
55,allocate_send_arrival,7,S45,1,switch,60,20004,14,120,0,55,100.637,0,12.5796,0,0
55,allocate_send_arrival,60,S44,1,terminal,120,20000,14,120,0,55,1000,0,12.5796,0,0
55,allocate_send_arrival,60,S44,1,terminal,120,20003,14,120,0,55,1000,0,12.5796,0,0
55,allocate_send_arrival,60,S44,1,terminal,120,20002,14,120,0,55,1000,0,12.5796,0,0
55,allocate_send_arrival,60,S44,1,terminal,120,20004,14,120,0,55,1000,0,12.5796,0,0
55,allocate_send_arrival,60,S44,1,terminal,120,20007,14,120,0,55,1000,0,12.5796,0,0
55,allocate_send_arrival,60,S44,1,terminal,120,20001,14,120,0,55,1000,0,12.5796,0,0
55,allocate_send_arrival,60,S44,1,terminal,120,20005,14,120,0,55,1000,0,12.5796,0,0
55,allocate_send_arrival,60,S44,1,terminal,120,20006,14,120,0,55,1000,0,12.5796,0,0
56,stage_arrival,60,S44,1,terminal,120,20007,14,120,0,56,1000,0,0,12.5796,0
56,stage_arrival,60,S44,1,terminal,120,20002,14,120,0,56,1000,0,0,12.5796,0
56,stage_arrival,7,S45,1,switch,60,20002,14,120,0,56,100.637,0,0,12.5796,0
56,stage_arrival,60,S44,1,terminal,120,20003,14,120,0,56,1000,0,0,12.5796,0
56,stage_arrival,60,S44,1,terminal,120,20005,14,120,0,56,1000,0,0,12.5796,0
56,stage_arrival,7,S45,1,switch,60,20006,14,120,0,56,100.637,0,0,12.5796,0
56,stage_arrival,7,S45,1,switch,60,20003,14,120,0,56,100.637,0,0,12.5796,0
56,stage_arrival,7,S45,1,switch,60,20004,14,120,0,56,100.637,0,0,12.5796,0
56,stage_arrival,7,S45,1,switch,60,20007,14,120,0,56,100.637,0,0,12.5796,0
56,stage_arrival,7,S45,1,switch,60,20000,14,120,0,56,100.637,0,0,12.5796,0
56,stage_arrival,60,S44,1,terminal,120,20004,14,120,0,56,1000,0,0,12.5796,0
56,stage_arrival,60,S44,1,terminal,120,20001,14,120,0,56,1000,0,0,12.5796,0
56,stage_arrival,60,S44,1,terminal,120,20006,14,120,0,56,1000,0,0,12.5796,0
56,stage_arrival,7,S45,1,switch,60,20001,14,120,0,56,100.637,0,0,12.5796,0
56,stage_arrival,7,S45,1,switch,60,20005,14,120,0,56,100.637,0,0,12.5796,0
56,stage_arrival,60,S44,1,terminal,120,20000,14,120,0,56,1000,0,0,12.5796,0
56,allocate_send_arrival,60,S44,1,terminal,120,20007,14,120,0,56,1000,0,12.5796,0,0
56,allocate_send_arrival,60,S44,1,terminal,120,20002,14,120,0,56,1000,0,12.5796,0,0
56,allocate_send_arrival,60,S44,1,terminal,120,20003,14,120,0,56,1000,0,12.5796,0,0
56,allocate_send_arrival,60,S44,1,terminal,120,20005,14,120,0,56,1000,0,12.5796,0,0
56,allocate_send_arrival,60,S44,1,terminal,120,20004,14,120,0,56,1000,0,12.5796,0,0
56,allocate_send_arrival,60,S44,1,terminal,120,20001,14,120,0,56,1000,0,12.5796,0,0
56,allocate_send_arrival,60,S44,1,terminal,120,20006,14,120,0,56,1000,0,12.5796,0,0
56,allocate_send_arrival,60,S44,1,terminal,120,20000,14,120,0,56,1000,0,12.5796,0,0
56,allocate_send_arrival,7,S45,1,switch,60,20002,14,120,0,56,100.637,0,12.5796,0,0
56,allocate_send_arrival,7,S45,1,switch,60,20006,14,120,0,56,100.637,0,12.5796,0,0
56,allocate_send_arrival,7,S45,1,switch,60,20003,14,120,0,56,100.637,0,12.5796,0,0
56,allocate_send_arrival,7,S45,1,switch,60,20004,14,120,0,56,100.637,0,12.5796,0,0
56,allocate_send_arrival,7,S45,1,switch,60,20007,14,120,0,56,100.637,0,12.5796,0,0
56,allocate_send_arrival,7,S45,1,switch,60,20000,14,120,0,56,100.637,0,12.5796,0,0
56,allocate_send_arrival,7,S45,1,switch,60,20001,14,120,0,56,100.637,0,12.5796,0,0
56,allocate_send_arrival,7,S45,1,switch,60,20005,14,120,0,56,100.637,0,12.5796,0,0
57,stage_arrival,60,S44,1,terminal,120,20007,14,120,0,57,1000,0,0,12.5796,0
57,stage_arrival,60,S44,1,terminal,120,20003,14,120,0,57,1000,0,0,12.5796,0
57,stage_arrival,7,S45,1,switch,60,20005,14,120,0,57,100.637,0,0,12.5796,0
57,stage_arrival,7,S45,1,switch,60,20004,14,120,0,57,100.637,0,0,12.5796,0
57,stage_arrival,60,S44,1,terminal,120,20005,14,120,0,57,1000,0,0,12.5796,0
57,stage_arrival,60,S44,1,terminal,120,20000,14,120,0,57,1000,0,0,12.5796,0
57,stage_arrival,60,S44,1,terminal,120,20001,14,120,0,57,1000,0,0,12.5796,0
57,stage_arrival,7,S45,1,switch,60,20002,14,120,0,57,100.637,0,0,12.5796,0
57,stage_arrival,7,S45,1,switch,60,20000,14,120,0,57,100.637,0,0,12.5796,0
57,stage_arrival,60,S44,1,terminal,120,20002,14,120,0,57,1000,0,0,12.5796,0
57,stage_arrival,60,S44,1,terminal,120,20006,14,120,0,57,1000,0,0,12.5796,0
57,stage_arrival,7,S45,1,switch,60,20001,14,120,0,57,100.637,0,0,12.5796,0
57,stage_arrival,7,S45,1,switch,60,20006,14,120,0,57,100.637,0,0,12.5796,0
57,stage_arrival,60,S44,1,terminal,120,20004,14,120,0,57,1000,0,0,12.5796,0
57,stage_arrival,7,S45,1,switch,60,20007,14,120,0,57,100.637,0,0,12.5796,0
57,stage_arrival,7,S45,1,switch,60,20003,14,120,0,57,100.637,0,0,12.5796,0
57,allocate_send_arrival,7,S45,1,switch,60,20005,14,120,0,57,100.637,0,12.5796,0,0
57,allocate_send_arrival,7,S45,1,switch,60,20004,14,120,0,57,100.637,0,12.5796,0,0
57,allocate_send_arrival,7,S45,1,switch,60,20002,14,120,0,57,100.637,0,12.5796,0,0
57,allocate_send_arrival,7,S45,1,switch,60,20000,14,120,0,57,100.637,0,12.5796,0,0
57,allocate_send_arrival,7,S45,1,switch,60,20001,14,120,0,57,100.637,0,12.5796,0,0
57,allocate_send_arrival,7,S45,1,switch,60,20006,14,120,0,57,100.637,0,12.5796,0,0
57,allocate_send_arrival,7,S45,1,switch,60,20007,14,120,0,57,100.637,0,12.5796,0,0
57,allocate_send_arrival,7,S45,1,switch,60,20003,14,120,0,57,100.637,0,12.5796,0,0
57,allocate_send_arrival,60,S44,1,terminal,120,20007,14,120,0,57,1000,0,12.5796,0,0
57,allocate_send_arrival,60,S44,1,terminal,120,20003,14,120,0,57,1000,0,12.5796,0,0
57,allocate_send_arrival,60,S44,1,terminal,120,20005,14,120,0,57,1000,0,12.5796,0,0
57,allocate_send_arrival,60,S44,1,terminal,120,20000,14,120,0,57,1000,0,12.5796,0,0
57,allocate_send_arrival,60,S44,1,terminal,120,20001,14,120,0,57,1000,0,12.5796,0,0
57,allocate_send_arrival,60,S44,1,terminal,120,20002,14,120,0,57,1000,0,12.5796,0,0
57,allocate_send_arrival,60,S44,1,terminal,120,20006,14,120,0,57,1000,0,12.5796,0,0
57,allocate_send_arrival,60,S44,1,terminal,120,20004,14,120,0,57,1000,0,12.5796,0,0
58,stage_arrival,7,S45,1,switch,60,20007,14,120,0,58,100.637,0,0,12.5796,0
58,stage_arrival,7,S45,1,switch,60,20002,14,120,0,58,100.637,0,0,12.5796,0
58,stage_arrival,60,S44,1,terminal,120,20001,14,120,0,58,1000,0,0,12.5796,0
58,stage_arrival,7,S45,1,switch,60,20003,14,120,0,58,100.637,0,0,12.5796,0
58,stage_arrival,60,S44,1,terminal,120,20007,14,120,0,58,1000,0,0,12.5796,0
58,stage_arrival,7,S45,1,switch,60,20001,14,120,0,58,100.637,0,0,12.5796,0
58,stage_arrival,60,S44,1,terminal,120,20005,14,120,0,58,1000,0,0,12.5796,0
58,stage_arrival,7,S45,1,switch,60,20006,14,120,0,58,100.637,0,0,12.5796,0
58,stage_arrival,7,S45,1,switch,60,20000,14,120,0,58,100.637,0,0,12.5796,0
58,stage_arrival,7,S45,1,switch,60,20005,14,120,0,58,100.637,0,0,12.5796,0
58,stage_arrival,60,S44,1,terminal,120,20003,14,120,0,58,1000,0,0,12.5796,0
58,stage_arrival,7,S45,1,switch,60,20004,14,120,0,58,100.637,0,0,12.5796,0
58,stage_arrival,60,S44,1,terminal,120,20000,14,120,0,58,1000,0,0,12.5796,0
58,stage_arrival,60,S44,1,terminal,120,20006,14,120,0,58,1000,0,0,12.5796,0
58,stage_arrival,60,S44,1,terminal,120,20002,14,120,0,58,1000,0,0,12.5796,0
58,stage_arrival,60,S44,1,terminal,120,20004,14,120,0,58,1000,0,0,12.5796,0
58,allocate_send_arrival,60,S44,1,terminal,120,20001,14,120,0,58,1000,0,12.5796,0,0
58,allocate_send_arrival,60,S44,1,terminal,120,20007,14,120,0,58,1000,0,12.5796,0,0
58,allocate_send_arrival,60,S44,1,terminal,120,20005,14,120,0,58,1000,0,12.5796,0,0
58,allocate_send_arrival,60,S44,1,terminal,120,20003,14,120,0,58,1000,0,12.5796,0,0
58,allocate_send_arrival,60,S44,1,terminal,120,20000,14,120,0,58,1000,0,12.5796,0,0
58,allocate_send_arrival,60,S44,1,terminal,120,20006,14,120,0,58,1000,0,12.5796,0,0
58,allocate_send_arrival,60,S44,1,terminal,120,20002,14,120,0,58,1000,0,12.5796,0,0
58,allocate_send_arrival,60,S44,1,terminal,120,20004,14,120,0,58,1000,0,12.5796,0,0
58,allocate_send_arrival,7,S45,1,switch,60,20007,14,120,0,58,100.637,0,12.5796,0,0
58,allocate_send_arrival,7,S45,1,switch,60,20002,14,120,0,58,100.637,0,12.5796,0,0
58,allocate_send_arrival,7,S45,1,switch,60,20003,14,120,0,58,100.637,0,12.5796,0,0
58,allocate_send_arrival,7,S45,1,switch,60,20001,14,120,0,58,100.637,0,12.5796,0,0
58,allocate_send_arrival,7,S45,1,switch,60,20006,14,120,0,58,100.637,0,12.5796,0,0
58,allocate_send_arrival,7,S45,1,switch,60,20000,14,120,0,58,100.637,0,12.5796,0,0
58,allocate_send_arrival,7,S45,1,switch,60,20005,14,120,0,58,100.637,0,12.5796,0,0
58,allocate_send_arrival,7,S45,1,switch,60,20004,14,120,0,58,100.637,0,12.5796,0,0
59,stage_arrival,60,S44,1,terminal,120,20000,14,120,0,59,1000,0,0,12.5796,0
59,stage_arrival,60,S44,1,terminal,120,20002,14,120,0,59,1000,0,0,12.5796,0
59,stage_arrival,7,S45,1,switch,60,20002,14,120,0,59,100.637,0,0,12.5796,0
59,stage_arrival,7,S45,1,switch,60,20007,14,120,0,59,100.637,0,0,12.5796,0
59,stage_arrival,60,S44,1,terminal,120,20004,14,120,0,59,1000,0,0,12.5796,0
59,stage_arrival,7,S45,1,switch,60,20001,14,120,0,59,100.637,0,0,12.5796,0
59,stage_arrival,7,S45,1,switch,60,20000,14,120,0,59,100.637,0,0,12.5796,0
59,stage_arrival,7,S45,1,switch,60,20004,14,120,0,59,100.637,0,0,12.5796,0
59,stage_arrival,60,S44,1,terminal,120,20001,14,120,0,59,1000,0,0,12.5796,0
59,stage_arrival,60,S44,1,terminal,120,20006,14,120,0,59,1000,0,0,12.5796,0
59,stage_arrival,60,S44,1,terminal,120,20005,14,120,0,59,1000,0,0,12.5796,0
59,stage_arrival,7,S45,1,switch,60,20005,14,120,0,59,100.637,0,0,12.5796,0
59,stage_arrival,60,S44,1,terminal,120,20003,14,120,0,59,1000,0,0,12.5796,0
59,stage_arrival,60,S44,1,terminal,120,20007,14,120,0,59,1000,0,0,12.5796,0
59,stage_arrival,7,S45,1,switch,60,20006,14,120,0,59,100.637,0,0,12.5796,0
59,stage_arrival,7,S45,1,switch,60,20003,14,120,0,59,100.637,0,0,12.5796,0
59,allocate_send_arrival,60,S44,1,terminal,120,20000,14,120,0,59,1000,0,12.5796,0,0
59,allocate_send_arrival,60,S44,1,terminal,120,20002,14,120,0,59,1000,0,12.5796,0,0
59,allocate_send_arrival,60,S44,1,terminal,120,20004,14,120,0,59,1000,0,12.5796,0,0
59,allocate_send_arrival,60,S44,1,terminal,120,20001,14,120,0,59,1000,0,12.5796,0,0
59,allocate_send_arrival,60,S44,1,terminal,120,20006,14,120,0,59,1000,0,12.5796,0,0
59,allocate_send_arrival,60,S44,1,terminal,120,20005,14,120,0,59,1000,0,12.5796,0,0
59,allocate_send_arrival,60,S44,1,terminal,120,20003,14,120,0,59,1000,0,12.5796,0,0
59,allocate_send_arrival,60,S44,1,terminal,120,20007,14,120,0,59,1000,0,12.5796,0,0
59,allocate_send_arrival,7,S45,1,switch,60,20002,14,120,0,59,100.637,0,12.5796,0,0
59,allocate_send_arrival,7,S45,1,switch,60,20007,14,120,0,59,100.637,0,12.5796,0,0
59,allocate_send_arrival,7,S45,1,switch,60,20001,14,120,0,59,100.637,0,12.5796,0,0
59,allocate_send_arrival,7,S45,1,switch,60,20000,14,120,0,59,100.637,0,12.5796,0,0
59,allocate_send_arrival,7,S45,1,switch,60,20004,14,120,0,59,100.637,0,12.5796,0,0
59,allocate_send_arrival,7,S45,1,switch,60,20005,14,120,0,59,100.637,0,12.5796,0,0
59,allocate_send_arrival,7,S45,1,switch,60,20006,14,120,0,59,100.637,0,12.5796,0,0
59,allocate_send_arrival,7,S45,1,switch,60,20003,14,120,0,59,100.637,0,12.5796,0,0
60,stage_arrival,60,S44,1,terminal,120,20005,14,120,0,60,1000,0,0,12.5796,0
60,stage_arrival,60,S44,1,terminal,120,20001,14,120,0,60,1000,0,0,12.5796,0
60,stage_arrival,60,S44,1,terminal,120,20000,14,120,0,60,1000,0,0,12.5796,0
60,stage_arrival,60,S44,1,terminal,120,20007,14,120,0,60,1000,0,0,12.5796,0
60,stage_arrival,60,S44,1,terminal,120,20006,14,120,0,60,1000,0,0,12.5796,0
60,stage_arrival,7,S45,1,switch,60,20006,14,120,0,60,100.637,0,0,12.5796,0
60,stage_arrival,7,S45,1,switch,60,20000,14,120,0,60,100.637,0,0,12.5796,0
60,stage_arrival,7,S45,1,switch,60,20007,14,120,0,60,100.637,0,0,12.5796,0
60,stage_arrival,60,S44,1,terminal,120,20003,14,120,0,60,1000,0,0,12.5796,0
60,stage_arrival,7,S45,1,switch,60,20001,14,120,0,60,100.637,0,0,12.5796,0
60,stage_arrival,7,S45,1,switch,60,20005,14,120,0,60,100.637,0,0,12.5796,0
60,stage_arrival,60,S44,1,terminal,120,20004,14,120,0,60,1000,0,0,12.5796,0
60,stage_arrival,7,S45,1,switch,60,20004,14,120,0,60,100.637,0,0,12.5796,0
60,stage_arrival,7,S45,1,switch,60,20003,14,120,0,60,100.637,0,0,12.5796,0
60,stage_arrival,60,S44,1,terminal,120,20002,14,120,0,60,1000,0,0,12.5796,0
60,stage_arrival,7,S45,1,switch,60,20002,14,120,0,60,100.637,0,0,12.5796,0
